#ifndef ANIMATION_METEOR_RAIN_H
#define ANIMATION_METEOR_RAIN_H

#include <pgmspace.h>

#define METEOR_RAIN_FRAMES 48
#define METEOR_RAIN_WIDTH  64
#define METEOR_RAIN_HEIGHT 64

const uint8_t meteor_rain_frames[][512] PROGMEM = {
  {
    0x00, 0x00, 0x00, 0x00, 0x00, 0x00, 0x00, 0x00, 0x00, 0x00, 0x00, 0x00, 0x00, 0x00, 0x00, 0x00, 
    0x00, 0x00, 0x00, 0x00, 0x00, 0x00, 0x00, 0x00, 0x00, 0x00, 0x00, 0x00, 0x00, 0x00, 0x00, 0x00, 
    0x00, 0x00, 0x00, 0x00, 0x00, 0x00, 0x00, 0x00, 0x00, 0x00, 0x00, 0x00, 0x00, 0x00, 0x00, 0x00, 
    0x00, 0x00, 0x00, 0x00, 0x00, 0x00, 0x10, 0x00, 0x00, 0x00, 0x00, 0x00, 0x00, 0x00, 0x38, 0x00, 
    0x00, 0x00, 0x00, 0x00, 0x00, 0x00, 0x78, 0x00, 0x00, 0x00, 0x00, 0x00, 0x00, 0x07, 0xF8, 0x00, 
    0x00, 0x00, 0x00, 0x00, 0x00, 0x0F, 0xCC, 0x00, 0x00, 0x00, 0x00, 0x00, 0x00, 0x0F, 0x8F, 0x80, 
    0x00, 0x00, 0x00, 0x00, 0x00, 0x06, 0x03, 0xC0, 0x00, 0x00, 0x00, 0x00, 0x00, 0x03, 0x03, 0x80, 
    0x00, 0x00, 0x00, 0x00, 0x00, 0x03, 0x07, 0x00, 0x00, 0x00, 0x00, 0x00, 0x00, 0x03, 0x0E, 0x00, 
    0x00, 0x02, 0x00, 0x00, 0x00, 0x07, 0xEE, 0x00, 0x00, 0x07, 0x00, 0x02, 0x00, 0x07, 0xFE, 0x00, 
    0x00, 0x0F, 0x00, 0x06, 0x00, 0x07, 0x1E, 0x00, 0x00, 0x1F, 0x80, 0x00, 0x00, 0x00, 0x0C, 0x00, 
    0x03, 0xF9, 0x80, 0x00, 0x00, 0x00, 0x00, 0x00, 0x03, 0xF1, 0xE0, 0x00, 0x00, 0x00, 0x00, 0x00, 
    0x01, 0xC0, 0xF8, 0x00, 0x00, 0x00, 0x00, 0x00, 0x00, 0xC0, 0x38, 0x00, 0x00, 0x00, 0x00, 0x00, 
    0x00, 0xE0, 0xF0, 0x00, 0x00, 0x00, 0x00, 0x00, 0x00, 0xE0, 0xE0, 0x00, 0x00, 0x00, 0x00, 0x00, 
    0x00, 0xC0, 0xC0, 0x00, 0x00, 0x00, 0x00, 0x00, 0x00, 0xFD, 0xC0, 0x00, 0x00, 0x00, 0x00, 0x00, 
    0x01, 0xFF, 0xC0, 0x00, 0x00, 0x00, 0x00, 0x00, 0x01, 0xC3, 0xC0, 0x00, 0x00, 0x06, 0x00, 0x00, 
    0x00, 0x01, 0xC0, 0x00, 0x00, 0x06, 0x00, 0x00, 0x00, 0x00, 0x00, 0x00, 0x00, 0x00, 0x00, 0x00, 
    0x00, 0x00, 0x00, 0x00, 0x00, 0x00, 0x00, 0x00, 0x00, 0x00, 0x00, 0x00, 0x00, 0x00, 0x00, 0x00, 
    0x00, 0x00, 0x00, 0x00, 0x00, 0x00, 0x00, 0x00, 0x00, 0x00, 0x00, 0x00, 0x00, 0x00, 0x00, 0x00, 
    0x00, 0x20, 0x00, 0x00, 0x00, 0x00, 0x00, 0x00, 0x00, 0x20, 0x00, 0x00, 0x00, 0x00, 0x00, 0x00, 
    0x00, 0x00, 0x00, 0x00, 0x00, 0x00, 0x00, 0x00, 0x00, 0x00, 0x80, 0x00, 0x00, 0x00, 0x00, 0x00, 
    0x00, 0x01, 0xC0, 0x00, 0x00, 0x00, 0x00, 0x00, 0x00, 0x03, 0xC0, 0x00, 0x00, 0x00, 0x00, 0x00, 
    0x00, 0x07, 0xC0, 0x00, 0x00, 0x00, 0x00, 0x00, 0x00, 0x06, 0x60, 0x00, 0x00, 0xC0, 0x00, 0x00, 
    0x03, 0xFC, 0x70, 0x00, 0x01, 0xC0, 0x00, 0x00, 0x03, 0xFC, 0x78, 0x00, 0x03, 0xE0, 0x00, 0x00, 
    0x01, 0xC0, 0x3F, 0x00, 0x7F, 0x60, 0x00, 0x00, 0x00, 0xC0, 0x07, 0x80, 0x7F, 0x78, 0x00, 0x00, 
    0x00, 0xE0, 0x07, 0x00, 0x70, 0x3E, 0x00, 0x00, 0x00, 0x70, 0x0E, 0x00, 0x30, 0x0F, 0x00, 0x00, 
    0x00, 0x60, 0x3C, 0x00, 0x18, 0x0E, 0x00, 0x00, 0x00, 0x60, 0x30, 0x00, 0x18, 0x1C, 0x00, 0x00, 
    0x00, 0x62, 0x30, 0x00, 0x18, 0x38, 0x00, 0x00, 0x00, 0xFF, 0x30, 0x00, 0x1B, 0x30, 0x00, 0x00, 
    0x00, 0xFF, 0xF0, 0x00, 0x3F, 0xF0, 0x00, 0x00, 0x00, 0xE1, 0xF0, 0x00, 0x3F, 0xF0, 0x00, 0x00, 
    0x00, 0x00, 0x70, 0x00, 0x30, 0x70, 0x00, 0x00, 0x00, 0x00, 0x30, 0x00, 0x00, 0x30, 0x00, 0x00, 
    0x00, 0x00, 0x00, 0x00, 0x00, 0x00, 0x00, 0x00, 0x00, 0x00, 0x00, 0x00, 0x00, 0x00, 0x00, 0x00, 
    0x00, 0x00, 0x00, 0x00, 0x00, 0x00, 0x00, 0x00, 0x00, 0x00, 0x00, 0x00, 0x00, 0x00, 0x00, 0x00, 
    0x00, 0x00, 0x00, 0x00, 0x00, 0x00, 0x00, 0x00, 0x00, 0x00, 0x00, 0x00, 0x00, 0x00, 0x00, 0x00, 
      },
  {
    0x00, 0x00, 0x00, 0x00, 0x00, 0x00, 0x00, 0x00, 0x00, 0x00, 0x00, 0x00, 0x00, 0x00, 0x00, 0x00, 
    0x00, 0x00, 0x00, 0x00, 0x00, 0x00, 0x00, 0x00, 0x00, 0x00, 0x00, 0x00, 0x00, 0x00, 0x00, 0x00, 
    0x00, 0x00, 0x00, 0x00, 0x00, 0x00, 0x00, 0x00, 0x00, 0x00, 0x00, 0x00, 0x00, 0x00, 0x00, 0x00, 
    0x00, 0x00, 0x00, 0x00, 0x00, 0x00, 0x10, 0x00, 0x00, 0x00, 0x00, 0x00, 0x00, 0x00, 0x38, 0x00, 
    0x00, 0x00, 0x00, 0x00, 0x00, 0x00, 0x78, 0x00, 0x00, 0x00, 0x00, 0x00, 0x00, 0x06, 0xF8, 0x00, 
    0x00, 0x00, 0x00, 0x00, 0x00, 0x0F, 0xCC, 0x00, 0x00, 0x00, 0x00, 0x00, 0x00, 0x0F, 0x8F, 0x80, 
    0x00, 0x00, 0x00, 0x00, 0x00, 0x06, 0x03, 0xC0, 0x00, 0x00, 0x00, 0x00, 0x00, 0x03, 0x03, 0x80, 
    0x00, 0x00, 0x00, 0x00, 0x00, 0x03, 0x07, 0x00, 0x00, 0x00, 0x00, 0x00, 0x00, 0x03, 0x0E, 0x00, 
    0x00, 0x02, 0x00, 0x00, 0x00, 0x07, 0xEC, 0x00, 0x00, 0x07, 0x00, 0x02, 0x00, 0x07, 0xFE, 0x00, 
    0x00, 0x0F, 0x00, 0x06, 0x00, 0x07, 0x1E, 0x00, 0x00, 0x1F, 0x80, 0x00, 0x00, 0x00, 0x0C, 0x00, 
    0x03, 0xF9, 0x80, 0x00, 0x00, 0x00, 0x00, 0x00, 0x03, 0xF1, 0xE0, 0x00, 0x00, 0x00, 0x00, 0x00, 
    0x01, 0xC0, 0xF8, 0x00, 0x00, 0x00, 0x00, 0x00, 0x00, 0xC0, 0x38, 0x00, 0x00, 0x00, 0x00, 0x00, 
    0x00, 0xE0, 0xF0, 0x00, 0x00, 0x00, 0x00, 0x00, 0x00, 0xE0, 0xE0, 0x00, 0x00, 0x00, 0x00, 0x00, 
    0x00, 0xC0, 0xC0, 0x00, 0x00, 0x00, 0x00, 0x00, 0x00, 0xFC, 0xC0, 0x00, 0x00, 0x00, 0x00, 0x00, 
    0x01, 0xFF, 0xC0, 0x00, 0x00, 0x00, 0x00, 0x00, 0x01, 0xC3, 0xC0, 0x00, 0x00, 0x06, 0x00, 0x00, 
    0x00, 0x01, 0xC0, 0x00, 0x00, 0x06, 0x00, 0x00, 0x00, 0x00, 0x00, 0x00, 0x00, 0x00, 0x00, 0x00, 
    0x00, 0x00, 0x00, 0x00, 0x00, 0x00, 0x00, 0x00, 0x00, 0x00, 0x00, 0x00, 0x00, 0x00, 0x00, 0x00, 
    0x00, 0x00, 0x00, 0x00, 0x00, 0x00, 0x00, 0x00, 0x00, 0x00, 0x00, 0x00, 0x00, 0x00, 0x00, 0x00, 
    0x00, 0x20, 0x00, 0x00, 0x00, 0x00, 0x00, 0x00, 0x00, 0x20, 0x00, 0x00, 0x00, 0x00, 0x00, 0x00, 
    0x00, 0x00, 0x00, 0x00, 0x00, 0x00, 0x00, 0x00, 0x00, 0x00, 0x80, 0x00, 0x00, 0x00, 0x00, 0x00, 
    0x00, 0x01, 0xC0, 0x00, 0x00, 0x00, 0x00, 0x00, 0x00, 0x03, 0xC0, 0x00, 0x00, 0x00, 0x00, 0x00, 
    0x00, 0x07, 0xC0, 0x00, 0x00, 0x00, 0x00, 0x00, 0x00, 0x06, 0x60, 0x00, 0x00, 0xC0, 0x00, 0x00, 
    0x03, 0xFC, 0x70, 0x00, 0x01, 0xC0, 0x00, 0x00, 0x03, 0xFC, 0x78, 0x00, 0x03, 0xE0, 0x00, 0x00, 
    0x01, 0xC0, 0x3F, 0x00, 0x7F, 0xE0, 0x00, 0x00, 0x00, 0xC0, 0x07, 0x80, 0x7F, 0x70, 0x00, 0x00, 
    0x00, 0xE0, 0x07, 0x00, 0x7C, 0x3E, 0x00, 0x00, 0x00, 0x70, 0x0E, 0x00, 0x30, 0x1F, 0x00, 0x00, 
    0x00, 0x60, 0x3C, 0x00, 0x18, 0x0F, 0x00, 0x00, 0x00, 0x60, 0x30, 0x00, 0x18, 0x1C, 0x00, 0x00, 
    0x00, 0x62, 0x30, 0x00, 0x18, 0x38, 0x00, 0x00, 0x00, 0xFF, 0x30, 0x00, 0x1B, 0x30, 0x00, 0x00, 
    0x00, 0xFF, 0xF0, 0x00, 0x3F, 0xF0, 0x00, 0x00, 0x00, 0xF1, 0xF0, 0x00, 0x3F, 0xF0, 0x00, 0x00, 
    0x00, 0x00, 0x70, 0x00, 0x30, 0x70, 0x00, 0x00, 0x00, 0x00, 0x30, 0x00, 0x00, 0x30, 0x00, 0x00, 
    0x00, 0x00, 0x00, 0x00, 0x00, 0x00, 0x00, 0x00, 0x00, 0x00, 0x00, 0x00, 0x00, 0x00, 0x00, 0x00, 
    0x00, 0x00, 0x00, 0x00, 0x00, 0x00, 0x00, 0x00, 0x00, 0x00, 0x00, 0x00, 0x00, 0x00, 0x00, 0x00, 
    0x00, 0x00, 0x00, 0x00, 0x00, 0x00, 0x00, 0x00, 0x00, 0x00, 0x00, 0x00, 0x00, 0x00, 0x00, 0x00, 
      },
  {
    0x00, 0x00, 0x00, 0x00, 0x00, 0x00, 0x00, 0x00, 0x00, 0x00, 0x00, 0x00, 0x00, 0x00, 0x00, 0x00, 
    0x00, 0x00, 0x00, 0x00, 0x00, 0x00, 0x00, 0x00, 0x00, 0x00, 0x00, 0x00, 0x00, 0x00, 0x00, 0x00, 
    0x00, 0x00, 0x00, 0x00, 0x00, 0x00, 0x00, 0x00, 0x00, 0x00, 0x00, 0x00, 0x00, 0x00, 0x00, 0x00, 
    0x00, 0x00, 0x00, 0x00, 0x00, 0x00, 0x30, 0x00, 0x00, 0x00, 0x00, 0x00, 0x00, 0x00, 0x30, 0x00, 
    0x00, 0x00, 0x00, 0x00, 0x00, 0x00, 0x78, 0x00, 0x00, 0x00, 0x00, 0x00, 0x00, 0x00, 0xF8, 0x00, 
    0x00, 0x00, 0x00, 0x00, 0x00, 0x1F, 0xDC, 0x00, 0x00, 0x00, 0x00, 0x00, 0x00, 0x0F, 0x8F, 0x80, 
    0x00, 0x00, 0x00, 0x00, 0x00, 0x0E, 0x07, 0xC0, 0x00, 0x00, 0x00, 0x00, 0x00, 0x07, 0x03, 0x80, 
    0x00, 0x00, 0x00, 0x00, 0x00, 0x03, 0x0F, 0x00, 0x00, 0x00, 0x00, 0x00, 0x00, 0x07, 0x0E, 0x00, 
    0x00, 0x02, 0x00, 0x00, 0x00, 0x07, 0xEC, 0x00, 0x00, 0x07, 0x00, 0x00, 0x00, 0x07, 0xFC, 0x00, 
    0x00, 0x0F, 0x00, 0x06, 0x00, 0x07, 0x3C, 0x00, 0x00, 0x0F, 0x80, 0x02, 0x00, 0x00, 0x1C, 0x00, 
    0x03, 0xFD, 0x80, 0x00, 0x00, 0x00, 0x00, 0x00, 0x03, 0xF9, 0xE0, 0x00, 0x00, 0x00, 0x00, 0x00, 
    0x01, 0xC0, 0xF8, 0x00, 0x00, 0x00, 0x00, 0x00, 0x00, 0xC0, 0x38, 0x00, 0x00, 0x00, 0x00, 0x00, 
    0x00, 0xE0, 0x70, 0x00, 0x00, 0x00, 0x00, 0x00, 0x00, 0x60, 0xE0, 0x00, 0x00, 0x00, 0x00, 0x00, 
    0x00, 0xC0, 0xC0, 0x00, 0x00, 0x00, 0x00, 0x00, 0x00, 0xFC, 0xC0, 0x00, 0x00, 0x00, 0x00, 0x00, 
    0x00, 0xFF, 0xC0, 0x00, 0x00, 0x00, 0x00, 0x00, 0x00, 0xE3, 0xC0, 0x00, 0x00, 0x06, 0x00, 0x00, 
    0x00, 0x01, 0xC0, 0x00, 0x00, 0x06, 0x00, 0x00, 0x00, 0x00, 0x80, 0x00, 0x00, 0x00, 0x00, 0x00, 
    0x00, 0x00, 0x00, 0x00, 0x00, 0x00, 0x00, 0x00, 0x00, 0x00, 0x00, 0x00, 0x00, 0x00, 0x00, 0x00, 
    0x00, 0x00, 0x00, 0x00, 0x00, 0x00, 0x00, 0x00, 0x00, 0x00, 0x00, 0x00, 0x00, 0x00, 0x00, 0x00, 
    0x00, 0x20, 0x00, 0x00, 0x00, 0x00, 0x00, 0x00, 0x00, 0x30, 0x00, 0x00, 0x00, 0x00, 0x00, 0x00, 
    0x00, 0x00, 0x00, 0x00, 0x00, 0x00, 0x00, 0x00, 0x00, 0x00, 0xC0, 0x00, 0x00, 0x00, 0x00, 0x00, 
    0x00, 0x01, 0xC0, 0x00, 0x00, 0x00, 0x00, 0x00, 0x00, 0x03, 0xC0, 0x00, 0x00, 0x00, 0x00, 0x00, 
    0x00, 0x03, 0xE0, 0x00, 0x00, 0x00, 0x00, 0x00, 0x00, 0x06, 0x60, 0x00, 0x00, 0xC0, 0x00, 0x00, 
    0x03, 0xFE, 0x70, 0x00, 0x01, 0xC0, 0x00, 0x00, 0x03, 0xFC, 0x78, 0x00, 0x01, 0xE0, 0x00, 0x00, 
    0x01, 0xC0, 0x3F, 0x00, 0x03, 0xE0, 0x00, 0x00, 0x00, 0xC0, 0x07, 0x80, 0x7F, 0x70, 0x00, 0x00, 
    0x00, 0x60, 0x07, 0x80, 0x7E, 0x7C, 0x00, 0x00, 0x00, 0x70, 0x0E, 0x00, 0x30, 0x3F, 0x00, 0x00, 
    0x00, 0x70, 0x1C, 0x00, 0x38, 0x0F, 0x00, 0x00, 0x00, 0x60, 0x38, 0x00, 0x18, 0x1E, 0x00, 0x00, 
    0x00, 0x60, 0x30, 0x00, 0x18, 0x38, 0x00, 0x00, 0x00, 0xFF, 0x30, 0x00, 0x18, 0x30, 0x00, 0x00, 
    0x00, 0xFF, 0xF0, 0x00, 0x3F, 0xB0, 0x00, 0x00, 0x00, 0xF0, 0xF0, 0x00, 0x3F, 0xF0, 0x00, 0x00, 
    0x00, 0x00, 0x70, 0x00, 0x38, 0xF0, 0x00, 0x00, 0x00, 0x00, 0x30, 0x00, 0x00, 0x30, 0x00, 0x00, 
    0x00, 0x00, 0x00, 0x00, 0x00, 0x00, 0x00, 0x00, 0x00, 0x00, 0x00, 0x00, 0x00, 0x00, 0x00, 0x00, 
    0x00, 0x00, 0x00, 0x00, 0x00, 0x00, 0x00, 0x00, 0x00, 0x00, 0x00, 0x00, 0x00, 0x00, 0x00, 0x00, 
    0x00, 0x00, 0x00, 0x00, 0x00, 0x00, 0x00, 0x00, 0x00, 0x00, 0x00, 0x00, 0x00, 0x00, 0x00, 0x00, 
      },
  {
    0x00, 0x00, 0x00, 0x00, 0x00, 0x00, 0x00, 0x00, 0x00, 0x00, 0x00, 0x00, 0x00, 0x00, 0x00, 0x00, 
    0x00, 0x00, 0x00, 0x00, 0x00, 0x00, 0x00, 0x00, 0x00, 0x00, 0x00, 0x00, 0x00, 0x00, 0x00, 0x00, 
    0x00, 0x00, 0x00, 0x00, 0x00, 0x00, 0x00, 0x00, 0x00, 0x00, 0x00, 0x00, 0x00, 0x00, 0x00, 0x00, 
    0x00, 0x00, 0x00, 0x00, 0x00, 0x00, 0x30, 0x00, 0x00, 0x00, 0x00, 0x00, 0x00, 0x00, 0x70, 0x00, 
    0x00, 0x00, 0x00, 0x00, 0x00, 0x00, 0x70, 0x00, 0x00, 0x00, 0x00, 0x00, 0x00, 0x00, 0xF8, 0x00, 
    0x00, 0x00, 0x00, 0x00, 0x00, 0x1F, 0xD8, 0x00, 0x00, 0x00, 0x00, 0x00, 0x00, 0x1F, 0x9F, 0x00, 
    0x00, 0x00, 0x00, 0x00, 0x00, 0x0E, 0x0F, 0x80, 0x00, 0x00, 0x00, 0x00, 0x00, 0x06, 0x07, 0x80, 
    0x00, 0x00, 0x00, 0x00, 0x00, 0x07, 0x0F, 0x00, 0x00, 0x00, 0x00, 0x00, 0x00, 0x06, 0x0C, 0x00, 
    0x00, 0x02, 0x00, 0x00, 0x00, 0x07, 0xCC, 0x00, 0x00, 0x07, 0x00, 0x00, 0x00, 0x0F, 0xFC, 0x00, 
    0x00, 0x07, 0x00, 0x06, 0x00, 0x0F, 0x3C, 0x00, 0x00, 0x0F, 0x80, 0x02, 0x00, 0x00, 0x1C, 0x00, 
    0x01, 0xFD, 0x80, 0x00, 0x00, 0x00, 0x08, 0x00, 0x03, 0xF9, 0xE0, 0x00, 0x00, 0x00, 0x00, 0x00, 
    0x01, 0xC0, 0xF8, 0x00, 0x00, 0x00, 0x00, 0x00, 0x00, 0xC0, 0x3C, 0x00, 0x00, 0x00, 0x00, 0x00, 
    0x00, 0x60, 0x78, 0x00, 0x00, 0x00, 0x00, 0x00, 0x00, 0x60, 0xF0, 0x00, 0x00, 0x00, 0x00, 0x00, 
    0x00, 0x60, 0xC0, 0x00, 0x00, 0x00, 0x00, 0x00, 0x00, 0xEC, 0xC0, 0x00, 0x00, 0x00, 0x00, 0x00, 
    0x00, 0xFF, 0xC0, 0x00, 0x00, 0x00, 0x00, 0x00, 0x00, 0xF7, 0xC0, 0x00, 0x00, 0x04, 0x00, 0x00, 
    0x00, 0x01, 0xC0, 0x00, 0x00, 0x06, 0x00, 0x00, 0x00, 0x00, 0xC0, 0x00, 0x00, 0x00, 0x00, 0x00, 
    0x00, 0x00, 0x00, 0x00, 0x00, 0x00, 0x00, 0x00, 0x00, 0x00, 0x00, 0x00, 0x00, 0x00, 0x00, 0x00, 
    0x00, 0x00, 0x00, 0x00, 0x00, 0x00, 0x00, 0x00, 0x00, 0x00, 0x00, 0x00, 0x00, 0x00, 0x00, 0x00, 
    0x00, 0x00, 0x00, 0x00, 0x00, 0x00, 0x00, 0x00, 0x00, 0x30, 0x00, 0x00, 0x00, 0x00, 0x00, 0x00, 
    0x00, 0x00, 0x00, 0x00, 0x00, 0x00, 0x00, 0x00, 0x00, 0x00, 0xC0, 0x00, 0x00, 0x00, 0x00, 0x00, 
    0x00, 0x01, 0xC0, 0x00, 0x00, 0x00, 0x00, 0x00, 0x00, 0x03, 0xC0, 0x00, 0x00, 0x00, 0x00, 0x00, 
    0x00, 0x03, 0xE0, 0x00, 0x00, 0x00, 0x00, 0x00, 0x00, 0x07, 0x60, 0x00, 0x00, 0x80, 0x00, 0x00, 
    0x03, 0xFE, 0x70, 0x00, 0x01, 0xC0, 0x00, 0x00, 0x03, 0xFC, 0x38, 0x00, 0x01, 0xC0, 0x00, 0x00, 
    0x01, 0xC0, 0x3F, 0x80, 0x03, 0xE0, 0x00, 0x00, 0x00, 0xC0, 0x07, 0x80, 0xFF, 0x60, 0x00, 0x00, 
    0x00, 0x60, 0x07, 0x80, 0xFE, 0x78, 0x00, 0x00, 0x00, 0x70, 0x0F, 0x00, 0x70, 0x3E, 0x00, 0x00, 
    0x00, 0x30, 0x1C, 0x00, 0x30, 0x0F, 0x00, 0x00, 0x00, 0x60, 0x38, 0x00, 0x18, 0x1E, 0x00, 0x00, 
    0x00, 0x60, 0x18, 0x00, 0x18, 0x38, 0x00, 0x00, 0x00, 0x6F, 0x18, 0x00, 0x38, 0x30, 0x00, 0x00, 
    0x00, 0xFF, 0xF8, 0x00, 0x3F, 0x30, 0x00, 0x00, 0x00, 0xF0, 0xF8, 0x00, 0x3F, 0xF0, 0x00, 0x00, 
    0x00, 0x00, 0x78, 0x00, 0x38, 0xF0, 0x00, 0x00, 0x00, 0x00, 0x30, 0x00, 0x00, 0x70, 0x00, 0x00, 
    0x00, 0x00, 0x00, 0x00, 0x00, 0x20, 0x00, 0x00, 0x00, 0x00, 0x00, 0x00, 0x00, 0x00, 0x00, 0x00, 
    0x00, 0x00, 0x00, 0x00, 0x00, 0x00, 0x00, 0x00, 0x00, 0x00, 0x00, 0x00, 0x00, 0x00, 0x00, 0x00, 
    0x00, 0x00, 0x00, 0x00, 0x00, 0x00, 0x00, 0x00, 0x00, 0x00, 0x00, 0x00, 0x00, 0x00, 0x00, 0x00, 
      },
  {
    0x00, 0x00, 0x00, 0x00, 0x00, 0x00, 0x00, 0x00, 0x00, 0x00, 0x00, 0x00, 0x00, 0x00, 0x00, 0x00, 
    0x00, 0x00, 0x00, 0x00, 0x00, 0x00, 0x00, 0x00, 0x00, 0x00, 0x00, 0x00, 0x00, 0x00, 0x00, 0x00, 
    0x00, 0x00, 0x00, 0x00, 0x00, 0x00, 0x00, 0x00, 0x00, 0x00, 0x00, 0x00, 0x00, 0x00, 0x00, 0x00, 
    0x00, 0x00, 0x00, 0x00, 0x00, 0x00, 0x20, 0x00, 0x00, 0x00, 0x00, 0x00, 0x00, 0x00, 0x70, 0x00, 
    0x00, 0x00, 0x00, 0x00, 0x00, 0x00, 0xF0, 0x00, 0x00, 0x00, 0x00, 0x00, 0x00, 0x00, 0xF0, 0x00, 
    0x00, 0x00, 0x00, 0x00, 0x00, 0x1F, 0xF8, 0x00, 0x00, 0x00, 0x00, 0x00, 0x00, 0x1F, 0x9E, 0x00, 
    0x00, 0x00, 0x00, 0x00, 0x00, 0x0C, 0x0F, 0x80, 0x00, 0x00, 0x00, 0x00, 0x00, 0x0E, 0x07, 0x80, 
    0x00, 0x00, 0x00, 0x00, 0x00, 0x06, 0x0E, 0x00, 0x00, 0x00, 0x00, 0x00, 0x00, 0x06, 0x1C, 0x00, 
    0x00, 0x00, 0x00, 0x00, 0x00, 0x0E, 0xDC, 0x00, 0x00, 0x03, 0x00, 0x00, 0x00, 0x0F, 0xFC, 0x00, 
    0x00, 0x07, 0x00, 0x02, 0x00, 0x0F, 0x7C, 0x00, 0x00, 0x0F, 0x80, 0x06, 0x00, 0x00, 0x3C, 0x00, 
    0x01, 0xFD, 0x80, 0x00, 0x00, 0x00, 0x08, 0x00, 0x01, 0xFD, 0xE0, 0x00, 0x00, 0x00, 0x00, 0x00, 
    0x01, 0xC0, 0xF8, 0x00, 0x00, 0x00, 0x00, 0x00, 0x00, 0xC0, 0x3C, 0x00, 0x00, 0x00, 0x00, 0x00, 
    0x00, 0x60, 0x38, 0x00, 0x00, 0x00, 0x00, 0x00, 0x00, 0x60, 0x70, 0x00, 0x00, 0x00, 0x00, 0x00, 
    0x00, 0x60, 0xE0, 0x00, 0x00, 0x00, 0x00, 0x00, 0x00, 0x6C, 0xC0, 0x00, 0x00, 0x00, 0x00, 0x00, 
    0x00, 0xFF, 0xC0, 0x00, 0x00, 0x00, 0x00, 0x00, 0x00, 0xFF, 0xC0, 0x00, 0x00, 0x00, 0x00, 0x00, 
    0x00, 0xC1, 0xC0, 0x00, 0x00, 0x06, 0x00, 0x00, 0x00, 0x00, 0xC0, 0x00, 0x00, 0x00, 0x00, 0x00, 
    0x00, 0x00, 0x00, 0x00, 0x00, 0x00, 0x00, 0x00, 0x00, 0x00, 0x00, 0x00, 0x00, 0x00, 0x00, 0x00, 
    0x00, 0x00, 0x00, 0x00, 0x00, 0x00, 0x00, 0x00, 0x00, 0x00, 0x00, 0x00, 0x00, 0x00, 0x00, 0x00, 
    0x00, 0x00, 0x00, 0x00, 0x00, 0x00, 0x00, 0x00, 0x00, 0x30, 0x00, 0x00, 0x00, 0x00, 0x00, 0x00, 
    0x00, 0x30, 0x00, 0x00, 0x00, 0x00, 0x00, 0x00, 0x00, 0x00, 0xC0, 0x00, 0x00, 0x00, 0x00, 0x00, 
    0x00, 0x01, 0xC0, 0x00, 0x00, 0x00, 0x00, 0x00, 0x00, 0x01, 0xE0, 0x00, 0x00, 0x00, 0x00, 0x00, 
    0x00, 0x03, 0xE0, 0x00, 0x00, 0x00, 0x00, 0x00, 0x00, 0x07, 0x60, 0x00, 0x18, 0x80, 0x00, 0x00, 
    0x01, 0xFE, 0x70, 0x00, 0x19, 0xC0, 0x00, 0x00, 0x01, 0xFC, 0x38, 0x00, 0x03, 0xC0, 0x00, 0x00, 
    0x01, 0xC0, 0x3F, 0x80, 0x03, 0xC0, 0x00, 0x00, 0x00, 0xE0, 0x07, 0xC0, 0xFF, 0xE0, 0x00, 0x00, 
    0x00, 0x60, 0x03, 0x80, 0xFE, 0x70, 0x00, 0x00, 0x00, 0x30, 0x0F, 0x00, 0x70, 0x7E, 0x00, 0x00, 
    0x00, 0x30, 0x1C, 0x00, 0x70, 0x1E, 0x00, 0x00, 0x00, 0x70, 0x18, 0x00, 0x38, 0x1E, 0x00, 0x00, 
    0x00, 0x60, 0x18, 0x00, 0x38, 0x38, 0x00, 0x00, 0x00, 0x6F, 0x98, 0x00, 0x30, 0x30, 0x00, 0x00, 
    0x00, 0xFF, 0xD8, 0x00, 0x37, 0x30, 0x00, 0x00, 0x00, 0xF0, 0xF8, 0x00, 0x3F, 0xF0, 0x00, 0x00, 
    0x00, 0x00, 0x78, 0x00, 0x7D, 0xF0, 0x00, 0x00, 0x00, 0x00, 0x38, 0x00, 0x20, 0xF0, 0x00, 0x00, 
    0x00, 0x00, 0x00, 0x00, 0x00, 0x20, 0x00, 0x00, 0x00, 0x00, 0x00, 0x00, 0x00, 0x00, 0x00, 0x00, 
    0x00, 0x00, 0x00, 0x00, 0x00, 0x00, 0x00, 0x00, 0x00, 0x00, 0x00, 0x00, 0x00, 0x00, 0x00, 0x00, 
    0x00, 0x00, 0x00, 0x00, 0x00, 0x00, 0x00, 0x00, 0x00, 0x00, 0x00, 0x00, 0x00, 0x00, 0x00, 0x00, 
      },
  {
    0x00, 0x00, 0x00, 0x00, 0x00, 0x00, 0x00, 0x00, 0x00, 0x00, 0x00, 0x00, 0x00, 0x00, 0x00, 0x00, 
    0x00, 0x00, 0x00, 0x00, 0x00, 0x00, 0x00, 0x00, 0x00, 0x00, 0x00, 0x00, 0x00, 0x00, 0x00, 0x00, 
    0x00, 0x00, 0x00, 0x00, 0x00, 0x00, 0x00, 0x00, 0x00, 0x00, 0x00, 0x00, 0x00, 0x00, 0x00, 0x00, 
    0x00, 0x00, 0x00, 0x00, 0x00, 0x00, 0x00, 0x00, 0x00, 0x00, 0x00, 0x00, 0x00, 0x00, 0x60, 0x00, 
    0x00, 0x00, 0x00, 0x00, 0x00, 0x00, 0xF0, 0x00, 0x00, 0x00, 0x00, 0x00, 0x00, 0x01, 0xF0, 0x00, 
    0x00, 0x00, 0x00, 0x00, 0x00, 0x3F, 0xB0, 0x00, 0x00, 0x00, 0x00, 0x00, 0x00, 0x3F, 0xBE, 0x00, 
    0x00, 0x00, 0x00, 0x00, 0x00, 0x1C, 0x1F, 0x80, 0x00, 0x00, 0x00, 0x00, 0x00, 0x0C, 0x07, 0x00, 
    0x00, 0x00, 0x00, 0x00, 0x00, 0x06, 0x0E, 0x00, 0x00, 0x00, 0x00, 0x00, 0x00, 0x0E, 0x1C, 0x00, 
    0x00, 0x00, 0x00, 0x00, 0x00, 0x0C, 0x98, 0x00, 0x00, 0x03, 0x00, 0x00, 0x00, 0x0F, 0xF8, 0x00, 
    0x00, 0x03, 0x80, 0x02, 0x00, 0x0F, 0xF8, 0x00, 0x00, 0x07, 0x80, 0x06, 0x00, 0x08, 0x38, 0x00, 
    0x00, 0x0F, 0x80, 0x00, 0x00, 0x00, 0x18, 0x00, 0x01, 0xFD, 0xC0, 0x00, 0x00, 0x00, 0x00, 0x00, 
    0x01, 0xF8, 0xF8, 0x00, 0x00, 0x00, 0x00, 0x00, 0x00, 0xC0, 0x7C, 0x00, 0x00, 0x00, 0x00, 0x00, 
    0x00, 0x60, 0x3C, 0x00, 0x00, 0x00, 0x00, 0x00, 0x00, 0x70, 0x78, 0x00, 0x00, 0x00, 0x00, 0x00, 
    0x00, 0x60, 0xE0, 0x00, 0x00, 0x00, 0x00, 0x00, 0x00, 0x64, 0xC0, 0x00, 0x00, 0x00, 0x00, 0x00, 
    0x00, 0xFE, 0xC0, 0x00, 0x00, 0x00, 0x00, 0x00, 0x00, 0xFF, 0xC0, 0x00, 0x00, 0x00, 0x00, 0x00, 
    0x00, 0xE1, 0xC0, 0x00, 0x00, 0x06, 0x00, 0x00, 0x00, 0x00, 0xC0, 0x00, 0x00, 0x04, 0x00, 0x00, 
    0x00, 0x00, 0x00, 0x00, 0x00, 0x00, 0x00, 0x00, 0x00, 0x00, 0x00, 0x00, 0x00, 0x00, 0x00, 0x00, 
    0x00, 0x00, 0x00, 0x00, 0x00, 0x00, 0x00, 0x00, 0x00, 0x00, 0x00, 0x00, 0x00, 0x00, 0x00, 0x00, 
    0x00, 0x00, 0x00, 0x00, 0x00, 0x00, 0x00, 0x00, 0x00, 0x30, 0x00, 0x00, 0x00, 0x00, 0x00, 0x00, 
    0x00, 0x30, 0x00, 0x00, 0x00, 0x00, 0x00, 0x00, 0x00, 0x00, 0xC0, 0x00, 0x00, 0x00, 0x00, 0x00, 
    0x00, 0x00, 0xC0, 0x00, 0x00, 0x00, 0x00, 0x00, 0x00, 0x01, 0xE0, 0x00, 0x00, 0x00, 0x00, 0x00, 
    0x00, 0x03, 0xE0, 0x00, 0x00, 0x00, 0x00, 0x00, 0x00, 0x07, 0x60, 0x00, 0x18, 0x00, 0x00, 0x00, 
    0x01, 0xFE, 0x30, 0x00, 0x09, 0x80, 0x00, 0x00, 0x01, 0xFC, 0x3C, 0x00, 0x03, 0x80, 0x00, 0x00, 
    0x01, 0xC0, 0x3F, 0x80, 0x07, 0xC0, 0x00, 0x00, 0x00, 0xE0, 0x07, 0xC0, 0xFE, 0xC0, 0x00, 0x00, 
    0x00, 0x70, 0x03, 0x80, 0xFE, 0xF0, 0x00, 0x00, 0x00, 0x30, 0x0F, 0x00, 0xE0, 0x7C, 0x00, 0x00, 
    0x00, 0x30, 0x1E, 0x00, 0x60, 0x1E, 0x00, 0x00, 0x00, 0x30, 0x18, 0x00, 0x30, 0x1C, 0x00, 0x00, 
    0x00, 0x60, 0x18, 0x00, 0x30, 0x38, 0x00, 0x00, 0x00, 0x6F, 0x98, 0x00, 0x30, 0x70, 0x00, 0x00, 
    0x00, 0x7F, 0xD8, 0x00, 0x36, 0x60, 0x00, 0x00, 0x00, 0xF8, 0xF8, 0x00, 0x7F, 0xE0, 0x00, 0x00, 
    0x00, 0x40, 0x78, 0x00, 0x7F, 0xE0, 0x00, 0x00, 0x00, 0x00, 0x18, 0x00, 0x60, 0xE0, 0x00, 0x00, 
    0x00, 0x00, 0x00, 0x00, 0x00, 0x60, 0x00, 0x00, 0x00, 0x00, 0x00, 0x00, 0x00, 0x00, 0x00, 0x00, 
    0x00, 0x00, 0x00, 0x00, 0x00, 0x00, 0x00, 0x00, 0x00, 0x00, 0x00, 0x00, 0x00, 0x00, 0x00, 0x00, 
    0x00, 0x00, 0x00, 0x00, 0x00, 0x00, 0x00, 0x00, 0x00, 0x00, 0x00, 0x00, 0x00, 0x00, 0x00, 0x00, 
      },
  {
    0x00, 0x00, 0x00, 0x00, 0x00, 0x00, 0x00, 0x00, 0x00, 0x00, 0x00, 0x00, 0x00, 0x00, 0x00, 0x00, 
    0x00, 0x00, 0x00, 0x00, 0x00, 0x00, 0x00, 0x00, 0x00, 0x00, 0x00, 0x00, 0x00, 0x00, 0x00, 0x00, 
    0x00, 0x00, 0x00, 0x00, 0x00, 0x00, 0x00, 0x00, 0x00, 0x00, 0x00, 0x00, 0x00, 0x00, 0x00, 0x00, 
    0x00, 0x00, 0x00, 0x00, 0x00, 0x00, 0x00, 0x00, 0x00, 0x00, 0x00, 0x00, 0x00, 0x00, 0x60, 0x00, 
    0x00, 0x00, 0x00, 0x00, 0x00, 0x00, 0xE0, 0x00, 0x00, 0x00, 0x00, 0x00, 0x00, 0x01, 0xF0, 0x00, 
    0x00, 0x00, 0x00, 0x00, 0x00, 0x3F, 0xB0, 0x00, 0x00, 0x00, 0x00, 0x00, 0x00, 0x3F, 0x3C, 0x00, 
    0x00, 0x00, 0x00, 0x00, 0x00, 0x1C, 0x1F, 0x00, 0x00, 0x00, 0x00, 0x00, 0x00, 0x1C, 0x0F, 0x00, 
    0x00, 0x00, 0x00, 0x00, 0x00, 0x0C, 0x0E, 0x00, 0x00, 0x00, 0x00, 0x00, 0x00, 0x0C, 0x1C, 0x00, 
    0x00, 0x00, 0x00, 0x00, 0x00, 0x0C, 0x98, 0x00, 0x00, 0x01, 0x00, 0x00, 0x00, 0x1F, 0xF8, 0x00, 
    0x00, 0x03, 0x80, 0x00, 0x00, 0x1F, 0xF8, 0x00, 0x00, 0x07, 0x80, 0x06, 0x00, 0x08, 0x78, 0x00, 
    0x00, 0x0F, 0xC0, 0x00, 0x00, 0x00, 0x18, 0x00, 0x01, 0xFC, 0xC0, 0x00, 0x00, 0x00, 0x00, 0x00, 
    0x01, 0xF8, 0xF0, 0x00, 0x00, 0x00, 0x00, 0x00, 0x00, 0xE0, 0x7C, 0x00, 0x00, 0x00, 0x00, 0x00, 
    0x00, 0x60, 0x1C, 0x00, 0x00, 0x00, 0x00, 0x00, 0x00, 0x70, 0x38, 0x00, 0x00, 0x00, 0x00, 0x00, 
    0x00, 0x70, 0x70, 0x00, 0x00, 0x00, 0x00, 0x00, 0x00, 0x60, 0x60, 0x00, 0x00, 0x00, 0x00, 0x00, 
    0x00, 0x7E, 0x60, 0x00, 0x00, 0x00, 0x00, 0x00, 0x00, 0xFF, 0xE0, 0x00, 0x00, 0x00, 0x00, 0x00, 
    0x00, 0xE1, 0xE0, 0x00, 0x00, 0x04, 0x00, 0x00, 0x00, 0x00, 0xE0, 0x00, 0x00, 0x06, 0x00, 0x00, 
    0x00, 0x00, 0x00, 0x00, 0x00, 0x00, 0x00, 0x00, 0x00, 0x00, 0x00, 0x00, 0x00, 0x00, 0x00, 0x00, 
    0x00, 0x00, 0x00, 0x00, 0x00, 0x00, 0x00, 0x00, 0x00, 0x00, 0x00, 0x00, 0x00, 0x00, 0x00, 0x00, 
    0x00, 0x00, 0x00, 0x00, 0x00, 0x00, 0x00, 0x00, 0x00, 0x00, 0x00, 0x00, 0x00, 0x00, 0x00, 0x00, 
    0x00, 0x30, 0x00, 0x00, 0x00, 0x00, 0x00, 0x00, 0x00, 0x00, 0xC0, 0x00, 0x00, 0x00, 0x00, 0x00, 
    0x00, 0x00, 0xE0, 0x00, 0x00, 0x00, 0x00, 0x00, 0x00, 0x01, 0xE0, 0x00, 0x00, 0x00, 0x00, 0x00, 
    0x00, 0x03, 0xE0, 0x00, 0x0C, 0x00, 0x00, 0x00, 0x00, 0x03, 0x70, 0x00, 0x0C, 0x00, 0x00, 0x00, 
    0x01, 0xFE, 0x30, 0x00, 0x01, 0x80, 0x00, 0x00, 0x01, 0xFE, 0x3C, 0x00, 0x03, 0x80, 0x00, 0x00, 
    0x00, 0xC0, 0x1F, 0x80, 0x07, 0x80, 0x00, 0x00, 0x00, 0xE0, 0x07, 0xC0, 0xFF, 0xC0, 0x00, 0x00, 
    0x00, 0x70, 0x03, 0x81, 0xFC, 0xE0, 0x00, 0x00, 0x00, 0x30, 0x07, 0x00, 0xE8, 0xFC, 0x00, 0x00, 
    0x00, 0x30, 0x1E, 0x00, 0xE0, 0x3E, 0x00, 0x00, 0x00, 0x30, 0x18, 0x00, 0x70, 0x1C, 0x00, 0x00, 
    0x00, 0x70, 0x18, 0x00, 0x30, 0x78, 0x00, 0x00, 0x00, 0x6F, 0x98, 0x00, 0x30, 0x60, 0x00, 0x00, 
    0x00, 0x7F, 0xD8, 0x00, 0x66, 0x60, 0x00, 0x00, 0x00, 0xF8, 0xF8, 0x00, 0x7F, 0xE0, 0x00, 0x00, 
    0x00, 0x40, 0x78, 0x00, 0x7F, 0xE0, 0x00, 0x00, 0x00, 0x00, 0x18, 0x00, 0x61, 0xE0, 0x00, 0x00, 
    0x00, 0x00, 0x00, 0x00, 0x00, 0x60, 0x00, 0x00, 0x00, 0x00, 0x00, 0x00, 0x00, 0x00, 0x00, 0x00, 
    0x00, 0x00, 0x00, 0x00, 0x00, 0x00, 0x00, 0x00, 0x00, 0x00, 0x00, 0x00, 0x00, 0x00, 0x00, 0x00, 
    0x00, 0x00, 0x00, 0x00, 0x00, 0x00, 0x00, 0x00, 0x00, 0x00, 0x00, 0x00, 0x00, 0x00, 0x00, 0x00, 
      },
  {
    0x00, 0x00, 0x00, 0x00, 0x00, 0x00, 0x00, 0x00, 0x00, 0x00, 0x00, 0x00, 0x00, 0x00, 0x00, 0x00, 
    0x00, 0x00, 0x00, 0x00, 0x00, 0x00, 0x00, 0x00, 0x00, 0x00, 0x00, 0x00, 0x00, 0x00, 0x00, 0x00, 
    0x00, 0x00, 0x00, 0x00, 0x00, 0x00, 0x00, 0x00, 0x00, 0x00, 0x00, 0x00, 0x00, 0x00, 0x00, 0x00, 
    0x00, 0x00, 0x00, 0x00, 0x00, 0x00, 0x00, 0x00, 0x00, 0x00, 0x00, 0x00, 0x00, 0x00, 0xE0, 0x00, 
    0x00, 0x00, 0x00, 0x00, 0x00, 0x00, 0xE0, 0x00, 0x00, 0x00, 0x00, 0x00, 0x00, 0x01, 0xE0, 0x00, 
    0x00, 0x00, 0x00, 0x00, 0x00, 0x3F, 0xF0, 0x00, 0x00, 0x00, 0x00, 0x00, 0x00, 0x3F, 0x38, 0x00, 
    0x00, 0x00, 0x00, 0x00, 0x00, 0x38, 0x3F, 0x00, 0x00, 0x00, 0x00, 0x00, 0x00, 0x1C, 0x0F, 0x00, 
    0x00, 0x00, 0x00, 0x00, 0x00, 0x0C, 0x1E, 0x00, 0x00, 0x00, 0x00, 0x00, 0x00, 0x0C, 0x1C, 0x00, 
    0x00, 0x00, 0x00, 0x00, 0x00, 0x0C, 0x38, 0x00, 0x00, 0x01, 0x00, 0x00, 0x00, 0x1F, 0xF0, 0x00, 
    0x00, 0x03, 0x80, 0x00, 0x00, 0x1F, 0xF8, 0x00, 0x00, 0x03, 0x80, 0x06, 0x00, 0x18, 0x78, 0x00, 
    0x00, 0x07, 0xC0, 0x06, 0x00, 0x00, 0x30, 0x00, 0x01, 0xFE, 0xC0, 0x00, 0x00, 0x00, 0x00, 0x00, 
    0x01, 0xFC, 0xF0, 0x00, 0x00, 0x00, 0x00, 0x00, 0x00, 0xE0, 0x7C, 0x00, 0x00, 0x00, 0x00, 0x00, 
    0x00, 0x60, 0x1E, 0x00, 0x00, 0x00, 0x00, 0x00, 0x00, 0x30, 0x3C, 0x00, 0x00, 0x00, 0x00, 0x00, 
    0x00, 0x30, 0x70, 0x00, 0x00, 0x00, 0x00, 0x00, 0x00, 0x70, 0x60, 0x00, 0x00, 0x00, 0x00, 0x00, 
    0x00, 0x7E, 0x60, 0x00, 0x00, 0x00, 0x00, 0x00, 0x00, 0x7F, 0xE0, 0x00, 0x00, 0x00, 0x00, 0x00, 
    0x00, 0x71, 0xE0, 0x00, 0x00, 0x00, 0x00, 0x00, 0x00, 0x00, 0xE0, 0x00, 0x00, 0x06, 0x00, 0x00, 
    0x00, 0x00, 0x40, 0x00, 0x00, 0x00, 0x00, 0x00, 0x00, 0x00, 0x00, 0x00, 0x00, 0x00, 0x00, 0x00, 
    0x00, 0x00, 0x00, 0x00, 0x00, 0x00, 0x00, 0x00, 0x00, 0x00, 0x00, 0x00, 0x00, 0x00, 0x00, 0x00, 
    0x00, 0x00, 0x00, 0x00, 0x00, 0x00, 0x00, 0x00, 0x00, 0x00, 0x00, 0x00, 0x00, 0x00, 0x00, 0x00, 
    0x00, 0x30, 0x00, 0x00, 0x00, 0x00, 0x00, 0x00, 0x00, 0x10, 0x40, 0x00, 0x00, 0x00, 0x00, 0x00, 
    0x00, 0x00, 0xE0, 0x00, 0x00, 0x00, 0x00, 0x00, 0x00, 0x01, 0xE0, 0x00, 0x00, 0x00, 0x00, 0x00, 
    0x00, 0x01, 0xE0, 0x00, 0x0C, 0x00, 0x00, 0x00, 0x00, 0x03, 0x30, 0x00, 0x0C, 0x00, 0x00, 0x00, 
    0x01, 0xFF, 0x30, 0x00, 0x03, 0x00, 0x00, 0x00, 0x01, 0xFE, 0x3C, 0x00, 0x07, 0x80, 0x00, 0x00, 
    0x00, 0xC0, 0x1F, 0x80, 0x07, 0x80, 0x00, 0x00, 0x00, 0x60, 0x07, 0xC0, 0xFF, 0x80, 0x00, 0x00, 
    0x00, 0x70, 0x03, 0xC1, 0xFD, 0xE0, 0x00, 0x00, 0x00, 0x30, 0x07, 0x01, 0xF8, 0xF8, 0x00, 0x00, 
    0x00, 0x30, 0x0E, 0x00, 0xE0, 0x3C, 0x00, 0x00, 0x00, 0x30, 0x1C, 0x00, 0x60, 0x3C, 0x00, 0x00, 
    0x00, 0x30, 0x18, 0x00, 0x70, 0x70, 0x00, 0x00, 0x00, 0x77, 0x98, 0x00, 0x60, 0xE0, 0x00, 0x00, 
    0x00, 0x7F, 0xD8, 0x00, 0x64, 0xC0, 0x00, 0x00, 0x00, 0x78, 0xF8, 0x00, 0xFF, 0xC0, 0x00, 0x00, 
    0x00, 0x40, 0x78, 0x00, 0xFF, 0xC0, 0x00, 0x00, 0x00, 0x00, 0x18, 0x00, 0xC1, 0xC0, 0x00, 0x00, 
    0x00, 0x00, 0x00, 0x00, 0x00, 0xC0, 0x00, 0x00, 0x00, 0x00, 0x00, 0x00, 0x00, 0x00, 0x00, 0x00, 
    0x00, 0x00, 0x00, 0x00, 0x00, 0x00, 0x00, 0x00, 0x00, 0x00, 0x00, 0x00, 0x00, 0x00, 0x00, 0x00, 
    0x00, 0x00, 0x00, 0x00, 0x00, 0x00, 0x00, 0x00, 0x00, 0x00, 0x00, 0x00, 0x00, 0x00, 0x00, 0x00, 
      },
  {
    0x00, 0x00, 0x00, 0x00, 0x00, 0x00, 0x00, 0x00, 0x00, 0x00, 0x00, 0x00, 0x00, 0x00, 0x00, 0x00, 
    0x00, 0x00, 0x00, 0x00, 0x00, 0x00, 0x00, 0x00, 0x00, 0x00, 0x00, 0x00, 0x00, 0x00, 0x00, 0x00, 
    0x00, 0x00, 0x00, 0x00, 0x00, 0x00, 0x00, 0x00, 0x00, 0x00, 0x00, 0x00, 0x00, 0x00, 0x00, 0x00, 
    0x00, 0x00, 0x00, 0x00, 0x00, 0x00, 0x00, 0x00, 0x00, 0x00, 0x00, 0x00, 0x00, 0x00, 0xC0, 0x00, 
    0x00, 0x00, 0x00, 0x00, 0x00, 0x01, 0xC0, 0x00, 0x00, 0x00, 0x00, 0x00, 0x00, 0x01, 0xE0, 0x00, 
    0x00, 0x00, 0x00, 0x00, 0x00, 0x3F, 0xE0, 0x00, 0x00, 0x00, 0x00, 0x00, 0x00, 0x7F, 0x70, 0x00, 
    0x00, 0x00, 0x00, 0x00, 0x00, 0x38, 0x3E, 0x00, 0x00, 0x00, 0x00, 0x00, 0x00, 0x18, 0x0F, 0x00, 
    0x00, 0x00, 0x00, 0x00, 0x00, 0x1C, 0x1E, 0x00, 0x00, 0x00, 0x00, 0x00, 0x00, 0x0C, 0x38, 0x00, 
    0x00, 0x00, 0x00, 0x00, 0x00, 0x18, 0x30, 0x00, 0x00, 0x00, 0x00, 0x00, 0x00, 0x1F, 0xB0, 0x00, 
    0x00, 0x01, 0x80, 0x00, 0x00, 0x1F, 0xF0, 0x00, 0x00, 0x03, 0x80, 0x06, 0x00, 0x18, 0xF0, 0x00, 
    0x00, 0x07, 0xC0, 0x06, 0x00, 0x00, 0x30, 0x00, 0x00, 0xFE, 0xC0, 0x00, 0x00, 0x00, 0x00, 0x00, 
    0x01, 0xFC, 0xF0, 0x00, 0x00, 0x00, 0x00, 0x00, 0x00, 0xE0, 0x7C, 0x00, 0x00, 0x00, 0x00, 0x00, 
    0x00, 0x60, 0x1E, 0x00, 0x00, 0x00, 0x00, 0x00, 0x00, 0x30, 0x1C, 0x00, 0x00, 0x00, 0x00, 0x00, 
    0x00, 0x30, 0x78, 0x00, 0x00, 0x00, 0x00, 0x00, 0x00, 0x30, 0x60, 0x00, 0x00, 0x00, 0x00, 0x00, 
    0x00, 0x76, 0x60, 0x00, 0x00, 0x00, 0x00, 0x00, 0x00, 0x7F, 0xE0, 0x00, 0x00, 0x00, 0x00, 0x00, 
    0x00, 0x7B, 0xE0, 0x00, 0x00, 0x00, 0x00, 0x00, 0x00, 0x00, 0xE0, 0x00, 0x00, 0x06, 0x00, 0x00, 
    0x00, 0x00, 0x60, 0x00, 0x00, 0x04, 0x00, 0x00, 0x00, 0x00, 0x00, 0x00, 0x00, 0x00, 0x00, 0x00, 
    0x00, 0x00, 0x00, 0x00, 0x00, 0x00, 0x00, 0x00, 0x00, 0x00, 0x00, 0x00, 0x00, 0x00, 0x00, 0x00, 
    0x00, 0x00, 0x00, 0x00, 0x00, 0x00, 0x00, 0x00, 0x00, 0x00, 0x00, 0x00, 0x00, 0x00, 0x00, 0x00, 
    0x00, 0x10, 0x00, 0x00, 0x00, 0x00, 0x00, 0x00, 0x00, 0x10, 0x40, 0x00, 0x00, 0x00, 0x00, 0x00, 
    0x00, 0x00, 0xE0, 0x00, 0x00, 0x00, 0x00, 0x00, 0x00, 0x01, 0xE0, 0x00, 0x06, 0x00, 0x00, 0x00, 
    0x00, 0x01, 0xF0, 0x00, 0x0E, 0x00, 0x00, 0x00, 0x00, 0x03, 0xB0, 0x00, 0x0C, 0x00, 0x00, 0x00, 
    0x01, 0xFF, 0x30, 0x00, 0x03, 0x00, 0x00, 0x00, 0x01, 0xFE, 0x3C, 0x00, 0x07, 0x00, 0x00, 0x00, 
    0x00, 0xE0, 0x1F, 0x80, 0x0F, 0x80, 0x00, 0x00, 0x00, 0x60, 0x07, 0xC1, 0xFF, 0x80, 0x00, 0x00, 
    0x00, 0x70, 0x03, 0xC3, 0xF9, 0xC0, 0x00, 0x00, 0x00, 0x38, 0x07, 0x81, 0xF1, 0xF8, 0x00, 0x00, 
    0x00, 0x38, 0x0E, 0x00, 0xC0, 0x7C, 0x00, 0x00, 0x00, 0x30, 0x1C, 0x00, 0xE0, 0x38, 0x00, 0x00, 
    0x00, 0x30, 0x18, 0x00, 0x60, 0xF0, 0x00, 0x00, 0x00, 0x77, 0x98, 0x00, 0x60, 0xE0, 0x00, 0x00, 
    0x00, 0x7F, 0xD8, 0x00, 0xEC, 0xC0, 0x00, 0x00, 0x00, 0x78, 0xF8, 0x00, 0xFE, 0xC0, 0x00, 0x00, 
    0x00, 0x60, 0x38, 0x00, 0xFF, 0xC0, 0x00, 0x00, 0x00, 0x00, 0x18, 0x00, 0xC3, 0xC0, 0x00, 0x00, 
    0x00, 0x00, 0x00, 0x00, 0x00, 0xC0, 0x00, 0x00, 0x00, 0x00, 0x00, 0x00, 0x00, 0x00, 0x00, 0x00, 
    0x00, 0x00, 0x00, 0x00, 0x00, 0x00, 0x00, 0x00, 0x00, 0x00, 0x00, 0x00, 0x00, 0x00, 0x00, 0x00, 
    0x00, 0x00, 0x00, 0x00, 0x00, 0x00, 0x00, 0x00, 0x00, 0x00, 0x00, 0x00, 0x00, 0x00, 0x00, 0x00, 
      },
  {
    0x00, 0x00, 0x00, 0x00, 0x00, 0x00, 0x00, 0x00, 0x00, 0x00, 0x00, 0x00, 0x00, 0x00, 0x00, 0x00, 
    0x00, 0x00, 0x00, 0x00, 0x00, 0x00, 0x00, 0x00, 0x00, 0x00, 0x00, 0x00, 0x00, 0x00, 0x00, 0x00, 
    0x00, 0x00, 0x00, 0x00, 0x00, 0x00, 0x00, 0x00, 0x00, 0x00, 0x00, 0x00, 0x00, 0x00, 0x00, 0x00, 
    0x00, 0x00, 0x00, 0x00, 0x00, 0x00, 0x00, 0x00, 0x00, 0x00, 0x00, 0x00, 0x00, 0x00, 0xC0, 0x00, 
    0x00, 0x00, 0x00, 0x00, 0x00, 0x01, 0xC0, 0x00, 0x00, 0x00, 0x00, 0x00, 0x00, 0x01, 0xC0, 0x00, 
    0x00, 0x00, 0x00, 0x00, 0x00, 0x03, 0xE0, 0x00, 0x00, 0x00, 0x00, 0x00, 0x00, 0x7F, 0x60, 0x00, 
    0x00, 0x00, 0x00, 0x00, 0x00, 0x7E, 0x7C, 0x00, 0x00, 0x00, 0x00, 0x00, 0x00, 0x38, 0x1E, 0x00, 
    0x00, 0x00, 0x00, 0x00, 0x00, 0x18, 0x1E, 0x00, 0x00, 0x00, 0x00, 0x00, 0x00, 0x18, 0x38, 0x00, 
    0x00, 0x00, 0x00, 0x00, 0x00, 0x18, 0x30, 0x00, 0x00, 0x00, 0x00, 0x00, 0x00, 0x1F, 0xB0, 0x00, 
    0x00, 0x01, 0x80, 0x00, 0x00, 0x3F, 0xF0, 0x00, 0x00, 0x03, 0x80, 0x00, 0x00, 0x3C, 0xF0, 0x00, 
    0x00, 0x03, 0xC0, 0x06, 0x00, 0x00, 0x70, 0x00, 0x00, 0xFF, 0xC0, 0x00, 0x00, 0x00, 0x00, 0x00, 
    0x00, 0xFE, 0xE0, 0x00, 0x00, 0x00, 0x00, 0x00, 0x00, 0xF8, 0x7C, 0x00, 0x00, 0x00, 0x00, 0x00, 
    0x00, 0x60, 0x3E, 0x00, 0x00, 0x00, 0x00, 0x00, 0x00, 0x30, 0x1E, 0x00, 0x00, 0x00, 0x00, 0x00, 
    0x00, 0x30, 0x38, 0x00, 0x00, 0x00, 0x00, 0x00, 0x00, 0x30, 0x70, 0x00, 0x00, 0x00, 0x00, 0x00, 
    0x00, 0x32, 0x60, 0x00, 0x00, 0x00, 0x00, 0x00, 0x00, 0x7F, 0xE0, 0x00, 0x00, 0x00, 0x00, 0x00, 
    0x00, 0x7F, 0xE0, 0x00, 0x00, 0x00, 0x00, 0x00, 0x00, 0x60, 0xE0, 0x00, 0x00, 0x06, 0x00, 0x00, 
    0x00, 0x00, 0x60, 0x00, 0x00, 0x04, 0x00, 0x00, 0x00, 0x00, 0x00, 0x00, 0x00, 0x00, 0x00, 0x00, 
    0x00, 0x00, 0x00, 0x00, 0x00, 0x00, 0x00, 0x00, 0x00, 0x00, 0x00, 0x00, 0x00, 0x00, 0x00, 0x00, 
    0x00, 0x00, 0x00, 0x00, 0x00, 0x00, 0x00, 0x00, 0x00, 0x00, 0x00, 0x00, 0x00, 0x00, 0x00, 0x00, 
    0x00, 0x10, 0x00, 0x00, 0x00, 0x00, 0x00, 0x00, 0x00, 0x18, 0x40, 0x00, 0x00, 0x00, 0x00, 0x00, 
    0x00, 0x00, 0xE0, 0x00, 0x03, 0x00, 0x00, 0x00, 0x00, 0x00, 0xE0, 0x00, 0x07, 0x00, 0x00, 0x00, 
    0x00, 0x01, 0xF0, 0x00, 0x0E, 0x00, 0x00, 0x00, 0x00, 0x03, 0xB0, 0x00, 0x06, 0x00, 0x00, 0x00, 
    0x01, 0xFF, 0x38, 0x00, 0x07, 0x00, 0x00, 0x00, 0x01, 0xFE, 0x3C, 0x00, 0x07, 0x00, 0x00, 0x00, 
    0x00, 0xE0, 0x1F, 0x80, 0x0F, 0x00, 0x00, 0x00, 0x00, 0x60, 0x07, 0xC1, 0xFF, 0x80, 0x00, 0x00, 
    0x00, 0x70, 0x01, 0xC3, 0xF9, 0xC0, 0x00, 0x00, 0x00, 0x38, 0x07, 0x83, 0xC1, 0xF8, 0x00, 0x00, 
    0x00, 0x18, 0x0E, 0x01, 0xC0, 0x78, 0x00, 0x00, 0x00, 0x30, 0x1C, 0x00, 0xE0, 0x78, 0x00, 0x00, 
    0x00, 0x30, 0x1C, 0x00, 0x60, 0xF0, 0x00, 0x00, 0x00, 0x37, 0x8C, 0x00, 0xC0, 0xC0, 0x00, 0x00, 
    0x00, 0x7F, 0xDC, 0x00, 0xCC, 0xC0, 0x00, 0x00, 0x00, 0x7C, 0xFC, 0x00, 0xFF, 0xC0, 0x00, 0x00, 
    0x00, 0x60, 0x3C, 0x01, 0xFF, 0xC0, 0x00, 0x00, 0x00, 0x00, 0x1C, 0x00, 0x83, 0xC0, 0x00, 0x00, 
    0x00, 0x00, 0x00, 0x00, 0x01, 0x80, 0x00, 0x00, 0x00, 0x00, 0x00, 0x00, 0x00, 0x00, 0x00, 0x00, 
    0x00, 0x00, 0x00, 0x00, 0x00, 0x00, 0x00, 0x00, 0x00, 0x00, 0x00, 0x00, 0x00, 0x00, 0x00, 0x00, 
    0x00, 0x00, 0x00, 0x00, 0x00, 0x00, 0x00, 0x00, 0x00, 0x00, 0x00, 0x00, 0x00, 0x00, 0x00, 0x00, 
      },
  {
    0x00, 0x00, 0x00, 0x00, 0x00, 0x00, 0x00, 0x00, 0x00, 0x00, 0x00, 0x00, 0x00, 0x00, 0x00, 0x00, 
    0x00, 0x00, 0x00, 0x00, 0x00, 0x00, 0x00, 0x00, 0x00, 0x00, 0x00, 0x00, 0x00, 0x00, 0x00, 0x00, 
    0x00, 0x00, 0x00, 0x00, 0x00, 0x00, 0x00, 0x00, 0x00, 0x00, 0x00, 0x00, 0x00, 0x00, 0x00, 0x00, 
    0x00, 0x00, 0x00, 0x00, 0x00, 0x00, 0x00, 0x00, 0x00, 0x00, 0x00, 0x00, 0x00, 0x00, 0x80, 0x00, 
    0x00, 0x00, 0x00, 0x00, 0x00, 0x01, 0xC0, 0x00, 0x00, 0x00, 0x00, 0x00, 0x00, 0x03, 0xC0, 0x00, 
    0x00, 0x00, 0x00, 0x00, 0x00, 0x03, 0xC0, 0x00, 0x00, 0x00, 0x00, 0x00, 0x00, 0x7E, 0x60, 0x00, 
    0x00, 0x00, 0x00, 0x00, 0x00, 0x7E, 0x7C, 0x00, 0x00, 0x00, 0x00, 0x00, 0x00, 0x30, 0x3E, 0x00, 
    0x00, 0x00, 0x00, 0x00, 0x00, 0x38, 0x1E, 0x00, 0x00, 0x00, 0x00, 0x00, 0x00, 0x18, 0x38, 0x00, 
    0x00, 0x00, 0x00, 0x00, 0x00, 0x18, 0x70, 0x00, 0x00, 0x00, 0x00, 0x00, 0x00, 0x3F, 0x70, 0x00, 
    0x00, 0x01, 0x80, 0x00, 0x00, 0x3F, 0xF0, 0x00, 0x00, 0x01, 0xC0, 0x00, 0x00, 0x3D, 0xF0, 0x00, 
    0x00, 0x03, 0xC0, 0x06, 0x00, 0x00, 0x70, 0x00, 0x00, 0x07, 0xC0, 0x00, 0x00, 0x00, 0x20, 0x00, 
    0x00, 0xFE, 0xE0, 0x00, 0x00, 0x00, 0x00, 0x00, 0x00, 0xFC, 0x78, 0x00, 0x00, 0x00, 0x00, 0x00, 
    0x00, 0x60, 0x3E, 0x00, 0x00, 0x00, 0x00, 0x00, 0x00, 0x30, 0x1E, 0x00, 0x00, 0x00, 0x00, 0x00, 
    0x00, 0x38, 0x3C, 0x00, 0x00, 0x00, 0x00, 0x00, 0x00, 0x30, 0x70, 0x00, 0x00, 0x00, 0x00, 0x00, 
    0x00, 0x30, 0x60, 0x00, 0x00, 0x00, 0x00, 0x00, 0x00, 0x3F, 0x60, 0x00, 0x00, 0x00, 0x00, 0x00, 
    0x00, 0x7F, 0xE0, 0x00, 0x00, 0x00, 0x00, 0x00, 0x00, 0x70, 0xE0, 0x00, 0x00, 0x04, 0x00, 0x00, 
    0x00, 0x00, 0x60, 0x00, 0x00, 0x06, 0x00, 0x00, 0x00, 0x00, 0x00, 0x00, 0x00, 0x00, 0x00, 0x00, 
    0x00, 0x00, 0x00, 0x00, 0x00, 0x00, 0x00, 0x00, 0x00, 0x00, 0x00, 0x00, 0x00, 0x00, 0x00, 0x00, 
    0x00, 0x00, 0x00, 0x00, 0x00, 0x00, 0x00, 0x00, 0x00, 0x00, 0x00, 0x00, 0x00, 0x00, 0x00, 0x00, 
    0x00, 0x00, 0x00, 0x00, 0x00, 0x00, 0x00, 0x00, 0x00, 0x18, 0x60, 0x00, 0x01, 0x80, 0x00, 0x00, 
    0x00, 0x00, 0x60, 0x00, 0x03, 0x80, 0x00, 0x00, 0x00, 0x00, 0xE0, 0x00, 0x07, 0x00, 0x00, 0x00, 
    0x00, 0x01, 0xF0, 0x00, 0x06, 0x00, 0x00, 0x00, 0x00, 0x03, 0xB0, 0x00, 0x06, 0x00, 0x00, 0x00, 
    0x00, 0xFF, 0x38, 0x00, 0x06, 0x00, 0x00, 0x00, 0x01, 0xFF, 0x1C, 0x00, 0x0F, 0x00, 0x00, 0x00, 
    0x00, 0xE0, 0x1F, 0x80, 0x1F, 0x00, 0x00, 0x00, 0x00, 0x60, 0x07, 0xC3, 0xFB, 0x00, 0x00, 0x00, 
    0x00, 0x30, 0x01, 0xC3, 0xFB, 0xC0, 0x00, 0x00, 0x00, 0x38, 0x03, 0x83, 0x81, 0xF0, 0x00, 0x00, 
    0x00, 0x18, 0x0F, 0x01, 0x80, 0x78, 0x00, 0x00, 0x00, 0x38, 0x0C, 0x00, 0xC0, 0x70, 0x00, 0x00, 
    0x00, 0x30, 0x0C, 0x00, 0xC0, 0xE0, 0x00, 0x00, 0x00, 0x33, 0x8C, 0x00, 0xC1, 0xC0, 0x00, 0x00, 
    0x00, 0x7F, 0xCC, 0x00, 0xD9, 0x80, 0x00, 0x00, 0x00, 0x7C, 0xFC, 0x01, 0xFF, 0x80, 0x00, 0x00, 
    0x00, 0x60, 0x3C, 0x01, 0xFF, 0x80, 0x00, 0x00, 0x00, 0x00, 0x1C, 0x00, 0x83, 0x80, 0x00, 0x00, 
    0x00, 0x00, 0x00, 0x00, 0x01, 0x80, 0x00, 0x00, 0x00, 0x00, 0x00, 0x00, 0x00, 0x00, 0x00, 0x00, 
    0x00, 0x00, 0x00, 0x00, 0x00, 0x00, 0x00, 0x00, 0x00, 0x00, 0x00, 0x00, 0x00, 0x00, 0x00, 0x00, 
    0x00, 0x00, 0x00, 0x00, 0x00, 0x00, 0x00, 0x00, 0x00, 0x00, 0x00, 0x00, 0x00, 0x00, 0x00, 0x00, 
      },
  {
    0x00, 0x00, 0x00, 0x00, 0x00, 0x00, 0x00, 0x00, 0x00, 0x00, 0x00, 0x00, 0x00, 0x00, 0x00, 0x00, 
    0x00, 0x00, 0x00, 0x00, 0x00, 0x00, 0x00, 0x00, 0x00, 0x00, 0x00, 0x00, 0x00, 0x00, 0x00, 0x00, 
    0x00, 0x00, 0x00, 0x00, 0x00, 0x00, 0x00, 0x00, 0x00, 0x00, 0x00, 0x00, 0x00, 0x00, 0x00, 0x00, 
    0x00, 0x00, 0x00, 0x00, 0x00, 0x00, 0x00, 0x00, 0x00, 0x00, 0x00, 0x00, 0x00, 0x00, 0x00, 0x00, 
    0x00, 0x00, 0x00, 0x00, 0x00, 0x01, 0x80, 0x00, 0x00, 0x00, 0x00, 0x00, 0x00, 0x03, 0xC0, 0x00, 
    0x00, 0x00, 0x00, 0x00, 0x00, 0x03, 0xC0, 0x00, 0x00, 0x00, 0x00, 0x00, 0x00, 0x7E, 0xC0, 0x00, 
    0x00, 0x00, 0x00, 0x00, 0x00, 0xFE, 0xF8, 0x00, 0x00, 0x00, 0x00, 0x00, 0x00, 0x70, 0x7E, 0x00, 
    0x00, 0x00, 0x00, 0x00, 0x00, 0x30, 0x1E, 0x00, 0x00, 0x00, 0x00, 0x00, 0x00, 0x18, 0x38, 0x00, 
    0x00, 0x00, 0x00, 0x00, 0x00, 0x18, 0x70, 0x00, 0x00, 0x00, 0x00, 0x00, 0x00, 0x3A, 0x60, 0x00, 
    0x00, 0x00, 0x80, 0x00, 0x00, 0x3F, 0xE0, 0x00, 0x00, 0x01, 0xC0, 0x00, 0x00, 0x3F, 0xE0, 0x00, 
    0x00, 0x03, 0xC0, 0x06, 0x00, 0x20, 0xE0, 0x00, 0x00, 0x07, 0xC0, 0x06, 0x00, 0x00, 0x60, 0x00, 
    0x00, 0xFE, 0xE0, 0x00, 0x00, 0x00, 0x00, 0x00, 0x00, 0xFE, 0x78, 0x00, 0x00, 0x00, 0x00, 0x00, 
    0x00, 0x70, 0x7E, 0x00, 0x00, 0x00, 0x00, 0x00, 0x00, 0x30, 0x0E, 0x00, 0x00, 0x00, 0x00, 0x00, 
    0x00, 0x38, 0x1C, 0x00, 0x00, 0x00, 0x00, 0x00, 0x00, 0x38, 0x38, 0x00, 0x00, 0x00, 0x00, 0x00, 
    0x00, 0x30, 0x30, 0x00, 0x00, 0x00, 0x00, 0x00, 0x00, 0x3F, 0x30, 0x00, 0x00, 0x00, 0x00, 0x00, 
    0x00, 0x7F, 0xF0, 0x00, 0x00, 0x00, 0x00, 0x00, 0x00, 0x79, 0xF0, 0x00, 0x00, 0x00, 0x00, 0x00, 
    0x00, 0x00, 0x70, 0x00, 0x00, 0x06, 0x00, 0x00, 0x00, 0x00, 0x20, 0x00, 0x00, 0x00, 0x00, 0x00, 
    0x00, 0x00, 0x00, 0x00, 0x00, 0x00, 0x00, 0x00, 0x00, 0x00, 0x00, 0x00, 0x00, 0x00, 0x00, 0x00, 
    0x00, 0x00, 0x00, 0x00, 0x00, 0x00, 0x00, 0x00, 0x00, 0x00, 0x00, 0x00, 0x00, 0x00, 0x00, 0x00, 
    0x00, 0x00, 0x00, 0x00, 0x00, 0xC0, 0x00, 0x00, 0x00, 0x18, 0x00, 0x00, 0x01, 0xC0, 0x00, 0x00, 
    0x00, 0x10, 0x60, 0x00, 0x03, 0x80, 0x00, 0x00, 0x00, 0x00, 0xF0, 0x00, 0x07, 0x00, 0x00, 0x00, 
    0x00, 0x01, 0xF0, 0x00, 0x06, 0x00, 0x00, 0x00, 0x00, 0x01, 0xB0, 0x00, 0x04, 0x00, 0x00, 0x00, 
    0x00, 0xFF, 0x38, 0x00, 0x0E, 0x00, 0x00, 0x00, 0x00, 0xFF, 0x1C, 0x00, 0x0E, 0x00, 0x00, 0x00, 
    0x00, 0xE0, 0x1F, 0x00, 0x1F, 0x00, 0x00, 0x00, 0x00, 0x60, 0x07, 0xC3, 0xFB, 0x00, 0x00, 0x00, 
    0x00, 0x30, 0x01, 0xE7, 0xF3, 0xC0, 0x00, 0x00, 0x00, 0x38, 0x03, 0x83, 0x83, 0xF0, 0x00, 0x00, 
    0x00, 0x18, 0x0F, 0x01, 0x80, 0x78, 0x00, 0x00, 0x00, 0x18, 0x0E, 0x01, 0xC0, 0xF0, 0x00, 0x00, 
    0x00, 0x30, 0x0C, 0x00, 0xC1, 0xC0, 0x00, 0x00, 0x00, 0x33, 0x8C, 0x01, 0xC1, 0x80, 0x00, 0x00, 
    0x00, 0x3F, 0xCC, 0x01, 0xF9, 0x80, 0x00, 0x00, 0x00, 0x7E, 0xFC, 0x01, 0xFF, 0x80, 0x00, 0x00, 
    0x00, 0x70, 0x3C, 0x01, 0xEF, 0x80, 0x00, 0x00, 0x00, 0x00, 0x1C, 0x00, 0x03, 0x80, 0x00, 0x00, 
    0x00, 0x00, 0x08, 0x00, 0x01, 0x80, 0x00, 0x00, 0x00, 0x00, 0x00, 0x00, 0x00, 0x00, 0x00, 0x00, 
    0x00, 0x00, 0x00, 0x00, 0x00, 0x00, 0x00, 0x00, 0x00, 0x00, 0x00, 0x00, 0x00, 0x00, 0x00, 0x00, 
    0x00, 0x00, 0x00, 0x00, 0x00, 0x00, 0x00, 0x00, 0x00, 0x00, 0x00, 0x00, 0x00, 0x00, 0x00, 0x00, 
      },
  {
    0x00, 0x00, 0x00, 0x00, 0x00, 0x00, 0x00, 0x00, 0x00, 0x00, 0x00, 0x00, 0x00, 0x00, 0x00, 0x00, 
    0x00, 0x00, 0x00, 0x00, 0x00, 0x00, 0x00, 0x00, 0x00, 0x00, 0x00, 0x00, 0x00, 0x00, 0x00, 0x00, 
    0x00, 0x00, 0x00, 0x00, 0x00, 0x00, 0x00, 0x00, 0x00, 0x00, 0x00, 0x00, 0x00, 0x00, 0x00, 0x00, 
    0x00, 0x00, 0x00, 0x00, 0x00, 0x00, 0x00, 0x00, 0x00, 0x00, 0x00, 0x00, 0x00, 0x00, 0x00, 0x00, 
    0x00, 0x00, 0x00, 0x00, 0x00, 0x01, 0x80, 0x00, 0x00, 0x00, 0x00, 0x00, 0x00, 0x03, 0x80, 0x00, 
    0x00, 0x00, 0x00, 0x00, 0x00, 0x07, 0xC0, 0x00, 0x00, 0x00, 0x00, 0x00, 0x00, 0xFF, 0xC0, 0x00, 
    0x00, 0x00, 0x00, 0x00, 0x00, 0xFE, 0xE0, 0x00, 0x00, 0x00, 0x00, 0x00, 0x00, 0x70, 0x7C, 0x00, 
    0x00, 0x00, 0x00, 0x00, 0x00, 0x70, 0x1C, 0x00, 0x00, 0x00, 0x00, 0x00, 0x00, 0x38, 0x38, 0x00, 
    0x00, 0x00, 0x00, 0x00, 0x00, 0x38, 0x70, 0x00, 0x00, 0x00, 0x00, 0x00, 0x00, 0x30, 0x60, 0x00, 
    0x00, 0x00, 0x80, 0x00, 0x00, 0x3F, 0x60, 0x00, 0x00, 0x01, 0xC0, 0x00, 0x00, 0x7F, 0xE0, 0x00, 
    0x00, 0x03, 0xC0, 0x04, 0x00, 0x31, 0xE0, 0x00, 0x00, 0x03, 0xC0, 0x06, 0x00, 0x00, 0x60, 0x00, 
    0x00, 0xFF, 0xE0, 0x00, 0x00, 0x00, 0x00, 0x00, 0x00, 0xFE, 0x70, 0x00, 0x00, 0x00, 0x00, 0x00, 
    0x00, 0x70, 0x7E, 0x00, 0x00, 0x00, 0x00, 0x00, 0x00, 0x70, 0x1E, 0x00, 0x00, 0x00, 0x00, 0x00, 
    0x00, 0x38, 0x1E, 0x00, 0x00, 0x00, 0x00, 0x00, 0x00, 0x18, 0x38, 0x00, 0x00, 0x00, 0x00, 0x00, 
    0x00, 0x30, 0x30, 0x00, 0x00, 0x00, 0x00, 0x00, 0x00, 0x37, 0x30, 0x00, 0x00, 0x00, 0x00, 0x00, 
    0x00, 0x3F, 0xF0, 0x00, 0x00, 0x00, 0x00, 0x00, 0x00, 0x7D, 0xF0, 0x00, 0x00, 0x00, 0x00, 0x00, 
    0x00, 0x20, 0xF0, 0x00, 0x00, 0x04, 0x00, 0x00, 0x00, 0x00, 0x20, 0x00, 0x00, 0x04, 0x00, 0x00, 
    0x00, 0x00, 0x00, 0x00, 0x00, 0x00, 0x00, 0x00, 0x00, 0x00, 0x00, 0x00, 0x00, 0x00, 0x00, 0x00, 
    0x00, 0x00, 0x00, 0x00, 0x00, 0x00, 0x00, 0x00, 0x00, 0x00, 0x00, 0x00, 0x00, 0x60, 0x00, 0x00, 
    0x00, 0x00, 0x00, 0x00, 0x00, 0xE0, 0x00, 0x00, 0x00, 0x10, 0x00, 0x00, 0x01, 0xC0, 0x00, 0x00, 
    0x00, 0x18, 0x60, 0x00, 0x03, 0x80, 0x00, 0x00, 0x00, 0x00, 0xF0, 0x00, 0x07, 0x00, 0x00, 0x00, 
    0x00, 0x00, 0xF0, 0x00, 0x06, 0x00, 0x00, 0x00, 0x00, 0x01, 0xB0, 0x00, 0x04, 0x00, 0x00, 0x00, 
    0x00, 0xFF, 0xB8, 0x00, 0x0E, 0x00, 0x00, 0x00, 0x00, 0xFF, 0x18, 0x00, 0x1E, 0x00, 0x00, 0x00, 
    0x00, 0xFE, 0x1F, 0x00, 0x3E, 0x00, 0x00, 0x00, 0x00, 0x60, 0x0F, 0xC7, 0xF7, 0x00, 0x00, 0x00, 
    0x00, 0x70, 0x01, 0xE7, 0xF3, 0xC0, 0x00, 0x00, 0x00, 0x38, 0x03, 0xC3, 0x03, 0xF0, 0x00, 0x00, 
    0x00, 0x18, 0x07, 0x01, 0x80, 0xF0, 0x00, 0x00, 0x00, 0x18, 0x0E, 0x01, 0xC0, 0xE0, 0x00, 0x00, 
    0x00, 0x38, 0x0C, 0x01, 0xC1, 0xC0, 0x00, 0x00, 0x00, 0x31, 0x8C, 0x01, 0x83, 0x80, 0x00, 0x00, 
    0x00, 0x3F, 0xCC, 0x01, 0xF9, 0x80, 0x00, 0x00, 0x00, 0x7E, 0xFC, 0x03, 0xFF, 0x80, 0x00, 0x00, 
    0x00, 0x70, 0x7C, 0x03, 0xCF, 0x80, 0x00, 0x00, 0x00, 0x00, 0x1C, 0x00, 0x03, 0x80, 0x00, 0x00, 
    0x00, 0x00, 0x0C, 0x00, 0x01, 0x00, 0x00, 0x00, 0x00, 0x00, 0x00, 0x00, 0x00, 0x00, 0x00, 0x00, 
    0x00, 0x00, 0x00, 0x00, 0x00, 0x00, 0x00, 0x00, 0x00, 0x00, 0x00, 0x00, 0x00, 0x00, 0x00, 0x00, 
    0x00, 0x00, 0x00, 0x00, 0x00, 0x00, 0x00, 0x00, 0x00, 0x00, 0x00, 0x00, 0x00, 0x00, 0x00, 0x00, 
      },
  {
    0x00, 0x00, 0x00, 0x00, 0x00, 0x00, 0x00, 0x00, 0x00, 0x00, 0x00, 0x00, 0x00, 0x00, 0x00, 0x00, 
    0x00, 0x00, 0x00, 0x00, 0x00, 0x00, 0x00, 0x00, 0x00, 0x00, 0x00, 0x00, 0x00, 0x00, 0x00, 0x00, 
    0x00, 0x00, 0x00, 0x00, 0x00, 0x00, 0x00, 0x00, 0x00, 0x00, 0x00, 0x00, 0x00, 0x00, 0x00, 0x00, 
    0x00, 0x00, 0x00, 0x00, 0x00, 0x00, 0x00, 0x00, 0x00, 0x00, 0x00, 0x00, 0x00, 0x00, 0x00, 0x00, 
    0x00, 0x00, 0x00, 0x00, 0x00, 0x01, 0x80, 0x00, 0x00, 0x00, 0x00, 0x00, 0x00, 0x03, 0x80, 0x00, 
    0x00, 0x00, 0x00, 0x00, 0x00, 0x07, 0x80, 0x00, 0x00, 0x00, 0x00, 0x00, 0x00, 0x4F, 0xC0, 0x00, 
    0x00, 0x00, 0x00, 0x00, 0x00, 0xFE, 0xC0, 0x00, 0x00, 0x00, 0x00, 0x00, 0x00, 0xFC, 0xFC, 0x00, 
    0x00, 0x00, 0x00, 0x00, 0x00, 0x70, 0x3C, 0x00, 0x00, 0x00, 0x00, 0x00, 0x00, 0x30, 0x3C, 0x00, 
    0x00, 0x00, 0x00, 0x00, 0x00, 0x30, 0x70, 0x00, 0x00, 0x00, 0x00, 0x00, 0x00, 0x30, 0x60, 0x00, 
    0x00, 0x00, 0x00, 0x00, 0x00, 0x3F, 0x60, 0x00, 0x00, 0x01, 0x80, 0x00, 0x00, 0x7F, 0xE0, 0x00, 
    0x00, 0x01, 0xC0, 0x04, 0x00, 0x79, 0xE0, 0x00, 0x00, 0x03, 0xC0, 0x04, 0x00, 0x00, 0xE0, 0x00, 
    0x00, 0x7F, 0xE0, 0x00, 0x00, 0x00, 0x00, 0x00, 0x00, 0xFE, 0x70, 0x00, 0x00, 0x00, 0x00, 0x00, 
    0x00, 0xF0, 0x7C, 0x00, 0x00, 0x00, 0x00, 0x00, 0x00, 0x70, 0x1E, 0x00, 0x00, 0x00, 0x00, 0x00, 
    0x00, 0x30, 0x1E, 0x00, 0x00, 0x00, 0x00, 0x00, 0x00, 0x38, 0x38, 0x00, 0x00, 0x00, 0x00, 0x00, 
    0x00, 0x30, 0x30, 0x00, 0x00, 0x00, 0x00, 0x00, 0x00, 0x32, 0x30, 0x00, 0x00, 0x00, 0x00, 0x00, 
    0x00, 0x3F, 0xF0, 0x00, 0x00, 0x00, 0x00, 0x00, 0x00, 0x7F, 0xF0, 0x00, 0x00, 0x00, 0x00, 0x00, 
    0x00, 0x20, 0xF0, 0x00, 0x00, 0x04, 0x00, 0x00, 0x00, 0x00, 0x60, 0x00, 0x00, 0x04, 0x00, 0x00, 
    0x00, 0x00, 0x00, 0x00, 0x00, 0x00, 0x00, 0x00, 0x00, 0x00, 0x00, 0x00, 0x00, 0x10, 0x00, 0x00, 
    0x00, 0x00, 0x00, 0x00, 0x00, 0x38, 0x00, 0x00, 0x00, 0x00, 0x00, 0x00, 0x00, 0x70, 0x00, 0x00, 
    0x00, 0x00, 0x00, 0x00, 0x00, 0xE0, 0x00, 0x00, 0x00, 0x10, 0x00, 0x00, 0x01, 0xC0, 0x00, 0x00, 
    0x00, 0x18, 0x60, 0x00, 0x03, 0x80, 0x00, 0x00, 0x00, 0x00, 0xE0, 0x00, 0x07, 0x00, 0x00, 0x00, 
    0x00, 0x00, 0xF0, 0x00, 0x06, 0x00, 0x00, 0x00, 0x00, 0x01, 0xF0, 0x00, 0x0C, 0x00, 0x00, 0x00, 
    0x00, 0x03, 0xB8, 0x00, 0x1C, 0x00, 0x00, 0x00, 0x00, 0xFF, 0x18, 0x00, 0x1E, 0x00, 0x00, 0x00, 
    0x00, 0xFE, 0x1E, 0x00, 0x3E, 0x00, 0x00, 0x00, 0x00, 0x60, 0x0F, 0xC7, 0xF7, 0x00, 0x00, 0x00, 
    0x00, 0x70, 0x01, 0xE7, 0xE3, 0xC0, 0x00, 0x00, 0x00, 0x38, 0x03, 0xC3, 0x01, 0xF0, 0x00, 0x00, 
    0x00, 0x18, 0x07, 0x83, 0x80, 0xF0, 0x00, 0x00, 0x00, 0x18, 0x0E, 0x01, 0x81, 0xE0, 0x00, 0x00, 
    0x00, 0x38, 0x0C, 0x01, 0x83, 0x80, 0x00, 0x00, 0x00, 0x31, 0x0C, 0x01, 0x83, 0x00, 0x00, 0x00, 
    0x00, 0x3F, 0xCC, 0x03, 0xFB, 0x00, 0x00, 0x00, 0x00, 0x7F, 0xFC, 0x03, 0xFF, 0x00, 0x00, 0x00, 
    0x00, 0x78, 0x7C, 0x03, 0x8F, 0x00, 0x00, 0x00, 0x00, 0x00, 0x1C, 0x00, 0x03, 0x00, 0x00, 0x00, 
    0x00, 0x00, 0x0C, 0x00, 0x00, 0x00, 0x00, 0x00, 0x00, 0x00, 0x00, 0x00, 0x00, 0x00, 0x00, 0x00, 
    0x00, 0x00, 0x00, 0x00, 0x00, 0x00, 0x00, 0x00, 0x00, 0x00, 0x00, 0x00, 0x00, 0x00, 0x00, 0x00, 
    0x00, 0x00, 0x00, 0x00, 0x00, 0x00, 0x00, 0x00, 0x00, 0x00, 0x00, 0x00, 0x00, 0x00, 0x00, 0x00, 
      },
  {
    0x00, 0x00, 0x00, 0x00, 0x00, 0x00, 0x00, 0x00, 0x00, 0x00, 0x00, 0x00, 0x00, 0x00, 0x00, 0x00, 
    0x00, 0x00, 0x00, 0x00, 0x00, 0x00, 0x00, 0x00, 0x00, 0x00, 0x00, 0x00, 0x00, 0x00, 0x00, 0x00, 
    0x00, 0x00, 0x00, 0x00, 0x00, 0x00, 0x00, 0x00, 0x00, 0x00, 0x00, 0x00, 0x00, 0x00, 0x00, 0x00, 
    0x00, 0x00, 0x00, 0x00, 0x00, 0x00, 0x00, 0x00, 0x00, 0x00, 0x00, 0x00, 0x00, 0x00, 0x00, 0x00, 
    0x00, 0x00, 0x00, 0x00, 0x00, 0x01, 0x00, 0x00, 0x00, 0x00, 0x00, 0x00, 0x00, 0x03, 0x80, 0x00, 
    0x00, 0x00, 0x00, 0x00, 0x00, 0x03, 0x80, 0x00, 0x00, 0x00, 0x00, 0x00, 0x00, 0x07, 0x80, 0x00, 
    0x00, 0x00, 0x00, 0x00, 0x00, 0xFE, 0xC0, 0x00, 0x00, 0x00, 0x00, 0x00, 0x00, 0xFC, 0xF8, 0x00, 
    0x00, 0x00, 0x00, 0x00, 0x00, 0x60, 0x7C, 0x00, 0x00, 0x00, 0x00, 0x00, 0x00, 0x30, 0x3C, 0x00, 
    0x00, 0x00, 0x00, 0x00, 0x00, 0x30, 0x78, 0x00, 0x00, 0x00, 0x00, 0x00, 0x00, 0x30, 0x60, 0x00, 
    0x00, 0x00, 0x00, 0x00, 0x00, 0x36, 0x60, 0x00, 0x00, 0x01, 0x80, 0x00, 0x00, 0x7F, 0xE0, 0x00, 
    0x00, 0x03, 0x80, 0x04, 0x00, 0x7B, 0xE0, 0x00, 0x00, 0x03, 0xC0, 0x0C, 0x00, 0x00, 0xE0, 0x00, 
    0x00, 0x07, 0xC0, 0x00, 0x00, 0x00, 0x40, 0x00, 0x00, 0xFE, 0xE0, 0x00, 0x00, 0x00, 0x00, 0x00, 
    0x00, 0xFC, 0x7C, 0x00, 0x00, 0x00, 0x00, 0x00, 0x00, 0x60, 0x3E, 0x00, 0x00, 0x00, 0x00, 0x00, 
    0x00, 0x70, 0x1E, 0x00, 0x00, 0x00, 0x00, 0x00, 0x00, 0x30, 0x38, 0x00, 0x00, 0x00, 0x00, 0x00, 
    0x00, 0x30, 0x70, 0x00, 0x00, 0x00, 0x00, 0x00, 0x00, 0x32, 0x60, 0x00, 0x00, 0x00, 0x00, 0x00, 
    0x00, 0x7F, 0x60, 0x00, 0x00, 0x00, 0x00, 0x00, 0x00, 0x7F, 0xE0, 0x00, 0x00, 0x00, 0x00, 0x00, 
    0x00, 0x70, 0xE0, 0x00, 0x00, 0x04, 0x00, 0x00, 0x00, 0x00, 0x60, 0x00, 0x00, 0x0C, 0x00, 0x00, 
    0x00, 0x00, 0x00, 0x00, 0x00, 0x0C, 0x00, 0x00, 0x00, 0x00, 0x00, 0x00, 0x00, 0x1C, 0x00, 0x00, 
    0x00, 0x00, 0x00, 0x00, 0x00, 0x38, 0x00, 0x00, 0x00, 0x00, 0x00, 0x00, 0x00, 0x70, 0x00, 0x00, 
    0x00, 0x00, 0x00, 0x00, 0x00, 0xE0, 0x00, 0x00, 0x00, 0x00, 0x00, 0x00, 0x01, 0xC0, 0x00, 0x00, 
    0x00, 0x10, 0x60, 0x00, 0x03, 0x80, 0x00, 0x00, 0x00, 0x00, 0xE0, 0x00, 0x03, 0x00, 0x00, 0x00, 
    0x00, 0x00, 0xF0, 0x00, 0x00, 0x00, 0x00, 0x00, 0x00, 0x01, 0xF0, 0x00, 0x0C, 0x00, 0x00, 0x00, 
    0x00, 0x03, 0xB0, 0x00, 0x1C, 0x00, 0x00, 0x00, 0x00, 0xFF, 0x18, 0x00, 0x3E, 0x00, 0x00, 0x00, 
    0x00, 0xFE, 0x1E, 0x07, 0xF6, 0x00, 0x00, 0x00, 0x00, 0x60, 0x1F, 0xC7, 0xE7, 0x00, 0x00, 0x00, 
    0x00, 0x70, 0x03, 0xE7, 0x03, 0xE0, 0x00, 0x00, 0x00, 0x38, 0x01, 0xC3, 0x01, 0xF0, 0x00, 0x00, 
    0x00, 0x18, 0x07, 0x83, 0x80, 0xE0, 0x00, 0x00, 0x00, 0x18, 0x0E, 0x01, 0x81, 0xC0, 0x00, 0x00, 
    0x00, 0x38, 0x0C, 0x01, 0x83, 0x80, 0x00, 0x00, 0x00, 0x30, 0x0C, 0x03, 0xB3, 0x00, 0x00, 0x00, 
    0x00, 0x37, 0xCC, 0x03, 0xFF, 0x00, 0x00, 0x00, 0x00, 0x7F, 0xEC, 0x03, 0xFF, 0x00, 0x00, 0x00, 
    0x00, 0x78, 0x7C, 0x03, 0x07, 0x00, 0x00, 0x00, 0x00, 0x00, 0x3C, 0x00, 0x03, 0x00, 0x00, 0x00, 
    0x00, 0x00, 0x0C, 0x00, 0x00, 0x00, 0x00, 0x00, 0x00, 0x00, 0x00, 0x00, 0x00, 0x00, 0x00, 0x00, 
    0x00, 0x00, 0x00, 0x00, 0x00, 0x00, 0x00, 0x00, 0x00, 0x00, 0x00, 0x00, 0x00, 0x00, 0x00, 0x00, 
    0x00, 0x00, 0x00, 0x00, 0x00, 0x00, 0x00, 0x00, 0x00, 0x00, 0x00, 0x00, 0x00, 0x00, 0x00, 0x00, 
      },
  {
    0x00, 0x00, 0x00, 0x00, 0x00, 0x00, 0x00, 0x00, 0x00, 0x00, 0x00, 0x00, 0x00, 0x00, 0x00, 0x00, 
    0x00, 0x00, 0x00, 0x00, 0x00, 0x00, 0x00, 0x00, 0x00, 0x00, 0x00, 0x00, 0x00, 0x00, 0x00, 0x00, 
    0x00, 0x00, 0x00, 0x00, 0x00, 0x00, 0x00, 0x00, 0x00, 0x00, 0x00, 0x00, 0x00, 0x00, 0x00, 0x00, 
    0x00, 0x00, 0x00, 0x00, 0x00, 0x00, 0x00, 0x00, 0x00, 0x00, 0x00, 0x00, 0x00, 0x00, 0x00, 0x00, 
    0x00, 0x00, 0x00, 0x00, 0x00, 0x00, 0x00, 0x00, 0x00, 0x00, 0x00, 0x00, 0x00, 0x03, 0x80, 0x00, 
    0x00, 0x00, 0x00, 0x00, 0x00, 0x03, 0x80, 0x00, 0x00, 0x00, 0x00, 0x00, 0x00, 0x07, 0x80, 0x00, 
    0x00, 0x00, 0x00, 0x00, 0x00, 0xFF, 0xC0, 0x00, 0x00, 0x00, 0x00, 0x00, 0x00, 0xFC, 0xF0, 0x00, 
    0x00, 0x00, 0x00, 0x00, 0x00, 0x60, 0x7C, 0x00, 0x00, 0x00, 0x00, 0x00, 0x00, 0x70, 0x3C, 0x00, 
    0x00, 0x00, 0x00, 0x00, 0x00, 0x30, 0x78, 0x00, 0x00, 0x00, 0x00, 0x00, 0x00, 0x30, 0x60, 0x00, 
    0x00, 0x00, 0x00, 0x00, 0x00, 0x36, 0x60, 0x00, 0x00, 0x01, 0x80, 0x00, 0x00, 0x7F, 0xE0, 0x00, 
    0x00, 0x03, 0x80, 0x04, 0x00, 0x7F, 0xE0, 0x00, 0x00, 0x07, 0x80, 0x0C, 0x00, 0x61, 0xE0, 0x00, 
    0x00, 0x07, 0xC0, 0x00, 0x00, 0x00, 0x40, 0x00, 0x01, 0xFE, 0xE0, 0x00, 0x00, 0x00, 0x00, 0x00, 
    0x00, 0xFC, 0xF8, 0x00, 0x00, 0x00, 0x00, 0x00, 0x00, 0xE0, 0x7E, 0x00, 0x00, 0x00, 0x00, 0x00, 
    0x00, 0x70, 0x1E, 0x00, 0x00, 0x00, 0x00, 0x00, 0x00, 0x30, 0x38, 0x00, 0x00, 0x00, 0x00, 0x00, 
    0x00, 0x30, 0x70, 0x00, 0x00, 0x00, 0x00, 0x00, 0x00, 0x70, 0x60, 0x00, 0x00, 0x00, 0x00, 0x00, 
    0x00, 0x7F, 0x60, 0x00, 0x00, 0x00, 0x00, 0x00, 0x00, 0x7F, 0xE0, 0x00, 0x00, 0x00, 0x00, 0x00, 
    0x00, 0x71, 0xE0, 0x00, 0x00, 0x00, 0x00, 0x00, 0x00, 0x00, 0xE0, 0x00, 0x00, 0x0E, 0x00, 0x00, 
    0x00, 0x00, 0x00, 0x00, 0x00, 0x0E, 0x00, 0x00, 0x00, 0x00, 0x00, 0x00, 0x00, 0x1C, 0x00, 0x00, 
    0x00, 0x00, 0x00, 0x00, 0x00, 0x38, 0x00, 0x00, 0x00, 0x00, 0x00, 0x00, 0x00, 0x70, 0x00, 0x00, 
    0x00, 0x00, 0x00, 0x00, 0x00, 0xE0, 0x00, 0x00, 0x00, 0x00, 0x00, 0x00, 0x01, 0xC0, 0x00, 0x00, 
    0x00, 0x30, 0x60, 0x00, 0x03, 0x80, 0x00, 0x00, 0x00, 0x10, 0x60, 0x00, 0x03, 0x00, 0x00, 0x00, 
    0x00, 0x00, 0xF0, 0x00, 0x08, 0x00, 0x00, 0x00, 0x00, 0x01, 0xF0, 0x00, 0x0C, 0x00, 0x00, 0x00, 
    0x00, 0x03, 0xB0, 0x00, 0x1C, 0x00, 0x00, 0x00, 0x00, 0xFF, 0x38, 0x00, 0x3E, 0x00, 0x00, 0x00, 
    0x00, 0xFE, 0x1C, 0x07, 0xF6, 0x00, 0x00, 0x00, 0x00, 0xE0, 0x1F, 0x8F, 0xE7, 0x80, 0x00, 0x00, 
    0x00, 0x70, 0x03, 0xE7, 0x03, 0xE0, 0x00, 0x00, 0x00, 0x30, 0x01, 0xC3, 0x00, 0xF0, 0x00, 0x00, 
    0x00, 0x18, 0x07, 0x81, 0x81, 0xE0, 0x00, 0x00, 0x00, 0x18, 0x0F, 0x01, 0x83, 0xC0, 0x00, 0x00, 
    0x00, 0x38, 0x0C, 0x01, 0x83, 0x00, 0x00, 0x00, 0x00, 0x30, 0x0C, 0x03, 0xB3, 0x00, 0x00, 0x00, 
    0x00, 0x37, 0x8C, 0x03, 0xFF, 0x00, 0x00, 0x00, 0x00, 0x7F, 0xEC, 0x03, 0xDF, 0x00, 0x00, 0x00, 
    0x00, 0x7C, 0x7C, 0x00, 0x07, 0x00, 0x00, 0x00, 0x00, 0x20, 0x3C, 0x00, 0x03, 0x00, 0x00, 0x00, 
    0x00, 0x00, 0x1C, 0x00, 0x00, 0x00, 0x00, 0x00, 0x00, 0x00, 0x00, 0x00, 0x00, 0x00, 0x00, 0x00, 
    0x00, 0x00, 0x00, 0x00, 0x00, 0x00, 0x00, 0x00, 0x00, 0x00, 0x00, 0x00, 0x00, 0x00, 0x00, 0x00, 
    0x00, 0x00, 0x00, 0x00, 0x00, 0x00, 0x00, 0x00, 0x00, 0x00, 0x00, 0x00, 0x00, 0x00, 0x00, 0x00, 
      },
  {
    0x00, 0x00, 0x00, 0x00, 0x00, 0x00, 0x00, 0x00, 0x00, 0x00, 0x00, 0x00, 0x00, 0x00, 0x00, 0x00, 
    0x00, 0x00, 0x00, 0x00, 0x00, 0x00, 0x00, 0x00, 0x00, 0x00, 0x00, 0x00, 0x00, 0x00, 0x00, 0x00, 
    0x00, 0x00, 0x00, 0x00, 0x00, 0x00, 0x00, 0x00, 0x00, 0x00, 0x00, 0x00, 0x00, 0x00, 0x00, 0x00, 
    0x00, 0x00, 0x00, 0x00, 0x00, 0x00, 0x00, 0x00, 0x00, 0x00, 0x00, 0x00, 0x00, 0x00, 0x00, 0x00, 
    0x00, 0x00, 0x00, 0x00, 0x00, 0x00, 0x00, 0x00, 0x00, 0x00, 0x00, 0x00, 0x00, 0x03, 0x80, 0x00, 
    0x00, 0x00, 0x00, 0x00, 0x00, 0x03, 0x80, 0x00, 0x00, 0x00, 0x00, 0x00, 0x00, 0x07, 0x80, 0x00, 
    0x00, 0x00, 0x00, 0x00, 0x00, 0xFF, 0xC0, 0x00, 0x00, 0x00, 0x00, 0x00, 0x00, 0xFC, 0xE0, 0x00, 
    0x00, 0x00, 0x00, 0x00, 0x00, 0xE0, 0xFC, 0x00, 0x00, 0x00, 0x00, 0x00, 0x00, 0x70, 0x3C, 0x00, 
    0x00, 0x00, 0x00, 0x00, 0x00, 0x30, 0x38, 0x00, 0x00, 0x00, 0x00, 0x00, 0x00, 0x30, 0x70, 0x00, 
    0x00, 0x00, 0x00, 0x00, 0x00, 0x30, 0x60, 0x00, 0x00, 0x01, 0x00, 0x00, 0x00, 0x7F, 0xE0, 0x00, 
    0x00, 0x03, 0x80, 0x0C, 0x00, 0x7F, 0xE0, 0x00, 0x00, 0x07, 0x80, 0x0C, 0x00, 0x61, 0xE0, 0x00, 
    0x00, 0x0F, 0x80, 0x00, 0x00, 0x00, 0xC0, 0x00, 0x01, 0xFD, 0xC0, 0x00, 0x00, 0x00, 0x00, 0x00, 
    0x01, 0xF8, 0xF0, 0x00, 0x00, 0x00, 0x00, 0x00, 0x00, 0xE0, 0x7C, 0x00, 0x00, 0x00, 0x00, 0x00, 
    0x00, 0x60, 0x1C, 0x00, 0x00, 0x00, 0x00, 0x00, 0x00, 0x70, 0x38, 0x00, 0x00, 0x00, 0x00, 0x00, 
    0x00, 0x70, 0x70, 0x00, 0x00, 0x00, 0x00, 0x00, 0x00, 0x60, 0x60, 0x00, 0x00, 0x00, 0x00, 0x00, 
    0x00, 0x7E, 0x60, 0x00, 0x00, 0x00, 0x00, 0x00, 0x00, 0xFF, 0xE0, 0x00, 0x00, 0x00, 0x00, 0x00, 
    0x00, 0xF3, 0xE0, 0x00, 0x00, 0x03, 0x00, 0x00, 0x00, 0x00, 0xE0, 0x00, 0x00, 0x0F, 0x00, 0x00, 
    0x00, 0x00, 0x00, 0x00, 0x00, 0x0E, 0x00, 0x00, 0x00, 0x00, 0x00, 0x00, 0x00, 0x1C, 0x00, 0x00, 
    0x00, 0x00, 0x00, 0x00, 0x00, 0x38, 0x00, 0x00, 0x00, 0x00, 0x00, 0x00, 0x00, 0x70, 0x00, 0x00, 
    0x00, 0x00, 0x00, 0x00, 0x00, 0xE0, 0x00, 0x00, 0x00, 0x00, 0x00, 0x00, 0x01, 0xC0, 0x00, 0x00, 
    0x00, 0x30, 0x60, 0x00, 0x03, 0x80, 0x00, 0x00, 0x00, 0x20, 0x60, 0x00, 0x03, 0x00, 0x00, 0x00, 
    0x00, 0x00, 0xF0, 0x00, 0x0C, 0x00, 0x00, 0x00, 0x00, 0x01, 0xF0, 0x00, 0x1C, 0x00, 0x00, 0x00, 
    0x00, 0x03, 0xB0, 0x00, 0x1C, 0x00, 0x00, 0x00, 0x00, 0xFF, 0x38, 0x00, 0x3E, 0x00, 0x00, 0x00, 
    0x00, 0xFF, 0x1C, 0x0F, 0xF6, 0x00, 0x00, 0x00, 0x00, 0xE0, 0x1F, 0x8F, 0xE7, 0x80, 0x00, 0x00, 
    0x00, 0x60, 0x07, 0xE7, 0x03, 0xF0, 0x00, 0x00, 0x00, 0x30, 0x01, 0xC3, 0x00, 0xF0, 0x00, 0x00, 
    0x00, 0x38, 0x03, 0x81, 0x81, 0xE0, 0x00, 0x00, 0x00, 0x18, 0x0F, 0x01, 0x83, 0x80, 0x00, 0x00, 
    0x00, 0x38, 0x0C, 0x03, 0x83, 0x00, 0x00, 0x00, 0x00, 0x30, 0x0C, 0x03, 0xFB, 0x00, 0x00, 0x00, 
    0x00, 0x33, 0x8C, 0x03, 0xFF, 0x00, 0x00, 0x00, 0x00, 0x7F, 0xCC, 0x03, 0x8F, 0x00, 0x00, 0x00, 
    0x00, 0x7C, 0xFC, 0x00, 0x07, 0x00, 0x00, 0x00, 0x00, 0x60, 0x3C, 0x00, 0x00, 0x00, 0x00, 0x00, 
    0x00, 0x00, 0x1C, 0x00, 0x00, 0x00, 0x00, 0x00, 0x00, 0x00, 0x00, 0x00, 0x00, 0x00, 0x00, 0x00, 
    0x00, 0x00, 0x00, 0x00, 0x00, 0x00, 0x00, 0x00, 0x00, 0x00, 0x00, 0x00, 0x00, 0x00, 0x00, 0x00, 
    0x00, 0x00, 0x00, 0x00, 0x00, 0x00, 0x00, 0x00, 0x00, 0x00, 0x00, 0x00, 0x00, 0x00, 0x00, 0x00, 
      },
  {
    0x00, 0x00, 0x00, 0x00, 0x00, 0x00, 0x00, 0x00, 0x00, 0x00, 0x00, 0x00, 0x00, 0x00, 0x00, 0x00, 
    0x00, 0x00, 0x00, 0x00, 0x00, 0x00, 0x00, 0x00, 0x00, 0x00, 0x00, 0x00, 0x00, 0x00, 0x00, 0x00, 
    0x00, 0x00, 0x00, 0x00, 0x00, 0x00, 0x00, 0x00, 0x00, 0x00, 0x00, 0x00, 0x00, 0x00, 0x00, 0x00, 
    0x00, 0x00, 0x00, 0x00, 0x00, 0x00, 0x00, 0x00, 0x00, 0x00, 0x00, 0x00, 0x00, 0x00, 0x00, 0x00, 
    0x00, 0x00, 0x00, 0x00, 0x00, 0x00, 0x00, 0x00, 0x00, 0x00, 0x00, 0x00, 0x00, 0x01, 0x00, 0x00, 
    0x00, 0x00, 0x00, 0x00, 0x00, 0x03, 0x80, 0x00, 0x00, 0x00, 0x00, 0x00, 0x00, 0x07, 0x80, 0x00, 
    0x00, 0x00, 0x00, 0x00, 0x00, 0x6F, 0x80, 0x00, 0x00, 0x00, 0x00, 0x00, 0x00, 0xFC, 0xC0, 0x00, 
    0x00, 0x00, 0x00, 0x00, 0x00, 0xF8, 0xF8, 0x00, 0x00, 0x00, 0x00, 0x00, 0x00, 0x60, 0x3C, 0x00, 
    0x00, 0x00, 0x00, 0x00, 0x00, 0x30, 0x38, 0x00, 0x00, 0x00, 0x00, 0x00, 0x00, 0x30, 0x70, 0x00, 
    0x00, 0x00, 0x00, 0x00, 0x00, 0x30, 0x60, 0x00, 0x00, 0x03, 0x00, 0x00, 0x00, 0x7E, 0xE0, 0x00, 
    0x00, 0x03, 0x00, 0x08, 0x00, 0x7F, 0xE0, 0x00, 0x00, 0x07, 0x80, 0x0C, 0x00, 0x71, 0xE0, 0x00, 
    0x00, 0x0F, 0x80, 0x00, 0x00, 0x00, 0xE0, 0x00, 0x01, 0xFD, 0xC0, 0x00, 0x00, 0x00, 0x00, 0x00, 
    0x01, 0xF9, 0xE0, 0x00, 0x00, 0x00, 0x00, 0x00, 0x01, 0xC0, 0xFC, 0x00, 0x00, 0x00, 0x00, 0x00, 
    0x00, 0xE0, 0x3C, 0x00, 0x00, 0x00, 0x00, 0x00, 0x00, 0x60, 0x78, 0x00, 0x00, 0x00, 0x00, 0x00, 
    0x00, 0x60, 0xE0, 0x00, 0x00, 0x00, 0x00, 0x00, 0x00, 0x60, 0xC0, 0x00, 0x00, 0x00, 0x00, 0x00, 
    0x00, 0xFE, 0xC0, 0x00, 0x00, 0x00, 0x80, 0x00, 0x00, 0xFF, 0xC0, 0x00, 0x00, 0x01, 0x80, 0x00, 
    0x00, 0xF3, 0xC0, 0x00, 0x00, 0x03, 0x80, 0x00, 0x00, 0x01, 0xC0, 0x00, 0x00, 0x0F, 0x00, 0x00, 
    0x00, 0x00, 0x40, 0x00, 0x00, 0x0E, 0x00, 0x00, 0x00, 0x00, 0x00, 0x00, 0x00, 0x1C, 0x00, 0x00, 
    0x00, 0x00, 0x00, 0x00, 0x00, 0x38, 0x00, 0x00, 0x00, 0x00, 0x00, 0x00, 0x00, 0x70, 0x00, 0x00, 
    0x00, 0x00, 0x00, 0x00, 0x00, 0xE0, 0x00, 0x00, 0x00, 0x00, 0x00, 0x00, 0x01, 0xC0, 0x00, 0x00, 
    0x00, 0x60, 0x00, 0x00, 0x03, 0x80, 0x00, 0x00, 0x00, 0x20, 0x60, 0x00, 0x01, 0x00, 0x00, 0x00, 
    0x00, 0x00, 0xE0, 0x00, 0x0C, 0x00, 0x00, 0x00, 0x00, 0x01, 0xF0, 0x00, 0x1C, 0x00, 0x00, 0x00, 
    0x00, 0x03, 0xB0, 0x00, 0x3C, 0x00, 0x00, 0x00, 0x00, 0xFF, 0x30, 0x00, 0x7E, 0x00, 0x00, 0x00, 
    0x01, 0xFF, 0x38, 0x0F, 0xE7, 0x00, 0x00, 0x00, 0x00, 0xE0, 0x1F, 0x07, 0xC7, 0xC0, 0x00, 0x00, 
    0x00, 0xE0, 0x0F, 0xC7, 0x01, 0xF0, 0x00, 0x00, 0x00, 0x70, 0x01, 0xC3, 0x80, 0xE0, 0x00, 0x00, 
    0x00, 0x30, 0x03, 0x81, 0x81, 0xC0, 0x00, 0x00, 0x00, 0x18, 0x0F, 0x01, 0x83, 0x80, 0x00, 0x00, 
    0x00, 0x38, 0x0E, 0x03, 0x83, 0x00, 0x00, 0x00, 0x00, 0x30, 0x1C, 0x03, 0xFB, 0x00, 0x00, 0x00, 
    0x00, 0x33, 0x1C, 0x03, 0xFF, 0x00, 0x00, 0x00, 0x00, 0x7F, 0xDC, 0x03, 0x0F, 0x00, 0x00, 0x00, 
    0x00, 0x7E, 0xFC, 0x00, 0x07, 0x00, 0x00, 0x00, 0x00, 0x70, 0x7C, 0x00, 0x00, 0x00, 0x00, 0x00, 
    0x00, 0x00, 0x3C, 0x00, 0x00, 0x00, 0x00, 0x00, 0x00, 0x00, 0x08, 0x00, 0x00, 0x00, 0x00, 0x00, 
    0x00, 0x00, 0x00, 0x00, 0x00, 0x00, 0x00, 0x00, 0x00, 0x00, 0x00, 0x00, 0x00, 0x00, 0x00, 0x00, 
    0x00, 0x00, 0x00, 0x00, 0x00, 0x00, 0x00, 0x00, 0x00, 0x00, 0x00, 0x00, 0x00, 0x00, 0x00, 0x00, 
      },
  {
    0x00, 0x00, 0x00, 0x00, 0x00, 0x00, 0x00, 0x00, 0x00, 0x00, 0x00, 0x00, 0x00, 0x00, 0x00, 0x00, 
    0x00, 0x00, 0x00, 0x00, 0x00, 0x00, 0x00, 0x00, 0x00, 0x00, 0x00, 0x00, 0x00, 0x00, 0x00, 0x00, 
    0x00, 0x00, 0x00, 0x00, 0x00, 0x00, 0x00, 0x00, 0x00, 0x00, 0x00, 0x00, 0x00, 0x00, 0x00, 0x00, 
    0x00, 0x00, 0x00, 0x00, 0x00, 0x00, 0x00, 0x00, 0x00, 0x00, 0x00, 0x00, 0x00, 0x00, 0x00, 0x00, 
    0x00, 0x00, 0x00, 0x00, 0x00, 0x00, 0x00, 0x00, 0x00, 0x00, 0x00, 0x00, 0x00, 0x01, 0x00, 0x00, 
    0x00, 0x00, 0x00, 0x00, 0x00, 0x03, 0x80, 0x00, 0x00, 0x00, 0x00, 0x00, 0x00, 0x07, 0x80, 0x00, 
    0x00, 0x00, 0x00, 0x00, 0x00, 0x07, 0x80, 0x00, 0x00, 0x00, 0x00, 0x00, 0x00, 0xFE, 0xC0, 0x00, 
    0x00, 0x00, 0x00, 0x00, 0x00, 0xFC, 0xF8, 0x00, 0x00, 0x00, 0x00, 0x00, 0x00, 0x60, 0x7C, 0x00, 
    0x00, 0x00, 0x00, 0x00, 0x00, 0x70, 0x3C, 0x00, 0x00, 0x00, 0x00, 0x00, 0x00, 0x30, 0x70, 0x00, 
    0x00, 0x00, 0x00, 0x00, 0x00, 0x30, 0x60, 0x00, 0x00, 0x02, 0x00, 0x00, 0x00, 0x7E, 0x60, 0x00, 
    0x00, 0x07, 0x00, 0x08, 0x00, 0x7F, 0xE0, 0x00, 0x00, 0x07, 0x00, 0x08, 0x00, 0x7B, 0xE0, 0x00, 
    0x00, 0x0F, 0x80, 0x00, 0x00, 0x00, 0xE0, 0x00, 0x03, 0xFD, 0x80, 0x00, 0x00, 0x00, 0x40, 0x00, 
    0x03, 0xF9, 0xE0, 0x00, 0x00, 0x00, 0x00, 0x00, 0x01, 0xC0, 0xF8, 0x00, 0x00, 0x00, 0x00, 0x00, 
    0x00, 0xC0, 0x3C, 0x00, 0x00, 0x00, 0x00, 0x00, 0x00, 0xE0, 0x78, 0x00, 0x00, 0x00, 0x00, 0x00, 
    0x00, 0x60, 0xE0, 0x00, 0x00, 0x00, 0x00, 0x00, 0x00, 0xE0, 0xC0, 0x00, 0x00, 0x00, 0x00, 0x00, 
    0x00, 0xFC, 0xC0, 0x00, 0x00, 0x00, 0xC0, 0x00, 0x00, 0xFF, 0xC0, 0x00, 0x00, 0x01, 0xC0, 0x00, 
    0x00, 0xE3, 0xC0, 0x00, 0x00, 0x03, 0x80, 0x00, 0x00, 0x01, 0xC0, 0x00, 0x00, 0x0F, 0x00, 0x00, 
    0x00, 0x00, 0x80, 0x00, 0x00, 0x0E, 0x00, 0x00, 0x00, 0x00, 0x00, 0x00, 0x00, 0x1C, 0x00, 0x00, 
    0x00, 0x00, 0x00, 0x00, 0x00, 0x38, 0x00, 0x00, 0x00, 0x00, 0x00, 0x00, 0x00, 0x70, 0x00, 0x00, 
    0x00, 0x00, 0x00, 0x00, 0x00, 0xE0, 0x00, 0x00, 0x00, 0x00, 0x00, 0x00, 0x01, 0xC0, 0x00, 0x00, 
    0x00, 0x60, 0x00, 0x00, 0x01, 0x80, 0x00, 0x00, 0x00, 0x60, 0xC0, 0x00, 0x00, 0x00, 0x00, 0x00, 
    0x00, 0x00, 0xE0, 0x00, 0x1C, 0x00, 0x00, 0x00, 0x00, 0x01, 0xE0, 0x00, 0x1C, 0x00, 0x00, 0x00, 
    0x00, 0x03, 0xE0, 0x00, 0x3C, 0x00, 0x00, 0x00, 0x00, 0x07, 0x30, 0x07, 0xF6, 0x00, 0x00, 0x00, 
    0x01, 0xFE, 0x38, 0x0F, 0xE7, 0x00, 0x00, 0x00, 0x01, 0xFE, 0x3E, 0x07, 0x07, 0xE0, 0x00, 0x00, 
    0x00, 0xE0, 0x1F, 0xC3, 0x01, 0xF0, 0x00, 0x00, 0x00, 0x60, 0x03, 0xC3, 0x81, 0xE0, 0x00, 0x00, 
    0x00, 0x70, 0x03, 0x81, 0x83, 0xC0, 0x00, 0x00, 0x00, 0x30, 0x0F, 0x01, 0x83, 0x00, 0x00, 0x00, 
    0x00, 0x30, 0x1E, 0x03, 0xB3, 0x00, 0x00, 0x00, 0x00, 0x30, 0x18, 0x03, 0xFF, 0x00, 0x00, 0x00, 
    0x00, 0x71, 0x18, 0x03, 0xDF, 0x00, 0x00, 0x00, 0x00, 0x7F, 0x98, 0x02, 0x07, 0x00, 0x00, 0x00, 
    0x00, 0x7F, 0xF8, 0x00, 0x03, 0x00, 0x00, 0x00, 0x00, 0x70, 0xF8, 0x00, 0x00, 0x00, 0x00, 0x00, 
    0x00, 0x00, 0x38, 0x00, 0x00, 0x00, 0x00, 0x00, 0x00, 0x00, 0x18, 0x00, 0x00, 0x00, 0x00, 0x00, 
    0x00, 0x00, 0x00, 0x00, 0x00, 0x00, 0x00, 0x00, 0x00, 0x00, 0x00, 0x00, 0x00, 0x00, 0x00, 0x00, 
    0x00, 0x00, 0x00, 0x00, 0x00, 0x00, 0x00, 0x00, 0x00, 0x00, 0x00, 0x00, 0x00, 0x00, 0x00, 0x00, 
      },
  {
    0x00, 0x00, 0x00, 0x00, 0x00, 0x00, 0x00, 0x00, 0x00, 0x00, 0x00, 0x00, 0x00, 0x00, 0x00, 0x00, 
    0x00, 0x00, 0x00, 0x00, 0x00, 0x00, 0x00, 0x00, 0x00, 0x00, 0x00, 0x00, 0x00, 0x00, 0x00, 0x00, 
    0x00, 0x00, 0x00, 0x00, 0x00, 0x00, 0x00, 0x00, 0x00, 0x00, 0x00, 0x00, 0x00, 0x00, 0x00, 0x00, 
    0x00, 0x00, 0x00, 0x00, 0x00, 0x00, 0x00, 0x00, 0x00, 0x00, 0x00, 0x00, 0x00, 0x00, 0x00, 0x00, 
    0x00, 0x00, 0x00, 0x00, 0x00, 0x00, 0x00, 0x00, 0x00, 0x00, 0x00, 0x00, 0x00, 0x00, 0x00, 0x00, 
    0x00, 0x00, 0x00, 0x00, 0x00, 0x03, 0x80, 0x00, 0x00, 0x00, 0x00, 0x00, 0x00, 0x03, 0x80, 0x00, 
    0x00, 0x00, 0x00, 0x00, 0x00, 0x07, 0x80, 0x00, 0x00, 0x00, 0x00, 0x00, 0x00, 0xFF, 0xC0, 0x00, 
    0x00, 0x00, 0x00, 0x00, 0x00, 0xFC, 0xF0, 0x00, 0x00, 0x00, 0x00, 0x00, 0x00, 0x60, 0x7C, 0x00, 
    0x00, 0x00, 0x00, 0x00, 0x00, 0x70, 0x3C, 0x00, 0x00, 0x00, 0x00, 0x00, 0x00, 0x30, 0x78, 0x00, 
    0x00, 0x00, 0x00, 0x00, 0x00, 0x30, 0x60, 0x00, 0x00, 0x02, 0x00, 0x00, 0x00, 0x36, 0x60, 0x00, 
    0x00, 0x07, 0x00, 0x08, 0x00, 0x7F, 0xE0, 0x00, 0x00, 0x0F, 0x00, 0x18, 0x00, 0x7F, 0xE0, 0x00, 
    0x00, 0x0F, 0x00, 0x00, 0x00, 0x61, 0xE0, 0x00, 0x03, 0xFB, 0x80, 0x00, 0x00, 0x00, 0x40, 0x00, 
    0x03, 0xF9, 0xC0, 0x00, 0x00, 0x00, 0x00, 0x00, 0x01, 0x81, 0xF8, 0x00, 0x00, 0x00, 0x00, 0x00, 
    0x01, 0xC0, 0x78, 0x00, 0x00, 0x00, 0x00, 0x00, 0x00, 0xE0, 0x70, 0x00, 0x00, 0x00, 0x00, 0x00, 
    0x00, 0xE0, 0xE0, 0x00, 0x00, 0x00, 0x00, 0x00, 0x00, 0xC1, 0xC0, 0x00, 0x00, 0x00, 0x60, 0x00, 
    0x00, 0xDD, 0x80, 0x00, 0x00, 0x00, 0xE0, 0x00, 0x01, 0xFF, 0xC0, 0x00, 0x00, 0x01, 0xC0, 0x00, 
    0x01, 0xE7, 0xC0, 0x00, 0x00, 0x03, 0x80, 0x00, 0x00, 0x03, 0xC0, 0x00, 0x00, 0x1F, 0x00, 0x00, 
    0x00, 0x00, 0x80, 0x00, 0x00, 0x0E, 0x00, 0x00, 0x00, 0x00, 0x00, 0x00, 0x00, 0x1C, 0x00, 0x00, 
    0x00, 0x00, 0x00, 0x00, 0x00, 0x38, 0x00, 0x00, 0x00, 0x00, 0x00, 0x00, 0x00, 0x70, 0x00, 0x00, 
    0x00, 0x00, 0x00, 0x00, 0x00, 0xE0, 0x00, 0x00, 0x00, 0x00, 0x00, 0x00, 0x01, 0xC0, 0x00, 0x00, 
    0x00, 0x40, 0x00, 0x00, 0x00, 0x80, 0x00, 0x00, 0x00, 0x40, 0xC0, 0x00, 0x08, 0x00, 0x00, 0x00, 
    0x00, 0x00, 0xC0, 0x00, 0x1C, 0x00, 0x00, 0x00, 0x00, 0x01, 0xE0, 0x00, 0x1C, 0x00, 0x00, 0x00, 
    0x00, 0x03, 0xE0, 0x00, 0x3E, 0x00, 0x00, 0x00, 0x00, 0x07, 0x60, 0x0F, 0xF6, 0x00, 0x00, 0x00, 
    0x01, 0xFE, 0x30, 0x0F, 0xE7, 0x80, 0x00, 0x00, 0x01, 0xFC, 0x3C, 0x07, 0x03, 0xE0, 0x00, 0x00, 
    0x01, 0xC0, 0x3F, 0x83, 0x00, 0xF0, 0x00, 0x00, 0x00, 0xE0, 0x07, 0xC1, 0x81, 0xE0, 0x00, 0x00, 
    0x00, 0x70, 0x03, 0x81, 0x83, 0x80, 0x00, 0x00, 0x00, 0x30, 0x0F, 0x03, 0x83, 0x00, 0x00, 0x00, 
    0x00, 0x30, 0x1E, 0x03, 0xF3, 0x00, 0x00, 0x00, 0x00, 0x30, 0x18, 0x03, 0xFF, 0x00, 0x00, 0x00, 
    0x00, 0x60, 0x18, 0x03, 0x8F, 0x00, 0x00, 0x00, 0x00, 0x6F, 0x98, 0x00, 0x07, 0x00, 0x00, 0x00, 
    0x00, 0x7F, 0xD8, 0x00, 0x02, 0x00, 0x00, 0x00, 0x00, 0xF8, 0xF8, 0x00, 0x00, 0x00, 0x00, 0x00, 
    0x00, 0x40, 0x78, 0x00, 0x00, 0x00, 0x00, 0x00, 0x00, 0x00, 0x18, 0x00, 0x00, 0x00, 0x00, 0x00, 
    0x00, 0x00, 0x00, 0x00, 0x00, 0x00, 0x00, 0x00, 0x00, 0x00, 0x00, 0x00, 0x00, 0x00, 0x00, 0x00, 
    0x00, 0x00, 0x00, 0x00, 0x00, 0x00, 0x00, 0x00, 0x00, 0x00, 0x00, 0x00, 0x00, 0x00, 0x00, 0x00, 
      },
  {
    0x00, 0x00, 0x00, 0x00, 0x00, 0x00, 0x00, 0x00, 0x00, 0x00, 0x00, 0x00, 0x00, 0x00, 0x00, 0x00, 
    0x00, 0x00, 0x00, 0x00, 0x00, 0x00, 0x00, 0x00, 0x00, 0x00, 0x00, 0x00, 0x00, 0x00, 0x00, 0x00, 
    0x00, 0x00, 0x00, 0x00, 0x00, 0x00, 0x00, 0x00, 0x00, 0x00, 0x00, 0x00, 0x00, 0x00, 0x00, 0x00, 
    0x00, 0x00, 0x00, 0x00, 0x00, 0x00, 0x00, 0x00, 0x00, 0x00, 0x00, 0x00, 0x00, 0x00, 0x00, 0x00, 
    0x00, 0x00, 0x00, 0x00, 0x00, 0x00, 0x00, 0x00, 0x00, 0x00, 0x00, 0x00, 0x00, 0x00, 0x00, 0x00, 
    0x00, 0x00, 0x00, 0x00, 0x00, 0x01, 0x80, 0x00, 0x00, 0x00, 0x00, 0x00, 0x00, 0x03, 0x80, 0x00, 
    0x00, 0x00, 0x00, 0x00, 0x00, 0x07, 0x80, 0x00, 0x00, 0x00, 0x00, 0x00, 0x00, 0xFF, 0xC0, 0x00, 
    0x00, 0x00, 0x00, 0x00, 0x00, 0xFC, 0xE0, 0x00, 0x00, 0x00, 0x00, 0x00, 0x00, 0x70, 0xFC, 0x00, 
    0x00, 0x00, 0x00, 0x00, 0x00, 0x70, 0x3C, 0x00, 0x00, 0x00, 0x00, 0x00, 0x00, 0x30, 0x38, 0x00, 
    0x00, 0x00, 0x00, 0x00, 0x00, 0x30, 0x70, 0x00, 0x00, 0x00, 0x00, 0x00, 0x00, 0x30, 0x60, 0x00, 
    0x00, 0x06, 0x00, 0x18, 0x00, 0x7F, 0x60, 0x00, 0x00, 0x0E, 0x00, 0x18, 0x00, 0x7F, 0xE0, 0x00, 
    0x00, 0x1F, 0x00, 0x00, 0x00, 0x71, 0xE0, 0x00, 0x03, 0xFB, 0x00, 0x00, 0x00, 0x00, 0xE0, 0x00, 
    0x03, 0xF3, 0xC0, 0x00, 0x00, 0x00, 0x00, 0x00, 0x03, 0x81, 0xF0, 0x00, 0x00, 0x00, 0x00, 0x00, 
    0x01, 0x80, 0x78, 0x00, 0x00, 0x00, 0x00, 0x00, 0x00, 0xC0, 0x70, 0x00, 0x00, 0x00, 0x00, 0x00, 
    0x00, 0xC1, 0xE0, 0x00, 0x00, 0x00, 0x30, 0x00, 0x00, 0xC1, 0x80, 0x00, 0x00, 0x00, 0x70, 0x00, 
    0x01, 0xD9, 0x80, 0x00, 0x00, 0x00, 0xE0, 0x00, 0x01, 0xFF, 0x80, 0x00, 0x00, 0x01, 0xC0, 0x00, 
    0x01, 0xE7, 0x80, 0x00, 0x00, 0x03, 0x80, 0x00, 0x00, 0x03, 0x80, 0x00, 0x00, 0x1F, 0x00, 0x00, 
    0x00, 0x01, 0x80, 0x00, 0x00, 0x0E, 0x00, 0x00, 0x00, 0x00, 0x00, 0x00, 0x00, 0x1C, 0x00, 0x00, 
    0x00, 0x00, 0x00, 0x00, 0x00, 0x38, 0x00, 0x00, 0x00, 0x00, 0x00, 0x00, 0x00, 0x70, 0x00, 0x00, 
    0x00, 0x00, 0x00, 0x00, 0x00, 0xE0, 0x00, 0x00, 0x00, 0x00, 0x00, 0x00, 0x00, 0xC0, 0x00, 0x00, 
    0x00, 0xC0, 0x00, 0x00, 0x00, 0x00, 0x00, 0x00, 0x00, 0xC0, 0xC0, 0x00, 0x0C, 0x00, 0x00, 0x00, 
    0x00, 0x01, 0xC0, 0x00, 0x1C, 0x00, 0x00, 0x00, 0x00, 0x01, 0xC0, 0x00, 0x3E, 0x00, 0x00, 0x00, 
    0x00, 0x03, 0xE0, 0x00, 0x3E, 0x00, 0x00, 0x00, 0x00, 0x07, 0x60, 0x0F, 0xF7, 0x00, 0x00, 0x00, 
    0x03, 0xFE, 0x70, 0x07, 0xE7, 0xC0, 0x00, 0x00, 0x03, 0xFC, 0x78, 0x07, 0x03, 0xF0, 0x00, 0x00, 
    0x01, 0xC0, 0x3F, 0x03, 0x80, 0xF0, 0x00, 0x00, 0x00, 0xC0, 0x0F, 0x81, 0x81, 0xC0, 0x00, 0x00, 
    0x00, 0xE0, 0x07, 0x81, 0x83, 0x80, 0x00, 0x00, 0x00, 0x70, 0x0F, 0x03, 0x83, 0x00, 0x00, 0x00, 
    0x00, 0x30, 0x1C, 0x03, 0xFB, 0x00, 0x00, 0x00, 0x00, 0x60, 0x38, 0x03, 0xFF, 0x00, 0x00, 0x00, 
    0x00, 0x60, 0x38, 0x03, 0x8F, 0x00, 0x00, 0x00, 0x00, 0x6F, 0x38, 0x00, 0x03, 0x00, 0x00, 0x00, 
    0x00, 0xFF, 0xB8, 0x00, 0x00, 0x00, 0x00, 0x00, 0x00, 0xF9, 0xF8, 0x00, 0x00, 0x00, 0x00, 0x00, 
    0x00, 0xC0, 0x78, 0x00, 0x00, 0x00, 0x00, 0x00, 0x00, 0x00, 0x38, 0x00, 0x00, 0x00, 0x00, 0x00, 
    0x00, 0x00, 0x00, 0x00, 0x00, 0x00, 0x00, 0x00, 0x00, 0x00, 0x00, 0x00, 0x00, 0x00, 0x00, 0x00, 
    0x00, 0x00, 0x00, 0x00, 0x00, 0x00, 0x00, 0x00, 0x00, 0x00, 0x00, 0x00, 0x00, 0x00, 0x00, 0x00, 
      },
  {
    0x00, 0x00, 0x00, 0x00, 0x00, 0x00, 0x00, 0x00, 0x00, 0x00, 0x00, 0x00, 0x00, 0x00, 0x00, 0x00, 
    0x00, 0x00, 0x00, 0x00, 0x00, 0x00, 0x00, 0x00, 0x00, 0x00, 0x00, 0x00, 0x00, 0x00, 0x00, 0x00, 
    0x00, 0x00, 0x00, 0x00, 0x00, 0x00, 0x00, 0x00, 0x00, 0x00, 0x00, 0x00, 0x00, 0x00, 0x00, 0x00, 
    0x00, 0x00, 0x00, 0x00, 0x00, 0x00, 0x00, 0x00, 0x00, 0x00, 0x00, 0x00, 0x00, 0x00, 0x00, 0x00, 
    0x00, 0x00, 0x00, 0x00, 0x00, 0x00, 0x00, 0x00, 0x00, 0x00, 0x00, 0x00, 0x00, 0x00, 0x00, 0x00, 
    0x00, 0x00, 0x00, 0x00, 0x00, 0x01, 0x80, 0x00, 0x00, 0x00, 0x00, 0x00, 0x00, 0x03, 0x80, 0x00, 
    0x00, 0x00, 0x00, 0x00, 0x00, 0x03, 0xC0, 0x00, 0x00, 0x00, 0x00, 0x00, 0x00, 0x7F, 0xC0, 0x00, 
    0x00, 0x00, 0x00, 0x00, 0x00, 0xFE, 0xE0, 0x00, 0x00, 0x00, 0x00, 0x00, 0x00, 0xF8, 0xFC, 0x00, 
    0x00, 0x00, 0x00, 0x00, 0x00, 0x70, 0x3C, 0x00, 0x00, 0x00, 0x00, 0x00, 0x00, 0x30, 0x3C, 0x00, 
    0x00, 0x00, 0x00, 0x00, 0x00, 0x38, 0x70, 0x00, 0x00, 0x04, 0x00, 0x00, 0x00, 0x30, 0x60, 0x00, 
    0x00, 0x0E, 0x00, 0x18, 0x00, 0x3F, 0x60, 0x00, 0x00, 0x0E, 0x00, 0x18, 0x00, 0x7F, 0xE0, 0x00, 
    0x00, 0x1E, 0x00, 0x00, 0x00, 0x79, 0xE0, 0x00, 0x03, 0xFF, 0x00, 0x00, 0x00, 0x00, 0xE0, 0x00, 
    0x07, 0xF3, 0x80, 0x00, 0x00, 0x00, 0x00, 0x00, 0x03, 0x83, 0xF0, 0x00, 0x00, 0x00, 0x00, 0x00, 
    0x01, 0x80, 0xF8, 0x00, 0x00, 0x00, 0x00, 0x00, 0x01, 0xC0, 0xF0, 0x00, 0x00, 0x00, 0x00, 0x00, 
    0x00, 0xC1, 0xC0, 0x00, 0x00, 0x00, 0x30, 0x00, 0x01, 0xC1, 0x80, 0x00, 0x00, 0x00, 0x70, 0x00, 
    0x01, 0xF9, 0x80, 0x00, 0x00, 0x00, 0xE0, 0x00, 0x01, 0xFF, 0x80, 0x00, 0x00, 0x01, 0xC0, 0x00, 
    0x03, 0xEF, 0x80, 0x00, 0x00, 0x03, 0x80, 0x00, 0x01, 0x03, 0x80, 0x00, 0x00, 0x1F, 0x00, 0x00, 
    0x00, 0x01, 0x00, 0x00, 0x00, 0x0E, 0x00, 0x00, 0x00, 0x00, 0x00, 0x00, 0x00, 0x1C, 0x00, 0x00, 
    0x00, 0x00, 0x00, 0x00, 0x00, 0x38, 0x00, 0x00, 0x00, 0x00, 0x00, 0x00, 0x00, 0x70, 0x00, 0x00, 
    0x00, 0x00, 0x00, 0x00, 0x00, 0x60, 0x00, 0x00, 0x00, 0x00, 0x00, 0x00, 0x00, 0x00, 0x00, 0x00, 
    0x00, 0x80, 0x00, 0x00, 0x00, 0x00, 0x00, 0x00, 0x00, 0x80, 0x80, 0x00, 0x0C, 0x00, 0x00, 0x00, 
    0x00, 0x01, 0xC0, 0x00, 0x1C, 0x00, 0x00, 0x00, 0x00, 0x03, 0xC0, 0x00, 0x3E, 0x00, 0x00, 0x00, 
    0x00, 0x03, 0xC0, 0x07, 0xF6, 0x00, 0x00, 0x00, 0x00, 0x06, 0xE0, 0x07, 0xE7, 0x00, 0x00, 0x00, 
    0x03, 0xFE, 0x60, 0x07, 0x03, 0xE0, 0x00, 0x00, 0x03, 0xFC, 0x70, 0x03, 0x00, 0xF0, 0x00, 0x00, 
    0x01, 0x80, 0x7E, 0x01, 0x80, 0xE0, 0x00, 0x00, 0x01, 0xC0, 0x1F, 0x81, 0x81, 0xC0, 0x00, 0x00, 
    0x00, 0xE0, 0x07, 0x81, 0x83, 0x80, 0x00, 0x00, 0x00, 0x60, 0x0F, 0x01, 0xB3, 0x00, 0x00, 0x00, 
    0x00, 0x60, 0x1C, 0x03, 0xFF, 0x00, 0x00, 0x00, 0x00, 0x60, 0x38, 0x03, 0xFF, 0x00, 0x00, 0x00, 
    0x00, 0x60, 0x30, 0x03, 0x07, 0x00, 0x00, 0x00, 0x00, 0xCE, 0x30, 0x00, 0x03, 0x00, 0x00, 0x00, 
    0x00, 0xFF, 0xB0, 0x00, 0x00, 0x00, 0x00, 0x00, 0x00, 0xF9, 0xF0, 0x00, 0x00, 0x00, 0x00, 0x00, 
    0x00, 0xC0, 0xF0, 0x00, 0x00, 0x00, 0x00, 0x00, 0x00, 0x00, 0x70, 0x00, 0x00, 0x00, 0x00, 0x00, 
    0x00, 0x00, 0x00, 0x00, 0x00, 0x00, 0x00, 0x00, 0x00, 0x00, 0x00, 0x00, 0x00, 0x00, 0x00, 0x00, 
    0x00, 0x00, 0x00, 0x00, 0x00, 0x00, 0x00, 0x00, 0x00, 0x00, 0x00, 0x00, 0x00, 0x00, 0x00, 0x00, 
      },
  {
    0x00, 0x00, 0x00, 0x00, 0x00, 0x00, 0x00, 0x00, 0x00, 0x00, 0x00, 0x00, 0x00, 0x00, 0x00, 0x00, 
    0x00, 0x00, 0x00, 0x00, 0x00, 0x00, 0x00, 0x00, 0x00, 0x00, 0x00, 0x00, 0x00, 0x00, 0x00, 0x00, 
    0x00, 0x00, 0x00, 0x00, 0x00, 0x00, 0x00, 0x00, 0x00, 0x00, 0x00, 0x00, 0x00, 0x00, 0x00, 0x00, 
    0x00, 0x00, 0x00, 0x00, 0x00, 0x00, 0x00, 0x00, 0x00, 0x00, 0x00, 0x00, 0x00, 0x00, 0x00, 0x00, 
    0x00, 0x00, 0x00, 0x00, 0x00, 0x00, 0x00, 0x00, 0x00, 0x00, 0x00, 0x00, 0x00, 0x00, 0x00, 0x00, 
    0x00, 0x00, 0x00, 0x00, 0x00, 0x01, 0x80, 0x00, 0x00, 0x00, 0x00, 0x00, 0x00, 0x01, 0x80, 0x00, 
    0x00, 0x00, 0x00, 0x00, 0x00, 0x03, 0xC0, 0x00, 0x00, 0x00, 0x00, 0x00, 0x00, 0x07, 0xC0, 0x00, 
    0x00, 0x00, 0x00, 0x00, 0x00, 0xFE, 0xE0, 0x00, 0x00, 0x00, 0x00, 0x00, 0x00, 0x7C, 0xF8, 0x00, 
    0x00, 0x00, 0x00, 0x00, 0x00, 0x70, 0x3E, 0x00, 0x00, 0x00, 0x00, 0x00, 0x00, 0x38, 0x1C, 0x00, 
    0x00, 0x00, 0x00, 0x00, 0x00, 0x18, 0x78, 0x00, 0x00, 0x04, 0x00, 0x00, 0x00, 0x30, 0x70, 0x00, 
    0x00, 0x0C, 0x00, 0x10, 0x00, 0x3F, 0x60, 0x00, 0x00, 0x1E, 0x00, 0x10, 0x00, 0x3F, 0xE0, 0x00, 
    0x00, 0x1E, 0x00, 0x00, 0x00, 0x79, 0xE0, 0x00, 0x07, 0xF7, 0x00, 0x00, 0x00, 0x00, 0xE0, 0x00, 
    0x07, 0xF7, 0x80, 0x00, 0x00, 0x00, 0x00, 0x00, 0x07, 0x03, 0xF0, 0x00, 0x00, 0x00, 0x00, 0x00, 
    0x03, 0x80, 0xF0, 0x00, 0x00, 0x00, 0x00, 0x00, 0x01, 0x80, 0xE0, 0x00, 0x00, 0x00, 0x10, 0x00, 
    0x01, 0x81, 0xC0, 0x00, 0x00, 0x00, 0x38, 0x00, 0x01, 0x83, 0x80, 0x00, 0x00, 0x00, 0x70, 0x00, 
    0x01, 0xBB, 0x00, 0x00, 0x00, 0x00, 0xE0, 0x00, 0x03, 0xFF, 0x00, 0x00, 0x00, 0x01, 0xC0, 0x00, 
    0x03, 0xCF, 0x00, 0x00, 0x00, 0x13, 0x80, 0x00, 0x01, 0x07, 0x00, 0x00, 0x00, 0x1F, 0x00, 0x00, 
    0x00, 0x03, 0x00, 0x00, 0x00, 0x0E, 0x00, 0x00, 0x00, 0x00, 0x00, 0x00, 0x00, 0x1C, 0x00, 0x00, 
    0x00, 0x00, 0x00, 0x00, 0x00, 0x38, 0x00, 0x00, 0x00, 0x00, 0x00, 0x00, 0x00, 0x70, 0x00, 0x00, 
    0x00, 0x00, 0x00, 0x00, 0x00, 0x20, 0x00, 0x00, 0x00, 0x00, 0x00, 0x00, 0x00, 0x00, 0x00, 0x00, 
    0x01, 0x80, 0x00, 0x00, 0x04, 0x00, 0x00, 0x00, 0x01, 0x80, 0x00, 0x00, 0x0C, 0x00, 0x00, 0x00, 
    0x00, 0x01, 0x80, 0x00, 0x1E, 0x00, 0x00, 0x00, 0x00, 0x03, 0x80, 0x00, 0x3E, 0x00, 0x00, 0x00, 
    0x00, 0x07, 0xC0, 0x07, 0xF7, 0x00, 0x00, 0x00, 0x00, 0x06, 0xC0, 0x07, 0xE7, 0x80, 0x00, 0x00, 
    0x03, 0xFC, 0xE0, 0x07, 0x03, 0xF0, 0x00, 0x00, 0x07, 0xFC, 0x70, 0x03, 0x80, 0xF0, 0x00, 0x00, 
    0x03, 0x80, 0x7C, 0x01, 0x80, 0xE0, 0x00, 0x00, 0x01, 0x80, 0x1F, 0x01, 0x83, 0xC0, 0x00, 0x00, 
    0x00, 0xC0, 0x07, 0x01, 0x83, 0x80, 0x00, 0x00, 0x00, 0xE0, 0x0E, 0x01, 0xBB, 0x00, 0x00, 0x00, 
    0x00, 0x60, 0x3C, 0x03, 0xFF, 0x00, 0x00, 0x00, 0x00, 0x60, 0x30, 0x03, 0xCF, 0x00, 0x00, 0x00, 
    0x00, 0xC0, 0x30, 0x00, 0x07, 0x00, 0x00, 0x00, 0x00, 0xCE, 0x30, 0x00, 0x01, 0x00, 0x00, 0x00, 
    0x01, 0xFF, 0x30, 0x00, 0x00, 0x00, 0x00, 0x00, 0x01, 0xFB, 0xF0, 0x00, 0x00, 0x00, 0x00, 0x00, 
    0x01, 0xC0, 0xF0, 0x00, 0x00, 0x00, 0x00, 0x00, 0x00, 0x00, 0x70, 0x00, 0x00, 0x00, 0x00, 0x00, 
    0x00, 0x00, 0x20, 0x00, 0x00, 0x00, 0x00, 0x00, 0x00, 0x00, 0x00, 0x00, 0x00, 0x00, 0x00, 0x00, 
    0x00, 0x00, 0x00, 0x00, 0x00, 0x00, 0x00, 0x00, 0x00, 0x00, 0x00, 0x00, 0x00, 0x00, 0x00, 0x00, 
      },
  {
    0x00, 0x00, 0x00, 0x00, 0x00, 0x00, 0x00, 0x00, 0x00, 0x00, 0x00, 0x00, 0x00, 0x00, 0x00, 0x00, 
    0x00, 0x00, 0x00, 0x00, 0x00, 0x00, 0x00, 0x00, 0x00, 0x00, 0x00, 0x00, 0x00, 0x00, 0x00, 0x00, 
    0x00, 0x00, 0x00, 0x00, 0x00, 0x00, 0x00, 0x00, 0x00, 0x00, 0x00, 0x00, 0x00, 0x00, 0x00, 0x00, 
    0x00, 0x00, 0x00, 0x00, 0x00, 0x00, 0x00, 0x00, 0x00, 0x00, 0x00, 0x00, 0x00, 0x00, 0x00, 0x00, 
    0x00, 0x00, 0x00, 0x00, 0x00, 0x00, 0x00, 0x00, 0x00, 0x00, 0x00, 0x00, 0x00, 0x00, 0x00, 0x00, 
    0x00, 0x00, 0x00, 0x00, 0x00, 0x00, 0x80, 0x00, 0x00, 0x00, 0x00, 0x00, 0x00, 0x01, 0xC0, 0x00, 
    0x00, 0x00, 0x00, 0x00, 0x00, 0x03, 0xC0, 0x00, 0x00, 0x00, 0x00, 0x00, 0x00, 0x07, 0xC0, 0x00, 
    0x00, 0x00, 0x00, 0x00, 0x00, 0x7E, 0xE0, 0x00, 0x00, 0x00, 0x00, 0x00, 0x00, 0x7E, 0x78, 0x00, 
    0x00, 0x00, 0x00, 0x00, 0x00, 0x70, 0x3E, 0x00, 0x00, 0x00, 0x00, 0x00, 0x00, 0x38, 0x1E, 0x00, 
    0x00, 0x00, 0x00, 0x00, 0x00, 0x18, 0x38, 0x00, 0x00, 0x00, 0x00, 0x00, 0x00, 0x18, 0x70, 0x00, 
    0x00, 0x0C, 0x00, 0x10, 0x00, 0x3B, 0x60, 0x00, 0x00, 0x1C, 0x00, 0x10, 0x00, 0x3F, 0xE0, 0x00, 
    0x00, 0x3E, 0x00, 0x00, 0x00, 0x3D, 0xE0, 0x00, 0x07, 0xF6, 0x00, 0x00, 0x00, 0x00, 0xE0, 0x00, 
    0x0F, 0xE7, 0x80, 0x00, 0x00, 0x00, 0x20, 0x00, 0x07, 0x03, 0xE0, 0x00, 0x00, 0x00, 0x00, 0x00, 
    0x03, 0x00, 0xF0, 0x00, 0x00, 0x00, 0x00, 0x00, 0x01, 0x80, 0xE0, 0x00, 0x00, 0x00, 0x18, 0x00, 
    0x01, 0x83, 0xC0, 0x00, 0x00, 0x00, 0x38, 0x00, 0x01, 0x83, 0x00, 0x00, 0x00, 0x00, 0x70, 0x00, 
    0x03, 0xB3, 0x00, 0x00, 0x00, 0x00, 0xE0, 0x00, 0x03, 0xFF, 0x00, 0x00, 0x00, 0x01, 0xC0, 0x00, 
    0x03, 0xDF, 0x00, 0x00, 0x00, 0x13, 0x80, 0x00, 0x00, 0x07, 0x00, 0x00, 0x00, 0x17, 0x00, 0x00, 
    0x00, 0x03, 0x00, 0x00, 0x00, 0x0E, 0x00, 0x00, 0x00, 0x00, 0x00, 0x00, 0x00, 0x1C, 0x00, 0x00, 
    0x00, 0x00, 0x00, 0x00, 0x00, 0x38, 0x00, 0x00, 0x00, 0x00, 0x00, 0x00, 0x00, 0x10, 0x00, 0x00, 
    0x00, 0x00, 0x00, 0x00, 0x00, 0x00, 0x00, 0x00, 0x00, 0x00, 0x00, 0x00, 0x00, 0x00, 0x00, 0x00, 
    0x01, 0x00, 0x00, 0x00, 0x04, 0x00, 0x00, 0x00, 0x01, 0x01, 0x00, 0x00, 0x0E, 0x00, 0x00, 0x00, 
    0x00, 0x03, 0x80, 0x00, 0x1E, 0x00, 0x00, 0x00, 0x00, 0x03, 0x80, 0x00, 0x3E, 0x00, 0x00, 0x00, 
    0x00, 0x07, 0x80, 0x07, 0xF7, 0x00, 0x00, 0x00, 0x00, 0x0F, 0xC0, 0x07, 0xE3, 0xC0, 0x00, 0x00, 
    0x03, 0xFC, 0xC0, 0x03, 0x01, 0xF0, 0x00, 0x00, 0x07, 0xF8, 0xE0, 0x01, 0x80, 0xF0, 0x00, 0x00, 
    0x03, 0x80, 0x7C, 0x01, 0xC1, 0xE0, 0x00, 0x00, 0x03, 0x80, 0x3F, 0x01, 0x81, 0xC0, 0x00, 0x00, 
    0x01, 0xC0, 0x0F, 0x01, 0x83, 0x80, 0x00, 0x00, 0x00, 0xC0, 0x1E, 0x01, 0xFB, 0x00, 0x00, 0x00, 
    0x00, 0xE0, 0x3C, 0x03, 0xFF, 0x80, 0x00, 0x00, 0x00, 0xC0, 0x70, 0x03, 0x8F, 0x80, 0x00, 0x00, 
    0x00, 0xC0, 0x60, 0x00, 0x03, 0x00, 0x00, 0x00, 0x01, 0xCE, 0x60, 0x00, 0x00, 0x00, 0x00, 0x00, 
    0x01, 0xFF, 0x60, 0x00, 0x00, 0x00, 0x00, 0x00, 0x01, 0xF3, 0xE0, 0x00, 0x00, 0x00, 0x00, 0x00, 
    0x01, 0x81, 0xE0, 0x00, 0x00, 0x00, 0x00, 0x00, 0x00, 0x00, 0xE0, 0x00, 0x00, 0x00, 0x00, 0x00, 
    0x00, 0x00, 0x20, 0x00, 0x00, 0x00, 0x00, 0x00, 0x00, 0x00, 0x00, 0x00, 0x00, 0x00, 0x00, 0x00, 
    0x00, 0x00, 0x00, 0x00, 0x00, 0x00, 0x00, 0x00, 0x00, 0x00, 0x00, 0x00, 0x00, 0x00, 0x00, 0x00, 
      },
  {
    0x00, 0x00, 0x00, 0x00, 0x00, 0x00, 0x00, 0x00, 0x00, 0x00, 0x00, 0x00, 0x00, 0x00, 0x00, 0x00, 
    0x00, 0x00, 0x00, 0x00, 0x00, 0x00, 0x00, 0x00, 0x00, 0x00, 0x00, 0x00, 0x00, 0x00, 0x00, 0x00, 
    0x00, 0x00, 0x00, 0x00, 0x00, 0x00, 0x00, 0x00, 0x00, 0x00, 0x00, 0x00, 0x00, 0x00, 0x00, 0x00, 
    0x00, 0x00, 0x00, 0x00, 0x00, 0x00, 0x00, 0x00, 0x00, 0x00, 0x00, 0x00, 0x00, 0x00, 0x00, 0x00, 
    0x00, 0x00, 0x00, 0x00, 0x00, 0x00, 0x00, 0x00, 0x00, 0x00, 0x00, 0x00, 0x00, 0x00, 0x00, 0x00, 
    0x00, 0x00, 0x00, 0x00, 0x00, 0x00, 0x80, 0x00, 0x00, 0x00, 0x00, 0x00, 0x00, 0x01, 0xC0, 0x00, 
    0x00, 0x00, 0x00, 0x00, 0x00, 0x01, 0xC0, 0x00, 0x00, 0x00, 0x00, 0x00, 0x00, 0x03, 0xC0, 0x00, 
    0x00, 0x00, 0x00, 0x00, 0x00, 0x7F, 0xE0, 0x00, 0x00, 0x00, 0x00, 0x00, 0x00, 0x7E, 0x78, 0x00, 
    0x00, 0x00, 0x00, 0x00, 0x00, 0x30, 0x3E, 0x00, 0x00, 0x00, 0x00, 0x00, 0x00, 0x38, 0x1E, 0x00, 
    0x00, 0x00, 0x00, 0x00, 0x00, 0x18, 0x3C, 0x00, 0x00, 0x08, 0x00, 0x00, 0x00, 0x18, 0x30, 0x00, 
    0x00, 0x1C, 0x00, 0x30, 0x00, 0x1B, 0x30, 0x00, 0x00, 0x1C, 0x00, 0x10, 0x00, 0x3F, 0xF0, 0x00, 
    0x00, 0x3E, 0x00, 0x00, 0x00, 0x3F, 0xF0, 0x00, 0x0F, 0xF6, 0x00, 0x00, 0x00, 0x30, 0xF0, 0x00, 
    0x0F, 0xE7, 0x80, 0x00, 0x00, 0x00, 0x20, 0x00, 0x07, 0x07, 0xE0, 0x00, 0x00, 0x00, 0x00, 0x00, 
    0x03, 0x00, 0xF0, 0x00, 0x00, 0x00, 0x00, 0x00, 0x03, 0x81, 0xE0, 0x00, 0x00, 0x00, 0x18, 0x00, 
    0x01, 0x83, 0x80, 0x00, 0x00, 0x00, 0x38, 0x00, 0x03, 0x83, 0x00, 0x00, 0x00, 0x00, 0x70, 0x00, 
    0x03, 0xF3, 0x00, 0x00, 0x00, 0x00, 0xE0, 0x00, 0x03, 0xFF, 0x00, 0x00, 0x00, 0x01, 0xC0, 0x00, 
    0x07, 0x9F, 0x00, 0x00, 0x00, 0x33, 0x80, 0x00, 0x00, 0x07, 0x00, 0x00, 0x00, 0x37, 0x00, 0x00, 
    0x00, 0x02, 0x00, 0x00, 0x00, 0x0E, 0x00, 0x00, 0x00, 0x00, 0x00, 0x00, 0x00, 0x1C, 0x00, 0x00, 
    0x00, 0x00, 0x00, 0x00, 0x00, 0x08, 0x00, 0x00, 0x00, 0x00, 0x00, 0x00, 0x00, 0x00, 0x00, 0x00, 
    0x00, 0x00, 0x00, 0x00, 0x00, 0x00, 0x00, 0x00, 0x00, 0x00, 0x00, 0x00, 0x00, 0x00, 0x00, 0x00, 
    0x03, 0x00, 0x00, 0x00, 0x06, 0x00, 0x00, 0x00, 0x03, 0x01, 0x00, 0x00, 0x0E, 0x00, 0x00, 0x00, 
    0x00, 0x03, 0x00, 0x00, 0x1E, 0x00, 0x00, 0x00, 0x00, 0x07, 0x80, 0x00, 0x3F, 0x00, 0x00, 0x00, 
    0x00, 0x0F, 0x80, 0x07, 0xF3, 0x80, 0x00, 0x00, 0x00, 0x0D, 0x80, 0x07, 0xE3, 0xE0, 0x00, 0x00, 
    0x07, 0xFD, 0xC0, 0x03, 0x81, 0xF0, 0x00, 0x00, 0x07, 0xF8, 0xE0, 0x01, 0x80, 0x70, 0x00, 0x00, 
    0x07, 0x00, 0xFC, 0x00, 0xC1, 0xE0, 0x00, 0x00, 0x03, 0x80, 0x3F, 0x01, 0xC1, 0x80, 0x00, 0x00, 
    0x01, 0x80, 0x0F, 0x01, 0x91, 0x80, 0x00, 0x00, 0x01, 0xC0, 0x1E, 0x01, 0xFD, 0x80, 0x00, 0x00, 
    0x00, 0xC0, 0x38, 0x03, 0xFF, 0x80, 0x00, 0x00, 0x00, 0xC0, 0x70, 0x01, 0x87, 0x80, 0x00, 0x00, 
    0x01, 0xC0, 0x60, 0x00, 0x03, 0x80, 0x00, 0x00, 0x01, 0x9C, 0x60, 0x00, 0x00, 0x00, 0x00, 0x00, 
    0x01, 0xFE, 0x60, 0x00, 0x00, 0x00, 0x00, 0x00, 0x03, 0xF7, 0xE0, 0x00, 0x00, 0x00, 0x00, 0x00, 
    0x01, 0x81, 0xE0, 0x00, 0x00, 0x00, 0x00, 0x00, 0x00, 0x00, 0xE0, 0x00, 0x00, 0x00, 0x00, 0x00, 
    0x00, 0x00, 0x00, 0x00, 0x00, 0x00, 0x00, 0x00, 0x00, 0x00, 0x00, 0x00, 0x00, 0x00, 0x00, 0x00, 
    0x00, 0x00, 0x00, 0x00, 0x00, 0x00, 0x00, 0x00, 0x00, 0x00, 0x00, 0x00, 0x00, 0x00, 0x00, 0x00, 
      },
  {
    0x00, 0x00, 0x00, 0x00, 0x00, 0x00, 0x00, 0x00, 0x00, 0x00, 0x00, 0x00, 0x00, 0x00, 0x00, 0x00, 
    0x00, 0x00, 0x00, 0x00, 0x00, 0x00, 0x00, 0x00, 0x00, 0x00, 0x00, 0x00, 0x00, 0x00, 0x00, 0x00, 
    0x00, 0x00, 0x00, 0x00, 0x00, 0x00, 0x00, 0x00, 0x00, 0x00, 0x00, 0x00, 0x00, 0x00, 0x00, 0x00, 
    0x00, 0x00, 0x00, 0x00, 0x00, 0x00, 0x00, 0x00, 0x00, 0x00, 0x00, 0x00, 0x00, 0x00, 0x00, 0x00, 
    0x00, 0x00, 0x00, 0x00, 0x00, 0x00, 0x00, 0x00, 0x00, 0x00, 0x00, 0x00, 0x00, 0x00, 0x00, 0x00, 
    0x00, 0x00, 0x00, 0x00, 0x00, 0x00, 0x00, 0x00, 0x00, 0x00, 0x00, 0x00, 0x00, 0x00, 0xC0, 0x00, 
    0x00, 0x00, 0x00, 0x00, 0x00, 0x01, 0xC0, 0x00, 0x00, 0x00, 0x00, 0x00, 0x00, 0x03, 0xE0, 0x00, 
    0x00, 0x00, 0x00, 0x00, 0x00, 0x7F, 0x60, 0x00, 0x00, 0x00, 0x00, 0x00, 0x00, 0x7E, 0x78, 0x00, 
    0x00, 0x00, 0x00, 0x00, 0x00, 0x38, 0x3E, 0x00, 0x00, 0x00, 0x00, 0x00, 0x00, 0x18, 0x1E, 0x00, 
    0x00, 0x00, 0x00, 0x00, 0x00, 0x1C, 0x1C, 0x00, 0x00, 0x0C, 0x00, 0x00, 0x00, 0x18, 0x38, 0x00, 
    0x00, 0x1C, 0x00, 0x30, 0x00, 0x19, 0x30, 0x00, 0x00, 0x3C, 0x00, 0x00, 0x00, 0x3F, 0xF0, 0x00, 
    0x00, 0x7E, 0x00, 0x00, 0x00, 0x3F, 0xF0, 0x00, 0x0F, 0xE6, 0x00, 0x00, 0x00, 0x10, 0x70, 0x00, 
    0x0F, 0xE7, 0xC0, 0x00, 0x00, 0x00, 0x30, 0x00, 0x07, 0x03, 0xE0, 0x00, 0x00, 0x00, 0x00, 0x00, 
    0x03, 0x00, 0xE0, 0x00, 0x00, 0x00, 0x08, 0x00, 0x01, 0x81, 0xC0, 0x00, 0x00, 0x00, 0x18, 0x00, 
    0x01, 0x83, 0x80, 0x00, 0x00, 0x00, 0x38, 0x00, 0x03, 0x03, 0x00, 0x00, 0x00, 0x00, 0x70, 0x00, 
    0x03, 0xFB, 0x00, 0x00, 0x00, 0x00, 0xE0, 0x00, 0x03, 0xFF, 0x00, 0x00, 0x00, 0x01, 0xC0, 0x00, 
    0x03, 0x0F, 0x00, 0x00, 0x00, 0x33, 0x80, 0x00, 0x00, 0x07, 0x00, 0x00, 0x00, 0x37, 0x00, 0x00, 
    0x00, 0x00, 0x00, 0x00, 0x00, 0x0E, 0x00, 0x00, 0x00, 0x00, 0x00, 0x00, 0x00, 0x04, 0x00, 0x00, 
    0x00, 0x00, 0x00, 0x00, 0x00, 0x00, 0x00, 0x00, 0x00, 0x00, 0x00, 0x00, 0x00, 0x00, 0x00, 0x00, 
    0x00, 0x00, 0x00, 0x00, 0x00, 0x00, 0x00, 0x00, 0x00, 0x00, 0x00, 0x00, 0x00, 0x00, 0x00, 0x00, 
    0x02, 0x00, 0x00, 0x00, 0x06, 0x00, 0x00, 0x00, 0x02, 0x02, 0x00, 0x00, 0x0E, 0x00, 0x00, 0x00, 
    0x00, 0x07, 0x00, 0x00, 0x1E, 0x00, 0x00, 0x00, 0x00, 0x07, 0x00, 0x03, 0xFF, 0x00, 0x00, 0x00, 
    0x00, 0x0F, 0x80, 0x07, 0xF3, 0x80, 0x00, 0x00, 0x00, 0x1D, 0x80, 0x03, 0x83, 0xF0, 0x00, 0x00, 
    0x07, 0xF9, 0x80, 0x01, 0x80, 0xF8, 0x00, 0x00, 0x0F, 0xF1, 0xE0, 0x01, 0xC0, 0x70, 0x00, 0x00, 
    0x07, 0x00, 0xF8, 0x00, 0xC1, 0xE0, 0x00, 0x00, 0x03, 0x00, 0x3E, 0x00, 0xC1, 0x80, 0x00, 0x00, 
    0x03, 0x80, 0x0E, 0x01, 0xD9, 0x80, 0x00, 0x00, 0x01, 0xC0, 0x1C, 0x01, 0xFF, 0x80, 0x00, 0x00, 
    0x00, 0xC0, 0x78, 0x01, 0xEF, 0x80, 0x00, 0x00, 0x01, 0x80, 0x60, 0x01, 0x07, 0x80, 0x00, 0x00, 
    0x01, 0x80, 0x60, 0x00, 0x01, 0x80, 0x00, 0x00, 0x01, 0x9C, 0x60, 0x00, 0x00, 0x00, 0x00, 0x00, 
    0x03, 0xFE, 0x60, 0x00, 0x00, 0x00, 0x00, 0x00, 0x03, 0xE7, 0xE0, 0x00, 0x00, 0x00, 0x00, 0x00, 
    0x03, 0x03, 0xE0, 0x00, 0x00, 0x00, 0x00, 0x00, 0x00, 0x00, 0xE0, 0x00, 0x00, 0x00, 0x00, 0x00, 
    0x00, 0x00, 0x40, 0x00, 0x00, 0x00, 0x00, 0x00, 0x00, 0x00, 0x00, 0x00, 0x00, 0x00, 0x00, 0x00, 
    0x00, 0x00, 0x00, 0x00, 0x00, 0x00, 0x00, 0x00, 0x00, 0x00, 0x00, 0x00, 0x00, 0x00, 0x00, 0x00, 
      },
  {
    0x00, 0x00, 0x00, 0x00, 0x00, 0x00, 0x00, 0x00, 0x00, 0x00, 0x00, 0x00, 0x00, 0x00, 0x00, 0x00, 
    0x00, 0x00, 0x00, 0x00, 0x00, 0x00, 0x00, 0x00, 0x00, 0x00, 0x00, 0x00, 0x00, 0x00, 0x00, 0x00, 
    0x00, 0x00, 0x00, 0x00, 0x00, 0x00, 0x00, 0x00, 0x00, 0x00, 0x00, 0x00, 0x00, 0x00, 0x00, 0x00, 
    0x00, 0x00, 0x00, 0x00, 0x00, 0x00, 0x00, 0x00, 0x00, 0x00, 0x00, 0x00, 0x00, 0x00, 0x00, 0x00, 
    0x00, 0x00, 0x00, 0x00, 0x00, 0x00, 0x00, 0x00, 0x00, 0x00, 0x00, 0x00, 0x00, 0x00, 0x00, 0x00, 
    0x00, 0x00, 0x00, 0x00, 0x00, 0x00, 0x00, 0x00, 0x00, 0x00, 0x00, 0x00, 0x00, 0x00, 0xC0, 0x00, 
    0x00, 0x00, 0x00, 0x00, 0x00, 0x01, 0xE0, 0x00, 0x00, 0x00, 0x00, 0x00, 0x00, 0x03, 0xE0, 0x00, 
    0x00, 0x00, 0x00, 0x00, 0x00, 0x7F, 0x60, 0x00, 0x00, 0x00, 0x00, 0x00, 0x00, 0x7F, 0x78, 0x00, 
    0x00, 0x00, 0x00, 0x00, 0x00, 0x38, 0x3E, 0x00, 0x00, 0x00, 0x00, 0x00, 0x00, 0x18, 0x0E, 0x00, 
    0x00, 0x00, 0x00, 0x00, 0x00, 0x1C, 0x1C, 0x00, 0x00, 0x0C, 0x00, 0x00, 0x00, 0x1C, 0x38, 0x00, 
    0x00, 0x1C, 0x00, 0x30, 0x00, 0x19, 0x30, 0x00, 0x00, 0x3E, 0x00, 0x00, 0x00, 0x1F, 0xF0, 0x00, 
    0x07, 0xFE, 0x00, 0x00, 0x00, 0x3F, 0xF0, 0x00, 0x0F, 0xE7, 0x00, 0x00, 0x00, 0x10, 0x70, 0x00, 
    0x07, 0x07, 0xE0, 0x00, 0x00, 0x00, 0x30, 0x00, 0x03, 0x01, 0xF0, 0x00, 0x00, 0x00, 0x00, 0x00, 
    0x03, 0x80, 0xE0, 0x00, 0x00, 0x00, 0x0C, 0x00, 0x01, 0x83, 0xC0, 0x00, 0x00, 0x00, 0x1C, 0x00, 
    0x01, 0x83, 0x00, 0x00, 0x00, 0x00, 0x38, 0x00, 0x03, 0xB3, 0x00, 0x00, 0x00, 0x00, 0x70, 0x00, 
    0x03, 0xFF, 0x00, 0x00, 0x00, 0x00, 0xE0, 0x00, 0x03, 0xFF, 0x00, 0x00, 0x00, 0x01, 0xC0, 0x00, 
    0x03, 0x0F, 0x00, 0x00, 0x00, 0x33, 0x80, 0x00, 0x00, 0x03, 0x00, 0x00, 0x00, 0x03, 0x00, 0x00, 
    0x00, 0x00, 0x00, 0x00, 0x00, 0x00, 0x00, 0x00, 0x00, 0x00, 0x00, 0x00, 0x00, 0x00, 0x00, 0x00, 
    0x00, 0x00, 0x00, 0x00, 0x00, 0x00, 0x00, 0x00, 0x00, 0x00, 0x00, 0x00, 0x00, 0x00, 0x00, 0x00, 
    0x00, 0x00, 0x00, 0x00, 0x00, 0x00, 0x00, 0x00, 0x00, 0x00, 0x00, 0x00, 0x00, 0x00, 0x00, 0x00, 
    0x06, 0x00, 0x00, 0x00, 0x06, 0x00, 0x00, 0x00, 0x06, 0x02, 0x00, 0x00, 0x0E, 0x00, 0x00, 0x00, 
    0x00, 0x07, 0x00, 0x00, 0x1F, 0x00, 0x00, 0x00, 0x00, 0x0F, 0x00, 0x03, 0xFB, 0x00, 0x00, 0x00, 
    0x00, 0x0F, 0x00, 0x03, 0xF3, 0xC0, 0x00, 0x00, 0x00, 0x1B, 0x80, 0x03, 0x81, 0xF8, 0x00, 0x00, 
    0x0F, 0xF9, 0x80, 0x01, 0x80, 0x78, 0x00, 0x00, 0x0F, 0xF1, 0xE0, 0x00, 0xC0, 0x70, 0x00, 0x00, 
    0x06, 0x00, 0xFC, 0x00, 0xC1, 0xE0, 0x00, 0x00, 0x07, 0x00, 0x3E, 0x00, 0xC1, 0x80, 0x00, 0x00, 
    0x03, 0x80, 0x1E, 0x01, 0xD9, 0x80, 0x00, 0x00, 0x01, 0x80, 0x3C, 0x01, 0xFF, 0x80, 0x00, 0x00, 
    0x01, 0x80, 0x70, 0x01, 0xE7, 0x80, 0x00, 0x00, 0x01, 0x80, 0xE0, 0x00, 0x03, 0x80, 0x00, 0x00, 
    0x01, 0x80, 0xC0, 0x00, 0x01, 0x80, 0x00, 0x00, 0x03, 0xBC, 0xC0, 0x00, 0x00, 0x00, 0x00, 0x00, 
    0x03, 0xFE, 0xC0, 0x00, 0x00, 0x00, 0x00, 0x00, 0x03, 0xC7, 0xC0, 0x00, 0x00, 0x00, 0x00, 0x00, 
    0x02, 0x03, 0xC0, 0x00, 0x00, 0x00, 0x00, 0x00, 0x00, 0x00, 0xC0, 0x00, 0x00, 0x00, 0x00, 0x00, 
    0x00, 0x00, 0x00, 0x00, 0x00, 0x00, 0x00, 0x00, 0x00, 0x00, 0x00, 0x00, 0x00, 0x00, 0x00, 0x00, 
    0x00, 0x00, 0x00, 0x00, 0x00, 0x00, 0x00, 0x00, 0x00, 0x00, 0x00, 0x00, 0x00, 0x00, 0x00, 0x00, 
      },
  {
    0x00, 0x00, 0x00, 0x00, 0x00, 0x00, 0x00, 0x00, 0x00, 0x00, 0x00, 0x00, 0x00, 0x00, 0x00, 0x00, 
    0x00, 0x00, 0x00, 0x00, 0x00, 0x00, 0x00, 0x00, 0x00, 0x00, 0x00, 0x00, 0x00, 0x00, 0x00, 0x00, 
    0x00, 0x00, 0x00, 0x00, 0x00, 0x00, 0x00, 0x00, 0x00, 0x00, 0x00, 0x00, 0x00, 0x00, 0x00, 0x00, 
    0x00, 0x00, 0x00, 0x00, 0x00, 0x00, 0x00, 0x00, 0x00, 0x00, 0x00, 0x00, 0x00, 0x00, 0x00, 0x00, 
    0x00, 0x00, 0x00, 0x00, 0x00, 0x00, 0x00, 0x00, 0x00, 0x00, 0x00, 0x00, 0x00, 0x00, 0x00, 0x00, 
    0x00, 0x00, 0x00, 0x00, 0x00, 0x00, 0x00, 0x00, 0x00, 0x00, 0x00, 0x00, 0x00, 0x00, 0xC0, 0x00, 
    0x00, 0x00, 0x00, 0x00, 0x00, 0x01, 0xE0, 0x00, 0x00, 0x00, 0x00, 0x00, 0x00, 0x01, 0xE0, 0x00, 
    0x00, 0x00, 0x00, 0x00, 0x00, 0x3F, 0xE0, 0x00, 0x00, 0x00, 0x00, 0x00, 0x00, 0x3F, 0x3C, 0x00, 
    0x00, 0x00, 0x00, 0x00, 0x00, 0x38, 0x3F, 0x00, 0x00, 0x00, 0x00, 0x00, 0x00, 0x1C, 0x0F, 0x00, 
    0x00, 0x0C, 0x00, 0x00, 0x00, 0x0C, 0x1E, 0x00, 0x00, 0x0C, 0x00, 0x20, 0x00, 0x0C, 0x38, 0x00, 
    0x00, 0x1C, 0x00, 0x30, 0x00, 0x1D, 0x30, 0x00, 0x00, 0x3E, 0x00, 0x00, 0x00, 0x1F, 0xF0, 0x00, 
    0x07, 0xF6, 0x00, 0x00, 0x00, 0x1F, 0xF0, 0x00, 0x07, 0xE7, 0x80, 0x00, 0x00, 0x18, 0x70, 0x00, 
    0x07, 0x03, 0xF0, 0x00, 0x00, 0x00, 0x30, 0x00, 0x03, 0x80, 0xF0, 0x00, 0x00, 0x00, 0x00, 0x00, 
    0x01, 0x81, 0xE0, 0x00, 0x00, 0x00, 0x0C, 0x00, 0x01, 0x83, 0x80, 0x00, 0x00, 0x00, 0x1C, 0x00, 
    0x01, 0x83, 0x00, 0x00, 0x00, 0x00, 0x38, 0x00, 0x03, 0xFB, 0x00, 0x00, 0x00, 0x00, 0x70, 0x00, 
    0x03, 0xFF, 0x00, 0x00, 0x00, 0x00, 0xE0, 0x00, 0x03, 0xCF, 0x00, 0x00, 0x00, 0x21, 0xC0, 0x00, 
    0x00, 0x07, 0x00, 0x00, 0x00, 0x31, 0x80, 0x00, 0x00, 0x01, 0x00, 0x00, 0x00, 0x00, 0x00, 0x00, 
    0x00, 0x00, 0x00, 0x00, 0x00, 0x00, 0x00, 0x00, 0x00, 0x00, 0x00, 0x00, 0x00, 0x00, 0x00, 0x00, 
    0x00, 0x00, 0x00, 0x00, 0x00, 0x00, 0x00, 0x00, 0x00, 0x00, 0x00, 0x00, 0x00, 0x00, 0x00, 0x00, 
    0x00, 0x00, 0x00, 0x00, 0x00, 0x00, 0x00, 0x00, 0x00, 0x00, 0x00, 0x00, 0x06, 0x00, 0x00, 0x00, 
    0x06, 0x00, 0x00, 0x00, 0x06, 0x00, 0x00, 0x00, 0x02, 0x06, 0x00, 0x00, 0x0F, 0x00, 0x00, 0x00, 
    0x00, 0x07, 0x00, 0x00, 0x1F, 0x00, 0x00, 0x00, 0x00, 0x0F, 0x00, 0x03, 0xFB, 0x80, 0x00, 0x00, 
    0x00, 0x1F, 0x00, 0x03, 0xF1, 0xE0, 0x00, 0x00, 0x00, 0x3B, 0x80, 0x01, 0x81, 0xF8, 0x00, 0x00, 
    0x0F, 0xF1, 0x80, 0x01, 0xC0, 0x78, 0x00, 0x00, 0x0F, 0xE1, 0xE0, 0x00, 0xC0, 0xF0, 0x00, 0x00, 
    0x06, 0x00, 0xFC, 0x00, 0xC1, 0xE0, 0x00, 0x00, 0x07, 0x00, 0x3E, 0x00, 0xC1, 0xC0, 0x00, 0x00, 
    0x03, 0x80, 0x1C, 0x00, 0xFD, 0x80, 0x00, 0x00, 0x01, 0x80, 0x78, 0x01, 0xFF, 0x80, 0x00, 0x00, 
    0x01, 0x80, 0xF0, 0x01, 0xE7, 0x80, 0x00, 0x00, 0x01, 0x80, 0xC0, 0x00, 0x01, 0x80, 0x00, 0x00, 
    0x03, 0x00, 0xC0, 0x00, 0x00, 0x80, 0x00, 0x00, 0x03, 0xFC, 0xC0, 0x00, 0x00, 0x00, 0x00, 0x00, 
    0x03, 0xFE, 0xC0, 0x00, 0x00, 0x00, 0x00, 0x00, 0x07, 0x87, 0xC0, 0x00, 0x00, 0x00, 0x00, 0x00, 
    0x00, 0x03, 0xC0, 0x00, 0x00, 0x00, 0x00, 0x00, 0x00, 0x00, 0xC0, 0x00, 0x00, 0x00, 0x00, 0x00, 
    0x00, 0x00, 0x00, 0x00, 0x00, 0x00, 0x00, 0x00, 0x00, 0x00, 0x00, 0x00, 0x00, 0x00, 0x00, 0x00, 
    0x00, 0x00, 0x00, 0x00, 0x00, 0x00, 0x00, 0x00, 0x00, 0x00, 0x00, 0x00, 0x00, 0x00, 0x00, 0x00, 
      },
  {
    0x00, 0x00, 0x00, 0x00, 0x00, 0x00, 0x00, 0x00, 0x00, 0x00, 0x00, 0x00, 0x00, 0x00, 0x00, 0x00, 
    0x00, 0x00, 0x00, 0x00, 0x00, 0x00, 0x00, 0x00, 0x00, 0x00, 0x00, 0x00, 0x00, 0x00, 0x00, 0x00, 
    0x00, 0x00, 0x00, 0x00, 0x00, 0x00, 0x00, 0x00, 0x00, 0x00, 0x00, 0x00, 0x00, 0x00, 0x00, 0x00, 
    0x00, 0x00, 0x00, 0x00, 0x00, 0x00, 0x00, 0x00, 0x00, 0x00, 0x00, 0x00, 0x00, 0x00, 0x00, 0x00, 
    0x00, 0x00, 0x00, 0x00, 0x00, 0x00, 0x00, 0x00, 0x00, 0x00, 0x00, 0x00, 0x00, 0x00, 0x00, 0x00, 
    0x00, 0x00, 0x00, 0x00, 0x00, 0x00, 0x00, 0x00, 0x00, 0x00, 0x00, 0x00, 0x00, 0x00, 0xE0, 0x00, 
    0x00, 0x00, 0x00, 0x00, 0x00, 0x00, 0xE0, 0x00, 0x00, 0x00, 0x00, 0x00, 0x00, 0x01, 0xE0, 0x00, 
    0x00, 0x00, 0x00, 0x00, 0x00, 0x3F, 0xF0, 0x00, 0x00, 0x00, 0x00, 0x00, 0x00, 0x3F, 0x3C, 0x00, 
    0x00, 0x00, 0x00, 0x00, 0x00, 0x18, 0x1F, 0x00, 0x00, 0x00, 0x00, 0x00, 0x00, 0x1C, 0x0F, 0x00, 
    0x00, 0x0C, 0x00, 0x00, 0x00, 0x0C, 0x1E, 0x00, 0x00, 0x1C, 0x00, 0x30, 0x00, 0x0C, 0x18, 0x00, 
    0x00, 0x1E, 0x00, 0x30, 0x00, 0x0D, 0x98, 0x00, 0x00, 0x3E, 0x00, 0x00, 0x00, 0x1F, 0xF8, 0x00, 
    0x07, 0xF7, 0x00, 0x00, 0x00, 0x1F, 0xF8, 0x00, 0x07, 0xE3, 0xC0, 0x00, 0x00, 0x18, 0x78, 0x00, 
    0x03, 0x01, 0xF0, 0x00, 0x00, 0x00, 0x10, 0x00, 0x03, 0x80, 0xF0, 0x00, 0x00, 0x00, 0x00, 0x00, 
    0x01, 0x81, 0xE0, 0x00, 0x00, 0x00, 0x0C, 0x00, 0x01, 0x83, 0x80, 0x00, 0x00, 0x00, 0x1C, 0x00, 
    0x01, 0x83, 0x00, 0x00, 0x00, 0x00, 0x38, 0x00, 0x03, 0xFB, 0x00, 0x00, 0x00, 0x00, 0x70, 0x00, 
    0x03, 0xFF, 0x00, 0x00, 0x00, 0x00, 0xE0, 0x00, 0x03, 0x8F, 0x00, 0x00, 0x00, 0x20, 0xC0, 0x00, 
    0x00, 0x03, 0x00, 0x00, 0x00, 0x20, 0x00, 0x00, 0x00, 0x00, 0x00, 0x00, 0x00, 0x00, 0x00, 0x00, 
    0x00, 0x00, 0x00, 0x00, 0x00, 0x00, 0x00, 0x00, 0x00, 0x00, 0x00, 0x00, 0x00, 0x00, 0x00, 0x00, 
    0x00, 0x00, 0x00, 0x00, 0x00, 0x00, 0x00, 0x00, 0x00, 0x00, 0x00, 0x00, 0x00, 0x00, 0x00, 0x00, 
    0x00, 0x00, 0x00, 0x00, 0x00, 0x00, 0x00, 0x00, 0x00, 0x00, 0x00, 0x00, 0x02, 0x00, 0x00, 0x00, 
    0x02, 0x00, 0x00, 0x00, 0x07, 0x00, 0x00, 0x00, 0x00, 0x06, 0x00, 0x00, 0x0F, 0x00, 0x00, 0x00, 
    0x00, 0x0F, 0x00, 0x00, 0x1F, 0x80, 0x00, 0x00, 0x00, 0x0F, 0x00, 0x03, 0xF9, 0x80, 0x00, 0x00, 
    0x00, 0x1F, 0x00, 0x03, 0xF1, 0xE0, 0x00, 0x00, 0x00, 0x3B, 0x80, 0x01, 0xC0, 0xF8, 0x00, 0x00, 
    0x0F, 0xF1, 0x80, 0x00, 0xC0, 0x38, 0x00, 0x00, 0x0F, 0xE1, 0xE0, 0x00, 0xE0, 0xF0, 0x00, 0x00, 
    0x06, 0x00, 0xFC, 0x00, 0xE0, 0xE0, 0x00, 0x00, 0x07, 0x00, 0x1E, 0x00, 0xC0, 0xC0, 0x00, 0x00, 
    0x03, 0x80, 0x3C, 0x00, 0xFC, 0xC0, 0x00, 0x00, 0x01, 0x80, 0x78, 0x01, 0xFF, 0xC0, 0x00, 0x00, 
    0x01, 0x80, 0xE0, 0x01, 0xC3, 0xC0, 0x00, 0x00, 0x03, 0x80, 0xC0, 0x00, 0x01, 0xC0, 0x00, 0x00, 
    0x03, 0x18, 0xC0, 0x00, 0x00, 0x00, 0x00, 0x00, 0x03, 0xFC, 0xC0, 0x00, 0x00, 0x00, 0x00, 0x00, 
    0x07, 0xFF, 0xC0, 0x00, 0x00, 0x00, 0x00, 0x00, 0x07, 0x87, 0xC0, 0x00, 0x00, 0x00, 0x00, 0x00, 
    0x00, 0x01, 0xC0, 0x00, 0x00, 0x00, 0x00, 0x00, 0x00, 0x00, 0xC0, 0x00, 0x00, 0x00, 0x00, 0x00, 
    0x00, 0x00, 0x00, 0x00, 0x00, 0x00, 0x00, 0x00, 0x00, 0x00, 0x00, 0x00, 0x00, 0x00, 0x00, 0x00, 
    0x00, 0x00, 0x00, 0x00, 0x00, 0x00, 0x00, 0x00, 0x00, 0x00, 0x00, 0x00, 0x00, 0x00, 0x00, 0x00, 
      },
  {
    0x00, 0x00, 0x00, 0x00, 0x00, 0x00, 0x00, 0x00, 0x00, 0x00, 0x00, 0x00, 0x00, 0x00, 0x00, 0x00, 
    0x00, 0x00, 0x00, 0x00, 0x00, 0x00, 0x00, 0x00, 0x00, 0x00, 0x00, 0x00, 0x00, 0x00, 0x00, 0x00, 
    0x00, 0x00, 0x00, 0x00, 0x00, 0x00, 0x00, 0x00, 0x00, 0x00, 0x00, 0x00, 0x00, 0x00, 0x00, 0x00, 
    0x00, 0x00, 0x00, 0x00, 0x00, 0x00, 0x00, 0x00, 0x00, 0x00, 0x00, 0x00, 0x00, 0x00, 0x00, 0x00, 
    0x00, 0x00, 0x00, 0x00, 0x00, 0x00, 0x00, 0x00, 0x00, 0x00, 0x00, 0x00, 0x00, 0x00, 0x00, 0x00, 
    0x00, 0x00, 0x00, 0x00, 0x00, 0x00, 0x00, 0x00, 0x00, 0x00, 0x00, 0x00, 0x00, 0x00, 0x60, 0x00, 
    0x00, 0x00, 0x00, 0x00, 0x00, 0x00, 0xE0, 0x00, 0x00, 0x00, 0x00, 0x00, 0x00, 0x01, 0xF0, 0x00, 
    0x00, 0x00, 0x00, 0x00, 0x00, 0x3F, 0xB0, 0x00, 0x00, 0x00, 0x00, 0x00, 0x00, 0x3F, 0x3C, 0x00, 
    0x00, 0x00, 0x00, 0x00, 0x00, 0x1C, 0x1F, 0x00, 0x00, 0x00, 0x00, 0x00, 0x00, 0x0C, 0x07, 0x00, 
    0x00, 0x0C, 0x00, 0x00, 0x00, 0x0E, 0x1E, 0x00, 0x00, 0x1E, 0x00, 0x30, 0x00, 0x0C, 0x1C, 0x00, 
    0x00, 0x1E, 0x00, 0x30, 0x00, 0x0D, 0x98, 0x00, 0x07, 0xFF, 0x00, 0x00, 0x00, 0x0F, 0xF8, 0x00, 
    0x07, 0xF3, 0x80, 0x00, 0x00, 0x1F, 0xF8, 0x00, 0x07, 0x83, 0xF0, 0x00, 0x00, 0x08, 0x38, 0x00, 
    0x03, 0x80, 0xF0, 0x00, 0x00, 0x00, 0x18, 0x00, 0x01, 0x80, 0xF0, 0x00, 0x00, 0x00, 0x04, 0x00, 
    0x01, 0xC1, 0xC0, 0x00, 0x00, 0x00, 0x0E, 0x00, 0x01, 0x83, 0x80, 0x00, 0x00, 0x00, 0x1C, 0x00, 
    0x01, 0xB9, 0x80, 0x00, 0x00, 0x00, 0x38, 0x00, 0x01, 0xFF, 0x80, 0x00, 0x00, 0x00, 0x70, 0x00, 
    0x03, 0xEF, 0x80, 0x00, 0x00, 0x00, 0x60, 0x00, 0x01, 0x07, 0x80, 0x00, 0x00, 0x30, 0x00, 0x00, 
    0x00, 0x01, 0x00, 0x00, 0x00, 0x20, 0x00, 0x00, 0x00, 0x00, 0x00, 0x00, 0x00, 0x00, 0x00, 0x00, 
    0x00, 0x00, 0x00, 0x00, 0x00, 0x00, 0x00, 0x00, 0x00, 0x00, 0x00, 0x00, 0x00, 0x00, 0x00, 0x00, 
    0x00, 0x00, 0x00, 0x00, 0x00, 0x00, 0x00, 0x00, 0x00, 0x00, 0x00, 0x00, 0x00, 0x00, 0x00, 0x00, 
    0x00, 0x00, 0x00, 0x00, 0x00, 0x00, 0x00, 0x00, 0x02, 0x00, 0x00, 0x00, 0x03, 0x00, 0x00, 0x00, 
    0x03, 0x00, 0x00, 0x00, 0x07, 0x00, 0x00, 0x00, 0x00, 0x06, 0x00, 0x00, 0x0F, 0x00, 0x00, 0x00, 
    0x00, 0x0F, 0x00, 0x00, 0x1F, 0x80, 0x00, 0x00, 0x00, 0x0F, 0x00, 0x03, 0xF9, 0xC0, 0x00, 0x00, 
    0x00, 0x1B, 0x00, 0x01, 0xF1, 0xF0, 0x00, 0x00, 0x0F, 0xFB, 0x80, 0x01, 0xC0, 0xFC, 0x00, 0x00, 
    0x0F, 0xF1, 0xC0, 0x00, 0xE0, 0x38, 0x00, 0x00, 0x0E, 0x01, 0xF0, 0x00, 0x60, 0x70, 0x00, 0x00, 
    0x06, 0x00, 0x7E, 0x00, 0x60, 0xE0, 0x00, 0x00, 0x03, 0x00, 0x1E, 0x00, 0xE0, 0xC0, 0x00, 0x00, 
    0x03, 0x80, 0x3C, 0x00, 0xFE, 0xC0, 0x00, 0x00, 0x01, 0x80, 0x70, 0x00, 0xFF, 0xC0, 0x00, 0x00, 
    0x01, 0x80, 0xE0, 0x00, 0xC3, 0xC0, 0x00, 0x00, 0x03, 0x80, 0xC0, 0x00, 0x01, 0xC0, 0x00, 0x00, 
    0x03, 0x18, 0xC0, 0x00, 0x00, 0x00, 0x00, 0x00, 0x03, 0xFC, 0xC0, 0x00, 0x00, 0x00, 0x00, 0x00, 
    0x07, 0xEF, 0xC0, 0x00, 0x00, 0x00, 0x00, 0x00, 0x07, 0x03, 0xC0, 0x00, 0x00, 0x00, 0x00, 0x00, 
    0x00, 0x01, 0xC0, 0x00, 0x00, 0x00, 0x00, 0x00, 0x00, 0x00, 0x80, 0x00, 0x00, 0x00, 0x00, 0x00, 
    0x00, 0x00, 0x00, 0x00, 0x00, 0x00, 0x00, 0x00, 0x00, 0x00, 0x00, 0x00, 0x00, 0x00, 0x00, 0x00, 
    0x00, 0x00, 0x00, 0x00, 0x00, 0x00, 0x00, 0x00, 0x00, 0x00, 0x00, 0x00, 0x00, 0x00, 0x00, 0x00, 
      },
  {
    0x00, 0x00, 0x00, 0x00, 0x00, 0x00, 0x00, 0x00, 0x00, 0x00, 0x00, 0x00, 0x00, 0x00, 0x00, 0x00, 
    0x00, 0x00, 0x00, 0x00, 0x00, 0x00, 0x00, 0x00, 0x00, 0x00, 0x00, 0x00, 0x00, 0x00, 0x00, 0x00, 
    0x00, 0x00, 0x00, 0x00, 0x00, 0x00, 0x00, 0x00, 0x00, 0x00, 0x00, 0x00, 0x00, 0x00, 0x00, 0x00, 
    0x00, 0x00, 0x00, 0x00, 0x00, 0x00, 0x00, 0x00, 0x00, 0x00, 0x00, 0x00, 0x00, 0x00, 0x00, 0x00, 
    0x00, 0x00, 0x00, 0x00, 0x00, 0x00, 0x00, 0x00, 0x00, 0x00, 0x00, 0x00, 0x00, 0x00, 0x00, 0x00, 
    0x00, 0x00, 0x00, 0x00, 0x00, 0x00, 0x20, 0x00, 0x00, 0x00, 0x00, 0x00, 0x00, 0x00, 0x60, 0x00, 
    0x00, 0x00, 0x00, 0x00, 0x00, 0x00, 0xF0, 0x00, 0x00, 0x00, 0x00, 0x00, 0x00, 0x01, 0xF0, 0x00, 
    0x00, 0x00, 0x00, 0x00, 0x00, 0x3F, 0xB0, 0x00, 0x00, 0x00, 0x00, 0x00, 0x00, 0x3F, 0x3E, 0x00, 
    0x00, 0x00, 0x00, 0x00, 0x00, 0x1C, 0x1F, 0x80, 0x00, 0x04, 0x00, 0x00, 0x00, 0x0C, 0x07, 0x00, 
    0x00, 0x0E, 0x00, 0x00, 0x00, 0x06, 0x0E, 0x00, 0x00, 0x1E, 0x00, 0x30, 0x00, 0x0E, 0x1C, 0x00, 
    0x00, 0x1F, 0x00, 0x10, 0x00, 0x0F, 0x98, 0x00, 0x07, 0xFB, 0x00, 0x00, 0x00, 0x0F, 0xF8, 0x00, 
    0x07, 0xF3, 0xC0, 0x00, 0x00, 0x1F, 0x78, 0x00, 0x03, 0x81, 0xF0, 0x00, 0x00, 0x08, 0x38, 0x00, 
    0x01, 0x80, 0x70, 0x00, 0x00, 0x00, 0x18, 0x00, 0x01, 0xC0, 0xE0, 0x00, 0x00, 0x00, 0x06, 0x00, 
    0x00, 0xC1, 0xC0, 0x00, 0x00, 0x00, 0x0E, 0x00, 0x01, 0x81, 0x80, 0x00, 0x00, 0x00, 0x1C, 0x00, 
    0x01, 0xF9, 0x80, 0x00, 0x00, 0x00, 0x38, 0x00, 0x01, 0xFF, 0x80, 0x00, 0x00, 0x00, 0x30, 0x00, 
    0x01, 0xC7, 0x80, 0x00, 0x00, 0x00, 0x00, 0x00, 0x00, 0x03, 0x80, 0x00, 0x00, 0x30, 0x00, 0x00, 
    0x00, 0x01, 0x00, 0x00, 0x00, 0x20, 0x00, 0x00, 0x00, 0x00, 0x00, 0x00, 0x00, 0x00, 0x00, 0x00, 
    0x00, 0x00, 0x00, 0x00, 0x00, 0x00, 0x00, 0x00, 0x00, 0x00, 0x00, 0x00, 0x00, 0x00, 0x00, 0x00, 
    0x00, 0x00, 0x00, 0x00, 0x00, 0x00, 0x00, 0x00, 0x00, 0x00, 0x00, 0x00, 0x00, 0x00, 0x00, 0x00, 
    0x00, 0x00, 0x00, 0x00, 0x00, 0x00, 0x00, 0x00, 0x03, 0x00, 0x00, 0x00, 0x03, 0x00, 0x00, 0x00, 
    0x03, 0x02, 0x00, 0x00, 0x07, 0x00, 0x00, 0x00, 0x00, 0x06, 0x00, 0x00, 0x07, 0x80, 0x00, 0x00, 
    0x00, 0x0F, 0x00, 0x00, 0x1F, 0x80, 0x00, 0x00, 0x00, 0x1F, 0x00, 0x01, 0xFD, 0xC0, 0x00, 0x00, 
    0x00, 0x1B, 0x00, 0x01, 0xF9, 0xF8, 0x00, 0x00, 0x0F, 0xF9, 0x80, 0x00, 0xC0, 0x7C, 0x00, 0x00, 
    0x0F, 0xF1, 0xC0, 0x00, 0xE0, 0x3C, 0x00, 0x00, 0x0E, 0x01, 0xF8, 0x00, 0x60, 0x70, 0x00, 0x00, 
    0x07, 0x00, 0x7E, 0x00, 0x60, 0xE0, 0x00, 0x00, 0x03, 0x00, 0x1E, 0x00, 0x64, 0xC0, 0x00, 0x00, 
    0x01, 0x80, 0x38, 0x00, 0xFE, 0xC0, 0x00, 0x00, 0x01, 0x80, 0x70, 0x00, 0xFF, 0xC0, 0x00, 0x00, 
    0x01, 0x80, 0xE0, 0x00, 0xC3, 0xC0, 0x00, 0x00, 0x03, 0x80, 0xC0, 0x00, 0x00, 0xC0, 0x00, 0x00, 
    0x03, 0x38, 0xC0, 0x00, 0x00, 0x00, 0x00, 0x00, 0x03, 0xFE, 0xC0, 0x00, 0x00, 0x00, 0x00, 0x00, 
    0x07, 0xC7, 0xC0, 0x00, 0x00, 0x00, 0x00, 0x00, 0x03, 0x03, 0xC0, 0x00, 0x00, 0x00, 0x00, 0x00, 
    0x00, 0x01, 0xC0, 0x00, 0x00, 0x00, 0x00, 0x00, 0x00, 0x00, 0x00, 0x00, 0x00, 0x00, 0x00, 0x00, 
    0x00, 0x00, 0x00, 0x00, 0x00, 0x00, 0x00, 0x00, 0x00, 0x00, 0x00, 0x00, 0x00, 0x00, 0x00, 0x00, 
    0x00, 0x00, 0x00, 0x00, 0x00, 0x00, 0x00, 0x00, 0x00, 0x00, 0x00, 0x00, 0x00, 0x00, 0x00, 0x00, 
      },
  {
    0x00, 0x00, 0x00, 0x00, 0x00, 0x00, 0x00, 0x00, 0x00, 0x00, 0x00, 0x00, 0x00, 0x00, 0x00, 0x00, 
    0x00, 0x00, 0x00, 0x00, 0x00, 0x00, 0x00, 0x00, 0x00, 0x00, 0x00, 0x00, 0x00, 0x00, 0x00, 0x00, 
    0x00, 0x00, 0x00, 0x00, 0x00, 0x00, 0x00, 0x00, 0x00, 0x00, 0x00, 0x00, 0x00, 0x00, 0x00, 0x00, 
    0x00, 0x00, 0x00, 0x00, 0x00, 0x00, 0x00, 0x00, 0x00, 0x00, 0x00, 0x00, 0x00, 0x00, 0x00, 0x00, 
    0x00, 0x00, 0x00, 0x00, 0x00, 0x00, 0x00, 0x00, 0x00, 0x00, 0x00, 0x00, 0x00, 0x00, 0x00, 0x00, 
    0x00, 0x00, 0x00, 0x00, 0x00, 0x00, 0x20, 0x00, 0x00, 0x00, 0x00, 0x00, 0x00, 0x00, 0x70, 0x00, 
    0x00, 0x00, 0x00, 0x00, 0x00, 0x00, 0xF0, 0x00, 0x00, 0x00, 0x00, 0x00, 0x00, 0x01, 0xF0, 0x00, 
    0x00, 0x00, 0x00, 0x00, 0x00, 0x3F, 0xB8, 0x00, 0x00, 0x00, 0x00, 0x00, 0x00, 0x1F, 0x1E, 0x00, 
    0x00, 0x00, 0x00, 0x00, 0x00, 0x1C, 0x0F, 0x80, 0x00, 0x06, 0x00, 0x00, 0x00, 0x0E, 0x07, 0x00, 
    0x00, 0x0E, 0x00, 0x00, 0x00, 0x06, 0x0E, 0x00, 0x00, 0x1E, 0x00, 0x18, 0x00, 0x06, 0x1C, 0x00, 
    0x00, 0x1F, 0x00, 0x00, 0x00, 0x0F, 0xD8, 0x00, 0x07, 0xFB, 0x80, 0x00, 0x00, 0x0F, 0xF8, 0x00, 
    0x03, 0xF3, 0xE0, 0x00, 0x00, 0x0F, 0x78, 0x00, 0x03, 0x80, 0xF8, 0x00, 0x00, 0x00, 0x38, 0x00, 
    0x01, 0xC0, 0x70, 0x00, 0x00, 0x00, 0x08, 0x00, 0x00, 0xC0, 0xE0, 0x00, 0x00, 0x00, 0x06, 0x00, 
    0x00, 0xC1, 0xC0, 0x00, 0x00, 0x00, 0x0E, 0x00, 0x01, 0xC1, 0x80, 0x00, 0x00, 0x00, 0x1C, 0x00, 
    0x01, 0xFD, 0x80, 0x00, 0x00, 0x00, 0x18, 0x00, 0x01, 0xFF, 0x80, 0x00, 0x00, 0x00, 0x00, 0x00, 
    0x01, 0x87, 0x80, 0x00, 0x00, 0x00, 0x00, 0x00, 0x00, 0x01, 0x80, 0x00, 0x00, 0x30, 0x00, 0x00, 
    0x00, 0x00, 0x00, 0x00, 0x00, 0x00, 0x00, 0x00, 0x00, 0x00, 0x00, 0x00, 0x00, 0x00, 0x00, 0x00, 
    0x00, 0x00, 0x00, 0x00, 0x00, 0x00, 0x00, 0x00, 0x00, 0x00, 0x00, 0x00, 0x00, 0x00, 0x00, 0x00, 
    0x00, 0x00, 0x00, 0x00, 0x00, 0x00, 0x00, 0x00, 0x00, 0x00, 0x00, 0x00, 0x00, 0x00, 0x00, 0x00, 
    0x00, 0x00, 0x00, 0x00, 0x00, 0x00, 0x00, 0x00, 0x03, 0x00, 0x00, 0x00, 0x03, 0x00, 0x00, 0x00, 
    0x01, 0x02, 0x00, 0x00, 0x07, 0x80, 0x00, 0x00, 0x00, 0x07, 0x00, 0x00, 0x07, 0x80, 0x00, 0x00, 
    0x00, 0x0F, 0x00, 0x00, 0x0F, 0x80, 0x00, 0x00, 0x00, 0x1F, 0x00, 0x01, 0xFD, 0xC0, 0x00, 0x00, 
    0x00, 0x19, 0x80, 0x01, 0xF8, 0xF8, 0x00, 0x00, 0x0F, 0xF9, 0x80, 0x00, 0xC0, 0x7C, 0x00, 0x00, 
    0x0F, 0xF1, 0xE0, 0x00, 0x60, 0x3C, 0x00, 0x00, 0x06, 0x00, 0xFC, 0x00, 0x60, 0x70, 0x00, 0x00, 
    0x07, 0x00, 0x3E, 0x00, 0x60, 0xE0, 0x00, 0x00, 0x03, 0x80, 0x1E, 0x00, 0x64, 0xC0, 0x00, 0x00, 
    0x01, 0x80, 0x38, 0x00, 0xFE, 0xC0, 0x00, 0x00, 0x01, 0x80, 0xF0, 0x00, 0xFF, 0xC0, 0x00, 0x00, 
    0x01, 0x80, 0xE0, 0x00, 0xE1, 0xC0, 0x00, 0x00, 0x01, 0x80, 0xC0, 0x00, 0x00, 0xC0, 0x00, 0x00, 
    0x03, 0xBC, 0xC0, 0x00, 0x00, 0x00, 0x00, 0x00, 0x03, 0xFE, 0xC0, 0x00, 0x00, 0x00, 0x00, 0x00, 
    0x03, 0xC7, 0xC0, 0x00, 0x00, 0x00, 0x00, 0x00, 0x02, 0x03, 0xC0, 0x00, 0x00, 0x00, 0x00, 0x00, 
    0x00, 0x00, 0xC0, 0x00, 0x00, 0x00, 0x00, 0x00, 0x00, 0x00, 0x00, 0x00, 0x00, 0x00, 0x00, 0x00, 
    0x00, 0x00, 0x00, 0x00, 0x00, 0x00, 0x00, 0x00, 0x00, 0x00, 0x00, 0x00, 0x00, 0x00, 0x00, 0x00, 
    0x00, 0x00, 0x00, 0x00, 0x00, 0x00, 0x00, 0x00, 0x00, 0x00, 0x00, 0x00, 0x00, 0x00, 0x00, 0x00, 
      },
  {
    0x00, 0x00, 0x00, 0x00, 0x00, 0x00, 0x00, 0x00, 0x00, 0x00, 0x00, 0x00, 0x00, 0x00, 0x00, 0x00, 
    0x00, 0x00, 0x00, 0x00, 0x00, 0x00, 0x00, 0x00, 0x00, 0x00, 0x00, 0x00, 0x00, 0x00, 0x00, 0x00, 
    0x00, 0x00, 0x00, 0x00, 0x00, 0x00, 0x00, 0x00, 0x00, 0x00, 0x00, 0x00, 0x00, 0x00, 0x00, 0x00, 
    0x00, 0x00, 0x00, 0x00, 0x00, 0x00, 0x00, 0x00, 0x00, 0x00, 0x00, 0x00, 0x00, 0x00, 0x00, 0x00, 
    0x00, 0x00, 0x00, 0x00, 0x00, 0x00, 0x00, 0x00, 0x00, 0x00, 0x00, 0x00, 0x00, 0x00, 0x00, 0x00, 
    0x00, 0x00, 0x00, 0x00, 0x00, 0x00, 0x20, 0x00, 0x00, 0x00, 0x00, 0x00, 0x00, 0x00, 0x70, 0x00, 
    0x00, 0x00, 0x00, 0x00, 0x00, 0x00, 0xF0, 0x00, 0x00, 0x00, 0x00, 0x00, 0x00, 0x01, 0xF0, 0x00, 
    0x00, 0x00, 0x00, 0x00, 0x00, 0x1F, 0x98, 0x00, 0x00, 0x00, 0x00, 0x00, 0x00, 0x1F, 0x9F, 0x00, 
    0x00, 0x00, 0x00, 0x00, 0x00, 0x0C, 0x0F, 0x80, 0x00, 0x06, 0x00, 0x00, 0x00, 0x06, 0x07, 0x80, 
    0x00, 0x0E, 0x00, 0x00, 0x00, 0x06, 0x0E, 0x00, 0x00, 0x1F, 0x00, 0x18, 0x00, 0x06, 0x0C, 0x00, 
    0x03, 0xFB, 0x00, 0x00, 0x00, 0x0F, 0xCC, 0x00, 0x03, 0xF3, 0xC0, 0x00, 0x00, 0x0F, 0xFC, 0x00, 
    0x03, 0x81, 0xF0, 0x00, 0x00, 0x0F, 0x7C, 0x00, 0x01, 0x80, 0x78, 0x00, 0x00, 0x00, 0x1C, 0x00, 
    0x00, 0xC0, 0x70, 0x00, 0x00, 0x00, 0x00, 0x00, 0x00, 0xC0, 0xE0, 0x00, 0x00, 0x00, 0x06, 0x00, 
    0x00, 0xC1, 0xC0, 0x00, 0x00, 0x00, 0x0E, 0x00, 0x00, 0xD9, 0x80, 0x00, 0x00, 0x00, 0x0C, 0x00, 
    0x01, 0xFF, 0x80, 0x00, 0x00, 0x00, 0x00, 0x00, 0x01, 0xFF, 0x80, 0x00, 0x00, 0x00, 0x00, 0x00, 
    0x01, 0x83, 0x80, 0x00, 0x00, 0x10, 0x00, 0x00, 0x00, 0x01, 0x80, 0x00, 0x00, 0x30, 0x00, 0x00, 
    0x00, 0x00, 0x00, 0x00, 0x00, 0x00, 0x00, 0x00, 0x00, 0x00, 0x00, 0x00, 0x00, 0x00, 0x00, 0x00, 
    0x00, 0x00, 0x00, 0x00, 0x00, 0x00, 0x00, 0x00, 0x00, 0x00, 0x00, 0x00, 0x00, 0x00, 0x00, 0x00, 
    0x00, 0x00, 0x00, 0x00, 0x00, 0x00, 0x00, 0x00, 0x00, 0x00, 0x00, 0x00, 0x00, 0x00, 0x00, 0x00, 
    0x01, 0x00, 0x00, 0x00, 0x00, 0x00, 0x00, 0x00, 0x01, 0x80, 0x00, 0x00, 0x03, 0x00, 0x00, 0x00, 
    0x00, 0x03, 0x00, 0x00, 0x03, 0x80, 0x00, 0x00, 0x00, 0x07, 0x00, 0x00, 0x07, 0x80, 0x00, 0x00, 
    0x00, 0x0F, 0x00, 0x00, 0x0F, 0x80, 0x00, 0x00, 0x00, 0x0F, 0x80, 0x01, 0xFD, 0xC0, 0x00, 0x00, 
    0x00, 0x19, 0x80, 0x01, 0xF8, 0xF0, 0x00, 0x00, 0x0F, 0xF9, 0xC0, 0x00, 0xC0, 0x7C, 0x00, 0x00, 
    0x0F, 0xF1, 0xE0, 0x00, 0x60, 0x3C, 0x00, 0x00, 0x07, 0x00, 0xFE, 0x00, 0x70, 0x78, 0x00, 0x00, 
    0x03, 0x00, 0x1E, 0x00, 0x60, 0x70, 0x00, 0x00, 0x01, 0x80, 0x1E, 0x00, 0x60, 0xE0, 0x00, 0x00, 
    0x01, 0xC0, 0x38, 0x00, 0x7E, 0xE0, 0x00, 0x00, 0x01, 0x80, 0x70, 0x00, 0xFF, 0xE0, 0x00, 0x00, 
    0x01, 0x80, 0xE0, 0x00, 0xE1, 0xE0, 0x00, 0x00, 0x01, 0x80, 0xC0, 0x00, 0x00, 0xE0, 0x00, 0x00, 
    0x03, 0xFC, 0xC0, 0x00, 0x00, 0x00, 0x00, 0x00, 0x03, 0xFF, 0xC0, 0x00, 0x00, 0x00, 0x00, 0x00, 
    0x03, 0xC3, 0xC0, 0x00, 0x00, 0x00, 0x00, 0x00, 0x00, 0x01, 0xC0, 0x00, 0x00, 0x00, 0x00, 0x00, 
    0x00, 0x00, 0xC0, 0x00, 0x00, 0x00, 0x00, 0x00, 0x00, 0x00, 0x00, 0x00, 0x00, 0x00, 0x00, 0x00, 
    0x00, 0x00, 0x00, 0x00, 0x00, 0x00, 0x00, 0x00, 0x00, 0x00, 0x00, 0x00, 0x00, 0x00, 0x00, 0x00, 
    0x00, 0x00, 0x00, 0x00, 0x00, 0x00, 0x00, 0x00, 0x00, 0x00, 0x00, 0x00, 0x00, 0x00, 0x00, 0x00, 
      },
  {
    0x00, 0x00, 0x00, 0x00, 0x00, 0x00, 0x00, 0x00, 0x00, 0x00, 0x00, 0x00, 0x00, 0x00, 0x00, 0x00, 
    0x00, 0x00, 0x00, 0x00, 0x00, 0x00, 0x00, 0x00, 0x00, 0x00, 0x00, 0x00, 0x00, 0x00, 0x00, 0x00, 
    0x00, 0x00, 0x00, 0x00, 0x00, 0x00, 0x00, 0x00, 0x00, 0x00, 0x00, 0x00, 0x00, 0x00, 0x00, 0x00, 
    0x00, 0x00, 0x00, 0x00, 0x00, 0x00, 0x00, 0x00, 0x00, 0x00, 0x00, 0x00, 0x00, 0x00, 0x00, 0x00, 
    0x00, 0x00, 0x00, 0x00, 0x00, 0x00, 0x00, 0x00, 0x00, 0x00, 0x00, 0x00, 0x00, 0x00, 0x00, 0x00, 
    0x00, 0x00, 0x00, 0x00, 0x00, 0x00, 0x30, 0x00, 0x00, 0x00, 0x00, 0x00, 0x00, 0x00, 0x70, 0x00, 
    0x00, 0x00, 0x00, 0x00, 0x00, 0x00, 0xF0, 0x00, 0x00, 0x00, 0x00, 0x00, 0x00, 0x1F, 0xF8, 0x00, 
    0x00, 0x00, 0x00, 0x00, 0x00, 0x1F, 0xDC, 0x00, 0x00, 0x00, 0x00, 0x00, 0x00, 0x1E, 0x1F, 0x80, 
    0x00, 0x02, 0x00, 0x00, 0x00, 0x0E, 0x07, 0x80, 0x00, 0x07, 0x00, 0x00, 0x00, 0x06, 0x07, 0x80, 
    0x00, 0x0F, 0x00, 0x08, 0x00, 0x06, 0x0E, 0x00, 0x00, 0x1F, 0x00, 0x18, 0x00, 0x06, 0x0C, 0x00, 
    0x03, 0xFB, 0x80, 0x00, 0x00, 0x07, 0xEC, 0x00, 0x03, 0xF1, 0xE0, 0x00, 0x00, 0x0F, 0xFC, 0x00, 
    0x01, 0x81, 0xF8, 0x00, 0x00, 0x0E, 0x3C, 0x00, 0x01, 0xC0, 0x78, 0x00, 0x00, 0x00, 0x1C, 0x00, 
    0x00, 0xE0, 0x70, 0x00, 0x00, 0x00, 0x02, 0x00, 0x00, 0xC0, 0xE0, 0x00, 0x00, 0x00, 0x07, 0x00, 
    0x00, 0xC1, 0xC0, 0x00, 0x00, 0x00, 0x06, 0x00, 0x00, 0xFD, 0x80, 0x00, 0x00, 0x00, 0x00, 0x00, 
    0x01, 0xFF, 0x80, 0x00, 0x00, 0x00, 0x00, 0x00, 0x01, 0xE7, 0x80, 0x00, 0x00, 0x00, 0x00, 0x00, 
    0x00, 0x01, 0x80, 0x00, 0x00, 0x10, 0x00, 0x00, 0x00, 0x00, 0x80, 0x00, 0x00, 0x10, 0x00, 0x00, 
    0x00, 0x00, 0x00, 0x00, 0x00, 0x00, 0x00, 0x00, 0x00, 0x00, 0x00, 0x00, 0x00, 0x00, 0x00, 0x00, 
    0x00, 0x00, 0x00, 0x00, 0x00, 0x00, 0x00, 0x00, 0x00, 0x00, 0x00, 0x00, 0x00, 0x00, 0x00, 0x00, 
    0x00, 0x00, 0x00, 0x00, 0x00, 0x00, 0x00, 0x00, 0x00, 0x00, 0x00, 0x00, 0x00, 0x00, 0x00, 0x00, 
    0x01, 0x80, 0x00, 0x00, 0x00, 0x00, 0x00, 0x00, 0x01, 0x80, 0x00, 0x00, 0x01, 0x00, 0x00, 0x00, 
    0x00, 0x03, 0x00, 0x00, 0x03, 0x80, 0x00, 0x00, 0x00, 0x07, 0x00, 0x00, 0x07, 0x80, 0x00, 0x00, 
    0x00, 0x0F, 0x80, 0x00, 0x07, 0x80, 0x00, 0x00, 0x00, 0x0F, 0x80, 0x01, 0xFC, 0xC0, 0x00, 0x00, 
    0x00, 0x19, 0x80, 0x01, 0xFC, 0xF0, 0x00, 0x00, 0x0F, 0xF9, 0xC0, 0x00, 0xE0, 0xFC, 0x00, 0x00, 
    0x07, 0xF0, 0xF0, 0x00, 0x60, 0x1C, 0x00, 0x00, 0x07, 0x00, 0x7E, 0x00, 0x70, 0x38, 0x00, 0x00, 
    0x03, 0x80, 0x1E, 0x00, 0x30, 0x70, 0x00, 0x00, 0x01, 0x80, 0x1E, 0x00, 0x60, 0x60, 0x00, 0x00, 
    0x00, 0xC0, 0x38, 0x00, 0x7E, 0x60, 0x00, 0x00, 0x01, 0xC0, 0x70, 0x00, 0x7F, 0xE0, 0x00, 0x00, 
    0x01, 0x80, 0x60, 0x00, 0xF3, 0xE0, 0x00, 0x00, 0x01, 0x88, 0x60, 0x00, 0x00, 0xE0, 0x00, 0x00, 
    0x03, 0xFE, 0x60, 0x00, 0x00, 0x40, 0x00, 0x00, 0x03, 0xFF, 0xE0, 0x00, 0x00, 0x00, 0x00, 0x00, 
    0x03, 0xC3, 0xE0, 0x00, 0x00, 0x00, 0x00, 0x00, 0x00, 0x01, 0xE0, 0x00, 0x00, 0x00, 0x00, 0x00, 
    0x00, 0x00, 0x40, 0x00, 0x00, 0x00, 0x00, 0x00, 0x00, 0x00, 0x00, 0x00, 0x00, 0x00, 0x00, 0x00, 
    0x00, 0x00, 0x00, 0x00, 0x00, 0x00, 0x00, 0x00, 0x00, 0x00, 0x00, 0x00, 0x00, 0x00, 0x00, 0x00, 
    0x00, 0x00, 0x00, 0x00, 0x00, 0x00, 0x00, 0x00, 0x00, 0x00, 0x00, 0x00, 0x00, 0x00, 0x00, 0x00, 
      },
  {
    0x00, 0x00, 0x00, 0x00, 0x00, 0x00, 0x00, 0x00, 0x00, 0x00, 0x00, 0x00, 0x00, 0x00, 0x00, 0x00, 
    0x00, 0x00, 0x00, 0x00, 0x00, 0x00, 0x00, 0x00, 0x00, 0x00, 0x00, 0x00, 0x00, 0x00, 0x00, 0x00, 
    0x00, 0x00, 0x00, 0x00, 0x00, 0x00, 0x00, 0x00, 0x00, 0x00, 0x00, 0x00, 0x00, 0x00, 0x00, 0x00, 
    0x00, 0x00, 0x00, 0x00, 0x00, 0x00, 0x00, 0x00, 0x00, 0x00, 0x00, 0x00, 0x00, 0x00, 0x00, 0x00, 
    0x00, 0x00, 0x00, 0x00, 0x00, 0x00, 0x00, 0x00, 0x00, 0x00, 0x00, 0x00, 0x00, 0x00, 0x00, 0x00, 
    0x00, 0x00, 0x00, 0x00, 0x00, 0x00, 0x30, 0x00, 0x00, 0x00, 0x00, 0x00, 0x00, 0x00, 0x70, 0x00, 
    0x00, 0x00, 0x00, 0x00, 0x00, 0x00, 0xF8, 0x00, 0x00, 0x00, 0x00, 0x00, 0x00, 0x1F, 0xD8, 0x00, 
    0x00, 0x00, 0x00, 0x00, 0x00, 0x1F, 0xDE, 0x00, 0x00, 0x00, 0x00, 0x00, 0x00, 0x0E, 0x0F, 0x80, 
    0x00, 0x02, 0x00, 0x00, 0x00, 0x06, 0x03, 0x80, 0x00, 0x07, 0x00, 0x00, 0x00, 0x07, 0x07, 0x00, 
    0x00, 0x0F, 0x00, 0x08, 0x00, 0x07, 0x0E, 0x00, 0x00, 0x1F, 0x80, 0x08, 0x00, 0x06, 0x4C, 0x00, 
    0x03, 0xF9, 0x80, 0x00, 0x00, 0x07, 0xFC, 0x00, 0x03, 0xF1, 0xE0, 0x00, 0x00, 0x0F, 0xFC, 0x00, 
    0x01, 0xC0, 0xF8, 0x00, 0x00, 0x06, 0x1C, 0x00, 0x00, 0xC0, 0x38, 0x00, 0x00, 0x00, 0x0C, 0x00, 
    0x00, 0xE0, 0xF0, 0x00, 0x00, 0x00, 0x03, 0x00, 0x00, 0xE0, 0xE0, 0x00, 0x00, 0x00, 0x07, 0x00, 
    0x00, 0xC0, 0xC0, 0x00, 0x00, 0x00, 0x02, 0x00, 0x00, 0xFD, 0xC0, 0x00, 0x00, 0x00, 0x00, 0x00, 
    0x01, 0xFF, 0xC0, 0x00, 0x00, 0x00, 0x00, 0x00, 0x01, 0xC3, 0xC0, 0x00, 0x00, 0x00, 0x00, 0x00, 
    0x00, 0x01, 0xC0, 0x00, 0x00, 0x18, 0x00, 0x00, 0x00, 0x00, 0x00, 0x00, 0x00, 0x18, 0x00, 0x00, 
    0x00, 0x00, 0x00, 0x00, 0x00, 0x00, 0x00, 0x00, 0x00, 0x00, 0x00, 0x00, 0x00, 0x00, 0x00, 0x00, 
    0x00, 0x00, 0x00, 0x00, 0x00, 0x00, 0x00, 0x00, 0x00, 0x00, 0x00, 0x00, 0x00, 0x00, 0x00, 0x00, 
    0x00, 0x00, 0x00, 0x00, 0x00, 0x00, 0x00, 0x00, 0x00, 0x00, 0x00, 0x00, 0x00, 0x00, 0x00, 0x00, 
    0x01, 0x80, 0x00, 0x00, 0x00, 0x00, 0x00, 0x00, 0x00, 0x80, 0x00, 0x00, 0x01, 0x00, 0x00, 0x00, 
    0x00, 0x03, 0x00, 0x00, 0x03, 0x80, 0x00, 0x00, 0x00, 0x07, 0x00, 0x00, 0x03, 0x80, 0x00, 0x00, 
    0x00, 0x0F, 0x80, 0x00, 0x07, 0x80, 0x00, 0x00, 0x00, 0x0D, 0x80, 0x00, 0xFE, 0xC0, 0x00, 0x00, 
    0x07, 0xFD, 0xC0, 0x01, 0xFC, 0xE0, 0x00, 0x00, 0x07, 0xF8, 0xC0, 0x00, 0xE0, 0xFC, 0x00, 0x00, 
    0x07, 0xF0, 0xF8, 0x00, 0x60, 0x1E, 0x00, 0x00, 0x03, 0x00, 0x7E, 0x00, 0x70, 0x3C, 0x00, 0x00, 
    0x03, 0x80, 0x0F, 0x00, 0x30, 0x70, 0x00, 0x00, 0x01, 0xC0, 0x1E, 0x00, 0x70, 0x60, 0x00, 0x00, 
    0x00, 0xC0, 0x38, 0x00, 0x7E, 0x60, 0x00, 0x00, 0x00, 0xC0, 0x70, 0x00, 0x7F, 0xE0, 0x00, 0x00, 
    0x01, 0x80, 0x60, 0x00, 0x7B, 0xE0, 0x00, 0x00, 0x01, 0x8C, 0x60, 0x00, 0x40, 0xE0, 0x00, 0x00, 
    0x01, 0xFE, 0x60, 0x00, 0x00, 0x60, 0x00, 0x00, 0x03, 0xF7, 0xE0, 0x00, 0x00, 0x00, 0x00, 0x00, 
    0x03, 0x83, 0xE0, 0x00, 0x00, 0x00, 0x00, 0x00, 0x00, 0x00, 0xE0, 0x00, 0x00, 0x00, 0x00, 0x00, 
    0x00, 0x00, 0x40, 0x00, 0x00, 0x00, 0x00, 0x00, 0x00, 0x00, 0x00, 0x00, 0x00, 0x00, 0x00, 0x00, 
    0x00, 0x00, 0x00, 0x00, 0x00, 0x00, 0x00, 0x00, 0x00, 0x00, 0x00, 0x00, 0x00, 0x00, 0x00, 0x00, 
    0x00, 0x00, 0x00, 0x00, 0x00, 0x00, 0x00, 0x00, 0x00, 0x00, 0x00, 0x00, 0x00, 0x00, 0x00, 0x00, 
      },
  {
    0x00, 0x00, 0x00, 0x00, 0x00, 0x00, 0x00, 0x00, 0x00, 0x00, 0x00, 0x00, 0x00, 0x00, 0x00, 0x00, 
    0x00, 0x00, 0x00, 0x00, 0x00, 0x00, 0x00, 0x00, 0x00, 0x00, 0x00, 0x00, 0x00, 0x00, 0x00, 0x00, 
    0x00, 0x00, 0x00, 0x00, 0x00, 0x00, 0x00, 0x00, 0x00, 0x00, 0x00, 0x00, 0x00, 0x00, 0x00, 0x00, 
    0x00, 0x00, 0x00, 0x00, 0x00, 0x00, 0x00, 0x00, 0x00, 0x00, 0x00, 0x00, 0x00, 0x00, 0x00, 0x00, 
    0x00, 0x00, 0x00, 0x00, 0x00, 0x00, 0x00, 0x00, 0x00, 0x00, 0x00, 0x00, 0x00, 0x00, 0x10, 0x00, 
    0x00, 0x00, 0x00, 0x00, 0x00, 0x00, 0x30, 0x00, 0x00, 0x00, 0x00, 0x00, 0x00, 0x00, 0x78, 0x00, 
    0x00, 0x00, 0x00, 0x00, 0x00, 0x00, 0xF8, 0x00, 0x00, 0x00, 0x00, 0x00, 0x00, 0x1F, 0xDC, 0x00, 
    0x00, 0x00, 0x00, 0x00, 0x00, 0x0F, 0x8F, 0x00, 0x00, 0x00, 0x00, 0x00, 0x00, 0x0E, 0x07, 0xC0, 
    0x00, 0x02, 0x00, 0x00, 0x00, 0x07, 0x03, 0x80, 0x00, 0x07, 0x00, 0x00, 0x00, 0x03, 0x07, 0x00, 
    0x00, 0x0F, 0x00, 0x0C, 0x00, 0x07, 0x0E, 0x00, 0x00, 0x1F, 0x80, 0x0C, 0x00, 0x07, 0xEC, 0x00, 
    0x03, 0xF9, 0x80, 0x00, 0x00, 0x07, 0xFC, 0x00, 0x03, 0xF1, 0xE0, 0x00, 0x00, 0x07, 0xBC, 0x00, 
    0x01, 0xC0, 0xF8, 0x00, 0x00, 0x00, 0x1C, 0x00, 0x00, 0xC0, 0x38, 0x00, 0x00, 0x00, 0x04, 0x00, 
    0x00, 0xE0, 0xF0, 0x00, 0x00, 0x00, 0x03, 0x00, 0x00, 0xE0, 0xE0, 0x00, 0x00, 0x00, 0x03, 0x00, 
    0x00, 0xC0, 0xC0, 0x00, 0x00, 0x00, 0x00, 0x00, 0x00, 0xFD, 0xC0, 0x00, 0x00, 0x00, 0x00, 0x00, 
    0x01, 0xFF, 0xC0, 0x00, 0x00, 0x00, 0x00, 0x00, 0x01, 0xC3, 0xC0, 0x00, 0x00, 0x00, 0x00, 0x00, 
    0x00, 0x01, 0xC0, 0x00, 0x00, 0x18, 0x00, 0x00, 0x00, 0x00, 0x00, 0x00, 0x00, 0x18, 0x00, 0x00, 
    0x00, 0x00, 0x00, 0x00, 0x00, 0x00, 0x00, 0x00, 0x00, 0x00, 0x00, 0x00, 0x00, 0x00, 0x00, 0x00, 
    0x00, 0x00, 0x00, 0x00, 0x00, 0x00, 0x00, 0x00, 0x00, 0x00, 0x00, 0x00, 0x00, 0x00, 0x00, 0x00, 
    0x00, 0x00, 0x00, 0x00, 0x00, 0x00, 0x00, 0x00, 0x00, 0x00, 0x00, 0x00, 0x00, 0x00, 0x00, 0x00, 
    0x00, 0xC0, 0x00, 0x00, 0x00, 0x00, 0x00, 0x00, 0x00, 0x81, 0x00, 0x00, 0x00, 0x00, 0x00, 0x00, 
    0x00, 0x03, 0x00, 0x00, 0x01, 0x80, 0x00, 0x00, 0x00, 0x07, 0x80, 0x00, 0x03, 0x80, 0x00, 0x00, 
    0x00, 0x07, 0x80, 0x00, 0x07, 0x80, 0x00, 0x00, 0x00, 0x0D, 0x80, 0x00, 0xFF, 0xC0, 0x00, 0x00, 
    0x07, 0xFC, 0xC0, 0x01, 0xFC, 0xE0, 0x00, 0x00, 0x07, 0xF8, 0xE0, 0x00, 0xF8, 0xFC, 0x00, 0x00, 
    0x07, 0x80, 0xF8, 0x00, 0x60, 0x3E, 0x00, 0x00, 0x03, 0x80, 0x3F, 0x00, 0x70, 0x1C, 0x00, 0x00, 
    0x01, 0x80, 0x0F, 0x00, 0x30, 0x78, 0x00, 0x00, 0x00, 0xC0, 0x1E, 0x00, 0x30, 0x70, 0x00, 0x00, 
    0x00, 0xC0, 0x38, 0x00, 0x76, 0x60, 0x00, 0x00, 0x00, 0xC0, 0x70, 0x00, 0x7F, 0x60, 0x00, 0x00, 
    0x00, 0xC0, 0x60, 0x00, 0x7F, 0xE0, 0x00, 0x00, 0x01, 0x8C, 0x60, 0x00, 0x61, 0xE0, 0x00, 0x00, 
    0x01, 0xFF, 0x60, 0x00, 0x00, 0x60, 0x00, 0x00, 0x01, 0xF7, 0xE0, 0x00, 0x00, 0x00, 0x00, 0x00, 
    0x01, 0x81, 0xE0, 0x00, 0x00, 0x00, 0x00, 0x00, 0x00, 0x00, 0xE0, 0x00, 0x00, 0x00, 0x00, 0x00, 
    0x00, 0x00, 0x20, 0x00, 0x00, 0x00, 0x00, 0x00, 0x00, 0x00, 0x00, 0x00, 0x00, 0x00, 0x00, 0x00, 
    0x00, 0x00, 0x00, 0x00, 0x00, 0x00, 0x00, 0x00, 0x00, 0x00, 0x00, 0x00, 0x00, 0x00, 0x00, 0x00, 
    0x00, 0x00, 0x00, 0x00, 0x00, 0x00, 0x00, 0x00, 0x00, 0x00, 0x00, 0x00, 0x00, 0x00, 0x00, 0x00, 
      },
  {
    0x00, 0x00, 0x00, 0x00, 0x00, 0x00, 0x00, 0x00, 0x00, 0x00, 0x00, 0x00, 0x00, 0x00, 0x00, 0x00, 
    0x00, 0x00, 0x00, 0x00, 0x00, 0x00, 0x00, 0x00, 0x00, 0x00, 0x00, 0x00, 0x00, 0x00, 0x00, 0x00, 
    0x00, 0x00, 0x00, 0x00, 0x00, 0x00, 0x00, 0x00, 0x00, 0x00, 0x00, 0x00, 0x00, 0x00, 0x00, 0x00, 
    0x00, 0x00, 0x00, 0x00, 0x00, 0x00, 0x00, 0x00, 0x00, 0x00, 0x00, 0x00, 0x00, 0x00, 0x00, 0x00, 
    0x00, 0x00, 0x00, 0x00, 0x00, 0x00, 0x00, 0x00, 0x00, 0x00, 0x00, 0x00, 0x00, 0x00, 0x30, 0x00, 
    0x00, 0x00, 0x00, 0x00, 0x00, 0x00, 0x38, 0x00, 0x00, 0x00, 0x00, 0x00, 0x00, 0x00, 0x78, 0x00, 
    0x00, 0x00, 0x00, 0x00, 0x00, 0x0F, 0xF8, 0x00, 0x00, 0x00, 0x00, 0x00, 0x00, 0x1F, 0xDC, 0x00, 
    0x00, 0x00, 0x00, 0x00, 0x00, 0x0F, 0x8F, 0x80, 0x00, 0x00, 0x00, 0x00, 0x00, 0x06, 0x03, 0xC0, 
    0x00, 0x02, 0x00, 0x00, 0x00, 0x07, 0x03, 0x80, 0x00, 0x07, 0x00, 0x00, 0x00, 0x03, 0x0F, 0x00, 
    0x00, 0x0F, 0x00, 0x0C, 0x00, 0x07, 0x0E, 0x00, 0x00, 0x1F, 0x80, 0x0C, 0x00, 0x07, 0xEC, 0x00, 
    0x03, 0xF9, 0x80, 0x00, 0x00, 0x07, 0xFC, 0x00, 0x03, 0xF1, 0xE0, 0x00, 0x00, 0x07, 0x3C, 0x00, 
    0x01, 0xC0, 0xF8, 0x00, 0x00, 0x00, 0x0C, 0x00, 0x00, 0xC0, 0x38, 0x00, 0x00, 0x00, 0x00, 0x00, 
    0x00, 0xE0, 0xF0, 0x00, 0x00, 0x00, 0x03, 0x00, 0x00, 0xE0, 0xE0, 0x00, 0x00, 0x00, 0x01, 0x00, 
    0x00, 0xC0, 0xC0, 0x00, 0x00, 0x00, 0x00, 0x00, 0x00, 0xFD, 0xC0, 0x00, 0x00, 0x00, 0x00, 0x00, 
    0x01, 0xFF, 0xC0, 0x00, 0x00, 0x00, 0x00, 0x00, 0x01, 0xC3, 0xC0, 0x00, 0x00, 0x00, 0x00, 0x00, 
    0x00, 0x01, 0xC0, 0x00, 0x00, 0x18, 0x00, 0x00, 0x00, 0x00, 0x00, 0x00, 0x00, 0x08, 0x00, 0x00, 
    0x00, 0x00, 0x00, 0x00, 0x00, 0x00, 0x00, 0x00, 0x00, 0x00, 0x00, 0x00, 0x00, 0x00, 0x00, 0x00, 
    0x00, 0x00, 0x00, 0x00, 0x00, 0x00, 0x00, 0x00, 0x00, 0x00, 0x00, 0x00, 0x00, 0x00, 0x00, 0x00, 
    0x00, 0x00, 0x00, 0x00, 0x00, 0x00, 0x00, 0x00, 0x00, 0x00, 0x00, 0x00, 0x00, 0x00, 0x00, 0x00, 
    0x00, 0xC0, 0x00, 0x00, 0x00, 0x00, 0x00, 0x00, 0x00, 0x01, 0x00, 0x00, 0x00, 0x00, 0x00, 0x00, 
    0x00, 0x03, 0x80, 0x00, 0x01, 0x80, 0x00, 0x00, 0x00, 0x07, 0x80, 0x00, 0x03, 0x80, 0x00, 0x00, 
    0x00, 0x07, 0x80, 0x00, 0x03, 0xC0, 0x00, 0x00, 0x00, 0x0F, 0xC0, 0x00, 0x07, 0xC0, 0x00, 0x00, 
    0x07, 0xFC, 0xC0, 0x01, 0xFE, 0xE0, 0x00, 0x00, 0x07, 0xF8, 0xE0, 0x00, 0xFC, 0xF8, 0x00, 0x00, 
    0x03, 0x80, 0x7C, 0x00, 0xE0, 0x7E, 0x00, 0x00, 0x03, 0x80, 0x3F, 0x00, 0x70, 0x1E, 0x00, 0x00, 
    0x01, 0xC0, 0x0F, 0x00, 0x30, 0x38, 0x00, 0x00, 0x00, 0xC0, 0x1E, 0x00, 0x30, 0x70, 0x00, 0x00, 
    0x00, 0xE0, 0x38, 0x00, 0x30, 0x60, 0x00, 0x00, 0x00, 0xC0, 0x70, 0x00, 0x7F, 0x60, 0x00, 0x00, 
    0x00, 0xC0, 0x60, 0x00, 0x7F, 0xE0, 0x00, 0x00, 0x01, 0xDE, 0x60, 0x00, 0x71, 0xE0, 0x00, 0x00, 
    0x01, 0xFF, 0x60, 0x00, 0x00, 0x60, 0x00, 0x00, 0x01, 0xF3, 0xE0, 0x00, 0x00, 0x00, 0x00, 0x00, 
    0x01, 0x81, 0xE0, 0x00, 0x00, 0x00, 0x00, 0x00, 0x00, 0x00, 0x60, 0x00, 0x00, 0x00, 0x00, 0x00, 
    0x00, 0x00, 0x20, 0x00, 0x00, 0x00, 0x00, 0x00, 0x00, 0x00, 0x00, 0x00, 0x00, 0x00, 0x00, 0x00, 
    0x00, 0x00, 0x00, 0x00, 0x00, 0x00, 0x00, 0x00, 0x00, 0x00, 0x00, 0x00, 0x00, 0x00, 0x00, 0x00, 
    0x00, 0x00, 0x00, 0x00, 0x00, 0x00, 0x00, 0x00, 0x00, 0x00, 0x00, 0x00, 0x00, 0x00, 0x00, 0x00, 
      },
  {
    0x00, 0x00, 0x00, 0x00, 0x00, 0x00, 0x00, 0x00, 0x00, 0x00, 0x00, 0x00, 0x00, 0x00, 0x00, 0x00, 
    0x00, 0x00, 0x00, 0x00, 0x00, 0x00, 0x00, 0x00, 0x00, 0x00, 0x00, 0x00, 0x00, 0x00, 0x00, 0x00, 
    0x00, 0x00, 0x00, 0x00, 0x00, 0x00, 0x00, 0x00, 0x00, 0x00, 0x00, 0x00, 0x00, 0x00, 0x00, 0x00, 
    0x00, 0x00, 0x00, 0x00, 0x00, 0x00, 0x00, 0x00, 0x00, 0x00, 0x00, 0x00, 0x00, 0x00, 0x00, 0x00, 
    0x00, 0x00, 0x00, 0x00, 0x00, 0x00, 0x00, 0x00, 0x00, 0x00, 0x00, 0x00, 0x00, 0x00, 0x30, 0x00, 
    0x00, 0x00, 0x00, 0x00, 0x00, 0x00, 0x38, 0x00, 0x00, 0x00, 0x00, 0x00, 0x00, 0x00, 0x78, 0x00, 
    0x00, 0x00, 0x00, 0x00, 0x00, 0x1F, 0xFC, 0x00, 0x00, 0x00, 0x00, 0x00, 0x00, 0x1F, 0xCE, 0x00, 
    0x00, 0x00, 0x00, 0x00, 0x00, 0x0E, 0x0F, 0xC0, 0x00, 0x00, 0x00, 0x00, 0x00, 0x07, 0x03, 0xC0, 
    0x00, 0x02, 0x00, 0x00, 0x00, 0x03, 0x07, 0x80, 0x00, 0x07, 0x00, 0x00, 0x00, 0x03, 0x0E, 0x00, 
    0x00, 0x0F, 0x00, 0x04, 0x00, 0x07, 0x4C, 0x00, 0x00, 0x1F, 0x80, 0x04, 0x00, 0x07, 0xFC, 0x00, 
    0x03, 0xF9, 0x80, 0x00, 0x00, 0x07, 0xFC, 0x00, 0x03, 0xF1, 0xE0, 0x00, 0x00, 0x06, 0x1C, 0x00, 
    0x01, 0xC0, 0xF8, 0x00, 0x00, 0x00, 0x0C, 0x00, 0x00, 0xC0, 0x38, 0x00, 0x00, 0x00, 0x01, 0x00, 
    0x00, 0xE0, 0xF0, 0x00, 0x00, 0x00, 0x01, 0x80, 0x00, 0xE0, 0xE0, 0x00, 0x00, 0x00, 0x00, 0x00, 
    0x00, 0xC0, 0xC0, 0x00, 0x00, 0x00, 0x00, 0x00, 0x00, 0xFD, 0xC0, 0x00, 0x00, 0x00, 0x00, 0x00, 
    0x01, 0xFF, 0xC0, 0x00, 0x00, 0x00, 0x00, 0x00, 0x01, 0xC3, 0xC0, 0x00, 0x00, 0x00, 0x00, 0x00, 
    0x00, 0x01, 0xC0, 0x00, 0x00, 0x08, 0x00, 0x00, 0x00, 0x00, 0x00, 0x00, 0x00, 0x08, 0x00, 0x00, 
    0x00, 0x00, 0x00, 0x00, 0x00, 0x00, 0x00, 0x00, 0x00, 0x00, 0x00, 0x00, 0x00, 0x00, 0x00, 0x00, 
    0x00, 0x00, 0x00, 0x00, 0x00, 0x00, 0x00, 0x00, 0x00, 0x00, 0x00, 0x00, 0x00, 0x00, 0x00, 0x00, 
    0x00, 0x00, 0x00, 0x00, 0x00, 0x00, 0x00, 0x00, 0x00, 0x40, 0x00, 0x00, 0x00, 0x00, 0x00, 0x00, 
    0x00, 0xC0, 0x00, 0x00, 0x00, 0x00, 0x00, 0x00, 0x00, 0x01, 0x00, 0x00, 0x00, 0x00, 0x00, 0x00, 
    0x00, 0x03, 0x80, 0x00, 0x01, 0x80, 0x00, 0x00, 0x00, 0x03, 0x80, 0x00, 0x01, 0x80, 0x00, 0x00, 
    0x00, 0x07, 0xC0, 0x00, 0x03, 0xC0, 0x00, 0x00, 0x00, 0x0E, 0xC0, 0x00, 0x07, 0xC0, 0x00, 0x00, 
    0x07, 0xFC, 0xE0, 0x00, 0xFE, 0xE0, 0x00, 0x00, 0x07, 0xF8, 0xF0, 0x00, 0xFC, 0xF0, 0x00, 0x00, 
    0x03, 0x80, 0x7E, 0x00, 0xE0, 0x7E, 0x00, 0x00, 0x01, 0x80, 0x1F, 0x00, 0x70, 0x1E, 0x00, 0x00, 
    0x01, 0xC0, 0x07, 0x00, 0x30, 0x3C, 0x00, 0x00, 0x00, 0xE0, 0x1E, 0x00, 0x30, 0x70, 0x00, 0x00, 
    0x00, 0x60, 0x38, 0x00, 0x30, 0x60, 0x00, 0x00, 0x00, 0xC0, 0x70, 0x00, 0x7F, 0x60, 0x00, 0x00, 
    0x00, 0xC0, 0x70, 0x00, 0x7F, 0xE0, 0x00, 0x00, 0x00, 0xDE, 0x30, 0x00, 0x71, 0xE0, 0x00, 0x00, 
    0x01, 0xFF, 0x70, 0x00, 0x00, 0xE0, 0x00, 0x00, 0x01, 0xF3, 0xF0, 0x00, 0x00, 0x20, 0x00, 0x00, 
    0x01, 0x80, 0xF0, 0x00, 0x00, 0x00, 0x00, 0x00, 0x00, 0x00, 0x70, 0x00, 0x00, 0x00, 0x00, 0x00, 
    0x00, 0x00, 0x00, 0x00, 0x00, 0x00, 0x00, 0x00, 0x00, 0x00, 0x00, 0x00, 0x00, 0x00, 0x00, 0x00, 
    0x00, 0x00, 0x00, 0x00, 0x00, 0x00, 0x00, 0x00, 0x00, 0x00, 0x00, 0x00, 0x00, 0x00, 0x00, 0x00, 
    0x00, 0x00, 0x00, 0x00, 0x00, 0x00, 0x00, 0x00, 0x00, 0x00, 0x00, 0x00, 0x00, 0x00, 0x00, 0x00, 
      },
  {
    0x00, 0x00, 0x00, 0x00, 0x00, 0x00, 0x00, 0x00, 0x00, 0x00, 0x00, 0x00, 0x00, 0x00, 0x00, 0x00, 
    0x00, 0x00, 0x00, 0x00, 0x00, 0x00, 0x00, 0x00, 0x00, 0x00, 0x00, 0x00, 0x00, 0x00, 0x00, 0x00, 
    0x00, 0x00, 0x00, 0x00, 0x00, 0x00, 0x00, 0x00, 0x00, 0x00, 0x00, 0x00, 0x00, 0x00, 0x00, 0x00, 
    0x00, 0x00, 0x00, 0x00, 0x00, 0x00, 0x00, 0x00, 0x00, 0x00, 0x00, 0x00, 0x00, 0x00, 0x00, 0x00, 
    0x00, 0x00, 0x00, 0x00, 0x00, 0x00, 0x10, 0x00, 0x00, 0x00, 0x00, 0x00, 0x00, 0x00, 0x38, 0x00, 
    0x00, 0x00, 0x00, 0x00, 0x00, 0x00, 0x78, 0x00, 0x00, 0x00, 0x00, 0x00, 0x00, 0x00, 0xF8, 0x00, 
    0x00, 0x00, 0x00, 0x00, 0x00, 0x1F, 0xDC, 0x00, 0x00, 0x00, 0x00, 0x00, 0x00, 0x0F, 0xCF, 0x80, 
    0x00, 0x00, 0x00, 0x00, 0x00, 0x06, 0x07, 0xC0, 0x00, 0x00, 0x00, 0x00, 0x00, 0x07, 0x03, 0xC0, 
    0x00, 0x02, 0x00, 0x00, 0x00, 0x03, 0x07, 0x00, 0x00, 0x07, 0x00, 0x00, 0x00, 0x03, 0x0E, 0x00, 
    0x00, 0x0F, 0x00, 0x06, 0x00, 0x07, 0xEC, 0x00, 0x00, 0x1F, 0x80, 0x00, 0x00, 0x07, 0xFC, 0x00, 
    0x03, 0xF9, 0x80, 0x00, 0x00, 0x07, 0xBC, 0x00, 0x03, 0xF1, 0xE0, 0x00, 0x00, 0x00, 0x0C, 0x00, 
    0x01, 0xC0, 0xF8, 0x00, 0x00, 0x00, 0x04, 0x00, 0x00, 0xC0, 0x38, 0x00, 0x00, 0x00, 0x00, 0x00, 
    0x00, 0xE0, 0xF0, 0x00, 0x00, 0x00, 0x00, 0x00, 0x00, 0xE0, 0xE0, 0x00, 0x00, 0x00, 0x00, 0x00, 
    0x00, 0xC0, 0xC0, 0x00, 0x00, 0x00, 0x00, 0x00, 0x00, 0xFD, 0xC0, 0x00, 0x00, 0x00, 0x00, 0x00, 
    0x01, 0xFF, 0xC0, 0x00, 0x00, 0x00, 0x00, 0x00, 0x01, 0xC3, 0xC0, 0x00, 0x00, 0x00, 0x00, 0x00, 
    0x00, 0x01, 0xC0, 0x00, 0x00, 0x0C, 0x00, 0x00, 0x00, 0x00, 0x00, 0x00, 0x00, 0x00, 0x00, 0x00, 
    0x00, 0x00, 0x00, 0x00, 0x00, 0x00, 0x00, 0x00, 0x00, 0x00, 0x00, 0x00, 0x00, 0x00, 0x00, 0x00, 
    0x00, 0x00, 0x00, 0x00, 0x00, 0x00, 0x00, 0x00, 0x00, 0x00, 0x00, 0x00, 0x00, 0x00, 0x00, 0x00, 
    0x00, 0x00, 0x00, 0x00, 0x00, 0x00, 0x00, 0x00, 0x00, 0x40, 0x00, 0x00, 0x00, 0x00, 0x00, 0x00, 
    0x00, 0x40, 0x00, 0x00, 0x00, 0x00, 0x00, 0x00, 0x00, 0x01, 0x80, 0x00, 0x00, 0x00, 0x00, 0x00, 
    0x00, 0x01, 0x80, 0x00, 0x00, 0x80, 0x00, 0x00, 0x00, 0x03, 0xC0, 0x00, 0x01, 0x80, 0x00, 0x00, 
    0x00, 0x07, 0xC0, 0x00, 0x03, 0xC0, 0x00, 0x00, 0x00, 0x0E, 0xC0, 0x00, 0x07, 0xC0, 0x00, 0x00, 
    0x03, 0xFC, 0xE0, 0x00, 0xFE, 0xE0, 0x00, 0x00, 0x03, 0xF8, 0x70, 0x00, 0xFC, 0xF0, 0x00, 0x00, 
    0x03, 0x80, 0x7E, 0x00, 0xE0, 0x7E, 0x00, 0x00, 0x01, 0xC0, 0x0F, 0x80, 0x70, 0x1E, 0x00, 0x00, 
    0x00, 0xC0, 0x07, 0x00, 0x30, 0x1C, 0x00, 0x00, 0x00, 0x60, 0x1E, 0x00, 0x30, 0x38, 0x00, 0x00, 
    0x00, 0x60, 0x3C, 0x00, 0x30, 0x70, 0x00, 0x00, 0x00, 0xE0, 0x30, 0x00, 0x36, 0x60, 0x00, 0x00, 
    0x00, 0xC0, 0x30, 0x00, 0x7F, 0xE0, 0x00, 0x00, 0x00, 0xDE, 0x30, 0x00, 0x79, 0xE0, 0x00, 0x00, 
    0x01, 0xFF, 0xB0, 0x00, 0x00, 0xE0, 0x00, 0x00, 0x01, 0xF1, 0xF0, 0x00, 0x00, 0x60, 0x00, 0x00, 
    0x00, 0x80, 0xF0, 0x00, 0x00, 0x00, 0x00, 0x00, 0x00, 0x00, 0x70, 0x00, 0x00, 0x00, 0x00, 0x00, 
    0x00, 0x00, 0x00, 0x00, 0x00, 0x00, 0x00, 0x00, 0x00, 0x00, 0x00, 0x00, 0x00, 0x00, 0x00, 0x00, 
    0x00, 0x00, 0x00, 0x00, 0x00, 0x00, 0x00, 0x00, 0x00, 0x00, 0x00, 0x00, 0x00, 0x00, 0x00, 0x00, 
    0x00, 0x00, 0x00, 0x00, 0x00, 0x00, 0x00, 0x00, 0x00, 0x00, 0x00, 0x00, 0x00, 0x00, 0x00, 0x00, 
      },
  {
    0x00, 0x00, 0x00, 0x00, 0x00, 0x00, 0x00, 0x00, 0x00, 0x00, 0x00, 0x00, 0x00, 0x00, 0x00, 0x00, 
    0x00, 0x00, 0x00, 0x00, 0x00, 0x00, 0x00, 0x00, 0x00, 0x00, 0x00, 0x00, 0x00, 0x00, 0x00, 0x00, 
    0x00, 0x00, 0x00, 0x00, 0x00, 0x00, 0x00, 0x00, 0x00, 0x00, 0x00, 0x00, 0x00, 0x00, 0x00, 0x00, 
    0x00, 0x00, 0x00, 0x00, 0x00, 0x00, 0x00, 0x00, 0x00, 0x00, 0x00, 0x00, 0x00, 0x00, 0x00, 0x00, 
    0x00, 0x00, 0x00, 0x00, 0x00, 0x00, 0x10, 0x00, 0x00, 0x00, 0x00, 0x00, 0x00, 0x00, 0x38, 0x00, 
    0x00, 0x00, 0x00, 0x00, 0x00, 0x00, 0x78, 0x00, 0x00, 0x00, 0x00, 0x00, 0x00, 0x0F, 0xF8, 0x00, 
    0x00, 0x00, 0x00, 0x00, 0x00, 0x1F, 0xCE, 0x00, 0x00, 0x00, 0x00, 0x00, 0x00, 0x0E, 0x0F, 0x80, 
    0x00, 0x00, 0x00, 0x00, 0x00, 0x06, 0x03, 0xC0, 0x00, 0x00, 0x00, 0x00, 0x00, 0x03, 0x03, 0x80, 
    0x00, 0x02, 0x00, 0x00, 0x00, 0x03, 0x07, 0x00, 0x00, 0x07, 0x00, 0x00, 0x00, 0x03, 0x0E, 0x00, 
    0x00, 0x0F, 0x00, 0x06, 0x00, 0x07, 0xEC, 0x00, 0x00, 0x1F, 0x80, 0x00, 0x00, 0x07, 0xFE, 0x00, 
    0x03, 0xF9, 0x80, 0x00, 0x00, 0x07, 0x1E, 0x00, 0x03, 0xF1, 0xE0, 0x00, 0x00, 0x00, 0x0C, 0x00, 
    0x01, 0xC0, 0xF8, 0x00, 0x00, 0x00, 0x00, 0x00, 0x00, 0xC0, 0x38, 0x00, 0x00, 0x00, 0x00, 0x00, 
    0x00, 0xE0, 0xF0, 0x00, 0x00, 0x00, 0x00, 0x00, 0x00, 0xE0, 0xE0, 0x00, 0x00, 0x00, 0x00, 0x00, 
    0x00, 0xC0, 0xC0, 0x00, 0x00, 0x00, 0x00, 0x00, 0x00, 0xFD, 0xC0, 0x00, 0x00, 0x00, 0x00, 0x00, 
    0x01, 0xFF, 0xC0, 0x00, 0x00, 0x00, 0x00, 0x00, 0x01, 0xC3, 0xC0, 0x00, 0x00, 0x00, 0x00, 0x00, 
    0x00, 0x01, 0xC0, 0x00, 0x00, 0x0C, 0x00, 0x00, 0x00, 0x00, 0x00, 0x00, 0x00, 0x00, 0x00, 0x00, 
    0x00, 0x00, 0x00, 0x00, 0x00, 0x00, 0x00, 0x00, 0x00, 0x00, 0x00, 0x00, 0x00, 0x00, 0x00, 0x00, 
    0x00, 0x00, 0x00, 0x00, 0x00, 0x00, 0x00, 0x00, 0x00, 0x00, 0x00, 0x00, 0x00, 0x00, 0x00, 0x00, 
    0x00, 0x00, 0x00, 0x00, 0x00, 0x00, 0x00, 0x00, 0x00, 0x60, 0x00, 0x00, 0x00, 0x00, 0x00, 0x00, 
    0x00, 0x40, 0x00, 0x00, 0x00, 0x00, 0x00, 0x00, 0x00, 0x01, 0x80, 0x00, 0x00, 0x00, 0x00, 0x00, 
    0x00, 0x01, 0xC0, 0x00, 0x00, 0x00, 0x00, 0x00, 0x00, 0x03, 0xC0, 0x00, 0x01, 0x80, 0x00, 0x00, 
    0x00, 0x07, 0xC0, 0x00, 0x03, 0xC0, 0x00, 0x00, 0x00, 0x0E, 0xE0, 0x00, 0x03, 0xC0, 0x00, 0x00, 
    0x03, 0xFC, 0x60, 0x00, 0x7F, 0xC0, 0x00, 0x00, 0x03, 0xFC, 0x78, 0x00, 0xFE, 0xF0, 0x00, 0x00, 
    0x01, 0x80, 0x7F, 0x00, 0xFC, 0x7C, 0x00, 0x00, 0x01, 0xC0, 0x0F, 0x80, 0x70, 0x1E, 0x00, 0x00, 
    0x00, 0xE0, 0x07, 0x00, 0x30, 0x1E, 0x00, 0x00, 0x00, 0x60, 0x1E, 0x00, 0x38, 0x38, 0x00, 0x00, 
    0x00, 0x60, 0x3C, 0x00, 0x30, 0x70, 0x00, 0x00, 0x00, 0x60, 0x30, 0x00, 0x32, 0x60, 0x00, 0x00, 
    0x00, 0xC0, 0x30, 0x00, 0x7F, 0xE0, 0x00, 0x00, 0x00, 0xDF, 0x30, 0x00, 0x7F, 0xE0, 0x00, 0x00, 
    0x00, 0xFF, 0xB0, 0x00, 0x60, 0xE0, 0x00, 0x00, 0x01, 0xF1, 0xF0, 0x00, 0x00, 0x60, 0x00, 0x00, 
    0x00, 0x80, 0xF0, 0x00, 0x00, 0x00, 0x00, 0x00, 0x00, 0x00, 0x30, 0x00, 0x00, 0x00, 0x00, 0x00, 
    0x00, 0x00, 0x00, 0x00, 0x00, 0x00, 0x00, 0x00, 0x00, 0x00, 0x00, 0x00, 0x00, 0x00, 0x00, 0x00, 
    0x00, 0x00, 0x00, 0x00, 0x00, 0x00, 0x00, 0x00, 0x00, 0x00, 0x00, 0x00, 0x00, 0x00, 0x00, 0x00, 
    0x00, 0x00, 0x00, 0x00, 0x00, 0x00, 0x00, 0x00, 0x00, 0x00, 0x00, 0x00, 0x00, 0x00, 0x00, 0x00, 
      },
  {
    0x00, 0x00, 0x00, 0x00, 0x00, 0x00, 0x00, 0x00, 0x00, 0x00, 0x00, 0x00, 0x00, 0x00, 0x00, 0x00, 
    0x00, 0x00, 0x00, 0x00, 0x00, 0x00, 0x00, 0x00, 0x00, 0x00, 0x00, 0x00, 0x00, 0x00, 0x00, 0x00, 
    0x00, 0x00, 0x00, 0x00, 0x00, 0x00, 0x00, 0x00, 0x00, 0x00, 0x00, 0x00, 0x00, 0x00, 0x00, 0x00, 
    0x00, 0x00, 0x00, 0x00, 0x00, 0x00, 0x00, 0x00, 0x00, 0x00, 0x00, 0x00, 0x00, 0x00, 0x00, 0x00, 
    0x00, 0x00, 0x00, 0x00, 0x00, 0x00, 0x38, 0x00, 0x00, 0x00, 0x00, 0x00, 0x00, 0x00, 0x38, 0x00, 
    0x00, 0x00, 0x00, 0x00, 0x00, 0x00, 0x78, 0x00, 0x00, 0x00, 0x00, 0x00, 0x00, 0x0F, 0xFC, 0x00, 
    0x00, 0x00, 0x00, 0x00, 0x00, 0x1F, 0xCF, 0x00, 0x00, 0x00, 0x00, 0x00, 0x00, 0x0E, 0x0F, 0xC0, 
    0x00, 0x00, 0x00, 0x00, 0x00, 0x07, 0x03, 0xC0, 0x00, 0x00, 0x00, 0x00, 0x00, 0x03, 0x07, 0x80, 
    0x00, 0x02, 0x00, 0x00, 0x00, 0x03, 0x0E, 0x00, 0x00, 0x07, 0x00, 0x02, 0x00, 0x07, 0x6E, 0x00, 
    0x00, 0x0F, 0x00, 0x06, 0x00, 0x07, 0xFC, 0x00, 0x00, 0x1F, 0x80, 0x00, 0x00, 0x07, 0xFE, 0x00, 
    0x03, 0xF9, 0x80, 0x00, 0x00, 0x06, 0x1E, 0x00, 0x03, 0xF1, 0xE0, 0x00, 0x00, 0x00, 0x04, 0x00, 
    0x01, 0xC0, 0xF8, 0x00, 0x00, 0x00, 0x00, 0x00, 0x00, 0xC0, 0x38, 0x00, 0x00, 0x00, 0x00, 0x00, 
    0x00, 0xE0, 0xF0, 0x00, 0x00, 0x00, 0x00, 0x00, 0x00, 0xE0, 0xE0, 0x00, 0x00, 0x00, 0x00, 0x00, 
    0x00, 0xC0, 0xC0, 0x00, 0x00, 0x00, 0x00, 0x00, 0x00, 0xFD, 0xC0, 0x00, 0x00, 0x00, 0x00, 0x00, 
    0x01, 0xFF, 0xC0, 0x00, 0x00, 0x00, 0x00, 0x00, 0x01, 0xC3, 0xC0, 0x00, 0x00, 0x04, 0x00, 0x00, 
    0x00, 0x01, 0xC0, 0x00, 0x00, 0x0C, 0x00, 0x00, 0x00, 0x00, 0x00, 0x00, 0x00, 0x00, 0x00, 0x00, 
    0x00, 0x00, 0x00, 0x00, 0x00, 0x00, 0x00, 0x00, 0x00, 0x00, 0x00, 0x00, 0x00, 0x00, 0x00, 0x00, 
    0x00, 0x00, 0x00, 0x00, 0x00, 0x00, 0x00, 0x00, 0x00, 0x00, 0x00, 0x00, 0x00, 0x00, 0x00, 0x00, 
    0x00, 0x00, 0x00, 0x00, 0x00, 0x00, 0x00, 0x00, 0x00, 0x60, 0x00, 0x00, 0x00, 0x00, 0x00, 0x00, 
    0x00, 0x00, 0x00, 0x00, 0x00, 0x00, 0x00, 0x00, 0x00, 0x00, 0x80, 0x00, 0x00, 0x00, 0x00, 0x00, 
    0x00, 0x01, 0xC0, 0x00, 0x00, 0x00, 0x00, 0x00, 0x00, 0x03, 0xC0, 0x00, 0x01, 0x80, 0x00, 0x00, 
    0x00, 0x07, 0xC0, 0x00, 0x01, 0xC0, 0x00, 0x00, 0x00, 0x06, 0x60, 0x00, 0x03, 0xC0, 0x00, 0x00, 
    0x03, 0xFC, 0x60, 0x00, 0x07, 0xC0, 0x00, 0x00, 0x03, 0xFC, 0x78, 0x00, 0xFE, 0xE0, 0x00, 0x00, 
    0x01, 0xC0, 0x3F, 0x00, 0xFC, 0x78, 0x00, 0x00, 0x00, 0xC0, 0x07, 0x80, 0x70, 0x3E, 0x00, 0x00, 
    0x00, 0xE0, 0x07, 0x00, 0x30, 0x1E, 0x00, 0x00, 0x00, 0x60, 0x0E, 0x00, 0x38, 0x3C, 0x00, 0x00, 
    0x00, 0x60, 0x3C, 0x00, 0x30, 0x30, 0x00, 0x00, 0x00, 0x60, 0x30, 0x00, 0x30, 0x70, 0x00, 0x00, 
    0x00, 0xE0, 0x30, 0x00, 0x3F, 0x70, 0x00, 0x00, 0x00, 0xFF, 0x30, 0x00, 0x7F, 0xF0, 0x00, 0x00, 
    0x00, 0xFF, 0xF0, 0x00, 0x70, 0xF0, 0x00, 0x00, 0x00, 0xF1, 0xF0, 0x00, 0x00, 0x60, 0x00, 0x00, 
    0x00, 0x00, 0x70, 0x00, 0x00, 0x00, 0x00, 0x00, 0x00, 0x00, 0x30, 0x00, 0x00, 0x00, 0x00, 0x00, 
    0x00, 0x00, 0x00, 0x00, 0x00, 0x00, 0x00, 0x00, 0x00, 0x00, 0x00, 0x00, 0x00, 0x00, 0x00, 0x00, 
    0x00, 0x00, 0x00, 0x00, 0x00, 0x00, 0x00, 0x00, 0x00, 0x00, 0x00, 0x00, 0x00, 0x00, 0x00, 0x00, 
    0x00, 0x00, 0x00, 0x00, 0x00, 0x00, 0x00, 0x00, 0x00, 0x00, 0x00, 0x00, 0x00, 0x00, 0x00, 0x00, 
      },
  {
    0x00, 0x00, 0x00, 0x00, 0x00, 0x00, 0x00, 0x00, 0x00, 0x00, 0x00, 0x00, 0x00, 0x00, 0x00, 0x00, 
    0x00, 0x00, 0x00, 0x00, 0x00, 0x00, 0x00, 0x00, 0x00, 0x00, 0x00, 0x00, 0x00, 0x00, 0x00, 0x00, 
    0x00, 0x00, 0x00, 0x00, 0x00, 0x00, 0x00, 0x00, 0x00, 0x00, 0x00, 0x00, 0x00, 0x00, 0x00, 0x00, 
    0x00, 0x00, 0x00, 0x00, 0x00, 0x00, 0x00, 0x00, 0x00, 0x00, 0x00, 0x00, 0x00, 0x00, 0x10, 0x00, 
    0x00, 0x00, 0x00, 0x00, 0x00, 0x00, 0x38, 0x00, 0x00, 0x00, 0x00, 0x00, 0x00, 0x00, 0x78, 0x00, 
    0x00, 0x00, 0x00, 0x00, 0x00, 0x00, 0xF8, 0x00, 0x00, 0x00, 0x00, 0x00, 0x00, 0x1F, 0xCC, 0x00, 
    0x00, 0x00, 0x00, 0x00, 0x00, 0x0F, 0x8F, 0x80, 0x00, 0x00, 0x00, 0x00, 0x00, 0x06, 0x07, 0xC0, 
    0x00, 0x00, 0x00, 0x00, 0x00, 0x07, 0x03, 0xC0, 0x00, 0x00, 0x00, 0x00, 0x00, 0x03, 0x07, 0x00, 
    0x00, 0x02, 0x00, 0x00, 0x00, 0x03, 0x0E, 0x00, 0x00, 0x07, 0x00, 0x02, 0x00, 0x07, 0xEC, 0x00, 
    0x00, 0x0F, 0x00, 0x06, 0x00, 0x07, 0xFE, 0x00, 0x00, 0x1F, 0x80, 0x00, 0x00, 0x07, 0xBE, 0x00, 
    0x03, 0xF9, 0x80, 0x00, 0x00, 0x00, 0x0C, 0x00, 0x03, 0xF1, 0xE0, 0x00, 0x00, 0x00, 0x04, 0x00, 
    0x01, 0xC0, 0xF8, 0x00, 0x00, 0x00, 0x00, 0x00, 0x00, 0xC0, 0x38, 0x00, 0x00, 0x00, 0x00, 0x00, 
    0x00, 0xE0, 0xF0, 0x00, 0x00, 0x00, 0x00, 0x00, 0x00, 0xE0, 0xE0, 0x00, 0x00, 0x00, 0x00, 0x00, 
    0x00, 0xC0, 0xC0, 0x00, 0x00, 0x00, 0x00, 0x00, 0x00, 0xFD, 0xC0, 0x00, 0x00, 0x00, 0x00, 0x00, 
    0x01, 0xFF, 0xC0, 0x00, 0x00, 0x00, 0x00, 0x00, 0x01, 0xC3, 0xC0, 0x00, 0x00, 0x04, 0x00, 0x00, 
    0x00, 0x01, 0xC0, 0x00, 0x00, 0x04, 0x00, 0x00, 0x00, 0x00, 0x00, 0x00, 0x00, 0x00, 0x00, 0x00, 
    0x00, 0x00, 0x00, 0x00, 0x00, 0x00, 0x00, 0x00, 0x00, 0x00, 0x00, 0x00, 0x00, 0x00, 0x00, 0x00, 
    0x00, 0x00, 0x00, 0x00, 0x00, 0x00, 0x00, 0x00, 0x00, 0x00, 0x00, 0x00, 0x00, 0x00, 0x00, 0x00, 
    0x00, 0x20, 0x00, 0x00, 0x00, 0x00, 0x00, 0x00, 0x00, 0x20, 0x00, 0x00, 0x00, 0x00, 0x00, 0x00, 
    0x00, 0x00, 0x00, 0x00, 0x00, 0x00, 0x00, 0x00, 0x00, 0x00, 0x80, 0x00, 0x00, 0x00, 0x00, 0x00, 
    0x00, 0x01, 0xC0, 0x00, 0x00, 0x00, 0x00, 0x00, 0x00, 0x03, 0xC0, 0x00, 0x00, 0x80, 0x00, 0x00, 
    0x00, 0x07, 0xC0, 0x00, 0x01, 0xC0, 0x00, 0x00, 0x00, 0x06, 0x60, 0x00, 0x03, 0xC0, 0x00, 0x00, 
    0x03, 0xFC, 0x70, 0x00, 0x03, 0xC0, 0x00, 0x00, 0x03, 0xFC, 0x78, 0x00, 0xFE, 0xE0, 0x00, 0x00, 
    0x01, 0xC0, 0x3F, 0x00, 0xFE, 0x78, 0x00, 0x00, 0x00, 0xC0, 0x07, 0x80, 0x70, 0x7E, 0x00, 0x00, 
    0x00, 0xE0, 0x07, 0x00, 0x30, 0x0E, 0x00, 0x00, 0x00, 0x70, 0x0E, 0x00, 0x38, 0x1C, 0x00, 0x00, 
    0x00, 0x60, 0x3C, 0x00, 0x38, 0x38, 0x00, 0x00, 0x00, 0x60, 0x30, 0x00, 0x30, 0x30, 0x00, 0x00, 
    0x00, 0x62, 0x30, 0x00, 0x3F, 0x30, 0x00, 0x00, 0x00, 0xFF, 0x30, 0x00, 0x7F, 0xF0, 0x00, 0x00, 
    0x00, 0xFF, 0xF0, 0x00, 0x79, 0xF0, 0x00, 0x00, 0x00, 0xE1, 0xF0, 0x00, 0x00, 0x70, 0x00, 0x00, 
    0x00, 0x00, 0x70, 0x00, 0x00, 0x20, 0x00, 0x00, 0x00, 0x00, 0x30, 0x00, 0x00, 0x00, 0x00, 0x00, 
    0x00, 0x00, 0x00, 0x00, 0x00, 0x00, 0x00, 0x00, 0x00, 0x00, 0x00, 0x00, 0x00, 0x00, 0x00, 0x00, 
    0x00, 0x00, 0x00, 0x00, 0x00, 0x00, 0x00, 0x00, 0x00, 0x00, 0x00, 0x00, 0x00, 0x00, 0x00, 0x00, 
    0x00, 0x00, 0x00, 0x00, 0x00, 0x00, 0x00, 0x00, 0x00, 0x00, 0x00, 0x00, 0x00, 0x00, 0x00, 0x00, 
      },
  {
    0x00, 0x00, 0x00, 0x00, 0x00, 0x00, 0x00, 0x00, 0x00, 0x00, 0x00, 0x00, 0x00, 0x00, 0x00, 0x00, 
    0x00, 0x00, 0x00, 0x00, 0x00, 0x00, 0x00, 0x00, 0x00, 0x00, 0x00, 0x00, 0x00, 0x00, 0x00, 0x00, 
    0x00, 0x00, 0x00, 0x00, 0x00, 0x00, 0x00, 0x00, 0x00, 0x00, 0x00, 0x00, 0x00, 0x00, 0x00, 0x00, 
    0x00, 0x00, 0x00, 0x00, 0x00, 0x00, 0x00, 0x00, 0x00, 0x00, 0x00, 0x00, 0x00, 0x00, 0x30, 0x00, 
    0x00, 0x00, 0x00, 0x00, 0x00, 0x00, 0x38, 0x00, 0x00, 0x00, 0x00, 0x00, 0x00, 0x00, 0x78, 0x00, 
    0x00, 0x00, 0x00, 0x00, 0x00, 0x0F, 0xF8, 0x00, 0x00, 0x00, 0x00, 0x00, 0x00, 0x1F, 0xCE, 0x00, 
    0x00, 0x00, 0x00, 0x00, 0x00, 0x0E, 0x0F, 0xC0, 0x00, 0x00, 0x00, 0x00, 0x00, 0x06, 0x03, 0xC0, 
    0x00, 0x00, 0x00, 0x00, 0x00, 0x03, 0x03, 0x80, 0x00, 0x00, 0x00, 0x00, 0x00, 0x03, 0x07, 0x00, 
    0x00, 0x02, 0x00, 0x00, 0x00, 0x03, 0x0E, 0x00, 0x00, 0x07, 0x00, 0x02, 0x00, 0x07, 0xFC, 0x00, 
    0x00, 0x0F, 0x00, 0x06, 0x00, 0x07, 0xFC, 0x00, 0x00, 0x1F, 0x80, 0x00, 0x00, 0x06, 0x1E, 0x00, 
    0x03, 0xF9, 0x80, 0x00, 0x00, 0x00, 0x0C, 0x00, 0x03, 0xF1, 0xE0, 0x00, 0x00, 0x00, 0x00, 0x00, 
    0x01, 0xC0, 0xF8, 0x00, 0x00, 0x00, 0x00, 0x00, 0x00, 0xC0, 0x38, 0x00, 0x00, 0x00, 0x00, 0x00, 
    0x00, 0xE0, 0xF0, 0x00, 0x00, 0x00, 0x00, 0x00, 0x00, 0xE0, 0xE0, 0x00, 0x00, 0x00, 0x00, 0x00, 
    0x00, 0xC0, 0xC0, 0x00, 0x00, 0x00, 0x00, 0x00, 0x00, 0xFD, 0xC0, 0x00, 0x00, 0x00, 0x00, 0x00, 
    0x01, 0xFF, 0xC0, 0x00, 0x00, 0x00, 0x00, 0x00, 0x01, 0xC3, 0xC0, 0x00, 0x00, 0x06, 0x00, 0x00, 
    0x00, 0x01, 0xC0, 0x00, 0x00, 0x04, 0x00, 0x00, 0x00, 0x00, 0x00, 0x00, 0x00, 0x00, 0x00, 0x00, 
    0x00, 0x00, 0x00, 0x00, 0x00, 0x00, 0x00, 0x00, 0x00, 0x00, 0x00, 0x00, 0x00, 0x00, 0x00, 0x00, 
    0x00, 0x00, 0x00, 0x00, 0x00, 0x00, 0x00, 0x00, 0x00, 0x00, 0x00, 0x00, 0x00, 0x00, 0x00, 0x00, 
    0x00, 0x20, 0x00, 0x00, 0x00, 0x00, 0x00, 0x00, 0x00, 0x20, 0x00, 0x00, 0x00, 0x00, 0x00, 0x00, 
    0x00, 0x00, 0x00, 0x00, 0x00, 0x00, 0x00, 0x00, 0x00, 0x00, 0x80, 0x00, 0x00, 0x00, 0x00, 0x00, 
    0x00, 0x01, 0xC0, 0x00, 0x00, 0x00, 0x00, 0x00, 0x00, 0x03, 0xC0, 0x00, 0x00, 0x80, 0x00, 0x00, 
    0x00, 0x07, 0xC0, 0x00, 0x01, 0xC0, 0x00, 0x00, 0x00, 0x06, 0x60, 0x00, 0x01, 0xC0, 0x00, 0x00, 
    0x03, 0xFC, 0x70, 0x00, 0x03, 0xC0, 0x00, 0x00, 0x03, 0xFC, 0x78, 0x00, 0xFF, 0xE0, 0x00, 0x00, 
    0x01, 0xC0, 0x3F, 0x00, 0xFE, 0x70, 0x00, 0x00, 0x00, 0xC0, 0x07, 0x80, 0x70, 0x7E, 0x00, 0x00, 
    0x00, 0xE0, 0x07, 0x00, 0x70, 0x1F, 0x00, 0x00, 0x00, 0x70, 0x0E, 0x00, 0x38, 0x1E, 0x00, 0x00, 
    0x00, 0x60, 0x3C, 0x00, 0x18, 0x38, 0x00, 0x00, 0x00, 0x60, 0x30, 0x00, 0x30, 0x30, 0x00, 0x00, 
    0x00, 0x62, 0x30, 0x00, 0x37, 0x30, 0x00, 0x00, 0x00, 0xFF, 0x30, 0x00, 0x3F, 0xF0, 0x00, 0x00, 
    0x00, 0xFF, 0xF0, 0x00, 0x7D, 0xF0, 0x00, 0x00, 0x00, 0xE1, 0xF0, 0x00, 0x20, 0xF0, 0x00, 0x00, 
    0x00, 0x00, 0x70, 0x00, 0x00, 0x20, 0x00, 0x00, 0x00, 0x00, 0x30, 0x00, 0x00, 0x00, 0x00, 0x00, 
    0x00, 0x00, 0x00, 0x00, 0x00, 0x00, 0x00, 0x00, 0x00, 0x00, 0x00, 0x00, 0x00, 0x00, 0x00, 0x00, 
    0x00, 0x00, 0x00, 0x00, 0x00, 0x00, 0x00, 0x00, 0x00, 0x00, 0x00, 0x00, 0x00, 0x00, 0x00, 0x00, 
    0x00, 0x00, 0x00, 0x00, 0x00, 0x00, 0x00, 0x00, 0x00, 0x00, 0x00, 0x00, 0x00, 0x00, 0x00, 0x00, 
      },
  {
    0x00, 0x00, 0x00, 0x00, 0x00, 0x00, 0x00, 0x00, 0x00, 0x00, 0x00, 0x00, 0x00, 0x00, 0x00, 0x00, 
    0x00, 0x00, 0x00, 0x00, 0x00, 0x00, 0x00, 0x00, 0x00, 0x00, 0x00, 0x00, 0x00, 0x00, 0x00, 0x00, 
    0x00, 0x00, 0x00, 0x00, 0x00, 0x00, 0x00, 0x00, 0x00, 0x00, 0x00, 0x00, 0x00, 0x00, 0x00, 0x00, 
    0x00, 0x00, 0x00, 0x00, 0x00, 0x00, 0x10, 0x00, 0x00, 0x00, 0x00, 0x00, 0x00, 0x00, 0x38, 0x00, 
    0x00, 0x00, 0x00, 0x00, 0x00, 0x00, 0x78, 0x00, 0x00, 0x00, 0x00, 0x00, 0x00, 0x00, 0x78, 0x00, 
    0x00, 0x00, 0x00, 0x00, 0x00, 0x0F, 0xFC, 0x00, 0x00, 0x00, 0x00, 0x00, 0x00, 0x0F, 0xCF, 0x00, 
    0x00, 0x00, 0x00, 0x00, 0x00, 0x0E, 0x0F, 0xC0, 0x00, 0x00, 0x00, 0x00, 0x00, 0x07, 0x03, 0xC0, 
    0x00, 0x00, 0x00, 0x00, 0x00, 0x03, 0x07, 0x80, 0x00, 0x00, 0x00, 0x00, 0x00, 0x03, 0x0E, 0x00, 
    0x00, 0x02, 0x00, 0x00, 0x00, 0x07, 0x6C, 0x00, 0x00, 0x07, 0x00, 0x02, 0x00, 0x07, 0xFC, 0x00, 
    0x00, 0x0F, 0x00, 0x06, 0x00, 0x07, 0xFE, 0x00, 0x00, 0x1F, 0x80, 0x00, 0x00, 0x04, 0x1E, 0x00, 
    0x03, 0xF9, 0x80, 0x00, 0x00, 0x00, 0x04, 0x00, 0x03, 0xF1, 0xE0, 0x00, 0x00, 0x00, 0x00, 0x00, 
    0x01, 0xC0, 0xF8, 0x00, 0x00, 0x00, 0x00, 0x00, 0x00, 0xC0, 0x38, 0x00, 0x00, 0x00, 0x00, 0x00, 
    0x00, 0xE0, 0xF0, 0x00, 0x00, 0x00, 0x00, 0x00, 0x00, 0xE0, 0xE0, 0x00, 0x00, 0x00, 0x00, 0x00, 
    0x00, 0xC0, 0xC0, 0x00, 0x00, 0x00, 0x00, 0x00, 0x00, 0xFD, 0xC0, 0x00, 0x00, 0x00, 0x00, 0x00, 
    0x01, 0xFF, 0xC0, 0x00, 0x00, 0x00, 0x00, 0x00, 0x01, 0xC3, 0xC0, 0x00, 0x00, 0x06, 0x00, 0x00, 
    0x00, 0x01, 0xC0, 0x00, 0x00, 0x06, 0x00, 0x00, 0x00, 0x00, 0x00, 0x00, 0x00, 0x00, 0x00, 0x00, 
    0x00, 0x00, 0x00, 0x00, 0x00, 0x00, 0x00, 0x00, 0x00, 0x00, 0x00, 0x00, 0x00, 0x00, 0x00, 0x00, 
    0x00, 0x00, 0x00, 0x00, 0x00, 0x00, 0x00, 0x00, 0x00, 0x00, 0x00, 0x00, 0x00, 0x00, 0x00, 0x00, 
    0x00, 0x20, 0x00, 0x00, 0x00, 0x00, 0x00, 0x00, 0x00, 0x20, 0x00, 0x00, 0x00, 0x00, 0x00, 0x00, 
    0x00, 0x00, 0x00, 0x00, 0x00, 0x00, 0x00, 0x00, 0x00, 0x00, 0x80, 0x00, 0x00, 0x00, 0x00, 0x00, 
    0x00, 0x01, 0xC0, 0x00, 0x00, 0x00, 0x00, 0x00, 0x00, 0x03, 0xC0, 0x00, 0x00, 0x00, 0x00, 0x00, 
    0x00, 0x07, 0xC0, 0x00, 0x00, 0xC0, 0x00, 0x00, 0x00, 0x06, 0x60, 0x00, 0x01, 0xC0, 0x00, 0x00, 
    0x03, 0xFC, 0x70, 0x00, 0x03, 0xC0, 0x00, 0x00, 0x03, 0xFC, 0x78, 0x00, 0x77, 0xE0, 0x00, 0x00, 
    0x01, 0xC0, 0x3F, 0x00, 0xFE, 0x70, 0x00, 0x00, 0x00, 0xC0, 0x07, 0x80, 0x7C, 0x7E, 0x00, 0x00, 
    0x00, 0xE0, 0x07, 0x00, 0x70, 0x1F, 0x00, 0x00, 0x00, 0x70, 0x0E, 0x00, 0x38, 0x0E, 0x00, 0x00, 
    0x00, 0x60, 0x3C, 0x00, 0x18, 0x3C, 0x00, 0x00, 0x00, 0x60, 0x30, 0x00, 0x18, 0x30, 0x00, 0x00, 
    0x00, 0x62, 0x30, 0x00, 0x33, 0x30, 0x00, 0x00, 0x00, 0xFF, 0x30, 0x00, 0x3F, 0xB0, 0x00, 0x00, 
    0x00, 0xFF, 0xF0, 0x00, 0x3F, 0xF0, 0x00, 0x00, 0x00, 0xE1, 0xF0, 0x00, 0x30, 0xF0, 0x00, 0x00, 
    0x00, 0x00, 0x70, 0x00, 0x00, 0x30, 0x00, 0x00, 0x00, 0x00, 0x30, 0x00, 0x00, 0x00, 0x00, 0x00, 
    0x00, 0x00, 0x00, 0x00, 0x00, 0x00, 0x00, 0x00, 0x00, 0x00, 0x00, 0x00, 0x00, 0x00, 0x00, 0x00, 
    0x00, 0x00, 0x00, 0x00, 0x00, 0x00, 0x00, 0x00, 0x00, 0x00, 0x00, 0x00, 0x00, 0x00, 0x00, 0x00, 
    0x00, 0x00, 0x00, 0x00, 0x00, 0x00, 0x00, 0x00, 0x00, 0x00, 0x00, 0x00, 0x00, 0x00, 0x00, 0x00, 
      },
  {
    0x00, 0x00, 0x00, 0x00, 0x00, 0x00, 0x00, 0x00, 0x00, 0x00, 0x00, 0x00, 0x00, 0x00, 0x00, 0x00, 
    0x00, 0x00, 0x00, 0x00, 0x00, 0x00, 0x00, 0x00, 0x00, 0x00, 0x00, 0x00, 0x00, 0x00, 0x00, 0x00, 
    0x00, 0x00, 0x00, 0x00, 0x00, 0x00, 0x00, 0x00, 0x00, 0x00, 0x00, 0x00, 0x00, 0x00, 0x00, 0x00, 
    0x00, 0x00, 0x00, 0x00, 0x00, 0x00, 0x10, 0x00, 0x00, 0x00, 0x00, 0x00, 0x00, 0x00, 0x38, 0x00, 
    0x00, 0x00, 0x00, 0x00, 0x00, 0x00, 0x78, 0x00, 0x00, 0x00, 0x00, 0x00, 0x00, 0x00, 0xF8, 0x00, 
    0x00, 0x00, 0x00, 0x00, 0x00, 0x0F, 0xCC, 0x00, 0x00, 0x00, 0x00, 0x00, 0x00, 0x0F, 0x8F, 0x80, 
    0x00, 0x00, 0x00, 0x00, 0x00, 0x06, 0x07, 0xC0, 0x00, 0x00, 0x00, 0x00, 0x00, 0x07, 0x03, 0x80, 
    0x00, 0x00, 0x00, 0x00, 0x00, 0x03, 0x07, 0x00, 0x00, 0x00, 0x00, 0x00, 0x00, 0x03, 0x0E, 0x00, 
    0x00, 0x02, 0x00, 0x00, 0x00, 0x07, 0xEC, 0x00, 0x00, 0x07, 0x00, 0x02, 0x00, 0x07, 0xFE, 0x00, 
    0x00, 0x0F, 0x00, 0x06, 0x00, 0x07, 0x3E, 0x00, 0x00, 0x1F, 0x80, 0x00, 0x00, 0x00, 0x0C, 0x00, 
    0x03, 0xF9, 0x80, 0x00, 0x00, 0x00, 0x00, 0x00, 0x03, 0xF1, 0xE0, 0x00, 0x00, 0x00, 0x00, 0x00, 
    0x01, 0xC0, 0xF8, 0x00, 0x00, 0x00, 0x00, 0x00, 0x00, 0xC0, 0x38, 0x00, 0x00, 0x00, 0x00, 0x00, 
    0x00, 0xE0, 0xF0, 0x00, 0x00, 0x00, 0x00, 0x00, 0x00, 0xE0, 0xE0, 0x00, 0x00, 0x00, 0x00, 0x00, 
    0x00, 0xC0, 0xC0, 0x00, 0x00, 0x00, 0x00, 0x00, 0x00, 0xFD, 0xC0, 0x00, 0x00, 0x00, 0x00, 0x00, 
    0x01, 0xFF, 0xC0, 0x00, 0x00, 0x00, 0x00, 0x00, 0x01, 0xC3, 0xC0, 0x00, 0x00, 0x06, 0x00, 0x00, 
    0x00, 0x01, 0xC0, 0x00, 0x00, 0x06, 0x00, 0x00, 0x00, 0x00, 0x00, 0x00, 0x00, 0x00, 0x00, 0x00, 
    0x00, 0x00, 0x00, 0x00, 0x00, 0x00, 0x00, 0x00, 0x00, 0x00, 0x00, 0x00, 0x00, 0x00, 0x00, 0x00, 
    0x00, 0x00, 0x00, 0x00, 0x00, 0x00, 0x00, 0x00, 0x00, 0x00, 0x00, 0x00, 0x00, 0x00, 0x00, 0x00, 
    0x00, 0x20, 0x00, 0x00, 0x00, 0x00, 0x00, 0x00, 0x00, 0x20, 0x00, 0x00, 0x00, 0x00, 0x00, 0x00, 
    0x00, 0x00, 0x00, 0x00, 0x00, 0x00, 0x00, 0x00, 0x00, 0x00, 0x80, 0x00, 0x00, 0x00, 0x00, 0x00, 
    0x00, 0x01, 0xC0, 0x00, 0x00, 0x00, 0x00, 0x00, 0x00, 0x03, 0xC0, 0x00, 0x00, 0x00, 0x00, 0x00, 
    0x00, 0x07, 0xC0, 0x00, 0x00, 0xC0, 0x00, 0x00, 0x00, 0x06, 0x60, 0x00, 0x01, 0xC0, 0x00, 0x00, 
    0x03, 0xFC, 0x70, 0x00, 0x03, 0xC0, 0x00, 0x00, 0x03, 0xFC, 0x78, 0x00, 0x03, 0xE0, 0x00, 0x00, 
    0x01, 0xC0, 0x3F, 0x00, 0xFE, 0x70, 0x00, 0x00, 0x00, 0xC0, 0x07, 0x80, 0x7E, 0x7C, 0x00, 0x00, 
    0x00, 0xE0, 0x07, 0x00, 0x70, 0x3F, 0x00, 0x00, 0x00, 0x70, 0x0E, 0x00, 0x38, 0x0F, 0x00, 0x00, 
    0x00, 0x60, 0x3C, 0x00, 0x18, 0x1C, 0x00, 0x00, 0x00, 0x60, 0x30, 0x00, 0x18, 0x38, 0x00, 0x00, 
    0x00, 0x62, 0x30, 0x00, 0x38, 0x30, 0x00, 0x00, 0x00, 0xFF, 0x30, 0x00, 0x3F, 0xB0, 0x00, 0x00, 
    0x00, 0xFF, 0xF0, 0x00, 0x3F, 0xF0, 0x00, 0x00, 0x00, 0xE1, 0xF0, 0x00, 0x38, 0xF0, 0x00, 0x00, 
    0x00, 0x00, 0x70, 0x00, 0x00, 0x70, 0x00, 0x00, 0x00, 0x00, 0x30, 0x00, 0x00, 0x00, 0x00, 0x00, 
    0x00, 0x00, 0x00, 0x00, 0x00, 0x00, 0x00, 0x00, 0x00, 0x00, 0x00, 0x00, 0x00, 0x00, 0x00, 0x00, 
    0x00, 0x00, 0x00, 0x00, 0x00, 0x00, 0x00, 0x00, 0x00, 0x00, 0x00, 0x00, 0x00, 0x00, 0x00, 0x00, 
    0x00, 0x00, 0x00, 0x00, 0x00, 0x00, 0x00, 0x00, 0x00, 0x00, 0x00, 0x00, 0x00, 0x00, 0x00, 0x00, 
      },
  {
    0x00, 0x00, 0x00, 0x00, 0x00, 0x00, 0x00, 0x00, 0x00, 0x00, 0x00, 0x00, 0x00, 0x00, 0x00, 0x00, 
    0x00, 0x00, 0x00, 0x00, 0x00, 0x00, 0x00, 0x00, 0x00, 0x00, 0x00, 0x00, 0x00, 0x00, 0x00, 0x00, 
    0x00, 0x00, 0x00, 0x00, 0x00, 0x00, 0x00, 0x00, 0x00, 0x00, 0x00, 0x00, 0x00, 0x00, 0x00, 0x00, 
    0x00, 0x00, 0x00, 0x00, 0x00, 0x00, 0x10, 0x00, 0x00, 0x00, 0x00, 0x00, 0x00, 0x00, 0x38, 0x00, 
    0x00, 0x00, 0x00, 0x00, 0x00, 0x00, 0x78, 0x00, 0x00, 0x00, 0x00, 0x00, 0x00, 0x0F, 0xF8, 0x00, 
    0x00, 0x00, 0x00, 0x00, 0x00, 0x0F, 0xCC, 0x00, 0x00, 0x00, 0x00, 0x00, 0x00, 0x0F, 0x8F, 0x80, 
    0x00, 0x00, 0x00, 0x00, 0x00, 0x06, 0x03, 0xC0, 0x00, 0x00, 0x00, 0x00, 0x00, 0x03, 0x03, 0x80, 
    0x00, 0x00, 0x00, 0x00, 0x00, 0x03, 0x07, 0x00, 0x00, 0x00, 0x00, 0x00, 0x00, 0x03, 0x0E, 0x00, 
    0x00, 0x02, 0x00, 0x00, 0x00, 0x07, 0xEE, 0x00, 0x00, 0x07, 0x00, 0x02, 0x00, 0x07, 0xFE, 0x00, 
    0x00, 0x0F, 0x00, 0x06, 0x00, 0x07, 0x1E, 0x00, 0x00, 0x1F, 0x80, 0x00, 0x00, 0x00, 0x0C, 0x00, 
    0x03, 0xF9, 0x80, 0x00, 0x00, 0x00, 0x00, 0x00, 0x03, 0xF1, 0xE0, 0x00, 0x00, 0x00, 0x00, 0x00, 
    0x01, 0xC0, 0xF8, 0x00, 0x00, 0x00, 0x00, 0x00, 0x00, 0xC0, 0x38, 0x00, 0x00, 0x00, 0x00, 0x00, 
    0x00, 0xE0, 0xF0, 0x00, 0x00, 0x00, 0x00, 0x00, 0x00, 0xE0, 0xE0, 0x00, 0x00, 0x00, 0x00, 0x00, 
    0x00, 0xC0, 0xC0, 0x00, 0x00, 0x00, 0x00, 0x00, 0x00, 0xFD, 0xC0, 0x00, 0x00, 0x00, 0x00, 0x00, 
    0x01, 0xFF, 0xC0, 0x00, 0x00, 0x00, 0x00, 0x00, 0x01, 0xC3, 0xC0, 0x00, 0x00, 0x06, 0x00, 0x00, 
    0x00, 0x01, 0xC0, 0x00, 0x00, 0x06, 0x00, 0x00, 0x00, 0x00, 0x00, 0x00, 0x00, 0x00, 0x00, 0x00, 
    0x00, 0x00, 0x00, 0x00, 0x00, 0x00, 0x00, 0x00, 0x00, 0x00, 0x00, 0x00, 0x00, 0x00, 0x00, 0x00, 
    0x00, 0x00, 0x00, 0x00, 0x00, 0x00, 0x00, 0x00, 0x00, 0x00, 0x00, 0x00, 0x00, 0x00, 0x00, 0x00, 
    0x00, 0x20, 0x00, 0x00, 0x00, 0x00, 0x00, 0x00, 0x00, 0x20, 0x00, 0x00, 0x00, 0x00, 0x00, 0x00, 
    0x00, 0x00, 0x00, 0x00, 0x00, 0x00, 0x00, 0x00, 0x00, 0x00, 0x80, 0x00, 0x00, 0x00, 0x00, 0x00, 
    0x00, 0x01, 0xC0, 0x00, 0x00, 0x00, 0x00, 0x00, 0x00, 0x03, 0xC0, 0x00, 0x00, 0x00, 0x00, 0x00, 
    0x00, 0x07, 0xC0, 0x00, 0x00, 0xC0, 0x00, 0x00, 0x00, 0x06, 0x60, 0x00, 0x01, 0xC0, 0x00, 0x00, 
    0x03, 0xFC, 0x70, 0x00, 0x01, 0xC0, 0x00, 0x00, 0x03, 0xFC, 0x78, 0x00, 0x03, 0xE0, 0x00, 0x00, 
    0x01, 0xC0, 0x3F, 0x00, 0x7F, 0x60, 0x00, 0x00, 0x00, 0xC0, 0x07, 0x80, 0x7E, 0x78, 0x00, 0x00, 
    0x00, 0xE0, 0x07, 0x00, 0x70, 0x3F, 0x00, 0x00, 0x00, 0x70, 0x0E, 0x00, 0x38, 0x0F, 0x00, 0x00, 
    0x00, 0x60, 0x3C, 0x00, 0x18, 0x1E, 0x00, 0x00, 0x00, 0x60, 0x30, 0x00, 0x18, 0x38, 0x00, 0x00, 
    0x00, 0x62, 0x30, 0x00, 0x18, 0x30, 0x00, 0x00, 0x00, 0xFF, 0x30, 0x00, 0x3F, 0xB0, 0x00, 0x00, 
    0x00, 0xFF, 0xF0, 0x00, 0x3F, 0xF0, 0x00, 0x00, 0x00, 0xE1, 0xF0, 0x00, 0x38, 0xF0, 0x00, 0x00, 
    0x00, 0x00, 0x70, 0x00, 0x00, 0x70, 0x00, 0x00, 0x00, 0x00, 0x30, 0x00, 0x00, 0x00, 0x00, 0x00, 
    0x00, 0x00, 0x00, 0x00, 0x00, 0x00, 0x00, 0x00, 0x00, 0x00, 0x00, 0x00, 0x00, 0x00, 0x00, 0x00, 
    0x00, 0x00, 0x00, 0x00, 0x00, 0x00, 0x00, 0x00, 0x00, 0x00, 0x00, 0x00, 0x00, 0x00, 0x00, 0x00, 
    0x00, 0x00, 0x00, 0x00, 0x00, 0x00, 0x00, 0x00, 0x00, 0x00, 0x00, 0x00, 0x00, 0x00, 0x00, 0x00, 
      },
  {
    0x00, 0x00, 0x00, 0x00, 0x00, 0x00, 0x00, 0x00, 0x00, 0x00, 0x00, 0x00, 0x00, 0x00, 0x00, 0x00, 
    0x00, 0x00, 0x00, 0x00, 0x00, 0x00, 0x00, 0x00, 0x00, 0x00, 0x00, 0x00, 0x00, 0x00, 0x00, 0x00, 
    0x00, 0x00, 0x00, 0x00, 0x00, 0x00, 0x00, 0x00, 0x00, 0x00, 0x00, 0x00, 0x00, 0x00, 0x00, 0x00, 
    0x00, 0x00, 0x00, 0x00, 0x00, 0x00, 0x10, 0x00, 0x00, 0x00, 0x00, 0x00, 0x00, 0x00, 0x38, 0x00, 
    0x00, 0x00, 0x00, 0x00, 0x00, 0x00, 0x78, 0x00, 0x00, 0x00, 0x00, 0x00, 0x00, 0x07, 0xF8, 0x00, 
    0x00, 0x00, 0x00, 0x00, 0x00, 0x0F, 0xCC, 0x00, 0x00, 0x00, 0x00, 0x00, 0x00, 0x0F, 0x8F, 0x80, 
    0x00, 0x00, 0x00, 0x00, 0x00, 0x06, 0x03, 0xC0, 0x00, 0x00, 0x00, 0x00, 0x00, 0x03, 0x03, 0x80, 
    0x00, 0x00, 0x00, 0x00, 0x00, 0x03, 0x07, 0x00, 0x00, 0x00, 0x00, 0x00, 0x00, 0x03, 0x0E, 0x00, 
    0x00, 0x02, 0x00, 0x00, 0x00, 0x07, 0xEE, 0x00, 0x00, 0x07, 0x00, 0x02, 0x00, 0x07, 0xFE, 0x00, 
    0x00, 0x0F, 0x00, 0x06, 0x00, 0x07, 0x1E, 0x00, 0x00, 0x1F, 0x80, 0x00, 0x00, 0x00, 0x0C, 0x00, 
    0x03, 0xF9, 0x80, 0x00, 0x00, 0x00, 0x00, 0x00, 0x03, 0xF1, 0xE0, 0x00, 0x00, 0x00, 0x00, 0x00, 
    0x01, 0xC0, 0xF8, 0x00, 0x00, 0x00, 0x00, 0x00, 0x00, 0xC0, 0x38, 0x00, 0x00, 0x00, 0x00, 0x00, 
    0x00, 0xE0, 0xF0, 0x00, 0x00, 0x00, 0x00, 0x00, 0x00, 0xE0, 0xE0, 0x00, 0x00, 0x00, 0x00, 0x00, 
    0x00, 0xC0, 0xC0, 0x00, 0x00, 0x00, 0x00, 0x00, 0x00, 0xFD, 0xC0, 0x00, 0x00, 0x00, 0x00, 0x00, 
    0x01, 0xFF, 0xC0, 0x00, 0x00, 0x00, 0x00, 0x00, 0x01, 0xC3, 0xC0, 0x00, 0x00, 0x06, 0x00, 0x00, 
    0x00, 0x01, 0xC0, 0x00, 0x00, 0x06, 0x00, 0x00, 0x00, 0x00, 0x00, 0x00, 0x00, 0x00, 0x00, 0x00, 
    0x00, 0x00, 0x00, 0x00, 0x00, 0x00, 0x00, 0x00, 0x00, 0x00, 0x00, 0x00, 0x00, 0x00, 0x00, 0x00, 
    0x00, 0x00, 0x00, 0x00, 0x00, 0x00, 0x00, 0x00, 0x00, 0x00, 0x00, 0x00, 0x00, 0x00, 0x00, 0x00, 
    0x00, 0x20, 0x00, 0x00, 0x00, 0x00, 0x00, 0x00, 0x00, 0x20, 0x00, 0x00, 0x00, 0x00, 0x00, 0x00, 
    0x00, 0x00, 0x00, 0x00, 0x00, 0x00, 0x00, 0x00, 0x00, 0x00, 0x80, 0x00, 0x00, 0x00, 0x00, 0x00, 
    0x00, 0x01, 0xC0, 0x00, 0x00, 0x00, 0x00, 0x00, 0x00, 0x03, 0xC0, 0x00, 0x00, 0x00, 0x00, 0x00, 
    0x00, 0x07, 0xC0, 0x00, 0x00, 0x00, 0x00, 0x00, 0x00, 0x06, 0x60, 0x00, 0x00, 0xC0, 0x00, 0x00, 
    0x03, 0xFC, 0x70, 0x00, 0x01, 0xC0, 0x00, 0x00, 0x03, 0xFC, 0x78, 0x00, 0x03, 0xE0, 0x00, 0x00, 
    0x01, 0xC0, 0x3F, 0x00, 0x7F, 0x60, 0x00, 0x00, 0x00, 0xC0, 0x07, 0x80, 0x7E, 0x78, 0x00, 0x00, 
    0x00, 0xE0, 0x07, 0x00, 0x70, 0x3E, 0x00, 0x00, 0x00, 0x70, 0x0E, 0x00, 0x30, 0x0F, 0x00, 0x00, 
    0x00, 0x60, 0x3C, 0x00, 0x18, 0x0E, 0x00, 0x00, 0x00, 0x60, 0x30, 0x00, 0x18, 0x3C, 0x00, 0x00, 
    0x00, 0x62, 0x30, 0x00, 0x18, 0x30, 0x00, 0x00, 0x00, 0xFF, 0x30, 0x00, 0x3B, 0x30, 0x00, 0x00, 
    0x00, 0xFF, 0xF0, 0x00, 0x3F, 0xF0, 0x00, 0x00, 0x00, 0xE1, 0xF0, 0x00, 0x3C, 0xF0, 0x00, 0x00, 
    0x00, 0x00, 0x70, 0x00, 0x00, 0x70, 0x00, 0x00, 0x00, 0x00, 0x30, 0x00, 0x00, 0x30, 0x00, 0x00, 
    0x00, 0x00, 0x00, 0x00, 0x00, 0x00, 0x00, 0x00, 0x00, 0x00, 0x00, 0x00, 0x00, 0x00, 0x00, 0x00, 
    0x00, 0x00, 0x00, 0x00, 0x00, 0x00, 0x00, 0x00, 0x00, 0x00, 0x00, 0x00, 0x00, 0x00, 0x00, 0x00, 
    0x00, 0x00, 0x00, 0x00, 0x00, 0x00, 0x00, 0x00, 0x00, 0x00, 0x00, 0x00, 0x00, 0x00, 0x00, 0x00, 
      },
  {
    0x00, 0x00, 0x00, 0x00, 0x00, 0x00, 0x00, 0x00, 0x00, 0x00, 0x00, 0x00, 0x00, 0x00, 0x00, 0x00, 
    0x00, 0x00, 0x00, 0x00, 0x00, 0x00, 0x00, 0x00, 0x00, 0x00, 0x00, 0x00, 0x00, 0x00, 0x00, 0x00, 
    0x00, 0x00, 0x00, 0x00, 0x00, 0x00, 0x00, 0x00, 0x00, 0x00, 0x00, 0x00, 0x00, 0x00, 0x00, 0x00, 
    0x00, 0x00, 0x00, 0x00, 0x00, 0x00, 0x10, 0x00, 0x00, 0x00, 0x00, 0x00, 0x00, 0x00, 0x38, 0x00, 
    0x00, 0x00, 0x00, 0x00, 0x00, 0x00, 0x78, 0x00, 0x00, 0x00, 0x00, 0x00, 0x00, 0x07, 0xF8, 0x00, 
    0x00, 0x00, 0x00, 0x00, 0x00, 0x0F, 0xCC, 0x00, 0x00, 0x00, 0x00, 0x00, 0x00, 0x0F, 0x8F, 0x80, 
    0x00, 0x00, 0x00, 0x00, 0x00, 0x06, 0x03, 0xC0, 0x00, 0x00, 0x00, 0x00, 0x00, 0x03, 0x03, 0x80, 
    0x00, 0x00, 0x00, 0x00, 0x00, 0x03, 0x07, 0x00, 0x00, 0x00, 0x00, 0x00, 0x00, 0x03, 0x0E, 0x00, 
    0x00, 0x02, 0x00, 0x00, 0x00, 0x07, 0xEE, 0x00, 0x00, 0x07, 0x00, 0x02, 0x00, 0x07, 0xFE, 0x00, 
    0x00, 0x0F, 0x00, 0x06, 0x00, 0x07, 0x1E, 0x00, 0x00, 0x1F, 0x80, 0x00, 0x00, 0x00, 0x0C, 0x00, 
    0x03, 0xF9, 0x80, 0x00, 0x00, 0x00, 0x00, 0x00, 0x03, 0xF1, 0xE0, 0x00, 0x00, 0x00, 0x00, 0x00, 
    0x01, 0xC0, 0xF8, 0x00, 0x00, 0x00, 0x00, 0x00, 0x00, 0xC0, 0x38, 0x00, 0x00, 0x00, 0x00, 0x00, 
    0x00, 0xE0, 0xF0, 0x00, 0x00, 0x00, 0x00, 0x00, 0x00, 0xE0, 0xE0, 0x00, 0x00, 0x00, 0x00, 0x00, 
    0x00, 0xC0, 0xC0, 0x00, 0x00, 0x00, 0x00, 0x00, 0x00, 0xFD, 0xC0, 0x00, 0x00, 0x00, 0x00, 0x00, 
    0x01, 0xFF, 0xC0, 0x00, 0x00, 0x00, 0x00, 0x00, 0x01, 0xC3, 0xC0, 0x00, 0x00, 0x06, 0x00, 0x00, 
    0x00, 0x01, 0xC0, 0x00, 0x00, 0x06, 0x00, 0x00, 0x00, 0x00, 0x00, 0x00, 0x00, 0x00, 0x00, 0x00, 
    0x00, 0x00, 0x00, 0x00, 0x00, 0x00, 0x00, 0x00, 0x00, 0x00, 0x00, 0x00, 0x00, 0x00, 0x00, 0x00, 
    0x00, 0x00, 0x00, 0x00, 0x00, 0x00, 0x00, 0x00, 0x00, 0x00, 0x00, 0x00, 0x00, 0x00, 0x00, 0x00, 
    0x00, 0x20, 0x00, 0x00, 0x00, 0x00, 0x00, 0x00, 0x00, 0x20, 0x00, 0x00, 0x00, 0x00, 0x00, 0x00, 
    0x00, 0x00, 0x00, 0x00, 0x00, 0x00, 0x00, 0x00, 0x00, 0x00, 0x80, 0x00, 0x00, 0x00, 0x00, 0x00, 
    0x00, 0x01, 0xC0, 0x00, 0x00, 0x00, 0x00, 0x00, 0x00, 0x03, 0xC0, 0x00, 0x00, 0x00, 0x00, 0x00, 
    0x00, 0x07, 0xC0, 0x00, 0x00, 0x00, 0x00, 0x00, 0x00, 0x06, 0x60, 0x00, 0x00, 0xC0, 0x00, 0x00, 
    0x03, 0xFC, 0x70, 0x00, 0x01, 0xC0, 0x00, 0x00, 0x03, 0xFC, 0x78, 0x00, 0x03, 0xE0, 0x00, 0x00, 
    0x01, 0xC0, 0x3F, 0x00, 0x7F, 0x60, 0x00, 0x00, 0x00, 0xC0, 0x07, 0x80, 0x7F, 0x78, 0x00, 0x00, 
    0x00, 0xE0, 0x07, 0x00, 0x78, 0x3E, 0x00, 0x00, 0x00, 0x70, 0x0E, 0x00, 0x30, 0x0F, 0x00, 0x00, 
    0x00, 0x60, 0x3C, 0x00, 0x18, 0x0E, 0x00, 0x00, 0x00, 0x60, 0x30, 0x00, 0x18, 0x1C, 0x00, 0x00, 
    0x00, 0x62, 0x30, 0x00, 0x18, 0x38, 0x00, 0x00, 0x00, 0xFF, 0x30, 0x00, 0x1B, 0x30, 0x00, 0x00, 
    0x00, 0xFF, 0xF0, 0x00, 0x3F, 0xF0, 0x00, 0x00, 0x00, 0xE1, 0xF0, 0x00, 0x3F, 0xF0, 0x00, 0x00, 
    0x00, 0x00, 0x70, 0x00, 0x30, 0x70, 0x00, 0x00, 0x00, 0x00, 0x30, 0x00, 0x00, 0x30, 0x00, 0x00, 
    0x00, 0x00, 0x00, 0x00, 0x00, 0x00, 0x00, 0x00, 0x00, 0x00, 0x00, 0x00, 0x00, 0x00, 0x00, 0x00, 
    0x00, 0x00, 0x00, 0x00, 0x00, 0x00, 0x00, 0x00, 0x00, 0x00, 0x00, 0x00, 0x00, 0x00, 0x00, 0x00, 
    0x00, 0x00, 0x00, 0x00, 0x00, 0x00, 0x00, 0x00, 0x00, 0x00, 0x00, 0x00, 0x00, 0x00, 0x00, 0x00, 
      },
};

#endif
