#ifndef ANIMATION_HOT_H
#define ANIMATION_HOT_H

#include <pgmspace.h>

#define HOT_FRAMES 43
#define HOT_WIDTH  64
#define HOT_HEIGHT 64

const uint8_t hot_frames[][512] PROGMEM = {
  {
    0x00, 0x00, 0x00, 0x00, 0x00, 0x00, 0x00, 0x00, 0x00, 0x00, 0x00, 0x00, 0x00, 0x00, 0x00, 0x00, 
    0x00, 0x00, 0x00, 0x00, 0x00, 0x00, 0x00, 0x00, 0x00, 0x00, 0x00, 0x00, 0x00, 0x00, 0x00, 0x00, 
    0x00, 0x00, 0x00, 0x00, 0x00, 0x00, 0x00, 0x00, 0x00, 0x00, 0x60, 0x00, 0x01, 0xF0, 0x00, 0x00, 
    0x00, 0x00, 0x60, 0x00, 0x07, 0xFC, 0x00, 0x00, 0x00, 0x00, 0x60, 0x00, 0x0F, 0xFE, 0x00, 0x00, 
    0x00, 0x00, 0x60, 0x00, 0x1E, 0x07, 0x00, 0x00, 0x00, 0x60, 0x00, 0x60, 0x1C, 0x03, 0x80, 0x00, 
    0x00, 0x70, 0x00, 0xE0, 0x38, 0x03, 0x80, 0x00, 0x00, 0x30, 0x00, 0xC0, 0x38, 0x01, 0x81, 0xC0, 
    0x00, 0x00, 0x00, 0x00, 0x38, 0x61, 0x87, 0xE0, 0x00, 0x01, 0xF8, 0x00, 0x38, 0xE1, 0x83, 0xC0, 
    0x00, 0x03, 0xFC, 0x00, 0x38, 0xE1, 0x80, 0x00, 0x00, 0x07, 0x0E, 0x00, 0x38, 0xE1, 0x80, 0x00, 
    0x00, 0x06, 0x06, 0x00, 0x38, 0xE1, 0x80, 0x00, 0x07, 0x86, 0x06, 0x1E, 0x38, 0xE1, 0x80, 0x00, 
    0x07, 0x86, 0x06, 0x1E, 0x38, 0xE1, 0x83, 0x80, 0x00, 0x06, 0x06, 0x00, 0x38, 0xE1, 0x87, 0x80, 
    0x00, 0x07, 0x0E, 0x00, 0x38, 0xE1, 0x80, 0x00, 0x00, 0x03, 0xFC, 0x00, 0x38, 0xE1, 0x80, 0x00, 
    0x00, 0x01, 0xF8, 0x00, 0x38, 0xE1, 0x80, 0x00, 0x00, 0x00, 0x00, 0x00, 0x38, 0xE1, 0x80, 0x00, 
    0x00, 0x30, 0x00, 0xC0, 0x38, 0xE1, 0x83, 0xC0, 0x00, 0x70, 0x00, 0xE0, 0x38, 0xE1, 0x87, 0xE0, 
    0x00, 0x60, 0x00, 0x60, 0x38, 0xE1, 0x83, 0xC0, 0x00, 0x00, 0x60, 0x00, 0x38, 0xE1, 0x80, 0x00, 
    0x00, 0x00, 0x60, 0x00, 0x38, 0xE1, 0x80, 0x00, 0x00, 0x00, 0x60, 0x00, 0x38, 0xE1, 0x80, 0x00, 
    0x00, 0x00, 0x60, 0x00, 0x38, 0xE1, 0x80, 0x00, 0x00, 0x00, 0x00, 0x00, 0x38, 0xE1, 0x87, 0x80, 
    0x00, 0x00, 0x00, 0x00, 0x38, 0xE1, 0x83, 0x80, 0x00, 0x00, 0x00, 0x00, 0x38, 0xE1, 0x80, 0x00, 
    0x00, 0x00, 0x00, 0x00, 0x38, 0xE1, 0x80, 0x00, 0x00, 0x00, 0x00, 0x00, 0x38, 0xE1, 0x80, 0x00, 
    0x00, 0x00, 0x00, 0x00, 0x38, 0xE1, 0x80, 0x00, 0x00, 0x00, 0x00, 0x00, 0x38, 0xE1, 0x83, 0xC0, 
    0x00, 0x00, 0x00, 0x00, 0x38, 0xE1, 0x87, 0xE0, 0x00, 0x00, 0x00, 0x00, 0x38, 0xE1, 0x81, 0xC0, 
    0x00, 0x00, 0x00, 0x00, 0x38, 0xE1, 0x80, 0x00, 0x00, 0x00, 0x00, 0x00, 0x70, 0xE1, 0xC0, 0x00, 
    0x00, 0x00, 0x00, 0x00, 0x60, 0xE0, 0xE0, 0x00, 0x00, 0x00, 0x00, 0x00, 0xE0, 0xE0, 0x60, 0x00, 
    0x00, 0x00, 0x00, 0x00, 0xC1, 0xF0, 0x70, 0x00, 0x00, 0x00, 0x00, 0x01, 0xC3, 0xF8, 0x30, 0x00, 
    0x00, 0x00, 0x00, 0x01, 0x83, 0x9C, 0x30, 0x00, 0x00, 0x00, 0x00, 0x01, 0x87, 0x0C, 0x30, 0x00, 
    0x00, 0x00, 0x00, 0x01, 0x87, 0x0C, 0x38, 0x00, 0x00, 0x00, 0x00, 0x01, 0x83, 0x1C, 0x30, 0x00, 
    0x00, 0x00, 0x00, 0x01, 0xC3, 0xF8, 0x30, 0x00, 0x00, 0x00, 0x00, 0x01, 0xC1, 0xF0, 0x70, 0x00, 
    0x00, 0x00, 0x00, 0x00, 0xE0, 0x00, 0x70, 0x00, 0x00, 0x00, 0x00, 0x00, 0xE0, 0x00, 0xE0, 0x00, 
    0x00, 0x00, 0x00, 0x00, 0x70, 0x01, 0xC0, 0x00, 0x00, 0x00, 0x00, 0x00, 0x3C, 0x03, 0xC0, 0x00, 
    0x00, 0x00, 0x00, 0x00, 0x1F, 0xBF, 0x00, 0x00, 0x00, 0x00, 0x00, 0x00, 0x0F, 0xFE, 0x00, 0x00, 
    0x00, 0x00, 0x00, 0x00, 0x01, 0xF8, 0x00, 0x00, 0x00, 0x00, 0x00, 0x00, 0x00, 0x00, 0x00, 0x00, 
    0x00, 0x00, 0x00, 0x00, 0x00, 0x00, 0x00, 0x00, 0x00, 0x00, 0x00, 0x00, 0x00, 0x00, 0x00, 0x00, 
    0x00, 0x00, 0x00, 0x00, 0x00, 0x00, 0x00, 0x00, 0x00, 0x00, 0x00, 0x00, 0x00, 0x00, 0x00, 0x00, 
      },
  {
    0x00, 0x00, 0x00, 0x00, 0x00, 0x00, 0x00, 0x00, 0x00, 0x00, 0x00, 0x00, 0x00, 0x00, 0x00, 0x00, 
    0x00, 0x00, 0x00, 0x00, 0x00, 0x00, 0x00, 0x00, 0x00, 0x00, 0x00, 0x00, 0x00, 0x00, 0x00, 0x00, 
    0x00, 0x00, 0x00, 0x00, 0x00, 0x00, 0x00, 0x00, 0x00, 0x00, 0x60, 0x00, 0x01, 0xF0, 0x00, 0x00, 
    0x00, 0x00, 0x60, 0x00, 0x07, 0xFC, 0x00, 0x00, 0x00, 0x00, 0x60, 0x00, 0x0F, 0xBE, 0x00, 0x00, 
    0x00, 0x00, 0x60, 0x00, 0x1E, 0x07, 0x00, 0x00, 0x00, 0x60, 0x00, 0x60, 0x1C, 0x03, 0x80, 0x00, 
    0x00, 0x70, 0x00, 0xE0, 0x38, 0x03, 0x80, 0x00, 0x00, 0x30, 0x00, 0xC0, 0x38, 0x01, 0x81, 0x80, 
    0x00, 0x00, 0x00, 0x00, 0x30, 0x61, 0x87, 0xE0, 0x00, 0x01, 0xF8, 0x00, 0x30, 0xE1, 0x83, 0xC0, 
    0x00, 0x03, 0xFC, 0x00, 0x30, 0xE1, 0x80, 0x00, 0x00, 0x07, 0x0E, 0x00, 0x30, 0xE1, 0x80, 0x00, 
    0x00, 0x06, 0x06, 0x00, 0x30, 0xE1, 0x80, 0x00, 0x07, 0x86, 0x06, 0x1E, 0x30, 0xE1, 0x80, 0x00, 
    0x07, 0x86, 0x06, 0x1E, 0x30, 0xE1, 0x83, 0x80, 0x00, 0x06, 0x06, 0x00, 0x30, 0xE1, 0x87, 0x80, 
    0x00, 0x07, 0x0E, 0x00, 0x30, 0xE1, 0x80, 0x00, 0x00, 0x03, 0xFC, 0x00, 0x30, 0xE1, 0x80, 0x00, 
    0x00, 0x01, 0xF8, 0x00, 0x30, 0xE1, 0x80, 0x00, 0x00, 0x00, 0x00, 0x00, 0x38, 0xE1, 0x80, 0x00, 
    0x00, 0x30, 0x00, 0xC0, 0x38, 0xE1, 0x83, 0xC0, 0x00, 0x70, 0x00, 0xE0, 0x38, 0xE1, 0x87, 0xE0, 
    0x00, 0x60, 0x00, 0x60, 0x38, 0xE1, 0x83, 0xC0, 0x00, 0x00, 0x60, 0x00, 0x38, 0xE1, 0x80, 0x00, 
    0x00, 0x00, 0x60, 0x00, 0x38, 0xE1, 0x80, 0x00, 0x00, 0x00, 0x60, 0x00, 0x38, 0xE1, 0x80, 0x00, 
    0x00, 0x00, 0x60, 0x00, 0x38, 0xE1, 0x80, 0x00, 0x00, 0x00, 0x00, 0x00, 0x38, 0xE1, 0x87, 0x80, 
    0x00, 0x00, 0x00, 0x00, 0x38, 0x61, 0x83, 0x80, 0x00, 0x00, 0x00, 0x00, 0x38, 0x61, 0x80, 0x00, 
    0x00, 0x00, 0x00, 0x00, 0x38, 0x61, 0x80, 0x00, 0x00, 0x00, 0x00, 0x00, 0x38, 0x61, 0x80, 0x00, 
    0x00, 0x00, 0x00, 0x00, 0x38, 0x61, 0x80, 0x00, 0x00, 0x00, 0x00, 0x00, 0x38, 0x61, 0x83, 0xC0, 
    0x00, 0x00, 0x00, 0x00, 0x38, 0x61, 0x87, 0xE0, 0x00, 0x00, 0x00, 0x00, 0x38, 0x61, 0x81, 0xC0, 
    0x00, 0x00, 0x00, 0x00, 0x38, 0x61, 0x80, 0x00, 0x00, 0x00, 0x00, 0x00, 0x70, 0x61, 0xC0, 0x00, 
    0x00, 0x00, 0x00, 0x00, 0x70, 0x60, 0xE0, 0x00, 0x00, 0x00, 0x00, 0x00, 0xE0, 0x60, 0x70, 0x00, 
    0x00, 0x00, 0x00, 0x00, 0xC1, 0xF0, 0x70, 0x00, 0x00, 0x00, 0x00, 0x01, 0xC3, 0xF8, 0x30, 0x00, 
    0x00, 0x00, 0x00, 0x01, 0xC3, 0x9C, 0x30, 0x00, 0x00, 0x00, 0x00, 0x01, 0x87, 0x0C, 0x38, 0x00, 
    0x00, 0x00, 0x00, 0x01, 0x87, 0x0C, 0x38, 0x00, 0x00, 0x00, 0x00, 0x01, 0x83, 0x1C, 0x30, 0x00, 
    0x00, 0x00, 0x00, 0x01, 0xC3, 0xF8, 0x30, 0x00, 0x00, 0x00, 0x00, 0x00, 0xC1, 0xF8, 0x30, 0x00, 
    0x00, 0x00, 0x00, 0x00, 0xE0, 0x00, 0x70, 0x00, 0x00, 0x00, 0x00, 0x00, 0xE0, 0x00, 0xE0, 0x00, 
    0x00, 0x00, 0x00, 0x00, 0x70, 0x01, 0xC0, 0x00, 0x00, 0x00, 0x00, 0x00, 0x3C, 0x03, 0xC0, 0x00, 
    0x00, 0x00, 0x00, 0x00, 0x1F, 0xBF, 0x80, 0x00, 0x00, 0x00, 0x00, 0x00, 0x0F, 0xFE, 0x00, 0x00, 
    0x00, 0x00, 0x00, 0x00, 0x01, 0xF8, 0x00, 0x00, 0x00, 0x00, 0x00, 0x00, 0x00, 0x00, 0x00, 0x00, 
    0x00, 0x00, 0x00, 0x00, 0x00, 0x00, 0x00, 0x00, 0x00, 0x00, 0x00, 0x00, 0x00, 0x00, 0x00, 0x00, 
    0x00, 0x00, 0x00, 0x00, 0x00, 0x00, 0x00, 0x00, 0x00, 0x00, 0x00, 0x00, 0x00, 0x00, 0x00, 0x00, 
      },
  {
    0x00, 0x00, 0x00, 0x00, 0x00, 0x00, 0x00, 0x00, 0x00, 0x00, 0x00, 0x00, 0x00, 0x00, 0x00, 0x00, 
    0x00, 0x00, 0x00, 0x00, 0x00, 0x00, 0x00, 0x00, 0x00, 0x00, 0x00, 0x00, 0x00, 0x00, 0x00, 0x00, 
    0x00, 0x00, 0x00, 0x00, 0x00, 0x00, 0x00, 0x00, 0x00, 0x00, 0x40, 0x00, 0x01, 0xF0, 0x00, 0x00, 
    0x00, 0x00, 0xE0, 0x00, 0x07, 0xFC, 0x00, 0x00, 0x00, 0x00, 0xE0, 0x00, 0x0F, 0xBE, 0x00, 0x00, 
    0x00, 0x00, 0x60, 0x60, 0x1C, 0x07, 0x00, 0x00, 0x00, 0xE0, 0x40, 0xE0, 0x18, 0x03, 0x00, 0x00, 
    0x00, 0xF0, 0x00, 0xE0, 0x38, 0x03, 0x80, 0x00, 0x00, 0x70, 0x00, 0xC0, 0x30, 0x01, 0x81, 0x80, 
    0x00, 0x00, 0x00, 0x00, 0x30, 0x01, 0x87, 0xE0, 0x00, 0x01, 0xF8, 0x00, 0x30, 0xE1, 0x83, 0xC0, 
    0x00, 0x03, 0xFC, 0x00, 0x30, 0xE1, 0x80, 0x00, 0x00, 0x07, 0x0E, 0x00, 0x30, 0xE1, 0x80, 0x00, 
    0x00, 0x06, 0x06, 0x0C, 0x30, 0xE1, 0x80, 0x00, 0x03, 0x86, 0x06, 0x1E, 0x30, 0xE1, 0x80, 0x00, 
    0x07, 0xC6, 0x06, 0x1C, 0x30, 0xE1, 0x83, 0x80, 0x03, 0x06, 0x06, 0x00, 0x30, 0xE1, 0x87, 0x80, 
    0x00, 0x07, 0x0E, 0x00, 0x30, 0xE1, 0x80, 0x00, 0x00, 0x03, 0xFC, 0x00, 0x30, 0xE1, 0x80, 0x00, 
    0x00, 0x01, 0xF8, 0x00, 0x30, 0xE1, 0x80, 0x00, 0x00, 0x00, 0x00, 0x00, 0x30, 0xE1, 0x80, 0x00, 
    0x00, 0x30, 0x00, 0xE0, 0x30, 0xE1, 0x83, 0xC0, 0x00, 0x70, 0x00, 0xF0, 0x30, 0xE1, 0x87, 0xE0, 
    0x00, 0x70, 0x00, 0x70, 0x30, 0xE1, 0x83, 0xC0, 0x00, 0x60, 0x60, 0x00, 0x30, 0xE1, 0x80, 0x00, 
    0x00, 0x00, 0x70, 0x00, 0x30, 0xE1, 0x80, 0x00, 0x00, 0x00, 0x70, 0x00, 0x30, 0xE1, 0x80, 0x00, 
    0x00, 0x00, 0x20, 0x00, 0x38, 0xE1, 0x80, 0x00, 0x00, 0x00, 0x00, 0x00, 0x38, 0xE1, 0x87, 0x80, 
    0x00, 0x00, 0x00, 0x00, 0x38, 0x61, 0x83, 0x80, 0x00, 0x00, 0x00, 0x00, 0x38, 0x61, 0x80, 0x00, 
    0x00, 0x00, 0x00, 0x00, 0x38, 0x61, 0x80, 0x00, 0x00, 0x00, 0x00, 0x00, 0x38, 0x61, 0x80, 0x00, 
    0x00, 0x00, 0x00, 0x00, 0x38, 0x61, 0x80, 0x00, 0x00, 0x00, 0x00, 0x00, 0x38, 0x61, 0x83, 0xC0, 
    0x00, 0x00, 0x00, 0x00, 0x38, 0x61, 0x87, 0xE0, 0x00, 0x00, 0x00, 0x00, 0x38, 0x61, 0x81, 0xC0, 
    0x00, 0x00, 0x00, 0x00, 0x38, 0x61, 0xC0, 0x00, 0x00, 0x00, 0x00, 0x00, 0x70, 0x61, 0xC0, 0x00, 
    0x00, 0x00, 0x00, 0x00, 0x70, 0x60, 0xE0, 0x00, 0x00, 0x00, 0x00, 0x00, 0xE0, 0x60, 0x70, 0x00, 
    0x00, 0x00, 0x00, 0x00, 0xC1, 0xF0, 0x30, 0x00, 0x00, 0x00, 0x00, 0x01, 0xC3, 0xF8, 0x30, 0x00, 
    0x00, 0x00, 0x00, 0x01, 0xC3, 0x9C, 0x38, 0x00, 0x00, 0x00, 0x00, 0x01, 0xC3, 0x0C, 0x38, 0x00, 
    0x00, 0x00, 0x00, 0x01, 0xC3, 0x0C, 0x38, 0x00, 0x00, 0x00, 0x00, 0x01, 0xC3, 0x9C, 0x38, 0x00, 
    0x00, 0x00, 0x00, 0x01, 0xC3, 0xFC, 0x30, 0x00, 0x00, 0x00, 0x00, 0x00, 0xC1, 0xF8, 0x30, 0x00, 
    0x00, 0x00, 0x00, 0x00, 0xE0, 0x00, 0x70, 0x00, 0x00, 0x00, 0x00, 0x00, 0x60, 0x00, 0xE0, 0x00, 
    0x00, 0x00, 0x00, 0x00, 0x70, 0x01, 0xE0, 0x00, 0x00, 0x00, 0x00, 0x00, 0x3C, 0x03, 0xC0, 0x00, 
    0x00, 0x00, 0x00, 0x00, 0x1F, 0x9F, 0x80, 0x00, 0x00, 0x00, 0x00, 0x00, 0x07, 0xFE, 0x00, 0x00, 
    0x00, 0x00, 0x00, 0x00, 0x01, 0xF8, 0x00, 0x00, 0x00, 0x00, 0x00, 0x00, 0x00, 0x00, 0x00, 0x00, 
    0x00, 0x00, 0x00, 0x00, 0x00, 0x00, 0x00, 0x00, 0x00, 0x00, 0x00, 0x00, 0x00, 0x00, 0x00, 0x00, 
    0x00, 0x00, 0x00, 0x00, 0x00, 0x00, 0x00, 0x00, 0x00, 0x00, 0x00, 0x00, 0x00, 0x00, 0x00, 0x00, 
      },
  {
    0x00, 0x00, 0x00, 0x00, 0x00, 0x00, 0x00, 0x00, 0x00, 0x00, 0x00, 0x00, 0x00, 0x00, 0x00, 0x00, 
    0x00, 0x00, 0x00, 0x00, 0x00, 0x00, 0x00, 0x00, 0x00, 0x00, 0x00, 0x00, 0x00, 0x00, 0x00, 0x00, 
    0x00, 0x00, 0x00, 0x00, 0x00, 0x00, 0x00, 0x00, 0x00, 0x00, 0xC0, 0x00, 0x01, 0xF0, 0x00, 0x00, 
    0x00, 0x00, 0xC0, 0x00, 0x07, 0xFC, 0x00, 0x00, 0x00, 0x00, 0xC0, 0x00, 0x0F, 0xBE, 0x00, 0x00, 
    0x00, 0x00, 0xC0, 0x60, 0x1C, 0x0E, 0x00, 0x00, 0x00, 0xC0, 0x40, 0xE0, 0x38, 0x07, 0x00, 0x00, 
    0x00, 0xE0, 0x01, 0xC0, 0x30, 0x03, 0x00, 0x00, 0x00, 0x70, 0x01, 0x80, 0x30, 0x03, 0x81, 0x80, 
    0x00, 0x30, 0x00, 0x00, 0x30, 0x03, 0x87, 0xE0, 0x00, 0x01, 0xF8, 0x00, 0x30, 0x03, 0x83, 0xC0, 
    0x00, 0x03, 0xFC, 0x00, 0x30, 0x43, 0x80, 0x00, 0x00, 0x07, 0x0E, 0x00, 0x30, 0xC3, 0x80, 0x00, 
    0x00, 0x06, 0x06, 0x1E, 0x30, 0xC3, 0x80, 0x00, 0x00, 0x06, 0x06, 0x3E, 0x30, 0xE3, 0x80, 0x00, 
    0x07, 0xC6, 0x06, 0x00, 0x30, 0xE1, 0x83, 0x80, 0x07, 0x86, 0x06, 0x00, 0x30, 0xE1, 0x87, 0x80, 
    0x00, 0x07, 0x0E, 0x00, 0x30, 0xE1, 0x80, 0x00, 0x00, 0x03, 0xFC, 0x00, 0x30, 0xE1, 0x80, 0x00, 
    0x00, 0x01, 0xF8, 0x00, 0x30, 0xE1, 0x80, 0x00, 0x00, 0x00, 0x00, 0xC0, 0x30, 0xE1, 0x80, 0x00, 
    0x00, 0x18, 0x00, 0xE0, 0x30, 0xE1, 0x83, 0xC0, 0x00, 0x38, 0x00, 0x70, 0x30, 0xE1, 0x87, 0xE0, 
    0x00, 0x70, 0x20, 0x30, 0x30, 0xE1, 0x83, 0xC0, 0x00, 0x60, 0x30, 0x00, 0x30, 0xE1, 0x80, 0x00, 
    0x00, 0x00, 0x30, 0x00, 0x30, 0xE1, 0x80, 0x00, 0x00, 0x00, 0x30, 0x00, 0x30, 0xE1, 0x80, 0x00, 
    0x00, 0x00, 0x30, 0x00, 0x30, 0xE1, 0x80, 0x00, 0x00, 0x00, 0x00, 0x00, 0x38, 0xE1, 0x87, 0x80, 
    0x00, 0x00, 0x00, 0x00, 0x38, 0x61, 0x83, 0x80, 0x00, 0x00, 0x00, 0x00, 0x38, 0x61, 0x80, 0x00, 
    0x00, 0x00, 0x00, 0x00, 0x38, 0x61, 0x80, 0x00, 0x00, 0x00, 0x00, 0x00, 0x38, 0x61, 0x80, 0x00, 
    0x00, 0x00, 0x00, 0x00, 0x38, 0x61, 0x80, 0x00, 0x00, 0x00, 0x00, 0x00, 0x38, 0x61, 0x83, 0xC0, 
    0x00, 0x00, 0x00, 0x00, 0x38, 0x61, 0xC7, 0xE0, 0x00, 0x00, 0x00, 0x00, 0x38, 0x61, 0x81, 0xC0, 
    0x00, 0x00, 0x00, 0x00, 0x38, 0x61, 0xC0, 0x00, 0x00, 0x00, 0x00, 0x00, 0x38, 0x61, 0xE0, 0x00, 
    0x00, 0x00, 0x00, 0x00, 0x70, 0x60, 0xE0, 0x00, 0x00, 0x00, 0x00, 0x00, 0xE0, 0x60, 0x70, 0x00, 
    0x00, 0x00, 0x00, 0x00, 0xE0, 0xF8, 0x30, 0x00, 0x00, 0x00, 0x00, 0x00, 0xC1, 0xFC, 0x38, 0x00, 
    0x00, 0x00, 0x00, 0x00, 0xC3, 0x9C, 0x38, 0x00, 0x00, 0x00, 0x00, 0x01, 0xC3, 0x0E, 0x18, 0x00, 
    0x00, 0x00, 0x00, 0x01, 0xC3, 0x0E, 0x18, 0x00, 0x00, 0x00, 0x00, 0x01, 0xC3, 0x8C, 0x38, 0x00, 
    0x00, 0x00, 0x00, 0x00, 0xC1, 0xFC, 0x38, 0x00, 0x00, 0x00, 0x00, 0x00, 0xC1, 0xF8, 0x30, 0x00, 
    0x00, 0x00, 0x00, 0x00, 0xE0, 0x00, 0x70, 0x00, 0x00, 0x00, 0x00, 0x00, 0x70, 0x00, 0x60, 0x00, 
    0x00, 0x00, 0x00, 0x00, 0x38, 0x00, 0xE0, 0x00, 0x00, 0x00, 0x00, 0x00, 0x3C, 0x03, 0xC0, 0x00, 
    0x00, 0x00, 0x00, 0x00, 0x1F, 0xDF, 0x80, 0x00, 0x00, 0x00, 0x00, 0x00, 0x07, 0xFE, 0x00, 0x00, 
    0x00, 0x00, 0x00, 0x00, 0x01, 0xF8, 0x00, 0x00, 0x00, 0x00, 0x00, 0x00, 0x00, 0x00, 0x00, 0x00, 
    0x00, 0x00, 0x00, 0x00, 0x00, 0x00, 0x00, 0x00, 0x00, 0x00, 0x00, 0x00, 0x00, 0x00, 0x00, 0x00, 
    0x00, 0x00, 0x00, 0x00, 0x00, 0x00, 0x00, 0x00, 0x00, 0x00, 0x00, 0x00, 0x00, 0x00, 0x00, 0x00, 
      },
  {
    0x00, 0x00, 0x00, 0x00, 0x00, 0x00, 0x00, 0x00, 0x00, 0x00, 0x00, 0x00, 0x00, 0x00, 0x00, 0x00, 
    0x00, 0x00, 0x00, 0x00, 0x00, 0x00, 0x00, 0x00, 0x00, 0x00, 0x00, 0x00, 0x00, 0x00, 0x00, 0x00, 
    0x00, 0x00, 0x00, 0x00, 0x00, 0x00, 0x00, 0x00, 0x00, 0x00, 0x80, 0x00, 0x03, 0xE0, 0x00, 0x00, 
    0x00, 0x01, 0xC0, 0x00, 0x0F, 0xF8, 0x00, 0x00, 0x00, 0x01, 0xC0, 0x00, 0x1F, 0xFC, 0x00, 0x00, 
    0x00, 0x00, 0xC0, 0xC0, 0x3C, 0x0E, 0x00, 0x00, 0x00, 0x00, 0x81, 0xC0, 0x38, 0x07, 0x00, 0x00, 
    0x00, 0xC0, 0x01, 0x80, 0x70, 0x07, 0x00, 0x00, 0x00, 0xE0, 0x00, 0x00, 0x70, 0x03, 0x01, 0x80, 
    0x00, 0x60, 0x00, 0x00, 0x70, 0x03, 0x07, 0xE0, 0x00, 0x01, 0xF8, 0x00, 0x70, 0x03, 0x03, 0xC0, 
    0x00, 0x03, 0xFC, 0x00, 0x70, 0x03, 0x00, 0x00, 0x00, 0x07, 0x0E, 0x0C, 0x70, 0x03, 0x00, 0x00, 
    0x00, 0x06, 0x06, 0x3E, 0x70, 0xC3, 0x80, 0x00, 0x00, 0x06, 0x06, 0x1C, 0x70, 0xC3, 0x80, 0x00, 
    0x03, 0x86, 0x06, 0x00, 0x70, 0xC3, 0x83, 0x80, 0x07, 0xC6, 0x06, 0x00, 0x70, 0xC3, 0x87, 0x80, 
    0x03, 0x87, 0x0E, 0x00, 0x30, 0xC3, 0x80, 0x00, 0x00, 0x03, 0xFC, 0x00, 0x30, 0xC3, 0x80, 0x00, 
    0x00, 0x01, 0xF8, 0x00, 0x30, 0xC3, 0x80, 0x00, 0x00, 0x00, 0x00, 0x60, 0x30, 0xC3, 0x80, 0x00, 
    0x00, 0x00, 0x00, 0x70, 0x30, 0xE1, 0x83, 0xC0, 0x00, 0x18, 0x00, 0x30, 0x30, 0xE1, 0x87, 0xE0, 
    0x00, 0x38, 0x10, 0x00, 0x30, 0xE1, 0x83, 0xC0, 0x00, 0x30, 0x30, 0x00, 0x30, 0xE1, 0x80, 0x00, 
    0x00, 0x00, 0x38, 0x00, 0x30, 0xE1, 0x80, 0x00, 0x00, 0x00, 0x38, 0x00, 0x30, 0xE1, 0x80, 0x00, 
    0x00, 0x00, 0x10, 0x00, 0x30, 0xE1, 0x80, 0x00, 0x00, 0x00, 0x00, 0x00, 0x30, 0xE1, 0x87, 0x80, 
    0x00, 0x00, 0x00, 0x00, 0x38, 0x61, 0x83, 0x80, 0x00, 0x00, 0x00, 0x00, 0x38, 0x61, 0x80, 0x00, 
    0x00, 0x00, 0x00, 0x00, 0x38, 0x61, 0x80, 0x00, 0x00, 0x00, 0x00, 0x00, 0x38, 0x61, 0xC0, 0x00, 
    0x00, 0x00, 0x00, 0x00, 0x38, 0x61, 0xC0, 0x00, 0x00, 0x00, 0x00, 0x00, 0x38, 0x61, 0xC3, 0xC0, 
    0x00, 0x00, 0x00, 0x00, 0x38, 0x61, 0xC7, 0xE0, 0x00, 0x00, 0x00, 0x00, 0x38, 0x61, 0xC1, 0xC0, 
    0x00, 0x00, 0x00, 0x00, 0x18, 0x61, 0xC0, 0x00, 0x00, 0x00, 0x00, 0x00, 0x38, 0x60, 0xE0, 0x00, 
    0x00, 0x00, 0x00, 0x00, 0x70, 0x60, 0x70, 0x00, 0x00, 0x00, 0x00, 0x00, 0x70, 0x70, 0x30, 0x00, 
    0x00, 0x00, 0x00, 0x00, 0xE0, 0xF8, 0x38, 0x00, 0x00, 0x00, 0x00, 0x00, 0xE1, 0xFC, 0x18, 0x00, 
    0x00, 0x00, 0x00, 0x00, 0xC3, 0x8E, 0x18, 0x00, 0x00, 0x00, 0x00, 0x00, 0xC3, 0x8E, 0x18, 0x00, 
    0x00, 0x00, 0x00, 0x00, 0xC3, 0x86, 0x18, 0x00, 0x00, 0x00, 0x00, 0x00, 0xC3, 0x8E, 0x18, 0x00, 
    0x00, 0x00, 0x00, 0x00, 0xC1, 0xFC, 0x18, 0x00, 0x00, 0x00, 0x00, 0x00, 0xE0, 0xF8, 0x38, 0x00, 
    0x00, 0x00, 0x00, 0x00, 0x60, 0x00, 0x30, 0x00, 0x00, 0x00, 0x00, 0x00, 0x70, 0x00, 0x70, 0x00, 
    0x00, 0x00, 0x00, 0x00, 0x38, 0x00, 0xE0, 0x00, 0x00, 0x00, 0x00, 0x00, 0x1E, 0x01, 0xC0, 0x00, 
    0x00, 0x00, 0x00, 0x00, 0x0F, 0xFF, 0x80, 0x00, 0x00, 0x00, 0x00, 0x00, 0x07, 0xFF, 0x00, 0x00, 
    0x00, 0x00, 0x00, 0x00, 0x00, 0xF8, 0x00, 0x00, 0x00, 0x00, 0x00, 0x00, 0x00, 0x00, 0x00, 0x00, 
    0x00, 0x00, 0x00, 0x00, 0x00, 0x00, 0x00, 0x00, 0x00, 0x00, 0x00, 0x00, 0x00, 0x00, 0x00, 0x00, 
    0x00, 0x00, 0x00, 0x00, 0x00, 0x00, 0x00, 0x00, 0x00, 0x00, 0x00, 0x00, 0x00, 0x00, 0x00, 0x00, 
      },
  {
    0x00, 0x00, 0x00, 0x00, 0x00, 0x00, 0x00, 0x00, 0x00, 0x00, 0x00, 0x00, 0x00, 0x00, 0x00, 0x00, 
    0x00, 0x00, 0x00, 0x00, 0x00, 0x00, 0x00, 0x00, 0x00, 0x00, 0x00, 0x00, 0x00, 0x00, 0x00, 0x00, 
    0x00, 0x00, 0x00, 0x00, 0x00, 0x00, 0x00, 0x00, 0x00, 0x01, 0x00, 0x00, 0x03, 0xC0, 0x00, 0x00, 
    0x00, 0x03, 0x80, 0x00, 0x0F, 0xF0, 0x00, 0x00, 0x00, 0x03, 0x81, 0x80, 0x1F, 0xFC, 0x00, 0x00, 
    0x00, 0x01, 0x81, 0x80, 0x38, 0x1C, 0x00, 0x00, 0x00, 0x01, 0x83, 0x80, 0x70, 0x0E, 0x00, 0x00, 
    0x00, 0x00, 0x03, 0x00, 0x60, 0x06, 0x00, 0x00, 0x01, 0xC0, 0x00, 0x00, 0x60, 0x07, 0x01, 0x80, 
    0x01, 0xE0, 0x00, 0x00, 0x60, 0x07, 0x07, 0xE0, 0x00, 0x61, 0xF8, 0x00, 0x60, 0x07, 0x03, 0xC0, 
    0x00, 0x03, 0xFC, 0x04, 0x60, 0x03, 0x00, 0x00, 0x00, 0x07, 0x0E, 0x3E, 0x60, 0x03, 0x00, 0x00, 
    0x00, 0x06, 0x06, 0x3C, 0x60, 0x03, 0x00, 0x00, 0x00, 0x06, 0x06, 0x00, 0x60, 0x03, 0x00, 0x00, 
    0x00, 0x06, 0x06, 0x00, 0x60, 0x03, 0x03, 0x80, 0x03, 0xC6, 0x06, 0x00, 0x60, 0xC3, 0x07, 0x80, 
    0x07, 0xC7, 0x0E, 0x00, 0x70, 0xC3, 0x00, 0x00, 0x03, 0x03, 0xFC, 0x00, 0x70, 0xC3, 0x00, 0x00, 
    0x00, 0x01, 0xF8, 0x60, 0x70, 0xC3, 0x80, 0x00, 0x00, 0x00, 0x00, 0x78, 0x70, 0xC3, 0x80, 0x00, 
    0x00, 0x00, 0x00, 0x38, 0x30, 0xC3, 0x83, 0xC0, 0x00, 0x0C, 0x00, 0x00, 0x30, 0xC3, 0x87, 0xE0, 
    0x00, 0x1C, 0x18, 0x00, 0x30, 0xC1, 0x83, 0xC0, 0x00, 0x18, 0x18, 0x00, 0x30, 0xE1, 0x80, 0x00, 
    0x00, 0x18, 0x1C, 0x00, 0x30, 0xE1, 0x80, 0x00, 0x00, 0x00, 0x1C, 0x00, 0x30, 0xE1, 0x80, 0x00, 
    0x00, 0x00, 0x08, 0x00, 0x30, 0xE1, 0x80, 0x00, 0x00, 0x00, 0x00, 0x00, 0x30, 0xE1, 0x87, 0x80, 
    0x00, 0x00, 0x00, 0x00, 0x38, 0x61, 0x83, 0x80, 0x00, 0x00, 0x00, 0x00, 0x38, 0x61, 0x80, 0x00, 
    0x00, 0x00, 0x00, 0x00, 0x38, 0x61, 0xC0, 0x00, 0x00, 0x00, 0x00, 0x00, 0x38, 0x61, 0xC0, 0x00, 
    0x00, 0x00, 0x00, 0x00, 0x38, 0x61, 0xC0, 0x00, 0x00, 0x00, 0x00, 0x00, 0x18, 0x61, 0xC3, 0xC0, 
    0x00, 0x00, 0x00, 0x00, 0x18, 0x61, 0xC7, 0xE0, 0x00, 0x00, 0x00, 0x00, 0x18, 0x60, 0xC1, 0xC0, 
    0x00, 0x00, 0x00, 0x00, 0x18, 0x70, 0xE0, 0x00, 0x00, 0x00, 0x00, 0x00, 0x38, 0x70, 0xF0, 0x00, 
    0x00, 0x00, 0x00, 0x00, 0x38, 0x70, 0x70, 0x00, 0x00, 0x00, 0x00, 0x00, 0x70, 0x70, 0x38, 0x00, 
    0x00, 0x00, 0x00, 0x00, 0x60, 0xFC, 0x18, 0x00, 0x00, 0x00, 0x00, 0x00, 0x61, 0xFE, 0x18, 0x00, 
    0x00, 0x00, 0x00, 0x00, 0xE1, 0xCE, 0x1C, 0x00, 0x00, 0x00, 0x00, 0x00, 0xE1, 0x86, 0x1C, 0x00, 
    0x00, 0x00, 0x00, 0x00, 0xE1, 0x86, 0x1C, 0x00, 0x00, 0x00, 0x00, 0x00, 0xE1, 0xCE, 0x1C, 0x00, 
    0x00, 0x00, 0x00, 0x00, 0xE1, 0xFE, 0x18, 0x00, 0x00, 0x00, 0x00, 0x00, 0x60, 0xFC, 0x18, 0x00, 
    0x00, 0x00, 0x00, 0x00, 0x70, 0x00, 0x38, 0x00, 0x00, 0x00, 0x00, 0x00, 0x38, 0x00, 0x70, 0x00, 
    0x00, 0x00, 0x00, 0x00, 0x3C, 0x00, 0xF0, 0x00, 0x00, 0x00, 0x00, 0x00, 0x1E, 0x01, 0xE0, 0x00, 
    0x00, 0x00, 0x00, 0x00, 0x0F, 0xFF, 0xC0, 0x00, 0x00, 0x00, 0x00, 0x00, 0x03, 0xFF, 0x00, 0x00, 
    0x00, 0x00, 0x00, 0x00, 0x00, 0xFC, 0x00, 0x00, 0x00, 0x00, 0x00, 0x00, 0x00, 0x00, 0x00, 0x00, 
    0x00, 0x00, 0x00, 0x00, 0x00, 0x00, 0x00, 0x00, 0x00, 0x00, 0x00, 0x00, 0x00, 0x00, 0x00, 0x00, 
    0x00, 0x00, 0x00, 0x00, 0x00, 0x00, 0x00, 0x00, 0x00, 0x00, 0x00, 0x00, 0x00, 0x00, 0x00, 0x00, 
      },
  {
    0x00, 0x00, 0x00, 0x00, 0x00, 0x00, 0x00, 0x00, 0x00, 0x00, 0x00, 0x00, 0x00, 0x00, 0x00, 0x00, 
    0x00, 0x00, 0x00, 0x00, 0x00, 0x00, 0x00, 0x00, 0x00, 0x00, 0x00, 0x00, 0x00, 0x00, 0x00, 0x00, 
    0x00, 0x00, 0x00, 0x00, 0x00, 0x00, 0x00, 0x00, 0x00, 0x00, 0x00, 0x00, 0x07, 0xC0, 0x00, 0x00, 
    0x00, 0x07, 0x01, 0x00, 0x1F, 0xF0, 0x00, 0x00, 0x00, 0x07, 0x03, 0x80, 0x3F, 0xF8, 0x00, 0x00, 
    0x00, 0x03, 0x03, 0x00, 0x78, 0x1C, 0x00, 0x00, 0x00, 0x03, 0x07, 0x00, 0x70, 0x0C, 0x00, 0x00, 
    0x00, 0x00, 0x02, 0x00, 0xE0, 0x0E, 0x00, 0x00, 0x01, 0x00, 0x00, 0x00, 0xE0, 0x06, 0x01, 0xC0, 
    0x03, 0xC0, 0x00, 0x00, 0xC0, 0x06, 0x07, 0xE0, 0x01, 0xE1, 0xF8, 0x0C, 0xC0, 0x06, 0x03, 0xC0, 
    0x00, 0x43, 0xFC, 0x3C, 0xE0, 0x06, 0x00, 0x00, 0x00, 0x07, 0x0E, 0x3C, 0xE0, 0x07, 0x00, 0x00, 
    0x00, 0x06, 0x06, 0x00, 0xE0, 0x07, 0x00, 0x00, 0x00, 0x06, 0x06, 0x00, 0xE0, 0x07, 0x00, 0x00, 
    0x00, 0x06, 0x06, 0x00, 0x60, 0x07, 0x03, 0x80, 0x00, 0x06, 0x06, 0x00, 0x60, 0x03, 0x07, 0x80, 
    0x03, 0xC7, 0x0E, 0x00, 0x60, 0x03, 0x00, 0x00, 0x03, 0xC3, 0xFC, 0x20, 0x60, 0x83, 0x00, 0x00, 
    0x03, 0x01, 0xF8, 0x78, 0x61, 0xC3, 0x00, 0x00, 0x00, 0x00, 0x00, 0x3C, 0x70, 0xC3, 0x00, 0x00, 
    0x00, 0x00, 0x00, 0x08, 0x70, 0xC3, 0x83, 0xC0, 0x00, 0x04, 0x00, 0x00, 0x70, 0xC3, 0x87, 0xE0, 
    0x00, 0x0E, 0x0C, 0x00, 0x70, 0xC3, 0x83, 0xC0, 0x00, 0x0C, 0x0C, 0x00, 0x30, 0xC3, 0x80, 0x00, 
    0x00, 0x1C, 0x0E, 0x00, 0x30, 0xE1, 0x80, 0x00, 0x00, 0x08, 0x0E, 0x00, 0x30, 0xE1, 0x80, 0x00, 
    0x00, 0x00, 0x00, 0x00, 0x30, 0xE1, 0x80, 0x00, 0x00, 0x00, 0x00, 0x00, 0x30, 0xE1, 0x87, 0x80, 
    0x00, 0x00, 0x00, 0x00, 0x38, 0x61, 0x83, 0x80, 0x00, 0x00, 0x00, 0x00, 0x38, 0x61, 0xC0, 0x00, 
    0x00, 0x00, 0x00, 0x00, 0x38, 0x61, 0xC0, 0x00, 0x00, 0x00, 0x00, 0x00, 0x38, 0x61, 0xC0, 0x00, 
    0x00, 0x00, 0x00, 0x00, 0x18, 0x61, 0xC0, 0x00, 0x00, 0x00, 0x00, 0x00, 0x18, 0x70, 0xC3, 0xC0, 
    0x00, 0x00, 0x00, 0x00, 0x18, 0x70, 0xC7, 0xE0, 0x00, 0x00, 0x00, 0x00, 0x18, 0x70, 0xC1, 0xC0, 
    0x00, 0x00, 0x00, 0x00, 0x18, 0x70, 0xE0, 0x00, 0x00, 0x00, 0x00, 0x00, 0x1C, 0x30, 0x70, 0x00, 
    0x00, 0x00, 0x00, 0x00, 0x38, 0x30, 0x38, 0x00, 0x00, 0x00, 0x00, 0x00, 0x30, 0x30, 0x18, 0x00, 
    0x00, 0x00, 0x00, 0x00, 0x70, 0x7C, 0x1C, 0x00, 0x00, 0x00, 0x00, 0x00, 0x60, 0xFE, 0x0C, 0x00, 
    0x00, 0x00, 0x00, 0x00, 0x61, 0xC7, 0x0C, 0x00, 0x00, 0x00, 0x00, 0x00, 0x61, 0xC7, 0x0C, 0x00, 
    0x00, 0x00, 0x00, 0x00, 0x61, 0xC7, 0x0C, 0x00, 0x00, 0x00, 0x00, 0x00, 0x61, 0xC7, 0x0C, 0x00, 
    0x00, 0x00, 0x00, 0x00, 0x60, 0xFE, 0x0C, 0x00, 0x00, 0x00, 0x00, 0x00, 0x70, 0x7C, 0x1C, 0x00, 
    0x00, 0x00, 0x00, 0x00, 0x30, 0x00, 0x18, 0x00, 0x00, 0x00, 0x00, 0x00, 0x38, 0x00, 0x38, 0x00, 
    0x00, 0x00, 0x00, 0x00, 0x1C, 0x00, 0x70, 0x00, 0x00, 0x00, 0x00, 0x00, 0x0F, 0x01, 0xE0, 0x00, 
    0x00, 0x00, 0x00, 0x00, 0x07, 0xFF, 0xC0, 0x00, 0x00, 0x00, 0x00, 0x00, 0x03, 0xFF, 0x80, 0x00, 
    0x00, 0x00, 0x00, 0x00, 0x00, 0x7C, 0x00, 0x00, 0x00, 0x00, 0x00, 0x00, 0x00, 0x00, 0x00, 0x00, 
    0x00, 0x00, 0x00, 0x00, 0x00, 0x00, 0x00, 0x00, 0x00, 0x00, 0x00, 0x00, 0x00, 0x00, 0x00, 0x00, 
    0x00, 0x00, 0x00, 0x00, 0x00, 0x00, 0x00, 0x00, 0x00, 0x00, 0x00, 0x00, 0x00, 0x00, 0x00, 0x00, 
      },
  {
    0x00, 0x00, 0x00, 0x00, 0x00, 0x00, 0x00, 0x00, 0x00, 0x00, 0x00, 0x00, 0x00, 0x00, 0x00, 0x00, 
    0x00, 0x00, 0x00, 0x00, 0x00, 0x00, 0x00, 0x00, 0x00, 0x00, 0x00, 0x00, 0x00, 0x00, 0x00, 0x00, 
    0x00, 0x00, 0x00, 0x00, 0x00, 0x00, 0x00, 0x00, 0x00, 0x00, 0x00, 0x00, 0x07, 0x80, 0x00, 0x00, 
    0x00, 0x04, 0x02, 0x00, 0x1F, 0xE0, 0x00, 0x00, 0x00, 0x0E, 0x07, 0x00, 0x3F, 0xF0, 0x00, 0x00, 
    0x00, 0x06, 0x06, 0x00, 0x70, 0x38, 0x00, 0x00, 0x00, 0x06, 0x06, 0x00, 0xE0, 0x1C, 0x00, 0x00, 
    0x00, 0x00, 0x00, 0x00, 0xC0, 0x0C, 0x00, 0x00, 0x00, 0x00, 0x00, 0x01, 0xC0, 0x0C, 0x01, 0xC0, 
    0x01, 0x00, 0x00, 0x09, 0xC0, 0x0E, 0x07, 0xE0, 0x03, 0xC1, 0xF8, 0x3D, 0xC0, 0x0E, 0x03, 0xC0, 
    0x01, 0xC3, 0xFC, 0x38, 0xC0, 0x0E, 0x00, 0x00, 0x00, 0x07, 0x0E, 0x00, 0xC0, 0x06, 0x00, 0x00, 
    0x00, 0x06, 0x06, 0x00, 0xC0, 0x06, 0x00, 0x00, 0x00, 0x06, 0x06, 0x00, 0xC0, 0x06, 0x00, 0x00, 
    0x00, 0x06, 0x06, 0x00, 0xE0, 0x06, 0x03, 0x80, 0x00, 0x06, 0x06, 0x00, 0xE0, 0x07, 0x07, 0x80, 
    0x00, 0x07, 0x0E, 0x00, 0xE0, 0x07, 0x00, 0x00, 0x01, 0xC3, 0xFC, 0x38, 0x60, 0x07, 0x00, 0x00, 
    0x03, 0xC1, 0xF8, 0x3C, 0x60, 0x03, 0x00, 0x00, 0x01, 0x00, 0x00, 0x08, 0x60, 0x83, 0x00, 0x00, 
    0x00, 0x00, 0x00, 0x00, 0x60, 0xC3, 0x03, 0xC0, 0x00, 0x00, 0x00, 0x00, 0x70, 0xC3, 0x07, 0xE0, 
    0x00, 0x06, 0x06, 0x00, 0x70, 0xC3, 0x83, 0xC0, 0x00, 0x06, 0x06, 0x00, 0x70, 0xC3, 0x80, 0x00, 
    0x00, 0x0E, 0x07, 0x00, 0x30, 0xC3, 0x80, 0x00, 0x00, 0x04, 0x02, 0x00, 0x30, 0xE1, 0x80, 0x00, 
    0x00, 0x00, 0x00, 0x00, 0x30, 0xE1, 0x80, 0x00, 0x00, 0x00, 0x00, 0x00, 0x30, 0xE1, 0x87, 0x80, 
    0x00, 0x00, 0x00, 0x00, 0x38, 0x61, 0x83, 0x80, 0x00, 0x00, 0x00, 0x00, 0x38, 0x61, 0xC0, 0x00, 
    0x00, 0x00, 0x00, 0x00, 0x38, 0x61, 0xC0, 0x00, 0x00, 0x00, 0x00, 0x00, 0x18, 0x61, 0xC0, 0x00, 
    0x00, 0x00, 0x00, 0x00, 0x18, 0x70, 0xC0, 0x00, 0x00, 0x00, 0x00, 0x00, 0x18, 0x70, 0xC3, 0xC0, 
    0x00, 0x00, 0x00, 0x00, 0x18, 0x70, 0xC7, 0xE0, 0x00, 0x00, 0x00, 0x00, 0x1C, 0x30, 0xE1, 0xC0, 
    0x00, 0x00, 0x00, 0x00, 0x1C, 0x30, 0xF0, 0x00, 0x00, 0x00, 0x00, 0x00, 0x1C, 0x30, 0x78, 0x00, 
    0x00, 0x00, 0x00, 0x00, 0x1C, 0x30, 0x38, 0x00, 0x00, 0x00, 0x00, 0x00, 0x38, 0x38, 0x1C, 0x00, 
    0x00, 0x00, 0x00, 0x00, 0x30, 0x7E, 0x0C, 0x00, 0x00, 0x00, 0x00, 0x00, 0x30, 0xFF, 0x0C, 0x00, 
    0x00, 0x00, 0x00, 0x00, 0x70, 0xE7, 0x0E, 0x00, 0x00, 0x00, 0x00, 0x00, 0x70, 0xC3, 0x0E, 0x00, 
    0x00, 0x00, 0x00, 0x00, 0x70, 0xC3, 0x0E, 0x00, 0x00, 0x00, 0x00, 0x00, 0x70, 0xE7, 0x0E, 0x00, 
    0x00, 0x00, 0x00, 0x00, 0x30, 0xFF, 0x0C, 0x00, 0x00, 0x00, 0x00, 0x00, 0x30, 0x7E, 0x0C, 0x00, 
    0x00, 0x00, 0x00, 0x00, 0x38, 0x00, 0x1C, 0x00, 0x00, 0x00, 0x00, 0x00, 0x1C, 0x00, 0x38, 0x00, 
    0x00, 0x00, 0x00, 0x00, 0x1E, 0x00, 0x78, 0x00, 0x00, 0x00, 0x00, 0x00, 0x0F, 0x00, 0xF0, 0x00, 
    0x00, 0x00, 0x00, 0x00, 0x07, 0xFF, 0xE0, 0x00, 0x00, 0x00, 0x00, 0x00, 0x01, 0xFF, 0x80, 0x00, 
    0x00, 0x00, 0x00, 0x00, 0x00, 0x3C, 0x00, 0x00, 0x00, 0x00, 0x00, 0x00, 0x00, 0x00, 0x00, 0x00, 
    0x00, 0x00, 0x00, 0x00, 0x00, 0x00, 0x00, 0x00, 0x00, 0x00, 0x00, 0x00, 0x00, 0x00, 0x00, 0x00, 
    0x00, 0x00, 0x00, 0x00, 0x00, 0x00, 0x00, 0x00, 0x00, 0x00, 0x00, 0x00, 0x00, 0x00, 0x00, 0x00, 
      },
  {
    0x00, 0x00, 0x00, 0x00, 0x00, 0x00, 0x00, 0x00, 0x00, 0x00, 0x00, 0x00, 0x00, 0x00, 0x00, 0x00, 
    0x00, 0x00, 0x00, 0x00, 0x00, 0x00, 0x00, 0x00, 0x00, 0x00, 0x00, 0x00, 0x00, 0x00, 0x00, 0x00, 
    0x00, 0x00, 0x00, 0x00, 0x00, 0x00, 0x00, 0x00, 0x00, 0x00, 0x00, 0x00, 0x07, 0x00, 0x00, 0x00, 
    0x00, 0x00, 0x0E, 0x00, 0x3F, 0xC0, 0x00, 0x00, 0x00, 0x1C, 0x0E, 0x00, 0x7F, 0xF0, 0x00, 0x00, 
    0x00, 0x0C, 0x0C, 0x00, 0xF0, 0x78, 0x00, 0x00, 0x00, 0x0E, 0x0C, 0x00, 0xE0, 0x38, 0x00, 0x00, 
    0x00, 0x04, 0x00, 0x01, 0xC0, 0x1C, 0x00, 0x00, 0x00, 0x00, 0x00, 0x09, 0x80, 0x1C, 0x01, 0xC0, 
    0x00, 0x00, 0x00, 0x3D, 0x80, 0x0C, 0x07, 0xE0, 0x02, 0x01, 0xF8, 0x79, 0x80, 0x0C, 0x03, 0xC0, 
    0x03, 0xC3, 0xFC, 0x21, 0x80, 0x0C, 0x00, 0x00, 0x03, 0xC7, 0x0E, 0x01, 0xC0, 0x0E, 0x00, 0x00, 
    0x00, 0x06, 0x06, 0x01, 0xC0, 0x0E, 0x00, 0x00, 0x00, 0x06, 0x06, 0x00, 0xC0, 0x06, 0x00, 0x00, 
    0x00, 0x06, 0x06, 0x00, 0xC0, 0x06, 0x03, 0x80, 0x00, 0x06, 0x06, 0x00, 0xC0, 0x06, 0x07, 0x80, 
    0x00, 0x07, 0x0E, 0x3C, 0xC0, 0x06, 0x00, 0x00, 0x00, 0x43, 0xFC, 0x3C, 0xE0, 0x07, 0x00, 0x00, 
    0x01, 0xE1, 0xF8, 0x04, 0xE0, 0x07, 0x00, 0x00, 0x03, 0xC0, 0x00, 0x00, 0x60, 0x03, 0x00, 0x00, 
    0x01, 0x00, 0x00, 0x00, 0x60, 0x03, 0x03, 0xC0, 0x00, 0x00, 0x02, 0x00, 0x60, 0xC3, 0x07, 0xE0, 
    0x00, 0x03, 0x07, 0x00, 0x60, 0xC3, 0x03, 0xC0, 0x00, 0x03, 0x03, 0x00, 0x70, 0xC3, 0x80, 0x00, 
    0x00, 0x03, 0x03, 0x80, 0x70, 0xC3, 0x80, 0x00, 0x00, 0x07, 0x01, 0x00, 0x30, 0xC1, 0x80, 0x00, 
    0x00, 0x00, 0x00, 0x00, 0x30, 0xE1, 0x80, 0x00, 0x00, 0x00, 0x00, 0x00, 0x30, 0xE1, 0x87, 0x80, 
    0x00, 0x00, 0x00, 0x00, 0x30, 0x61, 0x83, 0x80, 0x00, 0x00, 0x00, 0x00, 0x38, 0x61, 0xC0, 0x00, 
    0x00, 0x00, 0x00, 0x00, 0x38, 0x61, 0xC0, 0x00, 0x00, 0x00, 0x00, 0x00, 0x18, 0x70, 0xC0, 0x00, 
    0x00, 0x00, 0x00, 0x00, 0x18, 0x70, 0xC0, 0x00, 0x00, 0x00, 0x00, 0x00, 0x18, 0x70, 0xC3, 0xC0, 
    0x00, 0x00, 0x00, 0x00, 0x1C, 0x30, 0xE7, 0xE0, 0x00, 0x00, 0x00, 0x00, 0x1C, 0x30, 0xE1, 0xC0, 
    0x00, 0x00, 0x00, 0x00, 0x1C, 0x30, 0x70, 0x00, 0x00, 0x00, 0x00, 0x00, 0x0C, 0x38, 0x38, 0x00, 
    0x00, 0x00, 0x00, 0x00, 0x1C, 0x38, 0x1C, 0x00, 0x00, 0x00, 0x00, 0x00, 0x18, 0x18, 0x0C, 0x00, 
    0x00, 0x00, 0x00, 0x00, 0x38, 0x3E, 0x0E, 0x00, 0x00, 0x00, 0x00, 0x00, 0x30, 0x7F, 0x06, 0x00, 
    0x00, 0x00, 0x00, 0x00, 0x30, 0xE3, 0x86, 0x00, 0x00, 0x00, 0x00, 0x00, 0x30, 0xC3, 0x86, 0x00, 
    0x00, 0x00, 0x00, 0x00, 0x30, 0xE3, 0x86, 0x00, 0x00, 0x00, 0x00, 0x00, 0x30, 0xE3, 0x86, 0x00, 
    0x00, 0x00, 0x00, 0x00, 0x30, 0x7F, 0x0E, 0x00, 0x00, 0x00, 0x00, 0x00, 0x38, 0x3E, 0x0E, 0x00, 
    0x00, 0x00, 0x00, 0x00, 0x18, 0x00, 0x1C, 0x00, 0x00, 0x00, 0x00, 0x00, 0x1C, 0x00, 0x1C, 0x00, 
    0x00, 0x00, 0x00, 0x00, 0x0E, 0x00, 0x38, 0x00, 0x00, 0x00, 0x00, 0x00, 0x07, 0x80, 0xF0, 0x00, 
    0x00, 0x00, 0x00, 0x00, 0x03, 0xFF, 0xE0, 0x00, 0x00, 0x00, 0x00, 0x00, 0x00, 0xFF, 0x80, 0x00, 
    0x00, 0x00, 0x00, 0x00, 0x00, 0x1C, 0x00, 0x00, 0x00, 0x00, 0x00, 0x00, 0x00, 0x00, 0x00, 0x00, 
    0x00, 0x00, 0x00, 0x00, 0x00, 0x00, 0x00, 0x00, 0x00, 0x00, 0x00, 0x00, 0x00, 0x00, 0x00, 0x00, 
    0x00, 0x00, 0x00, 0x00, 0x00, 0x00, 0x00, 0x00, 0x00, 0x00, 0x00, 0x00, 0x00, 0x00, 0x00, 0x00, 
      },
  {
    0x00, 0x00, 0x00, 0x00, 0x00, 0x00, 0x00, 0x00, 0x00, 0x00, 0x00, 0x00, 0x00, 0x00, 0x00, 0x00, 
    0x00, 0x00, 0x00, 0x00, 0x00, 0x00, 0x00, 0x00, 0x00, 0x00, 0x00, 0x00, 0x00, 0x00, 0x00, 0x00, 
    0x00, 0x00, 0x00, 0x00, 0x00, 0x00, 0x00, 0x00, 0x00, 0x00, 0x08, 0x00, 0x06, 0x00, 0x00, 0x00, 
    0x00, 0x00, 0x1C, 0x00, 0x3F, 0xC0, 0x00, 0x00, 0x00, 0x18, 0x1C, 0x00, 0x7F, 0xE0, 0x00, 0x00, 
    0x00, 0x18, 0x18, 0x00, 0xE0, 0x70, 0x00, 0x00, 0x00, 0x1C, 0x18, 0x01, 0xC0, 0x38, 0x00, 0x00, 
    0x00, 0x0C, 0x00, 0x01, 0x80, 0x18, 0x00, 0x00, 0x00, 0x00, 0x00, 0x39, 0x80, 0x18, 0x01, 0xC0, 
    0x00, 0x00, 0x00, 0x7B, 0x80, 0x1C, 0x07, 0xE0, 0x00, 0x01, 0xF8, 0x63, 0x80, 0x1C, 0x03, 0xC0, 
    0x03, 0x03, 0xFC, 0x01, 0x80, 0x0C, 0x00, 0x00, 0x07, 0xC7, 0x0E, 0x01, 0x80, 0x0C, 0x00, 0x00, 
    0x03, 0xC6, 0x06, 0x01, 0x80, 0x0C, 0x00, 0x00, 0x00, 0x06, 0x06, 0x01, 0xC0, 0x0E, 0x00, 0x00, 
    0x00, 0x06, 0x06, 0x01, 0xC0, 0x0E, 0x03, 0x80, 0x00, 0x06, 0x06, 0x3C, 0xC0, 0x06, 0x07, 0x80, 
    0x00, 0x07, 0x0E, 0x3E, 0xC0, 0x06, 0x00, 0x00, 0x00, 0x03, 0xFC, 0x0C, 0xC0, 0x06, 0x00, 0x00, 
    0x00, 0x61, 0xF8, 0x00, 0xE0, 0x07, 0x00, 0x00, 0x01, 0xE0, 0x00, 0x00, 0xE0, 0x07, 0x00, 0x00, 
    0x01, 0xC0, 0x00, 0x00, 0x60, 0x03, 0x03, 0xC0, 0x00, 0x00, 0x03, 0x00, 0x60, 0x03, 0x07, 0xE0, 
    0x00, 0x01, 0x83, 0x80, 0x60, 0xC3, 0x03, 0xC0, 0x00, 0x01, 0x81, 0x80, 0x70, 0xC3, 0x80, 0x00, 
    0x00, 0x03, 0x81, 0x80, 0x70, 0xC3, 0x80, 0x00, 0x00, 0x03, 0x80, 0x00, 0x70, 0xC1, 0x80, 0x00, 
    0x00, 0x01, 0x00, 0x00, 0x30, 0xE1, 0x80, 0x00, 0x00, 0x00, 0x00, 0x00, 0x30, 0xE1, 0x87, 0x80, 
    0x00, 0x00, 0x00, 0x00, 0x30, 0x61, 0xC3, 0x80, 0x00, 0x00, 0x00, 0x00, 0x38, 0x61, 0xC0, 0x00, 
    0x00, 0x00, 0x00, 0x00, 0x38, 0x60, 0xC0, 0x00, 0x00, 0x00, 0x00, 0x00, 0x18, 0x70, 0xC0, 0x00, 
    0x00, 0x00, 0x00, 0x00, 0x18, 0x70, 0xC0, 0x00, 0x00, 0x00, 0x00, 0x00, 0x18, 0x30, 0xE3, 0xC0, 
    0x00, 0x00, 0x00, 0x00, 0x1C, 0x30, 0xE7, 0xE0, 0x00, 0x00, 0x00, 0x00, 0x1C, 0x30, 0xF1, 0xC0, 
    0x00, 0x00, 0x00, 0x00, 0x0C, 0x38, 0x78, 0x00, 0x00, 0x00, 0x00, 0x00, 0x0C, 0x38, 0x3C, 0x00, 
    0x00, 0x00, 0x00, 0x00, 0x1C, 0x18, 0x1C, 0x00, 0x00, 0x00, 0x00, 0x00, 0x1C, 0x1C, 0x0E, 0x00, 
    0x00, 0x00, 0x00, 0x00, 0x18, 0x3F, 0x06, 0x00, 0x00, 0x00, 0x00, 0x00, 0x38, 0x7F, 0x06, 0x00, 
    0x00, 0x00, 0x00, 0x00, 0x30, 0x63, 0x86, 0x00, 0x00, 0x00, 0x00, 0x00, 0x30, 0xE1, 0x87, 0x00, 
    0x00, 0x00, 0x00, 0x00, 0x30, 0xE1, 0x87, 0x00, 0x00, 0x00, 0x00, 0x00, 0x38, 0x73, 0x86, 0x00, 
    0x00, 0x00, 0x00, 0x00, 0x38, 0x7F, 0x06, 0x00, 0x00, 0x00, 0x00, 0x00, 0x18, 0x3E, 0x0E, 0x00, 
    0x00, 0x00, 0x00, 0x00, 0x1C, 0x00, 0x0E, 0x00, 0x00, 0x00, 0x00, 0x00, 0x0E, 0x00, 0x1C, 0x00, 
    0x00, 0x00, 0x00, 0x00, 0x0F, 0x00, 0x38, 0x00, 0x00, 0x00, 0x00, 0x00, 0x07, 0x80, 0xF0, 0x00, 
    0x00, 0x00, 0x00, 0x00, 0x03, 0xFF, 0xE0, 0x00, 0x00, 0x00, 0x00, 0x00, 0x00, 0xFF, 0xC0, 0x00, 
    0x00, 0x00, 0x00, 0x00, 0x00, 0x1C, 0x00, 0x00, 0x00, 0x00, 0x00, 0x00, 0x00, 0x00, 0x00, 0x00, 
    0x00, 0x00, 0x00, 0x00, 0x00, 0x00, 0x00, 0x00, 0x00, 0x00, 0x00, 0x00, 0x00, 0x00, 0x00, 0x00, 
    0x00, 0x00, 0x00, 0x00, 0x00, 0x00, 0x00, 0x00, 0x00, 0x00, 0x00, 0x00, 0x00, 0x00, 0x00, 0x00, 
      },
  {
    0x00, 0x00, 0x00, 0x00, 0x00, 0x00, 0x00, 0x00, 0x00, 0x00, 0x00, 0x00, 0x00, 0x00, 0x00, 0x00, 
    0x00, 0x00, 0x00, 0x00, 0x00, 0x00, 0x00, 0x00, 0x00, 0x00, 0x00, 0x00, 0x00, 0x00, 0x00, 0x00, 
    0x00, 0x00, 0x00, 0x00, 0x00, 0x00, 0x00, 0x00, 0x00, 0x00, 0x18, 0x00, 0x04, 0x00, 0x00, 0x00, 
    0x00, 0x00, 0x18, 0x00, 0x3F, 0x80, 0x00, 0x00, 0x00, 0x10, 0x18, 0x00, 0x7F, 0xE0, 0x00, 0x00, 
    0x00, 0x38, 0x38, 0x00, 0xE0, 0xF0, 0x00, 0x00, 0x00, 0x38, 0x10, 0x01, 0xC0, 0x70, 0x00, 0x00, 
    0x00, 0x1C, 0x00, 0x31, 0x80, 0x38, 0x00, 0x00, 0x00, 0x00, 0x00, 0x7B, 0x80, 0x18, 0x01, 0xC0, 
    0x00, 0x00, 0x00, 0x73, 0x80, 0x18, 0x07, 0xE0, 0x00, 0x01, 0xF8, 0x03, 0x80, 0x1C, 0x03, 0xC0, 
    0x00, 0x03, 0xFC, 0x03, 0x80, 0x1C, 0x00, 0x00, 0x07, 0x87, 0x0E, 0x03, 0x80, 0x0C, 0x00, 0x00, 
    0x07, 0xC6, 0x06, 0x01, 0x80, 0x0C, 0x00, 0x00, 0x00, 0x86, 0x06, 0x01, 0x80, 0x0C, 0x00, 0x00, 
    0x00, 0x06, 0x06, 0x11, 0xC0, 0x0E, 0x03, 0x80, 0x00, 0x06, 0x06, 0x3F, 0xC0, 0x0E, 0x07, 0x80, 
    0x00, 0x07, 0x0E, 0x1E, 0xC0, 0x06, 0x00, 0x00, 0x00, 0x03, 0xFC, 0x00, 0xC0, 0x06, 0x00, 0x00, 
    0x00, 0x01, 0xF8, 0x00, 0xC0, 0x06, 0x00, 0x00, 0x00, 0xE0, 0x00, 0x00, 0xE0, 0x07, 0x00, 0x00, 
    0x01, 0xE0, 0x00, 0x00, 0xE0, 0x07, 0x03, 0xC0, 0x00, 0xC0, 0x01, 0x80, 0x60, 0x03, 0x07, 0xE0, 
    0x00, 0x00, 0x81, 0xC0, 0x60, 0xC3, 0x03, 0xC0, 0x00, 0x01, 0xC1, 0xC0, 0x60, 0xC3, 0x80, 0x00, 
    0x00, 0x01, 0xC0, 0x80, 0x70, 0xC3, 0x80, 0x00, 0x00, 0x01, 0x80, 0x00, 0x70, 0xC1, 0x80, 0x00, 
    0x00, 0x01, 0x80, 0x00, 0x30, 0xE1, 0x80, 0x00, 0x00, 0x00, 0x00, 0x00, 0x30, 0xE1, 0x87, 0x80, 
    0x00, 0x00, 0x00, 0x00, 0x30, 0x61, 0xC3, 0x80, 0x00, 0x00, 0x00, 0x00, 0x38, 0x61, 0xC0, 0x00, 
    0x00, 0x00, 0x00, 0x00, 0x38, 0x60, 0xC0, 0x00, 0x00, 0x00, 0x00, 0x00, 0x18, 0x70, 0xC0, 0x00, 
    0x00, 0x00, 0x00, 0x00, 0x18, 0x70, 0xC0, 0x00, 0x00, 0x00, 0x00, 0x00, 0x1C, 0x30, 0xE3, 0xC0, 
    0x00, 0x00, 0x00, 0x00, 0x1C, 0x30, 0xE7, 0xE0, 0x00, 0x00, 0x00, 0x00, 0x0C, 0x38, 0x71, 0xC0, 
    0x00, 0x00, 0x00, 0x00, 0x0C, 0x38, 0x78, 0x00, 0x00, 0x00, 0x00, 0x00, 0x0C, 0x18, 0x1C, 0x00, 
    0x00, 0x00, 0x00, 0x00, 0x0C, 0x18, 0x0C, 0x00, 0x00, 0x00, 0x00, 0x00, 0x1C, 0x1C, 0x0E, 0x00, 
    0x00, 0x00, 0x00, 0x00, 0x18, 0x3F, 0x06, 0x00, 0x00, 0x00, 0x00, 0x00, 0x18, 0x7F, 0x87, 0x00, 
    0x00, 0x00, 0x00, 0x00, 0x38, 0x71, 0x87, 0x00, 0x00, 0x00, 0x00, 0x00, 0x38, 0x61, 0x87, 0x00, 
    0x00, 0x00, 0x00, 0x00, 0x38, 0x61, 0x87, 0x00, 0x00, 0x00, 0x00, 0x00, 0x38, 0x73, 0x87, 0x00, 
    0x00, 0x00, 0x00, 0x00, 0x18, 0x3F, 0x06, 0x00, 0x00, 0x00, 0x00, 0x00, 0x18, 0x1E, 0x06, 0x00, 
    0x00, 0x00, 0x00, 0x00, 0x1C, 0x00, 0x0E, 0x00, 0x00, 0x00, 0x00, 0x00, 0x0E, 0x00, 0x1C, 0x00, 
    0x00, 0x00, 0x00, 0x00, 0x07, 0x00, 0x38, 0x00, 0x00, 0x00, 0x00, 0x00, 0x03, 0xC0, 0xF8, 0x00, 
    0x00, 0x00, 0x00, 0x00, 0x01, 0xFF, 0xE0, 0x00, 0x00, 0x00, 0x00, 0x00, 0x00, 0xFF, 0xC0, 0x00, 
    0x00, 0x00, 0x00, 0x00, 0x00, 0x0C, 0x00, 0x00, 0x00, 0x00, 0x00, 0x00, 0x00, 0x00, 0x00, 0x00, 
    0x00, 0x00, 0x00, 0x00, 0x00, 0x00, 0x00, 0x00, 0x00, 0x00, 0x00, 0x00, 0x00, 0x00, 0x00, 0x00, 
    0x00, 0x00, 0x00, 0x00, 0x00, 0x00, 0x00, 0x00, 0x00, 0x00, 0x00, 0x00, 0x00, 0x00, 0x00, 0x00, 
      },
  {
    0x00, 0x00, 0x00, 0x00, 0x00, 0x00, 0x00, 0x00, 0x00, 0x00, 0x00, 0x00, 0x00, 0x00, 0x00, 0x00, 
    0x00, 0x00, 0x00, 0x00, 0x00, 0x00, 0x00, 0x00, 0x00, 0x00, 0x00, 0x00, 0x00, 0x00, 0x00, 0x00, 
    0x00, 0x00, 0x00, 0x00, 0x00, 0x00, 0x00, 0x00, 0x00, 0x00, 0x10, 0x00, 0x00, 0x00, 0x00, 0x00, 
    0x00, 0x00, 0x38, 0x00, 0x3F, 0x80, 0x00, 0x00, 0x00, 0x00, 0x30, 0x00, 0xFF, 0xE0, 0x00, 0x00, 
    0x00, 0x30, 0x30, 0x00, 0xE0, 0xF0, 0x00, 0x00, 0x00, 0x38, 0x10, 0x01, 0xC0, 0x70, 0x00, 0x00, 
    0x00, 0x18, 0x00, 0x33, 0x80, 0x38, 0x00, 0x00, 0x00, 0x08, 0x00, 0x73, 0x80, 0x38, 0x01, 0xC0, 
    0x00, 0x00, 0x00, 0x63, 0x00, 0x18, 0x07, 0xE0, 0x00, 0x01, 0xF8, 0x03, 0x00, 0x18, 0x03, 0xC0, 
    0x00, 0x03, 0xFC, 0x03, 0x00, 0x1C, 0x00, 0x00, 0x02, 0x07, 0x0E, 0x03, 0x80, 0x1C, 0x00, 0x00, 
    0x07, 0xC6, 0x06, 0x03, 0x80, 0x0C, 0x00, 0x00, 0x03, 0x86, 0x06, 0x01, 0x80, 0x0C, 0x00, 0x00, 
    0x00, 0x06, 0x06, 0x1D, 0x80, 0x0C, 0x03, 0x80, 0x00, 0x06, 0x06, 0x3F, 0xC0, 0x0E, 0x07, 0x80, 
    0x00, 0x07, 0x0E, 0x05, 0xC0, 0x06, 0x00, 0x00, 0x00, 0x03, 0xFC, 0x00, 0xC0, 0x06, 0x00, 0x00, 
    0x00, 0x01, 0xF8, 0x00, 0xC0, 0x06, 0x00, 0x00, 0x00, 0x60, 0x00, 0x00, 0xC0, 0x07, 0x00, 0x00, 
    0x00, 0xE0, 0x00, 0x00, 0xE0, 0x07, 0x03, 0xC0, 0x00, 0xC0, 0x01, 0x80, 0x60, 0x83, 0x07, 0xE0, 
    0x00, 0x00, 0x81, 0xC0, 0x61, 0xC3, 0x03, 0xC0, 0x00, 0x00, 0xC0, 0xC0, 0x61, 0xC3, 0x00, 0x00, 
    0x00, 0x00, 0xC0, 0x00, 0x70, 0xC3, 0x80, 0x00, 0x00, 0x01, 0xC0, 0x00, 0x70, 0xC1, 0x80, 0x00, 
    0x00, 0x00, 0x80, 0x00, 0x30, 0xE1, 0x80, 0x00, 0x00, 0x00, 0x00, 0x00, 0x30, 0xE1, 0x87, 0x80, 
    0x00, 0x00, 0x00, 0x00, 0x30, 0x61, 0xC3, 0x80, 0x00, 0x00, 0x00, 0x00, 0x38, 0x61, 0xC0, 0x00, 
    0x00, 0x00, 0x00, 0x00, 0x38, 0x60, 0xC0, 0x00, 0x00, 0x00, 0x00, 0x00, 0x18, 0x70, 0xC0, 0x00, 
    0x00, 0x00, 0x00, 0x00, 0x18, 0x30, 0xC0, 0x00, 0x00, 0x00, 0x00, 0x00, 0x1C, 0x30, 0xE3, 0xC0, 
    0x00, 0x00, 0x00, 0x00, 0x1C, 0x30, 0x67, 0xE0, 0x00, 0x00, 0x00, 0x00, 0x0C, 0x38, 0x71, 0xC0, 
    0x00, 0x00, 0x00, 0x00, 0x0C, 0x38, 0x78, 0x00, 0x00, 0x00, 0x00, 0x00, 0x0C, 0x18, 0x1C, 0x00, 
    0x00, 0x00, 0x00, 0x00, 0x0C, 0x18, 0x0E, 0x00, 0x00, 0x00, 0x00, 0x00, 0x1C, 0x1C, 0x0E, 0x00, 
    0x00, 0x00, 0x00, 0x00, 0x18, 0x3F, 0x06, 0x00, 0x00, 0x00, 0x00, 0x00, 0x18, 0x7F, 0x87, 0x00, 
    0x00, 0x00, 0x00, 0x00, 0x18, 0x71, 0x83, 0x00, 0x00, 0x00, 0x00, 0x00, 0x38, 0x61, 0xC3, 0x00, 
    0x00, 0x00, 0x00, 0x00, 0x38, 0x61, 0xC3, 0x00, 0x00, 0x00, 0x00, 0x00, 0x18, 0x73, 0x87, 0x00, 
    0x00, 0x00, 0x00, 0x00, 0x18, 0x3F, 0x87, 0x00, 0x00, 0x00, 0x00, 0x00, 0x1C, 0x1E, 0x06, 0x00, 
    0x00, 0x00, 0x00, 0x00, 0x0C, 0x00, 0x0E, 0x00, 0x00, 0x00, 0x00, 0x00, 0x0E, 0x00, 0x1C, 0x00, 
    0x00, 0x00, 0x00, 0x00, 0x07, 0x00, 0x3C, 0x00, 0x00, 0x00, 0x00, 0x00, 0x03, 0xC0, 0xF8, 0x00, 
    0x00, 0x00, 0x00, 0x00, 0x01, 0xFF, 0xE0, 0x00, 0x00, 0x00, 0x00, 0x00, 0x00, 0x7F, 0xC0, 0x00, 
    0x00, 0x00, 0x00, 0x00, 0x00, 0x04, 0x00, 0x00, 0x00, 0x00, 0x00, 0x00, 0x00, 0x00, 0x00, 0x00, 
    0x00, 0x00, 0x00, 0x00, 0x00, 0x00, 0x00, 0x00, 0x00, 0x00, 0x00, 0x00, 0x00, 0x00, 0x00, 0x00, 
    0x00, 0x00, 0x00, 0x00, 0x00, 0x00, 0x00, 0x00, 0x00, 0x00, 0x00, 0x00, 0x00, 0x00, 0x00, 0x00, 
      },
  {
    0x00, 0x00, 0x00, 0x00, 0x00, 0x00, 0x00, 0x00, 0x00, 0x00, 0x00, 0x00, 0x00, 0x00, 0x00, 0x00, 
    0x00, 0x00, 0x00, 0x00, 0x00, 0x00, 0x00, 0x00, 0x00, 0x00, 0x00, 0x00, 0x00, 0x00, 0x00, 0x00, 
    0x00, 0x00, 0x00, 0x00, 0x00, 0x00, 0x00, 0x00, 0x00, 0x00, 0x30, 0x00, 0x00, 0x00, 0x00, 0x00, 
    0x00, 0x00, 0x30, 0x00, 0x3F, 0x80, 0x00, 0x00, 0x00, 0x00, 0x30, 0x00, 0xFF, 0xE0, 0x00, 0x00, 
    0x00, 0x30, 0x30, 0x00, 0xE0, 0xE0, 0x00, 0x00, 0x00, 0x30, 0x20, 0x11, 0xC0, 0x70, 0x00, 0x00, 
    0x00, 0x38, 0x00, 0x73, 0x80, 0x38, 0x00, 0x00, 0x00, 0x18, 0x00, 0xF3, 0x80, 0x38, 0x01, 0xC0, 
    0x00, 0x00, 0x00, 0xE3, 0x00, 0x18, 0x07, 0xE0, 0x00, 0x01, 0xF8, 0x03, 0x00, 0x18, 0x03, 0xC0, 
    0x00, 0x03, 0xFC, 0x03, 0x00, 0x1C, 0x00, 0x00, 0x00, 0x07, 0x0E, 0x03, 0x80, 0x1C, 0x00, 0x00, 
    0x07, 0x86, 0x06, 0x03, 0x80, 0x0C, 0x00, 0x00, 0x07, 0xC6, 0x06, 0x01, 0x80, 0x0C, 0x00, 0x00, 
    0x00, 0x06, 0x06, 0x1F, 0x80, 0x0C, 0x03, 0x80, 0x00, 0x06, 0x06, 0x1F, 0xC0, 0x0E, 0x07, 0x80, 
    0x00, 0x07, 0x0E, 0x01, 0xC0, 0x0E, 0x00, 0x00, 0x00, 0x03, 0xFC, 0x00, 0xC0, 0x06, 0x00, 0x00, 
    0x00, 0x01, 0xF8, 0x00, 0xC0, 0x06, 0x00, 0x00, 0x00, 0x30, 0x00, 0x00, 0xC1, 0x87, 0x00, 0x00, 
    0x00, 0xF0, 0x01, 0x80, 0xE1, 0x87, 0x03, 0xC0, 0x00, 0xE0, 0x01, 0xC0, 0xE1, 0x83, 0x07, 0xE0, 
    0x00, 0xC0, 0x40, 0xE0, 0x61, 0xC3, 0x03, 0xC0, 0x00, 0x00, 0xC0, 0xE0, 0x61, 0xC3, 0x00, 0x00, 
    0x00, 0x00, 0xC0, 0x00, 0x70, 0xC3, 0x80, 0x00, 0x00, 0x00, 0xC0, 0x00, 0x70, 0xC1, 0x80, 0x00, 
    0x00, 0x00, 0xC0, 0x00, 0x30, 0xE1, 0x80, 0x00, 0x00, 0x00, 0x00, 0x00, 0x30, 0xE1, 0x87, 0x80, 
    0x00, 0x00, 0x00, 0x00, 0x30, 0x61, 0xC3, 0x80, 0x00, 0x00, 0x00, 0x00, 0x38, 0x61, 0xC0, 0x00, 
    0x00, 0x00, 0x00, 0x00, 0x18, 0x60, 0xC0, 0x00, 0x00, 0x00, 0x00, 0x00, 0x18, 0x70, 0xC0, 0x00, 
    0x00, 0x00, 0x00, 0x00, 0x18, 0x30, 0xE0, 0x00, 0x00, 0x00, 0x00, 0x00, 0x1C, 0x30, 0xE3, 0xC0, 
    0x00, 0x00, 0x00, 0x00, 0x1C, 0x30, 0x67, 0xE0, 0x00, 0x00, 0x00, 0x00, 0x0C, 0x38, 0x71, 0xC0, 
    0x00, 0x00, 0x00, 0x00, 0x0C, 0x38, 0x38, 0x00, 0x00, 0x00, 0x00, 0x00, 0x0E, 0x18, 0x1C, 0x00, 
    0x00, 0x00, 0x00, 0x00, 0x0E, 0x18, 0x0E, 0x00, 0x00, 0x00, 0x00, 0x00, 0x1C, 0x1C, 0x06, 0x00, 
    0x00, 0x00, 0x00, 0x00, 0x18, 0x3F, 0x07, 0x00, 0x00, 0x00, 0x00, 0x00, 0x18, 0x3F, 0x87, 0x00, 
    0x00, 0x00, 0x00, 0x00, 0x18, 0x71, 0x83, 0x00, 0x00, 0x00, 0x00, 0x00, 0x38, 0x61, 0xC3, 0x00, 
    0x00, 0x00, 0x00, 0x00, 0x38, 0x61, 0xC3, 0x00, 0x00, 0x00, 0x00, 0x00, 0x18, 0x73, 0x83, 0x00, 
    0x00, 0x00, 0x00, 0x00, 0x18, 0x3F, 0x87, 0x00, 0x00, 0x00, 0x00, 0x00, 0x1C, 0x1E, 0x06, 0x00, 
    0x00, 0x00, 0x00, 0x00, 0x0C, 0x00, 0x0E, 0x00, 0x00, 0x00, 0x00, 0x00, 0x0E, 0x00, 0x1C, 0x00, 
    0x00, 0x00, 0x00, 0x00, 0x07, 0x00, 0x3C, 0x00, 0x00, 0x06, 0x04, 0x00, 0x03, 0xC0, 0xF8, 0x00, 
    0x00, 0x06, 0x0E, 0x00, 0x01, 0xFF, 0xF0, 0x00, 0x00, 0x00, 0x00, 0x00, 0x00, 0x7F, 0xC0, 0x00, 
    0x00, 0x00, 0x00, 0x00, 0x00, 0x04, 0x00, 0x00, 0x00, 0x00, 0x00, 0x00, 0x00, 0x00, 0x00, 0x00, 
    0x00, 0x00, 0x00, 0x00, 0x00, 0x00, 0x00, 0x00, 0x00, 0x00, 0x00, 0x00, 0x00, 0x00, 0x00, 0x00, 
    0x00, 0x00, 0x00, 0x00, 0x00, 0x00, 0x00, 0x00, 0x00, 0x00, 0x00, 0x00, 0x00, 0x00, 0x00, 0x00, 
      },
  {
    0x00, 0x00, 0x00, 0x00, 0x00, 0x00, 0x00, 0x00, 0x00, 0x00, 0x00, 0x00, 0x00, 0x00, 0x00, 0x00, 
    0x00, 0x00, 0x00, 0x00, 0x00, 0x00, 0x00, 0x00, 0x00, 0x00, 0x00, 0x00, 0x00, 0x00, 0x00, 0x00, 
    0x00, 0x00, 0x00, 0x00, 0x00, 0x00, 0x00, 0x00, 0x00, 0x00, 0x30, 0x00, 0x04, 0x00, 0x00, 0x00, 
    0x00, 0x00, 0x30, 0x00, 0x3F, 0x80, 0x00, 0x00, 0x00, 0x00, 0x30, 0x00, 0x7F, 0xE0, 0x00, 0x00, 
    0x00, 0x70, 0x30, 0x00, 0xE0, 0xF0, 0x00, 0x00, 0x00, 0x70, 0x20, 0x31, 0xC0, 0x70, 0x00, 0x00, 
    0x00, 0x38, 0x00, 0x71, 0x80, 0x38, 0x00, 0x00, 0x00, 0x18, 0x00, 0xF3, 0x80, 0x18, 0x01, 0xC0, 
    0x00, 0x00, 0x00, 0xC3, 0x80, 0x18, 0x07, 0xE0, 0x00, 0x01, 0xF8, 0x03, 0x80, 0x1C, 0x03, 0xC0, 
    0x00, 0x03, 0xFC, 0x03, 0x80, 0x1C, 0x00, 0x00, 0x00, 0x07, 0x0E, 0x03, 0x80, 0x0C, 0x00, 0x00, 
    0x07, 0x86, 0x06, 0x01, 0x80, 0x0C, 0x00, 0x00, 0x07, 0xC6, 0x06, 0x01, 0x80, 0x0C, 0x00, 0x00, 
    0x00, 0x06, 0x06, 0x3F, 0xC0, 0x0E, 0x03, 0x80, 0x00, 0x06, 0x06, 0x1F, 0xC3, 0x0E, 0x07, 0x80, 
    0x00, 0x07, 0x0E, 0x00, 0xC3, 0x86, 0x00, 0x00, 0x00, 0x03, 0xFC, 0x00, 0xC3, 0x86, 0x00, 0x00, 
    0x00, 0x01, 0xF8, 0x00, 0xC1, 0x86, 0x00, 0x00, 0x00, 0x30, 0x00, 0x00, 0xE1, 0x87, 0x00, 0x00, 
    0x00, 0xF0, 0x01, 0x80, 0xE1, 0x87, 0x03, 0xC0, 0x00, 0xE0, 0x01, 0xC0, 0x61, 0xC3, 0x07, 0xE0, 
    0x00, 0xC0, 0x40, 0xE0, 0x61, 0xC3, 0x03, 0xC0, 0x00, 0x00, 0xC0, 0xE0, 0x60, 0xC3, 0x80, 0x00, 
    0x00, 0x00, 0xC0, 0x00, 0x70, 0xC3, 0x80, 0x00, 0x00, 0x00, 0xC0, 0x00, 0x70, 0xC1, 0x80, 0x00, 
    0x00, 0x00, 0xC0, 0x00, 0x30, 0xE1, 0x80, 0x00, 0x00, 0x00, 0x00, 0x00, 0x30, 0xE1, 0x87, 0x80, 
    0x00, 0x00, 0x00, 0x00, 0x30, 0x61, 0xC3, 0x80, 0x00, 0x00, 0x00, 0x00, 0x38, 0x61, 0xC0, 0x00, 
    0x00, 0x00, 0x00, 0x00, 0x38, 0x60, 0xC0, 0x00, 0x00, 0x00, 0x00, 0x00, 0x18, 0x70, 0xC0, 0x00, 
    0x00, 0x00, 0x00, 0x00, 0x18, 0x70, 0xC0, 0x00, 0x00, 0x00, 0x00, 0x00, 0x1C, 0x30, 0xE3, 0xC0, 
    0x00, 0x00, 0x00, 0x00, 0x1C, 0x30, 0xE7, 0xE0, 0x00, 0x00, 0x00, 0x00, 0x0C, 0x38, 0x71, 0xC0, 
    0x00, 0x00, 0x00, 0x00, 0x0C, 0x38, 0x78, 0x00, 0x00, 0x00, 0x00, 0x00, 0x0C, 0x18, 0x1C, 0x00, 
    0x00, 0x00, 0x00, 0x00, 0x0C, 0x18, 0x0C, 0x00, 0x00, 0x00, 0x00, 0x00, 0x1C, 0x1C, 0x0E, 0x00, 
    0x00, 0x00, 0x00, 0x00, 0x18, 0x3F, 0x06, 0x00, 0x00, 0x00, 0x00, 0x00, 0x18, 0x7F, 0x87, 0x00, 
    0x00, 0x00, 0x00, 0x00, 0x38, 0x71, 0x87, 0x00, 0x00, 0x00, 0x00, 0x00, 0x38, 0x61, 0x87, 0x00, 
    0x00, 0x00, 0x00, 0x00, 0x38, 0x61, 0x87, 0x00, 0x00, 0x00, 0x00, 0x00, 0x38, 0x73, 0x87, 0x00, 
    0x00, 0x00, 0x00, 0x00, 0x18, 0x3F, 0x06, 0x00, 0x00, 0x00, 0x00, 0x00, 0x18, 0x1E, 0x06, 0x00, 
    0x00, 0x00, 0x00, 0x00, 0x1C, 0x00, 0x0E, 0x00, 0x00, 0x00, 0x00, 0x00, 0x0E, 0x00, 0x1C, 0x00, 
    0x00, 0x06, 0x04, 0x00, 0x07, 0x00, 0x38, 0x00, 0x00, 0x06, 0x0E, 0x00, 0x03, 0xC0, 0xF8, 0x00, 
    0x00, 0x06, 0x0E, 0x00, 0x01, 0xFF, 0xE0, 0x00, 0x00, 0x00, 0x04, 0x00, 0x00, 0xFF, 0xC0, 0x00, 
    0x00, 0x00, 0x00, 0x00, 0x00, 0x0C, 0x00, 0x00, 0x00, 0x00, 0x00, 0x00, 0x00, 0x00, 0x00, 0x00, 
    0x00, 0x00, 0x00, 0x00, 0x00, 0x00, 0x00, 0x00, 0x00, 0x00, 0x00, 0x00, 0x00, 0x00, 0x00, 0x00, 
    0x00, 0x00, 0x00, 0x00, 0x00, 0x00, 0x00, 0x00, 0x00, 0x00, 0x00, 0x00, 0x00, 0x00, 0x00, 0x00, 
      },
  {
    0x00, 0x00, 0x00, 0x00, 0x00, 0x00, 0x00, 0x00, 0x00, 0x00, 0x00, 0x00, 0x00, 0x00, 0x00, 0x00, 
    0x00, 0x00, 0x00, 0x00, 0x00, 0x00, 0x00, 0x00, 0x00, 0x00, 0x00, 0x00, 0x00, 0x00, 0x00, 0x00, 
    0x00, 0x00, 0x00, 0x00, 0x00, 0x00, 0x00, 0x00, 0x00, 0x00, 0x30, 0x00, 0x07, 0x00, 0x00, 0x00, 
    0x00, 0x00, 0x30, 0x00, 0x1F, 0xE0, 0x00, 0x00, 0x00, 0x00, 0x30, 0x00, 0x7F, 0xF0, 0x00, 0x00, 
    0x00, 0x30, 0x30, 0x00, 0xF0, 0x78, 0x00, 0x00, 0x00, 0x38, 0x20, 0x00, 0xE0, 0x38, 0x00, 0x00, 
    0x00, 0x38, 0x00, 0x71, 0xC0, 0x1C, 0x00, 0x00, 0x00, 0x18, 0x00, 0xF1, 0xC0, 0x0C, 0x01, 0xC0, 
    0x00, 0x00, 0x00, 0xE1, 0x80, 0x0C, 0x07, 0xE0, 0x00, 0x01, 0xF8, 0x01, 0x80, 0x0C, 0x03, 0xC0, 
    0x00, 0x03, 0xFC, 0x01, 0x80, 0x0C, 0x00, 0x00, 0x00, 0x07, 0x0E, 0x01, 0xC3, 0x0E, 0x00, 0x00, 
    0x07, 0x86, 0x06, 0x01, 0xC3, 0x0E, 0x00, 0x00, 0x07, 0xC6, 0x06, 0x00, 0xC3, 0x06, 0x00, 0x00, 
    0x00, 0x06, 0x06, 0x1E, 0xC3, 0x86, 0x03, 0x80, 0x00, 0x06, 0x06, 0x1E, 0xC3, 0x86, 0x07, 0x80, 
    0x00, 0x07, 0x0E, 0x00, 0xC1, 0x86, 0x00, 0x00, 0x00, 0x03, 0xFC, 0x00, 0xE1, 0x87, 0x00, 0x00, 
    0x00, 0x01, 0xF8, 0x00, 0xE1, 0x87, 0x00, 0x00, 0x00, 0x30, 0x00, 0x00, 0x61, 0x83, 0x00, 0x00, 
    0x00, 0xF0, 0x01, 0x80, 0x61, 0xC3, 0x03, 0xC0, 0x00, 0xE0, 0x01, 0xC0, 0x61, 0xC3, 0x07, 0xE0, 
    0x00, 0x80, 0x01, 0xC0, 0x60, 0xC3, 0x03, 0xC0, 0x00, 0x00, 0xC0, 0xE0, 0x70, 0xC3, 0x80, 0x00, 
    0x00, 0x00, 0xC0, 0x00, 0x70, 0xC3, 0x80, 0x00, 0x00, 0x00, 0xC0, 0x00, 0x30, 0xC1, 0x80, 0x00, 
    0x00, 0x00, 0xC0, 0x00, 0x30, 0xE1, 0x80, 0x00, 0x00, 0x00, 0x00, 0x00, 0x30, 0xE1, 0x87, 0x80, 
    0x00, 0x00, 0x00, 0x00, 0x30, 0x61, 0x83, 0x80, 0x00, 0x00, 0x00, 0x00, 0x38, 0x61, 0xC0, 0x00, 
    0x00, 0x00, 0x00, 0x00, 0x38, 0x61, 0xC0, 0x00, 0x00, 0x00, 0x00, 0x00, 0x18, 0x60, 0xC0, 0x00, 
    0x00, 0x00, 0x00, 0x00, 0x18, 0x70, 0xC0, 0x00, 0x00, 0x00, 0x00, 0x00, 0x18, 0x70, 0xC3, 0xC0, 
    0x00, 0x00, 0x00, 0x00, 0x18, 0x30, 0xC7, 0xE0, 0x00, 0x00, 0x00, 0x00, 0x1C, 0x30, 0xE1, 0xC0, 
    0x00, 0x00, 0x00, 0x00, 0x1C, 0x30, 0x70, 0x00, 0x00, 0x00, 0x00, 0x00, 0x0C, 0x38, 0x38, 0x00, 
    0x00, 0x00, 0x00, 0x00, 0x1C, 0x38, 0x1C, 0x00, 0x00, 0x00, 0x00, 0x00, 0x18, 0x38, 0x0C, 0x00, 
    0x00, 0x00, 0x00, 0x00, 0x38, 0x3E, 0x0E, 0x00, 0x00, 0x00, 0x00, 0x00, 0x30, 0x7F, 0x0E, 0x00, 
    0x00, 0x00, 0x00, 0x00, 0x30, 0xE3, 0x06, 0x00, 0x00, 0x00, 0x00, 0x00, 0x30, 0xC3, 0x86, 0x00, 
    0x00, 0x00, 0x00, 0x00, 0x30, 0xC3, 0x86, 0x00, 0x00, 0x00, 0x00, 0x00, 0x30, 0xE3, 0x06, 0x00, 
    0x00, 0x00, 0x00, 0x00, 0x30, 0x7F, 0x0E, 0x00, 0x00, 0x00, 0x00, 0x00, 0x38, 0x3E, 0x0E, 0x00, 
    0x00, 0x02, 0x00, 0x00, 0x18, 0x00, 0x1C, 0x00, 0x00, 0x03, 0x06, 0x00, 0x1C, 0x00, 0x1C, 0x00, 
    0x00, 0x07, 0x06, 0x00, 0x0E, 0x00, 0x38, 0x00, 0x00, 0x06, 0x0E, 0x00, 0x07, 0x80, 0xF0, 0x00, 
    0x00, 0x06, 0x0E, 0x00, 0x03, 0xFF, 0xE0, 0x00, 0x00, 0x00, 0x04, 0x00, 0x01, 0xFF, 0x80, 0x00, 
    0x00, 0x00, 0x00, 0x00, 0x00, 0x3C, 0x00, 0x00, 0x00, 0x00, 0x00, 0x00, 0x00, 0x00, 0x00, 0x00, 
    0x00, 0x00, 0x00, 0x00, 0x00, 0x00, 0x00, 0x00, 0x00, 0x00, 0x00, 0x00, 0x00, 0x00, 0x00, 0x00, 
    0x00, 0x00, 0x00, 0x00, 0x00, 0x00, 0x00, 0x00, 0x00, 0x00, 0x00, 0x00, 0x00, 0x00, 0x00, 0x00, 
      },
  {
    0x00, 0x00, 0x00, 0x00, 0x00, 0x00, 0x00, 0x00, 0x00, 0x00, 0x00, 0x00, 0x00, 0x00, 0x00, 0x00, 
    0x00, 0x00, 0x00, 0x00, 0x00, 0x00, 0x00, 0x00, 0x00, 0x00, 0x00, 0x00, 0x00, 0x00, 0x00, 0x00, 
    0x00, 0x00, 0x00, 0x00, 0x00, 0x00, 0x00, 0x00, 0x00, 0x00, 0x10, 0x00, 0x03, 0xC0, 0x00, 0x00, 
    0x00, 0x00, 0x38, 0x00, 0x0F, 0xF0, 0x00, 0x00, 0x00, 0x00, 0x38, 0x00, 0x3F, 0xF8, 0x00, 0x00, 
    0x00, 0x30, 0x30, 0x00, 0x38, 0x1C, 0x00, 0x00, 0x00, 0x38, 0x10, 0x00, 0x70, 0x0E, 0x00, 0x00, 
    0x00, 0x18, 0x00, 0x30, 0x60, 0x06, 0x00, 0x00, 0x00, 0x00, 0x00, 0x70, 0xE0, 0x06, 0x01, 0xC0, 
    0x00, 0x00, 0x00, 0x60, 0xE0, 0x06, 0x07, 0xE0, 0x00, 0x01, 0xF8, 0x00, 0xE1, 0x87, 0x03, 0xC0, 
    0x00, 0x03, 0xFC, 0x00, 0xE1, 0x87, 0x00, 0x00, 0x03, 0x07, 0x0E, 0x00, 0x61, 0x87, 0x00, 0x00, 
    0x07, 0xC6, 0x06, 0x00, 0x61, 0x87, 0x00, 0x00, 0x03, 0x86, 0x06, 0x00, 0x61, 0xC3, 0x00, 0x00, 
    0x00, 0x06, 0x06, 0x1C, 0x61, 0xC3, 0x03, 0x80, 0x00, 0x06, 0x06, 0x3E, 0x61, 0xC3, 0x07, 0x80, 
    0x00, 0x07, 0x0E, 0x0C, 0x61, 0xC3, 0x00, 0x00, 0x00, 0x03, 0xFC, 0x00, 0x60, 0xC3, 0x00, 0x00, 
    0x00, 0x01, 0xF8, 0x00, 0x70, 0xC3, 0x00, 0x00, 0x00, 0x60, 0x00, 0x00, 0x70, 0xC3, 0x80, 0x00, 
    0x00, 0xE0, 0x00, 0x00, 0x70, 0xC3, 0x83, 0xC0, 0x00, 0xC0, 0x01, 0x80, 0x70, 0xC3, 0x87, 0xE0, 
    0x00, 0x00, 0x81, 0xC0, 0x30, 0xC3, 0x83, 0xC0, 0x00, 0x00, 0xC0, 0xC0, 0x30, 0xC1, 0x80, 0x00, 
    0x00, 0x01, 0xC0, 0x00, 0x30, 0xE1, 0x80, 0x00, 0x00, 0x01, 0xC0, 0x00, 0x30, 0xE1, 0x80, 0x00, 
    0x00, 0x00, 0x80, 0x00, 0x30, 0xE1, 0x80, 0x00, 0x00, 0x00, 0x00, 0x00, 0x30, 0xE1, 0x87, 0x80, 
    0x00, 0x00, 0x00, 0x00, 0x38, 0x61, 0x83, 0x80, 0x00, 0x00, 0x00, 0x00, 0x38, 0x61, 0x80, 0x00, 
    0x00, 0x00, 0x00, 0x00, 0x38, 0x61, 0xC0, 0x00, 0x00, 0x00, 0x00, 0x00, 0x38, 0x61, 0xC0, 0x00, 
    0x00, 0x00, 0x00, 0x00, 0x18, 0x61, 0xC0, 0x00, 0x00, 0x00, 0x00, 0x00, 0x18, 0x61, 0xC3, 0xC0, 
    0x00, 0x00, 0x00, 0x00, 0x18, 0x70, 0xC7, 0xE0, 0x00, 0x00, 0x00, 0x00, 0x18, 0x70, 0xC1, 0xC0, 
    0x00, 0x00, 0x00, 0x00, 0x18, 0x70, 0xE0, 0x00, 0x00, 0x00, 0x00, 0x00, 0x18, 0x70, 0x70, 0x00, 
    0x00, 0x00, 0x00, 0x00, 0x38, 0x30, 0x30, 0x00, 0x00, 0x00, 0x00, 0x00, 0x70, 0x30, 0x38, 0x00, 
    0x00, 0x00, 0x00, 0x00, 0x70, 0x7C, 0x18, 0x00, 0x00, 0x00, 0x00, 0x00, 0x60, 0xFE, 0x1C, 0x00, 
    0x00, 0x00, 0x00, 0x00, 0x61, 0xCE, 0x0C, 0x00, 0x00, 0x00, 0x00, 0x00, 0xE1, 0x87, 0x0C, 0x00, 
    0x00, 0x00, 0x00, 0x00, 0xE1, 0x87, 0x0C, 0x00, 0x00, 0x00, 0x00, 0x00, 0x61, 0xC6, 0x0C, 0x00, 
    0x00, 0x00, 0x80, 0x00, 0x60, 0xFE, 0x1C, 0x00, 0x00, 0x01, 0x80, 0x00, 0x70, 0x7C, 0x18, 0x00, 
    0x00, 0x03, 0x83, 0x00, 0x70, 0x00, 0x38, 0x00, 0x00, 0x03, 0x07, 0x00, 0x38, 0x00, 0x38, 0x00, 
    0x00, 0x07, 0x06, 0x00, 0x1C, 0x00, 0x70, 0x00, 0x00, 0x06, 0x0E, 0x00, 0x1E, 0x01, 0xE0, 0x00, 
    0x00, 0x06, 0x0E, 0x00, 0x07, 0xFF, 0xC0, 0x00, 0x00, 0x00, 0x04, 0x00, 0x03, 0xFF, 0x00, 0x00, 
    0x00, 0x00, 0x00, 0x00, 0x00, 0x7C, 0x00, 0x00, 0x00, 0x00, 0x00, 0x00, 0x00, 0x00, 0x00, 0x00, 
    0x00, 0x00, 0x00, 0x00, 0x00, 0x00, 0x00, 0x00, 0x00, 0x00, 0x00, 0x00, 0x00, 0x00, 0x00, 0x00, 
    0x00, 0x00, 0x00, 0x00, 0x00, 0x00, 0x00, 0x00, 0x00, 0x00, 0x00, 0x00, 0x00, 0x00, 0x00, 0x00, 
      },
  {
    0x00, 0x00, 0x00, 0x00, 0x00, 0x00, 0x00, 0x00, 0x00, 0x00, 0x00, 0x00, 0x00, 0x00, 0x00, 0x00, 
    0x00, 0x00, 0x00, 0x00, 0x00, 0x00, 0x00, 0x00, 0x00, 0x00, 0x00, 0x00, 0x00, 0x00, 0x00, 0x00, 
    0x00, 0x00, 0x00, 0x00, 0x00, 0x00, 0x00, 0x00, 0x00, 0x00, 0x18, 0x00, 0x01, 0xF0, 0x00, 0x00, 
    0x00, 0x00, 0x18, 0x00, 0x07, 0xFC, 0x00, 0x00, 0x00, 0x10, 0x18, 0x00, 0x0F, 0xBE, 0x00, 0x00, 
    0x00, 0x38, 0x18, 0x00, 0x1C, 0x07, 0x00, 0x00, 0x00, 0x1C, 0x10, 0x00, 0x18, 0x03, 0x00, 0x00, 
    0x00, 0x1C, 0x00, 0x10, 0x38, 0x03, 0x80, 0x00, 0x00, 0x00, 0x00, 0x78, 0x30, 0x01, 0x81, 0xC0, 
    0x00, 0x00, 0x00, 0x70, 0x30, 0xE1, 0x87, 0xE0, 0x00, 0x01, 0xF8, 0x60, 0x30, 0xE1, 0x83, 0xC0, 
    0x00, 0x03, 0xFC, 0x00, 0x30, 0xE1, 0x80, 0x00, 0x07, 0x87, 0x0E, 0x00, 0x30, 0xE1, 0x80, 0x00, 
    0x07, 0xC6, 0x06, 0x00, 0x30, 0xE1, 0x80, 0x00, 0x00, 0x06, 0x06, 0x00, 0x30, 0xE1, 0x80, 0x00, 
    0x00, 0x06, 0x06, 0x00, 0x30, 0xE1, 0x83, 0x80, 0x00, 0x06, 0x06, 0x3E, 0x30, 0xE1, 0x87, 0x80, 
    0x00, 0x07, 0x0E, 0x1E, 0x30, 0xE1, 0x80, 0x00, 0x00, 0x03, 0xFC, 0x00, 0x30, 0xE1, 0x80, 0x00, 
    0x00, 0x21, 0xF8, 0x00, 0x30, 0xE1, 0x80, 0x00, 0x00, 0xE0, 0x00, 0x00, 0x30, 0xE1, 0x80, 0x00, 
    0x01, 0xE0, 0x00, 0x00, 0x30, 0xE1, 0x83, 0xC0, 0x00, 0x80, 0x03, 0x80, 0x30, 0xE1, 0x87, 0xE0, 
    0x00, 0x00, 0x81, 0x80, 0x30, 0xE1, 0x83, 0xC0, 0x00, 0x01, 0x81, 0xC0, 0x30, 0xE1, 0x80, 0x00, 
    0x00, 0x01, 0x80, 0x80, 0x30, 0xE1, 0x80, 0x00, 0x00, 0x01, 0x80, 0x00, 0x30, 0xE1, 0x80, 0x00, 
    0x00, 0x01, 0x80, 0x00, 0x38, 0xE1, 0x80, 0x00, 0x00, 0x00, 0x00, 0x00, 0x38, 0xE1, 0x87, 0x80, 
    0x00, 0x00, 0x00, 0x00, 0x38, 0x61, 0x83, 0x80, 0x00, 0x00, 0x00, 0x00, 0x38, 0x61, 0x80, 0x00, 
    0x00, 0x00, 0x00, 0x00, 0x38, 0x61, 0x80, 0x00, 0x00, 0x00, 0x00, 0x00, 0x38, 0x61, 0x80, 0x00, 
    0x00, 0x00, 0x00, 0x00, 0x38, 0x61, 0x80, 0x00, 0x00, 0x00, 0x00, 0x00, 0x38, 0x61, 0x83, 0xC0, 
    0x00, 0x00, 0x00, 0x00, 0x38, 0x61, 0x87, 0xE0, 0x00, 0x00, 0x00, 0x00, 0x38, 0x61, 0x81, 0xC0, 
    0x00, 0x00, 0x00, 0x00, 0x38, 0x61, 0xC0, 0x00, 0x00, 0x00, 0x00, 0x00, 0x70, 0x61, 0xC0, 0x00, 
    0x00, 0x00, 0x00, 0x00, 0x70, 0x60, 0xE0, 0x00, 0x00, 0x00, 0x00, 0x00, 0xE0, 0x60, 0x70, 0x00, 
    0x00, 0x00, 0x00, 0x00, 0xC1, 0xF0, 0x30, 0x00, 0x00, 0x00, 0x00, 0x01, 0xC3, 0xF8, 0x30, 0x00, 
    0x00, 0x00, 0x00, 0x01, 0xC3, 0x9C, 0x38, 0x00, 0x00, 0x00, 0x00, 0x01, 0xC3, 0x0C, 0x38, 0x00, 
    0x00, 0x01, 0xC0, 0x01, 0xC3, 0x0C, 0x38, 0x00, 0x00, 0x01, 0xC0, 0x01, 0xC3, 0x9C, 0x38, 0x00, 
    0x00, 0x01, 0xC1, 0x81, 0xC3, 0xFC, 0x30, 0x00, 0x00, 0x01, 0x83, 0x80, 0xC1, 0xF8, 0x30, 0x00, 
    0x00, 0x03, 0x83, 0x00, 0xE0, 0x00, 0x70, 0x00, 0x00, 0x03, 0x07, 0x00, 0x60, 0x00, 0xE0, 0x00, 
    0x00, 0x07, 0x06, 0x00, 0x70, 0x01, 0xE0, 0x00, 0x00, 0x06, 0x0E, 0x00, 0x3C, 0x03, 0xC0, 0x00, 
    0x00, 0x06, 0x0E, 0x00, 0x1F, 0x9F, 0x80, 0x00, 0x00, 0x00, 0x00, 0x00, 0x07, 0xFE, 0x00, 0x00, 
    0x00, 0x00, 0x00, 0x00, 0x01, 0xF8, 0x00, 0x00, 0x00, 0x00, 0x00, 0x00, 0x00, 0x00, 0x00, 0x00, 
    0x00, 0x00, 0x00, 0x00, 0x00, 0x00, 0x00, 0x00, 0x00, 0x00, 0x00, 0x00, 0x00, 0x00, 0x00, 0x00, 
    0x00, 0x00, 0x00, 0x00, 0x00, 0x00, 0x00, 0x00, 0x00, 0x00, 0x00, 0x00, 0x00, 0x00, 0x00, 0x00, 
      },
  {
    0x00, 0x00, 0x00, 0x00, 0x00, 0x00, 0x00, 0x00, 0x00, 0x00, 0x00, 0x00, 0x00, 0x00, 0x00, 0x00, 
    0x00, 0x00, 0x00, 0x00, 0x00, 0x00, 0x00, 0x00, 0x00, 0x00, 0x00, 0x00, 0x00, 0x00, 0x00, 0x00, 
    0x00, 0x00, 0x00, 0x00, 0x00, 0x00, 0x00, 0x00, 0x00, 0x00, 0x00, 0x00, 0x00, 0xF8, 0x00, 0x00, 
    0x00, 0x00, 0x0C, 0x00, 0x03, 0xFE, 0x00, 0x00, 0x00, 0x18, 0x1C, 0x00, 0x07, 0xFF, 0x00, 0x00, 
    0x00, 0x1C, 0x1C, 0x00, 0x0F, 0x03, 0x80, 0x00, 0x00, 0x0C, 0x08, 0x00, 0x0E, 0x01, 0xC0, 0x00, 
    0x00, 0x0C, 0x00, 0x00, 0x0C, 0x00, 0xC0, 0x00, 0x00, 0x00, 0x00, 0x18, 0x1C, 0x00, 0xC1, 0xC0, 
    0x00, 0x00, 0x00, 0x78, 0x1C, 0x30, 0xC7, 0xE0, 0x00, 0x01, 0xF8, 0x70, 0x1C, 0x30, 0xC3, 0xC0, 
    0x03, 0x83, 0xFC, 0x00, 0x18, 0x70, 0xC0, 0x00, 0x03, 0xC7, 0x0E, 0x00, 0x18, 0x70, 0xC0, 0x00, 
    0x01, 0x86, 0x06, 0x00, 0x18, 0x70, 0xC0, 0x00, 0x00, 0x06, 0x06, 0x00, 0x18, 0x70, 0xC0, 0x00, 
    0x00, 0x06, 0x06, 0x00, 0x18, 0x70, 0xC3, 0x80, 0x00, 0x06, 0x06, 0x18, 0x18, 0x70, 0xC7, 0x80, 
    0x00, 0x07, 0x0E, 0x3C, 0x18, 0x70, 0xC0, 0x00, 0x00, 0x03, 0xFC, 0x1C, 0x18, 0x60, 0xC0, 0x00, 
    0x00, 0xE1, 0xF8, 0x00, 0x18, 0x61, 0xC0, 0x00, 0x01, 0xE0, 0x00, 0x00, 0x18, 0x61, 0xC0, 0x00, 
    0x01, 0x80, 0x00, 0x00, 0x18, 0x61, 0xC3, 0xC0, 0x00, 0x00, 0x03, 0x00, 0x38, 0x61, 0xC7, 0xE0, 
    0x00, 0x01, 0x03, 0x00, 0x38, 0x61, 0xC3, 0xC0, 0x00, 0x03, 0x83, 0x80, 0x38, 0x61, 0xC0, 0x00, 
    0x00, 0x03, 0x81, 0x80, 0x38, 0x61, 0xC0, 0x00, 0x00, 0x03, 0x00, 0x00, 0x38, 0x61, 0x80, 0x00, 
    0x00, 0x00, 0x00, 0x00, 0x38, 0x61, 0x80, 0x00, 0x00, 0x00, 0x00, 0x00, 0x38, 0x61, 0x87, 0x80, 
    0x00, 0x00, 0x00, 0x00, 0x30, 0xE1, 0x83, 0x80, 0x00, 0x00, 0x00, 0x00, 0x30, 0xE1, 0x80, 0x00, 
    0x00, 0x00, 0x00, 0x00, 0x30, 0xE1, 0x80, 0x00, 0x00, 0x00, 0x00, 0x00, 0x30, 0xE1, 0x80, 0x00, 
    0x00, 0x00, 0x00, 0x00, 0x30, 0xE1, 0x80, 0x00, 0x00, 0x00, 0x00, 0x00, 0x30, 0xE1, 0x83, 0xC0, 
    0x00, 0x00, 0x00, 0x00, 0x30, 0xE1, 0x87, 0xE0, 0x00, 0x00, 0x00, 0x00, 0x30, 0xC1, 0x81, 0xC0, 
    0x00, 0x00, 0x00, 0x00, 0x70, 0xC3, 0x80, 0x00, 0x00, 0x00, 0x00, 0x00, 0xF0, 0xC1, 0x80, 0x00, 
    0x00, 0x00, 0x00, 0x00, 0xE0, 0xC1, 0xC0, 0x00, 0x00, 0x00, 0x00, 0x01, 0xC0, 0xC0, 0xE0, 0x00, 
    0x00, 0x00, 0x00, 0x01, 0x83, 0xE0, 0xE0, 0x00, 0x00, 0x03, 0x00, 0x03, 0x87, 0xF0, 0x60, 0x00, 
    0x00, 0x03, 0x80, 0x03, 0x87, 0x38, 0x60, 0x00, 0x00, 0x01, 0x81, 0x83, 0x0E, 0x18, 0x70, 0x00, 
    0x00, 0x01, 0xC1, 0x83, 0x0E, 0x18, 0x70, 0x00, 0x00, 0x01, 0xC1, 0x83, 0x86, 0x38, 0x70, 0x00, 
    0x00, 0x01, 0xC1, 0x83, 0x87, 0xF0, 0x60, 0x00, 0x00, 0x01, 0x83, 0x81, 0x83, 0xF0, 0x60, 0x00, 
    0x00, 0x03, 0x83, 0x01, 0xC0, 0x00, 0xE0, 0x00, 0x00, 0x03, 0x07, 0x00, 0xC0, 0x01, 0xC0, 0x00, 
    0x00, 0x07, 0x06, 0x00, 0xE0, 0x03, 0x80, 0x00, 0x00, 0x06, 0x0E, 0x00, 0x78, 0x07, 0x80, 0x00, 
    0x00, 0x06, 0x0E, 0x00, 0x3F, 0xFF, 0x00, 0x00, 0x00, 0x00, 0x00, 0x00, 0x0F, 0xFC, 0x00, 0x00, 
    0x00, 0x00, 0x00, 0x00, 0x03, 0xF0, 0x00, 0x00, 0x00, 0x00, 0x00, 0x00, 0x00, 0x00, 0x00, 0x00, 
    0x00, 0x00, 0x00, 0x00, 0x00, 0x00, 0x00, 0x00, 0x00, 0x00, 0x00, 0x00, 0x00, 0x00, 0x00, 0x00, 
    0x00, 0x00, 0x00, 0x00, 0x00, 0x00, 0x00, 0x00, 0x00, 0x00, 0x00, 0x00, 0x00, 0x00, 0x00, 0x00, 
      },
  {
    0x00, 0x00, 0x00, 0x00, 0x00, 0x00, 0x00, 0x00, 0x00, 0x00, 0x00, 0x00, 0x00, 0x00, 0x00, 0x00, 
    0x00, 0x00, 0x00, 0x00, 0x00, 0x00, 0x00, 0x00, 0x00, 0x00, 0x00, 0x00, 0x00, 0x00, 0x00, 0x00, 
    0x00, 0x00, 0x00, 0x00, 0x00, 0x00, 0x00, 0x00, 0x00, 0x00, 0x00, 0x00, 0x00, 0x7C, 0x00, 0x00, 
    0x00, 0x0C, 0x06, 0x00, 0x01, 0xFF, 0x00, 0x00, 0x00, 0x0C, 0x0E, 0x00, 0x03, 0xFF, 0x80, 0x00, 
    0x00, 0x0E, 0x0E, 0x00, 0x07, 0x81, 0xC0, 0x00, 0x00, 0x06, 0x0C, 0x00, 0x07, 0x00, 0xC0, 0x00, 
    0x00, 0x00, 0x00, 0x00, 0x0E, 0x00, 0xE0, 0x00, 0x00, 0x00, 0x00, 0x00, 0x0E, 0x00, 0x61, 0xC0, 
    0x00, 0x00, 0x00, 0x1C, 0x0C, 0x00, 0x67, 0xE0, 0x03, 0x81, 0xF8, 0x3C, 0x0C, 0x00, 0x63, 0xC0, 
    0x03, 0xC3, 0xFC, 0x30, 0x0C, 0x30, 0x60, 0x00, 0x01, 0xC7, 0x0E, 0x00, 0x0C, 0x38, 0x60, 0x00, 
    0x00, 0x06, 0x06, 0x00, 0x0C, 0x30, 0xE0, 0x00, 0x00, 0x06, 0x06, 0x00, 0x0C, 0x30, 0xE0, 0x00, 
    0x00, 0x06, 0x06, 0x00, 0x1C, 0x30, 0xE3, 0x80, 0x00, 0x06, 0x06, 0x00, 0x1C, 0x30, 0xE7, 0x80, 
    0x00, 0x07, 0x0E, 0x38, 0x1C, 0x30, 0xC0, 0x00, 0x00, 0xC3, 0xFC, 0x3C, 0x1C, 0x30, 0xC0, 0x00, 
    0x03, 0xC1, 0xF8, 0x1C, 0x18, 0x70, 0xC0, 0x00, 0x03, 0x80, 0x00, 0x00, 0x18, 0x70, 0xC0, 0x00, 
    0x00, 0x00, 0x00, 0x00, 0x18, 0x70, 0xC3, 0xC0, 0x00, 0x00, 0x00, 0x00, 0x18, 0x70, 0xC7, 0xE0, 
    0x00, 0x03, 0x06, 0x00, 0x18, 0x60, 0xC3, 0xC0, 0x00, 0x07, 0x07, 0x00, 0x18, 0x61, 0xC0, 0x00, 
    0x00, 0x07, 0x03, 0x00, 0x38, 0x61, 0xC0, 0x00, 0x00, 0x06, 0x03, 0x00, 0x38, 0x61, 0xC0, 0x00, 
    0x00, 0x00, 0x00, 0x00, 0x38, 0x61, 0x80, 0x00, 0x00, 0x00, 0x00, 0x00, 0x38, 0x61, 0x87, 0x80, 
    0x00, 0x00, 0x00, 0x00, 0x30, 0xE1, 0x83, 0x80, 0x00, 0x00, 0x00, 0x00, 0x30, 0xE1, 0x80, 0x00, 
    0x00, 0x00, 0x00, 0x00, 0x30, 0xE1, 0x80, 0x00, 0x00, 0x00, 0x00, 0x00, 0x30, 0xE1, 0x80, 0x00, 
    0x00, 0x00, 0x00, 0x00, 0x30, 0xC1, 0x80, 0x00, 0x00, 0x00, 0x00, 0x00, 0x30, 0xC3, 0x83, 0xC0, 
    0x00, 0x00, 0x00, 0x00, 0x70, 0xC3, 0x87, 0xE0, 0x00, 0x00, 0x00, 0x00, 0x70, 0xC3, 0x81, 0xC0, 
    0x00, 0x00, 0x00, 0x00, 0xF0, 0xC3, 0x00, 0x00, 0x00, 0x00, 0x00, 0x00, 0xE0, 0xC3, 0x80, 0x00, 
    0x00, 0x06, 0x00, 0x01, 0xC0, 0xC3, 0x80, 0x00, 0x00, 0x06, 0x00, 0x03, 0x81, 0xC1, 0xC0, 0x00, 
    0x00, 0x07, 0x06, 0x03, 0x03, 0xE0, 0xC0, 0x00, 0x00, 0x03, 0x07, 0x03, 0x07, 0xF0, 0xE0, 0x00, 
    0x00, 0x03, 0x83, 0x07, 0x0E, 0x70, 0xE0, 0x00, 0x00, 0x01, 0x83, 0x87, 0x0C, 0x30, 0x60, 0x00, 
    0x00, 0x01, 0xC1, 0x87, 0x0C, 0x30, 0x60, 0x00, 0x00, 0x01, 0xC1, 0x87, 0x0E, 0x70, 0xE0, 0x00, 
    0x00, 0x01, 0xC1, 0x83, 0x07, 0xF0, 0xE0, 0x00, 0x00, 0x01, 0x83, 0x83, 0x07, 0xE0, 0xC0, 0x00, 
    0x00, 0x03, 0x83, 0x03, 0x80, 0x01, 0xC0, 0x00, 0x00, 0x03, 0x07, 0x01, 0xC0, 0x01, 0x80, 0x00, 
    0x00, 0x07, 0x06, 0x00, 0xE0, 0x03, 0x80, 0x00, 0x00, 0x06, 0x0E, 0x00, 0xF0, 0x0F, 0x00, 0x00, 
    0x00, 0x06, 0x0E, 0x00, 0x7F, 0xFE, 0x00, 0x00, 0x00, 0x00, 0x00, 0x00, 0x1F, 0xF8, 0x00, 0x00, 
    0x00, 0x00, 0x00, 0x00, 0x03, 0xE0, 0x00, 0x00, 0x00, 0x00, 0x00, 0x00, 0x00, 0x00, 0x00, 0x00, 
    0x00, 0x00, 0x00, 0x00, 0x00, 0x00, 0x00, 0x00, 0x00, 0x00, 0x00, 0x00, 0x00, 0x00, 0x00, 0x00, 
    0x00, 0x00, 0x00, 0x00, 0x00, 0x00, 0x00, 0x00, 0x00, 0x00, 0x00, 0x00, 0x00, 0x00, 0x00, 0x00, 
      },
  {
    0x00, 0x00, 0x00, 0x00, 0x00, 0x00, 0x00, 0x00, 0x00, 0x00, 0x00, 0x00, 0x00, 0x00, 0x00, 0x00, 
    0x00, 0x00, 0x00, 0x00, 0x00, 0x00, 0x00, 0x00, 0x00, 0x00, 0x00, 0x00, 0x00, 0x00, 0x00, 0x00, 
    0x00, 0x00, 0x00, 0x00, 0x00, 0x00, 0x00, 0x00, 0x00, 0x00, 0x00, 0x00, 0x00, 0x3C, 0x00, 0x00, 
    0x00, 0x06, 0x01, 0x00, 0x00, 0xFF, 0x00, 0x00, 0x00, 0x07, 0x03, 0x00, 0x03, 0xFF, 0x80, 0x00, 
    0x00, 0x03, 0x07, 0x00, 0x03, 0x81, 0xC0, 0x00, 0x00, 0x03, 0x06, 0x00, 0x07, 0x00, 0xE0, 0x00, 
    0x00, 0x00, 0x00, 0x00, 0x06, 0x00, 0x60, 0x00, 0x00, 0x00, 0x00, 0x00, 0x0E, 0x00, 0x61, 0xC0, 
    0x03, 0x80, 0x00, 0x00, 0x0E, 0x00, 0x67, 0xE0, 0x01, 0xC1, 0xF8, 0x1C, 0x0E, 0x00, 0x63, 0xC0, 
    0x00, 0xC3, 0xFC, 0x3C, 0x0C, 0x00, 0x60, 0x00, 0x00, 0x07, 0x0E, 0x38, 0x0C, 0x10, 0x60, 0x00, 
    0x00, 0x06, 0x06, 0x00, 0x0C, 0x38, 0x60, 0x00, 0x00, 0x06, 0x06, 0x00, 0x0C, 0x38, 0x60, 0x00, 
    0x00, 0x06, 0x06, 0x00, 0x0C, 0x30, 0xE3, 0x80, 0x00, 0x06, 0x06, 0x00, 0x1C, 0x30, 0xE7, 0x80, 
    0x01, 0xC7, 0x0E, 0x00, 0x1C, 0x30, 0xE0, 0x00, 0x03, 0xC3, 0xFC, 0x30, 0x1C, 0x30, 0xE0, 0x00, 
    0x03, 0x81, 0xF8, 0x38, 0x1C, 0x30, 0xC0, 0x00, 0x00, 0x00, 0x00, 0x1C, 0x18, 0x70, 0xC0, 0x00, 
    0x00, 0x00, 0x00, 0x00, 0x18, 0x70, 0xC3, 0xC0, 0x00, 0x00, 0x00, 0x00, 0x18, 0x70, 0xC7, 0xE0, 
    0x00, 0x06, 0x0C, 0x00, 0x18, 0x70, 0xC3, 0xC0, 0x00, 0x0E, 0x0E, 0x00, 0x18, 0x61, 0xC0, 0x00, 
    0x00, 0x0C, 0x0E, 0x00, 0x38, 0x61, 0xC0, 0x00, 0x00, 0x08, 0x06, 0x00, 0x38, 0x61, 0xC0, 0x00, 
    0x00, 0x00, 0x00, 0x00, 0x38, 0x61, 0xC0, 0x00, 0x00, 0x00, 0x00, 0x00, 0x38, 0x61, 0x87, 0x80, 
    0x00, 0x00, 0x00, 0x00, 0x30, 0xE1, 0x83, 0x80, 0x00, 0x00, 0x00, 0x00, 0x30, 0xE1, 0x80, 0x00, 
    0x00, 0x00, 0x00, 0x00, 0x30, 0xE1, 0x80, 0x00, 0x00, 0x00, 0x00, 0x00, 0x30, 0xE1, 0x80, 0x00, 
    0x00, 0x00, 0x00, 0x00, 0x30, 0xC3, 0x80, 0x00, 0x00, 0x00, 0x00, 0x00, 0x70, 0xC3, 0x83, 0xC0, 
    0x00, 0x00, 0x00, 0x00, 0x70, 0xC3, 0x87, 0xE0, 0x00, 0x03, 0x00, 0x00, 0x70, 0xC3, 0x81, 0xC0, 
    0x00, 0x07, 0x04, 0x00, 0xE0, 0xC3, 0x00, 0x00, 0x00, 0x06, 0x0E, 0x01, 0xE1, 0xC3, 0x00, 0x00, 
    0x00, 0x06, 0x0E, 0x01, 0xC1, 0xC3, 0x80, 0x00, 0x00, 0x06, 0x0E, 0x03, 0x81, 0xC1, 0xC0, 0x00, 
    0x00, 0x07, 0x06, 0x03, 0x07, 0xE0, 0xC0, 0x00, 0x00, 0x03, 0x07, 0x07, 0x0F, 0xE0, 0xC0, 0x00, 
    0x00, 0x03, 0x83, 0x07, 0x0E, 0x70, 0xE0, 0x00, 0x00, 0x01, 0x83, 0x87, 0x0C, 0x30, 0xE0, 0x00, 
    0x00, 0x01, 0xC1, 0x87, 0x0C, 0x30, 0xE0, 0x00, 0x00, 0x01, 0xC1, 0x87, 0x0E, 0x70, 0xE0, 0x00, 
    0x00, 0x01, 0xC1, 0x87, 0x0F, 0xF0, 0xC0, 0x00, 0x00, 0x01, 0x83, 0x83, 0x07, 0xE0, 0xC0, 0x00, 
    0x00, 0x03, 0x83, 0x03, 0x80, 0x01, 0xC0, 0x00, 0x00, 0x03, 0x07, 0x01, 0xC0, 0x03, 0x80, 0x00, 
    0x00, 0x07, 0x06, 0x01, 0xE0, 0x07, 0x80, 0x00, 0x00, 0x06, 0x0E, 0x00, 0xF0, 0x0F, 0x00, 0x00, 
    0x00, 0x06, 0x0E, 0x00, 0x7F, 0xFE, 0x00, 0x00, 0x00, 0x00, 0x00, 0x00, 0x1F, 0xF8, 0x00, 0x00, 
    0x00, 0x00, 0x00, 0x00, 0x07, 0xE0, 0x00, 0x00, 0x00, 0x00, 0x00, 0x00, 0x00, 0x00, 0x00, 0x00, 
    0x00, 0x00, 0x00, 0x00, 0x00, 0x00, 0x00, 0x00, 0x00, 0x00, 0x00, 0x00, 0x00, 0x00, 0x00, 0x00, 
    0x00, 0x00, 0x00, 0x00, 0x00, 0x00, 0x00, 0x00, 0x00, 0x00, 0x00, 0x00, 0x00, 0x00, 0x00, 0x00, 
      },
  {
    0x00, 0x00, 0x00, 0x00, 0x00, 0x00, 0x00, 0x00, 0x00, 0x00, 0x00, 0x00, 0x00, 0x00, 0x00, 0x00, 
    0x00, 0x00, 0x00, 0x00, 0x00, 0x00, 0x00, 0x00, 0x00, 0x00, 0x00, 0x00, 0x00, 0x00, 0x00, 0x00, 
    0x00, 0x00, 0x00, 0x00, 0x00, 0x00, 0x00, 0x00, 0x00, 0x01, 0x00, 0x00, 0x00, 0x3C, 0x00, 0x00, 
    0x00, 0x01, 0x80, 0x00, 0x00, 0xFF, 0x00, 0x00, 0x00, 0x01, 0x80, 0x80, 0x03, 0xFF, 0x80, 0x00, 
    0x00, 0x01, 0x81, 0xC0, 0x03, 0x81, 0xC0, 0x00, 0x00, 0x01, 0x83, 0x80, 0x07, 0x00, 0xE0, 0x00, 
    0x00, 0x80, 0x03, 0x00, 0x06, 0x00, 0xE0, 0x00, 0x01, 0xC0, 0x00, 0x00, 0x0E, 0x00, 0x61, 0xC0, 
    0x00, 0xE0, 0x00, 0x00, 0x0E, 0x00, 0x67, 0xE0, 0x00, 0x61, 0xF8, 0x00, 0x0C, 0x00, 0x63, 0xC0, 
    0x00, 0x03, 0xFC, 0x00, 0x0C, 0x00, 0x60, 0x00, 0x00, 0x07, 0x0E, 0x1E, 0x0C, 0x00, 0x60, 0x00, 
    0x00, 0x06, 0x06, 0x3C, 0x0C, 0x30, 0x60, 0x00, 0x00, 0x06, 0x06, 0x00, 0x0C, 0x30, 0x60, 0x00, 
    0x00, 0x06, 0x06, 0x00, 0x0C, 0x30, 0xE3, 0x80, 0x03, 0xC6, 0x06, 0x00, 0x1C, 0x30, 0xE7, 0x80, 
    0x07, 0xC7, 0x0E, 0x00, 0x1C, 0x30, 0xE0, 0x00, 0x00, 0x03, 0xFC, 0x00, 0x1C, 0x30, 0xC0, 0x00, 
    0x00, 0x01, 0xF8, 0x60, 0x18, 0x30, 0xC0, 0x00, 0x00, 0x00, 0x00, 0x70, 0x18, 0x70, 0xC0, 0x00, 
    0x00, 0x00, 0x00, 0x38, 0x18, 0x70, 0xC3, 0xC0, 0x00, 0x0C, 0x00, 0x10, 0x18, 0x70, 0xC7, 0xE0, 
    0x00, 0x1C, 0x18, 0x00, 0x18, 0x60, 0xC3, 0xC0, 0x00, 0x38, 0x18, 0x00, 0x18, 0x61, 0xC0, 0x00, 
    0x00, 0x10, 0x18, 0x00, 0x38, 0x61, 0xC0, 0x00, 0x00, 0x00, 0x18, 0x00, 0x38, 0x61, 0xC0, 0x00, 
    0x00, 0x00, 0x08, 0x00, 0x38, 0x61, 0xC0, 0x00, 0x00, 0x00, 0x00, 0x00, 0x38, 0x61, 0x87, 0x80, 
    0x00, 0x00, 0x00, 0x00, 0x30, 0xE1, 0x83, 0x80, 0x00, 0x00, 0x00, 0x00, 0x30, 0xE1, 0x80, 0x00, 
    0x00, 0x00, 0x00, 0x00, 0x30, 0xE1, 0x80, 0x00, 0x00, 0x00, 0x00, 0x00, 0x30, 0xE1, 0x80, 0x00, 
    0x00, 0x00, 0x00, 0x00, 0x30, 0xC3, 0x80, 0x00, 0x00, 0x01, 0x81, 0x00, 0x70, 0xC3, 0x83, 0xC0, 
    0x00, 0x03, 0x83, 0x00, 0x70, 0xC3, 0x87, 0xE0, 0x00, 0x03, 0x87, 0x00, 0x70, 0xC3, 0x81, 0xC0, 
    0x00, 0x07, 0x06, 0x00, 0xF0, 0xC3, 0x00, 0x00, 0x00, 0x06, 0x0E, 0x01, 0xE0, 0xC3, 0x80, 0x00, 
    0x00, 0x06, 0x0E, 0x01, 0xC1, 0xC3, 0x80, 0x00, 0x00, 0x06, 0x0E, 0x03, 0x81, 0xC1, 0xC0, 0x00, 
    0x00, 0x07, 0x06, 0x03, 0x07, 0xE0, 0xC0, 0x00, 0x00, 0x03, 0x07, 0x03, 0x0F, 0xF0, 0xC0, 0x00, 
    0x00, 0x03, 0x83, 0x07, 0x0E, 0x70, 0xE0, 0x00, 0x00, 0x01, 0x83, 0x87, 0x0C, 0x30, 0xE0, 0x00, 
    0x00, 0x01, 0xC1, 0x87, 0x0C, 0x30, 0xE0, 0x00, 0x00, 0x01, 0xC1, 0x87, 0x0E, 0x70, 0xE0, 0x00, 
    0x00, 0x01, 0xC1, 0x83, 0x0F, 0xF0, 0xC0, 0x00, 0x00, 0x01, 0x83, 0x83, 0x07, 0xE0, 0xC0, 0x00, 
    0x00, 0x03, 0x83, 0x03, 0x80, 0x01, 0xC0, 0x00, 0x00, 0x03, 0x07, 0x01, 0xC0, 0x03, 0x80, 0x00, 
    0x00, 0x07, 0x06, 0x01, 0xE0, 0x07, 0x80, 0x00, 0x00, 0x06, 0x0E, 0x00, 0xF0, 0x0F, 0x00, 0x00, 
    0x00, 0x06, 0x0E, 0x00, 0x7F, 0xFE, 0x00, 0x00, 0x00, 0x00, 0x00, 0x00, 0x1F, 0xF8, 0x00, 0x00, 
    0x00, 0x00, 0x00, 0x00, 0x07, 0xE0, 0x00, 0x00, 0x00, 0x00, 0x00, 0x00, 0x00, 0x00, 0x00, 0x00, 
    0x00, 0x00, 0x00, 0x00, 0x00, 0x00, 0x00, 0x00, 0x00, 0x00, 0x00, 0x00, 0x00, 0x00, 0x00, 0x00, 
    0x00, 0x00, 0x00, 0x00, 0x00, 0x00, 0x00, 0x00, 0x00, 0x00, 0x00, 0x00, 0x00, 0x00, 0x00, 0x00, 
      },
  {
    0x00, 0x00, 0x00, 0x00, 0x00, 0x00, 0x00, 0x00, 0x00, 0x00, 0x00, 0x00, 0x00, 0x00, 0x00, 0x00, 
    0x00, 0x00, 0x00, 0x00, 0x00, 0x00, 0x00, 0x00, 0x00, 0x00, 0x00, 0x00, 0x00, 0x00, 0x00, 0x00, 
    0x00, 0x00, 0x00, 0x00, 0x00, 0x00, 0x00, 0x00, 0x00, 0x00, 0x40, 0x00, 0x00, 0x7C, 0x00, 0x00, 
    0x00, 0x00, 0xE0, 0x00, 0x01, 0xFF, 0x00, 0x00, 0x00, 0x00, 0xE0, 0x00, 0x03, 0xFF, 0x80, 0x00, 
    0x00, 0x00, 0xE0, 0x60, 0x07, 0x03, 0xC0, 0x00, 0x00, 0xC0, 0x40, 0xE0, 0x06, 0x00, 0xC0, 0x00, 
    0x00, 0xF0, 0x01, 0xE0, 0x0E, 0x00, 0xE0, 0x00, 0x00, 0x70, 0x00, 0xC0, 0x0C, 0x00, 0x61, 0xC0, 
    0x00, 0x20, 0x00, 0x00, 0x0C, 0x00, 0x67, 0xE0, 0x00, 0x01, 0xF8, 0x00, 0x0C, 0x00, 0x63, 0xC0, 
    0x00, 0x03, 0xFC, 0x00, 0x0C, 0x00, 0x60, 0x00, 0x00, 0x07, 0x0E, 0x00, 0x0C, 0x30, 0xE0, 0x00, 
    0x00, 0x06, 0x06, 0x1C, 0x1C, 0x30, 0xE0, 0x00, 0x03, 0x86, 0x06, 0x3E, 0x1C, 0x30, 0xE0, 0x00, 
    0x07, 0xC6, 0x06, 0x1C, 0x1C, 0x30, 0xE3, 0x80, 0x03, 0x86, 0x06, 0x00, 0x1C, 0x30, 0xC7, 0x80, 
    0x00, 0x07, 0x0E, 0x00, 0x1C, 0x30, 0xC0, 0x00, 0x00, 0x03, 0xFC, 0x00, 0x18, 0x70, 0xC0, 0x00, 
    0x00, 0x01, 0xF8, 0x00, 0x18, 0x70, 0xC0, 0x00, 0x00, 0x00, 0x00, 0x40, 0x18, 0x70, 0xC0, 0x00, 
    0x00, 0x30, 0x00, 0xE0, 0x18, 0x70, 0xC3, 0xC0, 0x00, 0x38, 0x00, 0xF0, 0x18, 0x60, 0xC7, 0xE0, 
    0x00, 0x70, 0x00, 0x30, 0x18, 0x61, 0xC3, 0xC0, 0x00, 0x60, 0x70, 0x00, 0x38, 0x61, 0xC0, 0x00, 
    0x00, 0x00, 0x70, 0x00, 0x38, 0x61, 0xC0, 0x00, 0x00, 0x00, 0x70, 0x00, 0x38, 0x61, 0xC0, 0x00, 
    0x00, 0x00, 0x20, 0x00, 0x38, 0x61, 0x80, 0x00, 0x00, 0x00, 0x00, 0x00, 0x38, 0x61, 0x87, 0x80, 
    0x00, 0x00, 0x00, 0x00, 0x30, 0xE1, 0x83, 0x80, 0x00, 0x00, 0x00, 0x00, 0x30, 0xE1, 0x80, 0x00, 
    0x00, 0x00, 0x01, 0x80, 0x30, 0xE1, 0x80, 0x00, 0x00, 0x00, 0x01, 0x80, 0x30, 0xE1, 0x80, 0x00, 
    0x00, 0x01, 0xC1, 0x80, 0x30, 0xC1, 0x80, 0x00, 0x00, 0x01, 0xC3, 0x80, 0x30, 0xC3, 0x83, 0xC0, 
    0x00, 0x03, 0x83, 0x80, 0x30, 0xC3, 0x87, 0xE0, 0x00, 0x03, 0x87, 0x00, 0x70, 0xC3, 0x81, 0xC0, 
    0x00, 0x07, 0x06, 0x00, 0x70, 0xC3, 0x80, 0x00, 0x00, 0x06, 0x0E, 0x00, 0xE0, 0xC3, 0x80, 0x00, 
    0x00, 0x06, 0x0E, 0x01, 0xC0, 0xC1, 0x80, 0x00, 0x00, 0x06, 0x0E, 0x01, 0x81, 0xC1, 0xC0, 0x00, 
    0x00, 0x07, 0x06, 0x03, 0x83, 0xE0, 0xC0, 0x00, 0x00, 0x03, 0x07, 0x03, 0x07, 0xF0, 0xE0, 0x00, 
    0x00, 0x03, 0x83, 0x03, 0x0E, 0x30, 0x60, 0x00, 0x00, 0x01, 0x83, 0x87, 0x0C, 0x38, 0x60, 0x00, 
    0x00, 0x01, 0xC1, 0x87, 0x0C, 0x38, 0x60, 0x00, 0x00, 0x01, 0xC1, 0x83, 0x0E, 0x30, 0x60, 0x00, 
    0x00, 0x01, 0xC1, 0x83, 0x07, 0xF0, 0xE0, 0x00, 0x00, 0x01, 0x83, 0x83, 0x83, 0xE0, 0xC0, 0x00, 
    0x00, 0x03, 0x83, 0x03, 0x80, 0x01, 0xC0, 0x00, 0x00, 0x03, 0x07, 0x01, 0xC0, 0x01, 0xC0, 0x00, 
    0x00, 0x07, 0x06, 0x00, 0xE0, 0x03, 0x80, 0x00, 0x00, 0x06, 0x0E, 0x00, 0x70, 0x0F, 0x00, 0x00, 
    0x00, 0x00, 0x0E, 0x00, 0x3F, 0xFE, 0x00, 0x00, 0x00, 0x00, 0x00, 0x00, 0x1F, 0xFC, 0x00, 0x00, 
    0x00, 0x00, 0x00, 0x00, 0x03, 0xE0, 0x00, 0x00, 0x00, 0x00, 0x00, 0x00, 0x00, 0x00, 0x00, 0x00, 
    0x00, 0x00, 0x00, 0x00, 0x00, 0x00, 0x00, 0x00, 0x00, 0x00, 0x00, 0x00, 0x00, 0x00, 0x00, 0x00, 
    0x00, 0x00, 0x00, 0x00, 0x00, 0x00, 0x00, 0x00, 0x00, 0x00, 0x00, 0x00, 0x00, 0x00, 0x00, 0x00, 
      },
  {
    0x00, 0x00, 0x00, 0x00, 0x00, 0x00, 0x00, 0x00, 0x00, 0x00, 0x00, 0x00, 0x00, 0x00, 0x00, 0x00, 
    0x00, 0x00, 0x00, 0x00, 0x00, 0x00, 0x00, 0x00, 0x00, 0x00, 0x00, 0x00, 0x00, 0x00, 0x00, 0x00, 
    0x00, 0x00, 0x00, 0x00, 0x00, 0x00, 0x00, 0x00, 0x00, 0x00, 0x10, 0x00, 0x00, 0xF8, 0x00, 0x00, 
    0x00, 0x00, 0x38, 0x00, 0x01, 0xFE, 0x00, 0x00, 0x00, 0x00, 0x38, 0x00, 0x07, 0xFF, 0x00, 0x00, 
    0x00, 0x30, 0x30, 0x00, 0x07, 0x03, 0x80, 0x00, 0x00, 0x38, 0x10, 0x00, 0x0E, 0x01, 0xC0, 0x00, 
    0x00, 0x18, 0x00, 0x30, 0x0C, 0x00, 0xC0, 0x00, 0x00, 0x00, 0x00, 0x70, 0x1C, 0x00, 0xC1, 0xC0, 
    0x00, 0x00, 0x00, 0x60, 0x1C, 0x00, 0xC7, 0xE0, 0x00, 0x01, 0xF8, 0x00, 0x1C, 0x00, 0xC3, 0xC0, 
    0x00, 0x03, 0xFC, 0x00, 0x1C, 0x30, 0xC0, 0x00, 0x03, 0x07, 0x0E, 0x00, 0x18, 0x30, 0xC0, 0x00, 
    0x07, 0xC6, 0x06, 0x00, 0x18, 0x70, 0xC0, 0x00, 0x03, 0x86, 0x06, 0x00, 0x18, 0x70, 0xC0, 0x00, 
    0x00, 0x06, 0x06, 0x1C, 0x18, 0x70, 0xC3, 0x80, 0x00, 0x06, 0x06, 0x3E, 0x18, 0x70, 0xC7, 0x80, 
    0x00, 0x07, 0x0E, 0x0C, 0x18, 0x70, 0xC0, 0x00, 0x00, 0x03, 0xFC, 0x00, 0x18, 0x70, 0xC0, 0x00, 
    0x00, 0x01, 0xF8, 0x00, 0x18, 0x60, 0xC0, 0x00, 0x00, 0x60, 0x00, 0x00, 0x18, 0x61, 0xC0, 0x00, 
    0x00, 0xE0, 0x00, 0x00, 0x18, 0x61, 0xC3, 0xC0, 0x00, 0xC0, 0x01, 0x80, 0x38, 0x61, 0xC7, 0xE0, 
    0x00, 0x00, 0x81, 0xC0, 0x38, 0x61, 0xC3, 0xC0, 0x00, 0x00, 0xC0, 0xC0, 0x38, 0x61, 0xC0, 0x00, 
    0x00, 0x01, 0xC0, 0x00, 0x38, 0x61, 0xC0, 0x00, 0x00, 0x01, 0xC0, 0x00, 0x38, 0x61, 0x80, 0x00, 
    0x00, 0x00, 0x80, 0x00, 0x38, 0x61, 0x80, 0x00, 0x00, 0x00, 0x07, 0x00, 0x38, 0x61, 0x87, 0x80, 
    0x00, 0x00, 0x07, 0x00, 0x30, 0xE1, 0x83, 0x80, 0x00, 0x00, 0x03, 0x80, 0x30, 0xE1, 0x80, 0x00, 
    0x00, 0x00, 0x01, 0x80, 0x30, 0xE1, 0x80, 0x00, 0x00, 0x00, 0xC1, 0x80, 0x30, 0xE1, 0x80, 0x00, 
    0x00, 0x01, 0xC1, 0x80, 0x30, 0xE1, 0x80, 0x00, 0x00, 0x01, 0xC3, 0x80, 0x30, 0xE1, 0x83, 0xC0, 
    0x00, 0x03, 0x83, 0x80, 0x30, 0xE1, 0x87, 0xE0, 0x00, 0x03, 0x87, 0x00, 0x30, 0xC3, 0x81, 0xC0, 
    0x00, 0x07, 0x06, 0x00, 0x70, 0xC3, 0x80, 0x00, 0x00, 0x06, 0x0E, 0x00, 0xE0, 0xC3, 0x80, 0x00, 
    0x00, 0x06, 0x0E, 0x00, 0xC0, 0xC1, 0xC0, 0x00, 0x00, 0x06, 0x0E, 0x01, 0xC0, 0xC0, 0xC0, 0x00, 
    0x00, 0x07, 0x06, 0x01, 0x83, 0xE0, 0xE0, 0x00, 0x00, 0x03, 0x07, 0x03, 0x87, 0xF0, 0x60, 0x00, 
    0x00, 0x03, 0x83, 0x03, 0x07, 0x38, 0x60, 0x00, 0x00, 0x01, 0x83, 0x83, 0x0E, 0x18, 0x70, 0x00, 
    0x00, 0x01, 0xC1, 0x83, 0x0E, 0x18, 0x70, 0x00, 0x00, 0x01, 0xC1, 0x83, 0x06, 0x38, 0x60, 0x00, 
    0x00, 0x01, 0xC1, 0x83, 0x87, 0xF0, 0x60, 0x00, 0x00, 0x01, 0x83, 0x81, 0x83, 0xE0, 0xE0, 0x00, 
    0x00, 0x03, 0x83, 0x01, 0xC0, 0x00, 0xE0, 0x00, 0x00, 0x03, 0x07, 0x01, 0xC0, 0x01, 0xC0, 0x00, 
    0x00, 0x03, 0x06, 0x00, 0xE0, 0x03, 0x80, 0x00, 0x00, 0x00, 0x0E, 0x00, 0x78, 0x07, 0x80, 0x00, 
    0x00, 0x00, 0x0E, 0x00, 0x3F, 0xFE, 0x00, 0x00, 0x00, 0x00, 0x00, 0x00, 0x1F, 0xFC, 0x00, 0x00, 
    0x00, 0x00, 0x00, 0x00, 0x03, 0xF0, 0x00, 0x00, 0x00, 0x00, 0x00, 0x00, 0x00, 0x00, 0x00, 0x00, 
    0x00, 0x00, 0x00, 0x00, 0x00, 0x00, 0x00, 0x00, 0x00, 0x00, 0x00, 0x00, 0x00, 0x00, 0x00, 0x00, 
    0x00, 0x00, 0x00, 0x00, 0x00, 0x00, 0x00, 0x00, 0x00, 0x00, 0x00, 0x00, 0x00, 0x00, 0x00, 0x00, 
      },
  {
    0x00, 0x00, 0x00, 0x00, 0x00, 0x00, 0x00, 0x00, 0x00, 0x00, 0x00, 0x00, 0x00, 0x00, 0x00, 0x00, 
    0x00, 0x00, 0x00, 0x00, 0x00, 0x00, 0x00, 0x00, 0x00, 0x00, 0x00, 0x00, 0x00, 0x00, 0x00, 0x00, 
    0x00, 0x00, 0x00, 0x00, 0x00, 0x00, 0x00, 0x00, 0x00, 0x00, 0x00, 0x00, 0x00, 0xF8, 0x00, 0x00, 
    0x00, 0x08, 0x06, 0x00, 0x03, 0xFE, 0x00, 0x00, 0x00, 0x0C, 0x0E, 0x00, 0x07, 0xDF, 0x00, 0x00, 
    0x00, 0x0E, 0x0E, 0x00, 0x0E, 0x07, 0x00, 0x00, 0x00, 0x06, 0x0C, 0x00, 0x1C, 0x03, 0x80, 0x00, 
    0x00, 0x00, 0x00, 0x00, 0x18, 0x01, 0x80, 0x00, 0x00, 0x00, 0x00, 0x00, 0x18, 0x01, 0xC1, 0xC0, 
    0x00, 0x00, 0x00, 0x1C, 0x18, 0x61, 0xC7, 0xE0, 0x03, 0x81, 0xF8, 0x38, 0x18, 0x61, 0xC3, 0xC0, 
    0x03, 0xC3, 0xFC, 0x30, 0x18, 0x61, 0xC0, 0x00, 0x01, 0xC7, 0x0E, 0x00, 0x38, 0x61, 0xC0, 0x00, 
    0x00, 0x06, 0x06, 0x00, 0x38, 0x61, 0xC0, 0x00, 0x00, 0x06, 0x06, 0x00, 0x38, 0x61, 0xC0, 0x00, 
    0x00, 0x06, 0x06, 0x00, 0x38, 0x61, 0xC3, 0x80, 0x00, 0x06, 0x06, 0x00, 0x38, 0x61, 0xC7, 0x80, 
    0x00, 0x07, 0x0E, 0x38, 0x38, 0x61, 0xC0, 0x00, 0x00, 0xC3, 0xFC, 0x3C, 0x38, 0x61, 0xC0, 0x00, 
    0x01, 0xC1, 0xF8, 0x1C, 0x38, 0x61, 0xC0, 0x00, 0x03, 0x80, 0x00, 0x00, 0x38, 0x61, 0xC0, 0x00, 
    0x00, 0x00, 0x00, 0x00, 0x38, 0x61, 0xC3, 0xC0, 0x00, 0x00, 0x00, 0x00, 0x38, 0x61, 0x87, 0xE0, 
    0x00, 0x03, 0x06, 0x00, 0x38, 0x61, 0x83, 0xC0, 0x00, 0x03, 0x07, 0x00, 0x38, 0x61, 0x80, 0x00, 
    0x00, 0x07, 0x0F, 0x00, 0x38, 0x61, 0x80, 0x00, 0x00, 0x06, 0x0F, 0x00, 0x38, 0x61, 0x80, 0x00, 
    0x00, 0x00, 0x0E, 0x00, 0x38, 0x61, 0x80, 0x00, 0x00, 0x00, 0x07, 0x00, 0x38, 0x61, 0x87, 0x80, 
    0x00, 0x00, 0x07, 0x00, 0x38, 0xE1, 0x83, 0x80, 0x00, 0x00, 0x03, 0x80, 0x30, 0xE1, 0x80, 0x00, 
    0x00, 0x00, 0x01, 0x80, 0x30, 0xE1, 0x80, 0x00, 0x00, 0x00, 0xC1, 0x80, 0x30, 0xE1, 0x80, 0x00, 
    0x00, 0x01, 0xC1, 0x80, 0x30, 0xE1, 0x80, 0x00, 0x00, 0x01, 0xC3, 0x80, 0x30, 0xE1, 0x83, 0xC0, 
    0x00, 0x03, 0x83, 0x80, 0x30, 0xE1, 0x87, 0xE0, 0x00, 0x03, 0x87, 0x00, 0x30, 0xE1, 0x81, 0xC0, 
    0x00, 0x07, 0x06, 0x00, 0x30, 0xE1, 0x80, 0x00, 0x00, 0x06, 0x0E, 0x00, 0x70, 0xE1, 0xC0, 0x00, 
    0x00, 0x06, 0x0E, 0x00, 0xE0, 0xE0, 0xE0, 0x00, 0x00, 0x06, 0x0E, 0x00, 0xC0, 0xE0, 0xE0, 0x00, 
    0x00, 0x07, 0x06, 0x01, 0xC1, 0xF0, 0x60, 0x00, 0x00, 0x03, 0x07, 0x01, 0x83, 0xF8, 0x70, 0x00, 
    0x00, 0x03, 0x83, 0x01, 0x87, 0x38, 0x30, 0x00, 0x00, 0x01, 0x83, 0x81, 0x86, 0x1C, 0x30, 0x00, 
    0x00, 0x01, 0xC1, 0x81, 0x86, 0x1C, 0x30, 0x00, 0x00, 0x01, 0xC1, 0x81, 0x87, 0x18, 0x30, 0x00, 
    0x00, 0x01, 0xC1, 0x81, 0x83, 0xF8, 0x70, 0x00, 0x00, 0x01, 0x83, 0x81, 0xC1, 0xF0, 0x70, 0x00, 
    0x00, 0x01, 0x83, 0x01, 0xC0, 0x00, 0x60, 0x00, 0x00, 0x00, 0x07, 0x00, 0xE0, 0x00, 0xE0, 0x00, 
    0x00, 0x00, 0x06, 0x00, 0x70, 0x01, 0xC0, 0x00, 0x00, 0x00, 0x0E, 0x00, 0x38, 0x07, 0x80, 0x00, 
    0x00, 0x00, 0x0E, 0x00, 0x1F, 0xBF, 0x00, 0x00, 0x00, 0x00, 0x00, 0x00, 0x0F, 0xFE, 0x00, 0x00, 
    0x00, 0x00, 0x00, 0x00, 0x03, 0xF0, 0x00, 0x00, 0x00, 0x00, 0x00, 0x00, 0x00, 0x00, 0x00, 0x00, 
    0x00, 0x00, 0x00, 0x00, 0x00, 0x00, 0x00, 0x00, 0x00, 0x00, 0x00, 0x00, 0x00, 0x00, 0x00, 0x00, 
    0x00, 0x00, 0x00, 0x00, 0x00, 0x00, 0x00, 0x00, 0x00, 0x00, 0x00, 0x00, 0x00, 0x00, 0x00, 0x00, 
      },
  {
    0x00, 0x00, 0x00, 0x00, 0x00, 0x00, 0x00, 0x00, 0x00, 0x00, 0x00, 0x00, 0x00, 0x00, 0x00, 0x00, 
    0x00, 0x00, 0x00, 0x00, 0x00, 0x00, 0x00, 0x00, 0x00, 0x00, 0x00, 0x00, 0x00, 0x00, 0x00, 0x00, 
    0x00, 0x00, 0x00, 0x00, 0x00, 0x00, 0x00, 0x00, 0x00, 0x00, 0x00, 0x00, 0x01, 0xF0, 0x00, 0x00, 
    0x00, 0x03, 0x00, 0x00, 0x07, 0xFC, 0x00, 0x00, 0x00, 0x03, 0x81, 0x80, 0x0F, 0xBE, 0x00, 0x00, 
    0x00, 0x03, 0x83, 0x80, 0x1C, 0x07, 0x00, 0x00, 0x00, 0x01, 0x03, 0x00, 0x18, 0x03, 0x00, 0x00, 
    0x00, 0x00, 0x03, 0x00, 0x38, 0x03, 0x80, 0x00, 0x01, 0x80, 0x00, 0x00, 0x30, 0x01, 0x81, 0xC0, 
    0x01, 0xE0, 0x00, 0x00, 0x30, 0xE1, 0x87, 0xE0, 0x00, 0xE1, 0xF8, 0x00, 0x30, 0xE1, 0x83, 0xC0, 
    0x00, 0x03, 0xFC, 0x1C, 0x30, 0xE1, 0x80, 0x00, 0x00, 0x07, 0x0E, 0x3C, 0x30, 0xE1, 0x80, 0x00, 
    0x00, 0x06, 0x06, 0x18, 0x30, 0xE1, 0x80, 0x00, 0x00, 0x06, 0x06, 0x00, 0x30, 0xE1, 0x80, 0x00, 
    0x00, 0x06, 0x06, 0x00, 0x30, 0xE1, 0x83, 0x80, 0x01, 0x86, 0x06, 0x00, 0x30, 0xE1, 0x87, 0x80, 
    0x03, 0xC7, 0x0E, 0x00, 0x30, 0xE1, 0x80, 0x00, 0x03, 0x83, 0xFC, 0x00, 0x30, 0xE1, 0x80, 0x00, 
    0x00, 0x01, 0xF8, 0x70, 0x30, 0xE1, 0x80, 0x00, 0x00, 0x00, 0x00, 0x78, 0x30, 0xE1, 0x80, 0x00, 
    0x00, 0x00, 0x00, 0x18, 0x30, 0xE1, 0x83, 0xC0, 0x00, 0x0C, 0x00, 0x00, 0x30, 0xE1, 0x87, 0xE0, 
    0x00, 0x0C, 0x0E, 0x00, 0x30, 0xE1, 0x83, 0xC0, 0x00, 0x1C, 0x1E, 0x00, 0x30, 0xE1, 0x80, 0x00, 
    0x00, 0x18, 0x1E, 0x00, 0x30, 0xE1, 0x80, 0x00, 0x00, 0x00, 0x0E, 0x00, 0x30, 0xE1, 0x80, 0x00, 
    0x00, 0x00, 0x0E, 0x00, 0x38, 0xE1, 0x80, 0x00, 0x00, 0x00, 0x07, 0x00, 0x38, 0xE1, 0x87, 0x80, 
    0x00, 0x00, 0x07, 0x00, 0x38, 0x61, 0x83, 0x80, 0x00, 0x00, 0x03, 0x80, 0x38, 0x61, 0x80, 0x00, 
    0x00, 0x00, 0x01, 0x80, 0x38, 0x61, 0x80, 0x00, 0x00, 0x00, 0xC1, 0x80, 0x38, 0x61, 0x80, 0x00, 
    0x00, 0x01, 0xC1, 0x80, 0x38, 0x61, 0x80, 0x00, 0x00, 0x01, 0xC3, 0x80, 0x38, 0x61, 0x83, 0xC0, 
    0x00, 0x03, 0x83, 0x80, 0x38, 0x61, 0x87, 0xE0, 0x00, 0x03, 0x87, 0x00, 0x38, 0x61, 0x81, 0xC0, 
    0x00, 0x07, 0x06, 0x00, 0x38, 0x61, 0xC0, 0x00, 0x00, 0x06, 0x0E, 0x00, 0x70, 0x61, 0xC0, 0x00, 
    0x00, 0x06, 0x0E, 0x00, 0x70, 0x60, 0xE0, 0x00, 0x00, 0x06, 0x0E, 0x00, 0xE0, 0x60, 0x70, 0x00, 
    0x00, 0x07, 0x06, 0x00, 0xC1, 0xF0, 0x30, 0x00, 0x00, 0x03, 0x07, 0x01, 0xC3, 0xF8, 0x30, 0x00, 
    0x00, 0x03, 0x83, 0x01, 0xC3, 0x9C, 0x38, 0x00, 0x00, 0x01, 0x83, 0x81, 0xC3, 0x0C, 0x38, 0x00, 
    0x00, 0x01, 0xC1, 0x81, 0xC3, 0x0C, 0x38, 0x00, 0x00, 0x01, 0xC1, 0x81, 0xC3, 0x9C, 0x38, 0x00, 
    0x00, 0x00, 0xC1, 0x81, 0xC3, 0xFC, 0x30, 0x00, 0x00, 0x00, 0x03, 0x80, 0xC1, 0xF8, 0x30, 0x00, 
    0x00, 0x00, 0x03, 0x00, 0xE0, 0x00, 0x70, 0x00, 0x00, 0x00, 0x07, 0x00, 0x60, 0x00, 0xE0, 0x00, 
    0x00, 0x00, 0x06, 0x00, 0x70, 0x01, 0xE0, 0x00, 0x00, 0x00, 0x0E, 0x00, 0x3C, 0x03, 0xC0, 0x00, 
    0x00, 0x00, 0x0C, 0x00, 0x1F, 0x9F, 0x80, 0x00, 0x00, 0x00, 0x00, 0x00, 0x07, 0xFE, 0x00, 0x00, 
    0x00, 0x00, 0x00, 0x00, 0x01, 0xF8, 0x00, 0x00, 0x00, 0x00, 0x00, 0x00, 0x00, 0x00, 0x00, 0x00, 
    0x00, 0x00, 0x00, 0x00, 0x00, 0x00, 0x00, 0x00, 0x00, 0x00, 0x00, 0x00, 0x00, 0x00, 0x00, 0x00, 
    0x00, 0x00, 0x00, 0x00, 0x00, 0x00, 0x00, 0x00, 0x00, 0x00, 0x00, 0x00, 0x00, 0x00, 0x00, 0x00, 
      },
  {
    0x00, 0x00, 0x00, 0x00, 0x00, 0x00, 0x00, 0x00, 0x00, 0x00, 0x00, 0x00, 0x00, 0x00, 0x00, 0x00, 
    0x00, 0x00, 0x00, 0x00, 0x00, 0x00, 0x00, 0x00, 0x00, 0x00, 0x00, 0x00, 0x00, 0x00, 0x00, 0x00, 
    0x00, 0x00, 0x00, 0x00, 0x00, 0x00, 0x00, 0x00, 0x00, 0x00, 0x60, 0x00, 0x03, 0xE0, 0x00, 0x00, 
    0x00, 0x00, 0x60, 0x00, 0x07, 0xF8, 0x00, 0x00, 0x00, 0x00, 0x60, 0x00, 0x1F, 0xFC, 0x00, 0x00, 
    0x00, 0x00, 0x60, 0x20, 0x1C, 0x0E, 0x00, 0x00, 0x00, 0xE0, 0x40, 0x60, 0x38, 0x07, 0x00, 0x00, 
    0x00, 0x70, 0x00, 0xE0, 0x30, 0x03, 0x00, 0x00, 0x00, 0x30, 0x00, 0xC0, 0x70, 0x03, 0x01, 0xC0, 
    0x00, 0x00, 0x00, 0x00, 0x70, 0xC3, 0x87, 0xE0, 0x00, 0x01, 0xF8, 0x00, 0x70, 0xC3, 0x83, 0xC0, 
    0x00, 0x03, 0xFC, 0x00, 0x70, 0xC3, 0x80, 0x00, 0x00, 0x07, 0x0E, 0x00, 0x70, 0xC3, 0x80, 0x00, 
    0x00, 0x06, 0x06, 0x00, 0x70, 0xC3, 0x80, 0x00, 0x07, 0x86, 0x06, 0x1E, 0x70, 0xC3, 0x80, 0x00, 
    0x07, 0xC6, 0x06, 0x1E, 0x30, 0xC3, 0x83, 0x80, 0x00, 0x06, 0x06, 0x00, 0x30, 0xC3, 0x87, 0x80, 
    0x00, 0x07, 0x0E, 0x00, 0x30, 0xC3, 0x80, 0x00, 0x00, 0x03, 0xFC, 0x00, 0x30, 0xC3, 0x80, 0x00, 
    0x00, 0x01, 0xF8, 0x00, 0x30, 0xE1, 0x80, 0x00, 0x00, 0x00, 0x00, 0x00, 0x30, 0xE1, 0x80, 0x00, 
    0x00, 0x30, 0x03, 0xC0, 0x30, 0xE1, 0x83, 0xC0, 0x00, 0x70, 0x07, 0xE0, 0x30, 0xE1, 0x87, 0xE0, 
    0x00, 0x70, 0x06, 0x70, 0x30, 0xE1, 0x83, 0xC0, 0x00, 0x60, 0x6E, 0x00, 0x30, 0xE1, 0x80, 0x00, 
    0x00, 0x00, 0x6E, 0x00, 0x30, 0xE1, 0x80, 0x00, 0x00, 0x00, 0x6E, 0x00, 0x30, 0xE1, 0x80, 0x00, 
    0x00, 0x00, 0x6E, 0x00, 0x30, 0xE1, 0x80, 0x00, 0x00, 0x00, 0x07, 0x00, 0x30, 0xE1, 0x87, 0x80, 
    0x00, 0x00, 0x07, 0x00, 0x38, 0x61, 0x83, 0x80, 0x00, 0x00, 0x03, 0x80, 0x38, 0x61, 0x80, 0x00, 
    0x00, 0x00, 0x01, 0x80, 0x38, 0x61, 0x80, 0x00, 0x00, 0x00, 0xC1, 0x80, 0x38, 0x61, 0x80, 0x00, 
    0x00, 0x01, 0xC1, 0x80, 0x38, 0x61, 0xC0, 0x00, 0x00, 0x01, 0xC3, 0x80, 0x38, 0x61, 0xC3, 0xC0, 
    0x00, 0x03, 0x83, 0x80, 0x38, 0x61, 0xC7, 0xE0, 0x00, 0x03, 0x87, 0x00, 0x38, 0x61, 0xC1, 0xC0, 
    0x00, 0x07, 0x06, 0x00, 0x38, 0x61, 0xC0, 0x00, 0x00, 0x06, 0x0E, 0x00, 0x38, 0x60, 0xE0, 0x00, 
    0x00, 0x06, 0x0E, 0x00, 0x70, 0x60, 0x70, 0x00, 0x00, 0x06, 0x0E, 0x00, 0x60, 0x60, 0x70, 0x00, 
    0x00, 0x07, 0x06, 0x00, 0xE0, 0xF8, 0x38, 0x00, 0x00, 0x03, 0x07, 0x00, 0xC1, 0xFC, 0x38, 0x00, 
    0x00, 0x03, 0x83, 0x00, 0xC3, 0x8C, 0x18, 0x00, 0x00, 0x01, 0x83, 0x80, 0xC3, 0x0E, 0x18, 0x00, 
    0x00, 0x00, 0x01, 0x80, 0xC3, 0x0E, 0x18, 0x00, 0x00, 0x00, 0x01, 0x80, 0xC3, 0x8E, 0x18, 0x00, 
    0x00, 0x00, 0x01, 0x80, 0xC1, 0xFC, 0x38, 0x00, 0x00, 0x00, 0x03, 0x80, 0xE0, 0xF8, 0x38, 0x00, 
    0x00, 0x00, 0x03, 0x00, 0x60, 0x00, 0x30, 0x00, 0x00, 0x00, 0x07, 0x00, 0x70, 0x00, 0x70, 0x00, 
    0x00, 0x00, 0x06, 0x00, 0x38, 0x00, 0xE0, 0x00, 0x00, 0x00, 0x0E, 0x00, 0x1C, 0x03, 0xC0, 0x00, 
    0x00, 0x00, 0x00, 0x00, 0x0F, 0xFF, 0x80, 0x00, 0x00, 0x00, 0x00, 0x00, 0x07, 0xFF, 0x00, 0x00, 
    0x00, 0x00, 0x00, 0x00, 0x00, 0xF8, 0x00, 0x00, 0x00, 0x00, 0x00, 0x00, 0x00, 0x00, 0x00, 0x00, 
    0x00, 0x00, 0x00, 0x00, 0x00, 0x00, 0x00, 0x00, 0x00, 0x00, 0x00, 0x00, 0x00, 0x00, 0x00, 0x00, 
    0x00, 0x00, 0x00, 0x00, 0x00, 0x00, 0x00, 0x00, 0x00, 0x00, 0x00, 0x00, 0x00, 0x00, 0x00, 0x00, 
      },
  {
    0x00, 0x00, 0x00, 0x00, 0x00, 0x00, 0x00, 0x00, 0x00, 0x00, 0x00, 0x00, 0x00, 0x00, 0x00, 0x00, 
    0x00, 0x00, 0x00, 0x00, 0x00, 0x00, 0x00, 0x00, 0x00, 0x00, 0x00, 0x00, 0x00, 0x00, 0x00, 0x00, 
    0x00, 0x00, 0x00, 0x00, 0x00, 0x00, 0x00, 0x00, 0x00, 0x00, 0x08, 0x00, 0x03, 0xE0, 0x00, 0x00, 
    0x00, 0x00, 0x1C, 0x00, 0x0F, 0xF8, 0x00, 0x00, 0x00, 0x10, 0x18, 0x00, 0x1F, 0xFC, 0x00, 0x00, 
    0x00, 0x38, 0x18, 0x00, 0x3C, 0x0E, 0x00, 0x00, 0x00, 0x1C, 0x18, 0x00, 0x30, 0x06, 0x00, 0x00, 
    0x00, 0x0C, 0x00, 0x00, 0x70, 0x07, 0x00, 0x00, 0x00, 0x00, 0x00, 0x38, 0x60, 0x03, 0x01, 0xC0, 
    0x00, 0x00, 0x00, 0x78, 0x61, 0xC3, 0x07, 0xE0, 0x00, 0x01, 0xF8, 0x60, 0x61, 0xC3, 0x03, 0xC0, 
    0x02, 0x03, 0xFC, 0x00, 0x61, 0xC3, 0x00, 0x00, 0x07, 0xC7, 0x0E, 0x00, 0x70, 0xC3, 0x00, 0x00, 
    0x03, 0xC6, 0x06, 0x00, 0x70, 0xC3, 0x00, 0x00, 0x00, 0x06, 0x06, 0x00, 0x70, 0xC3, 0x00, 0x00, 
    0x00, 0x06, 0x06, 0x00, 0x70, 0xC3, 0x83, 0x80, 0x00, 0x06, 0x06, 0x3C, 0x70, 0xC3, 0x87, 0x80, 
    0x00, 0x07, 0x0E, 0x3E, 0x70, 0xC3, 0x80, 0x00, 0x00, 0x03, 0xFC, 0x04, 0x70, 0xC3, 0x80, 0x00, 
    0x00, 0x61, 0xF9, 0x00, 0x30, 0xC3, 0x80, 0x00, 0x00, 0xE0, 0x01, 0x80, 0x30, 0xC3, 0x80, 0x00, 
    0x01, 0xC0, 0x03, 0x80, 0x30, 0xC3, 0x83, 0xC0, 0x00, 0x80, 0x07, 0x00, 0x30, 0xE1, 0x87, 0xE0, 
    0x00, 0x01, 0x87, 0x80, 0x30, 0xE1, 0x83, 0xC0, 0x00, 0x01, 0x8F, 0xC0, 0x30, 0xE1, 0x80, 0x00, 
    0x00, 0x01, 0x8E, 0x80, 0x30, 0xE1, 0x80, 0x00, 0x00, 0x03, 0x8E, 0x00, 0x30, 0xE1, 0x80, 0x00, 
    0x00, 0x01, 0x0E, 0x00, 0x30, 0xE1, 0x80, 0x00, 0x00, 0x00, 0x07, 0x00, 0x30, 0xE1, 0x87, 0x80, 
    0x00, 0x00, 0x07, 0x00, 0x38, 0x61, 0x83, 0x80, 0x00, 0x00, 0x03, 0x80, 0x38, 0x61, 0x80, 0x00, 
    0x00, 0x00, 0x01, 0x80, 0x38, 0x61, 0x80, 0x00, 0x00, 0x00, 0xC1, 0x80, 0x38, 0x61, 0xC0, 0x00, 
    0x00, 0x01, 0xC1, 0x80, 0x38, 0x61, 0xC0, 0x00, 0x00, 0x01, 0xC3, 0x80, 0x38, 0x61, 0xC3, 0xC0, 
    0x00, 0x03, 0x83, 0x80, 0x38, 0x61, 0xC7, 0xE0, 0x00, 0x03, 0x87, 0x00, 0x18, 0x61, 0xC1, 0xC0, 
    0x00, 0x07, 0x06, 0x00, 0x18, 0x61, 0xC0, 0x00, 0x00, 0x06, 0x0E, 0x00, 0x38, 0x60, 0xE0, 0x00, 
    0x00, 0x06, 0x0E, 0x00, 0x70, 0x70, 0x70, 0x00, 0x00, 0x06, 0x0E, 0x00, 0x70, 0x70, 0x30, 0x00, 
    0x00, 0x07, 0x06, 0x00, 0xE0, 0xF8, 0x38, 0x00, 0x00, 0x02, 0x07, 0x00, 0xE1, 0xFC, 0x18, 0x00, 
    0x00, 0x00, 0x03, 0x00, 0xC1, 0x8E, 0x18, 0x00, 0x00, 0x00, 0x03, 0x80, 0xC3, 0x86, 0x18, 0x00, 
    0x00, 0x00, 0x01, 0x80, 0xC3, 0x86, 0x18, 0x00, 0x00, 0x00, 0x01, 0x80, 0xC1, 0x8E, 0x18, 0x00, 
    0x00, 0x00, 0x01, 0x80, 0xE1, 0xFC, 0x18, 0x00, 0x00, 0x00, 0x03, 0x80, 0xE0, 0xF8, 0x38, 0x00, 
    0x00, 0x00, 0x03, 0x00, 0x60, 0x00, 0x30, 0x00, 0x00, 0x00, 0x07, 0x00, 0x70, 0x00, 0x70, 0x00, 
    0x00, 0x00, 0x06, 0x00, 0x38, 0x00, 0xE0, 0x00, 0x00, 0x00, 0x00, 0x00, 0x1E, 0x01, 0xC0, 0x00, 
    0x00, 0x00, 0x00, 0x00, 0x0F, 0xFF, 0x80, 0x00, 0x00, 0x00, 0x00, 0x00, 0x07, 0xFF, 0x00, 0x00, 
    0x00, 0x00, 0x00, 0x00, 0x00, 0xF8, 0x00, 0x00, 0x00, 0x00, 0x00, 0x00, 0x00, 0x00, 0x00, 0x00, 
    0x00, 0x00, 0x00, 0x00, 0x00, 0x00, 0x00, 0x00, 0x00, 0x00, 0x00, 0x00, 0x00, 0x00, 0x00, 0x00, 
    0x00, 0x00, 0x00, 0x00, 0x00, 0x00, 0x00, 0x00, 0x00, 0x00, 0x00, 0x00, 0x00, 0x00, 0x00, 0x00, 
      },
  {
    0x00, 0x00, 0x00, 0x00, 0x00, 0x00, 0x00, 0x00, 0x00, 0x00, 0x00, 0x00, 0x00, 0x00, 0x00, 0x00, 
    0x00, 0x00, 0x00, 0x00, 0x00, 0x00, 0x00, 0x00, 0x00, 0x00, 0x00, 0x00, 0x00, 0x00, 0x00, 0x00, 
    0x00, 0x00, 0x00, 0x00, 0x00, 0x00, 0x00, 0x00, 0x00, 0x00, 0x00, 0x00, 0x03, 0xE0, 0x00, 0x00, 
    0x00, 0x06, 0x03, 0x00, 0x0F, 0xF8, 0x00, 0x00, 0x00, 0x07, 0x03, 0x00, 0x1F, 0xFC, 0x00, 0x00, 
    0x00, 0x07, 0x07, 0x00, 0x38, 0x0E, 0x00, 0x00, 0x00, 0x03, 0x06, 0x00, 0x30, 0x06, 0x00, 0x00, 
    0x00, 0x00, 0x00, 0x00, 0x70, 0x07, 0x00, 0x00, 0x00, 0x00, 0x00, 0x00, 0x60, 0x03, 0x01, 0xC0, 
    0x03, 0x80, 0x00, 0x00, 0x61, 0xC3, 0x07, 0xE0, 0x03, 0xC1, 0xF8, 0x1C, 0x61, 0xC3, 0x03, 0xC0, 
    0x00, 0xC3, 0xFC, 0x3C, 0x61, 0xC3, 0x00, 0x00, 0x00, 0x07, 0x0E, 0x38, 0x61, 0xC3, 0x00, 0x00, 
    0x00, 0x06, 0x06, 0x00, 0x60, 0xC3, 0x00, 0x00, 0x00, 0x06, 0x06, 0x00, 0x70, 0xC3, 0x00, 0x00, 
    0x00, 0x06, 0x06, 0x00, 0x70, 0xC3, 0x03, 0x80, 0x00, 0x06, 0x06, 0x00, 0x70, 0xC3, 0x87, 0x80, 
    0x00, 0xC7, 0x0E, 0x00, 0x70, 0xC3, 0x80, 0x00, 0x03, 0xC3, 0xFC, 0x30, 0x70, 0xC3, 0x80, 0x00, 
    0x03, 0x81, 0xF9, 0xBC, 0x70, 0xC3, 0x80, 0x00, 0x00, 0x00, 0x01, 0x9C, 0x30, 0xC3, 0x80, 0x00, 
    0x00, 0x00, 0x03, 0x80, 0x30, 0xC3, 0x83, 0xC0, 0x00, 0x00, 0x07, 0x00, 0x30, 0xC1, 0x87, 0xE0, 
    0x00, 0x06, 0x0E, 0x00, 0x30, 0xE1, 0x83, 0xC0, 0x00, 0x0E, 0x0E, 0x00, 0x30, 0xE1, 0x80, 0x00, 
    0x00, 0x0C, 0x0E, 0x00, 0x30, 0xE1, 0x80, 0x00, 0x00, 0x0C, 0x0E, 0x00, 0x30, 0xE1, 0x80, 0x00, 
    0x00, 0x00, 0x0E, 0x00, 0x30, 0xE1, 0x80, 0x00, 0x00, 0x00, 0x07, 0x00, 0x30, 0xE1, 0x87, 0x80, 
    0x00, 0x00, 0x07, 0x00, 0x38, 0x61, 0x83, 0x80, 0x00, 0x00, 0x03, 0x80, 0x38, 0x61, 0x80, 0x00, 
    0x00, 0x00, 0x01, 0x80, 0x38, 0x61, 0x80, 0x00, 0x00, 0x00, 0xC1, 0x80, 0x38, 0x61, 0xC0, 0x00, 
    0x00, 0x01, 0xC1, 0x80, 0x38, 0x61, 0xC0, 0x00, 0x00, 0x01, 0xC3, 0x80, 0x38, 0x61, 0xC3, 0xC0, 
    0x00, 0x03, 0x83, 0x80, 0x18, 0x61, 0xC7, 0xE0, 0x00, 0x03, 0x87, 0x00, 0x18, 0x61, 0xC1, 0xC0, 
    0x00, 0x07, 0x06, 0x00, 0x18, 0x61, 0xC0, 0x00, 0x00, 0x06, 0x0E, 0x00, 0x38, 0x70, 0xE0, 0x00, 
    0x00, 0x06, 0x0E, 0x00, 0x30, 0x70, 0x70, 0x00, 0x00, 0x00, 0x0E, 0x00, 0x70, 0x70, 0x30, 0x00, 
    0x00, 0x00, 0x06, 0x00, 0x60, 0xF8, 0x38, 0x00, 0x00, 0x00, 0x07, 0x00, 0xE1, 0xFC, 0x18, 0x00, 
    0x00, 0x00, 0x03, 0x00, 0xC1, 0xCE, 0x18, 0x00, 0x00, 0x00, 0x03, 0x80, 0xC3, 0x86, 0x1C, 0x00, 
    0x00, 0x00, 0x01, 0x80, 0xC3, 0x86, 0x1C, 0x00, 0x00, 0x00, 0x01, 0x80, 0xC1, 0x8E, 0x18, 0x00, 
    0x00, 0x00, 0x01, 0x80, 0xE1, 0xFC, 0x18, 0x00, 0x00, 0x00, 0x03, 0x80, 0x60, 0xF8, 0x38, 0x00, 
    0x00, 0x00, 0x03, 0x00, 0x70, 0x00, 0x38, 0x00, 0x00, 0x00, 0x03, 0x00, 0x70, 0x00, 0x70, 0x00, 
    0x00, 0x00, 0x00, 0x00, 0x38, 0x00, 0xE0, 0x00, 0x00, 0x00, 0x00, 0x00, 0x1E, 0x01, 0xE0, 0x00, 
    0x00, 0x00, 0x00, 0x00, 0x0F, 0xFF, 0x80, 0x00, 0x00, 0x00, 0x00, 0x00, 0x07, 0xFF, 0x00, 0x00, 
    0x00, 0x00, 0x00, 0x00, 0x00, 0xFC, 0x00, 0x00, 0x00, 0x00, 0x00, 0x00, 0x00, 0x00, 0x00, 0x00, 
    0x00, 0x00, 0x00, 0x00, 0x00, 0x00, 0x00, 0x00, 0x00, 0x00, 0x00, 0x00, 0x00, 0x00, 0x00, 0x00, 
    0x00, 0x00, 0x00, 0x00, 0x00, 0x00, 0x00, 0x00, 0x00, 0x00, 0x00, 0x00, 0x00, 0x00, 0x00, 0x00, 
      },
  {
    0x00, 0x00, 0x00, 0x00, 0x00, 0x00, 0x00, 0x00, 0x00, 0x00, 0x00, 0x00, 0x00, 0x00, 0x00, 0x00, 
    0x00, 0x00, 0x00, 0x00, 0x00, 0x00, 0x00, 0x00, 0x00, 0x00, 0x00, 0x00, 0x00, 0x00, 0x00, 0x00, 
    0x00, 0x00, 0x00, 0x00, 0x00, 0x00, 0x00, 0x00, 0x00, 0x00, 0x80, 0x00, 0x03, 0xE0, 0x00, 0x00, 
    0x00, 0x00, 0xC0, 0x00, 0x0F, 0xF8, 0x00, 0x00, 0x00, 0x00, 0xC0, 0x00, 0x1F, 0xFC, 0x00, 0x00, 
    0x00, 0x00, 0xC0, 0xC0, 0x38, 0x0E, 0x00, 0x00, 0x00, 0x00, 0x01, 0xC0, 0x30, 0x06, 0x00, 0x00, 
    0x00, 0xE0, 0x01, 0xC0, 0x70, 0x07, 0x00, 0x00, 0x00, 0xF0, 0x01, 0x80, 0x60, 0x03, 0x01, 0xC0, 
    0x00, 0x70, 0x00, 0x00, 0x61, 0xC3, 0x07, 0xE0, 0x00, 0x01, 0xF8, 0x00, 0x61, 0xC3, 0x03, 0xC0, 
    0x00, 0x03, 0xFC, 0x00, 0x61, 0xC3, 0x00, 0x00, 0x00, 0x07, 0x0E, 0x00, 0x60, 0xC3, 0x00, 0x00, 
    0x00, 0x06, 0x06, 0x1E, 0x70, 0xC3, 0x00, 0x00, 0x00, 0x06, 0x06, 0x1E, 0x70, 0xC3, 0x00, 0x00, 
    0x03, 0x86, 0x06, 0x00, 0x70, 0xC3, 0x03, 0x80, 0x07, 0xC6, 0x06, 0x00, 0x70, 0xC3, 0x87, 0x80, 
    0x00, 0x07, 0x0E, 0x00, 0x70, 0xC3, 0x80, 0x00, 0x00, 0x03, 0xFD, 0x80, 0x70, 0xC3, 0x80, 0x00, 
    0x00, 0x01, 0xF9, 0x80, 0x30, 0xC3, 0x80, 0x00, 0x00, 0x00, 0x01, 0xE0, 0x30, 0xC3, 0x80, 0x00, 
    0x00, 0x18, 0x03, 0xF0, 0x30, 0xC3, 0x83, 0xC0, 0x00, 0x38, 0x07, 0x70, 0x30, 0xC1, 0x87, 0xE0, 
    0x00, 0x38, 0x06, 0x00, 0x30, 0xE1, 0x83, 0xC0, 0x00, 0x30, 0x3E, 0x00, 0x30, 0xE1, 0x80, 0x00, 
    0x00, 0x00, 0x3E, 0x00, 0x30, 0xE1, 0x80, 0x00, 0x00, 0x00, 0x3E, 0x00, 0x30, 0xE1, 0x80, 0x00, 
    0x00, 0x00, 0x3E, 0x00, 0x30, 0xE1, 0x80, 0x00, 0x00, 0x00, 0x07, 0x00, 0x30, 0xE1, 0x87, 0x80, 
    0x00, 0x00, 0x07, 0x00, 0x38, 0x61, 0x83, 0x80, 0x00, 0x00, 0x03, 0x80, 0x38, 0x61, 0x80, 0x00, 
    0x00, 0x00, 0x01, 0x80, 0x38, 0x61, 0x80, 0x00, 0x00, 0x00, 0xC1, 0x80, 0x38, 0x61, 0xC0, 0x00, 
    0x00, 0x01, 0xC1, 0x80, 0x38, 0x61, 0xC0, 0x00, 0x00, 0x01, 0xC3, 0x80, 0x38, 0x61, 0xC3, 0xC0, 
    0x00, 0x03, 0x83, 0x80, 0x18, 0x61, 0xC7, 0xE0, 0x00, 0x03, 0x87, 0x00, 0x18, 0x61, 0xC1, 0xC0, 
    0x00, 0x03, 0x06, 0x00, 0x18, 0x61, 0xC0, 0x00, 0x00, 0x00, 0x0E, 0x00, 0x38, 0x60, 0xE0, 0x00, 
    0x00, 0x00, 0x0E, 0x00, 0x30, 0x70, 0x70, 0x00, 0x00, 0x00, 0x0E, 0x00, 0x70, 0x70, 0x30, 0x00, 
    0x00, 0x00, 0x06, 0x00, 0x60, 0xF8, 0x38, 0x00, 0x00, 0x00, 0x07, 0x00, 0xE1, 0xFC, 0x18, 0x00, 
    0x00, 0x00, 0x03, 0x00, 0xC1, 0xCE, 0x18, 0x00, 0x00, 0x00, 0x03, 0x80, 0xC3, 0x86, 0x18, 0x00, 
    0x00, 0x00, 0x01, 0x80, 0xC3, 0x86, 0x1C, 0x00, 0x00, 0x00, 0x01, 0x80, 0xC1, 0x8E, 0x18, 0x00, 
    0x00, 0x00, 0x01, 0x80, 0xE1, 0xFC, 0x18, 0x00, 0x00, 0x00, 0x01, 0x80, 0xE0, 0xF8, 0x38, 0x00, 
    0x00, 0x00, 0x00, 0x00, 0x70, 0x00, 0x38, 0x00, 0x00, 0x00, 0x00, 0x00, 0x70, 0x00, 0x70, 0x00, 
    0x00, 0x00, 0x00, 0x00, 0x38, 0x00, 0xE0, 0x00, 0x00, 0x00, 0x00, 0x00, 0x1E, 0x01, 0xC0, 0x00, 
    0x00, 0x00, 0x00, 0x00, 0x0F, 0xFF, 0x80, 0x00, 0x00, 0x00, 0x00, 0x00, 0x07, 0xFF, 0x00, 0x00, 
    0x00, 0x00, 0x00, 0x00, 0x00, 0xF8, 0x00, 0x00, 0x00, 0x00, 0x00, 0x00, 0x00, 0x00, 0x00, 0x00, 
    0x00, 0x00, 0x00, 0x00, 0x00, 0x00, 0x00, 0x00, 0x00, 0x00, 0x00, 0x00, 0x00, 0x00, 0x00, 0x00, 
    0x00, 0x00, 0x00, 0x00, 0x00, 0x00, 0x00, 0x00, 0x00, 0x00, 0x00, 0x00, 0x00, 0x00, 0x00, 0x00, 
      },
  {
    0x00, 0x00, 0x00, 0x00, 0x00, 0x00, 0x00, 0x00, 0x00, 0x00, 0x00, 0x00, 0x00, 0x00, 0x00, 0x00, 
    0x00, 0x00, 0x00, 0x00, 0x00, 0x00, 0x00, 0x00, 0x00, 0x00, 0x00, 0x00, 0x00, 0x00, 0x00, 0x00, 
    0x00, 0x00, 0x00, 0x00, 0x00, 0x00, 0x00, 0x00, 0x00, 0x00, 0x10, 0x00, 0x03, 0xE0, 0x00, 0x00, 
    0x00, 0x00, 0x38, 0x00, 0x0F, 0xF8, 0x00, 0x00, 0x00, 0x00, 0x38, 0x00, 0x1F, 0xFC, 0x00, 0x00, 
    0x00, 0x30, 0x30, 0x00, 0x3C, 0x0E, 0x00, 0x00, 0x00, 0x38, 0x10, 0x00, 0x38, 0x07, 0x00, 0x00, 
    0x00, 0x18, 0x00, 0x30, 0x70, 0x07, 0x00, 0x00, 0x00, 0x08, 0x00, 0x70, 0x70, 0x03, 0x01, 0xC0, 
    0x00, 0x00, 0x00, 0x60, 0x60, 0xC3, 0x07, 0xE0, 0x00, 0x01, 0xF8, 0x00, 0x70, 0xC3, 0x03, 0xC0, 
    0x00, 0x03, 0xFC, 0x00, 0x70, 0xC3, 0x00, 0x00, 0x02, 0x07, 0x0E, 0x00, 0x70, 0xC3, 0x00, 0x00, 
    0x07, 0xC6, 0x06, 0x00, 0x70, 0xC3, 0x00, 0x00, 0x03, 0x86, 0x06, 0x00, 0x70, 0xC3, 0x80, 0x00, 
    0x00, 0x06, 0x06, 0x1C, 0x70, 0xC3, 0x83, 0x80, 0x00, 0x06, 0x06, 0x3E, 0x70, 0xC3, 0x87, 0x80, 
    0x00, 0x07, 0x0E, 0x04, 0x70, 0xC3, 0x80, 0x00, 0x00, 0x03, 0xFD, 0x80, 0x30, 0xC3, 0x80, 0x00, 
    0x00, 0x01, 0xF9, 0x80, 0x30, 0xC3, 0x80, 0x00, 0x00, 0x60, 0x01, 0x80, 0x30, 0xC3, 0x80, 0x00, 
    0x00, 0xE0, 0x03, 0x80, 0x30, 0xE1, 0x83, 0xC0, 0x00, 0xC0, 0x07, 0x80, 0x30, 0xE1, 0x87, 0xE0, 
    0x00, 0x00, 0x87, 0xC0, 0x30, 0xE1, 0x83, 0xC0, 0x00, 0x00, 0xCE, 0xC0, 0x30, 0xE1, 0x80, 0x00, 
    0x00, 0x00, 0xCE, 0x00, 0x30, 0xE1, 0x80, 0x00, 0x00, 0x01, 0xCE, 0x00, 0x30, 0xE1, 0x80, 0x00, 
    0x00, 0x00, 0x8E, 0x00, 0x30, 0xE1, 0x80, 0x00, 0x00, 0x00, 0x07, 0x00, 0x30, 0xE1, 0x87, 0x80, 
    0x00, 0x00, 0x07, 0x00, 0x38, 0x61, 0x83, 0x80, 0x00, 0x00, 0x03, 0x80, 0x38, 0x61, 0x80, 0x00, 
    0x00, 0x00, 0x01, 0x80, 0x38, 0x61, 0x80, 0x00, 0x00, 0x00, 0xC1, 0x80, 0x38, 0x61, 0xC0, 0x00, 
    0x00, 0x01, 0xC1, 0x80, 0x38, 0x61, 0xC0, 0x00, 0x00, 0x01, 0xC3, 0x80, 0x38, 0x61, 0xC3, 0xC0, 
    0x00, 0x01, 0x83, 0x80, 0x38, 0x61, 0xC7, 0xE0, 0x00, 0x00, 0x07, 0x00, 0x38, 0x61, 0xC1, 0xC0, 
    0x00, 0x00, 0x06, 0x00, 0x18, 0x61, 0xC0, 0x00, 0x00, 0x00, 0x0E, 0x00, 0x38, 0x60, 0xE0, 0x00, 
    0x00, 0x00, 0x0E, 0x00, 0x70, 0x60, 0x70, 0x00, 0x00, 0x00, 0x0E, 0x00, 0x70, 0x70, 0x30, 0x00, 
    0x00, 0x00, 0x06, 0x00, 0xE0, 0xF8, 0x38, 0x00, 0x00, 0x00, 0x07, 0x00, 0xE1, 0xFC, 0x18, 0x00, 
    0x00, 0x00, 0x03, 0x00, 0xC3, 0x8E, 0x18, 0x00, 0x00, 0x00, 0x03, 0x80, 0xC3, 0x86, 0x18, 0x00, 
    0x00, 0x00, 0x01, 0x80, 0xC3, 0x86, 0x18, 0x00, 0x00, 0x00, 0x01, 0x80, 0xC3, 0x8E, 0x18, 0x00, 
    0x00, 0x00, 0x00, 0x00, 0xC1, 0xFC, 0x18, 0x00, 0x00, 0x00, 0x00, 0x00, 0xE0, 0xF8, 0x38, 0x00, 
    0x00, 0x00, 0x00, 0x00, 0x60, 0x00, 0x30, 0x00, 0x00, 0x00, 0x00, 0x00, 0x70, 0x00, 0x70, 0x00, 
    0x00, 0x00, 0x00, 0x00, 0x38, 0x00, 0xE0, 0x00, 0x00, 0x00, 0x00, 0x00, 0x1E, 0x01, 0xC0, 0x00, 
    0x00, 0x00, 0x00, 0x00, 0x0F, 0xFF, 0x80, 0x00, 0x00, 0x00, 0x00, 0x00, 0x07, 0xFF, 0x00, 0x00, 
    0x00, 0x00, 0x00, 0x00, 0x00, 0xF8, 0x00, 0x00, 0x00, 0x00, 0x00, 0x00, 0x00, 0x00, 0x00, 0x00, 
    0x00, 0x00, 0x00, 0x00, 0x00, 0x00, 0x00, 0x00, 0x00, 0x00, 0x00, 0x00, 0x00, 0x00, 0x00, 0x00, 
    0x00, 0x00, 0x00, 0x00, 0x00, 0x00, 0x00, 0x00, 0x00, 0x00, 0x00, 0x00, 0x00, 0x00, 0x00, 0x00, 
      },
  {
    0x00, 0x00, 0x00, 0x00, 0x00, 0x00, 0x00, 0x00, 0x00, 0x00, 0x00, 0x00, 0x00, 0x00, 0x00, 0x00, 
    0x00, 0x00, 0x00, 0x00, 0x00, 0x00, 0x00, 0x00, 0x00, 0x00, 0x00, 0x00, 0x00, 0x00, 0x00, 0x00, 
    0x00, 0x00, 0x00, 0x00, 0x00, 0x00, 0x00, 0x00, 0x00, 0x00, 0x00, 0x00, 0x01, 0xE0, 0x00, 0x00, 
    0x00, 0x0C, 0x06, 0x00, 0x07, 0xF8, 0x00, 0x00, 0x00, 0x0C, 0x06, 0x00, 0x1F, 0xFC, 0x00, 0x00, 
    0x00, 0x0E, 0x0E, 0x00, 0x1C, 0x0E, 0x00, 0x00, 0x00, 0x06, 0x0C, 0x00, 0x38, 0x07, 0x00, 0x00, 
    0x00, 0x00, 0x00, 0x00, 0x30, 0x03, 0x00, 0x00, 0x00, 0x00, 0x00, 0x00, 0x70, 0x03, 0x01, 0xC0, 
    0x00, 0x00, 0x00, 0x1C, 0x70, 0xC3, 0x87, 0xE0, 0x03, 0x81, 0xF8, 0x3C, 0x70, 0xC3, 0x83, 0xC0, 
    0x03, 0xC3, 0xFC, 0x30, 0x70, 0xC3, 0x80, 0x00, 0x01, 0xC7, 0x0E, 0x00, 0x70, 0xC3, 0x80, 0x00, 
    0x00, 0x06, 0x06, 0x00, 0x70, 0xC3, 0x80, 0x00, 0x00, 0x06, 0x06, 0x00, 0x30, 0xC3, 0x80, 0x00, 
    0x00, 0x06, 0x06, 0x00, 0x30, 0xC3, 0x83, 0x80, 0x00, 0x06, 0x06, 0x00, 0x30, 0xC3, 0x87, 0x80, 
    0x00, 0x07, 0x0E, 0x30, 0x30, 0xC3, 0x80, 0x00, 0x00, 0xC3, 0xFD, 0xBC, 0x30, 0xC3, 0x80, 0x00, 
    0x03, 0xC1, 0xF9, 0x9C, 0x30, 0xE1, 0x80, 0x00, 0x03, 0x80, 0x01, 0x80, 0x30, 0xE1, 0x80, 0x00, 
    0x00, 0x00, 0x03, 0x80, 0x30, 0xE1, 0x83, 0xC0, 0x00, 0x00, 0x07, 0x00, 0x30, 0xE1, 0x87, 0xE0, 
    0x00, 0x03, 0x07, 0x00, 0x30, 0xE1, 0x83, 0xC0, 0x00, 0x07, 0x0F, 0x00, 0x30, 0xE1, 0x80, 0x00, 
    0x00, 0x06, 0x0F, 0x00, 0x30, 0xE1, 0x80, 0x00, 0x00, 0x06, 0x0F, 0x00, 0x30, 0xE1, 0x80, 0x00, 
    0x00, 0x00, 0x0E, 0x00, 0x30, 0xE1, 0x80, 0x00, 0x00, 0x00, 0x07, 0x00, 0x30, 0xE1, 0x87, 0x80, 
    0x00, 0x00, 0x07, 0x00, 0x38, 0x61, 0x83, 0x80, 0x00, 0x00, 0x03, 0x80, 0x38, 0x61, 0x80, 0x00, 
    0x00, 0x00, 0x01, 0x80, 0x38, 0x61, 0x80, 0x00, 0x00, 0x00, 0xC1, 0x80, 0x38, 0x61, 0x80, 0x00, 
    0x00, 0x01, 0xC1, 0x80, 0x38, 0x61, 0xC0, 0x00, 0x00, 0x00, 0x83, 0x80, 0x38, 0x61, 0xC3, 0xC0, 
    0x00, 0x00, 0x03, 0x80, 0x38, 0x61, 0xC7, 0xE0, 0x00, 0x00, 0x07, 0x00, 0x38, 0x61, 0xC1, 0xC0, 
    0x00, 0x00, 0x06, 0x00, 0x38, 0x61, 0xC0, 0x00, 0x00, 0x00, 0x0E, 0x00, 0x38, 0x60, 0xE0, 0x00, 
    0x00, 0x00, 0x0E, 0x00, 0x70, 0x60, 0x70, 0x00, 0x00, 0x00, 0x0E, 0x00, 0x60, 0x60, 0x70, 0x00, 
    0x00, 0x00, 0x06, 0x00, 0xE0, 0xF8, 0x38, 0x00, 0x00, 0x00, 0x07, 0x00, 0xC1, 0xFC, 0x38, 0x00, 
    0x00, 0x00, 0x03, 0x00, 0xC3, 0x8C, 0x18, 0x00, 0x00, 0x00, 0x00, 0x00, 0xC3, 0x0E, 0x18, 0x00, 
    0x00, 0x00, 0x00, 0x00, 0xC3, 0x0E, 0x18, 0x00, 0x00, 0x00, 0x00, 0x00, 0xC3, 0x8E, 0x18, 0x00, 
    0x00, 0x00, 0x00, 0x00, 0xC1, 0xFC, 0x38, 0x00, 0x00, 0x00, 0x00, 0x00, 0xE0, 0xF8, 0x38, 0x00, 
    0x00, 0x00, 0x00, 0x00, 0x60, 0x00, 0x30, 0x00, 0x00, 0x00, 0x00, 0x00, 0x70, 0x00, 0x70, 0x00, 
    0x00, 0x00, 0x00, 0x00, 0x38, 0x00, 0xE0, 0x00, 0x00, 0x00, 0x00, 0x00, 0x1C, 0x03, 0xC0, 0x00, 
    0x00, 0x00, 0x00, 0x00, 0x0F, 0xDF, 0x80, 0x00, 0x00, 0x00, 0x00, 0x00, 0x07, 0xFF, 0x00, 0x00, 
    0x00, 0x00, 0x00, 0x00, 0x00, 0xF8, 0x00, 0x00, 0x00, 0x00, 0x00, 0x00, 0x00, 0x00, 0x00, 0x00, 
    0x00, 0x00, 0x00, 0x00, 0x00, 0x00, 0x00, 0x00, 0x00, 0x00, 0x00, 0x00, 0x00, 0x00, 0x00, 0x00, 
    0x00, 0x00, 0x00, 0x00, 0x00, 0x00, 0x00, 0x00, 0x00, 0x00, 0x00, 0x00, 0x00, 0x00, 0x00, 0x00, 
      },
  {
    0x00, 0x00, 0x00, 0x00, 0x00, 0x00, 0x00, 0x00, 0x00, 0x00, 0x00, 0x00, 0x00, 0x00, 0x00, 0x00, 
    0x00, 0x00, 0x00, 0x00, 0x00, 0x00, 0x00, 0x00, 0x00, 0x00, 0x00, 0x00, 0x00, 0x00, 0x00, 0x00, 
    0x00, 0x00, 0x00, 0x00, 0x00, 0x00, 0x00, 0x00, 0x00, 0x01, 0x00, 0x00, 0x01, 0xF0, 0x00, 0x00, 
    0x00, 0x03, 0x00, 0x00, 0x07, 0xFC, 0x00, 0x00, 0x00, 0x03, 0x81, 0x80, 0x0F, 0xBE, 0x00, 0x00, 
    0x00, 0x01, 0x81, 0x80, 0x1C, 0x0F, 0x00, 0x00, 0x00, 0x01, 0x83, 0x80, 0x38, 0x07, 0x00, 0x00, 
    0x00, 0x00, 0x03, 0x00, 0x30, 0x03, 0x80, 0x00, 0x01, 0xC0, 0x00, 0x00, 0x30, 0x03, 0x81, 0xC0, 
    0x01, 0xE0, 0x00, 0x00, 0x30, 0xC3, 0x87, 0xE0, 0x00, 0xE1, 0xF8, 0x00, 0x30, 0xC3, 0x83, 0xC0, 
    0x00, 0x03, 0xFC, 0x0C, 0x30, 0xC3, 0x80, 0x00, 0x00, 0x07, 0x0E, 0x3E, 0x30, 0xE1, 0x80, 0x00, 
    0x00, 0x06, 0x06, 0x3C, 0x30, 0xE1, 0x80, 0x00, 0x00, 0x06, 0x06, 0x00, 0x30, 0xE1, 0x80, 0x00, 
    0x00, 0x06, 0x06, 0x00, 0x30, 0xE1, 0x83, 0x80, 0x01, 0xC6, 0x06, 0x00, 0x30, 0xE1, 0x87, 0x80, 
    0x07, 0xC7, 0x0E, 0x00, 0x30, 0xE1, 0x80, 0x00, 0x03, 0x03, 0xFD, 0x80, 0x30, 0xE1, 0x80, 0x00, 
    0x00, 0x01, 0xF9, 0xF0, 0x30, 0xE1, 0x80, 0x00, 0x00, 0x00, 0x01, 0xF8, 0x30, 0xE1, 0x80, 0x00, 
    0x00, 0x00, 0x03, 0xB8, 0x30, 0xE1, 0x83, 0xC0, 0x00, 0x0C, 0x07, 0x00, 0x30, 0xE1, 0x87, 0xE0, 
    0x00, 0x1C, 0x0E, 0x00, 0x30, 0xE1, 0x83, 0xC0, 0x00, 0x1C, 0x1E, 0x00, 0x30, 0xE1, 0x80, 0x00, 
    0x00, 0x18, 0x1E, 0x00, 0x30, 0xE1, 0x80, 0x00, 0x00, 0x00, 0x0E, 0x00, 0x30, 0xE1, 0x80, 0x00, 
    0x00, 0x00, 0x0E, 0x00, 0x30, 0xE1, 0x80, 0x00, 0x00, 0x00, 0x07, 0x00, 0x38, 0xE1, 0x87, 0x80, 
    0x00, 0x00, 0x07, 0x00, 0x38, 0x61, 0x83, 0x80, 0x00, 0x00, 0x03, 0x80, 0x38, 0x61, 0x80, 0x00, 
    0x00, 0x00, 0x01, 0x80, 0x38, 0x61, 0x80, 0x00, 0x00, 0x00, 0xC1, 0x80, 0x38, 0x61, 0x80, 0x00, 
    0x00, 0x00, 0xC1, 0x80, 0x38, 0x61, 0x80, 0x00, 0x00, 0x00, 0x03, 0x80, 0x38, 0x61, 0x83, 0xC0, 
    0x00, 0x00, 0x03, 0x80, 0x38, 0x61, 0x87, 0xE0, 0x00, 0x00, 0x07, 0x00, 0x38, 0x61, 0x81, 0xC0, 
    0x00, 0x00, 0x06, 0x00, 0x38, 0x61, 0xC0, 0x00, 0x00, 0x00, 0x0E, 0x00, 0x38, 0x61, 0xE0, 0x00, 
    0x00, 0x00, 0x0E, 0x00, 0x70, 0x60, 0xE0, 0x00, 0x00, 0x00, 0x0E, 0x00, 0xE0, 0x60, 0x70, 0x00, 
    0x00, 0x00, 0x00, 0x00, 0xE0, 0xF8, 0x30, 0x00, 0x00, 0x00, 0x00, 0x00, 0xC1, 0xFC, 0x38, 0x00, 
    0x00, 0x00, 0x00, 0x01, 0xC3, 0x9C, 0x38, 0x00, 0x00, 0x00, 0x00, 0x01, 0xC3, 0x0C, 0x38, 0x00, 
    0x00, 0x00, 0x00, 0x01, 0xC3, 0x0C, 0x38, 0x00, 0x00, 0x00, 0x00, 0x01, 0xC3, 0x8C, 0x38, 0x00, 
    0x00, 0x00, 0x00, 0x00, 0xC3, 0xFC, 0x38, 0x00, 0x00, 0x00, 0x00, 0x00, 0xC1, 0xF8, 0x30, 0x00, 
    0x00, 0x00, 0x00, 0x00, 0xE0, 0x00, 0x70, 0x00, 0x00, 0x00, 0x00, 0x00, 0x70, 0x00, 0x60, 0x00, 
    0x00, 0x00, 0x00, 0x00, 0x78, 0x00, 0xE0, 0x00, 0x00, 0x00, 0x00, 0x00, 0x3C, 0x03, 0xC0, 0x00, 
    0x00, 0x00, 0x00, 0x00, 0x1F, 0xDF, 0x80, 0x00, 0x00, 0x00, 0x00, 0x00, 0x07, 0xFE, 0x00, 0x00, 
    0x00, 0x00, 0x00, 0x00, 0x01, 0xF8, 0x00, 0x00, 0x00, 0x00, 0x00, 0x00, 0x00, 0x00, 0x00, 0x00, 
    0x00, 0x00, 0x00, 0x00, 0x00, 0x00, 0x00, 0x00, 0x00, 0x00, 0x00, 0x00, 0x00, 0x00, 0x00, 0x00, 
    0x00, 0x00, 0x00, 0x00, 0x00, 0x00, 0x00, 0x00, 0x00, 0x00, 0x00, 0x00, 0x00, 0x00, 0x00, 0x00, 
      },
  {
    0x00, 0x00, 0x00, 0x00, 0x00, 0x00, 0x00, 0x00, 0x00, 0x00, 0x00, 0x00, 0x00, 0x00, 0x00, 0x00, 
    0x00, 0x00, 0x00, 0x00, 0x00, 0x00, 0x00, 0x00, 0x00, 0x00, 0x00, 0x00, 0x00, 0x00, 0x00, 0x00, 
    0x00, 0x00, 0x00, 0x00, 0x00, 0x00, 0x00, 0x00, 0x00, 0x00, 0x40, 0x00, 0x01, 0xF0, 0x00, 0x00, 
    0x00, 0x00, 0xE0, 0x00, 0x07, 0xFC, 0x00, 0x00, 0x00, 0x00, 0xE0, 0x00, 0x0F, 0xBE, 0x00, 0x00, 
    0x00, 0x00, 0x60, 0x60, 0x1C, 0x07, 0x00, 0x00, 0x00, 0xC0, 0x40, 0xE0, 0x18, 0x03, 0x00, 0x00, 
    0x00, 0xF0, 0x01, 0xE0, 0x38, 0x03, 0x80, 0x00, 0x00, 0x70, 0x00, 0xC0, 0x30, 0x01, 0x81, 0xC0, 
    0x00, 0x20, 0x00, 0x00, 0x30, 0xE1, 0x87, 0xE0, 0x00, 0x01, 0xF8, 0x00, 0x30, 0xE1, 0x83, 0xC0, 
    0x00, 0x03, 0xFC, 0x00, 0x30, 0xE1, 0x80, 0x00, 0x00, 0x07, 0x0E, 0x00, 0x30, 0xE1, 0x80, 0x00, 
    0x00, 0x06, 0x06, 0x0C, 0x30, 0xE1, 0x80, 0x00, 0x03, 0x86, 0x06, 0x3E, 0x30, 0xE1, 0x80, 0x00, 
    0x07, 0xC6, 0x06, 0x1C, 0x30, 0xE1, 0x83, 0x80, 0x03, 0x86, 0x06, 0x00, 0x30, 0xE1, 0x87, 0x80, 
    0x00, 0x07, 0x0E, 0x00, 0x30, 0xE1, 0x80, 0x00, 0x00, 0x03, 0xFD, 0x80, 0x30, 0xE1, 0x80, 0x00, 
    0x00, 0x01, 0xF9, 0x80, 0x30, 0xE1, 0x80, 0x00, 0x00, 0x00, 0x01, 0xC0, 0x30, 0xE1, 0x80, 0x00, 
    0x00, 0x30, 0x03, 0xE0, 0x30, 0xE1, 0x83, 0xC0, 0x00, 0x38, 0x07, 0xF0, 0x30, 0xE1, 0x87, 0xE0, 
    0x00, 0x70, 0x26, 0x70, 0x30, 0xE1, 0x83, 0xC0, 0x00, 0x60, 0x66, 0x00, 0x30, 0xE1, 0x80, 0x00, 
    0x00, 0x00, 0x7E, 0x00, 0x30, 0xE1, 0x80, 0x00, 0x00, 0x00, 0x7E, 0x00, 0x30, 0xE1, 0x80, 0x00, 
    0x00, 0x00, 0x2E, 0x00, 0x38, 0xE1, 0x80, 0x00, 0x00, 0x00, 0x07, 0x00, 0x38, 0xE1, 0x87, 0x80, 
    0x00, 0x00, 0x07, 0x00, 0x38, 0x61, 0x83, 0x80, 0x00, 0x00, 0x03, 0x80, 0x38, 0x61, 0x80, 0x00, 
    0x00, 0x00, 0x01, 0x80, 0x38, 0x61, 0x80, 0x00, 0x00, 0x00, 0x01, 0x80, 0x38, 0x61, 0x80, 0x00, 
    0x00, 0x00, 0x01, 0x80, 0x38, 0x61, 0x80, 0x00, 0x00, 0x00, 0x03, 0x80, 0x38, 0x61, 0x83, 0xC0, 
    0x00, 0x00, 0x03, 0x80, 0x38, 0x61, 0x87, 0xE0, 0x00, 0x00, 0x07, 0x00, 0x38, 0x61, 0x81, 0xC0, 
    0x00, 0x00, 0x06, 0x00, 0x38, 0x61, 0xC0, 0x00, 0x00, 0x00, 0x00, 0x00, 0x70, 0x61, 0xC0, 0x00, 
    0x00, 0x00, 0x00, 0x00, 0x70, 0x60, 0xE0, 0x00, 0x00, 0x00, 0x00, 0x00, 0xE0, 0x60, 0x70, 0x00, 
    0x00, 0x00, 0x00, 0x00, 0xC1, 0xF0, 0x70, 0x00, 0x00, 0x00, 0x00, 0x01, 0xC3, 0xF8, 0x30, 0x00, 
    0x00, 0x00, 0x00, 0x01, 0xC3, 0x9C, 0x38, 0x00, 0x00, 0x00, 0x00, 0x01, 0xC3, 0x0C, 0x38, 0x00, 
    0x00, 0x00, 0x00, 0x01, 0xC3, 0x0C, 0x38, 0x00, 0x00, 0x00, 0x00, 0x01, 0xC3, 0x1C, 0x38, 0x00, 
    0x00, 0x00, 0x00, 0x01, 0xC3, 0xFC, 0x30, 0x00, 0x00, 0x00, 0x00, 0x00, 0xC1, 0xF8, 0x30, 0x00, 
    0x00, 0x00, 0x00, 0x00, 0xE0, 0x00, 0x70, 0x00, 0x00, 0x00, 0x00, 0x00, 0x60, 0x00, 0xE0, 0x00, 
    0x00, 0x00, 0x00, 0x00, 0x70, 0x01, 0xE0, 0x00, 0x00, 0x00, 0x00, 0x00, 0x3C, 0x03, 0xC0, 0x00, 
    0x00, 0x00, 0x00, 0x00, 0x1F, 0xBF, 0x80, 0x00, 0x00, 0x00, 0x00, 0x00, 0x07, 0xFE, 0x00, 0x00, 
    0x00, 0x00, 0x00, 0x00, 0x01, 0xF8, 0x00, 0x00, 0x00, 0x00, 0x00, 0x00, 0x00, 0x00, 0x00, 0x00, 
    0x00, 0x00, 0x00, 0x00, 0x00, 0x00, 0x00, 0x00, 0x00, 0x00, 0x00, 0x00, 0x00, 0x00, 0x00, 0x00, 
    0x00, 0x00, 0x00, 0x00, 0x00, 0x00, 0x00, 0x00, 0x00, 0x00, 0x00, 0x00, 0x00, 0x00, 0x00, 0x00, 
      },
  {
    0x00, 0x00, 0x00, 0x00, 0x00, 0x00, 0x00, 0x00, 0x00, 0x00, 0x00, 0x00, 0x00, 0x00, 0x00, 0x00, 
    0x00, 0x00, 0x00, 0x00, 0x00, 0x00, 0x00, 0x00, 0x00, 0x00, 0x00, 0x00, 0x00, 0x00, 0x00, 0x00, 
    0x00, 0x00, 0x00, 0x00, 0x00, 0x00, 0x00, 0x00, 0x00, 0x00, 0x10, 0x00, 0x01, 0xF0, 0x00, 0x00, 
    0x00, 0x00, 0x38, 0x00, 0x07, 0xFC, 0x00, 0x00, 0x00, 0x00, 0x38, 0x00, 0x0F, 0xBE, 0x00, 0x00, 
    0x00, 0x30, 0x30, 0x00, 0x1E, 0x07, 0x00, 0x00, 0x00, 0x38, 0x10, 0x00, 0x1C, 0x03, 0x80, 0x00, 
    0x00, 0x18, 0x00, 0x30, 0x38, 0x03, 0x80, 0x00, 0x00, 0x00, 0x00, 0x70, 0x38, 0x01, 0x81, 0xC0, 
    0x00, 0x00, 0x00, 0x60, 0x30, 0x61, 0x87, 0xE0, 0x00, 0x01, 0xF8, 0x00, 0x30, 0xE1, 0x83, 0xC0, 
    0x00, 0x03, 0xFC, 0x00, 0x30, 0xE1, 0x80, 0x00, 0x03, 0x07, 0x0E, 0x00, 0x30, 0xE1, 0x80, 0x00, 
    0x07, 0xC6, 0x06, 0x00, 0x30, 0xE1, 0x80, 0x00, 0x03, 0x86, 0x06, 0x00, 0x30, 0xE1, 0x80, 0x00, 
    0x00, 0x06, 0x06, 0x1C, 0x30, 0xE1, 0x83, 0x80, 0x00, 0x06, 0x06, 0x3E, 0x30, 0xE1, 0x87, 0x80, 
    0x00, 0x07, 0x0E, 0x0C, 0x30, 0xE1, 0x80, 0x00, 0x00, 0x03, 0xFD, 0x80, 0x30, 0xE1, 0x80, 0x00, 
    0x00, 0x01, 0xF9, 0x80, 0x38, 0xE1, 0x80, 0x00, 0x00, 0x60, 0x01, 0x80, 0x38, 0xE1, 0x80, 0x00, 
    0x00, 0xE0, 0x03, 0x80, 0x38, 0xE1, 0x83, 0xC0, 0x00, 0xC0, 0x07, 0x80, 0x38, 0xE1, 0x87, 0xE0, 
    0x00, 0x00, 0x87, 0xC0, 0x38, 0xE1, 0x83, 0xC0, 0x00, 0x00, 0xCE, 0xC0, 0x38, 0xE1, 0x80, 0x00, 
    0x00, 0x01, 0xCE, 0x00, 0x38, 0xE1, 0x80, 0x00, 0x00, 0x01, 0xCE, 0x00, 0x38, 0xE1, 0x80, 0x00, 
    0x00, 0x00, 0x8E, 0x00, 0x38, 0xE1, 0x80, 0x00, 0x00, 0x00, 0x07, 0x00, 0x38, 0xE1, 0x87, 0x80, 
    0x00, 0x00, 0x07, 0x00, 0x38, 0x61, 0x83, 0x80, 0x00, 0x00, 0x03, 0x80, 0x38, 0x61, 0x80, 0x00, 
    0x00, 0x00, 0x01, 0x80, 0x38, 0x61, 0x80, 0x00, 0x00, 0x00, 0x01, 0x80, 0x38, 0x61, 0x80, 0x00, 
    0x00, 0x00, 0x01, 0x80, 0x38, 0x61, 0x80, 0x00, 0x00, 0x00, 0x01, 0x80, 0x38, 0x61, 0x83, 0xC0, 
    0x00, 0x00, 0x00, 0x00, 0x38, 0x61, 0x87, 0xE0, 0x00, 0x00, 0x00, 0x00, 0x38, 0x61, 0x81, 0xC0, 
    0x00, 0x00, 0x00, 0x00, 0x38, 0x61, 0x80, 0x00, 0x00, 0x00, 0x00, 0x00, 0x70, 0x61, 0xC0, 0x00, 
    0x00, 0x00, 0x00, 0x00, 0x70, 0x60, 0xE0, 0x00, 0x00, 0x00, 0x00, 0x00, 0xE0, 0x60, 0x60, 0x00, 
    0x00, 0x00, 0x00, 0x00, 0xC1, 0xF0, 0x70, 0x00, 0x00, 0x00, 0x00, 0x01, 0xC3, 0xF8, 0x30, 0x00, 
    0x00, 0x00, 0x00, 0x01, 0xC3, 0x9C, 0x30, 0x00, 0x00, 0x00, 0x00, 0x01, 0x87, 0x0C, 0x38, 0x00, 
    0x00, 0x00, 0x00, 0x01, 0x87, 0x0C, 0x38, 0x00, 0x00, 0x00, 0x00, 0x01, 0x83, 0x1C, 0x30, 0x00, 
    0x00, 0x00, 0x00, 0x01, 0xC3, 0xF8, 0x30, 0x00, 0x00, 0x00, 0x00, 0x00, 0xC1, 0xF8, 0x30, 0x00, 
    0x00, 0x00, 0x00, 0x00, 0xE0, 0x00, 0x70, 0x00, 0x00, 0x00, 0x00, 0x00, 0xE0, 0x00, 0xE0, 0x00, 
    0x00, 0x00, 0x00, 0x00, 0x70, 0x01, 0xC0, 0x00, 0x00, 0x00, 0x00, 0x00, 0x3C, 0x03, 0xC0, 0x00, 
    0x00, 0x00, 0x00, 0x00, 0x1F, 0xBF, 0x80, 0x00, 0x00, 0x00, 0x00, 0x00, 0x0F, 0xFE, 0x00, 0x00, 
    0x00, 0x00, 0x00, 0x00, 0x01, 0xF8, 0x00, 0x00, 0x00, 0x00, 0x00, 0x00, 0x00, 0x00, 0x00, 0x00, 
    0x00, 0x00, 0x00, 0x00, 0x00, 0x00, 0x00, 0x00, 0x00, 0x00, 0x00, 0x00, 0x00, 0x00, 0x00, 0x00, 
    0x00, 0x00, 0x00, 0x00, 0x00, 0x00, 0x00, 0x00, 0x00, 0x00, 0x00, 0x00, 0x00, 0x00, 0x00, 0x00, 
      },
  {
    0x00, 0x00, 0x00, 0x00, 0x00, 0x00, 0x00, 0x00, 0x00, 0x00, 0x00, 0x00, 0x00, 0x00, 0x00, 0x00, 
    0x00, 0x00, 0x00, 0x00, 0x00, 0x00, 0x00, 0x00, 0x00, 0x00, 0x00, 0x00, 0x00, 0x00, 0x00, 0x00, 
    0x00, 0x00, 0x00, 0x00, 0x00, 0x00, 0x00, 0x00, 0x00, 0x00, 0x00, 0x00, 0x01, 0xF0, 0x00, 0x00, 
    0x00, 0x00, 0x0C, 0x00, 0x07, 0xFC, 0x00, 0x00, 0x00, 0x1C, 0x0C, 0x00, 0x0F, 0xFE, 0x00, 0x00, 
    0x00, 0x0C, 0x0C, 0x00, 0x1E, 0x07, 0x00, 0x00, 0x00, 0x0E, 0x0C, 0x00, 0x1C, 0x03, 0x80, 0x00, 
    0x00, 0x04, 0x00, 0x00, 0x38, 0x03, 0x80, 0x00, 0x00, 0x00, 0x00, 0x08, 0x38, 0x01, 0x81, 0xC0, 
    0x00, 0x00, 0x00, 0x3C, 0x38, 0x61, 0x87, 0xE0, 0x00, 0x01, 0xF8, 0x78, 0x38, 0xE1, 0x83, 0xC0, 
    0x03, 0xC3, 0xFC, 0x20, 0x38, 0xE1, 0x80, 0x00, 0x03, 0xC7, 0x0E, 0x00, 0x38, 0xE1, 0x80, 0x00, 
    0x00, 0x06, 0x06, 0x00, 0x38, 0xE1, 0x80, 0x00, 0x00, 0x06, 0x06, 0x00, 0x38, 0xE1, 0x80, 0x00, 
    0x00, 0x06, 0x06, 0x00, 0x38, 0xE1, 0x83, 0x80, 0x00, 0x06, 0x06, 0x00, 0x38, 0xE1, 0x87, 0x80, 
    0x00, 0x07, 0x0E, 0x3C, 0x38, 0xE1, 0x80, 0x00, 0x00, 0x43, 0xFD, 0xBC, 0x38, 0xE1, 0x80, 0x00, 
    0x01, 0xE1, 0xF9, 0x84, 0x38, 0xE1, 0x80, 0x00, 0x01, 0xC0, 0x01, 0x80, 0x38, 0xE1, 0x80, 0x00, 
    0x01, 0x00, 0x03, 0x80, 0x38, 0xE1, 0x83, 0xC0, 0x00, 0x00, 0x07, 0x00, 0x38, 0xE1, 0x87, 0xE0, 
    0x00, 0x03, 0x07, 0x00, 0x38, 0xE1, 0x83, 0xC0, 0x00, 0x03, 0x0F, 0x00, 0x38, 0xE1, 0x80, 0x00, 
    0x00, 0x03, 0x0F, 0x80, 0x38, 0xE1, 0x80, 0x00, 0x00, 0x03, 0x0E, 0x00, 0x38, 0xE1, 0x80, 0x00, 
    0x00, 0x00, 0x0E, 0x00, 0x38, 0xE1, 0x80, 0x00, 0x00, 0x00, 0x07, 0x00, 0x38, 0xE1, 0x87, 0x80, 
    0x00, 0x00, 0x07, 0x00, 0x38, 0xE1, 0x83, 0x80, 0x00, 0x00, 0x03, 0x80, 0x38, 0xE1, 0x80, 0x00, 
    0x00, 0x00, 0x01, 0x80, 0x38, 0xE1, 0x80, 0x00, 0x00, 0x00, 0x00, 0x00, 0x38, 0xE1, 0x80, 0x00, 
    0x00, 0x00, 0x00, 0x00, 0x38, 0xE1, 0x80, 0x00, 0x00, 0x00, 0x00, 0x00, 0x38, 0xE1, 0x83, 0xC0, 
    0x00, 0x00, 0x00, 0x00, 0x38, 0xE1, 0x87, 0xE0, 0x00, 0x00, 0x00, 0x00, 0x38, 0xE1, 0x81, 0xC0, 
    0x00, 0x00, 0x00, 0x00, 0x38, 0xE1, 0x80, 0x00, 0x00, 0x00, 0x00, 0x00, 0x70, 0xE1, 0xC0, 0x00, 
    0x00, 0x00, 0x00, 0x00, 0x60, 0xE0, 0xE0, 0x00, 0x00, 0x00, 0x00, 0x00, 0xE0, 0xE0, 0x60, 0x00, 
    0x00, 0x00, 0x00, 0x00, 0xC1, 0xF0, 0x70, 0x00, 0x00, 0x00, 0x00, 0x01, 0xC3, 0xF8, 0x30, 0x00, 
    0x00, 0x00, 0x00, 0x01, 0x83, 0x9C, 0x30, 0x00, 0x00, 0x00, 0x00, 0x01, 0x87, 0x0C, 0x30, 0x00, 
    0x00, 0x00, 0x00, 0x01, 0x87, 0x0C, 0x38, 0x00, 0x00, 0x00, 0x00, 0x01, 0x83, 0x1C, 0x30, 0x00, 
    0x00, 0x00, 0x00, 0x01, 0xC3, 0xF8, 0x30, 0x00, 0x00, 0x00, 0x00, 0x01, 0xC1, 0xF0, 0x70, 0x00, 
    0x00, 0x00, 0x00, 0x00, 0xE0, 0x00, 0x70, 0x00, 0x00, 0x00, 0x00, 0x00, 0xE0, 0x00, 0xE0, 0x00, 
    0x00, 0x00, 0x00, 0x00, 0x70, 0x01, 0xC0, 0x00, 0x00, 0x00, 0x00, 0x00, 0x3C, 0x03, 0xC0, 0x00, 
    0x00, 0x00, 0x00, 0x00, 0x1F, 0xBF, 0x00, 0x00, 0x00, 0x00, 0x00, 0x00, 0x0F, 0xFE, 0x00, 0x00, 
    0x00, 0x00, 0x00, 0x00, 0x01, 0xF8, 0x00, 0x00, 0x00, 0x00, 0x00, 0x00, 0x00, 0x00, 0x00, 0x00, 
    0x00, 0x00, 0x00, 0x00, 0x00, 0x00, 0x00, 0x00, 0x00, 0x00, 0x00, 0x00, 0x00, 0x00, 0x00, 0x00, 
    0x00, 0x00, 0x00, 0x00, 0x00, 0x00, 0x00, 0x00, 0x00, 0x00, 0x00, 0x00, 0x00, 0x00, 0x00, 0x00, 
      },
  {
    0x00, 0x00, 0x00, 0x00, 0x00, 0x00, 0x00, 0x00, 0x00, 0x00, 0x00, 0x00, 0x00, 0x00, 0x00, 0x00, 
    0x00, 0x00, 0x00, 0x00, 0x00, 0x00, 0x00, 0x00, 0x00, 0x00, 0x00, 0x00, 0x00, 0x00, 0x00, 0x00, 
    0x00, 0x00, 0x00, 0x00, 0x00, 0x00, 0x00, 0x00, 0x00, 0x00, 0x00, 0x00, 0x01, 0xF0, 0x00, 0x00, 
    0x00, 0x06, 0x03, 0x00, 0x07, 0xFC, 0x00, 0x00, 0x00, 0x06, 0x03, 0x00, 0x0F, 0xFE, 0x00, 0x00, 
    0x00, 0x07, 0x07, 0x00, 0x1E, 0x07, 0x00, 0x00, 0x00, 0x03, 0x06, 0x00, 0x1C, 0x03, 0x80, 0x00, 
    0x00, 0x00, 0x00, 0x00, 0x38, 0x03, 0x80, 0x00, 0x00, 0x00, 0x00, 0x00, 0x38, 0x01, 0x81, 0xC0, 
    0x03, 0x80, 0x00, 0x00, 0x38, 0x61, 0x87, 0xE0, 0x03, 0xC1, 0xF8, 0x1C, 0x38, 0xE1, 0x83, 0xC0, 
    0x01, 0xC3, 0xFC, 0x3C, 0x38, 0xE1, 0x80, 0x00, 0x00, 0x07, 0x0E, 0x30, 0x38, 0xE1, 0x80, 0x00, 
    0x00, 0x06, 0x06, 0x00, 0x38, 0xE1, 0x80, 0x00, 0x00, 0x06, 0x06, 0x00, 0x38, 0xE1, 0x80, 0x00, 
    0x00, 0x06, 0x06, 0x00, 0x38, 0xE1, 0x83, 0x80, 0x00, 0x06, 0x06, 0x00, 0x38, 0xE1, 0x87, 0x80, 
    0x00, 0xC7, 0x0E, 0x00, 0x38, 0xE1, 0x80, 0x00, 0x03, 0xC3, 0xFD, 0xB8, 0x38, 0xE1, 0x80, 0x00, 
    0x03, 0x81, 0xF9, 0xBC, 0x38, 0xE1, 0x80, 0x00, 0x00, 0x00, 0x01, 0x9C, 0x38, 0xE1, 0x80, 0x00, 
    0x00, 0x00, 0x03, 0x80, 0x38, 0xE1, 0x83, 0xC0, 0x00, 0x00, 0x07, 0x00, 0x38, 0xE1, 0x87, 0xE0, 
    0x00, 0x06, 0x0E, 0x00, 0x38, 0xE1, 0x83, 0xC0, 0x00, 0x0E, 0x0E, 0x00, 0x38, 0xE1, 0x80, 0x00, 
    0x00, 0x0E, 0x0E, 0x00, 0x38, 0xE1, 0x80, 0x00, 0x00, 0x0C, 0x0E, 0x00, 0x38, 0xE1, 0x80, 0x00, 
    0x00, 0x00, 0x0E, 0x00, 0x38, 0xE1, 0x80, 0x00, 0x00, 0x00, 0x06, 0x00, 0x38, 0xE1, 0x87, 0x80, 
    0x00, 0x00, 0x02, 0x00, 0x38, 0xE1, 0x83, 0x80, 0x00, 0x00, 0x00, 0x00, 0x38, 0xE1, 0x80, 0x00, 
    0x00, 0x00, 0x00, 0x00, 0x38, 0xE1, 0x80, 0x00, 0x00, 0x00, 0x00, 0x00, 0x38, 0xE1, 0x80, 0x00, 
    0x00, 0x00, 0x00, 0x00, 0x38, 0xE1, 0x80, 0x00, 0x00, 0x00, 0x00, 0x00, 0x38, 0xE1, 0x83, 0xC0, 
    0x00, 0x00, 0x00, 0x00, 0x38, 0xE1, 0x87, 0xE0, 0x00, 0x00, 0x00, 0x00, 0x38, 0xE1, 0x81, 0xC0, 
    0x00, 0x00, 0x00, 0x00, 0x38, 0xE1, 0x80, 0x00, 0x00, 0x00, 0x00, 0x00, 0x70, 0xE1, 0xC0, 0x00, 
    0x00, 0x00, 0x00, 0x00, 0x60, 0xE0, 0xE0, 0x00, 0x00, 0x00, 0x00, 0x00, 0xE0, 0xE0, 0x60, 0x00, 
    0x00, 0x00, 0x00, 0x00, 0xC1, 0xF0, 0x70, 0x00, 0x00, 0x00, 0x00, 0x01, 0xC3, 0xF8, 0x30, 0x00, 
    0x00, 0x00, 0x00, 0x01, 0x83, 0x9C, 0x30, 0x00, 0x00, 0x00, 0x00, 0x01, 0x87, 0x0C, 0x30, 0x00, 
    0x00, 0x00, 0x00, 0x01, 0x87, 0x0C, 0x38, 0x00, 0x00, 0x00, 0x00, 0x01, 0x83, 0x1C, 0x30, 0x00, 
    0x00, 0x00, 0x00, 0x01, 0xC3, 0xF8, 0x30, 0x00, 0x00, 0x00, 0x00, 0x01, 0xC1, 0xF0, 0x70, 0x00, 
    0x00, 0x00, 0x00, 0x00, 0xE0, 0x00, 0x70, 0x00, 0x00, 0x00, 0x00, 0x00, 0xE0, 0x00, 0xE0, 0x00, 
    0x00, 0x00, 0x00, 0x00, 0x70, 0x01, 0xC0, 0x00, 0x00, 0x00, 0x00, 0x00, 0x3C, 0x03, 0xC0, 0x00, 
    0x00, 0x00, 0x00, 0x00, 0x1F, 0xBF, 0x00, 0x00, 0x00, 0x00, 0x00, 0x00, 0x0F, 0xFE, 0x00, 0x00, 
    0x00, 0x00, 0x00, 0x00, 0x01, 0xF8, 0x00, 0x00, 0x00, 0x00, 0x00, 0x00, 0x00, 0x00, 0x00, 0x00, 
    0x00, 0x00, 0x00, 0x00, 0x00, 0x00, 0x00, 0x00, 0x00, 0x00, 0x00, 0x00, 0x00, 0x00, 0x00, 0x00, 
    0x00, 0x00, 0x00, 0x00, 0x00, 0x00, 0x00, 0x00, 0x00, 0x00, 0x00, 0x00, 0x00, 0x00, 0x00, 0x00, 
      },
  {
    0x00, 0x00, 0x00, 0x00, 0x00, 0x00, 0x00, 0x00, 0x00, 0x00, 0x00, 0x00, 0x00, 0x00, 0x00, 0x00, 
    0x00, 0x00, 0x00, 0x00, 0x00, 0x00, 0x00, 0x00, 0x00, 0x00, 0x00, 0x00, 0x00, 0x00, 0x00, 0x00, 
    0x00, 0x00, 0x00, 0x00, 0x00, 0x00, 0x00, 0x00, 0x00, 0x00, 0x00, 0x00, 0x01, 0xF0, 0x00, 0x00, 
    0x00, 0x03, 0x00, 0x00, 0x07, 0xFC, 0x00, 0x00, 0x00, 0x03, 0x81, 0x80, 0x0F, 0xFE, 0x00, 0x00, 
    0x00, 0x03, 0x83, 0x80, 0x1E, 0x07, 0x00, 0x00, 0x00, 0x01, 0x03, 0x00, 0x1C, 0x03, 0x80, 0x00, 
    0x00, 0x00, 0x03, 0x00, 0x38, 0x03, 0x80, 0x00, 0x01, 0x80, 0x00, 0x00, 0x38, 0x01, 0x81, 0xC0, 
    0x01, 0xE0, 0x00, 0x00, 0x38, 0x61, 0x87, 0xE0, 0x00, 0xE1, 0xF8, 0x00, 0x38, 0xE1, 0x83, 0xC0, 
    0x00, 0x03, 0xFC, 0x1C, 0x38, 0xE1, 0x80, 0x00, 0x00, 0x07, 0x0E, 0x3C, 0x38, 0xE1, 0x80, 0x00, 
    0x00, 0x06, 0x06, 0x18, 0x38, 0xE1, 0x80, 0x00, 0x00, 0x06, 0x06, 0x00, 0x38, 0xE1, 0x80, 0x00, 
    0x00, 0x06, 0x06, 0x00, 0x38, 0xE1, 0x83, 0x80, 0x01, 0x86, 0x06, 0x00, 0x38, 0xE1, 0x87, 0x80, 
    0x03, 0xC7, 0x0E, 0x00, 0x38, 0xE1, 0x80, 0x00, 0x03, 0x83, 0xFD, 0x80, 0x38, 0xE1, 0x80, 0x00, 
    0x00, 0x01, 0xF9, 0xF0, 0x38, 0xE1, 0x80, 0x00, 0x00, 0x00, 0x01, 0xF8, 0x38, 0xE1, 0x80, 0x00, 
    0x00, 0x00, 0x03, 0x98, 0x38, 0xE1, 0x83, 0xC0, 0x00, 0x0C, 0x07, 0x00, 0x38, 0xE1, 0x87, 0xE0, 
    0x00, 0x0C, 0x0E, 0x00, 0x38, 0xE1, 0x83, 0xC0, 0x00, 0x1C, 0x1E, 0x00, 0x38, 0xE1, 0x80, 0x00, 
    0x00, 0x18, 0x1E, 0x00, 0x38, 0xE1, 0x80, 0x00, 0x00, 0x00, 0x0C, 0x00, 0x38, 0xE1, 0x80, 0x00, 
    0x00, 0x00, 0x00, 0x00, 0x38, 0xE1, 0x80, 0x00, 0x00, 0x00, 0x00, 0x00, 0x38, 0xE1, 0x87, 0x80, 
    0x00, 0x00, 0x00, 0x00, 0x38, 0xE1, 0x83, 0x80, 0x00, 0x00, 0x00, 0x00, 0x38, 0xE1, 0x80, 0x00, 
    0x00, 0x00, 0x00, 0x00, 0x38, 0xE1, 0x80, 0x00, 0x00, 0x00, 0x00, 0x00, 0x38, 0xE1, 0x80, 0x00, 
    0x00, 0x00, 0x00, 0x00, 0x38, 0xE1, 0x80, 0x00, 0x00, 0x00, 0x00, 0x00, 0x38, 0xE1, 0x83, 0xC0, 
    0x00, 0x00, 0x00, 0x00, 0x38, 0xE1, 0x87, 0xE0, 0x00, 0x00, 0x00, 0x00, 0x38, 0xE1, 0x81, 0xC0, 
    0x00, 0x00, 0x00, 0x00, 0x38, 0xE1, 0x80, 0x00, 0x00, 0x00, 0x00, 0x00, 0x70, 0xE1, 0xC0, 0x00, 
    0x00, 0x00, 0x00, 0x00, 0x60, 0xE0, 0xE0, 0x00, 0x00, 0x00, 0x00, 0x00, 0xE0, 0xE0, 0x60, 0x00, 
    0x00, 0x00, 0x00, 0x00, 0xC1, 0xF0, 0x70, 0x00, 0x00, 0x00, 0x00, 0x01, 0xC3, 0xF8, 0x30, 0x00, 
    0x00, 0x00, 0x00, 0x01, 0x83, 0x9C, 0x30, 0x00, 0x00, 0x00, 0x00, 0x01, 0x87, 0x0C, 0x30, 0x00, 
    0x00, 0x00, 0x00, 0x01, 0x87, 0x0C, 0x38, 0x00, 0x00, 0x00, 0x00, 0x01, 0x83, 0x1C, 0x30, 0x00, 
    0x00, 0x00, 0x00, 0x01, 0xC3, 0xF8, 0x30, 0x00, 0x00, 0x00, 0x00, 0x01, 0xC1, 0xF0, 0x70, 0x00, 
    0x00, 0x00, 0x00, 0x00, 0xE0, 0x00, 0x70, 0x00, 0x00, 0x00, 0x00, 0x00, 0xE0, 0x00, 0xE0, 0x00, 
    0x00, 0x00, 0x00, 0x00, 0x70, 0x01, 0xC0, 0x00, 0x00, 0x00, 0x00, 0x00, 0x3C, 0x03, 0xC0, 0x00, 
    0x00, 0x00, 0x00, 0x00, 0x1F, 0xBF, 0x00, 0x00, 0x00, 0x00, 0x00, 0x00, 0x0F, 0xFE, 0x00, 0x00, 
    0x00, 0x00, 0x00, 0x00, 0x01, 0xF8, 0x00, 0x00, 0x00, 0x00, 0x00, 0x00, 0x00, 0x00, 0x00, 0x00, 
    0x00, 0x00, 0x00, 0x00, 0x00, 0x00, 0x00, 0x00, 0x00, 0x00, 0x00, 0x00, 0x00, 0x00, 0x00, 0x00, 
    0x00, 0x00, 0x00, 0x00, 0x00, 0x00, 0x00, 0x00, 0x00, 0x00, 0x00, 0x00, 0x00, 0x00, 0x00, 0x00, 
      },
  {
    0x00, 0x00, 0x00, 0x00, 0x00, 0x00, 0x00, 0x00, 0x00, 0x00, 0x00, 0x00, 0x00, 0x00, 0x00, 0x00, 
    0x00, 0x00, 0x00, 0x00, 0x00, 0x00, 0x00, 0x00, 0x00, 0x00, 0x00, 0x00, 0x00, 0x00, 0x00, 0x00, 
    0x00, 0x00, 0x00, 0x00, 0x00, 0x00, 0x00, 0x00, 0x00, 0x00, 0x80, 0x00, 0x01, 0xF0, 0x00, 0x00, 
    0x00, 0x01, 0x80, 0x00, 0x07, 0xFC, 0x00, 0x00, 0x00, 0x01, 0xC0, 0x80, 0x0F, 0xFE, 0x00, 0x00, 
    0x00, 0x01, 0xC0, 0xC0, 0x1E, 0x07, 0x00, 0x00, 0x00, 0x00, 0x81, 0xC0, 0x1C, 0x03, 0x80, 0x00, 
    0x00, 0xC0, 0x01, 0x80, 0x38, 0x03, 0x80, 0x00, 0x01, 0xE0, 0x00, 0x00, 0x38, 0x01, 0x81, 0xC0, 
    0x00, 0xE0, 0x00, 0x00, 0x38, 0x61, 0x87, 0xE0, 0x00, 0x01, 0xF8, 0x00, 0x38, 0xE1, 0x83, 0xC0, 
    0x00, 0x03, 0xFC, 0x00, 0x38, 0xE1, 0x80, 0x00, 0x00, 0x07, 0x0E, 0x1E, 0x38, 0xE1, 0x80, 0x00, 
    0x00, 0x06, 0x06, 0x3E, 0x38, 0xE1, 0x80, 0x00, 0x00, 0x06, 0x06, 0x18, 0x38, 0xE1, 0x80, 0x00, 
    0x01, 0x86, 0x06, 0x00, 0x38, 0xE1, 0x83, 0x80, 0x07, 0xC6, 0x06, 0x00, 0x38, 0xE1, 0x87, 0x80, 
    0x07, 0x87, 0x0E, 0x00, 0x38, 0xE1, 0x80, 0x00, 0x00, 0x03, 0xFD, 0x80, 0x38, 0xE1, 0x80, 0x00, 
    0x00, 0x01, 0xF9, 0xC0, 0x38, 0xE1, 0x80, 0x00, 0x00, 0x00, 0x01, 0xF0, 0x38, 0xE1, 0x80, 0x00, 
    0x00, 0x00, 0x03, 0xF8, 0x38, 0xE1, 0x83, 0xC0, 0x00, 0x18, 0x07, 0x30, 0x38, 0xE1, 0x87, 0xE0, 
    0x00, 0x38, 0x16, 0x00, 0x38, 0xE1, 0x83, 0xC0, 0x00, 0x38, 0x3E, 0x00, 0x38, 0xE1, 0x80, 0x00, 
    0x00, 0x10, 0x38, 0x00, 0x38, 0xE1, 0x80, 0x00, 0x00, 0x00, 0x18, 0x00, 0x38, 0xE1, 0x80, 0x00, 
    0x00, 0x00, 0x18, 0x00, 0x38, 0xE1, 0x80, 0x00, 0x00, 0x00, 0x00, 0x00, 0x38, 0xE1, 0x87, 0x80, 
    0x00, 0x00, 0x00, 0x00, 0x38, 0xE1, 0x83, 0x80, 0x00, 0x00, 0x00, 0x00, 0x38, 0xE1, 0x80, 0x00, 
    0x00, 0x00, 0x00, 0x00, 0x38, 0xE1, 0x80, 0x00, 0x00, 0x00, 0x00, 0x00, 0x38, 0xE1, 0x80, 0x00, 
    0x00, 0x00, 0x00, 0x00, 0x38, 0xE1, 0x80, 0x00, 0x00, 0x00, 0x00, 0x00, 0x38, 0xE1, 0x83, 0xC0, 
    0x00, 0x00, 0x00, 0x00, 0x38, 0xE1, 0x87, 0xE0, 0x00, 0x00, 0x00, 0x00, 0x38, 0xE1, 0x81, 0xC0, 
    0x00, 0x00, 0x00, 0x00, 0x38, 0xE1, 0x80, 0x00, 0x00, 0x00, 0x00, 0x00, 0x70, 0xE1, 0xC0, 0x00, 
    0x00, 0x00, 0x00, 0x00, 0x60, 0xE0, 0xE0, 0x00, 0x00, 0x00, 0x00, 0x00, 0xE0, 0xE0, 0x60, 0x00, 
    0x00, 0x00, 0x00, 0x00, 0xC1, 0xF0, 0x70, 0x00, 0x00, 0x00, 0x00, 0x01, 0xC3, 0xF8, 0x30, 0x00, 
    0x00, 0x00, 0x00, 0x01, 0x83, 0x9C, 0x30, 0x00, 0x00, 0x00, 0x00, 0x01, 0x87, 0x0C, 0x30, 0x00, 
    0x00, 0x00, 0x00, 0x01, 0x87, 0x0C, 0x38, 0x00, 0x00, 0x00, 0x00, 0x01, 0x83, 0x1C, 0x30, 0x00, 
    0x00, 0x00, 0x00, 0x01, 0xC3, 0xF8, 0x30, 0x00, 0x00, 0x00, 0x00, 0x01, 0xC1, 0xF0, 0x70, 0x00, 
    0x00, 0x00, 0x00, 0x00, 0xE0, 0x00, 0x70, 0x00, 0x00, 0x00, 0x00, 0x00, 0xE0, 0x00, 0xE0, 0x00, 
    0x00, 0x00, 0x00, 0x00, 0x70, 0x01, 0xC0, 0x00, 0x00, 0x00, 0x00, 0x00, 0x3C, 0x03, 0xC0, 0x00, 
    0x00, 0x00, 0x00, 0x00, 0x1F, 0xBF, 0x00, 0x00, 0x00, 0x00, 0x00, 0x00, 0x0F, 0xFE, 0x00, 0x00, 
    0x00, 0x00, 0x00, 0x00, 0x01, 0xF8, 0x00, 0x00, 0x00, 0x00, 0x00, 0x00, 0x00, 0x00, 0x00, 0x00, 
    0x00, 0x00, 0x00, 0x00, 0x00, 0x00, 0x00, 0x00, 0x00, 0x00, 0x00, 0x00, 0x00, 0x00, 0x00, 0x00, 
    0x00, 0x00, 0x00, 0x00, 0x00, 0x00, 0x00, 0x00, 0x00, 0x00, 0x00, 0x00, 0x00, 0x00, 0x00, 0x00, 
      },
  {
    0x00, 0x00, 0x00, 0x00, 0x00, 0x00, 0x00, 0x00, 0x00, 0x00, 0x00, 0x00, 0x00, 0x00, 0x00, 0x00, 
    0x00, 0x00, 0x00, 0x00, 0x00, 0x00, 0x00, 0x00, 0x00, 0x00, 0x00, 0x00, 0x00, 0x00, 0x00, 0x00, 
    0x00, 0x00, 0x00, 0x00, 0x00, 0x00, 0x00, 0x00, 0x00, 0x00, 0xC0, 0x00, 0x01, 0xF0, 0x00, 0x00, 
    0x00, 0x00, 0xC0, 0x00, 0x07, 0xFC, 0x00, 0x00, 0x00, 0x00, 0xC0, 0x00, 0x0F, 0xFE, 0x00, 0x00, 
    0x00, 0x00, 0xC0, 0x60, 0x1E, 0x07, 0x00, 0x00, 0x00, 0xC0, 0x40, 0xE0, 0x1C, 0x03, 0x80, 0x00, 
    0x00, 0xE0, 0x01, 0xC0, 0x38, 0x03, 0x80, 0x00, 0x00, 0xF0, 0x01, 0x80, 0x38, 0x01, 0x81, 0xC0, 
    0x00, 0x30, 0x00, 0x00, 0x38, 0x61, 0x87, 0xE0, 0x00, 0x01, 0xF8, 0x00, 0x38, 0xE1, 0x83, 0xC0, 
    0x00, 0x03, 0xFC, 0x00, 0x38, 0xE1, 0x80, 0x00, 0x00, 0x07, 0x0E, 0x00, 0x38, 0xE1, 0x80, 0x00, 
    0x00, 0x06, 0x06, 0x1E, 0x38, 0xE1, 0x80, 0x00, 0x00, 0x06, 0x06, 0x3E, 0x38, 0xE1, 0x80, 0x00, 
    0x07, 0xC6, 0x06, 0x00, 0x38, 0xE1, 0x83, 0x80, 0x07, 0x86, 0x06, 0x00, 0x38, 0xE1, 0x87, 0x80, 
    0x00, 0x07, 0x0E, 0x00, 0x38, 0xE1, 0x80, 0x00, 0x00, 0x03, 0xFD, 0x80, 0x38, 0xE1, 0x80, 0x00, 
    0x00, 0x01, 0xF9, 0x80, 0x38, 0xE1, 0x80, 0x00, 0x00, 0x00, 0x01, 0xC0, 0x38, 0xE1, 0x80, 0x00, 
    0x00, 0x18, 0x03, 0xF0, 0x38, 0xE1, 0x83, 0xC0, 0x00, 0x38, 0x03, 0x70, 0x38, 0xE1, 0x87, 0xE0, 
    0x00, 0x70, 0x20, 0x30, 0x38, 0xE1, 0x83, 0xC0, 0x00, 0x70, 0x30, 0x00, 0x38, 0xE1, 0x80, 0x00, 
    0x00, 0x00, 0x30, 0x00, 0x38, 0xE1, 0x80, 0x00, 0x00, 0x00, 0x30, 0x00, 0x38, 0xE1, 0x80, 0x00, 
    0x00, 0x00, 0x30, 0x00, 0x38, 0xE1, 0x80, 0x00, 0x00, 0x00, 0x00, 0x00, 0x38, 0xE1, 0x87, 0x80, 
    0x00, 0x00, 0x00, 0x00, 0x38, 0xE1, 0x83, 0x80, 0x00, 0x00, 0x00, 0x00, 0x38, 0xE1, 0x80, 0x00, 
    0x00, 0x00, 0x00, 0x00, 0x38, 0xE1, 0x80, 0x00, 0x00, 0x00, 0x00, 0x00, 0x38, 0xE1, 0x80, 0x00, 
    0x00, 0x00, 0x00, 0x00, 0x38, 0xE1, 0x80, 0x00, 0x00, 0x00, 0x00, 0x00, 0x38, 0xE1, 0x83, 0xC0, 
    0x00, 0x00, 0x00, 0x00, 0x38, 0xE1, 0x87, 0xE0, 0x00, 0x00, 0x00, 0x00, 0x38, 0xE1, 0x81, 0xC0, 
    0x00, 0x00, 0x00, 0x00, 0x38, 0xE1, 0x80, 0x00, 0x00, 0x00, 0x00, 0x00, 0x70, 0xE1, 0xC0, 0x00, 
    0x00, 0x00, 0x00, 0x00, 0x60, 0xE0, 0xE0, 0x00, 0x00, 0x00, 0x00, 0x00, 0xE0, 0xE0, 0x60, 0x00, 
    0x00, 0x00, 0x00, 0x00, 0xC1, 0xF0, 0x70, 0x00, 0x00, 0x00, 0x00, 0x01, 0xC3, 0xF8, 0x30, 0x00, 
    0x00, 0x00, 0x00, 0x01, 0x83, 0x9C, 0x30, 0x00, 0x00, 0x00, 0x00, 0x01, 0x87, 0x0C, 0x30, 0x00, 
    0x00, 0x00, 0x00, 0x01, 0x87, 0x0C, 0x38, 0x00, 0x00, 0x00, 0x00, 0x01, 0x83, 0x1C, 0x30, 0x00, 
    0x00, 0x00, 0x00, 0x01, 0xC3, 0xF8, 0x30, 0x00, 0x00, 0x00, 0x00, 0x01, 0xC1, 0xF0, 0x70, 0x00, 
    0x00, 0x00, 0x00, 0x00, 0xE0, 0x00, 0x70, 0x00, 0x00, 0x00, 0x00, 0x00, 0xE0, 0x00, 0xE0, 0x00, 
    0x00, 0x00, 0x00, 0x00, 0x70, 0x01, 0xC0, 0x00, 0x00, 0x00, 0x00, 0x00, 0x3C, 0x03, 0xC0, 0x00, 
    0x00, 0x00, 0x00, 0x00, 0x1F, 0xBF, 0x00, 0x00, 0x00, 0x00, 0x00, 0x00, 0x0F, 0xFE, 0x00, 0x00, 
    0x00, 0x00, 0x00, 0x00, 0x01, 0xF8, 0x00, 0x00, 0x00, 0x00, 0x00, 0x00, 0x00, 0x00, 0x00, 0x00, 
    0x00, 0x00, 0x00, 0x00, 0x00, 0x00, 0x00, 0x00, 0x00, 0x00, 0x00, 0x00, 0x00, 0x00, 0x00, 0x00, 
    0x00, 0x00, 0x00, 0x00, 0x00, 0x00, 0x00, 0x00, 0x00, 0x00, 0x00, 0x00, 0x00, 0x00, 0x00, 0x00, 
      },
  {
    0x00, 0x00, 0x00, 0x00, 0x00, 0x00, 0x00, 0x00, 0x00, 0x00, 0x00, 0x00, 0x00, 0x00, 0x00, 0x00, 
    0x00, 0x00, 0x00, 0x00, 0x00, 0x00, 0x00, 0x00, 0x00, 0x00, 0x00, 0x00, 0x00, 0x00, 0x00, 0x00, 
    0x00, 0x00, 0x00, 0x00, 0x00, 0x00, 0x00, 0x00, 0x00, 0x00, 0x40, 0x00, 0x01, 0xF0, 0x00, 0x00, 
    0x00, 0x00, 0xE0, 0x00, 0x07, 0xFC, 0x00, 0x00, 0x00, 0x00, 0xE0, 0x00, 0x0F, 0xFE, 0x00, 0x00, 
    0x00, 0x00, 0x60, 0x60, 0x1E, 0x07, 0x00, 0x00, 0x00, 0xE0, 0x40, 0xE0, 0x1C, 0x03, 0x80, 0x00, 
    0x00, 0xF0, 0x01, 0xE0, 0x38, 0x03, 0x80, 0x00, 0x00, 0x70, 0x00, 0xC0, 0x38, 0x01, 0x81, 0xC0, 
    0x00, 0x20, 0x00, 0x00, 0x38, 0x61, 0x87, 0xE0, 0x00, 0x01, 0xF8, 0x00, 0x38, 0xE1, 0x83, 0xC0, 
    0x00, 0x03, 0xFC, 0x00, 0x38, 0xE1, 0x80, 0x00, 0x00, 0x07, 0x0E, 0x00, 0x38, 0xE1, 0x80, 0x00, 
    0x00, 0x06, 0x06, 0x0C, 0x38, 0xE1, 0x80, 0x00, 0x03, 0x86, 0x06, 0x3E, 0x38, 0xE1, 0x80, 0x00, 
    0x07, 0xC6, 0x06, 0x1C, 0x38, 0xE1, 0x83, 0x80, 0x03, 0x86, 0x06, 0x00, 0x38, 0xE1, 0x87, 0x80, 
    0x00, 0x07, 0x0E, 0x00, 0x38, 0xE1, 0x80, 0x00, 0x00, 0x03, 0xFD, 0x80, 0x38, 0xE1, 0x80, 0x00, 
    0x00, 0x01, 0xF9, 0x80, 0x38, 0xE1, 0x80, 0x00, 0x00, 0x00, 0x01, 0xC0, 0x38, 0xE1, 0x80, 0x00, 
    0x00, 0x30, 0x01, 0xE0, 0x38, 0xE1, 0x83, 0xC0, 0x00, 0x38, 0x00, 0xF0, 0x38, 0xE1, 0x87, 0xE0, 
    0x00, 0x70, 0x00, 0x70, 0x38, 0xE1, 0x83, 0xC0, 0x00, 0x60, 0x70, 0x00, 0x38, 0xE1, 0x80, 0x00, 
    0x00, 0x00, 0x70, 0x00, 0x38, 0xE1, 0x80, 0x00, 0x00, 0x00, 0x70, 0x00, 0x38, 0xE1, 0x80, 0x00, 
    0x00, 0x00, 0x20, 0x00, 0x38, 0xE1, 0x80, 0x00, 0x00, 0x00, 0x00, 0x00, 0x38, 0xE1, 0x87, 0x80, 
    0x00, 0x00, 0x00, 0x00, 0x38, 0xE1, 0x83, 0x80, 0x00, 0x00, 0x00, 0x00, 0x38, 0xE1, 0x80, 0x00, 
    0x00, 0x00, 0x00, 0x00, 0x38, 0xE1, 0x80, 0x00, 0x00, 0x00, 0x00, 0x00, 0x38, 0xE1, 0x80, 0x00, 
    0x00, 0x00, 0x00, 0x00, 0x38, 0xE1, 0x80, 0x00, 0x00, 0x00, 0x00, 0x00, 0x38, 0xE1, 0x83, 0xC0, 
    0x00, 0x00, 0x00, 0x00, 0x38, 0xE1, 0x87, 0xE0, 0x00, 0x00, 0x00, 0x00, 0x38, 0xE1, 0x81, 0xC0, 
    0x00, 0x00, 0x00, 0x00, 0x38, 0xE1, 0x80, 0x00, 0x00, 0x00, 0x00, 0x00, 0x70, 0xE1, 0xC0, 0x00, 
    0x00, 0x00, 0x00, 0x00, 0x60, 0xE0, 0xE0, 0x00, 0x00, 0x00, 0x00, 0x00, 0xE0, 0xE0, 0x60, 0x00, 
    0x00, 0x00, 0x00, 0x00, 0xC1, 0xF0, 0x70, 0x00, 0x00, 0x00, 0x00, 0x01, 0xC3, 0xF8, 0x30, 0x00, 
    0x00, 0x00, 0x00, 0x01, 0x83, 0x9C, 0x30, 0x00, 0x00, 0x00, 0x00, 0x01, 0x87, 0x0C, 0x30, 0x00, 
    0x00, 0x00, 0x00, 0x01, 0x87, 0x0C, 0x38, 0x00, 0x00, 0x00, 0x00, 0x01, 0x83, 0x1C, 0x30, 0x00, 
    0x00, 0x00, 0x00, 0x01, 0xC3, 0xF8, 0x30, 0x00, 0x00, 0x00, 0x00, 0x01, 0xC1, 0xF0, 0x70, 0x00, 
    0x00, 0x00, 0x00, 0x00, 0xE0, 0x00, 0x70, 0x00, 0x00, 0x00, 0x00, 0x00, 0xE0, 0x00, 0xE0, 0x00, 
    0x00, 0x00, 0x00, 0x00, 0x70, 0x01, 0xC0, 0x00, 0x00, 0x00, 0x00, 0x00, 0x3C, 0x03, 0xC0, 0x00, 
    0x00, 0x00, 0x00, 0x00, 0x1F, 0xBF, 0x00, 0x00, 0x00, 0x00, 0x00, 0x00, 0x0F, 0xFE, 0x00, 0x00, 
    0x00, 0x00, 0x00, 0x00, 0x01, 0xF8, 0x00, 0x00, 0x00, 0x00, 0x00, 0x00, 0x00, 0x00, 0x00, 0x00, 
    0x00, 0x00, 0x00, 0x00, 0x00, 0x00, 0x00, 0x00, 0x00, 0x00, 0x00, 0x00, 0x00, 0x00, 0x00, 0x00, 
    0x00, 0x00, 0x00, 0x00, 0x00, 0x00, 0x00, 0x00, 0x00, 0x00, 0x00, 0x00, 0x00, 0x00, 0x00, 0x00, 
      },
  {
    0x00, 0x00, 0x00, 0x00, 0x00, 0x00, 0x00, 0x00, 0x00, 0x00, 0x00, 0x00, 0x00, 0x00, 0x00, 0x00, 
    0x00, 0x00, 0x00, 0x00, 0x00, 0x00, 0x00, 0x00, 0x00, 0x00, 0x00, 0x00, 0x00, 0x00, 0x00, 0x00, 
    0x00, 0x00, 0x00, 0x00, 0x00, 0x00, 0x00, 0x00, 0x00, 0x00, 0x60, 0x00, 0x01, 0xF0, 0x00, 0x00, 
    0x00, 0x00, 0x60, 0x00, 0x07, 0xFC, 0x00, 0x00, 0x00, 0x00, 0x60, 0x00, 0x0F, 0xFE, 0x00, 0x00, 
    0x00, 0x00, 0x60, 0x00, 0x1E, 0x07, 0x00, 0x00, 0x00, 0x60, 0x00, 0x60, 0x1C, 0x03, 0x80, 0x00, 
    0x00, 0x70, 0x00, 0xE0, 0x38, 0x03, 0x80, 0x00, 0x00, 0x30, 0x00, 0xC0, 0x38, 0x01, 0x81, 0xC0, 
    0x00, 0x00, 0x00, 0x00, 0x38, 0x61, 0x87, 0xE0, 0x00, 0x01, 0xF8, 0x00, 0x38, 0xE1, 0x83, 0xC0, 
    0x00, 0x03, 0xFC, 0x00, 0x38, 0xE1, 0x80, 0x00, 0x00, 0x07, 0x0E, 0x00, 0x38, 0xE1, 0x80, 0x00, 
    0x00, 0x06, 0x06, 0x00, 0x38, 0xE1, 0x80, 0x00, 0x07, 0x86, 0x06, 0x1E, 0x38, 0xE1, 0x80, 0x00, 
    0x07, 0x86, 0x06, 0x1E, 0x38, 0xE1, 0x83, 0x80, 0x00, 0x06, 0x06, 0x00, 0x38, 0xE1, 0x87, 0x80, 
    0x00, 0x07, 0x0E, 0x00, 0x38, 0xE1, 0x80, 0x00, 0x00, 0x03, 0xFD, 0x80, 0x38, 0xE1, 0x80, 0x00, 
    0x00, 0x01, 0xF9, 0x80, 0x38, 0xE1, 0x80, 0x00, 0x00, 0x00, 0x01, 0x80, 0x38, 0xE1, 0x80, 0x00, 
    0x00, 0x30, 0x00, 0xC0, 0x38, 0xE1, 0x83, 0xC0, 0x00, 0x70, 0x00, 0xE0, 0x38, 0xE1, 0x87, 0xE0, 
    0x00, 0x60, 0x00, 0x60, 0x38, 0xE1, 0x83, 0xC0, 0x00, 0x00, 0x60, 0x00, 0x38, 0xE1, 0x80, 0x00, 
    0x00, 0x00, 0x60, 0x00, 0x38, 0xE1, 0x80, 0x00, 0x00, 0x00, 0x60, 0x00, 0x38, 0xE1, 0x80, 0x00, 
    0x00, 0x00, 0x60, 0x00, 0x38, 0xE1, 0x80, 0x00, 0x00, 0x00, 0x00, 0x00, 0x38, 0xE1, 0x87, 0x80, 
    0x00, 0x00, 0x00, 0x00, 0x38, 0xE1, 0x83, 0x80, 0x00, 0x00, 0x00, 0x00, 0x38, 0xE1, 0x80, 0x00, 
    0x00, 0x00, 0x00, 0x00, 0x38, 0xE1, 0x80, 0x00, 0x00, 0x00, 0x00, 0x00, 0x38, 0xE1, 0x80, 0x00, 
    0x00, 0x00, 0x00, 0x00, 0x38, 0xE1, 0x80, 0x00, 0x00, 0x00, 0x00, 0x00, 0x38, 0xE1, 0x83, 0xC0, 
    0x00, 0x00, 0x00, 0x00, 0x38, 0xE1, 0x87, 0xE0, 0x00, 0x00, 0x00, 0x00, 0x38, 0xE1, 0x81, 0xC0, 
    0x00, 0x00, 0x00, 0x00, 0x38, 0xE1, 0x80, 0x00, 0x00, 0x00, 0x00, 0x00, 0x70, 0xE1, 0xC0, 0x00, 
    0x00, 0x00, 0x00, 0x00, 0x60, 0xE0, 0xE0, 0x00, 0x00, 0x00, 0x00, 0x00, 0xE0, 0xE0, 0x60, 0x00, 
    0x00, 0x00, 0x00, 0x00, 0xC1, 0xF0, 0x70, 0x00, 0x00, 0x00, 0x00, 0x01, 0xC3, 0xF8, 0x30, 0x00, 
    0x00, 0x00, 0x00, 0x01, 0x83, 0x9C, 0x30, 0x00, 0x00, 0x00, 0x00, 0x01, 0x87, 0x0C, 0x30, 0x00, 
    0x00, 0x00, 0x00, 0x01, 0x87, 0x0C, 0x38, 0x00, 0x00, 0x00, 0x00, 0x01, 0x83, 0x1C, 0x30, 0x00, 
    0x00, 0x00, 0x00, 0x01, 0xC3, 0xF8, 0x30, 0x00, 0x00, 0x00, 0x00, 0x01, 0xC1, 0xF0, 0x70, 0x00, 
    0x00, 0x00, 0x00, 0x00, 0xE0, 0x00, 0x70, 0x00, 0x00, 0x00, 0x00, 0x00, 0xE0, 0x00, 0xE0, 0x00, 
    0x00, 0x00, 0x00, 0x00, 0x70, 0x01, 0xC0, 0x00, 0x00, 0x00, 0x00, 0x00, 0x3C, 0x03, 0xC0, 0x00, 
    0x00, 0x00, 0x00, 0x00, 0x1F, 0xBF, 0x00, 0x00, 0x00, 0x00, 0x00, 0x00, 0x0F, 0xFE, 0x00, 0x00, 
    0x00, 0x00, 0x00, 0x00, 0x01, 0xF8, 0x00, 0x00, 0x00, 0x00, 0x00, 0x00, 0x00, 0x00, 0x00, 0x00, 
    0x00, 0x00, 0x00, 0x00, 0x00, 0x00, 0x00, 0x00, 0x00, 0x00, 0x00, 0x00, 0x00, 0x00, 0x00, 0x00, 
    0x00, 0x00, 0x00, 0x00, 0x00, 0x00, 0x00, 0x00, 0x00, 0x00, 0x00, 0x00, 0x00, 0x00, 0x00, 0x00, 
      },
  {
    0x00, 0x00, 0x00, 0x00, 0x00, 0x00, 0x00, 0x00, 0x00, 0x00, 0x00, 0x00, 0x00, 0x00, 0x00, 0x00, 
    0x00, 0x00, 0x00, 0x00, 0x00, 0x00, 0x00, 0x00, 0x00, 0x00, 0x00, 0x00, 0x00, 0x00, 0x00, 0x00, 
    0x00, 0x00, 0x00, 0x00, 0x00, 0x00, 0x00, 0x00, 0x00, 0x00, 0x60, 0x00, 0x01, 0xF0, 0x00, 0x00, 
    0x00, 0x00, 0x60, 0x00, 0x07, 0xFC, 0x00, 0x00, 0x00, 0x00, 0x60, 0x00, 0x0F, 0xFE, 0x00, 0x00, 
    0x00, 0x00, 0x60, 0x00, 0x1E, 0x07, 0x00, 0x00, 0x00, 0x60, 0x00, 0x60, 0x1C, 0x03, 0x80, 0x00, 
    0x00, 0x70, 0x00, 0xE0, 0x38, 0x03, 0x80, 0x00, 0x00, 0x30, 0x00, 0xC0, 0x38, 0x01, 0x81, 0xC0, 
    0x00, 0x00, 0x00, 0x00, 0x38, 0x61, 0x87, 0xE0, 0x00, 0x01, 0xF8, 0x00, 0x38, 0xE1, 0x83, 0xC0, 
    0x00, 0x03, 0xFC, 0x00, 0x38, 0xE1, 0x80, 0x00, 0x00, 0x07, 0x0E, 0x00, 0x38, 0xE1, 0x80, 0x00, 
    0x00, 0x06, 0x06, 0x00, 0x38, 0xE1, 0x80, 0x00, 0x07, 0x86, 0x06, 0x1E, 0x38, 0xE1, 0x80, 0x00, 
    0x07, 0x86, 0x06, 0x1E, 0x38, 0xE1, 0x83, 0x80, 0x00, 0x06, 0x06, 0x00, 0x38, 0xE1, 0x87, 0x80, 
    0x00, 0x07, 0x0E, 0x00, 0x38, 0xE1, 0x80, 0x00, 0x00, 0x03, 0xFD, 0x80, 0x38, 0xE1, 0x80, 0x00, 
    0x00, 0x01, 0xF9, 0x80, 0x38, 0xE1, 0x80, 0x00, 0x00, 0x00, 0x00, 0x80, 0x38, 0xE1, 0x80, 0x00, 
    0x00, 0x30, 0x00, 0xC0, 0x38, 0xE1, 0x83, 0xC0, 0x00, 0x70, 0x00, 0xE0, 0x38, 0xE1, 0x87, 0xE0, 
    0x00, 0x60, 0x00, 0x60, 0x38, 0xE1, 0x83, 0xC0, 0x00, 0x00, 0x60, 0x00, 0x38, 0xE1, 0x80, 0x00, 
    0x00, 0x00, 0x60, 0x00, 0x38, 0xE1, 0x80, 0x00, 0x00, 0x00, 0x60, 0x00, 0x38, 0xE1, 0x80, 0x00, 
    0x00, 0x00, 0x60, 0x00, 0x38, 0xE1, 0x80, 0x00, 0x00, 0x00, 0x00, 0x00, 0x38, 0xE1, 0x87, 0x80, 
    0x00, 0x00, 0x00, 0x00, 0x38, 0xE1, 0x83, 0x80, 0x00, 0x00, 0x00, 0x00, 0x38, 0xE1, 0x80, 0x00, 
    0x00, 0x00, 0x00, 0x00, 0x38, 0xE1, 0x80, 0x00, 0x00, 0x00, 0x00, 0x00, 0x38, 0xE1, 0x80, 0x00, 
    0x00, 0x00, 0x00, 0x00, 0x38, 0xE1, 0x80, 0x00, 0x00, 0x00, 0x00, 0x00, 0x38, 0xE1, 0x83, 0xC0, 
    0x00, 0x00, 0x00, 0x00, 0x38, 0xE1, 0x87, 0xE0, 0x00, 0x00, 0x00, 0x00, 0x38, 0xE1, 0x81, 0xC0, 
    0x00, 0x00, 0x00, 0x00, 0x38, 0xE1, 0x80, 0x00, 0x00, 0x00, 0x00, 0x00, 0x70, 0xE1, 0xC0, 0x00, 
    0x00, 0x00, 0x00, 0x00, 0x60, 0xE0, 0xE0, 0x00, 0x00, 0x00, 0x00, 0x00, 0xE0, 0xE0, 0x60, 0x00, 
    0x00, 0x00, 0x00, 0x00, 0xC1, 0xF0, 0x70, 0x00, 0x00, 0x00, 0x00, 0x01, 0xC3, 0xF8, 0x30, 0x00, 
    0x00, 0x00, 0x00, 0x01, 0x83, 0x9C, 0x30, 0x00, 0x00, 0x00, 0x00, 0x01, 0x87, 0x0C, 0x30, 0x00, 
    0x00, 0x00, 0x00, 0x01, 0x87, 0x0C, 0x38, 0x00, 0x00, 0x00, 0x00, 0x01, 0x83, 0x1C, 0x30, 0x00, 
    0x00, 0x00, 0x00, 0x01, 0xC3, 0xF8, 0x30, 0x00, 0x00, 0x00, 0x00, 0x01, 0xC1, 0xF0, 0x70, 0x00, 
    0x00, 0x00, 0x00, 0x00, 0xE0, 0x00, 0x70, 0x00, 0x00, 0x00, 0x00, 0x00, 0xE0, 0x00, 0xE0, 0x00, 
    0x00, 0x00, 0x00, 0x00, 0x70, 0x01, 0xC0, 0x00, 0x00, 0x00, 0x00, 0x00, 0x3C, 0x03, 0xC0, 0x00, 
    0x00, 0x00, 0x00, 0x00, 0x1F, 0xBF, 0x00, 0x00, 0x00, 0x00, 0x00, 0x00, 0x0F, 0xFE, 0x00, 0x00, 
    0x00, 0x00, 0x00, 0x00, 0x01, 0xF8, 0x00, 0x00, 0x00, 0x00, 0x00, 0x00, 0x00, 0x00, 0x00, 0x00, 
    0x00, 0x00, 0x00, 0x00, 0x00, 0x00, 0x00, 0x00, 0x00, 0x00, 0x00, 0x00, 0x00, 0x00, 0x00, 0x00, 
    0x00, 0x00, 0x00, 0x00, 0x00, 0x00, 0x00, 0x00, 0x00, 0x00, 0x00, 0x00, 0x00, 0x00, 0x00, 0x00, 
      },
  {
    0x00, 0x00, 0x00, 0x00, 0x00, 0x00, 0x00, 0x00, 0x00, 0x00, 0x00, 0x00, 0x00, 0x00, 0x00, 0x00, 
    0x00, 0x00, 0x00, 0x00, 0x00, 0x00, 0x00, 0x00, 0x00, 0x00, 0x00, 0x00, 0x00, 0x00, 0x00, 0x00, 
    0x00, 0x00, 0x00, 0x00, 0x00, 0x00, 0x00, 0x00, 0x00, 0x00, 0x60, 0x00, 0x01, 0xF0, 0x00, 0x00, 
    0x00, 0x00, 0x60, 0x00, 0x07, 0xFC, 0x00, 0x00, 0x00, 0x00, 0x60, 0x00, 0x0F, 0xFE, 0x00, 0x00, 
    0x00, 0x00, 0x60, 0x00, 0x1E, 0x07, 0x00, 0x00, 0x00, 0x60, 0x00, 0x60, 0x1C, 0x03, 0x80, 0x00, 
    0x00, 0x70, 0x00, 0xE0, 0x38, 0x03, 0x80, 0x00, 0x00, 0x30, 0x00, 0xC0, 0x38, 0x01, 0x81, 0xC0, 
    0x00, 0x00, 0x00, 0x00, 0x38, 0x61, 0x87, 0xE0, 0x00, 0x01, 0xF8, 0x00, 0x38, 0xE1, 0x83, 0xC0, 
    0x00, 0x03, 0xFC, 0x00, 0x38, 0xE1, 0x80, 0x00, 0x00, 0x07, 0x0E, 0x00, 0x38, 0xE1, 0x80, 0x00, 
    0x00, 0x06, 0x06, 0x00, 0x38, 0xE1, 0x80, 0x00, 0x07, 0x86, 0x06, 0x1E, 0x38, 0xE1, 0x80, 0x00, 
    0x07, 0x86, 0x06, 0x1E, 0x38, 0xE1, 0x83, 0x80, 0x00, 0x06, 0x06, 0x00, 0x38, 0xE1, 0x87, 0x80, 
    0x00, 0x07, 0x0E, 0x00, 0x38, 0xE1, 0x80, 0x00, 0x00, 0x03, 0xFC, 0x00, 0x38, 0xE1, 0x80, 0x00, 
    0x00, 0x01, 0xF8, 0x00, 0x38, 0xE1, 0x80, 0x00, 0x00, 0x00, 0x00, 0x00, 0x38, 0xE1, 0x80, 0x00, 
    0x00, 0x30, 0x00, 0xC0, 0x38, 0xE1, 0x83, 0xC0, 0x00, 0x70, 0x00, 0xE0, 0x38, 0xE1, 0x87, 0xE0, 
    0x00, 0x60, 0x00, 0x60, 0x38, 0xE1, 0x83, 0xC0, 0x00, 0x00, 0x60, 0x00, 0x38, 0xE1, 0x80, 0x00, 
    0x00, 0x00, 0x60, 0x00, 0x38, 0xE1, 0x80, 0x00, 0x00, 0x00, 0x60, 0x00, 0x38, 0xE1, 0x80, 0x00, 
    0x00, 0x00, 0x60, 0x00, 0x38, 0xE1, 0x80, 0x00, 0x00, 0x00, 0x00, 0x00, 0x38, 0xE1, 0x87, 0x80, 
    0x00, 0x00, 0x00, 0x00, 0x38, 0xE1, 0x83, 0x80, 0x00, 0x00, 0x00, 0x00, 0x38, 0xE1, 0x80, 0x00, 
    0x00, 0x00, 0x00, 0x00, 0x38, 0xE1, 0x80, 0x00, 0x00, 0x00, 0x00, 0x00, 0x38, 0xE1, 0x80, 0x00, 
    0x00, 0x00, 0x00, 0x00, 0x38, 0xE1, 0x80, 0x00, 0x00, 0x00, 0x00, 0x00, 0x38, 0xE1, 0x83, 0xC0, 
    0x00, 0x00, 0x00, 0x00, 0x38, 0xE1, 0x87, 0xE0, 0x00, 0x00, 0x00, 0x00, 0x38, 0xE1, 0x81, 0xC0, 
    0x00, 0x00, 0x00, 0x00, 0x38, 0xE1, 0x80, 0x00, 0x00, 0x00, 0x00, 0x00, 0x70, 0xE1, 0xC0, 0x00, 
    0x00, 0x00, 0x00, 0x00, 0x60, 0xE0, 0xE0, 0x00, 0x00, 0x00, 0x00, 0x00, 0xE0, 0xE0, 0x60, 0x00, 
    0x00, 0x00, 0x00, 0x00, 0xC1, 0xF0, 0x70, 0x00, 0x00, 0x00, 0x00, 0x01, 0xC3, 0xF8, 0x30, 0x00, 
    0x00, 0x00, 0x00, 0x01, 0x83, 0x9C, 0x30, 0x00, 0x00, 0x00, 0x00, 0x01, 0x87, 0x0C, 0x30, 0x00, 
    0x00, 0x00, 0x00, 0x01, 0x87, 0x0C, 0x38, 0x00, 0x00, 0x00, 0x00, 0x01, 0x83, 0x1C, 0x30, 0x00, 
    0x00, 0x00, 0x00, 0x01, 0xC3, 0xF8, 0x30, 0x00, 0x00, 0x00, 0x00, 0x01, 0xC1, 0xF0, 0x70, 0x00, 
    0x00, 0x00, 0x00, 0x00, 0xE0, 0x00, 0x70, 0x00, 0x00, 0x00, 0x00, 0x00, 0xE0, 0x00, 0xE0, 0x00, 
    0x00, 0x00, 0x00, 0x00, 0x70, 0x01, 0xC0, 0x00, 0x00, 0x00, 0x00, 0x00, 0x3C, 0x03, 0xC0, 0x00, 
    0x00, 0x00, 0x00, 0x00, 0x1F, 0xBF, 0x00, 0x00, 0x00, 0x00, 0x00, 0x00, 0x0F, 0xFE, 0x00, 0x00, 
    0x00, 0x00, 0x00, 0x00, 0x01, 0xF8, 0x00, 0x00, 0x00, 0x00, 0x00, 0x00, 0x00, 0x00, 0x00, 0x00, 
    0x00, 0x00, 0x00, 0x00, 0x00, 0x00, 0x00, 0x00, 0x00, 0x00, 0x00, 0x00, 0x00, 0x00, 0x00, 0x00, 
    0x00, 0x00, 0x00, 0x00, 0x00, 0x00, 0x00, 0x00, 0x00, 0x00, 0x00, 0x00, 0x00, 0x00, 0x00, 0x00, 
      },
};

#endif
