#ifndef ANIMATION_MAP2_H
#define ANIMATION_MAP2_H

#include <pgmspace.h>

#define MAP2_FRAMES 31
#define MAP2_WIDTH  64
#define MAP2_HEIGHT 64

const uint8_t map2_frames[][512] PROGMEM = {
  {
    0x00, 0x00, 0x00, 0x00, 0x00, 0x00, 0x00, 0x00, 0x00, 0x00, 0x00, 0x00, 0x00, 0x00, 0x00, 0x00, 
    0x00, 0x00, 0x00, 0x00, 0x00, 0x00, 0x00, 0x00, 0x00, 0x00, 0x00, 0x00, 0x00, 0x00, 0x00, 0x00, 
    0x00, 0x00, 0x00, 0x00, 0x00, 0x00, 0x00, 0x00, 0x00, 0x00, 0x00, 0x00, 0x00, 0x00, 0x00, 0x00, 
    0x00, 0x00, 0x00, 0x00, 0x00, 0x00, 0x00, 0x00, 0x00, 0x00, 0x00, 0x00, 0x00, 0x00, 0x00, 0x00, 
    0x00, 0x00, 0x00, 0x00, 0x00, 0x00, 0x00, 0x00, 0x00, 0x00, 0x00, 0x00, 0x00, 0x00, 0x00, 0x00, 
    0x00, 0x00, 0x00, 0x00, 0x00, 0x00, 0x00, 0x00, 0x00, 0x00, 0x00, 0x00, 0x00, 0x00, 0x00, 0x00, 
    0x00, 0x00, 0x00, 0x00, 0x00, 0x00, 0x00, 0x00, 0x00, 0x00, 0x00, 0x00, 0x00, 0x00, 0x00, 0x00, 
    0x00, 0xE0, 0x00, 0x00, 0x01, 0x80, 0x00, 0x00, 0x00, 0xFE, 0x00, 0x00, 0x1F, 0xF0, 0x00, 0x00, 
    0x00, 0xFF, 0xE0, 0x01, 0xFF, 0xFF, 0x00, 0x00, 0x00, 0xC7, 0xFC, 0x1F, 0xF9, 0x9F, 0xF0, 0x00, 
    0x00, 0xC0, 0x7F, 0xFF, 0x81, 0x81, 0xFF, 0x00, 0x00, 0xC0, 0x07, 0xF8, 0x01, 0x80, 0x3F, 0x00, 
    0x00, 0xC0, 0x01, 0xC0, 0x01, 0x80, 0x03, 0x00, 0x00, 0xC0, 0x01, 0xC0, 0x01, 0x80, 0x03, 0x00, 
    0x00, 0xC0, 0x01, 0xC0, 0x01, 0x80, 0x03, 0x00, 0x00, 0xC0, 0x01, 0xC0, 0x01, 0x80, 0x03, 0x00, 
    0x00, 0xC0, 0x01, 0xC0, 0x01, 0x80, 0x03, 0x00, 0x00, 0xC0, 0x01, 0xC0, 0x01, 0x80, 0x03, 0x00, 
    0x00, 0xE0, 0x01, 0xC0, 0x01, 0x80, 0x03, 0x00, 0x01, 0xF0, 0x01, 0xC0, 0x01, 0x80, 0x03, 0x00, 
    0x01, 0xFC, 0x01, 0xC0, 0x01, 0x83, 0xC3, 0x00, 0x01, 0xDF, 0x01, 0xC0, 0x01, 0x8F, 0xF3, 0x00, 
    0x01, 0xC7, 0x81, 0xC0, 0x01, 0x9E, 0x7B, 0x00, 0x01, 0xC3, 0xE1, 0xC7, 0x81, 0x9C, 0x1F, 0x00, 
    0x01, 0xC0, 0xF9, 0xDF, 0xE1, 0xF8, 0x0F, 0x00, 0x01, 0xC0, 0x3D, 0xFF, 0xFF, 0xF0, 0x0F, 0x80, 
    0x01, 0xC0, 0x1F, 0xF0, 0x7F, 0xE0, 0x07, 0x80, 0x01, 0xC0, 0x07, 0xE0, 0x0F, 0x80, 0x07, 0x80, 
    0x01, 0xC0, 0x01, 0xC0, 0x01, 0x80, 0x03, 0x80, 0x01, 0xC0, 0x01, 0xC0, 0x01, 0x80, 0x03, 0x80, 
    0x01, 0xC0, 0x01, 0xC0, 0x01, 0x80, 0x03, 0x80, 0x01, 0xC0, 0x01, 0xC0, 0x01, 0x80, 0x03, 0x80, 
    0x01, 0xC0, 0x01, 0xC0, 0x01, 0x80, 0x03, 0x80, 0x01, 0xC0, 0x01, 0xC0, 0x01, 0x80, 0x03, 0x80, 
    0x01, 0xC0, 0x01, 0xC0, 0x01, 0x80, 0x03, 0x80, 0x01, 0xC0, 0x01, 0xC0, 0x01, 0x80, 0x03, 0x80, 
    0x01, 0xC0, 0x01, 0xC0, 0x01, 0x80, 0x03, 0x80, 0x01, 0xE0, 0x01, 0xC0, 0x0F, 0xE0, 0x03, 0x80, 
    0x00, 0xFF, 0x01, 0xC0, 0xFF, 0xFE, 0x03, 0x80, 0x00, 0x7F, 0xF1, 0xCF, 0xFC, 0x3F, 0xE3, 0x80, 
    0x00, 0x03, 0xFF, 0xFF, 0xC0, 0x03, 0xFF, 0x80, 0x00, 0x00, 0x3F, 0xFC, 0x00, 0x00, 0x3F, 0x80, 
    0x00, 0x00, 0x01, 0xC0, 0x00, 0x00, 0x03, 0x00, 0x00, 0x00, 0x00, 0x00, 0x00, 0x00, 0x00, 0x00, 
    0x00, 0x00, 0x00, 0x00, 0x00, 0x00, 0x00, 0x00, 0x00, 0x00, 0x00, 0x00, 0x00, 0x00, 0x00, 0x00, 
    0x00, 0x00, 0x00, 0x00, 0x00, 0x00, 0x00, 0x00, 0x00, 0x00, 0x00, 0x00, 0x00, 0x00, 0x00, 0x00, 
    0x00, 0x00, 0x00, 0x00, 0x00, 0x00, 0x00, 0x00, 0x00, 0x00, 0x00, 0x00, 0x00, 0x00, 0x00, 0x00, 
    0x00, 0x00, 0x00, 0x00, 0x00, 0x00, 0x00, 0x00, 0x00, 0x00, 0x00, 0x00, 0x00, 0x00, 0x00, 0x00, 
    0x00, 0x00, 0x00, 0x00, 0x00, 0x00, 0x00, 0x00, 0x00, 0x00, 0x00, 0x00, 0x00, 0x00, 0x00, 0x00, 
    0x00, 0x00, 0x00, 0x00, 0x00, 0x00, 0x00, 0x00, 0x00, 0x00, 0x00, 0x00, 0x00, 0x00, 0x00, 0x00, 
      },
  {
    0x00, 0x00, 0x00, 0x00, 0x00, 0x00, 0x00, 0x00, 0x00, 0x00, 0x00, 0x00, 0x00, 0x00, 0x00, 0x00, 
    0x00, 0x00, 0x00, 0x00, 0x00, 0x00, 0x00, 0x00, 0x00, 0x00, 0x00, 0x00, 0x00, 0x00, 0x00, 0x00, 
    0x00, 0x00, 0x00, 0x00, 0x00, 0x00, 0x00, 0x00, 0x00, 0x00, 0x00, 0x00, 0x00, 0x00, 0x00, 0x00, 
    0x00, 0x00, 0x00, 0x00, 0x00, 0x00, 0x00, 0x00, 0x00, 0x00, 0x00, 0x00, 0x00, 0x00, 0x00, 0x00, 
    0x00, 0x00, 0x00, 0x00, 0x00, 0x00, 0x00, 0x00, 0x00, 0x00, 0x00, 0x00, 0x00, 0x00, 0x00, 0x00, 
    0x00, 0x00, 0x00, 0x00, 0x00, 0x00, 0x00, 0x00, 0x00, 0x00, 0x00, 0x00, 0x00, 0x00, 0x00, 0x00, 
    0x00, 0x00, 0x00, 0x00, 0x00, 0x00, 0x00, 0x00, 0x00, 0x00, 0x00, 0x00, 0x00, 0x00, 0x00, 0x00, 
    0x00, 0x00, 0x00, 0x00, 0x00, 0x00, 0x00, 0x00, 0x00, 0xF0, 0x00, 0x00, 0x01, 0x80, 0x00, 0x00, 
    0x00, 0xFF, 0x00, 0x00, 0x1F, 0xF8, 0x00, 0x00, 0x00, 0xFF, 0xF0, 0x03, 0xFF, 0xFF, 0x80, 0x00, 
    0x00, 0xC3, 0xFF, 0x3F, 0xF9, 0x9F, 0xF8, 0x00, 0x00, 0xC0, 0x3F, 0xFF, 0x01, 0x81, 0xFF, 0x00, 
    0x00, 0xC0, 0x03, 0xF0, 0x01, 0x80, 0x1F, 0x00, 0x00, 0xC0, 0x00, 0xC0, 0x01, 0x80, 0x03, 0x00, 
    0x00, 0xC0, 0x00, 0xC0, 0x01, 0x80, 0x03, 0x00, 0x00, 0xC0, 0x01, 0xC0, 0x01, 0x80, 0x03, 0x00, 
    0x00, 0xC0, 0x01, 0xC0, 0x01, 0x80, 0x03, 0x00, 0x00, 0xC0, 0x01, 0xC0, 0x01, 0x80, 0x03, 0x00, 
    0x00, 0xC0, 0x01, 0xC0, 0x01, 0x80, 0x03, 0x00, 0x00, 0xF0, 0x01, 0xC0, 0x01, 0x80, 0x03, 0x00, 
    0x00, 0xF8, 0x01, 0xC0, 0x01, 0x80, 0x03, 0x00, 0x00, 0xFE, 0x01, 0xC0, 0x01, 0x87, 0xE3, 0x00, 
    0x00, 0xCF, 0x81, 0xC0, 0x01, 0x8F, 0xF3, 0x00, 0x00, 0xC3, 0xC1, 0xC0, 0x01, 0x9C, 0x3B, 0x00, 
    0x00, 0xC1, 0xF1, 0xCF, 0xC1, 0xB8, 0x1F, 0x00, 0x00, 0xC0, 0x7C, 0xDF, 0xF1, 0xF0, 0x0F, 0x00, 
    0x00, 0xC0, 0x1F, 0xF8, 0xFF, 0xE0, 0x0F, 0x00, 0x00, 0xC0, 0x0F, 0xF0, 0x3F, 0x80, 0x07, 0x00, 
    0x00, 0xC0, 0x01, 0xC0, 0x01, 0x80, 0x07, 0x00, 0x00, 0xC0, 0x01, 0xC0, 0x01, 0x80, 0x03, 0x00, 
    0x00, 0xC0, 0x01, 0xC0, 0x01, 0x80, 0x03, 0x00, 0x00, 0xC0, 0x01, 0xC0, 0x01, 0x80, 0x03, 0x00, 
    0x00, 0xC0, 0x01, 0xC0, 0x01, 0x80, 0x03, 0x00, 0x01, 0xC0, 0x01, 0xC0, 0x01, 0x80, 0x03, 0x00, 
    0x01, 0xC0, 0x01, 0xC0, 0x01, 0x80, 0x03, 0x00, 0x01, 0xC0, 0x01, 0xC0, 0x01, 0x80, 0x03, 0x00, 
    0x01, 0xC0, 0x01, 0xC0, 0x01, 0x80, 0x03, 0x00, 0x01, 0xC0, 0x01, 0xC0, 0x03, 0xC0, 0x03, 0x80, 
    0x01, 0xFC, 0x01, 0xC0, 0x3F, 0xFC, 0x03, 0x80, 0x00, 0xFF, 0xE1, 0xC7, 0xFF, 0xFF, 0xC3, 0x80, 
    0x00, 0x0F, 0xFF, 0xFF, 0xF0, 0x0F, 0xFF, 0x80, 0x00, 0x00, 0x7F, 0xFE, 0x00, 0x00, 0x7F, 0x80, 
    0x00, 0x00, 0x03, 0xE0, 0x00, 0x00, 0x07, 0x00, 0x00, 0x00, 0x00, 0x00, 0x00, 0x00, 0x00, 0x00, 
    0x00, 0x00, 0x00, 0x00, 0x00, 0x00, 0x00, 0x00, 0x00, 0x00, 0x00, 0x00, 0x00, 0x00, 0x00, 0x00, 
    0x00, 0x00, 0x00, 0x00, 0x00, 0x00, 0x00, 0x00, 0x00, 0x00, 0x00, 0x00, 0x00, 0x00, 0x00, 0x00, 
    0x00, 0x00, 0x00, 0x00, 0x00, 0x00, 0x00, 0x00, 0x00, 0x00, 0x00, 0x00, 0x00, 0x00, 0x00, 0x00, 
    0x00, 0x00, 0x00, 0x00, 0x00, 0x00, 0x00, 0x00, 0x00, 0x00, 0x00, 0x00, 0x00, 0x00, 0x00, 0x00, 
    0x00, 0x00, 0x00, 0x00, 0x00, 0x00, 0x00, 0x00, 0x00, 0x00, 0x00, 0x00, 0x00, 0x00, 0x00, 0x00, 
    0x00, 0x00, 0x00, 0x00, 0x00, 0x00, 0x00, 0x00, 0x00, 0x00, 0x00, 0x00, 0x00, 0x00, 0x00, 0x00, 
      },
  {
    0x00, 0x00, 0x00, 0x00, 0x00, 0x00, 0x00, 0x00, 0x00, 0x00, 0x00, 0x00, 0x00, 0x00, 0x00, 0x00, 
    0x00, 0x00, 0x00, 0x00, 0x00, 0x00, 0x00, 0x00, 0x00, 0x00, 0x00, 0x00, 0x00, 0x00, 0x00, 0x00, 
    0x00, 0x00, 0x00, 0x00, 0x00, 0x00, 0x00, 0x00, 0x00, 0x00, 0x00, 0x00, 0x00, 0x00, 0x00, 0x00, 
    0x00, 0x00, 0x00, 0x00, 0x00, 0x00, 0x00, 0x00, 0x00, 0x00, 0x00, 0x00, 0x00, 0x00, 0x00, 0x00, 
    0x00, 0x00, 0x00, 0x00, 0x00, 0x00, 0x00, 0x00, 0x00, 0x00, 0x00, 0x00, 0x00, 0x00, 0x00, 0x00, 
    0x00, 0x00, 0x00, 0x00, 0x00, 0x00, 0x00, 0x00, 0x00, 0x00, 0x00, 0x00, 0x00, 0x00, 0x00, 0x00, 
    0x00, 0x00, 0x00, 0x00, 0x00, 0x00, 0x00, 0x00, 0x00, 0x00, 0x00, 0x00, 0x00, 0x00, 0x00, 0x00, 
    0x00, 0x00, 0x00, 0x00, 0x00, 0x00, 0x00, 0x00, 0x00, 0x00, 0x00, 0x00, 0x00, 0x00, 0x00, 0x00, 
    0x00, 0x00, 0x00, 0x00, 0x00, 0x00, 0x00, 0x00, 0x00, 0x7C, 0x00, 0x00, 0x07, 0xC0, 0x00, 0x00, 
    0x00, 0x7F, 0xC0, 0x00, 0xFF, 0xFC, 0x00, 0x00, 0x00, 0x6F, 0xFE, 0x0F, 0xFF, 0xFF, 0xE0, 0x00, 
    0x00, 0x60, 0xFF, 0xFF, 0xC3, 0x8F, 0xFE, 0x00, 0x00, 0x60, 0x07, 0xFC, 0x03, 0x80, 0x7E, 0x00, 
    0x00, 0x60, 0x00, 0xC0, 0x03, 0x80, 0x06, 0x00, 0x00, 0xE0, 0x00, 0xC0, 0x03, 0x80, 0x06, 0x00, 
    0x00, 0xE0, 0x00, 0xC0, 0x03, 0x80, 0x06, 0x00, 0x00, 0xE0, 0x00, 0xC0, 0x03, 0x80, 0x06, 0x00, 
    0x00, 0xE0, 0x00, 0xC0, 0x03, 0x80, 0x06, 0x00, 0x00, 0xE0, 0x00, 0xC0, 0x01, 0x80, 0x07, 0x00, 
    0x00, 0xF0, 0x00, 0xC0, 0x01, 0x80, 0x07, 0x00, 0x00, 0xFC, 0x00, 0xC0, 0x01, 0x81, 0x87, 0x00, 
    0x00, 0xFF, 0x00, 0xC0, 0x01, 0x8F, 0xE7, 0x00, 0x00, 0xC7, 0x80, 0xC0, 0x01, 0x9F, 0xF7, 0x00, 
    0x00, 0xC3, 0xE0, 0xC0, 0x01, 0xBC, 0x3F, 0x00, 0x00, 0xC0, 0xF8, 0xDF, 0xC1, 0xF0, 0x1F, 0x00, 
    0x00, 0xC0, 0x3F, 0xFF, 0xF3, 0xF0, 0x0F, 0x00, 0x00, 0xC0, 0x0F, 0xF8, 0x7F, 0xE0, 0x0F, 0x00, 
    0x00, 0xC0, 0x07, 0xE0, 0x1F, 0x80, 0x07, 0x00, 0x00, 0xC0, 0x00, 0xC0, 0x01, 0x80, 0x07, 0x00, 
    0x00, 0xC0, 0x01, 0xC0, 0x01, 0x80, 0x03, 0x00, 0x00, 0xC0, 0x01, 0xC0, 0x01, 0x80, 0x03, 0x00, 
    0x00, 0xC0, 0x01, 0xC0, 0x01, 0x80, 0x03, 0x00, 0x00, 0xC0, 0x01, 0xC0, 0x01, 0x80, 0x03, 0x00, 
    0x00, 0xC0, 0x01, 0xC0, 0x01, 0x80, 0x03, 0x00, 0x00, 0xC0, 0x01, 0xC0, 0x01, 0x80, 0x03, 0x00, 
    0x00, 0xC0, 0x01, 0xC0, 0x01, 0x80, 0x03, 0x00, 0x01, 0xC0, 0x01, 0xC0, 0x01, 0x80, 0x03, 0x00, 
    0x01, 0xE0, 0x01, 0xC0, 0x07, 0xE0, 0x03, 0x00, 0x01, 0xFF, 0x01, 0xC0, 0xFF, 0xFF, 0x03, 0x00, 
    0x00, 0x7F, 0xFD, 0xDF, 0xFE, 0x7F, 0xFB, 0x80, 0x00, 0x03, 0xFF, 0xFF, 0xC0, 0x03, 0xFF, 0x80, 
    0x00, 0x00, 0x0F, 0xF8, 0x00, 0x00, 0x1F, 0x80, 0x00, 0x00, 0x00, 0x00, 0x00, 0x00, 0x00, 0x00, 
    0x00, 0x00, 0x00, 0x00, 0x00, 0x00, 0x00, 0x00, 0x00, 0x00, 0x00, 0x00, 0x00, 0x00, 0x00, 0x00, 
    0x00, 0x00, 0x00, 0x00, 0x00, 0x00, 0x00, 0x00, 0x00, 0x00, 0x00, 0x00, 0x00, 0x00, 0x00, 0x00, 
    0x00, 0x00, 0x00, 0x00, 0x00, 0x00, 0x00, 0x00, 0x00, 0x00, 0x00, 0x00, 0x00, 0x00, 0x00, 0x00, 
    0x00, 0x00, 0x00, 0x00, 0x00, 0x00, 0x00, 0x00, 0x00, 0x00, 0x00, 0x00, 0x00, 0x00, 0x00, 0x00, 
    0x00, 0x00, 0x00, 0x00, 0x00, 0x00, 0x00, 0x00, 0x00, 0x00, 0x00, 0x00, 0x00, 0x00, 0x00, 0x00, 
    0x00, 0x00, 0x00, 0x00, 0x00, 0x00, 0x00, 0x00, 0x00, 0x00, 0x00, 0x00, 0x00, 0x00, 0x00, 0x00, 
      },
  {
    0x00, 0x00, 0x00, 0x00, 0x00, 0x00, 0x00, 0x00, 0x00, 0x00, 0x00, 0x00, 0x00, 0x00, 0x00, 0x00, 
    0x00, 0x00, 0x00, 0x00, 0x00, 0x00, 0x00, 0x00, 0x00, 0x00, 0x00, 0x00, 0x00, 0x00, 0x00, 0x00, 
    0x00, 0x00, 0x00, 0x00, 0x00, 0x00, 0x00, 0x00, 0x00, 0x00, 0x00, 0x00, 0x00, 0x00, 0x00, 0x00, 
    0x00, 0x00, 0x00, 0x00, 0x00, 0x00, 0x00, 0x00, 0x00, 0x00, 0x00, 0x00, 0x00, 0x00, 0x00, 0x00, 
    0x00, 0x00, 0x00, 0x00, 0x00, 0x00, 0x00, 0x00, 0x00, 0x00, 0x00, 0x00, 0x00, 0x00, 0x00, 0x00, 
    0x00, 0x00, 0x00, 0x00, 0x00, 0x00, 0x00, 0x00, 0x00, 0x00, 0x00, 0x00, 0x00, 0x00, 0x00, 0x00, 
    0x00, 0x00, 0x00, 0x00, 0x00, 0x00, 0x00, 0x00, 0x00, 0x00, 0x00, 0x00, 0x00, 0x00, 0x00, 0x00, 
    0x00, 0x00, 0x00, 0x00, 0x00, 0x00, 0x00, 0x00, 0x00, 0x00, 0x00, 0x00, 0x00, 0x00, 0x00, 0x00, 
    0x00, 0x00, 0x00, 0x00, 0x00, 0x00, 0x00, 0x00, 0x00, 0x00, 0x00, 0x00, 0x00, 0x00, 0x00, 0x00, 
    0x00, 0x00, 0x00, 0x00, 0x00, 0x00, 0x00, 0x00, 0x00, 0x3C, 0x00, 0x00, 0x03, 0x80, 0x00, 0x00, 
    0x00, 0x3F, 0xE0, 0x00, 0xFF, 0xFC, 0x00, 0x00, 0x00, 0x3F, 0xFF, 0x1F, 0xFF, 0xFF, 0xE0, 0x00, 
    0x00, 0x30, 0x7F, 0xFF, 0xC3, 0x0F, 0xFC, 0x00, 0x00, 0x70, 0x03, 0xF8, 0x03, 0x80, 0x7C, 0x00, 
    0x00, 0x70, 0x00, 0xC0, 0x03, 0x80, 0x0C, 0x00, 0x00, 0x70, 0x00, 0xC0, 0x03, 0x80, 0x0C, 0x00, 
    0x00, 0x70, 0x00, 0xC0, 0x03, 0x80, 0x0C, 0x00, 0x00, 0x70, 0x00, 0xC0, 0x03, 0x80, 0x0E, 0x00, 
    0x00, 0x60, 0x00, 0xC0, 0x03, 0x80, 0x0E, 0x00, 0x00, 0x70, 0x00, 0xC0, 0x03, 0x80, 0x0E, 0x00, 
    0x00, 0x7C, 0x00, 0xC0, 0x03, 0x80, 0x0E, 0x00, 0x00, 0x7F, 0x00, 0xC0, 0x03, 0x8F, 0xE6, 0x00, 
    0x00, 0x67, 0xC0, 0xC0, 0x03, 0x9F, 0xF6, 0x00, 0x00, 0x61, 0xE0, 0xC0, 0x03, 0xB8, 0x7E, 0x00, 
    0x00, 0x60, 0xF8, 0xCF, 0x81, 0xF0, 0x1E, 0x00, 0x00, 0xE0, 0x3F, 0xFF, 0xE3, 0xE0, 0x1E, 0x00, 
    0x00, 0xE0, 0x0F, 0xF8, 0xFF, 0xC0, 0x0E, 0x00, 0x00, 0xE0, 0x03, 0xE0, 0x3F, 0x80, 0x0E, 0x00, 
    0x00, 0xE0, 0x00, 0xC0, 0x01, 0x80, 0x07, 0x00, 0x00, 0xE0, 0x00, 0xC0, 0x01, 0x80, 0x07, 0x00, 
    0x00, 0xC0, 0x00, 0xC0, 0x01, 0x80, 0x07, 0x00, 0x00, 0xC0, 0x00, 0xC0, 0x01, 0x80, 0x07, 0x00, 
    0x00, 0xC0, 0x00, 0xC0, 0x01, 0x80, 0x07, 0x00, 0x00, 0xC0, 0x00, 0xC0, 0x01, 0x80, 0x03, 0x00, 
    0x00, 0xC0, 0x01, 0xC0, 0x01, 0x80, 0x03, 0x00, 0x00, 0xC0, 0x01, 0xC0, 0x01, 0x80, 0x03, 0x00, 
    0x00, 0xC0, 0x01, 0xC0, 0x01, 0x80, 0x03, 0x00, 0x01, 0xF0, 0x01, 0xC0, 0x0F, 0xF0, 0x03, 0x00, 
    0x00, 0xFF, 0xC1, 0xC3, 0xFF, 0xFF, 0x83, 0x00, 0x00, 0x7F, 0xFF, 0xFF, 0xFC, 0x3F, 0xFF, 0x00, 
    0x00, 0x00, 0xFF, 0xFF, 0x80, 0x01, 0xFF, 0x80, 0x00, 0x00, 0x03, 0xE0, 0x00, 0x00, 0x07, 0x00, 
    0x00, 0x00, 0x00, 0x00, 0x00, 0x00, 0x00, 0x00, 0x00, 0x00, 0x00, 0x00, 0x00, 0x00, 0x00, 0x00, 
    0x00, 0x00, 0x00, 0x00, 0x00, 0x00, 0x00, 0x00, 0x00, 0x00, 0x00, 0x00, 0x00, 0x00, 0x00, 0x00, 
    0x00, 0x00, 0x00, 0x00, 0x00, 0x00, 0x00, 0x00, 0x00, 0x00, 0x00, 0x00, 0x00, 0x00, 0x00, 0x00, 
    0x00, 0x00, 0x00, 0x00, 0x00, 0x00, 0x00, 0x00, 0x00, 0x00, 0x00, 0x00, 0x00, 0x00, 0x00, 0x00, 
    0x00, 0x00, 0x00, 0x00, 0x00, 0x00, 0x00, 0x00, 0x00, 0x00, 0x00, 0x00, 0x00, 0x00, 0x00, 0x00, 
    0x00, 0x00, 0x00, 0x00, 0x00, 0x00, 0x00, 0x00, 0x00, 0x00, 0x00, 0x00, 0x00, 0x00, 0x00, 0x00, 
      },
  {
    0x00, 0x00, 0x00, 0x00, 0x00, 0x00, 0x00, 0x00, 0x00, 0x00, 0x00, 0x00, 0x00, 0x00, 0x00, 0x00, 
    0x00, 0x00, 0x00, 0x00, 0x00, 0x00, 0x00, 0x00, 0x00, 0x00, 0x00, 0x00, 0x00, 0x00, 0x00, 0x00, 
    0x00, 0x00, 0x00, 0x00, 0x00, 0x00, 0x00, 0x00, 0x00, 0x00, 0x00, 0x00, 0x00, 0x00, 0x00, 0x00, 
    0x00, 0x00, 0x00, 0x00, 0x00, 0x00, 0x00, 0x00, 0x00, 0x00, 0x00, 0x00, 0x00, 0x00, 0x00, 0x00, 
    0x00, 0x00, 0x00, 0x00, 0x00, 0x00, 0x00, 0x00, 0x00, 0x00, 0x00, 0x00, 0x00, 0x00, 0x00, 0x00, 
    0x00, 0x00, 0x00, 0x00, 0x00, 0x00, 0x00, 0x00, 0x00, 0x00, 0x00, 0x00, 0x00, 0x00, 0x00, 0x00, 
    0x00, 0x00, 0x00, 0x00, 0x00, 0x00, 0x00, 0x00, 0x00, 0x00, 0x00, 0x00, 0x00, 0x00, 0x00, 0x00, 
    0x00, 0x00, 0x00, 0x00, 0x00, 0x00, 0x00, 0x00, 0x00, 0x00, 0x00, 0x00, 0x00, 0x00, 0x00, 0x00, 
    0x00, 0x00, 0x00, 0x00, 0x00, 0x00, 0x00, 0x00, 0x00, 0x00, 0x00, 0x00, 0x00, 0x00, 0x00, 0x00, 
    0x00, 0x00, 0x00, 0x00, 0x00, 0x00, 0x00, 0x00, 0x00, 0x00, 0x00, 0x00, 0x00, 0x00, 0x00, 0x00, 
    0x00, 0x00, 0x00, 0x00, 0x00, 0x00, 0x00, 0x00, 0x00, 0x00, 0x00, 0x00, 0x00, 0x00, 0x00, 0x00, 
    0x00, 0x1F, 0xC0, 0x00, 0x1F, 0xE0, 0x00, 0x00, 0x00, 0x1F, 0xFE, 0x0F, 0xFF, 0xFF, 0x80, 0x00, 
    0x00, 0x19, 0xFF, 0xFF, 0xFF, 0xFF, 0xF8, 0x00, 0x00, 0x18, 0x07, 0xFE, 0x03, 0x03, 0xF8, 0x00, 
    0x00, 0x38, 0x00, 0xE0, 0x03, 0x00, 0x18, 0x00, 0x00, 0x38, 0x00, 0xE0, 0x03, 0x00, 0x18, 0x00, 
    0x00, 0x38, 0x00, 0xE0, 0x03, 0x00, 0x18, 0x00, 0x00, 0x30, 0x00, 0xE0, 0x03, 0x00, 0x1C, 0x00, 
    0x00, 0x30, 0x00, 0xE0, 0x03, 0x00, 0x1C, 0x00, 0x00, 0x3C, 0x00, 0xE0, 0x03, 0x00, 0x1C, 0x00, 
    0x00, 0x3F, 0x00, 0xE0, 0x03, 0x07, 0xCC, 0x00, 0x00, 0x3F, 0xC0, 0xE0, 0x03, 0x9F, 0xEC, 0x00, 
    0x00, 0x73, 0xF0, 0xC0, 0x03, 0x3C, 0xFC, 0x00, 0x00, 0x70, 0xF8, 0xCF, 0x83, 0xF0, 0x3C, 0x00, 
    0x00, 0x70, 0x3F, 0xFF, 0xC3, 0xE0, 0x1E, 0x00, 0x00, 0x60, 0x0F, 0xF8, 0x7F, 0xC0, 0x1E, 0x00, 
    0x00, 0x60, 0x03, 0xE0, 0x7F, 0x80, 0x0E, 0x00, 0x00, 0x60, 0x00, 0xC0, 0x0B, 0x80, 0x0E, 0x00, 
    0x00, 0x60, 0x00, 0xC0, 0x03, 0x80, 0x06, 0x00, 0x00, 0xE0, 0x00, 0xC0, 0x03, 0x80, 0x06, 0x00, 
    0x00, 0xE0, 0x00, 0xC0, 0x01, 0x80, 0x06, 0x00, 0x00, 0xE0, 0x00, 0xC0, 0x01, 0x80, 0x07, 0x00, 
    0x00, 0xC0, 0x00, 0xC0, 0x01, 0x80, 0x07, 0x00, 0x00, 0xC0, 0x00, 0xC0, 0x01, 0x80, 0x07, 0x00, 
    0x00, 0xC0, 0x00, 0xC0, 0x01, 0x80, 0x03, 0x00, 0x00, 0xC0, 0x01, 0xC0, 0x01, 0x80, 0x03, 0x00, 
    0x00, 0xE0, 0x01, 0xC0, 0x0F, 0xF0, 0x03, 0x00, 0x01, 0xFF, 0xF1, 0xC7, 0xFF, 0xFF, 0xE3, 0x00, 
    0x00, 0xFF, 0xFF, 0xFF, 0xFE, 0x7F, 0xFF, 0x00, 0x00, 0x00, 0xFF, 0xFF, 0x00, 0x00, 0xFF, 0x80, 
    0x00, 0x00, 0x00, 0x00, 0x00, 0x00, 0x00, 0x00, 0x00, 0x00, 0x00, 0x00, 0x00, 0x00, 0x00, 0x00, 
    0x00, 0x00, 0x00, 0x00, 0x00, 0x00, 0x00, 0x00, 0x00, 0x00, 0x00, 0x00, 0x00, 0x00, 0x00, 0x00, 
    0x00, 0x00, 0x00, 0x00, 0x00, 0x00, 0x00, 0x00, 0x00, 0x00, 0x00, 0x00, 0x00, 0x00, 0x00, 0x00, 
    0x00, 0x00, 0x00, 0x00, 0x00, 0x00, 0x00, 0x00, 0x00, 0x00, 0x00, 0x00, 0x00, 0x00, 0x00, 0x00, 
    0x00, 0x00, 0x00, 0x00, 0x00, 0x00, 0x00, 0x00, 0x00, 0x00, 0x00, 0x00, 0x00, 0x00, 0x00, 0x00, 
    0x00, 0x00, 0x00, 0x00, 0x00, 0x00, 0x00, 0x00, 0x00, 0x00, 0x00, 0x00, 0x00, 0x00, 0x00, 0x00, 
      },
  {
    0x00, 0x00, 0x00, 0x00, 0x00, 0x00, 0x00, 0x00, 0x00, 0x00, 0x00, 0x00, 0x00, 0x00, 0x00, 0x00, 
    0x00, 0x00, 0x00, 0x00, 0x00, 0x00, 0x00, 0x00, 0x00, 0x00, 0x00, 0x00, 0x00, 0x00, 0x00, 0x00, 
    0x00, 0x00, 0x00, 0x00, 0x00, 0x00, 0x00, 0x00, 0x00, 0x00, 0x00, 0x00, 0x00, 0x00, 0x00, 0x00, 
    0x00, 0x00, 0x00, 0x00, 0x00, 0x00, 0x00, 0x00, 0x00, 0x00, 0x00, 0x00, 0x00, 0x00, 0x00, 0x00, 
    0x00, 0x00, 0x00, 0x00, 0x00, 0x00, 0x00, 0x00, 0x00, 0x00, 0x00, 0x00, 0x00, 0x00, 0x00, 0x00, 
    0x00, 0x00, 0x00, 0x00, 0x00, 0x00, 0x00, 0x00, 0x00, 0x00, 0x00, 0x00, 0x00, 0x00, 0x00, 0x00, 
    0x00, 0x00, 0x00, 0x00, 0x00, 0x00, 0x00, 0x00, 0x00, 0x00, 0x00, 0x00, 0x00, 0x00, 0x00, 0x00, 
    0x00, 0x00, 0x00, 0x00, 0x00, 0x00, 0x00, 0x00, 0x00, 0x00, 0x00, 0x00, 0x00, 0x00, 0x00, 0x00, 
    0x00, 0x00, 0x00, 0x00, 0x00, 0x00, 0x00, 0x00, 0x00, 0x00, 0x00, 0x00, 0x00, 0x00, 0x00, 0x00, 
    0x00, 0x00, 0x00, 0x00, 0x00, 0x00, 0x00, 0x00, 0x00, 0x00, 0x00, 0x00, 0x00, 0x00, 0x00, 0x00, 
    0x00, 0x00, 0x00, 0x00, 0x00, 0x00, 0x00, 0x00, 0x00, 0x00, 0x00, 0x00, 0x00, 0x00, 0x00, 0x00, 
    0x00, 0x00, 0x00, 0x00, 0x00, 0x00, 0x00, 0x00, 0x00, 0x00, 0x00, 0x00, 0x00, 0x00, 0x00, 0x00, 
    0x00, 0x00, 0x00, 0x00, 0x00, 0x00, 0x00, 0x00, 0x00, 0x00, 0x00, 0x00, 0x00, 0x00, 0x00, 0x00, 
    0x00, 0x07, 0xFE, 0x03, 0xFF, 0xFC, 0x00, 0x00, 0x00, 0x07, 0xFF, 0xFF, 0xFF, 0xFF, 0xE0, 0x00, 
    0x00, 0x0E, 0x0F, 0xFF, 0xC7, 0x3F, 0xE0, 0x00, 0x00, 0x0E, 0x00, 0x60, 0x07, 0x00, 0x70, 0x00, 
    0x00, 0x0C, 0x00, 0x60, 0x07, 0x00, 0x70, 0x00, 0x00, 0x0C, 0x00, 0x60, 0x07, 0x00, 0x30, 0x00, 
    0x00, 0x1C, 0x00, 0x60, 0x07, 0x00, 0x30, 0x00, 0x00, 0x1C, 0x00, 0x60, 0x03, 0x00, 0x30, 0x00, 
    0x00, 0x1F, 0x00, 0x60, 0x03, 0x0F, 0xB8, 0x00, 0x00, 0x1F, 0xE0, 0xE0, 0x03, 0x3F, 0xF8, 0x00, 
    0x00, 0x19, 0xF8, 0xE0, 0x03, 0x7C, 0xF8, 0x00, 0x00, 0x38, 0x7E, 0xFF, 0x83, 0xF0, 0x78, 0x00, 
    0x00, 0x38, 0x1F, 0xFF, 0xC3, 0xC0, 0x3C, 0x00, 0x00, 0x30, 0x03, 0xF3, 0xFF, 0x80, 0x1C, 0x00, 
    0x00, 0x30, 0x00, 0xE1, 0xFF, 0x80, 0x1C, 0x00, 0x00, 0x70, 0x00, 0xC0, 0x03, 0x00, 0x0C, 0x00, 
    0x00, 0x70, 0x00, 0xC0, 0x03, 0x80, 0x0C, 0x00, 0x00, 0x60, 0x00, 0xC0, 0x03, 0x80, 0x0E, 0x00, 
    0x00, 0x60, 0x00, 0xC0, 0x03, 0x80, 0x0E, 0x00, 0x00, 0x60, 0x00, 0xC0, 0x03, 0x80, 0x06, 0x00, 
    0x00, 0xE0, 0x00, 0xC0, 0x01, 0x80, 0x06, 0x00, 0x00, 0xE0, 0x00, 0xC0, 0x01, 0x80, 0x07, 0x00, 
    0x00, 0xC0, 0x00, 0xC0, 0x01, 0x80, 0x07, 0x00, 0x00, 0xC0, 0x00, 0xC0, 0x01, 0x80, 0x03, 0x00, 
    0x01, 0xFF, 0xC1, 0xC3, 0xFF, 0xFF, 0xC3, 0x00, 0x00, 0xFF, 0xFF, 0xFF, 0xFF, 0xFF, 0xFF, 0x00, 
    0x00, 0x07, 0xFF, 0xFF, 0xE0, 0x07, 0xFF, 0x00, 0x00, 0x00, 0x00, 0x00, 0x00, 0x00, 0x00, 0x00, 
    0x00, 0x00, 0x00, 0x00, 0x00, 0x00, 0x00, 0x00, 0x00, 0x00, 0x00, 0x00, 0x00, 0x00, 0x00, 0x00, 
    0x00, 0x00, 0x00, 0x00, 0x00, 0x00, 0x00, 0x00, 0x00, 0x00, 0x00, 0x00, 0x00, 0x00, 0x00, 0x00, 
    0x00, 0x00, 0x00, 0x00, 0x00, 0x00, 0x00, 0x00, 0x00, 0x00, 0x00, 0x00, 0x00, 0x00, 0x00, 0x00, 
    0x00, 0x00, 0x00, 0x00, 0x00, 0x00, 0x00, 0x00, 0x00, 0x00, 0x00, 0x00, 0x00, 0x00, 0x00, 0x00, 
    0x00, 0x00, 0x00, 0x00, 0x00, 0x00, 0x00, 0x00, 0x00, 0x00, 0x00, 0x00, 0x00, 0x00, 0x00, 0x00, 
      },
  {
    0x00, 0x00, 0x00, 0x00, 0x00, 0x00, 0x00, 0x00, 0x00, 0x00, 0x00, 0x00, 0x00, 0x00, 0x00, 0x00, 
    0x00, 0x00, 0x00, 0x00, 0x00, 0x00, 0x00, 0x00, 0x00, 0x00, 0x00, 0x00, 0x00, 0x00, 0x00, 0x00, 
    0x00, 0x00, 0x00, 0x00, 0x00, 0x00, 0x00, 0x00, 0x00, 0x00, 0x00, 0x00, 0x00, 0x00, 0x00, 0x00, 
    0x00, 0x00, 0x00, 0x00, 0x00, 0x00, 0x00, 0x00, 0x00, 0x00, 0x00, 0x00, 0x00, 0x00, 0x00, 0x00, 
    0x00, 0x00, 0x00, 0x00, 0x00, 0x00, 0x00, 0x00, 0x00, 0x00, 0x00, 0x00, 0x00, 0x00, 0x00, 0x00, 
    0x00, 0x00, 0x00, 0x00, 0x00, 0x00, 0x00, 0x00, 0x00, 0x00, 0x00, 0x00, 0x00, 0x00, 0x00, 0x00, 
    0x00, 0x00, 0x00, 0x00, 0x00, 0x00, 0x00, 0x00, 0x00, 0x00, 0x00, 0x00, 0x00, 0x00, 0x00, 0x00, 
    0x00, 0x00, 0x00, 0x00, 0x00, 0x00, 0x00, 0x00, 0x00, 0x00, 0x00, 0x00, 0x00, 0x00, 0x00, 0x00, 
    0x00, 0x00, 0x00, 0x00, 0x00, 0x00, 0x00, 0x00, 0x00, 0x00, 0x00, 0x00, 0x00, 0x00, 0x00, 0x00, 
    0x00, 0x00, 0x00, 0x00, 0x00, 0x00, 0x00, 0x00, 0x00, 0x00, 0x00, 0x00, 0x00, 0x00, 0x00, 0x00, 
    0x00, 0x00, 0x00, 0x00, 0x00, 0x00, 0x00, 0x00, 0x00, 0x00, 0x00, 0x00, 0x00, 0x00, 0x00, 0x00, 
    0x00, 0x00, 0x00, 0x00, 0x00, 0x00, 0x00, 0x00, 0x00, 0x00, 0x00, 0x00, 0x00, 0x00, 0x00, 0x00, 
    0x00, 0x00, 0x00, 0x00, 0x00, 0x00, 0x00, 0x00, 0x00, 0x00, 0x00, 0x00, 0x00, 0x00, 0x00, 0x00, 
    0x00, 0x00, 0x00, 0x00, 0x00, 0x00, 0x00, 0x00, 0x00, 0x00, 0x00, 0x00, 0x00, 0x00, 0x00, 0x00, 
    0x00, 0x03, 0xFF, 0x8F, 0xFF, 0xFC, 0x00, 0x00, 0x00, 0x03, 0xFF, 0xFF, 0xFF, 0xFF, 0xC0, 0x00, 
    0x00, 0x07, 0x1F, 0xFF, 0xEF, 0xFF, 0xC0, 0x00, 0x00, 0x06, 0x00, 0x70, 0x06, 0x00, 0xE0, 0x00, 
    0x00, 0x06, 0x00, 0x60, 0x06, 0x00, 0x60, 0x00, 0x00, 0x0E, 0x00, 0x60, 0x06, 0x00, 0x60, 0x00, 
    0x00, 0x0E, 0x00, 0x60, 0x07, 0x00, 0x70, 0x00, 0x00, 0x0F, 0x00, 0x63, 0x87, 0x0F, 0xF0, 0x00, 
    0x00, 0x0F, 0xE0, 0x63, 0xC7, 0x3F, 0xF0, 0x00, 0x00, 0x1D, 0xF8, 0x67, 0xC7, 0x7D, 0xF0, 0x00, 
    0x00, 0x1C, 0x7F, 0xFF, 0xC3, 0xE0, 0x78, 0x00, 0x00, 0x18, 0x0F, 0xFF, 0xC3, 0xC0, 0x38, 0x00, 
    0x00, 0x18, 0x03, 0xF1, 0xFF, 0x80, 0x38, 0x00, 0x00, 0x38, 0x00, 0xE0, 0xFF, 0x00, 0x18, 0x00, 
    0x00, 0x30, 0x00, 0xE0, 0x1B, 0x00, 0x1C, 0x00, 0x00, 0x30, 0x00, 0xE0, 0x03, 0x00, 0x0C, 0x00, 
    0x00, 0x70, 0x00, 0xC0, 0x03, 0x80, 0x0C, 0x00, 0x00, 0x70, 0x00, 0xC0, 0x03, 0x80, 0x0E, 0x00, 
    0x00, 0x60, 0x00, 0xC0, 0x03, 0x80, 0x0E, 0x00, 0x00, 0x60, 0x00, 0xC0, 0x03, 0x80, 0x06, 0x00, 
    0x00, 0xE0, 0x00, 0xC0, 0x01, 0x80, 0x06, 0x00, 0x00, 0xE0, 0x00, 0xC0, 0x01, 0x80, 0x07, 0x00, 
    0x00, 0xC0, 0x00, 0xC0, 0x01, 0x80, 0x03, 0x00, 0x00, 0xFF, 0xFF, 0xFF, 0xFF, 0xFF, 0xFF, 0x00, 
    0x00, 0xFF, 0xFF, 0xFF, 0xFF, 0xFF, 0xFF, 0x80, 0x00, 0x00, 0xFF, 0xFF, 0x00, 0x00, 0xFF, 0x00, 
    0x00, 0x00, 0x00, 0x00, 0x00, 0x00, 0x00, 0x00, 0x00, 0x00, 0x00, 0x00, 0x00, 0x00, 0x00, 0x00, 
    0x00, 0x00, 0x00, 0x00, 0x00, 0x00, 0x00, 0x00, 0x00, 0x00, 0x00, 0x00, 0x00, 0x00, 0x00, 0x00, 
    0x00, 0x00, 0x00, 0x00, 0x00, 0x00, 0x00, 0x00, 0x00, 0x00, 0x00, 0x00, 0x00, 0x00, 0x00, 0x00, 
    0x00, 0x00, 0x00, 0x00, 0x00, 0x00, 0x00, 0x00, 0x00, 0x00, 0x00, 0x00, 0x00, 0x00, 0x00, 0x00, 
    0x00, 0x00, 0x00, 0x00, 0x00, 0x00, 0x00, 0x00, 0x00, 0x00, 0x00, 0x00, 0x00, 0x00, 0x00, 0x00, 
      },
  {
    0x00, 0x00, 0x00, 0x00, 0x00, 0x00, 0x00, 0x00, 0x00, 0x00, 0x00, 0x00, 0x00, 0x00, 0x00, 0x00, 
    0x00, 0x00, 0x00, 0x00, 0x00, 0x00, 0x00, 0x00, 0x00, 0x00, 0x00, 0x00, 0x00, 0x00, 0x00, 0x00, 
    0x00, 0x00, 0x00, 0x00, 0x00, 0x00, 0x00, 0x00, 0x00, 0x00, 0x00, 0x00, 0x00, 0x00, 0x00, 0x00, 
    0x00, 0x00, 0x00, 0x00, 0x00, 0x00, 0x00, 0x00, 0x00, 0x00, 0x00, 0x00, 0x00, 0x00, 0x00, 0x00, 
    0x00, 0x00, 0x00, 0x00, 0x00, 0x00, 0x00, 0x00, 0x00, 0x00, 0x00, 0x00, 0x00, 0x00, 0x00, 0x00, 
    0x00, 0x00, 0x00, 0x00, 0x00, 0x00, 0x00, 0x00, 0x00, 0x00, 0x00, 0x00, 0x00, 0x00, 0x00, 0x00, 
    0x00, 0x00, 0x00, 0x00, 0x00, 0x00, 0x00, 0x00, 0x00, 0x00, 0x00, 0x00, 0x00, 0x00, 0x00, 0x00, 
    0x00, 0x00, 0x00, 0x00, 0x00, 0x00, 0x00, 0x00, 0x00, 0x00, 0x00, 0x00, 0x00, 0x00, 0x00, 0x00, 
    0x00, 0x00, 0x00, 0x00, 0x00, 0x00, 0x00, 0x00, 0x00, 0x00, 0x00, 0x00, 0x00, 0x00, 0x00, 0x00, 
    0x00, 0x00, 0x00, 0x00, 0x00, 0x00, 0x00, 0x00, 0x00, 0x00, 0x00, 0x00, 0x00, 0x00, 0x00, 0x00, 
    0x00, 0x00, 0x00, 0x00, 0x00, 0x00, 0x00, 0x00, 0x00, 0x00, 0x00, 0x00, 0x00, 0x00, 0x00, 0x00, 
    0x00, 0x00, 0x00, 0x00, 0x00, 0x00, 0x00, 0x00, 0x00, 0x00, 0x00, 0x00, 0x00, 0x00, 0x00, 0x00, 
    0x00, 0x00, 0x00, 0x00, 0x00, 0x00, 0x00, 0x00, 0x00, 0x00, 0x00, 0x00, 0x00, 0x00, 0x00, 0x00, 
    0x00, 0x00, 0x00, 0x00, 0x00, 0x00, 0x00, 0x00, 0x00, 0x00, 0x00, 0x00, 0x00, 0x00, 0x00, 0x00, 
    0x00, 0x00, 0x00, 0x00, 0x00, 0x00, 0x00, 0x00, 0x00, 0x01, 0xFF, 0xFF, 0xFF, 0xFF, 0x00, 0x00, 
    0x00, 0x03, 0xFF, 0xFF, 0xFF, 0xFF, 0xC0, 0x00, 0x00, 0x03, 0x0F, 0xFF, 0xEE, 0xFF, 0xC0, 0x00, 
    0x00, 0x07, 0x00, 0x70, 0x06, 0x00, 0xC0, 0x00, 0x00, 0x07, 0x00, 0x71, 0x86, 0x00, 0xE0, 0x00, 
    0x00, 0x06, 0x00, 0x73, 0xC6, 0x00, 0xE0, 0x00, 0x00, 0x06, 0x00, 0x67, 0xE6, 0x00, 0x60, 0x00, 
    0x00, 0x0F, 0xC0, 0x67, 0xE7, 0x1F, 0xF0, 0x00, 0x00, 0x0F, 0xF0, 0x67, 0xE7, 0x7F, 0xF0, 0x00, 
    0x00, 0x0C, 0xFE, 0x6F, 0xC7, 0xF0, 0xF0, 0x00, 0x00, 0x1C, 0x1F, 0xFF, 0xC3, 0xE0, 0x70, 0x00, 
    0x00, 0x18, 0x07, 0xFB, 0xE7, 0xC0, 0x38, 0x00, 0x00, 0x18, 0x00, 0xE0, 0xFF, 0x80, 0x38, 0x00, 
    0x00, 0x38, 0x00, 0xE0, 0x7F, 0x00, 0x18, 0x00, 0x00, 0x38, 0x00, 0xE0, 0x03, 0x00, 0x1C, 0x00, 
    0x00, 0x30, 0x00, 0xE0, 0x03, 0x00, 0x0C, 0x00, 0x00, 0x70, 0x00, 0xC0, 0x03, 0x00, 0x0C, 0x00, 
    0x00, 0x70, 0x00, 0xC0, 0x03, 0x80, 0x0E, 0x00, 0x00, 0x60, 0x00, 0xC0, 0x03, 0x80, 0x0E, 0x00, 
    0x00, 0x60, 0x00, 0xC0, 0x03, 0x80, 0x06, 0x00, 0x00, 0xE0, 0x00, 0xC0, 0x01, 0x80, 0x07, 0x00, 
    0x00, 0xC0, 0x00, 0xC0, 0x01, 0x80, 0x07, 0x00, 0x00, 0xFF, 0xC1, 0xC1, 0xFF, 0xFF, 0xC7, 0x00, 
    0x01, 0xFF, 0xFF, 0xFF, 0xFF, 0xFF, 0xFF, 0x80, 0x00, 0xFF, 0xFF, 0xFF, 0xFF, 0xFF, 0xFF, 0x00, 
    0x00, 0x00, 0x00, 0x00, 0x00, 0x00, 0x00, 0x00, 0x00, 0x00, 0x00, 0x00, 0x00, 0x00, 0x00, 0x00, 
    0x00, 0x00, 0x00, 0x00, 0x00, 0x00, 0x00, 0x00, 0x00, 0x00, 0x00, 0x00, 0x00, 0x00, 0x00, 0x00, 
    0x00, 0x00, 0x00, 0x00, 0x00, 0x00, 0x00, 0x00, 0x00, 0x00, 0x00, 0x00, 0x00, 0x00, 0x00, 0x00, 
    0x00, 0x00, 0x00, 0x00, 0x00, 0x00, 0x00, 0x00, 0x00, 0x00, 0x00, 0x00, 0x00, 0x00, 0x00, 0x00, 
    0x00, 0x00, 0x00, 0x00, 0x00, 0x00, 0x00, 0x00, 0x00, 0x00, 0x00, 0x00, 0x00, 0x00, 0x00, 0x00, 
      },
  {
    0x00, 0x00, 0x00, 0x00, 0x00, 0x00, 0x00, 0x00, 0x00, 0x00, 0x00, 0x00, 0x00, 0x00, 0x00, 0x00, 
    0x00, 0x00, 0x00, 0x00, 0x00, 0x00, 0x00, 0x00, 0x00, 0x00, 0x00, 0x00, 0x00, 0x00, 0x00, 0x00, 
    0x00, 0x00, 0x00, 0x00, 0x00, 0x00, 0x00, 0x00, 0x00, 0x00, 0x00, 0x00, 0x00, 0x00, 0x00, 0x00, 
    0x00, 0x00, 0x00, 0x00, 0x00, 0x00, 0x00, 0x00, 0x00, 0x00, 0x00, 0x00, 0x00, 0x00, 0x00, 0x00, 
    0x00, 0x00, 0x00, 0x00, 0x00, 0x00, 0x00, 0x00, 0x00, 0x00, 0x00, 0x00, 0x00, 0x00, 0x00, 0x00, 
    0x00, 0x00, 0x00, 0x00, 0x00, 0x00, 0x00, 0x00, 0x00, 0x00, 0x00, 0x00, 0x00, 0x00, 0x00, 0x00, 
    0x00, 0x00, 0x00, 0x00, 0x00, 0x00, 0x00, 0x00, 0x00, 0x00, 0x00, 0x00, 0x00, 0x00, 0x00, 0x00, 
    0x00, 0x00, 0x00, 0x00, 0x00, 0x00, 0x00, 0x00, 0x00, 0x00, 0x00, 0x00, 0x00, 0x00, 0x00, 0x00, 
    0x00, 0x00, 0x00, 0x00, 0x00, 0x00, 0x00, 0x00, 0x00, 0x00, 0x00, 0x00, 0x00, 0x00, 0x00, 0x00, 
    0x00, 0x00, 0x00, 0x00, 0x00, 0x00, 0x00, 0x00, 0x00, 0x00, 0x00, 0x00, 0x00, 0x00, 0x00, 0x00, 
    0x00, 0x00, 0x00, 0x00, 0x00, 0x00, 0x00, 0x00, 0x00, 0x00, 0x00, 0x00, 0x00, 0x00, 0x00, 0x00, 
    0x00, 0x00, 0x00, 0x00, 0x00, 0x00, 0x00, 0x00, 0x00, 0x00, 0x00, 0x00, 0x00, 0x00, 0x00, 0x00, 
    0x00, 0x00, 0x00, 0x00, 0x00, 0x00, 0x00, 0x00, 0x00, 0x00, 0x00, 0x00, 0x00, 0x00, 0x00, 0x00, 
    0x00, 0x00, 0x00, 0x00, 0x00, 0x00, 0x00, 0x00, 0x00, 0x00, 0x00, 0x00, 0x00, 0x00, 0x00, 0x00, 
    0x00, 0x00, 0x00, 0x00, 0x00, 0x00, 0x00, 0x00, 0x00, 0x00, 0x00, 0x01, 0x80, 0x00, 0x00, 0x00, 
    0x00, 0x01, 0xFF, 0xFF, 0xFF, 0xFF, 0x00, 0x00, 0x00, 0x01, 0xFF, 0xFF, 0xFF, 0xFF, 0x80, 0x00, 
    0x00, 0x03, 0xFF, 0xFF, 0xFF, 0xFF, 0x80, 0x00, 0x00, 0x03, 0x80, 0x7F, 0xFE, 0x01, 0xC0, 0x00, 
    0x00, 0x03, 0x00, 0x7F, 0xFE, 0x00, 0xC0, 0x00, 0x00, 0x07, 0x00, 0x7F, 0xF6, 0x00, 0xE0, 0x00, 
    0x00, 0x07, 0x00, 0x6E, 0xE6, 0x0F, 0xE0, 0x00, 0x00, 0x07, 0xE0, 0x66, 0xE6, 0x3F, 0xE0, 0x00, 
    0x00, 0x0F, 0xF8, 0x67, 0xC6, 0x7F, 0xF0, 0x00, 0x00, 0x0C, 0x7F, 0xFF, 0xC7, 0xE0, 0xF0, 0x00, 
    0x00, 0x0C, 0x0F, 0xFF, 0x87, 0xC0, 0x70, 0x00, 0x00, 0x1C, 0x01, 0xF1, 0xFF, 0x80, 0x38, 0x00, 
    0x00, 0x18, 0x00, 0x60, 0xFF, 0x00, 0x38, 0x00, 0x00, 0x18, 0x00, 0xE0, 0x3F, 0x00, 0x18, 0x00, 
    0x00, 0x38, 0x00, 0xE0, 0x03, 0x00, 0x1C, 0x00, 0x00, 0x30, 0x00, 0xE0, 0x03, 0x00, 0x1C, 0x00, 
    0x00, 0x30, 0x00, 0xC0, 0x03, 0x00, 0x0C, 0x00, 0x00, 0x70, 0x00, 0xC0, 0x03, 0x80, 0x0E, 0x00, 
    0x00, 0x60, 0x00, 0xC0, 0x03, 0x80, 0x06, 0x00, 0x00, 0x60, 0x00, 0xC0, 0x03, 0x80, 0x06, 0x00, 
    0x00, 0xE0, 0x00, 0xC0, 0x01, 0x80, 0x07, 0x00, 0x00, 0xC0, 0x01, 0xC0, 0x01, 0x80, 0x03, 0x00, 
    0x00, 0xFF, 0xFF, 0xFF, 0xFF, 0xFF, 0xFF, 0x00, 0x00, 0xFF, 0xFF, 0xFF, 0xFF, 0xFF, 0xFF, 0x00, 
    0x00, 0x00, 0x00, 0x00, 0x00, 0x00, 0x00, 0x00, 0x00, 0x00, 0x00, 0x00, 0x00, 0x00, 0x00, 0x00, 
    0x00, 0x00, 0x00, 0x00, 0x00, 0x00, 0x00, 0x00, 0x00, 0x00, 0x00, 0x00, 0x00, 0x00, 0x00, 0x00, 
    0x00, 0x00, 0x00, 0x00, 0x00, 0x00, 0x00, 0x00, 0x00, 0x00, 0x00, 0x00, 0x00, 0x00, 0x00, 0x00, 
    0x00, 0x00, 0x00, 0x00, 0x00, 0x00, 0x00, 0x00, 0x00, 0x00, 0x00, 0x00, 0x00, 0x00, 0x00, 0x00, 
    0x00, 0x00, 0x00, 0x00, 0x00, 0x00, 0x00, 0x00, 0x00, 0x00, 0x00, 0x00, 0x00, 0x00, 0x00, 0x00, 
      },
  {
    0x00, 0x00, 0x00, 0x00, 0x00, 0x00, 0x00, 0x00, 0x00, 0x00, 0x00, 0x00, 0x00, 0x00, 0x00, 0x00, 
    0x00, 0x00, 0x00, 0x00, 0x00, 0x00, 0x00, 0x00, 0x00, 0x00, 0x00, 0x00, 0x00, 0x00, 0x00, 0x00, 
    0x00, 0x00, 0x00, 0x00, 0x00, 0x00, 0x00, 0x00, 0x00, 0x00, 0x00, 0x00, 0x00, 0x00, 0x00, 0x00, 
    0x00, 0x00, 0x00, 0x00, 0x00, 0x00, 0x00, 0x00, 0x00, 0x00, 0x00, 0x00, 0x00, 0x00, 0x00, 0x00, 
    0x00, 0x00, 0x00, 0x00, 0x00, 0x00, 0x00, 0x00, 0x00, 0x00, 0x00, 0x00, 0x00, 0x00, 0x00, 0x00, 
    0x00, 0x00, 0x00, 0x00, 0x00, 0x00, 0x00, 0x00, 0x00, 0x00, 0x00, 0x00, 0x00, 0x00, 0x00, 0x00, 
    0x00, 0x00, 0x00, 0x00, 0x00, 0x00, 0x00, 0x00, 0x00, 0x00, 0x00, 0x00, 0x00, 0x00, 0x00, 0x00, 
    0x00, 0x00, 0x00, 0x00, 0x00, 0x00, 0x00, 0x00, 0x00, 0x00, 0x00, 0x00, 0x00, 0x00, 0x00, 0x00, 
    0x00, 0x00, 0x00, 0x00, 0x00, 0x00, 0x00, 0x00, 0x00, 0x00, 0x00, 0x00, 0x00, 0x00, 0x00, 0x00, 
    0x00, 0x00, 0x00, 0x00, 0x00, 0x00, 0x00, 0x00, 0x00, 0x00, 0x00, 0x00, 0x00, 0x00, 0x00, 0x00, 
    0x00, 0x00, 0x00, 0x00, 0x00, 0x00, 0x00, 0x00, 0x00, 0x00, 0x00, 0x00, 0x00, 0x00, 0x00, 0x00, 
    0x00, 0x00, 0x00, 0x0F, 0xF0, 0x00, 0x00, 0x00, 0x00, 0x00, 0x00, 0x1F, 0xF8, 0x00, 0x00, 0x00, 
    0x00, 0x00, 0x00, 0x3C, 0x3C, 0x00, 0x00, 0x00, 0x00, 0x00, 0x00, 0x33, 0xCC, 0x00, 0x00, 0x00, 
    0x00, 0x00, 0x00, 0x77, 0xEE, 0x00, 0x00, 0x00, 0x00, 0x00, 0x00, 0x6E, 0x76, 0x00, 0x00, 0x00, 
    0x00, 0x00, 0x00, 0x6C, 0x76, 0x00, 0x00, 0x00, 0x00, 0x00, 0x00, 0x6E, 0x76, 0x00, 0x00, 0x00, 
    0x00, 0x00, 0x00, 0x6F, 0xEE, 0x00, 0x00, 0x00, 0x00, 0x00, 0xFF, 0xF7, 0xEF, 0xFF, 0x00, 0x00, 
    0x00, 0x01, 0xFF, 0xF9, 0x9F, 0xFF, 0x80, 0x00, 0x00, 0x01, 0x80, 0x78, 0x1E, 0x0F, 0x80, 0x00, 
    0x00, 0x03, 0x80, 0x3C, 0x3E, 0x01, 0xC0, 0x00, 0x00, 0x03, 0x00, 0x7C, 0x3E, 0x00, 0xC0, 0x00, 
    0x00, 0x03, 0x00, 0x7E, 0x76, 0x00, 0xC0, 0x00, 0x00, 0x07, 0xC0, 0x77, 0xE6, 0x1F, 0xE0, 0x00, 
    0x00, 0x07, 0xF8, 0x67, 0xC6, 0x7F, 0xE0, 0x00, 0x00, 0x0E, 0xFE, 0x7F, 0xC7, 0xF0, 0xF0, 0x00, 
    0x00, 0x0E, 0x1F, 0xFF, 0x87, 0xC0, 0x70, 0x00, 0x00, 0x0C, 0x03, 0xFB, 0xC7, 0x80, 0x70, 0x00, 
    0x00, 0x1C, 0x00, 0x61, 0xFF, 0x00, 0x38, 0x00, 0x00, 0x18, 0x00, 0xE0, 0x7F, 0x00, 0x38, 0x00, 
    0x00, 0x18, 0x00, 0xE0, 0x03, 0x00, 0x18, 0x00, 0x00, 0x38, 0x00, 0xE0, 0x03, 0x00, 0x1C, 0x00, 
    0x00, 0x30, 0x00, 0xC0, 0x03, 0x00, 0x0C, 0x00, 0x00, 0x30, 0x00, 0xC0, 0x03, 0x00, 0x0C, 0x00, 
    0x00, 0x70, 0x00, 0xC0, 0x03, 0x80, 0x0E, 0x00, 0x00, 0x60, 0x00, 0xC0, 0x03, 0x80, 0x06, 0x00, 
    0x00, 0xE0, 0x00, 0xC0, 0x03, 0x80, 0x07, 0x00, 0x00, 0xC0, 0x00, 0xC0, 0x01, 0x80, 0x07, 0x00, 
    0x00, 0xFF, 0xFF, 0xFF, 0xFF, 0xFF, 0xFF, 0x00, 0x00, 0xFF, 0xFF, 0xFF, 0xFF, 0xFF, 0xFF, 0x00, 
    0x00, 0x3F, 0xFF, 0xFF, 0xFF, 0xFF, 0xFE, 0x00, 0x00, 0x00, 0x00, 0x00, 0x00, 0x00, 0x00, 0x00, 
    0x00, 0x00, 0x00, 0x00, 0x00, 0x00, 0x00, 0x00, 0x00, 0x00, 0x00, 0x00, 0x00, 0x00, 0x00, 0x00, 
    0x00, 0x00, 0x00, 0x00, 0x00, 0x00, 0x00, 0x00, 0x00, 0x00, 0x00, 0x00, 0x00, 0x00, 0x00, 0x00, 
    0x00, 0x00, 0x00, 0x00, 0x00, 0x00, 0x00, 0x00, 0x00, 0x00, 0x00, 0x00, 0x00, 0x00, 0x00, 0x00, 
    0x00, 0x00, 0x00, 0x00, 0x00, 0x00, 0x00, 0x00, 0x00, 0x00, 0x00, 0x00, 0x00, 0x00, 0x00, 0x00, 
      },
  {
    0x00, 0x00, 0x00, 0x00, 0x00, 0x00, 0x00, 0x00, 0x00, 0x00, 0x00, 0x00, 0x00, 0x00, 0x00, 0x00, 
    0x00, 0x00, 0x00, 0x00, 0x00, 0x00, 0x00, 0x00, 0x00, 0x00, 0x00, 0x00, 0x00, 0x00, 0x00, 0x00, 
    0x00, 0x00, 0x00, 0x00, 0x00, 0x00, 0x00, 0x00, 0x00, 0x00, 0x00, 0x00, 0x00, 0x00, 0x00, 0x00, 
    0x00, 0x00, 0x00, 0x00, 0x00, 0x00, 0x00, 0x00, 0x00, 0x00, 0x00, 0x00, 0x00, 0x00, 0x00, 0x00, 
    0x00, 0x00, 0x00, 0x00, 0x00, 0x00, 0x00, 0x00, 0x00, 0x00, 0x00, 0x00, 0x00, 0x00, 0x00, 0x00, 
    0x00, 0x00, 0x00, 0x00, 0x00, 0x00, 0x00, 0x00, 0x00, 0x00, 0x00, 0x00, 0x00, 0x00, 0x00, 0x00, 
    0x00, 0x00, 0x00, 0x00, 0x00, 0x00, 0x00, 0x00, 0x00, 0x00, 0x00, 0x00, 0x00, 0x00, 0x00, 0x00, 
    0x00, 0x00, 0x00, 0x00, 0x00, 0x00, 0x00, 0x00, 0x00, 0x00, 0x00, 0x00, 0x00, 0x00, 0x00, 0x00, 
    0x00, 0x00, 0x00, 0x03, 0xC0, 0x00, 0x00, 0x00, 0x00, 0x00, 0x00, 0x1F, 0xF8, 0x00, 0x00, 0x00, 
    0x00, 0x00, 0x00, 0x3F, 0xFC, 0x00, 0x00, 0x00, 0x00, 0x00, 0x00, 0x78, 0x1E, 0x00, 0x00, 0x00, 
    0x00, 0x00, 0x00, 0xE1, 0x87, 0x00, 0x00, 0x00, 0x00, 0x00, 0x00, 0xE7, 0xE3, 0x00, 0x00, 0x00, 
    0x00, 0x00, 0x00, 0xCF, 0xF3, 0x80, 0x00, 0x00, 0x00, 0x00, 0x01, 0xDC, 0x3B, 0x80, 0x00, 0x00, 
    0x00, 0x00, 0x01, 0xDC, 0x39, 0x80, 0x00, 0x00, 0x00, 0x00, 0x01, 0xDC, 0x39, 0x80, 0x00, 0x00, 
    0x00, 0x00, 0x01, 0xDC, 0x3B, 0x80, 0x00, 0x00, 0x00, 0x00, 0x01, 0xCE, 0x73, 0x80, 0x00, 0x00, 
    0x00, 0x00, 0x00, 0xCF, 0xF3, 0x00, 0x00, 0x00, 0x00, 0x00, 0x00, 0xE3, 0xC7, 0x00, 0x00, 0x00, 
    0x00, 0x00, 0x00, 0x60, 0x06, 0x00, 0x00, 0x00, 0x00, 0x00, 0xFF, 0xF0, 0x0F, 0xFF, 0x00, 0x00, 
    0x00, 0x01, 0xFF, 0xF8, 0x1F, 0xFF, 0x80, 0x00, 0x00, 0x01, 0x80, 0x78, 0x1F, 0xFF, 0x80, 0x00, 
    0x00, 0x03, 0x80, 0x3C, 0x3E, 0x01, 0xC0, 0x00, 0x00, 0x03, 0x00, 0x7C, 0x3E, 0x00, 0xC0, 0x00, 
    0x00, 0x03, 0x00, 0x7E, 0x76, 0x00, 0xC0, 0x00, 0x00, 0x07, 0xC0, 0x77, 0xE6, 0x1F, 0xE0, 0x00, 
    0x00, 0x07, 0xF8, 0x67, 0xE6, 0x7F, 0xE0, 0x00, 0x00, 0x0E, 0xFE, 0x7F, 0xC7, 0xF0, 0xF0, 0x00, 
    0x00, 0x0E, 0x1F, 0xFF, 0x87, 0xC0, 0x70, 0x00, 0x00, 0x0C, 0x03, 0xFB, 0xC7, 0x80, 0x70, 0x00, 
    0x00, 0x1C, 0x00, 0x61, 0xFF, 0x00, 0x38, 0x00, 0x00, 0x18, 0x00, 0xE0, 0x7F, 0x00, 0x38, 0x00, 
    0x00, 0x18, 0x00, 0xE0, 0x03, 0x00, 0x18, 0x00, 0x00, 0x38, 0x00, 0xE0, 0x03, 0x00, 0x1C, 0x00, 
    0x00, 0x30, 0x00, 0xE0, 0x03, 0x00, 0x0C, 0x00, 0x00, 0x30, 0x00, 0xC0, 0x03, 0x00, 0x0C, 0x00, 
    0x00, 0x70, 0x00, 0xC0, 0x03, 0x80, 0x0E, 0x00, 0x00, 0x60, 0x00, 0xC0, 0x03, 0x80, 0x06, 0x00, 
    0x00, 0xE0, 0x00, 0xC0, 0x03, 0x80, 0x07, 0x00, 0x00, 0xC0, 0x00, 0xC0, 0x01, 0x80, 0x07, 0x00, 
    0x00, 0xFF, 0xFF, 0xFF, 0xFF, 0xFF, 0xFF, 0x00, 0x00, 0xFF, 0xFF, 0xFF, 0xFF, 0xFF, 0xFF, 0x00, 
    0x00, 0x7F, 0xFF, 0xFF, 0xFF, 0xFF, 0xFE, 0x00, 0x00, 0x00, 0x00, 0x00, 0x00, 0x00, 0x00, 0x00, 
    0x00, 0x00, 0x00, 0x00, 0x00, 0x00, 0x00, 0x00, 0x00, 0x00, 0x00, 0x00, 0x00, 0x00, 0x00, 0x00, 
    0x00, 0x00, 0x00, 0x00, 0x00, 0x00, 0x00, 0x00, 0x00, 0x00, 0x00, 0x00, 0x00, 0x00, 0x00, 0x00, 
    0x00, 0x00, 0x00, 0x00, 0x00, 0x00, 0x00, 0x00, 0x00, 0x00, 0x00, 0x00, 0x00, 0x00, 0x00, 0x00, 
    0x00, 0x00, 0x00, 0x00, 0x00, 0x00, 0x00, 0x00, 0x00, 0x00, 0x00, 0x00, 0x00, 0x00, 0x00, 0x00, 
      },
  {
    0x00, 0x00, 0x00, 0x00, 0x00, 0x00, 0x00, 0x00, 0x00, 0x00, 0x00, 0x00, 0x00, 0x00, 0x00, 0x00, 
    0x00, 0x00, 0x00, 0x00, 0x00, 0x00, 0x00, 0x00, 0x00, 0x00, 0x00, 0x00, 0x00, 0x00, 0x00, 0x00, 
    0x00, 0x00, 0x00, 0x00, 0x00, 0x00, 0x00, 0x00, 0x00, 0x00, 0x00, 0x00, 0x00, 0x00, 0x00, 0x00, 
    0x00, 0x00, 0x00, 0x00, 0x00, 0x00, 0x00, 0x00, 0x00, 0x00, 0x00, 0x00, 0x00, 0x00, 0x00, 0x00, 
    0x00, 0x00, 0x00, 0x00, 0x00, 0x00, 0x00, 0x00, 0x00, 0x00, 0x00, 0x00, 0x00, 0x00, 0x00, 0x00, 
    0x00, 0x00, 0x00, 0x00, 0x00, 0x00, 0x00, 0x00, 0x00, 0x00, 0x00, 0x0F, 0xF0, 0x00, 0x00, 0x00, 
    0x00, 0x00, 0x00, 0x3F, 0xFC, 0x00, 0x00, 0x00, 0x00, 0x00, 0x00, 0x78, 0x1E, 0x00, 0x00, 0x00, 
    0x00, 0x00, 0x00, 0xE0, 0x07, 0x00, 0x00, 0x00, 0x00, 0x00, 0x01, 0xC0, 0x03, 0x80, 0x00, 0x00, 
    0x00, 0x00, 0x01, 0x83, 0xE1, 0xC0, 0x00, 0x00, 0x00, 0x00, 0x03, 0x8F, 0xF0, 0xC0, 0x00, 0x00, 
    0x00, 0x00, 0x03, 0x1E, 0x78, 0xE0, 0x00, 0x00, 0x00, 0x00, 0x03, 0x1C, 0x18, 0xE0, 0x00, 0x00, 
    0x00, 0x00, 0x07, 0x38, 0x1C, 0x60, 0x00, 0x00, 0x00, 0x00, 0x07, 0x38, 0x1C, 0x60, 0x00, 0x00, 
    0x00, 0x00, 0x07, 0x38, 0x1C, 0xE0, 0x00, 0x00, 0x00, 0x00, 0x03, 0x18, 0x18, 0xE0, 0x00, 0x00, 
    0x00, 0x00, 0x03, 0x1C, 0x38, 0xE0, 0x00, 0x00, 0x00, 0x00, 0x03, 0x8F, 0xF0, 0xC0, 0x00, 0x00, 
    0x00, 0x00, 0x03, 0x87, 0xE1, 0xC0, 0x00, 0x00, 0x00, 0x00, 0x01, 0xC0, 0x01, 0x80, 0x00, 0x00, 
    0x00, 0x00, 0x00, 0xC0, 0x03, 0x80, 0x00, 0x00, 0x00, 0x00, 0x00, 0xE0, 0x07, 0x00, 0x00, 0x00, 
    0x00, 0x00, 0x00, 0x60, 0x06, 0x00, 0x00, 0x00, 0x00, 0x00, 0xFF, 0xF0, 0x0F, 0xFF, 0x00, 0x00, 
    0x00, 0x01, 0xFF, 0xF8, 0x0F, 0xFF, 0x80, 0x00, 0x00, 0x01, 0x80, 0x78, 0x1F, 0xFF, 0x80, 0x00, 
    0x00, 0x03, 0x80, 0x3C, 0x3E, 0x01, 0xC0, 0x00, 0x00, 0x03, 0x00, 0x7C, 0x3E, 0x00, 0xC0, 0x00, 
    0x00, 0x03, 0x00, 0x7E, 0x76, 0x00, 0xC0, 0x00, 0x00, 0x07, 0xC0, 0x77, 0x66, 0x1F, 0xE0, 0x00, 
    0x00, 0x07, 0xF8, 0x67, 0xE6, 0x7F, 0xE0, 0x00, 0x00, 0x0E, 0xFE, 0x7F, 0xC7, 0xF0, 0xF0, 0x00, 
    0x00, 0x0E, 0x1F, 0xFF, 0x87, 0xC0, 0x70, 0x00, 0x00, 0x0C, 0x03, 0xFB, 0xC7, 0x80, 0x70, 0x00, 
    0x00, 0x1C, 0x00, 0x61, 0xFF, 0x00, 0x38, 0x00, 0x00, 0x18, 0x00, 0xE0, 0x7F, 0x00, 0x38, 0x00, 
    0x00, 0x18, 0x00, 0xE0, 0x03, 0x00, 0x18, 0x00, 0x00, 0x38, 0x00, 0xE0, 0x03, 0x00, 0x1C, 0x00, 
    0x00, 0x30, 0x00, 0xE0, 0x03, 0x00, 0x0C, 0x00, 0x00, 0x30, 0x00, 0xC0, 0x03, 0x00, 0x0C, 0x00, 
    0x00, 0x70, 0x00, 0xC0, 0x03, 0x80, 0x0E, 0x00, 0x00, 0x60, 0x00, 0xC0, 0x03, 0x80, 0x06, 0x00, 
    0x00, 0xE0, 0x00, 0xC0, 0x03, 0x80, 0x07, 0x00, 0x00, 0xC0, 0x00, 0xC0, 0x01, 0x80, 0x07, 0x00, 
    0x00, 0xFF, 0xFF, 0xFF, 0xFF, 0xFF, 0xFF, 0x00, 0x00, 0xFF, 0xFF, 0xFF, 0xFF, 0xFF, 0xFF, 0x00, 
    0x00, 0x7F, 0xFF, 0xFF, 0xFF, 0xFF, 0xFE, 0x00, 0x00, 0x00, 0x00, 0x00, 0x00, 0x00, 0x00, 0x00, 
    0x00, 0x00, 0x00, 0x00, 0x00, 0x00, 0x00, 0x00, 0x00, 0x00, 0x00, 0x00, 0x00, 0x00, 0x00, 0x00, 
    0x00, 0x00, 0x00, 0x00, 0x00, 0x00, 0x00, 0x00, 0x00, 0x00, 0x00, 0x00, 0x00, 0x00, 0x00, 0x00, 
    0x00, 0x00, 0x00, 0x00, 0x00, 0x00, 0x00, 0x00, 0x00, 0x00, 0x00, 0x00, 0x00, 0x00, 0x00, 0x00, 
    0x00, 0x00, 0x00, 0x00, 0x00, 0x00, 0x00, 0x00, 0x00, 0x00, 0x00, 0x00, 0x00, 0x00, 0x00, 0x00, 
      },
  {
    0x00, 0x00, 0x00, 0x00, 0x00, 0x00, 0x00, 0x00, 0x00, 0x00, 0x00, 0x00, 0x00, 0x00, 0x00, 0x00, 
    0x00, 0x00, 0x00, 0x00, 0x00, 0x00, 0x00, 0x00, 0x00, 0x00, 0x00, 0x00, 0x00, 0x00, 0x00, 0x00, 
    0x00, 0x00, 0x00, 0x00, 0x00, 0x00, 0x00, 0x00, 0x00, 0x00, 0x00, 0x00, 0x00, 0x00, 0x00, 0x00, 
    0x00, 0x00, 0x00, 0x00, 0x00, 0x00, 0x00, 0x00, 0x00, 0x00, 0x00, 0x00, 0x00, 0x00, 0x00, 0x00, 
    0x00, 0x00, 0x00, 0x00, 0x00, 0x00, 0x00, 0x00, 0x00, 0x00, 0x00, 0x03, 0xC0, 0x00, 0x00, 0x00, 
    0x00, 0x00, 0x00, 0x1F, 0xF8, 0x00, 0x00, 0x00, 0x00, 0x00, 0x00, 0x7F, 0xFE, 0x00, 0x00, 0x00, 
    0x00, 0x00, 0x00, 0xF0, 0x0F, 0x00, 0x00, 0x00, 0x00, 0x00, 0x01, 0xE0, 0x03, 0x80, 0x00, 0x00, 
    0x00, 0x00, 0x01, 0xC0, 0x01, 0xC0, 0x00, 0x00, 0x00, 0x00, 0x03, 0x87, 0xE1, 0xC0, 0x00, 0x00, 
    0x00, 0x00, 0x03, 0x0F, 0xF0, 0xE0, 0x00, 0x00, 0x00, 0x00, 0x07, 0x1E, 0x78, 0xE0, 0x00, 0x00, 
    0x00, 0x00, 0x06, 0x18, 0x1C, 0x60, 0x00, 0x00, 0x00, 0x00, 0x06, 0x38, 0x1C, 0x60, 0x00, 0x00, 
    0x00, 0x00, 0x06, 0x38, 0x0C, 0x60, 0x00, 0x00, 0x00, 0x00, 0x06, 0x38, 0x0C, 0x60, 0x00, 0x00, 
    0x00, 0x00, 0x06, 0x38, 0x1C, 0x60, 0x00, 0x00, 0x00, 0x00, 0x07, 0x1C, 0x38, 0x60, 0x00, 0x00, 
    0x00, 0x00, 0x03, 0x0F, 0xF8, 0xE0, 0x00, 0x00, 0x00, 0x00, 0x03, 0x87, 0xF0, 0xC0, 0x00, 0x00, 
    0x00, 0x00, 0x03, 0x81, 0x81, 0xC0, 0x00, 0x00, 0x00, 0x00, 0x01, 0xC0, 0x01, 0x80, 0x00, 0x00, 
    0x00, 0x00, 0x00, 0xC0, 0x03, 0x80, 0x00, 0x00, 0x00, 0x00, 0x00, 0xE0, 0x07, 0x00, 0x00, 0x00, 
    0x00, 0x00, 0x00, 0x60, 0x06, 0x00, 0x00, 0x00, 0x00, 0x00, 0xFF, 0xF0, 0x0F, 0xFF, 0x00, 0x00, 
    0x00, 0x01, 0xFF, 0xF8, 0x0F, 0xFF, 0x80, 0x00, 0x00, 0x01, 0x80, 0x78, 0x1F, 0xFF, 0x80, 0x00, 
    0x00, 0x03, 0x80, 0x3C, 0x3E, 0x01, 0xC0, 0x00, 0x00, 0x03, 0x00, 0x7C, 0x3E, 0x00, 0xC0, 0x00, 
    0x00, 0x03, 0x00, 0x7E, 0x76, 0x00, 0xC0, 0x00, 0x00, 0x07, 0xC0, 0x77, 0x66, 0x1F, 0xE0, 0x00, 
    0x00, 0x07, 0xF8, 0x67, 0xE6, 0x7F, 0xE0, 0x00, 0x00, 0x0E, 0xFE, 0x7F, 0xC7, 0xF0, 0xF0, 0x00, 
    0x00, 0x0E, 0x1F, 0xFF, 0x87, 0xC0, 0x70, 0x00, 0x00, 0x0C, 0x03, 0xFB, 0xC7, 0x80, 0x70, 0x00, 
    0x00, 0x1C, 0x00, 0x61, 0xFF, 0x00, 0x38, 0x00, 0x00, 0x18, 0x00, 0xE0, 0x7F, 0x00, 0x38, 0x00, 
    0x00, 0x18, 0x00, 0xE0, 0x03, 0x00, 0x18, 0x00, 0x00, 0x38, 0x00, 0xE0, 0x03, 0x00, 0x1C, 0x00, 
    0x00, 0x30, 0x00, 0xE0, 0x03, 0x00, 0x0C, 0x00, 0x00, 0x30, 0x00, 0xC0, 0x03, 0x00, 0x0C, 0x00, 
    0x00, 0x70, 0x00, 0xC0, 0x03, 0x80, 0x0E, 0x00, 0x00, 0x60, 0x00, 0xC0, 0x03, 0x80, 0x06, 0x00, 
    0x00, 0xE0, 0x00, 0xC0, 0x03, 0x80, 0x07, 0x00, 0x00, 0xC0, 0x00, 0xC0, 0x01, 0x80, 0x07, 0x00, 
    0x00, 0xFF, 0xFF, 0xFF, 0xFF, 0xFF, 0xFF, 0x00, 0x00, 0xFF, 0xFF, 0xFF, 0xFF, 0xFF, 0xFF, 0x00, 
    0x00, 0x7F, 0xFF, 0xFF, 0xFF, 0xFF, 0xFE, 0x00, 0x00, 0x00, 0x00, 0x00, 0x00, 0x00, 0x00, 0x00, 
    0x00, 0x00, 0x00, 0x00, 0x00, 0x00, 0x00, 0x00, 0x00, 0x00, 0x00, 0x00, 0x00, 0x00, 0x00, 0x00, 
    0x00, 0x00, 0x00, 0x00, 0x00, 0x00, 0x00, 0x00, 0x00, 0x00, 0x00, 0x00, 0x00, 0x00, 0x00, 0x00, 
    0x00, 0x00, 0x00, 0x00, 0x00, 0x00, 0x00, 0x00, 0x00, 0x00, 0x00, 0x00, 0x00, 0x00, 0x00, 0x00, 
    0x00, 0x00, 0x00, 0x00, 0x00, 0x00, 0x00, 0x00, 0x00, 0x00, 0x00, 0x00, 0x00, 0x00, 0x00, 0x00, 
      },
  {
    0x00, 0x00, 0x00, 0x00, 0x00, 0x00, 0x00, 0x00, 0x00, 0x00, 0x00, 0x00, 0x00, 0x00, 0x00, 0x00, 
    0x00, 0x00, 0x00, 0x00, 0x00, 0x00, 0x00, 0x00, 0x00, 0x00, 0x00, 0x00, 0x00, 0x00, 0x00, 0x00, 
    0x00, 0x00, 0x00, 0x00, 0x00, 0x00, 0x00, 0x00, 0x00, 0x00, 0x00, 0x00, 0x00, 0x00, 0x00, 0x00, 
    0x00, 0x00, 0x00, 0x00, 0x00, 0x00, 0x00, 0x00, 0x00, 0x00, 0x00, 0x00, 0x00, 0x00, 0x00, 0x00, 
    0x00, 0x00, 0x00, 0x01, 0x80, 0x00, 0x00, 0x00, 0x00, 0x00, 0x00, 0x1F, 0xF8, 0x00, 0x00, 0x00, 
    0x00, 0x00, 0x00, 0x3F, 0xFE, 0x00, 0x00, 0x00, 0x00, 0x00, 0x00, 0xF8, 0x0F, 0x00, 0x00, 0x00, 
    0x00, 0x00, 0x01, 0xE0, 0x07, 0x80, 0x00, 0x00, 0x00, 0x00, 0x01, 0xC0, 0x01, 0xC0, 0x00, 0x00, 
    0x00, 0x00, 0x03, 0x83, 0xC1, 0xC0, 0x00, 0x00, 0x00, 0x00, 0x03, 0x0F, 0xF0, 0xE0, 0x00, 0x00, 
    0x00, 0x00, 0x07, 0x1F, 0xF8, 0x60, 0x00, 0x00, 0x00, 0x00, 0x06, 0x1C, 0x18, 0x60, 0x00, 0x00, 
    0x00, 0x00, 0x06, 0x38, 0x1C, 0x70, 0x00, 0x00, 0x00, 0x00, 0x06, 0x30, 0x0C, 0x70, 0x00, 0x00, 
    0x00, 0x00, 0x06, 0x30, 0x0C, 0x70, 0x00, 0x00, 0x00, 0x00, 0x06, 0x38, 0x0C, 0x70, 0x00, 0x00, 
    0x00, 0x00, 0x06, 0x38, 0x1C, 0x60, 0x00, 0x00, 0x00, 0x00, 0x07, 0x1C, 0x38, 0x60, 0x00, 0x00, 
    0x00, 0x00, 0x07, 0x0F, 0xF0, 0xE0, 0x00, 0x00, 0x00, 0x00, 0x03, 0x87, 0xE0, 0xC0, 0x00, 0x00, 
    0x00, 0x00, 0x03, 0x80, 0x01, 0xC0, 0x00, 0x00, 0x00, 0x00, 0x01, 0xC0, 0x01, 0x80, 0x00, 0x00, 
    0x00, 0x00, 0x00, 0xC0, 0x03, 0x80, 0x00, 0x00, 0x00, 0x00, 0x00, 0xE0, 0x07, 0x00, 0x00, 0x00, 
    0x00, 0x00, 0x00, 0x60, 0x06, 0x00, 0x00, 0x00, 0x00, 0x00, 0xFF, 0xF0, 0x0F, 0xFF, 0x00, 0x00, 
    0x00, 0x01, 0xFF, 0xF8, 0x0F, 0xFF, 0x80, 0x00, 0x00, 0x01, 0x80, 0x78, 0x1F, 0xFF, 0x80, 0x00, 
    0x00, 0x03, 0x80, 0x3C, 0x3E, 0x01, 0xC0, 0x00, 0x00, 0x03, 0x00, 0x7C, 0x3E, 0x00, 0xC0, 0x00, 
    0x00, 0x03, 0x00, 0x7E, 0x76, 0x00, 0xC0, 0x00, 0x00, 0x07, 0xC0, 0x77, 0x66, 0x1F, 0xE0, 0x00, 
    0x00, 0x07, 0xF8, 0x67, 0xE6, 0x7F, 0xE0, 0x00, 0x00, 0x0E, 0xFE, 0x7F, 0xC7, 0xF0, 0xF0, 0x00, 
    0x00, 0x0E, 0x1F, 0xFF, 0x87, 0xC0, 0x70, 0x00, 0x00, 0x0C, 0x03, 0xFB, 0xC7, 0x80, 0x70, 0x00, 
    0x00, 0x1C, 0x00, 0x61, 0xFF, 0x00, 0x38, 0x00, 0x00, 0x18, 0x00, 0xE0, 0x7F, 0x00, 0x38, 0x00, 
    0x00, 0x18, 0x00, 0xE0, 0x03, 0x00, 0x18, 0x00, 0x00, 0x38, 0x00, 0xE0, 0x03, 0x00, 0x1C, 0x00, 
    0x00, 0x30, 0x00, 0xE0, 0x03, 0x00, 0x0C, 0x00, 0x00, 0x30, 0x00, 0xC0, 0x03, 0x00, 0x0C, 0x00, 
    0x00, 0x70, 0x00, 0xC0, 0x03, 0x80, 0x0E, 0x00, 0x00, 0x60, 0x00, 0xC0, 0x03, 0x80, 0x06, 0x00, 
    0x00, 0xE0, 0x00, 0xC0, 0x03, 0x80, 0x07, 0x00, 0x00, 0xC0, 0x00, 0xC0, 0x01, 0x80, 0x07, 0x00, 
    0x00, 0xFF, 0xFF, 0xFF, 0xFF, 0xFF, 0xFF, 0x00, 0x00, 0xFF, 0xFF, 0xFF, 0xFF, 0xFF, 0xFF, 0x00, 
    0x00, 0x7F, 0xFF, 0xFF, 0xFF, 0xFF, 0xFE, 0x00, 0x00, 0x00, 0x00, 0x00, 0x00, 0x00, 0x00, 0x00, 
    0x00, 0x00, 0x00, 0x00, 0x00, 0x00, 0x00, 0x00, 0x00, 0x00, 0x00, 0x00, 0x00, 0x00, 0x00, 0x00, 
    0x00, 0x00, 0x00, 0x00, 0x00, 0x00, 0x00, 0x00, 0x00, 0x00, 0x00, 0x00, 0x00, 0x00, 0x00, 0x00, 
    0x00, 0x00, 0x00, 0x00, 0x00, 0x00, 0x00, 0x00, 0x00, 0x00, 0x00, 0x00, 0x00, 0x00, 0x00, 0x00, 
    0x00, 0x00, 0x00, 0x00, 0x00, 0x00, 0x00, 0x00, 0x00, 0x00, 0x00, 0x00, 0x00, 0x00, 0x00, 0x00, 
      },
  {
    0x00, 0x00, 0x00, 0x00, 0x00, 0x00, 0x00, 0x00, 0x00, 0x00, 0x00, 0x00, 0x00, 0x00, 0x00, 0x00, 
    0x00, 0x00, 0x00, 0x00, 0x00, 0x00, 0x00, 0x00, 0x00, 0x00, 0x00, 0x00, 0x00, 0x00, 0x00, 0x00, 
    0x00, 0x00, 0x00, 0x00, 0x00, 0x00, 0x00, 0x00, 0x00, 0x00, 0x00, 0x00, 0x00, 0x00, 0x00, 0x00, 
    0x00, 0x00, 0x00, 0x00, 0x00, 0x00, 0x00, 0x00, 0x00, 0x00, 0x00, 0x00, 0x00, 0x00, 0x00, 0x00, 
    0x00, 0x00, 0x00, 0x07, 0xE0, 0x00, 0x00, 0x00, 0x00, 0x00, 0x00, 0x1F, 0xFC, 0x00, 0x00, 0x00, 
    0x00, 0x00, 0x00, 0x7F, 0xFE, 0x00, 0x00, 0x00, 0x00, 0x00, 0x00, 0xF0, 0x0F, 0x00, 0x00, 0x00, 
    0x00, 0x00, 0x01, 0xC0, 0x03, 0x80, 0x00, 0x00, 0x00, 0x00, 0x03, 0x80, 0x01, 0xC0, 0x00, 0x00, 
    0x00, 0x00, 0x03, 0x07, 0xE0, 0xE0, 0x00, 0x00, 0x00, 0x00, 0x07, 0x0F, 0xF0, 0xE0, 0x00, 0x00, 
    0x00, 0x00, 0x06, 0x1E, 0x78, 0x60, 0x00, 0x00, 0x00, 0x00, 0x06, 0x38, 0x1C, 0x70, 0x00, 0x00, 
    0x00, 0x00, 0x06, 0x38, 0x0C, 0x70, 0x00, 0x00, 0x00, 0x00, 0x0E, 0x30, 0x0C, 0x70, 0x00, 0x00, 
    0x00, 0x00, 0x06, 0x30, 0x0C, 0x70, 0x00, 0x00, 0x00, 0x00, 0x06, 0x38, 0x1C, 0x70, 0x00, 0x00, 
    0x00, 0x00, 0x06, 0x18, 0x1C, 0x70, 0x00, 0x00, 0x00, 0x00, 0x07, 0x1E, 0x78, 0x60, 0x00, 0x00, 
    0x00, 0x00, 0x07, 0x0F, 0xF0, 0xE0, 0x00, 0x00, 0x00, 0x00, 0x03, 0x87, 0xE0, 0xC0, 0x00, 0x00, 
    0x00, 0x00, 0x03, 0x80, 0x01, 0xC0, 0x00, 0x00, 0x00, 0x00, 0x01, 0xC0, 0x01, 0x80, 0x00, 0x00, 
    0x00, 0x00, 0x00, 0xC0, 0x03, 0x80, 0x00, 0x00, 0x00, 0x00, 0x00, 0xE0, 0x07, 0x00, 0x00, 0x00, 
    0x00, 0x00, 0x00, 0x60, 0x06, 0x00, 0x00, 0x00, 0x00, 0x00, 0xFF, 0xF0, 0x0F, 0xFF, 0x00, 0x00, 
    0x00, 0x01, 0xFF, 0xF8, 0x0F, 0xFF, 0x80, 0x00, 0x00, 0x01, 0x80, 0x78, 0x1F, 0xFF, 0x80, 0x00, 
    0x00, 0x03, 0x80, 0x3C, 0x3E, 0x01, 0xC0, 0x00, 0x00, 0x03, 0x00, 0x7C, 0x3E, 0x00, 0xC0, 0x00, 
    0x00, 0x03, 0x00, 0x7E, 0x76, 0x00, 0xC0, 0x00, 0x00, 0x07, 0xC0, 0x77, 0x66, 0x1F, 0xE0, 0x00, 
    0x00, 0x07, 0xF8, 0x67, 0xE6, 0x7F, 0xE0, 0x00, 0x00, 0x0E, 0xFE, 0x7F, 0xC7, 0xF0, 0xF0, 0x00, 
    0x00, 0x0E, 0x1F, 0xFF, 0x87, 0xC0, 0x70, 0x00, 0x00, 0x0C, 0x03, 0xFB, 0xC7, 0x80, 0x70, 0x00, 
    0x00, 0x1C, 0x00, 0x61, 0xFF, 0x00, 0x38, 0x00, 0x00, 0x18, 0x00, 0xE0, 0x7F, 0x00, 0x38, 0x00, 
    0x00, 0x18, 0x00, 0xE0, 0x03, 0x00, 0x18, 0x00, 0x00, 0x38, 0x00, 0xE0, 0x03, 0x00, 0x1C, 0x00, 
    0x00, 0x30, 0x00, 0xE0, 0x03, 0x00, 0x0C, 0x00, 0x00, 0x30, 0x00, 0xC0, 0x03, 0x00, 0x0C, 0x00, 
    0x00, 0x70, 0x00, 0xC0, 0x03, 0x80, 0x0E, 0x00, 0x00, 0x60, 0x00, 0xC0, 0x03, 0x80, 0x06, 0x00, 
    0x00, 0xE0, 0x00, 0xC0, 0x03, 0x80, 0x07, 0x00, 0x00, 0xC0, 0x00, 0xC0, 0x01, 0x80, 0x07, 0x00, 
    0x00, 0xFF, 0xFF, 0xFF, 0xFF, 0xFF, 0xFF, 0x00, 0x00, 0xFF, 0xFF, 0xFF, 0xFF, 0xFF, 0xFF, 0x00, 
    0x00, 0x7F, 0xFF, 0xFF, 0xFF, 0xFF, 0xFE, 0x00, 0x00, 0x00, 0x00, 0x00, 0x00, 0x00, 0x00, 0x00, 
    0x00, 0x00, 0x00, 0x00, 0x00, 0x00, 0x00, 0x00, 0x00, 0x00, 0x00, 0x00, 0x00, 0x00, 0x00, 0x00, 
    0x00, 0x00, 0x00, 0x00, 0x00, 0x00, 0x00, 0x00, 0x00, 0x00, 0x00, 0x00, 0x00, 0x00, 0x00, 0x00, 
    0x00, 0x00, 0x00, 0x00, 0x00, 0x00, 0x00, 0x00, 0x00, 0x00, 0x00, 0x00, 0x00, 0x00, 0x00, 0x00, 
    0x00, 0x00, 0x00, 0x00, 0x00, 0x00, 0x00, 0x00, 0x00, 0x00, 0x00, 0x00, 0x00, 0x00, 0x00, 0x00, 
      },
  {
    0x00, 0x00, 0x00, 0x00, 0x00, 0x00, 0x00, 0x00, 0x00, 0x00, 0x00, 0x00, 0x00, 0x00, 0x00, 0x00, 
    0x00, 0x00, 0x00, 0x00, 0x00, 0x00, 0x00, 0x00, 0x00, 0x00, 0x00, 0x00, 0x00, 0x00, 0x00, 0x00, 
    0x00, 0x00, 0x00, 0x00, 0x00, 0x00, 0x00, 0x00, 0x00, 0x00, 0x00, 0x00, 0x00, 0x00, 0x00, 0x00, 
    0x00, 0x00, 0x00, 0x00, 0x00, 0x00, 0x00, 0x00, 0x00, 0x00, 0x00, 0x00, 0x00, 0x00, 0x00, 0x00, 
    0x00, 0x00, 0x00, 0x07, 0xE0, 0x00, 0x00, 0x00, 0x00, 0x00, 0x00, 0x1F, 0xFC, 0x00, 0x00, 0x00, 
    0x00, 0x00, 0x00, 0x7F, 0xFE, 0x00, 0x00, 0x00, 0x00, 0x00, 0x00, 0xF0, 0x0F, 0x00, 0x00, 0x00, 
    0x00, 0x00, 0x01, 0xC0, 0x03, 0x80, 0x00, 0x00, 0x00, 0x00, 0x03, 0x80, 0x01, 0xC0, 0x00, 0x00, 
    0x00, 0x00, 0x03, 0x07, 0xE0, 0xE0, 0x00, 0x00, 0x00, 0x00, 0x07, 0x0F, 0xF0, 0xE0, 0x00, 0x00, 
    0x00, 0x00, 0x06, 0x1E, 0x78, 0x60, 0x00, 0x00, 0x00, 0x00, 0x06, 0x38, 0x1C, 0x70, 0x00, 0x00, 
    0x00, 0x00, 0x06, 0x38, 0x0C, 0x70, 0x00, 0x00, 0x00, 0x00, 0x0E, 0x30, 0x0C, 0x70, 0x00, 0x00, 
    0x00, 0x00, 0x06, 0x30, 0x0C, 0x70, 0x00, 0x00, 0x00, 0x00, 0x06, 0x38, 0x1C, 0x70, 0x00, 0x00, 
    0x00, 0x00, 0x06, 0x18, 0x1C, 0x70, 0x00, 0x00, 0x00, 0x00, 0x07, 0x1E, 0x78, 0x60, 0x00, 0x00, 
    0x00, 0x00, 0x07, 0x0F, 0xF0, 0xE0, 0x00, 0x00, 0x00, 0x00, 0x03, 0x87, 0xE0, 0xC0, 0x00, 0x00, 
    0x00, 0x00, 0x03, 0x80, 0x01, 0xC0, 0x00, 0x00, 0x00, 0x00, 0x01, 0xC0, 0x01, 0x80, 0x00, 0x00, 
    0x00, 0x00, 0x00, 0xC0, 0x03, 0x80, 0x00, 0x00, 0x00, 0x00, 0x00, 0xE0, 0x07, 0x00, 0x00, 0x00, 
    0x00, 0x00, 0x00, 0x60, 0x06, 0x00, 0x00, 0x00, 0x00, 0x00, 0xFF, 0xF0, 0x0F, 0xFF, 0x00, 0x00, 
    0x00, 0x01, 0xFF, 0xF8, 0x0F, 0xFF, 0x80, 0x00, 0x00, 0x01, 0x80, 0x78, 0x1F, 0xFF, 0x80, 0x00, 
    0x00, 0x03, 0x80, 0x3C, 0x3E, 0x01, 0xC0, 0x00, 0x00, 0x03, 0x00, 0x7C, 0x3E, 0x00, 0xC0, 0x00, 
    0x00, 0x03, 0x00, 0x7E, 0x76, 0x00, 0xC0, 0x00, 0x00, 0x07, 0xC0, 0x77, 0x66, 0x1F, 0xE0, 0x00, 
    0x00, 0x07, 0xF8, 0x67, 0xE6, 0x7F, 0xE0, 0x00, 0x00, 0x0E, 0xFE, 0x7F, 0xC7, 0xF0, 0xF0, 0x00, 
    0x00, 0x0E, 0x1F, 0xFF, 0x87, 0xC0, 0x70, 0x00, 0x00, 0x0C, 0x03, 0xFB, 0xC7, 0x80, 0x70, 0x00, 
    0x00, 0x1C, 0x00, 0x61, 0xFF, 0x00, 0x38, 0x00, 0x00, 0x18, 0x00, 0xE0, 0x7F, 0x00, 0x38, 0x00, 
    0x00, 0x18, 0x00, 0xE0, 0x03, 0x00, 0x18, 0x00, 0x00, 0x38, 0x00, 0xE0, 0x03, 0x00, 0x1C, 0x00, 
    0x00, 0x30, 0x00, 0xE0, 0x03, 0x00, 0x0C, 0x00, 0x00, 0x30, 0x00, 0xC0, 0x03, 0x00, 0x0C, 0x00, 
    0x00, 0x70, 0x00, 0xC0, 0x03, 0x80, 0x0E, 0x00, 0x00, 0x60, 0x00, 0xC0, 0x03, 0x80, 0x06, 0x00, 
    0x00, 0xE0, 0x00, 0xC0, 0x03, 0x80, 0x07, 0x00, 0x00, 0xC0, 0x00, 0xC0, 0x01, 0x80, 0x07, 0x00, 
    0x00, 0xFF, 0xFF, 0xFF, 0xFF, 0xFF, 0xFF, 0x00, 0x00, 0xFF, 0xFF, 0xFF, 0xFF, 0xFF, 0xFF, 0x00, 
    0x00, 0x7F, 0xFF, 0xFF, 0xFF, 0xFF, 0xFE, 0x00, 0x00, 0x00, 0x00, 0x00, 0x00, 0x00, 0x00, 0x00, 
    0x00, 0x00, 0x00, 0x00, 0x00, 0x00, 0x00, 0x00, 0x00, 0x00, 0x00, 0x00, 0x00, 0x00, 0x00, 0x00, 
    0x00, 0x00, 0x00, 0x00, 0x00, 0x00, 0x00, 0x00, 0x00, 0x00, 0x00, 0x00, 0x00, 0x00, 0x00, 0x00, 
    0x00, 0x00, 0x00, 0x00, 0x00, 0x00, 0x00, 0x00, 0x00, 0x00, 0x00, 0x00, 0x00, 0x00, 0x00, 0x00, 
    0x00, 0x00, 0x00, 0x00, 0x00, 0x00, 0x00, 0x00, 0x00, 0x00, 0x00, 0x00, 0x00, 0x00, 0x00, 0x00, 
      },
  {
    0x00, 0x00, 0x00, 0x00, 0x00, 0x00, 0x00, 0x00, 0x00, 0x00, 0x00, 0x00, 0x00, 0x00, 0x00, 0x00, 
    0x00, 0x00, 0x00, 0x00, 0x00, 0x00, 0x00, 0x00, 0x00, 0x00, 0x00, 0x00, 0x00, 0x00, 0x00, 0x00, 
    0x00, 0x00, 0x00, 0x00, 0x00, 0x00, 0x00, 0x00, 0x00, 0x00, 0x00, 0x00, 0x00, 0x00, 0x00, 0x00, 
    0x00, 0x00, 0x00, 0x00, 0x00, 0x00, 0x00, 0x00, 0x00, 0x00, 0x00, 0x00, 0x00, 0x00, 0x00, 0x00, 
    0x00, 0x00, 0x00, 0x07, 0xE0, 0x00, 0x00, 0x00, 0x00, 0x00, 0x00, 0x1F, 0xFC, 0x00, 0x00, 0x00, 
    0x00, 0x00, 0x00, 0x7F, 0xFE, 0x00, 0x00, 0x00, 0x00, 0x00, 0x00, 0xF0, 0x0F, 0x00, 0x00, 0x00, 
    0x00, 0x00, 0x01, 0xC0, 0x03, 0x80, 0x00, 0x00, 0x00, 0x00, 0x03, 0x80, 0x01, 0xC0, 0x00, 0x00, 
    0x00, 0x00, 0x03, 0x07, 0xE0, 0xE0, 0x00, 0x00, 0x00, 0x00, 0x07, 0x0F, 0xF0, 0xE0, 0x00, 0x00, 
    0x00, 0x00, 0x06, 0x1E, 0x78, 0x60, 0x00, 0x00, 0x00, 0x00, 0x06, 0x38, 0x1C, 0x70, 0x00, 0x00, 
    0x00, 0x00, 0x06, 0x38, 0x0C, 0x70, 0x00, 0x00, 0x00, 0x00, 0x0E, 0x30, 0x0C, 0x70, 0x00, 0x00, 
    0x00, 0x00, 0x06, 0x30, 0x0C, 0x70, 0x00, 0x00, 0x00, 0x00, 0x06, 0x38, 0x1C, 0x70, 0x00, 0x00, 
    0x00, 0x00, 0x06, 0x18, 0x1C, 0x70, 0x00, 0x00, 0x00, 0x00, 0x07, 0x1E, 0x78, 0x60, 0x00, 0x00, 
    0x00, 0x00, 0x07, 0x0F, 0xF0, 0xE0, 0x00, 0x00, 0x00, 0x00, 0x03, 0x87, 0xE0, 0xC0, 0x00, 0x00, 
    0x00, 0x00, 0x03, 0x80, 0x01, 0xC0, 0x00, 0x00, 0x00, 0x00, 0x01, 0xC0, 0x01, 0x80, 0x00, 0x00, 
    0x00, 0x00, 0x00, 0xC0, 0x03, 0x80, 0x00, 0x00, 0x00, 0x00, 0x00, 0xE0, 0x07, 0x00, 0x00, 0x00, 
    0x00, 0x00, 0x00, 0x60, 0x07, 0x00, 0x00, 0x00, 0x00, 0x01, 0xFF, 0xF0, 0x0F, 0xFF, 0x80, 0x00, 
    0x00, 0x01, 0xFF, 0xF8, 0x0F, 0xFF, 0x80, 0x00, 0x00, 0x01, 0x80, 0x78, 0x1E, 0x01, 0x80, 0x00, 
    0x00, 0x03, 0x80, 0x7C, 0x3E, 0x01, 0xC0, 0x00, 0x00, 0x03, 0x00, 0x7C, 0x3E, 0x00, 0xC0, 0x00, 
    0x00, 0x07, 0x00, 0x7E, 0x76, 0x02, 0xE0, 0x00, 0x00, 0x07, 0xC0, 0x77, 0x66, 0x1F, 0xE0, 0x00, 
    0x00, 0x07, 0xF8, 0x67, 0xE6, 0x7F, 0xE0, 0x00, 0x00, 0x0E, 0xFF, 0x7F, 0xC7, 0xF0, 0xF0, 0x00, 
    0x00, 0x0C, 0x1F, 0xFF, 0xC7, 0xC0, 0x70, 0x00, 0x00, 0x0C, 0x03, 0xFB, 0xC7, 0x80, 0x30, 0x00, 
    0x00, 0x1C, 0x00, 0x60, 0xFF, 0x00, 0x38, 0x00, 0x00, 0x18, 0x00, 0xE0, 0x7F, 0x00, 0x18, 0x00, 
    0x00, 0x18, 0x00, 0xE0, 0x03, 0x00, 0x18, 0x00, 0x00, 0x38, 0x00, 0xE0, 0x03, 0x00, 0x1C, 0x00, 
    0x00, 0x30, 0x00, 0xC0, 0x03, 0x00, 0x0C, 0x00, 0x00, 0x70, 0x00, 0xC0, 0x03, 0x80, 0x0E, 0x00, 
    0x00, 0x70, 0x00, 0xC0, 0x03, 0x80, 0x0E, 0x00, 0x00, 0x60, 0x00, 0xC0, 0x03, 0x80, 0x06, 0x00, 
    0x00, 0xE0, 0x00, 0xC0, 0x03, 0x80, 0x07, 0x00, 0x00, 0xC0, 0x00, 0xC0, 0x01, 0x80, 0x07, 0x00, 
    0x00, 0xFF, 0xFF, 0xFF, 0xFF, 0xFF, 0xFF, 0x00, 0x00, 0xFF, 0xFF, 0xFF, 0xFF, 0xFF, 0xFF, 0x00, 
    0x00, 0x00, 0x1F, 0xFF, 0xC0, 0x00, 0x00, 0x00, 0x00, 0x00, 0x00, 0x00, 0x00, 0x00, 0x00, 0x00, 
    0x00, 0x00, 0x00, 0x00, 0x00, 0x00, 0x00, 0x00, 0x00, 0x00, 0x00, 0x00, 0x00, 0x00, 0x00, 0x00, 
    0x00, 0x00, 0x00, 0x00, 0x00, 0x00, 0x00, 0x00, 0x00, 0x00, 0x00, 0x00, 0x00, 0x00, 0x00, 0x00, 
    0x00, 0x00, 0x00, 0x00, 0x00, 0x00, 0x00, 0x00, 0x00, 0x00, 0x00, 0x00, 0x00, 0x00, 0x00, 0x00, 
    0x00, 0x00, 0x00, 0x00, 0x00, 0x00, 0x00, 0x00, 0x00, 0x00, 0x00, 0x00, 0x00, 0x00, 0x00, 0x00, 
      },
  {
    0x00, 0x00, 0x00, 0x00, 0x00, 0x00, 0x00, 0x00, 0x00, 0x00, 0x00, 0x00, 0x00, 0x00, 0x00, 0x00, 
    0x00, 0x00, 0x00, 0x00, 0x00, 0x00, 0x00, 0x00, 0x00, 0x00, 0x00, 0x00, 0x00, 0x00, 0x00, 0x00, 
    0x00, 0x00, 0x00, 0x00, 0x00, 0x00, 0x00, 0x00, 0x00, 0x00, 0x00, 0x00, 0x00, 0x00, 0x00, 0x00, 
    0x00, 0x00, 0x00, 0x00, 0x00, 0x00, 0x00, 0x00, 0x00, 0x00, 0x00, 0x00, 0x00, 0x00, 0x00, 0x00, 
    0x00, 0x00, 0x00, 0x07, 0xE0, 0x00, 0x00, 0x00, 0x00, 0x00, 0x00, 0x1F, 0xFC, 0x00, 0x00, 0x00, 
    0x00, 0x00, 0x00, 0x7F, 0xFE, 0x00, 0x00, 0x00, 0x00, 0x00, 0x00, 0xF0, 0x0F, 0x00, 0x00, 0x00, 
    0x00, 0x00, 0x01, 0xC0, 0x03, 0x80, 0x00, 0x00, 0x00, 0x00, 0x03, 0x80, 0x01, 0xC0, 0x00, 0x00, 
    0x00, 0x00, 0x03, 0x87, 0xE0, 0xE0, 0x00, 0x00, 0x00, 0x00, 0x07, 0x0F, 0xF0, 0xE0, 0x00, 0x00, 
    0x00, 0x00, 0x06, 0x1E, 0x78, 0x60, 0x00, 0x00, 0x00, 0x00, 0x06, 0x18, 0x1C, 0x70, 0x00, 0x00, 
    0x00, 0x00, 0x06, 0x38, 0x1C, 0x70, 0x00, 0x00, 0x00, 0x00, 0x06, 0x30, 0x0C, 0x70, 0x00, 0x00, 
    0x00, 0x00, 0x06, 0x30, 0x0C, 0x70, 0x00, 0x00, 0x00, 0x00, 0x06, 0x38, 0x1C, 0x70, 0x00, 0x00, 
    0x00, 0x00, 0x06, 0x18, 0x1C, 0x70, 0x00, 0x00, 0x00, 0x00, 0x07, 0x1E, 0x78, 0x60, 0x00, 0x00, 
    0x00, 0x00, 0x07, 0x0F, 0xF0, 0xE0, 0x00, 0x00, 0x00, 0x00, 0x03, 0x87, 0xE0, 0xC0, 0x00, 0x00, 
    0x00, 0x00, 0x03, 0x80, 0x01, 0xC0, 0x00, 0x00, 0x00, 0x00, 0x01, 0xC0, 0x01, 0x80, 0x00, 0x00, 
    0x00, 0x00, 0x00, 0xC0, 0x03, 0x80, 0x00, 0x00, 0x00, 0x00, 0x00, 0xE0, 0x07, 0x00, 0x00, 0x00, 
    0x00, 0x00, 0xFF, 0xE0, 0x07, 0xF8, 0x00, 0x00, 0x00, 0x01, 0xFF, 0xF0, 0x0F, 0xFF, 0x80, 0x00, 
    0x00, 0x03, 0xFF, 0xF8, 0x0F, 0xFF, 0x80, 0x00, 0x00, 0x03, 0x80, 0x38, 0x1E, 0x01, 0xC0, 0x00, 
    0x00, 0x03, 0x00, 0x7C, 0x3E, 0x00, 0xC0, 0x00, 0x00, 0x07, 0x00, 0x7C, 0x3E, 0x00, 0xC0, 0x00, 
    0x00, 0x07, 0x00, 0x6E, 0x76, 0x07, 0xE0, 0x00, 0x00, 0x07, 0xE0, 0x67, 0x66, 0x3F, 0xE0, 0x00, 
    0x00, 0x0F, 0xF8, 0x67, 0xE6, 0x7F, 0xF0, 0x00, 0x00, 0x0E, 0x7F, 0xFF, 0xC7, 0xE0, 0xF0, 0x00, 
    0x00, 0x0C, 0x0F, 0xFF, 0xC7, 0xC0, 0x70, 0x00, 0x00, 0x1C, 0x01, 0xF1, 0xFF, 0x80, 0x38, 0x00, 
    0x00, 0x18, 0x00, 0x60, 0xFF, 0x00, 0x38, 0x00, 0x00, 0x18, 0x00, 0xE0, 0x3F, 0x00, 0x18, 0x00, 
    0x00, 0x38, 0x00, 0xE0, 0x03, 0x00, 0x1C, 0x00, 0x00, 0x30, 0x00, 0xE0, 0x03, 0x00, 0x1C, 0x00, 
    0x00, 0x30, 0x00, 0xC0, 0x03, 0x00, 0x0C, 0x00, 0x00, 0x70, 0x00, 0xC0, 0x03, 0x80, 0x0E, 0x00, 
    0x00, 0x60, 0x00, 0xC0, 0x03, 0x80, 0x0E, 0x00, 0x00, 0x60, 0x00, 0xC0, 0x03, 0x80, 0x06, 0x00, 
    0x00, 0xE0, 0x00, 0xC0, 0x01, 0x80, 0x07, 0x00, 0x00, 0xC0, 0x01, 0xC0, 0x01, 0x80, 0x03, 0x00, 
    0x00, 0xFF, 0xFF, 0xFF, 0xFF, 0xFF, 0xFF, 0x00, 0x00, 0xFF, 0xFF, 0xFF, 0xFF, 0xFF, 0xFF, 0x00, 
    0x00, 0x00, 0x00, 0x00, 0x00, 0x00, 0x00, 0x00, 0x00, 0x00, 0x00, 0x00, 0x00, 0x00, 0x00, 0x00, 
    0x00, 0x00, 0x00, 0x00, 0x00, 0x00, 0x00, 0x00, 0x00, 0x00, 0x00, 0x00, 0x00, 0x00, 0x00, 0x00, 
    0x00, 0x00, 0x00, 0x00, 0x00, 0x00, 0x00, 0x00, 0x00, 0x00, 0x00, 0x00, 0x00, 0x00, 0x00, 0x00, 
    0x00, 0x00, 0x00, 0x00, 0x00, 0x00, 0x00, 0x00, 0x00, 0x00, 0x00, 0x00, 0x00, 0x00, 0x00, 0x00, 
    0x00, 0x00, 0x00, 0x00, 0x00, 0x00, 0x00, 0x00, 0x00, 0x00, 0x00, 0x00, 0x00, 0x00, 0x00, 0x00, 
      },
  {
    0x00, 0x00, 0x00, 0x00, 0x00, 0x00, 0x00, 0x00, 0x00, 0x00, 0x00, 0x00, 0x00, 0x00, 0x00, 0x00, 
    0x00, 0x00, 0x00, 0x00, 0x00, 0x00, 0x00, 0x00, 0x00, 0x00, 0x00, 0x00, 0x00, 0x00, 0x00, 0x00, 
    0x00, 0x00, 0x00, 0x00, 0x00, 0x00, 0x00, 0x00, 0x00, 0x00, 0x00, 0x00, 0x00, 0x00, 0x00, 0x00, 
    0x00, 0x00, 0x00, 0x00, 0x00, 0x00, 0x00, 0x00, 0x00, 0x00, 0x00, 0x00, 0x00, 0x00, 0x00, 0x00, 
    0x00, 0x00, 0x00, 0x00, 0x00, 0x00, 0x00, 0x00, 0x00, 0x00, 0x00, 0x01, 0x80, 0x00, 0x00, 0x00, 
    0x00, 0x00, 0x00, 0x1F, 0xF8, 0x00, 0x00, 0x00, 0x00, 0x00, 0x00, 0x3F, 0xFE, 0x00, 0x00, 0x00, 
    0x00, 0x00, 0x00, 0xF8, 0x0F, 0x00, 0x00, 0x00, 0x00, 0x00, 0x00, 0xE0, 0x07, 0x80, 0x00, 0x00, 
    0x00, 0x00, 0x01, 0xC0, 0x03, 0x80, 0x00, 0x00, 0x00, 0x00, 0x03, 0x83, 0xE1, 0xC0, 0x00, 0x00, 
    0x00, 0x00, 0x03, 0x0F, 0xF0, 0xE0, 0x00, 0x00, 0x00, 0x00, 0x07, 0x1E, 0x78, 0xE0, 0x00, 0x00, 
    0x00, 0x00, 0x07, 0x18, 0x18, 0x60, 0x00, 0x00, 0x00, 0x00, 0x06, 0x38, 0x1C, 0x60, 0x00, 0x00, 
    0x00, 0x00, 0x06, 0x38, 0x0C, 0x60, 0x00, 0x00, 0x00, 0x00, 0x06, 0x38, 0x0C, 0x60, 0x00, 0x00, 
    0x00, 0x00, 0x06, 0x38, 0x1C, 0x60, 0x00, 0x00, 0x00, 0x00, 0x07, 0x1C, 0x38, 0x60, 0x00, 0x00, 
    0x00, 0x00, 0x03, 0x1F, 0xF8, 0xE0, 0x00, 0x00, 0x00, 0x00, 0x03, 0x8F, 0xF0, 0xC0, 0x00, 0x00, 
    0x00, 0x00, 0x03, 0x83, 0xC1, 0xC0, 0x00, 0x00, 0x00, 0x00, 0x01, 0xC0, 0x01, 0x80, 0x00, 0x00, 
    0x00, 0x00, 0x00, 0xC0, 0x03, 0x80, 0x00, 0x00, 0x00, 0x00, 0x80, 0xE0, 0x07, 0x00, 0x00, 0x00, 
    0x00, 0x01, 0xFF, 0xE0, 0x07, 0xFF, 0x80, 0x00, 0x00, 0x03, 0xFF, 0xF0, 0x0F, 0xFF, 0xC0, 0x00, 
    0x00, 0x03, 0x00, 0x78, 0x0E, 0x01, 0xC0, 0x00, 0x00, 0x03, 0x00, 0x78, 0x1E, 0x00, 0xC0, 0x00, 
    0x00, 0x07, 0x00, 0x7C, 0x3E, 0x00, 0xE0, 0x00, 0x00, 0x06, 0x00, 0x7C, 0x3E, 0x00, 0x60, 0x00, 
    0x00, 0x07, 0x80, 0x6E, 0x76, 0x1F, 0xE0, 0x00, 0x00, 0x0F, 0xF0, 0x67, 0x67, 0x3F, 0xF0, 0x00, 
    0x00, 0x0C, 0xFC, 0x6F, 0xE7, 0xF8, 0xF0, 0x00, 0x00, 0x0C, 0x3F, 0xFF, 0xC7, 0xE0, 0x70, 0x00, 
    0x00, 0x1C, 0x07, 0xFF, 0xC7, 0xC0, 0x78, 0x00, 0x00, 0x18, 0x00, 0xE1, 0xFF, 0x80, 0x38, 0x00, 
    0x00, 0x18, 0x00, 0xE0, 0x7F, 0x00, 0x18, 0x00, 0x00, 0x38, 0x00, 0xE0, 0x03, 0x00, 0x1C, 0x00, 
    0x00, 0x30, 0x00, 0xE0, 0x03, 0x00, 0x1C, 0x00, 0x00, 0x30, 0x00, 0xC0, 0x03, 0x00, 0x0C, 0x00, 
    0x00, 0x70, 0x00, 0xC0, 0x03, 0x80, 0x0C, 0x00, 0x00, 0x70, 0x00, 0xC0, 0x03, 0x80, 0x0E, 0x00, 
    0x00, 0x60, 0x00, 0xC0, 0x03, 0x80, 0x06, 0x00, 0x00, 0xE0, 0x00, 0xC0, 0x03, 0x80, 0x06, 0x00, 
    0x00, 0xC0, 0x00, 0xC0, 0x01, 0x80, 0x07, 0x00, 0x00, 0xF0, 0x01, 0xC0, 0x07, 0xE0, 0x03, 0x00, 
    0x01, 0xFF, 0xFF, 0xFF, 0xFF, 0xFF, 0xFF, 0x00, 0x00, 0xFF, 0xFF, 0xFF, 0xFF, 0xFF, 0xFF, 0x00, 
    0x00, 0x00, 0x00, 0x00, 0x00, 0x00, 0x00, 0x00, 0x00, 0x00, 0x00, 0x00, 0x00, 0x00, 0x00, 0x00, 
    0x00, 0x00, 0x00, 0x00, 0x00, 0x00, 0x00, 0x00, 0x00, 0x00, 0x00, 0x00, 0x00, 0x00, 0x00, 0x00, 
    0x00, 0x00, 0x00, 0x00, 0x00, 0x00, 0x00, 0x00, 0x00, 0x00, 0x00, 0x00, 0x00, 0x00, 0x00, 0x00, 
    0x00, 0x00, 0x00, 0x00, 0x00, 0x00, 0x00, 0x00, 0x00, 0x00, 0x00, 0x00, 0x00, 0x00, 0x00, 0x00, 
    0x00, 0x00, 0x00, 0x00, 0x00, 0x00, 0x00, 0x00, 0x00, 0x00, 0x00, 0x00, 0x00, 0x00, 0x00, 0x00, 
      },
  {
    0x00, 0x00, 0x00, 0x00, 0x00, 0x00, 0x00, 0x00, 0x00, 0x00, 0x00, 0x00, 0x00, 0x00, 0x00, 0x00, 
    0x00, 0x00, 0x00, 0x00, 0x00, 0x00, 0x00, 0x00, 0x00, 0x00, 0x00, 0x00, 0x00, 0x00, 0x00, 0x00, 
    0x00, 0x00, 0x00, 0x00, 0x00, 0x00, 0x00, 0x00, 0x00, 0x00, 0x00, 0x00, 0x00, 0x00, 0x00, 0x00, 
    0x00, 0x00, 0x00, 0x00, 0x00, 0x00, 0x00, 0x00, 0x00, 0x00, 0x00, 0x00, 0x00, 0x00, 0x00, 0x00, 
    0x00, 0x00, 0x00, 0x00, 0x00, 0x00, 0x00, 0x00, 0x00, 0x00, 0x00, 0x00, 0x00, 0x00, 0x00, 0x00, 
    0x00, 0x00, 0x00, 0x00, 0x00, 0x00, 0x00, 0x00, 0x00, 0x00, 0x00, 0x00, 0x00, 0x00, 0x00, 0x00, 
    0x00, 0x00, 0x00, 0x00, 0x00, 0x00, 0x00, 0x00, 0x00, 0x00, 0x00, 0x00, 0x00, 0x00, 0x00, 0x00, 
    0x00, 0x00, 0x00, 0x00, 0x00, 0x00, 0x00, 0x00, 0x00, 0x00, 0x00, 0x0F, 0xF0, 0x00, 0x00, 0x00, 
    0x00, 0x00, 0x00, 0x3F, 0xFC, 0x00, 0x00, 0x00, 0x00, 0x00, 0x00, 0x78, 0x1E, 0x00, 0x00, 0x00, 
    0x00, 0x00, 0x00, 0xF0, 0x0F, 0x00, 0x00, 0x00, 0x00, 0x00, 0x00, 0xE3, 0xC3, 0x00, 0x00, 0x00, 
    0x00, 0x00, 0x01, 0xC7, 0xE3, 0x80, 0x00, 0x00, 0x00, 0x00, 0x01, 0x8F, 0xF1, 0x80, 0x00, 0x00, 
    0x00, 0x00, 0x01, 0x9C, 0x39, 0x80, 0x00, 0x00, 0x00, 0x00, 0x01, 0x98, 0x19, 0xC0, 0x00, 0x00, 
    0x00, 0x00, 0x01, 0x98, 0x19, 0xC0, 0x00, 0x00, 0x00, 0x00, 0x01, 0x9C, 0x39, 0x80, 0x00, 0x00, 
    0x00, 0x00, 0x01, 0x9E, 0x79, 0x80, 0x00, 0x00, 0x00, 0x00, 0x01, 0xCF, 0xF3, 0x80, 0x00, 0x00, 
    0x00, 0x03, 0xFF, 0xC7, 0xE3, 0xFF, 0x00, 0x00, 0x00, 0x07, 0xFF, 0xE0, 0x07, 0xFF, 0xC0, 0x00, 
    0x00, 0x07, 0x07, 0xE0, 0x07, 0x1F, 0xE0, 0x00, 0x00, 0x06, 0x00, 0x70, 0x0E, 0x00, 0xE0, 0x00, 
    0x00, 0x06, 0x00, 0x78, 0x1E, 0x00, 0x60, 0x00, 0x00, 0x0E, 0x00, 0x78, 0x1F, 0x00, 0x60, 0x00, 
    0x00, 0x0E, 0x00, 0x7C, 0x3F, 0x00, 0x70, 0x00, 0x00, 0x0F, 0x00, 0x6C, 0x37, 0x0F, 0xF0, 0x00, 
    0x00, 0x0F, 0xE0, 0x6E, 0x77, 0x3F, 0xF0, 0x00, 0x00, 0x1D, 0xF8, 0x67, 0x67, 0x7C, 0xF0, 0x00, 
    0x00, 0x18, 0x7F, 0xFF, 0xE3, 0xE0, 0x78, 0x00, 0x00, 0x18, 0x0F, 0xFF, 0xC3, 0xC0, 0x38, 0x00, 
    0x00, 0x38, 0x03, 0xF1, 0xFF, 0x80, 0x38, 0x00, 0x00, 0x38, 0x00, 0xE1, 0xFF, 0x00, 0x1C, 0x00, 
    0x00, 0x30, 0x00, 0xE0, 0x0B, 0x00, 0x1C, 0x00, 0x00, 0x30, 0x00, 0xC0, 0x03, 0x00, 0x0C, 0x00, 
    0x00, 0x70, 0x00, 0xC0, 0x03, 0x80, 0x0C, 0x00, 0x00, 0x70, 0x00, 0xC0, 0x03, 0x80, 0x0E, 0x00, 
    0x00, 0x60, 0x00, 0xC0, 0x03, 0x80, 0x0E, 0x00, 0x00, 0x60, 0x00, 0xC0, 0x03, 0x80, 0x06, 0x00, 
    0x00, 0xE0, 0x00, 0xC0, 0x01, 0x80, 0x06, 0x00, 0x00, 0xC0, 0x00, 0xC0, 0x01, 0x80, 0x07, 0x00, 
    0x00, 0xC0, 0x00, 0xC0, 0x01, 0x80, 0x03, 0x00, 0x01, 0xFF, 0xFF, 0xFF, 0xFF, 0xFF, 0xFF, 0x00, 
    0x00, 0xFF, 0xFF, 0xFF, 0xFF, 0xFF, 0xFF, 0x80, 0x00, 0x00, 0x3F, 0xFE, 0x00, 0x00, 0x7F, 0x00, 
    0x00, 0x00, 0x00, 0x00, 0x00, 0x00, 0x00, 0x00, 0x00, 0x00, 0x00, 0x00, 0x00, 0x00, 0x00, 0x00, 
    0x00, 0x00, 0x00, 0x00, 0x00, 0x00, 0x00, 0x00, 0x00, 0x00, 0x00, 0x00, 0x00, 0x00, 0x00, 0x00, 
    0x00, 0x00, 0x00, 0x00, 0x00, 0x00, 0x00, 0x00, 0x00, 0x00, 0x00, 0x00, 0x00, 0x00, 0x00, 0x00, 
    0x00, 0x00, 0x00, 0x00, 0x00, 0x00, 0x00, 0x00, 0x00, 0x00, 0x00, 0x00, 0x00, 0x00, 0x00, 0x00, 
    0x00, 0x00, 0x00, 0x00, 0x00, 0x00, 0x00, 0x00, 0x00, 0x00, 0x00, 0x00, 0x00, 0x00, 0x00, 0x00, 
      },
  {
    0x00, 0x00, 0x00, 0x00, 0x00, 0x00, 0x00, 0x00, 0x00, 0x00, 0x00, 0x00, 0x00, 0x00, 0x00, 0x00, 
    0x00, 0x00, 0x00, 0x00, 0x00, 0x00, 0x00, 0x00, 0x00, 0x00, 0x00, 0x00, 0x00, 0x00, 0x00, 0x00, 
    0x00, 0x00, 0x00, 0x00, 0x00, 0x00, 0x00, 0x00, 0x00, 0x00, 0x00, 0x00, 0x00, 0x00, 0x00, 0x00, 
    0x00, 0x00, 0x00, 0x00, 0x00, 0x00, 0x00, 0x00, 0x00, 0x00, 0x00, 0x00, 0x00, 0x00, 0x00, 0x00, 
    0x00, 0x00, 0x00, 0x00, 0x00, 0x00, 0x00, 0x00, 0x00, 0x00, 0x00, 0x00, 0x00, 0x00, 0x00, 0x00, 
    0x00, 0x00, 0x00, 0x00, 0x00, 0x00, 0x00, 0x00, 0x00, 0x00, 0x00, 0x00, 0x00, 0x00, 0x00, 0x00, 
    0x00, 0x00, 0x00, 0x00, 0x00, 0x00, 0x00, 0x00, 0x00, 0x00, 0x00, 0x00, 0x00, 0x00, 0x00, 0x00, 
    0x00, 0x00, 0x00, 0x00, 0x00, 0x00, 0x00, 0x00, 0x00, 0x00, 0x00, 0x00, 0x00, 0x00, 0x00, 0x00, 
    0x00, 0x00, 0x00, 0x00, 0x00, 0x00, 0x00, 0x00, 0x00, 0x00, 0x00, 0x00, 0x00, 0x00, 0x00, 0x00, 
    0x00, 0x00, 0x00, 0x07, 0xE0, 0x00, 0x00, 0x00, 0x00, 0x00, 0x00, 0x1F, 0xF8, 0x00, 0x00, 0x00, 
    0x00, 0x00, 0x00, 0x3C, 0x3C, 0x00, 0x00, 0x00, 0x00, 0x00, 0x00, 0x70, 0x0E, 0x00, 0x00, 0x00, 
    0x00, 0x00, 0x00, 0x67, 0xC7, 0x00, 0x00, 0x00, 0x00, 0x00, 0x00, 0xEF, 0xF7, 0x00, 0x00, 0x00, 
    0x00, 0x00, 0x00, 0xCE, 0x73, 0x00, 0x00, 0x00, 0x00, 0x00, 0x00, 0xCC, 0x33, 0x00, 0x00, 0x00, 
    0x00, 0x00, 0x00, 0xDC, 0x3B, 0x00, 0x00, 0x00, 0x00, 0x07, 0xFF, 0xCF, 0xF3, 0xF8, 0x00, 0x00, 
    0x00, 0x07, 0xFF, 0xCF, 0xF3, 0xFF, 0xC0, 0x00, 0x00, 0x06, 0x1F, 0xE7, 0xE7, 0x7F, 0xE0, 0x00, 
    0x00, 0x06, 0x00, 0x63, 0xC6, 0x00, 0x60, 0x00, 0x00, 0x0E, 0x00, 0x70, 0x0F, 0x00, 0x60, 0x00, 
    0x00, 0x0E, 0x00, 0x78, 0x1F, 0x00, 0x70, 0x00, 0x00, 0x0C, 0x00, 0x78, 0x1F, 0x00, 0x70, 0x00, 
    0x00, 0x0E, 0x00, 0x7C, 0x3F, 0x00, 0x30, 0x00, 0x00, 0x1F, 0x80, 0x6C, 0x33, 0x1F, 0xF0, 0x00, 
    0x00, 0x1F, 0xF0, 0x6E, 0x73, 0x3F, 0xF8, 0x00, 0x00, 0x18, 0xFC, 0x6F, 0xE3, 0xF0, 0x78, 0x00, 
    0x00, 0x18, 0x3F, 0xFF, 0xC3, 0xE0, 0x78, 0x00, 0x00, 0x38, 0x07, 0xFF, 0xE7, 0xC0, 0x38, 0x00, 
    0x00, 0x38, 0x01, 0xE1, 0xFF, 0x80, 0x1C, 0x00, 0x00, 0x30, 0x00, 0xE1, 0xBF, 0x00, 0x1C, 0x00, 
    0x00, 0x30, 0x00, 0xC0, 0x03, 0x00, 0x0C, 0x00, 0x00, 0x70, 0x00, 0xC0, 0x03, 0x80, 0x0C, 0x00, 
    0x00, 0x70, 0x00, 0xC0, 0x03, 0x80, 0x0E, 0x00, 0x00, 0x60, 0x00, 0xC0, 0x03, 0x80, 0x0E, 0x00, 
    0x00, 0x60, 0x00, 0xC0, 0x03, 0x80, 0x06, 0x00, 0x00, 0xE0, 0x00, 0xC0, 0x01, 0x80, 0x06, 0x00, 
    0x00, 0xE0, 0x00, 0xC0, 0x01, 0x80, 0x07, 0x00, 0x00, 0xC0, 0x00, 0xC0, 0x01, 0x80, 0x07, 0x00, 
    0x00, 0xF0, 0x00, 0xC0, 0x0F, 0xF0, 0x03, 0x00, 0x01, 0xFF, 0xFF, 0xFF, 0xFF, 0xFF, 0xFF, 0x00, 
    0x00, 0xFF, 0xFF, 0xFF, 0xFF, 0xFF, 0xFF, 0x80, 0x00, 0x00, 0x03, 0xE0, 0x00, 0x00, 0x03, 0x00, 
    0x00, 0x00, 0x00, 0x00, 0x00, 0x00, 0x00, 0x00, 0x00, 0x00, 0x00, 0x00, 0x00, 0x00, 0x00, 0x00, 
    0x00, 0x00, 0x00, 0x00, 0x00, 0x00, 0x00, 0x00, 0x00, 0x00, 0x00, 0x00, 0x00, 0x00, 0x00, 0x00, 
    0x00, 0x00, 0x00, 0x00, 0x00, 0x00, 0x00, 0x00, 0x00, 0x00, 0x00, 0x00, 0x00, 0x00, 0x00, 0x00, 
    0x00, 0x00, 0x00, 0x00, 0x00, 0x00, 0x00, 0x00, 0x00, 0x00, 0x00, 0x00, 0x00, 0x00, 0x00, 0x00, 
    0x00, 0x00, 0x00, 0x00, 0x00, 0x00, 0x00, 0x00, 0x00, 0x00, 0x00, 0x00, 0x00, 0x00, 0x00, 0x00, 
      },
  {
    0x00, 0x00, 0x00, 0x00, 0x00, 0x00, 0x00, 0x00, 0x00, 0x00, 0x00, 0x00, 0x00, 0x00, 0x00, 0x00, 
    0x00, 0x00, 0x00, 0x00, 0x00, 0x00, 0x00, 0x00, 0x00, 0x00, 0x00, 0x00, 0x00, 0x00, 0x00, 0x00, 
    0x00, 0x00, 0x00, 0x00, 0x00, 0x00, 0x00, 0x00, 0x00, 0x00, 0x00, 0x00, 0x00, 0x00, 0x00, 0x00, 
    0x00, 0x00, 0x00, 0x00, 0x00, 0x00, 0x00, 0x00, 0x00, 0x00, 0x00, 0x00, 0x00, 0x00, 0x00, 0x00, 
    0x00, 0x00, 0x00, 0x00, 0x00, 0x00, 0x00, 0x00, 0x00, 0x00, 0x00, 0x00, 0x00, 0x00, 0x00, 0x00, 
    0x00, 0x00, 0x00, 0x00, 0x00, 0x00, 0x00, 0x00, 0x00, 0x00, 0x00, 0x00, 0x00, 0x00, 0x00, 0x00, 
    0x00, 0x00, 0x00, 0x00, 0x00, 0x00, 0x00, 0x00, 0x00, 0x00, 0x00, 0x00, 0x00, 0x00, 0x00, 0x00, 
    0x00, 0x00, 0x00, 0x00, 0x00, 0x00, 0x00, 0x00, 0x00, 0x00, 0x00, 0x00, 0x00, 0x00, 0x00, 0x00, 
    0x00, 0x00, 0x00, 0x00, 0x00, 0x00, 0x00, 0x00, 0x00, 0x00, 0x00, 0x00, 0x00, 0x00, 0x00, 0x00, 
    0x00, 0x00, 0x00, 0x00, 0x00, 0x00, 0x00, 0x00, 0x00, 0x00, 0x00, 0x00, 0x00, 0x00, 0x00, 0x00, 
    0x00, 0x00, 0x00, 0x00, 0x00, 0x00, 0x00, 0x00, 0x00, 0x00, 0x00, 0x00, 0x00, 0x00, 0x00, 0x00, 
    0x00, 0x00, 0x00, 0x00, 0x00, 0x00, 0x00, 0x00, 0x00, 0x00, 0x00, 0x00, 0x00, 0x00, 0x00, 0x00, 
    0x00, 0x00, 0x00, 0x03, 0xC0, 0x00, 0x00, 0x00, 0x00, 0x07, 0xE0, 0x0F, 0xFF, 0xC0, 0x00, 0x00, 
    0x00, 0x0F, 0xFF, 0xFF, 0xFF, 0xFF, 0xC0, 0x00, 0x00, 0x0E, 0xFF, 0xFF, 0xFF, 0xFF, 0xE0, 0x00, 
    0x00, 0x0C, 0x00, 0xFF, 0xFF, 0x01, 0xF0, 0x00, 0x00, 0x0C, 0x00, 0x7E, 0x7F, 0x00, 0x30, 0x00, 
    0x00, 0x0C, 0x00, 0x7E, 0x7F, 0x00, 0x30, 0x00, 0x00, 0x1C, 0x00, 0x7E, 0xFF, 0x00, 0x30, 0x00, 
    0x00, 0x1C, 0x00, 0x7F, 0xFF, 0x00, 0x38, 0x00, 0x00, 0x1E, 0x00, 0x7B, 0xDF, 0x00, 0x38, 0x00, 
    0x00, 0x1F, 0x80, 0xFC, 0x3B, 0x1F, 0xF8, 0x00, 0x00, 0x3F, 0xE0, 0xEC, 0x73, 0x3F, 0xF8, 0x00, 
    0x00, 0x38, 0xF8, 0xEE, 0x73, 0x78, 0x78, 0x00, 0x00, 0x38, 0x3E, 0xFF, 0xE3, 0xE0, 0x3C, 0x00, 
    0x00, 0x30, 0x0F, 0xFF, 0xE3, 0xC0, 0x3C, 0x00, 0x00, 0x30, 0x03, 0xF3, 0xFF, 0x80, 0x1C, 0x00, 
    0x00, 0x70, 0x00, 0xC1, 0xFF, 0x00, 0x0C, 0x00, 0x00, 0x70, 0x00, 0xC0, 0x03, 0x80, 0x0C, 0x00, 
    0x00, 0x60, 0x00, 0xC0, 0x03, 0x80, 0x0E, 0x00, 0x00, 0x60, 0x00, 0xC0, 0x03, 0x80, 0x0E, 0x00, 
    0x00, 0x60, 0x00, 0xC0, 0x03, 0x80, 0x06, 0x00, 0x00, 0xE0, 0x00, 0xC0, 0x03, 0x80, 0x06, 0x00, 
    0x00, 0xE0, 0x00, 0xC0, 0x01, 0x80, 0x06, 0x00, 0x00, 0xC0, 0x00, 0xC0, 0x01, 0x80, 0x07, 0x00, 
    0x00, 0xC0, 0x00, 0xC0, 0x01, 0x80, 0x07, 0x00, 0x00, 0xC0, 0x00, 0xC0, 0x03, 0x80, 0x03, 0x00, 
    0x01, 0xFF, 0xF9, 0xCF, 0xFF, 0xFF, 0xF3, 0x00, 0x00, 0xFF, 0xFF, 0xFF, 0xFF, 0xFF, 0xFF, 0x80, 
    0x00, 0x00, 0xFF, 0xFF, 0x00, 0x00, 0xFF, 0x00, 0x00, 0x00, 0x00, 0x00, 0x00, 0x00, 0x00, 0x00, 
    0x00, 0x00, 0x00, 0x00, 0x00, 0x00, 0x00, 0x00, 0x00, 0x00, 0x00, 0x00, 0x00, 0x00, 0x00, 0x00, 
    0x00, 0x00, 0x00, 0x00, 0x00, 0x00, 0x00, 0x00, 0x00, 0x00, 0x00, 0x00, 0x00, 0x00, 0x00, 0x00, 
    0x00, 0x00, 0x00, 0x00, 0x00, 0x00, 0x00, 0x00, 0x00, 0x00, 0x00, 0x00, 0x00, 0x00, 0x00, 0x00, 
    0x00, 0x00, 0x00, 0x00, 0x00, 0x00, 0x00, 0x00, 0x00, 0x00, 0x00, 0x00, 0x00, 0x00, 0x00, 0x00, 
    0x00, 0x00, 0x00, 0x00, 0x00, 0x00, 0x00, 0x00, 0x00, 0x00, 0x00, 0x00, 0x00, 0x00, 0x00, 0x00, 
      },
  {
    0x00, 0x00, 0x00, 0x00, 0x00, 0x00, 0x00, 0x00, 0x00, 0x00, 0x00, 0x00, 0x00, 0x00, 0x00, 0x00, 
    0x00, 0x00, 0x00, 0x00, 0x00, 0x00, 0x00, 0x00, 0x00, 0x00, 0x00, 0x00, 0x00, 0x00, 0x00, 0x00, 
    0x00, 0x00, 0x00, 0x00, 0x00, 0x00, 0x00, 0x00, 0x00, 0x00, 0x00, 0x00, 0x00, 0x00, 0x00, 0x00, 
    0x00, 0x00, 0x00, 0x00, 0x00, 0x00, 0x00, 0x00, 0x00, 0x00, 0x00, 0x00, 0x00, 0x00, 0x00, 0x00, 
    0x00, 0x00, 0x00, 0x00, 0x00, 0x00, 0x00, 0x00, 0x00, 0x00, 0x00, 0x00, 0x00, 0x00, 0x00, 0x00, 
    0x00, 0x00, 0x00, 0x00, 0x00, 0x00, 0x00, 0x00, 0x00, 0x00, 0x00, 0x00, 0x00, 0x00, 0x00, 0x00, 
    0x00, 0x00, 0x00, 0x00, 0x00, 0x00, 0x00, 0x00, 0x00, 0x00, 0x00, 0x00, 0x00, 0x00, 0x00, 0x00, 
    0x00, 0x00, 0x00, 0x00, 0x00, 0x00, 0x00, 0x00, 0x00, 0x00, 0x00, 0x00, 0x00, 0x00, 0x00, 0x00, 
    0x00, 0x00, 0x00, 0x00, 0x00, 0x00, 0x00, 0x00, 0x00, 0x00, 0x00, 0x00, 0x00, 0x00, 0x00, 0x00, 
    0x00, 0x00, 0x00, 0x00, 0x00, 0x00, 0x00, 0x00, 0x00, 0x00, 0x00, 0x00, 0x00, 0x00, 0x00, 0x00, 
    0x00, 0x00, 0x00, 0x00, 0x00, 0x00, 0x00, 0x00, 0x00, 0x00, 0x00, 0x00, 0x00, 0x00, 0x00, 0x00, 
    0x00, 0x1F, 0x00, 0x00, 0x07, 0x80, 0x00, 0x00, 0x00, 0x1F, 0xFC, 0x03, 0xFF, 0xFE, 0x00, 0x00, 
    0x00, 0x1F, 0xFF, 0xFF, 0xFF, 0xFF, 0xF0, 0x00, 0x00, 0x18, 0x1F, 0xFF, 0x83, 0x0F, 0xF8, 0x00, 
    0x00, 0x18, 0x00, 0xE0, 0x03, 0x00, 0x38, 0x00, 0x00, 0x18, 0x00, 0xE0, 0x03, 0x00, 0x18, 0x00, 
    0x00, 0x38, 0x00, 0xE0, 0x03, 0x00, 0x18, 0x00, 0x00, 0x38, 0x00, 0xE0, 0x03, 0x00, 0x18, 0x00, 
    0x00, 0x30, 0x00, 0xE0, 0x03, 0x00, 0x1C, 0x00, 0x00, 0x38, 0x00, 0xE0, 0x03, 0x00, 0x1C, 0x00, 
    0x00, 0x3E, 0x00, 0xE3, 0xC3, 0x07, 0x9C, 0x00, 0x00, 0x3F, 0x80, 0xE7, 0xE3, 0x1F, 0xEC, 0x00, 
    0x00, 0x33, 0xE0, 0xEF, 0xE3, 0x3F, 0xFC, 0x00, 0x00, 0x70, 0xF8, 0xCF, 0xE3, 0xF0, 0x3C, 0x00, 
    0x00, 0x70, 0x3E, 0xFF, 0xE3, 0xE0, 0x3C, 0x00, 0x00, 0x70, 0x0F, 0xFF, 0xFF, 0xC0, 0x1E, 0x00, 
    0x00, 0x60, 0x03, 0xF7, 0xFF, 0x80, 0x0E, 0x00, 0x00, 0x60, 0x00, 0xC3, 0xDF, 0x80, 0x0E, 0x00, 
    0x00, 0x60, 0x00, 0xC1, 0x83, 0x80, 0x06, 0x00, 0x00, 0x60, 0x00, 0xC0, 0x03, 0x80, 0x06, 0x00, 
    0x00, 0xE0, 0x00, 0xC0, 0x03, 0x80, 0x06, 0x00, 0x00, 0xE0, 0x00, 0xC0, 0x01, 0x80, 0x06, 0x00, 
    0x00, 0xE0, 0x00, 0xC0, 0x01, 0x80, 0x07, 0x00, 0x00, 0xC0, 0x00, 0xC0, 0x01, 0x80, 0x07, 0x00, 
    0x00, 0xC0, 0x00, 0xC0, 0x01, 0x80, 0x07, 0x00, 0x00, 0xC0, 0x01, 0xC0, 0x01, 0x80, 0x03, 0x00, 
    0x00, 0xC0, 0x01, 0xC0, 0x07, 0xE0, 0x03, 0x00, 0x01, 0xFF, 0xE1, 0xC3, 0xFF, 0xFF, 0xC3, 0x00, 
    0x00, 0xFF, 0xFF, 0xFF, 0xFF, 0xFF, 0xFF, 0x00, 0x00, 0x01, 0xFF, 0xFF, 0x80, 0x01, 0xFF, 0x80, 
    0x00, 0x00, 0x00, 0x80, 0x00, 0x00, 0x01, 0x00, 0x00, 0x00, 0x00, 0x00, 0x00, 0x00, 0x00, 0x00, 
    0x00, 0x00, 0x00, 0x00, 0x00, 0x00, 0x00, 0x00, 0x00, 0x00, 0x00, 0x00, 0x00, 0x00, 0x00, 0x00, 
    0x00, 0x00, 0x00, 0x00, 0x00, 0x00, 0x00, 0x00, 0x00, 0x00, 0x00, 0x00, 0x00, 0x00, 0x00, 0x00, 
    0x00, 0x00, 0x00, 0x00, 0x00, 0x00, 0x00, 0x00, 0x00, 0x00, 0x00, 0x00, 0x00, 0x00, 0x00, 0x00, 
    0x00, 0x00, 0x00, 0x00, 0x00, 0x00, 0x00, 0x00, 0x00, 0x00, 0x00, 0x00, 0x00, 0x00, 0x00, 0x00, 
    0x00, 0x00, 0x00, 0x00, 0x00, 0x00, 0x00, 0x00, 0x00, 0x00, 0x00, 0x00, 0x00, 0x00, 0x00, 0x00, 
      },
  {
    0x00, 0x00, 0x00, 0x00, 0x00, 0x00, 0x00, 0x00, 0x00, 0x00, 0x00, 0x00, 0x00, 0x00, 0x00, 0x00, 
    0x00, 0x00, 0x00, 0x00, 0x00, 0x00, 0x00, 0x00, 0x00, 0x00, 0x00, 0x00, 0x00, 0x00, 0x00, 0x00, 
    0x00, 0x00, 0x00, 0x00, 0x00, 0x00, 0x00, 0x00, 0x00, 0x00, 0x00, 0x00, 0x00, 0x00, 0x00, 0x00, 
    0x00, 0x00, 0x00, 0x00, 0x00, 0x00, 0x00, 0x00, 0x00, 0x00, 0x00, 0x00, 0x00, 0x00, 0x00, 0x00, 
    0x00, 0x00, 0x00, 0x00, 0x00, 0x00, 0x00, 0x00, 0x00, 0x00, 0x00, 0x00, 0x00, 0x00, 0x00, 0x00, 
    0x00, 0x00, 0x00, 0x00, 0x00, 0x00, 0x00, 0x00, 0x00, 0x00, 0x00, 0x00, 0x00, 0x00, 0x00, 0x00, 
    0x00, 0x00, 0x00, 0x00, 0x00, 0x00, 0x00, 0x00, 0x00, 0x00, 0x00, 0x00, 0x00, 0x00, 0x00, 0x00, 
    0x00, 0x00, 0x00, 0x00, 0x00, 0x00, 0x00, 0x00, 0x00, 0x00, 0x00, 0x00, 0x00, 0x00, 0x00, 0x00, 
    0x00, 0x00, 0x00, 0x00, 0x00, 0x00, 0x00, 0x00, 0x00, 0x00, 0x00, 0x00, 0x00, 0x00, 0x00, 0x00, 
    0x00, 0x00, 0x00, 0x00, 0x00, 0x00, 0x00, 0x00, 0x00, 0x00, 0x00, 0x00, 0x00, 0x00, 0x00, 0x00, 
    0x00, 0x00, 0x00, 0x00, 0x00, 0x00, 0x00, 0x00, 0x00, 0x00, 0x00, 0x00, 0x00, 0x00, 0x00, 0x00, 
    0x00, 0x1F, 0x80, 0x00, 0x1F, 0xE0, 0x00, 0x00, 0x00, 0x1F, 0xFE, 0x0F, 0xFF, 0xFF, 0x80, 0x00, 
    0x00, 0x19, 0xFF, 0xFF, 0xFF, 0xFF, 0xF8, 0x00, 0x00, 0x18, 0x07, 0xFE, 0x03, 0x03, 0xF8, 0x00, 
    0x00, 0x38, 0x00, 0xE0, 0x03, 0x00, 0x18, 0x00, 0x00, 0x38, 0x00, 0xE0, 0x03, 0x00, 0x18, 0x00, 
    0x00, 0x38, 0x00, 0xE0, 0x03, 0x00, 0x18, 0x00, 0x00, 0x30, 0x00, 0xE0, 0x03, 0x00, 0x1C, 0x00, 
    0x00, 0x30, 0x00, 0xE0, 0x03, 0x00, 0x1C, 0x00, 0x00, 0x3C, 0x00, 0xE0, 0x03, 0x00, 0x1C, 0x00, 
    0x00, 0x3F, 0x00, 0xE0, 0x03, 0x07, 0xCC, 0x00, 0x00, 0x3F, 0xC0, 0xE3, 0xC3, 0x9F, 0xEC, 0x00, 
    0x00, 0x73, 0xF0, 0xC7, 0xE3, 0x3C, 0xFC, 0x00, 0x00, 0x70, 0xF8, 0xCF, 0xE3, 0xF0, 0x3C, 0x00, 
    0x00, 0x70, 0x3F, 0xFF, 0xE3, 0xE0, 0x1E, 0x00, 0x00, 0x60, 0x0F, 0xFF, 0xFF, 0xC0, 0x1E, 0x00, 
    0x00, 0x60, 0x03, 0xE7, 0xFF, 0x80, 0x0E, 0x00, 0x00, 0x60, 0x00, 0xC3, 0xCB, 0x80, 0x0E, 0x00, 
    0x00, 0x60, 0x00, 0xC1, 0x83, 0x80, 0x06, 0x00, 0x00, 0xE0, 0x00, 0xC0, 0x03, 0x80, 0x06, 0x00, 
    0x00, 0xE0, 0x00, 0xC0, 0x01, 0x80, 0x06, 0x00, 0x00, 0xE0, 0x00, 0xC0, 0x01, 0x80, 0x06, 0x00, 
    0x00, 0xC0, 0x00, 0xC0, 0x01, 0x80, 0x07, 0x00, 0x00, 0xC0, 0x00, 0xC0, 0x01, 0x80, 0x07, 0x00, 
    0x00, 0xC0, 0x00, 0xC0, 0x01, 0x80, 0x03, 0x00, 0x00, 0xC0, 0x01, 0xC0, 0x01, 0x80, 0x03, 0x00, 
    0x00, 0xE0, 0x01, 0xC0, 0x0F, 0xF0, 0x03, 0x00, 0x01, 0xFF, 0xF1, 0xC7, 0xFF, 0xFF, 0xE3, 0x00, 
    0x00, 0xFF, 0xFF, 0xFF, 0xFE, 0x7F, 0xFF, 0x00, 0x00, 0x00, 0xFF, 0xFF, 0x00, 0x00, 0xFF, 0x80, 
    0x00, 0x00, 0x00, 0x00, 0x00, 0x00, 0x00, 0x00, 0x00, 0x00, 0x00, 0x00, 0x00, 0x00, 0x00, 0x00, 
    0x00, 0x00, 0x00, 0x00, 0x00, 0x00, 0x00, 0x00, 0x00, 0x00, 0x00, 0x00, 0x00, 0x00, 0x00, 0x00, 
    0x00, 0x00, 0x00, 0x00, 0x00, 0x00, 0x00, 0x00, 0x00, 0x00, 0x00, 0x00, 0x00, 0x00, 0x00, 0x00, 
    0x00, 0x00, 0x00, 0x00, 0x00, 0x00, 0x00, 0x00, 0x00, 0x00, 0x00, 0x00, 0x00, 0x00, 0x00, 0x00, 
    0x00, 0x00, 0x00, 0x00, 0x00, 0x00, 0x00, 0x00, 0x00, 0x00, 0x00, 0x00, 0x00, 0x00, 0x00, 0x00, 
    0x00, 0x00, 0x00, 0x00, 0x00, 0x00, 0x00, 0x00, 0x00, 0x00, 0x00, 0x00, 0x00, 0x00, 0x00, 0x00, 
      },
  {
    0x00, 0x00, 0x00, 0x00, 0x00, 0x00, 0x00, 0x00, 0x00, 0x00, 0x00, 0x00, 0x00, 0x00, 0x00, 0x00, 
    0x00, 0x00, 0x00, 0x00, 0x00, 0x00, 0x00, 0x00, 0x00, 0x00, 0x00, 0x00, 0x00, 0x00, 0x00, 0x00, 
    0x00, 0x00, 0x00, 0x00, 0x00, 0x00, 0x00, 0x00, 0x00, 0x00, 0x00, 0x00, 0x00, 0x00, 0x00, 0x00, 
    0x00, 0x00, 0x00, 0x00, 0x00, 0x00, 0x00, 0x00, 0x00, 0x00, 0x00, 0x00, 0x00, 0x00, 0x00, 0x00, 
    0x00, 0x00, 0x00, 0x00, 0x00, 0x00, 0x00, 0x00, 0x00, 0x00, 0x00, 0x00, 0x00, 0x00, 0x00, 0x00, 
    0x00, 0x00, 0x00, 0x00, 0x00, 0x00, 0x00, 0x00, 0x00, 0x00, 0x00, 0x00, 0x00, 0x00, 0x00, 0x00, 
    0x00, 0x00, 0x00, 0x00, 0x00, 0x00, 0x00, 0x00, 0x00, 0x00, 0x00, 0x00, 0x00, 0x00, 0x00, 0x00, 
    0x00, 0x00, 0x00, 0x00, 0x00, 0x00, 0x00, 0x00, 0x00, 0x00, 0x00, 0x00, 0x00, 0x00, 0x00, 0x00, 
    0x00, 0x00, 0x00, 0x00, 0x00, 0x00, 0x00, 0x00, 0x00, 0x00, 0x00, 0x00, 0x00, 0x00, 0x00, 0x00, 
    0x00, 0x00, 0x00, 0x00, 0x00, 0x00, 0x00, 0x00, 0x00, 0x3C, 0x00, 0x00, 0x07, 0x80, 0x00, 0x00, 
    0x00, 0x3F, 0xE0, 0x00, 0xFF, 0xFC, 0x00, 0x00, 0x00, 0x3F, 0xFF, 0x1F, 0xFF, 0xFF, 0xE0, 0x00, 
    0x00, 0x30, 0x7F, 0xFF, 0xC3, 0x0F, 0xFC, 0x00, 0x00, 0x70, 0x03, 0xF8, 0x03, 0x80, 0x7C, 0x00, 
    0x00, 0x70, 0x00, 0xC0, 0x03, 0x80, 0x0C, 0x00, 0x00, 0x70, 0x00, 0xC0, 0x03, 0x80, 0x0C, 0x00, 
    0x00, 0x70, 0x00, 0xC0, 0x03, 0x80, 0x0E, 0x00, 0x00, 0x70, 0x00, 0xC0, 0x03, 0x80, 0x0E, 0x00, 
    0x00, 0x60, 0x00, 0xC0, 0x03, 0x80, 0x0E, 0x00, 0x00, 0x70, 0x00, 0xC0, 0x03, 0x80, 0x0E, 0x00, 
    0x00, 0x7C, 0x00, 0xC0, 0x03, 0x80, 0x0E, 0x00, 0x00, 0x7F, 0x00, 0xC0, 0x03, 0x8F, 0xE6, 0x00, 
    0x00, 0x67, 0xC0, 0xC0, 0x03, 0x9F, 0xF6, 0x00, 0x00, 0x61, 0xE0, 0xC0, 0x03, 0xB8, 0x3E, 0x00, 
    0x00, 0x60, 0xF8, 0xDF, 0xC1, 0xF0, 0x1E, 0x00, 0x00, 0xE0, 0x3F, 0xFF, 0xF3, 0xE0, 0x1E, 0x00, 
    0x00, 0xE0, 0x0F, 0xF9, 0xFF, 0xC0, 0x0E, 0x00, 0x00, 0xE0, 0x03, 0xE3, 0xFF, 0x80, 0x0E, 0x00, 
    0x00, 0xE0, 0x00, 0xC3, 0xC1, 0x80, 0x07, 0x00, 0x00, 0xE0, 0x00, 0xC3, 0xC1, 0x80, 0x07, 0x00, 
    0x00, 0xC0, 0x00, 0xC1, 0x81, 0x80, 0x07, 0x00, 0x00, 0xC0, 0x00, 0xC0, 0x01, 0x80, 0x07, 0x00, 
    0x00, 0xC0, 0x00, 0xC0, 0x01, 0x80, 0x03, 0x00, 0x00, 0xC0, 0x00, 0xC0, 0x01, 0x80, 0x03, 0x00, 
    0x00, 0xC0, 0x01, 0xC0, 0x01, 0x80, 0x03, 0x00, 0x00, 0xC0, 0x01, 0xC0, 0x01, 0x80, 0x03, 0x00, 
    0x00, 0xC0, 0x01, 0xC0, 0x01, 0x80, 0x03, 0x00, 0x01, 0xF0, 0x01, 0xC0, 0x0F, 0xF0, 0x03, 0x00, 
    0x00, 0xFF, 0xC1, 0xC3, 0xFF, 0xFF, 0xC3, 0x00, 0x00, 0x7F, 0xFF, 0xFF, 0xFC, 0x3F, 0xFF, 0x00, 
    0x00, 0x00, 0xFF, 0xFF, 0x00, 0x01, 0xFF, 0x80, 0x00, 0x00, 0x03, 0xE0, 0x00, 0x00, 0x07, 0x00, 
    0x00, 0x00, 0x00, 0x00, 0x00, 0x00, 0x00, 0x00, 0x00, 0x00, 0x00, 0x00, 0x00, 0x00, 0x00, 0x00, 
    0x00, 0x00, 0x00, 0x00, 0x00, 0x00, 0x00, 0x00, 0x00, 0x00, 0x00, 0x00, 0x00, 0x00, 0x00, 0x00, 
    0x00, 0x00, 0x00, 0x00, 0x00, 0x00, 0x00, 0x00, 0x00, 0x00, 0x00, 0x00, 0x00, 0x00, 0x00, 0x00, 
    0x00, 0x00, 0x00, 0x00, 0x00, 0x00, 0x00, 0x00, 0x00, 0x00, 0x00, 0x00, 0x00, 0x00, 0x00, 0x00, 
    0x00, 0x00, 0x00, 0x00, 0x00, 0x00, 0x00, 0x00, 0x00, 0x00, 0x00, 0x00, 0x00, 0x00, 0x00, 0x00, 
    0x00, 0x00, 0x00, 0x00, 0x00, 0x00, 0x00, 0x00, 0x00, 0x00, 0x00, 0x00, 0x00, 0x00, 0x00, 0x00, 
      },
  {
    0x00, 0x00, 0x00, 0x00, 0x00, 0x00, 0x00, 0x00, 0x00, 0x00, 0x00, 0x00, 0x00, 0x00, 0x00, 0x00, 
    0x00, 0x00, 0x00, 0x00, 0x00, 0x00, 0x00, 0x00, 0x00, 0x00, 0x00, 0x00, 0x00, 0x00, 0x00, 0x00, 
    0x00, 0x00, 0x00, 0x00, 0x00, 0x00, 0x00, 0x00, 0x00, 0x00, 0x00, 0x00, 0x00, 0x00, 0x00, 0x00, 
    0x00, 0x00, 0x00, 0x00, 0x00, 0x00, 0x00, 0x00, 0x00, 0x00, 0x00, 0x00, 0x00, 0x00, 0x00, 0x00, 
    0x00, 0x00, 0x00, 0x00, 0x00, 0x00, 0x00, 0x00, 0x00, 0x00, 0x00, 0x00, 0x00, 0x00, 0x00, 0x00, 
    0x00, 0x00, 0x00, 0x00, 0x00, 0x00, 0x00, 0x00, 0x00, 0x00, 0x00, 0x00, 0x00, 0x00, 0x00, 0x00, 
    0x00, 0x00, 0x00, 0x00, 0x00, 0x00, 0x00, 0x00, 0x00, 0x00, 0x00, 0x00, 0x00, 0x00, 0x00, 0x00, 
    0x00, 0x00, 0x00, 0x00, 0x00, 0x00, 0x00, 0x00, 0x00, 0x00, 0x00, 0x00, 0x00, 0x00, 0x00, 0x00, 
    0x00, 0x00, 0x00, 0x00, 0x00, 0x00, 0x00, 0x00, 0x00, 0x7C, 0x00, 0x00, 0x0F, 0xE0, 0x00, 0x00, 
    0x00, 0x7F, 0xE0, 0x00, 0xFF, 0xFE, 0x00, 0x00, 0x00, 0x67, 0xFE, 0x1F, 0xFF, 0xFF, 0xE0, 0x00, 
    0x00, 0x60, 0x7F, 0xFF, 0xC1, 0x87, 0xFE, 0x00, 0x00, 0x60, 0x07, 0xF8, 0x03, 0x80, 0x7E, 0x00, 
    0x00, 0xE0, 0x00, 0xC0, 0x03, 0x80, 0x06, 0x00, 0x00, 0xE0, 0x00, 0xC0, 0x03, 0x80, 0x06, 0x00, 
    0x00, 0xE0, 0x00, 0xC0, 0x03, 0x80, 0x06, 0x00, 0x00, 0xE0, 0x00, 0xC0, 0x03, 0x80, 0x06, 0x00, 
    0x00, 0xE0, 0x00, 0xC0, 0x01, 0x80, 0x07, 0x00, 0x00, 0xE0, 0x00, 0xC0, 0x01, 0x80, 0x07, 0x00, 
    0x00, 0xF0, 0x00, 0xC0, 0x01, 0x80, 0x07, 0x00, 0x00, 0xFC, 0x00, 0xC0, 0x01, 0x81, 0x87, 0x00, 
    0x00, 0xFF, 0x00, 0xC0, 0x01, 0x8F, 0xE7, 0x00, 0x00, 0xC7, 0x80, 0xC0, 0x01, 0x9F, 0xF7, 0x00, 
    0x00, 0xC3, 0xE0, 0xC2, 0x01, 0xB8, 0x3F, 0x00, 0x00, 0xC0, 0xF8, 0xDF, 0xC1, 0xF0, 0x1F, 0x00, 
    0x00, 0xC0, 0x3F, 0xFF, 0xF3, 0xF0, 0x0F, 0x00, 0x00, 0xC0, 0x0F, 0xF8, 0x7F, 0xC0, 0x0F, 0x00, 
    0x00, 0xC0, 0x07, 0xE0, 0x1F, 0x80, 0x07, 0x00, 0x00, 0xC0, 0x01, 0xC0, 0x01, 0x80, 0x07, 0x00, 
    0x00, 0xC0, 0x01, 0xC0, 0x01, 0x80, 0x03, 0x00, 0x00, 0xC0, 0x01, 0xC0, 0x01, 0x80, 0x03, 0x00, 
    0x00, 0xC0, 0x01, 0xC0, 0x01, 0x80, 0x03, 0x00, 0x00, 0xC0, 0x01, 0xC0, 0x01, 0x80, 0x03, 0x00, 
    0x00, 0xC0, 0x01, 0xC0, 0x01, 0x80, 0x03, 0x00, 0x00, 0xC0, 0x01, 0xC0, 0x01, 0x80, 0x03, 0x00, 
    0x00, 0xC0, 0x01, 0xC0, 0x01, 0x80, 0x03, 0x00, 0x01, 0xC0, 0x01, 0xC0, 0x01, 0x80, 0x03, 0x00, 
    0x01, 0xE0, 0x01, 0xC0, 0x0F, 0xF0, 0x03, 0x00, 0x00, 0xFF, 0x81, 0xC0, 0xFF, 0xFF, 0x03, 0x00, 
    0x00, 0x7F, 0xFD, 0xDF, 0xFC, 0x3F, 0xFB, 0x80, 0x00, 0x03, 0xFF, 0xFF, 0xC0, 0x03, 0xFF, 0x80, 
    0x00, 0x00, 0x0F, 0xF8, 0x00, 0x00, 0x1F, 0x00, 0x00, 0x00, 0x00, 0x00, 0x00, 0x00, 0x00, 0x00, 
    0x00, 0x00, 0x00, 0x00, 0x00, 0x00, 0x00, 0x00, 0x00, 0x00, 0x00, 0x00, 0x00, 0x00, 0x00, 0x00, 
    0x00, 0x00, 0x00, 0x00, 0x00, 0x00, 0x00, 0x00, 0x00, 0x00, 0x00, 0x00, 0x00, 0x00, 0x00, 0x00, 
    0x00, 0x00, 0x00, 0x00, 0x00, 0x00, 0x00, 0x00, 0x00, 0x00, 0x00, 0x00, 0x00, 0x00, 0x00, 0x00, 
    0x00, 0x00, 0x00, 0x00, 0x00, 0x00, 0x00, 0x00, 0x00, 0x00, 0x00, 0x00, 0x00, 0x00, 0x00, 0x00, 
    0x00, 0x00, 0x00, 0x00, 0x00, 0x00, 0x00, 0x00, 0x00, 0x00, 0x00, 0x00, 0x00, 0x00, 0x00, 0x00, 
    0x00, 0x00, 0x00, 0x00, 0x00, 0x00, 0x00, 0x00, 0x00, 0x00, 0x00, 0x00, 0x00, 0x00, 0x00, 0x00, 
      },
  {
    0x00, 0x00, 0x00, 0x00, 0x00, 0x00, 0x00, 0x00, 0x00, 0x00, 0x00, 0x00, 0x00, 0x00, 0x00, 0x00, 
    0x00, 0x00, 0x00, 0x00, 0x00, 0x00, 0x00, 0x00, 0x00, 0x00, 0x00, 0x00, 0x00, 0x00, 0x00, 0x00, 
    0x00, 0x00, 0x00, 0x00, 0x00, 0x00, 0x00, 0x00, 0x00, 0x00, 0x00, 0x00, 0x00, 0x00, 0x00, 0x00, 
    0x00, 0x00, 0x00, 0x00, 0x00, 0x00, 0x00, 0x00, 0x00, 0x00, 0x00, 0x00, 0x00, 0x00, 0x00, 0x00, 
    0x00, 0x00, 0x00, 0x00, 0x00, 0x00, 0x00, 0x00, 0x00, 0x00, 0x00, 0x00, 0x00, 0x00, 0x00, 0x00, 
    0x00, 0x00, 0x00, 0x00, 0x00, 0x00, 0x00, 0x00, 0x00, 0x00, 0x00, 0x00, 0x00, 0x00, 0x00, 0x00, 
    0x00, 0x00, 0x00, 0x00, 0x00, 0x00, 0x00, 0x00, 0x00, 0x00, 0x00, 0x00, 0x00, 0x00, 0x00, 0x00, 
    0x00, 0x00, 0x00, 0x00, 0x00, 0x00, 0x00, 0x00, 0x00, 0x00, 0x00, 0x00, 0x00, 0x00, 0x00, 0x00, 
    0x00, 0x78, 0x00, 0x00, 0x03, 0xC0, 0x00, 0x00, 0x00, 0xFF, 0x80, 0x00, 0x7F, 0xFC, 0x00, 0x00, 
    0x00, 0xFF, 0xF8, 0x07, 0xFF, 0xFF, 0xC0, 0x00, 0x00, 0xE1, 0xFF, 0xFF, 0xE1, 0x8F, 0xFC, 0x00, 
    0x00, 0xE0, 0x1F, 0xFE, 0x01, 0x80, 0xFF, 0x00, 0x00, 0xE0, 0x01, 0xC0, 0x01, 0x80, 0x0F, 0x00, 
    0x00, 0xE0, 0x00, 0xC0, 0x01, 0x80, 0x07, 0x00, 0x00, 0xE0, 0x00, 0xC0, 0x01, 0x80, 0x07, 0x00, 
    0x00, 0xE0, 0x00, 0xC0, 0x01, 0x80, 0x07, 0x00, 0x00, 0xC0, 0x00, 0xC0, 0x01, 0x80, 0x07, 0x00, 
    0x00, 0xC0, 0x00, 0xC0, 0x01, 0x80, 0x07, 0x00, 0x00, 0xE0, 0x00, 0xC0, 0x01, 0x80, 0x07, 0x00, 
    0x00, 0xF8, 0x00, 0xC0, 0x01, 0x80, 0x07, 0x00, 0x00, 0xFE, 0x00, 0xC0, 0x01, 0x87, 0xC7, 0x00, 
    0x00, 0xCF, 0x00, 0xC0, 0x01, 0x8F, 0xF3, 0x00, 0x00, 0xC7, 0xC0, 0xC0, 0x01, 0x9E, 0x7B, 0x00, 
    0x00, 0xC1, 0xF1, 0xC7, 0x81, 0xB8, 0x1F, 0x00, 0x00, 0xC0, 0x78, 0xDF, 0xE1, 0xF0, 0x1F, 0x00, 
    0x00, 0xC0, 0x3F, 0xFF, 0xFF, 0xE0, 0x0F, 0x00, 0x00, 0xC0, 0x0F, 0xF0, 0x3F, 0xC0, 0x07, 0x00, 
    0x00, 0xC0, 0x03, 0xC0, 0x0F, 0x80, 0x07, 0x00, 0x00, 0xC0, 0x00, 0xC0, 0x01, 0x80, 0x03, 0x00, 
    0x00, 0xC0, 0x01, 0xC0, 0x01, 0x80, 0x03, 0x00, 0x00, 0xC0, 0x01, 0xC0, 0x01, 0x80, 0x03, 0x00, 
    0x00, 0xC0, 0x01, 0xC0, 0x01, 0x80, 0x03, 0x00, 0x00, 0xC0, 0x01, 0xC0, 0x01, 0x80, 0x03, 0x00, 
    0x00, 0xC0, 0x01, 0xC0, 0x01, 0x80, 0x03, 0x00, 0x00, 0xC0, 0x01, 0xC0, 0x01, 0x80, 0x03, 0x00, 
    0x01, 0xC0, 0x01, 0xC0, 0x01, 0x80, 0x03, 0x00, 0x01, 0xC0, 0x01, 0xC0, 0x01, 0x80, 0x03, 0x00, 
    0x01, 0xF8, 0x01, 0xC0, 0x1F, 0xF8, 0x03, 0x00, 0x00, 0xFF, 0xC1, 0xC3, 0xFF, 0xFF, 0x83, 0x80, 
    0x00, 0x1F, 0xFF, 0xFF, 0xF8, 0x1F, 0xFF, 0x80, 0x00, 0x00, 0xFF, 0xFF, 0x00, 0x00, 0xFF, 0x80, 
    0x00, 0x00, 0x07, 0xF0, 0x00, 0x00, 0x0F, 0x00, 0x00, 0x00, 0x00, 0x00, 0x00, 0x00, 0x00, 0x00, 
    0x00, 0x00, 0x00, 0x00, 0x00, 0x00, 0x00, 0x00, 0x00, 0x00, 0x00, 0x00, 0x00, 0x00, 0x00, 0x00, 
    0x00, 0x00, 0x00, 0x00, 0x00, 0x00, 0x00, 0x00, 0x00, 0x00, 0x00, 0x00, 0x00, 0x00, 0x00, 0x00, 
    0x00, 0x00, 0x00, 0x00, 0x00, 0x00, 0x00, 0x00, 0x00, 0x00, 0x00, 0x00, 0x00, 0x00, 0x00, 0x00, 
    0x00, 0x00, 0x00, 0x00, 0x00, 0x00, 0x00, 0x00, 0x00, 0x00, 0x00, 0x00, 0x00, 0x00, 0x00, 0x00, 
    0x00, 0x00, 0x00, 0x00, 0x00, 0x00, 0x00, 0x00, 0x00, 0x00, 0x00, 0x00, 0x00, 0x00, 0x00, 0x00, 
    0x00, 0x00, 0x00, 0x00, 0x00, 0x00, 0x00, 0x00, 0x00, 0x00, 0x00, 0x00, 0x00, 0x00, 0x00, 0x00, 
      },
  {
    0x00, 0x00, 0x00, 0x00, 0x00, 0x00, 0x00, 0x00, 0x00, 0x00, 0x00, 0x00, 0x00, 0x00, 0x00, 0x00, 
    0x00, 0x00, 0x00, 0x00, 0x00, 0x00, 0x00, 0x00, 0x00, 0x00, 0x00, 0x00, 0x00, 0x00, 0x00, 0x00, 
    0x00, 0x00, 0x00, 0x00, 0x00, 0x00, 0x00, 0x00, 0x00, 0x00, 0x00, 0x00, 0x00, 0x00, 0x00, 0x00, 
    0x00, 0x00, 0x00, 0x00, 0x00, 0x00, 0x00, 0x00, 0x00, 0x00, 0x00, 0x00, 0x00, 0x00, 0x00, 0x00, 
    0x00, 0x00, 0x00, 0x00, 0x00, 0x00, 0x00, 0x00, 0x00, 0x00, 0x00, 0x00, 0x00, 0x00, 0x00, 0x00, 
    0x00, 0x00, 0x00, 0x00, 0x00, 0x00, 0x00, 0x00, 0x00, 0x00, 0x00, 0x00, 0x00, 0x00, 0x00, 0x00, 
    0x00, 0x00, 0x00, 0x00, 0x00, 0x00, 0x00, 0x00, 0x00, 0x00, 0x00, 0x00, 0x00, 0x00, 0x00, 0x00, 
    0x00, 0x00, 0x00, 0x00, 0x00, 0x00, 0x00, 0x00, 0x00, 0xF0, 0x00, 0x00, 0x03, 0xC0, 0x00, 0x00, 
    0x00, 0xFF, 0x00, 0x00, 0x3F, 0xFC, 0x00, 0x00, 0x00, 0xFF, 0xF0, 0x07, 0xFF, 0xFF, 0xC0, 0x00, 
    0x00, 0xC1, 0xFF, 0x7F, 0xE1, 0x8F, 0xF8, 0x00, 0x00, 0xC0, 0x1F, 0xFE, 0x01, 0x80, 0xFF, 0x00, 
    0x00, 0xC0, 0x01, 0xE0, 0x01, 0x80, 0x0F, 0x00, 0x00, 0xC0, 0x00, 0xC0, 0x01, 0x80, 0x03, 0x00, 
    0x00, 0xC0, 0x01, 0xC0, 0x01, 0x80, 0x03, 0x00, 0x00, 0xC0, 0x01, 0xC0, 0x01, 0x80, 0x03, 0x00, 
    0x00, 0xC0, 0x01, 0xC0, 0x01, 0x80, 0x03, 0x00, 0x00, 0xC0, 0x01, 0xC0, 0x01, 0x80, 0x03, 0x00, 
    0x00, 0xC0, 0x01, 0xC0, 0x01, 0x80, 0x03, 0x00, 0x00, 0xF0, 0x01, 0xC0, 0x01, 0x80, 0x03, 0x00, 
    0x00, 0xFC, 0x01, 0xC0, 0x01, 0x81, 0x83, 0x00, 0x00, 0xDE, 0x01, 0xC0, 0x01, 0x87, 0xF3, 0x00, 
    0x00, 0xCF, 0x81, 0xC0, 0x01, 0x9F, 0xFB, 0x00, 0x00, 0xC3, 0xE1, 0xC0, 0x01, 0x9C, 0x3B, 0x00, 
    0x00, 0xC0, 0xF1, 0xCF, 0xC1, 0xB8, 0x1F, 0x00, 0x00, 0xC0, 0x7D, 0xFF, 0xF1, 0xF0, 0x0F, 0x00, 
    0x00, 0xC0, 0x1F, 0xF8, 0x7F, 0xE0, 0x0F, 0x00, 0x00, 0xC0, 0x07, 0xF0, 0x1F, 0x80, 0x07, 0x00, 
    0x00, 0xC0, 0x01, 0xC0, 0x01, 0x80, 0x07, 0x00, 0x00, 0xC0, 0x01, 0xC0, 0x01, 0x80, 0x03, 0x00, 
    0x00, 0xC0, 0x01, 0xC0, 0x01, 0x80, 0x03, 0x00, 0x00, 0xC0, 0x01, 0xC0, 0x01, 0x80, 0x03, 0x00, 
    0x01, 0xC0, 0x01, 0xC0, 0x01, 0x80, 0x03, 0x00, 0x01, 0xC0, 0x01, 0xC0, 0x01, 0x80, 0x03, 0x00, 
    0x01, 0xC0, 0x01, 0xC0, 0x01, 0x80, 0x03, 0x00, 0x01, 0xC0, 0x01, 0xC0, 0x01, 0x80, 0x03, 0x00, 
    0x01, 0xC0, 0x01, 0xC0, 0x01, 0x80, 0x03, 0x80, 0x01, 0xC0, 0x01, 0xC0, 0x03, 0xC0, 0x03, 0x80, 
    0x01, 0xFE, 0x01, 0xC0, 0x7F, 0xFC, 0x03, 0x80, 0x00, 0xFF, 0xE1, 0xC7, 0xFE, 0x7F, 0xE3, 0x80, 
    0x00, 0x07, 0xFF, 0xFF, 0xE0, 0x07, 0xFF, 0x80, 0x00, 0x00, 0x7F, 0xFE, 0x00, 0x00, 0x7F, 0x80, 
    0x00, 0x00, 0x03, 0xE0, 0x00, 0x00, 0x07, 0x00, 0x00, 0x00, 0x00, 0x00, 0x00, 0x00, 0x00, 0x00, 
    0x00, 0x00, 0x00, 0x00, 0x00, 0x00, 0x00, 0x00, 0x00, 0x00, 0x00, 0x00, 0x00, 0x00, 0x00, 0x00, 
    0x00, 0x00, 0x00, 0x00, 0x00, 0x00, 0x00, 0x00, 0x00, 0x00, 0x00, 0x00, 0x00, 0x00, 0x00, 0x00, 
    0x00, 0x00, 0x00, 0x00, 0x00, 0x00, 0x00, 0x00, 0x00, 0x00, 0x00, 0x00, 0x00, 0x00, 0x00, 0x00, 
    0x00, 0x00, 0x00, 0x00, 0x00, 0x00, 0x00, 0x00, 0x00, 0x00, 0x00, 0x00, 0x00, 0x00, 0x00, 0x00, 
    0x00, 0x00, 0x00, 0x00, 0x00, 0x00, 0x00, 0x00, 0x00, 0x00, 0x00, 0x00, 0x00, 0x00, 0x00, 0x00, 
    0x00, 0x00, 0x00, 0x00, 0x00, 0x00, 0x00, 0x00, 0x00, 0x00, 0x00, 0x00, 0x00, 0x00, 0x00, 0x00, 
      },
  {
    0x00, 0x00, 0x00, 0x00, 0x00, 0x00, 0x00, 0x00, 0x00, 0x00, 0x00, 0x00, 0x00, 0x00, 0x00, 0x00, 
    0x00, 0x00, 0x00, 0x00, 0x00, 0x00, 0x00, 0x00, 0x00, 0x00, 0x00, 0x00, 0x00, 0x00, 0x00, 0x00, 
    0x00, 0x00, 0x00, 0x00, 0x00, 0x00, 0x00, 0x00, 0x00, 0x00, 0x00, 0x00, 0x00, 0x00, 0x00, 0x00, 
    0x00, 0x00, 0x00, 0x00, 0x00, 0x00, 0x00, 0x00, 0x00, 0x00, 0x00, 0x00, 0x00, 0x00, 0x00, 0x00, 
    0x00, 0x00, 0x00, 0x00, 0x00, 0x00, 0x00, 0x00, 0x00, 0x00, 0x00, 0x00, 0x00, 0x00, 0x00, 0x00, 
    0x00, 0x00, 0x00, 0x00, 0x00, 0x00, 0x00, 0x00, 0x00, 0x00, 0x00, 0x00, 0x00, 0x00, 0x00, 0x00, 
    0x00, 0x00, 0x00, 0x00, 0x00, 0x00, 0x00, 0x00, 0x00, 0x00, 0x00, 0x00, 0x00, 0x00, 0x00, 0x00, 
    0x00, 0xE0, 0x00, 0x00, 0x01, 0x80, 0x00, 0x00, 0x00, 0xFE, 0x00, 0x00, 0x1F, 0xF0, 0x00, 0x00, 
    0x00, 0xFF, 0xE0, 0x01, 0xFF, 0xFF, 0x00, 0x00, 0x00, 0xC7, 0xFC, 0x1F, 0xF9, 0x9F, 0xF0, 0x00, 
    0x00, 0xC0, 0x7F, 0xFF, 0x81, 0x83, 0xFF, 0x00, 0x00, 0xC0, 0x07, 0xF8, 0x01, 0x80, 0x3F, 0x00, 
    0x00, 0xC0, 0x01, 0xC0, 0x01, 0x80, 0x03, 0x00, 0x00, 0xC0, 0x01, 0xC0, 0x01, 0x80, 0x03, 0x00, 
    0x00, 0xC0, 0x01, 0xC0, 0x01, 0x80, 0x03, 0x00, 0x00, 0xC0, 0x01, 0xC0, 0x01, 0x80, 0x03, 0x00, 
    0x00, 0xC0, 0x01, 0xC0, 0x01, 0x80, 0x03, 0x00, 0x00, 0xC0, 0x01, 0xC0, 0x01, 0x80, 0x03, 0x00, 
    0x00, 0xE0, 0x01, 0xC0, 0x01, 0x80, 0x03, 0x00, 0x00, 0xF0, 0x01, 0xC0, 0x01, 0x80, 0x03, 0x00, 
    0x01, 0xFC, 0x01, 0xC0, 0x01, 0x83, 0xC3, 0x00, 0x01, 0xDF, 0x01, 0xC0, 0x01, 0x8F, 0xF3, 0x00, 
    0x01, 0xC7, 0x81, 0xC0, 0x01, 0x9F, 0x7B, 0x00, 0x01, 0xC3, 0xE1, 0xC7, 0x81, 0xBC, 0x1F, 0x00, 
    0x01, 0xC0, 0xF9, 0xDF, 0xE1, 0xF8, 0x0F, 0x00, 0x01, 0xC0, 0x3D, 0xFF, 0xFF, 0xF0, 0x0F, 0x00, 
    0x01, 0xC0, 0x1F, 0xF8, 0x7F, 0xE0, 0x07, 0x80, 0x01, 0xC0, 0x07, 0xE0, 0x0F, 0x80, 0x07, 0x80, 
    0x01, 0xC0, 0x01, 0xC0, 0x01, 0x80, 0x03, 0x80, 0x01, 0xC0, 0x01, 0xC0, 0x01, 0x80, 0x03, 0x80, 
    0x01, 0xC0, 0x01, 0xC0, 0x01, 0x80, 0x03, 0x80, 0x01, 0xC0, 0x01, 0xC0, 0x01, 0x80, 0x03, 0x80, 
    0x01, 0xC0, 0x01, 0xC0, 0x01, 0x80, 0x03, 0x80, 0x01, 0xC0, 0x01, 0xC0, 0x01, 0x80, 0x03, 0x80, 
    0x01, 0xC0, 0x01, 0xC0, 0x01, 0x80, 0x03, 0x80, 0x01, 0xC0, 0x01, 0xC0, 0x01, 0x80, 0x03, 0x80, 
    0x01, 0xC0, 0x01, 0xC0, 0x01, 0x80, 0x03, 0x80, 0x01, 0xE0, 0x01, 0xC0, 0x0F, 0xE0, 0x03, 0x80, 
    0x00, 0xFF, 0x01, 0xC0, 0xFF, 0xFE, 0x03, 0x80, 0x00, 0x7F, 0xF1, 0xCF, 0xFC, 0x3F, 0xE3, 0x80, 
    0x00, 0x03, 0xFF, 0xFF, 0xC0, 0x03, 0xFF, 0x80, 0x00, 0x00, 0x3F, 0xFC, 0x00, 0x00, 0x3F, 0x80, 
    0x00, 0x00, 0x01, 0xC0, 0x00, 0x00, 0x03, 0x00, 0x00, 0x00, 0x00, 0x00, 0x00, 0x00, 0x00, 0x00, 
    0x00, 0x00, 0x00, 0x00, 0x00, 0x00, 0x00, 0x00, 0x00, 0x00, 0x00, 0x00, 0x00, 0x00, 0x00, 0x00, 
    0x00, 0x00, 0x00, 0x00, 0x00, 0x00, 0x00, 0x00, 0x00, 0x00, 0x00, 0x00, 0x00, 0x00, 0x00, 0x00, 
    0x00, 0x00, 0x00, 0x00, 0x00, 0x00, 0x00, 0x00, 0x00, 0x00, 0x00, 0x00, 0x00, 0x00, 0x00, 0x00, 
    0x00, 0x00, 0x00, 0x00, 0x00, 0x00, 0x00, 0x00, 0x00, 0x00, 0x00, 0x00, 0x00, 0x00, 0x00, 0x00, 
    0x00, 0x00, 0x00, 0x00, 0x00, 0x00, 0x00, 0x00, 0x00, 0x00, 0x00, 0x00, 0x00, 0x00, 0x00, 0x00, 
    0x00, 0x00, 0x00, 0x00, 0x00, 0x00, 0x00, 0x00, 0x00, 0x00, 0x00, 0x00, 0x00, 0x00, 0x00, 0x00, 
      },
  {
    0x00, 0x00, 0x00, 0x00, 0x00, 0x00, 0x00, 0x00, 0x00, 0x00, 0x00, 0x00, 0x00, 0x00, 0x00, 0x00, 
    0x00, 0x00, 0x00, 0x00, 0x00, 0x00, 0x00, 0x00, 0x00, 0x00, 0x00, 0x00, 0x00, 0x00, 0x00, 0x00, 
    0x00, 0x00, 0x00, 0x00, 0x00, 0x00, 0x00, 0x00, 0x00, 0x00, 0x00, 0x00, 0x00, 0x00, 0x00, 0x00, 
    0x00, 0x00, 0x00, 0x00, 0x00, 0x00, 0x00, 0x00, 0x00, 0x00, 0x00, 0x00, 0x00, 0x00, 0x00, 0x00, 
    0x00, 0x00, 0x00, 0x00, 0x00, 0x00, 0x00, 0x00, 0x00, 0x00, 0x00, 0x00, 0x00, 0x00, 0x00, 0x00, 
    0x00, 0x00, 0x00, 0x00, 0x00, 0x00, 0x00, 0x00, 0x00, 0x00, 0x00, 0x00, 0x00, 0x00, 0x00, 0x00, 
    0x00, 0x00, 0x00, 0x00, 0x00, 0x00, 0x00, 0x00, 0x00, 0x00, 0x00, 0x00, 0x00, 0x00, 0x00, 0x00, 
    0x00, 0xF0, 0x00, 0x00, 0x03, 0xC0, 0x00, 0x00, 0x01, 0xFF, 0x00, 0x00, 0x3F, 0xFC, 0x00, 0x00, 
    0x01, 0xFF, 0xF0, 0x03, 0xFF, 0xFF, 0x80, 0x00, 0x01, 0xC3, 0xFE, 0x3F, 0xF1, 0x8F, 0xF8, 0x00, 
    0x01, 0xC0, 0x3F, 0xFF, 0x01, 0x80, 0xFF, 0x00, 0x01, 0xC0, 0x03, 0xE0, 0x01, 0x80, 0x0F, 0x80, 
    0x01, 0xC0, 0x01, 0xC0, 0x01, 0x80, 0x03, 0x80, 0x01, 0xC0, 0x01, 0xC0, 0x01, 0x80, 0x03, 0x80, 
    0x01, 0xC0, 0x01, 0xC0, 0x01, 0x80, 0x03, 0x80, 0x01, 0xC0, 0x01, 0xC0, 0x01, 0x80, 0x03, 0x80, 
    0x01, 0xC0, 0x01, 0xC0, 0x01, 0x80, 0x03, 0x80, 0x01, 0xC0, 0x01, 0xC0, 0x01, 0x80, 0x03, 0x80, 
    0x01, 0xE0, 0x01, 0xC0, 0x01, 0x80, 0x03, 0x80, 0x01, 0xF8, 0x01, 0xC0, 0x01, 0x80, 0x03, 0x80, 
    0x01, 0xFC, 0x01, 0xC0, 0x01, 0x83, 0xE3, 0x80, 0x01, 0xDF, 0x01, 0xC0, 0x01, 0x8F, 0xF3, 0x80, 
    0x01, 0xC7, 0x81, 0xC0, 0x01, 0x9E, 0x3B, 0x80, 0x01, 0xC1, 0xE1, 0xC7, 0x81, 0xB8, 0x1F, 0x80, 
    0x01, 0xC0, 0xF9, 0xDF, 0xE1, 0xF8, 0x0F, 0x80, 0x01, 0xC0, 0x3D, 0xFC, 0xFF, 0xF0, 0x0F, 0x80, 
    0x01, 0xC0, 0x1F, 0xF0, 0x3F, 0xC0, 0x07, 0x80, 0x01, 0xC0, 0x07, 0xE0, 0x0F, 0x80, 0x07, 0x80, 
    0x01, 0xC0, 0x01, 0xC0, 0x01, 0x80, 0x03, 0x80, 0x01, 0xC0, 0x01, 0xC0, 0x01, 0x80, 0x03, 0x80, 
    0x01, 0xC0, 0x01, 0xC0, 0x01, 0x80, 0x03, 0x80, 0x01, 0xC0, 0x01, 0xC0, 0x01, 0x80, 0x03, 0x80, 
    0x01, 0xC0, 0x01, 0xC0, 0x01, 0x80, 0x03, 0x80, 0x01, 0xC0, 0x01, 0xC0, 0x01, 0x80, 0x03, 0x80, 
    0x01, 0xC0, 0x01, 0xC0, 0x01, 0x80, 0x03, 0x80, 0x01, 0xC0, 0x01, 0xC0, 0x01, 0x80, 0x03, 0x80, 
    0x01, 0xC0, 0x01, 0xC0, 0x01, 0x80, 0x03, 0x80, 0x01, 0xF0, 0x01, 0xC0, 0x0F, 0xF0, 0x03, 0x80, 
    0x00, 0xFF, 0x01, 0xC0, 0xFF, 0xFF, 0x03, 0x80, 0x00, 0x3F, 0xF9, 0xCF, 0xFC, 0x3F, 0xF3, 0x80, 
    0x00, 0x03, 0xFF, 0xFF, 0xC0, 0x03, 0xFF, 0x80, 0x00, 0x00, 0x1F, 0xFC, 0x00, 0x00, 0x3F, 0x80, 
    0x00, 0x00, 0x01, 0xC0, 0x00, 0x00, 0x03, 0x00, 0x00, 0x00, 0x00, 0x00, 0x00, 0x00, 0x00, 0x00, 
    0x00, 0x00, 0x00, 0x00, 0x00, 0x00, 0x00, 0x00, 0x00, 0x00, 0x00, 0x00, 0x00, 0x00, 0x00, 0x00, 
    0x00, 0x00, 0x00, 0x00, 0x00, 0x00, 0x00, 0x00, 0x00, 0x00, 0x00, 0x00, 0x00, 0x00, 0x00, 0x00, 
    0x00, 0x00, 0x00, 0x00, 0x00, 0x00, 0x00, 0x00, 0x00, 0x00, 0x00, 0x00, 0x00, 0x00, 0x00, 0x00, 
    0x00, 0x00, 0x00, 0x00, 0x00, 0x00, 0x00, 0x00, 0x00, 0x00, 0x00, 0x00, 0x00, 0x00, 0x00, 0x00, 
    0x00, 0x00, 0x00, 0x00, 0x00, 0x00, 0x00, 0x00, 0x00, 0x00, 0x00, 0x00, 0x00, 0x00, 0x00, 0x00, 
    0x00, 0x00, 0x00, 0x00, 0x00, 0x00, 0x00, 0x00, 0x00, 0x00, 0x00, 0x00, 0x00, 0x00, 0x00, 0x00, 
      },
  {
    0x00, 0x00, 0x00, 0x00, 0x00, 0x00, 0x00, 0x00, 0x00, 0x00, 0x00, 0x00, 0x00, 0x00, 0x00, 0x00, 
    0x00, 0x00, 0x00, 0x00, 0x00, 0x00, 0x00, 0x00, 0x00, 0x00, 0x00, 0x00, 0x00, 0x00, 0x00, 0x00, 
    0x00, 0x00, 0x00, 0x00, 0x00, 0x00, 0x00, 0x00, 0x00, 0x00, 0x00, 0x00, 0x00, 0x00, 0x00, 0x00, 
    0x00, 0x00, 0x00, 0x00, 0x00, 0x00, 0x00, 0x00, 0x00, 0x00, 0x00, 0x00, 0x00, 0x00, 0x00, 0x00, 
    0x00, 0x00, 0x00, 0x00, 0x00, 0x00, 0x00, 0x00, 0x00, 0x00, 0x00, 0x00, 0x00, 0x00, 0x00, 0x00, 
    0x00, 0x00, 0x00, 0x00, 0x00, 0x00, 0x00, 0x00, 0x00, 0x00, 0x00, 0x00, 0x00, 0x00, 0x00, 0x00, 
    0x00, 0x00, 0x00, 0x00, 0x00, 0x00, 0x00, 0x00, 0x00, 0x00, 0x00, 0x00, 0x00, 0x00, 0x00, 0x00, 
    0x01, 0xF0, 0x00, 0x00, 0x03, 0xC0, 0x00, 0x00, 0x01, 0xFF, 0x00, 0x00, 0x3F, 0xFC, 0x00, 0x00, 
    0x01, 0xDF, 0xF0, 0x03, 0xFF, 0xFF, 0xC0, 0x00, 0x01, 0xC3, 0xFF, 0x3F, 0xE1, 0x8F, 0xF8, 0x00, 
    0x01, 0xC0, 0x3F, 0xFE, 0x01, 0x80, 0xFF, 0x00, 0x01, 0xC0, 0x03, 0xE0, 0x01, 0x80, 0x0F, 0x80, 
    0x01, 0xC0, 0x01, 0xC0, 0x01, 0x80, 0x03, 0x80, 0x01, 0xC0, 0x01, 0xC0, 0x01, 0x80, 0x03, 0x80, 
    0x01, 0xC0, 0x01, 0xC0, 0x01, 0x80, 0x03, 0x80, 0x01, 0xC0, 0x01, 0xC0, 0x01, 0x80, 0x03, 0x80, 
    0x01, 0xC0, 0x01, 0xC0, 0x01, 0x80, 0x03, 0x80, 0x01, 0xC0, 0x01, 0xC0, 0x01, 0x80, 0x03, 0x80, 
    0x01, 0xE0, 0x01, 0xC0, 0x01, 0x80, 0x03, 0x80, 0x01, 0xF8, 0x01, 0xC0, 0x01, 0x80, 0x03, 0x80, 
    0x01, 0xFC, 0x01, 0xC0, 0x01, 0x87, 0xE3, 0x80, 0x01, 0xDF, 0x01, 0xC0, 0x01, 0x8F, 0xF3, 0x80, 
    0x01, 0xC7, 0x81, 0xC0, 0x01, 0x9E, 0x3B, 0x80, 0x01, 0xC1, 0xE1, 0xC7, 0x81, 0xB8, 0x1F, 0x80, 
    0x01, 0xC0, 0xF9, 0xDF, 0xE1, 0xF8, 0x0F, 0x80, 0x01, 0xC0, 0x3D, 0xFC, 0xFF, 0xF0, 0x0F, 0x80, 
    0x01, 0xC0, 0x1F, 0xF0, 0x3F, 0xC0, 0x07, 0x80, 0x01, 0xC0, 0x07, 0xE0, 0x07, 0x80, 0x07, 0x80, 
    0x01, 0xC0, 0x01, 0xC0, 0x01, 0x80, 0x03, 0x80, 0x01, 0xC0, 0x01, 0xC0, 0x01, 0x80, 0x03, 0x80, 
    0x01, 0xC0, 0x01, 0xC0, 0x01, 0x80, 0x03, 0x80, 0x01, 0xC0, 0x01, 0xC0, 0x01, 0x80, 0x03, 0x80, 
    0x01, 0xC0, 0x01, 0xC0, 0x01, 0x80, 0x03, 0x80, 0x01, 0xC0, 0x01, 0xC0, 0x01, 0x80, 0x03, 0x80, 
    0x01, 0xC0, 0x01, 0xC0, 0x01, 0x80, 0x03, 0x80, 0x01, 0xC0, 0x01, 0xC0, 0x01, 0x80, 0x03, 0x80, 
    0x01, 0xC0, 0x01, 0xC0, 0x01, 0x80, 0x03, 0x80, 0x01, 0xF0, 0x01, 0xC0, 0x0F, 0xF0, 0x03, 0x80, 
    0x00, 0xFF, 0x01, 0xC0, 0xFF, 0xFF, 0x03, 0x80, 0x00, 0x3F, 0xF9, 0xCF, 0xFC, 0x3F, 0xF3, 0x80, 
    0x00, 0x03, 0xFF, 0xFF, 0xC0, 0x03, 0xFF, 0x80, 0x00, 0x00, 0x1F, 0xFC, 0x00, 0x00, 0x3F, 0x80, 
    0x00, 0x00, 0x01, 0xC0, 0x00, 0x00, 0x03, 0x00, 0x00, 0x00, 0x00, 0x00, 0x00, 0x00, 0x00, 0x00, 
    0x00, 0x00, 0x00, 0x00, 0x00, 0x00, 0x00, 0x00, 0x00, 0x00, 0x00, 0x00, 0x00, 0x00, 0x00, 0x00, 
    0x00, 0x00, 0x00, 0x00, 0x00, 0x00, 0x00, 0x00, 0x00, 0x00, 0x00, 0x00, 0x00, 0x00, 0x00, 0x00, 
    0x00, 0x00, 0x00, 0x00, 0x00, 0x00, 0x00, 0x00, 0x00, 0x00, 0x00, 0x00, 0x00, 0x00, 0x00, 0x00, 
    0x00, 0x00, 0x00, 0x00, 0x00, 0x00, 0x00, 0x00, 0x00, 0x00, 0x00, 0x00, 0x00, 0x00, 0x00, 0x00, 
    0x00, 0x00, 0x00, 0x00, 0x00, 0x00, 0x00, 0x00, 0x00, 0x00, 0x00, 0x00, 0x00, 0x00, 0x00, 0x00, 
    0x00, 0x00, 0x00, 0x00, 0x00, 0x00, 0x00, 0x00, 0x00, 0x00, 0x00, 0x00, 0x00, 0x00, 0x00, 0x00, 
      },
};

#endif
