#ifndef ANIMATION_WORLDWIDE_H
#define ANIMATION_WORLDWIDE_H

#include <pgmspace.h>

#define WORLDWIDE_FRAMES 46
#define WORLDWIDE_WIDTH  64
#define WORLDWIDE_HEIGHT 64

const uint8_t worldwide_frames[][512] PROGMEM = {
  {
    0x00, 0x00, 0x00, 0x00, 0x00, 0x00, 0x00, 0x00, 0x00, 0x00, 0x00, 0x00, 0x00, 0x00, 0x00, 0x00, 
    0x00, 0x00, 0x00, 0x00, 0x00, 0x00, 0x00, 0x00, 0x00, 0x00, 0x00, 0x00, 0x00, 0x00, 0x00, 0x00, 
    0x00, 0x00, 0x00, 0x00, 0x00, 0x00, 0x00, 0x00, 0x00, 0x00, 0x00, 0x00, 0x00, 0x00, 0x00, 0x00, 
    0x00, 0x00, 0x00, 0x00, 0x00, 0x00, 0x00, 0x00, 0x00, 0x00, 0x00, 0x00, 0x00, 0x00, 0x00, 0x00, 
    0x00, 0x00, 0x00, 0x00, 0x00, 0x00, 0x00, 0x00, 0x00, 0x00, 0x00, 0x00, 0x00, 0x00, 0x00, 0x00, 
    0x00, 0x00, 0x00, 0xFF, 0xF8, 0x00, 0x00, 0x00, 0x00, 0x00, 0x07, 0xFF, 0xFE, 0x00, 0x00, 0x00, 
    0x00, 0x00, 0x1F, 0xFF, 0xFF, 0x80, 0x00, 0x00, 0x00, 0x00, 0x3E, 0x77, 0xE3, 0xE0, 0x00, 0x00, 
    0x00, 0x00, 0xF8, 0xF7, 0x70, 0xF0, 0x00, 0x00, 0x00, 0x01, 0xE0, 0xE7, 0x38, 0x38, 0x00, 0x00, 
    0x00, 0x03, 0xC1, 0xC7, 0x1C, 0x1C, 0x00, 0x00, 0x00, 0x07, 0x83, 0x87, 0x0C, 0x0E, 0x00, 0x00, 
    0x00, 0x07, 0xC3, 0x07, 0x0E, 0x1F, 0x00, 0x00, 0x00, 0x0F, 0xF7, 0x07, 0x07, 0xFF, 0x80, 0x00, 
    0x00, 0x1C, 0xFF, 0x87, 0x0F, 0xF9, 0x80, 0x00, 0x00, 0x18, 0x1F, 0xFF, 0xFF, 0xC1, 0xC0, 0x00, 
    0x00, 0x38, 0x0F, 0xFF, 0xFF, 0x80, 0xE0, 0x00, 0x00, 0x30, 0x0C, 0x07, 0x03, 0x80, 0xE0, 0x00, 
    0x00, 0x70, 0x0C, 0x07, 0x01, 0x80, 0x60, 0x00, 0x00, 0x70, 0x1C, 0x07, 0x01, 0x80, 0x70, 0x00, 
    0x00, 0x60, 0x1C, 0x07, 0x01, 0xC0, 0x70, 0x00, 0x00, 0x60, 0x18, 0x07, 0x01, 0xC0, 0x30, 0x00, 
    0x00, 0xE0, 0x18, 0x07, 0x01, 0xC0, 0x30, 0x00, 0x00, 0xE0, 0x18, 0x07, 0x00, 0xC0, 0x30, 0x00, 
    0x00, 0xFF, 0xFF, 0xFF, 0xFF, 0xFF, 0xF8, 0x00, 0x00, 0xFF, 0xFF, 0xFF, 0xFF, 0xFF, 0xF8, 0x00, 
    0x00, 0xFF, 0xFF, 0xFF, 0xFF, 0xFF, 0xF8, 0x00, 0x00, 0xE0, 0x18, 0x07, 0x00, 0xC4, 0x30, 0x00, 
    0x00, 0xE0, 0x18, 0x07, 0x01, 0xCF, 0x30, 0x00, 0x00, 0x60, 0x18, 0x07, 0x01, 0xCF, 0xB0, 0x00, 
    0x00, 0x60, 0x1C, 0x07, 0x01, 0xCF, 0xF0, 0x00, 0x00, 0x60, 0x1C, 0x07, 0x1F, 0xFE, 0xF0, 0x00, 
    0x00, 0x70, 0x1C, 0x07, 0x1F, 0xFE, 0x78, 0x00, 0x00, 0x30, 0x0C, 0x07, 0x18, 0x00, 0x3C, 0x00, 
    0x00, 0x38, 0x0F, 0xFF, 0xF8, 0x00, 0x0E, 0x00, 0x00, 0x18, 0x1F, 0xFF, 0xF8, 0x00, 0x07, 0x00, 
    0x00, 0x1C, 0xFF, 0x87, 0x38, 0x00, 0x0E, 0x00, 0x00, 0x0F, 0xFF, 0x07, 0x1F, 0xFC, 0x1C, 0x00, 
    0x00, 0x0F, 0xC3, 0x07, 0x1F, 0xFE, 0x78, 0x00, 0x00, 0x07, 0x03, 0x87, 0x0F, 0xFE, 0xF0, 0x00, 
    0x00, 0x03, 0x81, 0x87, 0x1C, 0x0F, 0xE0, 0x00, 0x00, 0x01, 0xC1, 0xC7, 0x18, 0x3F, 0x80, 0x00, 
    0x00, 0x00, 0xF0, 0xE7, 0x38, 0x7F, 0x00, 0x00, 0x00, 0x00, 0x7C, 0x77, 0x71, 0xF6, 0x00, 0x00, 
    0x00, 0x00, 0x1F, 0x3F, 0xE7, 0xC0, 0x00, 0x00, 0x00, 0x00, 0x0F, 0xFF, 0xFF, 0x00, 0x00, 0x00, 
    0x00, 0x00, 0x01, 0xFF, 0xFC, 0x00, 0x00, 0x00, 0x00, 0x00, 0x00, 0x3F, 0xC0, 0x00, 0x00, 0x00, 
    0x00, 0x00, 0x00, 0x00, 0x00, 0x00, 0x00, 0x00, 0x00, 0x00, 0x00, 0x00, 0x00, 0x00, 0x00, 0x00, 
    0x00, 0x00, 0x00, 0x00, 0x00, 0x00, 0x00, 0x00, 0x00, 0x00, 0x00, 0x00, 0x00, 0x00, 0x00, 0x00, 
    0x00, 0x00, 0x00, 0x00, 0x00, 0x00, 0x00, 0x00, 0x00, 0x00, 0x00, 0x00, 0x00, 0x00, 0x00, 0x00, 
    0x00, 0x00, 0x00, 0x00, 0x00, 0x00, 0x00, 0x00, 0x00, 0x00, 0x00, 0x00, 0x00, 0x00, 0x00, 0x00, 
    0x00, 0x00, 0x00, 0x00, 0x00, 0x00, 0x00, 0x00, 0x00, 0x00, 0x00, 0x00, 0x00, 0x00, 0x00, 0x00, 
      },
  {
    0x00, 0x00, 0x00, 0x00, 0x00, 0x00, 0x00, 0x00, 0x00, 0x00, 0x00, 0x00, 0x00, 0x00, 0x00, 0x00, 
    0x00, 0x00, 0x00, 0x00, 0x00, 0x00, 0x00, 0x00, 0x00, 0x00, 0x00, 0x00, 0x00, 0x00, 0x00, 0x00, 
    0x00, 0x00, 0x00, 0x00, 0x00, 0x00, 0x00, 0x00, 0x00, 0x00, 0x00, 0x00, 0x00, 0x00, 0x00, 0x00, 
    0x00, 0x00, 0x00, 0x00, 0x00, 0x00, 0x00, 0x00, 0x00, 0x00, 0x00, 0x00, 0x00, 0x00, 0x00, 0x00, 
    0x00, 0x00, 0x00, 0x00, 0x00, 0x00, 0x00, 0x00, 0x00, 0x00, 0x00, 0x00, 0x00, 0x00, 0x00, 0x00, 
    0x00, 0x00, 0x00, 0xFF, 0xF8, 0x00, 0x00, 0x00, 0x00, 0x00, 0x07, 0xFF, 0xFE, 0x00, 0x00, 0x00, 
    0x00, 0x00, 0x1F, 0xFF, 0xFF, 0x80, 0x00, 0x00, 0x00, 0x00, 0x3E, 0x77, 0xE3, 0xE0, 0x00, 0x00, 
    0x00, 0x00, 0xF8, 0xF7, 0x70, 0xF0, 0x00, 0x00, 0x00, 0x01, 0xE0, 0xE7, 0x38, 0x38, 0x00, 0x00, 
    0x00, 0x03, 0xC1, 0xC7, 0x1C, 0x1C, 0x00, 0x00, 0x00, 0x07, 0x83, 0x87, 0x0C, 0x0E, 0x00, 0x00, 
    0x00, 0x07, 0xC3, 0x07, 0x0E, 0x1F, 0x00, 0x00, 0x00, 0x0F, 0xF7, 0x07, 0x07, 0xFF, 0x80, 0x00, 
    0x00, 0x1C, 0xFF, 0x87, 0x0F, 0xF9, 0x80, 0x00, 0x00, 0x18, 0x1F, 0xFF, 0xFF, 0xC1, 0xC0, 0x00, 
    0x00, 0x38, 0x0F, 0xFF, 0xFF, 0x80, 0xE0, 0x00, 0x00, 0x30, 0x0C, 0x07, 0x03, 0x80, 0xE0, 0x00, 
    0x00, 0x70, 0x0C, 0x07, 0x01, 0x80, 0x60, 0x00, 0x00, 0x70, 0x1C, 0x07, 0x01, 0x80, 0x70, 0x00, 
    0x00, 0x60, 0x1C, 0x07, 0x01, 0xC0, 0x70, 0x00, 0x00, 0x60, 0x18, 0x07, 0x01, 0xC0, 0x30, 0x00, 
    0x00, 0xE0, 0x18, 0x07, 0x01, 0xC0, 0x30, 0x00, 0x00, 0xE0, 0x18, 0x07, 0x00, 0xC0, 0x30, 0x00, 
    0x00, 0xFF, 0xFF, 0xFF, 0xFF, 0xFF, 0xF8, 0x00, 0x00, 0xFF, 0xFF, 0xFF, 0xFF, 0xFF, 0xF8, 0x00, 
    0x00, 0xFF, 0xFF, 0xFF, 0xFF, 0xFF, 0xF8, 0x00, 0x00, 0xE0, 0x18, 0x07, 0x00, 0xC4, 0x30, 0x00, 
    0x00, 0xE0, 0x18, 0x07, 0x01, 0xCE, 0x30, 0x00, 0x00, 0x60, 0x18, 0x07, 0x01, 0xCF, 0xB0, 0x00, 
    0x00, 0x60, 0x1C, 0x07, 0x01, 0xCF, 0xF0, 0x00, 0x00, 0x60, 0x1C, 0x07, 0x1F, 0xFD, 0xF0, 0x00, 
    0x00, 0x70, 0x1C, 0x07, 0x3F, 0xFC, 0x70, 0x00, 0x00, 0x30, 0x0C, 0x07, 0x38, 0x00, 0x3C, 0x00, 
    0x00, 0x38, 0x0F, 0xFF, 0xF0, 0x00, 0x1E, 0x00, 0x00, 0x18, 0x1F, 0xFF, 0xF8, 0x00, 0x0E, 0x00, 
    0x00, 0x1C, 0xFF, 0x87, 0x30, 0x00, 0x1E, 0x00, 0x00, 0x0F, 0xFF, 0x07, 0x3F, 0xFC, 0x3C, 0x00, 
    0x00, 0x0F, 0xC3, 0x07, 0x3F, 0xFC, 0x78, 0x00, 0x00, 0x07, 0x03, 0x87, 0x1F, 0xFC, 0xE0, 0x00, 
    0x00, 0x03, 0x81, 0x87, 0x1C, 0x0F, 0xC0, 0x00, 0x00, 0x01, 0xC1, 0xC7, 0x18, 0x3F, 0x80, 0x00, 
    0x00, 0x00, 0xF0, 0xE7, 0x38, 0x7F, 0x00, 0x00, 0x00, 0x00, 0x7C, 0x77, 0x71, 0xF4, 0x00, 0x00, 
    0x00, 0x00, 0x1F, 0x3F, 0xE7, 0xC0, 0x00, 0x00, 0x00, 0x00, 0x0F, 0xFF, 0xFF, 0x00, 0x00, 0x00, 
    0x00, 0x00, 0x01, 0xFF, 0xFC, 0x00, 0x00, 0x00, 0x00, 0x00, 0x00, 0x3F, 0xC0, 0x00, 0x00, 0x00, 
    0x00, 0x00, 0x00, 0x00, 0x00, 0x00, 0x00, 0x00, 0x00, 0x00, 0x00, 0x00, 0x00, 0x00, 0x00, 0x00, 
    0x00, 0x00, 0x00, 0x00, 0x00, 0x00, 0x00, 0x00, 0x00, 0x00, 0x00, 0x00, 0x00, 0x00, 0x00, 0x00, 
    0x00, 0x00, 0x00, 0x00, 0x00, 0x00, 0x00, 0x00, 0x00, 0x00, 0x00, 0x00, 0x00, 0x00, 0x00, 0x00, 
    0x00, 0x00, 0x00, 0x00, 0x00, 0x00, 0x00, 0x00, 0x00, 0x00, 0x00, 0x00, 0x00, 0x00, 0x00, 0x00, 
    0x00, 0x00, 0x00, 0x00, 0x00, 0x00, 0x00, 0x00, 0x00, 0x00, 0x00, 0x00, 0x00, 0x00, 0x00, 0x00, 
      },
  {
    0x00, 0x00, 0x00, 0x00, 0x00, 0x00, 0x00, 0x00, 0x00, 0x00, 0x00, 0x00, 0x00, 0x00, 0x00, 0x00, 
    0x00, 0x00, 0x00, 0x00, 0x00, 0x00, 0x00, 0x00, 0x00, 0x00, 0x00, 0x00, 0x00, 0x00, 0x00, 0x00, 
    0x00, 0x00, 0x00, 0x00, 0x00, 0x00, 0x00, 0x00, 0x00, 0x00, 0x00, 0x00, 0x00, 0x00, 0x00, 0x00, 
    0x00, 0x00, 0x00, 0x00, 0x00, 0x00, 0x00, 0x00, 0x00, 0x00, 0x00, 0x00, 0x00, 0x00, 0x00, 0x00, 
    0x00, 0x00, 0x00, 0x00, 0x00, 0x00, 0x00, 0x00, 0x00, 0x00, 0x00, 0x00, 0x00, 0x00, 0x00, 0x00, 
    0x00, 0x00, 0x00, 0xFF, 0xF8, 0x00, 0x00, 0x00, 0x00, 0x00, 0x07, 0xFF, 0xFE, 0x00, 0x00, 0x00, 
    0x00, 0x00, 0x1F, 0xFF, 0xFF, 0x80, 0x00, 0x00, 0x00, 0x00, 0x3E, 0x77, 0xE3, 0xE0, 0x00, 0x00, 
    0x00, 0x00, 0xF8, 0xF7, 0x70, 0xF0, 0x00, 0x00, 0x00, 0x01, 0xE0, 0xE7, 0x38, 0x38, 0x00, 0x00, 
    0x00, 0x03, 0xC1, 0xC7, 0x1C, 0x1C, 0x00, 0x00, 0x00, 0x07, 0x83, 0x87, 0x0C, 0x0E, 0x00, 0x00, 
    0x00, 0x07, 0xC3, 0x07, 0x0E, 0x1F, 0x00, 0x00, 0x00, 0x0F, 0xF7, 0x07, 0x07, 0xFF, 0x80, 0x00, 
    0x00, 0x1C, 0xFF, 0x87, 0x0F, 0xF9, 0x80, 0x00, 0x00, 0x18, 0x1F, 0xFF, 0xFF, 0xC1, 0xC0, 0x00, 
    0x00, 0x38, 0x0F, 0xFF, 0xFF, 0x80, 0xE0, 0x00, 0x00, 0x30, 0x0C, 0x07, 0x03, 0x80, 0xE0, 0x00, 
    0x00, 0x70, 0x0C, 0x07, 0x01, 0x80, 0x60, 0x00, 0x00, 0x70, 0x1C, 0x07, 0x01, 0x80, 0x70, 0x00, 
    0x00, 0x60, 0x1C, 0x07, 0x01, 0xC0, 0x70, 0x00, 0x00, 0x60, 0x18, 0x07, 0x01, 0xC0, 0x30, 0x00, 
    0x00, 0xE0, 0x18, 0x07, 0x01, 0xC0, 0x30, 0x00, 0x00, 0xE0, 0x18, 0x07, 0x00, 0xC0, 0x30, 0x00, 
    0x00, 0xFF, 0xFF, 0xFF, 0xFF, 0xFF, 0xF8, 0x00, 0x00, 0xFF, 0xFF, 0xFF, 0xFF, 0xFF, 0xF8, 0x00, 
    0x00, 0xFF, 0xFF, 0xFF, 0xFF, 0xFF, 0xF8, 0x00, 0x00, 0xE0, 0x18, 0x07, 0x00, 0xC8, 0x30, 0x00, 
    0x00, 0xE0, 0x18, 0x07, 0x01, 0xDC, 0x30, 0x00, 0x00, 0x60, 0x18, 0x07, 0x01, 0xDF, 0x30, 0x00, 
    0x00, 0x60, 0x1C, 0x07, 0x01, 0xDF, 0xB0, 0x00, 0x00, 0x60, 0x1C, 0x07, 0x3F, 0xFB, 0xF0, 0x00, 
    0x00, 0x70, 0x1C, 0x07, 0x7F, 0xF8, 0xF0, 0x00, 0x00, 0x30, 0x0C, 0x07, 0x70, 0x00, 0x78, 0x00, 
    0x00, 0x38, 0x0F, 0xFF, 0xE0, 0x00, 0x3C, 0x00, 0x00, 0x18, 0x1F, 0xFF, 0xF0, 0x00, 0x1C, 0x00, 
    0x00, 0x1C, 0xFF, 0x87, 0x60, 0x00, 0x3C, 0x00, 0x00, 0x0F, 0xFF, 0x07, 0x7F, 0xF8, 0x78, 0x00, 
    0x00, 0x0F, 0xC3, 0x07, 0x7F, 0xF8, 0xF0, 0x00, 0x00, 0x07, 0x03, 0x87, 0x1F, 0xF9, 0xC0, 0x00, 
    0x00, 0x03, 0x81, 0x87, 0x1C, 0x1F, 0x80, 0x00, 0x00, 0x01, 0xC1, 0xC7, 0x18, 0x3F, 0x00, 0x00, 
    0x00, 0x00, 0xF0, 0xE7, 0x38, 0x7E, 0x00, 0x00, 0x00, 0x00, 0x7C, 0x77, 0x71, 0xF8, 0x00, 0x00, 
    0x00, 0x00, 0x1F, 0x3F, 0xE7, 0xC0, 0x00, 0x00, 0x00, 0x00, 0x0F, 0xFF, 0xFF, 0x00, 0x00, 0x00, 
    0x00, 0x00, 0x01, 0xFF, 0xFC, 0x00, 0x00, 0x00, 0x00, 0x00, 0x00, 0x3F, 0xC0, 0x00, 0x00, 0x00, 
    0x00, 0x00, 0x00, 0x00, 0x00, 0x00, 0x00, 0x00, 0x00, 0x00, 0x00, 0x00, 0x00, 0x00, 0x00, 0x00, 
    0x00, 0x00, 0x00, 0x00, 0x00, 0x00, 0x00, 0x00, 0x00, 0x00, 0x00, 0x00, 0x00, 0x00, 0x00, 0x00, 
    0x00, 0x00, 0x00, 0x00, 0x00, 0x00, 0x00, 0x00, 0x00, 0x00, 0x00, 0x00, 0x00, 0x00, 0x00, 0x00, 
    0x00, 0x00, 0x00, 0x00, 0x00, 0x00, 0x00, 0x00, 0x00, 0x00, 0x00, 0x00, 0x00, 0x00, 0x00, 0x00, 
    0x00, 0x00, 0x00, 0x00, 0x00, 0x00, 0x00, 0x00, 0x00, 0x00, 0x00, 0x00, 0x00, 0x00, 0x00, 0x00, 
      },
  {
    0x00, 0x00, 0x00, 0x00, 0x00, 0x00, 0x00, 0x00, 0x00, 0x00, 0x00, 0x00, 0x00, 0x00, 0x00, 0x00, 
    0x00, 0x00, 0x00, 0x00, 0x00, 0x00, 0x00, 0x00, 0x00, 0x00, 0x00, 0x00, 0x00, 0x00, 0x00, 0x00, 
    0x00, 0x00, 0x00, 0x00, 0x00, 0x00, 0x00, 0x00, 0x00, 0x00, 0x00, 0x00, 0x00, 0x00, 0x00, 0x00, 
    0x00, 0x00, 0x00, 0x00, 0x00, 0x00, 0x00, 0x00, 0x00, 0x00, 0x00, 0x00, 0x00, 0x00, 0x00, 0x00, 
    0x00, 0x00, 0x00, 0x00, 0x00, 0x00, 0x00, 0x00, 0x00, 0x00, 0x00, 0x00, 0x00, 0x00, 0x00, 0x00, 
    0x00, 0x00, 0x00, 0xFF, 0xF8, 0x00, 0x00, 0x00, 0x00, 0x00, 0x07, 0xFF, 0xFE, 0x00, 0x00, 0x00, 
    0x00, 0x00, 0x1F, 0xFF, 0xFF, 0x80, 0x00, 0x00, 0x00, 0x00, 0x3E, 0x77, 0xE3, 0xE0, 0x00, 0x00, 
    0x00, 0x00, 0xF8, 0xF7, 0x70, 0xF0, 0x00, 0x00, 0x00, 0x01, 0xE0, 0xE7, 0x38, 0x38, 0x00, 0x00, 
    0x00, 0x03, 0xC1, 0xC7, 0x1C, 0x1C, 0x00, 0x00, 0x00, 0x07, 0x83, 0x87, 0x0C, 0x0E, 0x00, 0x00, 
    0x00, 0x07, 0xC3, 0x07, 0x0E, 0x1F, 0x00, 0x00, 0x00, 0x0F, 0xF7, 0x07, 0x07, 0xFF, 0x80, 0x00, 
    0x00, 0x1C, 0xFF, 0x87, 0x0F, 0xF9, 0x80, 0x00, 0x00, 0x18, 0x1F, 0xFF, 0xFF, 0xC1, 0xC0, 0x00, 
    0x00, 0x38, 0x0F, 0xFF, 0xFF, 0x80, 0xE0, 0x00, 0x00, 0x30, 0x0C, 0x07, 0x03, 0x80, 0xE0, 0x00, 
    0x00, 0x70, 0x0C, 0x07, 0x01, 0x80, 0x60, 0x00, 0x00, 0x70, 0x1C, 0x07, 0x01, 0x80, 0x70, 0x00, 
    0x00, 0x60, 0x1C, 0x07, 0x01, 0xC0, 0x70, 0x00, 0x00, 0x60, 0x18, 0x07, 0x01, 0xC0, 0x30, 0x00, 
    0x00, 0xE0, 0x18, 0x07, 0x01, 0xC0, 0x30, 0x00, 0x00, 0xE0, 0x18, 0x07, 0x00, 0xC0, 0x30, 0x00, 
    0x00, 0xFF, 0xFF, 0xFF, 0xFF, 0xFF, 0xF8, 0x00, 0x00, 0xFF, 0xFF, 0xFF, 0xFF, 0xFF, 0xF8, 0x00, 
    0x00, 0xFF, 0xFF, 0xFF, 0xFF, 0xFF, 0xF8, 0x00, 0x00, 0xE0, 0x18, 0x07, 0x00, 0xF0, 0x30, 0x00, 
    0x00, 0xE0, 0x18, 0x07, 0x01, 0xF8, 0x30, 0x00, 0x00, 0x60, 0x18, 0x07, 0x01, 0xFC, 0x30, 0x00, 
    0x00, 0x60, 0x1C, 0x07, 0x01, 0xFF, 0x30, 0x00, 0x00, 0x60, 0x1C, 0x07, 0x7F, 0xF7, 0xF0, 0x00, 
    0x00, 0x70, 0x1C, 0x07, 0xFF, 0xF3, 0xE0, 0x00, 0x00, 0x30, 0x0C, 0x07, 0xE0, 0x00, 0xF0, 0x00, 
    0x00, 0x38, 0x0F, 0xFF, 0xC0, 0x00, 0x78, 0x00, 0x00, 0x18, 0x1F, 0xFF, 0xC0, 0x00, 0x38, 0x00, 
    0x00, 0x1C, 0xFF, 0x87, 0xC0, 0x00, 0x78, 0x00, 0x00, 0x0F, 0xFF, 0x07, 0xFF, 0xE0, 0xF0, 0x00, 
    0x00, 0x0F, 0xC3, 0x07, 0xFF, 0xF1, 0xC0, 0x00, 0x00, 0x07, 0x03, 0x87, 0x7F, 0xF7, 0x80, 0x00, 
    0x00, 0x03, 0x81, 0x87, 0x1C, 0x3F, 0x00, 0x00, 0x00, 0x01, 0xC1, 0xC7, 0x18, 0x3E, 0x00, 0x00, 
    0x00, 0x00, 0xF0, 0xE7, 0x38, 0x78, 0x00, 0x00, 0x00, 0x00, 0x7C, 0x77, 0x71, 0xF0, 0x00, 0x00, 
    0x00, 0x00, 0x1F, 0x3F, 0xE7, 0xC0, 0x00, 0x00, 0x00, 0x00, 0x0F, 0xFF, 0xFF, 0x00, 0x00, 0x00, 
    0x00, 0x00, 0x01, 0xFF, 0xFC, 0x00, 0x00, 0x00, 0x00, 0x00, 0x00, 0x3F, 0xC0, 0x00, 0x00, 0x00, 
    0x00, 0x00, 0x00, 0x00, 0x00, 0x00, 0x00, 0x00, 0x00, 0x00, 0x00, 0x00, 0x00, 0x00, 0x00, 0x00, 
    0x00, 0x00, 0x00, 0x00, 0x00, 0x00, 0x00, 0x00, 0x00, 0x00, 0x00, 0x00, 0x00, 0x00, 0x00, 0x00, 
    0x00, 0x00, 0x00, 0x00, 0x00, 0x00, 0x00, 0x00, 0x00, 0x00, 0x00, 0x00, 0x00, 0x00, 0x00, 0x00, 
    0x00, 0x00, 0x00, 0x00, 0x00, 0x00, 0x00, 0x00, 0x00, 0x00, 0x00, 0x00, 0x00, 0x00, 0x00, 0x00, 
    0x00, 0x00, 0x00, 0x00, 0x00, 0x00, 0x00, 0x00, 0x00, 0x00, 0x00, 0x00, 0x00, 0x00, 0x00, 0x00, 
      },
  {
    0x00, 0x00, 0x00, 0x00, 0x00, 0x00, 0x00, 0x00, 0x00, 0x00, 0x00, 0x00, 0x00, 0x00, 0x00, 0x00, 
    0x00, 0x00, 0x00, 0x00, 0x00, 0x00, 0x00, 0x00, 0x00, 0x00, 0x00, 0x00, 0x00, 0x00, 0x00, 0x00, 
    0x00, 0x00, 0x00, 0x00, 0x00, 0x00, 0x00, 0x00, 0x00, 0x00, 0x00, 0x00, 0x00, 0x00, 0x00, 0x00, 
    0x00, 0x00, 0x00, 0x00, 0x00, 0x00, 0x00, 0x00, 0x00, 0x00, 0x00, 0x00, 0x00, 0x00, 0x00, 0x00, 
    0x00, 0x00, 0x00, 0x00, 0x00, 0x00, 0x00, 0x00, 0x00, 0x00, 0x00, 0x00, 0x00, 0x00, 0x00, 0x00, 
    0x00, 0x00, 0x00, 0xFF, 0xF8, 0x00, 0x00, 0x00, 0x00, 0x00, 0x07, 0xFF, 0xFE, 0x00, 0x00, 0x00, 
    0x00, 0x00, 0x1F, 0xFF, 0xFF, 0x80, 0x00, 0x00, 0x00, 0x00, 0x3E, 0x77, 0xE3, 0xE0, 0x00, 0x00, 
    0x00, 0x00, 0xF8, 0xF7, 0x70, 0xF0, 0x00, 0x00, 0x00, 0x01, 0xE0, 0xE7, 0x38, 0x38, 0x00, 0x00, 
    0x00, 0x03, 0xC1, 0xC7, 0x1C, 0x1C, 0x00, 0x00, 0x00, 0x07, 0x83, 0x87, 0x0C, 0x0E, 0x00, 0x00, 
    0x00, 0x07, 0xC3, 0x07, 0x0E, 0x1F, 0x00, 0x00, 0x00, 0x0F, 0xF7, 0x07, 0x07, 0xFF, 0x80, 0x00, 
    0x00, 0x1C, 0xFF, 0x87, 0x0F, 0xF9, 0x80, 0x00, 0x00, 0x18, 0x1F, 0xFF, 0xFF, 0xC1, 0xC0, 0x00, 
    0x00, 0x38, 0x0F, 0xFF, 0xFF, 0x80, 0xE0, 0x00, 0x00, 0x30, 0x0C, 0x07, 0x03, 0x80, 0xE0, 0x00, 
    0x00, 0x70, 0x0C, 0x07, 0x01, 0x80, 0x60, 0x00, 0x00, 0x70, 0x1C, 0x07, 0x01, 0x80, 0x70, 0x00, 
    0x00, 0x60, 0x1C, 0x07, 0x01, 0xC0, 0x70, 0x00, 0x00, 0x60, 0x18, 0x07, 0x01, 0xC0, 0x30, 0x00, 
    0x00, 0xE0, 0x18, 0x07, 0x01, 0xC0, 0x30, 0x00, 0x00, 0xE0, 0x18, 0x07, 0x00, 0xC0, 0x30, 0x00, 
    0x00, 0xFF, 0xFF, 0xFF, 0xFF, 0xFF, 0xF8, 0x00, 0x00, 0xFF, 0xFF, 0xFF, 0xFF, 0xFF, 0xF8, 0x00, 
    0x00, 0xFF, 0xFF, 0xFF, 0xFF, 0xFF, 0xF8, 0x00, 0x00, 0xE0, 0x18, 0x07, 0x00, 0xC0, 0x30, 0x00, 
    0x00, 0xE0, 0x18, 0x07, 0x01, 0xF0, 0x30, 0x00, 0x00, 0x60, 0x18, 0x07, 0x01, 0xF8, 0x30, 0x00, 
    0x00, 0x60, 0x1C, 0x07, 0x01, 0xFC, 0x30, 0x00, 0x00, 0x60, 0x1C, 0x07, 0xFF, 0xEF, 0x70, 0x00, 
    0x00, 0x70, 0x1C, 0x07, 0xFF, 0xE7, 0xE0, 0x00, 0x00, 0x30, 0x0C, 0x07, 0x80, 0x03, 0xE0, 0x00, 
    0x00, 0x38, 0x0F, 0xFF, 0x80, 0x00, 0xE0, 0x00, 0x00, 0x18, 0x1F, 0xFF, 0x80, 0x00, 0x70, 0x00, 
    0x00, 0x1C, 0xFF, 0x87, 0x80, 0x00, 0xE0, 0x00, 0x00, 0x0F, 0xFF, 0x07, 0xFF, 0xC3, 0xC0, 0x00, 
    0x00, 0x0F, 0xC3, 0x07, 0xFF, 0xE7, 0x80, 0x00, 0x00, 0x07, 0x03, 0x87, 0xFF, 0xEF, 0x00, 0x00, 
    0x00, 0x03, 0x81, 0x87, 0x1C, 0xFE, 0x00, 0x00, 0x00, 0x01, 0xC1, 0xC7, 0x18, 0xFC, 0x00, 0x00, 
    0x00, 0x00, 0xF0, 0xE7, 0x38, 0xF8, 0x00, 0x00, 0x00, 0x00, 0x7C, 0x77, 0x71, 0xF0, 0x00, 0x00, 
    0x00, 0x00, 0x1F, 0x3F, 0xE7, 0xC0, 0x00, 0x00, 0x00, 0x00, 0x0F, 0xFF, 0xFF, 0x00, 0x00, 0x00, 
    0x00, 0x00, 0x01, 0xFF, 0xFC, 0x00, 0x00, 0x00, 0x00, 0x00, 0x00, 0x3F, 0xC0, 0x00, 0x00, 0x00, 
    0x00, 0x00, 0x00, 0x00, 0x00, 0x00, 0x00, 0x00, 0x00, 0x00, 0x00, 0x00, 0x00, 0x00, 0x00, 0x00, 
    0x00, 0x00, 0x00, 0x00, 0x00, 0x00, 0x00, 0x00, 0x00, 0x00, 0x00, 0x00, 0x00, 0x00, 0x00, 0x00, 
    0x00, 0x00, 0x00, 0x00, 0x00, 0x00, 0x00, 0x00, 0x00, 0x00, 0x00, 0x00, 0x00, 0x00, 0x00, 0x00, 
    0x00, 0x00, 0x00, 0x00, 0x00, 0x00, 0x00, 0x00, 0x00, 0x00, 0x00, 0x00, 0x00, 0x00, 0x00, 0x00, 
    0x00, 0x00, 0x00, 0x00, 0x00, 0x00, 0x00, 0x00, 0x00, 0x00, 0x00, 0x00, 0x00, 0x00, 0x00, 0x00, 
      },
  {
    0x00, 0x00, 0x00, 0x00, 0x00, 0x00, 0x00, 0x00, 0x00, 0x00, 0x00, 0x00, 0x00, 0x00, 0x00, 0x00, 
    0x00, 0x00, 0x00, 0x00, 0x00, 0x00, 0x00, 0x00, 0x00, 0x00, 0x00, 0x00, 0x00, 0x00, 0x00, 0x00, 
    0x00, 0x00, 0x00, 0x00, 0x00, 0x00, 0x00, 0x00, 0x00, 0x00, 0x00, 0x00, 0x00, 0x00, 0x00, 0x00, 
    0x00, 0x00, 0x00, 0x00, 0x00, 0x00, 0x00, 0x00, 0x00, 0x00, 0x00, 0x00, 0x00, 0x00, 0x00, 0x00, 
    0x00, 0x00, 0x00, 0x00, 0x00, 0x00, 0x00, 0x00, 0x00, 0x00, 0x00, 0x00, 0x00, 0x00, 0x00, 0x00, 
    0x00, 0x00, 0x00, 0xFF, 0xF8, 0x00, 0x00, 0x00, 0x00, 0x00, 0x07, 0xFF, 0xFE, 0x00, 0x00, 0x00, 
    0x00, 0x00, 0x1F, 0xFF, 0xFF, 0x80, 0x00, 0x00, 0x00, 0x00, 0x3E, 0x77, 0xE3, 0xE0, 0x00, 0x00, 
    0x00, 0x00, 0xF8, 0xF7, 0x70, 0xF0, 0x00, 0x00, 0x00, 0x01, 0xE0, 0xE7, 0x38, 0x38, 0x00, 0x00, 
    0x00, 0x03, 0xC1, 0xC7, 0x1C, 0x1C, 0x00, 0x00, 0x00, 0x07, 0x83, 0x87, 0x0C, 0x0E, 0x00, 0x00, 
    0x00, 0x07, 0xC3, 0x07, 0x0E, 0x1F, 0x00, 0x00, 0x00, 0x0F, 0xF7, 0x07, 0x07, 0xFF, 0x80, 0x00, 
    0x00, 0x1C, 0xFF, 0x87, 0x0F, 0xF9, 0x80, 0x00, 0x00, 0x18, 0x1F, 0xFF, 0xFF, 0xC1, 0xC0, 0x00, 
    0x00, 0x38, 0x0F, 0xFF, 0xFF, 0x80, 0xE0, 0x00, 0x00, 0x30, 0x0C, 0x07, 0x03, 0x80, 0xE0, 0x00, 
    0x00, 0x70, 0x0C, 0x07, 0x01, 0x80, 0x60, 0x00, 0x00, 0x70, 0x1C, 0x07, 0x01, 0x80, 0x70, 0x00, 
    0x00, 0x60, 0x1C, 0x07, 0x01, 0xC0, 0x70, 0x00, 0x00, 0x60, 0x18, 0x07, 0x01, 0xC0, 0x30, 0x00, 
    0x00, 0xE0, 0x18, 0x07, 0x01, 0xC0, 0x30, 0x00, 0x00, 0xE0, 0x18, 0x07, 0x00, 0xC0, 0x30, 0x00, 
    0x00, 0xFF, 0xFF, 0xFF, 0xFF, 0xFF, 0xF8, 0x00, 0x00, 0xFF, 0xFF, 0xFF, 0xFF, 0xFF, 0xF8, 0x00, 
    0x00, 0xFF, 0xFF, 0xFF, 0xFF, 0xFF, 0xF8, 0x00, 0x00, 0xE0, 0x18, 0x07, 0x01, 0xC0, 0x30, 0x00, 
    0x00, 0xE0, 0x18, 0x07, 0x01, 0xC0, 0x30, 0x00, 0x00, 0x60, 0x18, 0x07, 0x01, 0xF0, 0x30, 0x00, 
    0x00, 0x60, 0x1C, 0x07, 0x01, 0xF8, 0x30, 0x00, 0x00, 0x60, 0x1C, 0x07, 0xFF, 0x9C, 0x70, 0x00, 
    0x00, 0x70, 0x1C, 0x07, 0xFF, 0x8F, 0x60, 0x00, 0x00, 0x30, 0x0C, 0x07, 0x00, 0x07, 0xE0, 0x00, 
    0x00, 0x38, 0x0F, 0xFF, 0x00, 0x03, 0xE0, 0x00, 0x00, 0x18, 0x1F, 0xFF, 0x00, 0x01, 0xC0, 0x00, 
    0x00, 0x1C, 0xFF, 0x87, 0x00, 0x03, 0xC0, 0x00, 0x00, 0x0F, 0xFF, 0x07, 0xFF, 0x87, 0x80, 0x00, 
    0x00, 0x0F, 0xC3, 0x07, 0xFF, 0x8F, 0x00, 0x00, 0x00, 0x07, 0x03, 0x87, 0xFF, 0x9F, 0x00, 0x00, 
    0x00, 0x03, 0x81, 0x87, 0x1D, 0xFE, 0x00, 0x00, 0x00, 0x01, 0xC1, 0xC7, 0x19, 0xFC, 0x00, 0x00, 
    0x00, 0x00, 0xF0, 0xE7, 0x39, 0xF8, 0x00, 0x00, 0x00, 0x00, 0x7C, 0x77, 0x71, 0xF0, 0x00, 0x00, 
    0x00, 0x00, 0x1F, 0x3F, 0xE7, 0xC0, 0x00, 0x00, 0x00, 0x00, 0x0F, 0xFF, 0xFF, 0x00, 0x00, 0x00, 
    0x00, 0x00, 0x01, 0xFF, 0xFC, 0x00, 0x00, 0x00, 0x00, 0x00, 0x00, 0x3F, 0xC0, 0x00, 0x00, 0x00, 
    0x00, 0x00, 0x00, 0x00, 0x00, 0x00, 0x00, 0x00, 0x00, 0x00, 0x00, 0x00, 0x00, 0x00, 0x00, 0x00, 
    0x00, 0x00, 0x00, 0x00, 0x00, 0x00, 0x00, 0x00, 0x00, 0x00, 0x00, 0x00, 0x00, 0x00, 0x00, 0x00, 
    0x00, 0x00, 0x00, 0x00, 0x00, 0x00, 0x00, 0x00, 0x00, 0x00, 0x00, 0x00, 0x00, 0x00, 0x00, 0x00, 
    0x00, 0x00, 0x00, 0x00, 0x00, 0x00, 0x00, 0x00, 0x00, 0x00, 0x00, 0x00, 0x00, 0x00, 0x00, 0x00, 
    0x00, 0x00, 0x00, 0x00, 0x00, 0x00, 0x00, 0x00, 0x00, 0x00, 0x00, 0x00, 0x00, 0x00, 0x00, 0x00, 
      },
  {
    0x00, 0x00, 0x00, 0x00, 0x00, 0x00, 0x00, 0x00, 0x00, 0x00, 0x00, 0x00, 0x00, 0x00, 0x00, 0x00, 
    0x00, 0x00, 0x00, 0x00, 0x00, 0x00, 0x00, 0x00, 0x00, 0x00, 0x00, 0x00, 0x00, 0x00, 0x00, 0x00, 
    0x00, 0x00, 0x00, 0x00, 0x00, 0x00, 0x00, 0x00, 0x00, 0x00, 0x00, 0x00, 0x00, 0x00, 0x00, 0x00, 
    0x00, 0x00, 0x00, 0x00, 0x00, 0x00, 0x00, 0x00, 0x00, 0x00, 0x00, 0x00, 0x00, 0x00, 0x00, 0x00, 
    0x00, 0x00, 0x00, 0x00, 0x00, 0x00, 0x00, 0x00, 0x00, 0x00, 0x00, 0x00, 0x00, 0x00, 0x00, 0x00, 
    0x00, 0x00, 0x00, 0xFF, 0xF8, 0x00, 0x00, 0x00, 0x00, 0x00, 0x07, 0xFF, 0xFE, 0x00, 0x00, 0x00, 
    0x00, 0x00, 0x1F, 0xFF, 0xFF, 0x80, 0x00, 0x00, 0x00, 0x00, 0x3E, 0x77, 0xE3, 0xE0, 0x00, 0x00, 
    0x00, 0x00, 0xF8, 0xF7, 0x70, 0xF0, 0x00, 0x00, 0x00, 0x01, 0xE0, 0xE7, 0x38, 0x38, 0x00, 0x00, 
    0x00, 0x03, 0xC1, 0xC7, 0x1C, 0x1C, 0x00, 0x00, 0x00, 0x07, 0x83, 0x87, 0x0C, 0x0E, 0x00, 0x00, 
    0x00, 0x07, 0xC3, 0x07, 0x0E, 0x1F, 0x00, 0x00, 0x00, 0x0F, 0xF7, 0x07, 0x07, 0xFF, 0x80, 0x00, 
    0x00, 0x1C, 0xFF, 0x87, 0x0F, 0xF9, 0x80, 0x00, 0x00, 0x18, 0x1F, 0xFF, 0xFF, 0xC1, 0xC0, 0x00, 
    0x00, 0x38, 0x0F, 0xFF, 0xFF, 0x80, 0xE0, 0x00, 0x00, 0x30, 0x0C, 0x07, 0x03, 0x80, 0xE0, 0x00, 
    0x00, 0x70, 0x0C, 0x07, 0x01, 0x80, 0x60, 0x00, 0x00, 0x70, 0x1C, 0x07, 0x01, 0x80, 0x70, 0x00, 
    0x00, 0x60, 0x1C, 0x07, 0x01, 0xC0, 0x70, 0x00, 0x00, 0x60, 0x18, 0x07, 0x01, 0xC0, 0x30, 0x00, 
    0x00, 0xE0, 0x18, 0x07, 0x01, 0xC0, 0x30, 0x00, 0x00, 0xE0, 0x18, 0x07, 0x00, 0xC0, 0x30, 0x00, 
    0x00, 0xFF, 0xFF, 0xFF, 0xFF, 0xFF, 0xF8, 0x00, 0x00, 0xFF, 0xFF, 0xFF, 0xFF, 0xFF, 0xF8, 0x00, 
    0x00, 0xFF, 0xFF, 0xFF, 0xFF, 0xFF, 0xF8, 0x00, 0x00, 0xE0, 0x18, 0x07, 0x01, 0xC0, 0x30, 0x00, 
    0x00, 0xE0, 0x18, 0x07, 0x03, 0xC0, 0x30, 0x00, 0x00, 0x60, 0x18, 0x07, 0x03, 0xE0, 0x30, 0x00, 
    0x00, 0x60, 0x1C, 0x07, 0x03, 0xF0, 0x30, 0x00, 0x00, 0x60, 0x1C, 0x07, 0xFF, 0x38, 0x70, 0x00, 
    0x00, 0x70, 0x1C, 0x0F, 0xFF, 0x1E, 0x60, 0x00, 0x00, 0x30, 0x0C, 0x0E, 0x00, 0x0F, 0xE0, 0x00, 
    0x00, 0x38, 0x0F, 0xFE, 0x00, 0x07, 0xE0, 0x00, 0x00, 0x18, 0x1F, 0xFE, 0x00, 0x03, 0xC0, 0x00, 
    0x00, 0x1C, 0xFF, 0x8E, 0x00, 0x07, 0xC0, 0x00, 0x00, 0x0F, 0xFF, 0x0F, 0xFF, 0x0F, 0x80, 0x00, 
    0x00, 0x0F, 0xC3, 0x0F, 0xFF, 0x1F, 0x00, 0x00, 0x00, 0x07, 0x03, 0x87, 0xFF, 0x3F, 0x00, 0x00, 
    0x00, 0x03, 0x81, 0x87, 0x1F, 0xFE, 0x00, 0x00, 0x00, 0x01, 0xC1, 0xC7, 0x1B, 0xFC, 0x00, 0x00, 
    0x00, 0x00, 0xF0, 0xE7, 0x3B, 0xF8, 0x00, 0x00, 0x00, 0x00, 0x7C, 0x77, 0x71, 0xF0, 0x00, 0x00, 
    0x00, 0x00, 0x1F, 0x3F, 0xE7, 0xC0, 0x00, 0x00, 0x00, 0x00, 0x0F, 0xFF, 0xFF, 0x00, 0x00, 0x00, 
    0x00, 0x00, 0x01, 0xFF, 0xFC, 0x00, 0x00, 0x00, 0x00, 0x00, 0x00, 0x3F, 0xC0, 0x00, 0x00, 0x00, 
    0x00, 0x00, 0x00, 0x00, 0x00, 0x00, 0x00, 0x00, 0x00, 0x00, 0x00, 0x00, 0x00, 0x00, 0x00, 0x00, 
    0x00, 0x00, 0x00, 0x00, 0x00, 0x00, 0x00, 0x00, 0x00, 0x00, 0x00, 0x00, 0x00, 0x00, 0x00, 0x00, 
    0x00, 0x00, 0x00, 0x00, 0x00, 0x00, 0x00, 0x00, 0x00, 0x00, 0x00, 0x00, 0x00, 0x00, 0x00, 0x00, 
    0x00, 0x00, 0x00, 0x00, 0x00, 0x00, 0x00, 0x00, 0x00, 0x00, 0x00, 0x00, 0x00, 0x00, 0x00, 0x00, 
    0x00, 0x00, 0x00, 0x00, 0x00, 0x00, 0x00, 0x00, 0x00, 0x00, 0x00, 0x00, 0x00, 0x00, 0x00, 0x00, 
      },
  {
    0x00, 0x00, 0x00, 0x00, 0x00, 0x00, 0x00, 0x00, 0x00, 0x00, 0x00, 0x00, 0x00, 0x00, 0x00, 0x00, 
    0x00, 0x00, 0x00, 0x00, 0x00, 0x00, 0x00, 0x00, 0x00, 0x00, 0x00, 0x00, 0x00, 0x00, 0x00, 0x00, 
    0x00, 0x00, 0x00, 0x00, 0x00, 0x00, 0x00, 0x00, 0x00, 0x00, 0x00, 0x00, 0x00, 0x00, 0x00, 0x00, 
    0x00, 0x00, 0x00, 0x00, 0x00, 0x00, 0x00, 0x00, 0x00, 0x00, 0x00, 0x00, 0x00, 0x00, 0x00, 0x00, 
    0x00, 0x00, 0x00, 0x00, 0x00, 0x00, 0x00, 0x00, 0x00, 0x00, 0x00, 0x00, 0x00, 0x00, 0x00, 0x00, 
    0x00, 0x00, 0x00, 0xFF, 0xF8, 0x00, 0x00, 0x00, 0x00, 0x00, 0x07, 0xFF, 0xFE, 0x00, 0x00, 0x00, 
    0x00, 0x00, 0x1F, 0xFF, 0xFF, 0x80, 0x00, 0x00, 0x00, 0x00, 0x3E, 0x77, 0xE3, 0xE0, 0x00, 0x00, 
    0x00, 0x00, 0xF8, 0xF7, 0x70, 0xF0, 0x00, 0x00, 0x00, 0x01, 0xE0, 0xE7, 0x38, 0x38, 0x00, 0x00, 
    0x00, 0x03, 0xC1, 0xC7, 0x1C, 0x1C, 0x00, 0x00, 0x00, 0x07, 0x83, 0x87, 0x0C, 0x0E, 0x00, 0x00, 
    0x00, 0x07, 0xC3, 0x07, 0x0E, 0x1F, 0x00, 0x00, 0x00, 0x0F, 0xF7, 0x07, 0x07, 0xFF, 0x80, 0x00, 
    0x00, 0x1C, 0xFF, 0x87, 0x0F, 0xF9, 0x80, 0x00, 0x00, 0x18, 0x1F, 0xFF, 0xFF, 0xC1, 0xC0, 0x00, 
    0x00, 0x38, 0x0F, 0xFF, 0xFF, 0x80, 0xE0, 0x00, 0x00, 0x30, 0x0C, 0x07, 0x03, 0x80, 0xE0, 0x00, 
    0x00, 0x70, 0x0C, 0x07, 0x01, 0x80, 0x60, 0x00, 0x00, 0x70, 0x1C, 0x07, 0x01, 0x80, 0x70, 0x00, 
    0x00, 0x60, 0x1C, 0x07, 0x01, 0xC0, 0x70, 0x00, 0x00, 0x60, 0x18, 0x07, 0x01, 0xC0, 0x30, 0x00, 
    0x00, 0xE0, 0x18, 0x07, 0x01, 0xC0, 0x30, 0x00, 0x00, 0xE0, 0x18, 0x07, 0x00, 0xC0, 0x30, 0x00, 
    0x00, 0xFF, 0xFF, 0xFF, 0xFF, 0xFF, 0xF8, 0x00, 0x00, 0xFF, 0xFF, 0xFF, 0xFF, 0xFF, 0xF8, 0x00, 
    0x00, 0xFF, 0xFF, 0xFF, 0xFF, 0xFF, 0xF8, 0x00, 0x00, 0xE0, 0x18, 0x07, 0x03, 0xC0, 0x30, 0x00, 
    0x00, 0xE0, 0x18, 0x07, 0x03, 0xC0, 0x30, 0x00, 0x00, 0x60, 0x18, 0x07, 0x03, 0xC0, 0x30, 0x00, 
    0x00, 0x60, 0x1C, 0x07, 0x03, 0xF0, 0x30, 0x00, 0x00, 0x60, 0x1C, 0x07, 0xFF, 0x78, 0x70, 0x00, 
    0x00, 0x70, 0x1C, 0x0F, 0xFF, 0x3C, 0x60, 0x00, 0x00, 0x30, 0x0C, 0x0E, 0x00, 0x0E, 0x60, 0x00, 
    0x00, 0x38, 0x0F, 0xFC, 0x00, 0x07, 0xE0, 0x00, 0x00, 0x18, 0x1F, 0xFC, 0x00, 0x03, 0xC0, 0x00, 
    0x00, 0x1C, 0xFF, 0x8C, 0x00, 0x07, 0xC0, 0x00, 0x00, 0x0F, 0xFF, 0x0F, 0xFE, 0x0F, 0x80, 0x00, 
    0x00, 0x0F, 0xC3, 0x0F, 0xFF, 0x1F, 0x00, 0x00, 0x00, 0x07, 0x03, 0x87, 0xFF, 0x7F, 0x00, 0x00, 
    0x00, 0x03, 0x81, 0x87, 0x1F, 0xFE, 0x00, 0x00, 0x00, 0x01, 0xC1, 0xC7, 0x1F, 0xFC, 0x00, 0x00, 
    0x00, 0x00, 0xF0, 0xE7, 0x3B, 0xF8, 0x00, 0x00, 0x00, 0x00, 0x7C, 0x77, 0x73, 0xF0, 0x00, 0x00, 
    0x00, 0x00, 0x1F, 0x3F, 0xE7, 0xC0, 0x00, 0x00, 0x00, 0x00, 0x0F, 0xFF, 0xFF, 0x00, 0x00, 0x00, 
    0x00, 0x00, 0x01, 0xFF, 0xFC, 0x00, 0x00, 0x00, 0x00, 0x00, 0x00, 0x3F, 0xC0, 0x00, 0x00, 0x00, 
    0x00, 0x00, 0x00, 0x00, 0x00, 0x00, 0x00, 0x00, 0x00, 0x00, 0x00, 0x00, 0x00, 0x00, 0x00, 0x00, 
    0x00, 0x00, 0x00, 0x00, 0x00, 0x00, 0x00, 0x00, 0x00, 0x00, 0x00, 0x00, 0x00, 0x00, 0x00, 0x00, 
    0x00, 0x00, 0x00, 0x00, 0x00, 0x00, 0x00, 0x00, 0x00, 0x00, 0x00, 0x00, 0x00, 0x00, 0x00, 0x00, 
    0x00, 0x00, 0x00, 0x00, 0x00, 0x00, 0x00, 0x00, 0x00, 0x00, 0x00, 0x00, 0x00, 0x00, 0x00, 0x00, 
    0x00, 0x00, 0x00, 0x00, 0x00, 0x00, 0x00, 0x00, 0x00, 0x00, 0x00, 0x00, 0x00, 0x00, 0x00, 0x00, 
      },
  {
    0x00, 0x00, 0x00, 0x00, 0x00, 0x00, 0x00, 0x00, 0x00, 0x00, 0x00, 0x00, 0x00, 0x00, 0x00, 0x00, 
    0x00, 0x00, 0x00, 0x00, 0x00, 0x00, 0x00, 0x00, 0x00, 0x00, 0x00, 0x00, 0x00, 0x00, 0x00, 0x00, 
    0x00, 0x00, 0x00, 0x00, 0x00, 0x00, 0x00, 0x00, 0x00, 0x00, 0x00, 0x00, 0x00, 0x00, 0x00, 0x00, 
    0x00, 0x00, 0x00, 0x00, 0x00, 0x00, 0x00, 0x00, 0x00, 0x00, 0x00, 0x00, 0x00, 0x00, 0x00, 0x00, 
    0x00, 0x00, 0x00, 0x00, 0x00, 0x00, 0x00, 0x00, 0x00, 0x00, 0x00, 0x00, 0x00, 0x00, 0x00, 0x00, 
    0x00, 0x00, 0x00, 0xFF, 0xF8, 0x00, 0x00, 0x00, 0x00, 0x00, 0x07, 0xFF, 0xFE, 0x00, 0x00, 0x00, 
    0x00, 0x00, 0x1F, 0xFF, 0xFF, 0x80, 0x00, 0x00, 0x00, 0x00, 0x3E, 0x3F, 0x7B, 0xE0, 0x00, 0x00, 
    0x00, 0x00, 0xF8, 0x77, 0x3C, 0xF0, 0x00, 0x00, 0x00, 0x01, 0xE0, 0x67, 0x1E, 0x38, 0x00, 0x00, 
    0x00, 0x03, 0xC0, 0xE7, 0x8F, 0x1C, 0x00, 0x00, 0x00, 0x07, 0x81, 0xC7, 0x87, 0x0E, 0x00, 0x00, 
    0x00, 0x07, 0xC1, 0xC7, 0x83, 0x9F, 0x00, 0x00, 0x00, 0x0F, 0xF9, 0x87, 0x81, 0xFF, 0x80, 0x00, 
    0x00, 0x1C, 0xFF, 0x87, 0x8F, 0xF9, 0x80, 0x00, 0x00, 0x18, 0x1F, 0xFF, 0xFF, 0xE1, 0xC0, 0x00, 
    0x00, 0x38, 0x03, 0xFF, 0xFC, 0xE0, 0xE0, 0x00, 0x00, 0x30, 0x07, 0x07, 0x80, 0x60, 0xE0, 0x00, 
    0x00, 0x70, 0x07, 0x07, 0x80, 0x60, 0x60, 0x00, 0x00, 0x70, 0x06, 0x07, 0x80, 0x70, 0x70, 0x00, 
    0x00, 0x60, 0x06, 0x07, 0x80, 0x70, 0x70, 0x00, 0x00, 0x60, 0x06, 0x07, 0x80, 0x70, 0x30, 0x00, 
    0x00, 0xE0, 0x06, 0x07, 0x80, 0x30, 0x30, 0x00, 0x00, 0xE0, 0x06, 0x07, 0x80, 0x30, 0x30, 0x00, 
    0x00, 0xFF, 0xFF, 0xFF, 0xFF, 0xFF, 0xF8, 0x00, 0x00, 0xFF, 0xFF, 0xFF, 0xFF, 0xFF, 0xF8, 0x00, 
    0x00, 0xFF, 0xFF, 0xFF, 0xFF, 0xFF, 0xF8, 0x00, 0x00, 0xE0, 0x06, 0x07, 0x83, 0x30, 0x30, 0x00, 
    0x00, 0xE0, 0x06, 0x07, 0x83, 0xB0, 0x30, 0x00, 0x00, 0x60, 0x06, 0x07, 0x83, 0xF0, 0x30, 0x00, 
    0x00, 0x60, 0x06, 0x07, 0x83, 0xF0, 0x30, 0x00, 0x00, 0x60, 0x06, 0x07, 0xFF, 0x78, 0x70, 0x00, 
    0x00, 0x70, 0x07, 0x0F, 0xFF, 0x3C, 0x60, 0x00, 0x00, 0x30, 0x07, 0x0E, 0x00, 0x0E, 0x60, 0x00, 
    0x00, 0x38, 0x03, 0xFC, 0x00, 0x07, 0xE0, 0x00, 0x00, 0x38, 0x1F, 0xFC, 0x00, 0x03, 0xC0, 0x00, 
    0x00, 0x1C, 0xFF, 0x8C, 0x00, 0x07, 0xC0, 0x00, 0x00, 0x0F, 0xFB, 0x8F, 0xFE, 0x0F, 0x80, 0x00, 
    0x00, 0x0F, 0xC1, 0x8F, 0xFF, 0x1F, 0x00, 0x00, 0x00, 0x07, 0x01, 0xC7, 0xFF, 0x7F, 0x00, 0x00, 
    0x00, 0x03, 0x80, 0xC7, 0x87, 0xFE, 0x00, 0x00, 0x00, 0x01, 0xC0, 0xE7, 0x8F, 0xFC, 0x00, 0x00, 
    0x00, 0x00, 0xF0, 0x77, 0x1F, 0xF8, 0x00, 0x00, 0x00, 0x00, 0x7C, 0x3F, 0x3B, 0xF0, 0x00, 0x00, 
    0x00, 0x00, 0x1F, 0x3F, 0xFF, 0xC0, 0x00, 0x00, 0x00, 0x00, 0x0F, 0xFF, 0xFF, 0x00, 0x00, 0x00, 
    0x00, 0x00, 0x01, 0xFF, 0xFC, 0x00, 0x00, 0x00, 0x00, 0x00, 0x00, 0x3F, 0xC0, 0x00, 0x00, 0x00, 
    0x00, 0x00, 0x00, 0x00, 0x00, 0x00, 0x00, 0x00, 0x00, 0x00, 0x00, 0x00, 0x00, 0x00, 0x00, 0x00, 
    0x00, 0x00, 0x00, 0x00, 0x00, 0x00, 0x00, 0x00, 0x00, 0x00, 0x00, 0x00, 0x00, 0x00, 0x00, 0x00, 
    0x00, 0x00, 0x00, 0x00, 0x00, 0x00, 0x00, 0x00, 0x00, 0x00, 0x00, 0x00, 0x00, 0x00, 0x00, 0x00, 
    0x00, 0x00, 0x00, 0x00, 0x00, 0x00, 0x00, 0x00, 0x00, 0x00, 0x00, 0x00, 0x00, 0x00, 0x00, 0x00, 
    0x00, 0x00, 0x00, 0x00, 0x00, 0x00, 0x00, 0x00, 0x00, 0x00, 0x00, 0x00, 0x00, 0x00, 0x00, 0x00, 
      },
  {
    0x00, 0x00, 0x00, 0x00, 0x00, 0x00, 0x00, 0x00, 0x00, 0x00, 0x00, 0x00, 0x00, 0x00, 0x00, 0x00, 
    0x00, 0x00, 0x00, 0x00, 0x00, 0x00, 0x00, 0x00, 0x00, 0x00, 0x00, 0x00, 0x00, 0x00, 0x00, 0x00, 
    0x00, 0x00, 0x00, 0x00, 0x00, 0x00, 0x00, 0x00, 0x00, 0x00, 0x00, 0x00, 0x00, 0x00, 0x00, 0x00, 
    0x00, 0x00, 0x00, 0x00, 0x00, 0x00, 0x00, 0x00, 0x00, 0x00, 0x00, 0x00, 0x00, 0x00, 0x00, 0x00, 
    0x00, 0x00, 0x00, 0x00, 0x00, 0x00, 0x00, 0x00, 0x00, 0x00, 0x00, 0x00, 0x00, 0x00, 0x00, 0x00, 
    0x00, 0x00, 0x00, 0xFF, 0xF8, 0x00, 0x00, 0x00, 0x00, 0x00, 0x07, 0xFF, 0xFE, 0x00, 0x00, 0x00, 
    0x00, 0x00, 0x1F, 0xFF, 0xFF, 0x80, 0x00, 0x00, 0x00, 0x00, 0x3F, 0x1F, 0xBF, 0xE0, 0x00, 0x00, 
    0x00, 0x00, 0xF8, 0x3F, 0x8E, 0xF0, 0x00, 0x00, 0x00, 0x01, 0xF0, 0x77, 0x87, 0x38, 0x00, 0x00, 
    0x00, 0x03, 0xC0, 0x77, 0xC3, 0x9C, 0x00, 0x00, 0x00, 0x07, 0x80, 0x67, 0xC1, 0xCE, 0x00, 0x00, 
    0x00, 0x07, 0x80, 0xE7, 0xC0, 0xFF, 0x00, 0x00, 0x00, 0x0F, 0xF0, 0xC7, 0xC0, 0xFF, 0x80, 0x00, 
    0x00, 0x1E, 0xFF, 0xC7, 0xCF, 0xF9, 0x80, 0x00, 0x00, 0x1C, 0x1F, 0xFF, 0xFF, 0xF1, 0xC0, 0x00, 
    0x00, 0x3C, 0x01, 0xFF, 0xFC, 0x38, 0xE0, 0x00, 0x00, 0x3C, 0x01, 0x87, 0xE0, 0x18, 0xE0, 0x00, 
    0x00, 0x78, 0x01, 0x87, 0xE0, 0x18, 0x60, 0x00, 0x00, 0x78, 0x01, 0x87, 0x60, 0x1C, 0x70, 0x00, 
    0x00, 0x78, 0x01, 0x87, 0x60, 0x0C, 0x70, 0x00, 0x00, 0x78, 0x03, 0x87, 0x60, 0x0C, 0x30, 0x00, 
    0x00, 0xF0, 0x03, 0x87, 0x60, 0x0C, 0x30, 0x00, 0x00, 0xF0, 0x03, 0x87, 0x60, 0x0C, 0x30, 0x00, 
    0x00, 0xFF, 0xFF, 0xFF, 0xFF, 0xFF, 0xF8, 0x00, 0x00, 0xFF, 0xFF, 0xFF, 0xFF, 0xFF, 0xF8, 0x00, 
    0x00, 0xFF, 0xFF, 0xFF, 0xFF, 0xFF, 0xF8, 0x00, 0x00, 0xF0, 0x03, 0x87, 0x60, 0x4C, 0x30, 0x00, 
    0x00, 0xF0, 0x03, 0x87, 0x60, 0xFC, 0x30, 0x00, 0x00, 0x70, 0x03, 0x87, 0x60, 0xFC, 0x30, 0x00, 
    0x00, 0x78, 0x03, 0x87, 0x60, 0xFC, 0x30, 0x00, 0x00, 0x78, 0x01, 0x87, 0xFF, 0xEF, 0x70, 0x00, 
    0x00, 0x78, 0x01, 0x87, 0xFF, 0xE7, 0xE0, 0x00, 0x00, 0x38, 0x01, 0x87, 0x80, 0x03, 0xE0, 0x00, 
    0x00, 0x3C, 0x01, 0xFF, 0x80, 0x00, 0xE0, 0x00, 0x00, 0x1C, 0x1F, 0xFF, 0x80, 0x00, 0x70, 0x00, 
    0x00, 0x1E, 0xFF, 0xC7, 0x80, 0x00, 0xE0, 0x00, 0x00, 0x0F, 0xF8, 0xC7, 0xFF, 0xC1, 0xC0, 0x00, 
    0x00, 0x0F, 0xC0, 0xE7, 0xFF, 0xE7, 0x80, 0x00, 0x00, 0x07, 0x80, 0xE7, 0xFF, 0xEF, 0x00, 0x00, 
    0x00, 0x03, 0xC0, 0x67, 0xC3, 0xFE, 0x00, 0x00, 0x00, 0x01, 0xE0, 0x77, 0x87, 0xFC, 0x00, 0x00, 
    0x00, 0x00, 0xF8, 0x37, 0x8F, 0xF8, 0x00, 0x00, 0x00, 0x00, 0x7E, 0x3F, 0x9F, 0xF0, 0x00, 0x00, 
    0x00, 0x00, 0x1F, 0xDF, 0xFF, 0xC0, 0x00, 0x00, 0x00, 0x00, 0x0F, 0xFF, 0xFF, 0x00, 0x00, 0x00, 
    0x00, 0x00, 0x01, 0xFF, 0xFC, 0x00, 0x00, 0x00, 0x00, 0x00, 0x00, 0x3F, 0xC0, 0x00, 0x00, 0x00, 
    0x00, 0x00, 0x00, 0x00, 0x00, 0x00, 0x00, 0x00, 0x00, 0x00, 0x00, 0x00, 0x00, 0x00, 0x00, 0x00, 
    0x00, 0x00, 0x00, 0x00, 0x00, 0x00, 0x00, 0x00, 0x00, 0x00, 0x00, 0x00, 0x00, 0x00, 0x00, 0x00, 
    0x00, 0x00, 0x00, 0x00, 0x00, 0x00, 0x00, 0x00, 0x00, 0x00, 0x00, 0x00, 0x00, 0x00, 0x00, 0x00, 
    0x00, 0x00, 0x00, 0x00, 0x00, 0x00, 0x00, 0x00, 0x00, 0x00, 0x00, 0x00, 0x00, 0x00, 0x00, 0x00, 
    0x00, 0x00, 0x00, 0x00, 0x00, 0x00, 0x00, 0x00, 0x00, 0x00, 0x00, 0x00, 0x00, 0x00, 0x00, 0x00, 
      },
  {
    0x00, 0x00, 0x00, 0x00, 0x00, 0x00, 0x00, 0x00, 0x00, 0x00, 0x00, 0x00, 0x00, 0x00, 0x00, 0x00, 
    0x00, 0x00, 0x00, 0x00, 0x00, 0x00, 0x00, 0x00, 0x00, 0x00, 0x00, 0x00, 0x00, 0x00, 0x00, 0x00, 
    0x00, 0x00, 0x00, 0x00, 0x00, 0x00, 0x00, 0x00, 0x00, 0x00, 0x00, 0x00, 0x00, 0x00, 0x00, 0x00, 
    0x00, 0x00, 0x00, 0x00, 0x00, 0x00, 0x00, 0x00, 0x00, 0x00, 0x00, 0x00, 0x00, 0x00, 0x00, 0x00, 
    0x00, 0x00, 0x00, 0x00, 0x00, 0x00, 0x00, 0x00, 0x00, 0x00, 0x00, 0x00, 0x00, 0x00, 0x00, 0x00, 
    0x00, 0x00, 0x00, 0xFF, 0xF8, 0x00, 0x00, 0x00, 0x00, 0x00, 0x07, 0xFF, 0xFE, 0x00, 0x00, 0x00, 
    0x00, 0x00, 0x1F, 0xFF, 0xFF, 0x80, 0x00, 0x00, 0x00, 0x00, 0x3F, 0x9F, 0x9F, 0xE0, 0x00, 0x00, 
    0x00, 0x00, 0xFE, 0x1F, 0xC7, 0xF0, 0x00, 0x00, 0x00, 0x01, 0xFC, 0x3F, 0xC1, 0xF8, 0x00, 0x00, 
    0x00, 0x03, 0xF8, 0x3F, 0xE0, 0xFC, 0x00, 0x00, 0x00, 0x07, 0xE0, 0x37, 0x60, 0x7E, 0x00, 0x00, 
    0x00, 0x07, 0xE0, 0x77, 0x60, 0x3F, 0x00, 0x00, 0x00, 0x0F, 0xF0, 0x77, 0x60, 0xFF, 0x80, 0x00, 
    0x00, 0x1F, 0xFF, 0xE7, 0x7F, 0xFD, 0x80, 0x00, 0x00, 0x1B, 0x9F, 0xFF, 0xFF, 0xCD, 0xC0, 0x00, 
    0x00, 0x3B, 0x01, 0xFF, 0xFC, 0x0E, 0xE0, 0x00, 0x00, 0x37, 0x00, 0x67, 0x30, 0x06, 0xE0, 0x00, 
    0x00, 0x76, 0x00, 0xE7, 0x30, 0x07, 0x60, 0x00, 0x00, 0x76, 0x00, 0xE7, 0x30, 0x07, 0x70, 0x00, 
    0x00, 0x66, 0x00, 0xE7, 0x38, 0x03, 0x70, 0x00, 0x00, 0x6E, 0x00, 0xC7, 0x38, 0x03, 0x30, 0x00, 
    0x00, 0xEE, 0x00, 0xC7, 0x38, 0x03, 0x30, 0x00, 0x00, 0xEC, 0x00, 0xC7, 0x38, 0x03, 0x30, 0x00, 
    0x00, 0xFF, 0xFF, 0xFF, 0xFF, 0xFF, 0xF8, 0x00, 0x00, 0xFF, 0xFF, 0xFF, 0xFF, 0xFF, 0xF8, 0x00, 
    0x00, 0xFF, 0xFF, 0xFF, 0xFF, 0xFF, 0xF8, 0x00, 0x00, 0xEC, 0x00, 0xC7, 0x38, 0x03, 0xB0, 0x00, 
    0x00, 0xEE, 0x00, 0xC7, 0x38, 0x07, 0x30, 0x00, 0x00, 0x6E, 0x00, 0xC7, 0x38, 0x07, 0xF0, 0x00, 
    0x00, 0x6E, 0x00, 0xE7, 0x38, 0x07, 0xF0, 0x00, 0x00, 0x66, 0x00, 0xE7, 0x3F, 0xFE, 0xF0, 0x00, 
    0x00, 0x76, 0x00, 0xE7, 0x3F, 0xFE, 0x78, 0x00, 0x00, 0x37, 0x00, 0x67, 0x3C, 0x00, 0x1C, 0x00, 
    0x00, 0x3B, 0x01, 0xFF, 0xF8, 0x00, 0x0F, 0x00, 0x00, 0x1B, 0x1F, 0xFF, 0xF8, 0x00, 0x07, 0x00, 
    0x00, 0x1F, 0xFF, 0xE7, 0x78, 0x00, 0x0F, 0x00, 0x00, 0x0F, 0xF8, 0x77, 0x7F, 0xFC, 0x1E, 0x00, 
    0x00, 0x0F, 0xE0, 0x77, 0x7F, 0xFE, 0x38, 0x00, 0x00, 0x07, 0xE0, 0x37, 0x6F, 0xFE, 0xF0, 0x00, 
    0x00, 0x03, 0xF0, 0x37, 0xE0, 0xFF, 0xE0, 0x00, 0x00, 0x01, 0xF8, 0x3F, 0xC1, 0xFF, 0xC0, 0x00, 
    0x00, 0x00, 0xFE, 0x1F, 0xC7, 0xFF, 0x00, 0x00, 0x00, 0x00, 0x7F, 0x1F, 0xCF, 0xF2, 0x00, 0x00, 
    0x00, 0x00, 0x1F, 0xFF, 0xFF, 0xC0, 0x00, 0x00, 0x00, 0x00, 0x0F, 0xFF, 0xFF, 0x00, 0x00, 0x00, 
    0x00, 0x00, 0x01, 0xFF, 0xFC, 0x00, 0x00, 0x00, 0x00, 0x00, 0x00, 0x3F, 0xC0, 0x00, 0x00, 0x00, 
    0x00, 0x00, 0x00, 0x00, 0x00, 0x00, 0x00, 0x00, 0x00, 0x00, 0x00, 0x00, 0x00, 0x00, 0x00, 0x00, 
    0x00, 0x00, 0x00, 0x00, 0x00, 0x00, 0x00, 0x00, 0x00, 0x00, 0x00, 0x00, 0x00, 0x00, 0x00, 0x00, 
    0x00, 0x00, 0x00, 0x00, 0x00, 0x00, 0x00, 0x00, 0x00, 0x00, 0x00, 0x00, 0x00, 0x00, 0x00, 0x00, 
    0x00, 0x00, 0x00, 0x00, 0x00, 0x00, 0x00, 0x00, 0x00, 0x00, 0x00, 0x00, 0x00, 0x00, 0x00, 0x00, 
    0x00, 0x00, 0x00, 0x00, 0x00, 0x00, 0x00, 0x00, 0x00, 0x00, 0x00, 0x00, 0x00, 0x00, 0x00, 0x00, 
      },
  {
    0x00, 0x00, 0x00, 0x00, 0x00, 0x00, 0x00, 0x00, 0x00, 0x00, 0x00, 0x00, 0x00, 0x00, 0x00, 0x00, 
    0x00, 0x00, 0x00, 0x00, 0x00, 0x00, 0x00, 0x00, 0x00, 0x00, 0x00, 0x00, 0x00, 0x00, 0x00, 0x00, 
    0x00, 0x00, 0x00, 0x00, 0x00, 0x00, 0x00, 0x00, 0x00, 0x00, 0x00, 0x00, 0x00, 0x00, 0x00, 0x00, 
    0x00, 0x00, 0x00, 0x00, 0x00, 0x00, 0x00, 0x00, 0x00, 0x00, 0x00, 0x00, 0x00, 0x00, 0x00, 0x00, 
    0x00, 0x00, 0x00, 0x00, 0x00, 0x00, 0x00, 0x00, 0x00, 0x00, 0x00, 0x00, 0x00, 0x00, 0x00, 0x00, 
    0x00, 0x00, 0x00, 0xFF, 0xF8, 0x00, 0x00, 0x00, 0x00, 0x00, 0x07, 0xFF, 0xFE, 0x00, 0x00, 0x00, 
    0x00, 0x00, 0x1F, 0xFF, 0xFF, 0x80, 0x00, 0x00, 0x00, 0x00, 0x3F, 0xEF, 0xCF, 0xE0, 0x00, 0x00, 
    0x00, 0x00, 0xFF, 0x8F, 0xE1, 0xF0, 0x00, 0x00, 0x00, 0x01, 0xEF, 0x1F, 0x60, 0xF8, 0x00, 0x00, 
    0x00, 0x03, 0xDC, 0x1F, 0x70, 0x3C, 0x00, 0x00, 0x00, 0x07, 0xB8, 0x1F, 0x30, 0x1E, 0x00, 0x00, 
    0x00, 0x07, 0xF8, 0x1F, 0x30, 0x1F, 0x00, 0x00, 0x00, 0x0F, 0xF8, 0x1F, 0x38, 0xFF, 0x80, 0x00, 
    0x00, 0x1C, 0xFF, 0xBF, 0x1F, 0xFF, 0x80, 0x00, 0x00, 0x18, 0xFF, 0xFF, 0xFF, 0xC3, 0xC0, 0x00, 
    0x00, 0x38, 0xC1, 0xFF, 0xFC, 0x01, 0xE0, 0x00, 0x00, 0x31, 0xC0, 0x3F, 0x1C, 0x01, 0xE0, 0x00, 
    0x00, 0x71, 0xC0, 0x37, 0x0C, 0x01, 0xE0, 0x00, 0x00, 0x71, 0x80, 0x37, 0x0C, 0x00, 0xF0, 0x00, 
    0x00, 0x61, 0x80, 0x37, 0x0C, 0x00, 0xF0, 0x00, 0x00, 0x61, 0x80, 0x37, 0x0C, 0x00, 0xF0, 0x00, 
    0x00, 0xE3, 0x80, 0x37, 0x0C, 0x00, 0xF0, 0x00, 0x00, 0xE3, 0x80, 0x37, 0x0C, 0x00, 0xF0, 0x00, 
    0x00, 0xFF, 0xFF, 0xFF, 0xFF, 0xFF, 0xF8, 0x00, 0x00, 0xFF, 0xFF, 0xFF, 0xFF, 0xFF, 0xF8, 0x00, 
    0x00, 0xFF, 0xFF, 0xFF, 0xFF, 0xFF, 0xF8, 0x00, 0x00, 0xE3, 0x80, 0x37, 0x0C, 0x00, 0xF8, 0x00, 
    0x00, 0xE3, 0x80, 0x37, 0x0C, 0x00, 0xFC, 0x00, 0x00, 0x61, 0x80, 0x37, 0x0C, 0x00, 0xFE, 0x00, 
    0x00, 0x61, 0x80, 0x37, 0x0C, 0x00, 0xFF, 0x00, 0x00, 0x61, 0x80, 0x37, 0x0C, 0x7F, 0xFB, 0xC0, 
    0x00, 0x71, 0xC0, 0x37, 0x0C, 0x7F, 0xF9, 0xE0, 0x00, 0x31, 0xC0, 0x37, 0x1C, 0xE0, 0x00, 0xF0, 
    0x00, 0x38, 0xC1, 0xFF, 0xFC, 0x60, 0x00, 0x38, 0x00, 0x18, 0xFF, 0xFF, 0xFF, 0xE0, 0x00, 0x1C, 
    0x00, 0x1C, 0xFF, 0xBF, 0x1F, 0xE0, 0x00, 0x38, 0x00, 0x0F, 0xF8, 0x1F, 0x18, 0xFF, 0xF0, 0x70, 
    0x00, 0x0F, 0xF0, 0x1F, 0x38, 0x7F, 0xF9, 0xE0, 0x00, 0x07, 0x38, 0x1F, 0x30, 0x3F, 0xFB, 0xC0, 
    0x00, 0x03, 0x9C, 0x1F, 0x70, 0x3E, 0x3F, 0x80, 0x00, 0x01, 0xCE, 0x1F, 0x60, 0x7C, 0x3E, 0x00, 
    0x00, 0x00, 0xF7, 0x0F, 0xE1, 0xF8, 0x3C, 0x00, 0x00, 0x00, 0x7F, 0xCF, 0xC7, 0xF0, 0x18, 0x00, 
    0x00, 0x00, 0x1F, 0xFF, 0xDF, 0xC0, 0x00, 0x00, 0x00, 0x00, 0x0F, 0xFF, 0xFF, 0x00, 0x00, 0x00, 
    0x00, 0x00, 0x01, 0xFF, 0xFC, 0x00, 0x00, 0x00, 0x00, 0x00, 0x00, 0x3F, 0xC0, 0x00, 0x00, 0x00, 
    0x00, 0x00, 0x00, 0x00, 0x00, 0x00, 0x00, 0x00, 0x00, 0x00, 0x00, 0x00, 0x00, 0x00, 0x00, 0x00, 
    0x00, 0x00, 0x00, 0x00, 0x00, 0x00, 0x00, 0x00, 0x00, 0x00, 0x00, 0x00, 0x00, 0x00, 0x00, 0x00, 
    0x00, 0x00, 0x00, 0x00, 0x00, 0x00, 0x00, 0x00, 0x00, 0x00, 0x00, 0x00, 0x00, 0x00, 0x00, 0x00, 
    0x00, 0x00, 0x00, 0x00, 0x00, 0x00, 0x00, 0x00, 0x00, 0x00, 0x00, 0x00, 0x00, 0x00, 0x00, 0x00, 
    0x00, 0x00, 0x00, 0x00, 0x00, 0x00, 0x00, 0x00, 0x00, 0x00, 0x00, 0x00, 0x00, 0x00, 0x00, 0x00, 
      },
  {
    0x00, 0x00, 0x00, 0x00, 0x00, 0x00, 0x00, 0x00, 0x00, 0x00, 0x00, 0x00, 0x00, 0x00, 0x00, 0x00, 
    0x00, 0x00, 0x00, 0x00, 0x00, 0x00, 0x00, 0x00, 0x00, 0x00, 0x00, 0x00, 0x00, 0x00, 0x00, 0x00, 
    0x00, 0x00, 0x00, 0x00, 0x00, 0x00, 0x00, 0x00, 0x00, 0x00, 0x00, 0x00, 0x00, 0x00, 0x00, 0x00, 
    0x00, 0x00, 0x00, 0x00, 0x00, 0x00, 0x00, 0x00, 0x00, 0x00, 0x00, 0x00, 0x00, 0x00, 0x00, 0x00, 
    0x00, 0x00, 0x00, 0x00, 0x00, 0x00, 0x00, 0x00, 0x00, 0x00, 0x00, 0x00, 0x00, 0x00, 0x00, 0x00, 
    0x00, 0x00, 0x00, 0xFF, 0xF8, 0x00, 0x00, 0x00, 0x00, 0x00, 0x07, 0xFF, 0xFE, 0x00, 0x00, 0x00, 
    0x00, 0x00, 0x1F, 0xFF, 0xFF, 0x80, 0x00, 0x00, 0x00, 0x00, 0x3E, 0xF7, 0xE3, 0xE0, 0x00, 0x00, 
    0x00, 0x00, 0xF9, 0xCF, 0x70, 0xF0, 0x00, 0x00, 0x00, 0x01, 0xE3, 0x8F, 0x70, 0x38, 0x00, 0x00, 
    0x00, 0x03, 0xC7, 0x0F, 0x38, 0x1C, 0x00, 0x00, 0x00, 0x07, 0x8E, 0x0F, 0x18, 0x0E, 0x00, 0x00, 
    0x00, 0x07, 0xCE, 0x0F, 0x1C, 0x1F, 0x00, 0x00, 0x00, 0x0F, 0xFC, 0x0F, 0x0C, 0xFF, 0x80, 0x00, 
    0x00, 0x1C, 0xFF, 0x8F, 0x0F, 0xF9, 0x80, 0x00, 0x00, 0x18, 0x3F, 0xFF, 0xFF, 0xC1, 0xC0, 0x00, 
    0x00, 0x38, 0x31, 0xFF, 0xFE, 0x00, 0xE0, 0x00, 0x00, 0x30, 0x30, 0x1F, 0x06, 0x00, 0xE0, 0x00, 
    0x00, 0x70, 0x70, 0x0F, 0x07, 0x00, 0x60, 0x00, 0x00, 0x70, 0x70, 0x0F, 0x07, 0x00, 0x70, 0x00, 
    0x00, 0x60, 0x60, 0x1F, 0x03, 0x00, 0x70, 0x00, 0x00, 0x60, 0x60, 0x1F, 0x03, 0x00, 0x30, 0x00, 
    0x00, 0xE0, 0x60, 0x1F, 0x03, 0x00, 0x30, 0x00, 0x00, 0xE0, 0x60, 0x0F, 0x03, 0x00, 0x30, 0x00, 
    0x00, 0xFF, 0xFF, 0xFF, 0xFF, 0xFF, 0xF8, 0x00, 0x00, 0xFF, 0xFF, 0xFF, 0xFF, 0xFF, 0xF8, 0x00, 
    0x00, 0xFF, 0xFF, 0xFF, 0xFF, 0xFF, 0xF8, 0x00, 0x00, 0xE0, 0x60, 0x1F, 0x03, 0x00, 0x30, 0x20, 
    0x00, 0xE0, 0x60, 0x1F, 0x03, 0x00, 0x30, 0x70, 0x00, 0x60, 0x60, 0x1F, 0x03, 0x00, 0x30, 0x7C, 
    0x00, 0x60, 0x60, 0x1F, 0x03, 0x00, 0x30, 0x7E, 0x00, 0x60, 0x60, 0x1F, 0x07, 0x00, 0xFF, 0xEF, 
    0x00, 0x70, 0x70, 0x0F, 0x07, 0x01, 0xFF, 0xE3, 0x00, 0x30, 0x30, 0x0F, 0x06, 0x01, 0xC0, 0x01, 
    0x00, 0x38, 0x31, 0xFF, 0xFE, 0x01, 0x80, 0x00, 0x00, 0x18, 0x3F, 0xFF, 0xFF, 0xC1, 0xC0, 0x00, 
    0x00, 0x1C, 0xFF, 0x8F, 0x0F, 0xF9, 0x80, 0x00, 0x00, 0x0F, 0xFC, 0x0F, 0x0C, 0xFF, 0xFF, 0xE1, 
    0x00, 0x0F, 0xCC, 0x0F, 0x1C, 0x1F, 0xFF, 0xE3, 0x00, 0x07, 0x0E, 0x0F, 0x18, 0x07, 0xFF, 0xE7, 
    0x00, 0x03, 0x87, 0x0F, 0x38, 0x0E, 0x00, 0x7E, 0x00, 0x01, 0xC3, 0x8F, 0x30, 0x3C, 0x00, 0x7C, 
    0x00, 0x00, 0xF3, 0xCF, 0x70, 0x78, 0x00, 0x78, 0x00, 0x00, 0x7D, 0xE7, 0xE3, 0xF0, 0x00, 0x20, 
    0x00, 0x00, 0x1F, 0xFF, 0xEF, 0xC0, 0x00, 0x00, 0x00, 0x00, 0x0F, 0xFF, 0xFF, 0x00, 0x00, 0x00, 
    0x00, 0x00, 0x01, 0xFF, 0xFC, 0x00, 0x00, 0x00, 0x00, 0x00, 0x00, 0x3F, 0xC0, 0x00, 0x00, 0x00, 
    0x00, 0x00, 0x00, 0x00, 0x00, 0x00, 0x00, 0x00, 0x00, 0x00, 0x00, 0x00, 0x00, 0x00, 0x00, 0x00, 
    0x00, 0x00, 0x00, 0x00, 0x00, 0x00, 0x00, 0x00, 0x00, 0x00, 0x00, 0x00, 0x00, 0x00, 0x00, 0x00, 
    0x00, 0x00, 0x00, 0x00, 0x00, 0x00, 0x00, 0x00, 0x00, 0x00, 0x00, 0x00, 0x00, 0x00, 0x00, 0x00, 
    0x00, 0x00, 0x00, 0x00, 0x00, 0x00, 0x00, 0x00, 0x00, 0x00, 0x00, 0x00, 0x00, 0x00, 0x00, 0x00, 
    0x00, 0x00, 0x00, 0x00, 0x00, 0x00, 0x00, 0x00, 0x00, 0x00, 0x00, 0x00, 0x00, 0x00, 0x00, 0x00, 
      },
  {
    0x00, 0x00, 0x00, 0x00, 0x00, 0x00, 0x00, 0x00, 0x00, 0x00, 0x00, 0x00, 0x00, 0x00, 0x00, 0x00, 
    0x00, 0x00, 0x00, 0x00, 0x00, 0x00, 0x00, 0x00, 0x00, 0x00, 0x00, 0x00, 0x00, 0x00, 0x00, 0x00, 
    0x00, 0x00, 0x00, 0x00, 0x00, 0x00, 0x00, 0x00, 0x00, 0x00, 0x00, 0x00, 0x00, 0x00, 0x00, 0x00, 
    0x00, 0x00, 0x00, 0x00, 0x00, 0x00, 0x00, 0x00, 0x00, 0x00, 0x00, 0x00, 0x00, 0x00, 0x00, 0x00, 
    0x00, 0x00, 0x00, 0x00, 0x00, 0x00, 0x00, 0x00, 0x00, 0x00, 0x00, 0x00, 0x00, 0x00, 0x00, 0x00, 
    0x00, 0x00, 0x00, 0xFF, 0xF8, 0x00, 0x00, 0x00, 0x00, 0x00, 0x07, 0xFF, 0xFE, 0x00, 0x00, 0x00, 
    0x00, 0x00, 0x1F, 0xFF, 0xFF, 0x80, 0x00, 0x00, 0x00, 0x00, 0x3E, 0x77, 0xE3, 0xE0, 0x00, 0x00, 
    0x00, 0x00, 0xF8, 0xF7, 0x70, 0xF0, 0x00, 0x00, 0x00, 0x01, 0xE0, 0xE7, 0x38, 0x38, 0x00, 0x00, 
    0x00, 0x03, 0xC1, 0xC7, 0x1C, 0x1C, 0x00, 0x00, 0x00, 0x07, 0x83, 0x87, 0x0C, 0x0E, 0x00, 0x00, 
    0x00, 0x07, 0xC3, 0x07, 0x0E, 0x1F, 0x00, 0x00, 0x00, 0x0F, 0xF7, 0x07, 0x07, 0xFF, 0x80, 0x00, 
    0x00, 0x1C, 0xFF, 0x87, 0x0F, 0xF9, 0x80, 0x00, 0x00, 0x18, 0x1F, 0xFF, 0xFF, 0xC1, 0xC0, 0x00, 
    0x00, 0x38, 0x0F, 0xFF, 0xFF, 0x80, 0xE0, 0x00, 0x00, 0x30, 0x0C, 0x07, 0x03, 0x80, 0xE0, 0x00, 
    0x00, 0x70, 0x0C, 0x07, 0x01, 0x80, 0x60, 0x00, 0x00, 0x70, 0x1C, 0x07, 0x01, 0x80, 0x70, 0x00, 
    0x00, 0x60, 0x1C, 0x07, 0x01, 0xC0, 0x70, 0x00, 0x00, 0x60, 0x18, 0x07, 0x01, 0xC0, 0x30, 0x00, 
    0x00, 0xE0, 0x18, 0x07, 0x01, 0xC0, 0x30, 0x00, 0x00, 0xE0, 0x18, 0x07, 0x00, 0xC0, 0x30, 0x00, 
    0x00, 0xFF, 0xFF, 0xFF, 0xFF, 0xFF, 0xF8, 0x00, 0x00, 0xFF, 0xFF, 0xFF, 0xFF, 0xFF, 0xF8, 0x00, 
    0x00, 0xFF, 0xFF, 0xFF, 0xFF, 0xFF, 0xF8, 0x00, 0x00, 0xE0, 0x18, 0x07, 0x00, 0xC0, 0x30, 0x00, 
    0x00, 0xE0, 0x18, 0x07, 0x01, 0xC0, 0x30, 0x00, 0x00, 0x60, 0x18, 0x07, 0x01, 0xC0, 0x30, 0x00, 
    0x00, 0x60, 0x1C, 0x07, 0x01, 0xC0, 0x30, 0x00, 0x00, 0x60, 0x1C, 0x07, 0x01, 0x80, 0x71, 0xFF, 
    0x00, 0x70, 0x1C, 0x07, 0x01, 0x80, 0x63, 0xFF, 0x00, 0x30, 0x0C, 0x07, 0x01, 0x80, 0x63, 0x80, 
    0x00, 0x38, 0x0F, 0xFF, 0xFF, 0x80, 0xE3, 0x80, 0x00, 0x18, 0x1F, 0xFF, 0xFF, 0xC1, 0xC3, 0x80, 
    0x00, 0x1C, 0xFF, 0x87, 0x1F, 0xF9, 0xC3, 0x80, 0x00, 0x0F, 0xFF, 0x07, 0x07, 0xFF, 0x83, 0xFF, 
    0x00, 0x0F, 0xC3, 0x07, 0x06, 0x1F, 0x01, 0xFF, 0x00, 0x07, 0x03, 0x87, 0x0E, 0x07, 0x00, 0xFF, 
    0x00, 0x03, 0x81, 0x87, 0x1C, 0x0E, 0x00, 0x00, 0x00, 0x01, 0xC1, 0xC7, 0x18, 0x3C, 0x00, 0x00, 
    0x00, 0x00, 0xF0, 0xE7, 0x38, 0x78, 0x00, 0x00, 0x00, 0x00, 0x7C, 0x77, 0x71, 0xF0, 0x00, 0x00, 
    0x00, 0x00, 0x1F, 0x3F, 0xE7, 0xC0, 0x00, 0x00, 0x00, 0x00, 0x0F, 0xFF, 0xFF, 0x00, 0x00, 0x00, 
    0x00, 0x00, 0x01, 0xFF, 0xFC, 0x00, 0x00, 0x00, 0x00, 0x00, 0x00, 0x3F, 0xC0, 0x00, 0x00, 0x00, 
    0x00, 0x00, 0x00, 0x00, 0x00, 0x00, 0x00, 0x00, 0x00, 0x00, 0x00, 0x00, 0x00, 0x00, 0x00, 0x00, 
    0x00, 0x00, 0x00, 0x00, 0x00, 0x00, 0x00, 0x00, 0x00, 0x00, 0x00, 0x00, 0x00, 0x00, 0x00, 0x00, 
    0x00, 0x00, 0x00, 0x00, 0x00, 0x00, 0x00, 0x00, 0x00, 0x00, 0x00, 0x00, 0x00, 0x00, 0x00, 0x00, 
    0x00, 0x00, 0x00, 0x00, 0x00, 0x00, 0x00, 0x00, 0x00, 0x00, 0x00, 0x00, 0x00, 0x00, 0x00, 0x00, 
    0x00, 0x00, 0x00, 0x00, 0x00, 0x00, 0x00, 0x00, 0x00, 0x00, 0x00, 0x00, 0x00, 0x00, 0x00, 0x00, 
      },
  {
    0x00, 0x00, 0x00, 0x00, 0x00, 0x00, 0x00, 0x00, 0x00, 0x00, 0x00, 0x00, 0x00, 0x00, 0x00, 0x00, 
    0x00, 0x00, 0x00, 0x00, 0x00, 0x00, 0x00, 0x00, 0x00, 0x00, 0x00, 0x00, 0x00, 0x00, 0x00, 0x00, 
    0x00, 0x00, 0x00, 0x00, 0x00, 0x00, 0x00, 0x00, 0x00, 0x00, 0x00, 0x00, 0x00, 0x00, 0x00, 0x00, 
    0x00, 0x00, 0x00, 0x00, 0x00, 0x00, 0x00, 0x00, 0x00, 0x00, 0x00, 0x00, 0x00, 0x00, 0x00, 0x00, 
    0x00, 0x00, 0x00, 0x00, 0x00, 0x00, 0x00, 0x00, 0x00, 0x00, 0x00, 0x00, 0x00, 0x00, 0x00, 0x00, 
    0x00, 0x00, 0x00, 0xFF, 0xF8, 0x00, 0x00, 0x00, 0x00, 0x00, 0x07, 0xFF, 0xFE, 0x00, 0x00, 0x00, 
    0x00, 0x00, 0x1F, 0xFF, 0xFF, 0x80, 0x00, 0x00, 0x00, 0x00, 0x3E, 0x3F, 0x7B, 0xE0, 0x00, 0x00, 
    0x00, 0x00, 0xF8, 0x77, 0x3C, 0xF0, 0x00, 0x00, 0x00, 0x01, 0xE0, 0xE7, 0x1E, 0x38, 0x00, 0x00, 
    0x00, 0x03, 0xC0, 0xE7, 0x0E, 0x1C, 0x00, 0x00, 0x00, 0x07, 0x81, 0xC7, 0x87, 0x0E, 0x00, 0x00, 
    0x00, 0x07, 0xC1, 0x87, 0x83, 0x9F, 0x00, 0x00, 0x00, 0x0F, 0xFB, 0x87, 0x83, 0xFF, 0x80, 0x00, 
    0x00, 0x1C, 0xFF, 0x87, 0x8F, 0xF9, 0x80, 0x00, 0x00, 0x18, 0x1F, 0xFF, 0xFF, 0xC1, 0xC0, 0x00, 
    0x00, 0x38, 0x07, 0xFF, 0xFC, 0xC0, 0xE0, 0x00, 0x00, 0x30, 0x07, 0x07, 0x80, 0xE0, 0xE0, 0x00, 
    0x00, 0x70, 0x06, 0x07, 0x80, 0x60, 0x60, 0x00, 0x00, 0x70, 0x06, 0x07, 0x80, 0x60, 0x70, 0x00, 
    0x00, 0x60, 0x06, 0x07, 0x80, 0x60, 0x70, 0x00, 0x00, 0x60, 0x0E, 0x07, 0x80, 0x70, 0x30, 0x00, 
    0x00, 0xE0, 0x0E, 0x07, 0x80, 0x70, 0x30, 0x00, 0x00, 0xE0, 0x0E, 0x07, 0x80, 0x70, 0x30, 0x00, 
    0x00, 0xFF, 0xFF, 0xFF, 0xFF, 0xFF, 0xF8, 0x00, 0x00, 0xFF, 0xFF, 0xFF, 0xFF, 0xFF, 0xF8, 0x00, 
    0x00, 0xFF, 0xFF, 0xFF, 0xFF, 0xFF, 0xF8, 0x00, 0x00, 0xE0, 0x0E, 0x07, 0x80, 0x70, 0x30, 0x00, 
    0x00, 0xE0, 0x0E, 0x07, 0x80, 0x70, 0x30, 0x00, 0x00, 0x60, 0x0E, 0x07, 0x80, 0x70, 0x30, 0x00, 
    0x00, 0x60, 0x06, 0x07, 0x80, 0x60, 0x30, 0x00, 0x00, 0x60, 0x06, 0x07, 0x80, 0x60, 0x70, 0x01, 
    0x00, 0x70, 0x06, 0x07, 0x80, 0x60, 0x60, 0x03, 0x00, 0x30, 0x06, 0x07, 0x80, 0xE0, 0x60, 0x03, 
    0x00, 0x38, 0x07, 0xFF, 0xFC, 0xE0, 0xE0, 0x03, 0x00, 0x38, 0x1F, 0xFF, 0xFF, 0xC1, 0xC0, 0x03, 
    0x00, 0x1C, 0xFF, 0x87, 0x9F, 0xF9, 0xC0, 0x03, 0x00, 0x0F, 0xFB, 0x87, 0x81, 0xFF, 0x80, 0x03, 
    0x00, 0x0F, 0xC1, 0x87, 0x83, 0x9F, 0x00, 0x03, 0x00, 0x07, 0x01, 0xC7, 0x87, 0x07, 0x00, 0x01, 
    0x00, 0x03, 0x80, 0xC7, 0x07, 0x0E, 0x00, 0x00, 0x00, 0x01, 0xC0, 0xE7, 0x0E, 0x3C, 0x00, 0x00, 
    0x00, 0x00, 0xF0, 0x77, 0x1C, 0x78, 0x00, 0x00, 0x00, 0x00, 0x7C, 0x37, 0x39, 0xF0, 0x00, 0x00, 
    0x00, 0x00, 0x1F, 0x3F, 0xFF, 0xC0, 0x00, 0x00, 0x00, 0x00, 0x0F, 0xFF, 0xFF, 0x00, 0x00, 0x00, 
    0x00, 0x00, 0x01, 0xFF, 0xFC, 0x00, 0x00, 0x00, 0x00, 0x00, 0x00, 0x3F, 0xC0, 0x00, 0x00, 0x00, 
    0x00, 0x00, 0x00, 0x00, 0x00, 0x00, 0x00, 0x00, 0x00, 0x00, 0x00, 0x00, 0x00, 0x00, 0x00, 0x00, 
    0x00, 0x00, 0x00, 0x00, 0x00, 0x00, 0x00, 0x00, 0x00, 0x00, 0x00, 0x00, 0x00, 0x00, 0x00, 0x00, 
    0x00, 0x00, 0x00, 0x00, 0x00, 0x00, 0x00, 0x00, 0x00, 0x00, 0x00, 0x00, 0x00, 0x00, 0x00, 0x00, 
    0x00, 0x00, 0x00, 0x00, 0x00, 0x00, 0x00, 0x00, 0x00, 0x00, 0x00, 0x00, 0x00, 0x00, 0x00, 0x00, 
    0x00, 0x00, 0x00, 0x00, 0x00, 0x00, 0x00, 0x00, 0x00, 0x00, 0x00, 0x00, 0x00, 0x00, 0x00, 0x00, 
      },
  {
    0x00, 0x00, 0x00, 0x00, 0x00, 0x00, 0x00, 0x00, 0x00, 0x00, 0x00, 0x00, 0x00, 0x00, 0x00, 0x00, 
    0x00, 0x00, 0x00, 0x00, 0x00, 0x00, 0x00, 0x00, 0x00, 0x00, 0x00, 0x00, 0x00, 0x00, 0x00, 0x00, 
    0x00, 0x00, 0x00, 0x00, 0x00, 0x00, 0x00, 0x00, 0x00, 0x00, 0x00, 0x00, 0x00, 0x00, 0x00, 0x00, 
    0x00, 0x00, 0x00, 0x00, 0x00, 0x00, 0x00, 0x00, 0x00, 0x00, 0x00, 0x00, 0x00, 0x00, 0x00, 0x00, 
    0x00, 0x00, 0x00, 0x00, 0x00, 0x00, 0x00, 0x00, 0x00, 0x00, 0x00, 0x00, 0x00, 0x00, 0x00, 0x00, 
    0x00, 0x00, 0x00, 0xFF, 0xF8, 0x00, 0x00, 0x00, 0x00, 0x00, 0x07, 0xFF, 0xFE, 0x00, 0x00, 0x00, 
    0x00, 0x00, 0x1F, 0xDF, 0xFF, 0x80, 0x00, 0x00, 0x00, 0x00, 0x3E, 0x3F, 0xBF, 0xE0, 0x00, 0x00, 
    0x00, 0x00, 0xF8, 0x37, 0x9E, 0xF0, 0x00, 0x00, 0x00, 0x01, 0xE0, 0x77, 0x87, 0x38, 0x00, 0x00, 
    0x00, 0x03, 0xC0, 0x67, 0x83, 0x9C, 0x00, 0x00, 0x00, 0x07, 0x80, 0xE7, 0x81, 0xCE, 0x00, 0x00, 
    0x00, 0x07, 0x80, 0xC7, 0xC1, 0xDF, 0x00, 0x00, 0x00, 0x0F, 0xF0, 0xC7, 0xC0, 0xFF, 0x80, 0x00, 
    0x00, 0x1C, 0xFF, 0xC7, 0xCF, 0xF9, 0x80, 0x00, 0x00, 0x1C, 0x1F, 0xFF, 0xFF, 0xF1, 0xC0, 0x00, 
    0x00, 0x38, 0x03, 0xFF, 0xFC, 0x30, 0xE0, 0x00, 0x00, 0x38, 0x01, 0x87, 0xC0, 0x38, 0xE0, 0x00, 
    0x00, 0x78, 0x03, 0x87, 0xC0, 0x38, 0x60, 0x00, 0x00, 0x70, 0x03, 0x87, 0xC0, 0x18, 0x70, 0x00, 
    0x00, 0x70, 0x03, 0x07, 0xC0, 0x18, 0x70, 0x00, 0x00, 0x70, 0x03, 0x07, 0xC0, 0x18, 0x30, 0x00, 
    0x00, 0xF0, 0x03, 0x07, 0xC0, 0x1C, 0x30, 0x00, 0x00, 0xF0, 0x03, 0x07, 0xC0, 0x1C, 0x30, 0x00, 
    0x00, 0xFF, 0xFF, 0xFF, 0xFF, 0xFF, 0xF8, 0x00, 0x00, 0xFF, 0xFF, 0xFF, 0xFF, 0xFF, 0xF8, 0x00, 
    0x00, 0xFF, 0xFF, 0xFF, 0xFF, 0xFF, 0xF8, 0x00, 0x00, 0xF0, 0x03, 0x07, 0xE0, 0x1C, 0x30, 0x00, 
    0x00, 0xF0, 0x03, 0x07, 0xC0, 0x1C, 0x30, 0x00, 0x00, 0x70, 0x03, 0x07, 0xC0, 0x1C, 0x30, 0x00, 
    0x00, 0x70, 0x03, 0x07, 0xC0, 0x18, 0x30, 0x00, 0x00, 0x70, 0x03, 0x87, 0xC0, 0x18, 0x70, 0x00, 
    0x00, 0x78, 0x03, 0x87, 0xC0, 0x18, 0x60, 0x00, 0x00, 0x38, 0x03, 0x87, 0xC0, 0x38, 0x60, 0x00, 
    0x00, 0x38, 0x03, 0xFF, 0xFC, 0x30, 0xE0, 0x00, 0x00, 0x1C, 0x1F, 0xFF, 0xFF, 0xF1, 0xC0, 0x00, 
    0x00, 0x1C, 0xFF, 0xC7, 0xDF, 0xF1, 0xC0, 0x00, 0x00, 0x0F, 0xF9, 0xC7, 0xC0, 0xFF, 0x80, 0x00, 
    0x00, 0x0F, 0xC0, 0xC7, 0xC0, 0xFF, 0x00, 0x00, 0x00, 0x07, 0x80, 0xE7, 0xC1, 0xC7, 0x00, 0x00, 
    0x00, 0x03, 0xC0, 0x67, 0x83, 0x9E, 0x00, 0x00, 0x00, 0x01, 0xE0, 0x77, 0x87, 0x3C, 0x00, 0x00, 
    0x00, 0x00, 0xF0, 0x37, 0x8E, 0x78, 0x00, 0x00, 0x00, 0x00, 0x7C, 0x3F, 0xBF, 0xF0, 0x00, 0x00, 
    0x00, 0x00, 0x1F, 0x9F, 0xFF, 0xC0, 0x00, 0x00, 0x00, 0x00, 0x0F, 0xFF, 0xFF, 0x00, 0x00, 0x00, 
    0x00, 0x00, 0x01, 0xFF, 0xFC, 0x00, 0x00, 0x00, 0x00, 0x00, 0x00, 0x3F, 0xC0, 0x00, 0x00, 0x00, 
    0x00, 0x00, 0x00, 0x00, 0x00, 0x00, 0x00, 0x00, 0x00, 0x00, 0x00, 0x00, 0x00, 0x00, 0x00, 0x00, 
    0x00, 0x00, 0x00, 0x00, 0x00, 0x00, 0x00, 0x00, 0x00, 0x00, 0x00, 0x00, 0x00, 0x00, 0x00, 0x00, 
    0x00, 0x00, 0x00, 0x00, 0x00, 0x00, 0x00, 0x00, 0x00, 0x00, 0x00, 0x00, 0x00, 0x00, 0x00, 0x00, 
    0x00, 0x00, 0x00, 0x00, 0x00, 0x00, 0x00, 0x00, 0x00, 0x00, 0x00, 0x00, 0x00, 0x00, 0x00, 0x00, 
    0x00, 0x00, 0x00, 0x00, 0x00, 0x00, 0x00, 0x00, 0x00, 0x00, 0x00, 0x00, 0x00, 0x00, 0x00, 0x00, 
      },
  {
    0x00, 0x00, 0x00, 0x00, 0x00, 0x00, 0x00, 0x00, 0x00, 0x00, 0x00, 0x00, 0x00, 0x00, 0x00, 0x00, 
    0x00, 0x00, 0x00, 0x00, 0x00, 0x00, 0x00, 0x00, 0x00, 0x00, 0x00, 0x00, 0x00, 0x00, 0x00, 0x00, 
    0x00, 0x00, 0x00, 0x00, 0x00, 0x00, 0x00, 0x00, 0x00, 0x00, 0x00, 0x00, 0x00, 0x00, 0x00, 0x00, 
    0x00, 0x00, 0x00, 0x00, 0x00, 0x00, 0x00, 0x00, 0x00, 0x00, 0x00, 0x00, 0x00, 0x00, 0x00, 0x00, 
    0x00, 0x00, 0x00, 0x00, 0x00, 0x00, 0x00, 0x00, 0x00, 0x00, 0x00, 0x00, 0x00, 0x00, 0x00, 0x00, 
    0x00, 0x00, 0x00, 0xFF, 0xF8, 0x00, 0x00, 0x00, 0x00, 0x00, 0x07, 0xFF, 0xFE, 0x00, 0x00, 0x00, 
    0x00, 0x00, 0x1F, 0xFF, 0xFF, 0x80, 0x00, 0x00, 0x00, 0x00, 0x3F, 0x9F, 0x9F, 0xE0, 0x00, 0x00, 
    0x00, 0x00, 0xFE, 0x3F, 0xCF, 0xF0, 0x00, 0x00, 0x00, 0x01, 0xF8, 0x3F, 0xC3, 0xF8, 0x00, 0x00, 
    0x00, 0x03, 0xF0, 0x37, 0xC1, 0xFC, 0x00, 0x00, 0x00, 0x07, 0xE0, 0x77, 0xC0, 0xEE, 0x00, 0x00, 
    0x00, 0x07, 0xC0, 0x67, 0xE0, 0x7F, 0x00, 0x00, 0x00, 0x0F, 0xF0, 0x67, 0x60, 0xFF, 0x80, 0x00, 
    0x00, 0x1F, 0xFF, 0xE7, 0x6F, 0xF9, 0x80, 0x00, 0x00, 0x1F, 0x1F, 0xFF, 0xFF, 0xDD, 0xC0, 0x00, 
    0x00, 0x3E, 0x01, 0xFF, 0xFC, 0x0C, 0xE0, 0x00, 0x00, 0x3E, 0x00, 0xC7, 0x70, 0x0C, 0xE0, 0x00, 
    0x00, 0x7C, 0x00, 0xC7, 0x70, 0x0E, 0x60, 0x00, 0x00, 0x7C, 0x00, 0xC7, 0x70, 0x06, 0x70, 0x00, 
    0x00, 0x7C, 0x01, 0xC7, 0x70, 0x06, 0x70, 0x00, 0x00, 0x7C, 0x01, 0xC7, 0x70, 0x06, 0x30, 0x00, 
    0x00, 0xFC, 0x01, 0xC7, 0x30, 0x06, 0x30, 0x00, 0x00, 0xFC, 0x01, 0xC7, 0x30, 0x07, 0x30, 0x00, 
    0x00, 0xFF, 0xFF, 0xFF, 0xFF, 0xFF, 0xF8, 0x00, 0x00, 0xFF, 0xFF, 0xFF, 0xFF, 0xFF, 0xF8, 0x00, 
    0x00, 0xFF, 0xFF, 0xFF, 0xFF, 0xFF, 0xF8, 0x00, 0x00, 0xFC, 0x01, 0xC7, 0x30, 0x07, 0x30, 0x00, 
    0x00, 0xFC, 0x01, 0xC7, 0x30, 0x07, 0x30, 0x00, 0x00, 0x7C, 0x01, 0xC7, 0x70, 0x06, 0x30, 0x00, 
    0x00, 0x7C, 0x01, 0xC7, 0x70, 0x06, 0x30, 0x00, 0x00, 0x7C, 0x00, 0xC7, 0x70, 0x06, 0x70, 0x00, 
    0x00, 0x7C, 0x00, 0xC7, 0x70, 0x0E, 0x60, 0x00, 0x00, 0x3E, 0x00, 0xC7, 0x70, 0x0E, 0x60, 0x00, 
    0x00, 0x3E, 0x01, 0xFF, 0xFC, 0x0C, 0xE0, 0x00, 0x00, 0x1F, 0x1F, 0xFF, 0xFF, 0xDD, 0xC0, 0x00, 
    0x00, 0x1F, 0xFF, 0xE7, 0x7F, 0xF9, 0xC0, 0x00, 0x00, 0x0F, 0xF8, 0x67, 0x60, 0xFF, 0x80, 0x00, 
    0x00, 0x0F, 0xC0, 0x67, 0xE0, 0x7F, 0x00, 0x00, 0x00, 0x07, 0xC0, 0x77, 0xE0, 0x67, 0x00, 0x00, 
    0x00, 0x03, 0xE0, 0x37, 0xC0, 0xEE, 0x00, 0x00, 0x00, 0x01, 0xF8, 0x37, 0xC3, 0xFC, 0x00, 0x00, 
    0x00, 0x00, 0xFC, 0x3F, 0xC7, 0xF8, 0x00, 0x00, 0x00, 0x00, 0x7F, 0x1F, 0x9F, 0xF0, 0x00, 0x00, 
    0x00, 0x00, 0x1F, 0xDF, 0xFF, 0xC0, 0x00, 0x00, 0x00, 0x00, 0x0F, 0xFF, 0xFF, 0x00, 0x00, 0x00, 
    0x00, 0x00, 0x01, 0xFF, 0xFC, 0x00, 0x00, 0x00, 0x00, 0x00, 0x00, 0x3F, 0xC0, 0x00, 0x00, 0x00, 
    0x00, 0x00, 0x00, 0x00, 0x00, 0x00, 0x00, 0x00, 0x00, 0x00, 0x00, 0x00, 0x00, 0x00, 0x00, 0x00, 
    0x00, 0x00, 0x00, 0x00, 0x00, 0x00, 0x00, 0x00, 0x00, 0x00, 0x00, 0x00, 0x00, 0x00, 0x00, 0x00, 
    0x00, 0x00, 0x00, 0x00, 0x00, 0x00, 0x00, 0x00, 0x00, 0x00, 0x00, 0x00, 0x00, 0x00, 0x00, 0x00, 
    0x00, 0x00, 0x00, 0x00, 0x00, 0x00, 0x00, 0x00, 0x00, 0x00, 0x00, 0x00, 0x00, 0x00, 0x00, 0x00, 
    0x00, 0x00, 0x00, 0x00, 0x00, 0x00, 0x00, 0x00, 0x00, 0x00, 0x00, 0x00, 0x00, 0x00, 0x00, 0x00, 
      },
  {
    0x00, 0x00, 0x00, 0x00, 0x00, 0x00, 0x00, 0x00, 0x00, 0x00, 0x00, 0x00, 0x00, 0x00, 0x00, 0x00, 
    0x00, 0x00, 0x00, 0x00, 0x00, 0x00, 0x00, 0x00, 0x00, 0x00, 0x00, 0x00, 0x00, 0x00, 0x00, 0x00, 
    0x00, 0x00, 0x00, 0x00, 0x00, 0x00, 0x00, 0x00, 0x00, 0x00, 0x00, 0x00, 0x00, 0x00, 0x00, 0x00, 
    0x00, 0x00, 0x00, 0x00, 0x00, 0x00, 0x00, 0x00, 0x00, 0x00, 0x00, 0x00, 0x00, 0x00, 0x00, 0x00, 
    0x00, 0x00, 0x00, 0x00, 0x00, 0x00, 0x00, 0x00, 0x00, 0x00, 0x00, 0x00, 0x00, 0x00, 0x00, 0x00, 
    0x00, 0x00, 0x00, 0xFF, 0xF8, 0x00, 0x00, 0x00, 0x00, 0x00, 0x07, 0xFF, 0xFE, 0x00, 0x00, 0x00, 
    0x00, 0x00, 0x1F, 0xFF, 0xFF, 0x80, 0x00, 0x00, 0x00, 0x00, 0x3F, 0xCF, 0xCF, 0xE0, 0x00, 0x00, 
    0x00, 0x00, 0xFF, 0x1F, 0xC3, 0xF0, 0x00, 0x00, 0x00, 0x01, 0xFE, 0x1F, 0xE1, 0xF8, 0x00, 0x00, 
    0x00, 0x03, 0xF8, 0x1F, 0x60, 0x7C, 0x00, 0x00, 0x00, 0x07, 0xF0, 0x3F, 0x60, 0x3E, 0x00, 0x00, 
    0x00, 0x07, 0xE0, 0x37, 0x70, 0x1F, 0x00, 0x00, 0x00, 0x0F, 0xF8, 0x37, 0x30, 0xFF, 0x80, 0x00, 
    0x00, 0x1D, 0xFF, 0x77, 0x3F, 0xFF, 0x80, 0x00, 0x00, 0x19, 0xDF, 0xFF, 0xFF, 0xC7, 0xC0, 0x00, 
    0x00, 0x39, 0x81, 0xFF, 0xFC, 0x07, 0xE0, 0x00, 0x00, 0x33, 0x80, 0x77, 0x38, 0x03, 0xE0, 0x00, 
    0x00, 0x73, 0x00, 0x67, 0x18, 0x03, 0xE0, 0x00, 0x00, 0x73, 0x00, 0x67, 0x18, 0x03, 0xF0, 0x00, 
    0x00, 0x67, 0x00, 0x67, 0x18, 0x01, 0xF0, 0x00, 0x00, 0x67, 0x00, 0x67, 0x18, 0x01, 0xB0, 0x00, 
    0x00, 0xE7, 0x00, 0x67, 0x18, 0x01, 0xB0, 0x00, 0x00, 0xE6, 0x00, 0x67, 0x18, 0x01, 0xB0, 0x00, 
    0x00, 0xFF, 0xFF, 0xFF, 0xFF, 0xFF, 0xF8, 0x00, 0x00, 0xFF, 0xFF, 0xFF, 0xFF, 0xFF, 0xF8, 0x00, 
    0x00, 0xFF, 0xFF, 0xFF, 0xFF, 0xFF, 0xF8, 0x00, 0x00, 0xE6, 0x00, 0x67, 0x18, 0x01, 0xB0, 0x00, 
    0x00, 0xE7, 0x00, 0x67, 0x18, 0x01, 0xB0, 0x00, 0x00, 0x67, 0x00, 0x67, 0x18, 0x01, 0xB0, 0x00, 
    0x00, 0x67, 0x00, 0x67, 0x18, 0x01, 0xB0, 0x00, 0x00, 0x63, 0x00, 0x67, 0x18, 0x01, 0xF0, 0x00, 
    0x00, 0x73, 0x00, 0x67, 0x18, 0x03, 0xE0, 0x00, 0x00, 0x33, 0x80, 0x77, 0x18, 0x03, 0xE0, 0x00, 
    0x00, 0x3B, 0x81, 0xFF, 0xFC, 0x03, 0xE0, 0x00, 0x00, 0x19, 0x9F, 0xFF, 0xFF, 0xC7, 0xC0, 0x00, 
    0x00, 0x1D, 0xFF, 0xF7, 0x3F, 0xFF, 0xC0, 0x00, 0x00, 0x0F, 0xF8, 0x37, 0x30, 0xFF, 0x80, 0x00, 
    0x00, 0x0F, 0xE0, 0x37, 0x70, 0x1F, 0x00, 0x00, 0x00, 0x07, 0x70, 0x3F, 0x70, 0x3F, 0x00, 0x00, 
    0x00, 0x03, 0xB8, 0x3F, 0x60, 0x7E, 0x00, 0x00, 0x00, 0x01, 0xFC, 0x1F, 0xE0, 0xFC, 0x00, 0x00, 
    0x00, 0x00, 0xFE, 0x1F, 0xC1, 0xF8, 0x00, 0x00, 0x00, 0x00, 0x7F, 0x9F, 0xC7, 0xF0, 0x00, 0x00, 
    0x00, 0x00, 0x1F, 0xEF, 0xFF, 0xC0, 0x00, 0x00, 0x00, 0x00, 0x0F, 0xFF, 0xFF, 0x00, 0x00, 0x00, 
    0x00, 0x00, 0x01, 0xFF, 0xFC, 0x00, 0x00, 0x00, 0x00, 0x00, 0x00, 0x3F, 0xC0, 0x00, 0x00, 0x00, 
    0x00, 0x00, 0x00, 0x00, 0x00, 0x00, 0x00, 0x00, 0x00, 0x00, 0x00, 0x00, 0x00, 0x00, 0x00, 0x00, 
    0x00, 0x00, 0x00, 0x00, 0x00, 0x00, 0x00, 0x00, 0x00, 0x00, 0x00, 0x00, 0x00, 0x00, 0x00, 0x00, 
    0x00, 0x00, 0x00, 0x00, 0x00, 0x00, 0x00, 0x00, 0x00, 0x00, 0x00, 0x00, 0x00, 0x00, 0x00, 0x00, 
    0x00, 0x00, 0x00, 0x00, 0x00, 0x00, 0x00, 0x00, 0x00, 0x00, 0x00, 0x00, 0x00, 0x00, 0x00, 0x00, 
    0x00, 0x00, 0x00, 0x00, 0x00, 0x00, 0x00, 0x00, 0x00, 0x00, 0x00, 0x00, 0x00, 0x00, 0x00, 0x00, 
      },
  {
    0x00, 0x00, 0x00, 0x00, 0x00, 0x00, 0x00, 0x00, 0x00, 0x00, 0x00, 0x00, 0x00, 0x00, 0x00, 0x00, 
    0x00, 0x00, 0x00, 0x00, 0x00, 0x00, 0x00, 0x00, 0x00, 0x00, 0x00, 0x00, 0x00, 0x00, 0x00, 0x00, 
    0x00, 0x00, 0x00, 0x00, 0x00, 0x00, 0x00, 0x00, 0x00, 0x00, 0x00, 0x00, 0x00, 0x00, 0x00, 0x00, 
    0x00, 0x00, 0x00, 0x00, 0x00, 0x00, 0x00, 0x00, 0x00, 0x00, 0x00, 0x00, 0x00, 0x00, 0x00, 0x00, 
    0x00, 0x00, 0x00, 0x00, 0x00, 0x00, 0x00, 0x00, 0x00, 0x00, 0x00, 0x00, 0x00, 0x00, 0x00, 0x00, 
    0x00, 0x00, 0x00, 0xFF, 0xF8, 0x00, 0x00, 0x00, 0x00, 0x00, 0x07, 0xFF, 0xFE, 0x00, 0x00, 0x00, 
    0x00, 0x00, 0x1F, 0xFF, 0xFF, 0x80, 0x00, 0x00, 0x00, 0x00, 0x3F, 0xEF, 0xC7, 0xE0, 0x00, 0x00, 
    0x00, 0x00, 0xF3, 0x8F, 0xE1, 0xF0, 0x00, 0x00, 0x00, 0x01, 0xE7, 0x0F, 0x70, 0x78, 0x00, 0x00, 
    0x00, 0x03, 0xCE, 0x1F, 0x70, 0x3C, 0x00, 0x00, 0x00, 0x07, 0x9C, 0x1F, 0x30, 0x0E, 0x00, 0x00, 
    0x00, 0x07, 0xB8, 0x1F, 0x38, 0x0F, 0x00, 0x00, 0x00, 0x0F, 0xF8, 0x1F, 0x18, 0xFF, 0x80, 0x00, 
    0x00, 0x1C, 0xFF, 0x9F, 0x1F, 0xFB, 0x80, 0x00, 0x00, 0x18, 0x7F, 0xFF, 0xFF, 0xC1, 0xC0, 0x00, 
    0x00, 0x38, 0xE1, 0xFF, 0xFC, 0x01, 0xE0, 0x00, 0x00, 0x30, 0xE0, 0x3F, 0x0C, 0x00, 0xE0, 0x00, 
    0x00, 0x70, 0xC0, 0x3F, 0x0C, 0x00, 0xE0, 0x00, 0x00, 0x70, 0xC0, 0x3F, 0x0E, 0x00, 0xF0, 0x00, 
    0x00, 0x61, 0xC0, 0x3F, 0x0E, 0x00, 0x70, 0x00, 0x00, 0x61, 0xC0, 0x3F, 0x0E, 0x00, 0x70, 0x00, 
    0x00, 0xE1, 0xC0, 0x3F, 0x0E, 0x00, 0x70, 0x00, 0x00, 0xE1, 0x80, 0x3F, 0x06, 0x00, 0x70, 0x00, 
    0x00, 0xFF, 0xFF, 0xFF, 0xFF, 0xFF, 0xF8, 0x00, 0x00, 0xFF, 0xFF, 0xFF, 0xFF, 0xFF, 0xF8, 0x00, 
    0x00, 0xFF, 0xFF, 0xFF, 0xFF, 0xFF, 0xF8, 0x00, 0x00, 0xE1, 0x80, 0x3F, 0x06, 0x00, 0x70, 0x00, 
    0x00, 0xE1, 0x80, 0x3F, 0x0E, 0x00, 0x70, 0x00, 0x00, 0x61, 0xC0, 0x3F, 0x0E, 0x00, 0x70, 0x00, 
    0x00, 0x61, 0xC0, 0x3F, 0x0E, 0x00, 0x70, 0x00, 0x00, 0x60, 0xC0, 0x3F, 0x0E, 0x00, 0xF0, 0x00, 
    0x00, 0x70, 0xC0, 0x3F, 0x0C, 0x00, 0xE0, 0x00, 0x00, 0x30, 0xC0, 0x3F, 0x0C, 0x00, 0xE0, 0x00, 
    0x00, 0x38, 0xE1, 0xFF, 0xFC, 0x01, 0xE0, 0x00, 0x00, 0x18, 0x7F, 0xFF, 0xFF, 0xC1, 0xC0, 0x00, 
    0x00, 0x1C, 0xFF, 0x9F, 0x1F, 0xFB, 0xC0, 0x00, 0x00, 0x0F, 0xF8, 0x1F, 0x18, 0xFF, 0x80, 0x00, 
    0x00, 0x0F, 0xF8, 0x1F, 0x38, 0x1F, 0x00, 0x00, 0x00, 0x07, 0x1C, 0x1F, 0x38, 0x0F, 0x00, 0x00, 
    0x00, 0x03, 0x9E, 0x1F, 0x30, 0x1E, 0x00, 0x00, 0x00, 0x01, 0xCF, 0x0F, 0x70, 0x3C, 0x00, 0x00, 
    0x00, 0x00, 0xF7, 0x8F, 0x60, 0xF8, 0x00, 0x00, 0x00, 0x00, 0x7F, 0xCF, 0xE3, 0xF0, 0x00, 0x00, 
    0x00, 0x00, 0x1F, 0xFF, 0xDF, 0xC0, 0x00, 0x00, 0x00, 0x00, 0x0F, 0xFF, 0xFF, 0x00, 0x00, 0x00, 
    0x00, 0x00, 0x01, 0xFF, 0xFC, 0x00, 0x00, 0x00, 0x00, 0x00, 0x00, 0x3F, 0xC0, 0x00, 0x00, 0x00, 
    0x00, 0x00, 0x00, 0x00, 0x00, 0x00, 0x00, 0x00, 0x00, 0x00, 0x00, 0x00, 0x00, 0x00, 0x00, 0x00, 
    0x00, 0x00, 0x00, 0x00, 0x00, 0x00, 0x00, 0x00, 0x00, 0x00, 0x00, 0x00, 0x00, 0x00, 0x00, 0x00, 
    0x00, 0x00, 0x00, 0x00, 0x00, 0x00, 0x00, 0x00, 0x00, 0x00, 0x00, 0x00, 0x00, 0x00, 0x00, 0x00, 
    0x00, 0x00, 0x00, 0x00, 0x00, 0x00, 0x00, 0x00, 0x00, 0x00, 0x00, 0x00, 0x00, 0x00, 0x00, 0x00, 
    0x00, 0x00, 0x00, 0x00, 0x00, 0x00, 0x00, 0x00, 0x00, 0x00, 0x00, 0x00, 0x00, 0x00, 0x00, 0x00, 
      },
  {
    0x00, 0x00, 0x00, 0x00, 0x00, 0x00, 0x00, 0x00, 0x00, 0x00, 0x00, 0x00, 0x00, 0x00, 0x00, 0x00, 
    0x00, 0x00, 0x00, 0x00, 0x00, 0x00, 0x00, 0x00, 0x00, 0x00, 0x00, 0x00, 0x00, 0x00, 0x00, 0x00, 
    0x00, 0x00, 0x00, 0x00, 0x00, 0x00, 0x00, 0x00, 0x00, 0x00, 0x00, 0x00, 0x00, 0x00, 0x00, 0x00, 
    0x00, 0x00, 0x00, 0x00, 0x00, 0x00, 0x00, 0x00, 0x00, 0x00, 0x00, 0x00, 0x00, 0x00, 0x00, 0x00, 
    0x00, 0x00, 0x00, 0x00, 0x00, 0x00, 0x00, 0x00, 0x00, 0x00, 0x00, 0x00, 0x00, 0x00, 0x00, 0x00, 
    0x00, 0x00, 0x00, 0xFF, 0xF8, 0x00, 0x00, 0x00, 0x00, 0x00, 0x07, 0xFF, 0xFE, 0x00, 0x00, 0x00, 
    0x00, 0x00, 0x1F, 0xFF, 0xFF, 0x80, 0x00, 0x00, 0x00, 0x00, 0x3E, 0xF7, 0xE3, 0xE0, 0x00, 0x00, 
    0x00, 0x00, 0xF9, 0xC7, 0x70, 0xF0, 0x00, 0x00, 0x00, 0x01, 0xE3, 0x8F, 0x70, 0x38, 0x00, 0x00, 
    0x00, 0x03, 0xC7, 0x0F, 0x38, 0x1C, 0x00, 0x00, 0x00, 0x07, 0x87, 0x0F, 0x18, 0x0E, 0x00, 0x00, 
    0x00, 0x07, 0xCE, 0x0F, 0x1C, 0x1F, 0x00, 0x00, 0x00, 0x0F, 0xFC, 0x0F, 0x0C, 0xFF, 0x80, 0x00, 
    0x00, 0x1C, 0xFF, 0x8F, 0x0F, 0xF9, 0x80, 0x00, 0x00, 0x18, 0x3F, 0xFF, 0xFF, 0xC1, 0xC0, 0x00, 
    0x00, 0x38, 0x39, 0xFF, 0xFE, 0x00, 0xE0, 0x00, 0x00, 0x30, 0x30, 0x0F, 0x07, 0x00, 0xE0, 0x00, 
    0x00, 0x70, 0x30, 0x0F, 0x07, 0x00, 0x60, 0x00, 0x00, 0x70, 0x70, 0x0F, 0x03, 0x00, 0x70, 0x00, 
    0x00, 0x60, 0x70, 0x0F, 0x03, 0x00, 0x70, 0x00, 0x00, 0x60, 0x70, 0x0F, 0x03, 0x00, 0x30, 0x00, 
    0x00, 0xE0, 0x60, 0x0F, 0x03, 0x00, 0x30, 0x00, 0x00, 0xE0, 0x60, 0x0F, 0x03, 0x00, 0x30, 0x00, 
    0x00, 0xFF, 0xFF, 0xFF, 0xFF, 0xFF, 0xF8, 0x00, 0x00, 0xFF, 0xFF, 0xFF, 0xFF, 0xFF, 0xF8, 0x00, 
    0x00, 0xFF, 0xFF, 0xFF, 0xFF, 0xFF, 0xF8, 0x00, 0x00, 0xE0, 0x60, 0x0F, 0x03, 0x00, 0x30, 0x00, 
    0x00, 0xE0, 0x60, 0x0F, 0x03, 0x00, 0x30, 0x00, 0x00, 0x60, 0x60, 0x0F, 0x03, 0x00, 0x30, 0x00, 
    0x00, 0x60, 0x70, 0x0F, 0x03, 0x00, 0x30, 0x00, 0x00, 0x60, 0x70, 0x0F, 0x03, 0x00, 0x70, 0x00, 
    0x00, 0x70, 0x30, 0x0F, 0x07, 0x00, 0x60, 0x00, 0x00, 0x30, 0x30, 0x0F, 0x07, 0x00, 0x60, 0x00, 
    0x00, 0x38, 0x39, 0xFF, 0xFE, 0x00, 0xE0, 0x00, 0x00, 0x18, 0x3F, 0xFF, 0xFF, 0xC1, 0xC0, 0x00, 
    0x00, 0x1C, 0xFF, 0x8F, 0x0F, 0xF9, 0xC0, 0x00, 0x00, 0x0F, 0xFC, 0x0F, 0x0E, 0xFF, 0x80, 0x00, 
    0x00, 0x0F, 0xCE, 0x0F, 0x1C, 0x1F, 0x00, 0x00, 0x00, 0x07, 0x0E, 0x0F, 0x1C, 0x07, 0x00, 0x00, 
    0x00, 0x03, 0x87, 0x0F, 0x38, 0x0E, 0x00, 0x00, 0x00, 0x01, 0xC3, 0x8F, 0x38, 0x3C, 0x00, 0x00, 
    0x00, 0x00, 0xF1, 0xCF, 0x70, 0x78, 0x00, 0x00, 0x00, 0x00, 0x7C, 0xE7, 0xE1, 0xF0, 0x00, 0x00, 
    0x00, 0x00, 0x1F, 0xFF, 0xC7, 0xC0, 0x00, 0x00, 0x00, 0x00, 0x0F, 0xFF, 0xFF, 0x00, 0x00, 0x00, 
    0x00, 0x00, 0x01, 0xFF, 0xFC, 0x00, 0x00, 0x00, 0x00, 0x00, 0x00, 0x3F, 0xC0, 0x00, 0x00, 0x00, 
    0x00, 0x00, 0x00, 0x00, 0x00, 0x00, 0x00, 0x00, 0x00, 0x00, 0x00, 0x00, 0x00, 0x00, 0x00, 0x00, 
    0x00, 0x00, 0x00, 0x00, 0x00, 0x00, 0x00, 0x00, 0x00, 0x00, 0x00, 0x00, 0x00, 0x00, 0x00, 0x00, 
    0x00, 0x00, 0x00, 0x00, 0x00, 0x00, 0x00, 0x00, 0x00, 0x00, 0x00, 0x00, 0x00, 0x00, 0x00, 0x00, 
    0x00, 0x00, 0x00, 0x00, 0x00, 0x00, 0x00, 0x00, 0x00, 0x00, 0x00, 0x00, 0x00, 0x00, 0x00, 0x00, 
    0x00, 0x00, 0x00, 0x00, 0x00, 0x00, 0x00, 0x00, 0x00, 0x00, 0x00, 0x00, 0x00, 0x00, 0x00, 0x00, 
      },
  {
    0x00, 0x00, 0x00, 0x00, 0x00, 0x00, 0x00, 0x00, 0x00, 0x00, 0x00, 0x00, 0x00, 0x00, 0x00, 0x00, 
    0x00, 0x00, 0x00, 0x00, 0x00, 0x00, 0x00, 0x00, 0x00, 0x00, 0x00, 0x00, 0x00, 0x00, 0x00, 0x00, 
    0x00, 0x00, 0x00, 0x00, 0x00, 0x00, 0x00, 0x00, 0x00, 0x00, 0x00, 0x00, 0x00, 0x00, 0x00, 0x00, 
    0x00, 0x00, 0x00, 0x00, 0x00, 0x00, 0x00, 0x00, 0x00, 0x00, 0x00, 0x00, 0x00, 0x00, 0x00, 0x00, 
    0x00, 0x00, 0x00, 0x00, 0x00, 0x00, 0x00, 0x00, 0x00, 0x00, 0x00, 0x00, 0x00, 0x00, 0x00, 0x00, 
    0x00, 0x00, 0x00, 0xFF, 0xF8, 0x00, 0x00, 0x00, 0x00, 0x00, 0x07, 0xFF, 0xFE, 0x00, 0x00, 0x00, 
    0x00, 0x00, 0x1F, 0xFF, 0xFF, 0x80, 0x00, 0x00, 0x00, 0x00, 0x3E, 0x77, 0xE3, 0xE0, 0x00, 0x00, 
    0x00, 0x00, 0xF8, 0xF7, 0x70, 0xF0, 0x00, 0x00, 0x00, 0x01, 0xE0, 0xE7, 0x38, 0x38, 0x00, 0x00, 
    0x00, 0x03, 0xC1, 0xC7, 0x1C, 0x1C, 0x00, 0x00, 0x00, 0x07, 0x83, 0x87, 0x0C, 0x0E, 0x00, 0x00, 
    0x00, 0x07, 0xC3, 0x07, 0x0E, 0x1F, 0x00, 0x00, 0x00, 0x0F, 0xF7, 0x07, 0x07, 0xFF, 0x80, 0x00, 
    0x00, 0x1C, 0xFF, 0x87, 0x0F, 0xF9, 0x80, 0x00, 0x00, 0x18, 0x1F, 0xFF, 0xFF, 0xC1, 0xC0, 0x00, 
    0x00, 0x38, 0x0F, 0xFF, 0xFF, 0x80, 0xE0, 0x00, 0x00, 0x30, 0x0C, 0x07, 0x03, 0x80, 0xE0, 0x00, 
    0x00, 0x70, 0x0C, 0x07, 0x01, 0x80, 0x60, 0x00, 0x00, 0x70, 0x1C, 0x07, 0x01, 0x80, 0x70, 0x00, 
    0x00, 0x60, 0x1C, 0x07, 0x01, 0xC0, 0x70, 0x00, 0x00, 0x60, 0x18, 0x07, 0x01, 0xC0, 0x30, 0x00, 
    0x00, 0xE0, 0x18, 0x07, 0x01, 0xC0, 0x30, 0x00, 0x00, 0xE0, 0x18, 0x07, 0x00, 0xC0, 0x30, 0x00, 
    0x00, 0xFF, 0xFF, 0xFF, 0xFF, 0xFF, 0xF8, 0x00, 0x00, 0xFF, 0xFF, 0xFF, 0xFF, 0xFF, 0xF8, 0x00, 
    0x00, 0xFF, 0xFF, 0xFF, 0xFF, 0xFF, 0xF8, 0x00, 0x00, 0xE0, 0x18, 0x07, 0x00, 0xC0, 0x30, 0x00, 
    0x00, 0xE0, 0x18, 0x07, 0x01, 0xC0, 0x30, 0x00, 0x00, 0x60, 0x18, 0x07, 0x01, 0xC0, 0x30, 0x00, 
    0x00, 0x60, 0x1C, 0x07, 0x01, 0xC0, 0x30, 0x00, 0x00, 0x60, 0x1C, 0x07, 0x01, 0x80, 0x70, 0x00, 
    0x00, 0x70, 0x1C, 0x07, 0x01, 0x80, 0x60, 0x00, 0x00, 0x30, 0x0C, 0x07, 0x01, 0x80, 0x60, 0x00, 
    0x00, 0x38, 0x0F, 0xFF, 0xFF, 0x80, 0xE0, 0x00, 0x00, 0x18, 0x1F, 0xFF, 0xFF, 0xC1, 0xC0, 0x00, 
    0x00, 0x1C, 0xFF, 0x87, 0x1F, 0xF9, 0xC0, 0x00, 0x00, 0x0F, 0xFF, 0x07, 0x07, 0xFF, 0x80, 0x00, 
    0x00, 0x0F, 0xC3, 0x07, 0x06, 0x1F, 0x00, 0x00, 0x00, 0x07, 0x03, 0x87, 0x0E, 0x07, 0x00, 0x00, 
    0x00, 0x03, 0x81, 0x87, 0x1C, 0x0E, 0x00, 0x00, 0x00, 0x01, 0xC1, 0xC7, 0x18, 0x3C, 0x00, 0x00, 
    0x00, 0x00, 0xF0, 0xE7, 0x38, 0x78, 0x00, 0x00, 0x00, 0x00, 0x7C, 0x77, 0x71, 0xF0, 0x00, 0x00, 
    0x00, 0x00, 0x1F, 0x3F, 0xE7, 0xC0, 0x00, 0x00, 0x00, 0x00, 0x0F, 0xFF, 0xFF, 0x00, 0x00, 0x00, 
    0x00, 0x00, 0x01, 0xFF, 0xFC, 0x00, 0x00, 0x00, 0x00, 0x00, 0x00, 0x3F, 0xC0, 0x00, 0x00, 0x00, 
    0x00, 0x00, 0x00, 0x00, 0x00, 0x00, 0x00, 0x00, 0x00, 0x00, 0x00, 0x00, 0x00, 0x00, 0x00, 0x00, 
    0x00, 0x00, 0x00, 0x00, 0x00, 0x00, 0x00, 0x00, 0x00, 0x00, 0x00, 0x00, 0x00, 0x00, 0x00, 0x00, 
    0x00, 0x00, 0x00, 0x00, 0x00, 0x00, 0x00, 0x00, 0x00, 0x00, 0x00, 0x00, 0x00, 0x00, 0x00, 0x00, 
    0x00, 0x00, 0x00, 0x00, 0x00, 0x00, 0x00, 0x00, 0x00, 0x00, 0x00, 0x00, 0x00, 0x00, 0x00, 0x00, 
    0x00, 0x00, 0x00, 0x00, 0x00, 0x00, 0x00, 0x00, 0x00, 0x00, 0x00, 0x00, 0x00, 0x00, 0x00, 0x00, 
      },
  {
    0x00, 0x00, 0x00, 0x00, 0x00, 0x00, 0x00, 0x00, 0x00, 0x00, 0x00, 0x00, 0x00, 0x00, 0x00, 0x00, 
    0x00, 0x00, 0x00, 0x00, 0x00, 0x00, 0x00, 0x00, 0x00, 0x00, 0x00, 0x00, 0x00, 0x00, 0x00, 0x00, 
    0x00, 0x00, 0x00, 0x00, 0x00, 0x00, 0x00, 0x00, 0x00, 0x00, 0x00, 0x00, 0x00, 0x00, 0x00, 0x00, 
    0x00, 0x00, 0x00, 0x00, 0x00, 0x00, 0x00, 0x00, 0x00, 0x00, 0x00, 0x00, 0x00, 0x00, 0x00, 0x00, 
    0x00, 0x00, 0x00, 0x00, 0x00, 0x00, 0x00, 0x00, 0x00, 0x00, 0x00, 0x00, 0x00, 0x00, 0x00, 0x00, 
    0x00, 0x00, 0x00, 0xFF, 0xF8, 0x00, 0x00, 0x00, 0x00, 0x00, 0x07, 0xFF, 0xFE, 0x00, 0x00, 0x00, 
    0x00, 0x00, 0x1F, 0xFF, 0xFF, 0x80, 0x00, 0x00, 0x00, 0x00, 0x3E, 0x3F, 0x7B, 0xE0, 0x00, 0x00, 
    0x00, 0x00, 0xF8, 0x77, 0x3C, 0xF0, 0x00, 0x00, 0x00, 0x01, 0xE0, 0xE7, 0x1C, 0x38, 0x00, 0x00, 
    0x00, 0x03, 0xC0, 0xE7, 0x0E, 0x1C, 0x00, 0x00, 0x00, 0x07, 0x81, 0xC7, 0x87, 0x0E, 0x00, 0x00, 
    0x00, 0x07, 0xC1, 0x87, 0x83, 0x9F, 0x00, 0x00, 0x00, 0x0F, 0xFB, 0x87, 0x83, 0xFF, 0x80, 0x00, 
    0x00, 0x1C, 0xFF, 0x87, 0x8F, 0xF9, 0x80, 0x00, 0x00, 0x18, 0x1F, 0xFF, 0xFF, 0xC1, 0xC0, 0x00, 
    0x00, 0x38, 0x07, 0xFF, 0xFC, 0xC0, 0xE0, 0x00, 0x00, 0x30, 0x07, 0x07, 0x80, 0xE0, 0xE0, 0x00, 
    0x00, 0x70, 0x06, 0x07, 0x80, 0x60, 0x60, 0x00, 0x00, 0x70, 0x06, 0x07, 0x80, 0x60, 0x70, 0x00, 
    0x00, 0x60, 0x06, 0x07, 0x80, 0x60, 0x70, 0x00, 0x00, 0x60, 0x0E, 0x07, 0x80, 0x70, 0x30, 0x00, 
    0x00, 0xE0, 0x0E, 0x07, 0x80, 0x70, 0x30, 0x00, 0x00, 0xE0, 0x0E, 0x07, 0x80, 0x70, 0x30, 0x00, 
    0x00, 0xFF, 0xFF, 0xFF, 0xFF, 0xFF, 0xF8, 0x00, 0x00, 0xFF, 0xFF, 0xFF, 0xFF, 0xFF, 0xF8, 0x00, 
    0x00, 0xFF, 0xFF, 0xFF, 0xFF, 0xFF, 0xF8, 0x00, 0x00, 0xE0, 0x0E, 0x07, 0x80, 0x70, 0x30, 0x00, 
    0x00, 0xE0, 0x0E, 0x07, 0x80, 0x70, 0x30, 0x00, 0x00, 0x60, 0x0E, 0x07, 0x80, 0x70, 0x30, 0x00, 
    0x00, 0x60, 0x06, 0x07, 0x80, 0x60, 0x30, 0x00, 0x00, 0x60, 0x06, 0x07, 0x80, 0x60, 0x70, 0x00, 
    0x00, 0x70, 0x06, 0x07, 0x80, 0x60, 0x60, 0x00, 0x00, 0x30, 0x06, 0x07, 0x80, 0xE0, 0x60, 0x00, 
    0x00, 0x38, 0x07, 0xFF, 0xFC, 0xC0, 0xE0, 0x00, 0x00, 0x38, 0x1F, 0xFF, 0xFF, 0xC1, 0xC0, 0x00, 
    0x00, 0x1C, 0xFF, 0x87, 0x9F, 0xF9, 0xC0, 0x00, 0x00, 0x0F, 0xFB, 0x87, 0x81, 0xFF, 0x80, 0x00, 
    0x00, 0x0F, 0xC1, 0x87, 0x83, 0x9F, 0x00, 0x00, 0x00, 0x07, 0x01, 0xC7, 0x87, 0x07, 0x00, 0x00, 
    0x00, 0x03, 0x80, 0xC7, 0x07, 0x0E, 0x00, 0x00, 0x00, 0x01, 0xC0, 0xE7, 0x0E, 0x3C, 0x00, 0x00, 
    0x00, 0x00, 0xF0, 0x77, 0x1C, 0x78, 0x00, 0x00, 0x00, 0x00, 0x7C, 0x37, 0x39, 0xF0, 0x00, 0x00, 
    0x00, 0x00, 0x1F, 0x3F, 0xFF, 0xC0, 0x00, 0x00, 0x00, 0x00, 0x0F, 0xFF, 0xFF, 0x00, 0x00, 0x00, 
    0x00, 0x00, 0x01, 0xFF, 0xFC, 0x00, 0x00, 0x00, 0x00, 0x00, 0x00, 0x3F, 0xC0, 0x00, 0x00, 0x00, 
    0x00, 0x00, 0x00, 0x00, 0x00, 0x00, 0x00, 0x00, 0x00, 0x00, 0x00, 0x00, 0x00, 0x00, 0x00, 0x00, 
    0x00, 0x00, 0x00, 0x00, 0x00, 0x00, 0x00, 0x00, 0x00, 0x00, 0x00, 0x00, 0x00, 0x00, 0x00, 0x00, 
    0x00, 0x00, 0x00, 0x00, 0x00, 0x00, 0x00, 0x00, 0x00, 0x00, 0x00, 0x00, 0x00, 0x00, 0x00, 0x00, 
    0x00, 0x00, 0x00, 0x00, 0x00, 0x00, 0x00, 0x00, 0x00, 0x00, 0x00, 0x00, 0x00, 0x00, 0x00, 0x00, 
    0x00, 0x00, 0x00, 0x00, 0x00, 0x00, 0x00, 0x00, 0x00, 0x00, 0x00, 0x00, 0x00, 0x00, 0x00, 0x00, 
      },
  {
    0x00, 0x00, 0x00, 0x00, 0x00, 0x00, 0x00, 0x00, 0x00, 0x00, 0x00, 0x00, 0x00, 0x00, 0x00, 0x00, 
    0x00, 0x00, 0x00, 0x00, 0x00, 0x00, 0x00, 0x00, 0x00, 0x00, 0x00, 0x00, 0x00, 0x00, 0x00, 0x00, 
    0x00, 0x00, 0x00, 0x00, 0x00, 0x00, 0x00, 0x00, 0x00, 0x00, 0x00, 0x00, 0x00, 0x00, 0x00, 0x00, 
    0x00, 0x00, 0x00, 0x00, 0x00, 0x00, 0x00, 0x00, 0x00, 0x00, 0x00, 0x00, 0x00, 0x00, 0x00, 0x00, 
    0x00, 0x00, 0x00, 0x00, 0x00, 0x00, 0x00, 0x00, 0x00, 0x00, 0x00, 0x00, 0x00, 0x00, 0x00, 0x00, 
    0x00, 0x00, 0x00, 0xFF, 0xF8, 0x00, 0x00, 0x00, 0x00, 0x00, 0x07, 0xFF, 0xFE, 0x00, 0x00, 0x00, 
    0x00, 0x00, 0x1F, 0xDF, 0xFF, 0x80, 0x00, 0x00, 0x00, 0x00, 0x3E, 0x3F, 0xBF, 0xE0, 0x00, 0x00, 
    0x00, 0x00, 0xF8, 0x37, 0x9E, 0xF0, 0x00, 0x00, 0x00, 0x01, 0xE0, 0x77, 0x87, 0x38, 0x00, 0x00, 
    0x00, 0x03, 0xC0, 0x67, 0x83, 0x9C, 0x00, 0x00, 0x00, 0x07, 0x80, 0xE7, 0xC1, 0xCE, 0x00, 0x00, 
    0x00, 0x07, 0x80, 0xC7, 0xC1, 0xDF, 0x00, 0x00, 0x00, 0x0F, 0xF0, 0xC7, 0xC0, 0xFF, 0x80, 0x00, 
    0x00, 0x1C, 0xFF, 0xC7, 0xCF, 0xF9, 0x80, 0x00, 0x00, 0x1C, 0x1F, 0xFF, 0xFF, 0xF1, 0xC0, 0x00, 
    0x00, 0x38, 0x03, 0xFF, 0xFC, 0x30, 0xE0, 0x00, 0x00, 0x38, 0x01, 0x87, 0xC0, 0x38, 0xE0, 0x00, 
    0x00, 0x78, 0x03, 0x87, 0xC0, 0x38, 0x60, 0x00, 0x00, 0x70, 0x03, 0x87, 0xC0, 0x18, 0x70, 0x00, 
    0x00, 0x70, 0x03, 0x07, 0xC0, 0x18, 0x70, 0x00, 0x00, 0x70, 0x03, 0x07, 0xC0, 0x18, 0x30, 0x00, 
    0x00, 0xF0, 0x03, 0x07, 0xE0, 0x1C, 0x30, 0x00, 0x00, 0xF0, 0x03, 0x07, 0xC0, 0x1C, 0x30, 0x00, 
    0x00, 0xFF, 0xFF, 0xFF, 0xFF, 0xFF, 0xF8, 0x00, 0x00, 0xFF, 0xFF, 0xFF, 0xFF, 0xFF, 0xF8, 0x00, 
    0x00, 0xFF, 0xFF, 0xFF, 0xFF, 0xFF, 0xF8, 0x00, 0x00, 0xF0, 0x03, 0x07, 0xC0, 0x1C, 0x30, 0x00, 
    0x00, 0xF0, 0x03, 0x07, 0xE0, 0x1C, 0x30, 0x00, 0x00, 0x70, 0x03, 0x07, 0xC0, 0x18, 0x30, 0x00, 
    0x00, 0x70, 0x03, 0x07, 0xC0, 0x18, 0x30, 0x00, 0x00, 0x70, 0x03, 0x87, 0xC0, 0x18, 0x70, 0x00, 
    0x00, 0x78, 0x03, 0x87, 0xC0, 0x38, 0x60, 0x00, 0x00, 0x38, 0x03, 0x87, 0xC0, 0x38, 0x60, 0x00, 
    0x00, 0x38, 0x03, 0xFF, 0xFC, 0x30, 0xE0, 0x00, 0x00, 0x1C, 0x1F, 0xFF, 0xFF, 0xF1, 0xC0, 0x00, 
    0x00, 0x1C, 0xFF, 0xC7, 0xDF, 0xF9, 0xC0, 0x00, 0x00, 0x0F, 0xF9, 0xC7, 0xC0, 0xFF, 0x80, 0x00, 
    0x00, 0x0F, 0xC0, 0xC7, 0xC0, 0xFF, 0x00, 0x00, 0x00, 0x07, 0x80, 0xE7, 0xC1, 0xC7, 0x00, 0x00, 
    0x00, 0x03, 0xC0, 0x67, 0x83, 0x9E, 0x00, 0x00, 0x00, 0x01, 0xE0, 0x77, 0x87, 0x3C, 0x00, 0x00, 
    0x00, 0x00, 0xF0, 0x37, 0x8E, 0x78, 0x00, 0x00, 0x00, 0x00, 0x7C, 0x3F, 0xBD, 0xF0, 0x00, 0x00, 
    0x00, 0x00, 0x1F, 0x9F, 0xFF, 0xC0, 0x00, 0x00, 0x00, 0x00, 0x0F, 0xFF, 0xFF, 0x00, 0x00, 0x00, 
    0x00, 0x00, 0x01, 0xFF, 0xFC, 0x00, 0x00, 0x00, 0x00, 0x00, 0x00, 0x3F, 0xC0, 0x00, 0x00, 0x00, 
    0x00, 0x00, 0x00, 0x00, 0x00, 0x00, 0x00, 0x00, 0x00, 0x00, 0x00, 0x00, 0x00, 0x00, 0x00, 0x00, 
    0x00, 0x00, 0x00, 0x00, 0x00, 0x00, 0x00, 0x00, 0x00, 0x00, 0x00, 0x00, 0x00, 0x00, 0x00, 0x00, 
    0x00, 0x00, 0x00, 0x00, 0x00, 0x00, 0x00, 0x00, 0x00, 0x00, 0x00, 0x00, 0x00, 0x00, 0x00, 0x00, 
    0x00, 0x00, 0x00, 0x00, 0x00, 0x00, 0x00, 0x00, 0x00, 0x00, 0x00, 0x00, 0x00, 0x00, 0x00, 0x00, 
    0x00, 0x00, 0x00, 0x00, 0x00, 0x00, 0x00, 0x00, 0x00, 0x00, 0x00, 0x00, 0x00, 0x00, 0x00, 0x00, 
      },
  {
    0x00, 0x00, 0x00, 0x00, 0x00, 0x00, 0x00, 0x00, 0x00, 0x00, 0x00, 0x00, 0x00, 0x00, 0x00, 0x00, 
    0x00, 0x00, 0x00, 0x00, 0x00, 0x00, 0x00, 0x00, 0x00, 0x00, 0x00, 0x00, 0x00, 0x00, 0x00, 0x00, 
    0x00, 0x00, 0x00, 0x00, 0x00, 0x00, 0x00, 0x00, 0x00, 0x00, 0x00, 0x00, 0x00, 0x00, 0x00, 0x00, 
    0x00, 0x00, 0x00, 0x00, 0x00, 0x00, 0x00, 0x00, 0x00, 0x00, 0x00, 0x00, 0x00, 0x00, 0x00, 0x00, 
    0x00, 0x00, 0x00, 0x00, 0x00, 0x00, 0x00, 0x00, 0x00, 0x00, 0x00, 0x00, 0x00, 0x00, 0x00, 0x00, 
    0x00, 0x00, 0x00, 0xFF, 0xF8, 0x00, 0x00, 0x00, 0x00, 0x00, 0x07, 0xFF, 0xFE, 0x00, 0x00, 0x00, 
    0x00, 0x00, 0x1F, 0xFF, 0xFF, 0x80, 0x00, 0x00, 0x00, 0x00, 0x3F, 0x9F, 0x9F, 0xE0, 0x00, 0x00, 
    0x00, 0x00, 0xFE, 0x3F, 0xCF, 0xF0, 0x00, 0x00, 0x00, 0x01, 0xF8, 0x3F, 0xC3, 0xF8, 0x00, 0x00, 
    0x00, 0x03, 0xF0, 0x37, 0xC1, 0xDC, 0x00, 0x00, 0x00, 0x07, 0xE0, 0x77, 0xC0, 0xEE, 0x00, 0x00, 
    0x00, 0x07, 0xC0, 0x67, 0xE0, 0x7F, 0x00, 0x00, 0x00, 0x0F, 0xF0, 0x67, 0x60, 0xFF, 0x80, 0x00, 
    0x00, 0x1F, 0xFF, 0xE7, 0x6F, 0xF9, 0x80, 0x00, 0x00, 0x1F, 0x1F, 0xFF, 0xFF, 0xDD, 0xC0, 0x00, 
    0x00, 0x3E, 0x01, 0xFF, 0xFC, 0x1C, 0xE0, 0x00, 0x00, 0x3E, 0x00, 0xC7, 0x70, 0x0C, 0xE0, 0x00, 
    0x00, 0x7C, 0x00, 0xC7, 0x70, 0x0E, 0x60, 0x00, 0x00, 0x7C, 0x00, 0xC7, 0x70, 0x0E, 0x70, 0x00, 
    0x00, 0x7C, 0x01, 0xC7, 0x70, 0x06, 0x70, 0x00, 0x00, 0x7C, 0x01, 0xC7, 0x30, 0x06, 0x30, 0x00, 
    0x00, 0xFC, 0x01, 0xC7, 0x30, 0x06, 0x30, 0x00, 0x00, 0xFC, 0x01, 0xC7, 0x30, 0x06, 0x30, 0x00, 
    0x00, 0xFF, 0xFF, 0xFF, 0xFF, 0xFF, 0xF8, 0x00, 0x00, 0xFF, 0xFF, 0xFF, 0xFF, 0xFF, 0xF8, 0x00, 
    0x00, 0xFF, 0xFF, 0xFF, 0xFF, 0xFF, 0xF8, 0x00, 0x00, 0xFC, 0x01, 0xC7, 0x30, 0x07, 0x30, 0x00, 
    0x00, 0xFC, 0x01, 0xC7, 0x30, 0x06, 0x30, 0x00, 0x00, 0x7C, 0x01, 0xC7, 0x30, 0x06, 0x30, 0x00, 
    0x00, 0x7C, 0x01, 0xC7, 0x70, 0x06, 0x30, 0x00, 0x00, 0x7C, 0x00, 0xC7, 0x70, 0x06, 0x70, 0x00, 
    0x00, 0x7C, 0x00, 0xC7, 0x70, 0x0E, 0x60, 0x00, 0x00, 0x3E, 0x00, 0xC7, 0x70, 0x0C, 0x60, 0x00, 
    0x00, 0x3E, 0x01, 0xFF, 0xFC, 0x0C, 0xE0, 0x00, 0x00, 0x1F, 0x1F, 0xFF, 0xFF, 0xDD, 0xC0, 0x00, 
    0x00, 0x1F, 0xFF, 0xE7, 0x7F, 0xF9, 0xC0, 0x00, 0x00, 0x0F, 0xF8, 0x67, 0x60, 0xFF, 0x80, 0x00, 
    0x00, 0x0F, 0xC0, 0x67, 0xE0, 0x7F, 0x00, 0x00, 0x00, 0x07, 0xC0, 0x77, 0xE0, 0xE7, 0x00, 0x00, 
    0x00, 0x03, 0xE0, 0x37, 0xC1, 0xEE, 0x00, 0x00, 0x00, 0x01, 0xF8, 0x37, 0xC3, 0xFC, 0x00, 0x00, 
    0x00, 0x00, 0xFC, 0x3F, 0xC7, 0xF8, 0x00, 0x00, 0x00, 0x00, 0x7F, 0x1F, 0x9F, 0xF0, 0x00, 0x00, 
    0x00, 0x00, 0x1F, 0xDF, 0xFF, 0xC0, 0x00, 0x00, 0x00, 0x00, 0x0F, 0xFF, 0xFF, 0x00, 0x00, 0x00, 
    0x00, 0x00, 0x01, 0xFF, 0xFC, 0x00, 0x00, 0x00, 0x00, 0x00, 0x00, 0x3F, 0xC0, 0x00, 0x00, 0x00, 
    0x00, 0x00, 0x00, 0x00, 0x00, 0x00, 0x00, 0x00, 0x00, 0x00, 0x00, 0x00, 0x00, 0x00, 0x00, 0x00, 
    0x00, 0x00, 0x00, 0x00, 0x00, 0x00, 0x00, 0x00, 0x00, 0x00, 0x00, 0x00, 0x00, 0x00, 0x00, 0x00, 
    0x00, 0x00, 0x00, 0x00, 0x00, 0x00, 0x00, 0x00, 0x00, 0x00, 0x00, 0x00, 0x00, 0x00, 0x00, 0x00, 
    0x00, 0x00, 0x00, 0x00, 0x00, 0x00, 0x00, 0x00, 0x00, 0x00, 0x00, 0x00, 0x00, 0x00, 0x00, 0x00, 
    0x00, 0x00, 0x00, 0x00, 0x00, 0x00, 0x00, 0x00, 0x00, 0x00, 0x00, 0x00, 0x00, 0x00, 0x00, 0x00, 
      },
  {
    0x00, 0x00, 0x00, 0x00, 0x00, 0x00, 0x00, 0x00, 0x00, 0x00, 0x00, 0x00, 0x00, 0x00, 0x00, 0x00, 
    0x00, 0x00, 0x00, 0x00, 0x00, 0x00, 0x00, 0x00, 0x00, 0x00, 0x00, 0x00, 0x00, 0x00, 0x00, 0x00, 
    0x00, 0x00, 0x00, 0x00, 0x00, 0x00, 0x00, 0x00, 0x00, 0x00, 0x00, 0x00, 0x00, 0x00, 0x00, 0x00, 
    0x00, 0x00, 0x00, 0x00, 0x00, 0x00, 0x00, 0x00, 0x00, 0x00, 0x00, 0x00, 0x00, 0x00, 0x00, 0x00, 
    0x00, 0x00, 0x00, 0x00, 0x00, 0x00, 0x00, 0x00, 0x00, 0x00, 0x00, 0x00, 0x00, 0x00, 0x00, 0x00, 
    0x00, 0x00, 0x00, 0xFF, 0xF8, 0x00, 0x00, 0x00, 0x00, 0x00, 0x07, 0xFF, 0xFE, 0x00, 0x00, 0x00, 
    0x00, 0x00, 0x1F, 0xFF, 0xFF, 0x80, 0x00, 0x00, 0x00, 0x00, 0x3F, 0xCF, 0xCF, 0xE0, 0x00, 0x00, 
    0x00, 0x00, 0xFF, 0x1F, 0xC3, 0xF0, 0x00, 0x00, 0x00, 0x01, 0xFE, 0x1F, 0xE1, 0xF8, 0x00, 0x00, 
    0x00, 0x03, 0xF8, 0x1F, 0x60, 0x7C, 0x00, 0x00, 0x00, 0x07, 0xF0, 0x3F, 0x60, 0x3E, 0x00, 0x00, 
    0x00, 0x07, 0xE0, 0x37, 0x70, 0x1F, 0x00, 0x00, 0x00, 0x0F, 0xF8, 0x37, 0x30, 0xFF, 0x80, 0x00, 
    0x00, 0x1D, 0xFF, 0x77, 0x3F, 0xFF, 0x80, 0x00, 0x00, 0x19, 0xDF, 0xFF, 0xFF, 0xC7, 0xC0, 0x00, 
    0x00, 0x39, 0x81, 0xFF, 0xFC, 0x07, 0xE0, 0x00, 0x00, 0x33, 0x80, 0x77, 0x38, 0x03, 0xE0, 0x00, 
    0x00, 0x73, 0x00, 0x67, 0x18, 0x03, 0xE0, 0x00, 0x00, 0x73, 0x00, 0x67, 0x18, 0x03, 0xF0, 0x00, 
    0x00, 0x67, 0x00, 0x67, 0x18, 0x01, 0xF0, 0x00, 0x00, 0x67, 0x00, 0x67, 0x18, 0x01, 0xB0, 0x00, 
    0x00, 0xE7, 0x00, 0x67, 0x18, 0x01, 0xB0, 0x00, 0x00, 0xE6, 0x00, 0x67, 0x18, 0x01, 0xB0, 0x00, 
    0x00, 0xFF, 0xFF, 0xFF, 0xFF, 0xFF, 0xF8, 0x00, 0x00, 0xFF, 0xFF, 0xFF, 0xFF, 0xFF, 0xF8, 0x00, 
    0x00, 0xFF, 0xFF, 0xFF, 0xFF, 0xFF, 0xF8, 0x00, 0x00, 0xE6, 0x00, 0x67, 0x18, 0x01, 0xB0, 0x00, 
    0x00, 0xE7, 0x00, 0x67, 0x18, 0x01, 0xB0, 0x00, 0x00, 0x67, 0x00, 0x67, 0x18, 0x01, 0xB0, 0x00, 
    0x80, 0x67, 0x00, 0x67, 0x18, 0x01, 0xB0, 0x00, 0xC0, 0x63, 0x00, 0x67, 0x18, 0x03, 0xF0, 0x00, 
    0xE0, 0x73, 0x00, 0x67, 0x18, 0x03, 0xE0, 0x00, 0x70, 0x33, 0x80, 0x77, 0x18, 0x03, 0xE0, 0x00, 
    0x3C, 0x3B, 0x81, 0xFF, 0xFC, 0x07, 0xE0, 0x00, 0x1C, 0x19, 0x9F, 0xFF, 0xFF, 0xC7, 0xC0, 0x00, 
    0x3C, 0x1D, 0xFF, 0xF7, 0x3F, 0xFF, 0xC0, 0x00, 0x78, 0x0F, 0xF8, 0x37, 0x30, 0xFF, 0x80, 0x00, 
    0xE0, 0x0F, 0xE0, 0x37, 0x70, 0x1F, 0x00, 0x00, 0xC0, 0x07, 0x70, 0x3F, 0x70, 0x3F, 0x00, 0x00, 
    0x80, 0x03, 0xB8, 0x3F, 0x60, 0x7E, 0x00, 0x00, 0x00, 0x01, 0xFC, 0x1F, 0xE0, 0xFC, 0x00, 0x00, 
    0x00, 0x00, 0xFE, 0x1F, 0xC3, 0xF8, 0x00, 0x00, 0x00, 0x00, 0x7F, 0x9F, 0xC7, 0xF0, 0x00, 0x00, 
    0x00, 0x00, 0x1F, 0xEF, 0xFF, 0xC0, 0x00, 0x00, 0x00, 0x00, 0x0F, 0xFF, 0xFF, 0x00, 0x00, 0x00, 
    0x00, 0x00, 0x01, 0xFF, 0xFC, 0x00, 0x00, 0x00, 0x00, 0x00, 0x00, 0x3F, 0xC0, 0x00, 0x00, 0x00, 
    0x00, 0x00, 0x00, 0x00, 0x00, 0x00, 0x00, 0x00, 0x00, 0x00, 0x00, 0x00, 0x00, 0x00, 0x00, 0x00, 
    0x00, 0x00, 0x00, 0x00, 0x00, 0x00, 0x00, 0x00, 0x00, 0x00, 0x00, 0x00, 0x00, 0x00, 0x00, 0x00, 
    0x00, 0x00, 0x00, 0x00, 0x00, 0x00, 0x00, 0x00, 0x00, 0x00, 0x00, 0x00, 0x00, 0x00, 0x00, 0x00, 
    0x00, 0x00, 0x00, 0x00, 0x00, 0x00, 0x00, 0x00, 0x00, 0x00, 0x00, 0x00, 0x00, 0x00, 0x00, 0x00, 
    0x00, 0x00, 0x00, 0x00, 0x00, 0x00, 0x00, 0x00, 0x00, 0x00, 0x00, 0x00, 0x00, 0x00, 0x00, 0x00, 
      },
  {
    0x00, 0x00, 0x00, 0x00, 0x00, 0x00, 0x00, 0x00, 0x00, 0x00, 0x00, 0x00, 0x00, 0x00, 0x00, 0x00, 
    0x00, 0x00, 0x00, 0x00, 0x00, 0x00, 0x00, 0x00, 0x00, 0x00, 0x00, 0x00, 0x00, 0x00, 0x00, 0x00, 
    0x00, 0x00, 0x00, 0x00, 0x00, 0x00, 0x00, 0x00, 0x00, 0x00, 0x00, 0x00, 0x00, 0x00, 0x00, 0x00, 
    0x00, 0x00, 0x00, 0x00, 0x00, 0x00, 0x00, 0x00, 0x00, 0x00, 0x00, 0x00, 0x00, 0x00, 0x00, 0x00, 
    0x00, 0x00, 0x00, 0x00, 0x00, 0x00, 0x00, 0x00, 0x00, 0x00, 0x00, 0x00, 0x00, 0x00, 0x00, 0x00, 
    0x00, 0x00, 0x00, 0xFF, 0xF8, 0x00, 0x00, 0x00, 0x00, 0x00, 0x07, 0xFF, 0xFE, 0x00, 0x00, 0x00, 
    0x00, 0x00, 0x1F, 0xFF, 0xFF, 0x80, 0x00, 0x00, 0x00, 0x00, 0x3F, 0xEF, 0xC7, 0xE0, 0x00, 0x00, 
    0x00, 0x00, 0xF3, 0x8F, 0xE1, 0xF0, 0x00, 0x00, 0x00, 0x01, 0xE7, 0x0F, 0x70, 0x78, 0x00, 0x00, 
    0x00, 0x03, 0xCE, 0x1F, 0x70, 0x3C, 0x00, 0x00, 0x00, 0x07, 0x9C, 0x1F, 0x30, 0x1E, 0x00, 0x00, 
    0x00, 0x07, 0xB8, 0x1F, 0x38, 0x0F, 0x00, 0x00, 0x00, 0x0F, 0xF8, 0x1F, 0x18, 0xFF, 0x80, 0x00, 
    0x00, 0x1C, 0xFF, 0x9F, 0x1F, 0xFB, 0x80, 0x00, 0x00, 0x18, 0x7F, 0xFF, 0xFF, 0xC1, 0xC0, 0x00, 
    0x00, 0x38, 0xE1, 0xFF, 0xFC, 0x01, 0xE0, 0x00, 0x00, 0x30, 0xE0, 0x3F, 0x0C, 0x00, 0xE0, 0x00, 
    0x00, 0x70, 0xC0, 0x3F, 0x0C, 0x00, 0xE0, 0x00, 0x00, 0x70, 0xC0, 0x3F, 0x0E, 0x00, 0xF0, 0x00, 
    0x00, 0x61, 0xC0, 0x3F, 0x0E, 0x00, 0xF0, 0x00, 0x00, 0x61, 0xC0, 0x3F, 0x0E, 0x00, 0x70, 0x00, 
    0x00, 0xE1, 0xC0, 0x3F, 0x0E, 0x00, 0x70, 0x00, 0x00, 0xE1, 0x80, 0x3F, 0x06, 0x00, 0x70, 0x00, 
    0x00, 0xFF, 0xFF, 0xFF, 0xFF, 0xFF, 0xF8, 0x00, 0x00, 0xFF, 0xFF, 0xFF, 0xFF, 0xFF, 0xF8, 0x00, 
    0x00, 0xFF, 0xFF, 0xFF, 0xFF, 0xFF, 0xF8, 0x00, 0x10, 0xE1, 0x80, 0x3F, 0x06, 0x00, 0x70, 0x00, 
    0x3C, 0xE1, 0x80, 0x3F, 0x06, 0x00, 0x70, 0x00, 0x3E, 0x61, 0xC0, 0x3F, 0x0E, 0x00, 0x70, 0x00, 
    0x3F, 0x61, 0xC0, 0x3F, 0x0E, 0x00, 0x70, 0x00, 0xF3, 0xE0, 0xC0, 0x3F, 0x0E, 0x00, 0xF0, 0x00, 
    0xF1, 0xF0, 0xC0, 0x3F, 0x0C, 0x00, 0xE0, 0x00, 0x00, 0xF0, 0xC0, 0x3F, 0x0C, 0x00, 0xE0, 0x00, 
    0x00, 0x78, 0xE1, 0xFF, 0xFC, 0x01, 0xE0, 0x00, 0x00, 0x1C, 0x7F, 0xFF, 0xFF, 0xC1, 0xC0, 0x00, 
    0x00, 0x3C, 0xFF, 0x9F, 0x1F, 0xFB, 0xC0, 0x00, 0xF0, 0xFF, 0xF8, 0x1F, 0x18, 0xFF, 0x80, 0x00, 
    0xF9, 0xEF, 0xF8, 0x1F, 0x38, 0x1F, 0x00, 0x00, 0xFB, 0xC7, 0x1C, 0x1F, 0x38, 0x0F, 0x00, 0x00, 
    0x3F, 0x03, 0x9E, 0x1F, 0x30, 0x1E, 0x00, 0x00, 0x3E, 0x01, 0xCF, 0x0F, 0x70, 0x7C, 0x00, 0x00, 
    0x3C, 0x00, 0xF7, 0x8F, 0x60, 0xF8, 0x00, 0x00, 0x10, 0x00, 0x7F, 0xCF, 0xE3, 0xF0, 0x00, 0x00, 
    0x00, 0x00, 0x1F, 0xFF, 0xDF, 0xC0, 0x00, 0x00, 0x00, 0x00, 0x0F, 0xFF, 0xFF, 0x00, 0x00, 0x00, 
    0x00, 0x00, 0x01, 0xFF, 0xFC, 0x00, 0x00, 0x00, 0x00, 0x00, 0x00, 0x3F, 0xC0, 0x00, 0x00, 0x00, 
    0x00, 0x00, 0x00, 0x00, 0x00, 0x00, 0x00, 0x00, 0x00, 0x00, 0x00, 0x00, 0x00, 0x00, 0x00, 0x00, 
    0x00, 0x00, 0x00, 0x00, 0x00, 0x00, 0x00, 0x00, 0x00, 0x00, 0x00, 0x00, 0x00, 0x00, 0x00, 0x00, 
    0x00, 0x00, 0x00, 0x00, 0x00, 0x00, 0x00, 0x00, 0x00, 0x00, 0x00, 0x00, 0x00, 0x00, 0x00, 0x00, 
    0x00, 0x00, 0x00, 0x00, 0x00, 0x00, 0x00, 0x00, 0x00, 0x00, 0x00, 0x00, 0x00, 0x00, 0x00, 0x00, 
    0x00, 0x00, 0x00, 0x00, 0x00, 0x00, 0x00, 0x00, 0x00, 0x00, 0x00, 0x00, 0x00, 0x00, 0x00, 0x00, 
      },
  {
    0x00, 0x00, 0x00, 0x00, 0x00, 0x00, 0x00, 0x00, 0x00, 0x00, 0x00, 0x00, 0x00, 0x00, 0x00, 0x00, 
    0x00, 0x00, 0x00, 0x00, 0x00, 0x00, 0x00, 0x00, 0x00, 0x00, 0x00, 0x00, 0x00, 0x00, 0x00, 0x00, 
    0x00, 0x00, 0x00, 0x00, 0x00, 0x00, 0x00, 0x00, 0x00, 0x00, 0x00, 0x00, 0x00, 0x00, 0x00, 0x00, 
    0x00, 0x00, 0x00, 0x00, 0x00, 0x00, 0x00, 0x00, 0x00, 0x00, 0x00, 0x00, 0x00, 0x00, 0x00, 0x00, 
    0x00, 0x00, 0x00, 0x00, 0x00, 0x00, 0x00, 0x00, 0x00, 0x00, 0x00, 0x00, 0x00, 0x00, 0x00, 0x00, 
    0x00, 0x00, 0x00, 0xFF, 0xF8, 0x00, 0x00, 0x00, 0x00, 0x00, 0x07, 0xFF, 0xFE, 0x00, 0x00, 0x00, 
    0x00, 0x00, 0x1F, 0xFF, 0xFF, 0x80, 0x00, 0x00, 0x00, 0x00, 0x3E, 0xF7, 0xE3, 0xE0, 0x00, 0x00, 
    0x00, 0x00, 0xF9, 0xC7, 0x70, 0xF0, 0x00, 0x00, 0x00, 0x01, 0xE3, 0x8F, 0x70, 0x38, 0x00, 0x00, 
    0x00, 0x03, 0xC7, 0x0F, 0x38, 0x1C, 0x00, 0x00, 0x00, 0x07, 0x87, 0x0F, 0x18, 0x0E, 0x00, 0x00, 
    0x00, 0x07, 0xCE, 0x0F, 0x1C, 0x1F, 0x00, 0x00, 0x00, 0x0F, 0xFC, 0x0F, 0x0C, 0xFF, 0x80, 0x00, 
    0x00, 0x1C, 0xFF, 0x8F, 0x0F, 0xF9, 0x80, 0x00, 0x00, 0x18, 0x3F, 0xFF, 0xFF, 0xC1, 0xC0, 0x00, 
    0x00, 0x38, 0x39, 0xFF, 0xFE, 0x00, 0xE0, 0x00, 0x00, 0x30, 0x30, 0x0F, 0x07, 0x00, 0xE0, 0x00, 
    0x00, 0x70, 0x30, 0x0F, 0x07, 0x00, 0x60, 0x00, 0x00, 0x70, 0x70, 0x0F, 0x03, 0x00, 0x70, 0x00, 
    0x00, 0x60, 0x70, 0x0F, 0x03, 0x00, 0x70, 0x00, 0x00, 0x60, 0x70, 0x0F, 0x03, 0x00, 0x30, 0x00, 
    0x00, 0xE0, 0x60, 0x0F, 0x03, 0x00, 0x30, 0x00, 0x00, 0xE0, 0x60, 0x0F, 0x03, 0x00, 0x30, 0x00, 
    0x00, 0xFF, 0xFF, 0xFF, 0xFF, 0xFF, 0xF8, 0x00, 0x00, 0xFF, 0xFF, 0xFF, 0xFF, 0xFF, 0xF8, 0x00, 
    0x00, 0xFF, 0xFF, 0xFF, 0xFF, 0xFF, 0xF8, 0x00, 0x00, 0xF0, 0x60, 0x0F, 0x03, 0x00, 0x30, 0x00, 
    0x00, 0xF8, 0x60, 0x0F, 0x03, 0x00, 0x30, 0x00, 0x00, 0x7C, 0x60, 0x0F, 0x03, 0x00, 0x30, 0x00, 
    0x00, 0x7E, 0x70, 0x0F, 0x03, 0x00, 0x30, 0x00, 0xFF, 0xF7, 0xF0, 0x0F, 0x03, 0x00, 0x70, 0x00, 
    0xFF, 0xF3, 0xF0, 0x0F, 0x07, 0x00, 0x60, 0x00, 0xC0, 0x01, 0xF0, 0x0F, 0x07, 0x00, 0x60, 0x00, 
    0xC0, 0x00, 0x79, 0xFF, 0xFE, 0x00, 0xE0, 0x00, 0xC0, 0x00, 0x3F, 0xFF, 0xFF, 0xC1, 0xC0, 0x00, 
    0xC0, 0x00, 0x7F, 0x8F, 0x0F, 0xF9, 0xC0, 0x00, 0xFF, 0xE0, 0xFC, 0x0F, 0x0E, 0xFF, 0x80, 0x00, 
    0xFF, 0xF3, 0xCE, 0x0F, 0x0C, 0x1F, 0x00, 0x00, 0x7F, 0xF7, 0x8E, 0x0F, 0x1C, 0x07, 0x00, 0x00, 
    0x00, 0x3F, 0x87, 0x0F, 0x38, 0x0E, 0x00, 0x00, 0x00, 0x3F, 0xC3, 0x8F, 0x38, 0x3C, 0x00, 0x00, 
    0x00, 0x38, 0xF1, 0xCF, 0x70, 0x78, 0x00, 0x00, 0x00, 0x30, 0x7C, 0xE7, 0xE1, 0xF0, 0x00, 0x00, 
    0x00, 0x00, 0x1F, 0xFF, 0xCF, 0xC0, 0x00, 0x00, 0x00, 0x00, 0x0F, 0xFF, 0xFF, 0x00, 0x00, 0x00, 
    0x00, 0x00, 0x01, 0xFF, 0xFC, 0x00, 0x00, 0x00, 0x00, 0x00, 0x00, 0x3F, 0xC0, 0x00, 0x00, 0x00, 
    0x00, 0x00, 0x00, 0x00, 0x00, 0x00, 0x00, 0x00, 0x00, 0x00, 0x00, 0x00, 0x00, 0x00, 0x00, 0x00, 
    0x00, 0x00, 0x00, 0x00, 0x00, 0x00, 0x00, 0x00, 0x00, 0x00, 0x00, 0x00, 0x00, 0x00, 0x00, 0x00, 
    0x00, 0x00, 0x00, 0x00, 0x00, 0x00, 0x00, 0x00, 0x00, 0x00, 0x00, 0x00, 0x00, 0x00, 0x00, 0x00, 
    0x00, 0x00, 0x00, 0x00, 0x00, 0x00, 0x00, 0x00, 0x00, 0x00, 0x00, 0x00, 0x00, 0x00, 0x00, 0x00, 
    0x00, 0x00, 0x00, 0x00, 0x00, 0x00, 0x00, 0x00, 0x00, 0x00, 0x00, 0x00, 0x00, 0x00, 0x00, 0x00, 
      },
  {
    0x00, 0x00, 0x00, 0x00, 0x00, 0x00, 0x00, 0x00, 0x00, 0x00, 0x00, 0x00, 0x00, 0x00, 0x00, 0x00, 
    0x00, 0x00, 0x00, 0x00, 0x00, 0x00, 0x00, 0x00, 0x00, 0x00, 0x00, 0x00, 0x00, 0x00, 0x00, 0x00, 
    0x00, 0x00, 0x00, 0x00, 0x00, 0x00, 0x00, 0x00, 0x00, 0x00, 0x00, 0x00, 0x00, 0x00, 0x00, 0x00, 
    0x00, 0x00, 0x00, 0x00, 0x00, 0x00, 0x00, 0x00, 0x00, 0x00, 0x00, 0x00, 0x00, 0x00, 0x00, 0x00, 
    0x00, 0x00, 0x00, 0x00, 0x00, 0x00, 0x00, 0x00, 0x00, 0x00, 0x00, 0x00, 0x00, 0x00, 0x00, 0x00, 
    0x00, 0x00, 0x00, 0xFF, 0xF8, 0x00, 0x00, 0x00, 0x00, 0x00, 0x07, 0xFF, 0xFE, 0x00, 0x00, 0x00, 
    0x00, 0x00, 0x1F, 0xFF, 0xFF, 0x80, 0x00, 0x00, 0x00, 0x00, 0x3E, 0x77, 0xE3, 0xE0, 0x00, 0x00, 
    0x00, 0x00, 0xF8, 0xF7, 0x70, 0xF0, 0x00, 0x00, 0x00, 0x01, 0xE0, 0xE7, 0x38, 0x38, 0x00, 0x00, 
    0x00, 0x03, 0xC1, 0xC7, 0x1C, 0x1C, 0x00, 0x00, 0x00, 0x07, 0x83, 0x87, 0x0C, 0x0E, 0x00, 0x00, 
    0x00, 0x07, 0xC3, 0x07, 0x0E, 0x1F, 0x00, 0x00, 0x00, 0x0F, 0xF7, 0x07, 0x07, 0xFF, 0x80, 0x00, 
    0x00, 0x1C, 0xFF, 0x87, 0x0F, 0xF9, 0x80, 0x00, 0x00, 0x18, 0x1F, 0xFF, 0xFF, 0xC1, 0xC0, 0x00, 
    0x00, 0x38, 0x0F, 0xFF, 0xFF, 0x80, 0xE0, 0x00, 0x00, 0x30, 0x0C, 0x07, 0x03, 0x80, 0xE0, 0x00, 
    0x00, 0x70, 0x0C, 0x07, 0x01, 0x80, 0x60, 0x00, 0x00, 0x70, 0x1C, 0x07, 0x01, 0x80, 0x70, 0x00, 
    0x00, 0x60, 0x1C, 0x07, 0x01, 0xC0, 0x70, 0x00, 0x00, 0x60, 0x18, 0x07, 0x01, 0xC0, 0x30, 0x00, 
    0x00, 0xE0, 0x18, 0x07, 0x01, 0xC0, 0x30, 0x00, 0x00, 0xE0, 0x18, 0x07, 0x00, 0xC0, 0x30, 0x00, 
    0x00, 0xFF, 0xFF, 0xFF, 0xFF, 0xFF, 0xF8, 0x00, 0x00, 0xFF, 0xFF, 0xFF, 0xFF, 0xFF, 0xF8, 0x00, 
    0x00, 0xFF, 0xFF, 0xFF, 0xFF, 0xFF, 0xF8, 0x00, 0x00, 0xE0, 0x78, 0x07, 0x00, 0xC0, 0x30, 0x00, 
    0x00, 0xE0, 0xF8, 0x07, 0x01, 0xC0, 0x30, 0x00, 0x00, 0x60, 0xF8, 0x07, 0x01, 0xC0, 0x30, 0x00, 
    0x00, 0x60, 0xFC, 0x07, 0x01, 0xC0, 0x30, 0x00, 0x01, 0xFF, 0xEF, 0x07, 0x01, 0x80, 0x70, 0x00, 
    0x01, 0xFF, 0xE7, 0x87, 0x01, 0x80, 0x60, 0x00, 0x01, 0x80, 0x03, 0xC7, 0x01, 0x80, 0x60, 0x00, 
    0x01, 0x80, 0x00, 0xFF, 0xFF, 0x80, 0xE0, 0x00, 0x01, 0x80, 0x00, 0x7F, 0xFF, 0xC1, 0xC0, 0x00, 
    0x01, 0x80, 0x00, 0xF7, 0x1F, 0xF9, 0xC0, 0x00, 0x01, 0xFF, 0xC1, 0xC7, 0x07, 0xFF, 0x80, 0x00, 
    0x01, 0xFF, 0xE7, 0x87, 0x06, 0x1F, 0x00, 0x00, 0x00, 0xFF, 0xEF, 0x87, 0x0E, 0x07, 0x00, 0x00, 
    0x00, 0x03, 0xFF, 0x87, 0x1C, 0x0E, 0x00, 0x00, 0x00, 0x01, 0xF9, 0xC7, 0x18, 0x3C, 0x00, 0x00, 
    0x00, 0x00, 0xF0, 0xE7, 0x38, 0x78, 0x00, 0x00, 0x00, 0x00, 0x7C, 0x77, 0x71, 0xF0, 0x00, 0x00, 
    0x00, 0x00, 0x1F, 0x3F, 0xE7, 0xC0, 0x00, 0x00, 0x00, 0x00, 0x0F, 0xFF, 0xFF, 0x00, 0x00, 0x00, 
    0x00, 0x00, 0x01, 0xFF, 0xFC, 0x00, 0x00, 0x00, 0x00, 0x00, 0x00, 0x3F, 0xC0, 0x00, 0x00, 0x00, 
    0x00, 0x00, 0x00, 0x00, 0x00, 0x00, 0x00, 0x00, 0x00, 0x00, 0x00, 0x00, 0x00, 0x00, 0x00, 0x00, 
    0x00, 0x00, 0x00, 0x00, 0x00, 0x00, 0x00, 0x00, 0x00, 0x00, 0x00, 0x00, 0x00, 0x00, 0x00, 0x00, 
    0x00, 0x00, 0x00, 0x00, 0x00, 0x00, 0x00, 0x00, 0x00, 0x00, 0x00, 0x00, 0x00, 0x00, 0x00, 0x00, 
    0x00, 0x00, 0x00, 0x00, 0x00, 0x00, 0x00, 0x00, 0x00, 0x00, 0x00, 0x00, 0x00, 0x00, 0x00, 0x00, 
    0x00, 0x00, 0x00, 0x00, 0x00, 0x00, 0x00, 0x00, 0x00, 0x00, 0x00, 0x00, 0x00, 0x00, 0x00, 0x00, 
      },
  {
    0x00, 0x00, 0x00, 0x00, 0x00, 0x00, 0x00, 0x00, 0x00, 0x00, 0x00, 0x00, 0x00, 0x00, 0x00, 0x00, 
    0x00, 0x00, 0x00, 0x00, 0x00, 0x00, 0x00, 0x00, 0x00, 0x00, 0x00, 0x00, 0x00, 0x00, 0x00, 0x00, 
    0x00, 0x00, 0x00, 0x00, 0x00, 0x00, 0x00, 0x00, 0x00, 0x00, 0x00, 0x00, 0x00, 0x00, 0x00, 0x00, 
    0x00, 0x00, 0x00, 0x00, 0x00, 0x00, 0x00, 0x00, 0x00, 0x00, 0x00, 0x00, 0x00, 0x00, 0x00, 0x00, 
    0x00, 0x00, 0x00, 0x00, 0x00, 0x00, 0x00, 0x00, 0x00, 0x00, 0x00, 0x00, 0x00, 0x00, 0x00, 0x00, 
    0x00, 0x00, 0x00, 0xFF, 0xF8, 0x00, 0x00, 0x00, 0x00, 0x00, 0x07, 0xFF, 0xFE, 0x00, 0x00, 0x00, 
    0x00, 0x00, 0x1F, 0xFF, 0xFF, 0x80, 0x00, 0x00, 0x00, 0x00, 0x3E, 0x77, 0xE3, 0xE0, 0x00, 0x00, 
    0x00, 0x00, 0xF8, 0xF7, 0x70, 0xF0, 0x00, 0x00, 0x00, 0x01, 0xE0, 0xE7, 0x38, 0x38, 0x00, 0x00, 
    0x00, 0x03, 0xC1, 0xC7, 0x1C, 0x1C, 0x00, 0x00, 0x00, 0x07, 0x83, 0x87, 0x0C, 0x0E, 0x00, 0x00, 
    0x00, 0x07, 0xC3, 0x07, 0x0E, 0x1F, 0x00, 0x00, 0x00, 0x0F, 0xF7, 0x07, 0x07, 0xFF, 0x80, 0x00, 
    0x00, 0x1C, 0xFF, 0x87, 0x0F, 0xF9, 0x80, 0x00, 0x00, 0x18, 0x1F, 0xFF, 0xFF, 0xC1, 0xC0, 0x00, 
    0x00, 0x38, 0x0F, 0xFF, 0xFF, 0x80, 0xE0, 0x00, 0x00, 0x30, 0x0C, 0x07, 0x03, 0x80, 0xE0, 0x00, 
    0x00, 0x70, 0x0C, 0x07, 0x01, 0x80, 0x60, 0x00, 0x00, 0x70, 0x1C, 0x07, 0x01, 0x80, 0x70, 0x00, 
    0x00, 0x60, 0x1C, 0x07, 0x01, 0xC0, 0x70, 0x00, 0x00, 0x60, 0x18, 0x07, 0x01, 0xC0, 0x30, 0x00, 
    0x00, 0xE0, 0x18, 0x07, 0x01, 0xC0, 0x30, 0x00, 0x00, 0xE0, 0x18, 0x07, 0x00, 0xC0, 0x30, 0x00, 
    0x00, 0xFF, 0xFF, 0xFF, 0xFF, 0xFF, 0xF8, 0x00, 0x00, 0xFF, 0xFF, 0xFF, 0xFF, 0xFF, 0xF8, 0x00, 
    0x00, 0xFF, 0xFF, 0xFF, 0xFF, 0xFF, 0xF8, 0x00, 0x00, 0xE0, 0x18, 0x87, 0x00, 0xC0, 0x30, 0x00, 
    0x00, 0xE0, 0x19, 0xC7, 0x01, 0xC0, 0x30, 0x00, 0x00, 0x60, 0x19, 0xF7, 0x01, 0xC0, 0x30, 0x00, 
    0x00, 0x60, 0x19, 0xFF, 0x01, 0xC0, 0x30, 0x00, 0x00, 0x63, 0xFF, 0xBF, 0x01, 0x80, 0x70, 0x00, 
    0x00, 0x77, 0xFF, 0x8F, 0x01, 0x80, 0x60, 0x00, 0x00, 0x37, 0x00, 0x07, 0x81, 0x80, 0x60, 0x00, 
    0x00, 0x3E, 0x00, 0x03, 0xFF, 0x80, 0xE0, 0x00, 0x00, 0x1E, 0x00, 0x01, 0xFF, 0xC1, 0xC0, 0x00, 
    0x00, 0x1E, 0x00, 0x03, 0xDF, 0xF9, 0xC0, 0x00, 0x00, 0x0F, 0xFF, 0x87, 0x87, 0xFF, 0x80, 0x00, 
    0x00, 0x0F, 0xFF, 0x8F, 0x06, 0x1F, 0x00, 0x00, 0x00, 0x07, 0xFF, 0xBF, 0x0E, 0x07, 0x00, 0x00, 
    0x00, 0x03, 0x81, 0xFF, 0x1C, 0x0E, 0x00, 0x00, 0x00, 0x01, 0xC1, 0xF7, 0x18, 0x3C, 0x00, 0x00, 
    0x00, 0x00, 0xF1, 0xE7, 0x38, 0x78, 0x00, 0x00, 0x00, 0x00, 0x7C, 0xF7, 0x71, 0xF0, 0x00, 0x00, 
    0x00, 0x00, 0x1F, 0x3F, 0xE7, 0xC0, 0x00, 0x00, 0x00, 0x00, 0x0F, 0xFF, 0xFF, 0x00, 0x00, 0x00, 
    0x00, 0x00, 0x01, 0xFF, 0xFC, 0x00, 0x00, 0x00, 0x00, 0x00, 0x00, 0x3F, 0xC0, 0x00, 0x00, 0x00, 
    0x00, 0x00, 0x00, 0x00, 0x00, 0x00, 0x00, 0x00, 0x00, 0x00, 0x00, 0x00, 0x00, 0x00, 0x00, 0x00, 
    0x00, 0x00, 0x00, 0x00, 0x00, 0x00, 0x00, 0x00, 0x00, 0x00, 0x00, 0x00, 0x00, 0x00, 0x00, 0x00, 
    0x00, 0x00, 0x00, 0x00, 0x00, 0x00, 0x00, 0x00, 0x00, 0x00, 0x00, 0x00, 0x00, 0x00, 0x00, 0x00, 
    0x00, 0x00, 0x00, 0x00, 0x00, 0x00, 0x00, 0x00, 0x00, 0x00, 0x00, 0x00, 0x00, 0x00, 0x00, 0x00, 
    0x00, 0x00, 0x00, 0x00, 0x00, 0x00, 0x00, 0x00, 0x00, 0x00, 0x00, 0x00, 0x00, 0x00, 0x00, 0x00, 
      },
  {
    0x00, 0x00, 0x00, 0x00, 0x00, 0x00, 0x00, 0x00, 0x00, 0x00, 0x00, 0x00, 0x00, 0x00, 0x00, 0x00, 
    0x00, 0x00, 0x00, 0x00, 0x00, 0x00, 0x00, 0x00, 0x00, 0x00, 0x00, 0x00, 0x00, 0x00, 0x00, 0x00, 
    0x00, 0x00, 0x00, 0x00, 0x00, 0x00, 0x00, 0x00, 0x00, 0x00, 0x00, 0x00, 0x00, 0x00, 0x00, 0x00, 
    0x00, 0x00, 0x00, 0x00, 0x00, 0x00, 0x00, 0x00, 0x00, 0x00, 0x00, 0x00, 0x00, 0x00, 0x00, 0x00, 
    0x00, 0x00, 0x00, 0x00, 0x00, 0x00, 0x00, 0x00, 0x00, 0x00, 0x00, 0x00, 0x00, 0x00, 0x00, 0x00, 
    0x00, 0x00, 0x00, 0xFF, 0xF8, 0x00, 0x00, 0x00, 0x00, 0x00, 0x07, 0xFF, 0xFE, 0x00, 0x00, 0x00, 
    0x00, 0x00, 0x1F, 0xFF, 0xFF, 0x80, 0x00, 0x00, 0x00, 0x00, 0x3E, 0x77, 0xE3, 0xE0, 0x00, 0x00, 
    0x00, 0x00, 0xF8, 0xF7, 0x70, 0xF0, 0x00, 0x00, 0x00, 0x01, 0xE0, 0xE7, 0x38, 0x38, 0x00, 0x00, 
    0x00, 0x03, 0xC1, 0xC7, 0x1C, 0x1C, 0x00, 0x00, 0x00, 0x07, 0x83, 0x87, 0x0C, 0x0E, 0x00, 0x00, 
    0x00, 0x07, 0xC3, 0x07, 0x0E, 0x1F, 0x00, 0x00, 0x00, 0x0F, 0xF7, 0x07, 0x07, 0xFF, 0x80, 0x00, 
    0x00, 0x1C, 0xFF, 0x87, 0x0F, 0xF9, 0x80, 0x00, 0x00, 0x18, 0x1F, 0xFF, 0xFF, 0xC1, 0xC0, 0x00, 
    0x00, 0x38, 0x0F, 0xFF, 0xFF, 0x80, 0xE0, 0x00, 0x00, 0x30, 0x0C, 0x07, 0x03, 0x80, 0xE0, 0x00, 
    0x00, 0x70, 0x0C, 0x07, 0x01, 0x80, 0x60, 0x00, 0x00, 0x70, 0x1C, 0x07, 0x01, 0x80, 0x70, 0x00, 
    0x00, 0x60, 0x1C, 0x07, 0x01, 0xC0, 0x70, 0x00, 0x00, 0x60, 0x18, 0x07, 0x01, 0xC0, 0x30, 0x00, 
    0x00, 0xE0, 0x18, 0x07, 0x01, 0xC0, 0x30, 0x00, 0x00, 0xE0, 0x18, 0x07, 0x00, 0xC0, 0x30, 0x00, 
    0x00, 0xFF, 0xFF, 0xFF, 0xFF, 0xFF, 0xF8, 0x00, 0x00, 0xFF, 0xFF, 0xFF, 0xFF, 0xFF, 0xF8, 0x00, 
    0x00, 0xFF, 0xFF, 0xFF, 0xFF, 0xFF, 0xF8, 0x00, 0x00, 0xE0, 0x18, 0x07, 0x00, 0xC0, 0x30, 0x00, 
    0x00, 0xE0, 0x18, 0x07, 0x01, 0xC0, 0x30, 0x00, 0x00, 0x60, 0x18, 0x07, 0x81, 0xC0, 0x30, 0x00, 
    0x00, 0x60, 0x1C, 0x07, 0xE1, 0xC0, 0x30, 0x00, 0x00, 0x60, 0x1F, 0xFE, 0xF1, 0x80, 0x70, 0x00, 
    0x00, 0x70, 0x1F, 0xFE, 0x79, 0x80, 0x60, 0x00, 0x00, 0x30, 0x1C, 0x00, 0x1F, 0x80, 0x60, 0x00, 
    0x00, 0x38, 0x18, 0x00, 0x0F, 0x80, 0xE0, 0x00, 0x00, 0x18, 0x18, 0x00, 0x07, 0xC1, 0xC0, 0x00, 
    0x00, 0x1C, 0xF8, 0x00, 0x0F, 0xF9, 0xC0, 0x00, 0x00, 0x0F, 0xFF, 0xFC, 0x1F, 0xFF, 0x80, 0x00, 
    0x00, 0x0F, 0xDF, 0xFE, 0x3E, 0x1F, 0x00, 0x00, 0x00, 0x07, 0x0F, 0xFE, 0xFE, 0x07, 0x00, 0x00, 
    0x00, 0x03, 0x81, 0x87, 0xFC, 0x0E, 0x00, 0x00, 0x00, 0x01, 0xC1, 0xC7, 0x98, 0x3C, 0x00, 0x00, 
    0x00, 0x00, 0xF0, 0xE7, 0x38, 0x78, 0x00, 0x00, 0x00, 0x00, 0x7C, 0x77, 0x71, 0xF0, 0x00, 0x00, 
    0x00, 0x00, 0x1F, 0x3F, 0xE7, 0xC0, 0x00, 0x00, 0x00, 0x00, 0x0F, 0xFF, 0xFF, 0x00, 0x00, 0x00, 
    0x00, 0x00, 0x01, 0xFF, 0xFC, 0x00, 0x00, 0x00, 0x00, 0x00, 0x00, 0x3F, 0xC0, 0x00, 0x00, 0x00, 
    0x00, 0x00, 0x00, 0x00, 0x00, 0x00, 0x00, 0x00, 0x00, 0x00, 0x00, 0x00, 0x00, 0x00, 0x00, 0x00, 
    0x00, 0x00, 0x00, 0x00, 0x00, 0x00, 0x00, 0x00, 0x00, 0x00, 0x00, 0x00, 0x00, 0x00, 0x00, 0x00, 
    0x00, 0x00, 0x00, 0x00, 0x00, 0x00, 0x00, 0x00, 0x00, 0x00, 0x00, 0x00, 0x00, 0x00, 0x00, 0x00, 
    0x00, 0x00, 0x00, 0x00, 0x00, 0x00, 0x00, 0x00, 0x00, 0x00, 0x00, 0x00, 0x00, 0x00, 0x00, 0x00, 
    0x00, 0x00, 0x00, 0x00, 0x00, 0x00, 0x00, 0x00, 0x00, 0x00, 0x00, 0x00, 0x00, 0x00, 0x00, 0x00, 
      },
  {
    0x00, 0x00, 0x00, 0x00, 0x00, 0x00, 0x00, 0x00, 0x00, 0x00, 0x00, 0x00, 0x00, 0x00, 0x00, 0x00, 
    0x00, 0x00, 0x00, 0x00, 0x00, 0x00, 0x00, 0x00, 0x00, 0x00, 0x00, 0x00, 0x00, 0x00, 0x00, 0x00, 
    0x00, 0x00, 0x00, 0x00, 0x00, 0x00, 0x00, 0x00, 0x00, 0x00, 0x00, 0x00, 0x00, 0x00, 0x00, 0x00, 
    0x00, 0x00, 0x00, 0x00, 0x00, 0x00, 0x00, 0x00, 0x00, 0x00, 0x00, 0x00, 0x00, 0x00, 0x00, 0x00, 
    0x00, 0x00, 0x00, 0x00, 0x00, 0x00, 0x00, 0x00, 0x00, 0x00, 0x00, 0x00, 0x00, 0x00, 0x00, 0x00, 
    0x00, 0x00, 0x00, 0xFF, 0xF8, 0x00, 0x00, 0x00, 0x00, 0x00, 0x07, 0xFF, 0xFE, 0x00, 0x00, 0x00, 
    0x00, 0x00, 0x1F, 0xFF, 0xFF, 0x80, 0x00, 0x00, 0x00, 0x00, 0x3E, 0x77, 0xE3, 0xE0, 0x00, 0x00, 
    0x00, 0x00, 0xF8, 0xF7, 0x70, 0xF0, 0x00, 0x00, 0x00, 0x01, 0xE0, 0xE7, 0x38, 0x38, 0x00, 0x00, 
    0x00, 0x03, 0xC1, 0xC7, 0x1C, 0x1C, 0x00, 0x00, 0x00, 0x07, 0x83, 0x87, 0x0C, 0x0E, 0x00, 0x00, 
    0x00, 0x07, 0xC3, 0x07, 0x0E, 0x1F, 0x00, 0x00, 0x00, 0x0F, 0xF7, 0x07, 0x07, 0xFF, 0x80, 0x00, 
    0x00, 0x1C, 0xFF, 0x87, 0x0F, 0xF9, 0x80, 0x00, 0x00, 0x18, 0x1F, 0xFF, 0xFF, 0xC1, 0xC0, 0x00, 
    0x00, 0x38, 0x0F, 0xFF, 0xFF, 0x80, 0xE0, 0x00, 0x00, 0x30, 0x0C, 0x07, 0x03, 0x80, 0xE0, 0x00, 
    0x00, 0x70, 0x0C, 0x07, 0x01, 0x80, 0x60, 0x00, 0x00, 0x70, 0x1C, 0x07, 0x01, 0x80, 0x70, 0x00, 
    0x00, 0x60, 0x1C, 0x07, 0x01, 0xC0, 0x70, 0x00, 0x00, 0x60, 0x18, 0x07, 0x01, 0xC0, 0x30, 0x00, 
    0x00, 0xE0, 0x18, 0x07, 0x01, 0xC0, 0x30, 0x00, 0x00, 0xE0, 0x18, 0x07, 0x00, 0xC0, 0x30, 0x00, 
    0x00, 0xFF, 0xFF, 0xFF, 0xFF, 0xFF, 0xF8, 0x00, 0x00, 0xFF, 0xFF, 0xFF, 0xFF, 0xFF, 0xF8, 0x00, 
    0x00, 0xFF, 0xFF, 0xFF, 0xFF, 0xFF, 0xF8, 0x00, 0x00, 0xE0, 0x18, 0x07, 0x10, 0xC0, 0x30, 0x00, 
    0x00, 0xE0, 0x18, 0x07, 0x39, 0xC0, 0x30, 0x00, 0x00, 0x60, 0x18, 0x07, 0x3F, 0xC0, 0x30, 0x00, 
    0x00, 0x60, 0x1C, 0x07, 0x3F, 0xC0, 0x30, 0x00, 0x00, 0x60, 0x1C, 0x7F, 0xF7, 0xC0, 0x70, 0x00, 
    0x00, 0x70, 0x1C, 0xFF, 0xF1, 0xC0, 0x60, 0x00, 0x00, 0x30, 0x0C, 0xE0, 0x00, 0xF0, 0x60, 0x00, 
    0x00, 0x38, 0x0F, 0xC0, 0x00, 0x78, 0xE0, 0x00, 0x00, 0x18, 0x1F, 0xE0, 0x00, 0x39, 0xC0, 0x00, 
    0x00, 0x1C, 0xFF, 0xC0, 0x00, 0x79, 0xC0, 0x00, 0x00, 0x0F, 0xFF, 0xFF, 0xF0, 0xFF, 0x80, 0x00, 
    0x00, 0x0F, 0xC3, 0xFF, 0xF1, 0xFF, 0x00, 0x00, 0x00, 0x07, 0x03, 0xBF, 0xF3, 0x87, 0x00, 0x00, 
    0x00, 0x03, 0x81, 0x87, 0x3F, 0x0E, 0x00, 0x00, 0x00, 0x01, 0xC1, 0xC7, 0x3E, 0x3C, 0x00, 0x00, 
    0x00, 0x00, 0xF0, 0xE7, 0x3C, 0x78, 0x00, 0x00, 0x00, 0x00, 0x7C, 0x77, 0x71, 0xF0, 0x00, 0x00, 
    0x00, 0x00, 0x1F, 0x3F, 0xE7, 0xC0, 0x00, 0x00, 0x00, 0x00, 0x0F, 0xFF, 0xFF, 0x00, 0x00, 0x00, 
    0x00, 0x00, 0x01, 0xFF, 0xFC, 0x00, 0x00, 0x00, 0x00, 0x00, 0x00, 0x3F, 0xC0, 0x00, 0x00, 0x00, 
    0x00, 0x00, 0x00, 0x00, 0x00, 0x00, 0x00, 0x00, 0x00, 0x00, 0x00, 0x00, 0x00, 0x00, 0x00, 0x00, 
    0x00, 0x00, 0x00, 0x00, 0x00, 0x00, 0x00, 0x00, 0x00, 0x00, 0x00, 0x00, 0x00, 0x00, 0x00, 0x00, 
    0x00, 0x00, 0x00, 0x00, 0x00, 0x00, 0x00, 0x00, 0x00, 0x00, 0x00, 0x00, 0x00, 0x00, 0x00, 0x00, 
    0x00, 0x00, 0x00, 0x00, 0x00, 0x00, 0x00, 0x00, 0x00, 0x00, 0x00, 0x00, 0x00, 0x00, 0x00, 0x00, 
    0x00, 0x00, 0x00, 0x00, 0x00, 0x00, 0x00, 0x00, 0x00, 0x00, 0x00, 0x00, 0x00, 0x00, 0x00, 0x00, 
      },
  {
    0x00, 0x00, 0x00, 0x00, 0x00, 0x00, 0x00, 0x00, 0x00, 0x00, 0x00, 0x00, 0x00, 0x00, 0x00, 0x00, 
    0x00, 0x00, 0x00, 0x00, 0x00, 0x00, 0x00, 0x00, 0x00, 0x00, 0x00, 0x00, 0x00, 0x00, 0x00, 0x00, 
    0x00, 0x00, 0x00, 0x00, 0x00, 0x00, 0x00, 0x00, 0x00, 0x00, 0x00, 0x00, 0x00, 0x00, 0x00, 0x00, 
    0x00, 0x00, 0x00, 0x00, 0x00, 0x00, 0x00, 0x00, 0x00, 0x00, 0x00, 0x00, 0x00, 0x00, 0x00, 0x00, 
    0x00, 0x00, 0x00, 0x00, 0x00, 0x00, 0x00, 0x00, 0x00, 0x00, 0x00, 0x00, 0x00, 0x00, 0x00, 0x00, 
    0x00, 0x00, 0x00, 0xFF, 0xF8, 0x00, 0x00, 0x00, 0x00, 0x00, 0x07, 0xFF, 0xFE, 0x00, 0x00, 0x00, 
    0x00, 0x00, 0x1F, 0xFF, 0xFF, 0x80, 0x00, 0x00, 0x00, 0x00, 0x3E, 0x77, 0xE3, 0xE0, 0x00, 0x00, 
    0x00, 0x00, 0xF8, 0xF7, 0x70, 0xF0, 0x00, 0x00, 0x00, 0x01, 0xE0, 0xE7, 0x38, 0x38, 0x00, 0x00, 
    0x00, 0x03, 0xC1, 0xC7, 0x1C, 0x1C, 0x00, 0x00, 0x00, 0x07, 0x83, 0x87, 0x0C, 0x0E, 0x00, 0x00, 
    0x00, 0x07, 0xC3, 0x07, 0x0E, 0x1F, 0x00, 0x00, 0x00, 0x0F, 0xF7, 0x07, 0x07, 0xFF, 0x80, 0x00, 
    0x00, 0x1C, 0xFF, 0x87, 0x0F, 0xF9, 0x80, 0x00, 0x00, 0x18, 0x1F, 0xFF, 0xFF, 0xC1, 0xC0, 0x00, 
    0x00, 0x38, 0x0F, 0xFF, 0xFF, 0x80, 0xE0, 0x00, 0x00, 0x30, 0x0C, 0x07, 0x03, 0x80, 0xE0, 0x00, 
    0x00, 0x70, 0x0C, 0x07, 0x01, 0x80, 0x60, 0x00, 0x00, 0x70, 0x1C, 0x07, 0x01, 0x80, 0x70, 0x00, 
    0x00, 0x60, 0x1C, 0x07, 0x01, 0xC0, 0x70, 0x00, 0x00, 0x60, 0x18, 0x07, 0x01, 0xC0, 0x30, 0x00, 
    0x00, 0xE0, 0x18, 0x07, 0x01, 0xC0, 0x30, 0x00, 0x00, 0xE0, 0x18, 0x07, 0x00, 0xC0, 0x30, 0x00, 
    0x00, 0xFF, 0xFF, 0xFF, 0xFF, 0xFF, 0xF8, 0x00, 0x00, 0xFF, 0xFF, 0xFF, 0xFF, 0xFF, 0xF8, 0x00, 
    0x00, 0xFF, 0xFF, 0xFF, 0xFF, 0xFF, 0xF8, 0x00, 0x00, 0xE0, 0x18, 0x07, 0x01, 0xC0, 0x30, 0x00, 
    0x00, 0xE0, 0x18, 0x07, 0x03, 0xC0, 0x30, 0x00, 0x00, 0x60, 0x18, 0x07, 0x03, 0xE0, 0x30, 0x00, 
    0x00, 0x60, 0x1C, 0x07, 0x03, 0xF0, 0x30, 0x00, 0x00, 0x60, 0x1C, 0x07, 0xFF, 0xBC, 0x70, 0x00, 
    0x00, 0x70, 0x1C, 0x07, 0xFF, 0x9E, 0x60, 0x00, 0x00, 0x30, 0x0C, 0x06, 0x00, 0x0F, 0xE0, 0x00, 
    0x00, 0x38, 0x0F, 0xFE, 0x00, 0x03, 0xE0, 0x00, 0x00, 0x18, 0x1F, 0xFE, 0x00, 0x01, 0xC0, 0x00, 
    0x00, 0x1C, 0xFF, 0x86, 0x00, 0x03, 0xC0, 0x00, 0x00, 0x0F, 0xFF, 0x07, 0xFF, 0x07, 0x80, 0x00, 
    0x00, 0x0F, 0xC3, 0x07, 0xFF, 0x9F, 0x00, 0x00, 0x00, 0x07, 0x03, 0x87, 0xFF, 0xBF, 0x00, 0x00, 
    0x00, 0x03, 0x81, 0x87, 0x1F, 0xFE, 0x00, 0x00, 0x00, 0x01, 0xC1, 0xC7, 0x19, 0xFC, 0x00, 0x00, 
    0x00, 0x00, 0xF0, 0xE7, 0x39, 0xF8, 0x00, 0x00, 0x00, 0x00, 0x7C, 0x77, 0x71, 0xF0, 0x00, 0x00, 
    0x00, 0x00, 0x1F, 0x3F, 0xE7, 0xC0, 0x00, 0x00, 0x00, 0x00, 0x0F, 0xFF, 0xFF, 0x00, 0x00, 0x00, 
    0x00, 0x00, 0x01, 0xFF, 0xFC, 0x00, 0x00, 0x00, 0x00, 0x00, 0x00, 0x3F, 0xC0, 0x00, 0x00, 0x00, 
    0x00, 0x00, 0x00, 0x00, 0x00, 0x00, 0x00, 0x00, 0x00, 0x00, 0x00, 0x00, 0x00, 0x00, 0x00, 0x00, 
    0x00, 0x00, 0x00, 0x00, 0x00, 0x00, 0x00, 0x00, 0x00, 0x00, 0x00, 0x00, 0x00, 0x00, 0x00, 0x00, 
    0x00, 0x00, 0x00, 0x00, 0x00, 0x00, 0x00, 0x00, 0x00, 0x00, 0x00, 0x00, 0x00, 0x00, 0x00, 0x00, 
    0x00, 0x00, 0x00, 0x00, 0x00, 0x00, 0x00, 0x00, 0x00, 0x00, 0x00, 0x00, 0x00, 0x00, 0x00, 0x00, 
    0x00, 0x00, 0x00, 0x00, 0x00, 0x00, 0x00, 0x00, 0x00, 0x00, 0x00, 0x00, 0x00, 0x00, 0x00, 0x00, 
      },
  {
    0x00, 0x00, 0x00, 0x00, 0x00, 0x00, 0x00, 0x00, 0x00, 0x00, 0x00, 0x00, 0x00, 0x00, 0x00, 0x00, 
    0x00, 0x00, 0x00, 0x00, 0x00, 0x00, 0x00, 0x00, 0x00, 0x00, 0x00, 0x00, 0x00, 0x00, 0x00, 0x00, 
    0x00, 0x00, 0x00, 0x00, 0x00, 0x00, 0x00, 0x00, 0x00, 0x00, 0x00, 0x00, 0x00, 0x00, 0x00, 0x00, 
    0x00, 0x00, 0x00, 0x00, 0x00, 0x00, 0x00, 0x00, 0x00, 0x00, 0x00, 0x00, 0x00, 0x00, 0x00, 0x00, 
    0x00, 0x00, 0x00, 0x00, 0x00, 0x00, 0x00, 0x00, 0x00, 0x00, 0x00, 0x00, 0x00, 0x00, 0x00, 0x00, 
    0x00, 0x00, 0x00, 0xFF, 0xF8, 0x00, 0x00, 0x00, 0x00, 0x00, 0x07, 0xFF, 0xFE, 0x00, 0x00, 0x00, 
    0x00, 0x00, 0x1F, 0xFF, 0xFF, 0x80, 0x00, 0x00, 0x00, 0x00, 0x3E, 0x77, 0xE3, 0xE0, 0x00, 0x00, 
    0x00, 0x00, 0xF8, 0xF7, 0x70, 0xF0, 0x00, 0x00, 0x00, 0x01, 0xE0, 0xE7, 0x38, 0x38, 0x00, 0x00, 
    0x00, 0x03, 0xC1, 0xC7, 0x1C, 0x1C, 0x00, 0x00, 0x00, 0x07, 0x83, 0x87, 0x0C, 0x0E, 0x00, 0x00, 
    0x00, 0x07, 0xC3, 0x07, 0x0E, 0x1F, 0x00, 0x00, 0x00, 0x0F, 0xF7, 0x07, 0x07, 0xFF, 0x80, 0x00, 
    0x00, 0x1C, 0xFF, 0x87, 0x0F, 0xF9, 0x80, 0x00, 0x00, 0x18, 0x1F, 0xFF, 0xFF, 0xC1, 0xC0, 0x00, 
    0x00, 0x38, 0x0F, 0xFF, 0xFF, 0x80, 0xE0, 0x00, 0x00, 0x30, 0x0C, 0x07, 0x03, 0x80, 0xE0, 0x00, 
    0x00, 0x70, 0x0C, 0x07, 0x01, 0x80, 0x60, 0x00, 0x00, 0x70, 0x1C, 0x07, 0x01, 0x80, 0x70, 0x00, 
    0x00, 0x60, 0x1C, 0x07, 0x01, 0xC0, 0x70, 0x00, 0x00, 0x60, 0x18, 0x07, 0x01, 0xC0, 0x30, 0x00, 
    0x00, 0xE0, 0x18, 0x07, 0x01, 0xC0, 0x30, 0x00, 0x00, 0xE0, 0x18, 0x07, 0x00, 0xC0, 0x30, 0x00, 
    0x00, 0xFF, 0xFF, 0xFF, 0xFF, 0xFF, 0xF8, 0x00, 0x00, 0xFF, 0xFF, 0xFF, 0xFF, 0xFF, 0xF8, 0x00, 
    0x00, 0xFF, 0xFF, 0xFF, 0xFF, 0xFF, 0xF8, 0x00, 0x00, 0xE0, 0x18, 0x07, 0x00, 0xD0, 0x30, 0x00, 
    0x00, 0xE0, 0x18, 0x07, 0x01, 0xFC, 0x30, 0x00, 0x00, 0x60, 0x18, 0x07, 0x01, 0xFE, 0x30, 0x00, 
    0x00, 0x60, 0x1C, 0x07, 0x01, 0xFF, 0x30, 0x00, 0x00, 0x60, 0x1C, 0x07, 0x7F, 0xFB, 0xF0, 0x00, 
    0x00, 0x70, 0x1C, 0x07, 0x7F, 0xF9, 0xE0, 0x00, 0x00, 0x30, 0x0C, 0x07, 0xE0, 0x00, 0xF0, 0x00, 
    0x00, 0x38, 0x0F, 0xFF, 0xE0, 0x00, 0x78, 0x00, 0x00, 0x18, 0x1F, 0xFF, 0xE0, 0x00, 0x1C, 0x00, 
    0x00, 0x1C, 0xFF, 0x87, 0x60, 0x00, 0x38, 0x00, 0x00, 0x0F, 0xFF, 0x07, 0x7F, 0xF0, 0xF0, 0x00, 
    0x00, 0x0F, 0xC3, 0x07, 0x7F, 0xF9, 0xE0, 0x00, 0x00, 0x07, 0x03, 0x87, 0x3F, 0xFB, 0xC0, 0x00, 
    0x00, 0x03, 0x81, 0x87, 0x1C, 0x3F, 0x00, 0x00, 0x00, 0x01, 0xC1, 0xC7, 0x18, 0x3E, 0x00, 0x00, 
    0x00, 0x00, 0xF0, 0xE7, 0x38, 0x7C, 0x00, 0x00, 0x00, 0x00, 0x7C, 0x77, 0x71, 0xF0, 0x00, 0x00, 
    0x00, 0x00, 0x1F, 0x3F, 0xE7, 0xC0, 0x00, 0x00, 0x00, 0x00, 0x0F, 0xFF, 0xFF, 0x00, 0x00, 0x00, 
    0x00, 0x00, 0x01, 0xFF, 0xFC, 0x00, 0x00, 0x00, 0x00, 0x00, 0x00, 0x3F, 0xC0, 0x00, 0x00, 0x00, 
    0x00, 0x00, 0x00, 0x00, 0x00, 0x00, 0x00, 0x00, 0x00, 0x00, 0x00, 0x00, 0x00, 0x00, 0x00, 0x00, 
    0x00, 0x00, 0x00, 0x00, 0x00, 0x00, 0x00, 0x00, 0x00, 0x00, 0x00, 0x00, 0x00, 0x00, 0x00, 0x00, 
    0x00, 0x00, 0x00, 0x00, 0x00, 0x00, 0x00, 0x00, 0x00, 0x00, 0x00, 0x00, 0x00, 0x00, 0x00, 0x00, 
    0x00, 0x00, 0x00, 0x00, 0x00, 0x00, 0x00, 0x00, 0x00, 0x00, 0x00, 0x00, 0x00, 0x00, 0x00, 0x00, 
    0x00, 0x00, 0x00, 0x00, 0x00, 0x00, 0x00, 0x00, 0x00, 0x00, 0x00, 0x00, 0x00, 0x00, 0x00, 0x00, 
      },
  {
    0x00, 0x00, 0x00, 0x00, 0x00, 0x00, 0x00, 0x00, 0x00, 0x00, 0x00, 0x00, 0x00, 0x00, 0x00, 0x00, 
    0x00, 0x00, 0x00, 0x00, 0x00, 0x00, 0x00, 0x00, 0x00, 0x00, 0x00, 0x00, 0x00, 0x00, 0x00, 0x00, 
    0x00, 0x00, 0x00, 0x00, 0x00, 0x00, 0x00, 0x00, 0x00, 0x00, 0x00, 0x00, 0x00, 0x00, 0x00, 0x00, 
    0x00, 0x00, 0x00, 0x00, 0x00, 0x00, 0x00, 0x00, 0x00, 0x00, 0x00, 0x00, 0x00, 0x00, 0x00, 0x00, 
    0x00, 0x00, 0x00, 0x00, 0x00, 0x00, 0x00, 0x00, 0x00, 0x00, 0x00, 0x00, 0x00, 0x00, 0x00, 0x00, 
    0x00, 0x00, 0x00, 0xFF, 0xF8, 0x00, 0x00, 0x00, 0x00, 0x00, 0x07, 0xFF, 0xFE, 0x00, 0x00, 0x00, 
    0x00, 0x00, 0x1F, 0xFF, 0xFF, 0x80, 0x00, 0x00, 0x00, 0x00, 0x3E, 0x77, 0xE3, 0xE0, 0x00, 0x00, 
    0x00, 0x00, 0xF8, 0xF7, 0x70, 0xF0, 0x00, 0x00, 0x00, 0x01, 0xE0, 0xE7, 0x38, 0x38, 0x00, 0x00, 
    0x00, 0x03, 0xC1, 0xC7, 0x1C, 0x1C, 0x00, 0x00, 0x00, 0x07, 0x83, 0x87, 0x0C, 0x0E, 0x00, 0x00, 
    0x00, 0x07, 0xC3, 0x07, 0x0E, 0x1F, 0x00, 0x00, 0x00, 0x0F, 0xF7, 0x07, 0x07, 0xFF, 0x80, 0x00, 
    0x00, 0x1C, 0xFF, 0x87, 0x0F, 0xF9, 0x80, 0x00, 0x00, 0x18, 0x1F, 0xFF, 0xFF, 0xC1, 0xC0, 0x00, 
    0x00, 0x38, 0x0F, 0xFF, 0xFF, 0x80, 0xE0, 0x00, 0x00, 0x30, 0x0C, 0x07, 0x03, 0x80, 0xE0, 0x00, 
    0x00, 0x70, 0x0C, 0x07, 0x01, 0x80, 0x60, 0x00, 0x00, 0x70, 0x1C, 0x07, 0x01, 0x80, 0x70, 0x00, 
    0x00, 0x60, 0x1C, 0x07, 0x01, 0xC0, 0x70, 0x00, 0x00, 0x60, 0x18, 0x07, 0x01, 0xC0, 0x30, 0x00, 
    0x00, 0xE0, 0x18, 0x07, 0x01, 0xC0, 0x30, 0x00, 0x00, 0xE0, 0x18, 0x07, 0x00, 0xC0, 0x30, 0x00, 
    0x00, 0xFF, 0xFF, 0xFF, 0xFF, 0xFF, 0xF8, 0x00, 0x00, 0xFF, 0xFF, 0xFF, 0xFF, 0xFF, 0xF8, 0x00, 
    0x00, 0xFF, 0xFF, 0xFF, 0xFF, 0xFF, 0xF8, 0x00, 0x00, 0xE0, 0x18, 0x07, 0x00, 0xC2, 0x30, 0x00, 
    0x00, 0xE0, 0x18, 0x07, 0x01, 0xC7, 0xB0, 0x00, 0x00, 0x60, 0x18, 0x07, 0x01, 0xC7, 0xF0, 0x00, 
    0x00, 0x60, 0x1C, 0x07, 0x01, 0xC7, 0xF0, 0x00, 0x00, 0x60, 0x1C, 0x07, 0x0F, 0xFF, 0x70, 0x00, 
    0x00, 0x70, 0x1C, 0x07, 0x0F, 0xFF, 0x3C, 0x00, 0x00, 0x30, 0x0C, 0x07, 0x1C, 0x00, 0x1E, 0x00, 
    0x00, 0x38, 0x0F, 0xFF, 0xFC, 0x00, 0x0F, 0x00, 0x00, 0x18, 0x1F, 0xFF, 0xFC, 0x00, 0x03, 0x80, 
    0x00, 0x1C, 0xFF, 0x87, 0x1C, 0x00, 0x07, 0x00, 0x00, 0x0F, 0xFF, 0x07, 0x1F, 0xFE, 0x1E, 0x00, 
    0x00, 0x0F, 0xC3, 0x07, 0x0F, 0xFF, 0x3C, 0x00, 0x00, 0x07, 0x03, 0x87, 0x0F, 0xFF, 0x78, 0x00, 
    0x00, 0x03, 0x81, 0x87, 0x1C, 0x0F, 0xE0, 0x00, 0x00, 0x01, 0xC1, 0xC7, 0x18, 0x3F, 0xC0, 0x00, 
    0x00, 0x00, 0xF0, 0xE7, 0x38, 0x7F, 0x80, 0x00, 0x00, 0x00, 0x7C, 0x77, 0x71, 0xF2, 0x00, 0x00, 
    0x00, 0x00, 0x1F, 0x3F, 0xE7, 0xC0, 0x00, 0x00, 0x00, 0x00, 0x0F, 0xFF, 0xFF, 0x00, 0x00, 0x00, 
    0x00, 0x00, 0x01, 0xFF, 0xFC, 0x00, 0x00, 0x00, 0x00, 0x00, 0x00, 0x3F, 0xC0, 0x00, 0x00, 0x00, 
    0x00, 0x00, 0x00, 0x00, 0x00, 0x00, 0x00, 0x00, 0x00, 0x00, 0x00, 0x00, 0x00, 0x00, 0x00, 0x00, 
    0x00, 0x00, 0x00, 0x00, 0x00, 0x00, 0x00, 0x00, 0x00, 0x00, 0x00, 0x00, 0x00, 0x00, 0x00, 0x00, 
    0x00, 0x00, 0x00, 0x00, 0x00, 0x00, 0x00, 0x00, 0x00, 0x00, 0x00, 0x00, 0x00, 0x00, 0x00, 0x00, 
    0x00, 0x00, 0x00, 0x00, 0x00, 0x00, 0x00, 0x00, 0x00, 0x00, 0x00, 0x00, 0x00, 0x00, 0x00, 0x00, 
    0x00, 0x00, 0x00, 0x00, 0x00, 0x00, 0x00, 0x00, 0x00, 0x00, 0x00, 0x00, 0x00, 0x00, 0x00, 0x00, 
      },
  {
    0x00, 0x00, 0x00, 0x00, 0x00, 0x00, 0x00, 0x00, 0x00, 0x00, 0x00, 0x00, 0x00, 0x00, 0x00, 0x00, 
    0x00, 0x00, 0x00, 0x00, 0x00, 0x00, 0x00, 0x00, 0x00, 0x00, 0x00, 0x00, 0x00, 0x00, 0x00, 0x00, 
    0x00, 0x00, 0x00, 0x00, 0x00, 0x00, 0x00, 0x00, 0x00, 0x00, 0x00, 0x00, 0x00, 0x00, 0x00, 0x00, 
    0x00, 0x00, 0x00, 0x00, 0x00, 0x00, 0x00, 0x00, 0x00, 0x00, 0x00, 0x00, 0x00, 0x00, 0x00, 0x00, 
    0x00, 0x00, 0x00, 0x00, 0x00, 0x00, 0x00, 0x00, 0x00, 0x00, 0x00, 0x00, 0x00, 0x00, 0x00, 0x00, 
    0x00, 0x00, 0x00, 0xFF, 0xF8, 0x00, 0x00, 0x00, 0x00, 0x00, 0x07, 0xFF, 0xFE, 0x00, 0x00, 0x00, 
    0x00, 0x00, 0x1F, 0xFF, 0xFF, 0x80, 0x00, 0x00, 0x00, 0x00, 0x3E, 0x77, 0xE3, 0xE0, 0x00, 0x00, 
    0x00, 0x00, 0xF8, 0xF7, 0x70, 0xF0, 0x00, 0x00, 0x00, 0x01, 0xE0, 0xE7, 0x38, 0x38, 0x00, 0x00, 
    0x00, 0x03, 0xC1, 0xC7, 0x1C, 0x1C, 0x00, 0x00, 0x00, 0x07, 0x83, 0x87, 0x0C, 0x0E, 0x00, 0x00, 
    0x00, 0x07, 0xC3, 0x07, 0x0E, 0x1F, 0x00, 0x00, 0x00, 0x0F, 0xF7, 0x07, 0x07, 0xFF, 0x80, 0x00, 
    0x00, 0x1C, 0xFF, 0x87, 0x0F, 0xF9, 0x80, 0x00, 0x00, 0x18, 0x1F, 0xFF, 0xFF, 0xC1, 0xC0, 0x00, 
    0x00, 0x38, 0x0F, 0xFF, 0xFF, 0x80, 0xE0, 0x00, 0x00, 0x30, 0x0C, 0x07, 0x03, 0x80, 0xE0, 0x00, 
    0x00, 0x70, 0x0C, 0x07, 0x01, 0x80, 0x60, 0x00, 0x00, 0x70, 0x1C, 0x07, 0x01, 0x80, 0x70, 0x00, 
    0x00, 0x60, 0x1C, 0x07, 0x01, 0xC0, 0x70, 0x00, 0x00, 0x60, 0x18, 0x07, 0x01, 0xC0, 0x30, 0x00, 
    0x00, 0xE0, 0x18, 0x07, 0x01, 0xC0, 0x30, 0x00, 0x00, 0xE0, 0x18, 0x07, 0x00, 0xC0, 0x30, 0x00, 
    0x00, 0xFF, 0xFF, 0xFF, 0xFF, 0xFF, 0xF8, 0x00, 0x00, 0xFF, 0xFF, 0xFF, 0xFF, 0xFF, 0xF8, 0x00, 
    0x00, 0xFF, 0xFF, 0xFF, 0xFF, 0xFF, 0xF8, 0x00, 0x00, 0xE0, 0x18, 0x07, 0x00, 0xC0, 0xB0, 0x00, 
    0x00, 0xE0, 0x18, 0x07, 0x01, 0xC1, 0xF0, 0x00, 0x00, 0x60, 0x18, 0x07, 0x01, 0xC1, 0xF0, 0x00, 
    0x00, 0x60, 0x1C, 0x07, 0x01, 0xC1, 0xF8, 0x00, 0x00, 0x60, 0x1C, 0x07, 0x03, 0xFF, 0xDE, 0x00, 
    0x00, 0x70, 0x1C, 0x07, 0x03, 0xFF, 0xCF, 0x00, 0x00, 0x30, 0x0C, 0x07, 0x03, 0x00, 0x07, 0x80, 
    0x00, 0x38, 0x0F, 0xFF, 0xFF, 0x00, 0x01, 0xC0, 0x00, 0x18, 0x1F, 0xFF, 0xFF, 0x00, 0x00, 0xE0, 
    0x00, 0x1C, 0xFF, 0x87, 0x1F, 0x00, 0x01, 0xE0, 0x00, 0x0F, 0xFF, 0x07, 0x07, 0xFF, 0x83, 0xC0, 
    0x00, 0x0F, 0xC3, 0x07, 0x07, 0xFF, 0xCF, 0x00, 0x00, 0x07, 0x03, 0x87, 0x0F, 0xFF, 0xDE, 0x00, 
    0x00, 0x03, 0x81, 0x87, 0x1C, 0x0E, 0xFC, 0x00, 0x00, 0x01, 0xC1, 0xC7, 0x18, 0x3D, 0xF0, 0x00, 
    0x00, 0x00, 0xF0, 0xE7, 0x38, 0x78, 0xE0, 0x00, 0x00, 0x00, 0x7C, 0x77, 0x71, 0xF0, 0xC0, 0x00, 
    0x00, 0x00, 0x1F, 0x3F, 0xE7, 0xC0, 0x00, 0x00, 0x00, 0x00, 0x0F, 0xFF, 0xFF, 0x00, 0x00, 0x00, 
    0x00, 0x00, 0x01, 0xFF, 0xFC, 0x00, 0x00, 0x00, 0x00, 0x00, 0x00, 0x3F, 0xC0, 0x00, 0x00, 0x00, 
    0x00, 0x00, 0x00, 0x00, 0x00, 0x00, 0x00, 0x00, 0x00, 0x00, 0x00, 0x00, 0x00, 0x00, 0x00, 0x00, 
    0x00, 0x00, 0x00, 0x00, 0x00, 0x00, 0x00, 0x00, 0x00, 0x00, 0x00, 0x00, 0x00, 0x00, 0x00, 0x00, 
    0x00, 0x00, 0x00, 0x00, 0x00, 0x00, 0x00, 0x00, 0x00, 0x00, 0x00, 0x00, 0x00, 0x00, 0x00, 0x00, 
    0x00, 0x00, 0x00, 0x00, 0x00, 0x00, 0x00, 0x00, 0x00, 0x00, 0x00, 0x00, 0x00, 0x00, 0x00, 0x00, 
    0x00, 0x00, 0x00, 0x00, 0x00, 0x00, 0x00, 0x00, 0x00, 0x00, 0x00, 0x00, 0x00, 0x00, 0x00, 0x00, 
      },
  {
    0x00, 0x00, 0x00, 0x00, 0x00, 0x00, 0x00, 0x00, 0x00, 0x00, 0x00, 0x00, 0x00, 0x00, 0x00, 0x00, 
    0x00, 0x00, 0x00, 0x00, 0x00, 0x00, 0x00, 0x00, 0x00, 0x00, 0x00, 0x00, 0x00, 0x00, 0x00, 0x00, 
    0x00, 0x00, 0x00, 0x00, 0x00, 0x00, 0x00, 0x00, 0x00, 0x00, 0x00, 0x00, 0x00, 0x00, 0x00, 0x00, 
    0x00, 0x00, 0x00, 0x00, 0x00, 0x00, 0x00, 0x00, 0x00, 0x00, 0x00, 0x00, 0x00, 0x00, 0x00, 0x00, 
    0x00, 0x00, 0x00, 0x00, 0x00, 0x00, 0x00, 0x00, 0x00, 0x00, 0x00, 0x00, 0x00, 0x00, 0x00, 0x00, 
    0x00, 0x00, 0x00, 0xFF, 0xF8, 0x00, 0x00, 0x00, 0x00, 0x00, 0x07, 0xFF, 0xFE, 0x00, 0x00, 0x00, 
    0x00, 0x00, 0x1F, 0xFF, 0xFF, 0x80, 0x00, 0x00, 0x00, 0x00, 0x3E, 0x77, 0xE3, 0xE0, 0x00, 0x00, 
    0x00, 0x00, 0xF8, 0xF7, 0x70, 0xF0, 0x00, 0x00, 0x00, 0x01, 0xE0, 0xE7, 0x38, 0x38, 0x00, 0x00, 
    0x00, 0x03, 0xC1, 0xC7, 0x1C, 0x1C, 0x00, 0x00, 0x00, 0x07, 0x83, 0x87, 0x0C, 0x0E, 0x00, 0x00, 
    0x00, 0x07, 0xC3, 0x07, 0x0E, 0x1F, 0x00, 0x00, 0x00, 0x0F, 0xF7, 0x07, 0x07, 0xFF, 0x80, 0x00, 
    0x00, 0x1C, 0xFF, 0x87, 0x0F, 0xF9, 0x80, 0x00, 0x00, 0x18, 0x1F, 0xFF, 0xFF, 0xC1, 0xC0, 0x00, 
    0x00, 0x38, 0x0F, 0xFF, 0xFF, 0x80, 0xE0, 0x00, 0x00, 0x30, 0x0C, 0x07, 0x03, 0x80, 0xE0, 0x00, 
    0x00, 0x70, 0x0C, 0x07, 0x01, 0x80, 0x60, 0x00, 0x00, 0x70, 0x1C, 0x07, 0x01, 0x80, 0x70, 0x00, 
    0x00, 0x60, 0x1C, 0x07, 0x01, 0xC0, 0x70, 0x00, 0x00, 0x60, 0x18, 0x07, 0x01, 0xC0, 0x30, 0x00, 
    0x00, 0xE0, 0x18, 0x07, 0x01, 0xC0, 0x30, 0x00, 0x00, 0xE0, 0x18, 0x07, 0x00, 0xC0, 0x30, 0x00, 
    0x00, 0xFF, 0xFF, 0xFF, 0xFF, 0xFF, 0xF8, 0x00, 0x00, 0xFF, 0xFF, 0xFF, 0xFF, 0xFF, 0xF8, 0x00, 
    0x00, 0xFF, 0xFF, 0xFF, 0xFF, 0xFF, 0xF8, 0x00, 0x00, 0xE0, 0x18, 0x07, 0x00, 0xC0, 0x30, 0x00, 
    0x00, 0xE0, 0x18, 0x07, 0x01, 0xC0, 0x70, 0x00, 0x00, 0x60, 0x18, 0x07, 0x01, 0xC0, 0x78, 0x00, 
    0x00, 0x60, 0x1C, 0x07, 0x01, 0xC0, 0x7E, 0x00, 0x00, 0x60, 0x1C, 0x07, 0x01, 0xFF, 0xEF, 0x00, 
    0x00, 0x70, 0x1C, 0x07, 0x01, 0xFF, 0xE7, 0x80, 0x00, 0x30, 0x0C, 0x07, 0x01, 0xC0, 0x01, 0xE0, 
    0x00, 0x38, 0x0F, 0xFF, 0xFF, 0x80, 0x00, 0xF0, 0x00, 0x18, 0x1F, 0xFF, 0xFF, 0x80, 0x00, 0x70, 
    0x00, 0x1C, 0xFF, 0x87, 0x1F, 0x80, 0x00, 0xF0, 0x00, 0x0F, 0xFF, 0x07, 0x07, 0xFF, 0xC1, 0xE0, 
    0x00, 0x0F, 0xC3, 0x07, 0x07, 0xFF, 0xE3, 0xC0, 0x00, 0x07, 0x03, 0x87, 0x0E, 0xFF, 0xEF, 0x00, 
    0x00, 0x03, 0x81, 0x87, 0x1C, 0x0E, 0x7E, 0x00, 0x00, 0x01, 0xC1, 0xC7, 0x18, 0x3C, 0x7C, 0x00, 
    0x00, 0x00, 0xF0, 0xE7, 0x38, 0x78, 0x70, 0x00, 0x00, 0x00, 0x7C, 0x77, 0x71, 0xF0, 0x20, 0x00, 
    0x00, 0x00, 0x1F, 0x3F, 0xE7, 0xC0, 0x00, 0x00, 0x00, 0x00, 0x0F, 0xFF, 0xFF, 0x00, 0x00, 0x00, 
    0x00, 0x00, 0x01, 0xFF, 0xFC, 0x00, 0x00, 0x00, 0x00, 0x00, 0x00, 0x3F, 0xC0, 0x00, 0x00, 0x00, 
    0x00, 0x00, 0x00, 0x00, 0x00, 0x00, 0x00, 0x00, 0x00, 0x00, 0x00, 0x00, 0x00, 0x00, 0x00, 0x00, 
    0x00, 0x00, 0x00, 0x00, 0x00, 0x00, 0x00, 0x00, 0x00, 0x00, 0x00, 0x00, 0x00, 0x00, 0x00, 0x00, 
    0x00, 0x00, 0x00, 0x00, 0x00, 0x00, 0x00, 0x00, 0x00, 0x00, 0x00, 0x00, 0x00, 0x00, 0x00, 0x00, 
    0x00, 0x00, 0x00, 0x00, 0x00, 0x00, 0x00, 0x00, 0x00, 0x00, 0x00, 0x00, 0x00, 0x00, 0x00, 0x00, 
    0x00, 0x00, 0x00, 0x00, 0x00, 0x00, 0x00, 0x00, 0x00, 0x00, 0x00, 0x00, 0x00, 0x00, 0x00, 0x00, 
      },
  {
    0x00, 0x00, 0x00, 0x00, 0x00, 0x00, 0x00, 0x00, 0x00, 0x00, 0x00, 0x00, 0x00, 0x00, 0x00, 0x00, 
    0x00, 0x00, 0x00, 0x00, 0x00, 0x00, 0x00, 0x00, 0x00, 0x00, 0x00, 0x00, 0x00, 0x00, 0x00, 0x00, 
    0x00, 0x00, 0x00, 0x00, 0x00, 0x00, 0x00, 0x00, 0x00, 0x00, 0x00, 0x00, 0x00, 0x00, 0x00, 0x00, 
    0x00, 0x00, 0x00, 0x00, 0x00, 0x00, 0x00, 0x00, 0x00, 0x00, 0x00, 0x00, 0x00, 0x00, 0x00, 0x00, 
    0x00, 0x00, 0x00, 0x00, 0x00, 0x00, 0x00, 0x00, 0x00, 0x00, 0x00, 0x00, 0x00, 0x00, 0x00, 0x00, 
    0x00, 0x00, 0x00, 0xFF, 0xF8, 0x00, 0x00, 0x00, 0x00, 0x00, 0x07, 0xFF, 0xFE, 0x00, 0x00, 0x00, 
    0x00, 0x00, 0x1F, 0xFF, 0xFF, 0x80, 0x00, 0x00, 0x00, 0x00, 0x3E, 0x77, 0xE3, 0xE0, 0x00, 0x00, 
    0x00, 0x00, 0xF8, 0xF7, 0x70, 0xF0, 0x00, 0x00, 0x00, 0x01, 0xE0, 0xE7, 0x38, 0x38, 0x00, 0x00, 
    0x00, 0x03, 0xC1, 0xC7, 0x1C, 0x1C, 0x00, 0x00, 0x00, 0x07, 0x83, 0x87, 0x0C, 0x0E, 0x00, 0x00, 
    0x00, 0x07, 0xC3, 0x07, 0x0E, 0x1F, 0x00, 0x00, 0x00, 0x0F, 0xF7, 0x07, 0x07, 0xFF, 0x80, 0x00, 
    0x00, 0x1C, 0xFF, 0x87, 0x0F, 0xF9, 0x80, 0x00, 0x00, 0x18, 0x1F, 0xFF, 0xFF, 0xC1, 0xC0, 0x00, 
    0x00, 0x38, 0x0F, 0xFF, 0xFF, 0x80, 0xE0, 0x00, 0x00, 0x30, 0x0C, 0x07, 0x03, 0x80, 0xE0, 0x00, 
    0x00, 0x70, 0x0C, 0x07, 0x01, 0x80, 0x60, 0x00, 0x00, 0x70, 0x1C, 0x07, 0x01, 0x80, 0x70, 0x00, 
    0x00, 0x60, 0x1C, 0x07, 0x01, 0xC0, 0x70, 0x00, 0x00, 0x60, 0x18, 0x07, 0x01, 0xC0, 0x30, 0x00, 
    0x00, 0xE0, 0x18, 0x07, 0x01, 0xC0, 0x30, 0x00, 0x00, 0xE0, 0x18, 0x07, 0x00, 0xC0, 0x30, 0x00, 
    0x00, 0xFF, 0xFF, 0xFF, 0xFF, 0xFF, 0xF8, 0x00, 0x00, 0xFF, 0xFF, 0xFF, 0xFF, 0xFF, 0xF8, 0x00, 
    0x00, 0xFF, 0xFF, 0xFF, 0xFF, 0xFF, 0xF8, 0x00, 0x00, 0xE0, 0x18, 0x07, 0x00, 0xC0, 0x30, 0x00, 
    0x00, 0xE0, 0x18, 0x07, 0x01, 0xC0, 0x78, 0x00, 0x00, 0x60, 0x18, 0x07, 0x01, 0xC0, 0x7C, 0x00, 
    0x00, 0x60, 0x1C, 0x07, 0x01, 0xC0, 0x7E, 0x00, 0x00, 0x60, 0x1C, 0x07, 0x01, 0xFF, 0xE7, 0x00, 
    0x00, 0x70, 0x1C, 0x07, 0x01, 0xFF, 0xE3, 0xC0, 0x00, 0x30, 0x0C, 0x07, 0x01, 0xC0, 0x01, 0xE0, 
    0x00, 0x38, 0x0F, 0xFF, 0xFF, 0xC0, 0x00, 0xF0, 0x00, 0x18, 0x1F, 0xFF, 0xFF, 0xC0, 0x00, 0x38, 
    0x00, 0x1C, 0xFF, 0x87, 0x1F, 0xC0, 0x00, 0x70, 0x00, 0x0F, 0xFF, 0x07, 0x07, 0xFF, 0xE1, 0xE0, 
    0x00, 0x0F, 0xC3, 0x07, 0x07, 0xFF, 0xF3, 0xC0, 0x00, 0x07, 0x03, 0x87, 0x0E, 0x7F, 0xF7, 0x80, 
    0x00, 0x03, 0x81, 0x87, 0x1C, 0x0E, 0x7E, 0x00, 0x00, 0x01, 0xC1, 0xC7, 0x18, 0x3C, 0x7C, 0x00, 
    0x00, 0x00, 0xF0, 0xE7, 0x38, 0x78, 0x78, 0x00, 0x00, 0x00, 0x7C, 0x77, 0x71, 0xF0, 0x20, 0x00, 
    0x00, 0x00, 0x1F, 0x3F, 0xE7, 0xC0, 0x00, 0x00, 0x00, 0x00, 0x0F, 0xFF, 0xFF, 0x00, 0x00, 0x00, 
    0x00, 0x00, 0x01, 0xFF, 0xFC, 0x00, 0x00, 0x00, 0x00, 0x00, 0x00, 0x3F, 0xC0, 0x00, 0x00, 0x00, 
    0x00, 0x00, 0x00, 0x00, 0x00, 0x00, 0x00, 0x00, 0x00, 0x00, 0x00, 0x00, 0x00, 0x00, 0x00, 0x00, 
    0x00, 0x00, 0x00, 0x00, 0x00, 0x00, 0x00, 0x00, 0x00, 0x00, 0x00, 0x00, 0x00, 0x00, 0x00, 0x00, 
    0x00, 0x00, 0x00, 0x00, 0x00, 0x00, 0x00, 0x00, 0x00, 0x00, 0x00, 0x00, 0x00, 0x00, 0x00, 0x00, 
    0x00, 0x00, 0x00, 0x00, 0x00, 0x00, 0x00, 0x00, 0x00, 0x00, 0x00, 0x00, 0x00, 0x00, 0x00, 0x00, 
    0x00, 0x00, 0x00, 0x00, 0x00, 0x00, 0x00, 0x00, 0x00, 0x00, 0x00, 0x00, 0x00, 0x00, 0x00, 0x00, 
      },
  {
    0x00, 0x00, 0x00, 0x00, 0x00, 0x00, 0x00, 0x00, 0x00, 0x00, 0x00, 0x00, 0x00, 0x00, 0x00, 0x00, 
    0x00, 0x00, 0x00, 0x00, 0x00, 0x00, 0x00, 0x00, 0x00, 0x00, 0x00, 0x00, 0x00, 0x00, 0x00, 0x00, 
    0x00, 0x00, 0x00, 0x00, 0x00, 0x00, 0x00, 0x00, 0x00, 0x00, 0x00, 0x00, 0x00, 0x00, 0x00, 0x00, 
    0x00, 0x00, 0x00, 0x00, 0x00, 0x00, 0x00, 0x00, 0x00, 0x00, 0x00, 0x00, 0x00, 0x00, 0x00, 0x00, 
    0x00, 0x00, 0x00, 0x00, 0x00, 0x00, 0x00, 0x00, 0x00, 0x00, 0x00, 0x00, 0x00, 0x00, 0x00, 0x00, 
    0x00, 0x00, 0x00, 0xFF, 0xF8, 0x00, 0x00, 0x00, 0x00, 0x00, 0x07, 0xFF, 0xFE, 0x00, 0x00, 0x00, 
    0x00, 0x00, 0x1F, 0xFF, 0xFF, 0x80, 0x00, 0x00, 0x00, 0x00, 0x3E, 0x77, 0xE3, 0xE0, 0x00, 0x00, 
    0x00, 0x00, 0xF8, 0xF7, 0x70, 0xF0, 0x00, 0x00, 0x00, 0x01, 0xE0, 0xE7, 0x38, 0x38, 0x00, 0x00, 
    0x00, 0x03, 0xC1, 0xC7, 0x1C, 0x1C, 0x00, 0x00, 0x00, 0x07, 0x83, 0x87, 0x0C, 0x0E, 0x00, 0x00, 
    0x00, 0x07, 0xC3, 0x07, 0x0E, 0x1F, 0x00, 0x00, 0x00, 0x0F, 0xF7, 0x07, 0x07, 0xFF, 0x80, 0x00, 
    0x00, 0x1C, 0xFF, 0x87, 0x0F, 0xF9, 0x80, 0x00, 0x00, 0x18, 0x1F, 0xFF, 0xFF, 0xC1, 0xC0, 0x00, 
    0x00, 0x38, 0x0F, 0xFF, 0xFF, 0x80, 0xE0, 0x00, 0x00, 0x30, 0x0C, 0x07, 0x03, 0x80, 0xE0, 0x00, 
    0x00, 0x70, 0x0C, 0x07, 0x01, 0x80, 0x60, 0x00, 0x00, 0x70, 0x1C, 0x07, 0x01, 0x80, 0x70, 0x00, 
    0x00, 0x60, 0x1C, 0x07, 0x01, 0xC0, 0x70, 0x00, 0x00, 0x60, 0x18, 0x07, 0x01, 0xC0, 0x30, 0x00, 
    0x00, 0xE0, 0x18, 0x07, 0x01, 0xC0, 0x30, 0x00, 0x00, 0xE0, 0x18, 0x07, 0x00, 0xC0, 0x30, 0x00, 
    0x00, 0xFF, 0xFF, 0xFF, 0xFF, 0xFF, 0xF8, 0x00, 0x00, 0xFF, 0xFF, 0xFF, 0xFF, 0xFF, 0xF8, 0x00, 
    0x00, 0xFF, 0xFF, 0xFF, 0xFF, 0xFF, 0xF8, 0x00, 0x00, 0xE0, 0x18, 0x07, 0x00, 0xC0, 0xB0, 0x00, 
    0x00, 0xE0, 0x18, 0x07, 0x01, 0xC1, 0xF0, 0x00, 0x00, 0x60, 0x18, 0x07, 0x01, 0xC1, 0xF0, 0x00, 
    0x00, 0x60, 0x1C, 0x07, 0x01, 0xC1, 0xF8, 0x00, 0x00, 0x60, 0x1C, 0x07, 0x03, 0xFF, 0xDE, 0x00, 
    0x00, 0x70, 0x1C, 0x07, 0x03, 0xFF, 0xCF, 0x00, 0x00, 0x30, 0x0C, 0x07, 0x03, 0x00, 0x07, 0x80, 
    0x00, 0x38, 0x0F, 0xFF, 0xFF, 0x00, 0x01, 0xC0, 0x00, 0x18, 0x1F, 0xFF, 0xFF, 0x00, 0x00, 0xE0, 
    0x00, 0x1C, 0xFF, 0x87, 0x1F, 0x00, 0x01, 0xE0, 0x00, 0x0F, 0xFF, 0x07, 0x07, 0xFF, 0x83, 0xC0, 
    0x00, 0x0F, 0xC3, 0x07, 0x07, 0xFF, 0xCF, 0x00, 0x00, 0x07, 0x03, 0x87, 0x0F, 0xFF, 0xDE, 0x00, 
    0x00, 0x03, 0x81, 0x87, 0x1C, 0x0E, 0xFC, 0x00, 0x00, 0x01, 0xC1, 0xC7, 0x18, 0x3D, 0xF0, 0x00, 
    0x00, 0x00, 0xF0, 0xE7, 0x38, 0x78, 0xE0, 0x00, 0x00, 0x00, 0x7C, 0x77, 0x71, 0xF0, 0xC0, 0x00, 
    0x00, 0x00, 0x1F, 0x3F, 0xE7, 0xC0, 0x00, 0x00, 0x00, 0x00, 0x0F, 0xFF, 0xFF, 0x00, 0x00, 0x00, 
    0x00, 0x00, 0x01, 0xFF, 0xFC, 0x00, 0x00, 0x00, 0x00, 0x00, 0x00, 0x3F, 0xC0, 0x00, 0x00, 0x00, 
    0x00, 0x00, 0x00, 0x00, 0x00, 0x00, 0x00, 0x00, 0x00, 0x00, 0x00, 0x00, 0x00, 0x00, 0x00, 0x00, 
    0x00, 0x00, 0x00, 0x00, 0x00, 0x00, 0x00, 0x00, 0x00, 0x00, 0x00, 0x00, 0x00, 0x00, 0x00, 0x00, 
    0x00, 0x00, 0x00, 0x00, 0x00, 0x00, 0x00, 0x00, 0x00, 0x00, 0x00, 0x00, 0x00, 0x00, 0x00, 0x00, 
    0x00, 0x00, 0x00, 0x00, 0x00, 0x00, 0x00, 0x00, 0x00, 0x00, 0x00, 0x00, 0x00, 0x00, 0x00, 0x00, 
    0x00, 0x00, 0x00, 0x00, 0x00, 0x00, 0x00, 0x00, 0x00, 0x00, 0x00, 0x00, 0x00, 0x00, 0x00, 0x00, 
      },
  {
    0x00, 0x00, 0x00, 0x00, 0x00, 0x00, 0x00, 0x00, 0x00, 0x00, 0x00, 0x00, 0x00, 0x00, 0x00, 0x00, 
    0x00, 0x00, 0x00, 0x00, 0x00, 0x00, 0x00, 0x00, 0x00, 0x00, 0x00, 0x00, 0x00, 0x00, 0x00, 0x00, 
    0x00, 0x00, 0x00, 0x00, 0x00, 0x00, 0x00, 0x00, 0x00, 0x00, 0x00, 0x00, 0x00, 0x00, 0x00, 0x00, 
    0x00, 0x00, 0x00, 0x00, 0x00, 0x00, 0x00, 0x00, 0x00, 0x00, 0x00, 0x00, 0x00, 0x00, 0x00, 0x00, 
    0x00, 0x00, 0x00, 0x00, 0x00, 0x00, 0x00, 0x00, 0x00, 0x00, 0x00, 0x00, 0x00, 0x00, 0x00, 0x00, 
    0x00, 0x00, 0x00, 0xFF, 0xF8, 0x00, 0x00, 0x00, 0x00, 0x00, 0x07, 0xFF, 0xFE, 0x00, 0x00, 0x00, 
    0x00, 0x00, 0x1F, 0xFF, 0xFF, 0x80, 0x00, 0x00, 0x00, 0x00, 0x3E, 0x77, 0xE3, 0xE0, 0x00, 0x00, 
    0x00, 0x00, 0xF8, 0xF7, 0x70, 0xF0, 0x00, 0x00, 0x00, 0x01, 0xE0, 0xE7, 0x38, 0x38, 0x00, 0x00, 
    0x00, 0x03, 0xC1, 0xC7, 0x1C, 0x1C, 0x00, 0x00, 0x00, 0x07, 0x83, 0x87, 0x0C, 0x0E, 0x00, 0x00, 
    0x00, 0x07, 0xC3, 0x07, 0x0E, 0x1F, 0x00, 0x00, 0x00, 0x0F, 0xF7, 0x07, 0x07, 0xFF, 0x80, 0x00, 
    0x00, 0x1C, 0xFF, 0x87, 0x0F, 0xF9, 0x80, 0x00, 0x00, 0x18, 0x1F, 0xFF, 0xFF, 0xC1, 0xC0, 0x00, 
    0x00, 0x38, 0x0F, 0xFF, 0xFF, 0x80, 0xE0, 0x00, 0x00, 0x30, 0x0C, 0x07, 0x03, 0x80, 0xE0, 0x00, 
    0x00, 0x70, 0x0C, 0x07, 0x01, 0x80, 0x60, 0x00, 0x00, 0x70, 0x1C, 0x07, 0x01, 0x80, 0x70, 0x00, 
    0x00, 0x60, 0x1C, 0x07, 0x01, 0xC0, 0x70, 0x00, 0x00, 0x60, 0x18, 0x07, 0x01, 0xC0, 0x30, 0x00, 
    0x00, 0xE0, 0x18, 0x07, 0x01, 0xC0, 0x30, 0x00, 0x00, 0xE0, 0x18, 0x07, 0x00, 0xC0, 0x30, 0x00, 
    0x00, 0xFF, 0xFF, 0xFF, 0xFF, 0xFF, 0xF8, 0x00, 0x00, 0xFF, 0xFF, 0xFF, 0xFF, 0xFF, 0xF8, 0x00, 
    0x00, 0xFF, 0xFF, 0xFF, 0xFF, 0xFF, 0xF8, 0x00, 0x00, 0xE0, 0x18, 0x07, 0x00, 0xC1, 0x30, 0x00, 
    0x00, 0xE0, 0x18, 0x07, 0x01, 0xC3, 0xF0, 0x00, 0x00, 0x60, 0x18, 0x07, 0x01, 0xC3, 0xF0, 0x00, 
    0x00, 0x60, 0x1C, 0x07, 0x01, 0xC3, 0xF0, 0x00, 0x00, 0x60, 0x1C, 0x07, 0x07, 0xFF, 0xBC, 0x00, 
    0x00, 0x70, 0x1C, 0x07, 0x07, 0xFF, 0x9E, 0x00, 0x00, 0x30, 0x0C, 0x07, 0x06, 0x00, 0x0F, 0x00, 
    0x00, 0x38, 0x0F, 0xFF, 0xFE, 0x00, 0x03, 0x80, 0x00, 0x18, 0x1F, 0xFF, 0xFE, 0x00, 0x01, 0xC0, 
    0x00, 0x1C, 0xFF, 0x87, 0x0E, 0x00, 0x03, 0x80, 0x00, 0x0F, 0xFF, 0x07, 0x07, 0xFF, 0x07, 0x00, 
    0x00, 0x0F, 0xC3, 0x07, 0x07, 0xFF, 0x9E, 0x00, 0x00, 0x07, 0x03, 0x87, 0x0F, 0xFF, 0xBC, 0x00, 
    0x00, 0x03, 0x81, 0x87, 0x1C, 0x0F, 0xF8, 0x00, 0x00, 0x01, 0xC1, 0xC7, 0x18, 0x3F, 0xE0, 0x00, 
    0x00, 0x00, 0xF0, 0xE7, 0x38, 0x79, 0xC0, 0x00, 0x00, 0x00, 0x7C, 0x77, 0x71, 0xF1, 0x80, 0x00, 
    0x00, 0x00, 0x1F, 0x3F, 0xE7, 0xC0, 0x00, 0x00, 0x00, 0x00, 0x0F, 0xFF, 0xFF, 0x00, 0x00, 0x00, 
    0x00, 0x00, 0x01, 0xFF, 0xFC, 0x00, 0x00, 0x00, 0x00, 0x00, 0x00, 0x3F, 0xC0, 0x00, 0x00, 0x00, 
    0x00, 0x00, 0x00, 0x00, 0x00, 0x00, 0x00, 0x00, 0x00, 0x00, 0x00, 0x00, 0x00, 0x00, 0x00, 0x00, 
    0x00, 0x00, 0x00, 0x00, 0x00, 0x00, 0x00, 0x00, 0x00, 0x00, 0x00, 0x00, 0x00, 0x00, 0x00, 0x00, 
    0x00, 0x00, 0x00, 0x00, 0x00, 0x00, 0x00, 0x00, 0x00, 0x00, 0x00, 0x00, 0x00, 0x00, 0x00, 0x00, 
    0x00, 0x00, 0x00, 0x00, 0x00, 0x00, 0x00, 0x00, 0x00, 0x00, 0x00, 0x00, 0x00, 0x00, 0x00, 0x00, 
    0x00, 0x00, 0x00, 0x00, 0x00, 0x00, 0x00, 0x00, 0x00, 0x00, 0x00, 0x00, 0x00, 0x00, 0x00, 0x00, 
      },
  {
    0x00, 0x00, 0x00, 0x00, 0x00, 0x00, 0x00, 0x00, 0x00, 0x00, 0x00, 0x00, 0x00, 0x00, 0x00, 0x00, 
    0x00, 0x00, 0x00, 0x00, 0x00, 0x00, 0x00, 0x00, 0x00, 0x00, 0x00, 0x00, 0x00, 0x00, 0x00, 0x00, 
    0x00, 0x00, 0x00, 0x00, 0x00, 0x00, 0x00, 0x00, 0x00, 0x00, 0x00, 0x00, 0x00, 0x00, 0x00, 0x00, 
    0x00, 0x00, 0x00, 0x00, 0x00, 0x00, 0x00, 0x00, 0x00, 0x00, 0x00, 0x00, 0x00, 0x00, 0x00, 0x00, 
    0x00, 0x00, 0x00, 0x00, 0x00, 0x00, 0x00, 0x00, 0x00, 0x00, 0x00, 0x00, 0x00, 0x00, 0x00, 0x00, 
    0x00, 0x00, 0x00, 0xFF, 0xF8, 0x00, 0x00, 0x00, 0x00, 0x00, 0x07, 0xFF, 0xFE, 0x00, 0x00, 0x00, 
    0x00, 0x00, 0x1F, 0xFF, 0xFF, 0x80, 0x00, 0x00, 0x00, 0x00, 0x3E, 0x77, 0xE3, 0xE0, 0x00, 0x00, 
    0x00, 0x00, 0xF8, 0xF7, 0x70, 0xF0, 0x00, 0x00, 0x00, 0x01, 0xE0, 0xE7, 0x38, 0x38, 0x00, 0x00, 
    0x00, 0x03, 0xC1, 0xC7, 0x1C, 0x1C, 0x00, 0x00, 0x00, 0x07, 0x83, 0x87, 0x0C, 0x0E, 0x00, 0x00, 
    0x00, 0x07, 0xC3, 0x07, 0x0E, 0x1F, 0x00, 0x00, 0x00, 0x0F, 0xF7, 0x07, 0x07, 0xFF, 0x80, 0x00, 
    0x00, 0x1C, 0xFF, 0x87, 0x0F, 0xF9, 0x80, 0x00, 0x00, 0x18, 0x1F, 0xFF, 0xFF, 0xC1, 0xC0, 0x00, 
    0x00, 0x38, 0x0F, 0xFF, 0xFF, 0x80, 0xE0, 0x00, 0x00, 0x30, 0x0C, 0x07, 0x03, 0x80, 0xE0, 0x00, 
    0x00, 0x70, 0x0C, 0x07, 0x01, 0x80, 0x60, 0x00, 0x00, 0x70, 0x1C, 0x07, 0x01, 0x80, 0x70, 0x00, 
    0x00, 0x60, 0x1C, 0x07, 0x01, 0xC0, 0x70, 0x00, 0x00, 0x60, 0x18, 0x07, 0x01, 0xC0, 0x30, 0x00, 
    0x00, 0xE0, 0x18, 0x07, 0x01, 0xC0, 0x30, 0x00, 0x00, 0xE0, 0x18, 0x07, 0x00, 0xC0, 0x30, 0x00, 
    0x00, 0xFF, 0xFF, 0xFF, 0xFF, 0xFF, 0xF8, 0x00, 0x00, 0xFF, 0xFF, 0xFF, 0xFF, 0xFF, 0xF8, 0x00, 
    0x00, 0xFF, 0xFF, 0xFF, 0xFF, 0xFF, 0xF8, 0x00, 0x00, 0xE0, 0x18, 0x07, 0x00, 0xC3, 0x30, 0x00, 
    0x00, 0xE0, 0x18, 0x07, 0x01, 0xC3, 0xB0, 0x00, 0x00, 0x60, 0x18, 0x07, 0x01, 0xC3, 0xF0, 0x00, 
    0x00, 0x60, 0x1C, 0x07, 0x01, 0xC3, 0xF0, 0x00, 0x00, 0x60, 0x1C, 0x07, 0x07, 0xFF, 0x78, 0x00, 
    0x00, 0x70, 0x1C, 0x07, 0x0F, 0xFF, 0x3C, 0x00, 0x00, 0x30, 0x0C, 0x07, 0x0E, 0x00, 0x0E, 0x00, 
    0x00, 0x38, 0x0F, 0xFF, 0xFC, 0x00, 0x07, 0x80, 0x00, 0x18, 0x1F, 0xFF, 0xFC, 0x00, 0x03, 0x80, 
    0x00, 0x1C, 0xFF, 0x87, 0x1C, 0x00, 0x07, 0x80, 0x00, 0x0F, 0xFF, 0x07, 0x0F, 0xFE, 0x0F, 0x00, 
    0x00, 0x0F, 0xC3, 0x07, 0x0F, 0xFF, 0x1C, 0x00, 0x00, 0x07, 0x03, 0x87, 0x0F, 0xFF, 0x78, 0x00, 
    0x00, 0x03, 0x81, 0x87, 0x1C, 0x0F, 0xF0, 0x00, 0x00, 0x01, 0xC1, 0xC7, 0x18, 0x3F, 0xC0, 0x00, 
    0x00, 0x00, 0xF0, 0xE7, 0x38, 0x7B, 0x80, 0x00, 0x00, 0x00, 0x7C, 0x77, 0x71, 0xF1, 0x00, 0x00, 
    0x00, 0x00, 0x1F, 0x3F, 0xE7, 0xC0, 0x00, 0x00, 0x00, 0x00, 0x0F, 0xFF, 0xFF, 0x00, 0x00, 0x00, 
    0x00, 0x00, 0x01, 0xFF, 0xFC, 0x00, 0x00, 0x00, 0x00, 0x00, 0x00, 0x3F, 0xC0, 0x00, 0x00, 0x00, 
    0x00, 0x00, 0x00, 0x00, 0x00, 0x00, 0x00, 0x00, 0x00, 0x00, 0x00, 0x00, 0x00, 0x00, 0x00, 0x00, 
    0x00, 0x00, 0x00, 0x00, 0x00, 0x00, 0x00, 0x00, 0x00, 0x00, 0x00, 0x00, 0x00, 0x00, 0x00, 0x00, 
    0x00, 0x00, 0x00, 0x00, 0x00, 0x00, 0x00, 0x00, 0x00, 0x00, 0x00, 0x00, 0x00, 0x00, 0x00, 0x00, 
    0x00, 0x00, 0x00, 0x00, 0x00, 0x00, 0x00, 0x00, 0x00, 0x00, 0x00, 0x00, 0x00, 0x00, 0x00, 0x00, 
    0x00, 0x00, 0x00, 0x00, 0x00, 0x00, 0x00, 0x00, 0x00, 0x00, 0x00, 0x00, 0x00, 0x00, 0x00, 0x00, 
      },
  {
    0x00, 0x00, 0x00, 0x00, 0x00, 0x00, 0x00, 0x00, 0x00, 0x00, 0x00, 0x00, 0x00, 0x00, 0x00, 0x00, 
    0x00, 0x00, 0x00, 0x00, 0x00, 0x00, 0x00, 0x00, 0x00, 0x00, 0x00, 0x00, 0x00, 0x00, 0x00, 0x00, 
    0x00, 0x00, 0x00, 0x00, 0x00, 0x00, 0x00, 0x00, 0x00, 0x00, 0x00, 0x00, 0x00, 0x00, 0x00, 0x00, 
    0x00, 0x00, 0x00, 0x00, 0x00, 0x00, 0x00, 0x00, 0x00, 0x00, 0x00, 0x00, 0x00, 0x00, 0x00, 0x00, 
    0x00, 0x00, 0x00, 0x00, 0x00, 0x00, 0x00, 0x00, 0x00, 0x00, 0x00, 0x00, 0x00, 0x00, 0x00, 0x00, 
    0x00, 0x00, 0x00, 0xFF, 0xF8, 0x00, 0x00, 0x00, 0x00, 0x00, 0x07, 0xFF, 0xFE, 0x00, 0x00, 0x00, 
    0x00, 0x00, 0x1F, 0xFF, 0xFF, 0x80, 0x00, 0x00, 0x00, 0x00, 0x3E, 0x77, 0xE3, 0xE0, 0x00, 0x00, 
    0x00, 0x00, 0xF8, 0xF7, 0x70, 0xF0, 0x00, 0x00, 0x00, 0x01, 0xE0, 0xE7, 0x38, 0x38, 0x00, 0x00, 
    0x00, 0x03, 0xC1, 0xC7, 0x1C, 0x1C, 0x00, 0x00, 0x00, 0x07, 0x83, 0x87, 0x0C, 0x0E, 0x00, 0x00, 
    0x00, 0x07, 0xC3, 0x07, 0x0E, 0x1F, 0x00, 0x00, 0x00, 0x0F, 0xF7, 0x07, 0x07, 0xFF, 0x80, 0x00, 
    0x00, 0x1C, 0xFF, 0x87, 0x0F, 0xF9, 0x80, 0x00, 0x00, 0x18, 0x1F, 0xFF, 0xFF, 0xC1, 0xC0, 0x00, 
    0x00, 0x38, 0x0F, 0xFF, 0xFF, 0x80, 0xE0, 0x00, 0x00, 0x30, 0x0C, 0x07, 0x03, 0x80, 0xE0, 0x00, 
    0x00, 0x70, 0x0C, 0x07, 0x01, 0x80, 0x60, 0x00, 0x00, 0x70, 0x1C, 0x07, 0x01, 0x80, 0x70, 0x00, 
    0x00, 0x60, 0x1C, 0x07, 0x01, 0xC0, 0x70, 0x00, 0x00, 0x60, 0x18, 0x07, 0x01, 0xC0, 0x30, 0x00, 
    0x00, 0xE0, 0x18, 0x07, 0x01, 0xC0, 0x30, 0x00, 0x00, 0xE0, 0x18, 0x07, 0x00, 0xC0, 0x30, 0x00, 
    0x00, 0xFF, 0xFF, 0xFF, 0xFF, 0xFF, 0xF8, 0x00, 0x00, 0xFF, 0xFF, 0xFF, 0xFF, 0xFF, 0xF8, 0x00, 
    0x00, 0xFF, 0xFF, 0xFF, 0xFF, 0xFF, 0xF8, 0x00, 0x00, 0xE0, 0x18, 0x07, 0x00, 0xC2, 0x30, 0x00, 
    0x00, 0xE0, 0x18, 0x07, 0x01, 0xC7, 0xB0, 0x00, 0x00, 0x60, 0x18, 0x07, 0x01, 0xC7, 0xF0, 0x00, 
    0x00, 0x60, 0x1C, 0x07, 0x01, 0xC7, 0xF0, 0x00, 0x00, 0x60, 0x1C, 0x07, 0x0F, 0xFE, 0x70, 0x00, 
    0x00, 0x70, 0x1C, 0x07, 0x1F, 0xFE, 0x3C, 0x00, 0x00, 0x30, 0x0C, 0x07, 0x1C, 0x00, 0x1E, 0x00, 
    0x00, 0x38, 0x0F, 0xFF, 0xFC, 0x00, 0x0F, 0x00, 0x00, 0x18, 0x1F, 0xFF, 0xFC, 0x00, 0x07, 0x80, 
    0x00, 0x1C, 0xFF, 0x87, 0x1C, 0x00, 0x07, 0x00, 0x00, 0x0F, 0xFF, 0x07, 0x1F, 0xFE, 0x1E, 0x00, 
    0x00, 0x0F, 0xC3, 0x07, 0x0F, 0xFF, 0x3C, 0x00, 0x00, 0x07, 0x03, 0x87, 0x0F, 0xFE, 0x78, 0x00, 
    0x00, 0x03, 0x81, 0x87, 0x1C, 0x0F, 0xE0, 0x00, 0x00, 0x01, 0xC1, 0xC7, 0x18, 0x3F, 0xC0, 0x00, 
    0x00, 0x00, 0xF0, 0xE7, 0x38, 0x7F, 0x80, 0x00, 0x00, 0x00, 0x7C, 0x77, 0x71, 0xF2, 0x00, 0x00, 
    0x00, 0x00, 0x1F, 0x3F, 0xE7, 0xC0, 0x00, 0x00, 0x00, 0x00, 0x0F, 0xFF, 0xFF, 0x00, 0x00, 0x00, 
    0x00, 0x00, 0x01, 0xFF, 0xFC, 0x00, 0x00, 0x00, 0x00, 0x00, 0x00, 0x3F, 0xC0, 0x00, 0x00, 0x00, 
    0x00, 0x00, 0x00, 0x00, 0x00, 0x00, 0x00, 0x00, 0x00, 0x00, 0x00, 0x00, 0x00, 0x00, 0x00, 0x00, 
    0x00, 0x00, 0x00, 0x00, 0x00, 0x00, 0x00, 0x00, 0x00, 0x00, 0x00, 0x00, 0x00, 0x00, 0x00, 0x00, 
    0x00, 0x00, 0x00, 0x00, 0x00, 0x00, 0x00, 0x00, 0x00, 0x00, 0x00, 0x00, 0x00, 0x00, 0x00, 0x00, 
    0x00, 0x00, 0x00, 0x00, 0x00, 0x00, 0x00, 0x00, 0x00, 0x00, 0x00, 0x00, 0x00, 0x00, 0x00, 0x00, 
    0x00, 0x00, 0x00, 0x00, 0x00, 0x00, 0x00, 0x00, 0x00, 0x00, 0x00, 0x00, 0x00, 0x00, 0x00, 0x00, 
      },
  {
    0x00, 0x00, 0x00, 0x00, 0x00, 0x00, 0x00, 0x00, 0x00, 0x00, 0x00, 0x00, 0x00, 0x00, 0x00, 0x00, 
    0x00, 0x00, 0x00, 0x00, 0x00, 0x00, 0x00, 0x00, 0x00, 0x00, 0x00, 0x00, 0x00, 0x00, 0x00, 0x00, 
    0x00, 0x00, 0x00, 0x00, 0x00, 0x00, 0x00, 0x00, 0x00, 0x00, 0x00, 0x00, 0x00, 0x00, 0x00, 0x00, 
    0x00, 0x00, 0x00, 0x00, 0x00, 0x00, 0x00, 0x00, 0x00, 0x00, 0x00, 0x00, 0x00, 0x00, 0x00, 0x00, 
    0x00, 0x00, 0x00, 0x00, 0x00, 0x00, 0x00, 0x00, 0x00, 0x00, 0x00, 0x00, 0x00, 0x00, 0x00, 0x00, 
    0x00, 0x00, 0x00, 0xFF, 0xF8, 0x00, 0x00, 0x00, 0x00, 0x00, 0x07, 0xFF, 0xFE, 0x00, 0x00, 0x00, 
    0x00, 0x00, 0x1F, 0xFF, 0xFF, 0x80, 0x00, 0x00, 0x00, 0x00, 0x3E, 0x77, 0xE3, 0xE0, 0x00, 0x00, 
    0x00, 0x00, 0xF8, 0xF7, 0x70, 0xF0, 0x00, 0x00, 0x00, 0x01, 0xE0, 0xE7, 0x38, 0x38, 0x00, 0x00, 
    0x00, 0x03, 0xC1, 0xC7, 0x1C, 0x1C, 0x00, 0x00, 0x00, 0x07, 0x83, 0x87, 0x0C, 0x0E, 0x00, 0x00, 
    0x00, 0x07, 0xC3, 0x07, 0x0E, 0x1F, 0x00, 0x00, 0x00, 0x0F, 0xF7, 0x07, 0x07, 0xFF, 0x80, 0x00, 
    0x00, 0x1C, 0xFF, 0x87, 0x0F, 0xF9, 0x80, 0x00, 0x00, 0x18, 0x1F, 0xFF, 0xFF, 0xC1, 0xC0, 0x00, 
    0x00, 0x38, 0x0F, 0xFF, 0xFF, 0x80, 0xE0, 0x00, 0x00, 0x30, 0x0C, 0x07, 0x03, 0x80, 0xE0, 0x00, 
    0x00, 0x70, 0x0C, 0x07, 0x01, 0x80, 0x60, 0x00, 0x00, 0x70, 0x1C, 0x07, 0x01, 0x80, 0x70, 0x00, 
    0x00, 0x60, 0x1C, 0x07, 0x01, 0xC0, 0x70, 0x00, 0x00, 0x60, 0x18, 0x07, 0x01, 0xC0, 0x30, 0x00, 
    0x00, 0xE0, 0x18, 0x07, 0x01, 0xC0, 0x30, 0x00, 0x00, 0xE0, 0x18, 0x07, 0x00, 0xC0, 0x30, 0x00, 
    0x00, 0xFF, 0xFF, 0xFF, 0xFF, 0xFF, 0xF8, 0x00, 0x00, 0xFF, 0xFF, 0xFF, 0xFF, 0xFF, 0xF8, 0x00, 
    0x00, 0xFF, 0xFF, 0xFF, 0xFF, 0xFF, 0xF8, 0x00, 0x00, 0xE0, 0x18, 0x07, 0x00, 0xC2, 0x30, 0x00, 
    0x00, 0xE0, 0x18, 0x07, 0x01, 0xC7, 0x30, 0x00, 0x00, 0x60, 0x18, 0x07, 0x01, 0xC7, 0xF0, 0x00, 
    0x00, 0x60, 0x1C, 0x07, 0x01, 0xC7, 0xF0, 0x00, 0x00, 0x60, 0x1C, 0x07, 0x0F, 0xFE, 0xF0, 0x00, 
    0x00, 0x70, 0x1C, 0x07, 0x1F, 0xFE, 0x78, 0x00, 0x00, 0x30, 0x0C, 0x07, 0x1C, 0x00, 0x1E, 0x00, 
    0x00, 0x38, 0x0F, 0xFF, 0xF8, 0x00, 0x0F, 0x00, 0x00, 0x18, 0x1F, 0xFF, 0xF8, 0x00, 0x07, 0x00, 
    0x00, 0x1C, 0xFF, 0x87, 0x18, 0x00, 0x0F, 0x00, 0x00, 0x0F, 0xFF, 0x07, 0x1F, 0xFE, 0x1E, 0x00, 
    0x00, 0x0F, 0xC3, 0x07, 0x1F, 0xFE, 0x3C, 0x00, 0x00, 0x07, 0x03, 0x87, 0x0F, 0xFE, 0xF0, 0x00, 
    0x00, 0x03, 0x81, 0x87, 0x1C, 0x0F, 0xE0, 0x00, 0x00, 0x01, 0xC1, 0xC7, 0x18, 0x3F, 0xC0, 0x00, 
    0x00, 0x00, 0xF0, 0xE7, 0x38, 0x7F, 0x00, 0x00, 0x00, 0x00, 0x7C, 0x77, 0x71, 0xF2, 0x00, 0x00, 
    0x00, 0x00, 0x1F, 0x3F, 0xE7, 0xC0, 0x00, 0x00, 0x00, 0x00, 0x0F, 0xFF, 0xFF, 0x00, 0x00, 0x00, 
    0x00, 0x00, 0x01, 0xFF, 0xFC, 0x00, 0x00, 0x00, 0x00, 0x00, 0x00, 0x3F, 0xC0, 0x00, 0x00, 0x00, 
    0x00, 0x00, 0x00, 0x00, 0x00, 0x00, 0x00, 0x00, 0x00, 0x00, 0x00, 0x00, 0x00, 0x00, 0x00, 0x00, 
    0x00, 0x00, 0x00, 0x00, 0x00, 0x00, 0x00, 0x00, 0x00, 0x00, 0x00, 0x00, 0x00, 0x00, 0x00, 0x00, 
    0x00, 0x00, 0x00, 0x00, 0x00, 0x00, 0x00, 0x00, 0x00, 0x00, 0x00, 0x00, 0x00, 0x00, 0x00, 0x00, 
    0x00, 0x00, 0x00, 0x00, 0x00, 0x00, 0x00, 0x00, 0x00, 0x00, 0x00, 0x00, 0x00, 0x00, 0x00, 0x00, 
    0x00, 0x00, 0x00, 0x00, 0x00, 0x00, 0x00, 0x00, 0x00, 0x00, 0x00, 0x00, 0x00, 0x00, 0x00, 0x00, 
      },
  {
    0x00, 0x00, 0x00, 0x00, 0x00, 0x00, 0x00, 0x00, 0x00, 0x00, 0x00, 0x00, 0x00, 0x00, 0x00, 0x00, 
    0x00, 0x00, 0x00, 0x00, 0x00, 0x00, 0x00, 0x00, 0x00, 0x00, 0x00, 0x00, 0x00, 0x00, 0x00, 0x00, 
    0x00, 0x00, 0x00, 0x00, 0x00, 0x00, 0x00, 0x00, 0x00, 0x00, 0x00, 0x00, 0x00, 0x00, 0x00, 0x00, 
    0x00, 0x00, 0x00, 0x00, 0x00, 0x00, 0x00, 0x00, 0x00, 0x00, 0x00, 0x00, 0x00, 0x00, 0x00, 0x00, 
    0x00, 0x00, 0x00, 0x00, 0x00, 0x00, 0x00, 0x00, 0x00, 0x00, 0x00, 0x00, 0x00, 0x00, 0x00, 0x00, 
    0x00, 0x00, 0x00, 0xFF, 0xF8, 0x00, 0x00, 0x00, 0x00, 0x00, 0x07, 0xFF, 0xFE, 0x00, 0x00, 0x00, 
    0x00, 0x00, 0x1F, 0xFF, 0xFF, 0x80, 0x00, 0x00, 0x00, 0x00, 0x3E, 0x77, 0xE3, 0xE0, 0x00, 0x00, 
    0x00, 0x00, 0xF8, 0xF7, 0x70, 0xF0, 0x00, 0x00, 0x00, 0x01, 0xE0, 0xE7, 0x38, 0x38, 0x00, 0x00, 
    0x00, 0x03, 0xC1, 0xC7, 0x1C, 0x1C, 0x00, 0x00, 0x00, 0x07, 0x83, 0x87, 0x0C, 0x0E, 0x00, 0x00, 
    0x00, 0x07, 0xC3, 0x07, 0x0E, 0x1F, 0x00, 0x00, 0x00, 0x0F, 0xF7, 0x07, 0x07, 0xFF, 0x80, 0x00, 
    0x00, 0x1C, 0xFF, 0x87, 0x0F, 0xF9, 0x80, 0x00, 0x00, 0x18, 0x1F, 0xFF, 0xFF, 0xC1, 0xC0, 0x00, 
    0x00, 0x38, 0x0F, 0xFF, 0xFF, 0x80, 0xE0, 0x00, 0x00, 0x30, 0x0C, 0x07, 0x03, 0x80, 0xE0, 0x00, 
    0x00, 0x70, 0x0C, 0x07, 0x01, 0x80, 0x60, 0x00, 0x00, 0x70, 0x1C, 0x07, 0x01, 0x80, 0x70, 0x00, 
    0x00, 0x60, 0x1C, 0x07, 0x01, 0xC0, 0x70, 0x00, 0x00, 0x60, 0x18, 0x07, 0x01, 0xC0, 0x30, 0x00, 
    0x00, 0xE0, 0x18, 0x07, 0x01, 0xC0, 0x30, 0x00, 0x00, 0xE0, 0x18, 0x07, 0x00, 0xC0, 0x30, 0x00, 
    0x00, 0xFF, 0xFF, 0xFF, 0xFF, 0xFF, 0xF8, 0x00, 0x00, 0xFF, 0xFF, 0xFF, 0xFF, 0xFF, 0xF8, 0x00, 
    0x00, 0xFF, 0xFF, 0xFF, 0xFF, 0xFF, 0xF8, 0x00, 0x00, 0xE0, 0x18, 0x07, 0x00, 0xC6, 0x30, 0x00, 
    0x00, 0xE0, 0x18, 0x07, 0x01, 0xC7, 0x30, 0x00, 0x00, 0x60, 0x18, 0x07, 0x01, 0xC7, 0xB0, 0x00, 
    0x00, 0x60, 0x1C, 0x07, 0x01, 0xC7, 0xF0, 0x00, 0x00, 0x60, 0x1C, 0x07, 0x0F, 0xFE, 0xF0, 0x00, 
    0x00, 0x70, 0x1C, 0x07, 0x1F, 0xFE, 0x78, 0x00, 0x00, 0x30, 0x0C, 0x07, 0x18, 0x00, 0x1C, 0x00, 
    0x00, 0x38, 0x0F, 0xFF, 0xF8, 0x00, 0x0E, 0x00, 0x00, 0x18, 0x1F, 0xFF, 0xF8, 0x00, 0x07, 0x00, 
    0x00, 0x1C, 0xFF, 0x87, 0x18, 0x00, 0x0F, 0x00, 0x00, 0x0F, 0xFF, 0x07, 0x1F, 0xFC, 0x1E, 0x00, 
    0x00, 0x0F, 0xC3, 0x07, 0x1F, 0xFE, 0x78, 0x00, 0x00, 0x07, 0x03, 0x87, 0x0F, 0xFE, 0xF0, 0x00, 
    0x00, 0x03, 0x81, 0x87, 0x1C, 0x0F, 0xE0, 0x00, 0x00, 0x01, 0xC1, 0xC7, 0x18, 0x3F, 0x80, 0x00, 
    0x00, 0x00, 0xF0, 0xE7, 0x38, 0x7F, 0x00, 0x00, 0x00, 0x00, 0x7C, 0x77, 0x71, 0xF2, 0x00, 0x00, 
    0x00, 0x00, 0x1F, 0x3F, 0xE7, 0xC0, 0x00, 0x00, 0x00, 0x00, 0x0F, 0xFF, 0xFF, 0x00, 0x00, 0x00, 
    0x00, 0x00, 0x01, 0xFF, 0xFC, 0x00, 0x00, 0x00, 0x00, 0x00, 0x00, 0x3F, 0xC0, 0x00, 0x00, 0x00, 
    0x00, 0x00, 0x00, 0x00, 0x00, 0x00, 0x00, 0x00, 0x00, 0x00, 0x00, 0x00, 0x00, 0x00, 0x00, 0x00, 
    0x00, 0x00, 0x00, 0x00, 0x00, 0x00, 0x00, 0x00, 0x00, 0x00, 0x00, 0x00, 0x00, 0x00, 0x00, 0x00, 
    0x00, 0x00, 0x00, 0x00, 0x00, 0x00, 0x00, 0x00, 0x00, 0x00, 0x00, 0x00, 0x00, 0x00, 0x00, 0x00, 
    0x00, 0x00, 0x00, 0x00, 0x00, 0x00, 0x00, 0x00, 0x00, 0x00, 0x00, 0x00, 0x00, 0x00, 0x00, 0x00, 
    0x00, 0x00, 0x00, 0x00, 0x00, 0x00, 0x00, 0x00, 0x00, 0x00, 0x00, 0x00, 0x00, 0x00, 0x00, 0x00, 
      },
  {
    0x00, 0x00, 0x00, 0x00, 0x00, 0x00, 0x00, 0x00, 0x00, 0x00, 0x00, 0x00, 0x00, 0x00, 0x00, 0x00, 
    0x00, 0x00, 0x00, 0x00, 0x00, 0x00, 0x00, 0x00, 0x00, 0x00, 0x00, 0x00, 0x00, 0x00, 0x00, 0x00, 
    0x00, 0x00, 0x00, 0x00, 0x00, 0x00, 0x00, 0x00, 0x00, 0x00, 0x00, 0x00, 0x00, 0x00, 0x00, 0x00, 
    0x00, 0x00, 0x00, 0x00, 0x00, 0x00, 0x00, 0x00, 0x00, 0x00, 0x00, 0x00, 0x00, 0x00, 0x00, 0x00, 
    0x00, 0x00, 0x00, 0x00, 0x00, 0x00, 0x00, 0x00, 0x00, 0x00, 0x00, 0x00, 0x00, 0x00, 0x00, 0x00, 
    0x00, 0x00, 0x00, 0xFF, 0xF8, 0x00, 0x00, 0x00, 0x00, 0x00, 0x07, 0xFF, 0xFE, 0x00, 0x00, 0x00, 
    0x00, 0x00, 0x1F, 0xFF, 0xFF, 0x80, 0x00, 0x00, 0x00, 0x00, 0x3E, 0x77, 0xE3, 0xE0, 0x00, 0x00, 
    0x00, 0x00, 0xF8, 0xF7, 0x70, 0xF0, 0x00, 0x00, 0x00, 0x01, 0xE0, 0xE7, 0x38, 0x38, 0x00, 0x00, 
    0x00, 0x03, 0xC1, 0xC7, 0x1C, 0x1C, 0x00, 0x00, 0x00, 0x07, 0x83, 0x87, 0x0C, 0x0E, 0x00, 0x00, 
    0x00, 0x07, 0xC3, 0x07, 0x0E, 0x1F, 0x00, 0x00, 0x00, 0x0F, 0xF7, 0x07, 0x07, 0xFF, 0x80, 0x00, 
    0x00, 0x1C, 0xFF, 0x87, 0x0F, 0xF9, 0x80, 0x00, 0x00, 0x18, 0x1F, 0xFF, 0xFF, 0xC1, 0xC0, 0x00, 
    0x00, 0x38, 0x0F, 0xFF, 0xFF, 0x80, 0xE0, 0x00, 0x00, 0x30, 0x0C, 0x07, 0x03, 0x80, 0xE0, 0x00, 
    0x00, 0x70, 0x0C, 0x07, 0x01, 0x80, 0x60, 0x00, 0x00, 0x70, 0x1C, 0x07, 0x01, 0x80, 0x70, 0x00, 
    0x00, 0x60, 0x1C, 0x07, 0x01, 0xC0, 0x70, 0x00, 0x00, 0x60, 0x18, 0x07, 0x01, 0xC0, 0x30, 0x00, 
    0x00, 0xE0, 0x18, 0x07, 0x01, 0xC0, 0x30, 0x00, 0x00, 0xE0, 0x18, 0x07, 0x00, 0xC0, 0x30, 0x00, 
    0x00, 0xFF, 0xFF, 0xFF, 0xFF, 0xFF, 0xF8, 0x00, 0x00, 0xFF, 0xFF, 0xFF, 0xFF, 0xFF, 0xF8, 0x00, 
    0x00, 0xFF, 0xFF, 0xFF, 0xFF, 0xFF, 0xF8, 0x00, 0x00, 0xE0, 0x18, 0x07, 0x00, 0xC4, 0x30, 0x00, 
    0x00, 0xE0, 0x18, 0x07, 0x01, 0xCF, 0x30, 0x00, 0x00, 0x60, 0x18, 0x07, 0x01, 0xCF, 0xB0, 0x00, 
    0x00, 0x60, 0x1C, 0x07, 0x01, 0xCF, 0xF0, 0x00, 0x00, 0x60, 0x1C, 0x07, 0x1F, 0xFE, 0xF0, 0x00, 
    0x00, 0x70, 0x1C, 0x07, 0x1F, 0xFE, 0x78, 0x00, 0x00, 0x30, 0x0C, 0x07, 0x18, 0x00, 0x3C, 0x00, 
    0x00, 0x38, 0x0F, 0xFF, 0xF8, 0x00, 0x0E, 0x00, 0x00, 0x18, 0x1F, 0xFF, 0xF8, 0x00, 0x07, 0x00, 
    0x00, 0x1C, 0xFF, 0x87, 0x38, 0x00, 0x0F, 0x00, 0x00, 0x0F, 0xFF, 0x07, 0x1F, 0xFC, 0x1E, 0x00, 
    0x00, 0x0F, 0xC3, 0x07, 0x1F, 0xFE, 0x78, 0x00, 0x00, 0x07, 0x03, 0x87, 0x0F, 0xFE, 0xF0, 0x00, 
    0x00, 0x03, 0x81, 0x87, 0x1C, 0x0F, 0xE0, 0x00, 0x00, 0x01, 0xC1, 0xC7, 0x18, 0x3F, 0x80, 0x00, 
    0x00, 0x00, 0xF0, 0xE7, 0x38, 0x7F, 0x00, 0x00, 0x00, 0x00, 0x7C, 0x77, 0x71, 0xF6, 0x00, 0x00, 
    0x00, 0x00, 0x1F, 0x3F, 0xE7, 0xC0, 0x00, 0x00, 0x00, 0x00, 0x0F, 0xFF, 0xFF, 0x00, 0x00, 0x00, 
    0x00, 0x00, 0x01, 0xFF, 0xFC, 0x00, 0x00, 0x00, 0x00, 0x00, 0x00, 0x3F, 0xC0, 0x00, 0x00, 0x00, 
    0x00, 0x00, 0x00, 0x00, 0x00, 0x00, 0x00, 0x00, 0x00, 0x00, 0x00, 0x00, 0x00, 0x00, 0x00, 0x00, 
    0x00, 0x00, 0x00, 0x00, 0x00, 0x00, 0x00, 0x00, 0x00, 0x00, 0x00, 0x00, 0x00, 0x00, 0x00, 0x00, 
    0x00, 0x00, 0x00, 0x00, 0x00, 0x00, 0x00, 0x00, 0x00, 0x00, 0x00, 0x00, 0x00, 0x00, 0x00, 0x00, 
    0x00, 0x00, 0x00, 0x00, 0x00, 0x00, 0x00, 0x00, 0x00, 0x00, 0x00, 0x00, 0x00, 0x00, 0x00, 0x00, 
    0x00, 0x00, 0x00, 0x00, 0x00, 0x00, 0x00, 0x00, 0x00, 0x00, 0x00, 0x00, 0x00, 0x00, 0x00, 0x00, 
      },
  {
    0x00, 0x00, 0x00, 0x00, 0x00, 0x00, 0x00, 0x00, 0x00, 0x00, 0x00, 0x00, 0x00, 0x00, 0x00, 0x00, 
    0x00, 0x00, 0x00, 0x00, 0x00, 0x00, 0x00, 0x00, 0x00, 0x00, 0x00, 0x00, 0x00, 0x00, 0x00, 0x00, 
    0x00, 0x00, 0x00, 0x00, 0x00, 0x00, 0x00, 0x00, 0x00, 0x00, 0x00, 0x00, 0x00, 0x00, 0x00, 0x00, 
    0x00, 0x00, 0x00, 0x00, 0x00, 0x00, 0x00, 0x00, 0x00, 0x00, 0x00, 0x00, 0x00, 0x00, 0x00, 0x00, 
    0x00, 0x00, 0x00, 0x00, 0x00, 0x00, 0x00, 0x00, 0x00, 0x00, 0x00, 0x00, 0x00, 0x00, 0x00, 0x00, 
    0x00, 0x00, 0x00, 0xFF, 0xF8, 0x00, 0x00, 0x00, 0x00, 0x00, 0x07, 0xFF, 0xFE, 0x00, 0x00, 0x00, 
    0x00, 0x00, 0x1F, 0xFF, 0xFF, 0x80, 0x00, 0x00, 0x00, 0x00, 0x3E, 0x77, 0xE3, 0xE0, 0x00, 0x00, 
    0x00, 0x00, 0xF8, 0xF7, 0x70, 0xF0, 0x00, 0x00, 0x00, 0x01, 0xE0, 0xE7, 0x38, 0x38, 0x00, 0x00, 
    0x00, 0x03, 0xC1, 0xC7, 0x1C, 0x1C, 0x00, 0x00, 0x00, 0x07, 0x83, 0x87, 0x0C, 0x0E, 0x00, 0x00, 
    0x00, 0x07, 0xC3, 0x07, 0x0E, 0x1F, 0x00, 0x00, 0x00, 0x0F, 0xF7, 0x07, 0x07, 0xFF, 0x80, 0x00, 
    0x00, 0x1C, 0xFF, 0x87, 0x0F, 0xF9, 0x80, 0x00, 0x00, 0x18, 0x1F, 0xFF, 0xFF, 0xC1, 0xC0, 0x00, 
    0x00, 0x38, 0x0F, 0xFF, 0xFF, 0x80, 0xE0, 0x00, 0x00, 0x30, 0x0C, 0x07, 0x03, 0x80, 0xE0, 0x00, 
    0x00, 0x70, 0x0C, 0x07, 0x01, 0x80, 0x60, 0x00, 0x00, 0x70, 0x1C, 0x07, 0x01, 0x80, 0x70, 0x00, 
    0x00, 0x60, 0x1C, 0x07, 0x01, 0xC0, 0x70, 0x00, 0x00, 0x60, 0x18, 0x07, 0x01, 0xC0, 0x30, 0x00, 
    0x00, 0xE0, 0x18, 0x07, 0x01, 0xC0, 0x30, 0x00, 0x00, 0xE0, 0x18, 0x07, 0x00, 0xC0, 0x30, 0x00, 
    0x00, 0xFF, 0xFF, 0xFF, 0xFF, 0xFF, 0xF8, 0x00, 0x00, 0xFF, 0xFF, 0xFF, 0xFF, 0xFF, 0xF8, 0x00, 
    0x00, 0xFF, 0xFF, 0xFF, 0xFF, 0xFF, 0xF8, 0x00, 0x00, 0xE0, 0x18, 0x07, 0x00, 0xC4, 0x30, 0x00, 
    0x00, 0xE0, 0x18, 0x07, 0x01, 0xCF, 0x30, 0x00, 0x00, 0x60, 0x18, 0x07, 0x01, 0xCF, 0xB0, 0x00, 
    0x00, 0x60, 0x1C, 0x07, 0x01, 0xCF, 0xF0, 0x00, 0x00, 0x60, 0x1C, 0x07, 0x1F, 0xFE, 0xF0, 0x00, 
    0x00, 0x70, 0x1C, 0x07, 0x1F, 0xFE, 0x78, 0x00, 0x00, 0x30, 0x0C, 0x07, 0x18, 0x00, 0x3C, 0x00, 
    0x00, 0x38, 0x0F, 0xFF, 0xF8, 0x00, 0x0E, 0x00, 0x00, 0x18, 0x1F, 0xFF, 0xF8, 0x00, 0x07, 0x00, 
    0x00, 0x1C, 0xFF, 0x87, 0x38, 0x00, 0x0E, 0x00, 0x00, 0x0F, 0xFF, 0x07, 0x1F, 0xFC, 0x1C, 0x00, 
    0x00, 0x0F, 0xC3, 0x07, 0x1F, 0xFE, 0x78, 0x00, 0x00, 0x07, 0x03, 0x87, 0x0F, 0xFE, 0xF0, 0x00, 
    0x00, 0x03, 0x81, 0x87, 0x1C, 0x0F, 0xE0, 0x00, 0x00, 0x01, 0xC1, 0xC7, 0x18, 0x3F, 0x80, 0x00, 
    0x00, 0x00, 0xF0, 0xE7, 0x38, 0x7F, 0x00, 0x00, 0x00, 0x00, 0x7C, 0x77, 0x71, 0xF6, 0x00, 0x00, 
    0x00, 0x00, 0x1F, 0x3F, 0xE7, 0xC0, 0x00, 0x00, 0x00, 0x00, 0x0F, 0xFF, 0xFF, 0x00, 0x00, 0x00, 
    0x00, 0x00, 0x01, 0xFF, 0xFC, 0x00, 0x00, 0x00, 0x00, 0x00, 0x00, 0x3F, 0xC0, 0x00, 0x00, 0x00, 
    0x00, 0x00, 0x00, 0x00, 0x00, 0x00, 0x00, 0x00, 0x00, 0x00, 0x00, 0x00, 0x00, 0x00, 0x00, 0x00, 
    0x00, 0x00, 0x00, 0x00, 0x00, 0x00, 0x00, 0x00, 0x00, 0x00, 0x00, 0x00, 0x00, 0x00, 0x00, 0x00, 
    0x00, 0x00, 0x00, 0x00, 0x00, 0x00, 0x00, 0x00, 0x00, 0x00, 0x00, 0x00, 0x00, 0x00, 0x00, 0x00, 
    0x00, 0x00, 0x00, 0x00, 0x00, 0x00, 0x00, 0x00, 0x00, 0x00, 0x00, 0x00, 0x00, 0x00, 0x00, 0x00, 
    0x00, 0x00, 0x00, 0x00, 0x00, 0x00, 0x00, 0x00, 0x00, 0x00, 0x00, 0x00, 0x00, 0x00, 0x00, 0x00, 
      },
  {
    0x00, 0x00, 0x00, 0x00, 0x00, 0x00, 0x00, 0x00, 0x00, 0x00, 0x00, 0x00, 0x00, 0x00, 0x00, 0x00, 
    0x00, 0x00, 0x00, 0x00, 0x00, 0x00, 0x00, 0x00, 0x00, 0x00, 0x00, 0x00, 0x00, 0x00, 0x00, 0x00, 
    0x00, 0x00, 0x00, 0x00, 0x00, 0x00, 0x00, 0x00, 0x00, 0x00, 0x00, 0x00, 0x00, 0x00, 0x00, 0x00, 
    0x00, 0x00, 0x00, 0x00, 0x00, 0x00, 0x00, 0x00, 0x00, 0x00, 0x00, 0x00, 0x00, 0x00, 0x00, 0x00, 
    0x00, 0x00, 0x00, 0x00, 0x00, 0x00, 0x00, 0x00, 0x00, 0x00, 0x00, 0x00, 0x00, 0x00, 0x00, 0x00, 
    0x00, 0x00, 0x00, 0xFF, 0xF8, 0x00, 0x00, 0x00, 0x00, 0x00, 0x07, 0xFF, 0xFE, 0x00, 0x00, 0x00, 
    0x00, 0x00, 0x1F, 0xFF, 0xFF, 0x80, 0x00, 0x00, 0x00, 0x00, 0x3E, 0x77, 0xE3, 0xE0, 0x00, 0x00, 
    0x00, 0x00, 0xF8, 0xF7, 0x70, 0xF0, 0x00, 0x00, 0x00, 0x01, 0xE0, 0xE7, 0x38, 0x38, 0x00, 0x00, 
    0x00, 0x03, 0xC1, 0xC7, 0x1C, 0x1C, 0x00, 0x00, 0x00, 0x07, 0x83, 0x87, 0x0C, 0x0E, 0x00, 0x00, 
    0x00, 0x07, 0xC3, 0x07, 0x0E, 0x1F, 0x00, 0x00, 0x00, 0x0F, 0xF7, 0x07, 0x07, 0xFF, 0x80, 0x00, 
    0x00, 0x1C, 0xFF, 0x87, 0x0F, 0xF9, 0x80, 0x00, 0x00, 0x18, 0x1F, 0xFF, 0xFF, 0xC1, 0xC0, 0x00, 
    0x00, 0x38, 0x0F, 0xFF, 0xFF, 0x80, 0xE0, 0x00, 0x00, 0x30, 0x0C, 0x07, 0x03, 0x80, 0xE0, 0x00, 
    0x00, 0x70, 0x0C, 0x07, 0x01, 0x80, 0x60, 0x00, 0x00, 0x70, 0x1C, 0x07, 0x01, 0x80, 0x70, 0x00, 
    0x00, 0x60, 0x1C, 0x07, 0x01, 0xC0, 0x70, 0x00, 0x00, 0x60, 0x18, 0x07, 0x01, 0xC0, 0x30, 0x00, 
    0x00, 0xE0, 0x18, 0x07, 0x01, 0xC0, 0x30, 0x00, 0x00, 0xE0, 0x18, 0x07, 0x00, 0xC0, 0x30, 0x00, 
    0x00, 0xFF, 0xFF, 0xFF, 0xFF, 0xFF, 0xF8, 0x00, 0x00, 0xFF, 0xFF, 0xFF, 0xFF, 0xFF, 0xF8, 0x00, 
    0x00, 0xFF, 0xFF, 0xFF, 0xFF, 0xFF, 0xF8, 0x00, 0x00, 0xE0, 0x18, 0x07, 0x00, 0xC4, 0x30, 0x00, 
    0x00, 0xE0, 0x18, 0x07, 0x01, 0xCF, 0x30, 0x00, 0x00, 0x60, 0x18, 0x07, 0x01, 0xCF, 0xB0, 0x00, 
    0x00, 0x60, 0x1C, 0x07, 0x01, 0xCF, 0xF0, 0x00, 0x00, 0x60, 0x1C, 0x07, 0x1F, 0xFE, 0xF0, 0x00, 
    0x00, 0x70, 0x1C, 0x07, 0x1F, 0xFE, 0x78, 0x00, 0x00, 0x30, 0x0C, 0x07, 0x18, 0x00, 0x3C, 0x00, 
    0x00, 0x38, 0x0F, 0xFF, 0xF8, 0x00, 0x0E, 0x00, 0x00, 0x18, 0x1F, 0xFF, 0xF8, 0x00, 0x07, 0x00, 
    0x00, 0x1C, 0xFF, 0x87, 0x38, 0x00, 0x0E, 0x00, 0x00, 0x0F, 0xFF, 0x07, 0x1F, 0xFC, 0x1C, 0x00, 
    0x00, 0x0F, 0xC3, 0x07, 0x1F, 0xFE, 0x78, 0x00, 0x00, 0x07, 0x03, 0x87, 0x0F, 0xFE, 0xF0, 0x00, 
    0x00, 0x03, 0x81, 0x87, 0x1C, 0x0F, 0xE0, 0x00, 0x00, 0x01, 0xC1, 0xC7, 0x18, 0x3F, 0x80, 0x00, 
    0x00, 0x00, 0xF0, 0xE7, 0x38, 0x7F, 0x00, 0x00, 0x00, 0x00, 0x7C, 0x77, 0x71, 0xF6, 0x00, 0x00, 
    0x00, 0x00, 0x1F, 0x3F, 0xE7, 0xC0, 0x00, 0x00, 0x00, 0x00, 0x0F, 0xFF, 0xFF, 0x00, 0x00, 0x00, 
    0x00, 0x00, 0x01, 0xFF, 0xFC, 0x00, 0x00, 0x00, 0x00, 0x00, 0x00, 0x3F, 0xC0, 0x00, 0x00, 0x00, 
    0x00, 0x00, 0x00, 0x00, 0x00, 0x00, 0x00, 0x00, 0x00, 0x00, 0x00, 0x00, 0x00, 0x00, 0x00, 0x00, 
    0x00, 0x00, 0x00, 0x00, 0x00, 0x00, 0x00, 0x00, 0x00, 0x00, 0x00, 0x00, 0x00, 0x00, 0x00, 0x00, 
    0x00, 0x00, 0x00, 0x00, 0x00, 0x00, 0x00, 0x00, 0x00, 0x00, 0x00, 0x00, 0x00, 0x00, 0x00, 0x00, 
    0x00, 0x00, 0x00, 0x00, 0x00, 0x00, 0x00, 0x00, 0x00, 0x00, 0x00, 0x00, 0x00, 0x00, 0x00, 0x00, 
    0x00, 0x00, 0x00, 0x00, 0x00, 0x00, 0x00, 0x00, 0x00, 0x00, 0x00, 0x00, 0x00, 0x00, 0x00, 0x00, 
      },
};

#endif
