#ifndef ANIMATION_BAR_CHART_H
#define ANIMATION_BAR_CHART_H

#include <pgmspace.h>

#define BAR_CHART_FRAMES 39
#define BAR_CHART_WIDTH  64
#define BAR_CHART_HEIGHT 64

const uint8_t bar_chart_frames[][512] PROGMEM = {
  {
    0x00, 0x00, 0x00, 0x00, 0x00, 0x00, 0x00, 0x00, 0x00, 0x00, 0x00, 0x00, 0x00, 0x00, 0x00, 0x00, 
    0x00, 0x00, 0x00, 0x00, 0x00, 0x00, 0x00, 0x00, 0x00, 0x00, 0x00, 0x00, 0x00, 0x00, 0x00, 0x00, 
    0x00, 0x00, 0x00, 0x00, 0x00, 0x00, 0x00, 0x00, 0x00, 0x00, 0x00, 0x00, 0x00, 0x00, 0x00, 0x00, 
    0x00, 0x00, 0x00, 0x00, 0x00, 0x00, 0x00, 0x00, 0x00, 0x00, 0x00, 0x00, 0x00, 0x00, 0x00, 0x00, 
    0x00, 0x00, 0x00, 0x00, 0x00, 0x00, 0x00, 0x00, 0x00, 0x00, 0x00, 0x00, 0x00, 0x00, 0x00, 0x00, 
    0x00, 0x00, 0x00, 0x00, 0x00, 0x00, 0x00, 0x00, 0x00, 0x00, 0x00, 0x00, 0x00, 0x01, 0xF8, 0x00, 
    0x00, 0x00, 0x00, 0x00, 0x00, 0x07, 0xFE, 0x00, 0x00, 0x00, 0x00, 0x00, 0x00, 0x0F, 0x8F, 0x00, 
    0x00, 0x00, 0x00, 0x00, 0x00, 0x0E, 0x03, 0x80, 0x00, 0x00, 0x00, 0x00, 0x00, 0x0C, 0x01, 0x80, 
    0x00, 0x00, 0x00, 0x00, 0x00, 0x0E, 0x03, 0x80, 0x00, 0x00, 0x00, 0x00, 0x00, 0x0F, 0xFF, 0x80, 
    0x00, 0x00, 0x00, 0x07, 0xE0, 0x0F, 0xFF, 0x80, 0x00, 0x00, 0x00, 0x1F, 0xF8, 0x0C, 0xF1, 0x80, 
    0x00, 0x00, 0x00, 0x3E, 0x7C, 0x0C, 0x01, 0x80, 0x00, 0x00, 0x00, 0x70, 0x0E, 0x0C, 0x01, 0x80, 
    0x00, 0x00, 0x00, 0x70, 0x0E, 0x0C, 0x01, 0x80, 0x00, 0x00, 0x00, 0x78, 0x1E, 0x0C, 0x01, 0x80, 
    0x00, 0x00, 0x00, 0x7F, 0xFE, 0x0C, 0x01, 0x80, 0x00, 0x00, 0x00, 0x7F, 0xFE, 0x0C, 0x01, 0x80, 
    0x00, 0x00, 0x00, 0x73, 0xCE, 0x0C, 0x01, 0x80, 0x00, 0x3F, 0x80, 0x70, 0x0E, 0x0C, 0x01, 0x80, 
    0x00, 0xFF, 0xE0, 0x70, 0x0E, 0x0C, 0x01, 0x80, 0x00, 0xF0, 0xF0, 0x70, 0x0E, 0x0C, 0x01, 0x80, 
    0x01, 0xC0, 0x30, 0x70, 0x0E, 0x0C, 0x01, 0x80, 0x01, 0x80, 0x30, 0x70, 0x0E, 0x0C, 0x01, 0x80, 
    0x01, 0xE0, 0x70, 0x70, 0x0E, 0x0C, 0x01, 0x80, 0x01, 0xFF, 0xF0, 0x70, 0x0E, 0x0C, 0x01, 0x80, 
    0x01, 0xFF, 0xF0, 0x70, 0x0E, 0x0C, 0x01, 0x80, 0x01, 0x86, 0x30, 0x70, 0x0E, 0x0C, 0x01, 0x80, 
    0x01, 0x80, 0x30, 0x70, 0x0E, 0x0C, 0x01, 0x80, 0x01, 0x80, 0x30, 0x70, 0x0E, 0x0C, 0x01, 0x80, 
    0x01, 0x80, 0x30, 0x70, 0x0E, 0x0C, 0x01, 0x80, 0x01, 0x80, 0x30, 0x70, 0x0E, 0x0C, 0x01, 0x80, 
    0x01, 0x80, 0x30, 0x70, 0x0E, 0x0C, 0x01, 0x80, 0x01, 0x80, 0x30, 0x70, 0x0E, 0x0C, 0x01, 0x80, 
    0x01, 0x80, 0x30, 0x70, 0x0E, 0x0C, 0x01, 0x80, 0x01, 0xC0, 0x30, 0x70, 0x0E, 0x0C, 0x03, 0x80, 
    0x01, 0xE0, 0x70, 0x38, 0x1C, 0x0E, 0x07, 0x80, 0x00, 0xFF, 0xE0, 0x3F, 0xFC, 0x07, 0xFF, 0x00, 
    0x00, 0x3F, 0xC0, 0x0F, 0xF0, 0x03, 0xFC, 0x00, 0x00, 0x00, 0x00, 0x00, 0x00, 0x00, 0x00, 0x00, 
    0x00, 0x00, 0x00, 0x00, 0x00, 0x00, 0x00, 0x00, 0x00, 0x00, 0x00, 0x00, 0x00, 0x00, 0x00, 0x00, 
    0x00, 0x00, 0x00, 0x00, 0x00, 0x00, 0x00, 0x00, 0x00, 0x1F, 0x00, 0x07, 0xE0, 0x00, 0xF8, 0x00, 
    0x00, 0x1F, 0x00, 0x03, 0xC0, 0x00, 0xF8, 0x00, 0x00, 0x00, 0x00, 0x00, 0x00, 0x00, 0x00, 0x00, 
    0x00, 0x00, 0x00, 0x00, 0x00, 0x00, 0x00, 0x00, 0x00, 0x00, 0x00, 0x00, 0x00, 0x00, 0x00, 0x00, 
    0x00, 0x00, 0x00, 0x00, 0x00, 0x00, 0x00, 0x00, 0x00, 0x00, 0x00, 0x00, 0x00, 0x00, 0x00, 0x00, 
    0x00, 0x00, 0x00, 0x00, 0x00, 0x00, 0x00, 0x00, 0x00, 0x00, 0x00, 0x00, 0x00, 0x00, 0x00, 0x00, 
    0x00, 0x00, 0x00, 0x00, 0x00, 0x00, 0x00, 0x00, 0x00, 0x00, 0x00, 0x00, 0x00, 0x00, 0x00, 0x00, 
    0x00, 0x00, 0x00, 0x00, 0x00, 0x00, 0x00, 0x00, 0x00, 0x00, 0x00, 0x00, 0x00, 0x00, 0x00, 0x00, 
      },
  {
    0x00, 0x00, 0x00, 0x00, 0x00, 0x00, 0x00, 0x00, 0x00, 0x00, 0x00, 0x00, 0x00, 0x00, 0x00, 0x00, 
    0x00, 0x00, 0x00, 0x00, 0x00, 0x00, 0x00, 0x00, 0x00, 0x00, 0x00, 0x00, 0x00, 0x00, 0x00, 0x00, 
    0x00, 0x00, 0x00, 0x00, 0x00, 0x00, 0x00, 0x00, 0x00, 0x00, 0x00, 0x00, 0x00, 0x00, 0x00, 0x00, 
    0x00, 0x00, 0x00, 0x00, 0x00, 0x00, 0x00, 0x00, 0x00, 0x00, 0x00, 0x00, 0x00, 0x00, 0x00, 0x00, 
    0x00, 0x00, 0x00, 0x00, 0x00, 0x00, 0x00, 0x00, 0x00, 0x00, 0x00, 0x00, 0x00, 0x00, 0x00, 0x00, 
    0x00, 0x00, 0x00, 0x00, 0x00, 0x00, 0x00, 0x00, 0x00, 0x00, 0x00, 0x00, 0x00, 0x00, 0xF8, 0x00, 
    0x00, 0x00, 0x00, 0x00, 0x00, 0x07, 0xFE, 0x00, 0x00, 0x00, 0x00, 0x00, 0x00, 0x0F, 0xFF, 0x00, 
    0x00, 0x00, 0x00, 0x00, 0x00, 0x0E, 0x03, 0x80, 0x00, 0x00, 0x00, 0x00, 0x00, 0x0C, 0x01, 0x80, 
    0x00, 0x00, 0x00, 0x00, 0x00, 0x0E, 0x03, 0x80, 0x00, 0x00, 0x00, 0x0F, 0xF0, 0x0F, 0xDF, 0x80, 
    0x00, 0x00, 0x00, 0x3F, 0xFC, 0x0F, 0xFF, 0x80, 0x00, 0x00, 0x00, 0x38, 0x1C, 0x0D, 0xF9, 0x80, 
    0x00, 0x00, 0x00, 0x70, 0x0E, 0x0C, 0x01, 0x80, 0x00, 0x00, 0x00, 0x70, 0x0E, 0x0C, 0x01, 0x80, 
    0x00, 0x00, 0x00, 0x7C, 0x3E, 0x0C, 0x01, 0x80, 0x00, 0x00, 0x00, 0x7F, 0xFE, 0x0C, 0x01, 0x80, 
    0x00, 0x00, 0x00, 0x7F, 0xFE, 0x0C, 0x01, 0x80, 0x00, 0x00, 0x00, 0x70, 0x0E, 0x0C, 0x01, 0x80, 
    0x00, 0x00, 0x00, 0x70, 0x0E, 0x0C, 0x01, 0x80, 0x00, 0x3F, 0x80, 0x70, 0x0E, 0x0C, 0x01, 0x80, 
    0x00, 0xFF, 0xE0, 0x70, 0x0E, 0x0C, 0x01, 0x80, 0x00, 0xF0, 0xF0, 0x70, 0x0E, 0x0C, 0x01, 0x80, 
    0x01, 0xC0, 0x30, 0x70, 0x0E, 0x0C, 0x01, 0x80, 0x01, 0x80, 0x30, 0x70, 0x0E, 0x0C, 0x01, 0x80, 
    0x01, 0xE0, 0x70, 0x70, 0x0E, 0x0C, 0x01, 0x80, 0x01, 0xFF, 0xF0, 0x70, 0x0E, 0x0C, 0x01, 0x80, 
    0x01, 0xFF, 0xF0, 0x70, 0x0E, 0x0C, 0x01, 0x80, 0x01, 0x86, 0x30, 0x70, 0x0E, 0x0C, 0x01, 0x80, 
    0x01, 0x80, 0x30, 0x70, 0x0E, 0x0C, 0x01, 0x80, 0x01, 0x80, 0x30, 0x70, 0x0E, 0x0C, 0x01, 0x80, 
    0x01, 0x80, 0x30, 0x70, 0x0E, 0x0C, 0x01, 0x80, 0x01, 0x80, 0x30, 0x70, 0x0E, 0x0C, 0x01, 0x80, 
    0x01, 0x80, 0x30, 0x70, 0x0E, 0x0C, 0x01, 0x80, 0x01, 0x80, 0x30, 0x70, 0x0E, 0x0C, 0x01, 0x80, 
    0x01, 0x80, 0x30, 0x70, 0x0E, 0x0C, 0x01, 0x80, 0x01, 0xC0, 0x30, 0x70, 0x0E, 0x0C, 0x03, 0x80, 
    0x01, 0xE0, 0x70, 0x38, 0x1C, 0x0E, 0x07, 0x80, 0x00, 0xFF, 0xE0, 0x3F, 0xFC, 0x07, 0xFF, 0x00, 
    0x00, 0x3F, 0xC0, 0x0F, 0xF0, 0x03, 0xFC, 0x00, 0x00, 0x00, 0x00, 0x00, 0x00, 0x00, 0x00, 0x00, 
    0x00, 0x00, 0x00, 0x00, 0x00, 0x00, 0x00, 0x00, 0x00, 0x00, 0x00, 0x00, 0x00, 0x00, 0x00, 0x00, 
    0x00, 0x00, 0x00, 0x00, 0x00, 0x00, 0x00, 0x00, 0x00, 0x1F, 0x00, 0x07, 0xE0, 0x00, 0xF8, 0x00, 
    0x00, 0x1F, 0x00, 0x03, 0xC0, 0x00, 0xF8, 0x00, 0x00, 0x00, 0x00, 0x00, 0x00, 0x00, 0x00, 0x00, 
    0x00, 0x00, 0x00, 0x00, 0x00, 0x00, 0x00, 0x00, 0x00, 0x00, 0x00, 0x00, 0x00, 0x00, 0x00, 0x00, 
    0x00, 0x00, 0x00, 0x00, 0x00, 0x00, 0x00, 0x00, 0x00, 0x00, 0x00, 0x00, 0x00, 0x00, 0x00, 0x00, 
    0x00, 0x00, 0x00, 0x00, 0x00, 0x00, 0x00, 0x00, 0x00, 0x00, 0x00, 0x00, 0x00, 0x00, 0x00, 0x00, 
    0x00, 0x00, 0x00, 0x00, 0x00, 0x00, 0x00, 0x00, 0x00, 0x00, 0x00, 0x00, 0x00, 0x00, 0x00, 0x00, 
    0x00, 0x00, 0x00, 0x00, 0x00, 0x00, 0x00, 0x00, 0x00, 0x00, 0x00, 0x00, 0x00, 0x00, 0x00, 0x00, 
      },
  {
    0x00, 0x00, 0x00, 0x00, 0x00, 0x00, 0x00, 0x00, 0x00, 0x00, 0x00, 0x00, 0x00, 0x00, 0x00, 0x00, 
    0x00, 0x00, 0x00, 0x00, 0x00, 0x00, 0x00, 0x00, 0x00, 0x00, 0x00, 0x00, 0x00, 0x00, 0x00, 0x00, 
    0x00, 0x00, 0x00, 0x00, 0x00, 0x00, 0x00, 0x00, 0x00, 0x00, 0x00, 0x00, 0x00, 0x00, 0x00, 0x00, 
    0x00, 0x00, 0x00, 0x00, 0x00, 0x00, 0x00, 0x00, 0x00, 0x00, 0x00, 0x00, 0x00, 0x00, 0x00, 0x00, 
    0x00, 0x00, 0x00, 0x00, 0x00, 0x00, 0x00, 0x00, 0x00, 0x00, 0x00, 0x00, 0x00, 0x00, 0x00, 0x00, 
    0x00, 0x00, 0x00, 0x00, 0x00, 0x00, 0x00, 0x00, 0x00, 0x00, 0x00, 0x00, 0x00, 0x00, 0x00, 0x00, 
    0x00, 0x00, 0x00, 0x00, 0x00, 0x03, 0xFC, 0x00, 0x00, 0x00, 0x00, 0x00, 0x00, 0x07, 0xFF, 0x00, 
    0x00, 0x00, 0x00, 0x00, 0x00, 0x0E, 0x07, 0x80, 0x00, 0x00, 0x00, 0x01, 0x80, 0x0C, 0x03, 0x80, 
    0x00, 0x00, 0x00, 0x0F, 0xF8, 0x0C, 0x03, 0x80, 0x00, 0x00, 0x00, 0x3F, 0xFC, 0x0F, 0x07, 0x80, 
    0x00, 0x00, 0x00, 0x38, 0x1C, 0x0F, 0xFF, 0x80, 0x00, 0x00, 0x00, 0x70, 0x0E, 0x0F, 0xFF, 0x80, 
    0x00, 0x00, 0x00, 0x70, 0x0E, 0x0C, 0x01, 0x80, 0x00, 0x00, 0x00, 0x7C, 0x3E, 0x0C, 0x01, 0x80, 
    0x00, 0x00, 0x00, 0x7F, 0xFE, 0x0C, 0x01, 0x80, 0x00, 0x00, 0x00, 0x77, 0xEE, 0x0C, 0x01, 0x80, 
    0x00, 0x00, 0x00, 0x70, 0x0E, 0x0C, 0x01, 0x80, 0x00, 0x00, 0x00, 0x70, 0x0E, 0x0C, 0x01, 0x80, 
    0x00, 0x00, 0x00, 0x70, 0x0E, 0x0C, 0x01, 0x80, 0x00, 0x3F, 0x80, 0x70, 0x0E, 0x0C, 0x01, 0x80, 
    0x00, 0xFF, 0xE0, 0x70, 0x0E, 0x0C, 0x01, 0x80, 0x00, 0xF0, 0xF0, 0x70, 0x0E, 0x0C, 0x01, 0x80, 
    0x01, 0xC0, 0x30, 0x70, 0x0E, 0x0C, 0x01, 0x80, 0x01, 0x80, 0x30, 0x70, 0x0E, 0x0C, 0x01, 0x80, 
    0x01, 0xE0, 0x70, 0x70, 0x0E, 0x0C, 0x01, 0x80, 0x01, 0xFF, 0xF0, 0x70, 0x0E, 0x0C, 0x01, 0x80, 
    0x01, 0xFF, 0xF0, 0x70, 0x0E, 0x0C, 0x01, 0x80, 0x01, 0x86, 0x30, 0x70, 0x0E, 0x0C, 0x01, 0x80, 
    0x01, 0x80, 0x30, 0x70, 0x0E, 0x0C, 0x01, 0x80, 0x01, 0x80, 0x30, 0x70, 0x0E, 0x0C, 0x01, 0x80, 
    0x01, 0x80, 0x30, 0x70, 0x0E, 0x0C, 0x01, 0x80, 0x01, 0x80, 0x30, 0x70, 0x0E, 0x0C, 0x01, 0x80, 
    0x01, 0x80, 0x30, 0x70, 0x0E, 0x0C, 0x01, 0x80, 0x01, 0x80, 0x30, 0x70, 0x0E, 0x0C, 0x01, 0x80, 
    0x01, 0x80, 0x30, 0x70, 0x0E, 0x0C, 0x01, 0x80, 0x01, 0xC0, 0x30, 0x70, 0x0E, 0x0C, 0x03, 0x80, 
    0x01, 0xE0, 0x70, 0x38, 0x1C, 0x0E, 0x07, 0x80, 0x00, 0xFF, 0xE0, 0x3F, 0xFC, 0x07, 0xFF, 0x00, 
    0x00, 0x3F, 0xC0, 0x0F, 0xF0, 0x03, 0xFC, 0x00, 0x00, 0x00, 0x00, 0x00, 0x00, 0x00, 0x00, 0x00, 
    0x00, 0x00, 0x00, 0x00, 0x00, 0x00, 0x00, 0x00, 0x00, 0x00, 0x00, 0x00, 0x00, 0x00, 0x00, 0x00, 
    0x00, 0x00, 0x00, 0x00, 0x00, 0x00, 0x00, 0x00, 0x00, 0x1F, 0x00, 0x07, 0xE0, 0x00, 0xF8, 0x00, 
    0x00, 0x1F, 0x00, 0x03, 0xC0, 0x00, 0xF8, 0x00, 0x00, 0x00, 0x00, 0x00, 0x00, 0x00, 0x00, 0x00, 
    0x00, 0x00, 0x00, 0x00, 0x00, 0x00, 0x00, 0x00, 0x00, 0x00, 0x00, 0x00, 0x00, 0x00, 0x00, 0x00, 
    0x00, 0x00, 0x00, 0x00, 0x00, 0x00, 0x00, 0x00, 0x00, 0x00, 0x00, 0x00, 0x00, 0x00, 0x00, 0x00, 
    0x00, 0x00, 0x00, 0x00, 0x00, 0x00, 0x00, 0x00, 0x00, 0x00, 0x00, 0x00, 0x00, 0x00, 0x00, 0x00, 
    0x00, 0x00, 0x00, 0x00, 0x00, 0x00, 0x00, 0x00, 0x00, 0x00, 0x00, 0x00, 0x00, 0x00, 0x00, 0x00, 
    0x00, 0x00, 0x00, 0x00, 0x00, 0x00, 0x00, 0x00, 0x00, 0x00, 0x00, 0x00, 0x00, 0x00, 0x00, 0x00, 
      },
  {
    0x00, 0x00, 0x00, 0x00, 0x00, 0x00, 0x00, 0x00, 0x00, 0x00, 0x00, 0x00, 0x00, 0x00, 0x00, 0x00, 
    0x00, 0x00, 0x00, 0x00, 0x00, 0x00, 0x00, 0x00, 0x00, 0x00, 0x00, 0x00, 0x00, 0x00, 0x00, 0x00, 
    0x00, 0x00, 0x00, 0x00, 0x00, 0x00, 0x00, 0x00, 0x00, 0x00, 0x00, 0x00, 0x00, 0x00, 0x00, 0x00, 
    0x00, 0x00, 0x00, 0x00, 0x00, 0x00, 0x00, 0x00, 0x00, 0x00, 0x00, 0x00, 0x00, 0x00, 0x00, 0x00, 
    0x00, 0x00, 0x00, 0x00, 0x00, 0x00, 0x00, 0x00, 0x00, 0x00, 0x00, 0x00, 0x00, 0x00, 0x00, 0x00, 
    0x00, 0x00, 0x00, 0x00, 0x00, 0x00, 0x00, 0x00, 0x00, 0x00, 0x00, 0x00, 0x00, 0x00, 0x00, 0x00, 
    0x00, 0x00, 0x00, 0x00, 0x00, 0x00, 0x00, 0x00, 0x00, 0x00, 0x00, 0x07, 0xE0, 0x01, 0xFC, 0x00, 
    0x00, 0x00, 0x00, 0x1F, 0xF8, 0x07, 0xFF, 0x00, 0x00, 0x00, 0x00, 0x3E, 0x7C, 0x0F, 0x0F, 0x80, 
    0x00, 0x00, 0x00, 0x70, 0x0E, 0x0C, 0x03, 0x80, 0x00, 0x00, 0x00, 0x70, 0x0E, 0x0C, 0x01, 0x80, 
    0x00, 0x00, 0x00, 0x78, 0x1E, 0x0E, 0x07, 0x80, 0x00, 0x00, 0x00, 0x7F, 0xFE, 0x0F, 0xFF, 0x80, 
    0x00, 0x00, 0x00, 0x7F, 0xFE, 0x0F, 0xFF, 0x80, 0x00, 0x00, 0x00, 0x73, 0xCE, 0x0C, 0x61, 0x80, 
    0x00, 0x00, 0x00, 0x70, 0x0E, 0x0C, 0x01, 0x80, 0x00, 0x00, 0x00, 0x70, 0x0E, 0x0C, 0x01, 0x80, 
    0x00, 0x00, 0x00, 0x70, 0x0E, 0x0C, 0x01, 0x80, 0x00, 0x00, 0x00, 0x70, 0x0E, 0x0C, 0x01, 0x80, 
    0x00, 0x00, 0x00, 0x70, 0x0E, 0x0C, 0x01, 0x80, 0x00, 0x3F, 0x80, 0x70, 0x0E, 0x0C, 0x01, 0x80, 
    0x00, 0xFF, 0xE0, 0x70, 0x0E, 0x0C, 0x01, 0x80, 0x00, 0xF0, 0xF0, 0x70, 0x0E, 0x0C, 0x01, 0x80, 
    0x01, 0xC0, 0x30, 0x70, 0x0E, 0x0C, 0x01, 0x80, 0x01, 0x80, 0x30, 0x70, 0x0E, 0x0C, 0x01, 0x80, 
    0x01, 0xE0, 0x70, 0x70, 0x0E, 0x0C, 0x01, 0x80, 0x01, 0xFF, 0xF0, 0x70, 0x0E, 0x0C, 0x01, 0x80, 
    0x01, 0xFF, 0xF0, 0x70, 0x0E, 0x0C, 0x01, 0x80, 0x01, 0x86, 0x30, 0x70, 0x0E, 0x0C, 0x01, 0x80, 
    0x01, 0x80, 0x30, 0x70, 0x0E, 0x0C, 0x01, 0x80, 0x01, 0x80, 0x30, 0x70, 0x0E, 0x0C, 0x01, 0x80, 
    0x01, 0x80, 0x30, 0x70, 0x0E, 0x0C, 0x01, 0x80, 0x01, 0x80, 0x30, 0x70, 0x0E, 0x0C, 0x01, 0x80, 
    0x01, 0x80, 0x30, 0x70, 0x0E, 0x0C, 0x01, 0x80, 0x01, 0x80, 0x30, 0x70, 0x0E, 0x0C, 0x01, 0x80, 
    0x01, 0x80, 0x30, 0x70, 0x0E, 0x0C, 0x01, 0x80, 0x01, 0xC0, 0x30, 0x70, 0x0E, 0x0C, 0x03, 0x80, 
    0x01, 0xE0, 0x70, 0x38, 0x1C, 0x0E, 0x07, 0x80, 0x00, 0xFF, 0xE0, 0x3F, 0xFC, 0x07, 0xFF, 0x00, 
    0x00, 0x3F, 0xC0, 0x0F, 0xF0, 0x03, 0xFC, 0x00, 0x00, 0x00, 0x00, 0x00, 0x00, 0x00, 0x00, 0x00, 
    0x00, 0x00, 0x00, 0x00, 0x00, 0x00, 0x00, 0x00, 0x00, 0x00, 0x00, 0x00, 0x00, 0x00, 0x00, 0x00, 
    0x00, 0x00, 0x00, 0x00, 0x00, 0x00, 0x00, 0x00, 0x00, 0x1F, 0x00, 0x07, 0xE0, 0x00, 0xF8, 0x00, 
    0x00, 0x1F, 0x00, 0x03, 0xC0, 0x00, 0xF8, 0x00, 0x00, 0x00, 0x00, 0x00, 0x00, 0x00, 0x00, 0x00, 
    0x00, 0x00, 0x00, 0x00, 0x00, 0x00, 0x00, 0x00, 0x00, 0x00, 0x00, 0x00, 0x00, 0x00, 0x00, 0x00, 
    0x00, 0x00, 0x00, 0x00, 0x00, 0x00, 0x00, 0x00, 0x00, 0x00, 0x00, 0x00, 0x00, 0x00, 0x00, 0x00, 
    0x00, 0x00, 0x00, 0x00, 0x00, 0x00, 0x00, 0x00, 0x00, 0x00, 0x00, 0x00, 0x00, 0x00, 0x00, 0x00, 
    0x00, 0x00, 0x00, 0x00, 0x00, 0x00, 0x00, 0x00, 0x00, 0x00, 0x00, 0x00, 0x00, 0x00, 0x00, 0x00, 
    0x00, 0x00, 0x00, 0x00, 0x00, 0x00, 0x00, 0x00, 0x00, 0x00, 0x00, 0x00, 0x00, 0x00, 0x00, 0x00, 
      },
  {
    0x00, 0x00, 0x00, 0x00, 0x00, 0x00, 0x00, 0x00, 0x00, 0x00, 0x00, 0x00, 0x00, 0x00, 0x00, 0x00, 
    0x00, 0x00, 0x00, 0x00, 0x00, 0x00, 0x00, 0x00, 0x00, 0x00, 0x00, 0x00, 0x00, 0x00, 0x00, 0x00, 
    0x00, 0x00, 0x00, 0x00, 0x00, 0x00, 0x00, 0x00, 0x00, 0x00, 0x00, 0x00, 0x00, 0x00, 0x00, 0x00, 
    0x00, 0x00, 0x00, 0x00, 0x00, 0x00, 0x00, 0x00, 0x00, 0x00, 0x00, 0x00, 0x00, 0x00, 0x00, 0x00, 
    0x00, 0x00, 0x00, 0x00, 0x00, 0x00, 0x00, 0x00, 0x00, 0x00, 0x00, 0x00, 0x00, 0x00, 0x00, 0x00, 
    0x00, 0x00, 0x00, 0x0F, 0xF0, 0x00, 0x00, 0x00, 0x00, 0x00, 0x00, 0x3F, 0xFC, 0x00, 0x00, 0x00, 
    0x00, 0x00, 0x00, 0x38, 0x1C, 0x00, 0x00, 0x00, 0x00, 0x00, 0x00, 0x70, 0x0E, 0x00, 0x00, 0x00, 
    0x00, 0x00, 0x00, 0x70, 0x0E, 0x00, 0x00, 0x00, 0x00, 0x00, 0x00, 0x7C, 0x3E, 0x00, 0x60, 0x00, 
    0x00, 0x00, 0x00, 0x7F, 0xFE, 0x03, 0xFE, 0x00, 0x00, 0x00, 0x00, 0x7F, 0xFE, 0x07, 0xFF, 0x00, 
    0x00, 0x00, 0x00, 0x70, 0x0E, 0x0E, 0x07, 0x80, 0x00, 0x00, 0x00, 0x70, 0x0E, 0x0C, 0x01, 0x80, 
    0x00, 0x00, 0x00, 0x70, 0x0E, 0x0C, 0x03, 0x80, 0x00, 0x00, 0x00, 0x70, 0x0E, 0x0F, 0x0F, 0x80, 
    0x00, 0x00, 0x00, 0x70, 0x0E, 0x0F, 0xFF, 0x80, 0x00, 0x00, 0x00, 0x70, 0x0E, 0x0D, 0xFD, 0x80, 
    0x00, 0x00, 0x00, 0x70, 0x0E, 0x0C, 0x01, 0x80, 0x00, 0x00, 0x00, 0x70, 0x0E, 0x0C, 0x01, 0x80, 
    0x00, 0x00, 0x00, 0x70, 0x0E, 0x0C, 0x01, 0x80, 0x00, 0x00, 0x00, 0x70, 0x0E, 0x0C, 0x01, 0x80, 
    0x00, 0x3F, 0x80, 0x70, 0x0E, 0x0C, 0x01, 0x80, 0x00, 0xFF, 0xE0, 0x70, 0x0E, 0x0C, 0x01, 0x80, 
    0x00, 0xF0, 0xF0, 0x70, 0x0E, 0x0C, 0x01, 0x80, 0x01, 0xC0, 0x30, 0x70, 0x0E, 0x0C, 0x01, 0x80, 
    0x01, 0x80, 0x30, 0x70, 0x0E, 0x0C, 0x01, 0x80, 0x01, 0xC0, 0x70, 0x70, 0x0E, 0x0C, 0x01, 0x80, 
    0x01, 0xFF, 0xF0, 0x70, 0x0E, 0x0C, 0x01, 0x80, 0x01, 0xFF, 0xF0, 0x70, 0x0E, 0x0C, 0x01, 0x80, 
    0x01, 0x8E, 0x30, 0x70, 0x0E, 0x0C, 0x01, 0x80, 0x01, 0x80, 0x30, 0x70, 0x0E, 0x0C, 0x01, 0x80, 
    0x01, 0x80, 0x30, 0x70, 0x0E, 0x0C, 0x01, 0x80, 0x01, 0x80, 0x30, 0x70, 0x0E, 0x0C, 0x01, 0x80, 
    0x01, 0x80, 0x30, 0x70, 0x0E, 0x0C, 0x01, 0x80, 0x01, 0x80, 0x30, 0x70, 0x0E, 0x0C, 0x01, 0x80, 
    0x01, 0x80, 0x30, 0x70, 0x0E, 0x0C, 0x01, 0x80, 0x01, 0xC0, 0x30, 0x70, 0x0E, 0x0C, 0x03, 0x80, 
    0x01, 0xE0, 0x70, 0x38, 0x1C, 0x0E, 0x07, 0x80, 0x00, 0xFF, 0xE0, 0x3F, 0xFC, 0x07, 0xFF, 0x00, 
    0x00, 0x3F, 0xC0, 0x0F, 0xF0, 0x03, 0xFC, 0x00, 0x00, 0x00, 0x00, 0x00, 0x00, 0x00, 0x00, 0x00, 
    0x00, 0x00, 0x00, 0x00, 0x00, 0x00, 0x00, 0x00, 0x00, 0x00, 0x00, 0x00, 0x00, 0x00, 0x00, 0x00, 
    0x00, 0x00, 0x00, 0x00, 0x00, 0x00, 0x00, 0x00, 0x00, 0x1F, 0x00, 0x07, 0xE0, 0x00, 0xF8, 0x00, 
    0x00, 0x1F, 0x00, 0x03, 0xC0, 0x00, 0xF8, 0x00, 0x00, 0x00, 0x00, 0x00, 0x00, 0x00, 0x00, 0x00, 
    0x00, 0x00, 0x00, 0x00, 0x00, 0x00, 0x00, 0x00, 0x00, 0x00, 0x00, 0x00, 0x00, 0x00, 0x00, 0x00, 
    0x00, 0x00, 0x00, 0x00, 0x00, 0x00, 0x00, 0x00, 0x00, 0x00, 0x00, 0x00, 0x00, 0x00, 0x00, 0x00, 
    0x00, 0x00, 0x00, 0x00, 0x00, 0x00, 0x00, 0x00, 0x00, 0x00, 0x00, 0x00, 0x00, 0x00, 0x00, 0x00, 
    0x00, 0x00, 0x00, 0x00, 0x00, 0x00, 0x00, 0x00, 0x00, 0x00, 0x00, 0x00, 0x00, 0x00, 0x00, 0x00, 
    0x00, 0x00, 0x00, 0x00, 0x00, 0x00, 0x00, 0x00, 0x00, 0x00, 0x00, 0x00, 0x00, 0x00, 0x00, 0x00, 
      },
  {
    0x00, 0x00, 0x00, 0x00, 0x00, 0x00, 0x00, 0x00, 0x00, 0x00, 0x00, 0x00, 0x00, 0x00, 0x00, 0x00, 
    0x00, 0x00, 0x00, 0x00, 0x00, 0x00, 0x00, 0x00, 0x00, 0x00, 0x00, 0x00, 0x00, 0x00, 0x00, 0x00, 
    0x00, 0x00, 0x00, 0x00, 0x00, 0x00, 0x00, 0x00, 0x00, 0x00, 0x00, 0x00, 0x00, 0x00, 0x00, 0x00, 
    0x00, 0x00, 0x00, 0x00, 0x00, 0x00, 0x00, 0x00, 0x00, 0x00, 0x00, 0x00, 0x00, 0x00, 0x00, 0x00, 
    0x00, 0x00, 0x00, 0x0F, 0xF0, 0x00, 0x00, 0x00, 0x00, 0x00, 0x00, 0x3F, 0xFC, 0x00, 0x00, 0x00, 
    0x00, 0x00, 0x00, 0x38, 0x1C, 0x00, 0x00, 0x00, 0x00, 0x00, 0x00, 0x70, 0x0E, 0x00, 0x00, 0x00, 
    0x00, 0x00, 0x00, 0x70, 0x0E, 0x00, 0x00, 0x00, 0x00, 0x00, 0x00, 0x7C, 0x3E, 0x00, 0x00, 0x00, 
    0x00, 0x00, 0x00, 0x7F, 0xFE, 0x00, 0x00, 0x00, 0x00, 0x00, 0x00, 0x7F, 0xFE, 0x00, 0x00, 0x00, 
    0x00, 0x00, 0x00, 0x70, 0x0E, 0x00, 0x00, 0x00, 0x00, 0x00, 0x00, 0x70, 0x0E, 0x00, 0x00, 0x00, 
    0x00, 0x00, 0x00, 0x70, 0x0E, 0x03, 0xFC, 0x00, 0x00, 0x00, 0x00, 0x70, 0x0E, 0x07, 0xFF, 0x00, 
    0x00, 0x00, 0x00, 0x70, 0x0E, 0x0F, 0x07, 0x80, 0x00, 0x00, 0x00, 0x70, 0x0E, 0x0C, 0x03, 0x80, 
    0x00, 0x00, 0x00, 0x70, 0x0E, 0x0C, 0x01, 0x80, 0x00, 0x00, 0x00, 0x70, 0x0E, 0x0E, 0x07, 0x80, 
    0x00, 0x00, 0x00, 0x70, 0x0E, 0x0F, 0xFF, 0x80, 0x00, 0x00, 0x00, 0x70, 0x0E, 0x0F, 0xFF, 0x80, 
    0x00, 0x00, 0x00, 0x70, 0x0E, 0x0C, 0x01, 0x80, 0x00, 0x00, 0x00, 0x70, 0x0E, 0x0C, 0x01, 0x80, 
    0x00, 0x00, 0x00, 0x70, 0x0E, 0x0C, 0x01, 0x80, 0x00, 0x00, 0x00, 0x70, 0x0E, 0x0C, 0x01, 0x80, 
    0x00, 0x3F, 0xC0, 0x70, 0x0E, 0x0C, 0x01, 0x80, 0x00, 0xFF, 0xE0, 0x70, 0x0E, 0x0C, 0x01, 0x80, 
    0x01, 0xE0, 0x70, 0x70, 0x0E, 0x0C, 0x01, 0x80, 0x01, 0xC0, 0x30, 0x70, 0x0E, 0x0C, 0x01, 0x80, 
    0x01, 0xC0, 0x30, 0x70, 0x0E, 0x0C, 0x01, 0x80, 0x01, 0xE0, 0xF0, 0x70, 0x0E, 0x0C, 0x01, 0x80, 
    0x01, 0xFF, 0xF0, 0x70, 0x0E, 0x0C, 0x01, 0x80, 0x01, 0xFF, 0xF0, 0x70, 0x0E, 0x0C, 0x01, 0x80, 
    0x01, 0x80, 0x30, 0x70, 0x0E, 0x0C, 0x01, 0x80, 0x01, 0x80, 0x30, 0x70, 0x0E, 0x0C, 0x01, 0x80, 
    0x01, 0x80, 0x30, 0x70, 0x0E, 0x0C, 0x01, 0x80, 0x01, 0x80, 0x30, 0x70, 0x0E, 0x0C, 0x01, 0x80, 
    0x01, 0x80, 0x30, 0x70, 0x0E, 0x0C, 0x01, 0x80, 0x01, 0xC0, 0x30, 0x70, 0x0E, 0x0C, 0x03, 0x80, 
    0x01, 0xE0, 0x70, 0x38, 0x1C, 0x0E, 0x07, 0x80, 0x00, 0xFF, 0xE0, 0x3F, 0xFC, 0x07, 0xFF, 0x00, 
    0x00, 0x3F, 0xC0, 0x0F, 0xF0, 0x03, 0xFC, 0x00, 0x00, 0x00, 0x00, 0x00, 0x00, 0x00, 0x00, 0x00, 
    0x00, 0x00, 0x00, 0x00, 0x00, 0x00, 0x00, 0x00, 0x00, 0x00, 0x00, 0x00, 0x00, 0x00, 0x00, 0x00, 
    0x00, 0x00, 0x00, 0x00, 0x00, 0x00, 0x00, 0x00, 0x00, 0x1F, 0x00, 0x07, 0xE0, 0x00, 0xF8, 0x00, 
    0x00, 0x1F, 0x00, 0x03, 0xC0, 0x00, 0xF8, 0x00, 0x00, 0x00, 0x00, 0x00, 0x00, 0x00, 0x00, 0x00, 
    0x00, 0x00, 0x00, 0x00, 0x00, 0x00, 0x00, 0x00, 0x00, 0x00, 0x00, 0x00, 0x00, 0x00, 0x00, 0x00, 
    0x00, 0x00, 0x00, 0x00, 0x00, 0x00, 0x00, 0x00, 0x00, 0x00, 0x00, 0x00, 0x00, 0x00, 0x00, 0x00, 
    0x00, 0x00, 0x00, 0x00, 0x00, 0x00, 0x00, 0x00, 0x00, 0x00, 0x00, 0x00, 0x00, 0x00, 0x00, 0x00, 
    0x00, 0x00, 0x00, 0x00, 0x00, 0x00, 0x00, 0x00, 0x00, 0x00, 0x00, 0x00, 0x00, 0x00, 0x00, 0x00, 
    0x00, 0x00, 0x00, 0x00, 0x00, 0x00, 0x00, 0x00, 0x00, 0x00, 0x00, 0x00, 0x00, 0x00, 0x00, 0x00, 
      },
  {
    0x00, 0x00, 0x00, 0x00, 0x00, 0x00, 0x00, 0x00, 0x00, 0x00, 0x00, 0x00, 0x00, 0x00, 0x00, 0x00, 
    0x00, 0x00, 0x00, 0x00, 0x00, 0x00, 0x00, 0x00, 0x00, 0x00, 0x00, 0x00, 0x00, 0x00, 0x00, 0x00, 
    0x00, 0x00, 0x00, 0x00, 0x00, 0x00, 0x00, 0x00, 0x00, 0x00, 0x00, 0x00, 0x00, 0x00, 0x00, 0x00, 
    0x00, 0x00, 0x00, 0x03, 0xC0, 0x00, 0x00, 0x00, 0x00, 0x00, 0x00, 0x1F, 0xF8, 0x00, 0x00, 0x00, 
    0x00, 0x00, 0x00, 0x3F, 0xFC, 0x00, 0x00, 0x00, 0x00, 0x00, 0x00, 0x38, 0x1E, 0x00, 0x00, 0x00, 
    0x00, 0x00, 0x00, 0x70, 0x0E, 0x00, 0x00, 0x00, 0x00, 0x00, 0x00, 0x70, 0x0E, 0x00, 0x00, 0x00, 
    0x00, 0x00, 0x00, 0x7C, 0x3E, 0x00, 0x00, 0x00, 0x00, 0x00, 0x00, 0x7F, 0xFE, 0x00, 0x00, 0x00, 
    0x00, 0x00, 0x00, 0x77, 0xEE, 0x00, 0x00, 0x00, 0x00, 0x00, 0x00, 0x70, 0x0E, 0x00, 0x00, 0x00, 
    0x00, 0x00, 0x00, 0x70, 0x0E, 0x00, 0x00, 0x00, 0x00, 0x00, 0x00, 0x70, 0x0E, 0x00, 0x00, 0x00, 
    0x00, 0x00, 0x00, 0x70, 0x0E, 0x00, 0x00, 0x00, 0x00, 0x00, 0x00, 0x70, 0x0E, 0x00, 0x00, 0x00, 
    0x00, 0x00, 0x00, 0x70, 0x0E, 0x00, 0xF8, 0x00, 0x00, 0x00, 0x00, 0x70, 0x0E, 0x07, 0xFE, 0x00, 
    0x00, 0x00, 0x00, 0x70, 0x0E, 0x0F, 0xFF, 0x00, 0x00, 0x00, 0x00, 0x70, 0x0E, 0x0E, 0x03, 0x80, 
    0x00, 0x00, 0x00, 0x70, 0x0E, 0x0C, 0x01, 0x80, 0x00, 0x00, 0x00, 0x70, 0x0E, 0x0E, 0x03, 0x80, 
    0x00, 0x00, 0x00, 0x70, 0x0E, 0x0F, 0xFF, 0x80, 0x00, 0x00, 0x00, 0x70, 0x0E, 0x0F, 0xFF, 0x80, 
    0x00, 0x00, 0x00, 0x70, 0x0E, 0x0C, 0xF9, 0x80, 0x00, 0x00, 0x00, 0x70, 0x0E, 0x0C, 0x01, 0x80, 
    0x00, 0x00, 0x00, 0x70, 0x0E, 0x0C, 0x01, 0x80, 0x00, 0x00, 0x00, 0x70, 0x0E, 0x0C, 0x01, 0x80, 
    0x00, 0x7F, 0xC0, 0x70, 0x0E, 0x0C, 0x01, 0x80, 0x00, 0xFF, 0xE0, 0x70, 0x0E, 0x0C, 0x01, 0x80, 
    0x01, 0xE0, 0x70, 0x70, 0x0E, 0x0C, 0x01, 0x80, 0x01, 0xC0, 0x30, 0x70, 0x0E, 0x0C, 0x01, 0x80, 
    0x01, 0xC0, 0x30, 0x70, 0x0E, 0x0C, 0x01, 0x80, 0x01, 0xE0, 0xF0, 0x70, 0x0E, 0x0C, 0x01, 0x80, 
    0x01, 0xFF, 0xF0, 0x70, 0x0E, 0x0C, 0x01, 0x80, 0x01, 0xBF, 0xB0, 0x70, 0x0E, 0x0C, 0x01, 0x80, 
    0x01, 0x80, 0x30, 0x70, 0x0E, 0x0C, 0x01, 0x80, 0x01, 0x80, 0x30, 0x70, 0x0E, 0x0C, 0x01, 0x80, 
    0x01, 0x80, 0x30, 0x70, 0x0E, 0x0C, 0x01, 0x80, 0x01, 0xC0, 0x30, 0x70, 0x0E, 0x0C, 0x03, 0x80, 
    0x01, 0xE0, 0x70, 0x38, 0x1C, 0x0E, 0x07, 0x80, 0x00, 0xFF, 0xE0, 0x3F, 0xFC, 0x07, 0xFF, 0x00, 
    0x00, 0x3F, 0xC0, 0x0F, 0xF0, 0x03, 0xFC, 0x00, 0x00, 0x00, 0x00, 0x00, 0x00, 0x00, 0x00, 0x00, 
    0x00, 0x00, 0x00, 0x00, 0x00, 0x00, 0x00, 0x00, 0x00, 0x00, 0x00, 0x00, 0x00, 0x00, 0x00, 0x00, 
    0x00, 0x00, 0x00, 0x00, 0x00, 0x00, 0x00, 0x00, 0x00, 0x1F, 0x00, 0x07, 0xE0, 0x00, 0xF8, 0x00, 
    0x00, 0x1F, 0x00, 0x03, 0xC0, 0x00, 0xF8, 0x00, 0x00, 0x00, 0x00, 0x00, 0x00, 0x00, 0x00, 0x00, 
    0x00, 0x00, 0x00, 0x00, 0x00, 0x00, 0x00, 0x00, 0x00, 0x00, 0x00, 0x00, 0x00, 0x00, 0x00, 0x00, 
    0x00, 0x00, 0x00, 0x00, 0x00, 0x00, 0x00, 0x00, 0x00, 0x00, 0x00, 0x00, 0x00, 0x00, 0x00, 0x00, 
    0x00, 0x00, 0x00, 0x00, 0x00, 0x00, 0x00, 0x00, 0x00, 0x00, 0x00, 0x00, 0x00, 0x00, 0x00, 0x00, 
    0x00, 0x00, 0x00, 0x00, 0x00, 0x00, 0x00, 0x00, 0x00, 0x00, 0x00, 0x00, 0x00, 0x00, 0x00, 0x00, 
    0x00, 0x00, 0x00, 0x00, 0x00, 0x00, 0x00, 0x00, 0x00, 0x00, 0x00, 0x00, 0x00, 0x00, 0x00, 0x00, 
      },
  {
    0x00, 0x00, 0x00, 0x00, 0x00, 0x00, 0x00, 0x00, 0x00, 0x00, 0x00, 0x00, 0x00, 0x00, 0x00, 0x00, 
    0x00, 0x00, 0x00, 0x00, 0x00, 0x00, 0x00, 0x00, 0x00, 0x00, 0x00, 0x00, 0x00, 0x00, 0x00, 0x00, 
    0x00, 0x00, 0x00, 0x00, 0x00, 0x00, 0x00, 0x00, 0x00, 0x00, 0x00, 0x00, 0x00, 0x00, 0x00, 0x00, 
    0x00, 0x00, 0x00, 0x0F, 0xF0, 0x00, 0x00, 0x00, 0x00, 0x00, 0x00, 0x1F, 0xF8, 0x00, 0x00, 0x00, 
    0x00, 0x00, 0x00, 0x3C, 0x3C, 0x00, 0x00, 0x00, 0x00, 0x00, 0x00, 0x70, 0x0E, 0x00, 0x00, 0x00, 
    0x00, 0x00, 0x00, 0x70, 0x0E, 0x00, 0x00, 0x00, 0x00, 0x00, 0x00, 0x78, 0x1E, 0x00, 0x00, 0x00, 
    0x00, 0x00, 0x00, 0x7F, 0xFE, 0x00, 0x00, 0x00, 0x00, 0x00, 0x00, 0x7F, 0xFE, 0x00, 0x00, 0x00, 
    0x00, 0x00, 0x00, 0x70, 0x0E, 0x00, 0x00, 0x00, 0x00, 0x00, 0x00, 0x70, 0x0E, 0x00, 0x00, 0x00, 
    0x00, 0x00, 0x00, 0x70, 0x0E, 0x00, 0x00, 0x00, 0x00, 0x00, 0x00, 0x70, 0x0E, 0x00, 0x00, 0x00, 
    0x00, 0x00, 0x00, 0x70, 0x0E, 0x00, 0x00, 0x00, 0x00, 0x00, 0x00, 0x70, 0x0E, 0x00, 0x00, 0x00, 
    0x00, 0x00, 0x00, 0x70, 0x0E, 0x03, 0xFC, 0x00, 0x00, 0x00, 0x00, 0x70, 0x0E, 0x07, 0xFF, 0x00, 
    0x00, 0x00, 0x00, 0x70, 0x0E, 0x0E, 0x07, 0x80, 0x00, 0x00, 0x00, 0x70, 0x0E, 0x0C, 0x03, 0x80, 
    0x00, 0x00, 0x00, 0x70, 0x0E, 0x0C, 0x03, 0x80, 0x00, 0x00, 0x00, 0x70, 0x0E, 0x0F, 0x07, 0x80, 
    0x00, 0x00, 0x00, 0x70, 0x0E, 0x0F, 0xFF, 0x80, 0x00, 0x00, 0x00, 0x70, 0x0E, 0x0F, 0xFF, 0x80, 
    0x00, 0x00, 0x00, 0x70, 0x0E, 0x0C, 0x01, 0x80, 0x00, 0x00, 0x00, 0x70, 0x0E, 0x0C, 0x01, 0x80, 
    0x00, 0x00, 0x00, 0x70, 0x0E, 0x0C, 0x01, 0x80, 0x00, 0x00, 0x00, 0x70, 0x0E, 0x0C, 0x01, 0x80, 
    0x00, 0x00, 0x00, 0x70, 0x0E, 0x0C, 0x01, 0x80, 0x00, 0x1F, 0x80, 0x70, 0x0E, 0x0C, 0x01, 0x80, 
    0x00, 0x7F, 0xE0, 0x70, 0x0E, 0x0C, 0x01, 0x80, 0x00, 0xF1, 0xF0, 0x70, 0x0E, 0x0C, 0x01, 0x80, 
    0x01, 0xC0, 0x30, 0x70, 0x0E, 0x0C, 0x01, 0x80, 0x01, 0x80, 0x30, 0x70, 0x0E, 0x0C, 0x01, 0x80, 
    0x01, 0xC0, 0x70, 0x70, 0x0E, 0x0C, 0x01, 0x80, 0x01, 0xFF, 0xF0, 0x70, 0x0E, 0x0C, 0x01, 0x80, 
    0x01, 0xFF, 0xF0, 0x70, 0x0E, 0x0C, 0x01, 0x80, 0x01, 0x8F, 0x30, 0x70, 0x0E, 0x0C, 0x01, 0x80, 
    0x01, 0x80, 0x30, 0x70, 0x0E, 0x0C, 0x01, 0x80, 0x01, 0xC0, 0x30, 0x70, 0x0E, 0x0C, 0x03, 0x80, 
    0x01, 0xE0, 0x70, 0x38, 0x1C, 0x0E, 0x07, 0x80, 0x00, 0xFF, 0xE0, 0x3F, 0xFC, 0x07, 0xFF, 0x00, 
    0x00, 0x3F, 0xC0, 0x0F, 0xF0, 0x03, 0xFC, 0x00, 0x00, 0x00, 0x00, 0x00, 0x00, 0x00, 0x00, 0x00, 
    0x00, 0x00, 0x00, 0x00, 0x00, 0x00, 0x00, 0x00, 0x00, 0x00, 0x00, 0x00, 0x00, 0x00, 0x00, 0x00, 
    0x00, 0x00, 0x00, 0x00, 0x00, 0x00, 0x00, 0x00, 0x00, 0x1F, 0x00, 0x07, 0xE0, 0x00, 0xF8, 0x00, 
    0x00, 0x1F, 0x00, 0x03, 0xC0, 0x00, 0xF8, 0x00, 0x00, 0x00, 0x00, 0x00, 0x00, 0x00, 0x00, 0x00, 
    0x00, 0x00, 0x00, 0x00, 0x00, 0x00, 0x00, 0x00, 0x00, 0x00, 0x00, 0x00, 0x00, 0x00, 0x00, 0x00, 
    0x00, 0x00, 0x00, 0x00, 0x00, 0x00, 0x00, 0x00, 0x00, 0x00, 0x00, 0x00, 0x00, 0x00, 0x00, 0x00, 
    0x00, 0x00, 0x00, 0x00, 0x00, 0x00, 0x00, 0x00, 0x00, 0x00, 0x00, 0x00, 0x00, 0x00, 0x00, 0x00, 
    0x00, 0x00, 0x00, 0x00, 0x00, 0x00, 0x00, 0x00, 0x00, 0x00, 0x00, 0x00, 0x00, 0x00, 0x00, 0x00, 
    0x00, 0x00, 0x00, 0x00, 0x00, 0x00, 0x00, 0x00, 0x00, 0x00, 0x00, 0x00, 0x00, 0x00, 0x00, 0x00, 
      },
  {
    0x00, 0x00, 0x00, 0x00, 0x00, 0x00, 0x00, 0x00, 0x00, 0x00, 0x00, 0x00, 0x00, 0x00, 0x00, 0x00, 
    0x00, 0x00, 0x00, 0x00, 0x00, 0x00, 0x00, 0x00, 0x00, 0x00, 0x00, 0x00, 0x00, 0x00, 0x00, 0x00, 
    0x00, 0x00, 0x00, 0x00, 0x00, 0x00, 0x00, 0x00, 0x00, 0x00, 0x00, 0x00, 0x00, 0x00, 0x00, 0x00, 
    0x00, 0x00, 0x00, 0x0F, 0xF0, 0x00, 0x00, 0x00, 0x00, 0x00, 0x00, 0x1F, 0xF8, 0x00, 0x00, 0x00, 
    0x00, 0x00, 0x00, 0x3C, 0x3C, 0x00, 0x00, 0x00, 0x00, 0x00, 0x00, 0x70, 0x0E, 0x00, 0x00, 0x00, 
    0x00, 0x00, 0x00, 0x70, 0x0E, 0x00, 0x00, 0x00, 0x00, 0x00, 0x00, 0x78, 0x1E, 0x00, 0x00, 0x00, 
    0x00, 0x00, 0x00, 0x7F, 0xFE, 0x00, 0x00, 0x00, 0x00, 0x00, 0x00, 0x7F, 0xFE, 0x00, 0x00, 0x00, 
    0x00, 0x00, 0x00, 0x71, 0x8E, 0x00, 0x00, 0x00, 0x00, 0x00, 0x00, 0x70, 0x0E, 0x00, 0x00, 0x00, 
    0x00, 0x00, 0x00, 0x70, 0x0E, 0x00, 0x00, 0x00, 0x00, 0x00, 0x00, 0x70, 0x0E, 0x00, 0x00, 0x00, 
    0x00, 0x00, 0x00, 0x70, 0x0E, 0x03, 0xFE, 0x00, 0x00, 0x00, 0x00, 0x70, 0x0E, 0x07, 0xFF, 0x00, 
    0x00, 0x00, 0x00, 0x70, 0x0E, 0x0E, 0x07, 0x80, 0x00, 0x00, 0x00, 0x70, 0x0E, 0x0C, 0x01, 0x80, 
    0x00, 0x00, 0x00, 0x70, 0x0E, 0x0C, 0x03, 0x80, 0x00, 0x00, 0x00, 0x70, 0x0E, 0x0F, 0x07, 0x80, 
    0x00, 0x00, 0x00, 0x70, 0x0E, 0x0F, 0xFF, 0x80, 0x00, 0x00, 0x00, 0x70, 0x0E, 0x0D, 0xFD, 0x80, 
    0x00, 0x00, 0x00, 0x70, 0x0E, 0x0C, 0x01, 0x80, 0x00, 0x00, 0x00, 0x70, 0x0E, 0x0C, 0x01, 0x80, 
    0x00, 0x00, 0x00, 0x70, 0x0E, 0x0C, 0x01, 0x80, 0x00, 0x00, 0x00, 0x70, 0x0E, 0x0C, 0x01, 0x80, 
    0x00, 0x00, 0x00, 0x70, 0x0E, 0x0C, 0x01, 0x80, 0x00, 0x00, 0x00, 0x70, 0x0E, 0x0C, 0x01, 0x80, 
    0x00, 0x00, 0x00, 0x70, 0x0E, 0x0C, 0x01, 0x80, 0x00, 0x00, 0x00, 0x70, 0x0E, 0x0C, 0x01, 0x80, 
    0x00, 0x3F, 0xC0, 0x70, 0x0E, 0x0C, 0x01, 0x80, 0x00, 0xFF, 0xE0, 0x70, 0x0E, 0x0C, 0x01, 0x80, 
    0x01, 0xE0, 0x70, 0x70, 0x0E, 0x0C, 0x01, 0x80, 0x01, 0xC0, 0x30, 0x70, 0x0E, 0x0C, 0x01, 0x80, 
    0x01, 0xC0, 0x30, 0x70, 0x0E, 0x0C, 0x01, 0x80, 0x01, 0xE0, 0xF0, 0x70, 0x0E, 0x0C, 0x01, 0x80, 
    0x01, 0xFF, 0xF0, 0x70, 0x0E, 0x0C, 0x01, 0x80, 0x01, 0xFF, 0xF0, 0x70, 0x0E, 0x0C, 0x01, 0x80, 
    0x01, 0x80, 0x30, 0x70, 0x0E, 0x0C, 0x01, 0x80, 0x01, 0xC0, 0x30, 0x70, 0x0E, 0x0C, 0x03, 0x80, 
    0x01, 0xE0, 0x70, 0x38, 0x1C, 0x0E, 0x07, 0x80, 0x00, 0xFF, 0xE0, 0x3F, 0xFC, 0x07, 0xFF, 0x00, 
    0x00, 0x3F, 0xC0, 0x0F, 0xF0, 0x03, 0xFC, 0x00, 0x00, 0x00, 0x00, 0x00, 0x00, 0x00, 0x00, 0x00, 
    0x00, 0x00, 0x00, 0x00, 0x00, 0x00, 0x00, 0x00, 0x00, 0x00, 0x00, 0x00, 0x00, 0x00, 0x00, 0x00, 
    0x00, 0x00, 0x00, 0x00, 0x00, 0x00, 0x00, 0x00, 0x00, 0x1F, 0x00, 0x07, 0xE0, 0x00, 0xF8, 0x00, 
    0x00, 0x1F, 0x00, 0x03, 0xC0, 0x00, 0xF8, 0x00, 0x00, 0x00, 0x00, 0x00, 0x00, 0x00, 0x00, 0x00, 
    0x00, 0x00, 0x00, 0x00, 0x00, 0x00, 0x00, 0x00, 0x00, 0x00, 0x00, 0x00, 0x00, 0x00, 0x00, 0x00, 
    0x00, 0x00, 0x00, 0x00, 0x00, 0x00, 0x00, 0x00, 0x00, 0x00, 0x00, 0x00, 0x00, 0x00, 0x00, 0x00, 
    0x00, 0x00, 0x00, 0x00, 0x00, 0x00, 0x00, 0x00, 0x00, 0x00, 0x00, 0x00, 0x00, 0x00, 0x00, 0x00, 
    0x00, 0x00, 0x00, 0x00, 0x00, 0x00, 0x00, 0x00, 0x00, 0x00, 0x00, 0x00, 0x00, 0x00, 0x00, 0x00, 
    0x00, 0x00, 0x00, 0x00, 0x00, 0x00, 0x00, 0x00, 0x00, 0x00, 0x00, 0x00, 0x00, 0x00, 0x00, 0x00, 
      },
  {
    0x00, 0x00, 0x00, 0x00, 0x00, 0x00, 0x00, 0x00, 0x00, 0x00, 0x00, 0x00, 0x00, 0x00, 0x00, 0x00, 
    0x00, 0x00, 0x00, 0x00, 0x00, 0x00, 0x00, 0x00, 0x00, 0x00, 0x00, 0x00, 0x00, 0x00, 0x00, 0x00, 
    0x00, 0x00, 0x00, 0x00, 0x00, 0x00, 0x00, 0x00, 0x00, 0x00, 0x00, 0x00, 0x00, 0x00, 0x00, 0x00, 
    0x00, 0x00, 0x00, 0x07, 0xE0, 0x00, 0x00, 0x00, 0x00, 0x00, 0x00, 0x1F, 0xF8, 0x00, 0x00, 0x00, 
    0x00, 0x00, 0x00, 0x3E, 0x7C, 0x00, 0x00, 0x00, 0x00, 0x00, 0x00, 0x70, 0x0E, 0x00, 0x00, 0x00, 
    0x00, 0x00, 0x00, 0x70, 0x0E, 0x00, 0x00, 0x00, 0x00, 0x00, 0x00, 0x78, 0x1E, 0x00, 0x00, 0x00, 
    0x00, 0x00, 0x00, 0x7F, 0xFE, 0x00, 0x00, 0x00, 0x00, 0x00, 0x00, 0x7F, 0xFE, 0x00, 0x00, 0x00, 
    0x00, 0x00, 0x00, 0x73, 0xCE, 0x00, 0x00, 0x00, 0x00, 0x00, 0x00, 0x70, 0x0E, 0x00, 0x00, 0x00, 
    0x00, 0x00, 0x00, 0x70, 0x0E, 0x00, 0x70, 0x00, 0x00, 0x00, 0x00, 0x70, 0x0E, 0x03, 0xFE, 0x00, 
    0x00, 0x00, 0x00, 0x70, 0x0E, 0x0F, 0xFF, 0x00, 0x00, 0x00, 0x00, 0x70, 0x0E, 0x0E, 0x03, 0x80, 
    0x00, 0x00, 0x00, 0x70, 0x0E, 0x0C, 0x01, 0x80, 0x00, 0x00, 0x00, 0x70, 0x0E, 0x0C, 0x03, 0x80, 
    0x00, 0x00, 0x00, 0x70, 0x0E, 0x0F, 0x8F, 0x80, 0x00, 0x00, 0x00, 0x70, 0x0E, 0x0F, 0xFF, 0x80, 
    0x00, 0x00, 0x00, 0x70, 0x0E, 0x0D, 0xF9, 0x80, 0x00, 0x00, 0x00, 0x70, 0x0E, 0x0C, 0x01, 0x80, 
    0x00, 0x00, 0x00, 0x70, 0x0E, 0x0C, 0x01, 0x80, 0x00, 0x00, 0x00, 0x70, 0x0E, 0x0C, 0x01, 0x80, 
    0x00, 0x00, 0x00, 0x70, 0x0E, 0x0C, 0x01, 0x80, 0x00, 0x00, 0x00, 0x70, 0x0E, 0x0C, 0x01, 0x80, 
    0x00, 0x00, 0x00, 0x70, 0x0E, 0x0C, 0x01, 0x80, 0x00, 0x00, 0x00, 0x70, 0x0E, 0x0C, 0x01, 0x80, 
    0x00, 0x00, 0x00, 0x70, 0x0E, 0x0C, 0x01, 0x80, 0x00, 0x00, 0x00, 0x70, 0x0E, 0x0C, 0x01, 0x80, 
    0x00, 0x3F, 0xC0, 0x70, 0x0E, 0x0C, 0x01, 0x80, 0x00, 0xFF, 0xE0, 0x70, 0x0E, 0x0C, 0x01, 0x80, 
    0x01, 0xE0, 0xF0, 0x70, 0x0E, 0x0C, 0x01, 0x80, 0x01, 0xC0, 0x30, 0x70, 0x0E, 0x0C, 0x01, 0x80, 
    0x01, 0xC0, 0x30, 0x70, 0x0E, 0x0C, 0x01, 0x80, 0x01, 0xE0, 0xF0, 0x70, 0x0E, 0x0C, 0x01, 0x80, 
    0x01, 0xFF, 0xF0, 0x70, 0x0E, 0x0C, 0x01, 0x80, 0x01, 0xFF, 0xF0, 0x70, 0x0E, 0x0C, 0x01, 0x80, 
    0x01, 0x80, 0x30, 0x70, 0x0E, 0x0C, 0x01, 0x80, 0x01, 0xC0, 0x30, 0x70, 0x0E, 0x0C, 0x03, 0x80, 
    0x01, 0xE0, 0x70, 0x38, 0x1C, 0x0E, 0x07, 0x80, 0x00, 0xFF, 0xE0, 0x3F, 0xFC, 0x07, 0xFF, 0x00, 
    0x00, 0x3F, 0xC0, 0x0F, 0xF0, 0x03, 0xFC, 0x00, 0x00, 0x00, 0x00, 0x00, 0x00, 0x00, 0x00, 0x00, 
    0x00, 0x00, 0x00, 0x00, 0x00, 0x00, 0x00, 0x00, 0x00, 0x00, 0x00, 0x00, 0x00, 0x00, 0x00, 0x00, 
    0x00, 0x00, 0x00, 0x00, 0x00, 0x00, 0x00, 0x00, 0x00, 0x1F, 0x00, 0x07, 0xE0, 0x00, 0xF8, 0x00, 
    0x00, 0x1F, 0x00, 0x03, 0xC0, 0x00, 0xF8, 0x00, 0x00, 0x00, 0x00, 0x00, 0x00, 0x00, 0x00, 0x00, 
    0x00, 0x00, 0x00, 0x00, 0x00, 0x00, 0x00, 0x00, 0x00, 0x00, 0x00, 0x00, 0x00, 0x00, 0x00, 0x00, 
    0x00, 0x00, 0x00, 0x00, 0x00, 0x00, 0x00, 0x00, 0x00, 0x00, 0x00, 0x00, 0x00, 0x00, 0x00, 0x00, 
    0x00, 0x00, 0x00, 0x00, 0x00, 0x00, 0x00, 0x00, 0x00, 0x00, 0x00, 0x00, 0x00, 0x00, 0x00, 0x00, 
    0x00, 0x00, 0x00, 0x00, 0x00, 0x00, 0x00, 0x00, 0x00, 0x00, 0x00, 0x00, 0x00, 0x00, 0x00, 0x00, 
    0x00, 0x00, 0x00, 0x00, 0x00, 0x00, 0x00, 0x00, 0x00, 0x00, 0x00, 0x00, 0x00, 0x00, 0x00, 0x00, 
      },
  {
    0x00, 0x00, 0x00, 0x00, 0x00, 0x00, 0x00, 0x00, 0x00, 0x00, 0x00, 0x00, 0x00, 0x00, 0x00, 0x00, 
    0x00, 0x00, 0x00, 0x00, 0x00, 0x00, 0x00, 0x00, 0x00, 0x00, 0x00, 0x00, 0x00, 0x00, 0x00, 0x00, 
    0x00, 0x00, 0x00, 0x00, 0x00, 0x00, 0x00, 0x00, 0x00, 0x00, 0x00, 0x00, 0x00, 0x00, 0x00, 0x00, 
    0x00, 0x00, 0x00, 0x00, 0x00, 0x00, 0x00, 0x00, 0x00, 0x00, 0x00, 0x07, 0xE0, 0x00, 0x00, 0x00, 
    0x00, 0x00, 0x00, 0x1F, 0xF8, 0x00, 0x00, 0x00, 0x00, 0x00, 0x00, 0x3C, 0x3C, 0x00, 0x00, 0x00, 
    0x00, 0x00, 0x00, 0x70, 0x0E, 0x00, 0x00, 0x00, 0x00, 0x00, 0x00, 0x70, 0x0E, 0x00, 0x00, 0x00, 
    0x00, 0x00, 0x00, 0x78, 0x1E, 0x00, 0x00, 0x00, 0x00, 0x00, 0x00, 0x7F, 0xFE, 0x00, 0x00, 0x00, 
    0x00, 0x00, 0x00, 0x7F, 0xFE, 0x01, 0xFC, 0x00, 0x00, 0x00, 0x00, 0x71, 0xCE, 0x07, 0xFF, 0x00, 
    0x00, 0x00, 0x00, 0x70, 0x0E, 0x0F, 0x0F, 0x00, 0x00, 0x00, 0x00, 0x70, 0x0E, 0x0C, 0x03, 0x80, 
    0x00, 0x00, 0x00, 0x70, 0x0E, 0x0C, 0x01, 0x80, 0x00, 0x00, 0x00, 0x70, 0x0E, 0x0E, 0x07, 0x80, 
    0x00, 0x00, 0x00, 0x70, 0x0E, 0x0F, 0xFF, 0x80, 0x00, 0x00, 0x00, 0x70, 0x0E, 0x0F, 0xFF, 0x80, 
    0x00, 0x00, 0x00, 0x70, 0x0E, 0x0C, 0x61, 0x80, 0x00, 0x00, 0x00, 0x70, 0x0E, 0x0C, 0x01, 0x80, 
    0x00, 0x00, 0x00, 0x70, 0x0E, 0x0C, 0x01, 0x80, 0x00, 0x00, 0x00, 0x70, 0x0E, 0x0C, 0x01, 0x80, 
    0x00, 0x00, 0x00, 0x70, 0x0E, 0x0C, 0x01, 0x80, 0x00, 0x00, 0x00, 0x70, 0x0E, 0x0C, 0x01, 0x80, 
    0x00, 0x00, 0x00, 0x70, 0x0E, 0x0C, 0x01, 0x80, 0x00, 0x00, 0x00, 0x70, 0x0E, 0x0C, 0x01, 0x80, 
    0x00, 0x00, 0x00, 0x70, 0x0E, 0x0C, 0x01, 0x80, 0x00, 0x00, 0x00, 0x70, 0x0E, 0x0C, 0x01, 0x80, 
    0x00, 0x00, 0x00, 0x70, 0x0E, 0x0C, 0x01, 0x80, 0x00, 0x1F, 0x00, 0x70, 0x0E, 0x0C, 0x01, 0x80, 
    0x00, 0x7F, 0xE0, 0x70, 0x0E, 0x0C, 0x01, 0x80, 0x00, 0xFF, 0xF0, 0x70, 0x0E, 0x0C, 0x01, 0x80, 
    0x01, 0xC0, 0x70, 0x70, 0x0E, 0x0C, 0x01, 0x80, 0x01, 0x80, 0x30, 0x70, 0x0E, 0x0C, 0x01, 0x80, 
    0x01, 0xC0, 0x70, 0x70, 0x0E, 0x0C, 0x01, 0x80, 0x01, 0xFF, 0xF0, 0x70, 0x0E, 0x0C, 0x01, 0x80, 
    0x01, 0xFF, 0xF0, 0x70, 0x0E, 0x0C, 0x01, 0x80, 0x01, 0x9F, 0x30, 0x70, 0x0E, 0x0C, 0x01, 0x80, 
    0x01, 0x80, 0x30, 0x70, 0x0E, 0x0C, 0x01, 0x80, 0x01, 0xC0, 0x30, 0x70, 0x0E, 0x0C, 0x03, 0x80, 
    0x01, 0xE0, 0x70, 0x38, 0x1C, 0x0E, 0x07, 0x80, 0x00, 0xFF, 0xE0, 0x3F, 0xFC, 0x07, 0xFF, 0x00, 
    0x00, 0x3F, 0xC0, 0x0F, 0xF0, 0x03, 0xFC, 0x00, 0x00, 0x00, 0x00, 0x00, 0x00, 0x00, 0x00, 0x00, 
    0x00, 0x00, 0x00, 0x00, 0x00, 0x00, 0x00, 0x00, 0x00, 0x00, 0x00, 0x00, 0x00, 0x00, 0x00, 0x00, 
    0x00, 0x00, 0x00, 0x00, 0x00, 0x00, 0x00, 0x00, 0x00, 0x1F, 0x00, 0x07, 0xE0, 0x00, 0xF8, 0x00, 
    0x00, 0x1F, 0x00, 0x03, 0xC0, 0x00, 0xF8, 0x00, 0x00, 0x00, 0x00, 0x00, 0x00, 0x00, 0x00, 0x00, 
    0x00, 0x00, 0x00, 0x00, 0x00, 0x00, 0x00, 0x00, 0x00, 0x00, 0x00, 0x00, 0x00, 0x00, 0x00, 0x00, 
    0x00, 0x00, 0x00, 0x00, 0x00, 0x00, 0x00, 0x00, 0x00, 0x00, 0x00, 0x00, 0x00, 0x00, 0x00, 0x00, 
    0x00, 0x00, 0x00, 0x00, 0x00, 0x00, 0x00, 0x00, 0x00, 0x00, 0x00, 0x00, 0x00, 0x00, 0x00, 0x00, 
    0x00, 0x00, 0x00, 0x00, 0x00, 0x00, 0x00, 0x00, 0x00, 0x00, 0x00, 0x00, 0x00, 0x00, 0x00, 0x00, 
    0x00, 0x00, 0x00, 0x00, 0x00, 0x00, 0x00, 0x00, 0x00, 0x00, 0x00, 0x00, 0x00, 0x00, 0x00, 0x00, 
      },
  {
    0x00, 0x00, 0x00, 0x00, 0x00, 0x00, 0x00, 0x00, 0x00, 0x00, 0x00, 0x00, 0x00, 0x00, 0x00, 0x00, 
    0x00, 0x00, 0x00, 0x00, 0x00, 0x00, 0x00, 0x00, 0x00, 0x00, 0x00, 0x00, 0x00, 0x00, 0x00, 0x00, 
    0x00, 0x00, 0x00, 0x00, 0x00, 0x00, 0x00, 0x00, 0x00, 0x00, 0x00, 0x00, 0x00, 0x00, 0x00, 0x00, 
    0x00, 0x00, 0x00, 0x00, 0x00, 0x00, 0x00, 0x00, 0x00, 0x00, 0x00, 0x00, 0x00, 0x00, 0x00, 0x00, 
    0x00, 0x00, 0x00, 0x07, 0xE0, 0x00, 0x00, 0x00, 0x00, 0x00, 0x00, 0x1F, 0xF8, 0x00, 0x00, 0x00, 
    0x00, 0x00, 0x00, 0x3C, 0x3C, 0x00, 0x00, 0x00, 0x00, 0x00, 0x00, 0x70, 0x0E, 0x00, 0x00, 0x00, 
    0x00, 0x00, 0x00, 0x70, 0x0E, 0x00, 0x20, 0x00, 0x00, 0x00, 0x00, 0x78, 0x1E, 0x03, 0xFE, 0x00, 
    0x00, 0x00, 0x00, 0x7F, 0xFE, 0x07, 0xFF, 0x00, 0x00, 0x00, 0x00, 0x7F, 0xFE, 0x0E, 0x07, 0x80, 
    0x00, 0x00, 0x00, 0x71, 0x8E, 0x0C, 0x01, 0x80, 0x00, 0x00, 0x00, 0x70, 0x0E, 0x0C, 0x03, 0x80, 
    0x00, 0x00, 0x00, 0x70, 0x0E, 0x0F, 0x0F, 0x80, 0x00, 0x00, 0x00, 0x70, 0x0E, 0x0F, 0xFF, 0x80, 
    0x00, 0x00, 0x00, 0x70, 0x0E, 0x0D, 0xFD, 0x80, 0x00, 0x00, 0x00, 0x70, 0x0E, 0x0C, 0x01, 0x80, 
    0x00, 0x00, 0x00, 0x70, 0x0E, 0x0C, 0x01, 0x80, 0x00, 0x00, 0x00, 0x70, 0x0E, 0x0C, 0x01, 0x80, 
    0x00, 0x00, 0x00, 0x70, 0x0E, 0x0C, 0x01, 0x80, 0x00, 0x00, 0x00, 0x70, 0x0E, 0x0C, 0x01, 0x80, 
    0x00, 0x00, 0x00, 0x70, 0x0E, 0x0C, 0x01, 0x80, 0x00, 0x00, 0x00, 0x70, 0x0E, 0x0C, 0x01, 0x80, 
    0x00, 0x00, 0x00, 0x70, 0x0E, 0x0C, 0x01, 0x80, 0x00, 0x00, 0x00, 0x70, 0x0E, 0x0C, 0x01, 0x80, 
    0x00, 0x00, 0x00, 0x70, 0x0E, 0x0C, 0x01, 0x80, 0x00, 0x00, 0x00, 0x70, 0x0E, 0x0C, 0x01, 0x80, 
    0x00, 0x0F, 0x00, 0x70, 0x0E, 0x0C, 0x01, 0x80, 0x00, 0x7F, 0xC0, 0x70, 0x0E, 0x0C, 0x01, 0x80, 
    0x00, 0xFF, 0xF0, 0x70, 0x0E, 0x0C, 0x01, 0x80, 0x01, 0xC0, 0x70, 0x70, 0x0E, 0x0C, 0x01, 0x80, 
    0x01, 0x80, 0x30, 0x70, 0x0E, 0x0C, 0x01, 0x80, 0x01, 0xC0, 0x30, 0x70, 0x0E, 0x0C, 0x01, 0x80, 
    0x01, 0xF1, 0xF0, 0x70, 0x0E, 0x0C, 0x01, 0x80, 0x01, 0xFF, 0xF0, 0x70, 0x0E, 0x0C, 0x01, 0x80, 
    0x01, 0x9F, 0xB0, 0x70, 0x0E, 0x0C, 0x01, 0x80, 0x01, 0x80, 0x30, 0x70, 0x0E, 0x0C, 0x01, 0x80, 
    0x01, 0x80, 0x30, 0x70, 0x0E, 0x0C, 0x01, 0x80, 0x01, 0xC0, 0x30, 0x70, 0x0E, 0x0C, 0x03, 0x80, 
    0x01, 0xE0, 0x70, 0x38, 0x1C, 0x0E, 0x07, 0x80, 0x00, 0xFF, 0xE0, 0x3F, 0xFC, 0x07, 0xFF, 0x00, 
    0x00, 0x3F, 0xC0, 0x0F, 0xF0, 0x03, 0xFC, 0x00, 0x00, 0x00, 0x00, 0x00, 0x00, 0x00, 0x00, 0x00, 
    0x00, 0x00, 0x00, 0x00, 0x00, 0x00, 0x00, 0x00, 0x00, 0x00, 0x00, 0x00, 0x00, 0x00, 0x00, 0x00, 
    0x00, 0x00, 0x00, 0x00, 0x00, 0x00, 0x00, 0x00, 0x00, 0x1F, 0x00, 0x07, 0xE0, 0x00, 0xF8, 0x00, 
    0x00, 0x1F, 0x00, 0x03, 0xC0, 0x00, 0xF8, 0x00, 0x00, 0x00, 0x00, 0x00, 0x00, 0x00, 0x00, 0x00, 
    0x00, 0x00, 0x00, 0x00, 0x00, 0x00, 0x00, 0x00, 0x00, 0x00, 0x00, 0x00, 0x00, 0x00, 0x00, 0x00, 
    0x00, 0x00, 0x00, 0x00, 0x00, 0x00, 0x00, 0x00, 0x00, 0x00, 0x00, 0x00, 0x00, 0x00, 0x00, 0x00, 
    0x00, 0x00, 0x00, 0x00, 0x00, 0x00, 0x00, 0x00, 0x00, 0x00, 0x00, 0x00, 0x00, 0x00, 0x00, 0x00, 
    0x00, 0x00, 0x00, 0x00, 0x00, 0x00, 0x00, 0x00, 0x00, 0x00, 0x00, 0x00, 0x00, 0x00, 0x00, 0x00, 
    0x00, 0x00, 0x00, 0x00, 0x00, 0x00, 0x00, 0x00, 0x00, 0x00, 0x00, 0x00, 0x00, 0x00, 0x00, 0x00, 
      },
  {
    0x00, 0x00, 0x00, 0x00, 0x00, 0x00, 0x00, 0x00, 0x00, 0x00, 0x00, 0x00, 0x00, 0x00, 0x00, 0x00, 
    0x00, 0x00, 0x00, 0x00, 0x00, 0x00, 0x00, 0x00, 0x00, 0x00, 0x00, 0x00, 0x00, 0x00, 0x00, 0x00, 
    0x00, 0x00, 0x00, 0x00, 0x00, 0x00, 0x00, 0x00, 0x00, 0x00, 0x00, 0x00, 0x00, 0x00, 0x00, 0x00, 
    0x00, 0x00, 0x00, 0x00, 0x00, 0x00, 0x00, 0x00, 0x00, 0x00, 0x00, 0x00, 0x00, 0x00, 0x00, 0x00, 
    0x00, 0x00, 0x00, 0x00, 0x00, 0x00, 0x00, 0x00, 0x00, 0x00, 0x00, 0x0F, 0xF0, 0x00, 0x00, 0x00, 
    0x00, 0x00, 0x00, 0x3F, 0xFC, 0x00, 0x00, 0x00, 0x00, 0x00, 0x00, 0x38, 0x1C, 0x00, 0x00, 0x00, 
    0x00, 0x00, 0x00, 0x70, 0x0E, 0x01, 0xFC, 0x00, 0x00, 0x00, 0x00, 0x70, 0x0E, 0x07, 0xFF, 0x00, 
    0x00, 0x00, 0x00, 0x7C, 0x3E, 0x0F, 0x0F, 0x00, 0x00, 0x00, 0x00, 0x7F, 0xFE, 0x0C, 0x03, 0x80, 
    0x00, 0x00, 0x00, 0x7F, 0xFE, 0x0C, 0x01, 0x80, 0x00, 0x00, 0x00, 0x70, 0x0E, 0x0E, 0x07, 0x80, 
    0x00, 0x00, 0x00, 0x70, 0x0E, 0x0F, 0xFF, 0x80, 0x00, 0x00, 0x00, 0x70, 0x0E, 0x0F, 0xFF, 0x80, 
    0x00, 0x00, 0x00, 0x70, 0x0E, 0x0C, 0x61, 0x80, 0x00, 0x00, 0x00, 0x70, 0x0E, 0x0C, 0x01, 0x80, 
    0x00, 0x00, 0x00, 0x70, 0x0E, 0x0C, 0x01, 0x80, 0x00, 0x00, 0x00, 0x70, 0x0E, 0x0C, 0x01, 0x80, 
    0x00, 0x00, 0x00, 0x70, 0x0E, 0x0C, 0x01, 0x80, 0x00, 0x00, 0x00, 0x70, 0x0E, 0x0C, 0x01, 0x80, 
    0x00, 0x00, 0x00, 0x70, 0x0E, 0x0C, 0x01, 0x80, 0x00, 0x00, 0x00, 0x70, 0x0E, 0x0C, 0x01, 0x80, 
    0x00, 0x00, 0x00, 0x70, 0x0E, 0x0C, 0x01, 0x80, 0x00, 0x00, 0x00, 0x70, 0x0E, 0x0C, 0x01, 0x80, 
    0x00, 0x00, 0x00, 0x70, 0x0E, 0x0C, 0x01, 0x80, 0x00, 0x00, 0x00, 0x70, 0x0E, 0x0C, 0x01, 0x80, 
    0x00, 0x3F, 0xC0, 0x70, 0x0E, 0x0C, 0x01, 0x80, 0x00, 0xFF, 0xE0, 0x70, 0x0E, 0x0C, 0x01, 0x80, 
    0x01, 0xE0, 0xF0, 0x70, 0x0E, 0x0C, 0x01, 0x80, 0x01, 0xC0, 0x30, 0x70, 0x0E, 0x0C, 0x01, 0x80, 
    0x01, 0xC0, 0x30, 0x70, 0x0E, 0x0C, 0x01, 0x80, 0x01, 0xE0, 0xF0, 0x70, 0x0E, 0x0C, 0x01, 0x80, 
    0x01, 0xFF, 0xF0, 0x70, 0x0E, 0x0C, 0x01, 0x80, 0x01, 0xFF, 0xF0, 0x70, 0x0E, 0x0C, 0x01, 0x80, 
    0x01, 0x80, 0x30, 0x70, 0x0E, 0x0C, 0x01, 0x80, 0x01, 0x80, 0x30, 0x70, 0x0E, 0x0C, 0x01, 0x80, 
    0x01, 0x80, 0x30, 0x70, 0x0E, 0x0C, 0x01, 0x80, 0x01, 0xC0, 0x30, 0x70, 0x0E, 0x0C, 0x03, 0x80, 
    0x01, 0xE0, 0x70, 0x38, 0x1C, 0x0E, 0x07, 0x80, 0x00, 0xFF, 0xE0, 0x3F, 0xFC, 0x07, 0xFF, 0x00, 
    0x00, 0x3F, 0xC0, 0x0F, 0xF0, 0x03, 0xFC, 0x00, 0x00, 0x00, 0x00, 0x00, 0x00, 0x00, 0x00, 0x00, 
    0x00, 0x00, 0x00, 0x00, 0x00, 0x00, 0x00, 0x00, 0x00, 0x00, 0x00, 0x00, 0x00, 0x00, 0x00, 0x00, 
    0x00, 0x00, 0x00, 0x00, 0x00, 0x00, 0x00, 0x00, 0x00, 0x1F, 0x00, 0x07, 0xE0, 0x00, 0xF8, 0x00, 
    0x00, 0x1F, 0x00, 0x03, 0xC0, 0x00, 0xF8, 0x00, 0x00, 0x00, 0x00, 0x00, 0x00, 0x00, 0x00, 0x00, 
    0x00, 0x00, 0x00, 0x00, 0x00, 0x00, 0x00, 0x00, 0x00, 0x00, 0x00, 0x00, 0x00, 0x00, 0x00, 0x00, 
    0x00, 0x00, 0x00, 0x00, 0x00, 0x00, 0x00, 0x00, 0x00, 0x00, 0x00, 0x00, 0x00, 0x00, 0x00, 0x00, 
    0x00, 0x00, 0x00, 0x00, 0x00, 0x00, 0x00, 0x00, 0x00, 0x00, 0x00, 0x00, 0x00, 0x00, 0x00, 0x00, 
    0x00, 0x00, 0x00, 0x00, 0x00, 0x00, 0x00, 0x00, 0x00, 0x00, 0x00, 0x00, 0x00, 0x00, 0x00, 0x00, 
    0x00, 0x00, 0x00, 0x00, 0x00, 0x00, 0x00, 0x00, 0x00, 0x00, 0x00, 0x00, 0x00, 0x00, 0x00, 0x00, 
      },
  {
    0x00, 0x00, 0x00, 0x00, 0x00, 0x00, 0x00, 0x00, 0x00, 0x00, 0x00, 0x00, 0x00, 0x00, 0x00, 0x00, 
    0x00, 0x00, 0x00, 0x00, 0x00, 0x00, 0x00, 0x00, 0x00, 0x00, 0x00, 0x00, 0x00, 0x00, 0x00, 0x00, 
    0x00, 0x00, 0x00, 0x00, 0x00, 0x00, 0x00, 0x00, 0x00, 0x00, 0x00, 0x00, 0x00, 0x00, 0x00, 0x00, 
    0x00, 0x00, 0x00, 0x00, 0x00, 0x00, 0x00, 0x00, 0x00, 0x00, 0x00, 0x00, 0x00, 0x00, 0x00, 0x00, 
    0x00, 0x00, 0x00, 0x00, 0x00, 0x00, 0x00, 0x00, 0x00, 0x00, 0x00, 0x00, 0x00, 0x00, 0x00, 0x00, 
    0x00, 0x00, 0x00, 0x07, 0xE0, 0x00, 0x00, 0x00, 0x00, 0x00, 0x00, 0x1F, 0xF8, 0x00, 0xF8, 0x00, 
    0x00, 0x00, 0x00, 0x3C, 0x3C, 0x07, 0xFE, 0x00, 0x00, 0x00, 0x00, 0x70, 0x0E, 0x0F, 0xFF, 0x00, 
    0x00, 0x00, 0x00, 0x70, 0x0E, 0x0E, 0x03, 0x80, 0x00, 0x00, 0x00, 0x78, 0x1E, 0x0C, 0x01, 0x80, 
    0x00, 0x00, 0x00, 0x7F, 0xFE, 0x0E, 0x03, 0x80, 0x00, 0x00, 0x00, 0x7F, 0xFE, 0x0F, 0xFF, 0x80, 
    0x00, 0x00, 0x00, 0x73, 0xCE, 0x0F, 0xFF, 0x80, 0x00, 0x00, 0x00, 0x70, 0x0E, 0x0D, 0xF9, 0x80, 
    0x00, 0x00, 0x00, 0x70, 0x0E, 0x0C, 0x01, 0x80, 0x00, 0x00, 0x00, 0x70, 0x0E, 0x0C, 0x01, 0x80, 
    0x00, 0x00, 0x00, 0x70, 0x0E, 0x0C, 0x01, 0x80, 0x00, 0x00, 0x00, 0x70, 0x0E, 0x0C, 0x01, 0x80, 
    0x00, 0x00, 0x00, 0x70, 0x0E, 0x0C, 0x01, 0x80, 0x00, 0x00, 0x00, 0x70, 0x0E, 0x0C, 0x01, 0x80, 
    0x00, 0x00, 0x00, 0x70, 0x0E, 0x0C, 0x01, 0x80, 0x00, 0x00, 0x00, 0x70, 0x0E, 0x0C, 0x01, 0x80, 
    0x00, 0x00, 0x00, 0x70, 0x0E, 0x0C, 0x01, 0x80, 0x00, 0x00, 0x00, 0x70, 0x0E, 0x0C, 0x01, 0x80, 
    0x00, 0x1F, 0x00, 0x70, 0x0E, 0x0C, 0x01, 0x80, 0x00, 0x7F, 0xE0, 0x70, 0x0E, 0x0C, 0x01, 0x80, 
    0x00, 0xFF, 0xF0, 0x70, 0x0E, 0x0C, 0x01, 0x80, 0x01, 0xC0, 0x70, 0x70, 0x0E, 0x0C, 0x01, 0x80, 
    0x01, 0x80, 0x30, 0x70, 0x0E, 0x0C, 0x01, 0x80, 0x01, 0xC0, 0x70, 0x70, 0x0E, 0x0C, 0x01, 0x80, 
    0x01, 0xFF, 0xF0, 0x70, 0x0E, 0x0C, 0x01, 0x80, 0x01, 0xFF, 0xF0, 0x70, 0x0E, 0x0C, 0x01, 0x80, 
    0x01, 0x9F, 0x30, 0x70, 0x0E, 0x0C, 0x01, 0x80, 0x01, 0x80, 0x30, 0x70, 0x0E, 0x0C, 0x01, 0x80, 
    0x01, 0x80, 0x30, 0x70, 0x0E, 0x0C, 0x01, 0x80, 0x01, 0x80, 0x30, 0x70, 0x0E, 0x0C, 0x01, 0x80, 
    0x01, 0x80, 0x30, 0x70, 0x0E, 0x0C, 0x01, 0x80, 0x01, 0xC0, 0x30, 0x70, 0x0E, 0x0C, 0x03, 0x80, 
    0x01, 0xE0, 0x70, 0x38, 0x1C, 0x0E, 0x07, 0x80, 0x00, 0xFF, 0xE0, 0x3F, 0xFC, 0x07, 0xFF, 0x00, 
    0x00, 0x3F, 0xC0, 0x0F, 0xF0, 0x03, 0xFC, 0x00, 0x00, 0x00, 0x00, 0x00, 0x00, 0x00, 0x00, 0x00, 
    0x00, 0x00, 0x00, 0x00, 0x00, 0x00, 0x00, 0x00, 0x00, 0x00, 0x00, 0x00, 0x00, 0x00, 0x00, 0x00, 
    0x00, 0x00, 0x00, 0x00, 0x00, 0x00, 0x00, 0x00, 0x00, 0x1F, 0x00, 0x07, 0xE0, 0x00, 0xF8, 0x00, 
    0x00, 0x1F, 0x00, 0x03, 0xC0, 0x00, 0xF8, 0x00, 0x00, 0x00, 0x00, 0x00, 0x00, 0x00, 0x00, 0x00, 
    0x00, 0x00, 0x00, 0x00, 0x00, 0x00, 0x00, 0x00, 0x00, 0x00, 0x00, 0x00, 0x00, 0x00, 0x00, 0x00, 
    0x00, 0x00, 0x00, 0x00, 0x00, 0x00, 0x00, 0x00, 0x00, 0x00, 0x00, 0x00, 0x00, 0x00, 0x00, 0x00, 
    0x00, 0x00, 0x00, 0x00, 0x00, 0x00, 0x00, 0x00, 0x00, 0x00, 0x00, 0x00, 0x00, 0x00, 0x00, 0x00, 
    0x00, 0x00, 0x00, 0x00, 0x00, 0x00, 0x00, 0x00, 0x00, 0x00, 0x00, 0x00, 0x00, 0x00, 0x00, 0x00, 
    0x00, 0x00, 0x00, 0x00, 0x00, 0x00, 0x00, 0x00, 0x00, 0x00, 0x00, 0x00, 0x00, 0x00, 0x00, 0x00, 
      },
  {
    0x00, 0x00, 0x00, 0x00, 0x00, 0x00, 0x00, 0x00, 0x00, 0x00, 0x00, 0x00, 0x00, 0x00, 0x00, 0x00, 
    0x00, 0x00, 0x00, 0x00, 0x00, 0x00, 0x00, 0x00, 0x00, 0x00, 0x00, 0x00, 0x00, 0x00, 0x00, 0x00, 
    0x00, 0x00, 0x00, 0x00, 0x00, 0x00, 0x00, 0x00, 0x00, 0x00, 0x00, 0x00, 0x00, 0x00, 0x00, 0x00, 
    0x00, 0x00, 0x00, 0x00, 0x00, 0x00, 0x00, 0x00, 0x00, 0x00, 0x00, 0x00, 0x00, 0x00, 0x00, 0x00, 
    0x00, 0x00, 0x00, 0x00, 0x00, 0x00, 0x00, 0x00, 0x00, 0x00, 0x00, 0x00, 0x00, 0x00, 0x00, 0x00, 
    0x00, 0x00, 0x00, 0x00, 0x00, 0x00, 0x00, 0x00, 0x00, 0x00, 0x00, 0x00, 0x00, 0x01, 0xF8, 0x00, 
    0x00, 0x00, 0x00, 0x0F, 0xF0, 0x07, 0xFE, 0x00, 0x00, 0x00, 0x00, 0x3F, 0xFC, 0x0F, 0x9F, 0x00, 
    0x00, 0x00, 0x00, 0x38, 0x1C, 0x0E, 0x03, 0x80, 0x00, 0x00, 0x00, 0x70, 0x0E, 0x0C, 0x01, 0x80, 
    0x00, 0x00, 0x00, 0x70, 0x0E, 0x0E, 0x03, 0x80, 0x00, 0x00, 0x00, 0x7C, 0x3E, 0x0F, 0xFF, 0x80, 
    0x00, 0x00, 0x00, 0x7F, 0xFE, 0x0F, 0xFF, 0x80, 0x00, 0x00, 0x00, 0x7F, 0xFE, 0x0C, 0xF9, 0x80, 
    0x00, 0x00, 0x00, 0x70, 0x0E, 0x0C, 0x01, 0x80, 0x00, 0x00, 0x00, 0x70, 0x0E, 0x0C, 0x01, 0x80, 
    0x00, 0x00, 0x00, 0x70, 0x0E, 0x0C, 0x01, 0x80, 0x00, 0x00, 0x00, 0x70, 0x0E, 0x0C, 0x01, 0x80, 
    0x00, 0x00, 0x00, 0x70, 0x0E, 0x0C, 0x01, 0x80, 0x00, 0x00, 0x00, 0x70, 0x0E, 0x0C, 0x01, 0x80, 
    0x00, 0x00, 0x00, 0x70, 0x0E, 0x0C, 0x01, 0x80, 0x00, 0x00, 0x00, 0x70, 0x0E, 0x0C, 0x01, 0x80, 
    0x00, 0x1F, 0x00, 0x70, 0x0E, 0x0C, 0x01, 0x80, 0x00, 0x7F, 0xC0, 0x70, 0x0E, 0x0C, 0x01, 0x80, 
    0x00, 0xFF, 0xF0, 0x70, 0x0E, 0x0C, 0x01, 0x80, 0x01, 0xC0, 0x70, 0x70, 0x0E, 0x0C, 0x01, 0x80, 
    0x01, 0x80, 0x30, 0x70, 0x0E, 0x0C, 0x01, 0x80, 0x01, 0xC0, 0x30, 0x70, 0x0E, 0x0C, 0x01, 0x80, 
    0x01, 0xF9, 0xF0, 0x70, 0x0E, 0x0C, 0x01, 0x80, 0x01, 0xFF, 0xF0, 0x70, 0x0E, 0x0C, 0x01, 0x80, 
    0x01, 0x9F, 0xB0, 0x70, 0x0E, 0x0C, 0x01, 0x80, 0x01, 0x80, 0x30, 0x70, 0x0E, 0x0C, 0x01, 0x80, 
    0x01, 0x80, 0x30, 0x70, 0x0E, 0x0C, 0x01, 0x80, 0x01, 0x80, 0x30, 0x70, 0x0E, 0x0C, 0x01, 0x80, 
    0x01, 0x80, 0x30, 0x70, 0x0E, 0x0C, 0x01, 0x80, 0x01, 0x80, 0x30, 0x70, 0x0E, 0x0C, 0x01, 0x80, 
    0x01, 0x80, 0x30, 0x70, 0x0E, 0x0C, 0x01, 0x80, 0x01, 0xC0, 0x30, 0x70, 0x0E, 0x0C, 0x03, 0x80, 
    0x01, 0xE0, 0x70, 0x38, 0x1C, 0x0E, 0x07, 0x80, 0x00, 0xFF, 0xE0, 0x3F, 0xFC, 0x07, 0xFF, 0x00, 
    0x00, 0x3F, 0xC0, 0x0F, 0xF0, 0x03, 0xFC, 0x00, 0x00, 0x00, 0x00, 0x00, 0x00, 0x00, 0x00, 0x00, 
    0x00, 0x00, 0x00, 0x00, 0x00, 0x00, 0x00, 0x00, 0x00, 0x00, 0x00, 0x00, 0x00, 0x00, 0x00, 0x00, 
    0x00, 0x00, 0x00, 0x00, 0x00, 0x00, 0x00, 0x00, 0x00, 0x1F, 0x00, 0x07, 0xE0, 0x00, 0xF8, 0x00, 
    0x00, 0x1F, 0x00, 0x03, 0xC0, 0x00, 0xF8, 0x00, 0x00, 0x00, 0x00, 0x00, 0x00, 0x00, 0x00, 0x00, 
    0x00, 0x00, 0x00, 0x00, 0x00, 0x00, 0x00, 0x00, 0x00, 0x00, 0x00, 0x00, 0x00, 0x00, 0x00, 0x00, 
    0x00, 0x00, 0x00, 0x00, 0x00, 0x00, 0x00, 0x00, 0x00, 0x00, 0x00, 0x00, 0x00, 0x00, 0x00, 0x00, 
    0x00, 0x00, 0x00, 0x00, 0x00, 0x00, 0x00, 0x00, 0x00, 0x00, 0x00, 0x00, 0x00, 0x00, 0x00, 0x00, 
    0x00, 0x00, 0x00, 0x00, 0x00, 0x00, 0x00, 0x00, 0x00, 0x00, 0x00, 0x00, 0x00, 0x00, 0x00, 0x00, 
    0x00, 0x00, 0x00, 0x00, 0x00, 0x00, 0x00, 0x00, 0x00, 0x00, 0x00, 0x00, 0x00, 0x00, 0x00, 0x00, 
      },
  {
    0x00, 0x00, 0x00, 0x00, 0x00, 0x00, 0x00, 0x00, 0x00, 0x00, 0x00, 0x00, 0x00, 0x00, 0x00, 0x00, 
    0x00, 0x00, 0x00, 0x00, 0x00, 0x00, 0x00, 0x00, 0x00, 0x00, 0x00, 0x00, 0x00, 0x00, 0x00, 0x00, 
    0x00, 0x00, 0x00, 0x00, 0x00, 0x00, 0x00, 0x00, 0x00, 0x00, 0x00, 0x00, 0x00, 0x00, 0x00, 0x00, 
    0x00, 0x00, 0x00, 0x00, 0x00, 0x00, 0x00, 0x00, 0x00, 0x00, 0x00, 0x00, 0x00, 0x00, 0x00, 0x00, 
    0x00, 0x00, 0x00, 0x00, 0x00, 0x00, 0x00, 0x00, 0x00, 0x00, 0x00, 0x00, 0x00, 0x00, 0x00, 0x00, 
    0x00, 0x00, 0x00, 0x00, 0x00, 0x00, 0x00, 0x00, 0x00, 0x00, 0x00, 0x00, 0x00, 0x00, 0x00, 0x00, 
    0x00, 0x00, 0x00, 0x00, 0x00, 0x01, 0xFC, 0x00, 0x00, 0x00, 0x00, 0x00, 0x00, 0x07, 0xFF, 0x00, 
    0x00, 0x00, 0x00, 0x07, 0xE0, 0x0F, 0x0F, 0x00, 0x00, 0x00, 0x00, 0x1F, 0xF8, 0x0C, 0x03, 0x80, 
    0x00, 0x00, 0x00, 0x3E, 0x7C, 0x0C, 0x01, 0x80, 0x00, 0x00, 0x00, 0x70, 0x0E, 0x0E, 0x07, 0x80, 
    0x00, 0x00, 0x00, 0x70, 0x0E, 0x0F, 0xFF, 0x80, 0x00, 0x00, 0x00, 0x78, 0x0E, 0x0F, 0xFF, 0x80, 
    0x00, 0x00, 0x00, 0x7F, 0xFE, 0x0C, 0x61, 0x80, 0x00, 0x00, 0x00, 0x7F, 0xFE, 0x0C, 0x01, 0x80, 
    0x00, 0x00, 0x00, 0x73, 0xCE, 0x0C, 0x01, 0x80, 0x00, 0x00, 0x00, 0x70, 0x0E, 0x0C, 0x01, 0x80, 
    0x00, 0x00, 0x00, 0x70, 0x0E, 0x0C, 0x01, 0x80, 0x00, 0x3F, 0x80, 0x70, 0x0E, 0x0C, 0x01, 0x80, 
    0x00, 0xFF, 0xE0, 0x70, 0x0E, 0x0C, 0x01, 0x80, 0x00, 0xF0, 0xF0, 0x70, 0x0E, 0x0C, 0x01, 0x80, 
    0x01, 0xC0, 0x30, 0x70, 0x0E, 0x0C, 0x01, 0x80, 0x01, 0x80, 0x30, 0x70, 0x0E, 0x0C, 0x01, 0x80, 
    0x01, 0xE0, 0x70, 0x70, 0x0E, 0x0C, 0x01, 0x80, 0x01, 0xFF, 0xF0, 0x70, 0x0E, 0x0C, 0x01, 0x80, 
    0x01, 0xFF, 0xF0, 0x70, 0x0E, 0x0C, 0x01, 0x80, 0x01, 0x86, 0x30, 0x70, 0x0E, 0x0C, 0x01, 0x80, 
    0x01, 0x80, 0x30, 0x70, 0x0E, 0x0C, 0x01, 0x80, 0x01, 0x80, 0x30, 0x70, 0x0E, 0x0C, 0x01, 0x80, 
    0x01, 0x80, 0x30, 0x70, 0x0E, 0x0C, 0x01, 0x80, 0x01, 0x80, 0x30, 0x70, 0x0E, 0x0C, 0x01, 0x80, 
    0x01, 0x80, 0x30, 0x70, 0x0E, 0x0C, 0x01, 0x80, 0x01, 0x80, 0x30, 0x70, 0x0E, 0x0C, 0x01, 0x80, 
    0x01, 0x80, 0x30, 0x70, 0x0E, 0x0C, 0x01, 0x80, 0x01, 0x80, 0x30, 0x70, 0x0E, 0x0C, 0x01, 0x80, 
    0x01, 0x80, 0x30, 0x70, 0x0E, 0x0C, 0x01, 0x80, 0x01, 0xC0, 0x30, 0x70, 0x0E, 0x0C, 0x03, 0x80, 
    0x01, 0xE0, 0x70, 0x38, 0x1C, 0x0E, 0x07, 0x80, 0x00, 0xFF, 0xE0, 0x3F, 0xFC, 0x07, 0xFF, 0x00, 
    0x00, 0x3F, 0xC0, 0x0F, 0xF0, 0x03, 0xFC, 0x00, 0x00, 0x00, 0x00, 0x00, 0x00, 0x00, 0x00, 0x00, 
    0x00, 0x00, 0x00, 0x00, 0x00, 0x00, 0x00, 0x00, 0x00, 0x00, 0x00, 0x00, 0x00, 0x00, 0x00, 0x00, 
    0x00, 0x00, 0x00, 0x00, 0x00, 0x00, 0x00, 0x00, 0x00, 0x1F, 0x00, 0x07, 0xE0, 0x00, 0xF8, 0x00, 
    0x00, 0x1F, 0x00, 0x03, 0xC0, 0x00, 0xF8, 0x00, 0x00, 0x00, 0x00, 0x00, 0x00, 0x00, 0x00, 0x00, 
    0x00, 0x00, 0x00, 0x00, 0x00, 0x00, 0x00, 0x00, 0x00, 0x00, 0x00, 0x00, 0x00, 0x00, 0x00, 0x00, 
    0x00, 0x00, 0x00, 0x00, 0x00, 0x00, 0x00, 0x00, 0x00, 0x00, 0x00, 0x00, 0x00, 0x00, 0x00, 0x00, 
    0x00, 0x00, 0x00, 0x00, 0x00, 0x00, 0x00, 0x00, 0x00, 0x00, 0x00, 0x00, 0x00, 0x00, 0x00, 0x00, 
    0x00, 0x00, 0x00, 0x00, 0x00, 0x00, 0x00, 0x00, 0x00, 0x00, 0x00, 0x00, 0x00, 0x00, 0x00, 0x00, 
    0x00, 0x00, 0x00, 0x00, 0x00, 0x00, 0x00, 0x00, 0x00, 0x00, 0x00, 0x00, 0x00, 0x00, 0x00, 0x00, 
      },
  {
    0x00, 0x00, 0x00, 0x00, 0x00, 0x00, 0x00, 0x00, 0x00, 0x00, 0x00, 0x00, 0x00, 0x00, 0x00, 0x00, 
    0x00, 0x00, 0x00, 0x00, 0x00, 0x00, 0x00, 0x00, 0x00, 0x00, 0x00, 0x00, 0x00, 0x00, 0x00, 0x00, 
    0x00, 0x00, 0x00, 0x00, 0x00, 0x00, 0x00, 0x00, 0x00, 0x00, 0x00, 0x00, 0x00, 0x00, 0x00, 0x00, 
    0x00, 0x00, 0x00, 0x00, 0x00, 0x00, 0x00, 0x00, 0x00, 0x00, 0x00, 0x00, 0x00, 0x00, 0x00, 0x00, 
    0x00, 0x00, 0x00, 0x00, 0x00, 0x00, 0x00, 0x00, 0x00, 0x00, 0x00, 0x00, 0x00, 0x00, 0x00, 0x00, 
    0x00, 0x00, 0x00, 0x00, 0x00, 0x00, 0x00, 0x00, 0x00, 0x00, 0x00, 0x00, 0x00, 0x00, 0x00, 0x00, 
    0x00, 0x00, 0x00, 0x00, 0x00, 0x00, 0x00, 0x00, 0x00, 0x00, 0x00, 0x00, 0x00, 0x00, 0xF8, 0x00, 
    0x00, 0x00, 0x00, 0x00, 0x00, 0x07, 0xFE, 0x00, 0x00, 0x00, 0x00, 0x00, 0x00, 0x0F, 0xFF, 0x00, 
    0x00, 0x00, 0x00, 0x07, 0xE0, 0x0E, 0x03, 0x80, 0x00, 0x00, 0x00, 0x1F, 0xF8, 0x0C, 0x01, 0x80, 
    0x00, 0x00, 0x00, 0x3E, 0x7C, 0x0E, 0x03, 0x80, 0x00, 0x00, 0x00, 0x70, 0x0E, 0x0F, 0xDF, 0x80, 
    0x00, 0x00, 0x00, 0x70, 0x0E, 0x0F, 0xFF, 0x80, 0x00, 0x00, 0x00, 0x78, 0x1E, 0x0D, 0xF9, 0x80, 
    0x00, 0x1F, 0x80, 0x7F, 0xFE, 0x0C, 0x01, 0x80, 0x00, 0x7F, 0xE0, 0x7F, 0xFE, 0x0C, 0x01, 0x80, 
    0x00, 0xF9, 0xF0, 0x73, 0xCE, 0x0C, 0x01, 0x80, 0x01, 0xC0, 0x70, 0x70, 0x0E, 0x0C, 0x01, 0x80, 
    0x01, 0x80, 0x30, 0x70, 0x0E, 0x0C, 0x01, 0x80, 0x01, 0xC0, 0x70, 0x70, 0x0E, 0x0C, 0x01, 0x80, 
    0x01, 0xFF, 0xF0, 0x70, 0x0E, 0x0C, 0x01, 0x80, 0x01, 0xFF, 0xF0, 0x70, 0x0E, 0x0C, 0x01, 0x80, 
    0x01, 0x9F, 0x30, 0x70, 0x0E, 0x0C, 0x01, 0x80, 0x01, 0x80, 0x30, 0x70, 0x0E, 0x0C, 0x01, 0x80, 
    0x01, 0x80, 0x30, 0x70, 0x0E, 0x0C, 0x01, 0x80, 0x01, 0x80, 0x30, 0x70, 0x0E, 0x0C, 0x01, 0x80, 
    0x01, 0x80, 0x30, 0x70, 0x0E, 0x0C, 0x01, 0x80, 0x01, 0x80, 0x30, 0x70, 0x0E, 0x0C, 0x01, 0x80, 
    0x01, 0x80, 0x30, 0x70, 0x0E, 0x0C, 0x01, 0x80, 0x01, 0x80, 0x30, 0x70, 0x0E, 0x0C, 0x01, 0x80, 
    0x01, 0x80, 0x30, 0x70, 0x0E, 0x0C, 0x01, 0x80, 0x01, 0x80, 0x30, 0x70, 0x0E, 0x0C, 0x01, 0x80, 
    0x01, 0x80, 0x30, 0x70, 0x0E, 0x0C, 0x01, 0x80, 0x01, 0x80, 0x30, 0x70, 0x0E, 0x0C, 0x01, 0x80, 
    0x01, 0x80, 0x30, 0x70, 0x0E, 0x0C, 0x01, 0x80, 0x01, 0xC0, 0x30, 0x70, 0x0E, 0x0C, 0x03, 0x80, 
    0x01, 0xE0, 0x70, 0x38, 0x1C, 0x0E, 0x07, 0x80, 0x00, 0xFF, 0xE0, 0x3F, 0xFC, 0x07, 0xFF, 0x00, 
    0x00, 0x3F, 0xC0, 0x0F, 0xF0, 0x03, 0xFC, 0x00, 0x00, 0x00, 0x00, 0x00, 0x00, 0x00, 0x00, 0x00, 
    0x00, 0x00, 0x00, 0x00, 0x00, 0x00, 0x00, 0x00, 0x00, 0x00, 0x00, 0x00, 0x00, 0x00, 0x00, 0x00, 
    0x00, 0x00, 0x00, 0x00, 0x00, 0x00, 0x00, 0x00, 0x00, 0x1F, 0x00, 0x07, 0xE0, 0x00, 0xF8, 0x00, 
    0x00, 0x1F, 0x00, 0x03, 0xC0, 0x00, 0xF8, 0x00, 0x00, 0x00, 0x00, 0x00, 0x00, 0x00, 0x00, 0x00, 
    0x00, 0x00, 0x00, 0x00, 0x00, 0x00, 0x00, 0x00, 0x00, 0x00, 0x00, 0x00, 0x00, 0x00, 0x00, 0x00, 
    0x00, 0x00, 0x00, 0x00, 0x00, 0x00, 0x00, 0x00, 0x00, 0x00, 0x00, 0x00, 0x00, 0x00, 0x00, 0x00, 
    0x00, 0x00, 0x00, 0x00, 0x00, 0x00, 0x00, 0x00, 0x00, 0x00, 0x00, 0x00, 0x00, 0x00, 0x00, 0x00, 
    0x00, 0x00, 0x00, 0x00, 0x00, 0x00, 0x00, 0x00, 0x00, 0x00, 0x00, 0x00, 0x00, 0x00, 0x00, 0x00, 
    0x00, 0x00, 0x00, 0x00, 0x00, 0x00, 0x00, 0x00, 0x00, 0x00, 0x00, 0x00, 0x00, 0x00, 0x00, 0x00, 
      },
  {
    0x00, 0x00, 0x00, 0x00, 0x00, 0x00, 0x00, 0x00, 0x00, 0x00, 0x00, 0x00, 0x00, 0x00, 0x00, 0x00, 
    0x00, 0x00, 0x00, 0x00, 0x00, 0x00, 0x00, 0x00, 0x00, 0x00, 0x00, 0x00, 0x00, 0x00, 0x00, 0x00, 
    0x00, 0x00, 0x00, 0x00, 0x00, 0x00, 0x00, 0x00, 0x00, 0x00, 0x00, 0x00, 0x00, 0x00, 0x00, 0x00, 
    0x00, 0x00, 0x00, 0x00, 0x00, 0x00, 0x00, 0x00, 0x00, 0x00, 0x00, 0x00, 0x00, 0x00, 0x00, 0x00, 
    0x00, 0x00, 0x00, 0x00, 0x00, 0x00, 0x00, 0x00, 0x00, 0x00, 0x00, 0x00, 0x00, 0x00, 0x00, 0x00, 
    0x00, 0x00, 0x00, 0x00, 0x00, 0x00, 0x00, 0x00, 0x00, 0x00, 0x00, 0x00, 0x00, 0x00, 0x00, 0x00, 
    0x00, 0x00, 0x00, 0x00, 0x00, 0x00, 0x00, 0x00, 0x00, 0x00, 0x00, 0x00, 0x00, 0x00, 0x00, 0x00, 
    0x00, 0x00, 0x00, 0x00, 0x00, 0x00, 0xF0, 0x00, 0x00, 0x00, 0x00, 0x00, 0x00, 0x03, 0xFE, 0x00, 
    0x00, 0x00, 0x00, 0x00, 0x00, 0x0F, 0xFF, 0x00, 0x00, 0x00, 0x00, 0x03, 0xC0, 0x0E, 0x03, 0x80, 
    0x00, 0x00, 0x00, 0x1F, 0xF8, 0x0C, 0x01, 0x80, 0x00, 0x00, 0x00, 0x3F, 0xFC, 0x0C, 0x03, 0x80, 
    0x00, 0x0E, 0x00, 0x38, 0x1E, 0x0F, 0x8F, 0x80, 0x00, 0x7F, 0xC0, 0x70, 0x0E, 0x0F, 0xFF, 0x80, 
    0x00, 0xFF, 0xF0, 0x70, 0x0E, 0x0D, 0xF9, 0x80, 0x01, 0xC0, 0x70, 0x7E, 0x7E, 0x0C, 0x01, 0x80, 
    0x01, 0x80, 0x30, 0x7F, 0xFE, 0x0C, 0x01, 0x80, 0x01, 0xC0, 0x30, 0x77, 0xEE, 0x0C, 0x01, 0x80, 
    0x01, 0xF1, 0xF0, 0x70, 0x0E, 0x0C, 0x01, 0x80, 0x01, 0xFF, 0xF0, 0x70, 0x0E, 0x0C, 0x01, 0x80, 
    0x01, 0x9F, 0xB0, 0x70, 0x0E, 0x0C, 0x01, 0x80, 0x01, 0x80, 0x30, 0x70, 0x0E, 0x0C, 0x01, 0x80, 
    0x01, 0x80, 0x30, 0x70, 0x0E, 0x0C, 0x01, 0x80, 0x01, 0x80, 0x30, 0x70, 0x0E, 0x0C, 0x01, 0x80, 
    0x01, 0x80, 0x30, 0x70, 0x0E, 0x0C, 0x01, 0x80, 0x01, 0x80, 0x30, 0x70, 0x0E, 0x0C, 0x01, 0x80, 
    0x01, 0x80, 0x30, 0x70, 0x0E, 0x0C, 0x01, 0x80, 0x01, 0x80, 0x30, 0x70, 0x0E, 0x0C, 0x01, 0x80, 
    0x01, 0x80, 0x30, 0x70, 0x0E, 0x0C, 0x01, 0x80, 0x01, 0x80, 0x30, 0x70, 0x0E, 0x0C, 0x01, 0x80, 
    0x01, 0x80, 0x30, 0x70, 0x0E, 0x0C, 0x01, 0x80, 0x01, 0x80, 0x30, 0x70, 0x0E, 0x0C, 0x01, 0x80, 
    0x01, 0x80, 0x30, 0x70, 0x0E, 0x0C, 0x01, 0x80, 0x01, 0x80, 0x30, 0x70, 0x0E, 0x0C, 0x01, 0x80, 
    0x01, 0x80, 0x30, 0x70, 0x0E, 0x0C, 0x01, 0x80, 0x01, 0xC0, 0x30, 0x70, 0x0E, 0x0C, 0x03, 0x80, 
    0x01, 0xE0, 0x70, 0x38, 0x1C, 0x0E, 0x07, 0x80, 0x00, 0xFF, 0xE0, 0x3F, 0xFC, 0x07, 0xFF, 0x00, 
    0x00, 0x3F, 0xC0, 0x0F, 0xF0, 0x03, 0xFC, 0x00, 0x00, 0x00, 0x00, 0x00, 0x00, 0x00, 0x00, 0x00, 
    0x00, 0x00, 0x00, 0x00, 0x00, 0x00, 0x00, 0x00, 0x00, 0x00, 0x00, 0x00, 0x00, 0x00, 0x00, 0x00, 
    0x00, 0x00, 0x00, 0x00, 0x00, 0x00, 0x00, 0x00, 0x00, 0x1F, 0x00, 0x07, 0xE0, 0x00, 0xF8, 0x00, 
    0x00, 0x1F, 0x00, 0x03, 0xC0, 0x00, 0xF8, 0x00, 0x00, 0x00, 0x00, 0x00, 0x00, 0x00, 0x00, 0x00, 
    0x00, 0x00, 0x00, 0x00, 0x00, 0x00, 0x00, 0x00, 0x00, 0x00, 0x00, 0x00, 0x00, 0x00, 0x00, 0x00, 
    0x00, 0x00, 0x00, 0x00, 0x00, 0x00, 0x00, 0x00, 0x00, 0x00, 0x00, 0x00, 0x00, 0x00, 0x00, 0x00, 
    0x00, 0x00, 0x00, 0x00, 0x00, 0x00, 0x00, 0x00, 0x00, 0x00, 0x00, 0x00, 0x00, 0x00, 0x00, 0x00, 
    0x00, 0x00, 0x00, 0x00, 0x00, 0x00, 0x00, 0x00, 0x00, 0x00, 0x00, 0x00, 0x00, 0x00, 0x00, 0x00, 
    0x00, 0x00, 0x00, 0x00, 0x00, 0x00, 0x00, 0x00, 0x00, 0x00, 0x00, 0x00, 0x00, 0x00, 0x00, 0x00, 
      },
  {
    0x00, 0x00, 0x00, 0x00, 0x00, 0x00, 0x00, 0x00, 0x00, 0x00, 0x00, 0x00, 0x00, 0x00, 0x00, 0x00, 
    0x00, 0x00, 0x00, 0x00, 0x00, 0x00, 0x00, 0x00, 0x00, 0x00, 0x00, 0x00, 0x00, 0x00, 0x00, 0x00, 
    0x00, 0x00, 0x00, 0x00, 0x00, 0x00, 0x00, 0x00, 0x00, 0x00, 0x00, 0x00, 0x00, 0x00, 0x00, 0x00, 
    0x00, 0x00, 0x00, 0x00, 0x00, 0x00, 0x00, 0x00, 0x00, 0x00, 0x00, 0x00, 0x00, 0x00, 0x00, 0x00, 
    0x00, 0x00, 0x00, 0x00, 0x00, 0x00, 0x00, 0x00, 0x00, 0x00, 0x00, 0x00, 0x00, 0x00, 0x00, 0x00, 
    0x00, 0x00, 0x00, 0x00, 0x00, 0x00, 0x00, 0x00, 0x00, 0x00, 0x00, 0x00, 0x00, 0x00, 0x00, 0x00, 
    0x00, 0x00, 0x00, 0x00, 0x00, 0x00, 0x00, 0x00, 0x00, 0x00, 0x00, 0x00, 0x00, 0x00, 0x00, 0x00, 
    0x00, 0x00, 0x00, 0x00, 0x00, 0x00, 0x00, 0x00, 0x00, 0x00, 0x00, 0x00, 0x00, 0x00, 0x00, 0x00, 
    0x00, 0x00, 0x00, 0x00, 0x00, 0x00, 0x00, 0x00, 0x00, 0x0E, 0x00, 0x00, 0x00, 0x03, 0xFC, 0x00, 
    0x00, 0x7F, 0xC0, 0x00, 0x00, 0x07, 0xFF, 0x00, 0x00, 0xFF, 0xF0, 0x01, 0x80, 0x0F, 0x07, 0x80, 
    0x01, 0xC0, 0x70, 0x0F, 0xF8, 0x0C, 0x03, 0x80, 0x01, 0x80, 0x30, 0x3F, 0xFC, 0x0C, 0x03, 0x80, 
    0x01, 0xC0, 0x30, 0x38, 0x1C, 0x0F, 0x07, 0x80, 0x01, 0xF1, 0xF0, 0x70, 0x0E, 0x0F, 0xFF, 0x80, 
    0x01, 0xFF, 0xF0, 0x70, 0x0E, 0x0F, 0xFF, 0x80, 0x01, 0x9F, 0xB0, 0x7C, 0x3E, 0x0C, 0x01, 0x80, 
    0x01, 0x80, 0x30, 0x7F, 0xFE, 0x0C, 0x01, 0x80, 0x01, 0x80, 0x30, 0x77, 0xEE, 0x0C, 0x01, 0x80, 
    0x01, 0x80, 0x30, 0x70, 0x0E, 0x0C, 0x01, 0x80, 0x01, 0x80, 0x30, 0x70, 0x0E, 0x0C, 0x01, 0x80, 
    0x01, 0x80, 0x30, 0x70, 0x0E, 0x0C, 0x01, 0x80, 0x01, 0x80, 0x30, 0x70, 0x0E, 0x0C, 0x01, 0x80, 
    0x01, 0x80, 0x30, 0x70, 0x0E, 0x0C, 0x01, 0x80, 0x01, 0x80, 0x30, 0x70, 0x0E, 0x0C, 0x01, 0x80, 
    0x01, 0x80, 0x30, 0x70, 0x0E, 0x0C, 0x01, 0x80, 0x01, 0x80, 0x30, 0x70, 0x0E, 0x0C, 0x01, 0x80, 
    0x01, 0x80, 0x30, 0x70, 0x0E, 0x0C, 0x01, 0x80, 0x01, 0x80, 0x30, 0x70, 0x0E, 0x0C, 0x01, 0x80, 
    0x01, 0x80, 0x30, 0x70, 0x0E, 0x0C, 0x01, 0x80, 0x01, 0x80, 0x30, 0x70, 0x0E, 0x0C, 0x01, 0x80, 
    0x01, 0x80, 0x30, 0x70, 0x0E, 0x0C, 0x01, 0x80, 0x01, 0x80, 0x30, 0x70, 0x0E, 0x0C, 0x01, 0x80, 
    0x01, 0x80, 0x30, 0x70, 0x0E, 0x0C, 0x01, 0x80, 0x01, 0xC0, 0x30, 0x70, 0x0E, 0x0C, 0x03, 0x80, 
    0x01, 0xE0, 0x70, 0x38, 0x1C, 0x0E, 0x07, 0x80, 0x00, 0xFF, 0xE0, 0x3F, 0xFC, 0x07, 0xFF, 0x00, 
    0x00, 0x3F, 0xC0, 0x0F, 0xF0, 0x03, 0xFC, 0x00, 0x00, 0x00, 0x00, 0x00, 0x00, 0x00, 0x00, 0x00, 
    0x00, 0x00, 0x00, 0x00, 0x00, 0x00, 0x00, 0x00, 0x00, 0x00, 0x00, 0x00, 0x00, 0x00, 0x00, 0x00, 
    0x00, 0x00, 0x00, 0x00, 0x00, 0x00, 0x00, 0x00, 0x00, 0x1F, 0x00, 0x07, 0xE0, 0x00, 0xF8, 0x00, 
    0x00, 0x1F, 0x00, 0x03, 0xC0, 0x00, 0xF8, 0x00, 0x00, 0x00, 0x00, 0x00, 0x00, 0x00, 0x00, 0x00, 
    0x00, 0x00, 0x00, 0x00, 0x00, 0x00, 0x00, 0x00, 0x00, 0x00, 0x00, 0x00, 0x00, 0x00, 0x00, 0x00, 
    0x00, 0x00, 0x00, 0x00, 0x00, 0x00, 0x00, 0x00, 0x00, 0x00, 0x00, 0x00, 0x00, 0x00, 0x00, 0x00, 
    0x00, 0x00, 0x00, 0x00, 0x00, 0x00, 0x00, 0x00, 0x00, 0x00, 0x00, 0x00, 0x00, 0x00, 0x00, 0x00, 
    0x00, 0x00, 0x00, 0x00, 0x00, 0x00, 0x00, 0x00, 0x00, 0x00, 0x00, 0x00, 0x00, 0x00, 0x00, 0x00, 
    0x00, 0x00, 0x00, 0x00, 0x00, 0x00, 0x00, 0x00, 0x00, 0x00, 0x00, 0x00, 0x00, 0x00, 0x00, 0x00, 
      },
  {
    0x00, 0x00, 0x00, 0x00, 0x00, 0x00, 0x00, 0x00, 0x00, 0x00, 0x00, 0x00, 0x00, 0x00, 0x00, 0x00, 
    0x00, 0x00, 0x00, 0x00, 0x00, 0x00, 0x00, 0x00, 0x00, 0x00, 0x00, 0x00, 0x00, 0x00, 0x00, 0x00, 
    0x00, 0x00, 0x00, 0x00, 0x00, 0x00, 0x00, 0x00, 0x00, 0x00, 0x00, 0x00, 0x00, 0x00, 0x00, 0x00, 
    0x00, 0x00, 0x00, 0x00, 0x00, 0x00, 0x00, 0x00, 0x00, 0x00, 0x00, 0x00, 0x00, 0x00, 0x00, 0x00, 
    0x00, 0x00, 0x00, 0x00, 0x00, 0x00, 0x00, 0x00, 0x00, 0x00, 0x00, 0x00, 0x00, 0x00, 0x00, 0x00, 
    0x00, 0x00, 0x00, 0x00, 0x00, 0x00, 0x00, 0x00, 0x00, 0x00, 0x00, 0x00, 0x00, 0x00, 0x00, 0x00, 
    0x00, 0x00, 0x00, 0x00, 0x00, 0x00, 0x00, 0x00, 0x00, 0x1F, 0x00, 0x00, 0x00, 0x00, 0x00, 0x00, 
    0x00, 0x7F, 0xE0, 0x00, 0x00, 0x00, 0x00, 0x00, 0x00, 0xFF, 0xF0, 0x00, 0x00, 0x00, 0x00, 0x00, 
    0x01, 0xC0, 0x70, 0x00, 0x00, 0x00, 0x00, 0x00, 0x01, 0x80, 0x30, 0x00, 0x00, 0x00, 0x00, 0x00, 
    0x01, 0xC0, 0x70, 0x00, 0x00, 0x00, 0x00, 0x00, 0x01, 0xFF, 0xF0, 0x00, 0x00, 0x00, 0x00, 0x00, 
    0x01, 0xFF, 0xF0, 0x00, 0x00, 0x00, 0x00, 0x00, 0x01, 0x9F, 0x30, 0x00, 0x00, 0x03, 0xFC, 0x00, 
    0x01, 0x80, 0x30, 0x00, 0x00, 0x07, 0xFF, 0x00, 0x01, 0x80, 0x30, 0x0F, 0xF0, 0x0F, 0x07, 0x80, 
    0x01, 0x80, 0x30, 0x3F, 0xFC, 0x0C, 0x03, 0x80, 0x01, 0x80, 0x30, 0x38, 0x1C, 0x0C, 0x03, 0x80, 
    0x01, 0x80, 0x30, 0x70, 0x0E, 0x0F, 0x07, 0x80, 0x01, 0x80, 0x30, 0x70, 0x0E, 0x0F, 0xFF, 0x80, 
    0x01, 0x80, 0x30, 0x7C, 0x3E, 0x0F, 0xFF, 0x80, 0x01, 0x80, 0x30, 0x7F, 0xFE, 0x0C, 0x01, 0x80, 
    0x01, 0x80, 0x30, 0x7F, 0xFE, 0x0C, 0x01, 0x80, 0x01, 0x80, 0x30, 0x70, 0x0E, 0x0C, 0x01, 0x80, 
    0x01, 0x80, 0x30, 0x70, 0x0E, 0x0C, 0x01, 0x80, 0x01, 0x80, 0x30, 0x70, 0x0E, 0x0C, 0x01, 0x80, 
    0x01, 0x80, 0x30, 0x70, 0x0E, 0x0C, 0x01, 0x80, 0x01, 0x80, 0x30, 0x70, 0x0E, 0x0C, 0x01, 0x80, 
    0x01, 0x80, 0x30, 0x70, 0x0E, 0x0C, 0x01, 0x80, 0x01, 0x80, 0x30, 0x70, 0x0E, 0x0C, 0x01, 0x80, 
    0x01, 0x80, 0x30, 0x70, 0x0E, 0x0C, 0x01, 0x80, 0x01, 0x80, 0x30, 0x70, 0x0E, 0x0C, 0x01, 0x80, 
    0x01, 0x80, 0x30, 0x70, 0x0E, 0x0C, 0x01, 0x80, 0x01, 0x80, 0x30, 0x70, 0x0E, 0x0C, 0x01, 0x80, 
    0x01, 0x80, 0x30, 0x70, 0x0E, 0x0C, 0x01, 0x80, 0x01, 0xC0, 0x30, 0x70, 0x0E, 0x0C, 0x03, 0x80, 
    0x01, 0xE0, 0x70, 0x38, 0x1C, 0x0E, 0x07, 0x80, 0x00, 0xFF, 0xE0, 0x3F, 0xFC, 0x07, 0xFF, 0x00, 
    0x00, 0x3F, 0xC0, 0x0F, 0xF0, 0x03, 0xFC, 0x00, 0x00, 0x00, 0x00, 0x00, 0x00, 0x00, 0x00, 0x00, 
    0x00, 0x00, 0x00, 0x00, 0x00, 0x00, 0x00, 0x00, 0x00, 0x00, 0x00, 0x00, 0x00, 0x00, 0x00, 0x00, 
    0x00, 0x00, 0x00, 0x00, 0x00, 0x00, 0x00, 0x00, 0x00, 0x1F, 0x00, 0x07, 0xE0, 0x00, 0xF8, 0x00, 
    0x00, 0x1F, 0x00, 0x03, 0xC0, 0x00, 0xF8, 0x00, 0x00, 0x00, 0x00, 0x00, 0x00, 0x00, 0x00, 0x00, 
    0x00, 0x00, 0x00, 0x00, 0x00, 0x00, 0x00, 0x00, 0x00, 0x00, 0x00, 0x00, 0x00, 0x00, 0x00, 0x00, 
    0x00, 0x00, 0x00, 0x00, 0x00, 0x00, 0x00, 0x00, 0x00, 0x00, 0x00, 0x00, 0x00, 0x00, 0x00, 0x00, 
    0x00, 0x00, 0x00, 0x00, 0x00, 0x00, 0x00, 0x00, 0x00, 0x00, 0x00, 0x00, 0x00, 0x00, 0x00, 0x00, 
    0x00, 0x00, 0x00, 0x00, 0x00, 0x00, 0x00, 0x00, 0x00, 0x00, 0x00, 0x00, 0x00, 0x00, 0x00, 0x00, 
    0x00, 0x00, 0x00, 0x00, 0x00, 0x00, 0x00, 0x00, 0x00, 0x00, 0x00, 0x00, 0x00, 0x00, 0x00, 0x00, 
      },
  {
    0x00, 0x00, 0x00, 0x00, 0x00, 0x00, 0x00, 0x00, 0x00, 0x00, 0x00, 0x00, 0x00, 0x00, 0x00, 0x00, 
    0x00, 0x00, 0x00, 0x00, 0x00, 0x00, 0x00, 0x00, 0x00, 0x00, 0x00, 0x00, 0x00, 0x00, 0x00, 0x00, 
    0x00, 0x00, 0x00, 0x00, 0x00, 0x00, 0x00, 0x00, 0x00, 0x00, 0x00, 0x00, 0x00, 0x00, 0x00, 0x00, 
    0x00, 0x00, 0x00, 0x00, 0x00, 0x00, 0x00, 0x00, 0x00, 0x00, 0x00, 0x00, 0x00, 0x00, 0x00, 0x00, 
    0x00, 0x00, 0x00, 0x00, 0x00, 0x00, 0x00, 0x00, 0x00, 0x00, 0x00, 0x00, 0x00, 0x00, 0x00, 0x00, 
    0x00, 0x04, 0x00, 0x00, 0x00, 0x00, 0x00, 0x00, 0x00, 0x7F, 0xC0, 0x00, 0x00, 0x00, 0x00, 0x00, 
    0x00, 0xFF, 0xE0, 0x00, 0x00, 0x00, 0x00, 0x00, 0x01, 0xE0, 0x70, 0x00, 0x00, 0x00, 0x00, 0x00, 
    0x01, 0x80, 0x30, 0x00, 0x00, 0x00, 0x00, 0x00, 0x01, 0xC0, 0x38, 0x00, 0x00, 0x00, 0x00, 0x00, 
    0x01, 0xF0, 0xF0, 0x00, 0x00, 0x00, 0x00, 0x00, 0x01, 0xFF, 0xF0, 0x00, 0x00, 0x00, 0x00, 0x00, 
    0x01, 0xFF, 0xB0, 0x00, 0x00, 0x00, 0x00, 0x00, 0x01, 0x80, 0x30, 0x00, 0x00, 0x00, 0x00, 0x00, 
    0x01, 0x80, 0x30, 0x00, 0x00, 0x00, 0x00, 0x00, 0x01, 0x80, 0x30, 0x00, 0x00, 0x00, 0x00, 0x00, 
    0x01, 0x80, 0x30, 0x00, 0x00, 0x00, 0x00, 0x00, 0x01, 0x80, 0x30, 0x00, 0x00, 0x00, 0x20, 0x00, 
    0x01, 0x80, 0x30, 0x00, 0x00, 0x03, 0xFE, 0x00, 0x01, 0x80, 0x30, 0x0F, 0xF0, 0x07, 0xFF, 0x00, 
    0x01, 0x80, 0x30, 0x3F, 0xFC, 0x0E, 0x07, 0x80, 0x01, 0x80, 0x30, 0x38, 0x1C, 0x0C, 0x01, 0x80, 
    0x01, 0x80, 0x30, 0x70, 0x0E, 0x0C, 0x03, 0x80, 0x01, 0x80, 0x30, 0x70, 0x0E, 0x0F, 0x07, 0x80, 
    0x01, 0x80, 0x30, 0x7C, 0x3E, 0x0F, 0xFF, 0x80, 0x01, 0x80, 0x30, 0x7F, 0xFE, 0x0D, 0xFD, 0x80, 
    0x01, 0x80, 0x30, 0x7F, 0xFE, 0x0C, 0x01, 0x80, 0x01, 0x80, 0x30, 0x70, 0x0E, 0x0C, 0x01, 0x80, 
    0x01, 0x80, 0x30, 0x70, 0x0E, 0x0C, 0x01, 0x80, 0x01, 0x80, 0x30, 0x70, 0x0E, 0x0C, 0x01, 0x80, 
    0x01, 0x80, 0x30, 0x70, 0x0E, 0x0C, 0x01, 0x80, 0x01, 0x80, 0x30, 0x70, 0x0E, 0x0C, 0x01, 0x80, 
    0x01, 0x80, 0x30, 0x70, 0x0E, 0x0C, 0x01, 0x80, 0x01, 0x80, 0x30, 0x70, 0x0E, 0x0C, 0x01, 0x80, 
    0x01, 0x80, 0x30, 0x70, 0x0E, 0x0C, 0x01, 0x80, 0x01, 0x80, 0x30, 0x70, 0x0E, 0x0C, 0x01, 0x80, 
    0x01, 0x80, 0x30, 0x70, 0x0E, 0x0C, 0x01, 0x80, 0x01, 0xC0, 0x30, 0x70, 0x0E, 0x0C, 0x03, 0x80, 
    0x01, 0xE0, 0x70, 0x38, 0x1C, 0x0E, 0x07, 0x80, 0x00, 0xFF, 0xE0, 0x3F, 0xFC, 0x07, 0xFF, 0x00, 
    0x00, 0x3F, 0xC0, 0x0F, 0xF0, 0x03, 0xFC, 0x00, 0x00, 0x00, 0x00, 0x00, 0x00, 0x00, 0x00, 0x00, 
    0x00, 0x00, 0x00, 0x00, 0x00, 0x00, 0x00, 0x00, 0x00, 0x00, 0x00, 0x00, 0x00, 0x00, 0x00, 0x00, 
    0x00, 0x00, 0x00, 0x00, 0x00, 0x00, 0x00, 0x00, 0x00, 0x1F, 0x00, 0x07, 0xE0, 0x00, 0xF8, 0x00, 
    0x00, 0x1F, 0x00, 0x03, 0xC0, 0x00, 0xF8, 0x00, 0x00, 0x00, 0x00, 0x00, 0x00, 0x00, 0x00, 0x00, 
    0x00, 0x00, 0x00, 0x00, 0x00, 0x00, 0x00, 0x00, 0x00, 0x00, 0x00, 0x00, 0x00, 0x00, 0x00, 0x00, 
    0x00, 0x00, 0x00, 0x00, 0x00, 0x00, 0x00, 0x00, 0x00, 0x00, 0x00, 0x00, 0x00, 0x00, 0x00, 0x00, 
    0x00, 0x00, 0x00, 0x00, 0x00, 0x00, 0x00, 0x00, 0x00, 0x00, 0x00, 0x00, 0x00, 0x00, 0x00, 0x00, 
    0x00, 0x00, 0x00, 0x00, 0x00, 0x00, 0x00, 0x00, 0x00, 0x00, 0x00, 0x00, 0x00, 0x00, 0x00, 0x00, 
    0x00, 0x00, 0x00, 0x00, 0x00, 0x00, 0x00, 0x00, 0x00, 0x00, 0x00, 0x00, 0x00, 0x00, 0x00, 0x00, 
      },
  {
    0x00, 0x00, 0x00, 0x00, 0x00, 0x00, 0x00, 0x00, 0x00, 0x00, 0x00, 0x00, 0x00, 0x00, 0x00, 0x00, 
    0x00, 0x00, 0x00, 0x00, 0x00, 0x00, 0x00, 0x00, 0x00, 0x00, 0x00, 0x00, 0x00, 0x00, 0x00, 0x00, 
    0x00, 0x00, 0x00, 0x00, 0x00, 0x00, 0x00, 0x00, 0x00, 0x00, 0x00, 0x00, 0x00, 0x00, 0x00, 0x00, 
    0x00, 0x00, 0x00, 0x00, 0x00, 0x00, 0x00, 0x00, 0x00, 0x00, 0x00, 0x00, 0x00, 0x00, 0x00, 0x00, 
    0x00, 0x1F, 0x00, 0x00, 0x00, 0x00, 0x00, 0x00, 0x00, 0x7F, 0xE0, 0x00, 0x00, 0x00, 0x00, 0x00, 
    0x00, 0xFF, 0xF0, 0x00, 0x00, 0x00, 0x00, 0x00, 0x01, 0xC0, 0x70, 0x00, 0x00, 0x00, 0x00, 0x00, 
    0x01, 0x80, 0x30, 0x00, 0x00, 0x00, 0x00, 0x00, 0x01, 0xC0, 0x70, 0x00, 0x00, 0x00, 0x00, 0x00, 
    0x01, 0xFF, 0xF0, 0x00, 0x00, 0x00, 0x00, 0x00, 0x01, 0xFF, 0xF0, 0x00, 0x00, 0x00, 0x00, 0x00, 
    0x01, 0x9F, 0x30, 0x00, 0x00, 0x00, 0x00, 0x00, 0x01, 0x80, 0x30, 0x00, 0x00, 0x00, 0x00, 0x00, 
    0x01, 0x80, 0x30, 0x00, 0x00, 0x00, 0x00, 0x00, 0x01, 0x80, 0x30, 0x00, 0x00, 0x00, 0x00, 0x00, 
    0x01, 0x80, 0x30, 0x00, 0x00, 0x00, 0x00, 0x00, 0x01, 0x80, 0x30, 0x00, 0x00, 0x00, 0x00, 0x00, 
    0x01, 0x80, 0x30, 0x00, 0x00, 0x00, 0x00, 0x00, 0x01, 0x80, 0x30, 0x00, 0x00, 0x00, 0x00, 0x00, 
    0x01, 0x80, 0x30, 0x00, 0x00, 0x00, 0x00, 0x00, 0x01, 0x80, 0x30, 0x00, 0x00, 0x00, 0x00, 0x00, 
    0x01, 0x80, 0x30, 0x03, 0xC0, 0x01, 0xFC, 0x00, 0x01, 0x80, 0x30, 0x1F, 0xF8, 0x07, 0xFF, 0x00, 
    0x01, 0x80, 0x30, 0x3F, 0xFC, 0x0F, 0x0F, 0x00, 0x01, 0x80, 0x30, 0x38, 0x1C, 0x0C, 0x03, 0x80, 
    0x01, 0x80, 0x30, 0x70, 0x0E, 0x0C, 0x01, 0x80, 0x01, 0x80, 0x30, 0x70, 0x0E, 0x0E, 0x03, 0x80, 
    0x01, 0x80, 0x30, 0x7C, 0x3E, 0x0F, 0xFF, 0x80, 0x01, 0x80, 0x30, 0x7F, 0xFE, 0x0F, 0xFF, 0x80, 
    0x01, 0x80, 0x30, 0x77, 0xEE, 0x0C, 0x71, 0x80, 0x01, 0x80, 0x30, 0x70, 0x0E, 0x0C, 0x01, 0x80, 
    0x01, 0x80, 0x30, 0x70, 0x0E, 0x0C, 0x01, 0x80, 0x01, 0x80, 0x30, 0x70, 0x0E, 0x0C, 0x01, 0x80, 
    0x01, 0x80, 0x30, 0x70, 0x0E, 0x0C, 0x01, 0x80, 0x01, 0x80, 0x30, 0x70, 0x0E, 0x0C, 0x01, 0x80, 
    0x01, 0x80, 0x30, 0x70, 0x0E, 0x0C, 0x01, 0x80, 0x01, 0x80, 0x30, 0x70, 0x0E, 0x0C, 0x01, 0x80, 
    0x01, 0x80, 0x30, 0x70, 0x0E, 0x0C, 0x01, 0x80, 0x01, 0xC0, 0x30, 0x70, 0x0E, 0x0C, 0x03, 0x80, 
    0x01, 0xE0, 0x70, 0x38, 0x1C, 0x0E, 0x07, 0x80, 0x00, 0xFF, 0xE0, 0x3F, 0xFC, 0x07, 0xFF, 0x00, 
    0x00, 0x3F, 0xC0, 0x0F, 0xF0, 0x03, 0xFC, 0x00, 0x00, 0x00, 0x00, 0x00, 0x00, 0x00, 0x00, 0x00, 
    0x00, 0x00, 0x00, 0x00, 0x00, 0x00, 0x00, 0x00, 0x00, 0x00, 0x00, 0x00, 0x00, 0x00, 0x00, 0x00, 
    0x00, 0x00, 0x00, 0x00, 0x00, 0x00, 0x00, 0x00, 0x00, 0x1F, 0x00, 0x07, 0xE0, 0x00, 0xF8, 0x00, 
    0x00, 0x1F, 0x00, 0x03, 0xC0, 0x00, 0xF8, 0x00, 0x00, 0x00, 0x00, 0x00, 0x00, 0x00, 0x00, 0x00, 
    0x00, 0x00, 0x00, 0x00, 0x00, 0x00, 0x00, 0x00, 0x00, 0x00, 0x00, 0x00, 0x00, 0x00, 0x00, 0x00, 
    0x00, 0x00, 0x00, 0x00, 0x00, 0x00, 0x00, 0x00, 0x00, 0x00, 0x00, 0x00, 0x00, 0x00, 0x00, 0x00, 
    0x00, 0x00, 0x00, 0x00, 0x00, 0x00, 0x00, 0x00, 0x00, 0x00, 0x00, 0x00, 0x00, 0x00, 0x00, 0x00, 
    0x00, 0x00, 0x00, 0x00, 0x00, 0x00, 0x00, 0x00, 0x00, 0x00, 0x00, 0x00, 0x00, 0x00, 0x00, 0x00, 
    0x00, 0x00, 0x00, 0x00, 0x00, 0x00, 0x00, 0x00, 0x00, 0x00, 0x00, 0x00, 0x00, 0x00, 0x00, 0x00, 
      },
  {
    0x00, 0x00, 0x00, 0x00, 0x00, 0x00, 0x00, 0x00, 0x00, 0x00, 0x00, 0x00, 0x00, 0x00, 0x00, 0x00, 
    0x00, 0x00, 0x00, 0x00, 0x00, 0x00, 0x00, 0x00, 0x00, 0x00, 0x00, 0x00, 0x00, 0x00, 0x00, 0x00, 
    0x00, 0x00, 0x00, 0x00, 0x00, 0x00, 0x00, 0x00, 0x00, 0x00, 0x00, 0x00, 0x00, 0x00, 0x00, 0x00, 
    0x00, 0x00, 0x00, 0x00, 0x00, 0x00, 0x00, 0x00, 0x00, 0x3F, 0x80, 0x00, 0x00, 0x00, 0x00, 0x00, 
    0x00, 0x7F, 0xE0, 0x00, 0x00, 0x00, 0x00, 0x00, 0x00, 0xF0, 0xF0, 0x00, 0x00, 0x00, 0x00, 0x00, 
    0x01, 0xC0, 0x30, 0x00, 0x00, 0x00, 0x00, 0x00, 0x01, 0x80, 0x38, 0x00, 0x00, 0x00, 0x00, 0x00, 
    0x01, 0xC0, 0x78, 0x00, 0x00, 0x00, 0x00, 0x00, 0x01, 0xFF, 0xF8, 0x00, 0x00, 0x00, 0x00, 0x00, 
    0x01, 0xFF, 0xF0, 0x00, 0x00, 0x00, 0x00, 0x00, 0x01, 0x8E, 0x30, 0x00, 0x00, 0x00, 0x00, 0x00, 
    0x01, 0x80, 0x30, 0x00, 0x00, 0x00, 0x00, 0x00, 0x01, 0x80, 0x30, 0x00, 0x00, 0x00, 0x00, 0x00, 
    0x01, 0x80, 0x30, 0x00, 0x00, 0x00, 0x00, 0x00, 0x01, 0x80, 0x30, 0x00, 0x00, 0x00, 0x00, 0x00, 
    0x01, 0x80, 0x30, 0x00, 0x00, 0x00, 0x00, 0x00, 0x01, 0x80, 0x30, 0x00, 0x00, 0x00, 0x00, 0x00, 
    0x01, 0x80, 0x30, 0x00, 0x00, 0x00, 0x00, 0x00, 0x01, 0x80, 0x30, 0x00, 0x00, 0x00, 0x00, 0x00, 
    0x01, 0x80, 0x30, 0x00, 0x00, 0x00, 0x00, 0x00, 0x01, 0x80, 0x30, 0x00, 0x00, 0x00, 0x00, 0x00, 
    0x01, 0x80, 0x30, 0x00, 0x00, 0x00, 0x00, 0x00, 0x01, 0x80, 0x30, 0x07, 0xE0, 0x01, 0xF8, 0x00, 
    0x01, 0x80, 0x30, 0x1F, 0xF8, 0x07, 0xFE, 0x00, 0x01, 0x80, 0x30, 0x3F, 0xFC, 0x0F, 0x8F, 0x00, 
    0x01, 0x80, 0x30, 0x70, 0x0E, 0x0E, 0x03, 0x80, 0x01, 0x80, 0x30, 0x70, 0x0E, 0x0C, 0x01, 0x80, 
    0x01, 0x80, 0x30, 0x70, 0x0E, 0x0E, 0x03, 0x80, 0x01, 0x80, 0x30, 0x7F, 0xFE, 0x0F, 0xFF, 0x80, 
    0x01, 0x80, 0x30, 0x7F, 0xFE, 0x0F, 0xFF, 0x80, 0x01, 0x80, 0x30, 0x77, 0xEE, 0x0C, 0xF1, 0x80, 
    0x01, 0x80, 0x30, 0x70, 0x0E, 0x0C, 0x01, 0x80, 0x01, 0x80, 0x30, 0x70, 0x0E, 0x0C, 0x01, 0x80, 
    0x01, 0x80, 0x30, 0x70, 0x0E, 0x0C, 0x01, 0x80, 0x01, 0x80, 0x30, 0x70, 0x0E, 0x0C, 0x01, 0x80, 
    0x01, 0x80, 0x30, 0x70, 0x0E, 0x0C, 0x01, 0x80, 0x01, 0x80, 0x30, 0x70, 0x0E, 0x0C, 0x01, 0x80, 
    0x01, 0x80, 0x30, 0x70, 0x0E, 0x0C, 0x01, 0x80, 0x01, 0xC0, 0x30, 0x70, 0x0E, 0x0C, 0x03, 0x80, 
    0x01, 0xE0, 0x70, 0x38, 0x1C, 0x0E, 0x07, 0x80, 0x00, 0xFF, 0xE0, 0x3F, 0xFC, 0x07, 0xFF, 0x00, 
    0x00, 0x3F, 0xC0, 0x0F, 0xF0, 0x03, 0xFC, 0x00, 0x00, 0x00, 0x00, 0x00, 0x00, 0x00, 0x00, 0x00, 
    0x00, 0x00, 0x00, 0x00, 0x00, 0x00, 0x00, 0x00, 0x00, 0x00, 0x00, 0x00, 0x00, 0x00, 0x00, 0x00, 
    0x00, 0x00, 0x00, 0x00, 0x00, 0x00, 0x00, 0x00, 0x00, 0x1F, 0x00, 0x07, 0xE0, 0x00, 0xF8, 0x00, 
    0x00, 0x1F, 0x00, 0x03, 0xC0, 0x00, 0xF8, 0x00, 0x00, 0x00, 0x00, 0x00, 0x00, 0x00, 0x00, 0x00, 
    0x00, 0x00, 0x00, 0x00, 0x00, 0x00, 0x00, 0x00, 0x00, 0x00, 0x00, 0x00, 0x00, 0x00, 0x00, 0x00, 
    0x00, 0x00, 0x00, 0x00, 0x00, 0x00, 0x00, 0x00, 0x00, 0x00, 0x00, 0x00, 0x00, 0x00, 0x00, 0x00, 
    0x00, 0x00, 0x00, 0x00, 0x00, 0x00, 0x00, 0x00, 0x00, 0x00, 0x00, 0x00, 0x00, 0x00, 0x00, 0x00, 
    0x00, 0x00, 0x00, 0x00, 0x00, 0x00, 0x00, 0x00, 0x00, 0x00, 0x00, 0x00, 0x00, 0x00, 0x00, 0x00, 
    0x00, 0x00, 0x00, 0x00, 0x00, 0x00, 0x00, 0x00, 0x00, 0x00, 0x00, 0x00, 0x00, 0x00, 0x00, 0x00, 
      },
  {
    0x00, 0x00, 0x00, 0x00, 0x00, 0x00, 0x00, 0x00, 0x00, 0x00, 0x00, 0x00, 0x00, 0x00, 0x00, 0x00, 
    0x00, 0x00, 0x00, 0x00, 0x00, 0x00, 0x00, 0x00, 0x00, 0x00, 0x00, 0x00, 0x00, 0x00, 0x00, 0x00, 
    0x00, 0x00, 0x00, 0x00, 0x00, 0x00, 0x00, 0x00, 0x00, 0x1F, 0x00, 0x00, 0x00, 0x00, 0x00, 0x00, 
    0x00, 0x7F, 0xE0, 0x00, 0x00, 0x00, 0x00, 0x00, 0x00, 0xFF, 0xF0, 0x00, 0x00, 0x00, 0x00, 0x00, 
    0x01, 0xC0, 0x70, 0x00, 0x00, 0x00, 0x00, 0x00, 0x01, 0x80, 0x30, 0x00, 0x00, 0x00, 0x00, 0x00, 
    0x01, 0xC0, 0x78, 0x00, 0x00, 0x00, 0x00, 0x00, 0x01, 0xF9, 0xF0, 0x00, 0x00, 0x00, 0x00, 0x00, 
    0x01, 0xFF, 0xF0, 0x00, 0x00, 0x00, 0x00, 0x00, 0x01, 0x9F, 0xB0, 0x00, 0x00, 0x00, 0x00, 0x00, 
    0x01, 0x80, 0x30, 0x00, 0x00, 0x00, 0x00, 0x00, 0x01, 0x80, 0x30, 0x00, 0x00, 0x00, 0x00, 0x00, 
    0x01, 0x80, 0x30, 0x00, 0x00, 0x00, 0x00, 0x00, 0x01, 0x80, 0x30, 0x00, 0x00, 0x00, 0x00, 0x00, 
    0x01, 0x80, 0x30, 0x00, 0x00, 0x00, 0x00, 0x00, 0x01, 0x80, 0x30, 0x00, 0x00, 0x00, 0x00, 0x00, 
    0x01, 0x80, 0x30, 0x00, 0x00, 0x00, 0x00, 0x00, 0x01, 0x80, 0x30, 0x00, 0x00, 0x00, 0x00, 0x00, 
    0x01, 0x80, 0x30, 0x00, 0x00, 0x00, 0x00, 0x00, 0x01, 0x80, 0x30, 0x00, 0x00, 0x00, 0x00, 0x00, 
    0x01, 0x80, 0x30, 0x00, 0x00, 0x00, 0x00, 0x00, 0x01, 0x80, 0x30, 0x00, 0x00, 0x00, 0x00, 0x00, 
    0x01, 0x80, 0x30, 0x00, 0x00, 0x00, 0x00, 0x00, 0x01, 0x80, 0x30, 0x00, 0x00, 0x00, 0x00, 0x00, 
    0x01, 0x80, 0x30, 0x0F, 0xF0, 0x00, 0x60, 0x00, 0x01, 0x80, 0x30, 0x3F, 0xFC, 0x03, 0xFE, 0x00, 
    0x01, 0x80, 0x30, 0x38, 0x1C, 0x07, 0xFF, 0x00, 0x01, 0x80, 0x30, 0x70, 0x0E, 0x0E, 0x07, 0x80, 
    0x01, 0x80, 0x30, 0x70, 0x0E, 0x0C, 0x01, 0x80, 0x01, 0x80, 0x30, 0x78, 0x1E, 0x0C, 0x03, 0x80, 
    0x01, 0x80, 0x30, 0x7F, 0xFE, 0x0F, 0x0F, 0x80, 0x01, 0x80, 0x30, 0x7F, 0xFE, 0x0F, 0xFF, 0x80, 
    0x01, 0x80, 0x30, 0x70, 0x0E, 0x0D, 0xFD, 0x80, 0x01, 0x80, 0x30, 0x70, 0x0E, 0x0C, 0x01, 0x80, 
    0x01, 0x80, 0x30, 0x70, 0x0E, 0x0C, 0x01, 0x80, 0x01, 0x80, 0x30, 0x70, 0x0E, 0x0C, 0x01, 0x80, 
    0x01, 0x80, 0x30, 0x70, 0x0E, 0x0C, 0x01, 0x80, 0x01, 0x80, 0x30, 0x70, 0x0E, 0x0C, 0x01, 0x80, 
    0x01, 0x80, 0x30, 0x70, 0x0E, 0x0C, 0x01, 0x80, 0x01, 0xC0, 0x30, 0x70, 0x0E, 0x0C, 0x03, 0x80, 
    0x01, 0xE0, 0x70, 0x38, 0x1C, 0x0E, 0x07, 0x80, 0x00, 0xFF, 0xE0, 0x3F, 0xFC, 0x07, 0xFF, 0x00, 
    0x00, 0x3F, 0xC0, 0x0F, 0xF0, 0x03, 0xFC, 0x00, 0x00, 0x00, 0x00, 0x00, 0x00, 0x00, 0x00, 0x00, 
    0x00, 0x00, 0x00, 0x00, 0x00, 0x00, 0x00, 0x00, 0x00, 0x00, 0x00, 0x00, 0x00, 0x00, 0x00, 0x00, 
    0x00, 0x00, 0x00, 0x00, 0x00, 0x00, 0x00, 0x00, 0x00, 0x1F, 0x00, 0x07, 0xE0, 0x00, 0xF8, 0x00, 
    0x00, 0x1F, 0x00, 0x03, 0xC0, 0x00, 0xF8, 0x00, 0x00, 0x00, 0x00, 0x00, 0x00, 0x00, 0x00, 0x00, 
    0x00, 0x00, 0x00, 0x00, 0x00, 0x00, 0x00, 0x00, 0x00, 0x00, 0x00, 0x00, 0x00, 0x00, 0x00, 0x00, 
    0x00, 0x00, 0x00, 0x00, 0x00, 0x00, 0x00, 0x00, 0x00, 0x00, 0x00, 0x00, 0x00, 0x00, 0x00, 0x00, 
    0x00, 0x00, 0x00, 0x00, 0x00, 0x00, 0x00, 0x00, 0x00, 0x00, 0x00, 0x00, 0x00, 0x00, 0x00, 0x00, 
    0x00, 0x00, 0x00, 0x00, 0x00, 0x00, 0x00, 0x00, 0x00, 0x00, 0x00, 0x00, 0x00, 0x00, 0x00, 0x00, 
    0x00, 0x00, 0x00, 0x00, 0x00, 0x00, 0x00, 0x00, 0x00, 0x00, 0x00, 0x00, 0x00, 0x00, 0x00, 0x00, 
      },
  {
    0x00, 0x00, 0x00, 0x00, 0x00, 0x00, 0x00, 0x00, 0x00, 0x00, 0x00, 0x00, 0x00, 0x00, 0x00, 0x00, 
    0x00, 0x00, 0x00, 0x00, 0x00, 0x00, 0x00, 0x00, 0x00, 0x00, 0x00, 0x00, 0x00, 0x00, 0x00, 0x00, 
    0x00, 0x3F, 0xC0, 0x00, 0x00, 0x00, 0x00, 0x00, 0x00, 0xFF, 0xE0, 0x00, 0x00, 0x00, 0x00, 0x00, 
    0x01, 0xE0, 0x70, 0x00, 0x00, 0x00, 0x00, 0x00, 0x01, 0xC0, 0x30, 0x00, 0x00, 0x00, 0x00, 0x00, 
    0x01, 0xC0, 0x38, 0x00, 0x00, 0x00, 0x00, 0x00, 0x01, 0xE0, 0xF0, 0x00, 0x00, 0x00, 0x00, 0x00, 
    0x01, 0xFF, 0xF8, 0x00, 0x00, 0x00, 0x00, 0x00, 0x01, 0xFF, 0xF0, 0x00, 0x00, 0x00, 0x00, 0x00, 
    0x01, 0x80, 0x30, 0x00, 0x00, 0x00, 0x00, 0x00, 0x01, 0x80, 0x30, 0x00, 0x00, 0x00, 0x00, 0x00, 
    0x01, 0x80, 0x30, 0x00, 0x00, 0x00, 0x00, 0x00, 0x01, 0x80, 0x30, 0x00, 0x00, 0x00, 0x00, 0x00, 
    0x01, 0x80, 0x30, 0x00, 0x00, 0x00, 0x00, 0x00, 0x01, 0x80, 0x30, 0x00, 0x00, 0x00, 0x00, 0x00, 
    0x01, 0x80, 0x30, 0x00, 0x00, 0x00, 0x00, 0x00, 0x01, 0x80, 0x30, 0x00, 0x00, 0x00, 0x00, 0x00, 
    0x01, 0x80, 0x30, 0x00, 0x00, 0x00, 0x00, 0x00, 0x01, 0x80, 0x30, 0x00, 0x00, 0x00, 0x00, 0x00, 
    0x01, 0x80, 0x30, 0x00, 0x00, 0x00, 0x00, 0x00, 0x01, 0x80, 0x30, 0x00, 0x00, 0x00, 0x00, 0x00, 
    0x01, 0x80, 0x30, 0x00, 0x00, 0x00, 0x00, 0x00, 0x01, 0x80, 0x30, 0x00, 0x00, 0x00, 0x00, 0x00, 
    0x01, 0x80, 0x30, 0x01, 0x80, 0x00, 0x00, 0x00, 0x01, 0x80, 0x30, 0x0F, 0xF0, 0x00, 0x00, 0x00, 
    0x01, 0x80, 0x30, 0x3F, 0xFC, 0x00, 0x00, 0x00, 0x01, 0x80, 0x30, 0x38, 0x1C, 0x00, 0xF0, 0x00, 
    0x01, 0x80, 0x30, 0x70, 0x0E, 0x03, 0xFE, 0x00, 0x01, 0x80, 0x30, 0x70, 0x0E, 0x0F, 0xFF, 0x00, 
    0x01, 0x80, 0x30, 0x7C, 0x3E, 0x0E, 0x03, 0x80, 0x01, 0x80, 0x30, 0x7F, 0xFE, 0x0C, 0x01, 0x80, 
    0x01, 0x80, 0x30, 0x7F, 0xFE, 0x0C, 0x03, 0x80, 0x01, 0x80, 0x30, 0x70, 0x0E, 0x0F, 0x8F, 0x80, 
    0x01, 0x80, 0x30, 0x70, 0x0E, 0x0F, 0xFF, 0x80, 0x01, 0x80, 0x30, 0x70, 0x0E, 0x0D, 0xF9, 0x80, 
    0x01, 0x80, 0x30, 0x70, 0x0E, 0x0C, 0x01, 0x80, 0x01, 0x80, 0x30, 0x70, 0x0E, 0x0C, 0x01, 0x80, 
    0x01, 0x80, 0x30, 0x70, 0x0E, 0x0C, 0x01, 0x80, 0x01, 0x80, 0x30, 0x70, 0x0E, 0x0C, 0x01, 0x80, 
    0x01, 0x80, 0x30, 0x70, 0x0E, 0x0C, 0x01, 0x80, 0x01, 0xC0, 0x30, 0x70, 0x0E, 0x0C, 0x03, 0x80, 
    0x01, 0xE0, 0x70, 0x38, 0x1C, 0x0E, 0x07, 0x80, 0x00, 0xFF, 0xE0, 0x3F, 0xFC, 0x07, 0xFF, 0x00, 
    0x00, 0x3F, 0xC0, 0x0F, 0xF0, 0x03, 0xFC, 0x00, 0x00, 0x00, 0x00, 0x00, 0x00, 0x00, 0x00, 0x00, 
    0x00, 0x00, 0x00, 0x00, 0x00, 0x00, 0x00, 0x00, 0x00, 0x00, 0x00, 0x00, 0x00, 0x00, 0x00, 0x00, 
    0x00, 0x00, 0x00, 0x00, 0x00, 0x00, 0x00, 0x00, 0x00, 0x1F, 0x00, 0x07, 0xE0, 0x00, 0xF8, 0x00, 
    0x00, 0x1F, 0x00, 0x03, 0xC0, 0x00, 0xF8, 0x00, 0x00, 0x00, 0x00, 0x00, 0x00, 0x00, 0x00, 0x00, 
    0x00, 0x00, 0x00, 0x00, 0x00, 0x00, 0x00, 0x00, 0x00, 0x00, 0x00, 0x00, 0x00, 0x00, 0x00, 0x00, 
    0x00, 0x00, 0x00, 0x00, 0x00, 0x00, 0x00, 0x00, 0x00, 0x00, 0x00, 0x00, 0x00, 0x00, 0x00, 0x00, 
    0x00, 0x00, 0x00, 0x00, 0x00, 0x00, 0x00, 0x00, 0x00, 0x00, 0x00, 0x00, 0x00, 0x00, 0x00, 0x00, 
    0x00, 0x00, 0x00, 0x00, 0x00, 0x00, 0x00, 0x00, 0x00, 0x00, 0x00, 0x00, 0x00, 0x00, 0x00, 0x00, 
    0x00, 0x00, 0x00, 0x00, 0x00, 0x00, 0x00, 0x00, 0x00, 0x00, 0x00, 0x00, 0x00, 0x00, 0x00, 0x00, 
      },
  {
    0x00, 0x00, 0x00, 0x00, 0x00, 0x00, 0x00, 0x00, 0x00, 0x00, 0x00, 0x00, 0x00, 0x00, 0x00, 0x00, 
    0x00, 0x00, 0x00, 0x00, 0x00, 0x00, 0x00, 0x00, 0x00, 0x3F, 0x80, 0x00, 0x00, 0x00, 0x00, 0x00, 
    0x00, 0xFF, 0xE0, 0x00, 0x00, 0x00, 0x00, 0x00, 0x00, 0xF0, 0xF0, 0x00, 0x00, 0x00, 0x00, 0x00, 
    0x01, 0xC0, 0x30, 0x00, 0x00, 0x00, 0x00, 0x00, 0x01, 0x80, 0x38, 0x00, 0x00, 0x00, 0x00, 0x00, 
    0x01, 0xE0, 0x70, 0x00, 0x00, 0x00, 0x00, 0x00, 0x01, 0xFF, 0xF0, 0x00, 0x00, 0x00, 0x00, 0x00, 
    0x01, 0xFF, 0xF0, 0x00, 0x00, 0x00, 0x00, 0x00, 0x01, 0x86, 0x30, 0x00, 0x00, 0x00, 0x00, 0x00, 
    0x01, 0x80, 0x30, 0x00, 0x00, 0x00, 0x00, 0x00, 0x01, 0x80, 0x30, 0x00, 0x00, 0x00, 0x00, 0x00, 
    0x01, 0x80, 0x30, 0x00, 0x00, 0x00, 0x00, 0x00, 0x01, 0x80, 0x30, 0x00, 0x00, 0x00, 0x00, 0x00, 
    0x01, 0x80, 0x30, 0x00, 0x00, 0x00, 0x00, 0x00, 0x01, 0x80, 0x30, 0x00, 0x00, 0x00, 0x00, 0x00, 
    0x01, 0x80, 0x30, 0x00, 0x00, 0x00, 0x00, 0x00, 0x01, 0x80, 0x30, 0x00, 0x00, 0x00, 0x00, 0x00, 
    0x01, 0x80, 0x30, 0x00, 0x00, 0x00, 0x00, 0x00, 0x01, 0x80, 0x30, 0x00, 0x00, 0x00, 0x00, 0x00, 
    0x01, 0x80, 0x30, 0x00, 0x00, 0x00, 0x00, 0x00, 0x01, 0x80, 0x30, 0x00, 0x00, 0x00, 0x00, 0x00, 
    0x01, 0x80, 0x30, 0x00, 0x00, 0x00, 0x00, 0x00, 0x01, 0x80, 0x30, 0x03, 0xC0, 0x00, 0x00, 0x00, 
    0x01, 0x80, 0x30, 0x1F, 0xF8, 0x00, 0x00, 0x00, 0x01, 0x80, 0x30, 0x3F, 0xFC, 0x00, 0x00, 0x00, 
    0x01, 0x80, 0x30, 0x38, 0x1C, 0x00, 0x00, 0x00, 0x01, 0x80, 0x30, 0x70, 0x0E, 0x00, 0xF8, 0x00, 
    0x01, 0x80, 0x30, 0x70, 0x0E, 0x03, 0xFE, 0x00, 0x01, 0x80, 0x30, 0x7C, 0x3E, 0x0F, 0xFF, 0x00, 
    0x01, 0x80, 0x30, 0x7F, 0xFE, 0x0E, 0x03, 0x80, 0x01, 0x80, 0x30, 0x77, 0xEE, 0x0C, 0x01, 0x80, 
    0x01, 0x80, 0x30, 0x70, 0x0E, 0x0E, 0x03, 0x80, 0x01, 0x80, 0x30, 0x70, 0x0E, 0x0F, 0xDF, 0x80, 
    0x01, 0x80, 0x30, 0x70, 0x0E, 0x0F, 0xFF, 0x80, 0x01, 0x80, 0x30, 0x70, 0x0E, 0x0D, 0xF9, 0x80, 
    0x01, 0x80, 0x30, 0x70, 0x0E, 0x0C, 0x01, 0x80, 0x01, 0x80, 0x30, 0x70, 0x0E, 0x0C, 0x01, 0x80, 
    0x01, 0x80, 0x30, 0x70, 0x0E, 0x0C, 0x01, 0x80, 0x01, 0x80, 0x30, 0x70, 0x0E, 0x0C, 0x01, 0x80, 
    0x01, 0x80, 0x30, 0x70, 0x0E, 0x0C, 0x01, 0x80, 0x01, 0xC0, 0x30, 0x70, 0x0E, 0x0C, 0x03, 0x80, 
    0x01, 0xE0, 0x70, 0x38, 0x1C, 0x0E, 0x07, 0x80, 0x00, 0xFF, 0xE0, 0x3F, 0xFC, 0x07, 0xFF, 0x00, 
    0x00, 0x3F, 0xC0, 0x0F, 0xF0, 0x03, 0xFC, 0x00, 0x00, 0x00, 0x00, 0x00, 0x00, 0x00, 0x00, 0x00, 
    0x00, 0x00, 0x00, 0x00, 0x00, 0x00, 0x00, 0x00, 0x00, 0x00, 0x00, 0x00, 0x00, 0x00, 0x00, 0x00, 
    0x00, 0x00, 0x00, 0x00, 0x00, 0x00, 0x00, 0x00, 0x00, 0x1F, 0x00, 0x07, 0xE0, 0x00, 0xF8, 0x00, 
    0x00, 0x1F, 0x00, 0x03, 0xC0, 0x00, 0xF8, 0x00, 0x00, 0x00, 0x00, 0x00, 0x00, 0x00, 0x00, 0x00, 
    0x00, 0x00, 0x00, 0x00, 0x00, 0x00, 0x00, 0x00, 0x00, 0x00, 0x00, 0x00, 0x00, 0x00, 0x00, 0x00, 
    0x00, 0x00, 0x00, 0x00, 0x00, 0x00, 0x00, 0x00, 0x00, 0x00, 0x00, 0x00, 0x00, 0x00, 0x00, 0x00, 
    0x00, 0x00, 0x00, 0x00, 0x00, 0x00, 0x00, 0x00, 0x00, 0x00, 0x00, 0x00, 0x00, 0x00, 0x00, 0x00, 
    0x00, 0x00, 0x00, 0x00, 0x00, 0x00, 0x00, 0x00, 0x00, 0x00, 0x00, 0x00, 0x00, 0x00, 0x00, 0x00, 
    0x00, 0x00, 0x00, 0x00, 0x00, 0x00, 0x00, 0x00, 0x00, 0x00, 0x00, 0x00, 0x00, 0x00, 0x00, 0x00, 
      },
  {
    0x00, 0x00, 0x00, 0x00, 0x00, 0x00, 0x00, 0x00, 0x00, 0x00, 0x00, 0x00, 0x00, 0x00, 0x00, 0x00, 
    0x00, 0x00, 0x00, 0x00, 0x00, 0x00, 0x00, 0x00, 0x00, 0x3F, 0xC0, 0x00, 0x00, 0x00, 0x00, 0x00, 
    0x00, 0xFF, 0xE0, 0x00, 0x00, 0x00, 0x00, 0x00, 0x01, 0xE0, 0x70, 0x00, 0x00, 0x00, 0x00, 0x00, 
    0x01, 0xC0, 0x30, 0x00, 0x00, 0x00, 0x00, 0x00, 0x01, 0xC0, 0x38, 0x00, 0x00, 0x00, 0x00, 0x00, 
    0x01, 0xE0, 0xF0, 0x00, 0x00, 0x00, 0x00, 0x00, 0x01, 0xFF, 0xF0, 0x00, 0x00, 0x00, 0x00, 0x00, 
    0x01, 0xFF, 0xB0, 0x00, 0x00, 0x00, 0x00, 0x00, 0x01, 0x80, 0x30, 0x00, 0x00, 0x00, 0x00, 0x00, 
    0x01, 0x80, 0x30, 0x00, 0x00, 0x00, 0x00, 0x00, 0x01, 0x80, 0x30, 0x00, 0x00, 0x00, 0x00, 0x00, 
    0x01, 0x80, 0x30, 0x00, 0x00, 0x00, 0x00, 0x00, 0x01, 0x80, 0x30, 0x00, 0x00, 0x00, 0x00, 0x00, 
    0x01, 0x80, 0x30, 0x00, 0x00, 0x00, 0x00, 0x00, 0x01, 0x80, 0x30, 0x00, 0x00, 0x00, 0x00, 0x00, 
    0x01, 0x80, 0x30, 0x00, 0x00, 0x00, 0x00, 0x00, 0x01, 0x80, 0x30, 0x00, 0x00, 0x00, 0x00, 0x00, 
    0x01, 0x80, 0x30, 0x00, 0x00, 0x00, 0x00, 0x00, 0x01, 0x80, 0x30, 0x00, 0x00, 0x00, 0x00, 0x00, 
    0x01, 0x80, 0x30, 0x00, 0x00, 0x00, 0x00, 0x00, 0x01, 0x80, 0x30, 0x00, 0x00, 0x00, 0x00, 0x00, 
    0x01, 0x80, 0x30, 0x07, 0xE0, 0x00, 0x00, 0x00, 0x01, 0x80, 0x30, 0x1F, 0xF8, 0x00, 0x00, 0x00, 
    0x01, 0x80, 0x30, 0x3F, 0xFC, 0x00, 0x00, 0x00, 0x01, 0x80, 0x30, 0x70, 0x0E, 0x00, 0x00, 0x00, 
    0x01, 0x80, 0x30, 0x70, 0x0E, 0x00, 0x00, 0x00, 0x01, 0x80, 0x30, 0x70, 0x0E, 0x03, 0xFE, 0x00, 
    0x01, 0x80, 0x30, 0x7F, 0xFE, 0x07, 0xFF, 0x00, 0x01, 0x80, 0x30, 0x7F, 0xFE, 0x0E, 0x07, 0x80, 
    0x01, 0x80, 0x30, 0x77, 0xEE, 0x0C, 0x01, 0x80, 0x01, 0x80, 0x30, 0x70, 0x0E, 0x0C, 0x03, 0x80, 
    0x01, 0x80, 0x30, 0x70, 0x0E, 0x0F, 0x07, 0x80, 0x01, 0x80, 0x30, 0x70, 0x0E, 0x0F, 0xFF, 0x80, 
    0x01, 0x80, 0x30, 0x70, 0x0E, 0x0D, 0xFF, 0x80, 0x01, 0x80, 0x30, 0x70, 0x0E, 0x0C, 0x01, 0x80, 
    0x01, 0x80, 0x30, 0x70, 0x0E, 0x0C, 0x01, 0x80, 0x01, 0x80, 0x30, 0x70, 0x0E, 0x0C, 0x01, 0x80, 
    0x01, 0x80, 0x30, 0x70, 0x0E, 0x0C, 0x01, 0x80, 0x01, 0x80, 0x30, 0x70, 0x0E, 0x0C, 0x01, 0x80, 
    0x01, 0x80, 0x30, 0x70, 0x0E, 0x0C, 0x01, 0x80, 0x01, 0xC0, 0x30, 0x70, 0x0E, 0x0C, 0x03, 0x80, 
    0x01, 0xE0, 0x70, 0x38, 0x1C, 0x0E, 0x07, 0x80, 0x00, 0xFF, 0xE0, 0x3F, 0xFC, 0x07, 0xFF, 0x00, 
    0x00, 0x3F, 0xC0, 0x0F, 0xF0, 0x03, 0xFC, 0x00, 0x00, 0x00, 0x00, 0x00, 0x00, 0x00, 0x00, 0x00, 
    0x00, 0x00, 0x00, 0x00, 0x00, 0x00, 0x00, 0x00, 0x00, 0x00, 0x00, 0x00, 0x00, 0x00, 0x00, 0x00, 
    0x00, 0x00, 0x00, 0x00, 0x00, 0x00, 0x00, 0x00, 0x00, 0x1F, 0x00, 0x07, 0xE0, 0x00, 0xF8, 0x00, 
    0x00, 0x1F, 0x00, 0x03, 0xC0, 0x00, 0xF8, 0x00, 0x00, 0x00, 0x00, 0x00, 0x00, 0x00, 0x00, 0x00, 
    0x00, 0x00, 0x00, 0x00, 0x00, 0x00, 0x00, 0x00, 0x00, 0x00, 0x00, 0x00, 0x00, 0x00, 0x00, 0x00, 
    0x00, 0x00, 0x00, 0x00, 0x00, 0x00, 0x00, 0x00, 0x00, 0x00, 0x00, 0x00, 0x00, 0x00, 0x00, 0x00, 
    0x00, 0x00, 0x00, 0x00, 0x00, 0x00, 0x00, 0x00, 0x00, 0x00, 0x00, 0x00, 0x00, 0x00, 0x00, 0x00, 
    0x00, 0x00, 0x00, 0x00, 0x00, 0x00, 0x00, 0x00, 0x00, 0x00, 0x00, 0x00, 0x00, 0x00, 0x00, 0x00, 
    0x00, 0x00, 0x00, 0x00, 0x00, 0x00, 0x00, 0x00, 0x00, 0x00, 0x00, 0x00, 0x00, 0x00, 0x00, 0x00, 
      },
  {
    0x00, 0x00, 0x00, 0x00, 0x00, 0x00, 0x00, 0x00, 0x00, 0x00, 0x00, 0x00, 0x00, 0x00, 0x00, 0x00, 
    0x00, 0x00, 0x00, 0x00, 0x00, 0x00, 0x00, 0x00, 0x00, 0x3F, 0xC0, 0x00, 0x00, 0x00, 0x00, 0x00, 
    0x00, 0xFF, 0xE0, 0x00, 0x00, 0x00, 0x00, 0x00, 0x01, 0xE0, 0x70, 0x00, 0x00, 0x00, 0x00, 0x00, 
    0x01, 0xC0, 0x30, 0x00, 0x00, 0x00, 0x00, 0x00, 0x01, 0xC0, 0x38, 0x00, 0x00, 0x00, 0x00, 0x00, 
    0x01, 0xE0, 0xF0, 0x00, 0x00, 0x00, 0x00, 0x00, 0x01, 0xFF, 0xF0, 0x00, 0x00, 0x00, 0x00, 0x00, 
    0x01, 0xFF, 0xF0, 0x00, 0x00, 0x00, 0x00, 0x00, 0x01, 0x80, 0x30, 0x00, 0x00, 0x00, 0x00, 0x00, 
    0x01, 0x80, 0x30, 0x00, 0x00, 0x00, 0x00, 0x00, 0x01, 0x80, 0x30, 0x00, 0x00, 0x00, 0x00, 0x00, 
    0x01, 0x80, 0x30, 0x00, 0x00, 0x00, 0x00, 0x00, 0x01, 0x80, 0x30, 0x00, 0x00, 0x00, 0x00, 0x00, 
    0x01, 0x80, 0x30, 0x00, 0x00, 0x00, 0x00, 0x00, 0x01, 0x80, 0x30, 0x00, 0x00, 0x00, 0x00, 0x00, 
    0x01, 0x80, 0x30, 0x00, 0x00, 0x00, 0x00, 0x00, 0x01, 0x80, 0x30, 0x00, 0x00, 0x00, 0x00, 0x00, 
    0x01, 0x80, 0x30, 0x00, 0x00, 0x00, 0x00, 0x00, 0x01, 0x80, 0x30, 0x00, 0x00, 0x00, 0x00, 0x00, 
    0x01, 0x80, 0x30, 0x00, 0x00, 0x00, 0x00, 0x00, 0x01, 0x80, 0x30, 0x00, 0x00, 0x00, 0x00, 0x00, 
    0x01, 0x80, 0x30, 0x0F, 0xF0, 0x00, 0x00, 0x00, 0x01, 0x80, 0x30, 0x3F, 0xFC, 0x00, 0x00, 0x00, 
    0x01, 0x80, 0x30, 0x38, 0x1C, 0x00, 0x00, 0x00, 0x01, 0x80, 0x30, 0x70, 0x0E, 0x00, 0x00, 0x00, 
    0x01, 0x80, 0x30, 0x70, 0x0E, 0x01, 0xFC, 0x00, 0x01, 0x80, 0x30, 0x7C, 0x3E, 0x07, 0xFF, 0x00, 
    0x01, 0x80, 0x30, 0x7F, 0xFE, 0x0F, 0x0F, 0x00, 0x01, 0x80, 0x30, 0x7F, 0xFE, 0x0C, 0x03, 0x80, 
    0x01, 0x80, 0x30, 0x70, 0x0E, 0x0C, 0x01, 0x80, 0x01, 0x80, 0x30, 0x70, 0x0E, 0x0E, 0x07, 0x80, 
    0x01, 0x80, 0x30, 0x70, 0x0E, 0x0F, 0xFF, 0x80, 0x01, 0x80, 0x30, 0x70, 0x0E, 0x0F, 0xFF, 0x80, 
    0x01, 0x80, 0x30, 0x70, 0x0E, 0x0C, 0x21, 0x80, 0x01, 0x80, 0x30, 0x70, 0x0E, 0x0C, 0x01, 0x80, 
    0x01, 0x80, 0x30, 0x70, 0x0E, 0x0C, 0x01, 0x80, 0x01, 0x80, 0x30, 0x70, 0x0E, 0x0C, 0x01, 0x80, 
    0x01, 0x80, 0x30, 0x70, 0x0E, 0x0C, 0x01, 0x80, 0x01, 0x80, 0x30, 0x70, 0x0E, 0x0C, 0x01, 0x80, 
    0x01, 0x80, 0x30, 0x70, 0x0E, 0x0C, 0x01, 0x80, 0x01, 0xC0, 0x30, 0x70, 0x0E, 0x0C, 0x03, 0x80, 
    0x01, 0xE0, 0x70, 0x38, 0x1C, 0x0E, 0x07, 0x80, 0x00, 0xFF, 0xE0, 0x3F, 0xFC, 0x07, 0xFF, 0x00, 
    0x00, 0x3F, 0xC0, 0x0F, 0xF0, 0x03, 0xFC, 0x00, 0x00, 0x00, 0x00, 0x00, 0x00, 0x00, 0x00, 0x00, 
    0x00, 0x00, 0x00, 0x00, 0x00, 0x00, 0x00, 0x00, 0x00, 0x00, 0x00, 0x00, 0x00, 0x00, 0x00, 0x00, 
    0x00, 0x00, 0x00, 0x00, 0x00, 0x00, 0x00, 0x00, 0x00, 0x1F, 0x00, 0x07, 0xE0, 0x00, 0xF8, 0x00, 
    0x00, 0x1F, 0x00, 0x03, 0xC0, 0x00, 0xF8, 0x00, 0x00, 0x00, 0x00, 0x00, 0x00, 0x00, 0x00, 0x00, 
    0x00, 0x00, 0x00, 0x00, 0x00, 0x00, 0x00, 0x00, 0x00, 0x00, 0x00, 0x00, 0x00, 0x00, 0x00, 0x00, 
    0x00, 0x00, 0x00, 0x00, 0x00, 0x00, 0x00, 0x00, 0x00, 0x00, 0x00, 0x00, 0x00, 0x00, 0x00, 0x00, 
    0x00, 0x00, 0x00, 0x00, 0x00, 0x00, 0x00, 0x00, 0x00, 0x00, 0x00, 0x00, 0x00, 0x00, 0x00, 0x00, 
    0x00, 0x00, 0x00, 0x00, 0x00, 0x00, 0x00, 0x00, 0x00, 0x00, 0x00, 0x00, 0x00, 0x00, 0x00, 0x00, 
    0x00, 0x00, 0x00, 0x00, 0x00, 0x00, 0x00, 0x00, 0x00, 0x00, 0x00, 0x00, 0x00, 0x00, 0x00, 0x00, 
      },
  {
    0x00, 0x00, 0x00, 0x00, 0x00, 0x00, 0x00, 0x00, 0x00, 0x00, 0x00, 0x00, 0x00, 0x00, 0x00, 0x00, 
    0x00, 0x00, 0x00, 0x00, 0x00, 0x00, 0x00, 0x00, 0x00, 0x00, 0x00, 0x00, 0x00, 0x00, 0x00, 0x00, 
    0x00, 0x3F, 0xC0, 0x00, 0x00, 0x00, 0x00, 0x00, 0x00, 0xFF, 0xE0, 0x00, 0x00, 0x00, 0x00, 0x00, 
    0x01, 0xE0, 0x70, 0x00, 0x00, 0x00, 0x00, 0x00, 0x01, 0xC0, 0x30, 0x00, 0x00, 0x00, 0x00, 0x00, 
    0x01, 0xC0, 0x30, 0x00, 0x00, 0x00, 0x00, 0x00, 0x01, 0xE0, 0xF0, 0x00, 0x00, 0x00, 0x00, 0x00, 
    0x01, 0xFF, 0xF0, 0x00, 0x00, 0x00, 0x00, 0x00, 0x01, 0xFF, 0xF0, 0x00, 0x00, 0x00, 0x00, 0x00, 
    0x01, 0x80, 0x30, 0x00, 0x00, 0x00, 0x00, 0x00, 0x01, 0x80, 0x30, 0x00, 0x00, 0x00, 0x00, 0x00, 
    0x01, 0x80, 0x30, 0x00, 0x00, 0x00, 0x00, 0x00, 0x01, 0x80, 0x30, 0x00, 0x00, 0x00, 0x00, 0x00, 
    0x01, 0x80, 0x30, 0x00, 0x00, 0x00, 0x00, 0x00, 0x01, 0x80, 0x30, 0x00, 0x00, 0x00, 0x00, 0x00, 
    0x01, 0x80, 0x30, 0x00, 0x00, 0x00, 0x00, 0x00, 0x01, 0x80, 0x30, 0x00, 0x00, 0x00, 0x00, 0x00, 
    0x01, 0x80, 0x30, 0x00, 0x00, 0x00, 0x00, 0x00, 0x01, 0x80, 0x30, 0x00, 0x00, 0x00, 0x00, 0x00, 
    0x01, 0x80, 0x30, 0x07, 0xE0, 0x00, 0x00, 0x00, 0x01, 0x80, 0x30, 0x1F, 0xF8, 0x00, 0x00, 0x00, 
    0x01, 0x80, 0x30, 0x3C, 0x3C, 0x00, 0x00, 0x00, 0x01, 0x80, 0x30, 0x70, 0x0E, 0x00, 0xF8, 0x00, 
    0x01, 0x80, 0x30, 0x70, 0x0E, 0x07, 0xFE, 0x00, 0x01, 0x80, 0x30, 0x78, 0x1E, 0x0F, 0xFF, 0x00, 
    0x01, 0x80, 0x30, 0x7F, 0xFE, 0x0E, 0x03, 0x80, 0x01, 0x80, 0x30, 0x7F, 0xFE, 0x0C, 0x01, 0x80, 
    0x01, 0x80, 0x30, 0x73, 0xCE, 0x0E, 0x03, 0x80, 0x01, 0x80, 0x30, 0x70, 0x0E, 0x0F, 0xFF, 0x80, 
    0x01, 0x80, 0x30, 0x70, 0x0E, 0x0F, 0xFF, 0x80, 0x01, 0x80, 0x30, 0x70, 0x0E, 0x0C, 0xF9, 0x80, 
    0x01, 0x80, 0x30, 0x70, 0x0E, 0x0C, 0x01, 0x80, 0x01, 0x80, 0x30, 0x70, 0x0E, 0x0C, 0x01, 0x80, 
    0x01, 0x80, 0x30, 0x70, 0x0E, 0x0C, 0x01, 0x80, 0x01, 0x80, 0x30, 0x70, 0x0E, 0x0C, 0x01, 0x80, 
    0x01, 0x80, 0x30, 0x70, 0x0E, 0x0C, 0x01, 0x80, 0x01, 0x80, 0x30, 0x70, 0x0E, 0x0C, 0x01, 0x80, 
    0x01, 0x80, 0x30, 0x70, 0x0E, 0x0C, 0x01, 0x80, 0x01, 0x80, 0x30, 0x70, 0x0E, 0x0C, 0x01, 0x80, 
    0x01, 0x80, 0x30, 0x70, 0x0E, 0x0C, 0x01, 0x80, 0x01, 0xC0, 0x30, 0x70, 0x0E, 0x0C, 0x03, 0x80, 
    0x01, 0xE0, 0x70, 0x38, 0x1C, 0x0E, 0x07, 0x80, 0x00, 0xFF, 0xE0, 0x3F, 0xFC, 0x07, 0xFF, 0x00, 
    0x00, 0x3F, 0xC0, 0x0F, 0xF0, 0x03, 0xFC, 0x00, 0x00, 0x00, 0x00, 0x00, 0x00, 0x00, 0x00, 0x00, 
    0x00, 0x00, 0x00, 0x00, 0x00, 0x00, 0x00, 0x00, 0x00, 0x00, 0x00, 0x00, 0x00, 0x00, 0x00, 0x00, 
    0x00, 0x00, 0x00, 0x00, 0x00, 0x00, 0x00, 0x00, 0x00, 0x1F, 0x00, 0x07, 0xE0, 0x00, 0xF8, 0x00, 
    0x00, 0x1F, 0x00, 0x03, 0xC0, 0x00, 0xF8, 0x00, 0x00, 0x00, 0x00, 0x00, 0x00, 0x00, 0x00, 0x00, 
    0x00, 0x00, 0x00, 0x00, 0x00, 0x00, 0x00, 0x00, 0x00, 0x00, 0x00, 0x00, 0x00, 0x00, 0x00, 0x00, 
    0x00, 0x00, 0x00, 0x00, 0x00, 0x00, 0x00, 0x00, 0x00, 0x00, 0x00, 0x00, 0x00, 0x00, 0x00, 0x00, 
    0x00, 0x00, 0x00, 0x00, 0x00, 0x00, 0x00, 0x00, 0x00, 0x00, 0x00, 0x00, 0x00, 0x00, 0x00, 0x00, 
    0x00, 0x00, 0x00, 0x00, 0x00, 0x00, 0x00, 0x00, 0x00, 0x00, 0x00, 0x00, 0x00, 0x00, 0x00, 0x00, 
    0x00, 0x00, 0x00, 0x00, 0x00, 0x00, 0x00, 0x00, 0x00, 0x00, 0x00, 0x00, 0x00, 0x00, 0x00, 0x00, 
      },
  {
    0x00, 0x00, 0x00, 0x00, 0x00, 0x00, 0x00, 0x00, 0x00, 0x00, 0x00, 0x00, 0x00, 0x00, 0x00, 0x00, 
    0x00, 0x00, 0x00, 0x00, 0x00, 0x00, 0x00, 0x00, 0x00, 0x00, 0x00, 0x00, 0x00, 0x00, 0x00, 0x00, 
    0x00, 0x00, 0x00, 0x00, 0x00, 0x00, 0x00, 0x00, 0x00, 0x3F, 0xC0, 0x00, 0x00, 0x00, 0x00, 0x00, 
    0x00, 0xFF, 0xE0, 0x00, 0x00, 0x00, 0x00, 0x00, 0x01, 0xE0, 0x70, 0x00, 0x00, 0x00, 0x00, 0x00, 
    0x01, 0xC0, 0x30, 0x00, 0x00, 0x00, 0x00, 0x00, 0x01, 0xC0, 0x30, 0x00, 0x00, 0x00, 0x00, 0x00, 
    0x01, 0xE0, 0xF0, 0x00, 0x00, 0x00, 0x00, 0x00, 0x01, 0xFF, 0xF0, 0x00, 0x00, 0x00, 0x00, 0x00, 
    0x01, 0xFF, 0xB0, 0x00, 0x00, 0x00, 0x00, 0x00, 0x01, 0x80, 0x30, 0x00, 0x00, 0x00, 0x00, 0x00, 
    0x01, 0x80, 0x30, 0x00, 0x00, 0x00, 0x00, 0x00, 0x01, 0x80, 0x30, 0x00, 0x00, 0x00, 0x00, 0x00, 
    0x01, 0x80, 0x30, 0x00, 0x00, 0x00, 0x00, 0x00, 0x01, 0x80, 0x30, 0x00, 0x00, 0x00, 0x00, 0x00, 
    0x01, 0x80, 0x30, 0x00, 0x00, 0x00, 0x00, 0x00, 0x01, 0x80, 0x30, 0x00, 0x00, 0x00, 0x00, 0x00, 
    0x01, 0x80, 0x30, 0x00, 0x00, 0x00, 0x00, 0x00, 0x01, 0x80, 0x30, 0x01, 0x80, 0x00, 0x00, 0x00, 
    0x01, 0x80, 0x30, 0x1F, 0xF0, 0x00, 0x00, 0x00, 0x01, 0x80, 0x30, 0x3F, 0xFC, 0x00, 0x00, 0x00, 
    0x01, 0x80, 0x30, 0x38, 0x1C, 0x03, 0xFC, 0x00, 0x01, 0x80, 0x30, 0x70, 0x0E, 0x07, 0xFF, 0x00, 
    0x01, 0x80, 0x30, 0x70, 0x0E, 0x0F, 0x07, 0x80, 0x01, 0x80, 0x30, 0x7C, 0x3E, 0x0C, 0x03, 0x80, 
    0x01, 0x80, 0x30, 0x7F, 0xFE, 0x0C, 0x03, 0x80, 0x01, 0x80, 0x30, 0x77, 0xEE, 0x0E, 0x07, 0x80, 
    0x01, 0x80, 0x30, 0x70, 0x0E, 0x0F, 0xFF, 0x80, 0x01, 0x80, 0x30, 0x70, 0x0E, 0x0F, 0xFF, 0x80, 
    0x01, 0x80, 0x30, 0x70, 0x0E, 0x0C, 0x01, 0x80, 0x01, 0x80, 0x30, 0x70, 0x0E, 0x0C, 0x01, 0x80, 
    0x01, 0x80, 0x30, 0x70, 0x0E, 0x0C, 0x01, 0x80, 0x01, 0x80, 0x30, 0x70, 0x0E, 0x0C, 0x01, 0x80, 
    0x01, 0x80, 0x30, 0x70, 0x0E, 0x0C, 0x01, 0x80, 0x01, 0x80, 0x30, 0x70, 0x0E, 0x0C, 0x01, 0x80, 
    0x01, 0x80, 0x30, 0x70, 0x0E, 0x0C, 0x01, 0x80, 0x01, 0x80, 0x30, 0x70, 0x0E, 0x0C, 0x01, 0x80, 
    0x01, 0x80, 0x30, 0x70, 0x0E, 0x0C, 0x01, 0x80, 0x01, 0x80, 0x30, 0x70, 0x0E, 0x0C, 0x01, 0x80, 
    0x01, 0x80, 0x30, 0x70, 0x0E, 0x0C, 0x01, 0x80, 0x01, 0xC0, 0x30, 0x70, 0x0E, 0x0C, 0x03, 0x80, 
    0x01, 0xE0, 0x70, 0x38, 0x1C, 0x0E, 0x07, 0x80, 0x00, 0xFF, 0xE0, 0x3F, 0xFC, 0x07, 0xFF, 0x00, 
    0x00, 0x3F, 0xC0, 0x0F, 0xF0, 0x03, 0xFC, 0x00, 0x00, 0x00, 0x00, 0x00, 0x00, 0x00, 0x00, 0x00, 
    0x00, 0x00, 0x00, 0x00, 0x00, 0x00, 0x00, 0x00, 0x00, 0x00, 0x00, 0x00, 0x00, 0x00, 0x00, 0x00, 
    0x00, 0x00, 0x00, 0x00, 0x00, 0x00, 0x00, 0x00, 0x00, 0x1F, 0x00, 0x07, 0xE0, 0x00, 0xF8, 0x00, 
    0x00, 0x1F, 0x00, 0x03, 0xC0, 0x00, 0xF8, 0x00, 0x00, 0x00, 0x00, 0x00, 0x00, 0x00, 0x00, 0x00, 
    0x00, 0x00, 0x00, 0x00, 0x00, 0x00, 0x00, 0x00, 0x00, 0x00, 0x00, 0x00, 0x00, 0x00, 0x00, 0x00, 
    0x00, 0x00, 0x00, 0x00, 0x00, 0x00, 0x00, 0x00, 0x00, 0x00, 0x00, 0x00, 0x00, 0x00, 0x00, 0x00, 
    0x00, 0x00, 0x00, 0x00, 0x00, 0x00, 0x00, 0x00, 0x00, 0x00, 0x00, 0x00, 0x00, 0x00, 0x00, 0x00, 
    0x00, 0x00, 0x00, 0x00, 0x00, 0x00, 0x00, 0x00, 0x00, 0x00, 0x00, 0x00, 0x00, 0x00, 0x00, 0x00, 
    0x00, 0x00, 0x00, 0x00, 0x00, 0x00, 0x00, 0x00, 0x00, 0x00, 0x00, 0x00, 0x00, 0x00, 0x00, 0x00, 
      },
  {
    0x00, 0x00, 0x00, 0x00, 0x00, 0x00, 0x00, 0x00, 0x00, 0x00, 0x00, 0x00, 0x00, 0x00, 0x00, 0x00, 
    0x00, 0x00, 0x00, 0x00, 0x00, 0x00, 0x00, 0x00, 0x00, 0x00, 0x00, 0x00, 0x00, 0x00, 0x00, 0x00, 
    0x00, 0x00, 0x00, 0x00, 0x00, 0x00, 0x00, 0x00, 0x00, 0x00, 0x00, 0x00, 0x00, 0x00, 0x00, 0x00, 
    0x00, 0x00, 0x00, 0x00, 0x00, 0x00, 0x00, 0x00, 0x00, 0x3F, 0x80, 0x00, 0x00, 0x00, 0x00, 0x00, 
    0x00, 0xFF, 0xE0, 0x00, 0x00, 0x00, 0x00, 0x00, 0x00, 0xF0, 0xF0, 0x00, 0x00, 0x00, 0x00, 0x00, 
    0x01, 0xC0, 0x30, 0x00, 0x00, 0x00, 0x00, 0x00, 0x01, 0x80, 0x30, 0x00, 0x00, 0x00, 0x00, 0x00, 
    0x01, 0xE0, 0x70, 0x00, 0x00, 0x00, 0x00, 0x00, 0x01, 0xFF, 0xF0, 0x00, 0x00, 0x00, 0x00, 0x00, 
    0x01, 0xFF, 0xF0, 0x00, 0x00, 0x00, 0x00, 0x00, 0x01, 0x86, 0x30, 0x00, 0x00, 0x00, 0x00, 0x00, 
    0x01, 0x80, 0x30, 0x00, 0x00, 0x00, 0x00, 0x00, 0x01, 0x80, 0x30, 0x00, 0x00, 0x00, 0x00, 0x00, 
    0x01, 0x80, 0x30, 0x00, 0x00, 0x00, 0x00, 0x00, 0x01, 0x80, 0x30, 0x00, 0x00, 0x00, 0x00, 0x00, 
    0x01, 0x80, 0x30, 0x00, 0x00, 0x00, 0x00, 0x00, 0x01, 0x80, 0x30, 0x0F, 0xF0, 0x01, 0xFC, 0x00, 
    0x01, 0x80, 0x30, 0x3F, 0xFC, 0x07, 0xFF, 0x00, 0x01, 0x80, 0x30, 0x38, 0x1C, 0x0F, 0x0F, 0x00, 
    0x01, 0x80, 0x30, 0x70, 0x0E, 0x0C, 0x03, 0x80, 0x01, 0x80, 0x30, 0x70, 0x0E, 0x0C, 0x01, 0x80, 
    0x01, 0x80, 0x30, 0x7C, 0x3E, 0x0E, 0x03, 0x80, 0x01, 0x80, 0x30, 0x7F, 0xFE, 0x0F, 0xFF, 0x80, 
    0x01, 0x80, 0x30, 0x7F, 0xFE, 0x0F, 0xFF, 0x80, 0x01, 0x80, 0x30, 0x70, 0x0E, 0x0C, 0x71, 0x80, 
    0x01, 0x80, 0x30, 0x70, 0x0E, 0x0C, 0x01, 0x80, 0x01, 0x80, 0x30, 0x70, 0x0E, 0x0C, 0x01, 0x80, 
    0x01, 0x80, 0x30, 0x70, 0x0E, 0x0C, 0x01, 0x80, 0x01, 0x80, 0x30, 0x70, 0x0E, 0x0C, 0x01, 0x80, 
    0x01, 0x80, 0x30, 0x70, 0x0E, 0x0C, 0x01, 0x80, 0x01, 0x80, 0x30, 0x70, 0x0E, 0x0C, 0x01, 0x80, 
    0x01, 0x80, 0x30, 0x70, 0x0E, 0x0C, 0x01, 0x80, 0x01, 0x80, 0x30, 0x70, 0x0E, 0x0C, 0x01, 0x80, 
    0x01, 0x80, 0x30, 0x70, 0x0E, 0x0C, 0x01, 0x80, 0x01, 0x80, 0x30, 0x70, 0x0E, 0x0C, 0x01, 0x80, 
    0x01, 0x80, 0x30, 0x70, 0x0E, 0x0C, 0x01, 0x80, 0x01, 0x80, 0x30, 0x70, 0x0E, 0x0C, 0x01, 0x80, 
    0x01, 0x80, 0x30, 0x70, 0x0E, 0x0C, 0x01, 0x80, 0x01, 0xC0, 0x30, 0x70, 0x0E, 0x0C, 0x03, 0x80, 
    0x01, 0xE0, 0x70, 0x38, 0x1C, 0x0E, 0x07, 0x80, 0x00, 0xFF, 0xE0, 0x3F, 0xFC, 0x07, 0xFF, 0x00, 
    0x00, 0x3F, 0xC0, 0x0F, 0xF0, 0x03, 0xFC, 0x00, 0x00, 0x00, 0x00, 0x00, 0x00, 0x00, 0x00, 0x00, 
    0x00, 0x00, 0x00, 0x00, 0x00, 0x00, 0x00, 0x00, 0x00, 0x00, 0x00, 0x00, 0x00, 0x00, 0x00, 0x00, 
    0x00, 0x00, 0x00, 0x00, 0x00, 0x00, 0x00, 0x00, 0x00, 0x1F, 0x00, 0x07, 0xE0, 0x00, 0xF8, 0x00, 
    0x00, 0x1F, 0x00, 0x03, 0xC0, 0x00, 0xF8, 0x00, 0x00, 0x00, 0x00, 0x00, 0x00, 0x00, 0x00, 0x00, 
    0x00, 0x00, 0x00, 0x00, 0x00, 0x00, 0x00, 0x00, 0x00, 0x00, 0x00, 0x00, 0x00, 0x00, 0x00, 0x00, 
    0x00, 0x00, 0x00, 0x00, 0x00, 0x00, 0x00, 0x00, 0x00, 0x00, 0x00, 0x00, 0x00, 0x00, 0x00, 0x00, 
    0x00, 0x00, 0x00, 0x00, 0x00, 0x00, 0x00, 0x00, 0x00, 0x00, 0x00, 0x00, 0x00, 0x00, 0x00, 0x00, 
    0x00, 0x00, 0x00, 0x00, 0x00, 0x00, 0x00, 0x00, 0x00, 0x00, 0x00, 0x00, 0x00, 0x00, 0x00, 0x00, 
    0x00, 0x00, 0x00, 0x00, 0x00, 0x00, 0x00, 0x00, 0x00, 0x00, 0x00, 0x00, 0x00, 0x00, 0x00, 0x00, 
      },
  {
    0x00, 0x00, 0x00, 0x00, 0x00, 0x00, 0x00, 0x00, 0x00, 0x00, 0x00, 0x00, 0x00, 0x00, 0x00, 0x00, 
    0x00, 0x00, 0x00, 0x00, 0x00, 0x00, 0x00, 0x00, 0x00, 0x00, 0x00, 0x00, 0x00, 0x00, 0x00, 0x00, 
    0x00, 0x00, 0x00, 0x00, 0x00, 0x00, 0x00, 0x00, 0x00, 0x00, 0x00, 0x00, 0x00, 0x00, 0x00, 0x00, 
    0x00, 0x00, 0x00, 0x00, 0x00, 0x00, 0x00, 0x00, 0x00, 0x00, 0x00, 0x00, 0x00, 0x00, 0x00, 0x00, 
    0x00, 0x00, 0x00, 0x00, 0x00, 0x00, 0x00, 0x00, 0x00, 0x00, 0x00, 0x00, 0x00, 0x00, 0x00, 0x00, 
    0x00, 0x00, 0x00, 0x00, 0x00, 0x00, 0x00, 0x00, 0x00, 0x00, 0x00, 0x00, 0x00, 0x00, 0x00, 0x00, 
    0x00, 0x7F, 0xC0, 0x00, 0x00, 0x00, 0x00, 0x00, 0x00, 0xFF, 0xE0, 0x00, 0x00, 0x00, 0x00, 0x00, 
    0x01, 0xE0, 0x70, 0x00, 0x00, 0x00, 0x00, 0x00, 0x01, 0xC0, 0x30, 0x00, 0x00, 0x00, 0x00, 0x00, 
    0x01, 0xC0, 0x30, 0x00, 0x00, 0x00, 0x00, 0x00, 0x01, 0xE0, 0xF0, 0x00, 0x00, 0x01, 0xFC, 0x00, 
    0x01, 0xFF, 0xF0, 0x00, 0x00, 0x07, 0xFF, 0x00, 0x01, 0xFF, 0xB0, 0x00, 0x00, 0x0F, 0x0F, 0x00, 
    0x01, 0x80, 0x30, 0x0F, 0xF0, 0x0C, 0x03, 0x80, 0x01, 0x80, 0x30, 0x3F, 0xFC, 0x0C, 0x01, 0x80, 
    0x01, 0x80, 0x30, 0x38, 0x1C, 0x0E, 0x07, 0x80, 0x01, 0x80, 0x30, 0x70, 0x0E, 0x0F, 0xFF, 0x80, 
    0x01, 0x80, 0x30, 0x70, 0x0E, 0x0F, 0xFF, 0x80, 0x01, 0x80, 0x30, 0x78, 0x1E, 0x0C, 0x61, 0x80, 
    0x01, 0x80, 0x30, 0x7F, 0xFE, 0x0C, 0x01, 0x80, 0x01, 0x80, 0x30, 0x7F, 0xFE, 0x0C, 0x01, 0x80, 
    0x01, 0x80, 0x30, 0x70, 0x0E, 0x0C, 0x01, 0x80, 0x01, 0x80, 0x30, 0x70, 0x0E, 0x0C, 0x01, 0x80, 
    0x01, 0x80, 0x30, 0x70, 0x0E, 0x0C, 0x01, 0x80, 0x01, 0x80, 0x30, 0x70, 0x0E, 0x0C, 0x01, 0x80, 
    0x01, 0x80, 0x30, 0x70, 0x0E, 0x0C, 0x01, 0x80, 0x01, 0x80, 0x30, 0x70, 0x0E, 0x0C, 0x01, 0x80, 
    0x01, 0x80, 0x30, 0x70, 0x0E, 0x0C, 0x01, 0x80, 0x01, 0x80, 0x30, 0x70, 0x0E, 0x0C, 0x01, 0x80, 
    0x01, 0x80, 0x30, 0x70, 0x0E, 0x0C, 0x01, 0x80, 0x01, 0x80, 0x30, 0x70, 0x0E, 0x0C, 0x01, 0x80, 
    0x01, 0x80, 0x30, 0x70, 0x0E, 0x0C, 0x01, 0x80, 0x01, 0x80, 0x30, 0x70, 0x0E, 0x0C, 0x01, 0x80, 
    0x01, 0x80, 0x30, 0x70, 0x0E, 0x0C, 0x01, 0x80, 0x01, 0x80, 0x30, 0x70, 0x0E, 0x0C, 0x01, 0x80, 
    0x01, 0x80, 0x30, 0x70, 0x0E, 0x0C, 0x01, 0x80, 0x01, 0xC0, 0x30, 0x70, 0x0E, 0x0C, 0x03, 0x80, 
    0x01, 0xE0, 0x70, 0x38, 0x1C, 0x0E, 0x07, 0x80, 0x00, 0xFF, 0xE0, 0x3F, 0xFC, 0x07, 0xFF, 0x00, 
    0x00, 0x3F, 0xC0, 0x0F, 0xF0, 0x03, 0xFC, 0x00, 0x00, 0x00, 0x00, 0x00, 0x00, 0x00, 0x00, 0x00, 
    0x00, 0x00, 0x00, 0x00, 0x00, 0x00, 0x00, 0x00, 0x00, 0x00, 0x00, 0x00, 0x00, 0x00, 0x00, 0x00, 
    0x00, 0x00, 0x00, 0x00, 0x00, 0x00, 0x00, 0x00, 0x00, 0x1F, 0x00, 0x07, 0xE0, 0x00, 0xF8, 0x00, 
    0x00, 0x1F, 0x00, 0x03, 0xC0, 0x00, 0xF8, 0x00, 0x00, 0x00, 0x00, 0x00, 0x00, 0x00, 0x00, 0x00, 
    0x00, 0x00, 0x00, 0x00, 0x00, 0x00, 0x00, 0x00, 0x00, 0x00, 0x00, 0x00, 0x00, 0x00, 0x00, 0x00, 
    0x00, 0x00, 0x00, 0x00, 0x00, 0x00, 0x00, 0x00, 0x00, 0x00, 0x00, 0x00, 0x00, 0x00, 0x00, 0x00, 
    0x00, 0x00, 0x00, 0x00, 0x00, 0x00, 0x00, 0x00, 0x00, 0x00, 0x00, 0x00, 0x00, 0x00, 0x00, 0x00, 
    0x00, 0x00, 0x00, 0x00, 0x00, 0x00, 0x00, 0x00, 0x00, 0x00, 0x00, 0x00, 0x00, 0x00, 0x00, 0x00, 
    0x00, 0x00, 0x00, 0x00, 0x00, 0x00, 0x00, 0x00, 0x00, 0x00, 0x00, 0x00, 0x00, 0x00, 0x00, 0x00, 
      },
  {
    0x00, 0x00, 0x00, 0x00, 0x00, 0x00, 0x00, 0x00, 0x00, 0x00, 0x00, 0x00, 0x00, 0x00, 0x00, 0x00, 
    0x00, 0x00, 0x00, 0x00, 0x00, 0x00, 0x00, 0x00, 0x00, 0x00, 0x00, 0x00, 0x00, 0x00, 0x00, 0x00, 
    0x00, 0x00, 0x00, 0x00, 0x00, 0x00, 0x00, 0x00, 0x00, 0x00, 0x00, 0x00, 0x00, 0x00, 0x00, 0x00, 
    0x00, 0x00, 0x00, 0x00, 0x00, 0x00, 0x00, 0x00, 0x00, 0x00, 0x00, 0x00, 0x00, 0x00, 0x00, 0x00, 
    0x00, 0x00, 0x00, 0x00, 0x00, 0x00, 0x00, 0x00, 0x00, 0x00, 0x00, 0x00, 0x00, 0x00, 0x00, 0x00, 
    0x00, 0x00, 0x00, 0x00, 0x00, 0x00, 0x00, 0x00, 0x00, 0x00, 0x00, 0x00, 0x00, 0x00, 0x00, 0x00, 
    0x00, 0x00, 0x00, 0x00, 0x00, 0x00, 0x00, 0x00, 0x00, 0x00, 0x00, 0x00, 0x00, 0x00, 0x00, 0x00, 
    0x00, 0x00, 0x00, 0x00, 0x00, 0x00, 0x20, 0x00, 0x00, 0x0E, 0x00, 0x00, 0x00, 0x03, 0xFE, 0x00, 
    0x00, 0x7F, 0xC0, 0x00, 0x00, 0x07, 0xFF, 0x00, 0x00, 0xFF, 0xF0, 0x00, 0x00, 0x0E, 0x07, 0x80, 
    0x01, 0xC0, 0x70, 0x00, 0x00, 0x0C, 0x01, 0x80, 0x01, 0x80, 0x30, 0x07, 0xE0, 0x0C, 0x03, 0x80, 
    0x01, 0xC0, 0x30, 0x1F, 0xF8, 0x0F, 0x0F, 0x80, 0x01, 0xF1, 0xF0, 0x3F, 0xFC, 0x0F, 0xFF, 0x80, 
    0x01, 0xFF, 0xF0, 0x70, 0x0E, 0x0D, 0xFD, 0x80, 0x01, 0x9F, 0xB0, 0x70, 0x0E, 0x0C, 0x01, 0x80, 
    0x01, 0x80, 0x30, 0x70, 0x0E, 0x0C, 0x01, 0x80, 0x01, 0x80, 0x30, 0x7F, 0xFE, 0x0C, 0x01, 0x80, 
    0x01, 0x80, 0x30, 0x7F, 0xFE, 0x0C, 0x01, 0x80, 0x01, 0x80, 0x30, 0x77, 0xEE, 0x0C, 0x01, 0x80, 
    0x01, 0x80, 0x30, 0x70, 0x0E, 0x0C, 0x01, 0x80, 0x01, 0x80, 0x30, 0x70, 0x0E, 0x0C, 0x01, 0x80, 
    0x01, 0x80, 0x30, 0x70, 0x0E, 0x0C, 0x01, 0x80, 0x01, 0x80, 0x30, 0x70, 0x0E, 0x0C, 0x01, 0x80, 
    0x01, 0x80, 0x30, 0x70, 0x0E, 0x0C, 0x01, 0x80, 0x01, 0x80, 0x30, 0x70, 0x0E, 0x0C, 0x01, 0x80, 
    0x01, 0x80, 0x30, 0x70, 0x0E, 0x0C, 0x01, 0x80, 0x01, 0x80, 0x30, 0x70, 0x0E, 0x0C, 0x01, 0x80, 
    0x01, 0x80, 0x30, 0x70, 0x0E, 0x0C, 0x01, 0x80, 0x01, 0x80, 0x30, 0x70, 0x0E, 0x0C, 0x01, 0x80, 
    0x01, 0x80, 0x30, 0x70, 0x0E, 0x0C, 0x01, 0x80, 0x01, 0x80, 0x30, 0x70, 0x0E, 0x0C, 0x01, 0x80, 
    0x01, 0x80, 0x30, 0x70, 0x0E, 0x0C, 0x01, 0x80, 0x01, 0x80, 0x30, 0x70, 0x0E, 0x0C, 0x01, 0x80, 
    0x01, 0x80, 0x30, 0x70, 0x0E, 0x0C, 0x01, 0x80, 0x01, 0xC0, 0x30, 0x70, 0x0E, 0x0C, 0x03, 0x80, 
    0x01, 0xE0, 0x70, 0x38, 0x1C, 0x0E, 0x07, 0x80, 0x00, 0xFF, 0xE0, 0x3F, 0xFC, 0x07, 0xFF, 0x00, 
    0x00, 0x3F, 0xC0, 0x0F, 0xF0, 0x03, 0xFC, 0x00, 0x00, 0x00, 0x00, 0x00, 0x00, 0x00, 0x00, 0x00, 
    0x00, 0x00, 0x00, 0x00, 0x00, 0x00, 0x00, 0x00, 0x00, 0x00, 0x00, 0x00, 0x00, 0x00, 0x00, 0x00, 
    0x00, 0x00, 0x00, 0x00, 0x00, 0x00, 0x00, 0x00, 0x00, 0x1F, 0x00, 0x07, 0xE0, 0x00, 0xF8, 0x00, 
    0x00, 0x1F, 0x00, 0x03, 0xC0, 0x00, 0xF8, 0x00, 0x00, 0x00, 0x00, 0x00, 0x00, 0x00, 0x00, 0x00, 
    0x00, 0x00, 0x00, 0x00, 0x00, 0x00, 0x00, 0x00, 0x00, 0x00, 0x00, 0x00, 0x00, 0x00, 0x00, 0x00, 
    0x00, 0x00, 0x00, 0x00, 0x00, 0x00, 0x00, 0x00, 0x00, 0x00, 0x00, 0x00, 0x00, 0x00, 0x00, 0x00, 
    0x00, 0x00, 0x00, 0x00, 0x00, 0x00, 0x00, 0x00, 0x00, 0x00, 0x00, 0x00, 0x00, 0x00, 0x00, 0x00, 
    0x00, 0x00, 0x00, 0x00, 0x00, 0x00, 0x00, 0x00, 0x00, 0x00, 0x00, 0x00, 0x00, 0x00, 0x00, 0x00, 
    0x00, 0x00, 0x00, 0x00, 0x00, 0x00, 0x00, 0x00, 0x00, 0x00, 0x00, 0x00, 0x00, 0x00, 0x00, 0x00, 
      },
  {
    0x00, 0x00, 0x00, 0x00, 0x00, 0x00, 0x00, 0x00, 0x00, 0x00, 0x00, 0x00, 0x00, 0x00, 0x00, 0x00, 
    0x00, 0x00, 0x00, 0x00, 0x00, 0x00, 0x00, 0x00, 0x00, 0x00, 0x00, 0x00, 0x00, 0x00, 0x00, 0x00, 
    0x00, 0x00, 0x00, 0x00, 0x00, 0x00, 0x00, 0x00, 0x00, 0x00, 0x00, 0x00, 0x00, 0x00, 0x00, 0x00, 
    0x00, 0x00, 0x00, 0x00, 0x00, 0x00, 0x00, 0x00, 0x00, 0x00, 0x00, 0x00, 0x00, 0x00, 0x00, 0x00, 
    0x00, 0x00, 0x00, 0x00, 0x00, 0x00, 0x00, 0x00, 0x00, 0x00, 0x00, 0x00, 0x00, 0x00, 0x00, 0x00, 
    0x00, 0x00, 0x00, 0x00, 0x00, 0x00, 0x00, 0x00, 0x00, 0x00, 0x00, 0x00, 0x00, 0x00, 0x00, 0x00, 
    0x00, 0x00, 0x00, 0x00, 0x00, 0x00, 0x00, 0x00, 0x00, 0x00, 0x00, 0x00, 0x00, 0x00, 0x70, 0x00, 
    0x00, 0x00, 0x00, 0x00, 0x00, 0x03, 0xFE, 0x00, 0x00, 0x00, 0x00, 0x00, 0x00, 0x0F, 0xFF, 0x00, 
    0x00, 0x00, 0x00, 0x00, 0x00, 0x0E, 0x03, 0x80, 0x00, 0x00, 0x00, 0x00, 0x00, 0x0C, 0x01, 0x80, 
    0x00, 0x3F, 0xC0, 0x00, 0x00, 0x0C, 0x03, 0x80, 0x00, 0xFF, 0xE0, 0x07, 0xE0, 0x0F, 0x8F, 0x80, 
    0x01, 0xE0, 0x70, 0x1F, 0xF8, 0x0F, 0xFF, 0x80, 0x01, 0xC0, 0x30, 0x3E, 0x7C, 0x0D, 0xF9, 0x80, 
    0x01, 0xC0, 0x30, 0x70, 0x0E, 0x0C, 0x01, 0x80, 0x01, 0xE0, 0xF0, 0x70, 0x0E, 0x0C, 0x01, 0x80, 
    0x01, 0xFF, 0xF0, 0x78, 0x1E, 0x0C, 0x01, 0x80, 0x01, 0xFF, 0xF0, 0x7F, 0xFE, 0x0C, 0x01, 0x80, 
    0x01, 0x80, 0x30, 0x7F, 0xFE, 0x0C, 0x01, 0x80, 0x01, 0x80, 0x30, 0x73, 0xCE, 0x0C, 0x01, 0x80, 
    0x01, 0x80, 0x30, 0x70, 0x0E, 0x0C, 0x01, 0x80, 0x01, 0x80, 0x30, 0x70, 0x0E, 0x0C, 0x01, 0x80, 
    0x01, 0x80, 0x30, 0x70, 0x0E, 0x0C, 0x01, 0x80, 0x01, 0x80, 0x30, 0x70, 0x0E, 0x0C, 0x01, 0x80, 
    0x01, 0x80, 0x30, 0x70, 0x0E, 0x0C, 0x01, 0x80, 0x01, 0x80, 0x30, 0x70, 0x0E, 0x0C, 0x01, 0x80, 
    0x01, 0x80, 0x30, 0x70, 0x0E, 0x0C, 0x01, 0x80, 0x01, 0x80, 0x30, 0x70, 0x0E, 0x0C, 0x01, 0x80, 
    0x01, 0x80, 0x30, 0x70, 0x0E, 0x0C, 0x01, 0x80, 0x01, 0x80, 0x30, 0x70, 0x0E, 0x0C, 0x01, 0x80, 
    0x01, 0x80, 0x30, 0x70, 0x0E, 0x0C, 0x01, 0x80, 0x01, 0x80, 0x30, 0x70, 0x0E, 0x0C, 0x01, 0x80, 
    0x01, 0x80, 0x30, 0x70, 0x0E, 0x0C, 0x01, 0x80, 0x01, 0x80, 0x30, 0x70, 0x0E, 0x0C, 0x01, 0x80, 
    0x01, 0x80, 0x30, 0x70, 0x0E, 0x0C, 0x01, 0x80, 0x01, 0xC0, 0x30, 0x70, 0x0E, 0x0C, 0x03, 0x80, 
    0x01, 0xE0, 0x70, 0x38, 0x1C, 0x0E, 0x07, 0x80, 0x00, 0xFF, 0xE0, 0x3F, 0xFC, 0x07, 0xFF, 0x00, 
    0x00, 0x3F, 0xC0, 0x0F, 0xF0, 0x03, 0xFC, 0x00, 0x00, 0x00, 0x00, 0x00, 0x00, 0x00, 0x00, 0x00, 
    0x00, 0x00, 0x00, 0x00, 0x00, 0x00, 0x00, 0x00, 0x00, 0x00, 0x00, 0x00, 0x00, 0x00, 0x00, 0x00, 
    0x00, 0x00, 0x00, 0x00, 0x00, 0x00, 0x00, 0x00, 0x00, 0x1F, 0x00, 0x07, 0xE0, 0x00, 0xF8, 0x00, 
    0x00, 0x1F, 0x00, 0x03, 0xC0, 0x00, 0xF8, 0x00, 0x00, 0x00, 0x00, 0x00, 0x00, 0x00, 0x00, 0x00, 
    0x00, 0x00, 0x00, 0x00, 0x00, 0x00, 0x00, 0x00, 0x00, 0x00, 0x00, 0x00, 0x00, 0x00, 0x00, 0x00, 
    0x00, 0x00, 0x00, 0x00, 0x00, 0x00, 0x00, 0x00, 0x00, 0x00, 0x00, 0x00, 0x00, 0x00, 0x00, 0x00, 
    0x00, 0x00, 0x00, 0x00, 0x00, 0x00, 0x00, 0x00, 0x00, 0x00, 0x00, 0x00, 0x00, 0x00, 0x00, 0x00, 
    0x00, 0x00, 0x00, 0x00, 0x00, 0x00, 0x00, 0x00, 0x00, 0x00, 0x00, 0x00, 0x00, 0x00, 0x00, 0x00, 
    0x00, 0x00, 0x00, 0x00, 0x00, 0x00, 0x00, 0x00, 0x00, 0x00, 0x00, 0x00, 0x00, 0x00, 0x00, 0x00, 
      },
  {
    0x00, 0x00, 0x00, 0x00, 0x00, 0x00, 0x00, 0x00, 0x00, 0x00, 0x00, 0x00, 0x00, 0x00, 0x00, 0x00, 
    0x00, 0x00, 0x00, 0x00, 0x00, 0x00, 0x00, 0x00, 0x00, 0x00, 0x00, 0x00, 0x00, 0x00, 0x00, 0x00, 
    0x00, 0x00, 0x00, 0x00, 0x00, 0x00, 0x00, 0x00, 0x00, 0x00, 0x00, 0x00, 0x00, 0x00, 0x00, 0x00, 
    0x00, 0x00, 0x00, 0x00, 0x00, 0x00, 0x00, 0x00, 0x00, 0x00, 0x00, 0x00, 0x00, 0x00, 0x00, 0x00, 
    0x00, 0x00, 0x00, 0x00, 0x00, 0x00, 0x00, 0x00, 0x00, 0x00, 0x00, 0x00, 0x00, 0x00, 0x00, 0x00, 
    0x00, 0x00, 0x00, 0x00, 0x00, 0x00, 0x00, 0x00, 0x00, 0x00, 0x00, 0x00, 0x00, 0x00, 0xF0, 0x00, 
    0x00, 0x00, 0x00, 0x00, 0x00, 0x03, 0xFE, 0x00, 0x00, 0x00, 0x00, 0x00, 0x00, 0x0F, 0xFF, 0x00, 
    0x00, 0x00, 0x00, 0x00, 0x00, 0x0E, 0x03, 0x80, 0x00, 0x00, 0x00, 0x00, 0x00, 0x0C, 0x01, 0x80, 
    0x00, 0x00, 0x00, 0x00, 0x00, 0x0E, 0x03, 0x80, 0x00, 0x00, 0x00, 0x00, 0x00, 0x0F, 0x8F, 0x80, 
    0x00, 0x00, 0x00, 0x00, 0x00, 0x0F, 0xFF, 0x80, 0x00, 0x00, 0x00, 0x07, 0xE0, 0x0D, 0xF9, 0x80, 
    0x00, 0x00, 0x00, 0x1F, 0xF8, 0x0C, 0x01, 0x80, 0x00, 0x00, 0x00, 0x3C, 0x3C, 0x0C, 0x01, 0x80, 
    0x00, 0x00, 0x00, 0x70, 0x0E, 0x0C, 0x01, 0x80, 0x00, 0x0E, 0x00, 0x70, 0x0E, 0x0C, 0x01, 0x80, 
    0x00, 0x7F, 0xC0, 0x78, 0x1E, 0x0C, 0x01, 0x80, 0x00, 0xFF, 0xE0, 0x7F, 0xFE, 0x0C, 0x01, 0x80, 
    0x01, 0xE0, 0x70, 0x7F, 0xFE, 0x0C, 0x01, 0x80, 0x01, 0x80, 0x30, 0x73, 0xCE, 0x0C, 0x01, 0x80, 
    0x01, 0xC0, 0x30, 0x70, 0x0E, 0x0C, 0x01, 0x80, 0x01, 0xF0, 0xF0, 0x70, 0x0E, 0x0C, 0x01, 0x80, 
    0x01, 0xFF, 0xF0, 0x70, 0x0E, 0x0C, 0x01, 0x80, 0x01, 0xBF, 0xB0, 0x70, 0x0E, 0x0C, 0x01, 0x80, 
    0x01, 0x80, 0x30, 0x70, 0x0E, 0x0C, 0x01, 0x80, 0x01, 0x80, 0x30, 0x70, 0x0E, 0x0C, 0x01, 0x80, 
    0x01, 0x80, 0x30, 0x70, 0x0E, 0x0C, 0x01, 0x80, 0x01, 0x80, 0x30, 0x70, 0x0E, 0x0C, 0x01, 0x80, 
    0x01, 0x80, 0x30, 0x70, 0x0E, 0x0C, 0x01, 0x80, 0x01, 0x80, 0x30, 0x70, 0x0E, 0x0C, 0x01, 0x80, 
    0x01, 0x80, 0x30, 0x70, 0x0E, 0x0C, 0x01, 0x80, 0x01, 0x80, 0x30, 0x70, 0x0E, 0x0C, 0x01, 0x80, 
    0x01, 0x80, 0x30, 0x70, 0x0E, 0x0C, 0x01, 0x80, 0x01, 0x80, 0x30, 0x70, 0x0E, 0x0C, 0x01, 0x80, 
    0x01, 0x80, 0x30, 0x70, 0x0E, 0x0C, 0x01, 0x80, 0x01, 0xC0, 0x30, 0x70, 0x0E, 0x0C, 0x03, 0x80, 
    0x01, 0xE0, 0x70, 0x38, 0x1C, 0x0E, 0x07, 0x80, 0x00, 0xFF, 0xE0, 0x3F, 0xFC, 0x07, 0xFF, 0x00, 
    0x00, 0x3F, 0xC0, 0x0F, 0xF0, 0x03, 0xFC, 0x00, 0x00, 0x00, 0x00, 0x00, 0x00, 0x00, 0x00, 0x00, 
    0x00, 0x00, 0x00, 0x00, 0x00, 0x00, 0x00, 0x00, 0x00, 0x00, 0x00, 0x00, 0x00, 0x00, 0x00, 0x00, 
    0x00, 0x00, 0x00, 0x00, 0x00, 0x00, 0x00, 0x00, 0x00, 0x1F, 0x00, 0x07, 0xE0, 0x00, 0xF8, 0x00, 
    0x00, 0x1F, 0x00, 0x03, 0xC0, 0x00, 0xF8, 0x00, 0x00, 0x00, 0x00, 0x00, 0x00, 0x00, 0x00, 0x00, 
    0x00, 0x00, 0x00, 0x00, 0x00, 0x00, 0x00, 0x00, 0x00, 0x00, 0x00, 0x00, 0x00, 0x00, 0x00, 0x00, 
    0x00, 0x00, 0x00, 0x00, 0x00, 0x00, 0x00, 0x00, 0x00, 0x00, 0x00, 0x00, 0x00, 0x00, 0x00, 0x00, 
    0x00, 0x00, 0x00, 0x00, 0x00, 0x00, 0x00, 0x00, 0x00, 0x00, 0x00, 0x00, 0x00, 0x00, 0x00, 0x00, 
    0x00, 0x00, 0x00, 0x00, 0x00, 0x00, 0x00, 0x00, 0x00, 0x00, 0x00, 0x00, 0x00, 0x00, 0x00, 0x00, 
    0x00, 0x00, 0x00, 0x00, 0x00, 0x00, 0x00, 0x00, 0x00, 0x00, 0x00, 0x00, 0x00, 0x00, 0x00, 0x00, 
      },
  {
    0x00, 0x00, 0x00, 0x00, 0x00, 0x00, 0x00, 0x00, 0x00, 0x00, 0x00, 0x00, 0x00, 0x00, 0x00, 0x00, 
    0x00, 0x00, 0x00, 0x00, 0x00, 0x00, 0x00, 0x00, 0x00, 0x00, 0x00, 0x00, 0x00, 0x00, 0x00, 0x00, 
    0x00, 0x00, 0x00, 0x00, 0x00, 0x00, 0x00, 0x00, 0x00, 0x00, 0x00, 0x00, 0x00, 0x00, 0x00, 0x00, 
    0x00, 0x00, 0x00, 0x00, 0x00, 0x00, 0x00, 0x00, 0x00, 0x00, 0x00, 0x00, 0x00, 0x00, 0x00, 0x00, 
    0x00, 0x00, 0x00, 0x00, 0x00, 0x00, 0x00, 0x00, 0x00, 0x00, 0x00, 0x00, 0x00, 0x00, 0x00, 0x00, 
    0x00, 0x00, 0x00, 0x00, 0x00, 0x00, 0x00, 0x00, 0x00, 0x00, 0x00, 0x00, 0x00, 0x00, 0xF8, 0x00, 
    0x00, 0x00, 0x00, 0x00, 0x00, 0x07, 0xFE, 0x00, 0x00, 0x00, 0x00, 0x00, 0x00, 0x0F, 0xFF, 0x00, 
    0x00, 0x00, 0x00, 0x00, 0x00, 0x0E, 0x03, 0x80, 0x00, 0x00, 0x00, 0x00, 0x00, 0x0C, 0x01, 0x80, 
    0x00, 0x00, 0x00, 0x00, 0x00, 0x0E, 0x03, 0x80, 0x00, 0x00, 0x00, 0x00, 0x00, 0x0F, 0xFF, 0x80, 
    0x00, 0x00, 0x00, 0x00, 0x00, 0x0F, 0xFF, 0x80, 0x00, 0x00, 0x00, 0x07, 0xE0, 0x0D, 0xF9, 0x80, 
    0x00, 0x00, 0x00, 0x1F, 0xF8, 0x0C, 0x01, 0x80, 0x00, 0x00, 0x00, 0x3C, 0x3C, 0x0C, 0x01, 0x80, 
    0x00, 0x00, 0x00, 0x70, 0x0E, 0x0C, 0x01, 0x80, 0x00, 0x00, 0x00, 0x70, 0x0E, 0x0C, 0x01, 0x80, 
    0x00, 0x3F, 0x80, 0x78, 0x1E, 0x0C, 0x01, 0x80, 0x00, 0xFF, 0xE0, 0x7F, 0xFE, 0x0C, 0x01, 0x80, 
    0x01, 0xE0, 0xF0, 0x7F, 0xFE, 0x0C, 0x01, 0x80, 0x01, 0xC0, 0x30, 0x73, 0xCE, 0x0C, 0x01, 0x80, 
    0x01, 0x80, 0x30, 0x70, 0x0E, 0x0C, 0x01, 0x80, 0x01, 0xE0, 0x70, 0x70, 0x0E, 0x0C, 0x01, 0x80, 
    0x01, 0xFF, 0xF0, 0x70, 0x0E, 0x0C, 0x01, 0x80, 0x01, 0xFF, 0xF0, 0x70, 0x0E, 0x0C, 0x01, 0x80, 
    0x01, 0x80, 0x30, 0x70, 0x0E, 0x0C, 0x01, 0x80, 0x01, 0x80, 0x30, 0x70, 0x0E, 0x0C, 0x01, 0x80, 
    0x01, 0x80, 0x30, 0x70, 0x0E, 0x0C, 0x01, 0x80, 0x01, 0x80, 0x30, 0x70, 0x0E, 0x0C, 0x01, 0x80, 
    0x01, 0x80, 0x30, 0x70, 0x0E, 0x0C, 0x01, 0x80, 0x01, 0x80, 0x30, 0x70, 0x0E, 0x0C, 0x01, 0x80, 
    0x01, 0x80, 0x30, 0x70, 0x0E, 0x0C, 0x01, 0x80, 0x01, 0x80, 0x30, 0x70, 0x0E, 0x0C, 0x01, 0x80, 
    0x01, 0x80, 0x30, 0x70, 0x0E, 0x0C, 0x01, 0x80, 0x01, 0x80, 0x30, 0x70, 0x0E, 0x0C, 0x01, 0x80, 
    0x01, 0x80, 0x30, 0x70, 0x0E, 0x0C, 0x01, 0x80, 0x01, 0xC0, 0x30, 0x70, 0x0E, 0x0C, 0x03, 0x80, 
    0x01, 0xE0, 0x70, 0x38, 0x1C, 0x0E, 0x07, 0x80, 0x00, 0xFF, 0xE0, 0x3F, 0xFC, 0x07, 0xFF, 0x00, 
    0x00, 0x3F, 0xC0, 0x0F, 0xF0, 0x03, 0xFC, 0x00, 0x00, 0x00, 0x00, 0x00, 0x00, 0x00, 0x00, 0x00, 
    0x00, 0x00, 0x00, 0x00, 0x00, 0x00, 0x00, 0x00, 0x00, 0x00, 0x00, 0x00, 0x00, 0x00, 0x00, 0x00, 
    0x00, 0x00, 0x00, 0x00, 0x00, 0x00, 0x00, 0x00, 0x00, 0x1F, 0x00, 0x07, 0xE0, 0x00, 0xF8, 0x00, 
    0x00, 0x1F, 0x00, 0x03, 0xC0, 0x00, 0xF8, 0x00, 0x00, 0x00, 0x00, 0x00, 0x00, 0x00, 0x00, 0x00, 
    0x00, 0x00, 0x00, 0x00, 0x00, 0x00, 0x00, 0x00, 0x00, 0x00, 0x00, 0x00, 0x00, 0x00, 0x00, 0x00, 
    0x00, 0x00, 0x00, 0x00, 0x00, 0x00, 0x00, 0x00, 0x00, 0x00, 0x00, 0x00, 0x00, 0x00, 0x00, 0x00, 
    0x00, 0x00, 0x00, 0x00, 0x00, 0x00, 0x00, 0x00, 0x00, 0x00, 0x00, 0x00, 0x00, 0x00, 0x00, 0x00, 
    0x00, 0x00, 0x00, 0x00, 0x00, 0x00, 0x00, 0x00, 0x00, 0x00, 0x00, 0x00, 0x00, 0x00, 0x00, 0x00, 
    0x00, 0x00, 0x00, 0x00, 0x00, 0x00, 0x00, 0x00, 0x00, 0x00, 0x00, 0x00, 0x00, 0x00, 0x00, 0x00, 
      },
  {
    0x00, 0x00, 0x00, 0x00, 0x00, 0x00, 0x00, 0x00, 0x00, 0x00, 0x00, 0x00, 0x00, 0x00, 0x00, 0x00, 
    0x00, 0x00, 0x00, 0x00, 0x00, 0x00, 0x00, 0x00, 0x00, 0x00, 0x00, 0x00, 0x00, 0x00, 0x00, 0x00, 
    0x00, 0x00, 0x00, 0x00, 0x00, 0x00, 0x00, 0x00, 0x00, 0x00, 0x00, 0x00, 0x00, 0x00, 0x00, 0x00, 
    0x00, 0x00, 0x00, 0x00, 0x00, 0x00, 0x00, 0x00, 0x00, 0x00, 0x00, 0x00, 0x00, 0x00, 0x00, 0x00, 
    0x00, 0x00, 0x00, 0x00, 0x00, 0x00, 0x00, 0x00, 0x00, 0x00, 0x00, 0x00, 0x00, 0x00, 0x00, 0x00, 
    0x00, 0x00, 0x00, 0x00, 0x00, 0x00, 0x00, 0x00, 0x00, 0x00, 0x00, 0x00, 0x00, 0x01, 0xF8, 0x00, 
    0x00, 0x00, 0x00, 0x00, 0x00, 0x07, 0xFE, 0x00, 0x00, 0x00, 0x00, 0x00, 0x00, 0x0F, 0x8F, 0x00, 
    0x00, 0x00, 0x00, 0x00, 0x00, 0x0E, 0x03, 0x80, 0x00, 0x00, 0x00, 0x00, 0x00, 0x0C, 0x01, 0x80, 
    0x00, 0x00, 0x00, 0x00, 0x00, 0x0E, 0x03, 0x80, 0x00, 0x00, 0x00, 0x00, 0x00, 0x0F, 0xFF, 0x80, 
    0x00, 0x00, 0x00, 0x00, 0x00, 0x0F, 0xFF, 0x80, 0x00, 0x00, 0x00, 0x07, 0xE0, 0x0C, 0xF1, 0x80, 
    0x00, 0x00, 0x00, 0x1F, 0xF8, 0x0C, 0x01, 0x80, 0x00, 0x00, 0x00, 0x3C, 0x3C, 0x0C, 0x01, 0x80, 
    0x00, 0x00, 0x00, 0x70, 0x0E, 0x0C, 0x01, 0x80, 0x00, 0x00, 0x00, 0x70, 0x0E, 0x0C, 0x01, 0x80, 
    0x00, 0x00, 0x00, 0x78, 0x1E, 0x0C, 0x01, 0x80, 0x00, 0x00, 0x00, 0x7F, 0xFE, 0x0C, 0x01, 0x80, 
    0x00, 0x3F, 0xC0, 0x7F, 0xFE, 0x0C, 0x01, 0x80, 0x00, 0xFF, 0xE0, 0x73, 0xCE, 0x0C, 0x01, 0x80, 
    0x01, 0xE0, 0xF0, 0x70, 0x0E, 0x0C, 0x01, 0x80, 0x01, 0xC0, 0x30, 0x70, 0x0E, 0x0C, 0x01, 0x80, 
    0x01, 0xC0, 0x30, 0x70, 0x0E, 0x0C, 0x01, 0x80, 0x01, 0xE0, 0xF0, 0x70, 0x0E, 0x0C, 0x01, 0x80, 
    0x01, 0xFF, 0xF0, 0x70, 0x0E, 0x0C, 0x01, 0x80, 0x01, 0xFF, 0xF0, 0x70, 0x0E, 0x0C, 0x01, 0x80, 
    0x01, 0x80, 0x30, 0x70, 0x0E, 0x0C, 0x01, 0x80, 0x01, 0x80, 0x30, 0x70, 0x0E, 0x0C, 0x01, 0x80, 
    0x01, 0x80, 0x30, 0x70, 0x0E, 0x0C, 0x01, 0x80, 0x01, 0x80, 0x30, 0x70, 0x0E, 0x0C, 0x01, 0x80, 
    0x01, 0x80, 0x30, 0x70, 0x0E, 0x0C, 0x01, 0x80, 0x01, 0x80, 0x30, 0x70, 0x0E, 0x0C, 0x01, 0x80, 
    0x01, 0x80, 0x30, 0x70, 0x0E, 0x0C, 0x01, 0x80, 0x01, 0x80, 0x30, 0x70, 0x0E, 0x0C, 0x01, 0x80, 
    0x01, 0x80, 0x30, 0x70, 0x0E, 0x0C, 0x01, 0x80, 0x01, 0xC0, 0x30, 0x70, 0x0E, 0x0C, 0x03, 0x80, 
    0x01, 0xE0, 0x70, 0x38, 0x1C, 0x0E, 0x07, 0x80, 0x00, 0xFF, 0xE0, 0x3F, 0xFC, 0x07, 0xFF, 0x00, 
    0x00, 0x3F, 0xC0, 0x0F, 0xF0, 0x03, 0xFC, 0x00, 0x00, 0x00, 0x00, 0x00, 0x00, 0x00, 0x00, 0x00, 
    0x00, 0x00, 0x00, 0x00, 0x00, 0x00, 0x00, 0x00, 0x00, 0x00, 0x00, 0x00, 0x00, 0x00, 0x00, 0x00, 
    0x00, 0x00, 0x00, 0x00, 0x00, 0x00, 0x00, 0x00, 0x00, 0x1F, 0x00, 0x07, 0xE0, 0x00, 0xF8, 0x00, 
    0x00, 0x1F, 0x00, 0x03, 0xC0, 0x00, 0xF8, 0x00, 0x00, 0x00, 0x00, 0x00, 0x00, 0x00, 0x00, 0x00, 
    0x00, 0x00, 0x00, 0x00, 0x00, 0x00, 0x00, 0x00, 0x00, 0x00, 0x00, 0x00, 0x00, 0x00, 0x00, 0x00, 
    0x00, 0x00, 0x00, 0x00, 0x00, 0x00, 0x00, 0x00, 0x00, 0x00, 0x00, 0x00, 0x00, 0x00, 0x00, 0x00, 
    0x00, 0x00, 0x00, 0x00, 0x00, 0x00, 0x00, 0x00, 0x00, 0x00, 0x00, 0x00, 0x00, 0x00, 0x00, 0x00, 
    0x00, 0x00, 0x00, 0x00, 0x00, 0x00, 0x00, 0x00, 0x00, 0x00, 0x00, 0x00, 0x00, 0x00, 0x00, 0x00, 
    0x00, 0x00, 0x00, 0x00, 0x00, 0x00, 0x00, 0x00, 0x00, 0x00, 0x00, 0x00, 0x00, 0x00, 0x00, 0x00, 
      },
  {
    0x00, 0x00, 0x00, 0x00, 0x00, 0x00, 0x00, 0x00, 0x00, 0x00, 0x00, 0x00, 0x00, 0x00, 0x00, 0x00, 
    0x00, 0x00, 0x00, 0x00, 0x00, 0x00, 0x00, 0x00, 0x00, 0x00, 0x00, 0x00, 0x00, 0x00, 0x00, 0x00, 
    0x00, 0x00, 0x00, 0x00, 0x00, 0x00, 0x00, 0x00, 0x00, 0x00, 0x00, 0x00, 0x00, 0x00, 0x00, 0x00, 
    0x00, 0x00, 0x00, 0x00, 0x00, 0x00, 0x00, 0x00, 0x00, 0x00, 0x00, 0x00, 0x00, 0x00, 0x00, 0x00, 
    0x00, 0x00, 0x00, 0x00, 0x00, 0x00, 0x00, 0x00, 0x00, 0x00, 0x00, 0x00, 0x00, 0x00, 0x00, 0x00, 
    0x00, 0x00, 0x00, 0x00, 0x00, 0x00, 0x00, 0x00, 0x00, 0x00, 0x00, 0x00, 0x00, 0x01, 0xF8, 0x00, 
    0x00, 0x00, 0x00, 0x00, 0x00, 0x07, 0xFE, 0x00, 0x00, 0x00, 0x00, 0x00, 0x00, 0x0F, 0x8F, 0x00, 
    0x00, 0x00, 0x00, 0x00, 0x00, 0x0E, 0x03, 0x80, 0x00, 0x00, 0x00, 0x00, 0x00, 0x0C, 0x01, 0x80, 
    0x00, 0x00, 0x00, 0x00, 0x00, 0x0E, 0x03, 0x80, 0x00, 0x00, 0x00, 0x00, 0x00, 0x0F, 0xFF, 0x80, 
    0x00, 0x00, 0x00, 0x00, 0x00, 0x0F, 0xFF, 0x80, 0x00, 0x00, 0x00, 0x07, 0xE0, 0x0C, 0xF1, 0x80, 
    0x00, 0x00, 0x00, 0x1F, 0xF8, 0x0C, 0x01, 0x80, 0x00, 0x00, 0x00, 0x3C, 0x3C, 0x0C, 0x01, 0x80, 
    0x00, 0x00, 0x00, 0x70, 0x0E, 0x0C, 0x01, 0x80, 0x00, 0x00, 0x00, 0x70, 0x0E, 0x0C, 0x01, 0x80, 
    0x00, 0x00, 0x00, 0x78, 0x1E, 0x0C, 0x01, 0x80, 0x00, 0x00, 0x00, 0x7F, 0xFE, 0x0C, 0x01, 0x80, 
    0x00, 0x00, 0x00, 0x7F, 0xFE, 0x0C, 0x01, 0x80, 0x00, 0x3F, 0x80, 0x73, 0xCE, 0x0C, 0x01, 0x80, 
    0x00, 0xFF, 0xE0, 0x70, 0x0E, 0x0C, 0x01, 0x80, 0x01, 0xE0, 0xF0, 0x70, 0x0E, 0x0C, 0x01, 0x80, 
    0x01, 0xC0, 0x30, 0x70, 0x0E, 0x0C, 0x01, 0x80, 0x01, 0x80, 0x30, 0x70, 0x0E, 0x0C, 0x01, 0x80, 
    0x01, 0xE0, 0x70, 0x70, 0x0E, 0x0C, 0x01, 0x80, 0x01, 0xFF, 0xF0, 0x70, 0x0E, 0x0C, 0x01, 0x80, 
    0x01, 0xFF, 0xF0, 0x70, 0x0E, 0x0C, 0x01, 0x80, 0x01, 0x84, 0x30, 0x70, 0x0E, 0x0C, 0x01, 0x80, 
    0x01, 0x80, 0x30, 0x70, 0x0E, 0x0C, 0x01, 0x80, 0x01, 0x80, 0x30, 0x70, 0x0E, 0x0C, 0x01, 0x80, 
    0x01, 0x80, 0x30, 0x70, 0x0E, 0x0C, 0x01, 0x80, 0x01, 0x80, 0x30, 0x70, 0x0E, 0x0C, 0x01, 0x80, 
    0x01, 0x80, 0x30, 0x70, 0x0E, 0x0C, 0x01, 0x80, 0x01, 0x80, 0x30, 0x70, 0x0E, 0x0C, 0x01, 0x80, 
    0x01, 0x80, 0x30, 0x70, 0x0E, 0x0C, 0x01, 0x80, 0x01, 0xC0, 0x30, 0x70, 0x0E, 0x0C, 0x03, 0x80, 
    0x01, 0xE0, 0x70, 0x38, 0x1C, 0x0E, 0x07, 0x80, 0x00, 0xFF, 0xE0, 0x3F, 0xFC, 0x07, 0xFF, 0x00, 
    0x00, 0x3F, 0xC0, 0x0F, 0xF0, 0x03, 0xFC, 0x00, 0x00, 0x00, 0x00, 0x00, 0x00, 0x00, 0x00, 0x00, 
    0x00, 0x00, 0x00, 0x00, 0x00, 0x00, 0x00, 0x00, 0x00, 0x00, 0x00, 0x00, 0x00, 0x00, 0x00, 0x00, 
    0x00, 0x00, 0x00, 0x00, 0x00, 0x00, 0x00, 0x00, 0x00, 0x1F, 0x00, 0x07, 0xE0, 0x00, 0xF8, 0x00, 
    0x00, 0x1F, 0x00, 0x03, 0xC0, 0x00, 0xF8, 0x00, 0x00, 0x00, 0x00, 0x00, 0x00, 0x00, 0x00, 0x00, 
    0x00, 0x00, 0x00, 0x00, 0x00, 0x00, 0x00, 0x00, 0x00, 0x00, 0x00, 0x00, 0x00, 0x00, 0x00, 0x00, 
    0x00, 0x00, 0x00, 0x00, 0x00, 0x00, 0x00, 0x00, 0x00, 0x00, 0x00, 0x00, 0x00, 0x00, 0x00, 0x00, 
    0x00, 0x00, 0x00, 0x00, 0x00, 0x00, 0x00, 0x00, 0x00, 0x00, 0x00, 0x00, 0x00, 0x00, 0x00, 0x00, 
    0x00, 0x00, 0x00, 0x00, 0x00, 0x00, 0x00, 0x00, 0x00, 0x00, 0x00, 0x00, 0x00, 0x00, 0x00, 0x00, 
    0x00, 0x00, 0x00, 0x00, 0x00, 0x00, 0x00, 0x00, 0x00, 0x00, 0x00, 0x00, 0x00, 0x00, 0x00, 0x00, 
      },
  {
    0x00, 0x00, 0x00, 0x00, 0x00, 0x00, 0x00, 0x00, 0x00, 0x00, 0x00, 0x00, 0x00, 0x00, 0x00, 0x00, 
    0x00, 0x00, 0x00, 0x00, 0x00, 0x00, 0x00, 0x00, 0x00, 0x00, 0x00, 0x00, 0x00, 0x00, 0x00, 0x00, 
    0x00, 0x00, 0x00, 0x00, 0x00, 0x00, 0x00, 0x00, 0x00, 0x00, 0x00, 0x00, 0x00, 0x00, 0x00, 0x00, 
    0x00, 0x00, 0x00, 0x00, 0x00, 0x00, 0x00, 0x00, 0x00, 0x00, 0x00, 0x00, 0x00, 0x00, 0x00, 0x00, 
    0x00, 0x00, 0x00, 0x00, 0x00, 0x00, 0x00, 0x00, 0x00, 0x00, 0x00, 0x00, 0x00, 0x00, 0x00, 0x00, 
    0x00, 0x00, 0x00, 0x00, 0x00, 0x00, 0x00, 0x00, 0x00, 0x00, 0x00, 0x00, 0x00, 0x01, 0xF8, 0x00, 
    0x00, 0x00, 0x00, 0x00, 0x00, 0x07, 0xFE, 0x00, 0x00, 0x00, 0x00, 0x00, 0x00, 0x0F, 0x8F, 0x00, 
    0x00, 0x00, 0x00, 0x00, 0x00, 0x0E, 0x03, 0x80, 0x00, 0x00, 0x00, 0x00, 0x00, 0x0C, 0x01, 0x80, 
    0x00, 0x00, 0x00, 0x00, 0x00, 0x0E, 0x03, 0x80, 0x00, 0x00, 0x00, 0x00, 0x00, 0x0F, 0xFF, 0x80, 
    0x00, 0x00, 0x00, 0x00, 0x00, 0x0F, 0xFF, 0x80, 0x00, 0x00, 0x00, 0x07, 0xE0, 0x0C, 0xF1, 0x80, 
    0x00, 0x00, 0x00, 0x1F, 0xF8, 0x0C, 0x01, 0x80, 0x00, 0x00, 0x00, 0x3C, 0x3C, 0x0C, 0x01, 0x80, 
    0x00, 0x00, 0x00, 0x70, 0x0E, 0x0C, 0x01, 0x80, 0x00, 0x00, 0x00, 0x70, 0x0E, 0x0C, 0x01, 0x80, 
    0x00, 0x00, 0x00, 0x78, 0x1E, 0x0C, 0x01, 0x80, 0x00, 0x00, 0x00, 0x7F, 0xFE, 0x0C, 0x01, 0x80, 
    0x00, 0x00, 0x00, 0x7F, 0xFE, 0x0C, 0x01, 0x80, 0x00, 0x3F, 0x80, 0x73, 0xCE, 0x0C, 0x01, 0x80, 
    0x00, 0xFF, 0xE0, 0x70, 0x0E, 0x0C, 0x01, 0x80, 0x00, 0xF0, 0xF0, 0x70, 0x0E, 0x0C, 0x01, 0x80, 
    0x01, 0xC0, 0x30, 0x70, 0x0E, 0x0C, 0x01, 0x80, 0x01, 0x80, 0x30, 0x70, 0x0E, 0x0C, 0x01, 0x80, 
    0x01, 0xE0, 0x70, 0x70, 0x0E, 0x0C, 0x01, 0x80, 0x01, 0xFF, 0xF0, 0x70, 0x0E, 0x0C, 0x01, 0x80, 
    0x01, 0xFF, 0xF0, 0x70, 0x0E, 0x0C, 0x01, 0x80, 0x01, 0x86, 0x30, 0x70, 0x0E, 0x0C, 0x01, 0x80, 
    0x01, 0x80, 0x30, 0x70, 0x0E, 0x0C, 0x01, 0x80, 0x01, 0x80, 0x30, 0x70, 0x0E, 0x0C, 0x01, 0x80, 
    0x01, 0x80, 0x30, 0x70, 0x0E, 0x0C, 0x01, 0x80, 0x01, 0x80, 0x30, 0x70, 0x0E, 0x0C, 0x01, 0x80, 
    0x01, 0x80, 0x30, 0x70, 0x0E, 0x0C, 0x01, 0x80, 0x01, 0x80, 0x30, 0x70, 0x0E, 0x0C, 0x01, 0x80, 
    0x01, 0x80, 0x30, 0x70, 0x0E, 0x0C, 0x01, 0x80, 0x01, 0xC0, 0x30, 0x70, 0x0E, 0x0C, 0x03, 0x80, 
    0x01, 0xE0, 0x70, 0x38, 0x1C, 0x0E, 0x07, 0x80, 0x00, 0xFF, 0xE0, 0x3F, 0xFC, 0x07, 0xFF, 0x00, 
    0x00, 0x3F, 0xC0, 0x0F, 0xF0, 0x03, 0xFC, 0x00, 0x00, 0x00, 0x00, 0x00, 0x00, 0x00, 0x00, 0x00, 
    0x00, 0x00, 0x00, 0x00, 0x00, 0x00, 0x00, 0x00, 0x00, 0x00, 0x00, 0x00, 0x00, 0x00, 0x00, 0x00, 
    0x00, 0x00, 0x00, 0x00, 0x00, 0x00, 0x00, 0x00, 0x00, 0x1F, 0x00, 0x07, 0xE0, 0x00, 0xF8, 0x00, 
    0x00, 0x1F, 0x00, 0x03, 0xC0, 0x00, 0xF8, 0x00, 0x00, 0x00, 0x00, 0x00, 0x00, 0x00, 0x00, 0x00, 
    0x00, 0x00, 0x00, 0x00, 0x00, 0x00, 0x00, 0x00, 0x00, 0x00, 0x00, 0x00, 0x00, 0x00, 0x00, 0x00, 
    0x00, 0x00, 0x00, 0x00, 0x00, 0x00, 0x00, 0x00, 0x00, 0x00, 0x00, 0x00, 0x00, 0x00, 0x00, 0x00, 
    0x00, 0x00, 0x00, 0x00, 0x00, 0x00, 0x00, 0x00, 0x00, 0x00, 0x00, 0x00, 0x00, 0x00, 0x00, 0x00, 
    0x00, 0x00, 0x00, 0x00, 0x00, 0x00, 0x00, 0x00, 0x00, 0x00, 0x00, 0x00, 0x00, 0x00, 0x00, 0x00, 
    0x00, 0x00, 0x00, 0x00, 0x00, 0x00, 0x00, 0x00, 0x00, 0x00, 0x00, 0x00, 0x00, 0x00, 0x00, 0x00, 
      },
};

#endif
