#ifndef ANIMATION_PHOTO_CAMERA_H
#define ANIMATION_PHOTO_CAMERA_H

#include <pgmspace.h>

#define PHOTO_CAMERA_FRAMES 90
#define PHOTO_CAMERA_WIDTH  64
#define PHOTO_CAMERA_HEIGHT 64

const uint8_t photo_camera_frames[][512] PROGMEM = {
  {
    0x00, 0x00, 0x00, 0x00, 0x00, 0x00, 0x00, 0x00, 0x00, 0x00, 0x00, 0x00, 0x00, 0x00, 0x00, 0x00, 
    0x00, 0x00, 0x00, 0x00, 0x00, 0x00, 0x00, 0x00, 0x00, 0x00, 0x00, 0x00, 0x00, 0x00, 0x00, 0x00, 
    0x00, 0x00, 0x00, 0x00, 0x00, 0x00, 0x00, 0x00, 0x00, 0x00, 0x00, 0x00, 0x00, 0x00, 0x00, 0x00, 
    0x00, 0x00, 0x00, 0x00, 0x00, 0x00, 0x00, 0x00, 0x00, 0x00, 0x00, 0x00, 0x00, 0x00, 0x00, 0x00, 
    0x00, 0x00, 0x00, 0x00, 0x00, 0x00, 0x00, 0x00, 0x00, 0x00, 0x00, 0x00, 0x00, 0x00, 0x00, 0x00, 
    0x00, 0x00, 0x00, 0x00, 0x00, 0x00, 0x00, 0x00, 0x00, 0x00, 0x00, 0x00, 0x00, 0x00, 0x00, 0x00, 
    0x00, 0x00, 0x00, 0x00, 0x00, 0x00, 0x00, 0x00, 0x00, 0x01, 0xE0, 0x00, 0x1F, 0xFF, 0xF0, 0x00, 
    0x00, 0x03, 0xF8, 0x00, 0x1F, 0xFF, 0xF0, 0x00, 0x00, 0x07, 0x38, 0x00, 0x1C, 0x00, 0x70, 0x00, 
    0x00, 0x06, 0x1C, 0x00, 0x1C, 0x00, 0x70, 0x00, 0x00, 0x06, 0x1C, 0x00, 0x1C, 0x00, 0x70, 0x00, 
    0x00, 0x06, 0x1C, 0x00, 0x1C, 0x00, 0x70, 0x00, 0x00, 0x7F, 0xFF, 0xFF, 0xFF, 0xFF, 0xFE, 0x00, 
    0x00, 0x7F, 0xFF, 0xFF, 0xFF, 0xFF, 0xFE, 0x00, 0x00, 0x60, 0x00, 0x00, 0x00, 0x00, 0x06, 0x00, 
    0x00, 0x60, 0x00, 0x00, 0x00, 0x00, 0x06, 0x00, 0x00, 0x60, 0x00, 0x00, 0x00, 0x00, 0x06, 0x00, 
    0x00, 0x61, 0x80, 0x00, 0xFF, 0x80, 0x06, 0x00, 0x00, 0x61, 0x80, 0x03, 0xFF, 0xE0, 0x06, 0x00, 
    0x00, 0x61, 0x00, 0x07, 0x81, 0xF0, 0x06, 0x00, 0x00, 0x60, 0x00, 0x0E, 0x00, 0x78, 0x06, 0x00, 
    0x00, 0x60, 0x00, 0x1C, 0x00, 0x1C, 0x06, 0x00, 0x00, 0x7F, 0xFF, 0xF8, 0x3C, 0x1F, 0xFE, 0x00, 
    0x00, 0x7F, 0xFF, 0xF0, 0x7F, 0x0F, 0xFE, 0x00, 0x00, 0x7F, 0xFF, 0xF0, 0xFF, 0x87, 0xFE, 0x00, 
    0x00, 0x60, 0x00, 0x71, 0xC1, 0xC6, 0x06, 0x00, 0x00, 0x60, 0x00, 0x61, 0x81, 0xC7, 0x06, 0x00, 
    0x00, 0x60, 0x00, 0x63, 0x80, 0xC7, 0x06, 0x00, 0x00, 0x60, 0x00, 0x63, 0x80, 0xC7, 0x06, 0x00, 
    0x00, 0x60, 0x00, 0x61, 0x80, 0xC7, 0x06, 0x00, 0x00, 0x60, 0x00, 0x71, 0xC1, 0xC7, 0x06, 0x00, 
    0x00, 0x60, 0x00, 0x71, 0xE7, 0x86, 0x06, 0x00, 0x00, 0x60, 0x00, 0x30, 0xFF, 0x0E, 0x06, 0x00, 
    0x00, 0x60, 0x00, 0x38, 0x3E, 0x0C, 0x06, 0x00, 0x00, 0x60, 0x00, 0x1C, 0x00, 0x1C, 0x06, 0x00, 
    0x00, 0x60, 0x00, 0x0E, 0x00, 0x38, 0x06, 0x00, 0x00, 0x60, 0x00, 0x07, 0x80, 0xF0, 0x06, 0x00, 
    0x00, 0x60, 0x00, 0x03, 0xFF, 0xE0, 0x06, 0x00, 0x00, 0x60, 0x00, 0x01, 0xFF, 0x80, 0x06, 0x00, 
    0x00, 0x60, 0x00, 0x00, 0x18, 0x00, 0x06, 0x00, 0x00, 0x60, 0x00, 0x00, 0x00, 0x00, 0x06, 0x00, 
    0x00, 0x60, 0x00, 0x00, 0x00, 0x00, 0x06, 0x00, 0x00, 0x7F, 0xFF, 0xFF, 0xFF, 0xFF, 0xFE, 0x00, 
    0x00, 0x7F, 0xFF, 0xFF, 0xFF, 0xFF, 0xFE, 0x00, 0x00, 0x01, 0xFE, 0x00, 0x00, 0x00, 0x00, 0x00, 
    0x00, 0x00, 0x00, 0x00, 0x00, 0x00, 0x00, 0x00, 0x00, 0x00, 0x00, 0x00, 0x00, 0x00, 0x00, 0x00, 
    0x00, 0x00, 0x00, 0x00, 0x00, 0x00, 0x00, 0x00, 0x00, 0x00, 0x00, 0x00, 0x00, 0x00, 0x00, 0x00, 
    0x00, 0x00, 0x00, 0x00, 0x00, 0x00, 0x00, 0x00, 0x00, 0x00, 0x00, 0x00, 0x00, 0x00, 0x00, 0x00, 
    0x00, 0x00, 0x00, 0x00, 0x00, 0x00, 0x00, 0x00, 0x00, 0x00, 0x00, 0x00, 0x00, 0x00, 0x00, 0x00, 
    0x00, 0x00, 0x00, 0x00, 0x00, 0x00, 0x00, 0x00, 0x00, 0x00, 0x00, 0x00, 0x00, 0x00, 0x00, 0x00, 
    0x00, 0x00, 0x00, 0x00, 0x00, 0x00, 0x00, 0x00, 0x00, 0x00, 0x00, 0x00, 0x00, 0x00, 0x00, 0x00, 
      },
  {
    0x00, 0x00, 0x00, 0x00, 0x00, 0x00, 0x00, 0x00, 0x00, 0x00, 0x00, 0x00, 0x00, 0x00, 0x00, 0x00, 
    0x00, 0x00, 0x00, 0x00, 0x00, 0x00, 0x00, 0x00, 0x00, 0x00, 0x00, 0x00, 0x00, 0x00, 0x00, 0x00, 
    0x00, 0x00, 0x00, 0x00, 0x00, 0x00, 0x00, 0x00, 0x00, 0x00, 0x00, 0x00, 0x00, 0x00, 0x00, 0x00, 
    0x00, 0x00, 0x00, 0x00, 0x00, 0x00, 0x00, 0x00, 0x00, 0x00, 0x00, 0x00, 0x00, 0x00, 0x00, 0x00, 
    0x00, 0x00, 0x00, 0x00, 0x00, 0x00, 0x00, 0x00, 0x00, 0x00, 0x00, 0x00, 0x00, 0x00, 0x00, 0x00, 
    0x00, 0x00, 0x00, 0x00, 0x00, 0x00, 0x00, 0x00, 0x00, 0x00, 0x00, 0x00, 0x00, 0x00, 0x00, 0x00, 
    0x00, 0x00, 0x00, 0x00, 0x00, 0x00, 0x00, 0x00, 0x00, 0x01, 0xE0, 0x00, 0x1F, 0xFF, 0xF0, 0x00, 
    0x00, 0x03, 0xF8, 0x00, 0x1F, 0xFF, 0xF0, 0x00, 0x00, 0x07, 0x38, 0x00, 0x1C, 0x00, 0x70, 0x00, 
    0x00, 0x06, 0x1C, 0x00, 0x1C, 0x00, 0x70, 0x00, 0x00, 0x06, 0x1C, 0x00, 0x18, 0x00, 0x70, 0x00, 
    0x00, 0x06, 0x1C, 0x00, 0x1C, 0x00, 0x70, 0x00, 0x00, 0x7F, 0xFF, 0xFF, 0xFF, 0xFF, 0xFE, 0x00, 
    0x00, 0x7F, 0xFF, 0xFF, 0xFF, 0xFF, 0xFE, 0x00, 0x00, 0x60, 0x00, 0x00, 0x00, 0x00, 0x06, 0x00, 
    0x00, 0x60, 0x00, 0x00, 0x00, 0x00, 0x06, 0x00, 0x00, 0x60, 0x00, 0x00, 0x00, 0x00, 0x06, 0x00, 
    0x00, 0x61, 0x80, 0x00, 0xFF, 0x80, 0x06, 0x00, 0x00, 0x61, 0x80, 0x03, 0xFF, 0xE0, 0x06, 0x00, 
    0x00, 0x60, 0x00, 0x07, 0x81, 0xF0, 0x06, 0x00, 0x00, 0x60, 0x00, 0x0E, 0x00, 0x78, 0x06, 0x00, 
    0x00, 0x60, 0x00, 0x1C, 0x00, 0x1C, 0x06, 0x00, 0x00, 0x7F, 0xFF, 0xF8, 0x3C, 0x1F, 0xFE, 0x00, 
    0x00, 0x7F, 0xFF, 0xF0, 0x7F, 0x0F, 0xFE, 0x00, 0x00, 0x7F, 0xFF, 0xF0, 0xFF, 0x87, 0xFE, 0x00, 
    0x00, 0x60, 0x00, 0x71, 0xC1, 0xC6, 0x06, 0x00, 0x00, 0x60, 0x00, 0x61, 0x81, 0xC7, 0x06, 0x00, 
    0x00, 0x60, 0x00, 0x63, 0x80, 0xC7, 0x06, 0x00, 0x00, 0x60, 0x00, 0x63, 0x80, 0xC7, 0x06, 0x00, 
    0x00, 0x60, 0x00, 0x61, 0x80, 0xC7, 0x06, 0x00, 0x00, 0x60, 0x00, 0x71, 0xC1, 0xC7, 0x06, 0x00, 
    0x00, 0x60, 0x00, 0x71, 0xE7, 0x86, 0x06, 0x00, 0x00, 0x60, 0x00, 0x30, 0xFF, 0x0E, 0x06, 0x00, 
    0x00, 0x60, 0x00, 0x38, 0x3E, 0x0C, 0x06, 0x00, 0x00, 0x60, 0x00, 0x1C, 0x00, 0x1C, 0x06, 0x00, 
    0x00, 0x60, 0x00, 0x0E, 0x00, 0x38, 0x06, 0x00, 0x00, 0x60, 0x00, 0x07, 0x80, 0xF0, 0x06, 0x00, 
    0x00, 0x60, 0x00, 0x03, 0xFF, 0xE0, 0x06, 0x00, 0x00, 0x60, 0x00, 0x00, 0xFF, 0x80, 0x06, 0x00, 
    0x00, 0x60, 0x00, 0x00, 0x18, 0x00, 0x06, 0x00, 0x00, 0x60, 0x00, 0x00, 0x00, 0x00, 0x06, 0x00, 
    0x00, 0x60, 0x00, 0x00, 0x00, 0x00, 0x06, 0x00, 0x00, 0x7F, 0xFF, 0xFF, 0xFF, 0xFF, 0xFE, 0x00, 
    0x00, 0x7F, 0xFF, 0xFF, 0xFF, 0xFF, 0xFE, 0x00, 0x00, 0x01, 0xFE, 0x00, 0x00, 0x00, 0x00, 0x00, 
    0x00, 0x00, 0x00, 0x00, 0x00, 0x00, 0x00, 0x00, 0x00, 0x00, 0x00, 0x00, 0x00, 0x00, 0x00, 0x00, 
    0x00, 0x00, 0x00, 0x00, 0x00, 0x00, 0x00, 0x00, 0x00, 0x00, 0x00, 0x00, 0x00, 0x00, 0x00, 0x00, 
    0x00, 0x00, 0x00, 0x00, 0x00, 0x00, 0x00, 0x00, 0x00, 0x00, 0x00, 0x00, 0x00, 0x00, 0x00, 0x00, 
    0x00, 0x00, 0x00, 0x00, 0x00, 0x00, 0x00, 0x00, 0x00, 0x00, 0x00, 0x00, 0x00, 0x00, 0x00, 0x00, 
    0x00, 0x00, 0x00, 0x00, 0x00, 0x00, 0x00, 0x00, 0x00, 0x00, 0x00, 0x00, 0x00, 0x00, 0x00, 0x00, 
    0x00, 0x00, 0x00, 0x00, 0x00, 0x00, 0x00, 0x00, 0x00, 0x00, 0x00, 0x00, 0x00, 0x00, 0x00, 0x00, 
      },
  {
    0x00, 0x00, 0x00, 0x00, 0x00, 0x00, 0x00, 0x00, 0x00, 0x00, 0x00, 0x00, 0x00, 0x00, 0x00, 0x00, 
    0x00, 0x00, 0x00, 0x00, 0x00, 0x00, 0x00, 0x00, 0x00, 0x00, 0x00, 0x00, 0x00, 0x00, 0x00, 0x00, 
    0x00, 0x00, 0x00, 0x00, 0x00, 0x00, 0x00, 0x00, 0x00, 0x00, 0x00, 0x00, 0x00, 0x00, 0x00, 0x00, 
    0x00, 0x00, 0x00, 0x00, 0x00, 0x00, 0x00, 0x00, 0x00, 0x00, 0x00, 0x00, 0x00, 0x00, 0x00, 0x00, 
    0x00, 0x00, 0x00, 0x00, 0x00, 0x00, 0x00, 0x00, 0x00, 0x00, 0x00, 0x00, 0x00, 0x00, 0x00, 0x00, 
    0x00, 0x00, 0x00, 0x00, 0x00, 0x00, 0x00, 0x00, 0x00, 0x00, 0x00, 0x00, 0x00, 0x00, 0x00, 0x00, 
    0x00, 0x00, 0x00, 0x00, 0x00, 0x00, 0x00, 0x00, 0x00, 0x01, 0xF0, 0x00, 0x1F, 0xFF, 0xF0, 0x00, 
    0x00, 0x03, 0xF8, 0x00, 0x1F, 0xFF, 0xF0, 0x00, 0x00, 0x07, 0x38, 0x00, 0x1C, 0x00, 0x70, 0x00, 
    0x00, 0x06, 0x1C, 0x00, 0x1C, 0x00, 0x70, 0x00, 0x00, 0x06, 0x1C, 0x00, 0x18, 0x00, 0x70, 0x00, 
    0x00, 0x06, 0x1C, 0x00, 0x1C, 0x00, 0x70, 0x00, 0x00, 0x7F, 0xFF, 0xFF, 0xFF, 0xFF, 0xFE, 0x00, 
    0x00, 0x7F, 0xFF, 0xFF, 0xFF, 0xFF, 0xFE, 0x00, 0x00, 0x60, 0x00, 0x00, 0x00, 0x00, 0x06, 0x00, 
    0x00, 0x60, 0x00, 0x00, 0x00, 0x00, 0x06, 0x00, 0x00, 0x60, 0x00, 0x00, 0x00, 0x00, 0x06, 0x00, 
    0x00, 0x61, 0x80, 0x00, 0xFF, 0x80, 0x06, 0x00, 0x00, 0x61, 0x80, 0x03, 0xFF, 0xE0, 0x06, 0x00, 
    0x00, 0x60, 0x00, 0x07, 0x81, 0xF0, 0x06, 0x00, 0x00, 0x60, 0x00, 0x0E, 0x00, 0x78, 0x06, 0x00, 
    0x00, 0x60, 0x00, 0x1C, 0x00, 0x3C, 0x06, 0x00, 0x00, 0x7F, 0xFF, 0xF8, 0x3C, 0x1F, 0xFE, 0x00, 
    0x00, 0x7F, 0xFF, 0xF0, 0xFF, 0x0F, 0xFE, 0x00, 0x00, 0x70, 0x00, 0x70, 0xFF, 0x87, 0xFE, 0x00, 
    0x00, 0x60, 0x00, 0x71, 0xC1, 0xC6, 0x06, 0x00, 0x00, 0x60, 0x00, 0x61, 0x81, 0xC7, 0x06, 0x00, 
    0x00, 0x60, 0x00, 0x63, 0x80, 0xC7, 0x06, 0x00, 0x00, 0x60, 0x00, 0x63, 0x80, 0xC7, 0x06, 0x00, 
    0x00, 0x60, 0x00, 0x63, 0x81, 0xC7, 0x06, 0x00, 0x00, 0x60, 0x00, 0x61, 0xC1, 0xC6, 0x06, 0x00, 
    0x00, 0x60, 0x00, 0x71, 0xE7, 0x86, 0x06, 0x00, 0x00, 0x60, 0x00, 0x30, 0xFF, 0x0E, 0x06, 0x00, 
    0x00, 0x60, 0x00, 0x38, 0x3E, 0x1C, 0x06, 0x00, 0x00, 0x60, 0x00, 0x1C, 0x00, 0x1C, 0x06, 0x00, 
    0x00, 0x60, 0x00, 0x0E, 0x00, 0x78, 0x06, 0x00, 0x00, 0x60, 0x00, 0x07, 0x80, 0xF0, 0x06, 0x00, 
    0x00, 0x60, 0x00, 0x03, 0xFF, 0xE0, 0x06, 0x00, 0x00, 0x60, 0x00, 0x00, 0xFF, 0x80, 0x06, 0x00, 
    0x00, 0x60, 0x00, 0x00, 0x08, 0x00, 0x06, 0x00, 0x00, 0x60, 0x00, 0x00, 0x00, 0x00, 0x06, 0x00, 
    0x00, 0x60, 0x00, 0x00, 0x00, 0x00, 0x06, 0x00, 0x00, 0x7F, 0xFF, 0xFF, 0xFF, 0xFF, 0xFE, 0x00, 
    0x00, 0x7F, 0xFF, 0xFF, 0xFF, 0xFF, 0xFE, 0x00, 0x00, 0x01, 0xFF, 0xFF, 0xFF, 0xFF, 0xFC, 0x00, 
    0x00, 0x00, 0x00, 0x00, 0x00, 0x00, 0x00, 0x00, 0x00, 0x00, 0x00, 0x00, 0x00, 0x00, 0x00, 0x00, 
    0x00, 0x00, 0x00, 0x00, 0x00, 0x00, 0x00, 0x00, 0x00, 0x00, 0x00, 0x00, 0x00, 0x00, 0x00, 0x00, 
    0x00, 0x00, 0x00, 0x00, 0x00, 0x00, 0x00, 0x00, 0x00, 0x00, 0x00, 0x00, 0x00, 0x00, 0x00, 0x00, 
    0x00, 0x00, 0x00, 0x00, 0x00, 0x00, 0x00, 0x00, 0x00, 0x00, 0x00, 0x00, 0x00, 0x00, 0x00, 0x00, 
    0x00, 0x00, 0x00, 0x00, 0x00, 0x00, 0x00, 0x00, 0x00, 0x00, 0x00, 0x00, 0x00, 0x00, 0x00, 0x00, 
    0x00, 0x00, 0x00, 0x00, 0x00, 0x00, 0x00, 0x00, 0x00, 0x00, 0x00, 0x00, 0x00, 0x00, 0x00, 0x00, 
      },
  {
    0x00, 0x00, 0x00, 0x00, 0x00, 0x00, 0x00, 0x00, 0x00, 0x00, 0x00, 0x00, 0x00, 0x00, 0x00, 0x00, 
    0x00, 0x00, 0x00, 0x00, 0x00, 0x00, 0x00, 0x00, 0x00, 0x00, 0x00, 0x00, 0x00, 0x00, 0x00, 0x00, 
    0x00, 0x00, 0x00, 0x00, 0x00, 0x00, 0x00, 0x00, 0x00, 0x00, 0x00, 0x00, 0x00, 0x00, 0x00, 0x00, 
    0x00, 0x00, 0x00, 0x00, 0x00, 0x00, 0x00, 0x00, 0x00, 0x00, 0x00, 0x00, 0x00, 0x00, 0x00, 0x00, 
    0x00, 0x00, 0x00, 0x00, 0x00, 0x00, 0x00, 0x00, 0x00, 0x00, 0x00, 0x00, 0x00, 0x00, 0x00, 0x00, 
    0x00, 0x00, 0x00, 0x00, 0x00, 0x00, 0x00, 0x00, 0x00, 0x00, 0x00, 0x00, 0x00, 0x00, 0x00, 0x00, 
    0x00, 0x00, 0x00, 0x00, 0x00, 0x00, 0x00, 0x00, 0x00, 0x01, 0xF0, 0x00, 0x1F, 0xFF, 0xF0, 0x00, 
    0x00, 0x03, 0xF8, 0x00, 0x1F, 0xFF, 0xF0, 0x00, 0x00, 0x07, 0x1C, 0x00, 0x1C, 0x00, 0x70, 0x00, 
    0x00, 0x06, 0x1C, 0x00, 0x1C, 0x00, 0x70, 0x00, 0x00, 0x06, 0x0C, 0x00, 0x1C, 0x00, 0x70, 0x00, 
    0x00, 0x07, 0x1C, 0x00, 0x1C, 0x00, 0x70, 0x00, 0x00, 0x7F, 0xFF, 0xFF, 0xFF, 0xFF, 0xFE, 0x00, 
    0x00, 0x7F, 0xFF, 0xFF, 0xFF, 0xFF, 0xFE, 0x00, 0x00, 0x60, 0x00, 0x00, 0x00, 0x00, 0x0E, 0x00, 
    0x00, 0x60, 0x00, 0x00, 0x00, 0x00, 0x06, 0x00, 0x00, 0x60, 0x00, 0x00, 0x00, 0x00, 0x06, 0x00, 
    0x00, 0x61, 0x80, 0x00, 0xFF, 0x80, 0x06, 0x00, 0x00, 0x61, 0x80, 0x03, 0xFF, 0xE0, 0x06, 0x00, 
    0x00, 0x60, 0x00, 0x0F, 0x81, 0xF0, 0x0E, 0x00, 0x00, 0x60, 0x00, 0x0E, 0x00, 0x78, 0x0E, 0x00, 
    0x00, 0x60, 0x00, 0x1C, 0x00, 0x3C, 0x06, 0x00, 0x00, 0x7F, 0xFF, 0xF8, 0x3C, 0x1F, 0xFE, 0x00, 
    0x00, 0x7F, 0xFF, 0xF0, 0xFF, 0x0F, 0xFE, 0x00, 0x00, 0x70, 0x00, 0x71, 0xE7, 0x8F, 0xFE, 0x00, 
    0x00, 0x60, 0x00, 0x61, 0xC1, 0x86, 0x06, 0x00, 0x00, 0x60, 0x00, 0x63, 0x81, 0xC7, 0x0E, 0x00, 
    0x00, 0x60, 0x00, 0x63, 0x80, 0xC7, 0x0E, 0x00, 0x00, 0x60, 0x00, 0x63, 0x80, 0xC7, 0x0E, 0x00, 
    0x00, 0x60, 0x00, 0x63, 0x81, 0xC7, 0x0E, 0x00, 0x00, 0x60, 0x00, 0x61, 0xC1, 0x86, 0x0E, 0x00, 
    0x00, 0x60, 0x00, 0x71, 0xFF, 0x8E, 0x0E, 0x00, 0x00, 0x60, 0x00, 0x30, 0xFF, 0x0E, 0x0E, 0x00, 
    0x00, 0x60, 0x00, 0x38, 0x3C, 0x1C, 0x0E, 0x00, 0x00, 0x60, 0x00, 0x1C, 0x00, 0x3C, 0x0E, 0x00, 
    0x00, 0x60, 0x00, 0x0E, 0x00, 0x78, 0x0E, 0x00, 0x00, 0x60, 0x00, 0x07, 0x81, 0xF0, 0x0E, 0x00, 
    0x00, 0x60, 0x00, 0x03, 0xFF, 0xE0, 0x0E, 0x00, 0x00, 0x60, 0x00, 0x00, 0xFF, 0x80, 0x0E, 0x00, 
    0x00, 0x60, 0x00, 0x00, 0x00, 0x00, 0x0E, 0x00, 0x00, 0x60, 0x00, 0x00, 0x00, 0x00, 0x0E, 0x00, 
    0x00, 0x60, 0x00, 0x00, 0x00, 0x00, 0x0E, 0x00, 0x00, 0x7F, 0xFF, 0xFF, 0xFF, 0xFF, 0xFE, 0x00, 
    0x00, 0x7F, 0xFF, 0xFF, 0xFF, 0xFF, 0xFE, 0x00, 0x00, 0x00, 0xFF, 0xFF, 0xFF, 0xFF, 0xFC, 0x00, 
    0x00, 0x00, 0x00, 0x00, 0x00, 0x00, 0x00, 0x00, 0x00, 0x00, 0x00, 0x00, 0x00, 0x00, 0x00, 0x00, 
    0x00, 0x00, 0x00, 0x00, 0x00, 0x00, 0x00, 0x00, 0x00, 0x00, 0x00, 0x00, 0x00, 0x00, 0x00, 0x00, 
    0x00, 0x00, 0x00, 0x00, 0x00, 0x00, 0x00, 0x00, 0x00, 0x00, 0x00, 0x00, 0x00, 0x00, 0x00, 0x00, 
    0x00, 0x00, 0x00, 0x00, 0x00, 0x00, 0x00, 0x00, 0x00, 0x00, 0x00, 0x00, 0x00, 0x00, 0x00, 0x00, 
    0x00, 0x00, 0x00, 0x00, 0x00, 0x00, 0x00, 0x00, 0x00, 0x00, 0x00, 0x00, 0x00, 0x00, 0x00, 0x00, 
    0x00, 0x00, 0x00, 0x00, 0x00, 0x00, 0x00, 0x00, 0x00, 0x00, 0x00, 0x00, 0x00, 0x00, 0x00, 0x00, 
      },
  {
    0x00, 0x00, 0x00, 0x00, 0x00, 0x00, 0x00, 0x00, 0x00, 0x00, 0x00, 0x00, 0x00, 0x00, 0x00, 0x00, 
    0x00, 0x00, 0x00, 0x00, 0x00, 0x00, 0x00, 0x00, 0x00, 0x00, 0x00, 0x00, 0x00, 0x00, 0x00, 0x00, 
    0x00, 0x00, 0x00, 0x00, 0x00, 0x00, 0x00, 0x00, 0x00, 0x00, 0x00, 0x00, 0x00, 0x00, 0x00, 0x00, 
    0x00, 0x00, 0x00, 0x00, 0x00, 0x00, 0x00, 0x00, 0x00, 0x00, 0x00, 0x00, 0x00, 0x00, 0x00, 0x00, 
    0x00, 0x00, 0x00, 0x00, 0x00, 0x00, 0x00, 0x00, 0x00, 0x00, 0x00, 0x00, 0x00, 0x00, 0x00, 0x00, 
    0x00, 0x00, 0x00, 0x00, 0x00, 0x00, 0x00, 0x00, 0x00, 0x00, 0x00, 0x00, 0x00, 0x00, 0x00, 0x00, 
    0x00, 0x00, 0x00, 0x00, 0x00, 0x00, 0x00, 0x00, 0x00, 0x01, 0xF0, 0x00, 0x1F, 0xFF, 0xF0, 0x00, 
    0x00, 0x03, 0xF8, 0x00, 0x1F, 0xFF, 0xF0, 0x00, 0x00, 0x07, 0x1C, 0x00, 0x1C, 0x00, 0x70, 0x00, 
    0x00, 0x07, 0x0C, 0x00, 0x1C, 0x00, 0x70, 0x00, 0x00, 0x06, 0x0C, 0x00, 0x1C, 0x00, 0x70, 0x00, 
    0x00, 0x3F, 0xFC, 0x00, 0x1C, 0x00, 0x70, 0x00, 0x00, 0x7F, 0xFF, 0xFF, 0xFF, 0xFF, 0xFE, 0x00, 
    0x00, 0x7F, 0xFF, 0xFF, 0xFF, 0xFF, 0xFE, 0x00, 0x00, 0x60, 0x00, 0x00, 0x00, 0x00, 0x0E, 0x00, 
    0x00, 0x70, 0x00, 0x00, 0x00, 0x00, 0x0E, 0x00, 0x00, 0x60, 0x00, 0x00, 0x18, 0x00, 0x0E, 0x00, 
    0x00, 0x61, 0x80, 0x01, 0xFF, 0x80, 0x0E, 0x00, 0x00, 0x61, 0x80, 0x07, 0xFF, 0xE0, 0x0E, 0x00, 
    0x00, 0x60, 0x00, 0x0F, 0x01, 0xF0, 0x0E, 0x00, 0x00, 0x60, 0x00, 0x1E, 0x00, 0x78, 0x0E, 0x00, 
    0x00, 0x70, 0x00, 0x1C, 0x00, 0x3C, 0x0E, 0x00, 0x00, 0x7F, 0xFF, 0xF8, 0x3C, 0x1F, 0xFE, 0x00, 
    0x00, 0x7F, 0xFF, 0xF0, 0xFF, 0x0F, 0xFE, 0x00, 0x00, 0x60, 0x00, 0x71, 0xE7, 0x8F, 0xFE, 0x00, 
    0x00, 0x60, 0x00, 0x61, 0x81, 0x86, 0x0E, 0x00, 0x00, 0x60, 0x00, 0x63, 0x81, 0xC7, 0x0E, 0x00, 
    0x00, 0x60, 0x00, 0x63, 0x01, 0xC7, 0x0E, 0x00, 0x00, 0x60, 0x00, 0x63, 0x01, 0xC7, 0x0E, 0x00, 
    0x00, 0x60, 0x00, 0x63, 0x81, 0xC6, 0x0E, 0x00, 0x00, 0x60, 0x00, 0x61, 0xC3, 0x86, 0x0E, 0x00, 
    0x00, 0x60, 0x00, 0x71, 0xFF, 0x8E, 0x0E, 0x00, 0x00, 0x60, 0x00, 0x30, 0xFF, 0x0E, 0x0E, 0x00, 
    0x00, 0x60, 0x00, 0x38, 0x3C, 0x1C, 0x0E, 0x00, 0x00, 0x60, 0x00, 0x1C, 0x00, 0x38, 0x0E, 0x00, 
    0x00, 0x60, 0x00, 0x1E, 0x00, 0x78, 0x0E, 0x00, 0x00, 0x60, 0x00, 0x0F, 0x81, 0xF0, 0x0E, 0x00, 
    0x00, 0x60, 0x00, 0x03, 0xFF, 0xC0, 0x0E, 0x00, 0x00, 0x60, 0x00, 0x00, 0xFF, 0x80, 0x0E, 0x00, 
    0x00, 0x60, 0x00, 0x00, 0x00, 0x00, 0x0E, 0x00, 0x00, 0x60, 0x00, 0x00, 0x00, 0x00, 0x0E, 0x00, 
    0x00, 0x60, 0x00, 0x00, 0x00, 0x00, 0x0E, 0x00, 0x00, 0x7F, 0xFF, 0xFF, 0xFF, 0xFF, 0xFE, 0x00, 
    0x00, 0x7F, 0xFF, 0xFF, 0xFF, 0xFF, 0xFE, 0x00, 0x00, 0x00, 0x1F, 0xFF, 0xFF, 0xFF, 0xFC, 0x00, 
    0x00, 0x00, 0x00, 0x00, 0x00, 0x00, 0x00, 0x00, 0x00, 0x00, 0x00, 0x00, 0x00, 0x00, 0x00, 0x00, 
    0x00, 0x00, 0x00, 0x00, 0x00, 0x00, 0x00, 0x00, 0x00, 0x00, 0x00, 0x00, 0x00, 0x00, 0x00, 0x00, 
    0x00, 0x00, 0x00, 0x00, 0x00, 0x00, 0x00, 0x00, 0x00, 0x00, 0x00, 0x00, 0x00, 0x00, 0x00, 0x00, 
    0x00, 0x00, 0x00, 0x00, 0x00, 0x00, 0x00, 0x00, 0x00, 0x00, 0x00, 0x00, 0x00, 0x00, 0x00, 0x00, 
    0x00, 0x00, 0x00, 0x00, 0x00, 0x00, 0x00, 0x00, 0x00, 0x00, 0x00, 0x00, 0x00, 0x00, 0x00, 0x00, 
    0x00, 0x00, 0x00, 0x00, 0x00, 0x00, 0x00, 0x00, 0x00, 0x00, 0x00, 0x00, 0x00, 0x00, 0x00, 0x00, 
      },
  {
    0x00, 0x00, 0x00, 0x00, 0x00, 0x00, 0x00, 0x00, 0x00, 0x00, 0x00, 0x00, 0x00, 0x00, 0x00, 0x00, 
    0x00, 0x00, 0x00, 0x00, 0x00, 0x00, 0x00, 0x00, 0x00, 0x00, 0x00, 0x00, 0x00, 0x00, 0x00, 0x00, 
    0x00, 0x00, 0x00, 0x00, 0x00, 0x00, 0x00, 0x00, 0x00, 0x00, 0x00, 0x00, 0x00, 0x00, 0x00, 0x00, 
    0x00, 0x00, 0x00, 0x00, 0x00, 0x00, 0x00, 0x00, 0x00, 0x00, 0x00, 0x00, 0x00, 0x00, 0x00, 0x00, 
    0x00, 0x00, 0x00, 0x00, 0x00, 0x00, 0x00, 0x00, 0x00, 0x00, 0x00, 0x00, 0x00, 0x00, 0x00, 0x00, 
    0x00, 0x00, 0x00, 0x00, 0x00, 0x00, 0x00, 0x00, 0x00, 0x00, 0x00, 0x00, 0x00, 0x00, 0x00, 0x00, 
    0x00, 0x00, 0x40, 0x00, 0x07, 0x00, 0x00, 0x00, 0x00, 0x01, 0xF8, 0x00, 0x1F, 0xFF, 0xF0, 0x00, 
    0x00, 0x03, 0xF8, 0x00, 0x1F, 0xFF, 0xF0, 0x00, 0x00, 0x03, 0x1C, 0x00, 0x1C, 0x00, 0x70, 0x00, 
    0x00, 0x07, 0x0C, 0x00, 0x1C, 0x00, 0x70, 0x00, 0x00, 0x07, 0x0C, 0x00, 0x1C, 0x00, 0x70, 0x00, 
    0x00, 0x3F, 0xFF, 0xF8, 0x1C, 0x00, 0x70, 0x00, 0x00, 0x7F, 0xFF, 0xFF, 0xFF, 0xFF, 0xFE, 0x00, 
    0x00, 0x7F, 0xFF, 0xFF, 0xFF, 0xFF, 0xFE, 0x00, 0x00, 0x70, 0x00, 0x00, 0x00, 0x00, 0x0E, 0x00, 
    0x00, 0x70, 0x00, 0x00, 0x00, 0x00, 0x0E, 0x00, 0x00, 0x70, 0x00, 0x00, 0x3C, 0x00, 0x0E, 0x00, 
    0x00, 0x71, 0x80, 0x01, 0xFF, 0x80, 0x0E, 0x00, 0x00, 0x71, 0x80, 0x07, 0xFF, 0xE0, 0x0E, 0x00, 
    0x00, 0x70, 0x00, 0x0F, 0x01, 0xF0, 0x0E, 0x00, 0x00, 0x60, 0x00, 0x1C, 0x00, 0x78, 0x0E, 0x00, 
    0x00, 0x70, 0x00, 0x38, 0x00, 0x3C, 0x0E, 0x00, 0x00, 0x7F, 0xFF, 0xF0, 0x7C, 0x1F, 0xFE, 0x00, 
    0x00, 0x7F, 0xFF, 0xF0, 0xFF, 0x0F, 0xFE, 0x00, 0x00, 0x60, 0x00, 0x61, 0xC7, 0x8F, 0xFE, 0x00, 
    0x00, 0x60, 0x00, 0x63, 0x83, 0x8E, 0x0E, 0x00, 0x00, 0x60, 0x00, 0x63, 0x01, 0x86, 0x0E, 0x00, 
    0x00, 0x60, 0x00, 0xE3, 0x01, 0xC6, 0x0E, 0x00, 0x00, 0x60, 0x00, 0xE3, 0x01, 0xC6, 0x0E, 0x00, 
    0x00, 0x60, 0x00, 0x63, 0x81, 0x86, 0x0E, 0x00, 0x00, 0x60, 0x00, 0x61, 0xC3, 0x8E, 0x0E, 0x00, 
    0x00, 0x60, 0x00, 0x71, 0xFF, 0x0E, 0x0E, 0x00, 0x00, 0x60, 0x00, 0x70, 0xFE, 0x1C, 0x0E, 0x00, 
    0x00, 0x60, 0x00, 0x38, 0x38, 0x1C, 0x0E, 0x00, 0x00, 0x60, 0x00, 0x1C, 0x00, 0x38, 0x0E, 0x00, 
    0x00, 0x60, 0x00, 0x1E, 0x00, 0xF8, 0x0E, 0x00, 0x00, 0x60, 0x00, 0x0F, 0x83, 0xF0, 0x0E, 0x00, 
    0x00, 0x60, 0x00, 0x03, 0xFF, 0xC0, 0x0E, 0x00, 0x00, 0x60, 0x00, 0x00, 0xFF, 0x00, 0x0E, 0x00, 
    0x00, 0x60, 0x00, 0x00, 0x00, 0x00, 0x0E, 0x00, 0x00, 0x60, 0x00, 0x00, 0x00, 0x00, 0x0E, 0x00, 
    0x00, 0x7F, 0xFC, 0x00, 0x00, 0x00, 0x0E, 0x00, 0x00, 0x7F, 0xFF, 0xFF, 0xFF, 0xFF, 0xFE, 0x00, 
    0x00, 0x7F, 0xFF, 0xFF, 0xFF, 0xFF, 0xFE, 0x00, 0x00, 0x00, 0x0F, 0xFF, 0xFF, 0xFF, 0xFC, 0x00, 
    0x00, 0x00, 0x00, 0x00, 0x00, 0x00, 0x00, 0x00, 0x00, 0x00, 0x00, 0x00, 0x00, 0x00, 0x00, 0x00, 
    0x00, 0x00, 0x00, 0x00, 0x00, 0x00, 0x00, 0x00, 0x00, 0x00, 0x00, 0x00, 0x00, 0x00, 0x00, 0x00, 
    0x00, 0x00, 0x00, 0x00, 0x00, 0x00, 0x00, 0x00, 0x00, 0x00, 0x00, 0x00, 0x00, 0x00, 0x00, 0x00, 
    0x00, 0x00, 0x00, 0x00, 0x00, 0x00, 0x00, 0x00, 0x00, 0x00, 0x00, 0x00, 0x00, 0x00, 0x00, 0x00, 
    0x00, 0x00, 0x00, 0x00, 0x00, 0x00, 0x00, 0x00, 0x00, 0x00, 0x00, 0x00, 0x00, 0x00, 0x00, 0x00, 
    0x00, 0x00, 0x00, 0x00, 0x00, 0x00, 0x00, 0x00, 0x00, 0x00, 0x00, 0x00, 0x00, 0x00, 0x00, 0x00, 
      },
  {
    0x00, 0x00, 0x00, 0x00, 0x00, 0x00, 0x00, 0x00, 0x00, 0x00, 0x00, 0x00, 0x00, 0x00, 0x00, 0x00, 
    0x00, 0x00, 0x00, 0x00, 0x00, 0x00, 0x00, 0x00, 0x00, 0x00, 0x00, 0x00, 0x00, 0x00, 0x00, 0x00, 
    0x00, 0x00, 0x00, 0x00, 0x00, 0x00, 0x00, 0x00, 0x00, 0x00, 0x00, 0x00, 0x00, 0x00, 0x00, 0x00, 
    0x00, 0x00, 0x00, 0x00, 0x00, 0x00, 0x00, 0x00, 0x00, 0x00, 0x00, 0x00, 0x00, 0x00, 0x00, 0x00, 
    0x00, 0x00, 0x00, 0x00, 0x00, 0x00, 0x00, 0x00, 0x00, 0x00, 0x00, 0x00, 0x00, 0x00, 0x00, 0x00, 
    0x00, 0x00, 0x00, 0x00, 0x00, 0x00, 0x00, 0x00, 0x00, 0x00, 0x00, 0x00, 0x00, 0x00, 0x00, 0x00, 
    0x00, 0x00, 0x60, 0x00, 0x0F, 0xE0, 0x00, 0x00, 0x00, 0x01, 0xF8, 0x00, 0x1F, 0xFF, 0xF0, 0x00, 
    0x00, 0x03, 0xFC, 0x00, 0x1F, 0xFF, 0xF0, 0x00, 0x00, 0x03, 0x0C, 0x00, 0x1C, 0x00, 0x78, 0x00, 
    0x00, 0x03, 0x0C, 0x00, 0x1C, 0x00, 0x70, 0x00, 0x00, 0x03, 0x0C, 0x00, 0x1C, 0x00, 0x70, 0x00, 
    0x00, 0x3F, 0xFF, 0xFF, 0xDC, 0x00, 0x70, 0x00, 0x00, 0x7F, 0xFF, 0xFF, 0xFF, 0xFF, 0xFC, 0x00, 
    0x00, 0x71, 0xFF, 0xFF, 0xFF, 0xFF, 0xFE, 0x00, 0x00, 0x70, 0x00, 0x00, 0x00, 0x00, 0x0E, 0x00, 
    0x00, 0x70, 0x00, 0x00, 0x00, 0x00, 0x0E, 0x00, 0x00, 0x70, 0x00, 0x00, 0x7C, 0x00, 0x0E, 0x00, 
    0x00, 0x71, 0x80, 0x03, 0xFF, 0x80, 0x0E, 0x00, 0x00, 0x71, 0x80, 0x07, 0xFF, 0xE0, 0x0E, 0x00, 
    0x00, 0x70, 0x00, 0x0F, 0x00, 0xF0, 0x0E, 0x00, 0x00, 0x70, 0x00, 0x1C, 0x00, 0x78, 0x0E, 0x00, 
    0x00, 0x7F, 0xF0, 0x38, 0x00, 0x3C, 0x0E, 0x00, 0x00, 0x7F, 0xFF, 0xF0, 0x7C, 0x1F, 0xFE, 0x00, 
    0x00, 0x7F, 0xFF, 0xF1, 0xFF, 0x1F, 0xFE, 0x00, 0x00, 0x60, 0x00, 0x61, 0xC7, 0x0E, 0xFE, 0x00, 
    0x00, 0x70, 0x00, 0x63, 0x83, 0x8E, 0x0E, 0x00, 0x00, 0x60, 0x00, 0xE3, 0x01, 0x8E, 0x0E, 0x00, 
    0x00, 0x60, 0x00, 0xE3, 0x01, 0x8E, 0x0E, 0x00, 0x00, 0x60, 0x00, 0xE3, 0x01, 0x8E, 0x0E, 0x00, 
    0x00, 0x60, 0x00, 0xE3, 0x83, 0x8E, 0x0E, 0x00, 0x00, 0x60, 0x00, 0x63, 0x83, 0x8E, 0x0E, 0x00, 
    0x00, 0x60, 0x00, 0x61, 0xFF, 0x0E, 0x0E, 0x00, 0x00, 0x60, 0x00, 0x70, 0xFE, 0x1C, 0x0E, 0x00, 
    0x00, 0x60, 0x00, 0x38, 0x10, 0x3C, 0x0E, 0x00, 0x00, 0x60, 0x00, 0x1C, 0x00, 0x78, 0x0E, 0x00, 
    0x00, 0x60, 0x00, 0x1E, 0x00, 0xF0, 0x0E, 0x00, 0x00, 0x60, 0x00, 0x0F, 0xC7, 0xE0, 0x0E, 0x00, 
    0x00, 0x60, 0x00, 0x03, 0xFF, 0xC0, 0x0E, 0x00, 0x00, 0x60, 0x00, 0x00, 0xFF, 0x00, 0x0E, 0x00, 
    0x00, 0x60, 0x00, 0x00, 0x00, 0x00, 0x0E, 0x00, 0x00, 0x60, 0x00, 0x00, 0x00, 0x00, 0x0E, 0x00, 
    0x00, 0x7F, 0xFF, 0xFE, 0x00, 0x00, 0x0E, 0x00, 0x00, 0x7F, 0xFF, 0xFF, 0xFF, 0xFF, 0xFE, 0x00, 
    0x00, 0x3F, 0xFF, 0xFF, 0xFF, 0xFF, 0xFE, 0x00, 0x00, 0x00, 0x07, 0xFF, 0xFF, 0xFF, 0xFC, 0x00, 
    0x00, 0x00, 0x00, 0x00, 0x00, 0x00, 0x00, 0x00, 0x00, 0x00, 0x00, 0x00, 0x00, 0x00, 0x00, 0x00, 
    0x00, 0x00, 0x00, 0x00, 0x00, 0x00, 0x00, 0x00, 0x00, 0x00, 0x00, 0x00, 0x00, 0x00, 0x00, 0x00, 
    0x00, 0x00, 0x00, 0x00, 0x00, 0x00, 0x00, 0x00, 0x00, 0x00, 0x00, 0x00, 0x00, 0x00, 0x00, 0x00, 
    0x00, 0x00, 0x00, 0x00, 0x00, 0x00, 0x00, 0x00, 0x00, 0x00, 0x00, 0x00, 0x00, 0x00, 0x00, 0x00, 
    0x00, 0x00, 0x00, 0x00, 0x00, 0x00, 0x00, 0x00, 0x00, 0x00, 0x00, 0x00, 0x00, 0x00, 0x00, 0x00, 
    0x00, 0x00, 0x00, 0x00, 0x00, 0x00, 0x00, 0x00, 0x00, 0x00, 0x00, 0x00, 0x00, 0x00, 0x00, 0x00, 
      },
  {
    0x00, 0x00, 0x00, 0x00, 0x00, 0x00, 0x00, 0x00, 0x00, 0x00, 0x00, 0x00, 0x00, 0x00, 0x00, 0x00, 
    0x00, 0x00, 0x00, 0x00, 0x00, 0x00, 0x00, 0x00, 0x00, 0x00, 0x00, 0x00, 0x00, 0x00, 0x00, 0x00, 
    0x00, 0x00, 0x00, 0x00, 0x00, 0x00, 0x00, 0x00, 0x00, 0x00, 0x00, 0x00, 0x00, 0x00, 0x00, 0x00, 
    0x00, 0x00, 0x00, 0x00, 0x00, 0x00, 0x00, 0x00, 0x00, 0x00, 0x00, 0x00, 0x00, 0x00, 0x00, 0x00, 
    0x00, 0x00, 0x00, 0x00, 0x00, 0x00, 0x00, 0x00, 0x00, 0x00, 0x00, 0x00, 0x00, 0x00, 0x00, 0x00, 
    0x00, 0x00, 0x00, 0x00, 0x00, 0x00, 0x00, 0x00, 0x00, 0x00, 0x00, 0x00, 0x00, 0x00, 0x00, 0x00, 
    0x00, 0x00, 0xF0, 0x00, 0x0F, 0xFC, 0x00, 0x00, 0x00, 0x01, 0xF8, 0x00, 0x0F, 0xFF, 0xE0, 0x00, 
    0x00, 0x03, 0xFC, 0x00, 0x1F, 0xFF, 0xF0, 0x00, 0x00, 0x03, 0x0C, 0x00, 0x1C, 0x00, 0x78, 0x00, 
    0x00, 0x03, 0x0E, 0x00, 0x1C, 0x00, 0x78, 0x00, 0x00, 0x03, 0x0C, 0x00, 0x1C, 0x00, 0x78, 0x00, 
    0x00, 0x3F, 0xFF, 0xFF, 0xFE, 0x00, 0x78, 0x00, 0x00, 0x3F, 0xFF, 0xFF, 0xFF, 0xFF, 0xFC, 0x00, 
    0x00, 0x30, 0x01, 0xFF, 0xFF, 0xFF, 0xFE, 0x00, 0x00, 0x30, 0x00, 0x00, 0x00, 0x00, 0x0F, 0x00, 
    0x00, 0x70, 0x00, 0x00, 0x00, 0x00, 0x0F, 0x00, 0x00, 0x70, 0x80, 0x00, 0xFC, 0x00, 0x0E, 0x00, 
    0x00, 0x71, 0x80, 0x03, 0xFF, 0x80, 0x0E, 0x00, 0x00, 0x70, 0x80, 0x0F, 0xC7, 0xE0, 0x0E, 0x00, 
    0x00, 0x70, 0x00, 0x1E, 0x00, 0xF0, 0x0E, 0x00, 0x00, 0x70, 0x00, 0x1C, 0x00, 0x78, 0x0E, 0x00, 
    0x00, 0x7F, 0xFF, 0xF8, 0x00, 0x38, 0x0E, 0x00, 0x00, 0x7F, 0xFF, 0xF0, 0xFC, 0x1F, 0xFE, 0x00, 
    0x00, 0x7F, 0xFF, 0xE1, 0xFF, 0x1F, 0xFE, 0x00, 0x00, 0x70, 0x00, 0x63, 0x87, 0x0E, 0x3E, 0x00, 
    0x00, 0x70, 0x00, 0xE3, 0x03, 0x8E, 0x0E, 0x00, 0x00, 0x70, 0x00, 0xE3, 0x01, 0x8E, 0x0E, 0x00, 
    0x00, 0x70, 0x00, 0xE7, 0x01, 0x8E, 0x0E, 0x00, 0x00, 0x60, 0x00, 0xE3, 0x01, 0x8E, 0x0E, 0x00, 
    0x00, 0x60, 0x00, 0xE3, 0x03, 0x8E, 0x0E, 0x00, 0x00, 0x60, 0x00, 0x63, 0x87, 0x0E, 0x0E, 0x00, 
    0x00, 0x60, 0x00, 0x61, 0xFE, 0x1E, 0x0E, 0x00, 0x00, 0x60, 0x00, 0x70, 0xFC, 0x1C, 0x0E, 0x00, 
    0x00, 0x60, 0x00, 0x38, 0x00, 0x3C, 0x0E, 0x00, 0x00, 0x60, 0x00, 0x3C, 0x00, 0x78, 0x1E, 0x00, 
    0x00, 0x60, 0x00, 0x1E, 0x01, 0xF0, 0x1E, 0x00, 0x00, 0x60, 0x00, 0x0F, 0xCF, 0xE0, 0x1E, 0x00, 
    0x00, 0x60, 0x00, 0x03, 0xFF, 0xC0, 0x1E, 0x00, 0x00, 0x60, 0x00, 0x00, 0xFF, 0x00, 0x1E, 0x00, 
    0x00, 0x60, 0x00, 0x00, 0x00, 0x00, 0x1E, 0x00, 0x00, 0x60, 0x00, 0x00, 0x00, 0x00, 0x1E, 0x00, 
    0x00, 0x7F, 0xFF, 0xFF, 0xF0, 0x00, 0x1E, 0x00, 0x00, 0x7F, 0xFF, 0xFF, 0xFF, 0xFF, 0xFE, 0x00, 
    0x00, 0x1F, 0xFF, 0xFF, 0xFF, 0xFF, 0xFE, 0x00, 0x00, 0x00, 0x03, 0xFF, 0xFF, 0xFF, 0xFC, 0x00, 
    0x00, 0x00, 0x00, 0x00, 0x00, 0x00, 0x00, 0x00, 0x00, 0x00, 0x00, 0x00, 0x00, 0x00, 0x00, 0x00, 
    0x00, 0x00, 0x00, 0x00, 0x00, 0x00, 0x00, 0x00, 0x00, 0x00, 0x00, 0x00, 0x00, 0x00, 0x00, 0x00, 
    0x00, 0x00, 0x00, 0x00, 0x00, 0x00, 0x00, 0x00, 0x00, 0x00, 0x00, 0x00, 0x00, 0x00, 0x00, 0x00, 
    0x00, 0x00, 0x00, 0x00, 0x00, 0x00, 0x00, 0x00, 0x00, 0x00, 0x00, 0x00, 0x00, 0x00, 0x00, 0x00, 
    0x00, 0x00, 0x00, 0x00, 0x00, 0x00, 0x00, 0x00, 0x00, 0x00, 0x00, 0x00, 0x00, 0x00, 0x00, 0x00, 
    0x00, 0x00, 0x00, 0x00, 0x00, 0x00, 0x00, 0x00, 0x00, 0x00, 0x00, 0x00, 0x00, 0x00, 0x00, 0x00, 
      },
  {
    0x00, 0x00, 0x00, 0x00, 0x00, 0x00, 0x00, 0x00, 0x00, 0x00, 0x00, 0x00, 0x00, 0x00, 0x00, 0x00, 
    0x00, 0x00, 0x00, 0x00, 0x00, 0x00, 0x00, 0x00, 0x00, 0x00, 0x00, 0x00, 0x00, 0x00, 0x00, 0x00, 
    0x00, 0x00, 0x00, 0x00, 0x00, 0x00, 0x00, 0x00, 0x00, 0x00, 0x00, 0x00, 0x00, 0x00, 0x00, 0x00, 
    0x00, 0x00, 0x00, 0x00, 0x00, 0x00, 0x00, 0x00, 0x00, 0x00, 0x00, 0x00, 0x00, 0x00, 0x00, 0x00, 
    0x00, 0x00, 0x00, 0x00, 0x00, 0x00, 0x00, 0x00, 0x00, 0x00, 0x00, 0x00, 0x00, 0x00, 0x00, 0x00, 
    0x00, 0x00, 0x00, 0x00, 0x00, 0x00, 0x00, 0x00, 0x00, 0x00, 0x00, 0x00, 0x00, 0x00, 0x00, 0x00, 
    0x00, 0x00, 0xF8, 0x00, 0x0F, 0xFE, 0x00, 0x00, 0x00, 0x01, 0xFC, 0x00, 0x0F, 0xFF, 0xE0, 0x00, 
    0x00, 0x03, 0xDC, 0x00, 0x0F, 0xFF, 0xF8, 0x00, 0x00, 0x03, 0x8E, 0x00, 0x1C, 0x00, 0x78, 0x00, 
    0x00, 0x03, 0x0E, 0x00, 0x1C, 0x00, 0x78, 0x00, 0x00, 0x03, 0x0E, 0x00, 0x1C, 0x00, 0x78, 0x00, 
    0x00, 0x3F, 0xFF, 0xFF, 0xFF, 0xC0, 0x78, 0x00, 0x00, 0x3F, 0xFF, 0xFF, 0xFF, 0xFF, 0xFC, 0x00, 
    0x00, 0x30, 0x00, 0x07, 0xFF, 0xFF, 0xFE, 0x00, 0x00, 0x30, 0x00, 0x00, 0x00, 0x00, 0x0F, 0x00, 
    0x00, 0x30, 0x00, 0x00, 0x00, 0x00, 0x0F, 0x00, 0x00, 0x31, 0x80, 0x01, 0xFE, 0x00, 0x0F, 0x00, 
    0x00, 0x31, 0x80, 0x07, 0xFF, 0x80, 0x0F, 0x00, 0x00, 0x30, 0x00, 0x0F, 0x87, 0xE0, 0x0E, 0x00, 
    0x00, 0x70, 0x00, 0x1E, 0x01, 0xF0, 0x0E, 0x00, 0x00, 0x70, 0x00, 0x38, 0x00, 0x78, 0x0E, 0x00, 
    0x00, 0x7F, 0xFF, 0xF0, 0x30, 0x38, 0x0E, 0x00, 0x00, 0x7F, 0xFF, 0xF0, 0xFC, 0x3F, 0xFE, 0x00, 
    0x00, 0x70, 0x0F, 0xE1, 0xFE, 0x1F, 0xFE, 0x00, 0x00, 0x70, 0x00, 0xE3, 0x87, 0x1E, 0x1E, 0x00, 
    0x00, 0x70, 0x00, 0xC3, 0x03, 0x0E, 0x0E, 0x00, 0x00, 0x70, 0x00, 0xC7, 0x03, 0x8E, 0x0E, 0x00, 
    0x00, 0x70, 0x00, 0xC7, 0x03, 0x8E, 0x1E, 0x00, 0x00, 0x70, 0x00, 0xC7, 0x03, 0x8E, 0x1E, 0x00, 
    0x00, 0x70, 0x00, 0xE3, 0x03, 0x1E, 0x1E, 0x00, 0x00, 0x60, 0x00, 0xE3, 0xCF, 0x1E, 0x1E, 0x00, 
    0x00, 0x60, 0x00, 0x61, 0xFE, 0x1C, 0x1E, 0x00, 0x00, 0x60, 0x00, 0x70, 0xFC, 0x3C, 0x1E, 0x00, 
    0x00, 0x60, 0x00, 0x38, 0x00, 0x78, 0x1E, 0x00, 0x00, 0x60, 0x00, 0x3C, 0x00, 0xF8, 0x1E, 0x00, 
    0x00, 0x60, 0x00, 0x1E, 0x01, 0xF0, 0x1E, 0x00, 0x00, 0x60, 0x00, 0x0F, 0xFF, 0xE0, 0x1E, 0x00, 
    0x00, 0x60, 0x00, 0x03, 0xFF, 0x80, 0x1E, 0x00, 0x00, 0x60, 0x00, 0x00, 0x7E, 0x00, 0x1E, 0x00, 
    0x00, 0x60, 0x00, 0x00, 0x00, 0x00, 0x1E, 0x00, 0x00, 0x60, 0x00, 0x00, 0x00, 0x00, 0x1E, 0x00, 
    0x00, 0x7F, 0xFF, 0xFF, 0xFF, 0x00, 0x1E, 0x00, 0x00, 0x7F, 0xFF, 0xFF, 0xFF, 0xFF, 0xFE, 0x00, 
    0x00, 0x0F, 0xFF, 0xFF, 0xFF, 0xFF, 0xFE, 0x00, 0x00, 0x00, 0x00, 0xFF, 0xFF, 0xFF, 0xFC, 0x00, 
    0x00, 0x00, 0x00, 0x00, 0x00, 0x00, 0x00, 0x00, 0x00, 0x00, 0x00, 0x00, 0x00, 0x00, 0x00, 0x00, 
    0x00, 0x00, 0x00, 0x00, 0x00, 0x00, 0x00, 0x00, 0x00, 0x00, 0x00, 0x00, 0x00, 0x00, 0x00, 0x00, 
    0x00, 0x00, 0x00, 0x00, 0x00, 0x00, 0x00, 0x00, 0x00, 0x00, 0x00, 0x00, 0x00, 0x00, 0x00, 0x00, 
    0x00, 0x00, 0x00, 0x00, 0x00, 0x00, 0x00, 0x00, 0x00, 0x00, 0x00, 0x00, 0x00, 0x00, 0x00, 0x00, 
    0x00, 0x00, 0x00, 0x00, 0x00, 0x00, 0x00, 0x00, 0x00, 0x00, 0x00, 0x00, 0x00, 0x00, 0x00, 0x00, 
    0x00, 0x00, 0x00, 0x00, 0x00, 0x00, 0x00, 0x00, 0x00, 0x00, 0x00, 0x00, 0x00, 0x00, 0x00, 0x00, 
      },
  {
    0x00, 0x00, 0x00, 0x00, 0x00, 0x00, 0x00, 0x00, 0x00, 0x00, 0x00, 0x00, 0x00, 0x00, 0x00, 0x00, 
    0x00, 0x00, 0x00, 0x00, 0x00, 0x00, 0x00, 0x00, 0x00, 0x00, 0x00, 0x00, 0x00, 0x00, 0x00, 0x00, 
    0x00, 0x00, 0x00, 0x00, 0x00, 0x00, 0x00, 0x00, 0x00, 0x00, 0x00, 0x00, 0x00, 0x00, 0x00, 0x00, 
    0x00, 0x00, 0x00, 0x00, 0x00, 0x00, 0x00, 0x00, 0x00, 0x00, 0x00, 0x00, 0x00, 0x00, 0x00, 0x00, 
    0x00, 0x00, 0x00, 0x00, 0x00, 0x00, 0x00, 0x00, 0x00, 0x00, 0x00, 0x00, 0x00, 0x00, 0x00, 0x00, 
    0x00, 0x00, 0x00, 0x00, 0x00, 0x00, 0x00, 0x00, 0x00, 0x00, 0x00, 0x00, 0x00, 0x00, 0x00, 0x00, 
    0x00, 0x00, 0xF8, 0x00, 0x0F, 0xFF, 0x00, 0x00, 0x00, 0x01, 0xFC, 0x00, 0x0F, 0xFF, 0xE0, 0x00, 
    0x00, 0x01, 0x8E, 0x00, 0x0F, 0xFF, 0xF8, 0x00, 0x00, 0x03, 0x8E, 0x00, 0x0C, 0x00, 0x78, 0x00, 
    0x00, 0x03, 0x86, 0x00, 0x0C, 0x00, 0x78, 0x00, 0x00, 0x1F, 0xCE, 0x00, 0x0C, 0x00, 0x78, 0x00, 
    0x00, 0x3F, 0xFF, 0xFF, 0xFF, 0xF0, 0x78, 0x00, 0x00, 0x3F, 0xFF, 0xFF, 0xFF, 0xFF, 0xFC, 0x00, 
    0x00, 0x30, 0x00, 0x00, 0x7F, 0xFF, 0xFE, 0x00, 0x00, 0x30, 0x00, 0x00, 0x00, 0x00, 0x0F, 0x00, 
    0x00, 0x30, 0x00, 0x00, 0x00, 0x00, 0x0F, 0x00, 0x00, 0x31, 0x80, 0x01, 0xFE, 0x00, 0x0F, 0x00, 
    0x00, 0x31, 0x80, 0x07, 0xFF, 0x80, 0x0F, 0x00, 0x00, 0x30, 0x00, 0x0F, 0x03, 0xE0, 0x0F, 0x00, 
    0x00, 0x30, 0x00, 0x1C, 0x01, 0xF0, 0x0F, 0x00, 0x00, 0x30, 0x00, 0x38, 0x00, 0x78, 0x0E, 0x00, 
    0x00, 0x7F, 0xFF, 0xF0, 0x78, 0x78, 0x0E, 0x00, 0x00, 0x7F, 0xFF, 0xE1, 0xFC, 0x3F, 0xFE, 0x00, 
    0x00, 0x70, 0x00, 0xE3, 0xFE, 0x1F, 0xFE, 0x00, 0x00, 0x70, 0x00, 0xC3, 0x07, 0x1E, 0x1E, 0x00, 
    0x00, 0x70, 0x00, 0xC7, 0x03, 0x1E, 0x1E, 0x00, 0x00, 0x70, 0x00, 0xC6, 0x03, 0x1E, 0x1E, 0x00, 
    0x00, 0x70, 0x00, 0xC6, 0x03, 0x1E, 0x1E, 0x00, 0x00, 0x70, 0x00, 0xC7, 0x03, 0x1E, 0x1E, 0x00, 
    0x00, 0x70, 0x00, 0xC7, 0x07, 0x1E, 0x1E, 0x00, 0x00, 0x70, 0x00, 0xE3, 0xDE, 0x1C, 0x1E, 0x00, 
    0x00, 0x60, 0x00, 0x61, 0xFC, 0x3C, 0x1E, 0x00, 0x00, 0x60, 0x00, 0x70, 0xF8, 0x7C, 0x1E, 0x00, 
    0x00, 0x60, 0x00, 0x38, 0x00, 0x78, 0x1E, 0x00, 0x00, 0x60, 0x00, 0x3C, 0x00, 0xF0, 0x1E, 0x00, 
    0x00, 0x60, 0x00, 0x1E, 0x03, 0xE0, 0x1E, 0x00, 0x00, 0x60, 0x00, 0x0F, 0xFF, 0xC0, 0x1E, 0x00, 
    0x00, 0x60, 0x00, 0x03, 0xFF, 0x80, 0x1E, 0x00, 0x00, 0x60, 0x00, 0x00, 0x3C, 0x00, 0x1E, 0x00, 
    0x00, 0x60, 0x00, 0x00, 0x00, 0x00, 0x1E, 0x00, 0x00, 0x7F, 0x80, 0x00, 0x00, 0x00, 0x1E, 0x00, 
    0x00, 0x7F, 0xFF, 0xFF, 0xFF, 0xC0, 0x1E, 0x00, 0x00, 0x7F, 0xFF, 0xFF, 0xFF, 0xFF, 0xFE, 0x00, 
    0x00, 0x07, 0xFF, 0xFF, 0xFF, 0xFF, 0xFC, 0x00, 0x00, 0x00, 0x00, 0xFF, 0xFF, 0xFF, 0xFC, 0x00, 
    0x00, 0x00, 0x00, 0x00, 0x00, 0x00, 0x38, 0x00, 0x00, 0x00, 0x00, 0x00, 0x00, 0x00, 0x00, 0x00, 
    0x00, 0x00, 0x00, 0x00, 0x00, 0x00, 0x00, 0x00, 0x00, 0x00, 0x00, 0x00, 0x00, 0x00, 0x00, 0x00, 
    0x00, 0x00, 0x00, 0x00, 0x00, 0x00, 0x00, 0x00, 0x00, 0x00, 0x00, 0x00, 0x00, 0x00, 0x00, 0x00, 
    0x00, 0x00, 0x00, 0x00, 0x00, 0x00, 0x00, 0x00, 0x00, 0x00, 0x00, 0x00, 0x00, 0x00, 0x00, 0x00, 
    0x00, 0x00, 0x00, 0x00, 0x00, 0x00, 0x00, 0x00, 0x00, 0x00, 0x00, 0x00, 0x00, 0x00, 0x00, 0x00, 
    0x00, 0x00, 0x00, 0x00, 0x00, 0x00, 0x00, 0x00, 0x00, 0x00, 0x00, 0x00, 0x00, 0x00, 0x00, 0x00, 
      },
  {
    0x00, 0x00, 0x00, 0x00, 0x00, 0x00, 0x00, 0x00, 0x00, 0x00, 0x00, 0x00, 0x00, 0x00, 0x00, 0x00, 
    0x00, 0x00, 0x00, 0x00, 0x00, 0x00, 0x00, 0x00, 0x00, 0x00, 0x00, 0x00, 0x00, 0x00, 0x00, 0x00, 
    0x00, 0x00, 0x00, 0x00, 0x00, 0x00, 0x00, 0x00, 0x00, 0x00, 0x00, 0x00, 0x00, 0x00, 0x00, 0x00, 
    0x00, 0x00, 0x00, 0x00, 0x00, 0x00, 0x00, 0x00, 0x00, 0x00, 0x00, 0x00, 0x00, 0x00, 0x00, 0x00, 
    0x00, 0x00, 0x00, 0x00, 0x00, 0x00, 0x00, 0x00, 0x00, 0x00, 0x00, 0x00, 0x00, 0x00, 0x00, 0x00, 
    0x00, 0x00, 0x00, 0x00, 0x00, 0x00, 0x00, 0x00, 0x00, 0x00, 0x20, 0x00, 0x00, 0x00, 0x00, 0x00, 
    0x00, 0x00, 0xFC, 0x00, 0x0F, 0xFF, 0xC0, 0x00, 0x00, 0x01, 0xFC, 0x00, 0x0F, 0xFF, 0xE0, 0x00, 
    0x00, 0x01, 0x8E, 0x00, 0x0C, 0xFF, 0xF8, 0x00, 0x00, 0x01, 0x86, 0x00, 0x0C, 0x00, 0x78, 0x00, 
    0x00, 0x01, 0x86, 0x00, 0x0C, 0x00, 0x78, 0x00, 0x00, 0x3F, 0xFF, 0x00, 0x0C, 0x00, 0x78, 0x00, 
    0x00, 0x3F, 0xFF, 0xFF, 0xFF, 0xFC, 0xF8, 0x00, 0x00, 0x39, 0xFF, 0xFF, 0xFF, 0xFF, 0xFC, 0x00, 
    0x00, 0x30, 0x00, 0x00, 0x07, 0xFF, 0xFE, 0x00, 0x00, 0x30, 0x00, 0x00, 0x00, 0x00, 0x0F, 0x00, 
    0x00, 0x30, 0x00, 0x00, 0x60, 0x00, 0x0F, 0x00, 0x00, 0x31, 0xC0, 0x03, 0xFF, 0x00, 0x0F, 0x00, 
    0x00, 0x30, 0x80, 0x0F, 0xFF, 0xC0, 0x0F, 0x00, 0x00, 0x30, 0x00, 0x1E, 0x03, 0xE0, 0x1F, 0x00, 
    0x00, 0x30, 0x00, 0x3C, 0x01, 0xF0, 0x1F, 0x00, 0x00, 0x3F, 0x80, 0x70, 0x00, 0xF8, 0x1F, 0x00, 
    0x00, 0x3F, 0xFF, 0xF0, 0xF8, 0x78, 0x1E, 0x00, 0x00, 0x3F, 0xFF, 0xE1, 0xFC, 0x3F, 0xFE, 0x00, 
    0x00, 0x70, 0x00, 0xE3, 0x9E, 0x3F, 0xFE, 0x00, 0x00, 0x70, 0x00, 0xC7, 0x07, 0x1E, 0x1E, 0x00, 
    0x00, 0x70, 0x00, 0xC6, 0x07, 0x1E, 0x1E, 0x00, 0x00, 0x70, 0x01, 0xC6, 0x03, 0x1E, 0x1E, 0x00, 
    0x00, 0x70, 0x01, 0xC6, 0x03, 0x1E, 0x1E, 0x00, 0x00, 0x70, 0x00, 0xC6, 0x07, 0x1E, 0x1E, 0x00, 
    0x00, 0x70, 0x00, 0xC7, 0x0E, 0x3C, 0x1E, 0x00, 0x00, 0x70, 0x00, 0xC3, 0xFE, 0x3C, 0x1E, 0x00, 
    0x00, 0x60, 0x00, 0xE1, 0xFC, 0x3C, 0x1E, 0x00, 0x00, 0x60, 0x00, 0x70, 0xF0, 0x78, 0x1E, 0x00, 
    0x00, 0x60, 0x00, 0x70, 0x00, 0xF8, 0x1E, 0x00, 0x00, 0x60, 0x00, 0x3C, 0x01, 0xF0, 0x1E, 0x00, 
    0x00, 0x60, 0x00, 0x1F, 0x07, 0xE0, 0x1E, 0x00, 0x00, 0x60, 0x00, 0x0F, 0xFF, 0xC0, 0x1E, 0x00, 
    0x00, 0x60, 0x00, 0x03, 0xFF, 0x00, 0x3E, 0x00, 0x00, 0x60, 0x00, 0x00, 0x38, 0x00, 0x3E, 0x00, 
    0x00, 0x60, 0x00, 0x00, 0x00, 0x00, 0x3E, 0x00, 0x00, 0x7F, 0xFC, 0x00, 0x00, 0x00, 0x3E, 0x00, 
    0x00, 0x7F, 0xFF, 0xFF, 0xFF, 0xF8, 0x3C, 0x00, 0x00, 0x3F, 0xFF, 0xFF, 0xFF, 0xFF, 0xFC, 0x00, 
    0x00, 0x07, 0xFF, 0xFF, 0xFF, 0xFF, 0xFC, 0x00, 0x00, 0x00, 0x00, 0x7F, 0xFF, 0xFF, 0xFC, 0x00, 
    0x00, 0x00, 0x00, 0x00, 0x00, 0x01, 0xFC, 0x00, 0x00, 0x00, 0x00, 0x00, 0x00, 0x00, 0x00, 0x00, 
    0x00, 0x00, 0x00, 0x00, 0x00, 0x00, 0x00, 0x00, 0x00, 0x00, 0x00, 0x00, 0x00, 0x00, 0x00, 0x00, 
    0x00, 0x00, 0x00, 0x00, 0x00, 0x00, 0x00, 0x00, 0x00, 0x00, 0x00, 0x00, 0x00, 0x00, 0x00, 0x00, 
    0x00, 0x00, 0x00, 0x00, 0x00, 0x00, 0x00, 0x00, 0x00, 0x00, 0x00, 0x00, 0x00, 0x00, 0x00, 0x00, 
    0x00, 0x00, 0x00, 0x00, 0x00, 0x00, 0x00, 0x00, 0x00, 0x00, 0x00, 0x00, 0x00, 0x00, 0x00, 0x00, 
    0x00, 0x00, 0x00, 0x00, 0x00, 0x00, 0x00, 0x00, 0x00, 0x00, 0x00, 0x00, 0x00, 0x00, 0x00, 0x00, 
      },
  {
    0x00, 0x00, 0x00, 0x00, 0x00, 0x00, 0x00, 0x00, 0x00, 0x00, 0x00, 0x00, 0x00, 0x00, 0x00, 0x00, 
    0x00, 0x00, 0x00, 0x00, 0x00, 0x00, 0x00, 0x00, 0x00, 0x00, 0x00, 0x00, 0x00, 0x00, 0x00, 0x00, 
    0x00, 0x00, 0x00, 0x00, 0x00, 0x00, 0x00, 0x00, 0x00, 0x00, 0x00, 0x00, 0x00, 0x00, 0x00, 0x00, 
    0x00, 0x00, 0x00, 0x00, 0x00, 0x00, 0x00, 0x00, 0x00, 0x00, 0x00, 0x00, 0x00, 0x00, 0x00, 0x00, 
    0x00, 0x00, 0x00, 0x00, 0x00, 0x00, 0x00, 0x00, 0x00, 0x00, 0x00, 0x00, 0x00, 0x00, 0x00, 0x00, 
    0x00, 0x00, 0x00, 0x00, 0x00, 0x00, 0x00, 0x00, 0x00, 0x00, 0x38, 0x00, 0x00, 0x00, 0x00, 0x00, 
    0x00, 0x00, 0xFC, 0x00, 0x0F, 0xFF, 0xC0, 0x00, 0x00, 0x01, 0xFE, 0x00, 0x0F, 0xFF, 0xE0, 0x00, 
    0x00, 0x01, 0xC6, 0x00, 0x0C, 0x3F, 0xF8, 0x00, 0x00, 0x01, 0x86, 0x00, 0x0C, 0x00, 0x78, 0x00, 
    0x00, 0x01, 0x86, 0x00, 0x0C, 0x00, 0x7C, 0x00, 0x00, 0x3F, 0xFF, 0xF0, 0x0C, 0x00, 0x78, 0x00, 
    0x00, 0x3F, 0xFF, 0xFF, 0xFF, 0xFE, 0xF8, 0x00, 0x00, 0x38, 0x07, 0xFF, 0xFF, 0xFF, 0xFC, 0x00, 
    0x00, 0x38, 0x00, 0x00, 0x00, 0xFF, 0xFE, 0x00, 0x00, 0x38, 0x00, 0x00, 0x00, 0x00, 0x0F, 0x00, 
    0x00, 0x30, 0x80, 0x00, 0xF0, 0x00, 0x1F, 0x00, 0x00, 0x31, 0xC0, 0x07, 0xFF, 0x00, 0x1F, 0x00, 
    0x00, 0x30, 0x80, 0x0F, 0xFF, 0xC0, 0x1F, 0x00, 0x00, 0x30, 0x00, 0x1C, 0x03, 0xE0, 0x1F, 0x00, 
    0x00, 0x30, 0x00, 0x38, 0x01, 0xF0, 0x1F, 0x00, 0x00, 0x3F, 0xFE, 0x70, 0x00, 0xF8, 0x1F, 0x00, 
    0x00, 0x3F, 0xFF, 0xE1, 0xF8, 0x78, 0x1F, 0x00, 0x00, 0x31, 0xFF, 0xE3, 0xFC, 0x7F, 0xFE, 0x00, 
    0x00, 0x30, 0x00, 0xC7, 0x9E, 0x3F, 0xFE, 0x00, 0x00, 0x30, 0x01, 0xC6, 0x06, 0x3C, 0x1E, 0x00, 
    0x00, 0x70, 0x01, 0xCE, 0x06, 0x3C, 0x1E, 0x00, 0x00, 0x70, 0x01, 0xCE, 0x07, 0x3C, 0x1E, 0x00, 
    0x00, 0x70, 0x01, 0xCE, 0x06, 0x3C, 0x1E, 0x00, 0x00, 0x70, 0x01, 0xC6, 0x06, 0x3C, 0x1E, 0x00, 
    0x00, 0x70, 0x00, 0xC7, 0x0E, 0x3C, 0x1E, 0x00, 0x00, 0x70, 0x00, 0xC3, 0xFC, 0x7C, 0x1E, 0x00, 
    0x00, 0x60, 0x00, 0xE1, 0xF8, 0x7C, 0x1E, 0x00, 0x00, 0x60, 0x00, 0x60, 0x60, 0xF8, 0x3E, 0x00, 
    0x00, 0x60, 0x00, 0x70, 0x01, 0xF0, 0x3E, 0x00, 0x00, 0x60, 0x00, 0x3C, 0x03, 0xF0, 0x3E, 0x00, 
    0x00, 0x60, 0x00, 0x1F, 0x1F, 0xE0, 0x3E, 0x00, 0x00, 0x60, 0x00, 0x0F, 0xFF, 0xC0, 0x3E, 0x00, 
    0x00, 0x60, 0x00, 0x03, 0xFF, 0x00, 0x3E, 0x00, 0x00, 0x60, 0x00, 0x00, 0x10, 0x00, 0x3E, 0x00, 
    0x00, 0x60, 0x00, 0x00, 0x00, 0x00, 0x3C, 0x00, 0x00, 0x7F, 0xFF, 0xE0, 0x00, 0x00, 0x3C, 0x00, 
    0x00, 0x7F, 0xFF, 0xFF, 0xFF, 0xFC, 0x3C, 0x00, 0x00, 0x1F, 0xFF, 0xFF, 0xFF, 0xFF, 0xFC, 0x00, 
    0x00, 0x03, 0xFF, 0xFF, 0xFF, 0xFF, 0xFC, 0x00, 0x00, 0x00, 0x00, 0x7F, 0xFF, 0xFF, 0xFC, 0x00, 
    0x00, 0x00, 0x00, 0x00, 0x00, 0x07, 0xFC, 0x00, 0x00, 0x00, 0x00, 0x00, 0x00, 0x00, 0x00, 0x00, 
    0x00, 0x00, 0x00, 0x00, 0x00, 0x00, 0x00, 0x00, 0x00, 0x00, 0x00, 0x00, 0x00, 0x00, 0x00, 0x00, 
    0x00, 0x00, 0x00, 0x00, 0x00, 0x00, 0x00, 0x00, 0x00, 0x00, 0x00, 0x00, 0x00, 0x00, 0x00, 0x00, 
    0x00, 0x00, 0x00, 0x00, 0x00, 0x00, 0x00, 0x00, 0x00, 0x00, 0x00, 0x00, 0x00, 0x00, 0x00, 0x00, 
    0x00, 0x00, 0x00, 0x00, 0x00, 0x00, 0x00, 0x00, 0x00, 0x00, 0x00, 0x00, 0x00, 0x00, 0x00, 0x00, 
    0x00, 0x00, 0x00, 0x00, 0x00, 0x00, 0x00, 0x00, 0x00, 0x00, 0x00, 0x00, 0x00, 0x00, 0x00, 0x00, 
      },
  {
    0x00, 0x00, 0x00, 0x00, 0x00, 0x00, 0x00, 0x00, 0x00, 0x00, 0x00, 0x00, 0x00, 0x00, 0x00, 0x00, 
    0x00, 0x00, 0x00, 0x00, 0x00, 0x00, 0x00, 0x00, 0x00, 0x00, 0x00, 0x00, 0x00, 0x00, 0x00, 0x00, 
    0x00, 0x00, 0x00, 0x00, 0x00, 0x00, 0x00, 0x00, 0x00, 0x00, 0x00, 0x00, 0x00, 0x00, 0x00, 0x00, 
    0x00, 0x00, 0x00, 0x00, 0x00, 0x00, 0x00, 0x00, 0x00, 0x00, 0x00, 0x00, 0x00, 0x00, 0x00, 0x00, 
    0x00, 0x00, 0x00, 0x00, 0x00, 0x00, 0x00, 0x00, 0x00, 0x00, 0x00, 0x00, 0x00, 0x00, 0x00, 0x00, 
    0x00, 0x00, 0x00, 0x00, 0x00, 0x00, 0x00, 0x00, 0x00, 0x00, 0x78, 0x00, 0x00, 0x00, 0x00, 0x00, 
    0x00, 0x00, 0xFE, 0x00, 0x0F, 0xFF, 0xC0, 0x00, 0x00, 0x01, 0xEE, 0x00, 0x0F, 0xFF, 0xE0, 0x00, 
    0x00, 0x01, 0xC7, 0x00, 0x0C, 0x0F, 0xF8, 0x00, 0x00, 0x01, 0x87, 0x00, 0x0C, 0x00, 0x7C, 0x00, 
    0x00, 0x1F, 0xC7, 0x00, 0x0C, 0x00, 0x7C, 0x00, 0x00, 0x1F, 0xFF, 0xFF, 0x0C, 0x00, 0x7C, 0x00, 
    0x00, 0x3F, 0xFF, 0xFF, 0xFF, 0xFF, 0xFC, 0x00, 0x00, 0x38, 0x00, 0x7F, 0xFF, 0xFF, 0xFC, 0x00, 
    0x00, 0x38, 0x00, 0x00, 0x00, 0x3F, 0xFE, 0x00, 0x00, 0x38, 0x00, 0x00, 0x00, 0x00, 0x1F, 0x00, 
    0x00, 0x38, 0xC0, 0x01, 0xF8, 0x00, 0x1F, 0x00, 0x00, 0x38, 0xC0, 0x07, 0xFF, 0x00, 0x1F, 0x00, 
    0x00, 0x30, 0x00, 0x1F, 0x1F, 0xC0, 0x1F, 0x00, 0x00, 0x30, 0x00, 0x3C, 0x03, 0xE0, 0x1F, 0x00, 
    0x00, 0x30, 0x00, 0x70, 0x01, 0xF0, 0x1F, 0x00, 0x00, 0x3F, 0xFF, 0xE0, 0x40, 0xF0, 0x1F, 0x00, 
    0x00, 0x3F, 0xFF, 0xE1, 0xF8, 0x78, 0x1F, 0x00, 0x00, 0x30, 0x0F, 0xC3, 0xFC, 0x7F, 0xFF, 0x00, 
    0x00, 0x30, 0x01, 0xC7, 0x1C, 0x7F, 0xFE, 0x00, 0x00, 0x30, 0x01, 0xCE, 0x0E, 0x3C, 0x1E, 0x00, 
    0x00, 0x30, 0x01, 0x8E, 0x06, 0x3C, 0x1E, 0x00, 0x00, 0x70, 0x01, 0x8C, 0x06, 0x3C, 0x1E, 0x00, 
    0x00, 0x70, 0x01, 0x8E, 0x06, 0x3C, 0x1E, 0x00, 0x00, 0x70, 0x01, 0x8E, 0x0E, 0x3C, 0x3E, 0x00, 
    0x00, 0x70, 0x01, 0xC7, 0x1C, 0x7C, 0x3E, 0x00, 0x00, 0x70, 0x00, 0xC3, 0xF8, 0x7C, 0x3E, 0x00, 
    0x00, 0x70, 0x00, 0xE1, 0xF0, 0xF8, 0x3E, 0x00, 0x00, 0x60, 0x00, 0xE0, 0x00, 0xF8, 0x3E, 0x00, 
    0x00, 0x60, 0x00, 0x70, 0x01, 0xF0, 0x3E, 0x00, 0x00, 0x60, 0x00, 0x3C, 0x07, 0xE0, 0x3E, 0x00, 
    0x00, 0x60, 0x00, 0x1F, 0xFF, 0xC0, 0x3E, 0x00, 0x00, 0x60, 0x00, 0x0F, 0xFF, 0x80, 0x3E, 0x00, 
    0x00, 0x60, 0x00, 0x01, 0xFE, 0x00, 0x3E, 0x00, 0x00, 0x60, 0x00, 0x00, 0x00, 0x00, 0x3C, 0x00, 
    0x00, 0x7C, 0x00, 0x00, 0x00, 0x00, 0x3C, 0x00, 0x00, 0x7F, 0xFF, 0xFE, 0x00, 0x00, 0x3C, 0x00, 
    0x00, 0x7F, 0xFF, 0xFF, 0xFF, 0xFF, 0x7C, 0x00, 0x00, 0x0F, 0xFF, 0xFF, 0xFF, 0xFF, 0xFC, 0x00, 
    0x00, 0x03, 0xFF, 0xFF, 0xFF, 0xFF, 0xFC, 0x00, 0x00, 0x00, 0x00, 0x3F, 0xFF, 0xFF, 0xFC, 0x00, 
    0x00, 0x00, 0x00, 0x00, 0x00, 0x1F, 0xFC, 0x00, 0x00, 0x00, 0x00, 0x00, 0x00, 0x00, 0x00, 0x00, 
    0x00, 0x00, 0x00, 0x00, 0x00, 0x00, 0x00, 0x00, 0x00, 0x00, 0x00, 0x00, 0x00, 0x00, 0x00, 0x00, 
    0x00, 0x00, 0x00, 0x00, 0x00, 0x00, 0x00, 0x00, 0x00, 0x00, 0x00, 0x00, 0x00, 0x00, 0x00, 0x00, 
    0x00, 0x00, 0x00, 0x00, 0x00, 0x00, 0x00, 0x00, 0x00, 0x00, 0x00, 0x00, 0x00, 0x00, 0x00, 0x00, 
    0x00, 0x00, 0x00, 0x00, 0x00, 0x00, 0x00, 0x00, 0x00, 0x00, 0x00, 0x00, 0x00, 0x00, 0x00, 0x00, 
    0x00, 0x00, 0x00, 0x00, 0x00, 0x00, 0x00, 0x00, 0x00, 0x00, 0x00, 0x00, 0x00, 0x00, 0x00, 0x00, 
      },
  {
    0x00, 0x00, 0x00, 0x00, 0x00, 0x00, 0x00, 0x00, 0x00, 0x00, 0x00, 0x00, 0x00, 0x00, 0x00, 0x00, 
    0x00, 0x00, 0x00, 0x00, 0x00, 0x00, 0x00, 0x00, 0x00, 0x00, 0x00, 0x00, 0x00, 0x00, 0x00, 0x00, 
    0x00, 0x00, 0x00, 0x00, 0x00, 0x00, 0x00, 0x00, 0x00, 0x00, 0x00, 0x00, 0x00, 0x00, 0x00, 0x00, 
    0x00, 0x00, 0x00, 0x00, 0x00, 0x00, 0x00, 0x00, 0x00, 0x00, 0x00, 0x00, 0x00, 0x00, 0x00, 0x00, 
    0x00, 0x00, 0x00, 0x00, 0x00, 0x00, 0x00, 0x00, 0x00, 0x00, 0x00, 0x00, 0x00, 0x00, 0x00, 0x00, 
    0x00, 0x00, 0x00, 0x00, 0x00, 0x00, 0x00, 0x00, 0x00, 0x00, 0x7C, 0x00, 0x00, 0x00, 0x00, 0x00, 
    0x00, 0x00, 0xFE, 0x00, 0x0F, 0xFF, 0xC0, 0x00, 0x00, 0x00, 0xE7, 0x00, 0x0F, 0xFF, 0xE0, 0x00, 
    0x00, 0x01, 0xC7, 0x00, 0x0C, 0x03, 0xF8, 0x00, 0x00, 0x01, 0xC3, 0x00, 0x0C, 0x00, 0x7C, 0x00, 
    0x00, 0x1F, 0xF7, 0x00, 0x0C, 0x00, 0x7C, 0x00, 0x00, 0x1F, 0xFF, 0xFF, 0xFC, 0x00, 0x6C, 0x00, 
    0x00, 0x1B, 0xFF, 0xFF, 0xFF, 0xFF, 0xFC, 0x00, 0x00, 0x18, 0x00, 0x07, 0xFF, 0xFF, 0xFC, 0x00, 
    0x00, 0x38, 0x00, 0x00, 0x00, 0x0F, 0xFE, 0x00, 0x00, 0x38, 0x00, 0x00, 0x00, 0x00, 0x1F, 0x00, 
    0x00, 0x38, 0xC0, 0x03, 0xF8, 0x00, 0x1F, 0x00, 0x00, 0x38, 0xC0, 0x0F, 0xFF, 0x00, 0x1F, 0x00, 
    0x00, 0x38, 0x00, 0x1E, 0x0F, 0xC0, 0x1F, 0x00, 0x00, 0x30, 0x00, 0x38, 0x03, 0xE0, 0x1F, 0x00, 
    0x00, 0x3E, 0x00, 0x70, 0x01, 0xF0, 0x1F, 0x00, 0x00, 0x3F, 0xFF, 0xE0, 0xE0, 0xF0, 0x1F, 0x00, 
    0x00, 0x3F, 0xFF, 0xC3, 0xF8, 0xF8, 0x1F, 0x00, 0x00, 0x30, 0x01, 0xC7, 0xFC, 0x7F, 0xFF, 0x00, 
    0x00, 0x30, 0x01, 0x8E, 0x1C, 0x7F, 0xFF, 0x00, 0x00, 0x30, 0x01, 0x8C, 0x0C, 0x7C, 0x3E, 0x00, 
    0x00, 0x30, 0x01, 0x8C, 0x0E, 0x7C, 0x3E, 0x00, 0x00, 0x30, 0x01, 0x8C, 0x0E, 0x7C, 0x3E, 0x00, 
    0x00, 0x70, 0x01, 0x8C, 0x0E, 0x7C, 0x3E, 0x00, 0x00, 0x70, 0x01, 0x8E, 0x1C, 0x7C, 0x3E, 0x00, 
    0x00, 0x70, 0x01, 0xC7, 0x3C, 0x7C, 0x3E, 0x00, 0x00, 0x70, 0x01, 0xC7, 0xF8, 0xF8, 0x3E, 0x00, 
    0x00, 0x70, 0x00, 0xC1, 0xE0, 0xF8, 0x3E, 0x00, 0x00, 0x60, 0x00, 0xE0, 0x01, 0xF0, 0x3E, 0x00, 
    0x00, 0x60, 0x00, 0x70, 0x03, 0xF0, 0x3E, 0x00, 0x00, 0x60, 0x00, 0x3C, 0x0F, 0xE0, 0x3E, 0x00, 
    0x00, 0x60, 0x00, 0x1F, 0xFF, 0xC0, 0x3E, 0x00, 0x00, 0x60, 0x00, 0x07, 0xFF, 0x80, 0x3E, 0x00, 
    0x00, 0x60, 0x00, 0x00, 0xFE, 0x00, 0x3C, 0x00, 0x00, 0x60, 0x00, 0x00, 0x00, 0x00, 0x7C, 0x00, 
    0x00, 0x7F, 0xE0, 0x00, 0x00, 0x00, 0x7C, 0x00, 0x00, 0x7F, 0xFF, 0xFF, 0xC0, 0x00, 0x7C, 0x00, 
    0x00, 0x3F, 0xFF, 0xFF, 0xFF, 0xFF, 0x7C, 0x00, 0x00, 0x0F, 0xFF, 0xFF, 0xFF, 0xFF, 0xFC, 0x00, 
    0x00, 0x01, 0xFF, 0xFF, 0xFF, 0xFF, 0xFC, 0x00, 0x00, 0x00, 0x00, 0x1F, 0xFF, 0xFF, 0xFC, 0x00, 
    0x00, 0x00, 0x00, 0x00, 0x00, 0x7F, 0xFC, 0x00, 0x00, 0x00, 0x00, 0x00, 0x00, 0x00, 0x00, 0x00, 
    0x00, 0x00, 0x00, 0x00, 0x00, 0x00, 0x00, 0x00, 0x00, 0x00, 0x00, 0x00, 0x00, 0x00, 0x00, 0x00, 
    0x00, 0x00, 0x00, 0x00, 0x00, 0x00, 0x00, 0x00, 0x00, 0x00, 0x00, 0x00, 0x00, 0x00, 0x00, 0x00, 
    0x00, 0x00, 0x00, 0x00, 0x00, 0x00, 0x00, 0x00, 0x00, 0x00, 0x00, 0x00, 0x00, 0x00, 0x00, 0x00, 
    0x00, 0x00, 0x00, 0x00, 0x00, 0x00, 0x00, 0x00, 0x00, 0x00, 0x00, 0x00, 0x00, 0x00, 0x00, 0x00, 
    0x00, 0x00, 0x00, 0x00, 0x00, 0x00, 0x00, 0x00, 0x00, 0x00, 0x00, 0x00, 0x00, 0x00, 0x00, 0x00, 
      },
  {
    0x00, 0x00, 0x00, 0x00, 0x00, 0x00, 0x00, 0x00, 0x00, 0x00, 0x00, 0x00, 0x00, 0x00, 0x00, 0x00, 
    0x00, 0x00, 0x00, 0x00, 0x00, 0x00, 0x00, 0x00, 0x00, 0x00, 0x00, 0x00, 0x00, 0x00, 0x00, 0x00, 
    0x00, 0x00, 0x00, 0x00, 0x00, 0x00, 0x00, 0x00, 0x00, 0x00, 0x00, 0x00, 0x00, 0x00, 0x00, 0x00, 
    0x00, 0x00, 0x00, 0x00, 0x00, 0x00, 0x00, 0x00, 0x00, 0x00, 0x00, 0x00, 0x00, 0x00, 0x00, 0x00, 
    0x00, 0x00, 0x00, 0x00, 0x00, 0x00, 0x00, 0x00, 0x00, 0x00, 0x00, 0x00, 0x00, 0x00, 0x00, 0x00, 
    0x00, 0x00, 0x18, 0x00, 0x00, 0x00, 0x00, 0x00, 0x00, 0x00, 0x7E, 0x00, 0x04, 0x00, 0x00, 0x00, 
    0x00, 0x00, 0xFE, 0x00, 0x0F, 0xFF, 0xC0, 0x00, 0x00, 0x00, 0xC7, 0x00, 0x0F, 0xFF, 0xE0, 0x00, 
    0x00, 0x00, 0xC3, 0x00, 0x0C, 0x01, 0xF8, 0x00, 0x00, 0x01, 0xC3, 0x00, 0x0C, 0x00, 0x7C, 0x00, 
    0x00, 0x1F, 0xFF, 0x00, 0x0C, 0x00, 0xFC, 0x00, 0x00, 0x1F, 0xFF, 0xFF, 0xFC, 0x00, 0xEC, 0x00, 
    0x00, 0x18, 0x1F, 0xFF, 0xFF, 0xFF, 0xFC, 0x00, 0x00, 0x18, 0x00, 0x00, 0xFF, 0xFF, 0xFC, 0x00, 
    0x00, 0x18, 0x00, 0x00, 0x00, 0x07, 0xFE, 0x00, 0x00, 0x18, 0x80, 0x00, 0xC0, 0x00, 0x1F, 0x00, 
    0x00, 0x38, 0xC0, 0x07, 0xFC, 0x00, 0x1F, 0x00, 0x00, 0x38, 0x80, 0x1F, 0xFF, 0x80, 0x1B, 0x00, 
    0x00, 0x38, 0x00, 0x3C, 0x0F, 0xC0, 0x1B, 0x00, 0x00, 0x38, 0x00, 0x70, 0x03, 0xE0, 0x1B, 0x00, 
    0x00, 0x3F, 0xF0, 0xE0, 0x01, 0xF0, 0x1B, 0x00, 0x00, 0x3F, 0xFF, 0xE1, 0xE1, 0xF0, 0x1F, 0x00, 
    0x00, 0x39, 0xFF, 0xC7, 0xF0, 0xFE, 0x3F, 0x00, 0x00, 0x30, 0x01, 0x8F, 0x38, 0xFF, 0xFF, 0x00, 
    0x00, 0x30, 0x01, 0x8E, 0x1C, 0x7F, 0xFF, 0x00, 0x00, 0x30, 0x01, 0x8C, 0x0C, 0x7C, 0x3F, 0x00, 
    0x00, 0x30, 0x03, 0x9C, 0x0C, 0x7C, 0x3E, 0x00, 0x00, 0x30, 0x03, 0x9C, 0x0C, 0x7C, 0x36, 0x00, 
    0x00, 0x70, 0x03, 0x8C, 0x1C, 0x7C, 0x36, 0x00, 0x00, 0x70, 0x01, 0x8E, 0x1C, 0xFC, 0x36, 0x00, 
    0x00, 0x70, 0x01, 0x8F, 0xF8, 0xF8, 0x36, 0x00, 0x00, 0x70, 0x01, 0xC7, 0xF0, 0xF8, 0x36, 0x00, 
    0x00, 0x70, 0x00, 0xC1, 0xC1, 0xF8, 0x36, 0x00, 0x00, 0x60, 0x00, 0xE0, 0x03, 0xF0, 0x3E, 0x00, 
    0x00, 0x60, 0x00, 0x70, 0x07, 0xE0, 0x3E, 0x00, 0x00, 0x60, 0x00, 0x3C, 0x1F, 0xE0, 0x7E, 0x00, 
    0x00, 0x60, 0x00, 0x1F, 0xFF, 0xC0, 0x7E, 0x00, 0x00, 0x60, 0x00, 0x07, 0xFF, 0x00, 0x7E, 0x00, 
    0x00, 0x60, 0x00, 0x00, 0xFC, 0x00, 0x7C, 0x00, 0x00, 0x60, 0x00, 0x00, 0x00, 0x00, 0x6C, 0x00, 
    0x00, 0xFF, 0xFE, 0x00, 0x00, 0x00, 0x6C, 0x00, 0x00, 0x7F, 0xFF, 0xFF, 0xF0, 0x00, 0x6C, 0x00, 
    0x00, 0x1F, 0xFF, 0xFF, 0xFF, 0xFF, 0xEC, 0x00, 0x00, 0x07, 0xFF, 0xFF, 0xFF, 0xFF, 0xFC, 0x00, 
    0x00, 0x01, 0xFF, 0xFF, 0xFF, 0xFF, 0xFC, 0x00, 0x00, 0x00, 0x00, 0x1F, 0xFF, 0xFF, 0xFC, 0x00, 
    0x00, 0x00, 0x00, 0x00, 0x00, 0x7F, 0xFC, 0x00, 0x00, 0x00, 0x00, 0x00, 0x00, 0x00, 0x00, 0x00, 
    0x00, 0x00, 0x00, 0x00, 0x00, 0x00, 0x00, 0x00, 0x00, 0x00, 0x00, 0x00, 0x00, 0x00, 0x00, 0x00, 
    0x00, 0x00, 0x00, 0x00, 0x00, 0x00, 0x00, 0x00, 0x00, 0x00, 0x00, 0x00, 0x00, 0x00, 0x00, 0x00, 
    0x00, 0x00, 0x00, 0x00, 0x00, 0x00, 0x00, 0x00, 0x00, 0x00, 0x00, 0x00, 0x00, 0x00, 0x00, 0x00, 
    0x00, 0x00, 0x00, 0x00, 0x00, 0x00, 0x00, 0x00, 0x00, 0x00, 0x00, 0x00, 0x00, 0x00, 0x00, 0x00, 
    0x00, 0x00, 0x00, 0x00, 0x00, 0x00, 0x00, 0x00, 0x00, 0x00, 0x00, 0x00, 0x00, 0x00, 0x00, 0x00, 
      },
  {
    0x00, 0x00, 0x00, 0x00, 0x00, 0x00, 0x00, 0x00, 0x00, 0x00, 0x00, 0x00, 0x00, 0x00, 0x00, 0x00, 
    0x00, 0x00, 0x00, 0x00, 0x00, 0x00, 0x00, 0x00, 0x00, 0x00, 0x00, 0x00, 0x00, 0x00, 0x00, 0x00, 
    0x00, 0x00, 0x00, 0x00, 0x00, 0x00, 0x00, 0x00, 0x00, 0x00, 0x00, 0x00, 0x00, 0x00, 0x00, 0x00, 
    0x00, 0x00, 0x00, 0x00, 0x00, 0x00, 0x00, 0x00, 0x00, 0x00, 0x00, 0x00, 0x00, 0x00, 0x00, 0x00, 
    0x00, 0x00, 0x00, 0x00, 0x00, 0x00, 0x00, 0x00, 0x00, 0x00, 0x00, 0x00, 0x00, 0x00, 0x00, 0x00, 
    0x00, 0x00, 0x1C, 0x00, 0x00, 0x00, 0x00, 0x00, 0x00, 0x00, 0x7E, 0x00, 0x07, 0x00, 0x00, 0x00, 
    0x00, 0x00, 0xFF, 0x00, 0x0F, 0xFF, 0xE0, 0x00, 0x00, 0x00, 0xE3, 0x00, 0x0F, 0xFF, 0xE0, 0x00, 
    0x00, 0x00, 0xC3, 0x00, 0x0C, 0x00, 0xF8, 0x00, 0x00, 0x0F, 0xC3, 0x00, 0x0C, 0x00, 0x7C, 0x00, 
    0x00, 0x1F, 0xFF, 0xE0, 0x0C, 0x00, 0xFC, 0x00, 0x00, 0x1F, 0xFF, 0xFF, 0xFE, 0x00, 0xEC, 0x00, 
    0x00, 0x18, 0x03, 0xFF, 0xFF, 0xFF, 0xFC, 0x00, 0x00, 0x18, 0x00, 0x00, 0x3F, 0xFF, 0xFC, 0x00, 
    0x00, 0x18, 0x00, 0x00, 0x00, 0x01, 0xFC, 0x00, 0x00, 0x18, 0xC0, 0x03, 0xE0, 0x00, 0x1F, 0x00, 
    0x00, 0x18, 0xC0, 0x0F, 0xFE, 0x00, 0x1F, 0x00, 0x00, 0x18, 0x00, 0x3F, 0xFF, 0x80, 0x1B, 0x00, 
    0x00, 0x38, 0x00, 0x78, 0x0F, 0xC0, 0x1B, 0x00, 0x00, 0x38, 0x00, 0x70, 0x03, 0xE0, 0x1B, 0x00, 
    0x00, 0x3F, 0xFF, 0xE0, 0x03, 0xF0, 0x3B, 0x00, 0x00, 0x3F, 0xFF, 0xC3, 0xE1, 0xF0, 0x3B, 0x00, 
    0x00, 0x30, 0x1F, 0x87, 0xF0, 0xFF, 0x3B, 0x00, 0x00, 0x30, 0x01, 0x8E, 0x38, 0xFF, 0xFF, 0x00, 
    0x00, 0x30, 0x03, 0x9C, 0x18, 0xFF, 0xFF, 0x00, 0x00, 0x30, 0x03, 0x9C, 0x1C, 0xF8, 0x3F, 0x00, 
    0x00, 0x30, 0x03, 0x18, 0x1C, 0xFC, 0x3E, 0x00, 0x00, 0x30, 0x03, 0x18, 0x1C, 0xFC, 0x36, 0x00, 
    0x00, 0x30, 0x03, 0x9C, 0x18, 0xDC, 0x36, 0x00, 0x00, 0x70, 0x03, 0x8E, 0x38, 0xD8, 0x36, 0x00, 
    0x00, 0x70, 0x01, 0x8F, 0xF1, 0xD8, 0x36, 0x00, 0x00, 0x70, 0x01, 0xC7, 0xE1, 0xB8, 0x76, 0x00, 
    0x00, 0x70, 0x01, 0xC0, 0x03, 0xB0, 0x76, 0x00, 0x00, 0x60, 0x00, 0xE0, 0x07, 0x70, 0x76, 0x00, 
    0x00, 0x60, 0x00, 0x70, 0x0F, 0xE0, 0x6E, 0x00, 0x00, 0x60, 0x00, 0x3E, 0x7F, 0xC0, 0x6E, 0x00, 
    0x00, 0x60, 0x00, 0x1F, 0xFF, 0x80, 0x6E, 0x00, 0x00, 0x60, 0x00, 0x07, 0xFF, 0x00, 0x6C, 0x00, 
    0x00, 0x60, 0x00, 0x00, 0x78, 0x00, 0x6C, 0x00, 0x00, 0xFC, 0x00, 0x00, 0x00, 0x00, 0x6C, 0x00, 
    0x00, 0x7F, 0xFF, 0xC0, 0x00, 0x00, 0x6C, 0x00, 0x00, 0x7F, 0xFF, 0xFF, 0xFC, 0x00, 0x6C, 0x00, 
    0x00, 0x1F, 0xFF, 0xFF, 0xFF, 0xFF, 0xEC, 0x00, 0x00, 0x07, 0xFF, 0xFF, 0xFF, 0xFF, 0xFC, 0x00, 
    0x00, 0x00, 0xFF, 0xFF, 0xFF, 0xFF, 0xFC, 0x00, 0x00, 0x00, 0x00, 0x0F, 0xFF, 0xFF, 0xFC, 0x00, 
    0x00, 0x00, 0x00, 0x00, 0x00, 0xFF, 0xFC, 0x00, 0x00, 0x00, 0x00, 0x00, 0x00, 0x00, 0x00, 0x00, 
    0x00, 0x00, 0x00, 0x00, 0x00, 0x00, 0x00, 0x00, 0x00, 0x00, 0x00, 0x00, 0x00, 0x00, 0x00, 0x00, 
    0x00, 0x00, 0x00, 0x00, 0x00, 0x00, 0x00, 0x00, 0x00, 0x00, 0x00, 0x00, 0x00, 0x00, 0x00, 0x00, 
    0x00, 0x00, 0x00, 0x00, 0x00, 0x00, 0x00, 0x00, 0x00, 0x00, 0x00, 0x00, 0x00, 0x00, 0x00, 0x00, 
    0x00, 0x00, 0x00, 0x00, 0x00, 0x00, 0x00, 0x00, 0x00, 0x00, 0x00, 0x00, 0x00, 0x00, 0x00, 0x00, 
    0x00, 0x00, 0x00, 0x00, 0x00, 0x00, 0x00, 0x00, 0x00, 0x00, 0x00, 0x00, 0x00, 0x00, 0x00, 0x00, 
      },
  {
    0x00, 0x00, 0x00, 0x00, 0x00, 0x00, 0x00, 0x00, 0x00, 0x00, 0x00, 0x00, 0x00, 0x00, 0x00, 0x00, 
    0x00, 0x00, 0x00, 0x00, 0x00, 0x00, 0x00, 0x00, 0x00, 0x00, 0x00, 0x00, 0x00, 0x00, 0x00, 0x00, 
    0x00, 0x00, 0x00, 0x00, 0x00, 0x00, 0x00, 0x00, 0x00, 0x00, 0x00, 0x00, 0x00, 0x00, 0x00, 0x00, 
    0x00, 0x00, 0x00, 0x00, 0x00, 0x00, 0x00, 0x00, 0x00, 0x00, 0x00, 0x00, 0x00, 0x00, 0x00, 0x00, 
    0x00, 0x00, 0x00, 0x00, 0x00, 0x00, 0x00, 0x00, 0x00, 0x00, 0x00, 0x00, 0x00, 0x00, 0x00, 0x00, 
    0x00, 0x00, 0x3E, 0x00, 0x00, 0x00, 0x00, 0x00, 0x00, 0x00, 0x7F, 0x00, 0x07, 0xC0, 0x00, 0x00, 
    0x00, 0x00, 0x77, 0x00, 0x0F, 0xFF, 0xE0, 0x00, 0x00, 0x00, 0xE3, 0x80, 0x0F, 0xFF, 0xE0, 0x00, 
    0x00, 0x00, 0xC3, 0x80, 0x0C, 0x00, 0xF8, 0x00, 0x00, 0x0F, 0xE3, 0x80, 0x0C, 0x00, 0xFC, 0x00, 
    0x00, 0x1F, 0xFF, 0xFC, 0x0C, 0x00, 0xFE, 0x00, 0x00, 0x1D, 0xFF, 0xFF, 0xFF, 0x80, 0xEE, 0x00, 
    0x00, 0x18, 0x00, 0x3F, 0xFF, 0xFF, 0xFC, 0x00, 0x00, 0x18, 0x00, 0x00, 0x0F, 0xFF, 0xFC, 0x00, 
    0x00, 0x18, 0x00, 0x00, 0x00, 0x00, 0xFC, 0x00, 0x00, 0x18, 0xC0, 0x07, 0xF0, 0x00, 0x1E, 0x00, 
    0x00, 0x18, 0xC0, 0x1F, 0xFE, 0x00, 0x1F, 0x00, 0x00, 0x18, 0x00, 0x3E, 0x3F, 0x80, 0x1B, 0x00, 
    0x00, 0x18, 0x00, 0x70, 0x0F, 0xC0, 0x3B, 0x00, 0x00, 0x3E, 0x00, 0xE0, 0x07, 0xE0, 0x3B, 0x00, 
    0x00, 0x3F, 0xFF, 0xC1, 0x83, 0xF0, 0x3B, 0x00, 0x00, 0x3F, 0xFF, 0xC7, 0xE1, 0xF0, 0x33, 0x00, 
    0x00, 0x30, 0x03, 0x8F, 0xF1, 0xFF, 0x33, 0x00, 0x00, 0x30, 0x03, 0x9C, 0x38, 0xDF, 0xF3, 0x00, 
    0x00, 0x30, 0x03, 0x1C, 0x18, 0xDF, 0xFF, 0x00, 0x00, 0x30, 0x03, 0x18, 0x18, 0xD8, 0x3F, 0x00, 
    0x00, 0x30, 0x03, 0x18, 0x18, 0xD8, 0x3F, 0x00, 0x00, 0x30, 0x03, 0x18, 0x18, 0xD8, 0x36, 0x00, 
    0x00, 0x30, 0x03, 0x1C, 0x39, 0xD8, 0x76, 0x00, 0x00, 0x70, 0x03, 0x1E, 0x71, 0xD8, 0x76, 0x00, 
    0x00, 0x70, 0x03, 0x8F, 0xE1, 0xB8, 0x76, 0x00, 0x00, 0x70, 0x01, 0x87, 0xC3, 0xB0, 0x66, 0x00, 
    0x00, 0x70, 0x01, 0xC0, 0x07, 0x70, 0x66, 0x00, 0x00, 0x60, 0x00, 0xE0, 0x0E, 0xE0, 0x66, 0x00, 
    0x00, 0x60, 0x00, 0x70, 0x1F, 0xE0, 0x6E, 0x00, 0x00, 0x60, 0x00, 0x3F, 0xFF, 0xC0, 0x6E, 0x00, 
    0x00, 0x60, 0x00, 0x1F, 0xFF, 0x80, 0x6E, 0x00, 0x00, 0x60, 0x00, 0x03, 0xFE, 0x00, 0x6C, 0x00, 
    0x00, 0x60, 0x00, 0x00, 0x30, 0x00, 0xEC, 0x00, 0x00, 0xFF, 0x80, 0x00, 0x00, 0x00, 0xEC, 0x00, 
    0x00, 0x7F, 0xFF, 0xF8, 0x00, 0x00, 0xEC, 0x00, 0x00, 0x3F, 0xFF, 0xFF, 0xFF, 0x00, 0xEC, 0x00, 
    0x00, 0x0F, 0xFF, 0xFF, 0xFF, 0xFF, 0xCC, 0x00, 0x00, 0x03, 0xFF, 0xFF, 0xFF, 0xFF, 0xEC, 0x00, 
    0x00, 0x00, 0x7F, 0xFF, 0xFF, 0xFF, 0xFC, 0x00, 0x00, 0x00, 0x00, 0x0F, 0xFF, 0xFF, 0xFC, 0x00, 
    0x00, 0x00, 0x00, 0x00, 0x01, 0xFF, 0xFC, 0x00, 0x00, 0x00, 0x00, 0x00, 0x00, 0x00, 0x38, 0x00, 
    0x00, 0x00, 0x00, 0x00, 0x00, 0x00, 0x00, 0x00, 0x00, 0x00, 0x00, 0x00, 0x00, 0x00, 0x00, 0x00, 
    0x00, 0x00, 0x00, 0x00, 0x00, 0x00, 0x00, 0x00, 0x00, 0x00, 0x00, 0x00, 0x00, 0x00, 0x00, 0x00, 
    0x00, 0x00, 0x00, 0x00, 0x00, 0x00, 0x00, 0x00, 0x00, 0x00, 0x00, 0x00, 0x00, 0x00, 0x00, 0x00, 
    0x00, 0x00, 0x00, 0x00, 0x00, 0x00, 0x00, 0x00, 0x00, 0x00, 0x00, 0x00, 0x00, 0x00, 0x00, 0x00, 
    0x00, 0x00, 0x00, 0x00, 0x00, 0x00, 0x00, 0x00, 0x00, 0x00, 0x00, 0x00, 0x00, 0x00, 0x00, 0x00, 
      },
  {
    0x00, 0x00, 0x00, 0x00, 0x00, 0x00, 0x00, 0x00, 0x00, 0x00, 0x00, 0x00, 0x00, 0x00, 0x00, 0x00, 
    0x00, 0x00, 0x00, 0x00, 0x00, 0x00, 0x00, 0x00, 0x00, 0x00, 0x00, 0x00, 0x00, 0x00, 0x00, 0x00, 
    0x00, 0x00, 0x00, 0x00, 0x00, 0x00, 0x00, 0x00, 0x00, 0x00, 0x00, 0x00, 0x00, 0x00, 0x00, 0x00, 
    0x00, 0x00, 0x00, 0x00, 0x00, 0x00, 0x00, 0x00, 0x00, 0x00, 0x00, 0x00, 0x00, 0x00, 0x00, 0x00, 
    0x00, 0x00, 0x00, 0x00, 0x00, 0x00, 0x00, 0x00, 0x00, 0x00, 0x00, 0x00, 0x00, 0x00, 0x00, 0x00, 
    0x00, 0x00, 0x3E, 0x00, 0x00, 0x00, 0x00, 0x00, 0x00, 0x00, 0x7F, 0x00, 0x07, 0xF0, 0x00, 0x00, 
    0x00, 0x00, 0x63, 0x80, 0x0F, 0xFF, 0xE0, 0x00, 0x00, 0x00, 0xE3, 0x80, 0x0E, 0xFF, 0xF0, 0x00, 
    0x00, 0x00, 0xE1, 0x80, 0x0E, 0x00, 0xF8, 0x00, 0x00, 0x0F, 0xFF, 0x80, 0x0C, 0x00, 0xFC, 0x00, 
    0x00, 0x1F, 0xFF, 0xFF, 0x0C, 0x00, 0xFE, 0x00, 0x00, 0x1C, 0x3F, 0xFF, 0xFF, 0xC0, 0xCE, 0x00, 
    0x00, 0x1C, 0x00, 0x0F, 0xFF, 0xFF, 0xFE, 0x00, 0x00, 0x1C, 0x00, 0x00, 0x03, 0xFF, 0xFE, 0x00, 
    0x00, 0x18, 0x40, 0x00, 0x00, 0x00, 0x7E, 0x00, 0x00, 0x18, 0xC0, 0x0F, 0xF0, 0x00, 0x1E, 0x00, 
    0x00, 0x18, 0x40, 0x3F, 0xFE, 0x00, 0x3F, 0x00, 0x00, 0x18, 0x00, 0x78, 0x1F, 0x80, 0x3B, 0x80, 
    0x00, 0x18, 0x00, 0xF0, 0x0F, 0xC0, 0x3B, 0x00, 0x00, 0x1F, 0xE0, 0xE0, 0x07, 0xE0, 0x3B, 0x00, 
    0x00, 0x3F, 0xFF, 0xC3, 0xC3, 0xF0, 0x33, 0x00, 0x00, 0x39, 0xFF, 0x8F, 0xE3, 0xF0, 0x33, 0x00, 
    0x00, 0x38, 0x03, 0x9F, 0xF1, 0xBF, 0xF3, 0x00, 0x00, 0x30, 0x03, 0x1C, 0x31, 0xBF, 0xF3, 0x00, 
    0x00, 0x30, 0x03, 0x38, 0x39, 0x9F, 0xFF, 0x00, 0x00, 0x30, 0x03, 0x38, 0x39, 0xD8, 0x3F, 0x00, 
    0x00, 0x30, 0x07, 0x38, 0x39, 0x98, 0x7F, 0x00, 0x00, 0x30, 0x03, 0x38, 0x39, 0x98, 0x76, 0x00, 
    0x00, 0x30, 0x03, 0x18, 0x71, 0x98, 0x76, 0x00, 0x00, 0x70, 0x03, 0x1F, 0xF3, 0xB8, 0x66, 0x00, 
    0x00, 0x70, 0x03, 0x8F, 0xE3, 0xB0, 0x66, 0x00, 0x00, 0x70, 0x01, 0x87, 0x87, 0x30, 0x66, 0x00, 
    0x00, 0x60, 0x01, 0xC0, 0x0E, 0x70, 0x66, 0x00, 0x00, 0x60, 0x00, 0xE0, 0x1E, 0xE0, 0x6E, 0x00, 
    0x00, 0x60, 0x00, 0x78, 0x3D, 0xC0, 0x6E, 0x00, 0x00, 0x60, 0x00, 0x3F, 0xFF, 0x80, 0xEE, 0x00, 
    0x00, 0x60, 0x00, 0x1F, 0xFF, 0x00, 0xEE, 0x00, 0x00, 0x60, 0x00, 0x03, 0xFC, 0x00, 0xEC, 0x00, 
    0x00, 0xE0, 0x00, 0x00, 0x00, 0x00, 0xCC, 0x00, 0x00, 0xFF, 0xF8, 0x00, 0x00, 0x00, 0xCC, 0x00, 
    0x00, 0x7F, 0xFF, 0xFE, 0x00, 0x00, 0xCC, 0x00, 0x00, 0x1F, 0x7F, 0xFF, 0xFF, 0x80, 0xCC, 0x00, 
    0x00, 0x0F, 0xFE, 0x3F, 0xFF, 0xFF, 0xCC, 0x00, 0x00, 0x03, 0xFF, 0xFF, 0x8F, 0xFF, 0xDC, 0x00, 
    0x00, 0x00, 0x1F, 0xFF, 0xFF, 0xE1, 0xFC, 0x00, 0x00, 0x00, 0x00, 0x07, 0xFF, 0xFF, 0xFC, 0x00, 
    0x00, 0x00, 0x00, 0x00, 0x01, 0xFF, 0xF8, 0x00, 0x00, 0x00, 0x00, 0x00, 0x00, 0x00, 0x78, 0x00, 
    0x00, 0x00, 0x00, 0x00, 0x00, 0x00, 0x00, 0x00, 0x00, 0x00, 0x00, 0x00, 0x00, 0x00, 0x00, 0x00, 
    0x00, 0x00, 0x00, 0x00, 0x00, 0x00, 0x00, 0x00, 0x00, 0x00, 0x00, 0x00, 0x00, 0x00, 0x00, 0x00, 
    0x00, 0x00, 0x00, 0x00, 0x00, 0x00, 0x00, 0x00, 0x00, 0x00, 0x00, 0x00, 0x00, 0x00, 0x00, 0x00, 
    0x00, 0x00, 0x00, 0x00, 0x00, 0x00, 0x00, 0x00, 0x00, 0x00, 0x00, 0x00, 0x00, 0x00, 0x00, 0x00, 
    0x00, 0x00, 0x00, 0x00, 0x00, 0x00, 0x00, 0x00, 0x00, 0x00, 0x00, 0x00, 0x00, 0x00, 0x00, 0x00, 
      },
  {
    0x00, 0x00, 0x00, 0x00, 0x00, 0x00, 0x00, 0x00, 0x00, 0x00, 0x00, 0x00, 0x00, 0x00, 0x00, 0x00, 
    0x00, 0x00, 0x00, 0x00, 0x00, 0x00, 0x00, 0x00, 0x00, 0x00, 0x00, 0x00, 0x00, 0x00, 0x00, 0x00, 
    0x00, 0x00, 0x00, 0x00, 0x00, 0x00, 0x00, 0x00, 0x00, 0x00, 0x00, 0x00, 0x00, 0x00, 0x00, 0x00, 
    0x00, 0x00, 0x00, 0x00, 0x00, 0x00, 0x00, 0x00, 0x00, 0x00, 0x00, 0x00, 0x00, 0x00, 0x00, 0x00, 
    0x00, 0x00, 0x00, 0x00, 0x00, 0x00, 0x00, 0x00, 0x00, 0x00, 0x0C, 0x00, 0x00, 0x00, 0x00, 0x00, 
    0x00, 0x00, 0x3F, 0x00, 0x00, 0x00, 0x00, 0x00, 0x00, 0x00, 0x7F, 0x80, 0x07, 0xF8, 0x00, 0x00, 
    0x00, 0x00, 0x63, 0x80, 0x0F, 0xFF, 0xE0, 0x00, 0x00, 0x00, 0x61, 0x80, 0x0E, 0x7F, 0xF0, 0x00, 
    0x00, 0x0F, 0xE1, 0x80, 0x0E, 0x00, 0xF8, 0x00, 0x00, 0x0F, 0xFF, 0x80, 0x0C, 0x00, 0xFC, 0x00, 
    0x00, 0x0F, 0xFF, 0xFF, 0xCC, 0x00, 0xDE, 0x00, 0x00, 0x0C, 0x03, 0xFF, 0xFF, 0xF0, 0xCE, 0x00, 
    0x00, 0x1C, 0x00, 0x01, 0xFF, 0xFF, 0xFE, 0x00, 0x00, 0x1C, 0x00, 0x00, 0x00, 0xFF, 0xFE, 0x00, 
    0x00, 0x1C, 0xC0, 0x03, 0x80, 0x00, 0x7E, 0x00, 0x00, 0x18, 0xC0, 0x1F, 0xF8, 0x00, 0x3E, 0x00, 
    0x00, 0x18, 0x00, 0x3F, 0xFF, 0x00, 0x3F, 0x00, 0x00, 0x18, 0x00, 0x70, 0x1F, 0x80, 0x3B, 0x80, 
    0x00, 0x18, 0x00, 0xE0, 0x0F, 0xC0, 0x33, 0x80, 0x00, 0x1F, 0xFD, 0xC0, 0x07, 0xE0, 0x33, 0x00, 
    0x00, 0x3F, 0xFF, 0x87, 0xC3, 0x70, 0x33, 0x00, 0x00, 0x38, 0x3F, 0x8F, 0xE3, 0x30, 0x33, 0x00, 
    0x00, 0x38, 0x03, 0x1C, 0xF3, 0xBF, 0xF3, 0x00, 0x00, 0x38, 0x07, 0x38, 0x71, 0xBF, 0xF3, 0x00, 
    0x00, 0x30, 0x07, 0x38, 0x31, 0xBB, 0xFF, 0x00, 0x00, 0x30, 0x07, 0x30, 0x31, 0x98, 0x7F, 0x00, 
    0x00, 0x30, 0x07, 0x30, 0x31, 0x98, 0x7F, 0x00, 0x00, 0x30, 0x07, 0x38, 0x73, 0xB8, 0x67, 0x00, 
    0x00, 0x30, 0x07, 0x38, 0x73, 0xB8, 0x66, 0x00, 0x00, 0x70, 0x03, 0x1F, 0xE3, 0x30, 0x66, 0x00, 
    0x00, 0x70, 0x03, 0x0F, 0xC7, 0x30, 0x66, 0x00, 0x00, 0x70, 0x03, 0x83, 0x06, 0x70, 0x66, 0x00, 
    0x00, 0x60, 0x01, 0xC0, 0x0E, 0xE0, 0xE6, 0x00, 0x00, 0x60, 0x00, 0xE0, 0x3C, 0xE0, 0xEE, 0x00, 
    0x00, 0x60, 0x00, 0xF8, 0xFB, 0xC0, 0xEE, 0x00, 0x00, 0x60, 0x00, 0x3F, 0xFF, 0x80, 0xEE, 0x00, 
    0x00, 0x60, 0x00, 0x0F, 0xFF, 0x00, 0xCC, 0x00, 0x00, 0x60, 0x00, 0x01, 0xFC, 0x00, 0xCC, 0x00, 
    0x00, 0xFC, 0x00, 0x00, 0x00, 0x00, 0xCC, 0x00, 0x00, 0xFF, 0xFE, 0x00, 0x00, 0x00, 0xCC, 0x00, 
    0x00, 0x7F, 0xFF, 0xFF, 0x80, 0x00, 0xCC, 0x00, 0x00, 0x1F, 0x0F, 0xFF, 0xFF, 0xC1, 0xCC, 0x00, 
    0x00, 0x07, 0xFE, 0x03, 0xFF, 0xFF, 0xDC, 0x00, 0x00, 0x03, 0xFF, 0xFF, 0x01, 0xFF, 0xDC, 0x00, 
    0x00, 0x00, 0x0F, 0xFF, 0xFF, 0x80, 0xFC, 0x00, 0x00, 0x00, 0x00, 0x07, 0xFF, 0xFF, 0xF8, 0x00, 
    0x00, 0x00, 0x00, 0x00, 0x03, 0xFF, 0xF8, 0x00, 0x00, 0x00, 0x00, 0x00, 0x00, 0x00, 0xF8, 0x00, 
    0x00, 0x00, 0x00, 0x00, 0x00, 0x00, 0x00, 0x00, 0x00, 0x00, 0x00, 0x00, 0x00, 0x00, 0x00, 0x00, 
    0x00, 0x00, 0x00, 0x00, 0x00, 0x00, 0x00, 0x00, 0x00, 0x00, 0x00, 0x00, 0x00, 0x00, 0x00, 0x00, 
    0x00, 0x00, 0x00, 0x00, 0x00, 0x00, 0x00, 0x00, 0x00, 0x00, 0x00, 0x00, 0x00, 0x00, 0x00, 0x00, 
    0x00, 0x00, 0x00, 0x00, 0x00, 0x00, 0x00, 0x00, 0x00, 0x00, 0x00, 0x00, 0x00, 0x00, 0x00, 0x00, 
    0x00, 0x00, 0x00, 0x00, 0x00, 0x00, 0x00, 0x00, 0x00, 0x00, 0x00, 0x00, 0x00, 0x00, 0x00, 0x00, 
      },
  {
    0x00, 0x00, 0x00, 0x00, 0x00, 0x00, 0x00, 0x00, 0x00, 0x00, 0x00, 0x00, 0x00, 0x00, 0x00, 0x00, 
    0x00, 0x00, 0x00, 0x00, 0x00, 0x00, 0x00, 0x00, 0x00, 0x00, 0x00, 0x00, 0x00, 0x00, 0x00, 0x00, 
    0x00, 0x00, 0x00, 0x00, 0x00, 0x00, 0x00, 0x00, 0x00, 0x00, 0x00, 0x00, 0x00, 0x00, 0x00, 0x00, 
    0x00, 0x00, 0x00, 0x00, 0x00, 0x00, 0x00, 0x00, 0x00, 0x00, 0x00, 0x00, 0x00, 0x00, 0x00, 0x00, 
    0x00, 0x00, 0x00, 0x00, 0x00, 0x00, 0x00, 0x00, 0x00, 0x00, 0x1E, 0x00, 0x00, 0x00, 0x00, 0x00, 
    0x00, 0x00, 0x3F, 0x00, 0x00, 0x00, 0x00, 0x00, 0x00, 0x00, 0x7B, 0x80, 0x07, 0xFC, 0x00, 0x00, 
    0x00, 0x00, 0x71, 0x80, 0x0F, 0xFF, 0xE0, 0x00, 0x00, 0x00, 0x61, 0x80, 0x0E, 0x1F, 0xF0, 0x00, 
    0x00, 0x0F, 0xE1, 0x80, 0x0E, 0x00, 0xF8, 0x00, 0x00, 0x0F, 0xFF, 0xE0, 0x0E, 0x00, 0xFC, 0x00, 
    0x00, 0x0C, 0xFF, 0xFF, 0xFE, 0x00, 0xCE, 0x00, 0x00, 0x0C, 0x00, 0xFF, 0xFF, 0xF8, 0xC6, 0x00, 
    0x00, 0x0C, 0x00, 0x00, 0x7F, 0xFF, 0xF6, 0x00, 0x00, 0x1C, 0x00, 0x00, 0x00, 0x7F, 0xFE, 0x00, 
    0x00, 0x1C, 0xC0, 0x07, 0xC0, 0x00, 0x3E, 0x00, 0x00, 0x1C, 0xC0, 0x3F, 0xFC, 0x00, 0x3E, 0x00, 
    0x00, 0x18, 0x00, 0x7C, 0xFF, 0x00, 0x3F, 0x00, 0x00, 0x18, 0x00, 0xF0, 0x1F, 0x80, 0x33, 0x80, 
    0x00, 0x1F, 0x01, 0xC0, 0x0F, 0xC0, 0x33, 0x80, 0x00, 0x1F, 0xFF, 0x80, 0x06, 0xE0, 0x33, 0x80, 
    0x00, 0x1F, 0xFF, 0x8F, 0xC7, 0x60, 0x33, 0x00, 0x00, 0x38, 0x07, 0x1F, 0xE3, 0x70, 0x33, 0x00, 
    0x00, 0x38, 0x07, 0x38, 0xE3, 0x3F, 0xF3, 0x00, 0x00, 0x38, 0x07, 0x38, 0x73, 0x3F, 0xF3, 0x00, 
    0x00, 0x30, 0x06, 0x30, 0x73, 0xB9, 0xFF, 0x00, 0x00, 0x30, 0x06, 0x30, 0x73, 0xB8, 0x7F, 0x00, 
    0x00, 0x30, 0x06, 0x30, 0x73, 0x38, 0x6F, 0x00, 0x00, 0x30, 0x06, 0x30, 0x63, 0x38, 0x67, 0x00, 
    0x00, 0x30, 0x06, 0x38, 0xE7, 0x30, 0x66, 0x00, 0x00, 0x70, 0x07, 0x1F, 0xC7, 0x30, 0x66, 0x00, 
    0x00, 0x70, 0x03, 0x0F, 0x8E, 0x70, 0xE6, 0x00, 0x00, 0x70, 0x03, 0x80, 0x0E, 0x60, 0xE6, 0x00, 
    0x00, 0x60, 0x01, 0xC0, 0x1C, 0xE0, 0xE6, 0x00, 0x00, 0x60, 0x01, 0xE0, 0x79, 0xC0, 0xCE, 0x00, 
    0x00, 0x60, 0x00, 0xFF, 0xF3, 0x80, 0xCE, 0x00, 0x00, 0x60, 0x00, 0x3F, 0xFF, 0x00, 0xCE, 0x00, 
    0x00, 0x60, 0x00, 0x0F, 0xFE, 0x00, 0xCC, 0x00, 0x00, 0xE0, 0x00, 0x00, 0xF8, 0x00, 0xCC, 0x00, 
    0x00, 0xFF, 0x80, 0x00, 0x00, 0x01, 0xCC, 0x00, 0x00, 0x7F, 0xFF, 0xC0, 0x00, 0x01, 0xCC, 0x00, 
    0x00, 0x3F, 0xFF, 0xFF, 0xC0, 0x01, 0xCC, 0x00, 0x00, 0x0F, 0x01, 0xFF, 0xFF, 0xE1, 0x9C, 0x00, 
    0x00, 0x07, 0xFE, 0x00, 0xFF, 0xFF, 0x9C, 0x00, 0x00, 0x01, 0xFF, 0xFF, 0x00, 0xFF, 0xDC, 0x00, 
    0x00, 0x00, 0x07, 0xFF, 0xFF, 0x80, 0xF8, 0x00, 0x00, 0x00, 0x00, 0x07, 0xFF, 0xFF, 0xF8, 0x00, 
    0x00, 0x00, 0x00, 0x00, 0x03, 0xFF, 0xF8, 0x00, 0x00, 0x00, 0x00, 0x00, 0x00, 0x01, 0xF8, 0x00, 
    0x00, 0x00, 0x00, 0x00, 0x00, 0x00, 0x00, 0x00, 0x00, 0x00, 0x00, 0x00, 0x00, 0x00, 0x00, 0x00, 
    0x00, 0x00, 0x00, 0x00, 0x00, 0x00, 0x00, 0x00, 0x00, 0x00, 0x00, 0x00, 0x00, 0x00, 0x00, 0x00, 
    0x00, 0x00, 0x00, 0x00, 0x00, 0x00, 0x00, 0x00, 0x00, 0x00, 0x00, 0x00, 0x00, 0x00, 0x00, 0x00, 
    0x00, 0x00, 0x00, 0x00, 0x00, 0x00, 0x00, 0x00, 0x00, 0x00, 0x00, 0x00, 0x00, 0x00, 0x00, 0x00, 
    0x00, 0x00, 0x00, 0x00, 0x00, 0x00, 0x00, 0x00, 0x00, 0x00, 0x00, 0x00, 0x00, 0x00, 0x00, 0x00, 
      },
  {
    0x00, 0x00, 0x00, 0x00, 0x00, 0x00, 0x00, 0x00, 0x00, 0x00, 0x00, 0x00, 0x00, 0x00, 0x00, 0x00, 
    0x00, 0x00, 0x00, 0x00, 0x00, 0x00, 0x00, 0x00, 0x00, 0x00, 0x00, 0x00, 0x00, 0x00, 0x00, 0x00, 
    0x00, 0x00, 0x00, 0x00, 0x00, 0x00, 0x00, 0x00, 0x00, 0x00, 0x00, 0x00, 0x00, 0x00, 0x00, 0x00, 
    0x00, 0x00, 0x00, 0x00, 0x00, 0x00, 0x00, 0x00, 0x00, 0x00, 0x00, 0x00, 0x00, 0x00, 0x00, 0x00, 
    0x00, 0x00, 0x00, 0x00, 0x00, 0x00, 0x00, 0x00, 0x00, 0x00, 0x1F, 0x00, 0x00, 0x00, 0x00, 0x00, 
    0x00, 0x00, 0x3F, 0x80, 0x02, 0x00, 0x00, 0x00, 0x00, 0x00, 0x33, 0x80, 0x07, 0xFE, 0x00, 0x00, 
    0x00, 0x00, 0x71, 0xC0, 0x07, 0xFF, 0xE0, 0x00, 0x00, 0x00, 0x61, 0xC0, 0x0E, 0x0F, 0xF0, 0x00, 
    0x00, 0x0F, 0xF9, 0x80, 0x0E, 0x00, 0xF8, 0x00, 0x00, 0x0F, 0xFF, 0xFC, 0x0E, 0x00, 0xFC, 0x00, 
    0x00, 0x0C, 0x3F, 0xFF, 0xFE, 0x00, 0xCE, 0x00, 0x00, 0x0C, 0x00, 0x3F, 0xFF, 0xFC, 0xC6, 0x00, 
    0x00, 0x0C, 0x00, 0x00, 0x3F, 0xFF, 0xF6, 0x00, 0x00, 0x0C, 0x40, 0x00, 0x00, 0x3F, 0xFE, 0x00, 
    0x00, 0x1C, 0xE0, 0x1F, 0xE0, 0x00, 0x3E, 0x00, 0x00, 0x1C, 0x40, 0x3F, 0xFC, 0x00, 0x3E, 0x00, 
    0x00, 0x18, 0x00, 0x78, 0x7F, 0x00, 0x3F, 0x00, 0x00, 0x18, 0x00, 0xE0, 0x1F, 0x80, 0x33, 0x80, 
    0x00, 0x1F, 0xE1, 0xC0, 0x0F, 0xC0, 0x33, 0x80, 0x00, 0x1F, 0xFF, 0x87, 0x0E, 0xE0, 0x33, 0x80, 
    0x00, 0x18, 0xFF, 0x1F, 0xC6, 0x60, 0x73, 0x80, 0x00, 0x38, 0x07, 0x3F, 0xE7, 0x70, 0x73, 0x00, 
    0x00, 0x38, 0x06, 0x38, 0xE3, 0x3F, 0xF3, 0x00, 0x00, 0x38, 0x06, 0x70, 0x63, 0x3F, 0xF3, 0x00, 
    0x00, 0x30, 0x06, 0x70, 0x63, 0x38, 0xFB, 0x00, 0x00, 0x30, 0x06, 0x70, 0x63, 0x38, 0x7F, 0x00, 
    0x00, 0x30, 0x06, 0x70, 0x67, 0x38, 0x6F, 0x00, 0x00, 0x30, 0x06, 0x30, 0xE7, 0x30, 0x67, 0x00, 
    0x00, 0x30, 0x06, 0x39, 0xC6, 0x30, 0xE6, 0x00, 0x00, 0x70, 0x07, 0x1F, 0x8E, 0x70, 0xE6, 0x00, 
    0x00, 0x70, 0x07, 0x0F, 0x0C, 0x70, 0xE6, 0x00, 0x00, 0x70, 0x03, 0x80, 0x1C, 0xE0, 0xC6, 0x00, 
    0x00, 0x60, 0x01, 0xC0, 0x38, 0xE0, 0xC6, 0x00, 0x00, 0x60, 0x01, 0xE0, 0xF1, 0xC0, 0xCE, 0x00, 
    0x00, 0x60, 0x00, 0xFF, 0xE7, 0x80, 0xCE, 0x00, 0x00, 0x60, 0x00, 0x3F, 0xFF, 0x01, 0xCE, 0x00, 
    0x00, 0x60, 0x00, 0x07, 0xFC, 0x01, 0xCC, 0x00, 0x00, 0xF0, 0x00, 0x00, 0xF0, 0x01, 0xCC, 0x00, 
    0x00, 0xFF, 0xF0, 0x00, 0x00, 0x01, 0x8C, 0x00, 0x00, 0x7F, 0xFF, 0xF0, 0x00, 0x01, 0x8C, 0x00, 
    0x00, 0x1E, 0x7F, 0xFF, 0xF0, 0x01, 0x8C, 0x00, 0x00, 0x0F, 0x00, 0x7F, 0xFF, 0xF1, 0x9C, 0x00, 
    0x00, 0x07, 0xFF, 0x00, 0x7F, 0xFF, 0x9C, 0x00, 0x00, 0x01, 0xFF, 0xFF, 0x00, 0x7F, 0xDC, 0x00, 
    0x00, 0x00, 0x07, 0xFF, 0xFF, 0x01, 0xF8, 0x00, 0x00, 0x00, 0x00, 0x03, 0xFF, 0xFF, 0xF8, 0x00, 
    0x00, 0x00, 0x00, 0x00, 0x03, 0xFF, 0xF8, 0x00, 0x00, 0x00, 0x00, 0x00, 0x00, 0x03, 0xF8, 0x00, 
    0x00, 0x00, 0x00, 0x00, 0x00, 0x00, 0x00, 0x00, 0x00, 0x00, 0x00, 0x00, 0x00, 0x00, 0x00, 0x00, 
    0x00, 0x00, 0x00, 0x00, 0x00, 0x00, 0x00, 0x00, 0x00, 0x00, 0x00, 0x00, 0x00, 0x00, 0x00, 0x00, 
    0x00, 0x00, 0x00, 0x00, 0x00, 0x00, 0x00, 0x00, 0x00, 0x00, 0x00, 0x00, 0x00, 0x00, 0x00, 0x00, 
    0x00, 0x00, 0x00, 0x00, 0x00, 0x00, 0x00, 0x00, 0x00, 0x00, 0x00, 0x00, 0x00, 0x00, 0x00, 0x00, 
    0x00, 0x00, 0x00, 0x00, 0x00, 0x00, 0x00, 0x00, 0x00, 0x00, 0x00, 0x00, 0x00, 0x00, 0x00, 0x00, 
      },
  {
    0x00, 0x00, 0x00, 0x00, 0x00, 0x00, 0x00, 0x00, 0x00, 0x00, 0x00, 0x00, 0x00, 0x00, 0x00, 0x00, 
    0x00, 0x00, 0x00, 0x00, 0x00, 0x00, 0x00, 0x00, 0x00, 0x00, 0x00, 0x00, 0x00, 0x00, 0x00, 0x00, 
    0x00, 0x00, 0x00, 0x00, 0x00, 0x00, 0x00, 0x00, 0x00, 0x00, 0x00, 0x00, 0x00, 0x00, 0x00, 0x00, 
    0x00, 0x00, 0x00, 0x00, 0x00, 0x00, 0x00, 0x00, 0x00, 0x00, 0x00, 0x00, 0x00, 0x00, 0x00, 0x00, 
    0x00, 0x00, 0x06, 0x00, 0x00, 0x00, 0x00, 0x00, 0x00, 0x00, 0x1F, 0x00, 0x00, 0x00, 0x00, 0x00, 
    0x00, 0x00, 0x3F, 0x80, 0x07, 0x00, 0x00, 0x00, 0x00, 0x00, 0x31, 0xC0, 0x07, 0xFF, 0x00, 0x00, 
    0x00, 0x00, 0x31, 0xC0, 0x07, 0xFF, 0xE0, 0x00, 0x00, 0x07, 0x71, 0xC0, 0x06, 0x07, 0xF0, 0x00, 
    0x00, 0x0F, 0xFF, 0xC0, 0x0E, 0x00, 0xF8, 0x00, 0x00, 0x0F, 0xFF, 0xFE, 0x0E, 0x00, 0xFC, 0x00, 
    0x00, 0x0C, 0x07, 0xFF, 0xFE, 0x00, 0xCE, 0x00, 0x00, 0x0C, 0x00, 0x0F, 0xFF, 0xFD, 0xC7, 0x00, 
    0x00, 0x0C, 0x00, 0x00, 0x0F, 0xFF, 0xF7, 0x00, 0x00, 0x0C, 0x40, 0x03, 0x00, 0x0F, 0xFE, 0x00, 
    0x00, 0x1C, 0xE0, 0x1F, 0xE0, 0x00, 0x3E, 0x00, 0x00, 0x1C, 0x00, 0x7F, 0xFC, 0x00, 0x3E, 0x00, 
    0x00, 0x1C, 0x00, 0xF0, 0x7F, 0x00, 0x37, 0x00, 0x00, 0x1C, 0x01, 0xC0, 0x1F, 0x80, 0x33, 0x80, 
    0x00, 0x1F, 0xFB, 0x80, 0x0D, 0xC0, 0x71, 0x80, 0x00, 0x1F, 0xFF, 0x8F, 0x0E, 0xE0, 0x73, 0x80, 
    0x00, 0x18, 0x3F, 0x1F, 0xC6, 0x60, 0x73, 0x80, 0x00, 0x18, 0x06, 0x39, 0xC6, 0x70, 0x63, 0x80, 
    0x00, 0x38, 0x06, 0x70, 0xE6, 0x3F, 0xE3, 0x00, 0x00, 0x38, 0x0E, 0x70, 0x67, 0x3F, 0xF3, 0x00, 
    0x00, 0x30, 0x0E, 0x60, 0x67, 0x30, 0xFB, 0x00, 0x00, 0x30, 0x0E, 0x60, 0xE6, 0x30, 0x7F, 0x00, 
    0x00, 0x30, 0x0E, 0x60, 0xE6, 0x30, 0xEF, 0x00, 0x00, 0x30, 0x0E, 0x71, 0xC6, 0x30, 0xE7, 0x00, 
    0x00, 0x30, 0x06, 0x3F, 0xCE, 0x30, 0xC7, 0x00, 0x00, 0x70, 0x06, 0x1F, 0x8C, 0x70, 0xC6, 0x00, 
    0x00, 0x70, 0x07, 0x0E, 0x1C, 0x60, 0xC6, 0x00, 0x00, 0x70, 0x03, 0x80, 0x38, 0xE0, 0xC6, 0x00, 
    0x00, 0x60, 0x03, 0xC0, 0x71, 0xC0, 0xC6, 0x00, 0x00, 0x60, 0x01, 0xE1, 0xE3, 0x81, 0xCE, 0x00, 
    0x00, 0x60, 0x00, 0xFF, 0xCF, 0x81, 0xCE, 0x00, 0x00, 0x60, 0x00, 0x3F, 0xFE, 0x01, 0xCE, 0x00, 
    0x00, 0xE0, 0x00, 0x07, 0xFC, 0x01, 0x8C, 0x00, 0x00, 0xFC, 0x00, 0x00, 0x00, 0x01, 0x8C, 0x00, 
    0x00, 0xFF, 0xFC, 0x00, 0x00, 0x01, 0x8C, 0x00, 0x00, 0x3F, 0xFF, 0xF8, 0x00, 0x01, 0x8C, 0x00, 
    0x00, 0x1E, 0x1F, 0xFF, 0xF8, 0x03, 0x9C, 0x00, 0x00, 0x0F, 0x80, 0x1F, 0xFF, 0xF3, 0x9C, 0x00, 
    0x00, 0x03, 0xFF, 0x80, 0x3F, 0xFF, 0x9C, 0x00, 0x00, 0x01, 0xFF, 0xFF, 0x00, 0x3F, 0x98, 0x00, 
    0x00, 0x00, 0x03, 0xFF, 0xFF, 0x01, 0xF8, 0x00, 0x00, 0x00, 0x00, 0x03, 0xFF, 0xFF, 0xF8, 0x00, 
    0x00, 0x00, 0x00, 0x00, 0x07, 0xFF, 0xF8, 0x00, 0x00, 0x00, 0x00, 0x00, 0x00, 0x07, 0xF8, 0x00, 
    0x00, 0x00, 0x00, 0x00, 0x00, 0x00, 0x00, 0x00, 0x00, 0x00, 0x00, 0x00, 0x00, 0x00, 0x00, 0x00, 
    0x00, 0x00, 0x00, 0x00, 0x00, 0x00, 0x00, 0x00, 0x00, 0x00, 0x00, 0x00, 0x00, 0x00, 0x00, 0x00, 
    0x00, 0x00, 0x00, 0x00, 0x00, 0x00, 0x00, 0x00, 0x00, 0x00, 0x00, 0x00, 0x00, 0x00, 0x00, 0x00, 
    0x00, 0x00, 0x00, 0x00, 0x00, 0x00, 0x00, 0x00, 0x00, 0x00, 0x00, 0x00, 0x00, 0x00, 0x00, 0x00, 
    0x00, 0x00, 0x00, 0x00, 0x00, 0x00, 0x00, 0x00, 0x00, 0x00, 0x00, 0x00, 0x00, 0x00, 0x00, 0x00, 
      },
  {
    0x00, 0x00, 0x00, 0x00, 0x00, 0x00, 0x00, 0x00, 0x00, 0x00, 0x00, 0x00, 0x00, 0x00, 0x00, 0x00, 
    0x00, 0x00, 0x00, 0x00, 0x00, 0x00, 0x00, 0x00, 0x00, 0x00, 0x00, 0x00, 0x00, 0x00, 0x00, 0x00, 
    0x00, 0x00, 0x00, 0x00, 0x00, 0x00, 0x00, 0x00, 0x00, 0x00, 0x00, 0x00, 0x00, 0x00, 0x00, 0x00, 
    0x00, 0x00, 0x00, 0x00, 0x00, 0x00, 0x00, 0x00, 0x00, 0x00, 0x00, 0x00, 0x00, 0x00, 0x00, 0x00, 
    0x00, 0x00, 0x0F, 0x00, 0x00, 0x00, 0x00, 0x00, 0x00, 0x00, 0x1F, 0x80, 0x00, 0x00, 0x00, 0x00, 
    0x00, 0x00, 0x3F, 0xC0, 0x07, 0x80, 0x00, 0x00, 0x00, 0x00, 0x31, 0xC0, 0x07, 0xFF, 0x80, 0x00, 
    0x00, 0x00, 0x30, 0xC0, 0x07, 0xFF, 0xE0, 0x00, 0x00, 0x07, 0xF0, 0xC0, 0x06, 0x03, 0xF0, 0x00, 
    0x00, 0x0F, 0xFF, 0xC0, 0x0E, 0x00, 0xF8, 0x00, 0x00, 0x0E, 0xFF, 0xFF, 0x8E, 0x00, 0xFC, 0x00, 
    0x00, 0x0E, 0x01, 0xFF, 0xFF, 0x00, 0xCE, 0x00, 0x00, 0x0C, 0x00, 0x03, 0xFF, 0xFF, 0xC7, 0x00, 
    0x00, 0x0C, 0x00, 0x00, 0x07, 0xFF, 0xF7, 0x00, 0x00, 0x0C, 0x60, 0x0F, 0x80, 0x0F, 0xFF, 0x00, 
    0x00, 0x0C, 0x60, 0x3F, 0xF0, 0x00, 0x3F, 0x00, 0x00, 0x1C, 0x00, 0xFF, 0xFE, 0x00, 0x3E, 0x00, 
    0x00, 0x1C, 0x01, 0xE0, 0x7F, 0x00, 0x37, 0x00, 0x00, 0x1F, 0x01, 0xC0, 0x1F, 0x80, 0x73, 0x80, 
    0x00, 0x1F, 0xFF, 0x80, 0x1D, 0xC0, 0x71, 0x80, 0x00, 0x1F, 0xFF, 0x1F, 0x8C, 0xE0, 0x71, 0x80, 
    0x00, 0x18, 0x0F, 0x3F, 0x8E, 0x60, 0x63, 0x80, 0x00, 0x18, 0x06, 0x79, 0xC6, 0x70, 0x63, 0x80, 
    0x00, 0x38, 0x0E, 0x70, 0xC6, 0x7F, 0xE3, 0x00, 0x00, 0x38, 0x0E, 0x60, 0xE6, 0x3F, 0xF3, 0x00, 
    0x00, 0x38, 0x0C, 0xE0, 0xE6, 0x30, 0xFB, 0x00, 0x00, 0x30, 0x0C, 0xE0, 0xCE, 0x30, 0xFF, 0x00, 
    0x00, 0x30, 0x0C, 0x61, 0xCE, 0x30, 0xCF, 0x00, 0x00, 0x30, 0x0E, 0x71, 0xCC, 0x70, 0xC7, 0x00, 
    0x00, 0x30, 0x0E, 0x3F, 0x8C, 0x70, 0xC7, 0x00, 0x00, 0x70, 0x06, 0x1F, 0x1C, 0x60, 0xC6, 0x00, 
    0x00, 0x70, 0x07, 0x00, 0x38, 0xE0, 0xC6, 0x00, 0x00, 0x60, 0x03, 0x00, 0x70, 0xC1, 0xC6, 0x00, 
    0x00, 0x60, 0x03, 0xC0, 0xF1, 0xC1, 0xC6, 0x00, 0x00, 0x60, 0x01, 0xFF, 0xE3, 0x81, 0x8E, 0x00, 
    0x00, 0x60, 0x00, 0xFF, 0x8F, 0x01, 0x8E, 0x00, 0x00, 0x60, 0x00, 0x1F, 0xFE, 0x01, 0x8E, 0x00, 
    0x00, 0xE0, 0x00, 0x03, 0xF8, 0x01, 0x8C, 0x00, 0x00, 0xFF, 0x80, 0x00, 0x00, 0x01, 0x8C, 0x00, 
    0x00, 0x7F, 0xFF, 0x00, 0x00, 0x03, 0x8C, 0x00, 0x00, 0x3F, 0xFF, 0xFE, 0x00, 0x03, 0x8C, 0x00, 
    0x00, 0x1E, 0x07, 0xFF, 0xFC, 0x03, 0x1C, 0x00, 0x00, 0x07, 0xC0, 0x0F, 0xFF, 0xFB, 0x1C, 0x00, 
    0x00, 0x03, 0xFF, 0x80, 0x1F, 0xFF, 0x1C, 0x00, 0x00, 0x00, 0xFF, 0xFF, 0x80, 0x3F, 0x98, 0x00, 
    0x00, 0x00, 0x01, 0xFF, 0xFF, 0x01, 0xD8, 0x00, 0x00, 0x00, 0x00, 0x03, 0xFF, 0xFF, 0xF8, 0x00, 
    0x00, 0x00, 0x00, 0x00, 0x07, 0xFF, 0xF8, 0x00, 0x00, 0x00, 0x00, 0x00, 0x00, 0x0F, 0xF8, 0x00, 
    0x00, 0x00, 0x00, 0x00, 0x00, 0x00, 0x00, 0x00, 0x00, 0x00, 0x00, 0x00, 0x00, 0x00, 0x00, 0x00, 
    0x00, 0x00, 0x00, 0x00, 0x00, 0x00, 0x00, 0x00, 0x00, 0x00, 0x00, 0x00, 0x00, 0x00, 0x00, 0x00, 
    0x00, 0x00, 0x00, 0x00, 0x00, 0x00, 0x00, 0x00, 0x00, 0x00, 0x00, 0x00, 0x00, 0x00, 0x00, 0x00, 
    0x00, 0x00, 0x00, 0x00, 0x00, 0x00, 0x00, 0x00, 0x00, 0x00, 0x00, 0x00, 0x00, 0x00, 0x00, 0x00, 
    0x00, 0x00, 0x00, 0x00, 0x00, 0x00, 0x00, 0x00, 0x00, 0x00, 0x00, 0x00, 0x00, 0x00, 0x00, 0x00, 
      },
  {
    0x00, 0x00, 0x00, 0x00, 0x00, 0x00, 0x00, 0x00, 0x00, 0x00, 0x00, 0x00, 0x00, 0x00, 0x00, 0x00, 
    0x00, 0x00, 0x00, 0x00, 0x00, 0x00, 0x00, 0x00, 0x00, 0x00, 0x00, 0x00, 0x00, 0x00, 0x00, 0x00, 
    0x00, 0x00, 0x00, 0x00, 0x00, 0x00, 0x00, 0x00, 0x00, 0x00, 0x00, 0x00, 0x00, 0x00, 0x00, 0x00, 
    0x00, 0x00, 0x00, 0x00, 0x00, 0x00, 0x00, 0x00, 0x00, 0x00, 0x00, 0x00, 0x00, 0x00, 0x00, 0x00, 
    0x00, 0x00, 0x0F, 0x00, 0x00, 0x00, 0x00, 0x00, 0x00, 0x00, 0x1F, 0x80, 0x00, 0x00, 0x00, 0x00, 
    0x00, 0x00, 0x39, 0xC0, 0x07, 0xC0, 0x00, 0x00, 0x00, 0x00, 0x38, 0xC0, 0x07, 0xFF, 0x80, 0x00, 
    0x00, 0x00, 0x30, 0xC0, 0x07, 0xFF, 0xE0, 0x00, 0x00, 0x07, 0xF8, 0xC0, 0x06, 0x01, 0xF0, 0x00, 
    0x00, 0x07, 0xFF, 0xF0, 0x0E, 0x00, 0xF8, 0x00, 0x00, 0x0E, 0x3F, 0xFF, 0xCE, 0x00, 0xFC, 0x00, 
    0x00, 0x0E, 0x00, 0x7F, 0xFF, 0x80, 0xCE, 0x00, 0x00, 0x0E, 0x00, 0x00, 0xFF, 0xFF, 0xC7, 0x00, 
    0x00, 0x0C, 0x40, 0x00, 0x03, 0xFF, 0xF3, 0x00, 0x00, 0x0C, 0x60, 0x1F, 0x80, 0x07, 0xFF, 0x00, 
    0x00, 0x0C, 0x40, 0x7F, 0xF0, 0x00, 0x3F, 0x00, 0x00, 0x0C, 0x00, 0xF0, 0xFE, 0x00, 0x3F, 0x00, 
    0x00, 0x1C, 0x01, 0xC0, 0x3F, 0x80, 0x77, 0x00, 0x00, 0x1F, 0xC3, 0x80, 0x3B, 0x80, 0x73, 0x80, 
    0x00, 0x1F, 0xFF, 0x0E, 0x1D, 0xC0, 0x71, 0x80, 0x00, 0x18, 0xFF, 0x1F, 0x0C, 0xE0, 0x61, 0x80, 
    0x00, 0x18, 0x0E, 0x3F, 0x8C, 0x60, 0x63, 0x80, 0x00, 0x18, 0x0E, 0x71, 0xCE, 0x78, 0x63, 0x80, 
    0x00, 0x38, 0x0C, 0x60, 0xCE, 0x7F, 0xE3, 0x80, 0x00, 0x38, 0x0C, 0xE0, 0xCE, 0x3F, 0xF3, 0x00, 
    0x00, 0x38, 0x0C, 0xE0, 0xCE, 0x30, 0xFB, 0x00, 0x00, 0x30, 0x0C, 0xE1, 0xCC, 0x30, 0xFF, 0x00, 
    0x00, 0x30, 0x0C, 0xE1, 0xCC, 0x70, 0xDF, 0x00, 0x00, 0x30, 0x0C, 0x73, 0x9C, 0x70, 0xCF, 0x00, 
    0x00, 0x30, 0x0E, 0x3F, 0x1C, 0x60, 0xC7, 0x00, 0x00, 0x70, 0x0E, 0x1E, 0x38, 0x61, 0xC6, 0x00, 
    0x00, 0x70, 0x07, 0x00, 0x30, 0xE1, 0xC6, 0x00, 0x00, 0x60, 0x07, 0x00, 0x71, 0xC1, 0x86, 0x00, 
    0x00, 0x60, 0x03, 0xC1, 0xE3, 0x81, 0x86, 0x00, 0x00, 0x60, 0x01, 0xFF, 0xC7, 0x81, 0x8E, 0x00, 
    0x00, 0x60, 0x00, 0xFF, 0x9F, 0x01, 0x8E, 0x00, 0x00, 0xE0, 0x00, 0x1F, 0xFC, 0x03, 0x8E, 0x00, 
    0x00, 0xF0, 0x00, 0x03, 0xF0, 0x03, 0x8C, 0x00, 0x00, 0xFF, 0xE0, 0x00, 0x00, 0x03, 0x8C, 0x00, 
    0x00, 0x7F, 0xFF, 0x80, 0x00, 0x03, 0x0C, 0x00, 0x00, 0x3E, 0xFF, 0xFF, 0x00, 0x03, 0x0C, 0x00, 
    0x00, 0x0E, 0x01, 0xFF, 0xFE, 0x03, 0x1C, 0x00, 0x00, 0x07, 0xE0, 0x07, 0xFF, 0xFF, 0x1C, 0x00, 
    0x00, 0x03, 0xFF, 0xC0, 0x0F, 0xFF, 0x18, 0x00, 0x00, 0x00, 0x7F, 0xFF, 0x80, 0x1F, 0x98, 0x00, 
    0x00, 0x00, 0x00, 0xFF, 0xFF, 0x01, 0xD8, 0x00, 0x00, 0x00, 0x00, 0x03, 0xFF, 0xFD, 0xF8, 0x00, 
    0x00, 0x00, 0x00, 0x00, 0x07, 0xFF, 0xF8, 0x00, 0x00, 0x00, 0x00, 0x00, 0x00, 0x0F, 0xF8, 0x00, 
    0x00, 0x00, 0x00, 0x00, 0x00, 0x00, 0x30, 0x00, 0x00, 0x00, 0x00, 0x00, 0x00, 0x00, 0x00, 0x00, 
    0x00, 0x00, 0x00, 0x00, 0x00, 0x00, 0x00, 0x00, 0x00, 0x00, 0x00, 0x00, 0x00, 0x00, 0x00, 0x00, 
    0x00, 0x00, 0x00, 0x00, 0x00, 0x00, 0x00, 0x00, 0x00, 0x00, 0x00, 0x00, 0x00, 0x00, 0x00, 0x00, 
    0x00, 0x00, 0x00, 0x00, 0x00, 0x00, 0x00, 0x00, 0x00, 0x00, 0x00, 0x00, 0x00, 0x00, 0x00, 0x00, 
    0x00, 0x00, 0x00, 0x00, 0x00, 0x00, 0x00, 0x00, 0x00, 0x00, 0x00, 0x00, 0x00, 0x00, 0x00, 0x00, 
      },
  {
    0x00, 0x00, 0x00, 0x00, 0x00, 0x00, 0x00, 0x00, 0x00, 0x00, 0x00, 0x00, 0x00, 0x00, 0x00, 0x00, 
    0x00, 0x00, 0x00, 0x00, 0x00, 0x00, 0x00, 0x00, 0x00, 0x00, 0x00, 0x00, 0x00, 0x00, 0x00, 0x00, 
    0x00, 0x00, 0x00, 0x00, 0x00, 0x00, 0x00, 0x00, 0x00, 0x00, 0x00, 0x00, 0x00, 0x00, 0x00, 0x00, 
    0x00, 0x00, 0x00, 0x00, 0x00, 0x00, 0x00, 0x00, 0x00, 0x00, 0x00, 0x00, 0x00, 0x00, 0x00, 0x00, 
    0x00, 0x00, 0x0F, 0x80, 0x00, 0x00, 0x00, 0x00, 0x00, 0x00, 0x1F, 0xC0, 0x00, 0x00, 0x00, 0x00, 
    0x00, 0x00, 0x18, 0xC0, 0x07, 0xE0, 0x00, 0x00, 0x00, 0x00, 0x38, 0xE0, 0x07, 0xFF, 0xC0, 0x00, 
    0x00, 0x07, 0xB0, 0xE0, 0x06, 0x7F, 0xE0, 0x00, 0x00, 0x07, 0xFE, 0xC0, 0x06, 0x01, 0xF0, 0x00, 
    0x00, 0x07, 0xFF, 0xF8, 0x06, 0x00, 0xF8, 0x00, 0x00, 0x06, 0x0F, 0xFF, 0xFE, 0x00, 0xDC, 0x00, 
    0x00, 0x0E, 0x00, 0x1F, 0xFF, 0xC0, 0xCE, 0x00, 0x00, 0x0E, 0x00, 0x00, 0x7F, 0xFF, 0xC7, 0x00, 
    0x00, 0x0C, 0x60, 0x00, 0x01, 0xFF, 0xF3, 0x00, 0x00, 0x0C, 0x60, 0x3F, 0xC0, 0x03, 0xFB, 0x00, 
    0x00, 0x0C, 0x00, 0xFF, 0xF8, 0x00, 0x3F, 0x00, 0x00, 0x0C, 0x01, 0xE0, 0xFE, 0x00, 0x7F, 0x00, 
    0x00, 0x1C, 0x03, 0xC0, 0x7F, 0x80, 0x77, 0x00, 0x00, 0x1F, 0xF3, 0x80, 0x3B, 0xC0, 0x73, 0x80, 
    0x00, 0x1F, 0xFF, 0x1E, 0x19, 0xC0, 0x61, 0x80, 0x00, 0x18, 0x3E, 0x3F, 0x1C, 0xE0, 0x61, 0x80, 
    0x00, 0x18, 0x0E, 0x7B, 0x8C, 0x60, 0x61, 0x80, 0x00, 0x18, 0x0C, 0x61, 0xCC, 0x7C, 0xE3, 0x80, 
    0x00, 0x38, 0x0C, 0xE1, 0xCC, 0x7F, 0xE3, 0x80, 0x00, 0x38, 0x0C, 0xC1, 0xCC, 0x7F, 0xF3, 0x00, 
    0x00, 0x38, 0x1C, 0xC1, 0xCC, 0x70, 0xFB, 0x00, 0x00, 0x30, 0x1C, 0xC1, 0x9C, 0x70, 0xFF, 0x00, 
    0x00, 0x30, 0x0C, 0xE3, 0x9C, 0x70, 0xDF, 0x00, 0x00, 0x30, 0x0C, 0x7F, 0x18, 0x61, 0xCF, 0x00, 
    0x00, 0x30, 0x0C, 0x7F, 0x38, 0x61, 0xC7, 0x00, 0x00, 0x70, 0x0E, 0x1C, 0x30, 0xE1, 0xC7, 0x00, 
    0x00, 0x70, 0x06, 0x00, 0x70, 0xC1, 0x86, 0x00, 0x00, 0x60, 0x07, 0x00, 0xE1, 0xC1, 0x86, 0x00, 
    0x00, 0x60, 0x03, 0xC3, 0xC3, 0x81, 0x86, 0x00, 0x00, 0x60, 0x01, 0xFF, 0x87, 0x01, 0x86, 0x00, 
    0x00, 0x60, 0x00, 0x7F, 0xFE, 0x03, 0x8E, 0x00, 0x00, 0xE0, 0x00, 0x0F, 0xFC, 0x03, 0x8E, 0x00, 
    0x00, 0xFC, 0x00, 0x01, 0xF0, 0x03, 0x0C, 0x00, 0x00, 0xFF, 0xF0, 0x00, 0x00, 0x03, 0x0C, 0x00, 
    0x00, 0x7F, 0xFF, 0xE0, 0x00, 0x03, 0x0C, 0x00, 0x00, 0x1E, 0x3F, 0xFF, 0x80, 0x03, 0x0C, 0x00, 
    0x00, 0x0F, 0x00, 0xFF, 0xFE, 0x07, 0x1C, 0x00, 0x00, 0x07, 0xF0, 0x03, 0xFF, 0xFF, 0x1C, 0x00, 
    0x00, 0x01, 0xFF, 0xC0, 0x07, 0xFF, 0x18, 0x00, 0x00, 0x00, 0x3F, 0xFF, 0x80, 0x1F, 0x98, 0x00, 
    0x00, 0x00, 0x00, 0xFF, 0xFE, 0x03, 0xD8, 0x00, 0x00, 0x00, 0x00, 0x03, 0xFF, 0xFD, 0xF8, 0x00, 
    0x00, 0x00, 0x00, 0x00, 0x07, 0xFF, 0xF8, 0x00, 0x00, 0x00, 0x00, 0x00, 0x00, 0x1F, 0xF8, 0x00, 
    0x00, 0x00, 0x00, 0x00, 0x00, 0x00, 0x30, 0x00, 0x00, 0x00, 0x00, 0x00, 0x00, 0x00, 0x00, 0x00, 
    0x00, 0x00, 0x00, 0x00, 0x00, 0x00, 0x00, 0x00, 0x00, 0x00, 0x00, 0x00, 0x00, 0x00, 0x00, 0x00, 
    0x00, 0x00, 0x00, 0x00, 0x00, 0x00, 0x00, 0x00, 0x00, 0x00, 0x00, 0x00, 0x00, 0x00, 0x00, 0x00, 
    0x00, 0x00, 0x00, 0x00, 0x00, 0x00, 0x00, 0x00, 0x00, 0x00, 0x00, 0x00, 0x00, 0x00, 0x00, 0x00, 
    0x00, 0x00, 0x00, 0x00, 0x00, 0x00, 0x00, 0x00, 0x00, 0x00, 0x00, 0x00, 0x00, 0x00, 0x00, 0x00, 
      },
  {
    0x00, 0x00, 0x00, 0x00, 0x00, 0x00, 0x00, 0x00, 0x00, 0x00, 0x00, 0x00, 0x00, 0x00, 0x00, 0x00, 
    0x00, 0x00, 0x00, 0x00, 0x00, 0x00, 0x00, 0x00, 0x00, 0x00, 0x00, 0x00, 0x00, 0x00, 0x00, 0x00, 
    0x00, 0x00, 0x00, 0x00, 0x00, 0x00, 0x00, 0x00, 0x00, 0x00, 0x00, 0x00, 0x00, 0x00, 0x00, 0x00, 
    0x00, 0x00, 0x00, 0x00, 0x00, 0x00, 0x00, 0x00, 0x00, 0x00, 0x03, 0x00, 0x00, 0x00, 0x00, 0x00, 
    0x00, 0x00, 0x0F, 0x80, 0x00, 0x00, 0x00, 0x00, 0x00, 0x00, 0x1F, 0xC0, 0x00, 0x00, 0x00, 0x00, 
    0x00, 0x00, 0x18, 0xE0, 0x07, 0xF0, 0x00, 0x00, 0x00, 0x00, 0x18, 0xE0, 0x07, 0xFF, 0xC0, 0x00, 
    0x00, 0x07, 0xF8, 0xE0, 0x06, 0x7F, 0xE0, 0x00, 0x00, 0x07, 0xFF, 0xE0, 0x06, 0x00, 0xF0, 0x00, 
    0x00, 0x06, 0xFF, 0xFE, 0x06, 0x00, 0xF8, 0x00, 0x00, 0x06, 0x03, 0xFF, 0xFE, 0x00, 0xDC, 0x00, 
    0x00, 0x06, 0x00, 0x0F, 0xFF, 0xE1, 0xCE, 0x00, 0x00, 0x0E, 0x00, 0x00, 0x3F, 0xFF, 0xC7, 0x00, 
    0x00, 0x0E, 0x60, 0x0E, 0x00, 0xFF, 0xF3, 0x00, 0x00, 0x0C, 0x60, 0x7F, 0xC0, 0x03, 0xFB, 0x00, 
    0x00, 0x0C, 0x00, 0xFF, 0xFC, 0x00, 0x7F, 0x00, 0x00, 0x0C, 0x01, 0xE0, 0xFF, 0x00, 0x7F, 0x00, 
    0x00, 0x1F, 0x03, 0x80, 0x7F, 0x80, 0x67, 0x00, 0x00, 0x1F, 0xFF, 0x00, 0x3B, 0xC0, 0x67, 0x80, 
    0x00, 0x1F, 0xFE, 0x1E, 0x19, 0xC0, 0x61, 0x80, 0x00, 0x18, 0x0E, 0x7F, 0x18, 0xE0, 0x61, 0x80, 
    0x00, 0x18, 0x0C, 0x73, 0x9C, 0x60, 0xE1, 0x80, 0x00, 0x18, 0x0C, 0xE1, 0x9C, 0x7C, 0xE1, 0x80, 
    0x00, 0x38, 0x1C, 0xC1, 0x9C, 0x7F, 0xE3, 0x80, 0x00, 0x38, 0x1C, 0xC1, 0x9C, 0x7F, 0xE3, 0x80, 
    0x00, 0x38, 0x1C, 0xC1, 0x9C, 0x70, 0xF3, 0x00, 0x00, 0x30, 0x1C, 0xC3, 0x98, 0x70, 0xFF, 0x00, 
    0x00, 0x30, 0x1C, 0xE3, 0x98, 0x61, 0xDF, 0x00, 0x00, 0x30, 0x0C, 0x7F, 0x38, 0x61, 0xCF, 0x00, 
    0x00, 0x70, 0x0C, 0x7E, 0x30, 0xE1, 0x87, 0x00, 0x00, 0x70, 0x0E, 0x00, 0x70, 0xE1, 0x87, 0x00, 
    0x00, 0x70, 0x06, 0x00, 0xE1, 0xC1, 0x86, 0x00, 0x00, 0x60, 0x07, 0x01, 0xC1, 0xC1, 0x86, 0x00, 
    0x00, 0x60, 0x03, 0xE7, 0x83, 0x83, 0x86, 0x00, 0x00, 0x60, 0x01, 0xFF, 0x0F, 0x03, 0x86, 0x00, 
    0x00, 0xE0, 0x00, 0x7F, 0xFE, 0x03, 0x0E, 0x00, 0x00, 0xE0, 0x00, 0x0F, 0xF8, 0x03, 0x0E, 0x00, 
    0x00, 0xFF, 0x00, 0x00, 0xE0, 0x03, 0x0C, 0x00, 0x00, 0x7F, 0xFC, 0x00, 0x00, 0x03, 0x0C, 0x00, 
    0x00, 0x3F, 0xFF, 0xF0, 0x00, 0x07, 0x0C, 0x00, 0x00, 0x1E, 0x1F, 0xFF, 0xC0, 0x07, 0x0C, 0x00, 
    0x00, 0x0F, 0x00, 0x7F, 0xFF, 0x06, 0x1C, 0x00, 0x00, 0x03, 0xF8, 0x01, 0xFF, 0xFE, 0x1C, 0x00, 
    0x00, 0x01, 0xFF, 0xE0, 0x07, 0xFE, 0x18, 0x00, 0x00, 0x00, 0x3F, 0xFF, 0x80, 0x1F, 0x18, 0x00, 
    0x00, 0x00, 0x00, 0xFF, 0xFE, 0x03, 0xD8, 0x00, 0x00, 0x00, 0x00, 0x01, 0xFF, 0xF9, 0xF8, 0x00, 
    0x00, 0x00, 0x00, 0x00, 0x07, 0xFF, 0xF8, 0x00, 0x00, 0x00, 0x00, 0x00, 0x00, 0x1F, 0xF8, 0x00, 
    0x00, 0x00, 0x00, 0x00, 0x00, 0x00, 0x70, 0x00, 0x00, 0x00, 0x00, 0x00, 0x00, 0x00, 0x00, 0x00, 
    0x00, 0x00, 0x00, 0x00, 0x00, 0x00, 0x00, 0x00, 0x00, 0x00, 0x00, 0x00, 0x00, 0x00, 0x00, 0x00, 
    0x00, 0x00, 0x00, 0x00, 0x00, 0x00, 0x00, 0x00, 0x00, 0x00, 0x00, 0x00, 0x00, 0x00, 0x00, 0x00, 
    0x00, 0x00, 0x00, 0x00, 0x00, 0x00, 0x00, 0x00, 0x00, 0x00, 0x00, 0x00, 0x00, 0x00, 0x00, 0x00, 
    0x00, 0x00, 0x00, 0x00, 0x00, 0x00, 0x00, 0x00, 0x00, 0x00, 0x00, 0x00, 0x00, 0x00, 0x00, 0x00, 
      },
  {
    0x00, 0x00, 0x00, 0x00, 0x00, 0x00, 0x00, 0x00, 0x00, 0x00, 0x00, 0x00, 0x00, 0x00, 0x00, 0x00, 
    0x00, 0x00, 0x00, 0x00, 0x00, 0x00, 0x00, 0x00, 0x00, 0x00, 0x00, 0x00, 0x00, 0x00, 0x00, 0x00, 
    0x00, 0x00, 0x00, 0x00, 0x00, 0x00, 0x00, 0x00, 0x00, 0x00, 0x00, 0x00, 0x00, 0x00, 0x00, 0x00, 
    0x00, 0x00, 0x00, 0x00, 0x00, 0x00, 0x00, 0x00, 0x00, 0x00, 0x07, 0x80, 0x00, 0x00, 0x00, 0x00, 
    0x00, 0x00, 0x0F, 0xC0, 0x00, 0x00, 0x00, 0x00, 0x00, 0x00, 0x1F, 0xE0, 0x00, 0x00, 0x00, 0x00, 
    0x00, 0x00, 0x18, 0xE0, 0x07, 0xF8, 0x00, 0x00, 0x00, 0x00, 0x18, 0x60, 0x07, 0xFF, 0xC0, 0x00, 
    0x00, 0x07, 0xF8, 0xE0, 0x06, 0x3F, 0xE0, 0x00, 0x00, 0x07, 0xFF, 0xE0, 0x06, 0x00, 0xF0, 0x00, 
    0x00, 0x06, 0x3F, 0xFF, 0x06, 0x00, 0xF8, 0x00, 0x00, 0x06, 0x00, 0xFF, 0xFE, 0x01, 0xDC, 0x00, 
    0x00, 0x06, 0x00, 0x03, 0xFF, 0xE1, 0xCE, 0x00, 0x00, 0x0E, 0x00, 0x00, 0x1F, 0xFF, 0xC7, 0x00, 
    0x00, 0x0E, 0x60, 0x1F, 0x00, 0x7F, 0xF3, 0x80, 0x00, 0x0C, 0x60, 0x7F, 0xE0, 0x01, 0xFB, 0x00, 
    0x00, 0x0C, 0x01, 0xF3, 0xFC, 0x00, 0x7F, 0x00, 0x00, 0x0C, 0x03, 0xC0, 0xFF, 0x00, 0x7F, 0x00, 
    0x00, 0x0F, 0xC3, 0x80, 0x7F, 0x80, 0x6F, 0x00, 0x00, 0x1F, 0xFF, 0x00, 0x39, 0xC0, 0x67, 0x80, 
    0x00, 0x1C, 0xFE, 0x3E, 0x38, 0xC0, 0x61, 0x80, 0x00, 0x18, 0x0E, 0x7F, 0x18, 0xE0, 0xE1, 0x80, 
    0x00, 0x18, 0x0C, 0xE3, 0x98, 0x60, 0xE1, 0x80, 0x00, 0x18, 0x1C, 0xC1, 0x98, 0x7C, 0xC1, 0x80, 
    0x00, 0x38, 0x1C, 0xC1, 0x98, 0x7F, 0xC3, 0x80, 0x00, 0x38, 0x19, 0xC1, 0x98, 0x7F, 0xE3, 0x80, 
    0x00, 0x38, 0x19, 0xC3, 0x98, 0x61, 0xF3, 0x80, 0x00, 0x30, 0x18, 0xC3, 0x98, 0x61, 0xFF, 0x00, 
    0x00, 0x30, 0x1C, 0xE7, 0x38, 0x61, 0xDF, 0x00, 0x00, 0x30, 0x1C, 0xFE, 0x30, 0x61, 0x8F, 0x00, 
    0x00, 0x70, 0x0C, 0x7C, 0x70, 0xE1, 0x87, 0x00, 0x00, 0x70, 0x0E, 0x00, 0xE0, 0xC1, 0x87, 0x00, 
    0x00, 0x60, 0x0E, 0x01, 0xE1, 0xC3, 0x86, 0x00, 0x00, 0x60, 0x07, 0x03, 0xC3, 0x83, 0x86, 0x00, 
    0x00, 0x60, 0x03, 0xFF, 0x87, 0x03, 0x86, 0x00, 0x00, 0x60, 0x01, 0xFE, 0x0F, 0x03, 0x06, 0x00, 
    0x00, 0xE0, 0x00, 0x7F, 0xFC, 0x03, 0x0E, 0x00, 0x00, 0xF0, 0x00, 0x07, 0xF8, 0x03, 0x0E, 0x00, 
    0x00, 0xFF, 0x80, 0x00, 0x00, 0x07, 0x0C, 0x00, 0x00, 0x7F, 0xFE, 0x00, 0x00, 0x07, 0x0C, 0x00, 
    0x00, 0x3D, 0xFF, 0xF8, 0x00, 0x06, 0x0C, 0x00, 0x00, 0x1E, 0x07, 0xFF, 0xE0, 0x06, 0x1C, 0x00, 
    0x00, 0x07, 0x00, 0x3F, 0xFF, 0x06, 0x1C, 0x00, 0x00, 0x03, 0xF8, 0x00, 0xFF, 0xFE, 0x1C, 0x00, 
    0x00, 0x01, 0xFF, 0xE0, 0x03, 0xFE, 0x18, 0x00, 0x00, 0x00, 0x1F, 0xFF, 0x80, 0x0F, 0x18, 0x00, 
    0x00, 0x00, 0x00, 0x7F, 0xFE, 0x03, 0x98, 0x00, 0x00, 0x00, 0x00, 0x01, 0xFF, 0xF9, 0xF8, 0x00, 
    0x00, 0x00, 0x00, 0x00, 0x0F, 0xFF, 0xF8, 0x00, 0x00, 0x00, 0x00, 0x00, 0x00, 0x3F, 0xF0, 0x00, 
    0x00, 0x00, 0x00, 0x00, 0x00, 0x00, 0xF0, 0x00, 0x00, 0x00, 0x00, 0x00, 0x00, 0x00, 0x00, 0x00, 
    0x00, 0x00, 0x00, 0x00, 0x00, 0x00, 0x00, 0x00, 0x00, 0x00, 0x00, 0x00, 0x00, 0x00, 0x00, 0x00, 
    0x00, 0x00, 0x00, 0x00, 0x00, 0x00, 0x00, 0x00, 0x00, 0x00, 0x00, 0x00, 0x00, 0x00, 0x00, 0x00, 
    0x00, 0x00, 0x00, 0x00, 0x00, 0x00, 0x00, 0x00, 0x00, 0x00, 0x00, 0x00, 0x00, 0x00, 0x00, 0x00, 
    0x00, 0x00, 0x00, 0x00, 0x00, 0x00, 0x00, 0x00, 0x00, 0x00, 0x00, 0x00, 0x00, 0x00, 0x00, 0x00, 
      },
  {
    0x00, 0x00, 0x00, 0x00, 0x00, 0x00, 0x00, 0x00, 0x00, 0x00, 0x00, 0x00, 0x00, 0x00, 0x00, 0x00, 
    0x00, 0x00, 0x00, 0x00, 0x00, 0x00, 0x00, 0x00, 0x00, 0x00, 0x00, 0x00, 0x00, 0x00, 0x00, 0x00, 
    0x00, 0x00, 0x00, 0x00, 0x00, 0x00, 0x00, 0x00, 0x00, 0x00, 0x00, 0x00, 0x00, 0x00, 0x00, 0x00, 
    0x00, 0x00, 0x00, 0x00, 0x00, 0x00, 0x00, 0x00, 0x00, 0x00, 0x07, 0x80, 0x00, 0x00, 0x00, 0x00, 
    0x00, 0x00, 0x0F, 0xC0, 0x00, 0x00, 0x00, 0x00, 0x00, 0x00, 0x1C, 0xE0, 0x02, 0x00, 0x00, 0x00, 
    0x00, 0x00, 0x1C, 0x60, 0x07, 0xF8, 0x00, 0x00, 0x00, 0x03, 0x98, 0x60, 0x07, 0xFF, 0xC0, 0x00, 
    0x00, 0x07, 0xFC, 0x60, 0x06, 0x1F, 0xE0, 0x00, 0x00, 0x07, 0xFF, 0xE0, 0x06, 0x00, 0xF0, 0x00, 
    0x00, 0x06, 0x0F, 0xFF, 0x86, 0x00, 0xF8, 0x00, 0x00, 0x06, 0x00, 0x7F, 0xFE, 0x01, 0xDC, 0x00, 
    0x00, 0x06, 0x00, 0x01, 0xFF, 0xF1, 0xCE, 0x00, 0x00, 0x06, 0x60, 0x00, 0x0F, 0xFF, 0xC7, 0x00, 
    0x00, 0x0E, 0x60, 0x3F, 0x00, 0x3F, 0xF3, 0x80, 0x00, 0x0E, 0x00, 0xFF, 0xF0, 0x01, 0xFB, 0x80, 
    0x00, 0x0C, 0x01, 0xE1, 0xFC, 0x00, 0x7F, 0x80, 0x00, 0x0C, 0x03, 0x80, 0xFF, 0x00, 0x7F, 0x00, 
    0x00, 0x0F, 0xE7, 0x00, 0x77, 0x80, 0x6F, 0x00, 0x00, 0x1F, 0xFE, 0x1C, 0x31, 0xC0, 0x67, 0x80, 
    0x00, 0x1C, 0x7E, 0x7E, 0x38, 0xC0, 0xE3, 0xC0, 0x00, 0x18, 0x0C, 0x7F, 0x18, 0xE0, 0xE1, 0xC0, 
    0x00, 0x18, 0x1C, 0xE3, 0x98, 0x60, 0xC1, 0x80, 0x00, 0x18, 0x1D, 0xC3, 0x98, 0x7E, 0xC1, 0x80, 
    0x00, 0x38, 0x19, 0xC1, 0x98, 0x7F, 0xC1, 0x80, 0x00, 0x38, 0x19, 0xC3, 0x98, 0x77, 0xE3, 0x80, 
    0x00, 0x38, 0x19, 0xC3, 0xB8, 0x61, 0xF3, 0x80, 0x00, 0x30, 0x19, 0xC7, 0x38, 0x61, 0xFB, 0x00, 
    0x00, 0x30, 0x18, 0xEF, 0x30, 0x61, 0x9F, 0x00, 0x00, 0x30, 0x1C, 0xFE, 0x70, 0xE1, 0x8F, 0x00, 
    0x00, 0x70, 0x1C, 0x38, 0x60, 0xE1, 0x87, 0x00, 0x00, 0x70, 0x0E, 0x00, 0xE1, 0xC3, 0x87, 0x00, 
    0x00, 0x60, 0x0E, 0x01, 0xC1, 0xC3, 0x86, 0x00, 0x00, 0x60, 0x07, 0x87, 0x83, 0x83, 0x06, 0x00, 
    0x00, 0x60, 0x03, 0xFF, 0x07, 0x03, 0x06, 0x00, 0x00, 0xE0, 0x01, 0xFE, 0x1E, 0x03, 0x06, 0x00, 
    0x00, 0xE0, 0x00, 0x3F, 0xFC, 0x07, 0x0E, 0x00, 0x00, 0xF8, 0x00, 0x07, 0xF0, 0x07, 0x0E, 0x00, 
    0x00, 0xFF, 0xE0, 0x00, 0x00, 0x07, 0x0C, 0x00, 0x00, 0x7F, 0xFF, 0x00, 0x00, 0x06, 0x0C, 0x00, 
    0x00, 0x1C, 0xFF, 0xFC, 0x00, 0x06, 0x0C, 0x00, 0x00, 0x0E, 0x03, 0xFF, 0xE0, 0x06, 0x1C, 0x00, 
    0x00, 0x07, 0x80, 0x1F, 0xFF, 0x8E, 0x1C, 0x00, 0x00, 0x03, 0xFC, 0x00, 0x7F, 0xFE, 0x18, 0x00, 
    0x00, 0x01, 0xFF, 0xE0, 0x03, 0xFE, 0x18, 0x00, 0x00, 0x00, 0x1F, 0xFF, 0x80, 0x0F, 0x18, 0x00, 
    0x00, 0x00, 0x00, 0x7F, 0xFE, 0x03, 0x98, 0x00, 0x00, 0x00, 0x00, 0x01, 0xFF, 0xF1, 0xF8, 0x00, 
    0x00, 0x00, 0x00, 0x00, 0x0F, 0xFF, 0xF8, 0x00, 0x00, 0x00, 0x00, 0x00, 0x00, 0x3F, 0xF0, 0x00, 
    0x00, 0x00, 0x00, 0x00, 0x00, 0x01, 0xF0, 0x00, 0x00, 0x00, 0x00, 0x00, 0x00, 0x00, 0x00, 0x00, 
    0x00, 0x00, 0x00, 0x00, 0x00, 0x00, 0x00, 0x00, 0x00, 0x00, 0x00, 0x00, 0x00, 0x00, 0x00, 0x00, 
    0x00, 0x00, 0x00, 0x00, 0x00, 0x00, 0x00, 0x00, 0x00, 0x00, 0x00, 0x00, 0x00, 0x00, 0x00, 0x00, 
    0x00, 0x00, 0x00, 0x00, 0x00, 0x00, 0x00, 0x00, 0x00, 0x00, 0x00, 0x00, 0x00, 0x00, 0x00, 0x00, 
    0x00, 0x00, 0x00, 0x00, 0x00, 0x00, 0x00, 0x00, 0x00, 0x00, 0x00, 0x00, 0x00, 0x00, 0x00, 0x00, 
      },
  {
    0x00, 0x00, 0x00, 0x00, 0x00, 0x00, 0x00, 0x00, 0x00, 0x00, 0x00, 0x00, 0x00, 0x00, 0x00, 0x00, 
    0x00, 0x00, 0x00, 0x00, 0x00, 0x00, 0x00, 0x00, 0x00, 0x00, 0x00, 0x00, 0x00, 0x00, 0x00, 0x00, 
    0x00, 0x00, 0x00, 0x00, 0x00, 0x00, 0x00, 0x00, 0x00, 0x00, 0x00, 0x00, 0x00, 0x00, 0x00, 0x00, 
    0x00, 0x00, 0x00, 0x00, 0x00, 0x00, 0x00, 0x00, 0x00, 0x00, 0x07, 0xC0, 0x00, 0x00, 0x00, 0x00, 
    0x00, 0x00, 0x0F, 0xE0, 0x00, 0x00, 0x00, 0x00, 0x00, 0x00, 0x1C, 0xE0, 0x03, 0x00, 0x00, 0x00, 
    0x00, 0x00, 0x1C, 0x60, 0x07, 0xFC, 0x00, 0x00, 0x00, 0x03, 0xD8, 0x60, 0x07, 0xFF, 0xC0, 0x00, 
    0x00, 0x03, 0xFE, 0x60, 0x06, 0x0F, 0xE0, 0x00, 0x00, 0x07, 0xFF, 0xF8, 0x06, 0x00, 0xF0, 0x00, 
    0x00, 0x07, 0x07, 0xFF, 0xC6, 0x00, 0xF8, 0x00, 0x00, 0x06, 0x00, 0x3F, 0xFE, 0x01, 0xDC, 0x00, 
    0x00, 0x06, 0x00, 0x00, 0xFF, 0xF1, 0xCE, 0x00, 0x00, 0x06, 0x60, 0x00, 0x07, 0xFF, 0xC7, 0x00, 
    0x00, 0x0E, 0x60, 0x7F, 0x80, 0x3F, 0xF3, 0x80, 0x00, 0x0E, 0x00, 0xFF, 0xF0, 0x01, 0xF9, 0x80, 
    0x00, 0x0C, 0x01, 0xE1, 0xFE, 0x00, 0x7F, 0x80, 0x00, 0x0E, 0x03, 0x80, 0xFF, 0x00, 0x7F, 0x80, 
    0x00, 0x0F, 0xFF, 0x00, 0x77, 0x80, 0x6F, 0x00, 0x00, 0x1F, 0xFE, 0x3C, 0x31, 0xC0, 0xE7, 0x80, 
    0x00, 0x1C, 0x1E, 0x7E, 0x38, 0xC0, 0xE3, 0xC0, 0x00, 0x18, 0x0C, 0xF7, 0x38, 0xE0, 0xC1, 0xC0, 
    0x00, 0x18, 0x1C, 0xC3, 0x38, 0x60, 0xC1, 0x80, 0x00, 0x18, 0x19, 0xC3, 0xB8, 0x7F, 0xC1, 0x80, 
    0x00, 0x38, 0x19, 0x83, 0xB8, 0x7F, 0xC1, 0x80, 0x00, 0x38, 0x19, 0x83, 0x38, 0x67, 0xE3, 0x80, 
    0x00, 0x38, 0x19, 0x83, 0x38, 0x61, 0xF3, 0x80, 0x00, 0x30, 0x19, 0xC7, 0x30, 0x61, 0xFB, 0x00, 
    0x00, 0x30, 0x18, 0xFE, 0x70, 0x61, 0x9F, 0x00, 0x00, 0x30, 0x18, 0xFC, 0x70, 0xE1, 0x8F, 0x00, 
    0x00, 0x70, 0x1C, 0x38, 0xE0, 0xC3, 0x87, 0x00, 0x00, 0x70, 0x0C, 0x01, 0xC1, 0xC3, 0x87, 0x00, 
    0x00, 0x60, 0x0E, 0x03, 0xC1, 0x83, 0x07, 0x00, 0x00, 0x60, 0x07, 0x8F, 0x83, 0x83, 0x06, 0x00, 
    0x00, 0x60, 0x03, 0xFE, 0x0F, 0x03, 0x06, 0x00, 0x00, 0xE0, 0x00, 0xFE, 0x3E, 0x07, 0x06, 0x00, 
    0x00, 0xE0, 0x00, 0x3F, 0xFC, 0x07, 0x0E, 0x00, 0x00, 0xFE, 0x00, 0x03, 0xF0, 0x06, 0x0E, 0x00, 
    0x00, 0xFF, 0xF0, 0x00, 0x00, 0x06, 0x0C, 0x00, 0x00, 0x3F, 0xFF, 0x80, 0x00, 0x06, 0x0C, 0x00, 
    0x00, 0x1C, 0x3F, 0xFC, 0x00, 0x0E, 0x0C, 0x00, 0x00, 0x0E, 0x01, 0xFF, 0xF0, 0x0E, 0x1C, 0x00, 
    0x00, 0x07, 0x80, 0x0F, 0xFF, 0x8E, 0x1C, 0x00, 0x00, 0x03, 0xFC, 0x00, 0x7F, 0xFC, 0x18, 0x00, 
    0x00, 0x01, 0xFF, 0xF0, 0x01, 0xFE, 0x18, 0x00, 0x00, 0x00, 0x0F, 0xFF, 0x80, 0x0F, 0x18, 0x00, 
    0x00, 0x00, 0x00, 0x7F, 0xFC, 0x07, 0x98, 0x00, 0x00, 0x00, 0x00, 0x01, 0xFF, 0xF1, 0xF8, 0x00, 
    0x00, 0x00, 0x00, 0x00, 0x0F, 0xFF, 0xF0, 0x00, 0x00, 0x00, 0x00, 0x00, 0x00, 0x3F, 0xF0, 0x00, 
    0x00, 0x00, 0x00, 0x00, 0x00, 0x01, 0xF0, 0x00, 0x00, 0x00, 0x00, 0x00, 0x00, 0x00, 0x00, 0x00, 
    0x00, 0x00, 0x00, 0x00, 0x00, 0x00, 0x00, 0x00, 0x00, 0x00, 0x00, 0x00, 0x00, 0x00, 0x00, 0x00, 
    0x00, 0x00, 0x00, 0x00, 0x00, 0x00, 0x00, 0x00, 0x00, 0x00, 0x00, 0x00, 0x00, 0x00, 0x00, 0x00, 
    0x00, 0x00, 0x00, 0x00, 0x00, 0x00, 0x00, 0x00, 0x00, 0x00, 0x00, 0x00, 0x00, 0x00, 0x00, 0x00, 
    0x00, 0x00, 0x00, 0x00, 0x00, 0x00, 0x00, 0x00, 0x00, 0x00, 0x00, 0x00, 0x00, 0x00, 0x00, 0x00, 
      },
  {
    0x00, 0x00, 0x00, 0x00, 0x00, 0x00, 0x00, 0x00, 0x00, 0x00, 0x00, 0x00, 0x00, 0x00, 0x00, 0x00, 
    0x00, 0x00, 0x00, 0x00, 0x00, 0x00, 0x00, 0x00, 0x00, 0x00, 0x00, 0x00, 0x00, 0x00, 0x00, 0x00, 
    0x00, 0x00, 0x00, 0x00, 0x00, 0x00, 0x00, 0x00, 0x00, 0x00, 0x00, 0x00, 0x00, 0x00, 0x00, 0x00, 
    0x00, 0x00, 0x01, 0x00, 0x00, 0x00, 0x00, 0x00, 0x00, 0x00, 0x07, 0xC0, 0x00, 0x00, 0x00, 0x00, 
    0x00, 0x00, 0x0F, 0xE0, 0x00, 0x00, 0x00, 0x00, 0x00, 0x00, 0x0C, 0x60, 0x03, 0x80, 0x00, 0x00, 
    0x00, 0x00, 0x1C, 0x70, 0x07, 0xFC, 0x00, 0x00, 0x00, 0x03, 0xFC, 0x60, 0x07, 0xFF, 0xC0, 0x00, 
    0x00, 0x03, 0xFF, 0xE0, 0x06, 0x0F, 0xE0, 0x00, 0x00, 0x07, 0x7F, 0xFC, 0x06, 0x00, 0xF0, 0x00, 
    0x00, 0x07, 0x03, 0xFF, 0xE6, 0x01, 0xF8, 0x00, 0x00, 0x06, 0x00, 0x1F, 0xFF, 0x01, 0xDC, 0x00, 
    0x00, 0x06, 0x00, 0x00, 0xFF, 0xF9, 0x8E, 0x00, 0x00, 0x06, 0x60, 0x0C, 0x07, 0xFF, 0xC7, 0x00, 
    0x00, 0x0E, 0x60, 0x7F, 0x80, 0x1F, 0xF3, 0x80, 0x00, 0x0E, 0x01, 0xFF, 0xF0, 0x00, 0xF9, 0x80, 
    0x00, 0x0C, 0x03, 0xC1, 0xFE, 0x00, 0x7D, 0x80, 0x00, 0x0F, 0x87, 0x80, 0xFF, 0x00, 0x7F, 0x80, 
    0x00, 0x0F, 0xFF, 0x00, 0x73, 0x80, 0x6F, 0x80, 0x00, 0x1D, 0xFE, 0x3C, 0x31, 0xC0, 0xE7, 0x80, 
    0x00, 0x1C, 0x1C, 0x7E, 0x30, 0xC0, 0xE3, 0xC0, 0x00, 0x18, 0x1C, 0xE7, 0x38, 0xE0, 0xC1, 0xC0, 
    0x00, 0x18, 0x19, 0xC3, 0x38, 0xE0, 0xC1, 0x80, 0x00, 0x18, 0x19, 0xC3, 0x38, 0x7F, 0xC1, 0x80, 
    0x00, 0x38, 0x19, 0x83, 0x38, 0x7F, 0xC1, 0x80, 0x00, 0x38, 0x19, 0x83, 0x30, 0x67, 0xE1, 0x80, 
    0x00, 0x38, 0x39, 0x87, 0x30, 0x61, 0xF3, 0x80, 0x00, 0x30, 0x19, 0xC6, 0x70, 0x61, 0xBB, 0x80, 
    0x00, 0x30, 0x18, 0xFE, 0x70, 0xE1, 0x9F, 0x00, 0x00, 0x30, 0x18, 0xFC, 0x60, 0xE3, 0x8F, 0x00, 
    0x00, 0x70, 0x1C, 0x10, 0xE0, 0xC3, 0x87, 0x00, 0x00, 0x70, 0x0C, 0x01, 0xC1, 0xC3, 0x07, 0x00, 
    0x00, 0x60, 0x0E, 0x03, 0x83, 0x83, 0x07, 0x00, 0x00, 0x60, 0x07, 0x9F, 0x07, 0x03, 0x06, 0x00, 
    0x00, 0x60, 0x03, 0xFE, 0x0F, 0x07, 0x06, 0x00, 0x00, 0xE0, 0x00, 0xFF, 0x3E, 0x07, 0x06, 0x00, 
    0x00, 0xE0, 0x00, 0x1F, 0xF8, 0x06, 0x0E, 0x00, 0x00, 0xFF, 0x00, 0x03, 0xE0, 0x06, 0x0E, 0x00, 
    0x00, 0x7F, 0xF8, 0x00, 0x00, 0x06, 0x0C, 0x00, 0x00, 0x3F, 0xFF, 0xC0, 0x00, 0x0E, 0x0C, 0x00, 
    0x00, 0x1C, 0x1F, 0xFE, 0x00, 0x0E, 0x0C, 0x00, 0x00, 0x0F, 0x00, 0xFF, 0xF0, 0x0C, 0x1C, 0x00, 
    0x00, 0x07, 0x80, 0x07, 0xFF, 0x8C, 0x1C, 0x00, 0x00, 0x03, 0xFE, 0x00, 0x3F, 0xFC, 0x18, 0x00, 
    0x00, 0x00, 0xFF, 0xF0, 0x01, 0xFE, 0x18, 0x00, 0x00, 0x00, 0x0F, 0xFF, 0x80, 0x0F, 0x18, 0x00, 
    0x00, 0x00, 0x00, 0x3F, 0xFC, 0x07, 0xB8, 0x00, 0x00, 0x00, 0x00, 0x01, 0xFF, 0xF3, 0xF8, 0x00, 
    0x00, 0x00, 0x00, 0x00, 0x0F, 0xFF, 0xF0, 0x00, 0x00, 0x00, 0x00, 0x00, 0x00, 0x7F, 0xF0, 0x00, 
    0x00, 0x00, 0x00, 0x00, 0x00, 0x01, 0xF0, 0x00, 0x00, 0x00, 0x00, 0x00, 0x00, 0x00, 0x00, 0x00, 
    0x00, 0x00, 0x00, 0x00, 0x00, 0x00, 0x00, 0x00, 0x00, 0x00, 0x00, 0x00, 0x00, 0x00, 0x00, 0x00, 
    0x00, 0x00, 0x00, 0x00, 0x00, 0x00, 0x00, 0x00, 0x00, 0x00, 0x00, 0x00, 0x00, 0x00, 0x00, 0x00, 
    0x00, 0x00, 0x00, 0x00, 0x00, 0x00, 0x00, 0x00, 0x00, 0x00, 0x00, 0x00, 0x00, 0x00, 0x00, 0x00, 
    0x00, 0x00, 0x00, 0x00, 0x00, 0x00, 0x00, 0x00, 0x00, 0x00, 0x00, 0x00, 0x00, 0x00, 0x00, 0x00, 
      },
  {
    0x00, 0x00, 0x00, 0x00, 0x00, 0x00, 0x00, 0x00, 0x00, 0x00, 0x00, 0x00, 0x00, 0x00, 0x00, 0x00, 
    0x00, 0x00, 0x00, 0x00, 0x00, 0x00, 0x00, 0x00, 0x00, 0x00, 0x00, 0x00, 0x00, 0x00, 0x00, 0x00, 
    0x00, 0x00, 0x00, 0x00, 0x00, 0x00, 0x00, 0x00, 0x00, 0x00, 0x00, 0x00, 0x00, 0x00, 0x00, 0x00, 
    0x00, 0x00, 0x03, 0x80, 0x00, 0x00, 0x00, 0x00, 0x00, 0x00, 0x07, 0xC0, 0x00, 0x00, 0x00, 0x00, 
    0x00, 0x00, 0x0F, 0xE0, 0x00, 0x00, 0x00, 0x00, 0x00, 0x00, 0x0C, 0x70, 0x03, 0xC0, 0x00, 0x00, 
    0x00, 0x01, 0x1C, 0x70, 0x07, 0xFE, 0x00, 0x00, 0x00, 0x03, 0xFC, 0x70, 0x07, 0xFF, 0xC0, 0x00, 
    0x00, 0x03, 0xFF, 0xE0, 0x06, 0x0F, 0xE0, 0x00, 0x00, 0x07, 0x1F, 0xFC, 0x06, 0x00, 0xF0, 0x00, 
    0x00, 0x07, 0x01, 0xFF, 0xE6, 0x01, 0xF8, 0x00, 0x00, 0x07, 0x00, 0x0F, 0xFF, 0x01, 0xDC, 0x00, 
    0x00, 0x06, 0x00, 0x00, 0x7F, 0xF9, 0x8E, 0x00, 0x00, 0x06, 0x60, 0x1E, 0x03, 0xFF, 0xC7, 0x00, 
    0x00, 0x0E, 0x60, 0xFF, 0xC0, 0x1F, 0xF3, 0x80, 0x00, 0x0E, 0x01, 0xFF, 0xF8, 0x00, 0xF9, 0x80, 
    0x00, 0x0E, 0x03, 0xC1, 0xFE, 0x00, 0x7D, 0x80, 0x00, 0x0F, 0xC7, 0x00, 0xFF, 0x00, 0x7F, 0x80, 
    0x00, 0x0F, 0xFE, 0x00, 0x73, 0x80, 0xEF, 0x80, 0x00, 0x1C, 0xFE, 0x7C, 0x31, 0xC0, 0xE7, 0x80, 
    0x00, 0x1C, 0x1C, 0xFE, 0x30, 0xC0, 0xC3, 0xC0, 0x00, 0x1C, 0x1C, 0xE7, 0x30, 0xE0, 0xC1, 0xC0, 
    0x00, 0x18, 0x19, 0xC3, 0x30, 0xE0, 0xC1, 0xC0, 0x00, 0x18, 0x19, 0x83, 0x30, 0x7F, 0xC1, 0x80, 
    0x00, 0x38, 0x39, 0x83, 0x30, 0x7F, 0xC1, 0x80, 0x00, 0x38, 0x39, 0x83, 0x30, 0x67, 0xE1, 0x80, 
    0x00, 0x38, 0x39, 0x87, 0x30, 0x61, 0xF3, 0x80, 0x00, 0x30, 0x39, 0xCE, 0x70, 0x61, 0xBB, 0x80, 
    0x00, 0x30, 0x18, 0xFC, 0x60, 0xE3, 0x9F, 0x00, 0x00, 0x70, 0x18, 0xF8, 0xE0, 0xC3, 0x8F, 0x00, 
    0x00, 0x70, 0x1C, 0x01, 0xC1, 0xC3, 0x07, 0x00, 0x00, 0x70, 0x0C, 0x01, 0xC1, 0xC3, 0x07, 0x00, 
    0x00, 0x60, 0x0E, 0x07, 0x83, 0x83, 0x07, 0x00, 0x00, 0x60, 0x07, 0xFF, 0x07, 0x07, 0x06, 0x00, 
    0x00, 0xE0, 0x03, 0xFC, 0x0E, 0x07, 0x06, 0x00, 0x00, 0xE0, 0x00, 0xFF, 0xFC, 0x06, 0x06, 0x00, 
    0x00, 0xF0, 0x00, 0x1F, 0xF8, 0x06, 0x0E, 0x00, 0x00, 0xFF, 0x80, 0x03, 0xE0, 0x06, 0x0E, 0x00, 
    0x00, 0x7F, 0xFC, 0x00, 0x00, 0x0E, 0x0C, 0x00, 0x00, 0x3D, 0xFF, 0xE0, 0x00, 0x0E, 0x0C, 0x00, 
    0x00, 0x1E, 0x0F, 0xFF, 0x00, 0x0C, 0x0C, 0x00, 0x00, 0x0F, 0x00, 0x7F, 0xF0, 0x0C, 0x1C, 0x00, 
    0x00, 0x07, 0xC0, 0x03, 0xFF, 0x8C, 0x1C, 0x00, 0x00, 0x03, 0xFE, 0x00, 0x3F, 0xFC, 0x18, 0x00, 
    0x00, 0x00, 0xFF, 0xF0, 0x01, 0xFC, 0x18, 0x00, 0x00, 0x00, 0x07, 0xFF, 0x80, 0x0F, 0x18, 0x00, 
    0x00, 0x00, 0x00, 0x3F, 0xFC, 0x07, 0xB8, 0x00, 0x00, 0x00, 0x00, 0x01, 0xFF, 0xE3, 0xF8, 0x00, 
    0x00, 0x00, 0x00, 0x00, 0x0F, 0xFF, 0xF0, 0x00, 0x00, 0x00, 0x00, 0x00, 0x00, 0x7F, 0xF0, 0x00, 
    0x00, 0x00, 0x00, 0x00, 0x00, 0x03, 0xF0, 0x00, 0x00, 0x00, 0x00, 0x00, 0x00, 0x00, 0x00, 0x00, 
    0x00, 0x00, 0x00, 0x00, 0x00, 0x00, 0x00, 0x00, 0x00, 0x00, 0x00, 0x00, 0x00, 0x00, 0x00, 0x00, 
    0x00, 0x00, 0x00, 0x00, 0x00, 0x00, 0x00, 0x00, 0x00, 0x00, 0x00, 0x00, 0x00, 0x00, 0x00, 0x00, 
    0x00, 0x00, 0x00, 0x00, 0x00, 0x00, 0x00, 0x00, 0x00, 0x00, 0x00, 0x00, 0x00, 0x00, 0x00, 0x00, 
    0x00, 0x00, 0x00, 0x00, 0x00, 0x00, 0x00, 0x00, 0x00, 0x00, 0x00, 0x00, 0x00, 0x00, 0x00, 0x00, 
      },
  {
    0x00, 0x00, 0x00, 0x00, 0x00, 0x00, 0x00, 0x00, 0x00, 0x00, 0x00, 0x00, 0x00, 0x00, 0x00, 0x00, 
    0x00, 0x00, 0x00, 0x00, 0x00, 0x00, 0x00, 0x00, 0x00, 0x00, 0x00, 0x00, 0x00, 0x00, 0x00, 0x00, 
    0x00, 0x00, 0x00, 0x00, 0x00, 0x00, 0x00, 0x00, 0x00, 0x00, 0x00, 0x00, 0x00, 0x00, 0x00, 0x00, 
    0x00, 0x00, 0x03, 0xC0, 0x00, 0x00, 0x00, 0x00, 0x00, 0x00, 0x07, 0xE0, 0x00, 0x00, 0x00, 0x00, 
    0x00, 0x00, 0x0E, 0xE0, 0x00, 0x00, 0x00, 0x00, 0x00, 0x00, 0x0C, 0x70, 0x03, 0xC0, 0x00, 0x00, 
    0x00, 0x01, 0x8C, 0x70, 0x07, 0xFE, 0x00, 0x00, 0x00, 0x03, 0xFC, 0x70, 0x07, 0xFF, 0xC0, 0x00, 
    0x00, 0x03, 0xFF, 0xF0, 0x06, 0x07, 0xE0, 0x00, 0x00, 0x03, 0x1F, 0xFE, 0x06, 0x00, 0xF0, 0x00, 
    0x00, 0x07, 0x00, 0xFF, 0xFE, 0x01, 0xF8, 0x00, 0x00, 0x07, 0x00, 0x07, 0xFF, 0x81, 0xDC, 0x00, 
    0x00, 0x06, 0x20, 0x00, 0x3F, 0xF9, 0x8E, 0x00, 0x00, 0x06, 0x60, 0x3E, 0x01, 0xFF, 0xC7, 0x80, 
    0x00, 0x06, 0x20, 0xFF, 0xC0, 0x1F, 0xF3, 0x80, 0x00, 0x0E, 0x01, 0xF7, 0xF8, 0x00, 0xF9, 0x80, 
    0x00, 0x0E, 0x03, 0x81, 0xFE, 0x00, 0x7D, 0x80, 0x00, 0x0F, 0xE7, 0x00, 0xFF, 0x00, 0xFF, 0x80, 
    0x00, 0x0F, 0xFE, 0x00, 0x73, 0x80, 0xEF, 0x80, 0x00, 0x1C, 0x7C, 0x7C, 0x71, 0xC0, 0xE7, 0x80, 
    0x00, 0x1C, 0x1C, 0xFE, 0x30, 0xC0, 0xC3, 0xC0, 0x00, 0x1C, 0x1D, 0xC7, 0x30, 0xE0, 0xC1, 0xC0, 
    0x00, 0x18, 0x19, 0xC3, 0x30, 0xE0, 0xC1, 0xC0, 0x00, 0x18, 0x19, 0x83, 0x30, 0x7F, 0xC1, 0x80, 
    0x00, 0x38, 0x39, 0x83, 0x30, 0x7F, 0xC1, 0x80, 0x00, 0x38, 0x3B, 0x87, 0x30, 0x63, 0xE1, 0x80, 
    0x00, 0x30, 0x39, 0x87, 0x70, 0x61, 0xF3, 0x80, 0x00, 0x30, 0x39, 0xCE, 0x70, 0xE3, 0xBB, 0x80, 
    0x00, 0x30, 0x18, 0xFC, 0x60, 0xE3, 0x9F, 0x00, 0x00, 0x70, 0x18, 0x78, 0xE0, 0xC3, 0x0F, 0x00, 
    0x00, 0x70, 0x1C, 0x01, 0xC1, 0xC3, 0x07, 0x00, 0x00, 0x60, 0x0C, 0x03, 0x81, 0x83, 0x07, 0x00, 
    0x00, 0x60, 0x0F, 0x07, 0x83, 0x87, 0x07, 0x00, 0x00, 0x60, 0x07, 0xFF, 0x07, 0x07, 0x06, 0x00, 
    0x00, 0xE0, 0x03, 0xFC, 0x0E, 0x06, 0x06, 0x00, 0x00, 0xE0, 0x00, 0xFF, 0xFC, 0x06, 0x06, 0x00, 
    0x00, 0xF8, 0x00, 0x0F, 0xF8, 0x06, 0x0E, 0x00, 0x00, 0xFF, 0xC0, 0x01, 0xC0, 0x0E, 0x0E, 0x00, 
    0x00, 0x7F, 0xFC, 0x00, 0x00, 0x0E, 0x0C, 0x00, 0x00, 0x3C, 0xFF, 0xE0, 0x00, 0x0C, 0x0C, 0x00, 
    0x00, 0x1E, 0x0F, 0xFF, 0x00, 0x0C, 0x0C, 0x00, 0x00, 0x0F, 0x00, 0x7F, 0xF8, 0x0C, 0x1C, 0x00, 
    0x00, 0x03, 0xC0, 0x03, 0xFF, 0xDC, 0x1C, 0x00, 0x00, 0x01, 0xFE, 0x00, 0x1F, 0xFC, 0x18, 0x00, 
    0x00, 0x00, 0xFF, 0xF0, 0x00, 0xFC, 0x18, 0x00, 0x00, 0x00, 0x07, 0xFF, 0x80, 0x0E, 0x18, 0x00, 
    0x00, 0x00, 0x00, 0x3F, 0xFC, 0x07, 0xB8, 0x00, 0x00, 0x00, 0x00, 0x01, 0xFF, 0xE3, 0xF8, 0x00, 
    0x00, 0x00, 0x00, 0x00, 0x0F, 0xFF, 0xF0, 0x00, 0x00, 0x00, 0x00, 0x00, 0x00, 0x7F, 0xF0, 0x00, 
    0x00, 0x00, 0x00, 0x00, 0x00, 0x03, 0xF0, 0x00, 0x00, 0x00, 0x00, 0x00, 0x00, 0x00, 0x00, 0x00, 
    0x00, 0x00, 0x00, 0x00, 0x00, 0x00, 0x00, 0x00, 0x00, 0x00, 0x00, 0x00, 0x00, 0x00, 0x00, 0x00, 
    0x00, 0x00, 0x00, 0x00, 0x00, 0x00, 0x00, 0x00, 0x00, 0x00, 0x00, 0x00, 0x00, 0x00, 0x00, 0x00, 
    0x00, 0x00, 0x00, 0x00, 0x00, 0x00, 0x00, 0x00, 0x00, 0x00, 0x00, 0x00, 0x00, 0x00, 0x00, 0x00, 
    0x00, 0x00, 0x00, 0x00, 0x00, 0x00, 0x00, 0x00, 0x00, 0x00, 0x00, 0x00, 0x00, 0x00, 0x00, 0x00, 
      },
  {
    0x00, 0x00, 0x00, 0x00, 0x00, 0x00, 0x00, 0x00, 0x00, 0x00, 0x00, 0x00, 0x00, 0x00, 0x00, 0x00, 
    0x00, 0x00, 0x00, 0x00, 0x00, 0x00, 0x00, 0x00, 0x00, 0x00, 0x00, 0x00, 0x00, 0x00, 0x00, 0x00, 
    0x00, 0x00, 0x00, 0x00, 0x00, 0x00, 0x00, 0x00, 0x00, 0x00, 0x00, 0x00, 0x00, 0x00, 0x00, 0x00, 
    0x00, 0x00, 0x03, 0xC0, 0x00, 0x00, 0x00, 0x00, 0x00, 0x00, 0x07, 0xE0, 0x00, 0x00, 0x00, 0x00, 
    0x00, 0x00, 0x0E, 0x70, 0x00, 0x00, 0x00, 0x00, 0x00, 0x00, 0x0C, 0x70, 0x03, 0xC0, 0x00, 0x00, 
    0x00, 0x03, 0xCC, 0x30, 0x07, 0xFE, 0x00, 0x00, 0x00, 0x03, 0xFC, 0x70, 0x07, 0xFF, 0xC0, 0x00, 
    0x00, 0x03, 0xFF, 0xF0, 0x06, 0x07, 0xE0, 0x00, 0x00, 0x03, 0x0F, 0xFF, 0x06, 0x00, 0xF0, 0x00, 
    0x00, 0x07, 0x00, 0x7F, 0xFE, 0x01, 0xF8, 0x00, 0x00, 0x07, 0x00, 0x03, 0xFF, 0x81, 0xDC, 0x00, 
    0x00, 0x06, 0x20, 0x00, 0x3F, 0xFD, 0x8E, 0x00, 0x00, 0x06, 0x60, 0x3E, 0x01, 0xFF, 0xC7, 0x80, 
    0x00, 0x06, 0x00, 0xFF, 0xE0, 0x0F, 0xF3, 0x80, 0x00, 0x0E, 0x01, 0xE3, 0xFC, 0x00, 0xF9, 0xC0, 
    0x00, 0x0E, 0x03, 0x80, 0xFE, 0x00, 0x7D, 0x80, 0x00, 0x0F, 0xF7, 0x00, 0xEF, 0x00, 0xFF, 0x80, 
    0x00, 0x0F, 0xFE, 0x18, 0x73, 0x80, 0xEF, 0x80, 0x00, 0x1C, 0x3C, 0x7E, 0x71, 0xC0, 0xC7, 0x80, 
    0x00, 0x1C, 0x1C, 0xFE, 0x30, 0xC0, 0xC3, 0xC0, 0x00, 0x1C, 0x19, 0xC7, 0x30, 0xE0, 0xC1, 0xC0, 
    0x00, 0x18, 0x19, 0x83, 0x30, 0xE1, 0xC1, 0xC0, 0x00, 0x18, 0x39, 0x83, 0x30, 0x7F, 0xC1, 0x80, 
    0x00, 0x38, 0x3B, 0x83, 0x30, 0x7F, 0xC1, 0x80, 0x00, 0x38, 0x3B, 0x87, 0x30, 0x63, 0xE1, 0x80, 
    0x00, 0x30, 0x39, 0x86, 0x70, 0x61, 0xF3, 0x80, 0x00, 0x30, 0x39, 0xDE, 0x60, 0xE3, 0xBB, 0x80, 
    0x00, 0x30, 0x18, 0xFC, 0xE0, 0xE3, 0x9F, 0x00, 0x00, 0x70, 0x18, 0x78, 0xE0, 0xC3, 0x0F, 0x00, 
    0x00, 0x70, 0x1C, 0x01, 0xC1, 0xC3, 0x07, 0x00, 0x00, 0x60, 0x0C, 0x03, 0x81, 0x83, 0x07, 0x00, 
    0x00, 0x60, 0x0F, 0x0F, 0x03, 0x87, 0x07, 0x00, 0x00, 0x60, 0x07, 0xFE, 0x07, 0x07, 0x06, 0x00, 
    0x00, 0xE0, 0x03, 0xFC, 0x1E, 0x06, 0x06, 0x00, 0x00, 0xE0, 0x00, 0x7F, 0xFC, 0x06, 0x06, 0x00, 
    0x00, 0xFC, 0x00, 0x0F, 0xF8, 0x0E, 0x0E, 0x00, 0x00, 0xFF, 0xC0, 0x01, 0xC0, 0x0E, 0x0E, 0x00, 
    0x00, 0x7F, 0xFE, 0x00, 0x00, 0x0C, 0x0C, 0x00, 0x00, 0x3C, 0xFF, 0xF0, 0x00, 0x0C, 0x0C, 0x00, 
    0x00, 0x0E, 0x07, 0xFF, 0x00, 0x0C, 0x0C, 0x00, 0x00, 0x07, 0x00, 0x3F, 0xF8, 0x1C, 0x1C, 0x00, 
    0x00, 0x03, 0xE0, 0x03, 0xFF, 0xDC, 0x1C, 0x00, 0x00, 0x01, 0xFE, 0x00, 0x1F, 0xF8, 0x18, 0x00, 
    0x00, 0x00, 0x7F, 0xF0, 0x00, 0xFC, 0x18, 0x00, 0x00, 0x00, 0x07, 0xFF, 0x80, 0x0E, 0x18, 0x00, 
    0x00, 0x00, 0x00, 0x3F, 0xFC, 0x07, 0xB8, 0x00, 0x00, 0x00, 0x00, 0x01, 0xFF, 0xE3, 0xF8, 0x00, 
    0x00, 0x00, 0x00, 0x00, 0x0F, 0xFF, 0xF0, 0x00, 0x00, 0x00, 0x00, 0x00, 0x00, 0x7F, 0xF0, 0x00, 
    0x00, 0x00, 0x00, 0x00, 0x00, 0x03, 0xF0, 0x00, 0x00, 0x00, 0x00, 0x00, 0x00, 0x00, 0x00, 0x00, 
    0x00, 0x00, 0x00, 0x00, 0x00, 0x00, 0x00, 0x00, 0x00, 0x00, 0x00, 0x00, 0x00, 0x00, 0x00, 0x00, 
    0x00, 0x00, 0x00, 0x00, 0x00, 0x00, 0x00, 0x00, 0x00, 0x00, 0x00, 0x00, 0x00, 0x00, 0x00, 0x00, 
    0x00, 0x00, 0x00, 0x00, 0x00, 0x00, 0x00, 0x00, 0x00, 0x00, 0x00, 0x00, 0x00, 0x00, 0x00, 0x00, 
    0x00, 0x00, 0x00, 0x00, 0x00, 0x00, 0x00, 0x00, 0x00, 0x00, 0x00, 0x00, 0x00, 0x00, 0x00, 0x00, 
      },
  {
    0x00, 0x00, 0x00, 0x00, 0x00, 0x00, 0x00, 0x00, 0x00, 0x00, 0x00, 0x00, 0x00, 0x00, 0x00, 0x00, 
    0x00, 0x00, 0x00, 0x00, 0x00, 0x00, 0x00, 0x00, 0x00, 0x00, 0x00, 0x00, 0x00, 0x00, 0x00, 0x00, 
    0x00, 0x00, 0x00, 0x00, 0x00, 0x00, 0x00, 0x00, 0x00, 0x00, 0x00, 0x00, 0x00, 0x00, 0x00, 0x00, 
    0x00, 0x00, 0x03, 0xC0, 0x00, 0x00, 0x00, 0x00, 0x00, 0x00, 0x07, 0xE0, 0x00, 0x00, 0x00, 0x00, 
    0x00, 0x00, 0x0E, 0x70, 0x00, 0x00, 0x00, 0x00, 0x00, 0x00, 0x0C, 0x70, 0x03, 0xE0, 0x00, 0x00, 
    0x00, 0x03, 0xCC, 0x30, 0x07, 0xFF, 0x00, 0x00, 0x00, 0x03, 0xFE, 0x70, 0x07, 0x7F, 0xC0, 0x00, 
    0x00, 0x03, 0xFF, 0xF0, 0x06, 0x03, 0xE0, 0x00, 0x00, 0x03, 0x07, 0xFF, 0x06, 0x00, 0xF0, 0x00, 
    0x00, 0x07, 0x00, 0x7F, 0xFE, 0x01, 0xF8, 0x00, 0x00, 0x07, 0x00, 0x03, 0xFF, 0x81, 0x9C, 0x00, 
    0x00, 0x06, 0x20, 0x00, 0x1F, 0xFD, 0x8F, 0x00, 0x00, 0x06, 0x60, 0x7F, 0x01, 0xFF, 0xE7, 0x80, 
    0x00, 0x06, 0x00, 0xFF, 0xE0, 0x0F, 0xF3, 0xC0, 0x00, 0x0E, 0x01, 0xE3, 0xFC, 0x00, 0xF9, 0xC0, 
    0x00, 0x0E, 0x03, 0x80, 0xFE, 0x00, 0x7D, 0x80, 0x00, 0x0F, 0xF7, 0x00, 0x6F, 0x80, 0xFF, 0x80, 
    0x00, 0x0F, 0xFE, 0x18, 0x73, 0x80, 0xEF, 0x80, 0x00, 0x1C, 0x3C, 0x7E, 0x71, 0xC0, 0xC7, 0x80, 
    0x00, 0x1C, 0x1C, 0xFE, 0x30, 0xC0, 0xC3, 0xC0, 0x00, 0x18, 0x19, 0xC7, 0x30, 0xE0, 0xC1, 0xC0, 
    0x00, 0x18, 0x19, 0x83, 0x30, 0xE1, 0xC1, 0xC0, 0x00, 0x18, 0x39, 0x83, 0x30, 0x7F, 0xC1, 0x80, 
    0x00, 0x38, 0x3B, 0x83, 0x30, 0x7F, 0xC1, 0x80, 0x00, 0x38, 0x3B, 0x87, 0x70, 0x63, 0xE1, 0x80, 
    0x00, 0x30, 0x39, 0x86, 0x70, 0x61, 0xF3, 0x80, 0x00, 0x30, 0x39, 0xDE, 0x60, 0xE3, 0xBB, 0x80, 
    0x00, 0x30, 0x18, 0xFC, 0xE0, 0xE3, 0x9F, 0x00, 0x00, 0x70, 0x18, 0x78, 0xC0, 0xC3, 0x0F, 0x00, 
    0x00, 0x70, 0x1C, 0x01, 0xC1, 0xC3, 0x07, 0x00, 0x00, 0x60, 0x0E, 0x03, 0x81, 0x87, 0x07, 0x00, 
    0x00, 0x60, 0x0F, 0x0F, 0x03, 0x87, 0x07, 0x00, 0x00, 0x60, 0x07, 0xFE, 0x07, 0x06, 0x06, 0x00, 
    0x00, 0xE0, 0x01, 0xFC, 0x1E, 0x06, 0x06, 0x00, 0x00, 0xE0, 0x00, 0x7F, 0xFC, 0x06, 0x06, 0x00, 
    0x00, 0xFC, 0x00, 0x0F, 0xF0, 0x0E, 0x0E, 0x00, 0x00, 0xFF, 0xE0, 0x00, 0x80, 0x0E, 0x0E, 0x00, 
    0x00, 0x7F, 0xFE, 0x00, 0x00, 0x0C, 0x0C, 0x00, 0x00, 0x1C, 0x7F, 0xF0, 0x00, 0x0C, 0x0C, 0x00, 
    0x00, 0x0E, 0x07, 0xFF, 0x80, 0x0C, 0x0C, 0x00, 0x00, 0x07, 0x00, 0x3F, 0xFC, 0x1C, 0x1C, 0x00, 
    0x00, 0x03, 0xE0, 0x01, 0xFF, 0xDC, 0x1C, 0x00, 0x00, 0x01, 0xFF, 0x00, 0x1F, 0xF8, 0x18, 0x00, 
    0x00, 0x00, 0x7F, 0xF8, 0x00, 0xFC, 0x18, 0x00, 0x00, 0x00, 0x03, 0xFF, 0xC0, 0x0E, 0x38, 0x00, 
    0x00, 0x00, 0x00, 0x1F, 0xFE, 0x07, 0xB8, 0x00, 0x00, 0x00, 0x00, 0x00, 0xFF, 0xE3, 0xF0, 0x00, 
    0x00, 0x00, 0x00, 0x00, 0x0F, 0xFF, 0xF0, 0x00, 0x00, 0x00, 0x00, 0x00, 0x00, 0x7F, 0xF0, 0x00, 
    0x00, 0x00, 0x00, 0x00, 0x00, 0x03, 0xF0, 0x00, 0x00, 0x00, 0x00, 0x00, 0x00, 0x00, 0x00, 0x00, 
    0x00, 0x00, 0x00, 0x00, 0x00, 0x00, 0x00, 0x00, 0x00, 0x00, 0x00, 0x00, 0x00, 0x00, 0x00, 0x00, 
    0x00, 0x00, 0x00, 0x00, 0x00, 0x00, 0x00, 0x00, 0x00, 0x00, 0x00, 0x00, 0x00, 0x00, 0x00, 0x00, 
    0x00, 0x00, 0x00, 0x00, 0x00, 0x00, 0x00, 0x00, 0x00, 0x00, 0x00, 0x00, 0x00, 0x00, 0x00, 0x00, 
    0x00, 0x00, 0x00, 0x00, 0x00, 0x00, 0x00, 0x00, 0x00, 0x00, 0x00, 0x00, 0x00, 0x00, 0x00, 0x00, 
      },
  {
    0x00, 0x00, 0x00, 0x00, 0x00, 0x00, 0x00, 0x00, 0x00, 0x00, 0x00, 0x00, 0x00, 0x00, 0x00, 0x00, 
    0x00, 0x00, 0x00, 0x00, 0x00, 0x00, 0x00, 0x00, 0x00, 0x00, 0x00, 0x00, 0x00, 0x00, 0x00, 0x00, 
    0x00, 0x00, 0x00, 0x00, 0x00, 0x00, 0x00, 0x00, 0x00, 0x00, 0x00, 0x00, 0x00, 0x00, 0x00, 0x00, 
    0x00, 0x00, 0x03, 0xC0, 0x00, 0x00, 0x00, 0x00, 0x00, 0x00, 0x07, 0xE0, 0x00, 0x00, 0x00, 0x00, 
    0x00, 0x00, 0x0E, 0x70, 0x00, 0x00, 0x00, 0x00, 0x00, 0x00, 0x0C, 0x70, 0x03, 0xE0, 0x00, 0x00, 
    0x00, 0x03, 0xDC, 0x30, 0x07, 0xFF, 0x00, 0x00, 0x00, 0x03, 0xFE, 0x70, 0x07, 0x7F, 0xC0, 0x00, 
    0x00, 0x03, 0xFF, 0xF0, 0x06, 0x03, 0xE0, 0x00, 0x00, 0x03, 0x07, 0xFF, 0x06, 0x00, 0xF0, 0x00, 
    0x00, 0x07, 0x00, 0x3F, 0xFE, 0x01, 0xF8, 0x00, 0x00, 0x07, 0x00, 0x03, 0xFF, 0xC1, 0x9E, 0x00, 
    0x00, 0x06, 0x60, 0x00, 0x1F, 0xFF, 0x8F, 0x00, 0x00, 0x06, 0x60, 0x7F, 0x00, 0xFF, 0xE7, 0x80, 
    0x00, 0x06, 0x00, 0xFF, 0xE0, 0x0F, 0xF3, 0xC0, 0x00, 0x0E, 0x03, 0xE3, 0xFC, 0x00, 0x79, 0xC0, 
    0x00, 0x0F, 0x07, 0x80, 0xFF, 0x00, 0x7D, 0x80, 0x00, 0x0F, 0xFF, 0x00, 0x67, 0x80, 0xFF, 0x80, 
    0x00, 0x0F, 0xFE, 0x38, 0x73, 0x80, 0xEF, 0x80, 0x00, 0x1C, 0x3C, 0x7E, 0x71, 0xC0, 0xC7, 0x80, 
    0x00, 0x1C, 0x1C, 0xFE, 0x30, 0xC0, 0xC3, 0xC0, 0x00, 0x18, 0x19, 0xC7, 0x30, 0xE0, 0xC1, 0xC0, 
    0x00, 0x18, 0x19, 0x83, 0x30, 0xF1, 0xC1, 0xC0, 0x00, 0x18, 0x39, 0x83, 0x30, 0x7F, 0xC1, 0x80, 
    0x00, 0x38, 0x3B, 0x87, 0x30, 0x7F, 0xC1, 0x80, 0x00, 0x38, 0x3B, 0x87, 0x70, 0x63, 0xE1, 0x80, 
    0x00, 0x30, 0x39, 0x8E, 0x70, 0x61, 0xF3, 0x80, 0x00, 0x30, 0x39, 0xFE, 0x60, 0xE3, 0xBB, 0x80, 
    0x00, 0x30, 0x18, 0xFC, 0xE0, 0xC3, 0x1F, 0x00, 0x00, 0x70, 0x18, 0x70, 0xC0, 0xC3, 0x0F, 0x00, 
    0x00, 0x70, 0x1C, 0x01, 0xC1, 0xC3, 0x07, 0x00, 0x00, 0x60, 0x0E, 0x03, 0x83, 0x87, 0x07, 0x00, 
    0x00, 0x60, 0x0F, 0x0F, 0x03, 0x87, 0x07, 0x00, 0x00, 0x60, 0x07, 0xFE, 0x07, 0x06, 0x06, 0x00, 
    0x00, 0xE0, 0x01, 0xFC, 0x1E, 0x06, 0x06, 0x00, 0x00, 0xE0, 0x00, 0x7F, 0xFC, 0x06, 0x06, 0x00, 
    0x00, 0xFC, 0x00, 0x0F, 0xF0, 0x0E, 0x0E, 0x00, 0x00, 0xFF, 0xE0, 0x00, 0x00, 0x0E, 0x0E, 0x00, 
    0x00, 0x3F, 0xFF, 0x00, 0x00, 0x0C, 0x0C, 0x00, 0x00, 0x1C, 0x7F, 0xF0, 0x00, 0x0C, 0x0C, 0x00, 
    0x00, 0x0E, 0x03, 0xFF, 0x80, 0x0C, 0x0C, 0x00, 0x00, 0x07, 0x00, 0x3F, 0xFC, 0x1C, 0x1C, 0x00, 
    0x00, 0x03, 0xE0, 0x01, 0xFF, 0xDC, 0x1C, 0x00, 0x00, 0x01, 0xFF, 0x00, 0x0F, 0xF8, 0x18, 0x00, 
    0x00, 0x00, 0x7F, 0xF8, 0x00, 0xFC, 0x18, 0x00, 0x00, 0x00, 0x03, 0xFF, 0xC0, 0x0F, 0x38, 0x00, 
    0x00, 0x00, 0x00, 0x1F, 0xFE, 0x07, 0xB8, 0x00, 0x00, 0x00, 0x00, 0x00, 0xFF, 0xF3, 0xF0, 0x00, 
    0x00, 0x00, 0x00, 0x00, 0x07, 0xFF, 0xF0, 0x00, 0x00, 0x00, 0x00, 0x00, 0x00, 0x3F, 0xF0, 0x00, 
    0x00, 0x00, 0x00, 0x00, 0x00, 0x01, 0xF0, 0x00, 0x00, 0x00, 0x00, 0x00, 0x00, 0x00, 0x00, 0x00, 
    0x00, 0x00, 0x00, 0x00, 0x00, 0x00, 0x00, 0x00, 0x00, 0x00, 0x00, 0x00, 0x00, 0x00, 0x00, 0x00, 
    0x00, 0x00, 0x00, 0x00, 0x00, 0x00, 0x00, 0x00, 0x00, 0x00, 0x00, 0x00, 0x00, 0x00, 0x00, 0x00, 
    0x00, 0x00, 0x00, 0x00, 0x00, 0x00, 0x00, 0x00, 0x00, 0x00, 0x00, 0x00, 0x00, 0x00, 0x00, 0x00, 
    0x00, 0x00, 0x00, 0x00, 0x00, 0x00, 0x00, 0x00, 0x00, 0x00, 0x00, 0x00, 0x00, 0x00, 0x00, 0x00, 
      },
  {
    0x00, 0x00, 0x00, 0x00, 0x00, 0x00, 0x00, 0x00, 0x00, 0x00, 0x00, 0x00, 0x00, 0x00, 0x00, 0x00, 
    0x00, 0x00, 0x00, 0x00, 0x00, 0x00, 0x00, 0x00, 0x00, 0x00, 0x00, 0x00, 0x00, 0x00, 0x00, 0x00, 
    0x00, 0x00, 0x00, 0x00, 0x00, 0x00, 0x00, 0x00, 0x00, 0x00, 0x00, 0x00, 0x00, 0x00, 0x00, 0x00, 
    0x00, 0x00, 0x03, 0xC0, 0x00, 0x00, 0x00, 0x00, 0x00, 0x00, 0x07, 0xE0, 0x00, 0x00, 0x00, 0x00, 
    0x00, 0x00, 0x0E, 0x70, 0x00, 0x00, 0x00, 0x00, 0x00, 0x00, 0x0C, 0x70, 0x03, 0xE0, 0x00, 0x00, 
    0x00, 0x03, 0xCC, 0x30, 0x07, 0xFE, 0x00, 0x00, 0x00, 0x03, 0xFE, 0x70, 0x07, 0x7F, 0xC0, 0x00, 
    0x00, 0x03, 0xFF, 0xF0, 0x06, 0x03, 0xE0, 0x00, 0x00, 0x03, 0x07, 0xFF, 0x06, 0x00, 0xF0, 0x00, 
    0x00, 0x07, 0x30, 0x7F, 0xFE, 0x01, 0xF8, 0x00, 0x00, 0x07, 0xB0, 0x03, 0xFF, 0x81, 0x9C, 0x00, 
    0x00, 0x07, 0xE0, 0x00, 0x3F, 0xFD, 0x8E, 0x00, 0x00, 0x06, 0xE0, 0x3F, 0x01, 0xFF, 0xC7, 0x80, 
    0x00, 0x06, 0x00, 0xFF, 0xE0, 0x0F, 0xF3, 0x80, 0x00, 0x0E, 0x61, 0xE3, 0xFC, 0x00, 0xF9, 0xC0, 
    0x00, 0x0E, 0x63, 0x80, 0xFE, 0x00, 0x7D, 0x80, 0x00, 0x0F, 0xF7, 0x00, 0xEF, 0x00, 0xFF, 0x80, 
    0x00, 0x0F, 0xFE, 0x18, 0x73, 0x80, 0xEF, 0x80, 0x00, 0x1C, 0x3C, 0x7E, 0x71, 0xC0, 0xC7, 0x80, 
    0x00, 0x1C, 0x1C, 0xFE, 0x30, 0xC0, 0xC3, 0xC0, 0x00, 0x18, 0x19, 0xC7, 0x30, 0xE0, 0xC1, 0xC0, 
    0x00, 0x18, 0x19, 0x83, 0x30, 0xE1, 0xC1, 0xC0, 0x00, 0x18, 0x39, 0x83, 0x30, 0x7F, 0xC1, 0xC0, 
    0x00, 0x38, 0x3B, 0x83, 0x30, 0x7F, 0xC1, 0x80, 0x00, 0x38, 0x3B, 0x87, 0x70, 0x63, 0xE1, 0x80, 
    0x00, 0x30, 0x39, 0x86, 0x70, 0x61, 0xF3, 0x80, 0x00, 0x30, 0x39, 0xDE, 0x60, 0xE3, 0xBB, 0x80, 
    0x00, 0x30, 0x18, 0xFC, 0xE0, 0xE3, 0x9F, 0x00, 0x00, 0x70, 0x18, 0x78, 0xC0, 0xC3, 0x0F, 0x00, 
    0x00, 0x70, 0x1C, 0x01, 0xC1, 0xC3, 0x07, 0x00, 0x00, 0x60, 0x0C, 0x03, 0x81, 0x87, 0x07, 0x00, 
    0x00, 0x60, 0x0F, 0x0F, 0x03, 0x87, 0x07, 0x00, 0x00, 0x60, 0x07, 0xFE, 0x07, 0x06, 0x06, 0x00, 
    0x00, 0xE0, 0x03, 0xFC, 0x1E, 0x06, 0x06, 0x00, 0x00, 0xE0, 0x00, 0x7F, 0xFC, 0x06, 0x06, 0x00, 
    0x00, 0xFC, 0x00, 0x0F, 0xF0, 0x0E, 0x0E, 0x00, 0x00, 0xFF, 0xE0, 0x00, 0x80, 0x0E, 0x0E, 0x00, 
    0x00, 0x7F, 0xFE, 0x00, 0x00, 0x0C, 0x0C, 0x00, 0x00, 0x1C, 0x7F, 0xF0, 0x00, 0x0C, 0x0C, 0x00, 
    0x00, 0x0E, 0x07, 0xFF, 0x80, 0x0C, 0x0C, 0x00, 0x00, 0x07, 0x00, 0x3F, 0xF8, 0x1C, 0x1C, 0x00, 
    0x00, 0x03, 0xE0, 0x01, 0xFF, 0xDC, 0x1C, 0x00, 0x00, 0x01, 0xFF, 0x00, 0x1F, 0xF8, 0x18, 0x00, 
    0x00, 0x00, 0x7F, 0xF8, 0x00, 0xFC, 0x18, 0x00, 0x00, 0x00, 0x03, 0xFF, 0xC0, 0x0E, 0x18, 0x00, 
    0x00, 0x00, 0x00, 0x1F, 0xFC, 0x07, 0xB8, 0x00, 0x00, 0x00, 0x00, 0x01, 0xFF, 0xE3, 0xF0, 0x00, 
    0x00, 0x00, 0x00, 0x00, 0x0F, 0xFF, 0xF0, 0x00, 0x00, 0x00, 0x00, 0x00, 0x00, 0x7F, 0xF0, 0x00, 
    0x00, 0x00, 0x00, 0x00, 0x00, 0x03, 0xF0, 0x00, 0x00, 0x00, 0x00, 0x00, 0x00, 0x00, 0x00, 0x00, 
    0x00, 0x00, 0x00, 0x00, 0x00, 0x00, 0x00, 0x00, 0x00, 0x00, 0x00, 0x00, 0x00, 0x00, 0x00, 0x00, 
    0x00, 0x00, 0x00, 0x00, 0x00, 0x00, 0x00, 0x00, 0x00, 0x00, 0x00, 0x00, 0x00, 0x00, 0x00, 0x00, 
    0x00, 0x00, 0x00, 0x00, 0x00, 0x00, 0x00, 0x00, 0x00, 0x00, 0x00, 0x00, 0x00, 0x00, 0x00, 0x00, 
    0x00, 0x00, 0x00, 0x00, 0x00, 0x00, 0x00, 0x00, 0x00, 0x00, 0x00, 0x00, 0x00, 0x00, 0x00, 0x00, 
      },
  {
    0x00, 0x00, 0x00, 0x00, 0x00, 0x00, 0x00, 0x00, 0x00, 0x00, 0x00, 0x00, 0x00, 0x00, 0x00, 0x00, 
    0x00, 0x00, 0x00, 0x00, 0x00, 0x00, 0x00, 0x00, 0x00, 0x00, 0x00, 0x00, 0x00, 0x00, 0x00, 0x00, 
    0x00, 0x00, 0x00, 0x00, 0x00, 0x00, 0x00, 0x00, 0x00, 0x00, 0x00, 0x00, 0x00, 0x00, 0x00, 0x00, 
    0x00, 0x00, 0x03, 0x80, 0x00, 0x00, 0x00, 0x00, 0x00, 0x00, 0x07, 0xE0, 0x00, 0x00, 0x00, 0x00, 
    0x00, 0x00, 0x0F, 0xE0, 0x00, 0x00, 0x00, 0x00, 0x00, 0x00, 0x0C, 0x70, 0x03, 0xC0, 0x00, 0x00, 
    0x00, 0x01, 0x8C, 0x30, 0x07, 0xFE, 0x00, 0x00, 0x00, 0x03, 0xFC, 0x70, 0x07, 0xFF, 0xC0, 0x00, 
    0x00, 0x03, 0xFF, 0xF0, 0x06, 0x07, 0xE0, 0x00, 0x00, 0x03, 0x1F, 0xFE, 0x06, 0x00, 0xF0, 0x00, 
    0x00, 0x07, 0x30, 0xFF, 0xFE, 0x01, 0xF8, 0x00, 0x00, 0x07, 0x30, 0x07, 0xFF, 0x01, 0xDC, 0x00, 
    0x00, 0x07, 0xE0, 0x00, 0x3F, 0xF9, 0x8E, 0x00, 0x00, 0x07, 0xE0, 0x3E, 0x03, 0xFF, 0xC7, 0x00, 
    0x00, 0x06, 0x20, 0xFF, 0xC0, 0x1F, 0xF3, 0x80, 0x00, 0x0E, 0xC1, 0xF7, 0xF8, 0x00, 0xF9, 0xC0, 
    0x00, 0x0E, 0xE3, 0x81, 0xFE, 0x00, 0x7D, 0x80, 0x00, 0x0F, 0xE7, 0x00, 0xEF, 0x00, 0xFF, 0x80, 
    0x00, 0x0F, 0xFE, 0x10, 0x63, 0x80, 0xEF, 0x80, 0x00, 0x0C, 0x7C, 0x7C, 0x71, 0xC0, 0xC7, 0x80, 
    0x00, 0x1C, 0x1C, 0xFE, 0x30, 0xC0, 0xC3, 0x80, 0x00, 0x1C, 0x19, 0xC7, 0x30, 0xE0, 0xC1, 0xC0, 
    0x00, 0x18, 0x19, 0xC3, 0x30, 0xE1, 0xC1, 0xC0, 0x00, 0x18, 0x39, 0x83, 0x30, 0x7F, 0xC1, 0xC0, 
    0x00, 0x38, 0x3B, 0x83, 0x30, 0x7F, 0xC1, 0x80, 0x00, 0x38, 0x3B, 0x87, 0x70, 0x67, 0xE1, 0x80, 
    0x00, 0x30, 0x39, 0x86, 0x70, 0x61, 0xF3, 0x80, 0x00, 0x30, 0x39, 0xCE, 0x60, 0xE3, 0xBB, 0x80, 
    0x00, 0x30, 0x39, 0xFC, 0xE0, 0xE3, 0x9F, 0x00, 0x00, 0x70, 0x18, 0x78, 0xE0, 0xC3, 0x0F, 0x00, 
    0x00, 0x70, 0x1C, 0x01, 0xC1, 0xC3, 0x07, 0x00, 0x00, 0x60, 0x0C, 0x03, 0x81, 0x83, 0x07, 0x00, 
    0x00, 0x60, 0x0E, 0x07, 0x03, 0x87, 0x07, 0x00, 0x00, 0x60, 0x07, 0xFE, 0x07, 0x07, 0x06, 0x00, 
    0x00, 0xE0, 0x03, 0xFC, 0x1E, 0x06, 0x06, 0x00, 0x00, 0xE0, 0x00, 0xFF, 0xFC, 0x06, 0x06, 0x00, 
    0x00, 0xF8, 0x00, 0x0F, 0xF8, 0x0E, 0x0E, 0x00, 0x00, 0xFF, 0xC0, 0x01, 0xC0, 0x0E, 0x0E, 0x00, 
    0x00, 0x7F, 0xFC, 0x00, 0x00, 0x0C, 0x0C, 0x00, 0x00, 0x3C, 0xFF, 0xE0, 0x00, 0x0C, 0x0C, 0x00, 
    0x00, 0x1E, 0x07, 0xFF, 0x00, 0x0C, 0x0C, 0x00, 0x00, 0x0F, 0x00, 0x7F, 0xF8, 0x1C, 0x1C, 0x00, 
    0x00, 0x03, 0xC0, 0x03, 0xFF, 0x9C, 0x1C, 0x00, 0x00, 0x01, 0xFE, 0x00, 0x1F, 0xF8, 0x18, 0x00, 
    0x00, 0x00, 0xFF, 0xF0, 0x01, 0xFC, 0x18, 0x00, 0x00, 0x00, 0x07, 0xFF, 0x80, 0x0E, 0x18, 0x00, 
    0x00, 0x00, 0x00, 0x3F, 0xFC, 0x07, 0x38, 0x00, 0x00, 0x00, 0x00, 0x01, 0xFF, 0xC3, 0xB8, 0x00, 
    0x00, 0x00, 0x00, 0x00, 0x0F, 0xFF, 0xF0, 0x00, 0x00, 0x00, 0x00, 0x00, 0x00, 0xFF, 0xF0, 0x00, 
    0x00, 0x00, 0x00, 0x00, 0x00, 0x07, 0xF0, 0x00, 0x00, 0x00, 0x00, 0x00, 0x00, 0x00, 0x20, 0x00, 
    0x00, 0x00, 0x00, 0x00, 0x00, 0x00, 0x00, 0x00, 0x00, 0x00, 0x00, 0x00, 0x00, 0x00, 0x00, 0x00, 
    0x00, 0x00, 0x00, 0x00, 0x00, 0x00, 0x00, 0x00, 0x00, 0x00, 0x00, 0x00, 0x00, 0x00, 0x00, 0x00, 
    0x00, 0x00, 0x00, 0x00, 0x00, 0x00, 0x00, 0x00, 0x00, 0x00, 0x00, 0x00, 0x00, 0x00, 0x00, 0x00, 
    0x00, 0x00, 0x00, 0x00, 0x00, 0x00, 0x00, 0x00, 0x00, 0x00, 0x00, 0x00, 0x00, 0x00, 0x00, 0x00, 
      },
  {
    0x00, 0x00, 0x00, 0x00, 0x00, 0x00, 0x00, 0x00, 0x00, 0x00, 0x00, 0x00, 0x00, 0x00, 0x00, 0x00, 
    0x00, 0x00, 0x00, 0x00, 0x00, 0x00, 0x00, 0x00, 0x00, 0x00, 0x00, 0x00, 0x00, 0x00, 0x00, 0x00, 
    0x00, 0x00, 0x00, 0x00, 0x00, 0x00, 0x00, 0x00, 0x00, 0x00, 0x00, 0x00, 0x00, 0x00, 0x00, 0x00, 
    0x00, 0x00, 0x01, 0x00, 0x00, 0x00, 0x00, 0x00, 0x00, 0x00, 0x07, 0xC0, 0x00, 0x00, 0x00, 0x00, 
    0x00, 0x00, 0x0F, 0xE0, 0x00, 0x00, 0x00, 0x00, 0x00, 0x00, 0x0E, 0x70, 0x03, 0x80, 0x00, 0x00, 
    0x00, 0x01, 0x0C, 0x70, 0x03, 0xFC, 0x00, 0x00, 0x00, 0x03, 0xFC, 0x70, 0x07, 0xFF, 0xC0, 0x00, 
    0x00, 0x03, 0xFF, 0xF0, 0x07, 0x0F, 0xE0, 0x00, 0x00, 0x03, 0x3F, 0xFC, 0x06, 0x01, 0xF0, 0x00, 
    0x00, 0x07, 0x71, 0xFF, 0xE6, 0x01, 0xF8, 0x00, 0x00, 0x07, 0x30, 0x0F, 0xFE, 0x01, 0xDC, 0x00, 
    0x00, 0x07, 0xE0, 0x00, 0x7F, 0xF1, 0x8E, 0x00, 0x00, 0x07, 0xE0, 0x1C, 0x07, 0xFF, 0x87, 0x00, 
    0x00, 0x06, 0x20, 0xFF, 0xC0, 0x3F, 0xE3, 0x80, 0x00, 0x0E, 0xC1, 0xFF, 0xF8, 0x01, 0xF1, 0xC0, 
    0x00, 0x0E, 0xE3, 0xC1, 0xFE, 0x00, 0x79, 0xC0, 0x00, 0x0F, 0xE7, 0x00, 0xFF, 0x00, 0xFD, 0x80, 
    0x00, 0x0F, 0xFE, 0x00, 0x63, 0x80, 0xEF, 0x80, 0x00, 0x0C, 0xFE, 0x7C, 0x71, 0xC0, 0xC7, 0x80, 
    0x00, 0x1C, 0x1C, 0xFE, 0x30, 0xC0, 0xC3, 0x80, 0x00, 0x1C, 0x1D, 0xE7, 0x30, 0xE0, 0xC1, 0xC0, 
    0x00, 0x18, 0x19, 0xC7, 0x30, 0xE1, 0xC1, 0xC0, 0x00, 0x18, 0x19, 0x83, 0x30, 0x7D, 0xC1, 0xC0, 
    0x00, 0x18, 0x3B, 0x83, 0x30, 0x7F, 0xC1, 0x80, 0x00, 0x38, 0x3B, 0x87, 0x30, 0x6F, 0xE1, 0x80, 
    0x00, 0x38, 0x39, 0x86, 0x70, 0x61, 0xF1, 0x80, 0x00, 0x30, 0x39, 0xCE, 0x60, 0xE3, 0xFB, 0x80, 
    0x00, 0x30, 0x39, 0xFC, 0x60, 0xE3, 0xBF, 0x80, 0x00, 0x70, 0x18, 0xF8, 0xE0, 0xC3, 0x1F, 0x00, 
    0x00, 0x70, 0x1C, 0x01, 0xC1, 0xC3, 0x0F, 0x00, 0x00, 0x60, 0x1C, 0x03, 0x81, 0xC3, 0x07, 0x00, 
    0x00, 0x60, 0x0E, 0x07, 0x83, 0x87, 0x07, 0x00, 0x00, 0x60, 0x07, 0xFF, 0x07, 0x07, 0x06, 0x00, 
    0x00, 0xE0, 0x03, 0xFC, 0x0E, 0x06, 0x06, 0x00, 0x00, 0xE0, 0x00, 0xFF, 0x7C, 0x06, 0x06, 0x00, 
    0x00, 0xF0, 0x00, 0x1F, 0xF8, 0x06, 0x0E, 0x00, 0x00, 0xFF, 0x80, 0x03, 0xE0, 0x0E, 0x0E, 0x00, 
    0x00, 0x7F, 0xF8, 0x00, 0x00, 0x0E, 0x0C, 0x00, 0x00, 0x3D, 0xFF, 0xC0, 0x00, 0x0C, 0x0C, 0x00, 
    0x00, 0x1E, 0x0F, 0xFE, 0x00, 0x0C, 0x0C, 0x00, 0x00, 0x0F, 0x00, 0xFF, 0xF0, 0x1C, 0x1C, 0x00, 
    0x00, 0x07, 0x80, 0x07, 0xFF, 0x1C, 0x1C, 0x00, 0x00, 0x03, 0xFC, 0x00, 0x3F, 0xF8, 0x18, 0x00, 
    0x00, 0x01, 0xFF, 0xE0, 0x03, 0xFC, 0x18, 0x00, 0x00, 0x00, 0x0F, 0xFF, 0x00, 0x1E, 0x18, 0x00, 
    0x00, 0x00, 0x00, 0x7F, 0xF0, 0x07, 0x38, 0x00, 0x00, 0x00, 0x00, 0x03, 0xFF, 0x83, 0xB8, 0x00, 
    0x00, 0x00, 0x00, 0x00, 0x3F, 0xFF, 0xF0, 0x00, 0x00, 0x00, 0x00, 0x00, 0x01, 0xFF, 0xF0, 0x00, 
    0x00, 0x00, 0x00, 0x00, 0x00, 0x0F, 0xF0, 0x00, 0x00, 0x00, 0x00, 0x00, 0x00, 0x00, 0x60, 0x00, 
    0x00, 0x00, 0x00, 0x00, 0x00, 0x00, 0x00, 0x00, 0x00, 0x00, 0x00, 0x00, 0x00, 0x00, 0x00, 0x00, 
    0x00, 0x00, 0x00, 0x00, 0x00, 0x00, 0x00, 0x00, 0x00, 0x00, 0x00, 0x00, 0x00, 0x00, 0x00, 0x00, 
    0x00, 0x00, 0x00, 0x00, 0x00, 0x00, 0x00, 0x00, 0x00, 0x00, 0x00, 0x00, 0x00, 0x00, 0x00, 0x00, 
    0x00, 0x00, 0x00, 0x00, 0x00, 0x00, 0x00, 0x00, 0x00, 0x00, 0x00, 0x00, 0x00, 0x00, 0x00, 0x00, 
      },
  {
    0x00, 0x00, 0x00, 0x00, 0x00, 0x00, 0x00, 0x00, 0x00, 0x00, 0x00, 0x00, 0x00, 0x00, 0x00, 0x00, 
    0x00, 0x00, 0x00, 0x00, 0x00, 0x00, 0x00, 0x00, 0x00, 0x00, 0x00, 0x00, 0x00, 0x00, 0x00, 0x00, 
    0x00, 0x00, 0x00, 0x00, 0x00, 0x00, 0x00, 0x00, 0x00, 0x00, 0x00, 0x00, 0x00, 0x00, 0x00, 0x00, 
    0x00, 0x00, 0x00, 0x00, 0x00, 0x00, 0x00, 0x00, 0x00, 0x00, 0x03, 0xC0, 0x00, 0x00, 0x00, 0x00, 
    0x00, 0x00, 0x07, 0xE0, 0x00, 0x00, 0x00, 0x00, 0x00, 0x00, 0x0E, 0x70, 0x03, 0x00, 0x00, 0x00, 
    0x00, 0x00, 0x0C, 0x70, 0x03, 0xF0, 0x00, 0x00, 0x00, 0x03, 0xFC, 0x70, 0x07, 0xFF, 0x80, 0x00, 
    0x00, 0x03, 0xFF, 0x70, 0x07, 0x3F, 0xE0, 0x00, 0x00, 0x03, 0x7F, 0xF8, 0x06, 0x01, 0xF0, 0x00, 
    0x00, 0x03, 0x73, 0xFF, 0xC6, 0x01, 0xF8, 0x00, 0x00, 0x07, 0x70, 0x1F, 0xFE, 0x01, 0xFC, 0x00, 
    0x00, 0x07, 0xB0, 0x00, 0xFF, 0xE1, 0x9E, 0x00, 0x00, 0x07, 0xE0, 0x00, 0x0F, 0xFF, 0x8F, 0x00, 
    0x00, 0x06, 0x60, 0x7F, 0x80, 0x7F, 0xE7, 0x80, 0x00, 0x0E, 0x01, 0xFF, 0xF0, 0x03, 0xF1, 0xC0, 
    0x00, 0x0F, 0xE3, 0xC1, 0xFC, 0x00, 0x79, 0xC0, 0x00, 0x0F, 0xE7, 0x80, 0xFF, 0x00, 0x7D, 0x80, 
    0x00, 0x0F, 0xFF, 0x00, 0x67, 0x80, 0xEF, 0x80, 0x00, 0x0D, 0xFE, 0x3C, 0x71, 0xC0, 0xE7, 0x80, 
    0x00, 0x1C, 0x1C, 0xFE, 0x31, 0xC0, 0xC3, 0x80, 0x00, 0x1C, 0x1C, 0xEE, 0x30, 0xC0, 0xC1, 0xC0, 
    0x00, 0x18, 0x19, 0xC7, 0x30, 0xE1, 0xC1, 0xC0, 0x00, 0x18, 0x19, 0x83, 0x30, 0x79, 0xC1, 0xC0, 
    0x00, 0x18, 0x39, 0x83, 0x30, 0x7F, 0xC1, 0x80, 0x00, 0x38, 0x3B, 0x87, 0x30, 0x7F, 0xC1, 0x80, 
    0x00, 0x38, 0x3B, 0x87, 0x70, 0x61, 0xE1, 0x80, 0x00, 0x30, 0x39, 0x8E, 0x70, 0xE3, 0xF3, 0x80, 
    0x00, 0x30, 0x39, 0xFE, 0x60, 0xE3, 0xBB, 0x80, 0x00, 0x30, 0x18, 0xFC, 0xE0, 0xC3, 0x1F, 0x00, 
    0x00, 0x70, 0x18, 0x31, 0xC0, 0xC3, 0x0F, 0x00, 0x00, 0x70, 0x1C, 0x01, 0xC1, 0xC3, 0x07, 0x00, 
    0x00, 0x60, 0x0E, 0x07, 0x83, 0x87, 0x07, 0x00, 0x00, 0x60, 0x07, 0x9F, 0x07, 0x07, 0x07, 0x00, 
    0x00, 0x60, 0x03, 0xFE, 0x0F, 0x06, 0x06, 0x00, 0x00, 0xE0, 0x01, 0xFC, 0x3E, 0x06, 0x06, 0x00, 
    0x00, 0xE0, 0x00, 0x3F, 0xF8, 0x06, 0x06, 0x00, 0x00, 0xFF, 0x00, 0x07, 0xF0, 0x0E, 0x0E, 0x00, 
    0x00, 0x7F, 0xF0, 0x00, 0x00, 0x0E, 0x0E, 0x00, 0x00, 0x3F, 0xFF, 0x80, 0x00, 0x0C, 0x0C, 0x00, 
    0x00, 0x1C, 0x3F, 0xFC, 0x00, 0x0C, 0x0C, 0x00, 0x00, 0x0E, 0x01, 0xFF, 0xC0, 0x0C, 0x1C, 0x00, 
    0x00, 0x07, 0x00, 0x0F, 0xFE, 0x1C, 0x1C, 0x00, 0x00, 0x03, 0xF8, 0x00, 0xFF, 0xF8, 0x18, 0x00, 
    0x00, 0x01, 0xFF, 0x80, 0x07, 0xFC, 0x18, 0x00, 0x00, 0x00, 0x3F, 0xFC, 0x00, 0x3E, 0x18, 0x00, 
    0x00, 0x00, 0x01, 0xFF, 0xE0, 0x0F, 0x38, 0x00, 0x00, 0x00, 0x00, 0x0F, 0xFF, 0x07, 0xB8, 0x00, 
    0x00, 0x00, 0x00, 0x00, 0x7F, 0xFB, 0xF0, 0x00, 0x00, 0x00, 0x00, 0x00, 0x03, 0xFF, 0xF0, 0x00, 
    0x00, 0x00, 0x00, 0x00, 0x00, 0x1F, 0xF0, 0x00, 0x00, 0x00, 0x00, 0x00, 0x00, 0x00, 0xF0, 0x00, 
    0x00, 0x00, 0x00, 0x00, 0x00, 0x00, 0x00, 0x00, 0x00, 0x00, 0x00, 0x00, 0x00, 0x00, 0x00, 0x00, 
    0x00, 0x00, 0x00, 0x00, 0x00, 0x00, 0x00, 0x00, 0x00, 0x00, 0x00, 0x00, 0x00, 0x00, 0x00, 0x00, 
    0x00, 0x00, 0x00, 0x00, 0x00, 0x00, 0x00, 0x00, 0x00, 0x00, 0x00, 0x00, 0x00, 0x00, 0x00, 0x00, 
    0x00, 0x00, 0x00, 0x00, 0x00, 0x00, 0x00, 0x00, 0x00, 0x00, 0x00, 0x00, 0x00, 0x00, 0x00, 0x00, 
      },
  {
    0x00, 0x00, 0x00, 0x00, 0x00, 0x00, 0x00, 0x00, 0x00, 0x00, 0x00, 0x00, 0x00, 0x00, 0x00, 0x00, 
    0x00, 0x00, 0x00, 0x00, 0x00, 0x00, 0x00, 0x00, 0x00, 0x00, 0x00, 0x00, 0x00, 0x00, 0x00, 0x00, 
    0x00, 0x00, 0x00, 0x00, 0x00, 0x00, 0x00, 0x00, 0x00, 0x00, 0x00, 0x00, 0x00, 0x00, 0x00, 0x00, 
    0x00, 0x00, 0x00, 0x00, 0x00, 0x00, 0x00, 0x00, 0x00, 0x00, 0x03, 0x80, 0x00, 0x00, 0x00, 0x00, 
    0x00, 0x00, 0x07, 0xE0, 0x00, 0x00, 0x00, 0x00, 0x00, 0x00, 0x0F, 0xE0, 0x00, 0x00, 0x00, 0x00, 
    0x00, 0x00, 0x0C, 0x70, 0x03, 0xE0, 0x00, 0x00, 0x00, 0x03, 0xCC, 0x70, 0x07, 0xFF, 0x00, 0x00, 
    0x00, 0x03, 0xFE, 0x70, 0x07, 0x7F, 0xC0, 0x00, 0x00, 0x03, 0xFF, 0xF0, 0x06, 0x03, 0xE0, 0x00, 
    0x00, 0x03, 0xF7, 0xFF, 0x06, 0x00, 0xF0, 0x00, 0x00, 0x07, 0x70, 0x7F, 0xFE, 0x01, 0xF8, 0x00, 
    0x00, 0x07, 0xB0, 0x03, 0xFF, 0x81, 0x9C, 0x00, 0x00, 0x07, 0xE0, 0x00, 0x1F, 0xFD, 0x8F, 0x00, 
    0x00, 0x06, 0xE0, 0x7F, 0x00, 0xFF, 0xE7, 0x80, 0x00, 0x06, 0x00, 0xFF, 0xE0, 0x0F, 0xF3, 0xC0, 
    0x00, 0x0F, 0xE3, 0xE3, 0xFC, 0x00, 0xF9, 0xC0, 0x00, 0x0F, 0xE3, 0x80, 0xFE, 0x00, 0x7D, 0x80, 
    0x00, 0x0F, 0xFF, 0x00, 0x6F, 0x80, 0xFF, 0x80, 0x00, 0x0F, 0xFE, 0x38, 0x73, 0x80, 0xEF, 0x80, 
    0x00, 0x1C, 0x3C, 0x7E, 0x71, 0xC0, 0xC7, 0x80, 0x00, 0x1C, 0x1C, 0xFE, 0x30, 0xC0, 0xC3, 0xC0, 
    0x00, 0x18, 0x19, 0xC7, 0x30, 0xE0, 0xC1, 0xC0, 0x00, 0x18, 0x19, 0x83, 0x30, 0xE1, 0xC1, 0xC0, 
    0x00, 0x18, 0x39, 0x83, 0x30, 0x7F, 0xC1, 0x80, 0x00, 0x38, 0x3B, 0x83, 0x30, 0x7F, 0xC1, 0x80, 
    0x00, 0x38, 0x3B, 0x87, 0x70, 0x63, 0xE1, 0x80, 0x00, 0x30, 0x39, 0x86, 0x70, 0x61, 0xF3, 0x80, 
    0x00, 0x30, 0x39, 0xDE, 0x60, 0xE3, 0xBB, 0x80, 0x00, 0x30, 0x18, 0xFC, 0xE0, 0xC3, 0x9F, 0x00, 
    0x00, 0x70, 0x18, 0x70, 0xC0, 0xC3, 0x0F, 0x00, 0x00, 0x70, 0x1C, 0x01, 0xC1, 0xC3, 0x07, 0x00, 
    0x00, 0x60, 0x0E, 0x03, 0x81, 0x87, 0x07, 0x00, 0x00, 0x60, 0x0F, 0x0F, 0x03, 0x87, 0x07, 0x00, 
    0x00, 0x60, 0x07, 0xFE, 0x07, 0x06, 0x06, 0x00, 0x00, 0xE0, 0x01, 0xFC, 0x1E, 0x06, 0x06, 0x00, 
    0x00, 0xE0, 0x00, 0x7F, 0xFC, 0x06, 0x06, 0x00, 0x00, 0xFC, 0x00, 0x0F, 0xF0, 0x0E, 0x0E, 0x00, 
    0x00, 0xFF, 0xE0, 0x00, 0x80, 0x0E, 0x0E, 0x00, 0x00, 0x3F, 0xFF, 0x00, 0x00, 0x0C, 0x0C, 0x00, 
    0x00, 0x1C, 0x7F, 0xF0, 0x00, 0x0C, 0x0C, 0x00, 0x00, 0x0E, 0x03, 0xFF, 0x80, 0x0C, 0x0C, 0x00, 
    0x00, 0x07, 0x00, 0x3F, 0xFC, 0x1C, 0x1C, 0x00, 0x00, 0x03, 0xE0, 0x01, 0xFF, 0xDC, 0x1C, 0x00, 
    0x00, 0x01, 0xFF, 0x00, 0x0F, 0xF8, 0x18, 0x00, 0x00, 0x00, 0x7F, 0xF8, 0x00, 0xFC, 0x18, 0x00, 
    0x00, 0x00, 0x03, 0xFF, 0xC0, 0x0E, 0x38, 0x00, 0x00, 0x00, 0x00, 0x1F, 0xFE, 0x07, 0xB8, 0x00, 
    0x00, 0x00, 0x00, 0x00, 0xFF, 0xF3, 0xF0, 0x00, 0x00, 0x00, 0x00, 0x00, 0x07, 0xFF, 0xF0, 0x00, 
    0x00, 0x00, 0x00, 0x00, 0x00, 0x7F, 0xF0, 0x00, 0x00, 0x00, 0x00, 0x00, 0x00, 0x03, 0xF0, 0x00, 
    0x00, 0x00, 0x00, 0x00, 0x00, 0x00, 0x00, 0x00, 0x00, 0x00, 0x00, 0x00, 0x00, 0x00, 0x00, 0x00, 
    0x00, 0x00, 0x00, 0x00, 0x00, 0x00, 0x00, 0x00, 0x00, 0x00, 0x00, 0x00, 0x00, 0x00, 0x00, 0x00, 
    0x00, 0x00, 0x00, 0x00, 0x00, 0x00, 0x00, 0x00, 0x00, 0x00, 0x00, 0x00, 0x00, 0x00, 0x00, 0x00, 
    0x00, 0x00, 0x00, 0x00, 0x00, 0x00, 0x00, 0x00, 0x00, 0x00, 0x00, 0x00, 0x00, 0x00, 0x00, 0x00, 
      },
  {
    0x00, 0x00, 0x00, 0x00, 0x00, 0x00, 0x00, 0x00, 0x00, 0x00, 0x00, 0x00, 0x00, 0x00, 0x00, 0x00, 
    0x00, 0x00, 0x00, 0x00, 0x00, 0x00, 0x00, 0x00, 0x00, 0x00, 0x00, 0x00, 0x00, 0x00, 0x00, 0x00, 
    0x00, 0x00, 0x00, 0x00, 0x00, 0x00, 0x00, 0x00, 0x00, 0x00, 0x00, 0x00, 0x00, 0x00, 0x00, 0x00, 
    0x00, 0x00, 0x00, 0x00, 0x00, 0x00, 0x00, 0x00, 0x00, 0x00, 0x00, 0x00, 0x00, 0x00, 0x00, 0x00, 
    0x00, 0x00, 0x07, 0xC0, 0x00, 0x00, 0x00, 0x00, 0x00, 0x00, 0x0F, 0xE0, 0x00, 0x00, 0x00, 0x00, 
    0x00, 0x00, 0x0E, 0x70, 0x03, 0x80, 0x00, 0x00, 0x00, 0x01, 0x8C, 0x70, 0x03, 0xFC, 0x00, 0x00, 
    0x00, 0x03, 0xFC, 0x70, 0x07, 0xFF, 0xC0, 0x00, 0x00, 0x03, 0xFF, 0xF0, 0x07, 0x0F, 0xE0, 0x00, 
    0x00, 0x03, 0xFF, 0xFE, 0x06, 0x01, 0xF0, 0x00, 0x00, 0x07, 0x70, 0xFF, 0xE6, 0x01, 0xF8, 0x00, 
    0x00, 0x07, 0x30, 0x07, 0xFF, 0x01, 0xDC, 0x00, 0x00, 0x07, 0xE0, 0x00, 0x7F, 0xF9, 0x8E, 0x00, 
    0x00, 0x07, 0xE0, 0x3E, 0x03, 0xFF, 0xC7, 0x00, 0x00, 0x06, 0x20, 0xFF, 0xC0, 0x1F, 0xE3, 0x80, 
    0x00, 0x0F, 0xC1, 0xFF, 0xF8, 0x01, 0xF1, 0xC0, 0x00, 0x0F, 0xE3, 0x81, 0xFE, 0x00, 0x79, 0x80, 
    0x00, 0x0F, 0xE7, 0x00, 0xFF, 0x00, 0xFD, 0x80, 0x00, 0x0F, 0xFE, 0x00, 0x63, 0x80, 0xEF, 0x80, 
    0x00, 0x0C, 0x7C, 0x7C, 0x71, 0xC0, 0xC7, 0x80, 0x00, 0x1C, 0x1C, 0xFE, 0x30, 0xC0, 0xC3, 0x80, 
    0x00, 0x1C, 0x19, 0xC7, 0x30, 0xE0, 0xC1, 0xC0, 0x00, 0x18, 0x19, 0xC7, 0x30, 0xE1, 0xC1, 0xC0, 
    0x00, 0x18, 0x39, 0x83, 0x30, 0x7F, 0xC1, 0xC0, 0x00, 0x18, 0x3B, 0x83, 0x30, 0x7F, 0xC1, 0x80, 
    0x00, 0x38, 0x3B, 0x87, 0x30, 0x67, 0xE1, 0x80, 0x00, 0x38, 0x39, 0x86, 0x70, 0x61, 0xF1, 0x80, 
    0x00, 0x30, 0x39, 0xCE, 0x60, 0xE3, 0xFB, 0x80, 0x00, 0x30, 0x39, 0xFC, 0xE0, 0xE3, 0xBF, 0x80, 
    0x00, 0x70, 0x18, 0xF8, 0xE0, 0xC3, 0x0F, 0x00, 0x00, 0x70, 0x1C, 0x01, 0xC1, 0xC3, 0x07, 0x00, 
    0x00, 0x60, 0x0C, 0x03, 0x81, 0x83, 0x07, 0x00, 0x00, 0x60, 0x0E, 0x07, 0x03, 0x87, 0x07, 0x00, 
    0x00, 0x60, 0x07, 0xFE, 0x07, 0x07, 0x06, 0x00, 0x00, 0xE0, 0x03, 0xFC, 0x0E, 0x06, 0x06, 0x00, 
    0x00, 0xE0, 0x00, 0xFF, 0xFC, 0x06, 0x06, 0x00, 0x00, 0xF8, 0x00, 0x1F, 0xF8, 0x0E, 0x0E, 0x00, 
    0x00, 0xFF, 0x80, 0x03, 0xE0, 0x0E, 0x0E, 0x00, 0x00, 0x7F, 0xFC, 0x00, 0x00, 0x0C, 0x0C, 0x00, 
    0x00, 0x3D, 0xFF, 0xE0, 0x00, 0x0C, 0x0C, 0x00, 0x00, 0x1E, 0x0F, 0xFE, 0x00, 0x0C, 0x0C, 0x00, 
    0x00, 0x0F, 0x00, 0x7F, 0xF0, 0x1C, 0x1C, 0x00, 0x00, 0x07, 0x80, 0x07, 0xFF, 0x9C, 0x1C, 0x00, 
    0x00, 0x03, 0xFC, 0x00, 0x3F, 0xF8, 0x18, 0x00, 0x00, 0x00, 0xFF, 0xE0, 0x01, 0xFC, 0x18, 0x00, 
    0x00, 0x00, 0x0F, 0xFF, 0x00, 0x1E, 0x18, 0x00, 0x00, 0x00, 0x00, 0x7F, 0xF8, 0x07, 0x38, 0x00, 
    0x00, 0x00, 0x00, 0x03, 0xFF, 0xC3, 0xB8, 0x00, 0x00, 0x00, 0x00, 0x00, 0x1F, 0xFF, 0xF0, 0x00, 
    0x00, 0x00, 0x00, 0x00, 0x00, 0xFF, 0xF0, 0x00, 0x00, 0x00, 0x00, 0x00, 0x00, 0x07, 0xF0, 0x00, 
    0x00, 0x00, 0x00, 0x00, 0x00, 0x00, 0x20, 0x00, 0x00, 0x00, 0x00, 0x00, 0x00, 0x00, 0x00, 0x00, 
    0x00, 0x00, 0x00, 0x00, 0x00, 0x00, 0x00, 0x00, 0x00, 0x00, 0x00, 0x00, 0x00, 0x00, 0x00, 0x00, 
    0x00, 0x00, 0x00, 0x00, 0x00, 0x00, 0x00, 0x00, 0x00, 0x00, 0x00, 0x00, 0x00, 0x00, 0x00, 0x00, 
    0x00, 0x00, 0x00, 0x00, 0x00, 0x00, 0x00, 0x00, 0x00, 0x00, 0x00, 0x00, 0x00, 0x00, 0x00, 0x00, 
      },
  {
    0x00, 0x00, 0x00, 0x00, 0x00, 0x00, 0x00, 0x00, 0x00, 0x00, 0x00, 0x00, 0x00, 0x00, 0x00, 0x00, 
    0x00, 0x00, 0x00, 0x00, 0x00, 0x00, 0x00, 0x00, 0x00, 0x00, 0x00, 0x00, 0x00, 0x00, 0x00, 0x00, 
    0x00, 0x00, 0x00, 0x00, 0x00, 0x00, 0x00, 0x00, 0x00, 0x00, 0x00, 0x00, 0x00, 0x00, 0x00, 0x00, 
    0x00, 0x00, 0x00, 0x00, 0x00, 0x00, 0x00, 0x00, 0x00, 0x00, 0x00, 0x00, 0x00, 0x00, 0x00, 0x00, 
    0x00, 0x00, 0x03, 0x80, 0x00, 0x00, 0x00, 0x00, 0x00, 0x00, 0x07, 0xE0, 0x00, 0x00, 0x00, 0x00, 
    0x00, 0x00, 0x0E, 0xE0, 0x03, 0x00, 0x00, 0x00, 0x00, 0x00, 0x0C, 0x70, 0x03, 0xF8, 0x00, 0x00, 
    0x00, 0x03, 0xFC, 0x70, 0x07, 0xFF, 0x80, 0x00, 0x00, 0x03, 0xFF, 0x70, 0x07, 0x1F, 0xE0, 0x00, 
    0x00, 0x03, 0xFF, 0xF8, 0x06, 0x01, 0xF0, 0x00, 0x00, 0x07, 0x71, 0xFF, 0xC6, 0x01, 0xF8, 0x00, 
    0x00, 0x0F, 0x30, 0x1F, 0xFE, 0x01, 0xFC, 0x00, 0x00, 0x0F, 0xA0, 0x00, 0xFF, 0xE1, 0x9E, 0x00, 
    0x00, 0x07, 0xE0, 0x08, 0x07, 0xFF, 0x8F, 0x00, 0x00, 0x06, 0x60, 0x7F, 0x80, 0x7F, 0xE3, 0x80, 
    0x00, 0x0E, 0x01, 0xFF, 0xF0, 0x03, 0xF1, 0xC0, 0x00, 0x0F, 0xE3, 0xC1, 0xFE, 0x00, 0x79, 0xC0, 
    0x00, 0x0F, 0xC7, 0x00, 0xFF, 0x00, 0x7D, 0x80, 0x00, 0x0F, 0xFE, 0x00, 0x67, 0x80, 0xEF, 0x80, 
    0x00, 0x0D, 0xFE, 0x3C, 0x71, 0xC0, 0xE7, 0x80, 0x00, 0x1C, 0x1C, 0xFE, 0x31, 0xC0, 0xC3, 0x80, 
    0x00, 0x1C, 0x1C, 0xE7, 0x30, 0xC0, 0xC1, 0xC0, 0x00, 0x18, 0x19, 0xC7, 0x30, 0xE1, 0xC1, 0xC0, 
    0x00, 0x18, 0x19, 0x83, 0x30, 0x79, 0xC1, 0xC0, 0x00, 0x18, 0x39, 0x83, 0x30, 0x7F, 0xC1, 0x80, 
    0x00, 0x38, 0x3B, 0x87, 0x30, 0x7F, 0xC1, 0x80, 0x00, 0x38, 0x3B, 0x87, 0x70, 0x61, 0xE1, 0x80, 
    0x00, 0x30, 0x39, 0x8E, 0x70, 0xE3, 0xFB, 0x80, 0x00, 0x30, 0x39, 0xFC, 0x60, 0xE3, 0xBF, 0x80, 
    0x00, 0x30, 0x18, 0xF8, 0xE0, 0xC3, 0x1F, 0x00, 0x00, 0x70, 0x18, 0x21, 0xC1, 0xC3, 0x0F, 0x00, 
    0x00, 0x70, 0x1C, 0x03, 0xC1, 0xC3, 0x07, 0x00, 0x00, 0x60, 0x0E, 0x07, 0x83, 0x87, 0x07, 0x00, 
    0x00, 0x60, 0x07, 0x9F, 0x07, 0x07, 0x07, 0x00, 0x00, 0xE0, 0x03, 0xFC, 0x0F, 0x06, 0x06, 0x00, 
    0x00, 0xE0, 0x01, 0xFE, 0x3E, 0x06, 0x06, 0x00, 0x00, 0xE0, 0x00, 0x3F, 0xF8, 0x06, 0x0E, 0x00, 
    0x00, 0xFF, 0x00, 0x07, 0xF0, 0x0E, 0x0E, 0x00, 0x00, 0x7F, 0xF8, 0x00, 0x00, 0x0E, 0x0C, 0x00, 
    0x00, 0x3F, 0xFF, 0x80, 0x00, 0x0C, 0x0C, 0x00, 0x00, 0x1C, 0x1F, 0xFC, 0x00, 0x0C, 0x0C, 0x00, 
    0x00, 0x0F, 0x01, 0xFF, 0xE0, 0x0C, 0x1C, 0x00, 0x00, 0x07, 0x80, 0x0F, 0xFE, 0x1C, 0x1C, 0x00, 
    0x00, 0x03, 0xF8, 0x00, 0x7F, 0xF8, 0x18, 0x00, 0x00, 0x01, 0xFF, 0xC0, 0x07, 0xFC, 0x18, 0x00, 
    0x00, 0x00, 0x1F, 0xFE, 0x00, 0x3E, 0x18, 0x00, 0x00, 0x00, 0x00, 0xFF, 0xE0, 0x0F, 0x38, 0x00, 
    0x00, 0x00, 0x00, 0x07, 0xFF, 0x03, 0xB8, 0x00, 0x00, 0x00, 0x00, 0x00, 0x7F, 0xFB, 0xF0, 0x00, 
    0x00, 0x00, 0x00, 0x00, 0x03, 0xFF, 0xF0, 0x00, 0x00, 0x00, 0x00, 0x00, 0x00, 0x1F, 0xF0, 0x00, 
    0x00, 0x00, 0x00, 0x00, 0x00, 0x00, 0xF0, 0x00, 0x00, 0x00, 0x00, 0x00, 0x00, 0x00, 0x00, 0x00, 
    0x00, 0x00, 0x00, 0x00, 0x00, 0x00, 0x00, 0x00, 0x00, 0x00, 0x00, 0x00, 0x00, 0x00, 0x00, 0x00, 
    0x00, 0x00, 0x00, 0x00, 0x00, 0x00, 0x00, 0x00, 0x00, 0x00, 0x00, 0x00, 0x00, 0x00, 0x00, 0x00, 
    0x00, 0x00, 0x00, 0x00, 0x00, 0x00, 0x00, 0x00, 0x00, 0x00, 0x00, 0x00, 0x00, 0x00, 0x00, 0x00, 
      },
  {
    0x00, 0x00, 0x00, 0x00, 0x00, 0x00, 0x00, 0x00, 0x00, 0x00, 0x00, 0x00, 0x00, 0x00, 0x00, 0x00, 
    0x00, 0x00, 0x00, 0x00, 0x00, 0x00, 0x00, 0x00, 0x00, 0x00, 0x00, 0x00, 0x00, 0x00, 0x00, 0x00, 
    0x00, 0x00, 0x00, 0x00, 0x00, 0x00, 0x00, 0x00, 0x00, 0x00, 0x00, 0x00, 0x00, 0x00, 0x00, 0x00, 
    0x00, 0x00, 0x00, 0x00, 0x00, 0x00, 0x00, 0x00, 0x00, 0x00, 0x00, 0x00, 0x00, 0x00, 0x00, 0x00, 
    0x00, 0x00, 0x01, 0x00, 0x00, 0x00, 0x00, 0x00, 0x00, 0x00, 0x07, 0xC0, 0x00, 0x00, 0x00, 0x00, 
    0x00, 0x00, 0x0F, 0xE0, 0x00, 0x00, 0x00, 0x00, 0x00, 0x00, 0x0E, 0x70, 0x03, 0xE0, 0x00, 0x00, 
    0x00, 0x03, 0xDC, 0x70, 0x07, 0xFF, 0x00, 0x00, 0x00, 0x03, 0xFE, 0x70, 0x07, 0x7F, 0xC0, 0x00, 
    0x00, 0x03, 0xFF, 0xF0, 0x06, 0x03, 0xE0, 0x00, 0x00, 0x03, 0xF7, 0xFF, 0x06, 0x00, 0xF0, 0x00, 
    0x00, 0x1F, 0x70, 0x3F, 0xFE, 0x01, 0xF8, 0x00, 0x00, 0x1F, 0x80, 0x03, 0xFF, 0xC1, 0x9E, 0x00, 
    0x00, 0x07, 0xE0, 0x00, 0x1F, 0xFF, 0x8F, 0x00, 0x00, 0x06, 0x60, 0x7F, 0x00, 0xFF, 0xE7, 0x80, 
    0x00, 0x06, 0x00, 0xFF, 0xE0, 0x0F, 0xF3, 0xC0, 0x00, 0x0F, 0xC3, 0xE3, 0xFC, 0x00, 0x79, 0xC0, 
    0x00, 0x0F, 0xC7, 0x80, 0xFF, 0x00, 0x7D, 0x80, 0x00, 0x0F, 0xFF, 0x00, 0x67, 0x80, 0xFF, 0x80, 
    0x00, 0x0F, 0xFE, 0x38, 0x73, 0x80, 0xEF, 0x80, 0x00, 0x1C, 0x3C, 0x7E, 0x71, 0xC0, 0xC7, 0x80, 
    0x00, 0x1C, 0x1C, 0xFE, 0x30, 0xC0, 0xC3, 0xC0, 0x00, 0x18, 0x19, 0xC7, 0x30, 0xE0, 0xC1, 0xC0, 
    0x00, 0x18, 0x19, 0x83, 0x30, 0xF1, 0xC1, 0xC0, 0x00, 0x18, 0x39, 0x83, 0x30, 0x7F, 0xC1, 0x80, 
    0x00, 0x38, 0x3B, 0x87, 0x30, 0x7F, 0xC1, 0x80, 0x00, 0x38, 0x3B, 0x87, 0x70, 0x63, 0xE1, 0x80, 
    0x00, 0x30, 0x39, 0x8E, 0x70, 0x61, 0xF3, 0x80, 0x00, 0x30, 0x39, 0xFE, 0x60, 0xE3, 0xBB, 0x80, 
    0x00, 0x30, 0x18, 0xFC, 0xE0, 0xC3, 0x1F, 0x00, 0x00, 0x70, 0x18, 0x70, 0xC0, 0xC3, 0x0F, 0x00, 
    0x00, 0x70, 0x1C, 0x01, 0xC1, 0xC3, 0x07, 0x00, 0x00, 0x60, 0x0E, 0x03, 0x83, 0x87, 0x07, 0x00, 
    0x00, 0x60, 0x0F, 0x0F, 0x03, 0x87, 0x07, 0x00, 0x00, 0x60, 0x07, 0xFE, 0x07, 0x06, 0x06, 0x00, 
    0x00, 0xE0, 0x01, 0xFC, 0x1E, 0x06, 0x06, 0x00, 0x00, 0xE0, 0x00, 0x7F, 0xFC, 0x06, 0x06, 0x00, 
    0x00, 0xFC, 0x00, 0x0F, 0xF0, 0x0E, 0x0E, 0x00, 0x00, 0xFF, 0xE0, 0x00, 0x00, 0x0E, 0x0E, 0x00, 
    0x00, 0x3F, 0xFF, 0x00, 0x00, 0x0C, 0x0C, 0x00, 0x00, 0x1C, 0x7F, 0xF0, 0x00, 0x0C, 0x0C, 0x00, 
    0x00, 0x0E, 0x03, 0xFF, 0x80, 0x0C, 0x0C, 0x00, 0x00, 0x07, 0x00, 0x3F, 0xFC, 0x1C, 0x1C, 0x00, 
    0x00, 0x03, 0xE0, 0x01, 0xFF, 0xDC, 0x1C, 0x00, 0x00, 0x01, 0xFF, 0x00, 0x0F, 0xF8, 0x18, 0x00, 
    0x00, 0x00, 0x7F, 0xF8, 0x00, 0xFC, 0x18, 0x00, 0x00, 0x00, 0x03, 0xFF, 0xC0, 0x0E, 0x38, 0x00, 
    0x00, 0x00, 0x00, 0x1F, 0xFE, 0x07, 0xB8, 0x00, 0x00, 0x00, 0x00, 0x00, 0xFF, 0xF3, 0xF0, 0x00, 
    0x00, 0x00, 0x00, 0x00, 0x07, 0xFF, 0xF0, 0x00, 0x00, 0x00, 0x00, 0x00, 0x00, 0x3F, 0xF0, 0x00, 
    0x00, 0x00, 0x00, 0x00, 0x00, 0x01, 0xF0, 0x00, 0x00, 0x00, 0x00, 0x00, 0x00, 0x00, 0x00, 0x00, 
    0x00, 0x00, 0x00, 0x00, 0x00, 0x00, 0x00, 0x00, 0x00, 0x00, 0x00, 0x00, 0x00, 0x00, 0x00, 0x00, 
    0x00, 0x00, 0x00, 0x00, 0x00, 0x00, 0x00, 0x00, 0x00, 0x00, 0x00, 0x00, 0x00, 0x00, 0x00, 0x00, 
    0x00, 0x00, 0x00, 0x00, 0x00, 0x00, 0x00, 0x00, 0x00, 0x00, 0x00, 0x00, 0x00, 0x00, 0x00, 0x00, 
      },
  {
    0x00, 0x00, 0x00, 0x00, 0x00, 0x00, 0x00, 0x00, 0x00, 0x00, 0x00, 0x00, 0x00, 0x00, 0x00, 0x00, 
    0x00, 0x00, 0x00, 0x00, 0x00, 0x00, 0x00, 0x00, 0x00, 0x00, 0x00, 0x00, 0x00, 0x00, 0x00, 0x00, 
    0x00, 0x00, 0x00, 0x00, 0x00, 0x00, 0x00, 0x00, 0x00, 0x00, 0x00, 0x00, 0x00, 0x00, 0x00, 0x00, 
    0x00, 0x00, 0x00, 0x00, 0x00, 0x00, 0x00, 0x00, 0x00, 0x00, 0x00, 0x00, 0x00, 0x00, 0x00, 0x00, 
    0x00, 0x00, 0x00, 0x00, 0x00, 0x00, 0x00, 0x00, 0x00, 0x00, 0x03, 0xC0, 0x00, 0x00, 0x00, 0x00, 
    0x00, 0x00, 0x07, 0xE0, 0x00, 0x00, 0x00, 0x00, 0x00, 0x02, 0x0E, 0xE0, 0x03, 0xC0, 0x00, 0x00, 
    0x00, 0x07, 0x8C, 0x70, 0x07, 0xFE, 0x00, 0x00, 0x00, 0x03, 0xFC, 0x70, 0x07, 0xFF, 0xC0, 0x00, 
    0x00, 0x03, 0xFF, 0xF0, 0x06, 0x07, 0xE0, 0x00, 0x00, 0x03, 0xFF, 0xFE, 0x06, 0x00, 0xF0, 0x00, 
    0x00, 0x3F, 0x60, 0xFF, 0xF6, 0x01, 0xF8, 0x00, 0x00, 0x3F, 0x00, 0x07, 0xFF, 0x01, 0xDC, 0x00, 
    0x00, 0x0F, 0xA0, 0x00, 0x3F, 0xF9, 0x8E, 0x00, 0x00, 0x07, 0x70, 0x3E, 0x03, 0xFF, 0xC7, 0x00, 
    0x00, 0x06, 0x20, 0xFF, 0xC0, 0x1F, 0xE3, 0x80, 0x00, 0x0F, 0x81, 0xF7, 0xF8, 0x00, 0xF1, 0xC0, 
    0x00, 0x1F, 0xC3, 0x81, 0xFE, 0x00, 0x79, 0x80, 0x00, 0x1F, 0xE7, 0x00, 0xFF, 0x00, 0xFF, 0x80, 
    0x00, 0x0F, 0xFE, 0x00, 0x63, 0x80, 0xEF, 0x80, 0x00, 0x0C, 0x7C, 0x7C, 0x71, 0xC0, 0xC7, 0x80, 
    0x00, 0x1C, 0x1C, 0xFE, 0x30, 0xC0, 0xC3, 0x80, 0x00, 0x1C, 0x19, 0xC7, 0x30, 0xE0, 0xC1, 0xC0, 
    0x00, 0x18, 0x19, 0xC3, 0x30, 0xE1, 0xC1, 0xC0, 0x00, 0x18, 0x39, 0x83, 0x30, 0x7F, 0xC1, 0xC0, 
    0x00, 0x38, 0x3B, 0x83, 0x30, 0x7F, 0xC1, 0x80, 0x00, 0x38, 0x3B, 0x87, 0x30, 0x67, 0xE1, 0x80, 
    0x00, 0x30, 0x39, 0x86, 0x70, 0x61, 0xF3, 0x80, 0x00, 0x30, 0x39, 0xCE, 0x60, 0xE3, 0xBB, 0x80, 
    0x00, 0x30, 0x39, 0xFC, 0xE0, 0xE3, 0x9F, 0x00, 0x00, 0x70, 0x18, 0xF8, 0xE0, 0xC3, 0x0F, 0x00, 
    0x00, 0x70, 0x1C, 0x01, 0xC1, 0xC3, 0x07, 0x00, 0x00, 0x60, 0x0C, 0x03, 0x81, 0x83, 0x07, 0x00, 
    0x00, 0x60, 0x0E, 0x07, 0x03, 0x87, 0x07, 0x00, 0x00, 0x60, 0x07, 0xFE, 0x07, 0x07, 0x06, 0x00, 
    0x00, 0xE0, 0x03, 0xFC, 0x0E, 0x06, 0x06, 0x00, 0x00, 0xE0, 0x00, 0xFF, 0xFC, 0x06, 0x06, 0x00, 
    0x00, 0xF8, 0x00, 0x0F, 0xF8, 0x0E, 0x0E, 0x00, 0x00, 0xFF, 0xC0, 0x01, 0xC0, 0x0E, 0x0E, 0x00, 
    0x00, 0x7F, 0xFC, 0x00, 0x00, 0x0C, 0x0C, 0x00, 0x00, 0x3C, 0xFF, 0xE0, 0x00, 0x0C, 0x0C, 0x00, 
    0x00, 0x1E, 0x0F, 0xFF, 0x00, 0x0C, 0x0C, 0x00, 0x00, 0x0F, 0x00, 0x7F, 0xF0, 0x1C, 0x1C, 0x00, 
    0x00, 0x07, 0xC0, 0x03, 0xFF, 0x9C, 0x1C, 0x00, 0x00, 0x01, 0xFE, 0x00, 0x3F, 0xF8, 0x18, 0x00, 
    0x00, 0x00, 0xFF, 0xF0, 0x01, 0xFC, 0x18, 0x00, 0x00, 0x00, 0x07, 0xFF, 0x80, 0x0E, 0x18, 0x00, 
    0x00, 0x00, 0x00, 0x3F, 0xF8, 0x07, 0x38, 0x00, 0x00, 0x00, 0x00, 0x03, 0xFF, 0xC3, 0xB8, 0x00, 
    0x00, 0x00, 0x00, 0x00, 0x1F, 0xFF, 0xF0, 0x00, 0x00, 0x00, 0x00, 0x00, 0x00, 0xFF, 0xF0, 0x00, 
    0x00, 0x00, 0x00, 0x00, 0x00, 0x07, 0xF0, 0x00, 0x00, 0x00, 0x00, 0x00, 0x00, 0x00, 0x20, 0x00, 
    0x00, 0x00, 0x00, 0x00, 0x00, 0x00, 0x00, 0x00, 0x00, 0x00, 0x00, 0x00, 0x00, 0x00, 0x00, 0x00, 
    0x00, 0x00, 0x00, 0x00, 0x00, 0x00, 0x00, 0x00, 0x00, 0x00, 0x00, 0x00, 0x00, 0x00, 0x00, 0x00, 
    0x00, 0x00, 0x00, 0x00, 0x00, 0x00, 0x00, 0x00, 0x00, 0x00, 0x00, 0x00, 0x00, 0x00, 0x00, 0x00, 
      },
  {
    0x00, 0x00, 0x00, 0x00, 0x00, 0x00, 0x00, 0x00, 0x00, 0x00, 0x00, 0x00, 0x00, 0x00, 0x00, 0x00, 
    0x00, 0x00, 0x00, 0x00, 0x00, 0x00, 0x00, 0x00, 0x00, 0x00, 0x00, 0x00, 0x00, 0x00, 0x00, 0x00, 
    0x00, 0x00, 0x00, 0x00, 0x00, 0x00, 0x00, 0x00, 0x00, 0x00, 0x00, 0x00, 0x00, 0x00, 0x00, 0x00, 
    0x00, 0x00, 0x00, 0x00, 0x00, 0x00, 0x00, 0x00, 0x00, 0x00, 0x00, 0x00, 0x00, 0x00, 0x00, 0x00, 
    0x00, 0x00, 0x00, 0x00, 0x00, 0x00, 0x00, 0x00, 0x00, 0x00, 0x03, 0x80, 0x00, 0x00, 0x00, 0x00, 
    0x00, 0x00, 0x07, 0xC0, 0x00, 0x00, 0x00, 0x00, 0x00, 0x06, 0x0F, 0xE0, 0x03, 0x00, 0x00, 0x00, 
    0x00, 0x07, 0x0C, 0x70, 0x03, 0xF8, 0x00, 0x00, 0x00, 0x03, 0xFC, 0x70, 0x07, 0xFF, 0xC0, 0x00, 
    0x00, 0x03, 0xFF, 0xF0, 0x07, 0x1F, 0xE0, 0x00, 0x00, 0x03, 0xFF, 0xFC, 0x06, 0x01, 0xF0, 0x00, 
    0x00, 0x7F, 0x61, 0xFF, 0xC6, 0x01, 0xF8, 0x00, 0x00, 0x7F, 0x00, 0x0F, 0xFE, 0x01, 0xDC, 0x00, 
    0x00, 0x0F, 0x00, 0x00, 0xFF, 0xF1, 0x9E, 0x00, 0x00, 0x07, 0x60, 0x1C, 0x07, 0xFF, 0x87, 0x00, 
    0x00, 0x06, 0x60, 0xFF, 0x80, 0x3F, 0xE3, 0x80, 0x00, 0x0E, 0x01, 0xFF, 0xF0, 0x03, 0xF1, 0xC0, 
    0x00, 0x3F, 0x83, 0xC1, 0xFE, 0x00, 0x79, 0xC0, 0x00, 0x3F, 0xC7, 0x00, 0xFF, 0x00, 0xFD, 0x80, 
    0x00, 0x1F, 0xFE, 0x00, 0x63, 0x80, 0xEF, 0x80, 0x00, 0x0C, 0xFE, 0x7C, 0x71, 0xC0, 0xE7, 0x80, 
    0x00, 0x1C, 0x1C, 0xFE, 0x30, 0xC0, 0xC3, 0x80, 0x00, 0x1C, 0x1C, 0xE7, 0x30, 0xE0, 0xC1, 0xC0, 
    0x00, 0x18, 0x19, 0xC7, 0x30, 0xE1, 0xC1, 0xC0, 0x00, 0x18, 0x19, 0x83, 0x30, 0x7D, 0xC1, 0xC0, 
    0x00, 0x18, 0x3B, 0x83, 0x30, 0x7F, 0xC1, 0x80, 0x00, 0x38, 0x3B, 0x87, 0x30, 0x6F, 0xC1, 0x80, 
    0x00, 0x38, 0x39, 0x87, 0x70, 0x61, 0xF1, 0x80, 0x00, 0x30, 0x39, 0x8E, 0x60, 0xE3, 0xFB, 0x80, 
    0x00, 0x30, 0x39, 0xFC, 0x60, 0xE3, 0xBF, 0x80, 0x00, 0x30, 0x18, 0xF8, 0xE0, 0xC3, 0x1F, 0x00, 
    0x00, 0x70, 0x1C, 0x01, 0xC1, 0xC3, 0x0F, 0x00, 0x00, 0x70, 0x1C, 0x03, 0x81, 0xC3, 0x07, 0x00, 
    0x00, 0x60, 0x0E, 0x07, 0x83, 0x87, 0x07, 0x00, 0x00, 0x60, 0x07, 0x9F, 0x07, 0x07, 0x07, 0x00, 
    0x00, 0xE0, 0x03, 0xFC, 0x0F, 0x06, 0x06, 0x00, 0x00, 0xE0, 0x00, 0xFE, 0x3E, 0x06, 0x06, 0x00, 
    0x00, 0xF0, 0x00, 0x1F, 0xF8, 0x06, 0x0E, 0x00, 0x00, 0xFF, 0x00, 0x03, 0xE0, 0x0E, 0x0E, 0x00, 
    0x00, 0x7F, 0xF8, 0x00, 0x00, 0x0E, 0x0C, 0x00, 0x00, 0x3D, 0xFF, 0xC0, 0x00, 0x0C, 0x0C, 0x00, 
    0x00, 0x1C, 0x1F, 0xFC, 0x00, 0x0C, 0x0C, 0x00, 0x00, 0x0F, 0x00, 0xFF, 0xE0, 0x1C, 0x1C, 0x00, 
    0x00, 0x07, 0x80, 0x0F, 0xFF, 0x1C, 0x1C, 0x00, 0x00, 0x03, 0xF8, 0x00, 0x7F, 0xF8, 0x18, 0x00, 
    0x00, 0x01, 0xFF, 0xC0, 0x03, 0xFC, 0x18, 0x00, 0x00, 0x00, 0x1F, 0xFE, 0x00, 0x1E, 0x18, 0x00, 
    0x00, 0x00, 0x00, 0xFF, 0xF0, 0x0F, 0x38, 0x00, 0x00, 0x00, 0x00, 0x07, 0xFF, 0x83, 0xB8, 0x00, 
    0x00, 0x00, 0x00, 0x00, 0x3F, 0xFF, 0xF0, 0x00, 0x00, 0x00, 0x00, 0x00, 0x01, 0xFF, 0xF0, 0x00, 
    0x00, 0x00, 0x00, 0x00, 0x00, 0x0F, 0xF0, 0x00, 0x00, 0x00, 0x00, 0x00, 0x00, 0x00, 0x60, 0x00, 
    0x00, 0x00, 0x00, 0x00, 0x00, 0x00, 0x00, 0x00, 0x00, 0x00, 0x00, 0x00, 0x00, 0x00, 0x00, 0x00, 
    0x00, 0x00, 0x00, 0x00, 0x00, 0x00, 0x00, 0x00, 0x00, 0x00, 0x00, 0x00, 0x00, 0x00, 0x00, 0x00, 
    0x00, 0x00, 0x00, 0x00, 0x00, 0x00, 0x00, 0x00, 0x00, 0x00, 0x00, 0x00, 0x00, 0x00, 0x00, 0x00, 
      },
  {
    0x00, 0x00, 0x00, 0x00, 0x00, 0x00, 0x00, 0x00, 0x00, 0x00, 0x00, 0x00, 0x00, 0x00, 0x00, 0x00, 
    0x00, 0x00, 0x00, 0x00, 0x00, 0x00, 0x00, 0x00, 0x00, 0x00, 0x00, 0x00, 0x00, 0x00, 0x00, 0x00, 
    0x00, 0x00, 0x00, 0x00, 0x00, 0x00, 0x00, 0x00, 0x00, 0x00, 0x00, 0x00, 0x00, 0x00, 0x00, 0x00, 
    0x00, 0x00, 0x00, 0x00, 0x00, 0x00, 0x00, 0x00, 0x00, 0x00, 0x00, 0x00, 0x00, 0x00, 0x00, 0x00, 
    0x00, 0x00, 0x00, 0x00, 0x00, 0x00, 0x00, 0x00, 0x00, 0x00, 0x00, 0x00, 0x00, 0x00, 0x00, 0x00, 
    0x00, 0x0C, 0x07, 0xC0, 0x00, 0x00, 0x00, 0x00, 0x00, 0x0E, 0x0F, 0xE0, 0x00, 0x00, 0x00, 0x00, 
    0x00, 0x07, 0x0E, 0x60, 0x03, 0xF0, 0x00, 0x00, 0x00, 0x03, 0xFC, 0x70, 0x07, 0xFF, 0x80, 0x00, 
    0x00, 0x03, 0xFF, 0x70, 0x07, 0x3F, 0xC0, 0x00, 0x00, 0x03, 0xFF, 0xF8, 0x06, 0x01, 0xF0, 0x00, 
    0x00, 0xF7, 0xC3, 0xFF, 0x86, 0x01, 0xF8, 0x00, 0x00, 0xFF, 0x00, 0x1F, 0xFE, 0x01, 0xFC, 0x00, 
    0x00, 0x1F, 0x00, 0x01, 0xFF, 0xE1, 0x9E, 0x00, 0x00, 0x06, 0x60, 0x00, 0x0F, 0xFF, 0x8F, 0x00, 
    0x00, 0x06, 0x60, 0x7F, 0x80, 0x7F, 0xE7, 0x80, 0x00, 0x0E, 0x01, 0xFF, 0xF0, 0x07, 0xF3, 0xC0, 
    0x00, 0x1F, 0x03, 0xC1, 0xFC, 0x00, 0x79, 0xC0, 0x00, 0x7F, 0x87, 0x80, 0xFF, 0x00, 0x7D, 0x80, 
    0x00, 0x7F, 0xFF, 0x00, 0x67, 0x80, 0xEF, 0x80, 0x00, 0x0D, 0xFE, 0x3C, 0x71, 0x80, 0xE7, 0x80, 
    0x00, 0x1C, 0x1C, 0x7E, 0x31, 0xC0, 0xC3, 0x80, 0x00, 0x1C, 0x1C, 0xEE, 0x30, 0xC0, 0xC3, 0xC0, 
    0x00, 0x18, 0x19, 0xC7, 0x30, 0xE1, 0xC1, 0xC0, 0x00, 0x18, 0x19, 0x83, 0x30, 0x79, 0xC1, 0xC0, 
    0x00, 0x18, 0x39, 0x83, 0x30, 0x7F, 0xC1, 0x80, 0x00, 0x38, 0x3B, 0x87, 0x30, 0x7F, 0xC1, 0x80, 
    0x00, 0x38, 0x3B, 0x87, 0x70, 0x63, 0xE1, 0x80, 0x00, 0x30, 0x39, 0x8E, 0x70, 0xE3, 0xF3, 0x80, 
    0x00, 0x30, 0x39, 0xFE, 0x60, 0xE3, 0xBB, 0x80, 0x00, 0x30, 0x18, 0xFC, 0xE0, 0xC3, 0x1F, 0x00, 
    0x00, 0x70, 0x18, 0x31, 0xC0, 0xC3, 0x0F, 0x00, 0x00, 0x70, 0x1C, 0x01, 0xC1, 0xC3, 0x07, 0x00, 
    0x00, 0x60, 0x0E, 0x07, 0x83, 0x87, 0x07, 0x00, 0x00, 0x60, 0x07, 0x0F, 0x07, 0x87, 0x07, 0x00, 
    0x00, 0x60, 0x03, 0xFE, 0x0F, 0x06, 0x06, 0x00, 0x00, 0xE0, 0x01, 0xFC, 0x3E, 0x06, 0x06, 0x00, 
    0x00, 0xE0, 0x00, 0x3F, 0xFC, 0x06, 0x06, 0x00, 0x00, 0xFE, 0x00, 0x07, 0xF0, 0x0E, 0x0E, 0x00, 
    0x00, 0x7F, 0xF0, 0x00, 0x00, 0x0E, 0x0E, 0x00, 0x00, 0x3F, 0xFF, 0x80, 0x00, 0x0C, 0x0C, 0x00, 
    0x00, 0x1C, 0x3F, 0xF8, 0x00, 0x0C, 0x0C, 0x00, 0x00, 0x0E, 0x01, 0xFF, 0xC0, 0x0C, 0x1C, 0x00, 
    0x00, 0x07, 0x00, 0x1F, 0xFE, 0x1C, 0x1C, 0x00, 0x00, 0x03, 0xF0, 0x00, 0xFF, 0xF8, 0x18, 0x00, 
    0x00, 0x01, 0xFF, 0x80, 0x07, 0xFC, 0x18, 0x00, 0x00, 0x00, 0x3F, 0xFC, 0x00, 0x3E, 0x18, 0x00, 
    0x00, 0x00, 0x01, 0xFF, 0xE0, 0x0F, 0x38, 0x00, 0x00, 0x00, 0x00, 0x0F, 0xFF, 0x07, 0xB8, 0x00, 
    0x00, 0x00, 0x00, 0x00, 0x7F, 0xFB, 0xF0, 0x00, 0x00, 0x00, 0x00, 0x00, 0x03, 0xFF, 0xF0, 0x00, 
    0x00, 0x00, 0x00, 0x00, 0x00, 0x1F, 0xF0, 0x00, 0x00, 0x00, 0x00, 0x00, 0x00, 0x00, 0xF0, 0x00, 
    0x00, 0x00, 0x00, 0x00, 0x00, 0x00, 0x00, 0x00, 0x00, 0x00, 0x00, 0x00, 0x00, 0x00, 0x00, 0x00, 
    0x00, 0x00, 0x00, 0x00, 0x00, 0x00, 0x00, 0x00, 0x00, 0x00, 0x00, 0x00, 0x00, 0x00, 0x00, 0x00, 
    0x00, 0x00, 0x00, 0x00, 0x00, 0x00, 0x00, 0x00, 0x00, 0x00, 0x00, 0x00, 0x00, 0x00, 0x00, 0x00, 
      },
  {
    0x00, 0x00, 0x00, 0x00, 0x00, 0x00, 0x00, 0x00, 0x00, 0x00, 0x00, 0x00, 0x00, 0x00, 0x00, 0x00, 
    0x00, 0x00, 0x00, 0x00, 0x00, 0x00, 0x00, 0x00, 0x00, 0x00, 0x00, 0x00, 0x00, 0x00, 0x00, 0x00, 
    0x00, 0x00, 0x00, 0x00, 0x00, 0x00, 0x00, 0x00, 0x00, 0x00, 0x00, 0x00, 0x00, 0x00, 0x00, 0x00, 
    0x00, 0x00, 0x00, 0x00, 0x00, 0x00, 0x00, 0x00, 0x00, 0x00, 0x00, 0x00, 0x00, 0x00, 0x00, 0x00, 
    0x00, 0x00, 0x00, 0x00, 0x00, 0x00, 0x00, 0x00, 0x00, 0x08, 0x00, 0x00, 0x00, 0x00, 0x00, 0x00, 
    0x00, 0x1C, 0x03, 0xC0, 0x00, 0x00, 0x00, 0x00, 0x00, 0x1E, 0x07, 0xE0, 0x00, 0x00, 0x00, 0x00, 
    0x00, 0x0F, 0x0E, 0xE0, 0x03, 0xE0, 0x00, 0x00, 0x00, 0x07, 0xDC, 0x70, 0x07, 0xFF, 0x00, 0x00, 
    0x00, 0x03, 0xFE, 0x70, 0x07, 0x7F, 0xC0, 0x00, 0x00, 0x83, 0xFF, 0xF0, 0x06, 0x03, 0xE0, 0x00, 
    0x01, 0xF3, 0x07, 0xFF, 0x06, 0x00, 0xF0, 0x00, 0x00, 0xFF, 0x00, 0x3F, 0xFE, 0x01, 0xF8, 0x00, 
    0x00, 0x3F, 0x00, 0x01, 0xFF, 0xC1, 0x9E, 0x00, 0x00, 0x06, 0x60, 0x00, 0x1F, 0xFF, 0x8F, 0x00, 
    0x00, 0x06, 0x60, 0x7F, 0x00, 0xFF, 0xE7, 0x80, 0x00, 0x06, 0x00, 0xFF, 0xE0, 0x07, 0xF3, 0xC0, 
    0x00, 0x0F, 0x03, 0xE3, 0xFC, 0x00, 0x79, 0xC0, 0x00, 0xFF, 0x07, 0x80, 0xFF, 0x00, 0x7D, 0x80, 
    0x00, 0xFF, 0xFF, 0x00, 0x67, 0x80, 0xFF, 0x80, 0x00, 0x0F, 0xFE, 0x38, 0x73, 0x80, 0xEF, 0x80, 
    0x00, 0x1C, 0x1C, 0x7E, 0x71, 0xC0, 0xC7, 0x80, 0x00, 0x1C, 0x1C, 0xFE, 0x30, 0xC0, 0xC3, 0xC0, 
    0x00, 0x18, 0x19, 0xC7, 0x30, 0xE0, 0xC1, 0xC0, 0x00, 0x18, 0x19, 0x83, 0x30, 0xF1, 0xC1, 0xC0, 
    0x00, 0x18, 0x39, 0x83, 0x30, 0x7F, 0xC1, 0x80, 0x00, 0x38, 0x3B, 0x87, 0x30, 0x7F, 0xC1, 0x80, 
    0x00, 0x38, 0x3B, 0x87, 0x70, 0x63, 0xE1, 0x80, 0x00, 0x30, 0x39, 0x8E, 0x70, 0x61, 0xF3, 0x80, 
    0x00, 0x30, 0x39, 0xFE, 0x60, 0xE3, 0xBB, 0x80, 0x00, 0x30, 0x18, 0xFC, 0xE0, 0xC3, 0x9F, 0x00, 
    0x00, 0x70, 0x18, 0x70, 0xC0, 0xC3, 0x0F, 0x00, 0x00, 0x70, 0x1C, 0x01, 0xC1, 0xC3, 0x07, 0x00, 
    0x00, 0x60, 0x0E, 0x03, 0x83, 0x87, 0x07, 0x00, 0x00, 0x60, 0x0F, 0x0F, 0x03, 0x87, 0x07, 0x00, 
    0x00, 0x60, 0x07, 0xFE, 0x07, 0x06, 0x06, 0x00, 0x00, 0xE0, 0x01, 0xFC, 0x1E, 0x06, 0x06, 0x00, 
    0x00, 0xE0, 0x00, 0x7F, 0xFC, 0x06, 0x06, 0x00, 0x00, 0xFE, 0x00, 0x07, 0xF0, 0x0E, 0x0E, 0x00, 
    0x00, 0x7F, 0xE0, 0x00, 0x00, 0x0E, 0x0E, 0x00, 0x00, 0x3F, 0xFF, 0x00, 0x00, 0x0C, 0x0C, 0x00, 
    0x00, 0x1C, 0x7F, 0xF8, 0x00, 0x0C, 0x0C, 0x00, 0x00, 0x0E, 0x03, 0xFF, 0x80, 0x0C, 0x0C, 0x00, 
    0x00, 0x07, 0x00, 0x1F, 0xFC, 0x1C, 0x1C, 0x00, 0x00, 0x03, 0xE0, 0x01, 0xFF, 0xFC, 0x1C, 0x00, 
    0x00, 0x01, 0xFF, 0x00, 0x0F, 0xFC, 0x18, 0x00, 0x00, 0x00, 0x7F, 0xF8, 0x00, 0x7C, 0x18, 0x00, 
    0x00, 0x00, 0x03, 0xFF, 0xC0, 0x0F, 0x38, 0x00, 0x00, 0x00, 0x00, 0x1F, 0xFE, 0x07, 0xB8, 0x00, 
    0x00, 0x00, 0x00, 0x00, 0xFF, 0xF3, 0xF0, 0x00, 0x00, 0x00, 0x00, 0x00, 0x07, 0xFF, 0xF0, 0x00, 
    0x00, 0x00, 0x00, 0x00, 0x00, 0x3F, 0xF0, 0x00, 0x00, 0x00, 0x00, 0x00, 0x00, 0x01, 0xF0, 0x00, 
    0x00, 0x00, 0x00, 0x00, 0x00, 0x00, 0x00, 0x00, 0x00, 0x00, 0x00, 0x00, 0x00, 0x00, 0x00, 0x00, 
    0x00, 0x00, 0x00, 0x00, 0x00, 0x00, 0x00, 0x00, 0x00, 0x00, 0x00, 0x00, 0x00, 0x00, 0x00, 0x00, 
    0x00, 0x00, 0x00, 0x00, 0x00, 0x00, 0x00, 0x00, 0x00, 0x00, 0x00, 0x00, 0x00, 0x00, 0x00, 0x00, 
      },
  {
    0x00, 0x00, 0x00, 0x00, 0x00, 0x00, 0x00, 0x00, 0x00, 0x00, 0x00, 0x00, 0x00, 0x00, 0x00, 0x00, 
    0x00, 0x00, 0x00, 0x00, 0x00, 0x00, 0x00, 0x00, 0x00, 0x00, 0x00, 0x00, 0x00, 0x00, 0x00, 0x00, 
    0x00, 0x00, 0x00, 0x00, 0x00, 0x00, 0x00, 0x00, 0x00, 0x00, 0x00, 0x00, 0x00, 0x00, 0x00, 0x00, 
    0x00, 0x00, 0x00, 0x00, 0x00, 0x00, 0x00, 0x00, 0x00, 0x00, 0x00, 0x00, 0x00, 0x00, 0x00, 0x00, 
    0x00, 0x00, 0x00, 0x00, 0x00, 0x00, 0x00, 0x00, 0x00, 0x38, 0x00, 0x00, 0x00, 0x00, 0x00, 0x00, 
    0x00, 0x3C, 0x03, 0xC0, 0x00, 0x00, 0x00, 0x00, 0x00, 0x1E, 0x07, 0xE0, 0x00, 0x00, 0x00, 0x00, 
    0x00, 0x0F, 0x0E, 0xE0, 0x03, 0xE0, 0x00, 0x00, 0x00, 0x07, 0xCC, 0x70, 0x07, 0xFE, 0x00, 0x00, 
    0x00, 0x03, 0xFE, 0x70, 0x07, 0x7F, 0xC0, 0x00, 0x03, 0x83, 0xFF, 0xF0, 0x06, 0x03, 0xE0, 0x00, 
    0x03, 0xF3, 0x07, 0xFF, 0x06, 0x00, 0xF0, 0x00, 0x01, 0xFF, 0x00, 0x7F, 0xFE, 0x01, 0xF8, 0x00, 
    0x00, 0x3F, 0x00, 0x03, 0xFF, 0x81, 0x9C, 0x00, 0x00, 0x06, 0x20, 0x00, 0x1F, 0xFD, 0x8F, 0x00, 
    0x00, 0x06, 0x60, 0x7F, 0x01, 0xFF, 0xE7, 0x80, 0x00, 0x06, 0x00, 0xFF, 0xE0, 0x0F, 0xF3, 0xC0, 
    0x00, 0x0E, 0x01, 0xE3, 0xFC, 0x00, 0xF9, 0xC0, 0x01, 0xFF, 0x03, 0x80, 0xFE, 0x00, 0x7D, 0x80, 
    0x01, 0xFF, 0xF7, 0x00, 0x6F, 0x80, 0xFF, 0x80, 0x00, 0x8F, 0xFE, 0x18, 0x73, 0x80, 0xEF, 0x80, 
    0x00, 0x0C, 0x3C, 0x7E, 0x71, 0xC0, 0xC7, 0x80, 0x00, 0x1C, 0x1C, 0xFE, 0x30, 0xC0, 0xC3, 0xC0, 
    0x00, 0x18, 0x19, 0xC7, 0x30, 0xE0, 0xC1, 0xC0, 0x00, 0x18, 0x19, 0x83, 0x30, 0xE1, 0xC1, 0xC0, 
    0x00, 0x18, 0x39, 0x83, 0x30, 0x7F, 0xC1, 0x80, 0x00, 0x38, 0x3B, 0x83, 0x30, 0x7F, 0xC1, 0x80, 
    0x00, 0x38, 0x3B, 0x87, 0x70, 0x63, 0xE1, 0x80, 0x00, 0x30, 0x39, 0x86, 0x70, 0x61, 0xF3, 0x80, 
    0x00, 0x30, 0x39, 0xDE, 0x60, 0xE3, 0xBB, 0x80, 0x00, 0x30, 0x18, 0xFC, 0xE0, 0xE3, 0x9F, 0x00, 
    0x00, 0x70, 0x18, 0x78, 0xC0, 0xC3, 0x0F, 0x00, 0x00, 0x70, 0x1C, 0x01, 0xC1, 0xC3, 0x07, 0x00, 
    0x00, 0x60, 0x0E, 0x03, 0x81, 0x87, 0x07, 0x00, 0x00, 0x60, 0x0F, 0x0F, 0x03, 0x87, 0x07, 0x00, 
    0x00, 0x60, 0x07, 0xFE, 0x07, 0x06, 0x06, 0x00, 0x00, 0xE0, 0x01, 0xFC, 0x1E, 0x06, 0x06, 0x00, 
    0x00, 0xE0, 0x00, 0x7F, 0xFC, 0x06, 0x06, 0x00, 0x00, 0xFC, 0x00, 0x0F, 0xF0, 0x0E, 0x0E, 0x00, 
    0x00, 0xFF, 0xE0, 0x00, 0x80, 0x0E, 0x0E, 0x00, 0x00, 0x7F, 0xFE, 0x00, 0x00, 0x0C, 0x0C, 0x00, 
    0x00, 0x1C, 0x7F, 0xF0, 0x00, 0x0C, 0x0C, 0x00, 0x00, 0x0E, 0x07, 0xFF, 0x80, 0x0C, 0x0C, 0x00, 
    0x00, 0x07, 0x00, 0x3F, 0xF8, 0x1C, 0x1C, 0x00, 0x00, 0x03, 0xE0, 0x01, 0xFF, 0xDC, 0x1C, 0x00, 
    0x00, 0x01, 0xFF, 0x00, 0x1F, 0xF8, 0x18, 0x00, 0x00, 0x00, 0x7F, 0xF8, 0x00, 0xFC, 0x18, 0x00, 
    0x00, 0x00, 0x03, 0xFF, 0xC0, 0x0E, 0x38, 0x00, 0x00, 0x00, 0x00, 0x1F, 0xFC, 0x07, 0xB8, 0x00, 
    0x00, 0x00, 0x00, 0x00, 0xFF, 0xE3, 0xF0, 0x00, 0x00, 0x00, 0x00, 0x00, 0x0F, 0xFF, 0xF0, 0x00, 
    0x00, 0x00, 0x00, 0x00, 0x00, 0x7F, 0xF0, 0x00, 0x00, 0x00, 0x00, 0x00, 0x00, 0x03, 0xF0, 0x00, 
    0x00, 0x00, 0x00, 0x00, 0x00, 0x00, 0x00, 0x00, 0x00, 0x00, 0x00, 0x00, 0x00, 0x00, 0x00, 0x00, 
    0x00, 0x00, 0x00, 0x00, 0x00, 0x00, 0x00, 0x00, 0x00, 0x00, 0x00, 0x00, 0x00, 0x00, 0x00, 0x00, 
    0x00, 0x00, 0x00, 0x00, 0x00, 0x00, 0x00, 0x00, 0x00, 0x00, 0x00, 0x00, 0x00, 0x00, 0x00, 0x00, 
      },
  {
    0x00, 0x00, 0x00, 0x00, 0x00, 0x00, 0x00, 0x00, 0x00, 0x00, 0x00, 0x00, 0x00, 0x00, 0x00, 0x00, 
    0x00, 0x00, 0x00, 0x00, 0x00, 0x00, 0x00, 0x00, 0x00, 0x00, 0x00, 0x00, 0x00, 0x00, 0x00, 0x00, 
    0x00, 0x00, 0x00, 0x00, 0x00, 0x00, 0x00, 0x00, 0x00, 0x00, 0x00, 0x00, 0x00, 0x00, 0x00, 0x00, 
    0x00, 0x00, 0x00, 0x00, 0x00, 0x00, 0x00, 0x00, 0x00, 0x00, 0x00, 0x00, 0x00, 0x00, 0x00, 0x00, 
    0x00, 0x70, 0x00, 0x00, 0x00, 0x00, 0x00, 0x00, 0x00, 0x78, 0x00, 0x00, 0x00, 0x00, 0x00, 0x00, 
    0x00, 0x3C, 0x03, 0xC0, 0x00, 0x00, 0x00, 0x00, 0x00, 0x1E, 0x07, 0xE0, 0x00, 0x00, 0x00, 0x00, 
    0x00, 0x0F, 0x0E, 0xE0, 0x03, 0xE0, 0x00, 0x00, 0x00, 0x07, 0xCC, 0x70, 0x07, 0xFE, 0x00, 0x00, 
    0x00, 0x03, 0xFC, 0x70, 0x07, 0x7F, 0xC0, 0x00, 0x07, 0x83, 0xFF, 0xF0, 0x06, 0x07, 0xE0, 0x00, 
    0x07, 0xE3, 0x0F, 0xFF, 0x06, 0x00, 0xF0, 0x00, 0x01, 0xFF, 0x00, 0x7F, 0xFE, 0x01, 0xF8, 0x00, 
    0x00, 0x3F, 0x00, 0x03, 0xFF, 0x81, 0x9C, 0x00, 0x00, 0x06, 0x20, 0x00, 0x3F, 0xFD, 0x8E, 0x00, 
    0x00, 0x06, 0x60, 0x3E, 0x01, 0xFF, 0xC7, 0x80, 0x00, 0x06, 0x00, 0xFF, 0xE0, 0x0F, 0xF3, 0x80, 
    0x00, 0x0E, 0x01, 0xE3, 0xFC, 0x00, 0xF9, 0xC0, 0x01, 0xFE, 0x03, 0x80, 0xFE, 0x00, 0x7D, 0x80, 
    0x03, 0xFF, 0xF7, 0x00, 0xEF, 0x00, 0xFF, 0x80, 0x03, 0x8F, 0xFE, 0x18, 0x73, 0x80, 0xEF, 0x80, 
    0x00, 0x0C, 0x3C, 0x7E, 0x71, 0xC0, 0xC7, 0x80, 0x00, 0x1C, 0x1C, 0xFE, 0x30, 0xC0, 0xC3, 0x80, 
    0x00, 0x1C, 0x19, 0xC7, 0x30, 0xE0, 0xC1, 0xC0, 0x00, 0x18, 0x19, 0x83, 0x30, 0xE1, 0xC1, 0xC0, 
    0x00, 0x18, 0x39, 0x83, 0x30, 0x7F, 0xC1, 0x80, 0x00, 0x38, 0x3B, 0x83, 0x30, 0x7F, 0xC1, 0x80, 
    0x00, 0x38, 0x3B, 0x87, 0x70, 0x63, 0xE1, 0x80, 0x00, 0x30, 0x39, 0x86, 0x70, 0x61, 0xF3, 0x80, 
    0x00, 0x30, 0x39, 0xDE, 0x60, 0xE3, 0xBB, 0x80, 0x00, 0x30, 0x18, 0xFC, 0xE0, 0xE3, 0x9F, 0x00, 
    0x00, 0x70, 0x18, 0x78, 0xC0, 0xC3, 0x0F, 0x00, 0x00, 0x70, 0x1C, 0x01, 0xC1, 0xC3, 0x07, 0x00, 
    0x00, 0x60, 0x0C, 0x03, 0x81, 0x87, 0x07, 0x00, 0x00, 0x60, 0x0F, 0x0F, 0x03, 0x87, 0x07, 0x00, 
    0x00, 0x60, 0x07, 0xFE, 0x07, 0x06, 0x06, 0x00, 0x00, 0xE0, 0x03, 0xFC, 0x1E, 0x06, 0x06, 0x00, 
    0x00, 0xE0, 0x00, 0x7F, 0xFC, 0x06, 0x06, 0x00, 0x00, 0xFC, 0x00, 0x0F, 0xF0, 0x0E, 0x0E, 0x00, 
    0x00, 0xFF, 0xE0, 0x00, 0x80, 0x0E, 0x0E, 0x00, 0x00, 0x7F, 0xFE, 0x00, 0x00, 0x0C, 0x0C, 0x00, 
    0x00, 0x1C, 0xFF, 0xF0, 0x00, 0x0C, 0x0C, 0x00, 0x00, 0x0E, 0x07, 0xFF, 0x80, 0x0C, 0x0C, 0x00, 
    0x00, 0x07, 0x00, 0x3F, 0xF8, 0x1C, 0x1C, 0x00, 0x00, 0x03, 0xE0, 0x01, 0xFF, 0xDC, 0x1C, 0x00, 
    0x00, 0x01, 0xFF, 0x00, 0x1F, 0xF8, 0x18, 0x00, 0x00, 0x00, 0x7F, 0xF8, 0x00, 0xFC, 0x18, 0x00, 
    0x00, 0x00, 0x03, 0xFF, 0x80, 0x0E, 0x18, 0x00, 0x00, 0x00, 0x00, 0x3F, 0xFC, 0x07, 0x38, 0x00, 
    0x00, 0x00, 0x00, 0x01, 0xFF, 0xE3, 0xF0, 0x00, 0x00, 0x00, 0x00, 0x00, 0x0F, 0xFF, 0xF0, 0x00, 
    0x00, 0x00, 0x00, 0x00, 0x00, 0x7F, 0xF0, 0x00, 0x00, 0x00, 0x00, 0x00, 0x00, 0x03, 0xF0, 0x00, 
    0x00, 0x00, 0x00, 0x00, 0x00, 0x00, 0x00, 0x00, 0x00, 0x00, 0x00, 0x00, 0x00, 0x00, 0x00, 0x00, 
    0x00, 0x00, 0x00, 0x00, 0x00, 0x00, 0x00, 0x00, 0x00, 0x00, 0x00, 0x00, 0x00, 0x00, 0x00, 0x00, 
    0x00, 0x00, 0x00, 0x00, 0x00, 0x00, 0x00, 0x00, 0x00, 0x00, 0x00, 0x00, 0x00, 0x00, 0x00, 0x00, 
      },
  {
    0x00, 0x00, 0x00, 0x00, 0x00, 0x00, 0x00, 0x00, 0x00, 0x00, 0x00, 0x00, 0x00, 0x00, 0x00, 0x00, 
    0x00, 0x00, 0x00, 0x00, 0x00, 0x00, 0x00, 0x00, 0x00, 0x00, 0x00, 0x00, 0x00, 0x00, 0x00, 0x00, 
    0x00, 0x00, 0x00, 0x00, 0x00, 0x00, 0x00, 0x00, 0x00, 0x00, 0x00, 0x00, 0x00, 0x00, 0x00, 0x00, 
    0x00, 0x00, 0x00, 0x00, 0x00, 0x00, 0x00, 0x00, 0x00, 0x60, 0x00, 0x00, 0x00, 0x00, 0x00, 0x00, 
    0x00, 0x70, 0x00, 0x00, 0x00, 0x00, 0x00, 0x00, 0x00, 0x78, 0x00, 0x00, 0x00, 0x00, 0x00, 0x00, 
    0x00, 0x3C, 0x07, 0xC0, 0x00, 0x00, 0x00, 0x00, 0x00, 0x1E, 0x0F, 0xE0, 0x00, 0x00, 0x00, 0x00, 
    0x00, 0x0E, 0x0E, 0x60, 0x03, 0xE0, 0x00, 0x00, 0x00, 0x07, 0xCC, 0x70, 0x07, 0xFF, 0x00, 0x00, 
    0x04, 0x03, 0xFE, 0x70, 0x07, 0x7F, 0xC0, 0x00, 0x0F, 0x83, 0xFF, 0xF0, 0x06, 0x03, 0xE0, 0x00, 
    0x07, 0xF3, 0x07, 0xFF, 0x06, 0x00, 0xF0, 0x00, 0x01, 0xFF, 0x00, 0x7F, 0xFE, 0x01, 0xF8, 0x00, 
    0x00, 0x37, 0x00, 0x03, 0xFF, 0x81, 0x9C, 0x00, 0x00, 0x06, 0x20, 0x00, 0x1F, 0xFD, 0x8F, 0x00, 
    0x00, 0x06, 0x60, 0x7F, 0x01, 0xFF, 0xE7, 0x80, 0x00, 0x06, 0x00, 0xFF, 0xE0, 0x0F, 0xF3, 0xC0, 
    0x00, 0x0E, 0x01, 0xE3, 0xFC, 0x00, 0xF9, 0xC0, 0x03, 0xFE, 0x03, 0x80, 0xFE, 0x00, 0x7D, 0x80, 
    0x07, 0xFF, 0xF7, 0x00, 0x6F, 0x80, 0xFF, 0x80, 0x07, 0x0F, 0xFE, 0x18, 0x73, 0x80, 0xEF, 0x80, 
    0x00, 0x0C, 0x3C, 0x7E, 0x71, 0xC0, 0xC7, 0x80, 0x00, 0x1C, 0x1C, 0xFE, 0x30, 0xC0, 0xC3, 0x80, 
    0x00, 0x18, 0x19, 0xC7, 0x30, 0xE0, 0xC1, 0xC0, 0x00, 0x18, 0x19, 0x83, 0x30, 0xE1, 0xC1, 0xC0, 
    0x00, 0x18, 0x39, 0x83, 0x30, 0x7F, 0xC1, 0x80, 0x00, 0x38, 0x3B, 0x83, 0x30, 0x7F, 0xC1, 0x80, 
    0x00, 0x38, 0x3B, 0x87, 0x70, 0x63, 0xE1, 0x80, 0x00, 0x30, 0x39, 0x86, 0x70, 0x61, 0xF3, 0x80, 
    0x00, 0x30, 0x39, 0xDE, 0x60, 0xE3, 0xBB, 0x80, 0x00, 0x30, 0x18, 0xFC, 0xE0, 0xC3, 0x9F, 0x00, 
    0x00, 0x70, 0x18, 0x78, 0xC0, 0xC3, 0x0F, 0x00, 0x00, 0x70, 0x1C, 0x01, 0xC1, 0xC3, 0x07, 0x00, 
    0x00, 0x60, 0x0E, 0x03, 0x81, 0x87, 0x07, 0x00, 0x00, 0x60, 0x0F, 0x0F, 0x03, 0x87, 0x07, 0x00, 
    0x00, 0x60, 0x07, 0xFE, 0x07, 0x06, 0x06, 0x00, 0x00, 0xE0, 0x01, 0xFC, 0x1E, 0x06, 0x06, 0x00, 
    0x00, 0xE0, 0x00, 0x7F, 0xFC, 0x06, 0x06, 0x00, 0x00, 0xFC, 0x00, 0x0F, 0xF0, 0x0E, 0x0E, 0x00, 
    0x00, 0xFF, 0xE0, 0x00, 0x80, 0x0E, 0x0E, 0x00, 0x00, 0x7F, 0xFE, 0x00, 0x00, 0x0C, 0x0C, 0x00, 
    0x00, 0x1C, 0x7F, 0xF0, 0x00, 0x0C, 0x0C, 0x00, 0x00, 0x0E, 0x03, 0xFF, 0x80, 0x0C, 0x0C, 0x00, 
    0x00, 0x07, 0x00, 0x3F, 0xFC, 0x1C, 0x1C, 0x00, 0x00, 0x03, 0xE0, 0x01, 0xFF, 0xDC, 0x1C, 0x00, 
    0x00, 0x01, 0xFF, 0x00, 0x0F, 0xF8, 0x18, 0x00, 0x00, 0x00, 0x7F, 0xF8, 0x00, 0xFC, 0x18, 0x00, 
    0x00, 0x00, 0x03, 0xFF, 0xC0, 0x0E, 0x38, 0x00, 0x00, 0x00, 0x00, 0x1F, 0xFE, 0x07, 0xB8, 0x00, 
    0x00, 0x00, 0x00, 0x00, 0xFF, 0xE3, 0xF0, 0x00, 0x00, 0x00, 0x00, 0x00, 0x0F, 0xFF, 0xF0, 0x00, 
    0x00, 0x00, 0x00, 0x00, 0x00, 0x7F, 0xF0, 0x00, 0x00, 0x00, 0x00, 0x00, 0x00, 0x03, 0xF0, 0x00, 
    0x00, 0x00, 0x00, 0x00, 0x00, 0x00, 0x00, 0x00, 0x00, 0x00, 0x00, 0x00, 0x00, 0x00, 0x00, 0x00, 
    0x00, 0x00, 0x00, 0x00, 0x00, 0x00, 0x00, 0x00, 0x00, 0x00, 0x00, 0x00, 0x00, 0x00, 0x00, 0x00, 
    0x00, 0x00, 0x00, 0x00, 0x00, 0x00, 0x00, 0x00, 0x00, 0x00, 0x00, 0x00, 0x00, 0x00, 0x00, 0x00, 
      },
  {
    0x00, 0x00, 0x00, 0x00, 0x00, 0x00, 0x00, 0x00, 0x00, 0x00, 0x00, 0x00, 0x00, 0x00, 0x00, 0x00, 
    0x00, 0x00, 0x00, 0x00, 0x00, 0x00, 0x00, 0x00, 0x00, 0x00, 0x00, 0x00, 0x00, 0x00, 0x00, 0x00, 
    0x00, 0x00, 0x00, 0x00, 0x00, 0x00, 0x00, 0x00, 0x00, 0x00, 0x00, 0x00, 0x00, 0x00, 0x00, 0x00, 
    0x00, 0xC0, 0x00, 0x00, 0x00, 0x00, 0x00, 0x00, 0x00, 0xE0, 0x00, 0x00, 0x00, 0x00, 0x00, 0x00, 
    0x00, 0x70, 0x00, 0x00, 0x00, 0x00, 0x00, 0x00, 0x00, 0x78, 0x01, 0x00, 0x00, 0x00, 0x00, 0x00, 
    0x00, 0x3C, 0x07, 0xC0, 0x00, 0x00, 0x00, 0x00, 0x00, 0x1E, 0x0F, 0xE0, 0x00, 0x00, 0x00, 0x00, 
    0x00, 0x0E, 0x0E, 0x70, 0x03, 0xF0, 0x00, 0x00, 0x00, 0x03, 0xFC, 0x70, 0x07, 0xFF, 0x00, 0x00, 
    0x0C, 0x03, 0xFE, 0x70, 0x07, 0x7F, 0xC0, 0x00, 0x1F, 0x83, 0xFF, 0xF0, 0x06, 0x03, 0xE0, 0x00, 
    0x07, 0xE3, 0x07, 0xFF, 0x86, 0x00, 0xF0, 0x00, 0x00, 0xF7, 0x00, 0x3F, 0xFE, 0x01, 0xFC, 0x00, 
    0x00, 0x07, 0x00, 0x01, 0xFF, 0xC1, 0x9E, 0x00, 0x00, 0x06, 0x60, 0x00, 0x1F, 0xFF, 0x8F, 0x00, 
    0x00, 0x06, 0x60, 0x7F, 0x00, 0xFF, 0xE7, 0x80, 0x00, 0x06, 0x01, 0xFF, 0xE0, 0x07, 0xF3, 0xC0, 
    0x00, 0x0E, 0x03, 0xC1, 0xFC, 0x00, 0x79, 0xC0, 0x07, 0xFF, 0x07, 0x80, 0xFF, 0x00, 0x7D, 0x80, 
    0x0F, 0xFF, 0xFF, 0x00, 0x67, 0x80, 0xFF, 0x80, 0x0E, 0x0F, 0xFE, 0x38, 0x73, 0x80, 0xEF, 0x80, 
    0x00, 0x1C, 0x1C, 0x7E, 0x71, 0xC0, 0xC7, 0x80, 0x00, 0x1C, 0x1C, 0xFE, 0x30, 0xC0, 0xC3, 0xC0, 
    0x00, 0x18, 0x19, 0xC7, 0x30, 0xE0, 0xC1, 0xC0, 0x00, 0x18, 0x19, 0x83, 0x30, 0x71, 0xC1, 0xC0, 
    0x00, 0x18, 0x39, 0x83, 0x30, 0x7F, 0xC1, 0x80, 0x00, 0x38, 0x3B, 0x87, 0x30, 0x7F, 0xC1, 0x80, 
    0x00, 0x38, 0x3B, 0x87, 0x70, 0x63, 0xE1, 0x80, 0x00, 0x30, 0x39, 0x8E, 0x70, 0x61, 0xF3, 0x80, 
    0x00, 0x30, 0x39, 0xFE, 0x60, 0xE3, 0xBB, 0x80, 0x00, 0x30, 0x18, 0xFC, 0xE0, 0xC3, 0x1F, 0x00, 
    0x00, 0x70, 0x18, 0x70, 0xC0, 0xC3, 0x0F, 0x00, 0x00, 0x70, 0x1C, 0x01, 0xC1, 0xC3, 0x07, 0x00, 
    0x00, 0x60, 0x0E, 0x03, 0x83, 0x87, 0x07, 0x00, 0x00, 0x60, 0x0F, 0x0F, 0x03, 0x87, 0x07, 0x00, 
    0x00, 0x60, 0x07, 0xFE, 0x0F, 0x06, 0x06, 0x00, 0x00, 0xE0, 0x01, 0xFC, 0x1E, 0x06, 0x06, 0x00, 
    0x00, 0xE0, 0x00, 0x3F, 0xFC, 0x06, 0x06, 0x00, 0x00, 0xFE, 0x00, 0x07, 0xF0, 0x0E, 0x0E, 0x00, 
    0x00, 0x7F, 0xF0, 0x00, 0x00, 0x0E, 0x0E, 0x00, 0x00, 0x3F, 0xFF, 0x00, 0x00, 0x0C, 0x0C, 0x00, 
    0x00, 0x1C, 0x3F, 0xF8, 0x00, 0x0C, 0x0C, 0x00, 0x00, 0x0E, 0x03, 0xFF, 0xC0, 0x0C, 0x1C, 0x00, 
    0x00, 0x07, 0x00, 0x1F, 0xFC, 0x1C, 0x1C, 0x00, 0x00, 0x03, 0xF0, 0x00, 0xFF, 0xFC, 0x18, 0x00, 
    0x00, 0x01, 0xFF, 0x80, 0x0F, 0xFC, 0x18, 0x00, 0x00, 0x00, 0x3F, 0xF8, 0x00, 0x7C, 0x18, 0x00, 
    0x00, 0x00, 0x01, 0xFF, 0xC0, 0x0F, 0x38, 0x00, 0x00, 0x00, 0x00, 0x1F, 0xFE, 0x07, 0xB8, 0x00, 
    0x00, 0x00, 0x00, 0x00, 0xFF, 0xF3, 0xF0, 0x00, 0x00, 0x00, 0x00, 0x00, 0x07, 0xFF, 0xF0, 0x00, 
    0x00, 0x00, 0x00, 0x00, 0x00, 0x3F, 0xF0, 0x00, 0x00, 0x00, 0x00, 0x00, 0x00, 0x01, 0xF0, 0x00, 
    0x00, 0x00, 0x00, 0x00, 0x00, 0x00, 0x00, 0x00, 0x00, 0x00, 0x00, 0x00, 0x00, 0x00, 0x00, 0x00, 
    0x00, 0x00, 0x00, 0x00, 0x00, 0x00, 0x00, 0x00, 0x00, 0x00, 0x00, 0x00, 0x00, 0x00, 0x00, 0x00, 
    0x00, 0x00, 0x00, 0x00, 0x00, 0x00, 0x00, 0x00, 0x00, 0x00, 0x00, 0x00, 0x00, 0x00, 0x00, 0x00, 
      },
  {
    0x00, 0x00, 0x00, 0x00, 0x00, 0x00, 0x00, 0x00, 0x00, 0x00, 0x00, 0x00, 0x00, 0x00, 0x00, 0x00, 
    0x00, 0x00, 0x00, 0x00, 0x00, 0x00, 0x00, 0x00, 0x00, 0x00, 0x00, 0x00, 0x00, 0x00, 0x00, 0x00, 
    0x00, 0x00, 0x00, 0x00, 0x00, 0x00, 0x00, 0x00, 0x00, 0x80, 0x00, 0x00, 0x00, 0x00, 0x00, 0x00, 
    0x01, 0xC0, 0x00, 0x00, 0x00, 0x00, 0x00, 0x00, 0x00, 0xE0, 0x00, 0x00, 0x00, 0x00, 0x00, 0x00, 
    0x00, 0x70, 0x00, 0x00, 0x00, 0x00, 0x00, 0x00, 0x00, 0x38, 0x03, 0x80, 0x00, 0x00, 0x00, 0x00, 
    0x00, 0x1C, 0x07, 0xE0, 0x00, 0x00, 0x00, 0x00, 0x00, 0x0E, 0x0E, 0xE0, 0x03, 0x00, 0x00, 0x00, 
    0x00, 0x04, 0x0C, 0x70, 0x03, 0xF8, 0x00, 0x00, 0x00, 0x03, 0xFC, 0x70, 0x07, 0xFF, 0x80, 0x00, 
    0x1E, 0x03, 0xFF, 0x70, 0x07, 0x1F, 0xE0, 0x00, 0x1F, 0xC3, 0x3F, 0xF8, 0x06, 0x01, 0xF0, 0x00, 
    0x03, 0xE7, 0x01, 0xFF, 0xC6, 0x01, 0xF8, 0x00, 0x00, 0xE7, 0x00, 0x1F, 0xFE, 0x01, 0xFC, 0x00, 
    0x00, 0x06, 0x00, 0x00, 0xFF, 0xE1, 0x9E, 0x00, 0x00, 0x06, 0x60, 0x08, 0x07, 0xFF, 0x8F, 0x00, 
    0x00, 0x06, 0x60, 0x7F, 0x80, 0x7F, 0xE3, 0x80, 0x00, 0x0E, 0x01, 0xFF, 0xF0, 0x03, 0xF1, 0xC0, 
    0x00, 0x2E, 0x03, 0xC1, 0xFE, 0x00, 0x79, 0xC0, 0x0F, 0xFF, 0x87, 0x00, 0xFF, 0x00, 0x7D, 0x80, 
    0x1F, 0xEF, 0xFE, 0x00, 0x67, 0x80, 0xEF, 0x80, 0x0C, 0x0D, 0xFE, 0x3C, 0x71, 0xC0, 0xE7, 0x80, 
    0x00, 0x1C, 0x1C, 0xFE, 0x31, 0xC0, 0xC3, 0x80, 0x00, 0x1C, 0x1C, 0xE7, 0x30, 0xC0, 0xC1, 0xC0, 
    0x00, 0x18, 0x19, 0xC7, 0x30, 0xE1, 0xC1, 0xC0, 0x00, 0x18, 0x19, 0x83, 0x30, 0x79, 0xC1, 0xC0, 
    0x00, 0x18, 0x39, 0x83, 0x30, 0x7F, 0xC1, 0x80, 0x00, 0x38, 0x3B, 0x87, 0x30, 0x7F, 0xC1, 0x80, 
    0x00, 0x38, 0x3B, 0x87, 0x70, 0x61, 0xE1, 0x80, 0x00, 0x30, 0x39, 0x8E, 0x70, 0xE3, 0xFB, 0x80, 
    0x00, 0x30, 0x39, 0xFC, 0x60, 0xE3, 0xBF, 0x80, 0x00, 0x30, 0x18, 0xF8, 0xE0, 0xC3, 0x1F, 0x00, 
    0x00, 0x70, 0x18, 0x21, 0xC1, 0xC3, 0x0F, 0x00, 0x00, 0x70, 0x1C, 0x03, 0xC1, 0xC3, 0x07, 0x00, 
    0x00, 0x60, 0x0E, 0x07, 0x83, 0x87, 0x07, 0x00, 0x00, 0x60, 0x07, 0x9F, 0x07, 0x07, 0x07, 0x00, 
    0x00, 0xE0, 0x03, 0xFC, 0x0F, 0x06, 0x06, 0x00, 0x00, 0xE0, 0x01, 0xFE, 0x3E, 0x06, 0x06, 0x00, 
    0x00, 0xE0, 0x00, 0x3F, 0xF8, 0x06, 0x0E, 0x00, 0x00, 0xFF, 0x00, 0x07, 0xE0, 0x0E, 0x0E, 0x00, 
    0x00, 0x7F, 0xF8, 0x00, 0x00, 0x0E, 0x0C, 0x00, 0x00, 0x3F, 0xFF, 0x80, 0x00, 0x0C, 0x0C, 0x00, 
    0x00, 0x1C, 0x1F, 0xFC, 0x00, 0x0C, 0x0C, 0x00, 0x00, 0x0F, 0x01, 0xFF, 0xE0, 0x0C, 0x1C, 0x00, 
    0x00, 0x07, 0x80, 0x0F, 0xFE, 0x1C, 0x1C, 0x00, 0x00, 0x03, 0xF8, 0x00, 0x7F, 0xF8, 0x18, 0x00, 
    0x00, 0x01, 0xFF, 0xC0, 0x07, 0xFC, 0x18, 0x00, 0x00, 0x00, 0x1F, 0xFE, 0x00, 0x3E, 0x18, 0x00, 
    0x00, 0x00, 0x00, 0xFF, 0xF0, 0x0F, 0x38, 0x00, 0x00, 0x00, 0x00, 0x07, 0xFF, 0x03, 0xB8, 0x00, 
    0x00, 0x00, 0x00, 0x00, 0x7F, 0xFB, 0xF0, 0x00, 0x00, 0x00, 0x00, 0x00, 0x03, 0xFF, 0xF0, 0x00, 
    0x00, 0x00, 0x00, 0x00, 0x00, 0x1F, 0xF0, 0x00, 0x00, 0x00, 0x00, 0x00, 0x00, 0x00, 0xE0, 0x00, 
    0x00, 0x00, 0x00, 0x00, 0x00, 0x00, 0x00, 0x00, 0x00, 0x00, 0x00, 0x00, 0x00, 0x00, 0x00, 0x00, 
    0x00, 0x00, 0x00, 0x00, 0x00, 0x00, 0x00, 0x00, 0x00, 0x00, 0x00, 0x00, 0x00, 0x00, 0x00, 0x00, 
    0x00, 0x00, 0x00, 0x00, 0x00, 0x00, 0x00, 0x00, 0x00, 0x00, 0x00, 0x00, 0x00, 0x00, 0x00, 0x00, 
      },
  {
    0x00, 0x00, 0x00, 0x00, 0x00, 0x00, 0x00, 0x00, 0x00, 0x00, 0x00, 0x00, 0x00, 0x00, 0x00, 0x00, 
    0x00, 0x00, 0x00, 0x00, 0x00, 0x00, 0x00, 0x00, 0x00, 0x00, 0x00, 0x00, 0x00, 0x00, 0x00, 0x00, 
    0x00, 0x00, 0x00, 0x00, 0x00, 0x00, 0x00, 0x00, 0x01, 0x80, 0x00, 0x00, 0x00, 0x00, 0x00, 0x00, 
    0x01, 0xC0, 0x00, 0x00, 0x00, 0x00, 0x00, 0x00, 0x00, 0xE0, 0x00, 0x00, 0x00, 0x00, 0x00, 0x00, 
    0x00, 0x70, 0x00, 0x00, 0x00, 0x00, 0x00, 0x00, 0x00, 0x38, 0x03, 0xC0, 0x00, 0x00, 0x00, 0x00, 
    0x00, 0x1C, 0x07, 0xE0, 0x00, 0x00, 0x00, 0x00, 0x00, 0x08, 0x0E, 0x60, 0x03, 0x80, 0x00, 0x00, 
    0x00, 0x01, 0x8C, 0x70, 0x03, 0xFC, 0x00, 0x00, 0x38, 0x03, 0xFC, 0x70, 0x07, 0xFF, 0xC0, 0x00, 
    0x3F, 0x03, 0xFF, 0xF0, 0x06, 0x0F, 0xE0, 0x00, 0x0F, 0xC3, 0x1F, 0xFE, 0x06, 0x01, 0xF0, 0x00, 
    0x03, 0xC7, 0x00, 0xFF, 0xE6, 0x01, 0xF8, 0x00, 0x00, 0x07, 0x00, 0x07, 0xFF, 0x01, 0xDC, 0x00, 
    0x00, 0x06, 0x20, 0x00, 0x7F, 0xF9, 0x8E, 0x00, 0x00, 0x06, 0x70, 0x3E, 0x03, 0xFF, 0xC7, 0x00, 
    0x00, 0x06, 0x20, 0xFF, 0xC0, 0x1F, 0xE3, 0x80, 0x00, 0x0E, 0x01, 0xFF, 0xF8, 0x01, 0xF1, 0xC0, 
    0x00, 0xCE, 0x03, 0x81, 0xFE, 0x00, 0x79, 0x80, 0x1F, 0xEF, 0xE7, 0x00, 0xFF, 0x00, 0xFD, 0x80, 
    0x1F, 0xCF, 0xFE, 0x00, 0x63, 0x80, 0xEF, 0x80, 0x00, 0x0C, 0x7C, 0x7C, 0x71, 0xC0, 0xC7, 0x80, 
    0x00, 0x1C, 0x1C, 0xFE, 0x30, 0xC0, 0xC3, 0x80, 0x00, 0x1C, 0x19, 0xE7, 0x30, 0xE0, 0xC1, 0xC0, 
    0x00, 0x18, 0x19, 0xC7, 0x30, 0xE1, 0xC1, 0xC0, 0x00, 0x18, 0x39, 0x83, 0x30, 0x7F, 0xC1, 0xC0, 
    0x00, 0x18, 0x3B, 0x83, 0x30, 0x7F, 0xC1, 0x80, 0x00, 0x38, 0x3B, 0x87, 0x30, 0x67, 0xE1, 0x80, 
    0x00, 0x38, 0x39, 0x86, 0x70, 0x61, 0xF3, 0x80, 0x00, 0x30, 0x39, 0xCE, 0x60, 0xE3, 0xFB, 0x80, 
    0x00, 0x30, 0x39, 0xFC, 0xE0, 0xE3, 0xBF, 0x80, 0x00, 0x70, 0x18, 0xF8, 0xE0, 0xC3, 0x0F, 0x00, 
    0x00, 0x70, 0x1C, 0x01, 0xC1, 0xC3, 0x07, 0x00, 0x00, 0x60, 0x0C, 0x03, 0x81, 0x83, 0x07, 0x00, 
    0x00, 0x60, 0x0E, 0x07, 0x03, 0x87, 0x07, 0x00, 0x00, 0x60, 0x07, 0xFE, 0x07, 0x07, 0x06, 0x00, 
    0x00, 0xE0, 0x03, 0xFC, 0x0E, 0x06, 0x06, 0x00, 0x00, 0xE0, 0x00, 0xFF, 0xFC, 0x06, 0x06, 0x00, 
    0x00, 0xF8, 0x00, 0x1F, 0xF8, 0x0E, 0x0E, 0x00, 0x00, 0xFF, 0x80, 0x03, 0xE0, 0x0E, 0x0E, 0x00, 
    0x00, 0x7F, 0xFC, 0x00, 0x00, 0x0C, 0x0C, 0x00, 0x00, 0x3D, 0xFF, 0xE0, 0x00, 0x0C, 0x0C, 0x00, 
    0x00, 0x1E, 0x0F, 0xFE, 0x00, 0x0C, 0x0C, 0x00, 0x00, 0x0F, 0x00, 0x7F, 0xF0, 0x1C, 0x1C, 0x00, 
    0x00, 0x07, 0x80, 0x07, 0xFF, 0x9C, 0x1C, 0x00, 0x00, 0x03, 0xFC, 0x00, 0x3F, 0xF8, 0x18, 0x00, 
    0x00, 0x00, 0xFF, 0xE0, 0x01, 0xFC, 0x18, 0x00, 0x00, 0x00, 0x0F, 0xFF, 0x00, 0x1E, 0x18, 0x00, 
    0x00, 0x00, 0x00, 0x7F, 0xF8, 0x07, 0x38, 0x00, 0x00, 0x00, 0x00, 0x03, 0xFF, 0xC3, 0xB8, 0x00, 
    0x00, 0x00, 0x00, 0x00, 0x1F, 0xFF, 0xF0, 0x00, 0x00, 0x00, 0x00, 0x00, 0x00, 0xFF, 0xF0, 0x00, 
    0x00, 0x00, 0x00, 0x00, 0x00, 0x07, 0xF0, 0x00, 0x00, 0x00, 0x00, 0x00, 0x00, 0x00, 0x20, 0x00, 
    0x00, 0x00, 0x00, 0x00, 0x00, 0x00, 0x00, 0x00, 0x00, 0x00, 0x00, 0x00, 0x00, 0x00, 0x00, 0x00, 
    0x00, 0x00, 0x00, 0x00, 0x00, 0x00, 0x00, 0x00, 0x00, 0x00, 0x00, 0x00, 0x00, 0x00, 0x00, 0x00, 
    0x00, 0x00, 0x00, 0x00, 0x00, 0x00, 0x00, 0x00, 0x00, 0x00, 0x00, 0x00, 0x00, 0x00, 0x00, 0x00, 
      },
  {
    0x00, 0x00, 0x00, 0x00, 0x00, 0x00, 0x00, 0x00, 0x00, 0x00, 0x00, 0x00, 0x00, 0x00, 0x00, 0x00, 
    0x00, 0x00, 0x00, 0x00, 0x00, 0x00, 0x00, 0x00, 0x00, 0x00, 0x00, 0x00, 0x00, 0x00, 0x00, 0x00, 
    0x03, 0x80, 0x00, 0x00, 0x00, 0x00, 0x00, 0x00, 0x01, 0xC0, 0x00, 0x00, 0x00, 0x00, 0x00, 0x00, 
    0x01, 0xE0, 0x00, 0x00, 0x00, 0x00, 0x00, 0x00, 0x00, 0xF0, 0x00, 0x00, 0x00, 0x00, 0x00, 0x00, 
    0x00, 0x78, 0x01, 0x80, 0x00, 0x00, 0x00, 0x00, 0x00, 0x38, 0x07, 0xE0, 0x00, 0x00, 0x00, 0x00, 
    0x00, 0x10, 0x0F, 0xE0, 0x00, 0x00, 0x00, 0x00, 0x00, 0x00, 0x0C, 0x70, 0x03, 0xE0, 0x00, 0x00, 
    0x20, 0x03, 0xCC, 0x70, 0x07, 0xFF, 0x00, 0x00, 0x3C, 0x03, 0xFE, 0x70, 0x07, 0x7F, 0xC0, 0x00, 
    0x3F, 0x83, 0xFF, 0xF0, 0x06, 0x03, 0xE0, 0x00, 0x07, 0x83, 0x07, 0xFF, 0x06, 0x00, 0xF0, 0x00, 
    0x01, 0x07, 0x00, 0x3F, 0xFE, 0x01, 0xF8, 0x00, 0x00, 0x07, 0x00, 0x03, 0xFF, 0xC1, 0x9C, 0x00, 
    0x00, 0x06, 0x60, 0x00, 0x1F, 0xFD, 0x8F, 0x00, 0x00, 0x06, 0x60, 0x7F, 0x00, 0xFF, 0xE7, 0x80, 
    0x00, 0x06, 0x00, 0xFF, 0xE0, 0x0F, 0xF3, 0xC0, 0x00, 0x0E, 0x03, 0xE3, 0xFC, 0x00, 0xF9, 0xC0, 
    0x03, 0xCF, 0x03, 0x80, 0xFF, 0x00, 0x7D, 0x80, 0x3F, 0xCF, 0xFF, 0x00, 0x6F, 0x80, 0xFF, 0x80, 
    0x3F, 0x0F, 0xFE, 0x38, 0x73, 0x80, 0xEF, 0x80, 0x00, 0x1C, 0x3C, 0x7E, 0x71, 0xC0, 0xC7, 0x80, 
    0x00, 0x1C, 0x1C, 0xFE, 0x30, 0xC0, 0xC3, 0x80, 0x00, 0x18, 0x19, 0xC7, 0x30, 0xE0, 0xC1, 0xC0, 
    0x00, 0x18, 0x19, 0x83, 0x30, 0xF1, 0xC1, 0xC0, 0x00, 0x18, 0x39, 0x83, 0x30, 0x7F, 0xC1, 0x80, 
    0x00, 0x38, 0x3B, 0x87, 0x30, 0x7F, 0xC1, 0x80, 0x00, 0x38, 0x3B, 0x87, 0x70, 0x63, 0xE1, 0x80, 
    0x00, 0x30, 0x39, 0x86, 0x70, 0x61, 0xF3, 0x80, 0x00, 0x30, 0x39, 0xDE, 0x60, 0xE3, 0xBB, 0x80, 
    0x00, 0x30, 0x18, 0xFC, 0xE0, 0xC3, 0x9F, 0x00, 0x00, 0x70, 0x18, 0x70, 0xC0, 0xC3, 0x0F, 0x00, 
    0x00, 0x70, 0x1C, 0x01, 0xC1, 0xC3, 0x07, 0x00, 0x00, 0x60, 0x0E, 0x03, 0x81, 0x87, 0x07, 0x00, 
    0x00, 0x60, 0x0F, 0x0F, 0x03, 0x87, 0x07, 0x00, 0x00, 0x60, 0x07, 0xFE, 0x07, 0x06, 0x06, 0x00, 
    0x00, 0xE0, 0x01, 0xFC, 0x1E, 0x06, 0x06, 0x00, 0x00, 0xE0, 0x00, 0x7F, 0xFC, 0x06, 0x06, 0x00, 
    0x00, 0xFC, 0x00, 0x0F, 0xF0, 0x0E, 0x0E, 0x00, 0x00, 0xFF, 0xE0, 0x00, 0x00, 0x0E, 0x0E, 0x00, 
    0x00, 0x3F, 0xFF, 0x00, 0x00, 0x0C, 0x0C, 0x00, 0x00, 0x1C, 0x7F, 0xF0, 0x00, 0x0C, 0x0C, 0x00, 
    0x00, 0x0E, 0x03, 0xFF, 0x80, 0x0C, 0x0C, 0x00, 0x00, 0x07, 0x00, 0x3F, 0xFC, 0x1C, 0x1C, 0x00, 
    0x00, 0x03, 0xE0, 0x01, 0xFF, 0xDC, 0x1C, 0x00, 0x00, 0x01, 0xFF, 0x00, 0x0F, 0xF8, 0x18, 0x00, 
    0x00, 0x00, 0x7F, 0xF8, 0x00, 0xFC, 0x18, 0x00, 0x00, 0x00, 0x03, 0xFF, 0xC0, 0x0E, 0x38, 0x00, 
    0x00, 0x00, 0x00, 0x1F, 0xFE, 0x07, 0xB8, 0x00, 0x00, 0x00, 0x00, 0x00, 0xFF, 0xF3, 0xF0, 0x00, 
    0x00, 0x00, 0x00, 0x00, 0x07, 0xFF, 0xF0, 0x00, 0x00, 0x00, 0x00, 0x00, 0x00, 0x7F, 0xF0, 0x00, 
    0x00, 0x00, 0x00, 0x00, 0x00, 0x03, 0xF0, 0x00, 0x00, 0x00, 0x00, 0x00, 0x00, 0x00, 0x00, 0x00, 
    0x00, 0x00, 0x00, 0x00, 0x00, 0x00, 0x00, 0x00, 0x00, 0x00, 0x00, 0x00, 0x00, 0x00, 0x00, 0x00, 
    0x00, 0x00, 0x00, 0x00, 0x00, 0x00, 0x00, 0x00, 0x00, 0x00, 0x00, 0x00, 0x00, 0x00, 0x00, 0x00, 
    0x00, 0x00, 0x00, 0x00, 0x00, 0x00, 0x00, 0x00, 0x00, 0x00, 0x00, 0x00, 0x00, 0x00, 0x00, 0x00, 
      },
  {
    0x00, 0x00, 0x00, 0x00, 0x00, 0x00, 0x00, 0x00, 0x00, 0x00, 0x00, 0x00, 0x00, 0x00, 0x00, 0x00, 
    0x00, 0x00, 0x00, 0x00, 0x00, 0x00, 0x00, 0x00, 0x03, 0x00, 0x00, 0x00, 0x00, 0x00, 0x00, 0x00, 
    0x03, 0x80, 0x00, 0x00, 0x00, 0x00, 0x00, 0x00, 0x01, 0xC0, 0x00, 0x00, 0x00, 0x00, 0x00, 0x00, 
    0x00, 0xE0, 0x00, 0x00, 0x00, 0x00, 0x00, 0x00, 0x00, 0x70, 0x00, 0x00, 0x00, 0x00, 0x00, 0x00, 
    0x00, 0x30, 0x03, 0xC0, 0x00, 0x00, 0x00, 0x00, 0x00, 0x00, 0x07, 0xE0, 0x00, 0x00, 0x00, 0x00, 
    0x00, 0x00, 0x0E, 0x60, 0x03, 0x00, 0x00, 0x00, 0x00, 0x00, 0x0C, 0x70, 0x03, 0xF8, 0x00, 0x00, 
    0x70, 0x03, 0xFC, 0x70, 0x07, 0xFF, 0x80, 0x00, 0x7E, 0x03, 0xFF, 0xF0, 0x07, 0x1F, 0xE0, 0x00, 
    0x1F, 0x03, 0x3F, 0xF8, 0x06, 0x01, 0xF0, 0x00, 0x03, 0x07, 0x01, 0xFF, 0xC6, 0x01, 0xF8, 0x00, 
    0x00, 0x07, 0x00, 0x1F, 0xFE, 0x01, 0xFC, 0x00, 0x00, 0x06, 0x00, 0x00, 0xFF, 0xE1, 0x9E, 0x00, 
    0x00, 0x06, 0x60, 0x08, 0x07, 0xFF, 0x8F, 0x00, 0x00, 0x06, 0x60, 0x7F, 0x80, 0x7F, 0xE3, 0x80, 
    0x00, 0x0E, 0x01, 0xFF, 0xF0, 0x03, 0xF1, 0xC0, 0x00, 0x0E, 0x03, 0xC1, 0xFE, 0x00, 0x79, 0xC0, 
    0x1F, 0x8F, 0x87, 0x00, 0xFF, 0x00, 0x7D, 0x80, 0x3F, 0x8F, 0xFE, 0x00, 0x67, 0x80, 0xEF, 0x80, 
    0x3C, 0x0D, 0xFE, 0x3C, 0x71, 0xC0, 0xE7, 0x80, 0x00, 0x1C, 0x1C, 0xFE, 0x31, 0xC0, 0xC3, 0x80, 
    0x00, 0x1C, 0x1C, 0xE7, 0x30, 0xC0, 0xC1, 0xC0, 0x00, 0x18, 0x19, 0xC7, 0x30, 0xE1, 0xC1, 0xC0, 
    0x00, 0x18, 0x19, 0x83, 0x30, 0x79, 0xC1, 0xC0, 0x00, 0x18, 0x39, 0x83, 0x30, 0x7F, 0xC1, 0x80, 
    0x00, 0x38, 0x3B, 0x87, 0x30, 0x7F, 0xC1, 0x80, 0x00, 0x38, 0x3B, 0x87, 0x70, 0x61, 0xE1, 0x80, 
    0x00, 0x30, 0x39, 0x8E, 0x70, 0xE3, 0xFB, 0x80, 0x00, 0x30, 0x39, 0xFC, 0x60, 0xE3, 0xBF, 0x80, 
    0x00, 0x30, 0x18, 0xF8, 0xE0, 0xC3, 0x1F, 0x00, 0x00, 0x70, 0x18, 0x21, 0xC1, 0xC3, 0x0F, 0x00, 
    0x00, 0x70, 0x1C, 0x03, 0xC1, 0xC3, 0x07, 0x00, 0x00, 0x60, 0x0E, 0x07, 0x83, 0x87, 0x07, 0x00, 
    0x00, 0x60, 0x07, 0x9F, 0x07, 0x07, 0x07, 0x00, 0x00, 0xE0, 0x03, 0xFC, 0x0F, 0x06, 0x06, 0x00, 
    0x00, 0xE0, 0x01, 0xFE, 0x3E, 0x06, 0x06, 0x00, 0x00, 0xE0, 0x00, 0x3F, 0xF8, 0x06, 0x0E, 0x00, 
    0x00, 0xFF, 0x00, 0x07, 0xE0, 0x0E, 0x0E, 0x00, 0x00, 0x7F, 0xF8, 0x00, 0x00, 0x0E, 0x0C, 0x00, 
    0x00, 0x3F, 0xFF, 0x80, 0x00, 0x0C, 0x0C, 0x00, 0x00, 0x1C, 0x1F, 0xFC, 0x00, 0x0C, 0x0C, 0x00, 
    0x00, 0x0F, 0x01, 0xFF, 0xE0, 0x0C, 0x1C, 0x00, 0x00, 0x07, 0x80, 0x0F, 0xFE, 0x1C, 0x1C, 0x00, 
    0x00, 0x03, 0xF8, 0x00, 0x7F, 0xF8, 0x18, 0x00, 0x00, 0x01, 0xFF, 0xC0, 0x07, 0xFC, 0x18, 0x00, 
    0x00, 0x00, 0x1F, 0xFE, 0x00, 0x3E, 0x18, 0x00, 0x00, 0x00, 0x00, 0xFF, 0xF0, 0x0F, 0x38, 0x00, 
    0x00, 0x00, 0x00, 0x07, 0xFF, 0x03, 0xB8, 0x00, 0x00, 0x00, 0x00, 0x00, 0x3F, 0xFB, 0xF0, 0x00, 
    0x00, 0x00, 0x00, 0x00, 0x03, 0xFF, 0xF0, 0x00, 0x00, 0x00, 0x00, 0x00, 0x00, 0x1F, 0xF0, 0x00, 
    0x00, 0x00, 0x00, 0x00, 0x00, 0x00, 0xE0, 0x00, 0x00, 0x00, 0x00, 0x00, 0x00, 0x00, 0x00, 0x00, 
    0x00, 0x00, 0x00, 0x00, 0x00, 0x00, 0x00, 0x00, 0x00, 0x00, 0x00, 0x00, 0x00, 0x00, 0x00, 0x00, 
    0x00, 0x00, 0x00, 0x00, 0x00, 0x00, 0x00, 0x00, 0x00, 0x00, 0x00, 0x00, 0x00, 0x00, 0x00, 0x00, 
    0x00, 0x00, 0x00, 0x00, 0x00, 0x00, 0x00, 0x00, 0x00, 0x00, 0x00, 0x00, 0x00, 0x00, 0x00, 0x00, 
      },
  {
    0x00, 0x00, 0x00, 0x00, 0x00, 0x00, 0x00, 0x00, 0x00, 0x00, 0x00, 0x00, 0x00, 0x00, 0x00, 0x00, 
    0x00, 0x00, 0x00, 0x00, 0x00, 0x00, 0x00, 0x00, 0x03, 0x00, 0x00, 0x00, 0x00, 0x00, 0x00, 0x00, 
    0x03, 0xC0, 0x00, 0x00, 0x00, 0x00, 0x00, 0x00, 0x01, 0xE0, 0x00, 0x00, 0x00, 0x00, 0x00, 0x00, 
    0x00, 0xE0, 0x00, 0x00, 0x00, 0x00, 0x00, 0x00, 0x00, 0x70, 0x01, 0x80, 0x00, 0x00, 0x00, 0x00, 
    0x00, 0x00, 0x07, 0xC0, 0x00, 0x00, 0x00, 0x00, 0x00, 0x00, 0x0F, 0xE0, 0x00, 0x00, 0x00, 0x00, 
    0x00, 0x00, 0x0E, 0x70, 0x03, 0xC0, 0x00, 0x00, 0x00, 0x01, 0x8C, 0x70, 0x07, 0xFE, 0x00, 0x00, 
    0x78, 0x03, 0xFC, 0x70, 0x07, 0xFF, 0xC0, 0x00, 0x7E, 0x03, 0xFF, 0xF0, 0x06, 0x07, 0xE0, 0x00, 
    0x0E, 0x03, 0x0F, 0xFE, 0x06, 0x00, 0xF0, 0x00, 0x00, 0x07, 0x00, 0xFF, 0xF6, 0x01, 0xF8, 0x00, 
    0x00, 0x07, 0x00, 0x07, 0xFF, 0x01, 0xDC, 0x00, 0x00, 0x06, 0x20, 0x00, 0x3F, 0xF9, 0x8E, 0x00, 
    0x00, 0x06, 0x70, 0x3E, 0x03, 0xFF, 0xC7, 0x00, 0x00, 0x06, 0x20, 0xFF, 0xC0, 0x1F, 0xE3, 0x80, 
    0x00, 0x0E, 0x01, 0xF7, 0xF8, 0x00, 0xF1, 0xC0, 0x00, 0x0E, 0x03, 0x81, 0xFE, 0x00, 0x79, 0x80, 
    0x3F, 0x0F, 0xE7, 0x00, 0xEF, 0x00, 0xFD, 0x80, 0x3F, 0x0F, 0xFE, 0x00, 0x63, 0x80, 0xEF, 0x80, 
    0x00, 0x0C, 0x7C, 0x7C, 0x71, 0xC0, 0xC7, 0x80, 0x00, 0x1C, 0x1C, 0xFE, 0x30, 0xC0, 0xC3, 0x80, 
    0x00, 0x1C, 0x19, 0xC7, 0x30, 0xE0, 0xC1, 0xC0, 0x00, 0x18, 0x19, 0xC3, 0x30, 0xE1, 0xC1, 0xC0, 
    0x00, 0x18, 0x39, 0x83, 0x30, 0x7F, 0xC1, 0xC0, 0x00, 0x38, 0x3B, 0x83, 0x30, 0x7F, 0xC1, 0x80, 
    0x00, 0x38, 0x3B, 0x87, 0x30, 0x67, 0xE1, 0x80, 0x00, 0x30, 0x39, 0x86, 0x70, 0x61, 0xF3, 0x80, 
    0x00, 0x30, 0x39, 0xCE, 0x60, 0xE3, 0xBB, 0x80, 0x00, 0x30, 0x39, 0xFC, 0xE0, 0xE3, 0x9F, 0x00, 
    0x00, 0x70, 0x18, 0xF8, 0xE0, 0xC3, 0x0F, 0x00, 0x00, 0x70, 0x1C, 0x01, 0xC1, 0xC3, 0x07, 0x00, 
    0x00, 0x60, 0x0C, 0x03, 0x81, 0x83, 0x07, 0x00, 0x00, 0x60, 0x0E, 0x07, 0x03, 0x87, 0x07, 0x00, 
    0x00, 0x60, 0x07, 0xFE, 0x07, 0x07, 0x06, 0x00, 0x00, 0xE0, 0x03, 0xFC, 0x0E, 0x06, 0x06, 0x00, 
    0x00, 0xE0, 0x00, 0xFF, 0xFC, 0x06, 0x06, 0x00, 0x00, 0xF8, 0x00, 0x0F, 0xF8, 0x0E, 0x0E, 0x00, 
    0x00, 0xFF, 0xC0, 0x01, 0xC0, 0x0E, 0x0E, 0x00, 0x00, 0x7F, 0xFC, 0x00, 0x00, 0x0C, 0x0C, 0x00, 
    0x00, 0x3C, 0xFF, 0xE0, 0x00, 0x0C, 0x0C, 0x00, 0x00, 0x1E, 0x0F, 0xFF, 0x00, 0x0C, 0x0C, 0x00, 
    0x00, 0x0F, 0x00, 0x7F, 0xF0, 0x1C, 0x1C, 0x00, 0x00, 0x07, 0xC0, 0x03, 0xFF, 0x9C, 0x1C, 0x00, 
    0x00, 0x01, 0xFE, 0x00, 0x3F, 0xF8, 0x18, 0x00, 0x00, 0x00, 0xFF, 0xF0, 0x01, 0xFC, 0x18, 0x00, 
    0x00, 0x00, 0x07, 0xFF, 0x80, 0x0E, 0x18, 0x00, 0x00, 0x00, 0x00, 0x3F, 0xF8, 0x07, 0x38, 0x00, 
    0x00, 0x00, 0x00, 0x03, 0xFF, 0xC3, 0xB8, 0x00, 0x00, 0x00, 0x00, 0x00, 0x1F, 0xFF, 0xF0, 0x00, 
    0x00, 0x00, 0x00, 0x00, 0x00, 0xFF, 0xF0, 0x00, 0x00, 0x00, 0x00, 0x00, 0x00, 0x07, 0xF0, 0x00, 
    0x00, 0x00, 0x00, 0x00, 0x00, 0x00, 0x20, 0x00, 0x00, 0x00, 0x00, 0x00, 0x00, 0x00, 0x00, 0x00, 
    0x00, 0x00, 0x00, 0x00, 0x00, 0x00, 0x00, 0x00, 0x00, 0x00, 0x00, 0x00, 0x00, 0x00, 0x00, 0x00, 
    0x00, 0x00, 0x00, 0x00, 0x00, 0x00, 0x00, 0x00, 0x00, 0x00, 0x00, 0x00, 0x00, 0x00, 0x00, 0x00, 
    0x00, 0x00, 0x00, 0x00, 0x00, 0x00, 0x00, 0x00, 0x00, 0x00, 0x00, 0x00, 0x00, 0x00, 0x00, 0x00, 
      },
  {
    0x00, 0x00, 0x00, 0x00, 0x00, 0x00, 0x00, 0x00, 0x00, 0x00, 0x00, 0x00, 0x00, 0x00, 0x00, 0x00, 
    0x03, 0x00, 0x00, 0x00, 0x00, 0x00, 0x00, 0x00, 0x03, 0x80, 0x00, 0x00, 0x00, 0x00, 0x00, 0x00, 
    0x01, 0xC0, 0x00, 0x00, 0x00, 0x00, 0x00, 0x00, 0x00, 0xE0, 0x00, 0x00, 0x00, 0x00, 0x00, 0x00, 
    0x00, 0x60, 0x00, 0x00, 0x00, 0x00, 0x00, 0x00, 0x00, 0x00, 0x03, 0xC0, 0x00, 0x00, 0x00, 0x00, 
    0x00, 0x00, 0x07, 0xE0, 0x00, 0x00, 0x00, 0x00, 0x00, 0x00, 0x0E, 0x70, 0x00, 0x00, 0x00, 0x00, 
    0x00, 0x00, 0x0C, 0x70, 0x03, 0xE0, 0x00, 0x00, 0x60, 0x03, 0xFC, 0x30, 0x07, 0xFF, 0x00, 0x00, 
    0x7C, 0x03, 0xFE, 0x70, 0x07, 0x7F, 0xC0, 0x00, 0x3E, 0x03, 0xFF, 0xF0, 0x06, 0x03, 0xE0, 0x00, 
    0x04, 0x03, 0x07, 0xFF, 0x86, 0x00, 0xF0, 0x00, 0x00, 0x07, 0x00, 0x3F, 0xFE, 0x01, 0xFC, 0x00, 
    0x00, 0x07, 0x00, 0x01, 0xFF, 0xC1, 0x9E, 0x00, 0x00, 0x06, 0x60, 0x00, 0x1F, 0xFF, 0x8F, 0x00, 
    0x00, 0x06, 0x60, 0x7F, 0x00, 0xFF, 0xE7, 0x80, 0x00, 0x06, 0x01, 0xFF, 0xE0, 0x07, 0xF3, 0xC0, 
    0x00, 0x0E, 0x03, 0xC3, 0xFC, 0x00, 0x79, 0xC0, 0x06, 0x0F, 0x07, 0x80, 0xFF, 0x00, 0x7D, 0x80, 
    0x3E, 0x0F, 0xFF, 0x00, 0x67, 0x80, 0xFF, 0x80, 0x3E, 0x0F, 0xFE, 0x38, 0x73, 0x80, 0xEF, 0x80, 
    0x00, 0x1C, 0x1C, 0x7E, 0x71, 0xC0, 0xC7, 0x80, 0x00, 0x1C, 0x1C, 0xFE, 0x30, 0xC0, 0xC3, 0xC0, 
    0x00, 0x18, 0x19, 0xC7, 0x30, 0xE0, 0xC1, 0xC0, 0x00, 0x18, 0x19, 0x83, 0x30, 0xF1, 0xC1, 0xC0, 
    0x00, 0x18, 0x39, 0x83, 0x30, 0x7F, 0xC1, 0x80, 0x00, 0x38, 0x3B, 0x87, 0x30, 0x7F, 0xC1, 0x80, 
    0x00, 0x38, 0x3B, 0x87, 0x70, 0x63, 0xE1, 0x80, 0x00, 0x30, 0x39, 0x8E, 0x70, 0x61, 0xF3, 0x80, 
    0x00, 0x30, 0x39, 0xFE, 0x60, 0xE3, 0xBB, 0x80, 0x00, 0x30, 0x18, 0xFC, 0xE0, 0xC3, 0x1F, 0x00, 
    0x00, 0x70, 0x18, 0x70, 0xC0, 0xC3, 0x0F, 0x00, 0x00, 0x70, 0x1C, 0x01, 0xC1, 0xC3, 0x07, 0x00, 
    0x00, 0x60, 0x0E, 0x03, 0x83, 0x87, 0x07, 0x00, 0x00, 0x60, 0x0F, 0x0F, 0x03, 0x87, 0x07, 0x00, 
    0x00, 0x60, 0x07, 0xFE, 0x0F, 0x06, 0x06, 0x00, 0x00, 0xE0, 0x01, 0xFC, 0x1E, 0x06, 0x06, 0x00, 
    0x00, 0xE0, 0x00, 0x3F, 0xFC, 0x06, 0x06, 0x00, 0x00, 0xFE, 0x00, 0x07, 0xF0, 0x0E, 0x0E, 0x00, 
    0x00, 0x7F, 0xE0, 0x00, 0x00, 0x0E, 0x0E, 0x00, 0x00, 0x3F, 0xFF, 0x00, 0x00, 0x0C, 0x0C, 0x00, 
    0x00, 0x1C, 0x7F, 0xF8, 0x00, 0x0C, 0x0C, 0x00, 0x00, 0x0E, 0x03, 0xFF, 0x80, 0x0C, 0x1C, 0x00, 
    0x00, 0x07, 0x00, 0x1F, 0xFC, 0x1C, 0x1C, 0x00, 0x00, 0x03, 0xF0, 0x01, 0xFF, 0xFC, 0x18, 0x00, 
    0x00, 0x01, 0xFF, 0x80, 0x0F, 0xFC, 0x18, 0x00, 0x00, 0x00, 0x3F, 0xF8, 0x00, 0x7C, 0x18, 0x00, 
    0x00, 0x00, 0x01, 0xFF, 0xC0, 0x0F, 0x38, 0x00, 0x00, 0x00, 0x00, 0x1F, 0xFE, 0x07, 0xB8, 0x00, 
    0x00, 0x00, 0x00, 0x00, 0xFF, 0xF3, 0xF0, 0x00, 0x00, 0x00, 0x00, 0x00, 0x07, 0xFF, 0xF0, 0x00, 
    0x00, 0x00, 0x00, 0x00, 0x00, 0x3F, 0xF0, 0x00, 0x00, 0x00, 0x00, 0x00, 0x00, 0x01, 0xF0, 0x00, 
    0x00, 0x00, 0x00, 0x00, 0x00, 0x00, 0x00, 0x00, 0x00, 0x00, 0x00, 0x00, 0x00, 0x00, 0x00, 0x00, 
    0x00, 0x00, 0x00, 0x00, 0x00, 0x00, 0x00, 0x00, 0x00, 0x00, 0x00, 0x00, 0x00, 0x00, 0x00, 0x00, 
    0x00, 0x00, 0x00, 0x00, 0x00, 0x00, 0x00, 0x00, 0x00, 0x00, 0x00, 0x00, 0x00, 0x00, 0x00, 0x00, 
    0x00, 0x00, 0x00, 0x00, 0x00, 0x00, 0x00, 0x00, 0x00, 0x00, 0x00, 0x00, 0x00, 0x00, 0x00, 0x00, 
      },
  {
    0x00, 0x00, 0x00, 0x00, 0x00, 0x00, 0x00, 0x00, 0x00, 0x00, 0x00, 0x00, 0x00, 0x00, 0x00, 0x00, 
    0x03, 0x00, 0x00, 0x00, 0x00, 0x00, 0x00, 0x00, 0x03, 0x80, 0x00, 0x00, 0x00, 0x00, 0x00, 0x00, 
    0x01, 0xC0, 0x00, 0x00, 0x00, 0x00, 0x00, 0x00, 0x00, 0xC0, 0x00, 0x00, 0x00, 0x00, 0x00, 0x00, 
    0x00, 0x00, 0x01, 0x00, 0x00, 0x00, 0x00, 0x00, 0x00, 0x00, 0x07, 0xC0, 0x00, 0x00, 0x00, 0x00, 
    0x00, 0x00, 0x0F, 0xE0, 0x00, 0x00, 0x00, 0x00, 0x00, 0x00, 0x0E, 0x70, 0x03, 0x00, 0x00, 0x00, 
    0x00, 0x00, 0x0C, 0x30, 0x03, 0xF8, 0x00, 0x00, 0x70, 0x03, 0xFC, 0x70, 0x07, 0xFF, 0x80, 0x00, 
    0x7C, 0x03, 0xFF, 0xF0, 0x07, 0x1F, 0xE0, 0x00, 0x1C, 0x03, 0x3F, 0xFC, 0x06, 0x01, 0xF0, 0x00, 
    0x00, 0x07, 0x01, 0xFF, 0xC6, 0x01, 0xF8, 0x00, 0x00, 0x07, 0x00, 0x1F, 0xFE, 0x01, 0xFC, 0x00, 
    0x00, 0x06, 0x00, 0x00, 0xFF, 0xF1, 0x9E, 0x00, 0x00, 0x06, 0x60, 0x1C, 0x07, 0xFF, 0x87, 0x00, 
    0x00, 0x06, 0x60, 0xFF, 0x80, 0x3F, 0xE3, 0x80, 0x00, 0x0E, 0x01, 0xFF, 0xF0, 0x03, 0xF1, 0xC0, 
    0x00, 0x0E, 0x03, 0xC1, 0xFE, 0x00, 0x79, 0xC0, 0x1C, 0x0F, 0xC7, 0x00, 0xFF, 0x00, 0xFD, 0x80, 
    0x7E, 0x0F, 0xFE, 0x00, 0x67, 0x80, 0xEF, 0x80, 0x38, 0x0C, 0xFE, 0x3C, 0x71, 0xC0, 0xE7, 0x80, 
    0x00, 0x1C, 0x1C, 0xFE, 0x31, 0xC0, 0xC3, 0x80, 0x00, 0x1C, 0x1C, 0xE7, 0x30, 0xC0, 0xC1, 0xC0, 
    0x00, 0x18, 0x19, 0xC7, 0x30, 0xE1, 0xC1, 0xC0, 0x00, 0x18, 0x19, 0x83, 0x30, 0x7D, 0xC1, 0xC0, 
    0x00, 0x18, 0x3B, 0x83, 0x30, 0x7F, 0xC1, 0x80, 0x00, 0x38, 0x3B, 0x87, 0x30, 0x6F, 0xC1, 0x80, 
    0x00, 0x38, 0x39, 0x87, 0x70, 0x61, 0xF1, 0x80, 0x00, 0x30, 0x39, 0x8E, 0x60, 0xE3, 0xFB, 0x80, 
    0x00, 0x30, 0x39, 0xFC, 0x60, 0xE3, 0xBF, 0x80, 0x00, 0x30, 0x18, 0xF8, 0xE0, 0xC3, 0x1F, 0x00, 
    0x00, 0x70, 0x18, 0x21, 0xC1, 0xC3, 0x0F, 0x00, 0x00, 0x70, 0x1C, 0x03, 0xC1, 0xC3, 0x07, 0x00, 
    0x00, 0x60, 0x0E, 0x07, 0x83, 0x87, 0x07, 0x00, 0x00, 0x60, 0x07, 0x9F, 0x07, 0x07, 0x07, 0x00, 
    0x00, 0xE0, 0x03, 0xFC, 0x0F, 0x06, 0x06, 0x00, 0x00, 0xE0, 0x01, 0xFE, 0x3E, 0x06, 0x06, 0x00, 
    0x00, 0xF0, 0x00, 0x1F, 0xF8, 0x06, 0x0E, 0x00, 0x00, 0xFF, 0x00, 0x03, 0xE0, 0x0E, 0x0E, 0x00, 
    0x00, 0x7F, 0xF8, 0x00, 0x00, 0x0E, 0x0C, 0x00, 0x00, 0x3D, 0xFF, 0xC0, 0x00, 0x0C, 0x0C, 0x00, 
    0x00, 0x1C, 0x1F, 0xFC, 0x00, 0x0C, 0x0C, 0x00, 0x00, 0x0F, 0x00, 0xFF, 0xE0, 0x1C, 0x1C, 0x00, 
    0x00, 0x07, 0x80, 0x0F, 0xFF, 0x1C, 0x1C, 0x00, 0x00, 0x03, 0xF8, 0x00, 0x7F, 0xF8, 0x18, 0x00, 
    0x00, 0x01, 0xFF, 0xC0, 0x03, 0xFC, 0x18, 0x00, 0x00, 0x00, 0x1F, 0xFE, 0x00, 0x3E, 0x18, 0x00, 
    0x00, 0x00, 0x00, 0xFF, 0xF0, 0x0F, 0x38, 0x00, 0x00, 0x00, 0x00, 0x07, 0xFF, 0x83, 0xB8, 0x00, 
    0x00, 0x00, 0x00, 0x00, 0x3F, 0xFB, 0xF0, 0x00, 0x00, 0x00, 0x00, 0x00, 0x01, 0xFF, 0xF0, 0x00, 
    0x00, 0x00, 0x00, 0x00, 0x00, 0x0F, 0xF0, 0x00, 0x00, 0x00, 0x00, 0x00, 0x00, 0x00, 0xE0, 0x00, 
    0x00, 0x00, 0x00, 0x00, 0x00, 0x00, 0x00, 0x00, 0x00, 0x00, 0x00, 0x00, 0x00, 0x00, 0x00, 0x00, 
    0x00, 0x00, 0x00, 0x00, 0x00, 0x00, 0x00, 0x00, 0x00, 0x00, 0x00, 0x00, 0x00, 0x00, 0x00, 0x00, 
    0x00, 0x00, 0x00, 0x00, 0x00, 0x00, 0x00, 0x00, 0x00, 0x00, 0x00, 0x00, 0x00, 0x00, 0x00, 0x00, 
    0x00, 0x00, 0x00, 0x00, 0x00, 0x00, 0x00, 0x00, 0x00, 0x00, 0x00, 0x00, 0x00, 0x00, 0x00, 0x00, 
      },
  {
    0x00, 0x00, 0x00, 0x00, 0x00, 0x00, 0x00, 0x00, 0x00, 0x00, 0x00, 0x00, 0x00, 0x00, 0x00, 0x00, 
    0x03, 0x80, 0x00, 0x00, 0x00, 0x00, 0x00, 0x00, 0x03, 0x80, 0x00, 0x00, 0x00, 0x00, 0x00, 0x00, 
    0x01, 0xC0, 0x00, 0x00, 0x00, 0x00, 0x00, 0x00, 0x00, 0x00, 0x00, 0x00, 0x00, 0x00, 0x00, 0x00, 
    0x00, 0x00, 0x03, 0xC0, 0x00, 0x00, 0x00, 0x00, 0x00, 0x00, 0x07, 0xE0, 0x00, 0x00, 0x00, 0x00, 
    0x00, 0x00, 0x0F, 0xE0, 0x00, 0x00, 0x00, 0x00, 0x00, 0x00, 0x0C, 0x70, 0x03, 0xC0, 0x00, 0x00, 
    0x00, 0x01, 0x8C, 0x30, 0x03, 0xFC, 0x00, 0x00, 0x78, 0x03, 0xFC, 0x70, 0x07, 0xFF, 0xC0, 0x00, 
    0x78, 0x03, 0xFF, 0xF0, 0x06, 0x0F, 0xE0, 0x00, 0x00, 0x03, 0x0F, 0xFE, 0x06, 0x01, 0xF0, 0x00, 
    0x00, 0x07, 0x00, 0xFF, 0xE6, 0x01, 0xF8, 0x00, 0x00, 0x07, 0x00, 0x07, 0xFF, 0x01, 0xDC, 0x00, 
    0x00, 0x06, 0x20, 0x00, 0x3F, 0xF9, 0x8E, 0x00, 0x00, 0x06, 0x70, 0x3E, 0x03, 0xFF, 0xC7, 0x00, 
    0x00, 0x06, 0x20, 0xFF, 0xC0, 0x1F, 0xE3, 0x80, 0x00, 0x0E, 0x01, 0xF7, 0xF8, 0x00, 0xF1, 0xC0, 
    0x00, 0x0E, 0x03, 0x81, 0xFE, 0x00, 0x79, 0x80, 0x3C, 0x0F, 0xE7, 0x00, 0xFF, 0x00, 0xFD, 0x80, 
    0x7C, 0x0F, 0xFE, 0x00, 0x63, 0x80, 0xEF, 0x80, 0x20, 0x0C, 0x7C, 0x7C, 0x71, 0xC0, 0xC7, 0x80, 
    0x00, 0x1C, 0x1C, 0xFE, 0x30, 0xC0, 0xC3, 0x80, 0x00, 0x1C, 0x19, 0xC7, 0x30, 0xE0, 0xC1, 0xC0, 
    0x00, 0x18, 0x19, 0xC7, 0x30, 0xE1, 0xC1, 0xC0, 0x00, 0x18, 0x39, 0x83, 0x30, 0x7F, 0xC1, 0xC0, 
    0x00, 0x18, 0x3B, 0x83, 0x30, 0x7F, 0xC1, 0x80, 0x00, 0x38, 0x3B, 0x87, 0x30, 0x67, 0xE1, 0x80, 
    0x00, 0x38, 0x39, 0x86, 0x70, 0x61, 0xF3, 0x80, 0x00, 0x30, 0x39, 0xCE, 0x60, 0xE3, 0xFB, 0x80, 
    0x00, 0x30, 0x39, 0xFC, 0xE0, 0xE3, 0xBF, 0x00, 0x00, 0x70, 0x18, 0xF8, 0xE0, 0xC3, 0x0F, 0x00, 
    0x00, 0x70, 0x1C, 0x01, 0xC1, 0xC3, 0x07, 0x00, 0x00, 0x60, 0x0C, 0x03, 0x81, 0x83, 0x07, 0x00, 
    0x00, 0x60, 0x0E, 0x07, 0x03, 0x87, 0x07, 0x00, 0x00, 0x60, 0x07, 0xFE, 0x07, 0x07, 0x06, 0x00, 
    0x00, 0xE0, 0x03, 0xFC, 0x0E, 0x06, 0x06, 0x00, 0x00, 0xE0, 0x00, 0xFF, 0xFC, 0x06, 0x06, 0x00, 
    0x00, 0xF8, 0x00, 0x1F, 0xF8, 0x0E, 0x0E, 0x00, 0x00, 0xFF, 0xC0, 0x01, 0xC0, 0x0E, 0x0E, 0x00, 
    0x00, 0x7F, 0xFC, 0x00, 0x00, 0x0C, 0x0C, 0x00, 0x00, 0x3C, 0xFF, 0xE0, 0x00, 0x0C, 0x0C, 0x00, 
    0x00, 0x1E, 0x0F, 0xFF, 0x00, 0x0C, 0x0C, 0x00, 0x00, 0x0F, 0x00, 0x7F, 0xF0, 0x1C, 0x1C, 0x00, 
    0x00, 0x07, 0xC0, 0x03, 0xFF, 0x9C, 0x1C, 0x00, 0x00, 0x01, 0xFE, 0x00, 0x3F, 0xF8, 0x18, 0x00, 
    0x00, 0x00, 0xFF, 0xF0, 0x01, 0xFC, 0x18, 0x00, 0x00, 0x00, 0x07, 0xFF, 0x00, 0x1E, 0x18, 0x00, 
    0x00, 0x00, 0x00, 0x3F, 0xF8, 0x07, 0x38, 0x00, 0x00, 0x00, 0x00, 0x03, 0xFF, 0xC3, 0xB8, 0x00, 
    0x00, 0x00, 0x00, 0x00, 0x1F, 0xFF, 0xF0, 0x00, 0x00, 0x00, 0x00, 0x00, 0x00, 0xFF, 0xF0, 0x00, 
    0x00, 0x00, 0x00, 0x00, 0x00, 0x07, 0xF0, 0x00, 0x00, 0x00, 0x00, 0x00, 0x00, 0x00, 0x20, 0x00, 
    0x00, 0x00, 0x00, 0x00, 0x00, 0x00, 0x00, 0x00, 0x00, 0x00, 0x00, 0x00, 0x00, 0x00, 0x00, 0x00, 
    0x00, 0x00, 0x00, 0x00, 0x00, 0x00, 0x00, 0x00, 0x00, 0x00, 0x00, 0x00, 0x00, 0x00, 0x00, 0x00, 
    0x00, 0x00, 0x00, 0x00, 0x00, 0x00, 0x00, 0x00, 0x00, 0x00, 0x00, 0x00, 0x00, 0x00, 0x00, 0x00, 
    0x00, 0x00, 0x00, 0x00, 0x00, 0x00, 0x00, 0x00, 0x00, 0x00, 0x00, 0x00, 0x00, 0x00, 0x00, 0x00, 
      },
  {
    0x00, 0x00, 0x00, 0x00, 0x00, 0x00, 0x00, 0x00, 0x03, 0x00, 0x00, 0x00, 0x00, 0x00, 0x00, 0x00, 
    0x03, 0x80, 0x00, 0x00, 0x00, 0x00, 0x00, 0x00, 0x03, 0x80, 0x00, 0x00, 0x00, 0x00, 0x00, 0x00, 
    0x01, 0x80, 0x00, 0x00, 0x00, 0x00, 0x00, 0x00, 0x00, 0x00, 0x00, 0x00, 0x00, 0x00, 0x00, 0x00, 
    0x00, 0x00, 0x03, 0xC0, 0x00, 0x00, 0x00, 0x00, 0x00, 0x00, 0x07, 0xE0, 0x00, 0x00, 0x00, 0x00, 
    0x00, 0x00, 0x0E, 0x70, 0x00, 0x00, 0x00, 0x00, 0x00, 0x00, 0x0C, 0x70, 0x03, 0xE0, 0x00, 0x00, 
    0x60, 0x03, 0xCC, 0x30, 0x07, 0xFE, 0x00, 0x00, 0x78, 0x03, 0xFE, 0x70, 0x07, 0x7F, 0xC0, 0x00, 
    0x38, 0x03, 0xFF, 0xF0, 0x06, 0x07, 0xE0, 0x00, 0x00, 0x03, 0x0F, 0xFF, 0x06, 0x00, 0xF0, 0x00, 
    0x00, 0x07, 0x00, 0x7F, 0xFE, 0x01, 0xF8, 0x00, 0x00, 0x07, 0x00, 0x03, 0xFF, 0x81, 0x9C, 0x00, 
    0x00, 0x06, 0x20, 0x00, 0x3F, 0xFD, 0x8E, 0x00, 0x00, 0x06, 0x60, 0x7F, 0x01, 0xFF, 0xC7, 0x80, 
    0x00, 0x06, 0x00, 0xFF, 0xE0, 0x0F, 0xF3, 0x80, 0x00, 0x0E, 0x01, 0xE3, 0xFC, 0x00, 0xF9, 0xC0, 
    0x00, 0x0E, 0x03, 0x80, 0xFE, 0x00, 0x7D, 0x80, 0x38, 0x0F, 0xF7, 0x00, 0xEF, 0x00, 0xFF, 0x80, 
    0x78, 0x0F, 0xFE, 0x18, 0x73, 0x80, 0xEF, 0x80, 0x00, 0x0C, 0x3C, 0x7E, 0x71, 0xC0, 0xC7, 0x80, 
    0x00, 0x1C, 0x1C, 0xFE, 0x30, 0xC0, 0xC3, 0x80, 0x00, 0x18, 0x19, 0xC7, 0x30, 0xE0, 0xC1, 0xC0, 
    0x00, 0x18, 0x19, 0x83, 0x30, 0xE1, 0xC1, 0xC0, 0x00, 0x18, 0x39, 0x83, 0x30, 0x7F, 0xC1, 0x80, 
    0x00, 0x38, 0x3B, 0x83, 0x30, 0x7F, 0xC1, 0x80, 0x00, 0x38, 0x3B, 0x87, 0x70, 0x63, 0xE1, 0x80, 
    0x00, 0x30, 0x39, 0x86, 0x70, 0x61, 0xF3, 0x80, 0x00, 0x30, 0x39, 0xDE, 0x60, 0xE3, 0xBB, 0x80, 
    0x00, 0x30, 0x18, 0xFC, 0xE0, 0xE3, 0x9F, 0x00, 0x00, 0x70, 0x18, 0x78, 0xC0, 0xC3, 0x0F, 0x00, 
    0x00, 0x70, 0x1C, 0x01, 0xC1, 0xC3, 0x07, 0x00, 0x00, 0x60, 0x0C, 0x03, 0x81, 0x87, 0x07, 0x00, 
    0x00, 0x60, 0x0F, 0x0F, 0x03, 0x87, 0x07, 0x00, 0x00, 0x60, 0x07, 0xFE, 0x07, 0x06, 0x06, 0x00, 
    0x00, 0xE0, 0x03, 0xFC, 0x1E, 0x06, 0x06, 0x00, 0x00, 0xE0, 0x00, 0x7F, 0xFC, 0x06, 0x06, 0x00, 
    0x00, 0xFC, 0x00, 0x0F, 0xF0, 0x0E, 0x0E, 0x00, 0x00, 0xFF, 0xE0, 0x00, 0x80, 0x0E, 0x0E, 0x00, 
    0x00, 0x7F, 0xFE, 0x00, 0x00, 0x0C, 0x0C, 0x00, 0x00, 0x1C, 0x7F, 0xF0, 0x00, 0x0C, 0x0C, 0x00, 
    0x00, 0x0E, 0x07, 0xFF, 0x80, 0x0C, 0x0C, 0x00, 0x00, 0x07, 0x00, 0x3F, 0xF8, 0x1C, 0x1C, 0x00, 
    0x00, 0x03, 0xE0, 0x01, 0xFF, 0xDC, 0x1C, 0x00, 0x00, 0x01, 0xFF, 0x00, 0x1F, 0xF8, 0x18, 0x00, 
    0x00, 0x00, 0x7F, 0xF8, 0x00, 0xFC, 0x18, 0x00, 0x00, 0x00, 0x03, 0xFF, 0x80, 0x0E, 0x38, 0x00, 
    0x00, 0x00, 0x00, 0x1F, 0xFC, 0x07, 0xB8, 0x00, 0x00, 0x00, 0x00, 0x01, 0xFF, 0xE3, 0xF0, 0x00, 
    0x00, 0x00, 0x00, 0x00, 0x0F, 0xFF, 0xF0, 0x00, 0x00, 0x00, 0x00, 0x00, 0x00, 0x7F, 0xF0, 0x00, 
    0x00, 0x00, 0x00, 0x00, 0x00, 0x03, 0xF0, 0x00, 0x00, 0x00, 0x00, 0x00, 0x00, 0x00, 0x00, 0x00, 
    0x00, 0x00, 0x00, 0x00, 0x00, 0x00, 0x00, 0x00, 0x00, 0x00, 0x00, 0x00, 0x00, 0x00, 0x00, 0x00, 
    0x00, 0x00, 0x00, 0x00, 0x00, 0x00, 0x00, 0x00, 0x00, 0x00, 0x00, 0x00, 0x00, 0x00, 0x00, 0x00, 
    0x00, 0x00, 0x00, 0x00, 0x00, 0x00, 0x00, 0x00, 0x00, 0x00, 0x00, 0x00, 0x00, 0x00, 0x00, 0x00, 
    0x00, 0x00, 0x00, 0x00, 0x00, 0x00, 0x00, 0x00, 0x00, 0x00, 0x00, 0x00, 0x00, 0x00, 0x00, 0x00, 
      },
  {
    0x00, 0x00, 0x00, 0x00, 0x00, 0x00, 0x00, 0x00, 0x03, 0x00, 0x00, 0x00, 0x00, 0x00, 0x00, 0x00, 
    0x03, 0x80, 0x00, 0x00, 0x00, 0x00, 0x00, 0x00, 0x01, 0x80, 0x00, 0x00, 0x00, 0x00, 0x00, 0x00, 
    0x00, 0x00, 0x00, 0x00, 0x00, 0x00, 0x00, 0x00, 0x00, 0x00, 0x00, 0x00, 0x00, 0x00, 0x00, 0x00, 
    0x00, 0x00, 0x03, 0xC0, 0x00, 0x00, 0x00, 0x00, 0x00, 0x00, 0x07, 0xE0, 0x00, 0x00, 0x00, 0x00, 
    0x00, 0x00, 0x0E, 0x70, 0x00, 0x00, 0x00, 0x00, 0x00, 0x00, 0x0C, 0x30, 0x03, 0xE0, 0x00, 0x00, 
    0x60, 0x03, 0xDC, 0x30, 0x07, 0xFF, 0x00, 0x00, 0x70, 0x03, 0xFE, 0x70, 0x07, 0x7F, 0xC0, 0x00, 
    0x30, 0x03, 0xFF, 0xF0, 0x06, 0x03, 0xE0, 0x00, 0x00, 0x03, 0x07, 0xFF, 0x06, 0x00, 0xF0, 0x00, 
    0x00, 0x07, 0x00, 0x3F, 0xFE, 0x01, 0xF8, 0x00, 0x00, 0x07, 0x00, 0x03, 0xFF, 0xC1, 0x9E, 0x00, 
    0x00, 0x06, 0x60, 0x00, 0x1F, 0xFF, 0x8F, 0x00, 0x00, 0x06, 0x60, 0x7F, 0x00, 0xFF, 0xE7, 0x80, 
    0x00, 0x06, 0x00, 0xFF, 0xE0, 0x0F, 0xF3, 0xC0, 0x00, 0x0E, 0x03, 0xE3, 0xFC, 0x00, 0x79, 0xC0, 
    0x00, 0x0F, 0x07, 0x80, 0xFF, 0x00, 0x7D, 0x80, 0x38, 0x0F, 0xFF, 0x00, 0x67, 0x80, 0xFF, 0x80, 
    0x38, 0x0F, 0xFE, 0x38, 0x73, 0x80, 0xEF, 0x80, 0x00, 0x1C, 0x3C, 0x7E, 0x71, 0xC0, 0xC7, 0x80, 
    0x00, 0x1C, 0x1C, 0xFE, 0x30, 0xC0, 0xC3, 0xC0, 0x00, 0x18, 0x19, 0xC7, 0x30, 0xE0, 0xC1, 0xC0, 
    0x00, 0x18, 0x19, 0x83, 0x30, 0xF1, 0xC1, 0xC0, 0x00, 0x18, 0x39, 0x83, 0x30, 0x7F, 0xC1, 0x80, 
    0x00, 0x38, 0x3B, 0x87, 0x30, 0x7F, 0xC1, 0x80, 0x00, 0x38, 0x3B, 0x87, 0x70, 0x63, 0xE1, 0x80, 
    0x00, 0x30, 0x39, 0x8E, 0x70, 0x61, 0xF3, 0x80, 0x00, 0x30, 0x39, 0xFE, 0x60, 0xE3, 0xBB, 0x80, 
    0x00, 0x30, 0x18, 0xFC, 0xE0, 0xC3, 0x1F, 0x00, 0x00, 0x70, 0x18, 0x70, 0xC0, 0xC3, 0x0F, 0x00, 
    0x00, 0x70, 0x1C, 0x01, 0xC1, 0xC3, 0x07, 0x00, 0x00, 0x60, 0x0E, 0x03, 0x83, 0x87, 0x07, 0x00, 
    0x00, 0x60, 0x0F, 0x0F, 0x03, 0x87, 0x07, 0x00, 0x00, 0x60, 0x07, 0xFE, 0x07, 0x06, 0x06, 0x00, 
    0x00, 0xE0, 0x01, 0xFC, 0x1E, 0x06, 0x06, 0x00, 0x00, 0xE0, 0x00, 0x7F, 0xFC, 0x06, 0x06, 0x00, 
    0x00, 0xFC, 0x00, 0x0F, 0xF0, 0x0E, 0x0E, 0x00, 0x00, 0xFF, 0xE0, 0x00, 0x00, 0x0E, 0x0E, 0x00, 
    0x00, 0x3F, 0xFF, 0x00, 0x00, 0x0C, 0x0C, 0x00, 0x00, 0x1C, 0x7F, 0xF0, 0x00, 0x0C, 0x0C, 0x00, 
    0x00, 0x0E, 0x03, 0xFF, 0x80, 0x0C, 0x0C, 0x00, 0x00, 0x07, 0x00, 0x3F, 0xFC, 0x1C, 0x1C, 0x00, 
    0x00, 0x03, 0xE0, 0x01, 0xFF, 0xDC, 0x1C, 0x00, 0x00, 0x01, 0xFF, 0x00, 0x0F, 0xF8, 0x18, 0x00, 
    0x00, 0x00, 0x7F, 0xF8, 0x00, 0xFC, 0x18, 0x00, 0x00, 0x00, 0x03, 0xFF, 0xC0, 0x0F, 0x38, 0x00, 
    0x00, 0x00, 0x00, 0x1F, 0xFE, 0x07, 0xB8, 0x00, 0x00, 0x00, 0x00, 0x00, 0xFF, 0xF3, 0xF0, 0x00, 
    0x00, 0x00, 0x00, 0x00, 0x07, 0xFF, 0xF0, 0x00, 0x00, 0x00, 0x00, 0x00, 0x00, 0x3F, 0xF0, 0x00, 
    0x00, 0x00, 0x00, 0x00, 0x00, 0x01, 0xF0, 0x00, 0x00, 0x00, 0x00, 0x00, 0x00, 0x00, 0x00, 0x00, 
    0x00, 0x00, 0x00, 0x00, 0x00, 0x00, 0x00, 0x00, 0x00, 0x00, 0x00, 0x00, 0x00, 0x00, 0x00, 0x00, 
    0x00, 0x00, 0x00, 0x00, 0x00, 0x00, 0x00, 0x00, 0x00, 0x00, 0x00, 0x00, 0x00, 0x00, 0x00, 0x00, 
    0x00, 0x00, 0x00, 0x00, 0x00, 0x00, 0x00, 0x00, 0x00, 0x00, 0x00, 0x00, 0x00, 0x00, 0x00, 0x00, 
    0x00, 0x00, 0x00, 0x00, 0x00, 0x00, 0x00, 0x00, 0x00, 0x00, 0x00, 0x00, 0x00, 0x00, 0x00, 0x00, 
      },
  {
    0x00, 0x00, 0x00, 0x00, 0x00, 0x00, 0x00, 0x00, 0x03, 0x00, 0x00, 0x00, 0x00, 0x00, 0x00, 0x00, 
    0x03, 0x80, 0x00, 0x00, 0x00, 0x00, 0x00, 0x00, 0x01, 0x00, 0x00, 0x00, 0x00, 0x00, 0x00, 0x00, 
    0x00, 0x00, 0x00, 0x00, 0x00, 0x00, 0x00, 0x00, 0x00, 0x00, 0x00, 0x00, 0x00, 0x00, 0x00, 0x00, 
    0x00, 0x00, 0x03, 0xC0, 0x00, 0x00, 0x00, 0x00, 0x00, 0x00, 0x07, 0xE0, 0x00, 0x00, 0x00, 0x00, 
    0x00, 0x00, 0x0E, 0x70, 0x00, 0x00, 0x00, 0x00, 0x00, 0x00, 0x0C, 0x70, 0x03, 0xE0, 0x00, 0x00, 
    0x60, 0x03, 0xCC, 0x30, 0x07, 0xFF, 0x00, 0x00, 0x70, 0x03, 0xFE, 0x70, 0x07, 0x7F, 0xC0, 0x00, 
    0x20, 0x03, 0xFF, 0xF0, 0x06, 0x03, 0xE0, 0x00, 0x00, 0x03, 0x07, 0xFF, 0x06, 0x00, 0xF0, 0x00, 
    0x00, 0x07, 0x00, 0x7F, 0xFE, 0x01, 0xF8, 0x00, 0x00, 0x07, 0x00, 0x03, 0xFF, 0x81, 0x9E, 0x00, 
    0x00, 0x06, 0x20, 0x00, 0x1F, 0xFD, 0x8F, 0x00, 0x00, 0x06, 0x60, 0x7F, 0x01, 0xFF, 0xE7, 0x80, 
    0x00, 0x06, 0x00, 0xFF, 0xE0, 0x0F, 0xF3, 0x80, 0x00, 0x0E, 0x01, 0xE3, 0xFC, 0x00, 0xF9, 0xC0, 
    0x00, 0x0E, 0x03, 0x80, 0xFE, 0x00, 0x7D, 0x80, 0x30, 0x0F, 0xF7, 0x00, 0x6F, 0x80, 0xFF, 0x80, 
    0x70, 0x0F, 0xFE, 0x18, 0x73, 0x80, 0xEF, 0x80, 0x00, 0x1C, 0x3C, 0x7E, 0x71, 0xC0, 0xC7, 0x80, 
    0x00, 0x1C, 0x1C, 0xFE, 0x30, 0xC0, 0xC3, 0x80, 0x00, 0x18, 0x19, 0xC7, 0x30, 0xE0, 0xC1, 0xC0, 
    0x00, 0x18, 0x19, 0x83, 0x30, 0xF1, 0xC1, 0xC0, 0x00, 0x18, 0x39, 0x83, 0x30, 0x7F, 0xC1, 0x80, 
    0x00, 0x38, 0x3B, 0x83, 0x30, 0x7F, 0xC1, 0x80, 0x00, 0x38, 0x3B, 0x87, 0x70, 0x63, 0xE1, 0x80, 
    0x00, 0x30, 0x39, 0x86, 0x70, 0x61, 0xF3, 0x80, 0x00, 0x30, 0x39, 0xDE, 0x60, 0xE3, 0xBB, 0x80, 
    0x00, 0x30, 0x18, 0xFC, 0xE0, 0xE3, 0x9F, 0x00, 0x00, 0x70, 0x18, 0x78, 0xC0, 0xC3, 0x0F, 0x00, 
    0x00, 0x70, 0x1C, 0x01, 0xC1, 0xC3, 0x07, 0x00, 0x00, 0x60, 0x0E, 0x03, 0x81, 0x83, 0x07, 0x00, 
    0x00, 0x60, 0x0F, 0x0F, 0x03, 0x87, 0x07, 0x00, 0x00, 0x60, 0x07, 0xFE, 0x07, 0x07, 0x06, 0x00, 
    0x00, 0xE0, 0x01, 0xFC, 0x1E, 0x06, 0x06, 0x00, 0x00, 0xE0, 0x00, 0x7F, 0xFC, 0x06, 0x06, 0x00, 
    0x00, 0xFC, 0x00, 0x0F, 0xF0, 0x0E, 0x0E, 0x00, 0x00, 0xFF, 0xE0, 0x00, 0x80, 0x0E, 0x0E, 0x00, 
    0x00, 0x7F, 0xFE, 0x00, 0x00, 0x0C, 0x0C, 0x00, 0x00, 0x1C, 0x7F, 0xF0, 0x00, 0x0C, 0x0C, 0x00, 
    0x00, 0x0E, 0x07, 0xFF, 0x80, 0x0C, 0x0C, 0x00, 0x00, 0x07, 0x00, 0x3F, 0xFC, 0x1C, 0x1C, 0x00, 
    0x00, 0x03, 0xE0, 0x01, 0xFF, 0xDC, 0x1C, 0x00, 0x00, 0x01, 0xFF, 0x00, 0x0F, 0xFC, 0x18, 0x00, 
    0x00, 0x00, 0x7F, 0xF8, 0x00, 0xFC, 0x18, 0x00, 0x00, 0x00, 0x03, 0xFF, 0xC0, 0x0E, 0x38, 0x00, 
    0x00, 0x00, 0x00, 0x1F, 0xFE, 0x07, 0xB8, 0x00, 0x00, 0x00, 0x00, 0x00, 0xFF, 0xF3, 0xF0, 0x00, 
    0x00, 0x00, 0x00, 0x00, 0x07, 0xFF, 0xF0, 0x00, 0x00, 0x00, 0x00, 0x00, 0x00, 0x3F, 0xF0, 0x00, 
    0x00, 0x00, 0x00, 0x00, 0x00, 0x01, 0xF0, 0x00, 0x00, 0x00, 0x00, 0x00, 0x00, 0x00, 0x00, 0x00, 
    0x00, 0x00, 0x00, 0x00, 0x00, 0x00, 0x00, 0x00, 0x00, 0x00, 0x00, 0x00, 0x00, 0x00, 0x00, 0x00, 
    0x00, 0x00, 0x00, 0x00, 0x00, 0x00, 0x00, 0x00, 0x00, 0x00, 0x00, 0x00, 0x00, 0x00, 0x00, 0x00, 
    0x00, 0x00, 0x00, 0x00, 0x00, 0x00, 0x00, 0x00, 0x00, 0x00, 0x00, 0x00, 0x00, 0x00, 0x00, 0x00, 
    0x00, 0x00, 0x00, 0x00, 0x00, 0x00, 0x00, 0x00, 0x00, 0x00, 0x00, 0x00, 0x00, 0x00, 0x00, 0x00, 
      },
  {
    0x00, 0x00, 0x00, 0x00, 0x00, 0x00, 0x00, 0x00, 0x03, 0x00, 0x00, 0x00, 0x00, 0x00, 0x00, 0x00, 
    0x03, 0x00, 0x00, 0x00, 0x00, 0x00, 0x00, 0x00, 0x03, 0x00, 0x00, 0x00, 0x00, 0x00, 0x00, 0x00, 
    0x00, 0x00, 0x00, 0x00, 0x00, 0x00, 0x00, 0x00, 0x00, 0x00, 0x00, 0x00, 0x00, 0x00, 0x00, 0x00, 
    0x00, 0x00, 0x03, 0xC0, 0x00, 0x00, 0x00, 0x00, 0x00, 0x00, 0x07, 0xE0, 0x00, 0x00, 0x00, 0x00, 
    0x00, 0x00, 0x0E, 0xE0, 0x00, 0x00, 0x00, 0x00, 0x00, 0x00, 0x0C, 0x70, 0x03, 0xC0, 0x00, 0x00, 
    0x20, 0x03, 0x9C, 0x70, 0x07, 0xFE, 0x00, 0x00, 0x60, 0x03, 0xFC, 0x70, 0x07, 0xFF, 0xC0, 0x00, 
    0x20, 0x03, 0xFF, 0xF0, 0x06, 0x07, 0xE0, 0x00, 0x00, 0x07, 0x0F, 0xFE, 0x06, 0x00, 0xF0, 0x00, 
    0x00, 0x07, 0x00, 0x7F, 0xFE, 0x01, 0xF8, 0x00, 0x00, 0x07, 0x00, 0x07, 0xFF, 0x81, 0xDE, 0x00, 
    0x00, 0x06, 0x20, 0x00, 0x3F, 0xFD, 0x8F, 0x00, 0x00, 0x06, 0x60, 0x3E, 0x01, 0xFF, 0xE7, 0x80, 
    0x00, 0x0E, 0x20, 0xFF, 0xC0, 0x0F, 0xF3, 0x80, 0x00, 0x0E, 0x01, 0xE3, 0xFC, 0x00, 0xF9, 0x80, 
    0x00, 0x0E, 0x03, 0x80, 0xFE, 0x00, 0x7D, 0x80, 0x30, 0x0F, 0xE7, 0x00, 0x6F, 0x00, 0xFF, 0x80, 
    0x70, 0x0F, 0xFE, 0x18, 0x73, 0x80, 0xEF, 0x80, 0x00, 0x1C, 0x7C, 0x7E, 0x31, 0xC0, 0xC7, 0x80, 
    0x00, 0x1C, 0x1C, 0xFE, 0x30, 0xC0, 0xC3, 0x80, 0x00, 0x18, 0x1D, 0xC7, 0x30, 0xE0, 0xC1, 0xC0, 
    0x00, 0x18, 0x19, 0xC3, 0x30, 0xE0, 0xC1, 0xC0, 0x00, 0x18, 0x19, 0x83, 0x30, 0x7F, 0xC1, 0x80, 
    0x00, 0x38, 0x39, 0x83, 0x30, 0x7F, 0xC1, 0x80, 0x00, 0x38, 0x39, 0x87, 0x30, 0x63, 0xE1, 0x80, 
    0x00, 0x30, 0x39, 0x87, 0x70, 0x61, 0xF3, 0x80, 0x00, 0x30, 0x39, 0xCE, 0x70, 0xE3, 0xBB, 0x80, 
    0x00, 0x30, 0x18, 0xFC, 0x60, 0xE3, 0x9F, 0x00, 0x00, 0x70, 0x18, 0x78, 0xE0, 0xC3, 0x0F, 0x00, 
    0x00, 0x70, 0x1C, 0x01, 0xC1, 0xC3, 0x07, 0x00, 0x00, 0x60, 0x0E, 0x03, 0x81, 0x83, 0x07, 0x00, 
    0x00, 0x60, 0x0F, 0x07, 0x03, 0x87, 0x07, 0x00, 0x00, 0x60, 0x07, 0xFE, 0x07, 0x07, 0x06, 0x00, 
    0x00, 0xE0, 0x03, 0xFC, 0x1E, 0x06, 0x06, 0x00, 0x00, 0xE0, 0x00, 0x7F, 0xFC, 0x06, 0x06, 0x00, 
    0x00, 0xF8, 0x00, 0x0F, 0xF8, 0x06, 0x0E, 0x00, 0x00, 0xFF, 0xC0, 0x01, 0xC0, 0x0E, 0x0E, 0x00, 
    0x00, 0x7F, 0xFE, 0x00, 0x00, 0x0E, 0x0C, 0x00, 0x00, 0x3C, 0xFF, 0xF0, 0x00, 0x0C, 0x0C, 0x00, 
    0x00, 0x1E, 0x07, 0xFF, 0x80, 0x0C, 0x0C, 0x00, 0x00, 0x07, 0x00, 0x3F, 0xF8, 0x0C, 0x1C, 0x00, 
    0x00, 0x03, 0xE0, 0x01, 0xFF, 0xDC, 0x1C, 0x00, 0x00, 0x01, 0xFF, 0x00, 0x1F, 0xFC, 0x18, 0x00, 
    0x00, 0x00, 0x7F, 0xF8, 0x00, 0xFC, 0x18, 0x00, 0x00, 0x00, 0x03, 0xFF, 0xC0, 0x0F, 0x18, 0x00, 
    0x00, 0x00, 0x00, 0x1F, 0xFE, 0x07, 0xB8, 0x00, 0x00, 0x00, 0x00, 0x00, 0xFF, 0xF3, 0xF8, 0x00, 
    0x00, 0x00, 0x00, 0x00, 0x07, 0xFF, 0xF0, 0x00, 0x00, 0x00, 0x00, 0x00, 0x00, 0x3F, 0xF0, 0x00, 
    0x00, 0x00, 0x00, 0x00, 0x00, 0x01, 0xF0, 0x00, 0x00, 0x00, 0x00, 0x00, 0x00, 0x00, 0x00, 0x00, 
    0x00, 0x00, 0x00, 0x00, 0x00, 0x00, 0x00, 0x00, 0x00, 0x00, 0x00, 0x00, 0x00, 0x00, 0x00, 0x00, 
    0x00, 0x00, 0x00, 0x00, 0x00, 0x00, 0x00, 0x00, 0x00, 0x00, 0x00, 0x00, 0x00, 0x00, 0x00, 0x00, 
    0x00, 0x00, 0x00, 0x00, 0x00, 0x00, 0x00, 0x00, 0x00, 0x00, 0x00, 0x00, 0x00, 0x00, 0x00, 0x00, 
    0x00, 0x00, 0x00, 0x00, 0x00, 0x00, 0x00, 0x00, 0x00, 0x00, 0x00, 0x00, 0x00, 0x00, 0x00, 0x00, 
      },
  {
    0x00, 0x00, 0x00, 0x00, 0x00, 0x00, 0x00, 0x00, 0x02, 0x00, 0x00, 0x00, 0x00, 0x00, 0x00, 0x00, 
    0x03, 0x00, 0x00, 0x00, 0x00, 0x00, 0x00, 0x00, 0x03, 0x00, 0x00, 0x00, 0x00, 0x00, 0x00, 0x00, 
    0x00, 0x00, 0x00, 0x00, 0x00, 0x00, 0x00, 0x00, 0x00, 0x00, 0x00, 0x00, 0x00, 0x00, 0x00, 0x00, 
    0x00, 0x00, 0x03, 0x80, 0x00, 0x00, 0x00, 0x00, 0x00, 0x00, 0x07, 0xC0, 0x00, 0x00, 0x00, 0x00, 
    0x00, 0x00, 0x0F, 0xE0, 0x00, 0x00, 0x00, 0x00, 0x00, 0x00, 0x0C, 0x70, 0x03, 0xC0, 0x00, 0x00, 
    0x00, 0x01, 0x1C, 0x70, 0x07, 0xFE, 0x00, 0x00, 0x60, 0x03, 0xFC, 0x70, 0x07, 0xFF, 0xC0, 0x00, 
    0x60, 0x03, 0xFF, 0xE0, 0x06, 0x07, 0xE0, 0x00, 0x00, 0x07, 0x1F, 0xFE, 0x06, 0x00, 0xF0, 0x00, 
    0x00, 0x07, 0x00, 0xFF, 0xFE, 0x01, 0xF8, 0x00, 0x00, 0x06, 0x00, 0x07, 0xFF, 0x81, 0xDC, 0x00, 
    0x00, 0x06, 0x00, 0x00, 0x3F, 0xFD, 0x8F, 0x00, 0x00, 0x06, 0x60, 0x3E, 0x01, 0xFF, 0xE7, 0x80, 
    0x00, 0x0E, 0x60, 0xFF, 0xC0, 0x0F, 0xF3, 0x80, 0x00, 0x0E, 0x01, 0xFF, 0xF8, 0x00, 0x79, 0x80, 
    0x00, 0x0E, 0x03, 0xC0, 0xFE, 0x00, 0x7D, 0x80, 0x20, 0x0F, 0xC7, 0x00, 0x7F, 0x00, 0x7F, 0x80, 
    0x70, 0x0F, 0xFE, 0x00, 0x73, 0x80, 0xEF, 0x80, 0x00, 0x1C, 0xFE, 0x7E, 0x31, 0xC0, 0xE7, 0x80, 
    0x00, 0x1C, 0x1C, 0xFE, 0x30, 0xC0, 0xC3, 0x80, 0x00, 0x18, 0x1C, 0xE7, 0x30, 0xE0, 0xC1, 0xC0, 
    0x00, 0x18, 0x19, 0xC3, 0x38, 0x60, 0xC1, 0x80, 0x00, 0x18, 0x19, 0x83, 0x38, 0x7F, 0xC1, 0x80, 
    0x00, 0x38, 0x19, 0x83, 0x30, 0x7F, 0xC1, 0x80, 0x00, 0x38, 0x39, 0x83, 0x30, 0x63, 0xE3, 0x80, 
    0x00, 0x30, 0x39, 0x87, 0x30, 0x61, 0xF3, 0x80, 0x00, 0x30, 0x19, 0xCE, 0x70, 0x61, 0xBB, 0x80, 
    0x00, 0x30, 0x18, 0xFC, 0x60, 0xE3, 0x9F, 0x00, 0x00, 0x70, 0x18, 0x78, 0xE0, 0xC3, 0x8F, 0x00, 
    0x00, 0x70, 0x1C, 0x00, 0xC1, 0xC3, 0x07, 0x00, 0x00, 0x60, 0x0E, 0x01, 0xC1, 0xC3, 0x07, 0x00, 
    0x00, 0x60, 0x0F, 0x07, 0x83, 0x83, 0x07, 0x00, 0x00, 0x60, 0x07, 0xFF, 0x07, 0x07, 0x06, 0x00, 
    0x00, 0xE0, 0x03, 0xFC, 0x0E, 0x07, 0x06, 0x00, 0x00, 0xE0, 0x00, 0xFF, 0xFC, 0x06, 0x06, 0x00, 
    0x00, 0xF0, 0x00, 0x0F, 0xF8, 0x06, 0x0E, 0x00, 0x00, 0xFF, 0x80, 0x01, 0xC0, 0x06, 0x0E, 0x00, 
    0x00, 0x7F, 0xFC, 0x00, 0x00, 0x0E, 0x0C, 0x00, 0x00, 0x3D, 0xFF, 0xE0, 0x00, 0x0E, 0x0C, 0x00, 
    0x00, 0x1E, 0x0F, 0xFF, 0x00, 0x0C, 0x0C, 0x00, 0x00, 0x0F, 0x00, 0x7F, 0xF8, 0x0C, 0x1C, 0x00, 
    0x00, 0x07, 0xC0, 0x03, 0xFF, 0xCC, 0x1C, 0x00, 0x00, 0x01, 0xFF, 0x00, 0x1F, 0xFC, 0x18, 0x00, 
    0x00, 0x00, 0xFF, 0xF8, 0x00, 0xFE, 0x18, 0x00, 0x00, 0x00, 0x07, 0xFF, 0xC0, 0x0F, 0x18, 0x00, 
    0x00, 0x00, 0x00, 0x3F, 0xFE, 0x07, 0xB8, 0x00, 0x00, 0x00, 0x00, 0x00, 0xFF, 0xF3, 0xF8, 0x00, 
    0x00, 0x00, 0x00, 0x00, 0x07, 0xFF, 0xF0, 0x00, 0x00, 0x00, 0x00, 0x00, 0x00, 0x3F, 0xF0, 0x00, 
    0x00, 0x00, 0x00, 0x00, 0x00, 0x01, 0xF0, 0x00, 0x00, 0x00, 0x00, 0x00, 0x00, 0x00, 0x00, 0x00, 
    0x00, 0x00, 0x00, 0x00, 0x00, 0x00, 0x00, 0x00, 0x00, 0x00, 0x00, 0x00, 0x00, 0x00, 0x00, 0x00, 
    0x00, 0x00, 0x00, 0x00, 0x00, 0x00, 0x00, 0x00, 0x00, 0x00, 0x00, 0x00, 0x00, 0x00, 0x00, 0x00, 
    0x00, 0x00, 0x00, 0x00, 0x00, 0x00, 0x00, 0x00, 0x00, 0x00, 0x00, 0x00, 0x00, 0x00, 0x00, 0x00, 
    0x00, 0x00, 0x00, 0x00, 0x00, 0x00, 0x00, 0x00, 0x00, 0x00, 0x00, 0x00, 0x00, 0x00, 0x00, 0x00, 
      },
  {
    0x00, 0x00, 0x00, 0x00, 0x00, 0x00, 0x00, 0x00, 0x00, 0x00, 0x00, 0x00, 0x00, 0x00, 0x00, 0x00, 
    0x00, 0x00, 0x00, 0x00, 0x00, 0x00, 0x00, 0x00, 0x00, 0x00, 0x00, 0x00, 0x00, 0x00, 0x00, 0x00, 
    0x00, 0x00, 0x00, 0x00, 0x00, 0x00, 0x00, 0x00, 0x00, 0x00, 0x00, 0x00, 0x00, 0x00, 0x00, 0x00, 
    0x00, 0x00, 0x03, 0x80, 0x00, 0x00, 0x00, 0x00, 0x00, 0x00, 0x07, 0xC0, 0x00, 0x00, 0x00, 0x00, 
    0x00, 0x00, 0x0F, 0xE0, 0x00, 0x00, 0x00, 0x00, 0x00, 0x00, 0x1C, 0x60, 0x03, 0xC0, 0x00, 0x00, 
    0x00, 0x00, 0x1C, 0x60, 0x07, 0xFE, 0x00, 0x00, 0x00, 0x03, 0xF8, 0x60, 0x07, 0xFF, 0xC0, 0x00, 
    0x00, 0x03, 0xFF, 0xE0, 0x06, 0x07, 0xE0, 0x00, 0x00, 0x07, 0x7F, 0xFC, 0x06, 0x00, 0xF0, 0x00, 
    0x00, 0x07, 0x01, 0xFF, 0xEE, 0x01, 0xF8, 0x00, 0x00, 0x06, 0x00, 0x0F, 0xFF, 0x01, 0xDC, 0x00, 
    0x00, 0x06, 0x00, 0x00, 0x7F, 0xF9, 0x8F, 0x00, 0x00, 0x06, 0x60, 0x1C, 0x03, 0xFF, 0xE7, 0x80, 
    0x00, 0x0E, 0x60, 0x7F, 0xC0, 0x1F, 0xF3, 0x80, 0x00, 0x0E, 0x01, 0xFF, 0xF8, 0x00, 0xF9, 0x80, 
    0x00, 0x0C, 0x03, 0xC1, 0xFE, 0x00, 0x7F, 0x80, 0x00, 0x0F, 0x87, 0x80, 0x7F, 0x00, 0x7F, 0x80, 
    0x00, 0x0F, 0xFF, 0x00, 0x73, 0x80, 0x6F, 0x00, 0x00, 0x1D, 0xFE, 0x3C, 0x31, 0xC0, 0xE7, 0x80, 
    0x00, 0x1C, 0x1C, 0x7E, 0x38, 0xC0, 0xE3, 0xC0, 0x00, 0x18, 0x1C, 0xE7, 0x38, 0xE0, 0xC1, 0xC0, 
    0x00, 0x18, 0x1D, 0xC3, 0x38, 0x60, 0xC1, 0x80, 0x00, 0x18, 0x19, 0xC3, 0xB8, 0x7F, 0xC1, 0x80, 
    0x00, 0x38, 0x19, 0x83, 0xB8, 0x7F, 0xC1, 0x80, 0x00, 0x38, 0x19, 0x83, 0x38, 0x63, 0xE3, 0x80, 
    0x00, 0x30, 0x19, 0x87, 0x30, 0x61, 0xF3, 0x80, 0x00, 0x30, 0x19, 0xC7, 0x30, 0x61, 0xBB, 0x00, 
    0x00, 0x30, 0x18, 0xFE, 0x70, 0xE1, 0x9F, 0x00, 0x00, 0x30, 0x1C, 0x7C, 0x60, 0xE3, 0x8F, 0x00, 
    0x00, 0x70, 0x1C, 0x00, 0xE0, 0xC3, 0x87, 0x00, 0x00, 0x70, 0x0E, 0x01, 0xC1, 0xC3, 0x07, 0x00, 
    0x00, 0x60, 0x0F, 0x03, 0x83, 0x83, 0x06, 0x00, 0x00, 0x60, 0x07, 0xDF, 0x07, 0x03, 0x06, 0x00, 
    0x00, 0x60, 0x03, 0xFE, 0x0F, 0x07, 0x06, 0x00, 0x00, 0xE0, 0x00, 0xFF, 0xFE, 0x07, 0x06, 0x00, 
    0x00, 0xE0, 0x00, 0x1F, 0xF8, 0x06, 0x0E, 0x00, 0x00, 0xFF, 0x00, 0x03, 0xE0, 0x06, 0x0E, 0x00, 
    0x00, 0x7F, 0xF8, 0x00, 0x00, 0x06, 0x0C, 0x00, 0x00, 0x3F, 0xFF, 0xE0, 0x00, 0x06, 0x0C, 0x00, 
    0x00, 0x1E, 0x1F, 0xFF, 0x00, 0x0E, 0x0C, 0x00, 0x00, 0x0F, 0x00, 0xFF, 0xF8, 0x0E, 0x1C, 0x00, 
    0x00, 0x07, 0xC0, 0x07, 0xFF, 0xCC, 0x1C, 0x00, 0x00, 0x03, 0xFE, 0x00, 0x1F, 0xFC, 0x18, 0x00, 
    0x00, 0x00, 0xFF, 0xF8, 0x00, 0xFE, 0x18, 0x00, 0x00, 0x00, 0x07, 0xFF, 0xC0, 0x0F, 0x18, 0x00, 
    0x00, 0x00, 0x00, 0x3F, 0xFE, 0x03, 0xB8, 0x00, 0x00, 0x00, 0x00, 0x00, 0xFF, 0xF9, 0xF8, 0x00, 
    0x00, 0x00, 0x00, 0x00, 0x07, 0xFF, 0xF0, 0x00, 0x00, 0x00, 0x00, 0x00, 0x00, 0x3F, 0xF0, 0x00, 
    0x00, 0x00, 0x00, 0x00, 0x00, 0x00, 0xF0, 0x00, 0x00, 0x00, 0x00, 0x00, 0x00, 0x00, 0x00, 0x00, 
    0x00, 0x00, 0x00, 0x00, 0x00, 0x00, 0x00, 0x00, 0x00, 0x00, 0x00, 0x00, 0x00, 0x00, 0x00, 0x00, 
    0x00, 0x00, 0x00, 0x00, 0x00, 0x00, 0x00, 0x00, 0x00, 0x00, 0x00, 0x00, 0x00, 0x00, 0x00, 0x00, 
    0x00, 0x00, 0x00, 0x00, 0x00, 0x00, 0x00, 0x00, 0x00, 0x00, 0x00, 0x00, 0x00, 0x00, 0x00, 0x00, 
    0x00, 0x00, 0x00, 0x00, 0x00, 0x00, 0x00, 0x00, 0x00, 0x00, 0x00, 0x00, 0x00, 0x00, 0x00, 0x00, 
      },
  {
    0x00, 0x00, 0x00, 0x00, 0x00, 0x00, 0x00, 0x00, 0x00, 0x00, 0x00, 0x00, 0x00, 0x00, 0x00, 0x00, 
    0x00, 0x00, 0x00, 0x00, 0x00, 0x00, 0x00, 0x00, 0x00, 0x00, 0x00, 0x00, 0x00, 0x00, 0x00, 0x00, 
    0x00, 0x00, 0x00, 0x00, 0x00, 0x00, 0x00, 0x00, 0x00, 0x00, 0x00, 0x00, 0x00, 0x00, 0x00, 0x00, 
    0x00, 0x00, 0x00, 0x00, 0x00, 0x00, 0x00, 0x00, 0x00, 0x00, 0x07, 0xC0, 0x00, 0x00, 0x00, 0x00, 
    0x00, 0x00, 0x0F, 0xE0, 0x00, 0x00, 0x00, 0x00, 0x00, 0x00, 0x1C, 0xE0, 0x03, 0x80, 0x00, 0x00, 
    0x00, 0x00, 0x18, 0x60, 0x07, 0xFC, 0x00, 0x00, 0x00, 0x03, 0xD8, 0x60, 0x07, 0xFF, 0xC0, 0x00, 
    0x00, 0x07, 0xFE, 0xE0, 0x06, 0x0F, 0xE0, 0x00, 0x00, 0x07, 0xFF, 0xF8, 0x06, 0x00, 0xF0, 0x00, 
    0x00, 0x06, 0x07, 0xFF, 0xC6, 0x00, 0xF8, 0x00, 0x00, 0x06, 0x00, 0x1F, 0xFF, 0x01, 0xDC, 0x00, 
    0x00, 0x06, 0x00, 0x00, 0xFF, 0xF9, 0xCF, 0x00, 0x00, 0x0E, 0x60, 0x00, 0x07, 0xFF, 0xC7, 0x80, 
    0x00, 0x0E, 0x60, 0x7F, 0x80, 0x1F, 0xF3, 0x80, 0x00, 0x0E, 0x00, 0xFF, 0xF0, 0x00, 0xFB, 0x80, 
    0x00, 0x0C, 0x01, 0xE1, 0xFE, 0x00, 0x7F, 0x80, 0x00, 0x0E, 0x03, 0x80, 0x7F, 0x00, 0x7F, 0x00, 
    0x00, 0x0F, 0xFF, 0x00, 0x73, 0x80, 0x67, 0x00, 0x00, 0x1F, 0xFE, 0x3C, 0x31, 0xC0, 0x67, 0x80, 
    0x00, 0x1C, 0x1E, 0x7F, 0x38, 0xC0, 0xE3, 0x80, 0x00, 0x18, 0x0C, 0xF7, 0x18, 0xE0, 0xE1, 0x80, 
    0x00, 0x18, 0x1C, 0xC3, 0x98, 0x60, 0xC1, 0x80, 0x00, 0x18, 0x19, 0xC3, 0x98, 0x7F, 0xC1, 0x80, 
    0x00, 0x38, 0x19, 0xC3, 0x98, 0x7F, 0xC1, 0x80, 0x00, 0x38, 0x19, 0x83, 0xB8, 0x63, 0xE3, 0x80, 
    0x00, 0x30, 0x19, 0xC3, 0x38, 0x61, 0xFB, 0x80, 0x00, 0x30, 0x19, 0xC7, 0x30, 0x61, 0xBF, 0x00, 
    0x00, 0x30, 0x18, 0xFE, 0x30, 0x61, 0x9F, 0x00, 0x00, 0x30, 0x1C, 0x7C, 0x70, 0xE1, 0x8F, 0x00, 
    0x00, 0x70, 0x1C, 0x38, 0xE0, 0xC3, 0x87, 0x00, 0x00, 0x70, 0x0E, 0x00, 0xE1, 0xC3, 0x87, 0x00, 
    0x00, 0x60, 0x0F, 0x03, 0xC1, 0x83, 0x86, 0x00, 0x00, 0x60, 0x07, 0x87, 0x83, 0x83, 0x06, 0x00, 
    0x00, 0x60, 0x03, 0xFF, 0x0F, 0x03, 0x06, 0x00, 0x00, 0xE0, 0x00, 0xFE, 0x3E, 0x03, 0x0E, 0x00, 
    0x00, 0xE0, 0x00, 0x1F, 0xFC, 0x07, 0x0E, 0x00, 0x00, 0xFE, 0x00, 0x03, 0xF0, 0x07, 0x0E, 0x00, 
    0x00, 0xFF, 0xF0, 0x00, 0x00, 0x06, 0x0C, 0x00, 0x00, 0x3F, 0xFF, 0xC0, 0x00, 0x06, 0x0C, 0x00, 
    0x00, 0x1C, 0x3F, 0xFE, 0x00, 0x06, 0x0C, 0x00, 0x00, 0x0F, 0x01, 0xFF, 0xF0, 0x0E, 0x1C, 0x00, 
    0x00, 0x07, 0x80, 0x07, 0xFF, 0xCE, 0x1C, 0x00, 0x00, 0x03, 0xFE, 0x00, 0x3F, 0xFC, 0x18, 0x00, 
    0x00, 0x00, 0xFF, 0xF8, 0x00, 0xFE, 0x18, 0x00, 0x00, 0x00, 0x07, 0xFF, 0xC0, 0x07, 0x18, 0x00, 
    0x00, 0x00, 0x00, 0x3F, 0xFF, 0x03, 0x98, 0x00, 0x00, 0x00, 0x00, 0x00, 0xFF, 0xF9, 0xF8, 0x00, 
    0x00, 0x00, 0x00, 0x00, 0x07, 0xFF, 0xF8, 0x00, 0x00, 0x00, 0x00, 0x00, 0x00, 0x1F, 0xF0, 0x00, 
    0x00, 0x00, 0x00, 0x00, 0x00, 0x00, 0xF0, 0x00, 0x00, 0x00, 0x00, 0x00, 0x00, 0x00, 0x00, 0x00, 
    0x00, 0x00, 0x00, 0x00, 0x00, 0x00, 0x00, 0x00, 0x00, 0x00, 0x00, 0x00, 0x00, 0x00, 0x00, 0x00, 
    0x00, 0x00, 0x00, 0x00, 0x00, 0x00, 0x00, 0x00, 0x00, 0x00, 0x00, 0x00, 0x00, 0x00, 0x00, 0x00, 
    0x00, 0x00, 0x00, 0x00, 0x00, 0x00, 0x00, 0x00, 0x00, 0x00, 0x00, 0x00, 0x00, 0x00, 0x00, 0x00, 
    0x00, 0x00, 0x00, 0x00, 0x00, 0x00, 0x00, 0x00, 0x00, 0x00, 0x00, 0x00, 0x00, 0x00, 0x00, 0x00, 
      },
  {
    0x00, 0x00, 0x00, 0x00, 0x00, 0x00, 0x00, 0x00, 0x00, 0x00, 0x00, 0x00, 0x00, 0x00, 0x00, 0x00, 
    0x00, 0x00, 0x00, 0x00, 0x00, 0x00, 0x00, 0x00, 0x00, 0x00, 0x00, 0x00, 0x00, 0x00, 0x00, 0x00, 
    0x00, 0x00, 0x00, 0x00, 0x00, 0x00, 0x00, 0x00, 0x00, 0x00, 0x00, 0x00, 0x00, 0x00, 0x00, 0x00, 
    0x00, 0x00, 0x00, 0x00, 0x00, 0x00, 0x00, 0x00, 0x00, 0x00, 0x07, 0x80, 0x00, 0x00, 0x00, 0x00, 
    0x00, 0x00, 0x0F, 0xC0, 0x00, 0x00, 0x00, 0x00, 0x00, 0x00, 0x1C, 0xE0, 0x03, 0x00, 0x00, 0x00, 
    0x00, 0x00, 0x18, 0x60, 0x07, 0xFC, 0x00, 0x00, 0x00, 0x03, 0x18, 0x60, 0x07, 0xFF, 0xC0, 0x00, 
    0x00, 0x07, 0xFC, 0xE0, 0x06, 0x0F, 0xE0, 0x00, 0x00, 0x07, 0xFF, 0xF0, 0x06, 0x00, 0xF0, 0x00, 
    0x00, 0x06, 0x0F, 0xFF, 0x86, 0x00, 0xF8, 0x00, 0x00, 0x06, 0x00, 0x7F, 0xFE, 0x01, 0xDC, 0x00, 
    0x00, 0x06, 0x00, 0x01, 0xFF, 0xF9, 0xCF, 0x00, 0x00, 0x0E, 0x60, 0x00, 0x07, 0xFF, 0xC7, 0x80, 
    0x00, 0x0E, 0x60, 0x3F, 0x80, 0x3F, 0xF3, 0x80, 0x00, 0x0C, 0x00, 0xFF, 0xF0, 0x00, 0xFB, 0x80, 
    0x00, 0x0C, 0x01, 0xE1, 0xFE, 0x00, 0x7F, 0x00, 0x00, 0x0C, 0x03, 0xC0, 0x7F, 0x00, 0x7F, 0x00, 
    0x00, 0x0F, 0xE7, 0x00, 0x37, 0x80, 0x67, 0x00, 0x00, 0x1F, 0xFF, 0x1C, 0x39, 0xC0, 0x63, 0x80, 
    0x00, 0x1C, 0x7E, 0x3F, 0x18, 0xC0, 0x61, 0x80, 0x00, 0x18, 0x0C, 0x7F, 0x18, 0xE0, 0xE1, 0x80, 
    0x00, 0x18, 0x0C, 0xE3, 0x98, 0x60, 0xE1, 0x80, 0x00, 0x18, 0x1C, 0xC1, 0x98, 0x7F, 0xC1, 0x80, 
    0x00, 0x38, 0x1D, 0xC1, 0x98, 0x7F, 0xE3, 0x80, 0x00, 0x38, 0x19, 0xC1, 0x98, 0x77, 0xF3, 0x80, 
    0x00, 0x30, 0x19, 0xC3, 0x98, 0x61, 0xFB, 0x00, 0x00, 0x30, 0x18, 0xC3, 0x38, 0x61, 0xFF, 0x00, 
    0x00, 0x30, 0x1C, 0xEF, 0x38, 0x61, 0x9F, 0x00, 0x00, 0x30, 0x1C, 0x7E, 0x30, 0xE1, 0x8F, 0x00, 
    0x00, 0x70, 0x0C, 0x3C, 0x70, 0xE1, 0x87, 0x00, 0x00, 0x70, 0x0E, 0x00, 0xE0, 0xC1, 0x87, 0x00, 
    0x00, 0x60, 0x07, 0x01, 0xC1, 0xC3, 0x86, 0x00, 0x00, 0x60, 0x07, 0x87, 0xC3, 0x83, 0x86, 0x00, 
    0x00, 0x60, 0x03, 0xFF, 0x07, 0x03, 0x06, 0x00, 0x00, 0x60, 0x00, 0xFE, 0x1E, 0x03, 0x0E, 0x00, 
    0x00, 0xE0, 0x00, 0x3F, 0xFC, 0x03, 0x0E, 0x00, 0x00, 0xF8, 0x00, 0x03, 0xF0, 0x07, 0x0E, 0x00, 
    0x00, 0xFF, 0xE0, 0x00, 0x00, 0x07, 0x0C, 0x00, 0x00, 0x7F, 0xFF, 0x80, 0x00, 0x07, 0x0C, 0x00, 
    0x00, 0x1C, 0x7F, 0xFC, 0x00, 0x06, 0x0C, 0x00, 0x00, 0x0E, 0x03, 0xFF, 0xF0, 0x06, 0x1C, 0x00, 
    0x00, 0x07, 0x80, 0x0F, 0xFF, 0xC6, 0x1C, 0x00, 0x00, 0x03, 0xFE, 0x00, 0x3F, 0xFE, 0x18, 0x00, 
    0x00, 0x01, 0xFF, 0xF8, 0x01, 0xFE, 0x18, 0x00, 0x00, 0x00, 0x0F, 0xFF, 0xC0, 0x07, 0x98, 0x00, 
    0x00, 0x00, 0x00, 0x3F, 0xFF, 0x03, 0xD8, 0x00, 0x00, 0x00, 0x00, 0x00, 0xFF, 0xFD, 0xF8, 0x00, 
    0x00, 0x00, 0x00, 0x00, 0x03, 0xFF, 0xF8, 0x00, 0x00, 0x00, 0x00, 0x00, 0x00, 0x0F, 0xF0, 0x00, 
    0x00, 0x00, 0x00, 0x00, 0x00, 0x00, 0x70, 0x00, 0x00, 0x00, 0x00, 0x00, 0x00, 0x00, 0x00, 0x00, 
    0x00, 0x00, 0x00, 0x00, 0x00, 0x00, 0x00, 0x00, 0x00, 0x00, 0x00, 0x00, 0x00, 0x00, 0x00, 0x00, 
    0x00, 0x00, 0x00, 0x00, 0x00, 0x00, 0x00, 0x00, 0x00, 0x00, 0x00, 0x00, 0x00, 0x00, 0x00, 0x00, 
    0x00, 0x00, 0x00, 0x00, 0x00, 0x00, 0x00, 0x00, 0x00, 0x00, 0x00, 0x00, 0x00, 0x00, 0x00, 0x00, 
    0x00, 0x00, 0x00, 0x00, 0x00, 0x00, 0x00, 0x00, 0x00, 0x00, 0x00, 0x00, 0x00, 0x00, 0x00, 0x00, 
      },
  {
    0x00, 0x00, 0x00, 0x00, 0x00, 0x00, 0x00, 0x00, 0x00, 0x00, 0x00, 0x00, 0x00, 0x00, 0x00, 0x00, 
    0x00, 0x00, 0x00, 0x00, 0x00, 0x00, 0x00, 0x00, 0x00, 0x00, 0x00, 0x00, 0x00, 0x00, 0x00, 0x00, 
    0x00, 0x00, 0x00, 0x00, 0x00, 0x00, 0x00, 0x00, 0x00, 0x00, 0x00, 0x00, 0x00, 0x00, 0x00, 0x00, 
    0x00, 0x00, 0x00, 0x00, 0x00, 0x00, 0x00, 0x00, 0x00, 0x00, 0x07, 0x00, 0x00, 0x00, 0x00, 0x00, 
    0x00, 0x00, 0x0F, 0xC0, 0x00, 0x00, 0x00, 0x00, 0x00, 0x00, 0x1D, 0xC0, 0x02, 0x00, 0x00, 0x00, 
    0x00, 0x00, 0x18, 0xE0, 0x07, 0xFC, 0x00, 0x00, 0x00, 0x00, 0x38, 0xE0, 0x07, 0xFF, 0xC0, 0x00, 
    0x00, 0x07, 0xF8, 0xE0, 0x06, 0x1F, 0xE0, 0x00, 0x00, 0x07, 0xFF, 0xE0, 0x06, 0x00, 0xF0, 0x00, 
    0x00, 0x06, 0x3F, 0xFF, 0x06, 0x00, 0xF8, 0x00, 0x00, 0x06, 0x00, 0xFF, 0xFE, 0x00, 0xDC, 0x00, 
    0x00, 0x0E, 0x00, 0x03, 0xFF, 0xF1, 0xCF, 0x00, 0x00, 0x0E, 0x00, 0x00, 0x0F, 0xFF, 0xC7, 0x00, 
    0x00, 0x0E, 0x60, 0x1F, 0x00, 0x3F, 0xF3, 0x00, 0x00, 0x0C, 0x60, 0x7F, 0xE0, 0x00, 0xFB, 0x00, 
    0x00, 0x0C, 0x00, 0xFB, 0xFC, 0x00, 0x7F, 0x00, 0x00, 0x0C, 0x01, 0xC0, 0x7F, 0x00, 0x7F, 0x00, 
    0x00, 0x1F, 0xC3, 0x80, 0x3F, 0x80, 0x67, 0x00, 0x00, 0x1F, 0xFF, 0x00, 0x39, 0xC0, 0x63, 0x80, 
    0x00, 0x1D, 0xFE, 0x3F, 0x18, 0xC0, 0x61, 0x80, 0x00, 0x18, 0x0E, 0x7F, 0x1C, 0xE0, 0x61, 0x80, 
    0x00, 0x18, 0x0C, 0xF3, 0x9C, 0x60, 0xE1, 0x80, 0x00, 0x18, 0x0C, 0xE1, 0x9C, 0x7F, 0xE3, 0x80, 
    0x00, 0x38, 0x1C, 0xC1, 0x9C, 0x7F, 0xE3, 0x80, 0x00, 0x38, 0x1C, 0xC1, 0x9C, 0x77, 0xF3, 0x80, 
    0x00, 0x30, 0x1C, 0xC1, 0x9C, 0x70, 0xFB, 0x00, 0x00, 0x30, 0x1C, 0xC3, 0x98, 0x70, 0xFF, 0x00, 
    0x00, 0x30, 0x1C, 0xE7, 0x18, 0x61, 0xDF, 0x00, 0x00, 0x30, 0x0C, 0x7F, 0x38, 0x61, 0xC7, 0x00, 
    0x00, 0x70, 0x0C, 0x3C, 0x30, 0xE1, 0x87, 0x00, 0x00, 0x70, 0x0E, 0x00, 0x70, 0xC1, 0x87, 0x00, 
    0x00, 0x60, 0x07, 0x00, 0xE1, 0xC1, 0x86, 0x00, 0x00, 0x60, 0x07, 0x83, 0xC3, 0x81, 0x86, 0x00, 
    0x00, 0x60, 0x03, 0xFF, 0x87, 0x83, 0x86, 0x00, 0x00, 0x60, 0x00, 0xFF, 0x0F, 0x03, 0x8E, 0x00, 
    0x00, 0xE0, 0x00, 0x3F, 0xFE, 0x03, 0x0E, 0x00, 0x00, 0xF0, 0x00, 0x07, 0xF8, 0x03, 0x0C, 0x00, 
    0x00, 0xFF, 0x80, 0x00, 0x00, 0x03, 0x0C, 0x00, 0x00, 0x7F, 0xFE, 0x00, 0x00, 0x07, 0x0C, 0x00, 
    0x00, 0x3D, 0xFF, 0xF8, 0x00, 0x07, 0x0C, 0x00, 0x00, 0x1E, 0x07, 0xFF, 0xE0, 0x07, 0x1C, 0x00, 
    0x00, 0x07, 0x80, 0x1F, 0xFF, 0x86, 0x1C, 0x00, 0x00, 0x03, 0xFC, 0x00, 0x7F, 0xFE, 0x18, 0x00, 
    0x00, 0x01, 0xFF, 0xF0, 0x01, 0xFF, 0x18, 0x00, 0x00, 0x00, 0x0F, 0xFF, 0xE0, 0x07, 0x98, 0x00, 
    0x00, 0x00, 0x00, 0x3F, 0xFF, 0x83, 0xD8, 0x00, 0x00, 0x00, 0x00, 0x00, 0xFF, 0xFD, 0xF8, 0x00, 
    0x00, 0x00, 0x00, 0x00, 0x03, 0xFF, 0xF8, 0x00, 0x00, 0x00, 0x00, 0x00, 0x00, 0x0F, 0xF0, 0x00, 
    0x00, 0x00, 0x00, 0x00, 0x00, 0x00, 0x30, 0x00, 0x00, 0x00, 0x00, 0x00, 0x00, 0x00, 0x00, 0x00, 
    0x00, 0x00, 0x00, 0x00, 0x00, 0x00, 0x00, 0x00, 0x00, 0x00, 0x00, 0x00, 0x00, 0x00, 0x00, 0x00, 
    0x00, 0x00, 0x00, 0x00, 0x00, 0x00, 0x00, 0x00, 0x00, 0x00, 0x00, 0x00, 0x00, 0x00, 0x00, 0x00, 
    0x00, 0x00, 0x00, 0x00, 0x00, 0x00, 0x00, 0x00, 0x00, 0x00, 0x00, 0x00, 0x00, 0x00, 0x00, 0x00, 
    0x00, 0x00, 0x00, 0x00, 0x00, 0x00, 0x00, 0x00, 0x00, 0x00, 0x00, 0x00, 0x00, 0x00, 0x00, 0x00, 
      },
  {
    0x00, 0x00, 0x00, 0x00, 0x00, 0x00, 0x00, 0x00, 0x00, 0x00, 0x00, 0x00, 0x00, 0x00, 0x00, 0x00, 
    0x00, 0x00, 0x00, 0x00, 0x00, 0x00, 0x00, 0x00, 0x00, 0x00, 0x00, 0x00, 0x00, 0x00, 0x00, 0x00, 
    0x00, 0x00, 0x00, 0x00, 0x00, 0x00, 0x00, 0x00, 0x00, 0x00, 0x00, 0x00, 0x00, 0x00, 0x00, 0x00, 
    0x00, 0x00, 0x00, 0x00, 0x00, 0x00, 0x00, 0x00, 0x00, 0x00, 0x07, 0x00, 0x00, 0x00, 0x00, 0x00, 
    0x00, 0x00, 0x0F, 0x80, 0x00, 0x00, 0x00, 0x00, 0x00, 0x00, 0x1F, 0xC0, 0x00, 0x00, 0x00, 0x00, 
    0x00, 0x00, 0x38, 0xC0, 0x07, 0xF8, 0x00, 0x00, 0x00, 0x00, 0x38, 0xE0, 0x07, 0xFF, 0xC0, 0x00, 
    0x00, 0x07, 0xF8, 0xC0, 0x06, 0x3F, 0xE0, 0x00, 0x00, 0x07, 0xFF, 0xC0, 0x06, 0x00, 0xF0, 0x00, 
    0x00, 0x06, 0xFF, 0xFE, 0x0E, 0x00, 0xF8, 0x00, 0x00, 0x06, 0x03, 0xFF, 0xFE, 0x00, 0xDC, 0x00, 
    0x00, 0x0E, 0x00, 0x0F, 0xFF, 0xF1, 0xCE, 0x00, 0x00, 0x0E, 0x00, 0x00, 0x1F, 0xFF, 0xC7, 0x00, 
    0x00, 0x0C, 0x60, 0x0E, 0x00, 0x7F, 0xF3, 0x00, 0x00, 0x0C, 0x60, 0x3F, 0xE0, 0x01, 0xFB, 0x00, 
    0x00, 0x0C, 0x00, 0xFF, 0xFC, 0x00, 0x3F, 0x00, 0x00, 0x0C, 0x01, 0xE0, 0x7F, 0x00, 0x7F, 0x00, 
    0x00, 0x1F, 0x03, 0x80, 0x3F, 0x80, 0x77, 0x00, 0x00, 0x1F, 0xFF, 0x00, 0x19, 0xC0, 0x63, 0x80, 
    0x00, 0x1F, 0xFF, 0x1F, 0x1C, 0xC0, 0x61, 0x80, 0x00, 0x18, 0x0E, 0x3F, 0x9C, 0xE0, 0x61, 0x80, 
    0x00, 0x18, 0x0E, 0x73, 0x8C, 0x60, 0x61, 0x80, 0x00, 0x18, 0x0C, 0xE1, 0xCC, 0x7E, 0xE3, 0x80, 
    0x00, 0x38, 0x0C, 0xE1, 0xCC, 0x7F, 0xE3, 0x80, 0x00, 0x38, 0x0C, 0xC1, 0xCC, 0x77, 0xF3, 0x00, 
    0x00, 0x30, 0x0C, 0xC1, 0xCC, 0x70, 0xFB, 0x00, 0x00, 0x30, 0x0C, 0xC1, 0x9C, 0x70, 0xFF, 0x00, 
    0x00, 0x30, 0x0C, 0xE3, 0x9C, 0x70, 0xCF, 0x00, 0x00, 0x30, 0x0C, 0x7F, 0x18, 0x61, 0xC7, 0x00, 
    0x00, 0x70, 0x0E, 0x3E, 0x38, 0x61, 0xC7, 0x00, 0x00, 0x70, 0x0E, 0x08, 0x30, 0xE1, 0xC6, 0x00, 
    0x00, 0x70, 0x07, 0x00, 0x70, 0xC1, 0x86, 0x00, 0x00, 0x60, 0x03, 0x81, 0xE1, 0xC1, 0x86, 0x00, 
    0x00, 0x60, 0x03, 0xE7, 0xC3, 0x81, 0x86, 0x00, 0x00, 0x60, 0x01, 0xFF, 0x8F, 0x03, 0x8E, 0x00, 
    0x00, 0xE0, 0x00, 0x7F, 0xFE, 0x03, 0x8E, 0x00, 0x00, 0xE0, 0x00, 0x07, 0xF8, 0x03, 0x8C, 0x00, 
    0x00, 0xFF, 0x00, 0x00, 0xC0, 0x03, 0x0C, 0x00, 0x00, 0x7F, 0xFC, 0x00, 0x00, 0x03, 0x0C, 0x00, 
    0x00, 0x3F, 0xFF, 0xF0, 0x00, 0x03, 0x0C, 0x00, 0x00, 0x1E, 0x1F, 0xFF, 0xE0, 0x03, 0x1C, 0x00, 
    0x00, 0x0F, 0x00, 0x3F, 0xFF, 0x87, 0x1C, 0x00, 0x00, 0x03, 0xFC, 0x00, 0xFF, 0xFF, 0x1C, 0x00, 
    0x00, 0x01, 0xFF, 0xF0, 0x01, 0xFF, 0x18, 0x00, 0x00, 0x00, 0x1F, 0xFF, 0xE0, 0x07, 0x98, 0x00, 
    0x00, 0x00, 0x00, 0x3F, 0xFF, 0x81, 0xF8, 0x00, 0x00, 0x00, 0x00, 0x00, 0xFF, 0xFF, 0xF8, 0x00, 
    0x00, 0x00, 0x00, 0x00, 0x01, 0xFF, 0xF8, 0x00, 0x00, 0x00, 0x00, 0x00, 0x00, 0x07, 0xF8, 0x00, 
    0x00, 0x00, 0x00, 0x00, 0x00, 0x00, 0x00, 0x00, 0x00, 0x00, 0x00, 0x00, 0x00, 0x00, 0x00, 0x00, 
    0x00, 0x00, 0x00, 0x00, 0x00, 0x00, 0x00, 0x00, 0x00, 0x00, 0x00, 0x00, 0x00, 0x00, 0x00, 0x00, 
    0x00, 0x00, 0x00, 0x00, 0x00, 0x00, 0x00, 0x00, 0x00, 0x00, 0x00, 0x00, 0x00, 0x00, 0x00, 0x00, 
    0x00, 0x00, 0x00, 0x00, 0x00, 0x00, 0x00, 0x00, 0x00, 0x00, 0x00, 0x00, 0x00, 0x00, 0x00, 0x00, 
    0x00, 0x00, 0x00, 0x00, 0x00, 0x00, 0x00, 0x00, 0x00, 0x00, 0x00, 0x00, 0x00, 0x00, 0x00, 0x00, 
      },
  {
    0x00, 0x00, 0x00, 0x00, 0x00, 0x00, 0x00, 0x00, 0x00, 0x00, 0x00, 0x00, 0x00, 0x00, 0x00, 0x00, 
    0x00, 0x00, 0x00, 0x00, 0x00, 0x00, 0x00, 0x00, 0x00, 0x00, 0x00, 0x00, 0x00, 0x00, 0x00, 0x00, 
    0x00, 0x00, 0x00, 0x00, 0x00, 0x00, 0x00, 0x00, 0x00, 0x00, 0x00, 0x00, 0x00, 0x00, 0x00, 0x00, 
    0x00, 0x00, 0x00, 0x00, 0x00, 0x00, 0x00, 0x00, 0x00, 0x00, 0x00, 0x00, 0x00, 0x00, 0x00, 0x00, 
    0x00, 0x00, 0x0F, 0x80, 0x00, 0x00, 0x00, 0x00, 0x00, 0x00, 0x1F, 0x80, 0x00, 0x00, 0x00, 0x00, 
    0x00, 0x00, 0x39, 0xC0, 0x07, 0xF0, 0x00, 0x00, 0x00, 0x00, 0x30, 0xC0, 0x07, 0xFF, 0xC0, 0x00, 
    0x00, 0x07, 0x30, 0xC0, 0x06, 0x3F, 0xE0, 0x00, 0x00, 0x07, 0xFF, 0xC0, 0x06, 0x00, 0xF0, 0x00, 
    0x00, 0x07, 0xFF, 0xF8, 0x0E, 0x00, 0xF8, 0x00, 0x00, 0x0E, 0x0F, 0xFF, 0xFE, 0x00, 0xDC, 0x00, 
    0x00, 0x0E, 0x00, 0x1F, 0xFF, 0xE0, 0xCE, 0x00, 0x00, 0x0C, 0x00, 0x00, 0x3F, 0xFF, 0xC7, 0x00, 
    0x00, 0x0C, 0x40, 0x00, 0x00, 0xFF, 0xF3, 0x00, 0x00, 0x0C, 0x60, 0x3F, 0xC0, 0x01, 0xFF, 0x00, 
    0x00, 0x0C, 0x00, 0x7F, 0xF8, 0x00, 0x3F, 0x00, 0x00, 0x1C, 0x00, 0xF0, 0xFF, 0x00, 0x3F, 0x00, 
    0x00, 0x1C, 0x01, 0xC0, 0x3F, 0x80, 0x77, 0x00, 0x00, 0x1F, 0xF3, 0x80, 0x1B, 0xC0, 0x73, 0x80, 
    0x00, 0x1F, 0xFF, 0x0E, 0x1C, 0xC0, 0x71, 0x80, 0x00, 0x18, 0x7F, 0x3F, 0x8C, 0xE0, 0x61, 0x80, 
    0x00, 0x18, 0x06, 0x7B, 0xCE, 0x60, 0x63, 0x80, 0x00, 0x18, 0x0E, 0x71, 0xCE, 0x7E, 0x63, 0x80, 
    0x00, 0x38, 0x0C, 0x60, 0xCE, 0x7F, 0xE3, 0x00, 0x00, 0x38, 0x0C, 0xE0, 0xCE, 0x3F, 0xF3, 0x00, 
    0x00, 0x30, 0x0C, 0xE0, 0xCE, 0x30, 0xFB, 0x00, 0x00, 0x30, 0x0C, 0xE1, 0xCC, 0x30, 0xFF, 0x00, 
    0x00, 0x30, 0x0C, 0x61, 0xCC, 0x70, 0xCF, 0x00, 0x00, 0x30, 0x0C, 0x7F, 0x9C, 0x70, 0xC7, 0x00, 
    0x00, 0x70, 0x0E, 0x3F, 0x1C, 0x60, 0xC7, 0x00, 0x00, 0x70, 0x06, 0x1E, 0x38, 0xE1, 0xC6, 0x00, 
    0x00, 0x70, 0x07, 0x00, 0x70, 0xE1, 0xC6, 0x00, 0x00, 0x60, 0x03, 0x80, 0xF1, 0xC1, 0xC6, 0x00, 
    0x00, 0x60, 0x03, 0xC1, 0xE3, 0x81, 0x86, 0x00, 0x00, 0x60, 0x01, 0xFF, 0x87, 0x01, 0x8E, 0x00, 
    0x00, 0x60, 0x00, 0x7F, 0xFE, 0x01, 0x8E, 0x00, 0x00, 0xE0, 0x00, 0x0F, 0xFC, 0x01, 0x8C, 0x00, 
    0x00, 0xFC, 0x00, 0x01, 0xF0, 0x03, 0x8C, 0x00, 0x00, 0xFF, 0xF0, 0x00, 0x00, 0x03, 0x8C, 0x00, 
    0x00, 0x7F, 0xFF, 0xE0, 0x00, 0x03, 0x0C, 0x00, 0x00, 0x1E, 0x3F, 0xFF, 0xC0, 0x03, 0x0C, 0x00, 
    0x00, 0x0F, 0x00, 0xFF, 0xFF, 0x83, 0x1C, 0x00, 0x00, 0x07, 0xF8, 0x01, 0xFF, 0xFF, 0x1C, 0x00, 
    0x00, 0x01, 0xFF, 0xF0, 0x03, 0xFF, 0x18, 0x00, 0x00, 0x00, 0x1F, 0xFF, 0xE0, 0x07, 0x98, 0x00, 
    0x00, 0x00, 0x00, 0x3F, 0xFF, 0xC1, 0xF8, 0x00, 0x00, 0x00, 0x00, 0x00, 0xFF, 0xFF, 0xF8, 0x00, 
    0x00, 0x00, 0x00, 0x00, 0x01, 0xFF, 0xF8, 0x00, 0x00, 0x00, 0x00, 0x00, 0x00, 0x03, 0xF8, 0x00, 
    0x00, 0x00, 0x00, 0x00, 0x00, 0x00, 0x00, 0x00, 0x00, 0x00, 0x00, 0x00, 0x00, 0x00, 0x00, 0x00, 
    0x00, 0x00, 0x00, 0x00, 0x00, 0x00, 0x00, 0x00, 0x00, 0x00, 0x00, 0x00, 0x00, 0x00, 0x00, 0x00, 
    0x00, 0x00, 0x00, 0x00, 0x00, 0x00, 0x00, 0x00, 0x00, 0x00, 0x00, 0x00, 0x00, 0x00, 0x00, 0x00, 
    0x00, 0x00, 0x00, 0x00, 0x00, 0x00, 0x00, 0x00, 0x00, 0x00, 0x00, 0x00, 0x00, 0x00, 0x00, 0x00, 
    0x00, 0x00, 0x00, 0x00, 0x00, 0x00, 0x00, 0x00, 0x00, 0x00, 0x00, 0x00, 0x00, 0x00, 0x00, 0x00, 
      },
  {
    0x00, 0x00, 0x00, 0x00, 0x00, 0x00, 0x00, 0x00, 0x00, 0x00, 0x00, 0x00, 0x00, 0x00, 0x00, 0x00, 
    0x00, 0x00, 0x00, 0x00, 0x00, 0x00, 0x00, 0x00, 0x00, 0x00, 0x00, 0x00, 0x00, 0x00, 0x00, 0x00, 
    0x00, 0x00, 0x00, 0x00, 0x00, 0x00, 0x00, 0x00, 0x00, 0x00, 0x00, 0x00, 0x00, 0x00, 0x00, 0x00, 
    0x00, 0x00, 0x00, 0x00, 0x00, 0x00, 0x00, 0x00, 0x00, 0x00, 0x00, 0x00, 0x00, 0x00, 0x00, 0x00, 
    0x00, 0x00, 0x0F, 0x00, 0x00, 0x00, 0x00, 0x00, 0x00, 0x00, 0x1F, 0x80, 0x00, 0x00, 0x00, 0x00, 
    0x00, 0x00, 0x39, 0xC0, 0x07, 0xE0, 0x00, 0x00, 0x00, 0x00, 0x31, 0xC0, 0x07, 0xFF, 0xC0, 0x00, 
    0x00, 0x00, 0x30, 0xC0, 0x06, 0xFF, 0xE0, 0x00, 0x00, 0x07, 0xF1, 0xC0, 0x0E, 0x00, 0xF0, 0x00, 
    0x00, 0x0F, 0xFF, 0xF0, 0x0E, 0x00, 0xF8, 0x00, 0x00, 0x0E, 0x3F, 0xFF, 0xEE, 0x00, 0xDC, 0x00, 
    0x00, 0x0C, 0x00, 0x7F, 0xFF, 0xC0, 0xCE, 0x00, 0x00, 0x0C, 0x00, 0x00, 0xFF, 0xFF, 0xC7, 0x00, 
    0x00, 0x0C, 0x00, 0x00, 0x01, 0xFF, 0xF7, 0x00, 0x00, 0x0C, 0xE0, 0x1F, 0x80, 0x01, 0xFF, 0x00, 
    0x00, 0x0C, 0x40, 0x3F, 0xF8, 0x00, 0x3E, 0x00, 0x00, 0x1C, 0x00, 0xF8, 0xFE, 0x00, 0x3E, 0x00, 
    0x00, 0x1C, 0x01, 0xE0, 0x3F, 0x80, 0x37, 0x00, 0x00, 0x1F, 0xC1, 0xC0, 0x1F, 0xC0, 0x73, 0x80, 
    0x00, 0x1F, 0xFF, 0x86, 0x0C, 0xC0, 0x71, 0x80, 0x00, 0x19, 0xFF, 0x1F, 0x8E, 0xE0, 0x73, 0x80, 
    0x00, 0x18, 0x06, 0x3F, 0xC6, 0x60, 0x63, 0x80, 0x00, 0x18, 0x06, 0x70, 0xC6, 0x7E, 0x63, 0x00, 
    0x00, 0x38, 0x0E, 0x70, 0xE6, 0x3F, 0xE3, 0x00, 0x00, 0x38, 0x0E, 0x60, 0xE6, 0x3F, 0xF3, 0x00, 
    0x00, 0x30, 0x0E, 0x60, 0xE6, 0x30, 0xFF, 0x00, 0x00, 0x30, 0x0E, 0x60, 0xE6, 0x30, 0xFF, 0x00, 
    0x00, 0x30, 0x0E, 0x61, 0xCE, 0x30, 0xEF, 0x00, 0x00, 0x30, 0x0E, 0x73, 0xCE, 0x30, 0xC7, 0x00, 
    0x00, 0x70, 0x06, 0x3F, 0x8C, 0x70, 0xC7, 0x00, 0x00, 0x70, 0x06, 0x1F, 0x1C, 0x60, 0xC6, 0x00, 
    0x00, 0x70, 0x07, 0x00, 0x38, 0xE0, 0xC6, 0x00, 0x00, 0x60, 0x03, 0x80, 0x70, 0xC1, 0xC6, 0x00, 
    0x00, 0x60, 0x01, 0xC0, 0xF1, 0xC1, 0xC6, 0x00, 0x00, 0x60, 0x00, 0xFF, 0xC7, 0x81, 0xCE, 0x00, 
    0x00, 0x60, 0x00, 0x7F, 0xDF, 0x01, 0x8E, 0x00, 0x00, 0xE0, 0x00, 0x0F, 0xFE, 0x01, 0x8E, 0x00, 
    0x00, 0xE0, 0x00, 0x01, 0xF8, 0x01, 0x8C, 0x00, 0x00, 0xFF, 0xC0, 0x00, 0x00, 0x01, 0x8C, 0x00, 
    0x00, 0x7F, 0xFF, 0x80, 0x00, 0x03, 0x8C, 0x00, 0x00, 0x3E, 0xFF, 0xFF, 0x80, 0x03, 0x8C, 0x00, 
    0x00, 0x0F, 0x01, 0xFF, 0xFF, 0x03, 0x9C, 0x00, 0x00, 0x07, 0xF8, 0x03, 0xFF, 0xFF, 0x1C, 0x00, 
    0x00, 0x03, 0xFF, 0xF0, 0x07, 0xFF, 0x9C, 0x00, 0x00, 0x00, 0x3F, 0xFF, 0xE0, 0x07, 0xD8, 0x00, 
    0x00, 0x00, 0x00, 0x7F, 0xFF, 0xC1, 0xF8, 0x00, 0x00, 0x00, 0x00, 0x00, 0x7F, 0xFF, 0xF8, 0x00, 
    0x00, 0x00, 0x00, 0x00, 0x00, 0xFF, 0xF8, 0x00, 0x00, 0x00, 0x00, 0x00, 0x00, 0x01, 0xF8, 0x00, 
    0x00, 0x00, 0x00, 0x00, 0x00, 0x00, 0x00, 0x00, 0x00, 0x00, 0x00, 0x00, 0x00, 0x00, 0x00, 0x00, 
    0x00, 0x00, 0x00, 0x00, 0x00, 0x00, 0x00, 0x00, 0x00, 0x00, 0x00, 0x00, 0x00, 0x00, 0x00, 0x00, 
    0x00, 0x00, 0x00, 0x00, 0x00, 0x00, 0x00, 0x00, 0x00, 0x00, 0x00, 0x00, 0x00, 0x00, 0x00, 0x00, 
    0x00, 0x00, 0x00, 0x00, 0x00, 0x00, 0x00, 0x00, 0x00, 0x00, 0x00, 0x00, 0x00, 0x00, 0x00, 0x00, 
    0x00, 0x00, 0x00, 0x00, 0x00, 0x00, 0x00, 0x00, 0x00, 0x00, 0x00, 0x00, 0x00, 0x00, 0x00, 0x00, 
      },
  {
    0x00, 0x00, 0x00, 0x00, 0x00, 0x00, 0x00, 0x00, 0x00, 0x00, 0x00, 0x00, 0x00, 0x00, 0x00, 0x00, 
    0x00, 0x00, 0x00, 0x00, 0x00, 0x00, 0x00, 0x00, 0x00, 0x00, 0x00, 0x00, 0x00, 0x00, 0x00, 0x00, 
    0x00, 0x00, 0x00, 0x00, 0x00, 0x00, 0x00, 0x00, 0x00, 0x00, 0x00, 0x00, 0x00, 0x00, 0x00, 0x00, 
    0x00, 0x00, 0x00, 0x00, 0x00, 0x00, 0x00, 0x00, 0x00, 0x00, 0x00, 0x00, 0x00, 0x00, 0x00, 0x00, 
    0x00, 0x00, 0x0E, 0x00, 0x00, 0x00, 0x00, 0x00, 0x00, 0x00, 0x1F, 0x00, 0x00, 0x00, 0x00, 0x00, 
    0x00, 0x00, 0x3F, 0x80, 0x07, 0xC0, 0x00, 0x00, 0x00, 0x00, 0x31, 0xC0, 0x07, 0xFF, 0xC0, 0x00, 
    0x00, 0x00, 0x71, 0xC0, 0x07, 0xFF, 0xE0, 0x00, 0x00, 0x07, 0xF1, 0xC0, 0x0E, 0x00, 0xF0, 0x00, 
    0x00, 0x0F, 0xFF, 0xC0, 0x0E, 0x00, 0xF8, 0x00, 0x00, 0x0F, 0xFF, 0xFF, 0x8E, 0x00, 0xDC, 0x00, 
    0x00, 0x0C, 0x01, 0xFF, 0xFF, 0x80, 0xCE, 0x00, 0x00, 0x0C, 0x00, 0x03, 0xFF, 0xFF, 0xC7, 0x00, 
    0x00, 0x0C, 0x00, 0x00, 0x03, 0xFF, 0xF6, 0x00, 0x00, 0x0C, 0xC0, 0x07, 0x80, 0x03, 0xFE, 0x00, 
    0x00, 0x1C, 0xC0, 0x3F, 0xF0, 0x00, 0x3E, 0x00, 0x00, 0x1C, 0x00, 0x7F, 0xFE, 0x00, 0x3E, 0x00, 
    0x00, 0x18, 0x00, 0xF0, 0x3F, 0x80, 0x37, 0x00, 0x00, 0x1E, 0x01, 0xC0, 0x1F, 0xC0, 0x33, 0x80, 
    0x00, 0x1F, 0xFF, 0x80, 0x0F, 0xC0, 0x33, 0x80, 0x00, 0x1F, 0xFF, 0x8F, 0x86, 0xE0, 0x73, 0x80, 
    0x00, 0x18, 0x0F, 0x1F, 0xC6, 0x70, 0x73, 0x80, 0x00, 0x38, 0x07, 0x38, 0xE7, 0x7C, 0x73, 0x00, 
    0x00, 0x38, 0x06, 0x70, 0xE7, 0x3F, 0xE3, 0x00, 0x00, 0x38, 0x06, 0x70, 0x67, 0x3F, 0xF3, 0x00, 
    0x00, 0x30, 0x0E, 0x60, 0x67, 0x30, 0x7F, 0x00, 0x00, 0x30, 0x0E, 0x60, 0x67, 0x30, 0x7F, 0x00, 
    0x00, 0x30, 0x0E, 0x70, 0xE6, 0x30, 0xEF, 0x00, 0x00, 0x30, 0x06, 0x31, 0xC6, 0x30, 0xE7, 0x00, 
    0x00, 0x30, 0x06, 0x3F, 0xCE, 0x30, 0xE6, 0x00, 0x00, 0x70, 0x07, 0x1F, 0x8C, 0x70, 0xC6, 0x00, 
    0x00, 0x70, 0x03, 0x00, 0x1C, 0x60, 0xC6, 0x00, 0x00, 0x60, 0x03, 0x80, 0x38, 0xE0, 0xC6, 0x00, 
    0x00, 0x60, 0x01, 0xC0, 0x79, 0xC0, 0xC6, 0x00, 0x00, 0x60, 0x00, 0xFB, 0xE3, 0x80, 0xCE, 0x00, 
    0x00, 0x60, 0x00, 0x7F, 0xCF, 0x01, 0xCE, 0x00, 0x00, 0x60, 0x00, 0x1F, 0xFE, 0x01, 0xCE, 0x00, 
    0x00, 0xE0, 0x00, 0x03, 0xF8, 0x01, 0xCC, 0x00, 0x00, 0xFF, 0x00, 0x00, 0x00, 0x01, 0x8C, 0x00, 
    0x00, 0xFF, 0xFE, 0x00, 0x00, 0x01, 0x8C, 0x00, 0x00, 0x3F, 0xFF, 0xFF, 0x00, 0x01, 0x8C, 0x00, 
    0x00, 0x1E, 0x07, 0xFF, 0xFE, 0x01, 0x9C, 0x00, 0x00, 0x07, 0xF0, 0x07, 0xFF, 0xFF, 0x9C, 0x00, 
    0x00, 0x03, 0xFF, 0xE0, 0x07, 0xFF, 0x9C, 0x00, 0x00, 0x00, 0x7F, 0xFF, 0xE0, 0x0F, 0xD8, 0x00, 
    0x00, 0x00, 0x00, 0x7F, 0xFF, 0xE0, 0xF8, 0x00, 0x00, 0x00, 0x00, 0x00, 0x7F, 0xFF, 0xF8, 0x00, 
    0x00, 0x00, 0x00, 0x00, 0x00, 0x7F, 0xF8, 0x00, 0x00, 0x00, 0x00, 0x00, 0x00, 0x00, 0xF8, 0x00, 
    0x00, 0x00, 0x00, 0x00, 0x00, 0x00, 0x00, 0x00, 0x00, 0x00, 0x00, 0x00, 0x00, 0x00, 0x00, 0x00, 
    0x00, 0x00, 0x00, 0x00, 0x00, 0x00, 0x00, 0x00, 0x00, 0x00, 0x00, 0x00, 0x00, 0x00, 0x00, 0x00, 
    0x00, 0x00, 0x00, 0x00, 0x00, 0x00, 0x00, 0x00, 0x00, 0x00, 0x00, 0x00, 0x00, 0x00, 0x00, 0x00, 
    0x00, 0x00, 0x00, 0x00, 0x00, 0x00, 0x00, 0x00, 0x00, 0x00, 0x00, 0x00, 0x00, 0x00, 0x00, 0x00, 
    0x00, 0x00, 0x00, 0x00, 0x00, 0x00, 0x00, 0x00, 0x00, 0x00, 0x00, 0x00, 0x00, 0x00, 0x00, 0x00, 
      },
  {
    0x00, 0x00, 0x00, 0x00, 0x00, 0x00, 0x00, 0x00, 0x00, 0x00, 0x00, 0x00, 0x00, 0x00, 0x00, 0x00, 
    0x00, 0x00, 0x00, 0x00, 0x00, 0x00, 0x00, 0x00, 0x00, 0x00, 0x00, 0x00, 0x00, 0x00, 0x00, 0x00, 
    0x00, 0x00, 0x00, 0x00, 0x00, 0x00, 0x00, 0x00, 0x00, 0x00, 0x00, 0x00, 0x00, 0x00, 0x00, 0x00, 
    0x00, 0x00, 0x00, 0x00, 0x00, 0x00, 0x00, 0x00, 0x00, 0x00, 0x00, 0x00, 0x00, 0x00, 0x00, 0x00, 
    0x00, 0x00, 0x04, 0x00, 0x00, 0x00, 0x00, 0x00, 0x00, 0x00, 0x1F, 0x00, 0x00, 0x00, 0x00, 0x00, 
    0x00, 0x00, 0x3F, 0x80, 0x07, 0x80, 0x00, 0x00, 0x00, 0x00, 0x71, 0x80, 0x07, 0xFF, 0xC0, 0x00, 
    0x00, 0x00, 0x61, 0x80, 0x0F, 0xFF, 0xE0, 0x00, 0x00, 0x06, 0x61, 0x80, 0x0E, 0x01, 0xF0, 0x00, 
    0x00, 0x0F, 0xFF, 0x80, 0x0E, 0x00, 0xF8, 0x00, 0x00, 0x0F, 0xFF, 0xFF, 0x0C, 0x00, 0xFC, 0x00, 
    0x00, 0x0C, 0x0F, 0xFF, 0xFF, 0x00, 0xCE, 0x00, 0x00, 0x0C, 0x00, 0x0F, 0xFF, 0xFF, 0xC6, 0x00, 
    0x00, 0x0C, 0x00, 0x00, 0x07, 0xFF, 0xFE, 0x00, 0x00, 0x1C, 0x40, 0x00, 0x00, 0x07, 0xFE, 0x00, 
    0x00, 0x1C, 0xE0, 0x1F, 0xE0, 0x00, 0x3E, 0x00, 0x00, 0x1C, 0x00, 0x3F, 0xFE, 0x00, 0x3F, 0x00, 
    0x00, 0x18, 0x00, 0xF0, 0x3F, 0x80, 0x37, 0x00, 0x00, 0x18, 0x00, 0xE0, 0x1F, 0xC0, 0x33, 0x80, 
    0x00, 0x1F, 0xF1, 0xC0, 0x0F, 0xC0, 0x33, 0x80, 0x00, 0x1F, 0xFF, 0x87, 0x86, 0xE0, 0x33, 0x80, 
    0x00, 0x18, 0x7F, 0x1F, 0xC7, 0x70, 0x33, 0x00, 0x00, 0x38, 0x07, 0x1D, 0xE3, 0x38, 0x73, 0x00, 
    0x00, 0x38, 0x07, 0x38, 0x63, 0x3F, 0xF3, 0x00, 0x00, 0x38, 0x06, 0x30, 0x73, 0x3F, 0xF3, 0x00, 
    0x00, 0x30, 0x06, 0x70, 0x73, 0x38, 0x7F, 0x00, 0x00, 0x30, 0x06, 0x70, 0x73, 0x38, 0x7F, 0x00, 
    0x00, 0x30, 0x06, 0x30, 0x63, 0x38, 0x6F, 0x00, 0x00, 0x30, 0x06, 0x38, 0xE7, 0x30, 0x67, 0x00, 
    0x00, 0x30, 0x07, 0x3F, 0xC7, 0x30, 0x66, 0x00, 0x00, 0x70, 0x07, 0x1F, 0x86, 0x70, 0xE6, 0x00, 
    0x00, 0x70, 0x03, 0x07, 0x0E, 0x70, 0xE6, 0x00, 0x00, 0x70, 0x03, 0x80, 0x1C, 0xE0, 0xE6, 0x00, 
    0x00, 0x60, 0x01, 0xC0, 0x38, 0xE0, 0xC6, 0x00, 0x00, 0x60, 0x00, 0xF0, 0xF3, 0xC0, 0xCE, 0x00, 
    0x00, 0x60, 0x00, 0x7F, 0xE7, 0x80, 0xCE, 0x00, 0x00, 0x60, 0x00, 0x3F, 0xFF, 0x00, 0xCE, 0x00, 
    0x00, 0x60, 0x00, 0x03, 0xFC, 0x01, 0xCC, 0x00, 0x00, 0xF8, 0x00, 0x00, 0x00, 0x01, 0xCC, 0x00, 
    0x00, 0xFF, 0xF8, 0x00, 0x00, 0x01, 0xCC, 0x00, 0x00, 0x7F, 0xFF, 0xFC, 0x00, 0x01, 0xCC, 0x00, 
    0x00, 0x1E, 0x1F, 0xFF, 0xFC, 0x01, 0x8C, 0x00, 0x00, 0x0F, 0xE0, 0x1F, 0xFF, 0xFF, 0x9C, 0x00, 
    0x00, 0x03, 0xFF, 0xE0, 0x0F, 0xFF, 0x9C, 0x00, 0x00, 0x00, 0xFF, 0xFF, 0xE0, 0x0F, 0xDC, 0x00, 
    0x00, 0x00, 0x00, 0x7F, 0xFF, 0xF0, 0xF8, 0x00, 0x00, 0x00, 0x00, 0x00, 0x7F, 0xFF, 0xF8, 0x00, 
    0x00, 0x00, 0x00, 0x00, 0x00, 0x7F, 0xF8, 0x00, 0x00, 0x00, 0x00, 0x00, 0x00, 0x00, 0x30, 0x00, 
    0x00, 0x00, 0x00, 0x00, 0x00, 0x00, 0x00, 0x00, 0x00, 0x00, 0x00, 0x00, 0x00, 0x00, 0x00, 0x00, 
    0x00, 0x00, 0x00, 0x00, 0x00, 0x00, 0x00, 0x00, 0x00, 0x00, 0x00, 0x00, 0x00, 0x00, 0x00, 0x00, 
    0x00, 0x00, 0x00, 0x00, 0x00, 0x00, 0x00, 0x00, 0x00, 0x00, 0x00, 0x00, 0x00, 0x00, 0x00, 0x00, 
    0x00, 0x00, 0x00, 0x00, 0x00, 0x00, 0x00, 0x00, 0x00, 0x00, 0x00, 0x00, 0x00, 0x00, 0x00, 0x00, 
    0x00, 0x00, 0x00, 0x00, 0x00, 0x00, 0x00, 0x00, 0x00, 0x00, 0x00, 0x00, 0x00, 0x00, 0x00, 0x00, 
      },
  {
    0x00, 0x00, 0x00, 0x00, 0x00, 0x00, 0x00, 0x00, 0x00, 0x00, 0x00, 0x00, 0x00, 0x00, 0x00, 0x00, 
    0x00, 0x00, 0x00, 0x00, 0x00, 0x00, 0x00, 0x00, 0x00, 0x00, 0x00, 0x00, 0x00, 0x00, 0x00, 0x00, 
    0x00, 0x00, 0x00, 0x00, 0x00, 0x00, 0x00, 0x00, 0x00, 0x00, 0x00, 0x00, 0x00, 0x00, 0x00, 0x00, 
    0x00, 0x00, 0x00, 0x00, 0x00, 0x00, 0x00, 0x00, 0x00, 0x00, 0x00, 0x00, 0x00, 0x00, 0x00, 0x00, 
    0x00, 0x00, 0x00, 0x00, 0x00, 0x00, 0x00, 0x00, 0x00, 0x00, 0x1E, 0x00, 0x00, 0x00, 0x00, 0x00, 
    0x00, 0x00, 0x3F, 0x00, 0x07, 0x00, 0x00, 0x00, 0x00, 0x00, 0x73, 0x80, 0x07, 0xFF, 0x80, 0x00, 
    0x00, 0x00, 0x61, 0x80, 0x0F, 0xFF, 0xE0, 0x00, 0x00, 0x00, 0x61, 0x80, 0x0E, 0x03, 0xF0, 0x00, 
    0x00, 0x0F, 0xF1, 0x80, 0x0E, 0x00, 0xF8, 0x00, 0x00, 0x0F, 0xFF, 0xF8, 0x0C, 0x00, 0xFC, 0x00, 
    0x00, 0x0C, 0x7F, 0xFF, 0xFE, 0x00, 0xCE, 0x00, 0x00, 0x1C, 0x00, 0x3F, 0xFF, 0xFF, 0xC6, 0x00, 
    0x00, 0x1C, 0x00, 0x00, 0x1F, 0xFF, 0xFE, 0x00, 0x00, 0x1C, 0x00, 0x00, 0x00, 0x0F, 0xFE, 0x00, 
    0x00, 0x1C, 0xC0, 0x0F, 0xE0, 0x00, 0x3E, 0x00, 0x00, 0x18, 0xC0, 0x3F, 0xFC, 0x00, 0x3F, 0x00, 
    0x00, 0x18, 0x00, 0x7C, 0x7F, 0x00, 0x3F, 0x80, 0x00, 0x18, 0x00, 0xF0, 0x1F, 0xC0, 0x33, 0x80, 
    0x00, 0x1F, 0x81, 0xC0, 0x0F, 0xC0, 0x33, 0x00, 0x00, 0x1F, 0xFF, 0xC3, 0x07, 0xE0, 0x33, 0x00, 
    0x00, 0x3B, 0xFF, 0x8F, 0xC3, 0x70, 0x33, 0x00, 0x00, 0x38, 0x03, 0x1F, 0xE3, 0xB8, 0x33, 0x00, 
    0x00, 0x38, 0x03, 0x18, 0x73, 0xBF, 0xF3, 0x00, 0x00, 0x30, 0x07, 0x38, 0x31, 0xBF, 0xFB, 0x00, 
    0x00, 0x30, 0x07, 0x30, 0x31, 0xB8, 0x7F, 0x00, 0x00, 0x30, 0x07, 0x30, 0x31, 0x98, 0x7F, 0x00, 
    0x00, 0x30, 0x07, 0x30, 0x33, 0xB8, 0x6F, 0x00, 0x00, 0x30, 0x07, 0x38, 0x73, 0xB8, 0x66, 0x00, 
    0x00, 0x30, 0x07, 0x1C, 0xE3, 0x38, 0x66, 0x00, 0x00, 0x70, 0x03, 0x1F, 0xC7, 0x30, 0x66, 0x00, 
    0x00, 0x70, 0x03, 0x87, 0x87, 0x70, 0x66, 0x00, 0x00, 0x70, 0x03, 0x80, 0x0E, 0x60, 0xE6, 0x00, 
    0x00, 0x60, 0x01, 0xC0, 0x1C, 0xE0, 0xEE, 0x00, 0x00, 0x60, 0x00, 0xF0, 0x79, 0xC0, 0xEE, 0x00, 
    0x00, 0x60, 0x00, 0x7F, 0xF3, 0x80, 0xEE, 0x00, 0x00, 0x60, 0x00, 0x3F, 0xFF, 0x00, 0xCE, 0x00, 
    0x00, 0x60, 0x00, 0x07, 0xFE, 0x00, 0xCC, 0x00, 0x00, 0xE0, 0x00, 0x00, 0x70, 0x00, 0xCC, 0x00, 
    0x00, 0xFF, 0xE0, 0x00, 0x00, 0x00, 0xCC, 0x00, 0x00, 0x7F, 0xFF, 0xF0, 0x00, 0x00, 0xCC, 0x00, 
    0x00, 0x3F, 0xFF, 0xFF, 0xF8, 0x01, 0xCC, 0x00, 0x00, 0x0F, 0xC0, 0x7F, 0xFF, 0xFD, 0xDC, 0x00, 
    0x00, 0x03, 0xFF, 0xE0, 0x3F, 0xFF, 0xDC, 0x00, 0x00, 0x01, 0xFF, 0xFF, 0xF0, 0x1F, 0xFC, 0x00, 
    0x00, 0x00, 0x00, 0xFF, 0xFF, 0xF8, 0xFC, 0x00, 0x00, 0x00, 0x00, 0x00, 0x7F, 0xFF, 0xF8, 0x00, 
    0x00, 0x00, 0x00, 0x00, 0x00, 0x3F, 0xF8, 0x00, 0x00, 0x00, 0x00, 0x00, 0x00, 0x00, 0x10, 0x00, 
    0x00, 0x00, 0x00, 0x00, 0x00, 0x00, 0x00, 0x00, 0x00, 0x00, 0x00, 0x00, 0x00, 0x00, 0x00, 0x00, 
    0x00, 0x00, 0x00, 0x00, 0x00, 0x00, 0x00, 0x00, 0x00, 0x00, 0x00, 0x00, 0x00, 0x00, 0x00, 0x00, 
    0x00, 0x00, 0x00, 0x00, 0x00, 0x00, 0x00, 0x00, 0x00, 0x00, 0x00, 0x00, 0x00, 0x00, 0x00, 0x00, 
    0x00, 0x00, 0x00, 0x00, 0x00, 0x00, 0x00, 0x00, 0x00, 0x00, 0x00, 0x00, 0x00, 0x00, 0x00, 0x00, 
    0x00, 0x00, 0x00, 0x00, 0x00, 0x00, 0x00, 0x00, 0x00, 0x00, 0x00, 0x00, 0x00, 0x00, 0x00, 0x00, 
      },
  {
    0x00, 0x00, 0x00, 0x00, 0x00, 0x00, 0x00, 0x00, 0x00, 0x00, 0x00, 0x00, 0x00, 0x00, 0x00, 0x00, 
    0x00, 0x00, 0x00, 0x00, 0x00, 0x00, 0x00, 0x00, 0x00, 0x00, 0x00, 0x00, 0x00, 0x00, 0x00, 0x00, 
    0x00, 0x00, 0x00, 0x00, 0x00, 0x00, 0x00, 0x00, 0x00, 0x00, 0x00, 0x00, 0x00, 0x00, 0x00, 0x00, 
    0x00, 0x00, 0x00, 0x00, 0x00, 0x00, 0x00, 0x00, 0x00, 0x00, 0x00, 0x00, 0x00, 0x00, 0x00, 0x00, 
    0x00, 0x00, 0x00, 0x00, 0x00, 0x00, 0x00, 0x00, 0x00, 0x00, 0x1C, 0x00, 0x00, 0x00, 0x00, 0x00, 
    0x00, 0x00, 0x3F, 0x00, 0x00, 0x00, 0x00, 0x00, 0x00, 0x00, 0x7F, 0x00, 0x0F, 0xFF, 0x80, 0x00, 
    0x00, 0x00, 0x63, 0x80, 0x0F, 0xFF, 0xE0, 0x00, 0x00, 0x00, 0xE1, 0x80, 0x0E, 0x07, 0xF0, 0x00, 
    0x00, 0x0F, 0xE3, 0x80, 0x0E, 0x00, 0xF8, 0x00, 0x00, 0x0F, 0xFF, 0xE0, 0x0C, 0x00, 0xFC, 0x00, 
    0x00, 0x1F, 0xFF, 0xFF, 0xFC, 0x00, 0xCE, 0x00, 0x00, 0x1C, 0x01, 0xFF, 0xFF, 0xFE, 0xCE, 0x00, 
    0x00, 0x1C, 0x00, 0x00, 0x7F, 0xFF, 0xFE, 0x00, 0x00, 0x18, 0x00, 0x00, 0x00, 0x1F, 0xFE, 0x00, 
    0x00, 0x18, 0xC0, 0x03, 0xC0, 0x00, 0x1E, 0x00, 0x00, 0x18, 0xC0, 0x1F, 0xFC, 0x00, 0x1F, 0x00, 
    0x00, 0x18, 0x00, 0x3F, 0xFF, 0x00, 0x3F, 0x00, 0x00, 0x18, 0x00, 0x70, 0x1F, 0xC0, 0x3B, 0x00, 
    0x00, 0x18, 0x00, 0xE0, 0x07, 0xC0, 0x3B, 0x00, 0x00, 0x3F, 0xFF, 0xC0, 0x03, 0xE0, 0x33, 0x00, 
    0x00, 0x3F, 0xFF, 0x87, 0xC3, 0xF0, 0x33, 0x00, 0x00, 0x38, 0x0F, 0x8F, 0xE1, 0xB8, 0x33, 0x00, 
    0x00, 0x38, 0x03, 0x1C, 0x71, 0xBF, 0xF3, 0x00, 0x00, 0x30, 0x03, 0x18, 0x39, 0x9F, 0xFF, 0x00, 
    0x00, 0x30, 0x03, 0x38, 0x39, 0x98, 0x7F, 0x00, 0x00, 0x30, 0x07, 0x38, 0x39, 0x98, 0x7F, 0x00, 
    0x00, 0x30, 0x07, 0x38, 0x39, 0x98, 0x77, 0x00, 0x00, 0x30, 0x03, 0x38, 0x31, 0x98, 0x76, 0x00, 
    0x00, 0x30, 0x03, 0x1C, 0x71, 0xB8, 0x66, 0x00, 0x00, 0x70, 0x03, 0x1F, 0xE3, 0xB8, 0x66, 0x00, 
    0x00, 0x70, 0x03, 0x8F, 0xC3, 0x30, 0x66, 0x00, 0x00, 0x70, 0x01, 0x80, 0x07, 0x70, 0x66, 0x00, 
    0x00, 0x60, 0x01, 0xC0, 0x0E, 0xE0, 0x66, 0x00, 0x00, 0x60, 0x00, 0xE0, 0x1C, 0xE0, 0x6E, 0x00, 
    0x00, 0x60, 0x00, 0x7C, 0xFB, 0xC0, 0xEE, 0x00, 0x00, 0x60, 0x00, 0x3F, 0xFF, 0x80, 0xEE, 0x00, 
    0x00, 0x60, 0x00, 0x0F, 0xFE, 0x00, 0xEC, 0x00, 0x00, 0x60, 0x00, 0x00, 0xF8, 0x00, 0xEC, 0x00, 
    0x00, 0xFE, 0x00, 0x00, 0x00, 0x00, 0xCC, 0x00, 0x00, 0xFF, 0xFF, 0x80, 0x00, 0x00, 0xCC, 0x00, 
    0x00, 0x3F, 0xFF, 0xFF, 0xE0, 0x00, 0xCC, 0x00, 0x00, 0x1F, 0xC7, 0xFF, 0xFF, 0xF8, 0xCC, 0x00, 
    0x00, 0x07, 0xFF, 0xF1, 0xFF, 0xFF, 0xDC, 0x00, 0x00, 0x01, 0xFF, 0xFF, 0xFC, 0x7F, 0xFC, 0x00, 
    0x00, 0x00, 0x01, 0xFF, 0xFF, 0xFE, 0xFC, 0x00, 0x00, 0x00, 0x00, 0x00, 0x7F, 0xFF, 0xFC, 0x00, 
    0x00, 0x00, 0x00, 0x00, 0x00, 0x1F, 0xF8, 0x00, 0x00, 0x00, 0x00, 0x00, 0x00, 0x00, 0x00, 0x00, 
    0x00, 0x00, 0x00, 0x00, 0x00, 0x00, 0x00, 0x00, 0x00, 0x00, 0x00, 0x00, 0x00, 0x00, 0x00, 0x00, 
    0x00, 0x00, 0x00, 0x00, 0x00, 0x00, 0x00, 0x00, 0x00, 0x00, 0x00, 0x00, 0x00, 0x00, 0x00, 0x00, 
    0x00, 0x00, 0x00, 0x00, 0x00, 0x00, 0x00, 0x00, 0x00, 0x00, 0x00, 0x00, 0x00, 0x00, 0x00, 0x00, 
    0x00, 0x00, 0x00, 0x00, 0x00, 0x00, 0x00, 0x00, 0x00, 0x00, 0x00, 0x00, 0x00, 0x00, 0x00, 0x00, 
    0x00, 0x00, 0x00, 0x00, 0x00, 0x00, 0x00, 0x00, 0x00, 0x00, 0x00, 0x00, 0x00, 0x00, 0x00, 0x00, 
      },
  {
    0x00, 0x00, 0x00, 0x00, 0x00, 0x00, 0x00, 0x00, 0x00, 0x00, 0x00, 0x00, 0x00, 0x00, 0x00, 0x00, 
    0x00, 0x00, 0x00, 0x00, 0x00, 0x00, 0x00, 0x00, 0x00, 0x00, 0x00, 0x00, 0x00, 0x00, 0x00, 0x00, 
    0x00, 0x00, 0x00, 0x00, 0x00, 0x00, 0x00, 0x00, 0x00, 0x00, 0x00, 0x00, 0x00, 0x00, 0x00, 0x00, 
    0x00, 0x00, 0x00, 0x00, 0x00, 0x00, 0x00, 0x00, 0x00, 0x00, 0x00, 0x00, 0x00, 0x00, 0x00, 0x00, 
    0x00, 0x00, 0x00, 0x00, 0x00, 0x00, 0x00, 0x00, 0x00, 0x00, 0x08, 0x00, 0x00, 0x00, 0x00, 0x00, 
    0x00, 0x00, 0x3E, 0x00, 0x00, 0x00, 0x00, 0x00, 0x00, 0x00, 0x7F, 0x00, 0x0F, 0xFF, 0x00, 0x00, 
    0x00, 0x00, 0xE3, 0x00, 0x0F, 0xFF, 0xE0, 0x00, 0x00, 0x00, 0xE3, 0x80, 0x0E, 0x1F, 0xF0, 0x00, 
    0x00, 0x00, 0xC3, 0x80, 0x0C, 0x00, 0xF8, 0x00, 0x00, 0x1F, 0xFF, 0x80, 0x0C, 0x00, 0xFC, 0x00, 
    0x00, 0x1F, 0xFF, 0xFF, 0xEC, 0x00, 0xEE, 0x00, 0x00, 0x1C, 0x1F, 0xFF, 0xFF, 0xFC, 0xEE, 0x00, 
    0x00, 0x18, 0x00, 0x03, 0xFF, 0xFF, 0xFC, 0x00, 0x00, 0x18, 0x00, 0x00, 0x00, 0x3F, 0xFC, 0x00, 
    0x00, 0x18, 0xC0, 0x00, 0x80, 0x00, 0x1E, 0x00, 0x00, 0x18, 0xC0, 0x0F, 0xF8, 0x00, 0x1F, 0x00, 
    0x00, 0x18, 0x00, 0x1F, 0xFF, 0x00, 0x1F, 0x00, 0x00, 0x18, 0x00, 0x78, 0x1F, 0x80, 0x1B, 0x00, 
    0x00, 0x38, 0x00, 0x70, 0x07, 0xC0, 0x3B, 0x00, 0x00, 0x3F, 0xF0, 0xE0, 0x03, 0xE0, 0x3B, 0x00, 
    0x00, 0x3F, 0xFF, 0xC3, 0xC1, 0xF0, 0x3B, 0x00, 0x00, 0x38, 0xFF, 0x87, 0xF1, 0xF8, 0x33, 0x00, 
    0x00, 0x30, 0x03, 0x8E, 0x71, 0xFF, 0xF3, 0x00, 0x00, 0x30, 0x03, 0x9C, 0x38, 0xDF, 0xFF, 0x00, 
    0x00, 0x30, 0x03, 0x18, 0x18, 0xD8, 0x7F, 0x00, 0x00, 0x30, 0x03, 0x18, 0x18, 0xD8, 0x3F, 0x00, 
    0x00, 0x30, 0x03, 0x18, 0x18, 0xD8, 0x36, 0x00, 0x00, 0x30, 0x03, 0x18, 0x18, 0xD8, 0x36, 0x00, 
    0x00, 0x70, 0x03, 0x1C, 0x39, 0xD8, 0x76, 0x00, 0x00, 0x70, 0x03, 0x8F, 0xF1, 0x98, 0x76, 0x00, 
    0x00, 0x70, 0x01, 0x87, 0xE3, 0xB8, 0x76, 0x00, 0x00, 0x70, 0x01, 0xC3, 0x83, 0x30, 0x66, 0x00, 
    0x00, 0x60, 0x01, 0xC0, 0x07, 0x70, 0x66, 0x00, 0x00, 0x60, 0x00, 0xE0, 0x0E, 0xE0, 0x6E, 0x00, 
    0x00, 0x60, 0x00, 0x78, 0x3F, 0xC0, 0x6E, 0x00, 0x00, 0x60, 0x00, 0x3F, 0xFF, 0x80, 0x6E, 0x00, 
    0x00, 0x60, 0x00, 0x0F, 0xFF, 0x00, 0x6C, 0x00, 0x00, 0x60, 0x00, 0x01, 0xFC, 0x00, 0x6C, 0x00, 
    0x00, 0xE0, 0x00, 0x00, 0x00, 0x00, 0xEC, 0x00, 0x00, 0xFF, 0xFC, 0x00, 0x00, 0x00, 0xEC, 0x00, 
    0x00, 0x7F, 0xFF, 0xFF, 0x80, 0x00, 0xEC, 0x00, 0x00, 0x1F, 0xFF, 0xFF, 0xFF, 0xF0, 0xCC, 0x00, 
    0x00, 0x07, 0xFF, 0xFF, 0xFF, 0xFF, 0xCC, 0x00, 0x00, 0x01, 0xFF, 0xFF, 0xFF, 0xFF, 0xFC, 0x00, 
    0x00, 0x00, 0x03, 0xFF, 0xFF, 0xFF, 0xFC, 0x00, 0x00, 0x00, 0x00, 0x00, 0x7F, 0xFF, 0xFC, 0x00, 
    0x00, 0x00, 0x00, 0x00, 0x00, 0x0F, 0xF8, 0x00, 0x00, 0x00, 0x00, 0x00, 0x00, 0x00, 0x00, 0x00, 
    0x00, 0x00, 0x00, 0x00, 0x00, 0x00, 0x00, 0x00, 0x00, 0x00, 0x00, 0x00, 0x00, 0x00, 0x00, 0x00, 
    0x00, 0x00, 0x00, 0x00, 0x00, 0x00, 0x00, 0x00, 0x00, 0x00, 0x00, 0x00, 0x00, 0x00, 0x00, 0x00, 
    0x00, 0x00, 0x00, 0x00, 0x00, 0x00, 0x00, 0x00, 0x00, 0x00, 0x00, 0x00, 0x00, 0x00, 0x00, 0x00, 
    0x00, 0x00, 0x00, 0x00, 0x00, 0x00, 0x00, 0x00, 0x00, 0x00, 0x00, 0x00, 0x00, 0x00, 0x00, 0x00, 
    0x00, 0x00, 0x00, 0x00, 0x00, 0x00, 0x00, 0x00, 0x00, 0x00, 0x00, 0x00, 0x00, 0x00, 0x00, 0x00, 
      },
  {
    0x00, 0x00, 0x00, 0x00, 0x00, 0x00, 0x00, 0x00, 0x00, 0x00, 0x00, 0x00, 0x00, 0x00, 0x00, 0x00, 
    0x00, 0x00, 0x00, 0x00, 0x00, 0x00, 0x00, 0x00, 0x00, 0x00, 0x00, 0x00, 0x00, 0x00, 0x00, 0x00, 
    0x00, 0x00, 0x00, 0x00, 0x00, 0x00, 0x00, 0x00, 0x00, 0x00, 0x00, 0x00, 0x00, 0x00, 0x00, 0x00, 
    0x00, 0x00, 0x00, 0x00, 0x00, 0x00, 0x00, 0x00, 0x00, 0x00, 0x00, 0x00, 0x00, 0x00, 0x00, 0x00, 
    0x00, 0x00, 0x00, 0x00, 0x00, 0x00, 0x00, 0x00, 0x00, 0x00, 0x00, 0x00, 0x00, 0x00, 0x00, 0x00, 
    0x00, 0x00, 0x3C, 0x00, 0x00, 0x00, 0x00, 0x00, 0x00, 0x00, 0x7E, 0x00, 0x0F, 0xFC, 0x00, 0x00, 
    0x00, 0x00, 0xE7, 0x00, 0x0F, 0xFF, 0xE0, 0x00, 0x00, 0x00, 0xC3, 0x00, 0x0E, 0x7F, 0xF0, 0x00, 
    0x00, 0x00, 0xC3, 0x00, 0x0C, 0x00, 0x78, 0x00, 0x00, 0x1F, 0xF3, 0x00, 0x0C, 0x00, 0xFC, 0x00, 
    0x00, 0x1F, 0xFF, 0xFF, 0x0C, 0x00, 0xEC, 0x00, 0x00, 0x1D, 0xFF, 0xFF, 0xFF, 0xF0, 0xEC, 0x00, 
    0x00, 0x18, 0x00, 0x1F, 0xFF, 0xFF, 0xFC, 0x00, 0x00, 0x18, 0x00, 0x00, 0x00, 0xFF, 0xFC, 0x00, 
    0x00, 0x18, 0x00, 0x00, 0x00, 0x00, 0x1E, 0x00, 0x00, 0x18, 0xC0, 0x07, 0xF0, 0x00, 0x1F, 0x00, 
    0x00, 0x18, 0xC0, 0x1F, 0xFF, 0x00, 0x1F, 0x00, 0x00, 0x38, 0x00, 0x3E, 0x1F, 0x80, 0x1B, 0x00, 
    0x00, 0x38, 0x00, 0x78, 0x07, 0xC0, 0x1B, 0x00, 0x00, 0x3F, 0x00, 0xE0, 0x03, 0xE0, 0x1B, 0x00, 
    0x00, 0x3F, 0xFF, 0xE1, 0xC1, 0xF0, 0x3B, 0x00, 0x00, 0x3F, 0xFF, 0xC7, 0xF1, 0xF8, 0x3B, 0x00, 
    0x00, 0x30, 0x03, 0x8F, 0xF8, 0xFF, 0xFF, 0x00, 0x00, 0x30, 0x01, 0x8E, 0x38, 0xFF, 0xFF, 0x00, 
    0x00, 0x30, 0x03, 0x9C, 0x1C, 0xFC, 0xFF, 0x00, 0x00, 0x30, 0x03, 0x9C, 0x1C, 0xFC, 0x3F, 0x00, 
    0x00, 0x30, 0x03, 0x98, 0x1C, 0xFC, 0x36, 0x00, 0x00, 0x30, 0x03, 0x9C, 0x1C, 0xFC, 0x36, 0x00, 
    0x00, 0x70, 0x03, 0x9C, 0x18, 0xDC, 0x36, 0x00, 0x00, 0x70, 0x03, 0x8E, 0x78, 0xD8, 0x36, 0x00, 
    0x00, 0x70, 0x01, 0x87, 0xF1, 0xD8, 0x36, 0x00, 0x00, 0x70, 0x01, 0xC3, 0xE1, 0xB8, 0x76, 0x00, 
    0x00, 0x60, 0x00, 0xE0, 0x03, 0xF0, 0x76, 0x00, 0x00, 0x60, 0x00, 0xE0, 0x07, 0xF0, 0x76, 0x00, 
    0x00, 0x60, 0x00, 0x78, 0x1F, 0xE0, 0x7E, 0x00, 0x00, 0x60, 0x00, 0x3F, 0xFF, 0xC0, 0x6E, 0x00, 
    0x00, 0x60, 0x00, 0x0F, 0xFF, 0x80, 0x6E, 0x00, 0x00, 0x60, 0x00, 0x01, 0xFE, 0x00, 0x6C, 0x00, 
    0x00, 0x60, 0x00, 0x00, 0x00, 0x00, 0x6C, 0x00, 0x00, 0xFF, 0xC0, 0x00, 0x00, 0x00, 0x6C, 0x00, 
    0x00, 0x7F, 0xFF, 0xFE, 0x00, 0x00, 0x6C, 0x00, 0x00, 0x3F, 0xFF, 0xFF, 0xFF, 0xE0, 0x6C, 0x00, 
    0x00, 0x0F, 0xFF, 0xFF, 0xFF, 0xFF, 0xEC, 0x00, 0x00, 0x03, 0xFF, 0xFF, 0xFF, 0xFF, 0xFC, 0x00, 
    0x00, 0x00, 0x07, 0xFF, 0xFF, 0xFF, 0xFC, 0x00, 0x00, 0x00, 0x00, 0x00, 0x7F, 0xFF, 0xFC, 0x00, 
    0x00, 0x00, 0x00, 0x00, 0x00, 0x03, 0xF8, 0x00, 0x00, 0x00, 0x00, 0x00, 0x00, 0x00, 0x00, 0x00, 
    0x00, 0x00, 0x00, 0x00, 0x00, 0x00, 0x00, 0x00, 0x00, 0x00, 0x00, 0x00, 0x00, 0x00, 0x00, 0x00, 
    0x00, 0x00, 0x00, 0x00, 0x00, 0x00, 0x00, 0x00, 0x00, 0x00, 0x00, 0x00, 0x00, 0x00, 0x00, 0x00, 
    0x00, 0x00, 0x00, 0x00, 0x00, 0x00, 0x00, 0x00, 0x00, 0x00, 0x00, 0x00, 0x00, 0x00, 0x00, 0x00, 
    0x00, 0x00, 0x00, 0x00, 0x00, 0x00, 0x00, 0x00, 0x00, 0x00, 0x00, 0x00, 0x00, 0x00, 0x00, 0x00, 
    0x00, 0x00, 0x00, 0x00, 0x00, 0x00, 0x00, 0x00, 0x00, 0x00, 0x00, 0x00, 0x00, 0x00, 0x00, 0x00, 
      },
  {
    0x00, 0x00, 0x00, 0x00, 0x00, 0x00, 0x00, 0x00, 0x00, 0x00, 0x00, 0x00, 0x00, 0x00, 0x00, 0x00, 
    0x00, 0x00, 0x00, 0x00, 0x00, 0x00, 0x00, 0x00, 0x00, 0x00, 0x00, 0x00, 0x00, 0x00, 0x00, 0x00, 
    0x00, 0x00, 0x00, 0x00, 0x00, 0x00, 0x00, 0x00, 0x00, 0x00, 0x00, 0x00, 0x00, 0x00, 0x00, 0x00, 
    0x00, 0x00, 0x00, 0x00, 0x00, 0x00, 0x00, 0x00, 0x00, 0x00, 0x00, 0x00, 0x00, 0x00, 0x00, 0x00, 
    0x00, 0x00, 0x00, 0x00, 0x00, 0x00, 0x00, 0x00, 0x00, 0x00, 0x00, 0x00, 0x00, 0x00, 0x00, 0x00, 
    0x00, 0x00, 0x3C, 0x00, 0x00, 0x00, 0x00, 0x00, 0x00, 0x00, 0x7E, 0x00, 0x0F, 0xF8, 0x00, 0x00, 
    0x00, 0x00, 0xEF, 0x00, 0x0F, 0xFF, 0xE0, 0x00, 0x00, 0x00, 0xC7, 0x00, 0x0F, 0xFF, 0xF0, 0x00, 
    0x00, 0x00, 0xC3, 0x00, 0x0C, 0x00, 0x78, 0x00, 0x00, 0x0F, 0xC3, 0x00, 0x0C, 0x00, 0x7C, 0x00, 
    0x00, 0x1F, 0xFF, 0xF8, 0x0C, 0x00, 0xEC, 0x00, 0x00, 0x1F, 0xFF, 0xFF, 0xFF, 0xE0, 0xEC, 0x00, 
    0x00, 0x18, 0x01, 0xFF, 0xFF, 0xFF, 0xFC, 0x00, 0x00, 0x18, 0x00, 0x00, 0x07, 0xFF, 0xFC, 0x00, 
    0x00, 0x18, 0x00, 0x00, 0x00, 0x00, 0x1E, 0x00, 0x00, 0x38, 0xC0, 0x01, 0xF0, 0x00, 0x1F, 0x00, 
    0x00, 0x38, 0xC0, 0x0F, 0xFE, 0x00, 0x1F, 0x00, 0x00, 0x38, 0x00, 0x1F, 0xFF, 0x80, 0x1F, 0x00, 
    0x00, 0x38, 0x00, 0x38, 0x07, 0xC0, 0x1F, 0x00, 0x00, 0x38, 0x00, 0x70, 0x03, 0xE0, 0x1F, 0x00, 
    0x00, 0x3F, 0xFF, 0xE0, 0x01, 0xF0, 0x1F, 0x00, 0x00, 0x3F, 0xFF, 0xC3, 0xF0, 0xF8, 0x1F, 0x00, 
    0x00, 0x30, 0x1F, 0xC7, 0xF8, 0xFF, 0xFF, 0x00, 0x00, 0x30, 0x01, 0x8E, 0x1C, 0x7F, 0xFF, 0x00, 
    0x00, 0x30, 0x01, 0x8C, 0x0C, 0x7D, 0xFF, 0x00, 0x00, 0x30, 0x01, 0x8C, 0x0C, 0x7C, 0x3E, 0x00, 
    0x00, 0x30, 0x03, 0x9C, 0x0C, 0x7C, 0x3E, 0x00, 0x00, 0x30, 0x03, 0x8C, 0x0C, 0x7C, 0x3E, 0x00, 
    0x00, 0x70, 0x01, 0x8C, 0x1C, 0x7C, 0x3E, 0x00, 0x00, 0x70, 0x01, 0x8E, 0x3C, 0xFC, 0x3E, 0x00, 
    0x00, 0x70, 0x01, 0xC7, 0xF8, 0xF8, 0x3E, 0x00, 0x00, 0x70, 0x01, 0xC3, 0xF1, 0xF8, 0x3E, 0x00, 
    0x00, 0x60, 0x00, 0xE0, 0x01, 0xF8, 0x3E, 0x00, 0x00, 0x60, 0x00, 0x70, 0x03, 0xF0, 0x3E, 0x00, 
    0x00, 0x60, 0x00, 0x78, 0x0F, 0xE0, 0x3E, 0x00, 0x00, 0x60, 0x00, 0x3F, 0x7F, 0xC0, 0x3E, 0x00, 
    0x00, 0x60, 0x00, 0x0F, 0xFF, 0x80, 0x7E, 0x00, 0x00, 0x60, 0x00, 0x03, 0xFF, 0x00, 0x7C, 0x00, 
    0x00, 0x60, 0x00, 0x00, 0x30, 0x00, 0x7C, 0x00, 0x00, 0x7C, 0x00, 0x00, 0x00, 0x00, 0x7C, 0x00, 
    0x00, 0x7F, 0xFF, 0xF0, 0x00, 0x00, 0x7C, 0x00, 0x00, 0x7F, 0xFF, 0xFF, 0xFF, 0xC0, 0x7C, 0x00, 
    0x00, 0x0F, 0xFF, 0xFF, 0xFF, 0xFF, 0xEC, 0x00, 0x00, 0x03, 0xFF, 0xFF, 0xFF, 0xFF, 0xFC, 0x00, 
    0x00, 0x00, 0x0F, 0xFF, 0xFF, 0xFF, 0xFC, 0x00, 0x00, 0x00, 0x00, 0x00, 0x7F, 0xFF, 0xFC, 0x00, 
    0x00, 0x00, 0x00, 0x00, 0x00, 0x01, 0xF8, 0x00, 0x00, 0x00, 0x00, 0x00, 0x00, 0x00, 0x00, 0x00, 
    0x00, 0x00, 0x00, 0x00, 0x00, 0x00, 0x00, 0x00, 0x00, 0x00, 0x00, 0x00, 0x00, 0x00, 0x00, 0x00, 
    0x00, 0x00, 0x00, 0x00, 0x00, 0x00, 0x00, 0x00, 0x00, 0x00, 0x00, 0x00, 0x00, 0x00, 0x00, 0x00, 
    0x00, 0x00, 0x00, 0x00, 0x00, 0x00, 0x00, 0x00, 0x00, 0x00, 0x00, 0x00, 0x00, 0x00, 0x00, 0x00, 
    0x00, 0x00, 0x00, 0x00, 0x00, 0x00, 0x00, 0x00, 0x00, 0x00, 0x00, 0x00, 0x00, 0x00, 0x00, 0x00, 
    0x00, 0x00, 0x00, 0x00, 0x00, 0x00, 0x00, 0x00, 0x00, 0x00, 0x00, 0x00, 0x00, 0x00, 0x00, 0x00, 
      },
  {
    0x00, 0x00, 0x00, 0x00, 0x00, 0x00, 0x00, 0x00, 0x00, 0x00, 0x00, 0x00, 0x00, 0x00, 0x00, 0x00, 
    0x00, 0x00, 0x00, 0x00, 0x00, 0x00, 0x00, 0x00, 0x00, 0x00, 0x00, 0x00, 0x00, 0x00, 0x00, 0x00, 
    0x00, 0x00, 0x00, 0x00, 0x00, 0x00, 0x00, 0x00, 0x00, 0x00, 0x00, 0x00, 0x00, 0x00, 0x00, 0x00, 
    0x00, 0x00, 0x00, 0x00, 0x00, 0x00, 0x00, 0x00, 0x00, 0x00, 0x00, 0x00, 0x00, 0x00, 0x00, 0x00, 
    0x00, 0x00, 0x00, 0x00, 0x00, 0x00, 0x00, 0x00, 0x00, 0x00, 0x00, 0x00, 0x00, 0x00, 0x00, 0x00, 
    0x00, 0x00, 0x10, 0x00, 0x00, 0x00, 0x00, 0x00, 0x00, 0x00, 0x7C, 0x00, 0x07, 0xC0, 0x00, 0x00, 
    0x00, 0x00, 0xFE, 0x00, 0x0F, 0xFF, 0xE0, 0x00, 0x00, 0x01, 0xC7, 0x00, 0x0F, 0xFF, 0xF0, 0x00, 
    0x00, 0x01, 0xC7, 0x00, 0x0C, 0x00, 0x78, 0x00, 0x00, 0x01, 0x87, 0x00, 0x0C, 0x00, 0x7C, 0x00, 
    0x00, 0x1F, 0xFF, 0x80, 0x0C, 0x00, 0x7C, 0x00, 0x00, 0x1F, 0xFF, 0xFF, 0xFF, 0x00, 0xFC, 0x00, 
    0x00, 0x18, 0x1F, 0xFF, 0xFF, 0xFF, 0xFC, 0x00, 0x00, 0x38, 0x00, 0x00, 0x3F, 0xFF, 0xFC, 0x00, 
    0x00, 0x38, 0x00, 0x00, 0x00, 0x00, 0x3E, 0x00, 0x00, 0x38, 0x80, 0x00, 0xE0, 0x00, 0x1F, 0x00, 
    0x00, 0x38, 0xC0, 0x07, 0xFE, 0x00, 0x1F, 0x00, 0x00, 0x38, 0x80, 0x0F, 0xFF, 0x80, 0x1F, 0x00, 
    0x00, 0x30, 0x00, 0x3C, 0x07, 0xC0, 0x1F, 0x00, 0x00, 0x30, 0x00, 0x78, 0x03, 0xE0, 0x1F, 0x00, 
    0x00, 0x3F, 0xF0, 0x70, 0x01, 0xF0, 0x1F, 0x00, 0x00, 0x3F, 0xFF, 0xE1, 0xF0, 0xF8, 0x1F, 0x00, 
    0x00, 0x33, 0xFF, 0xC3, 0xF8, 0x7F, 0xFF, 0x00, 0x00, 0x30, 0x01, 0xC7, 0x3C, 0x7F, 0xFF, 0x00, 
    0x00, 0x30, 0x01, 0xCE, 0x0C, 0x7F, 0xFE, 0x00, 0x00, 0x30, 0x01, 0x8E, 0x0E, 0x3C, 0x1E, 0x00, 
    0x00, 0x30, 0x01, 0x8C, 0x06, 0x3C, 0x3E, 0x00, 0x00, 0x70, 0x01, 0x8C, 0x0E, 0x3C, 0x3E, 0x00, 
    0x00, 0x70, 0x01, 0x8E, 0x0E, 0x7C, 0x3E, 0x00, 0x00, 0x70, 0x01, 0x8E, 0x1C, 0x7C, 0x3E, 0x00, 
    0x00, 0x70, 0x01, 0xC7, 0xFC, 0x7C, 0x3E, 0x00, 0x00, 0x70, 0x00, 0xC3, 0xF8, 0xF8, 0x3E, 0x00, 
    0x00, 0x60, 0x00, 0xE0, 0xE0, 0xF8, 0x3E, 0x00, 0x00, 0x60, 0x00, 0x70, 0x01, 0xF0, 0x3E, 0x00, 
    0x00, 0x60, 0x00, 0x78, 0x07, 0xF0, 0x3E, 0x00, 0x00, 0x60, 0x00, 0x3E, 0x1F, 0xE0, 0x3E, 0x00, 
    0x00, 0x60, 0x00, 0x0F, 0xFF, 0xC0, 0x3E, 0x00, 0x00, 0x60, 0x00, 0x07, 0xFF, 0x00, 0x3E, 0x00, 
    0x00, 0x60, 0x00, 0x00, 0x7C, 0x00, 0x3C, 0x00, 0x00, 0x60, 0x00, 0x00, 0x00, 0x00, 0x3C, 0x00, 
    0x00, 0x7F, 0xFF, 0x00, 0x00, 0x00, 0x3C, 0x00, 0x00, 0x7F, 0xFF, 0xFF, 0xFE, 0x00, 0x7C, 0x00, 
    0x00, 0x1F, 0xFF, 0xFF, 0xFF, 0xFF, 0xFC, 0x00, 0x00, 0x07, 0xFF, 0xFF, 0xFF, 0xFF, 0xFC, 0x00, 
    0x00, 0x00, 0x3F, 0xFF, 0xFF, 0xFF, 0xFC, 0x00, 0x00, 0x00, 0x00, 0x00, 0x7F, 0xFF, 0xFC, 0x00, 
    0x00, 0x00, 0x00, 0x00, 0x00, 0x00, 0x78, 0x00, 0x00, 0x00, 0x00, 0x00, 0x00, 0x00, 0x00, 0x00, 
    0x00, 0x00, 0x00, 0x00, 0x00, 0x00, 0x00, 0x00, 0x00, 0x00, 0x00, 0x00, 0x00, 0x00, 0x00, 0x00, 
    0x00, 0x00, 0x00, 0x00, 0x00, 0x00, 0x00, 0x00, 0x00, 0x00, 0x00, 0x00, 0x00, 0x00, 0x00, 0x00, 
    0x00, 0x00, 0x00, 0x00, 0x00, 0x00, 0x00, 0x00, 0x00, 0x00, 0x00, 0x00, 0x00, 0x00, 0x00, 0x00, 
    0x00, 0x00, 0x00, 0x00, 0x00, 0x00, 0x00, 0x00, 0x00, 0x00, 0x00, 0x00, 0x00, 0x00, 0x00, 0x00, 
    0x00, 0x00, 0x00, 0x00, 0x00, 0x00, 0x00, 0x00, 0x00, 0x00, 0x00, 0x00, 0x00, 0x00, 0x00, 0x00, 
      },
  {
    0x00, 0x00, 0x00, 0x00, 0x00, 0x00, 0x00, 0x00, 0x00, 0x00, 0x00, 0x00, 0x00, 0x00, 0x00, 0x00, 
    0x00, 0x00, 0x00, 0x00, 0x00, 0x00, 0x00, 0x00, 0x00, 0x00, 0x00, 0x00, 0x00, 0x00, 0x00, 0x00, 
    0x00, 0x00, 0x00, 0x00, 0x00, 0x00, 0x00, 0x00, 0x00, 0x00, 0x00, 0x00, 0x00, 0x00, 0x00, 0x00, 
    0x00, 0x00, 0x00, 0x00, 0x00, 0x00, 0x00, 0x00, 0x00, 0x00, 0x00, 0x00, 0x00, 0x00, 0x00, 0x00, 
    0x00, 0x00, 0x00, 0x00, 0x00, 0x00, 0x00, 0x00, 0x00, 0x00, 0x00, 0x00, 0x00, 0x00, 0x00, 0x00, 
    0x00, 0x00, 0x00, 0x00, 0x00, 0x00, 0x00, 0x00, 0x00, 0x00, 0x7C, 0x00, 0x07, 0x00, 0x00, 0x00, 
    0x00, 0x00, 0xFE, 0x00, 0x0F, 0xFF, 0xE0, 0x00, 0x00, 0x01, 0xCE, 0x00, 0x0F, 0xFF, 0xF0, 0x00, 
    0x00, 0x01, 0x86, 0x00, 0x0C, 0x00, 0x78, 0x00, 0x00, 0x01, 0x86, 0x00, 0x0C, 0x00, 0x7C, 0x00, 
    0x00, 0x1F, 0xE7, 0x00, 0x0C, 0x00, 0x7C, 0x00, 0x00, 0x3F, 0xFF, 0xFF, 0xFC, 0x00, 0x7C, 0x00, 
    0x00, 0x3F, 0xFF, 0xFF, 0xFF, 0xFF, 0xFC, 0x00, 0x00, 0x38, 0x00, 0x03, 0xFF, 0xFF, 0xFC, 0x00, 
    0x00, 0x38, 0x00, 0x00, 0x00, 0x00, 0xFE, 0x00, 0x00, 0x38, 0x00, 0x00, 0x00, 0x00, 0x0F, 0x00, 
    0x00, 0x30, 0xC0, 0x03, 0xFC, 0x00, 0x1F, 0x00, 0x00, 0x30, 0xC0, 0x0F, 0xFF, 0x80, 0x1F, 0x00, 
    0x00, 0x30, 0x00, 0x1F, 0x0F, 0xC0, 0x1F, 0x00, 0x00, 0x30, 0x00, 0x3C, 0x03, 0xE0, 0x1F, 0x00, 
    0x00, 0x3C, 0x00, 0x70, 0x00, 0xF0, 0x1F, 0x00, 0x00, 0x3F, 0xFF, 0xE0, 0xF0, 0xF8, 0x1F, 0x00, 
    0x00, 0x3F, 0xFF, 0xE3, 0xF8, 0x7F, 0xDF, 0x00, 0x00, 0x30, 0x01, 0xC3, 0xFC, 0x3F, 0xFE, 0x00, 
    0x00, 0x30, 0x00, 0xC7, 0x0E, 0x3F, 0xFE, 0x00, 0x00, 0x30, 0x01, 0xCE, 0x06, 0x3C, 0x1E, 0x00, 
    0x00, 0x70, 0x01, 0xCE, 0x06, 0x3C, 0x1E, 0x00, 0x00, 0x70, 0x01, 0xCE, 0x06, 0x3C, 0x1E, 0x00, 
    0x00, 0x70, 0x01, 0xCE, 0x06, 0x3C, 0x1E, 0x00, 0x00, 0x70, 0x01, 0xC6, 0x0E, 0x3C, 0x1E, 0x00, 
    0x00, 0x70, 0x00, 0xC7, 0x9C, 0x7C, 0x1E, 0x00, 0x00, 0x70, 0x00, 0xC3, 0xF8, 0x7C, 0x3E, 0x00, 
    0x00, 0x60, 0x00, 0xE1, 0xF0, 0xF8, 0x3E, 0x00, 0x00, 0x60, 0x00, 0x70, 0x00, 0xF8, 0x3E, 0x00, 
    0x00, 0x60, 0x00, 0x38, 0x03, 0xF0, 0x3E, 0x00, 0x00, 0x60, 0x00, 0x3C, 0x07, 0xE0, 0x3E, 0x00, 
    0x00, 0x60, 0x00, 0x0F, 0xFF, 0xC0, 0x3E, 0x00, 0x00, 0x60, 0x00, 0x07, 0xFF, 0x80, 0x3E, 0x00, 
    0x00, 0x60, 0x00, 0x00, 0x7E, 0x00, 0x3E, 0x00, 0x00, 0x60, 0x00, 0x00, 0x00, 0x00, 0x3C, 0x00, 
    0x00, 0x7F, 0xC0, 0x00, 0x00, 0x00, 0x3C, 0x00, 0x00, 0x7F, 0xFF, 0xFF, 0xF0, 0x00, 0x3C, 0x00, 
    0x00, 0x3F, 0xFF, 0xFF, 0xFF, 0xFF, 0xFC, 0x00, 0x00, 0x07, 0xFF, 0xFF, 0xFF, 0xFF, 0xFC, 0x00, 
    0x00, 0x00, 0xFF, 0xFF, 0xFF, 0xFF, 0xFC, 0x00, 0x00, 0x00, 0x00, 0x00, 0x7F, 0xFF, 0xFC, 0x00, 
    0x00, 0x00, 0x00, 0x00, 0x00, 0x00, 0x08, 0x00, 0x00, 0x00, 0x00, 0x00, 0x00, 0x00, 0x00, 0x00, 
    0x00, 0x00, 0x00, 0x00, 0x00, 0x00, 0x00, 0x00, 0x00, 0x00, 0x00, 0x00, 0x00, 0x00, 0x00, 0x00, 
    0x00, 0x00, 0x00, 0x00, 0x00, 0x00, 0x00, 0x00, 0x00, 0x00, 0x00, 0x00, 0x00, 0x00, 0x00, 0x00, 
    0x00, 0x00, 0x00, 0x00, 0x00, 0x00, 0x00, 0x00, 0x00, 0x00, 0x00, 0x00, 0x00, 0x00, 0x00, 0x00, 
    0x00, 0x00, 0x00, 0x00, 0x00, 0x00, 0x00, 0x00, 0x00, 0x00, 0x00, 0x00, 0x00, 0x00, 0x00, 0x00, 
    0x00, 0x00, 0x00, 0x00, 0x00, 0x00, 0x00, 0x00, 0x00, 0x00, 0x00, 0x00, 0x00, 0x00, 0x00, 0x00, 
      },
  {
    0x00, 0x00, 0x00, 0x00, 0x00, 0x00, 0x00, 0x00, 0x00, 0x00, 0x00, 0x00, 0x00, 0x00, 0x00, 0x00, 
    0x00, 0x00, 0x00, 0x00, 0x00, 0x00, 0x00, 0x00, 0x00, 0x00, 0x00, 0x00, 0x00, 0x00, 0x00, 0x00, 
    0x00, 0x00, 0x00, 0x00, 0x00, 0x00, 0x00, 0x00, 0x00, 0x00, 0x00, 0x00, 0x00, 0x00, 0x00, 0x00, 
    0x00, 0x00, 0x00, 0x00, 0x00, 0x00, 0x00, 0x00, 0x00, 0x00, 0x00, 0x00, 0x00, 0x00, 0x00, 0x00, 
    0x00, 0x00, 0x00, 0x00, 0x00, 0x00, 0x00, 0x00, 0x00, 0x00, 0x00, 0x00, 0x00, 0x00, 0x00, 0x00, 
    0x00, 0x00, 0x00, 0x00, 0x00, 0x00, 0x00, 0x00, 0x00, 0x00, 0x78, 0x00, 0x00, 0x00, 0x00, 0x00, 
    0x00, 0x00, 0xFC, 0x00, 0x0F, 0xFF, 0xE0, 0x00, 0x00, 0x01, 0xDE, 0x00, 0x0F, 0xFF, 0xF0, 0x00, 
    0x00, 0x01, 0x86, 0x00, 0x0C, 0x00, 0x78, 0x00, 0x00, 0x01, 0x86, 0x00, 0x0C, 0x00, 0x78, 0x00, 
    0x00, 0x13, 0x86, 0x00, 0x0C, 0x00, 0x78, 0x00, 0x00, 0x3F, 0xFF, 0xFF, 0xDC, 0x00, 0x78, 0x00, 
    0x00, 0x3F, 0xFF, 0xFF, 0xFF, 0xFF, 0xF8, 0x00, 0x00, 0x30, 0x00, 0x7F, 0xFF, 0xFF, 0xFC, 0x00, 
    0x00, 0x30, 0x00, 0x00, 0x00, 0x03, 0xFE, 0x00, 0x00, 0x30, 0x00, 0x00, 0x00, 0x00, 0x0F, 0x00, 
    0x00, 0x30, 0x80, 0x01, 0xFC, 0x00, 0x0F, 0x00, 0x00, 0x31, 0xC0, 0x07, 0xFF, 0x00, 0x0F, 0x00, 
    0x00, 0x30, 0x00, 0x0F, 0x8F, 0xC0, 0x1F, 0x00, 0x00, 0x30, 0x00, 0x1C, 0x03, 0xE0, 0x1F, 0x00, 
    0x00, 0x30, 0x00, 0x38, 0x00, 0xF0, 0x1F, 0x00, 0x00, 0x3F, 0xFF, 0xF0, 0x00, 0x78, 0x1F, 0x00, 
    0x00, 0x3F, 0xFF, 0xE1, 0xF8, 0x7F, 0x1E, 0x00, 0x00, 0x30, 0x1F, 0xE3, 0xFC, 0x3F, 0xFE, 0x00, 
    0x00, 0x70, 0x00, 0xC7, 0x0E, 0x3F, 0xFE, 0x00, 0x00, 0x70, 0x00, 0xC7, 0x07, 0x1C, 0x1E, 0x00, 
    0x00, 0x70, 0x01, 0xC6, 0x07, 0x1E, 0x1E, 0x00, 0x00, 0x70, 0x01, 0xC6, 0x07, 0x1E, 0x1E, 0x00, 
    0x00, 0x70, 0x01, 0xC6, 0x07, 0x1E, 0x1E, 0x00, 0x00, 0x70, 0x00, 0xC7, 0x06, 0x3C, 0x1E, 0x00, 
    0x00, 0x70, 0x00, 0xC7, 0x8E, 0x3C, 0x1E, 0x00, 0x00, 0x70, 0x00, 0xE3, 0xFC, 0x3C, 0x1E, 0x00, 
    0x00, 0x60, 0x00, 0xE1, 0xF8, 0x7C, 0x1E, 0x00, 0x00, 0x60, 0x00, 0x70, 0x00, 0xF8, 0x1E, 0x00, 
    0x00, 0x60, 0x00, 0x38, 0x01, 0xF0, 0x1E, 0x00, 0x00, 0x60, 0x00, 0x1C, 0x03, 0xF0, 0x1E, 0x00, 
    0x00, 0x60, 0x00, 0x0F, 0xFF, 0xE0, 0x3E, 0x00, 0x00, 0x60, 0x00, 0x07, 0xFF, 0x80, 0x3E, 0x00, 
    0x00, 0x60, 0x00, 0x01, 0xFE, 0x00, 0x3E, 0x00, 0x00, 0x60, 0x00, 0x00, 0x00, 0x00, 0x3E, 0x00, 
    0x00, 0x60, 0x00, 0x00, 0x00, 0x00, 0x3E, 0x00, 0x00, 0x7F, 0xFF, 0xFF, 0x00, 0x00, 0x3C, 0x00, 
    0x00, 0x7F, 0xFF, 0xFF, 0xFF, 0xFF, 0xFC, 0x00, 0x00, 0x0F, 0xFF, 0xFF, 0xFF, 0xFF, 0xFC, 0x00, 
    0x00, 0x01, 0xFF, 0xFF, 0xFF, 0xFF, 0xFC, 0x00, 0x00, 0x00, 0x00, 0x00, 0x7F, 0xFF, 0xFC, 0x00, 
    0x00, 0x00, 0x00, 0x00, 0x00, 0x00, 0x00, 0x00, 0x00, 0x00, 0x00, 0x00, 0x00, 0x00, 0x00, 0x00, 
    0x00, 0x00, 0x00, 0x00, 0x00, 0x00, 0x00, 0x00, 0x00, 0x00, 0x00, 0x00, 0x00, 0x00, 0x00, 0x00, 
    0x00, 0x00, 0x00, 0x00, 0x00, 0x00, 0x00, 0x00, 0x00, 0x00, 0x00, 0x00, 0x00, 0x00, 0x00, 0x00, 
    0x00, 0x00, 0x00, 0x00, 0x00, 0x00, 0x00, 0x00, 0x00, 0x00, 0x00, 0x00, 0x00, 0x00, 0x00, 0x00, 
    0x00, 0x00, 0x00, 0x00, 0x00, 0x00, 0x00, 0x00, 0x00, 0x00, 0x00, 0x00, 0x00, 0x00, 0x00, 0x00, 
    0x00, 0x00, 0x00, 0x00, 0x00, 0x00, 0x00, 0x00, 0x00, 0x00, 0x00, 0x00, 0x00, 0x00, 0x00, 0x00, 
      },
  {
    0x00, 0x00, 0x00, 0x00, 0x00, 0x00, 0x00, 0x00, 0x00, 0x00, 0x00, 0x00, 0x00, 0x00, 0x00, 0x00, 
    0x00, 0x00, 0x00, 0x00, 0x00, 0x00, 0x00, 0x00, 0x00, 0x00, 0x00, 0x00, 0x00, 0x00, 0x00, 0x00, 
    0x00, 0x00, 0x00, 0x00, 0x00, 0x00, 0x00, 0x00, 0x00, 0x00, 0x00, 0x00, 0x00, 0x00, 0x00, 0x00, 
    0x00, 0x00, 0x00, 0x00, 0x00, 0x00, 0x00, 0x00, 0x00, 0x00, 0x00, 0x00, 0x00, 0x00, 0x00, 0x00, 
    0x00, 0x00, 0x00, 0x00, 0x00, 0x00, 0x00, 0x00, 0x00, 0x00, 0x00, 0x00, 0x00, 0x00, 0x00, 0x00, 
    0x00, 0x00, 0x00, 0x00, 0x00, 0x00, 0x00, 0x00, 0x00, 0x00, 0x70, 0x00, 0x00, 0x00, 0x00, 0x00, 
    0x00, 0x00, 0xFC, 0x00, 0x0F, 0xFF, 0xE0, 0x00, 0x00, 0x01, 0xFC, 0x00, 0x0F, 0xFF, 0xF0, 0x00, 
    0x00, 0x03, 0x8E, 0x00, 0x0C, 0x01, 0xF8, 0x00, 0x00, 0x03, 0x86, 0x00, 0x0C, 0x00, 0x78, 0x00, 
    0x00, 0x03, 0x86, 0x00, 0x0C, 0x00, 0x78, 0x00, 0x00, 0x3F, 0xFF, 0xF0, 0x1C, 0x00, 0x78, 0x00, 
    0x00, 0x3F, 0xFF, 0xFF, 0xFF, 0xFF, 0xF8, 0x00, 0x00, 0x30, 0x7F, 0xFF, 0xFF, 0xFF, 0xFC, 0x00, 
    0x00, 0x30, 0x00, 0x00, 0x00, 0x1F, 0xFE, 0x00, 0x00, 0x30, 0x00, 0x00, 0x00, 0x00, 0x0F, 0x00, 
    0x00, 0x30, 0x80, 0x00, 0x78, 0x00, 0x0F, 0x00, 0x00, 0x31, 0xC0, 0x03, 0xFF, 0x00, 0x0F, 0x00, 
    0x00, 0x30, 0x80, 0x0F, 0xFF, 0xC0, 0x0F, 0x00, 0x00, 0x30, 0x00, 0x1E, 0x03, 0xE0, 0x0F, 0x00, 
    0x00, 0x30, 0x00, 0x3C, 0x00, 0xF0, 0x0E, 0x00, 0x00, 0x3F, 0xF0, 0x78, 0x00, 0x78, 0x0E, 0x00, 
    0x00, 0x7F, 0xFF, 0xF0, 0xF8, 0x3C, 0x1E, 0x00, 0x00, 0x7F, 0xFF, 0xE1, 0xFE, 0x3F, 0xFE, 0x00, 
    0x00, 0x70, 0x00, 0xE3, 0x8E, 0x1F, 0xFE, 0x00, 0x00, 0x70, 0x00, 0xC7, 0x07, 0x1E, 0x1E, 0x00, 
    0x00, 0x70, 0x00, 0xC7, 0x03, 0x1E, 0x1E, 0x00, 0x00, 0x70, 0x00, 0xC6, 0x03, 0x1E, 0x1E, 0x00, 
    0x00, 0x70, 0x00, 0xC6, 0x03, 0x1E, 0x1E, 0x00, 0x00, 0x70, 0x00, 0xC7, 0x07, 0x1E, 0x1E, 0x00, 
    0x00, 0x70, 0x00, 0xC3, 0x87, 0x1E, 0x1E, 0x00, 0x00, 0x60, 0x00, 0xE3, 0xFE, 0x3C, 0x1E, 0x00, 
    0x00, 0x60, 0x00, 0x61, 0xFC, 0x3C, 0x1E, 0x00, 0x00, 0x60, 0x00, 0x70, 0x70, 0x78, 0x1E, 0x00, 
    0x00, 0x60, 0x00, 0x38, 0x00, 0xF8, 0x1E, 0x00, 0x00, 0x60, 0x00, 0x1C, 0x01, 0xF0, 0x1E, 0x00, 
    0x00, 0x60, 0x00, 0x0F, 0x07, 0xE0, 0x1E, 0x00, 0x00, 0x60, 0x00, 0x07, 0xFF, 0xC0, 0x1E, 0x00, 
    0x00, 0x60, 0x00, 0x01, 0xFF, 0x00, 0x1E, 0x00, 0x00, 0x60, 0x00, 0x00, 0x00, 0x00, 0x1E, 0x00, 
    0x00, 0x60, 0x00, 0x00, 0x00, 0x00, 0x1E, 0x00, 0x00, 0x7F, 0xFF, 0xC0, 0x00, 0x00, 0x1E, 0x00, 
    0x00, 0x7F, 0xFF, 0xFF, 0xFF, 0xFF, 0xFE, 0x00, 0x00, 0x1F, 0xFF, 0xFF, 0xFF, 0xFF, 0xFC, 0x00, 
    0x00, 0x03, 0xFF, 0xFF, 0xFF, 0xFF, 0xFC, 0x00, 0x00, 0x00, 0x00, 0x00, 0x7F, 0xFF, 0xFC, 0x00, 
    0x00, 0x00, 0x00, 0x00, 0x00, 0x00, 0x00, 0x00, 0x00, 0x00, 0x00, 0x00, 0x00, 0x00, 0x00, 0x00, 
    0x00, 0x00, 0x00, 0x00, 0x00, 0x00, 0x00, 0x00, 0x00, 0x00, 0x00, 0x00, 0x00, 0x00, 0x00, 0x00, 
    0x00, 0x00, 0x00, 0x00, 0x00, 0x00, 0x00, 0x00, 0x00, 0x00, 0x00, 0x00, 0x00, 0x00, 0x00, 0x00, 
    0x00, 0x00, 0x00, 0x00, 0x00, 0x00, 0x00, 0x00, 0x00, 0x00, 0x00, 0x00, 0x00, 0x00, 0x00, 0x00, 
    0x00, 0x00, 0x00, 0x00, 0x00, 0x00, 0x00, 0x00, 0x00, 0x00, 0x00, 0x00, 0x00, 0x00, 0x00, 0x00, 
    0x00, 0x00, 0x00, 0x00, 0x00, 0x00, 0x00, 0x00, 0x00, 0x00, 0x00, 0x00, 0x00, 0x00, 0x00, 0x00, 
      },
  {
    0x00, 0x00, 0x00, 0x00, 0x00, 0x00, 0x00, 0x00, 0x00, 0x00, 0x00, 0x00, 0x00, 0x00, 0x00, 0x00, 
    0x00, 0x00, 0x00, 0x00, 0x00, 0x00, 0x00, 0x00, 0x00, 0x00, 0x00, 0x00, 0x00, 0x00, 0x00, 0x00, 
    0x00, 0x00, 0x00, 0x00, 0x00, 0x00, 0x00, 0x00, 0x00, 0x00, 0x00, 0x00, 0x00, 0x00, 0x00, 0x00, 
    0x00, 0x00, 0x00, 0x00, 0x00, 0x00, 0x00, 0x00, 0x00, 0x00, 0x00, 0x00, 0x00, 0x00, 0x00, 0x00, 
    0x00, 0x00, 0x00, 0x00, 0x00, 0x00, 0x00, 0x00, 0x00, 0x00, 0x00, 0x00, 0x00, 0x00, 0x00, 0x00, 
    0x00, 0x00, 0x00, 0x00, 0x00, 0x00, 0x00, 0x00, 0x00, 0x00, 0x00, 0x00, 0x00, 0x00, 0x00, 0x00, 
    0x00, 0x00, 0xF8, 0x00, 0x0F, 0xFF, 0xE0, 0x00, 0x00, 0x01, 0xFC, 0x00, 0x0F, 0xFF, 0xF0, 0x00, 
    0x00, 0x03, 0x8C, 0x00, 0x0C, 0x1F, 0xF8, 0x00, 0x00, 0x03, 0x0E, 0x00, 0x1C, 0x00, 0x78, 0x00, 
    0x00, 0x03, 0x0E, 0x00, 0x1C, 0x00, 0x78, 0x00, 0x00, 0x3F, 0xFE, 0x00, 0x1C, 0x00, 0x78, 0x00, 
    0x00, 0x3F, 0xFF, 0xFF, 0xFF, 0xFF, 0xF8, 0x00, 0x00, 0x3F, 0xFF, 0xFF, 0xFF, 0xFF, 0xFC, 0x00, 
    0x00, 0x30, 0x00, 0x00, 0x03, 0xFF, 0xFE, 0x00, 0x00, 0x30, 0x00, 0x00, 0x00, 0x00, 0x0F, 0x00, 
    0x00, 0x30, 0x00, 0x00, 0x00, 0x00, 0x0F, 0x00, 0x00, 0x31, 0x80, 0x01, 0xFF, 0x00, 0x0F, 0x00, 
    0x00, 0x31, 0x80, 0x07, 0xFF, 0xC0, 0x0E, 0x00, 0x00, 0x70, 0x00, 0x0F, 0x03, 0xE0, 0x0E, 0x00, 
    0x00, 0x70, 0x00, 0x1C, 0x00, 0xF0, 0x0E, 0x00, 0x00, 0x70, 0x00, 0x38, 0x00, 0x78, 0x0E, 0x00, 
    0x00, 0x7F, 0xFF, 0xF0, 0x78, 0x3C, 0x0E, 0x00, 0x00, 0x7F, 0xFF, 0xE1, 0xFE, 0x1F, 0xFE, 0x00, 
    0x00, 0x70, 0x00, 0xE3, 0xCF, 0x1F, 0xFE, 0x00, 0x00, 0x70, 0x00, 0xE3, 0x87, 0x1E, 0x1E, 0x00, 
    0x00, 0x70, 0x00, 0xC7, 0x03, 0x8E, 0x0E, 0x00, 0x00, 0x70, 0x00, 0xC7, 0x03, 0x8E, 0x0E, 0x00, 
    0x00, 0x70, 0x00, 0xC7, 0x03, 0x8E, 0x1E, 0x00, 0x00, 0x70, 0x00, 0xC7, 0x03, 0x8E, 0x1E, 0x00, 
    0x00, 0x60, 0x00, 0xE3, 0x87, 0x1E, 0x1E, 0x00, 0x00, 0x60, 0x00, 0xE3, 0xFF, 0x1E, 0x1E, 0x00, 
    0x00, 0x60, 0x00, 0x61, 0xFE, 0x3C, 0x1E, 0x00, 0x00, 0x60, 0x00, 0x70, 0x78, 0x3C, 0x1E, 0x00, 
    0x00, 0x60, 0x00, 0x38, 0x00, 0x78, 0x1E, 0x00, 0x00, 0x60, 0x00, 0x1C, 0x00, 0xF0, 0x1E, 0x00, 
    0x00, 0x60, 0x00, 0x0F, 0x03, 0xF0, 0x1E, 0x00, 0x00, 0x60, 0x00, 0x07, 0xFF, 0xC0, 0x1E, 0x00, 
    0x00, 0x60, 0x00, 0x01, 0xFF, 0x80, 0x1E, 0x00, 0x00, 0x60, 0x00, 0x00, 0x1C, 0x00, 0x1E, 0x00, 
    0x00, 0x60, 0x00, 0x00, 0x00, 0x00, 0x1E, 0x00, 0x00, 0x7F, 0xC0, 0x00, 0x00, 0x00, 0x1E, 0x00, 
    0x00, 0x7F, 0xFF, 0xFF, 0xFF, 0xFF, 0x9E, 0x00, 0x00, 0x7F, 0xFF, 0xFF, 0xFF, 0xFF, 0xFE, 0x00, 
    0x00, 0x07, 0xFF, 0xFF, 0xFF, 0xFF, 0xFE, 0x00, 0x00, 0x00, 0x00, 0x00, 0x7F, 0xFF, 0xFC, 0x00, 
    0x00, 0x00, 0x00, 0x00, 0x00, 0x00, 0x00, 0x00, 0x00, 0x00, 0x00, 0x00, 0x00, 0x00, 0x00, 0x00, 
    0x00, 0x00, 0x00, 0x00, 0x00, 0x00, 0x00, 0x00, 0x00, 0x00, 0x00, 0x00, 0x00, 0x00, 0x00, 0x00, 
    0x00, 0x00, 0x00, 0x00, 0x00, 0x00, 0x00, 0x00, 0x00, 0x00, 0x00, 0x00, 0x00, 0x00, 0x00, 0x00, 
    0x00, 0x00, 0x00, 0x00, 0x00, 0x00, 0x00, 0x00, 0x00, 0x00, 0x00, 0x00, 0x00, 0x00, 0x00, 0x00, 
    0x00, 0x00, 0x00, 0x00, 0x00, 0x00, 0x00, 0x00, 0x00, 0x00, 0x00, 0x00, 0x00, 0x00, 0x00, 0x00, 
    0x00, 0x00, 0x00, 0x00, 0x00, 0x00, 0x00, 0x00, 0x00, 0x00, 0x00, 0x00, 0x00, 0x00, 0x00, 0x00, 
      },
  {
    0x00, 0x00, 0x00, 0x00, 0x00, 0x00, 0x00, 0x00, 0x00, 0x00, 0x00, 0x00, 0x00, 0x00, 0x00, 0x00, 
    0x00, 0x00, 0x00, 0x00, 0x00, 0x00, 0x00, 0x00, 0x00, 0x00, 0x00, 0x00, 0x00, 0x00, 0x00, 0x00, 
    0x00, 0x00, 0x00, 0x00, 0x00, 0x00, 0x00, 0x00, 0x00, 0x00, 0x00, 0x00, 0x00, 0x00, 0x00, 0x00, 
    0x00, 0x00, 0x00, 0x00, 0x00, 0x00, 0x00, 0x00, 0x00, 0x00, 0x00, 0x00, 0x00, 0x00, 0x00, 0x00, 
    0x00, 0x00, 0x00, 0x00, 0x00, 0x00, 0x00, 0x00, 0x00, 0x00, 0x00, 0x00, 0x00, 0x00, 0x00, 0x00, 
    0x00, 0x00, 0x00, 0x00, 0x00, 0x00, 0x00, 0x00, 0x00, 0x00, 0x00, 0x00, 0x00, 0x00, 0x00, 0x00, 
    0x00, 0x00, 0xF0, 0x00, 0x0F, 0xFF, 0xE0, 0x00, 0x00, 0x01, 0xF8, 0x00, 0x1F, 0xFF, 0xF0, 0x00, 
    0x00, 0x03, 0x9C, 0x00, 0x1F, 0xFF, 0xF8, 0x00, 0x00, 0x03, 0x0C, 0x00, 0x1C, 0x00, 0x78, 0x00, 
    0x00, 0x03, 0x0E, 0x00, 0x1C, 0x00, 0x78, 0x00, 0x00, 0x03, 0x0E, 0x00, 0x1C, 0x00, 0x78, 0x00, 
    0x00, 0x3F, 0xFF, 0xFF, 0xFF, 0xFF, 0x78, 0x00, 0x00, 0x3F, 0xFF, 0xFF, 0xFF, 0xFF, 0xFE, 0x00, 
    0x00, 0x30, 0x00, 0x00, 0xFF, 0xFF, 0xFE, 0x00, 0x00, 0x70, 0x00, 0x00, 0x00, 0x00, 0x0F, 0x00, 
    0x00, 0x70, 0x00, 0x00, 0x00, 0x00, 0x0E, 0x00, 0x00, 0x71, 0x80, 0x00, 0xFE, 0x00, 0x0E, 0x00, 
    0x00, 0x71, 0x80, 0x03, 0xFF, 0xC0, 0x0E, 0x00, 0x00, 0x70, 0x00, 0x0F, 0x83, 0xE0, 0x0E, 0x00, 
    0x00, 0x70, 0x00, 0x1E, 0x00, 0xF0, 0x0E, 0x00, 0x00, 0x70, 0x00, 0x3C, 0x00, 0x78, 0x0E, 0x00, 
    0x00, 0x7F, 0xFF, 0xF8, 0x38, 0x3C, 0x0E, 0x00, 0x00, 0x7F, 0xFF, 0xF0, 0xFE, 0x1F, 0xFE, 0x00, 
    0x00, 0x70, 0x1F, 0xE1, 0xFF, 0x1F, 0xFE, 0x00, 0x00, 0x70, 0x00, 0x63, 0x87, 0x0E, 0x0E, 0x00, 
    0x00, 0x70, 0x00, 0xE3, 0x03, 0x8E, 0x0E, 0x00, 0x00, 0x70, 0x00, 0xE3, 0x01, 0x8E, 0x0E, 0x00, 
    0x00, 0x70, 0x00, 0xE3, 0x01, 0x8E, 0x0E, 0x00, 0x00, 0x60, 0x00, 0xE3, 0x01, 0x8E, 0x0E, 0x00, 
    0x00, 0x60, 0x00, 0xE3, 0x83, 0x8E, 0x0E, 0x00, 0x00, 0x60, 0x00, 0x63, 0xC7, 0x0E, 0x0E, 0x00, 
    0x00, 0x60, 0x00, 0x71, 0xFE, 0x1C, 0x0E, 0x00, 0x00, 0x60, 0x00, 0x70, 0x7C, 0x3C, 0x0E, 0x00, 
    0x00, 0x60, 0x00, 0x38, 0x00, 0x38, 0x0E, 0x00, 0x00, 0x60, 0x00, 0x1C, 0x00, 0x78, 0x0E, 0x00, 
    0x00, 0x60, 0x00, 0x0F, 0x01, 0xF0, 0x1E, 0x00, 0x00, 0x60, 0x00, 0x07, 0xFF, 0xE0, 0x1E, 0x00, 
    0x00, 0x60, 0x00, 0x03, 0xFF, 0x80, 0x1E, 0x00, 0x00, 0x60, 0x00, 0x00, 0x7E, 0x00, 0x1E, 0x00, 
    0x00, 0x60, 0x00, 0x00, 0x00, 0x00, 0x1E, 0x00, 0x00, 0x60, 0x00, 0x00, 0x00, 0x00, 0x1E, 0x00, 
    0x00, 0x7F, 0xFF, 0xFF, 0xFF, 0xF8, 0x1E, 0x00, 0x00, 0x7F, 0xFF, 0xFF, 0xFF, 0xFF, 0xFE, 0x00, 
    0x00, 0x0F, 0xFF, 0xFF, 0xFF, 0xFF, 0xFE, 0x00, 0x00, 0x00, 0x00, 0x00, 0xFF, 0xFF, 0xFC, 0x00, 
    0x00, 0x00, 0x00, 0x00, 0x00, 0x00, 0x00, 0x00, 0x00, 0x00, 0x00, 0x00, 0x00, 0x00, 0x00, 0x00, 
    0x00, 0x00, 0x00, 0x00, 0x00, 0x00, 0x00, 0x00, 0x00, 0x00, 0x00, 0x00, 0x00, 0x00, 0x00, 0x00, 
    0x00, 0x00, 0x00, 0x00, 0x00, 0x00, 0x00, 0x00, 0x00, 0x00, 0x00, 0x00, 0x00, 0x00, 0x00, 0x00, 
    0x00, 0x00, 0x00, 0x00, 0x00, 0x00, 0x00, 0x00, 0x00, 0x00, 0x00, 0x00, 0x00, 0x00, 0x00, 0x00, 
    0x00, 0x00, 0x00, 0x00, 0x00, 0x00, 0x00, 0x00, 0x00, 0x00, 0x00, 0x00, 0x00, 0x00, 0x00, 0x00, 
    0x00, 0x00, 0x00, 0x00, 0x00, 0x00, 0x00, 0x00, 0x00, 0x00, 0x00, 0x00, 0x00, 0x00, 0x00, 0x00, 
      },
  {
    0x00, 0x00, 0x00, 0x00, 0x00, 0x00, 0x00, 0x00, 0x00, 0x00, 0x00, 0x00, 0x00, 0x00, 0x00, 0x00, 
    0x00, 0x00, 0x00, 0x00, 0x00, 0x00, 0x00, 0x00, 0x00, 0x00, 0x00, 0x00, 0x00, 0x00, 0x00, 0x00, 
    0x00, 0x00, 0x00, 0x00, 0x00, 0x00, 0x00, 0x00, 0x00, 0x00, 0x00, 0x00, 0x00, 0x00, 0x00, 0x00, 
    0x00, 0x00, 0x00, 0x00, 0x00, 0x00, 0x00, 0x00, 0x00, 0x00, 0x00, 0x00, 0x00, 0x00, 0x00, 0x00, 
    0x00, 0x00, 0x00, 0x00, 0x00, 0x00, 0x00, 0x00, 0x00, 0x00, 0x00, 0x00, 0x00, 0x00, 0x00, 0x00, 
    0x00, 0x00, 0x00, 0x00, 0x00, 0x00, 0x00, 0x00, 0x00, 0x00, 0x00, 0x00, 0x00, 0x00, 0x00, 0x00, 
    0x00, 0x00, 0xF0, 0x00, 0x0F, 0xFF, 0xC0, 0x00, 0x00, 0x01, 0xF8, 0x00, 0x1F, 0xFF, 0xF0, 0x00, 
    0x00, 0x03, 0xFC, 0x00, 0x1F, 0xFF, 0xF0, 0x00, 0x00, 0x03, 0x0C, 0x00, 0x1C, 0x00, 0x70, 0x00, 
    0x00, 0x07, 0x0C, 0x00, 0x1C, 0x00, 0x70, 0x00, 0x00, 0x07, 0x0C, 0x00, 0x1C, 0x00, 0x70, 0x00, 
    0x00, 0x3F, 0xFF, 0xFF, 0xFF, 0xE0, 0x78, 0x00, 0x00, 0x7F, 0xFF, 0xFF, 0xFF, 0xFF, 0xFE, 0x00, 
    0x00, 0x70, 0x07, 0xFF, 0xFF, 0xFF, 0xFE, 0x00, 0x00, 0x70, 0x00, 0x00, 0x00, 0x00, 0x0E, 0x00, 
    0x00, 0x70, 0x00, 0x00, 0x00, 0x00, 0x0E, 0x00, 0x00, 0x70, 0x80, 0x00, 0x7E, 0x00, 0x0E, 0x00, 
    0x00, 0x71, 0x80, 0x03, 0xFF, 0x80, 0x0E, 0x00, 0x00, 0x71, 0x80, 0x07, 0xC7, 0xE0, 0x0E, 0x00, 
    0x00, 0x70, 0x00, 0x0E, 0x00, 0xF0, 0x0E, 0x00, 0x00, 0x70, 0x00, 0x1C, 0x00, 0x78, 0x0E, 0x00, 
    0x00, 0x7F, 0xFF, 0xF8, 0x00, 0x3C, 0x0E, 0x00, 0x00, 0x7F, 0xFF, 0xF0, 0xFE, 0x1F, 0xFE, 0x00, 
    0x00, 0x7F, 0xFF, 0xF1, 0xFF, 0x0F, 0xFE, 0x00, 0x00, 0x60, 0x00, 0x61, 0xC7, 0x8E, 0x0E, 0x00, 
    0x00, 0x60, 0x00, 0x63, 0x83, 0x8E, 0x0E, 0x00, 0x00, 0x60, 0x00, 0xE3, 0x01, 0x8E, 0x0E, 0x00, 
    0x00, 0x60, 0x00, 0xE3, 0x01, 0x8E, 0x0E, 0x00, 0x00, 0x60, 0x00, 0xE3, 0x01, 0x8E, 0x0E, 0x00, 
    0x00, 0x60, 0x00, 0x63, 0x83, 0x8E, 0x0E, 0x00, 0x00, 0x60, 0x00, 0x61, 0xC7, 0x8E, 0x0E, 0x00, 
    0x00, 0x60, 0x00, 0x71, 0xFF, 0x0E, 0x0E, 0x00, 0x00, 0x60, 0x00, 0x70, 0xFE, 0x1C, 0x0E, 0x00, 
    0x00, 0x60, 0x00, 0x38, 0x00, 0x3C, 0x0E, 0x00, 0x00, 0x60, 0x00, 0x1C, 0x00, 0x78, 0x0E, 0x00, 
    0x00, 0x60, 0x00, 0x0E, 0x00, 0xF0, 0x0E, 0x00, 0x00, 0x60, 0x00, 0x07, 0xC7, 0xE0, 0x0E, 0x00, 
    0x00, 0x60, 0x00, 0x03, 0xFF, 0xC0, 0x0E, 0x00, 0x00, 0x60, 0x00, 0x00, 0xFF, 0x00, 0x0E, 0x00, 
    0x00, 0x60, 0x00, 0x00, 0x00, 0x00, 0x0E, 0x00, 0x00, 0x60, 0x00, 0x00, 0x00, 0x00, 0x0E, 0x00, 
    0x00, 0x7F, 0xFF, 0xFF, 0xFC, 0x00, 0x0E, 0x00, 0x00, 0x7F, 0xFF, 0xFF, 0xFF, 0xFF, 0xFE, 0x00, 
    0x00, 0x1F, 0xFF, 0xFF, 0xFF, 0xFF, 0xFE, 0x00, 0x00, 0x00, 0x00, 0x00, 0xFF, 0xFF, 0xFC, 0x00, 
    0x00, 0x00, 0x00, 0x00, 0x00, 0x00, 0x00, 0x00, 0x00, 0x00, 0x00, 0x00, 0x00, 0x00, 0x00, 0x00, 
    0x00, 0x00, 0x00, 0x00, 0x00, 0x00, 0x00, 0x00, 0x00, 0x00, 0x00, 0x00, 0x00, 0x00, 0x00, 0x00, 
    0x00, 0x00, 0x00, 0x00, 0x00, 0x00, 0x00, 0x00, 0x00, 0x00, 0x00, 0x00, 0x00, 0x00, 0x00, 0x00, 
    0x00, 0x00, 0x00, 0x00, 0x00, 0x00, 0x00, 0x00, 0x00, 0x00, 0x00, 0x00, 0x00, 0x00, 0x00, 0x00, 
    0x00, 0x00, 0x00, 0x00, 0x00, 0x00, 0x00, 0x00, 0x00, 0x00, 0x00, 0x00, 0x00, 0x00, 0x00, 0x00, 
    0x00, 0x00, 0x00, 0x00, 0x00, 0x00, 0x00, 0x00, 0x00, 0x00, 0x00, 0x00, 0x00, 0x00, 0x00, 0x00, 
      },
  {
    0x00, 0x00, 0x00, 0x00, 0x00, 0x00, 0x00, 0x00, 0x00, 0x00, 0x00, 0x00, 0x00, 0x00, 0x00, 0x00, 
    0x00, 0x00, 0x00, 0x00, 0x00, 0x00, 0x00, 0x00, 0x00, 0x00, 0x00, 0x00, 0x00, 0x00, 0x00, 0x00, 
    0x00, 0x00, 0x00, 0x00, 0x00, 0x00, 0x00, 0x00, 0x00, 0x00, 0x00, 0x00, 0x00, 0x00, 0x00, 0x00, 
    0x00, 0x00, 0x00, 0x00, 0x00, 0x00, 0x00, 0x00, 0x00, 0x00, 0x00, 0x00, 0x00, 0x00, 0x00, 0x00, 
    0x00, 0x00, 0x00, 0x00, 0x00, 0x00, 0x00, 0x00, 0x00, 0x00, 0x00, 0x00, 0x00, 0x00, 0x00, 0x00, 
    0x00, 0x00, 0x00, 0x00, 0x00, 0x00, 0x00, 0x00, 0x00, 0x00, 0x00, 0x00, 0x00, 0x00, 0x00, 0x00, 
    0x00, 0x00, 0x40, 0x00, 0x0F, 0xFF, 0x00, 0x00, 0x00, 0x01, 0xF0, 0x00, 0x1F, 0xFF, 0xF0, 0x00, 
    0x00, 0x03, 0xF8, 0x00, 0x1F, 0xFF, 0xF0, 0x00, 0x00, 0x07, 0x1C, 0x00, 0x1C, 0x00, 0x70, 0x00, 
    0x00, 0x07, 0x0C, 0x00, 0x1C, 0x00, 0x70, 0x00, 0x00, 0x07, 0x0C, 0x00, 0x1C, 0x00, 0x70, 0x00, 
    0x00, 0x3F, 0xFF, 0xFF, 0xDC, 0x00, 0x70, 0x00, 0x00, 0x7F, 0xFF, 0xFF, 0xFF, 0xFF, 0xFE, 0x00, 
    0x00, 0x7F, 0xFF, 0xFF, 0xFF, 0xFF, 0xFE, 0x00, 0x00, 0x60, 0x00, 0x00, 0x00, 0x00, 0x0E, 0x00, 
    0x00, 0x70, 0x00, 0x00, 0x00, 0x00, 0x0E, 0x00, 0x00, 0x70, 0x00, 0x00, 0x3C, 0x00, 0x0E, 0x00, 
    0x00, 0x71, 0x80, 0x01, 0xFF, 0x80, 0x0E, 0x00, 0x00, 0x71, 0x80, 0x07, 0xFF, 0xE0, 0x0E, 0x00, 
    0x00, 0x70, 0x00, 0x0F, 0x00, 0xF0, 0x0E, 0x00, 0x00, 0x60, 0x00, 0x1C, 0x00, 0x78, 0x0E, 0x00, 
    0x00, 0x70, 0x00, 0x38, 0x00, 0x3C, 0x0E, 0x00, 0x00, 0x7F, 0xFF, 0xF8, 0x7E, 0x1F, 0xFE, 0x00, 
    0x00, 0x7F, 0xFF, 0xF0, 0xFF, 0x0F, 0xFE, 0x00, 0x00, 0x60, 0x00, 0x61, 0xC7, 0x8E, 0x0E, 0x00, 
    0x00, 0x60, 0x00, 0x63, 0x81, 0x86, 0x0E, 0x00, 0x00, 0x60, 0x00, 0x63, 0x81, 0xC6, 0x0E, 0x00, 
    0x00, 0x60, 0x00, 0x63, 0x01, 0xC7, 0x0E, 0x00, 0x00, 0x60, 0x00, 0x63, 0x01, 0xC7, 0x0E, 0x00, 
    0x00, 0x60, 0x00, 0x63, 0x81, 0x86, 0x0E, 0x00, 0x00, 0x60, 0x00, 0x61, 0xC3, 0x8E, 0x0E, 0x00, 
    0x00, 0x60, 0x00, 0x71, 0xFF, 0x0E, 0x0E, 0x00, 0x00, 0x60, 0x00, 0x30, 0xFE, 0x1E, 0x0E, 0x00, 
    0x00, 0x60, 0x00, 0x38, 0x18, 0x1C, 0x0E, 0x00, 0x00, 0x60, 0x00, 0x1C, 0x00, 0x38, 0x0E, 0x00, 
    0x00, 0x60, 0x00, 0x0E, 0x00, 0xF8, 0x0E, 0x00, 0x00, 0x60, 0x00, 0x07, 0xC3, 0xE0, 0x0E, 0x00, 
    0x00, 0x60, 0x00, 0x03, 0xFF, 0xC0, 0x0E, 0x00, 0x00, 0x60, 0x00, 0x00, 0xFF, 0x00, 0x0E, 0x00, 
    0x00, 0x60, 0x00, 0x00, 0x00, 0x00, 0x0E, 0x00, 0x00, 0x60, 0x00, 0x00, 0x00, 0x00, 0x0E, 0x00, 
    0x00, 0x7F, 0xFF, 0x80, 0x00, 0x00, 0x0E, 0x00, 0x00, 0x7F, 0xFF, 0xFF, 0xFF, 0xFF, 0xFE, 0x00, 
    0x00, 0x7F, 0xFF, 0xFF, 0xFF, 0xFF, 0xFE, 0x00, 0x00, 0x00, 0x00, 0x03, 0xFF, 0xFF, 0xFC, 0x00, 
    0x00, 0x00, 0x00, 0x00, 0x00, 0x00, 0x00, 0x00, 0x00, 0x00, 0x00, 0x00, 0x00, 0x00, 0x00, 0x00, 
    0x00, 0x00, 0x00, 0x00, 0x00, 0x00, 0x00, 0x00, 0x00, 0x00, 0x00, 0x00, 0x00, 0x00, 0x00, 0x00, 
    0x00, 0x00, 0x00, 0x00, 0x00, 0x00, 0x00, 0x00, 0x00, 0x00, 0x00, 0x00, 0x00, 0x00, 0x00, 0x00, 
    0x00, 0x00, 0x00, 0x00, 0x00, 0x00, 0x00, 0x00, 0x00, 0x00, 0x00, 0x00, 0x00, 0x00, 0x00, 0x00, 
    0x00, 0x00, 0x00, 0x00, 0x00, 0x00, 0x00, 0x00, 0x00, 0x00, 0x00, 0x00, 0x00, 0x00, 0x00, 0x00, 
    0x00, 0x00, 0x00, 0x00, 0x00, 0x00, 0x00, 0x00, 0x00, 0x00, 0x00, 0x00, 0x00, 0x00, 0x00, 0x00, 
      },
  {
    0x00, 0x00, 0x00, 0x00, 0x00, 0x00, 0x00, 0x00, 0x00, 0x00, 0x00, 0x00, 0x00, 0x00, 0x00, 0x00, 
    0x00, 0x00, 0x00, 0x00, 0x00, 0x00, 0x00, 0x00, 0x00, 0x00, 0x00, 0x00, 0x00, 0x00, 0x00, 0x00, 
    0x00, 0x00, 0x00, 0x00, 0x00, 0x00, 0x00, 0x00, 0x00, 0x00, 0x00, 0x00, 0x00, 0x00, 0x00, 0x00, 
    0x00, 0x00, 0x00, 0x00, 0x00, 0x00, 0x00, 0x00, 0x00, 0x00, 0x00, 0x00, 0x00, 0x00, 0x00, 0x00, 
    0x00, 0x00, 0x00, 0x00, 0x00, 0x00, 0x00, 0x00, 0x00, 0x00, 0x00, 0x00, 0x00, 0x00, 0x00, 0x00, 
    0x00, 0x00, 0x00, 0x00, 0x00, 0x00, 0x00, 0x00, 0x00, 0x00, 0x00, 0x00, 0x00, 0x00, 0x00, 0x00, 
    0x00, 0x00, 0x00, 0x00, 0x06, 0x00, 0x00, 0x00, 0x00, 0x01, 0xF0, 0x00, 0x1F, 0xFF, 0xF0, 0x00, 
    0x00, 0x03, 0xF8, 0x00, 0x1F, 0xFF, 0xF0, 0x00, 0x00, 0x07, 0x1C, 0x00, 0x1C, 0x00, 0x70, 0x00, 
    0x00, 0x07, 0x1C, 0x00, 0x1C, 0x00, 0x70, 0x00, 0x00, 0x06, 0x0C, 0x00, 0x1C, 0x00, 0x70, 0x00, 
    0x00, 0x3F, 0x1C, 0x00, 0x1C, 0x00, 0x70, 0x00, 0x00, 0x7F, 0xFF, 0xFF, 0xFF, 0xFF, 0xFE, 0x00, 
    0x00, 0x7F, 0xFF, 0xFF, 0xFF, 0xFF, 0xFE, 0x00, 0x00, 0x60, 0x00, 0x00, 0x00, 0x00, 0x0E, 0x00, 
    0x00, 0x60, 0x00, 0x00, 0x00, 0x00, 0x0E, 0x00, 0x00, 0x60, 0x00, 0x00, 0x18, 0x00, 0x0E, 0x00, 
    0x00, 0x61, 0x80, 0x01, 0xFF, 0x80, 0x0E, 0x00, 0x00, 0x61, 0x80, 0x03, 0xFF, 0xE0, 0x0E, 0x00, 
    0x00, 0x60, 0x00, 0x0F, 0x80, 0xF0, 0x0E, 0x00, 0x00, 0x60, 0x00, 0x1E, 0x00, 0x78, 0x0E, 0x00, 
    0x00, 0x60, 0x00, 0x1C, 0x00, 0x3C, 0x06, 0x00, 0x00, 0x7F, 0xFF, 0xF8, 0x3C, 0x1F, 0xFE, 0x00, 
    0x00, 0x7F, 0xFF, 0xF0, 0xFF, 0x0F, 0xFE, 0x00, 0x00, 0x60, 0x00, 0x71, 0xE7, 0x8F, 0xFE, 0x00, 
    0x00, 0x60, 0x00, 0x61, 0x81, 0x86, 0x0E, 0x00, 0x00, 0x60, 0x00, 0x63, 0x81, 0xC7, 0x0E, 0x00, 
    0x00, 0x60, 0x00, 0x63, 0x80, 0xC7, 0x0E, 0x00, 0x00, 0x60, 0x00, 0x63, 0x80, 0xC7, 0x0E, 0x00, 
    0x00, 0x60, 0x00, 0x63, 0x81, 0xC7, 0x0E, 0x00, 0x00, 0x60, 0x00, 0x61, 0xC3, 0x86, 0x0E, 0x00, 
    0x00, 0x60, 0x00, 0x71, 0xFF, 0x8E, 0x0E, 0x00, 0x00, 0x60, 0x00, 0x30, 0xFF, 0x0E, 0x0E, 0x00, 
    0x00, 0x60, 0x00, 0x38, 0x3C, 0x1C, 0x0E, 0x00, 0x00, 0x60, 0x00, 0x1C, 0x00, 0x3C, 0x0E, 0x00, 
    0x00, 0x60, 0x00, 0x0E, 0x00, 0x78, 0x0E, 0x00, 0x00, 0x60, 0x00, 0x07, 0x81, 0xF0, 0x0E, 0x00, 
    0x00, 0x60, 0x00, 0x03, 0xFF, 0xC0, 0x0E, 0x00, 0x00, 0x60, 0x00, 0x00, 0xFF, 0x80, 0x0E, 0x00, 
    0x00, 0x60, 0x00, 0x00, 0x00, 0x00, 0x0E, 0x00, 0x00, 0x60, 0x00, 0x00, 0x00, 0x00, 0x0E, 0x00, 
    0x00, 0x60, 0x00, 0x00, 0x00, 0x00, 0x0E, 0x00, 0x00, 0x7F, 0xFF, 0xFF, 0xFF, 0xFF, 0xFE, 0x00, 
    0x00, 0x7F, 0xFF, 0xFF, 0xFF, 0xFF, 0xFE, 0x00, 0x00, 0x00, 0x00, 0x1F, 0xFF, 0xFF, 0xFC, 0x00, 
    0x00, 0x00, 0x00, 0x00, 0x00, 0x00, 0x00, 0x00, 0x00, 0x00, 0x00, 0x00, 0x00, 0x00, 0x00, 0x00, 
    0x00, 0x00, 0x00, 0x00, 0x00, 0x00, 0x00, 0x00, 0x00, 0x00, 0x00, 0x00, 0x00, 0x00, 0x00, 0x00, 
    0x00, 0x00, 0x00, 0x00, 0x00, 0x00, 0x00, 0x00, 0x00, 0x00, 0x00, 0x00, 0x00, 0x00, 0x00, 0x00, 
    0x00, 0x00, 0x00, 0x00, 0x00, 0x00, 0x00, 0x00, 0x00, 0x00, 0x00, 0x00, 0x00, 0x00, 0x00, 0x00, 
    0x00, 0x00, 0x00, 0x00, 0x00, 0x00, 0x00, 0x00, 0x00, 0x00, 0x00, 0x00, 0x00, 0x00, 0x00, 0x00, 
    0x00, 0x00, 0x00, 0x00, 0x00, 0x00, 0x00, 0x00, 0x00, 0x00, 0x00, 0x00, 0x00, 0x00, 0x00, 0x00, 
      },
  {
    0x00, 0x00, 0x00, 0x00, 0x00, 0x00, 0x00, 0x00, 0x00, 0x00, 0x00, 0x00, 0x00, 0x00, 0x00, 0x00, 
    0x00, 0x00, 0x00, 0x00, 0x00, 0x00, 0x00, 0x00, 0x00, 0x00, 0x00, 0x00, 0x00, 0x00, 0x00, 0x00, 
    0x00, 0x00, 0x00, 0x00, 0x00, 0x00, 0x00, 0x00, 0x00, 0x00, 0x00, 0x00, 0x00, 0x00, 0x00, 0x00, 
    0x00, 0x00, 0x00, 0x00, 0x00, 0x00, 0x00, 0x00, 0x00, 0x00, 0x00, 0x00, 0x00, 0x00, 0x00, 0x00, 
    0x00, 0x00, 0x00, 0x00, 0x00, 0x00, 0x00, 0x00, 0x00, 0x00, 0x00, 0x00, 0x00, 0x00, 0x00, 0x00, 
    0x00, 0x00, 0x00, 0x00, 0x00, 0x00, 0x00, 0x00, 0x00, 0x00, 0x00, 0x00, 0x00, 0x00, 0x00, 0x00, 
    0x00, 0x00, 0x00, 0x00, 0x00, 0x00, 0x00, 0x00, 0x00, 0x01, 0xF0, 0x00, 0x1F, 0xFF, 0xF0, 0x00, 
    0x00, 0x03, 0xF8, 0x00, 0x1F, 0xFF, 0xF0, 0x00, 0x00, 0x07, 0x38, 0x00, 0x1C, 0x00, 0x70, 0x00, 
    0x00, 0x06, 0x1C, 0x00, 0x1C, 0x00, 0x70, 0x00, 0x00, 0x06, 0x1C, 0x00, 0x18, 0x00, 0x70, 0x00, 
    0x00, 0x06, 0x1C, 0x00, 0x1C, 0x00, 0x70, 0x00, 0x00, 0x7F, 0xFF, 0xFF, 0xFF, 0xFF, 0xFE, 0x00, 
    0x00, 0x7F, 0xFF, 0xFF, 0xFF, 0xFF, 0xFE, 0x00, 0x00, 0x60, 0x00, 0x00, 0x00, 0x00, 0x0E, 0x00, 
    0x00, 0x60, 0x00, 0x00, 0x00, 0x00, 0x06, 0x00, 0x00, 0x60, 0x00, 0x00, 0x00, 0x00, 0x06, 0x00, 
    0x00, 0x61, 0x80, 0x00, 0xFF, 0x80, 0x06, 0x00, 0x00, 0x61, 0x80, 0x03, 0xFF, 0xE0, 0x06, 0x00, 
    0x00, 0x60, 0x00, 0x07, 0x81, 0xF0, 0x06, 0x00, 0x00, 0x60, 0x00, 0x0E, 0x00, 0x78, 0x06, 0x00, 
    0x00, 0x60, 0x00, 0x1C, 0x00, 0x3C, 0x06, 0x00, 0x00, 0x7F, 0xFF, 0xF8, 0x3C, 0x1F, 0xFE, 0x00, 
    0x00, 0x7F, 0xFF, 0xF0, 0xFF, 0x0F, 0xFE, 0x00, 0x00, 0x70, 0x00, 0x71, 0xFF, 0x87, 0xFE, 0x00, 
    0x00, 0x60, 0x00, 0x61, 0xC1, 0xC6, 0x06, 0x00, 0x00, 0x60, 0x00, 0x63, 0x81, 0xC7, 0x06, 0x00, 
    0x00, 0x60, 0x00, 0x63, 0x80, 0xC7, 0x06, 0x00, 0x00, 0x60, 0x00, 0x63, 0x80, 0xC7, 0x06, 0x00, 
    0x00, 0x60, 0x00, 0x63, 0x81, 0xC7, 0x06, 0x00, 0x00, 0x60, 0x00, 0x61, 0xC1, 0xC6, 0x06, 0x00, 
    0x00, 0x60, 0x00, 0x71, 0xE7, 0x86, 0x06, 0x00, 0x00, 0x60, 0x00, 0x30, 0xFF, 0x0E, 0x06, 0x00, 
    0x00, 0x60, 0x00, 0x38, 0x3E, 0x1C, 0x06, 0x00, 0x00, 0x60, 0x00, 0x1C, 0x00, 0x1C, 0x0E, 0x00, 
    0x00, 0x60, 0x00, 0x0E, 0x00, 0x78, 0x0E, 0x00, 0x00, 0x60, 0x00, 0x07, 0x81, 0xF0, 0x0E, 0x00, 
    0x00, 0x60, 0x00, 0x03, 0xFF, 0xE0, 0x0E, 0x00, 0x00, 0x60, 0x00, 0x00, 0xFF, 0x80, 0x0E, 0x00, 
    0x00, 0x60, 0x00, 0x00, 0x08, 0x00, 0x0E, 0x00, 0x00, 0x60, 0x00, 0x00, 0x00, 0x00, 0x0E, 0x00, 
    0x00, 0x60, 0x00, 0x00, 0x00, 0x00, 0x0E, 0x00, 0x00, 0x7F, 0xFF, 0xFF, 0xFF, 0xFF, 0xFE, 0x00, 
    0x00, 0x7F, 0xFF, 0xFF, 0xFF, 0xFF, 0xFE, 0x00, 0x00, 0x01, 0xFF, 0xFF, 0xFF, 0xFF, 0xFC, 0x00, 
    0x00, 0x00, 0x00, 0x00, 0x00, 0x00, 0x00, 0x00, 0x00, 0x00, 0x00, 0x00, 0x00, 0x00, 0x00, 0x00, 
    0x00, 0x00, 0x00, 0x00, 0x00, 0x00, 0x00, 0x00, 0x00, 0x00, 0x00, 0x00, 0x00, 0x00, 0x00, 0x00, 
    0x00, 0x00, 0x00, 0x00, 0x00, 0x00, 0x00, 0x00, 0x00, 0x00, 0x00, 0x00, 0x00, 0x00, 0x00, 0x00, 
    0x00, 0x00, 0x00, 0x00, 0x00, 0x00, 0x00, 0x00, 0x00, 0x00, 0x00, 0x00, 0x00, 0x00, 0x00, 0x00, 
    0x00, 0x00, 0x00, 0x00, 0x00, 0x00, 0x00, 0x00, 0x00, 0x00, 0x00, 0x00, 0x00, 0x00, 0x00, 0x00, 
    0x00, 0x00, 0x00, 0x00, 0x00, 0x00, 0x00, 0x00, 0x00, 0x00, 0x00, 0x00, 0x00, 0x00, 0x00, 0x00, 
      },
  {
    0x00, 0x00, 0x00, 0x00, 0x00, 0x00, 0x00, 0x00, 0x00, 0x00, 0x00, 0x00, 0x00, 0x00, 0x00, 0x00, 
    0x00, 0x00, 0x00, 0x00, 0x00, 0x00, 0x00, 0x00, 0x00, 0x00, 0x00, 0x00, 0x00, 0x00, 0x00, 0x00, 
    0x00, 0x00, 0x00, 0x00, 0x00, 0x00, 0x00, 0x00, 0x00, 0x00, 0x00, 0x00, 0x00, 0x00, 0x00, 0x00, 
    0x00, 0x00, 0x00, 0x00, 0x00, 0x00, 0x00, 0x00, 0x00, 0x00, 0x00, 0x00, 0x00, 0x00, 0x00, 0x00, 
    0x00, 0x00, 0x00, 0x00, 0x00, 0x00, 0x00, 0x00, 0x00, 0x00, 0x00, 0x00, 0x00, 0x00, 0x00, 0x00, 
    0x00, 0x00, 0x00, 0x00, 0x00, 0x00, 0x00, 0x00, 0x00, 0x00, 0x00, 0x00, 0x00, 0x00, 0x00, 0x00, 
    0x00, 0x00, 0x00, 0x00, 0x00, 0x00, 0x00, 0x00, 0x00, 0x01, 0xE0, 0x00, 0x1F, 0xFF, 0xF0, 0x00, 
    0x00, 0x03, 0xF8, 0x00, 0x1F, 0xFF, 0xF0, 0x00, 0x00, 0x07, 0x38, 0x00, 0x1C, 0x00, 0x70, 0x00, 
    0x00, 0x06, 0x1C, 0x00, 0x1C, 0x00, 0x70, 0x00, 0x00, 0x06, 0x1C, 0x00, 0x1C, 0x00, 0x70, 0x00, 
    0x00, 0x06, 0x1C, 0x00, 0x1C, 0x00, 0x70, 0x00, 0x00, 0x7F, 0xFF, 0xFF, 0xFF, 0xFF, 0xFE, 0x00, 
    0x00, 0x7F, 0xFF, 0xFF, 0xFF, 0xFF, 0xFE, 0x00, 0x00, 0x60, 0x00, 0x00, 0x00, 0x00, 0x06, 0x00, 
    0x00, 0x60, 0x00, 0x00, 0x00, 0x00, 0x06, 0x00, 0x00, 0x60, 0x00, 0x00, 0x00, 0x00, 0x06, 0x00, 
    0x00, 0x61, 0x80, 0x00, 0xFF, 0x80, 0x06, 0x00, 0x00, 0x61, 0x80, 0x03, 0xFF, 0xE0, 0x06, 0x00, 
    0x00, 0x60, 0x00, 0x07, 0x81, 0xF0, 0x06, 0x00, 0x00, 0x60, 0x00, 0x0E, 0x00, 0x78, 0x06, 0x00, 
    0x00, 0x60, 0x00, 0x1C, 0x00, 0x1C, 0x06, 0x00, 0x00, 0x7F, 0xFF, 0xF8, 0x3C, 0x1F, 0xFE, 0x00, 
    0x00, 0x7F, 0xFF, 0xF0, 0x7F, 0x0F, 0xFE, 0x00, 0x00, 0x7F, 0xFF, 0xF0, 0xFF, 0x87, 0xFE, 0x00, 
    0x00, 0x60, 0x00, 0x71, 0xC1, 0xC6, 0x06, 0x00, 0x00, 0x60, 0x00, 0x61, 0x81, 0xC7, 0x06, 0x00, 
    0x00, 0x60, 0x00, 0x63, 0x80, 0xC7, 0x06, 0x00, 0x00, 0x60, 0x00, 0x63, 0x80, 0xC7, 0x06, 0x00, 
    0x00, 0x60, 0x00, 0x61, 0x80, 0xC7, 0x06, 0x00, 0x00, 0x60, 0x00, 0x71, 0xC1, 0xC7, 0x06, 0x00, 
    0x00, 0x60, 0x00, 0x71, 0xE7, 0x86, 0x06, 0x00, 0x00, 0x60, 0x00, 0x30, 0xFF, 0x0E, 0x06, 0x00, 
    0x00, 0x60, 0x00, 0x38, 0x3E, 0x0C, 0x06, 0x00, 0x00, 0x60, 0x00, 0x1C, 0x00, 0x1C, 0x06, 0x00, 
    0x00, 0x60, 0x00, 0x0E, 0x00, 0x38, 0x06, 0x00, 0x00, 0x60, 0x00, 0x07, 0x80, 0xF0, 0x06, 0x00, 
    0x00, 0x60, 0x00, 0x03, 0xFF, 0xE0, 0x06, 0x00, 0x00, 0x60, 0x00, 0x01, 0xFF, 0x80, 0x06, 0x00, 
    0x00, 0x60, 0x00, 0x00, 0x18, 0x00, 0x06, 0x00, 0x00, 0x60, 0x00, 0x00, 0x00, 0x00, 0x06, 0x00, 
    0x00, 0x60, 0x00, 0x00, 0x00, 0x00, 0x06, 0x00, 0x00, 0x7F, 0xFF, 0xFF, 0xFF, 0xFF, 0xFE, 0x00, 
    0x00, 0x7F, 0xFF, 0xFF, 0xFF, 0xFF, 0xFE, 0x00, 0x00, 0x03, 0xFF, 0xFF, 0xE0, 0x00, 0x00, 0x00, 
    0x00, 0x00, 0x00, 0x00, 0x00, 0x00, 0x00, 0x00, 0x00, 0x00, 0x00, 0x00, 0x00, 0x00, 0x00, 0x00, 
    0x00, 0x00, 0x00, 0x00, 0x00, 0x00, 0x00, 0x00, 0x00, 0x00, 0x00, 0x00, 0x00, 0x00, 0x00, 0x00, 
    0x00, 0x00, 0x00, 0x00, 0x00, 0x00, 0x00, 0x00, 0x00, 0x00, 0x00, 0x00, 0x00, 0x00, 0x00, 0x00, 
    0x00, 0x00, 0x00, 0x00, 0x00, 0x00, 0x00, 0x00, 0x00, 0x00, 0x00, 0x00, 0x00, 0x00, 0x00, 0x00, 
    0x00, 0x00, 0x00, 0x00, 0x00, 0x00, 0x00, 0x00, 0x00, 0x00, 0x00, 0x00, 0x00, 0x00, 0x00, 0x00, 
    0x00, 0x00, 0x00, 0x00, 0x00, 0x00, 0x00, 0x00, 0x00, 0x00, 0x00, 0x00, 0x00, 0x00, 0x00, 0x00, 
      },
  {
    0x00, 0x00, 0x00, 0x00, 0x00, 0x00, 0x00, 0x00, 0x00, 0x00, 0x00, 0x00, 0x00, 0x00, 0x00, 0x00, 
    0x00, 0x00, 0x00, 0x00, 0x00, 0x00, 0x00, 0x00, 0x00, 0x00, 0x00, 0x00, 0x00, 0x00, 0x00, 0x00, 
    0x00, 0x00, 0x00, 0x00, 0x00, 0x00, 0x00, 0x00, 0x00, 0x00, 0x00, 0x00, 0x00, 0x00, 0x00, 0x00, 
    0x00, 0x00, 0x00, 0x00, 0x00, 0x00, 0x00, 0x00, 0x00, 0x00, 0x00, 0x00, 0x00, 0x00, 0x00, 0x00, 
    0x00, 0x00, 0x00, 0x00, 0x00, 0x00, 0x00, 0x00, 0x00, 0x00, 0x00, 0x00, 0x00, 0x00, 0x00, 0x00, 
    0x00, 0x00, 0x00, 0x00, 0x00, 0x00, 0x00, 0x00, 0x00, 0x00, 0x00, 0x00, 0x00, 0x00, 0x00, 0x00, 
    0x00, 0x00, 0x00, 0x00, 0x00, 0x00, 0x00, 0x00, 0x00, 0x01, 0xE0, 0x00, 0x1F, 0xFF, 0xF0, 0x00, 
    0x00, 0x03, 0xF8, 0x00, 0x1F, 0xFF, 0xF0, 0x00, 0x00, 0x07, 0x38, 0x00, 0x1C, 0x00, 0x70, 0x00, 
    0x00, 0x06, 0x1C, 0x00, 0x1C, 0x00, 0x70, 0x00, 0x00, 0x06, 0x1C, 0x00, 0x1C, 0x00, 0x70, 0x00, 
    0x00, 0x06, 0x1C, 0x00, 0x1C, 0x00, 0x70, 0x00, 0x00, 0x7F, 0xFF, 0xFF, 0xFF, 0xFF, 0xFE, 0x00, 
    0x00, 0x7F, 0xFF, 0xFF, 0xFF, 0xFF, 0xFE, 0x00, 0x00, 0x60, 0x00, 0x00, 0x00, 0x00, 0x06, 0x00, 
    0x00, 0x60, 0x00, 0x00, 0x00, 0x00, 0x06, 0x00, 0x00, 0x60, 0x00, 0x00, 0x00, 0x00, 0x06, 0x00, 
    0x00, 0x61, 0x80, 0x00, 0xFF, 0x80, 0x06, 0x00, 0x00, 0x61, 0x80, 0x03, 0xFF, 0xE0, 0x06, 0x00, 
    0x00, 0x61, 0x00, 0x07, 0x81, 0xF0, 0x06, 0x00, 0x00, 0x60, 0x00, 0x0E, 0x00, 0x78, 0x06, 0x00, 
    0x00, 0x60, 0x00, 0x1C, 0x00, 0x1C, 0x06, 0x00, 0x00, 0x7F, 0xFF, 0xF8, 0x3C, 0x1F, 0xFE, 0x00, 
    0x00, 0x7F, 0xFF, 0xF0, 0x7F, 0x0F, 0xFE, 0x00, 0x00, 0x7F, 0xFF, 0xF0, 0xFF, 0x87, 0xFE, 0x00, 
    0x00, 0x60, 0x00, 0x71, 0xC1, 0xC6, 0x06, 0x00, 0x00, 0x60, 0x00, 0x61, 0x81, 0xC7, 0x06, 0x00, 
    0x00, 0x60, 0x00, 0x63, 0x80, 0xC7, 0x06, 0x00, 0x00, 0x60, 0x00, 0x63, 0x80, 0xC7, 0x06, 0x00, 
    0x00, 0x60, 0x00, 0x61, 0x80, 0xC7, 0x06, 0x00, 0x00, 0x60, 0x00, 0x71, 0xC1, 0xC7, 0x06, 0x00, 
    0x00, 0x60, 0x00, 0x71, 0xE7, 0x86, 0x06, 0x00, 0x00, 0x60, 0x00, 0x30, 0xFF, 0x0E, 0x06, 0x00, 
    0x00, 0x60, 0x00, 0x38, 0x3E, 0x0C, 0x06, 0x00, 0x00, 0x60, 0x00, 0x1C, 0x00, 0x1C, 0x06, 0x00, 
    0x00, 0x60, 0x00, 0x0E, 0x00, 0x38, 0x06, 0x00, 0x00, 0x60, 0x00, 0x07, 0x80, 0xF0, 0x06, 0x00, 
    0x00, 0x60, 0x00, 0x03, 0xFF, 0xE0, 0x06, 0x00, 0x00, 0x60, 0x00, 0x01, 0xFF, 0x80, 0x06, 0x00, 
    0x00, 0x60, 0x00, 0x00, 0x18, 0x00, 0x06, 0x00, 0x00, 0x60, 0x00, 0x00, 0x00, 0x00, 0x06, 0x00, 
    0x00, 0x60, 0x00, 0x00, 0x00, 0x00, 0x06, 0x00, 0x00, 0x7F, 0xFF, 0xFF, 0xFF, 0xFF, 0xFE, 0x00, 
    0x00, 0x7F, 0xFF, 0xFF, 0xFF, 0xFF, 0xFE, 0x00, 0x00, 0x01, 0xFE, 0x00, 0x00, 0x00, 0x00, 0x00, 
    0x00, 0x00, 0x00, 0x00, 0x00, 0x00, 0x00, 0x00, 0x00, 0x00, 0x00, 0x00, 0x00, 0x00, 0x00, 0x00, 
    0x00, 0x00, 0x00, 0x00, 0x00, 0x00, 0x00, 0x00, 0x00, 0x00, 0x00, 0x00, 0x00, 0x00, 0x00, 0x00, 
    0x00, 0x00, 0x00, 0x00, 0x00, 0x00, 0x00, 0x00, 0x00, 0x00, 0x00, 0x00, 0x00, 0x00, 0x00, 0x00, 
    0x00, 0x00, 0x00, 0x00, 0x00, 0x00, 0x00, 0x00, 0x00, 0x00, 0x00, 0x00, 0x00, 0x00, 0x00, 0x00, 
    0x00, 0x00, 0x00, 0x00, 0x00, 0x00, 0x00, 0x00, 0x00, 0x00, 0x00, 0x00, 0x00, 0x00, 0x00, 0x00, 
    0x00, 0x00, 0x00, 0x00, 0x00, 0x00, 0x00, 0x00, 0x00, 0x00, 0x00, 0x00, 0x00, 0x00, 0x00, 0x00, 
      },
};

#endif
