#ifndef ANIMATION_HOME_H
#define ANIMATION_HOME_H

#include <pgmspace.h>

#define HOME_FRAMES 53
#define HOME_WIDTH  64
#define HOME_HEIGHT 64

const uint8_t home_frames[][512] PROGMEM = {
  {
    0x00, 0x00, 0x00, 0x00, 0x00, 0x00, 0x00, 0x00, 0x00, 0x00, 0x00, 0x00, 0x00, 0x00, 0x00, 0x00, 
    0x00, 0x00, 0x00, 0x00, 0x00, 0x00, 0x00, 0x00, 0x00, 0x00, 0x00, 0x00, 0x00, 0x00, 0x00, 0x00, 
    0x00, 0x00, 0x00, 0x00, 0x00, 0x00, 0x00, 0x00, 0x00, 0x00, 0x00, 0x00, 0x00, 0x00, 0x00, 0x00, 
    0x00, 0x00, 0x00, 0x00, 0x00, 0x00, 0x00, 0x00, 0x00, 0x00, 0x00, 0x00, 0x00, 0x00, 0x00, 0x00, 
    0x00, 0x00, 0x00, 0x00, 0x00, 0x00, 0x00, 0x00, 0x00, 0x00, 0x00, 0x01, 0x80, 0x00, 0x00, 0x00, 
    0x00, 0x00, 0x00, 0x03, 0xC0, 0x00, 0x00, 0x00, 0x00, 0x00, 0x00, 0x07, 0xE0, 0x00, 0x00, 0x00, 
    0x00, 0x00, 0x00, 0x0E, 0xF0, 0x00, 0x00, 0x00, 0x00, 0x00, 0x00, 0x1C, 0x38, 0x00, 0x00, 0x00, 
    0x00, 0x00, 0x00, 0x78, 0x1E, 0x00, 0x00, 0x00, 0x00, 0x00, 0x00, 0xF0, 0x0F, 0x00, 0x00, 0x00, 
    0x00, 0x00, 0x01, 0xE0, 0x07, 0x80, 0x00, 0x00, 0x00, 0x00, 0x03, 0xC0, 0x03, 0xC0, 0x00, 0x00, 
    0x00, 0x00, 0x07, 0x00, 0x01, 0xE0, 0x00, 0x00, 0x00, 0x00, 0x0E, 0x00, 0x00, 0x70, 0x00, 0x00, 
    0x00, 0x00, 0x3C, 0x00, 0x00, 0x3C, 0x00, 0x00, 0x00, 0x00, 0x78, 0x00, 0x00, 0x1E, 0x00, 0x00, 
    0x00, 0x00, 0xF0, 0x00, 0x00, 0x0F, 0x00, 0x00, 0x00, 0x01, 0xE0, 0x00, 0x00, 0x07, 0x80, 0x00, 
    0x00, 0x03, 0x80, 0x00, 0x00, 0x01, 0xC0, 0x00, 0x00, 0x07, 0x00, 0x00, 0x00, 0x00, 0xE0, 0x00, 
    0x00, 0x1E, 0x00, 0x00, 0x00, 0x00, 0x78, 0x00, 0x00, 0x3C, 0x00, 0x00, 0x00, 0x00, 0x3C, 0x00, 
    0x00, 0x7C, 0x00, 0x00, 0x00, 0x00, 0x3E, 0x00, 0x00, 0xFC, 0x00, 0x00, 0x00, 0x00, 0x3F, 0x00, 
    0x00, 0xCC, 0x00, 0x00, 0x00, 0x00, 0x33, 0x00, 0x00, 0x0C, 0x00, 0x00, 0x00, 0x00, 0x30, 0x00, 
    0x00, 0x0C, 0x00, 0x00, 0x00, 0x00, 0x30, 0x00, 0x00, 0x0C, 0x01, 0xFF, 0xFF, 0x80, 0x30, 0x00, 
    0x00, 0x0C, 0x01, 0xFF, 0xFF, 0x80, 0x30, 0x00, 0x00, 0x0C, 0x01, 0x80, 0x01, 0x80, 0x30, 0x00, 
    0x00, 0x0C, 0x01, 0x80, 0x01, 0x80, 0x30, 0x00, 0x00, 0x0C, 0x01, 0x80, 0x01, 0x80, 0x30, 0x00, 
    0x00, 0x0C, 0x01, 0x80, 0x01, 0x80, 0x30, 0x00, 0x00, 0x0C, 0x01, 0x80, 0x01, 0x80, 0x30, 0x00, 
    0x00, 0x0C, 0x01, 0x80, 0x0F, 0x80, 0x30, 0x00, 0x00, 0x0C, 0x01, 0x80, 0x1F, 0x80, 0x30, 0x00, 
    0x00, 0x0C, 0x01, 0x80, 0x1F, 0x80, 0x30, 0x00, 0x00, 0x0C, 0x01, 0x80, 0x01, 0x80, 0x30, 0x00, 
    0x00, 0x0C, 0x01, 0x80, 0x01, 0x80, 0x30, 0x00, 0x00, 0x0C, 0x01, 0x80, 0x01, 0x80, 0x30, 0x00, 
    0x00, 0x0C, 0x01, 0x80, 0x01, 0x80, 0x30, 0x00, 0x00, 0x0C, 0x01, 0x80, 0x01, 0x80, 0x30, 0x00, 
    0x00, 0x0C, 0x01, 0x80, 0x01, 0x80, 0x30, 0x00, 0x00, 0x0C, 0x01, 0x80, 0x01, 0x80, 0x30, 0x00, 
    0x00, 0x0C, 0x01, 0x80, 0x01, 0x80, 0x30, 0x00, 0x00, 0x0C, 0x01, 0x80, 0x01, 0x80, 0x30, 0x00, 
    0x00, 0xFF, 0xFF, 0xFF, 0xFF, 0xFF, 0xFF, 0x00, 0x00, 0xFF, 0xFF, 0xFF, 0xFF, 0xFF, 0xFF, 0x00, 
    0x00, 0x7F, 0xFF, 0xFF, 0xFF, 0xFF, 0xFE, 0x00, 0x00, 0x00, 0x00, 0x00, 0x00, 0x00, 0x00, 0x00, 
    0x00, 0x00, 0x00, 0x00, 0x00, 0x00, 0x00, 0x00, 0x00, 0x00, 0x00, 0x00, 0x00, 0x00, 0x00, 0x00, 
    0x00, 0x00, 0x00, 0x00, 0x00, 0x00, 0x00, 0x00, 0x00, 0x00, 0x00, 0x00, 0x00, 0x00, 0x00, 0x00, 
    0x00, 0x00, 0x00, 0x00, 0x00, 0x00, 0x00, 0x00, 0x00, 0x00, 0x00, 0x00, 0x00, 0x00, 0x00, 0x00, 
    0x00, 0x00, 0x00, 0x00, 0x00, 0x00, 0x00, 0x00, 0x00, 0x00, 0x00, 0x00, 0x00, 0x00, 0x00, 0x00, 
      },
  {
    0x00, 0x00, 0x00, 0x00, 0x00, 0x00, 0x00, 0x00, 0x00, 0x00, 0x00, 0x00, 0x00, 0x00, 0x00, 0x00, 
    0x00, 0x00, 0x00, 0x00, 0x00, 0x00, 0x00, 0x00, 0x00, 0x00, 0x00, 0x00, 0x00, 0x00, 0x00, 0x00, 
    0x00, 0x00, 0x00, 0x00, 0x00, 0x00, 0x00, 0x00, 0x00, 0x00, 0x00, 0x00, 0x00, 0x00, 0x00, 0x00, 
    0x00, 0x00, 0x00, 0x00, 0x00, 0x00, 0x00, 0x00, 0x00, 0x00, 0x00, 0x00, 0x00, 0x00, 0x00, 0x00, 
    0x00, 0x00, 0x00, 0x00, 0x00, 0x00, 0x00, 0x00, 0x00, 0x00, 0x00, 0x01, 0x00, 0x00, 0x00, 0x00, 
    0x00, 0x00, 0x00, 0x03, 0xC0, 0x00, 0x00, 0x00, 0x00, 0x00, 0x00, 0x07, 0xE0, 0x00, 0x00, 0x00, 
    0x00, 0x00, 0x00, 0x0E, 0xF0, 0x00, 0x00, 0x00, 0x00, 0x00, 0x00, 0x1C, 0x78, 0x00, 0x00, 0x00, 
    0x00, 0x00, 0x00, 0x78, 0x1C, 0x00, 0x00, 0x00, 0x00, 0x00, 0x00, 0xF0, 0x0F, 0x00, 0x00, 0x00, 
    0x00, 0x00, 0x01, 0xE0, 0x07, 0x80, 0x00, 0x00, 0x00, 0x00, 0x03, 0x80, 0x03, 0xC0, 0x00, 0x00, 
    0x00, 0x00, 0x07, 0x00, 0x01, 0xE0, 0x00, 0x00, 0x00, 0x00, 0x1E, 0x00, 0x00, 0xF0, 0x00, 0x00, 
    0x00, 0x00, 0x3C, 0x00, 0x00, 0x3C, 0x00, 0x00, 0x00, 0x00, 0x78, 0x00, 0x00, 0x1E, 0x00, 0x00, 
    0x00, 0x00, 0xF0, 0x00, 0x00, 0x0F, 0x00, 0x00, 0x00, 0x01, 0xC0, 0x00, 0x00, 0x07, 0x80, 0x00, 
    0x00, 0x03, 0x80, 0x00, 0x00, 0x03, 0xC0, 0x00, 0x00, 0x0F, 0x00, 0x00, 0x00, 0x01, 0xE0, 0x00, 
    0x00, 0x1E, 0x00, 0x00, 0x00, 0x00, 0x78, 0x00, 0x00, 0x3C, 0x00, 0x00, 0x00, 0x00, 0x3C, 0x00, 
    0x00, 0x7C, 0x00, 0x00, 0x00, 0x00, 0x3E, 0x00, 0x00, 0xFC, 0x00, 0x00, 0x00, 0x00, 0x3F, 0x00, 
    0x00, 0xCC, 0x00, 0x00, 0x00, 0x00, 0x37, 0x00, 0x00, 0x0C, 0x00, 0x00, 0x00, 0x00, 0x30, 0x00, 
    0x00, 0x0C, 0x00, 0x00, 0x00, 0x00, 0x30, 0x00, 0x00, 0x0C, 0x01, 0xFF, 0xFF, 0x80, 0x30, 0x00, 
    0x00, 0x0C, 0x01, 0xFF, 0xFF, 0x80, 0x30, 0x00, 0x00, 0x0C, 0x01, 0x80, 0x03, 0x80, 0x30, 0x00, 
    0x00, 0x0C, 0x01, 0x80, 0x03, 0x80, 0x30, 0x00, 0x00, 0x0C, 0x01, 0x80, 0x03, 0x80, 0x30, 0x00, 
    0x00, 0x0C, 0x01, 0x80, 0x03, 0x80, 0x30, 0x00, 0x00, 0x0C, 0x01, 0x80, 0x03, 0x80, 0x30, 0x00, 
    0x00, 0x0C, 0x01, 0x80, 0x1F, 0x80, 0x30, 0x00, 0x00, 0x0C, 0x01, 0x80, 0x1F, 0x80, 0x30, 0x00, 
    0x00, 0x0C, 0x01, 0x80, 0x1F, 0x80, 0x30, 0x00, 0x00, 0x0C, 0x01, 0x80, 0x03, 0x80, 0x30, 0x00, 
    0x00, 0x0C, 0x01, 0x80, 0x03, 0x80, 0x30, 0x00, 0x00, 0x0C, 0x01, 0x80, 0x03, 0x80, 0x30, 0x00, 
    0x00, 0x0C, 0x01, 0x80, 0x03, 0x80, 0x30, 0x00, 0x00, 0x0C, 0x01, 0x80, 0x03, 0x80, 0x30, 0x00, 
    0x00, 0x0C, 0x01, 0x80, 0x03, 0x80, 0x30, 0x00, 0x00, 0x0C, 0x01, 0x80, 0x03, 0x80, 0x30, 0x00, 
    0x00, 0x0C, 0x01, 0x80, 0x03, 0x80, 0x30, 0x00, 0x00, 0x0C, 0x01, 0x80, 0x03, 0x80, 0x30, 0x00, 
    0x00, 0xFF, 0xFF, 0xFF, 0xFF, 0xFF, 0xFF, 0x00, 0x00, 0xFF, 0xFF, 0xFF, 0xFF, 0xFF, 0xFF, 0x00, 
    0x00, 0x7F, 0xFF, 0xFF, 0xFF, 0xFF, 0xFE, 0x00, 0x00, 0x00, 0x00, 0x00, 0x00, 0x00, 0x00, 0x00, 
    0x00, 0x00, 0x00, 0x00, 0x00, 0x00, 0x00, 0x00, 0x00, 0x00, 0x00, 0x00, 0x00, 0x00, 0x00, 0x00, 
    0x00, 0x00, 0x00, 0x00, 0x00, 0x00, 0x00, 0x00, 0x00, 0x00, 0x00, 0x00, 0x00, 0x00, 0x00, 0x00, 
    0x00, 0x00, 0x00, 0x00, 0x00, 0x00, 0x00, 0x00, 0x00, 0x00, 0x00, 0x00, 0x00, 0x00, 0x00, 0x00, 
    0x00, 0x00, 0x00, 0x00, 0x00, 0x00, 0x00, 0x00, 0x00, 0x00, 0x00, 0x00, 0x00, 0x00, 0x00, 0x00, 
      },
  {
    0x00, 0x00, 0x00, 0x00, 0x00, 0x00, 0x00, 0x00, 0x00, 0x00, 0x00, 0x00, 0x00, 0x00, 0x00, 0x00, 
    0x00, 0x00, 0x00, 0x00, 0x00, 0x00, 0x00, 0x00, 0x00, 0x00, 0x00, 0x00, 0x00, 0x00, 0x00, 0x00, 
    0x00, 0x00, 0x00, 0x00, 0x00, 0x00, 0x00, 0x00, 0x00, 0x00, 0x00, 0x00, 0x00, 0x00, 0x00, 0x00, 
    0x00, 0x00, 0x00, 0x00, 0x00, 0x00, 0x00, 0x00, 0x00, 0x00, 0x00, 0x00, 0x00, 0x00, 0x00, 0x00, 
    0x00, 0x00, 0x00, 0x00, 0x00, 0x00, 0x00, 0x00, 0x00, 0x00, 0x00, 0x01, 0x00, 0x00, 0x00, 0x00, 
    0x00, 0x00, 0x00, 0x03, 0xC0, 0x00, 0x00, 0x00, 0x00, 0x00, 0x00, 0x0F, 0xE0, 0x00, 0x00, 0x00, 
    0x00, 0x00, 0x00, 0x1E, 0xF0, 0x00, 0x00, 0x00, 0x00, 0x00, 0x00, 0x3C, 0x7C, 0x00, 0x00, 0x00, 
    0x00, 0x00, 0x00, 0x78, 0x3E, 0x00, 0x00, 0x00, 0x00, 0x00, 0x00, 0xE0, 0x1F, 0x00, 0x00, 0x00, 
    0x00, 0x00, 0x01, 0xC0, 0x0F, 0x80, 0x00, 0x00, 0x00, 0x00, 0x03, 0x80, 0x03, 0xC0, 0x00, 0x00, 
    0x00, 0x00, 0x0F, 0x00, 0x01, 0xE0, 0x00, 0x00, 0x00, 0x00, 0x1E, 0x00, 0x00, 0xF8, 0x00, 0x00, 
    0x00, 0x00, 0x3C, 0x00, 0x00, 0x7C, 0x00, 0x00, 0x00, 0x00, 0x70, 0x00, 0x00, 0x3E, 0x00, 0x00, 
    0x00, 0x00, 0xE0, 0x00, 0x00, 0x1F, 0x00, 0x00, 0x00, 0x01, 0xC0, 0x00, 0x00, 0x07, 0x80, 0x00, 
    0x00, 0x07, 0x80, 0x00, 0x00, 0x03, 0xC0, 0x00, 0x00, 0x0F, 0x00, 0x00, 0x00, 0x01, 0xF0, 0x00, 
    0x00, 0x1E, 0x00, 0x00, 0x00, 0x00, 0xF8, 0x00, 0x00, 0x3C, 0x00, 0x00, 0x00, 0x00, 0x7C, 0x00, 
    0x00, 0x7C, 0x00, 0x00, 0x00, 0x00, 0x7E, 0x00, 0x00, 0xFC, 0x00, 0x00, 0x00, 0x00, 0x7F, 0x00, 
    0x00, 0xCC, 0x00, 0x00, 0x00, 0x00, 0x7F, 0x00, 0x00, 0x0C, 0x00, 0x00, 0x00, 0x00, 0x70, 0x00, 
    0x00, 0x0C, 0x00, 0x00, 0x00, 0x00, 0x78, 0x00, 0x00, 0x0C, 0x01, 0xFF, 0xFF, 0x00, 0x78, 0x00, 
    0x00, 0x0C, 0x01, 0xFF, 0xFF, 0x00, 0x78, 0x00, 0x00, 0x0C, 0x01, 0x80, 0x03, 0x00, 0x78, 0x00, 
    0x00, 0x0C, 0x01, 0x80, 0x03, 0x00, 0x78, 0x00, 0x00, 0x0C, 0x01, 0x80, 0x03, 0x00, 0x78, 0x00, 
    0x00, 0x0C, 0x01, 0x80, 0x03, 0x00, 0x78, 0x00, 0x00, 0x0C, 0x01, 0x80, 0x03, 0x00, 0x70, 0x00, 
    0x00, 0x0C, 0x01, 0x80, 0x1F, 0x00, 0x70, 0x00, 0x00, 0x0C, 0x01, 0x80, 0x3F, 0x00, 0x70, 0x00, 
    0x00, 0x0C, 0x01, 0x80, 0x1F, 0x00, 0x70, 0x00, 0x00, 0x0C, 0x01, 0x80, 0x03, 0x00, 0x70, 0x00, 
    0x00, 0x0C, 0x01, 0x80, 0x03, 0x00, 0x70, 0x00, 0x00, 0x0C, 0x01, 0x80, 0x03, 0x00, 0x70, 0x00, 
    0x00, 0x0C, 0x01, 0x80, 0x03, 0x00, 0x70, 0x00, 0x00, 0x0C, 0x01, 0x80, 0x03, 0x00, 0x70, 0x00, 
    0x00, 0x0C, 0x01, 0x80, 0x03, 0x00, 0x70, 0x00, 0x00, 0x0C, 0x01, 0x80, 0x03, 0x00, 0x70, 0x00, 
    0x00, 0x0C, 0x01, 0x80, 0x03, 0x00, 0x70, 0x00, 0x00, 0x0C, 0x01, 0x80, 0x03, 0x00, 0x70, 0x00, 
    0x00, 0xFF, 0xFF, 0xFF, 0xFF, 0xFF, 0xFF, 0x00, 0x00, 0xFF, 0xFF, 0xFF, 0xFF, 0xFF, 0xFF, 0x00, 
    0x00, 0x7F, 0xFF, 0xFF, 0xFF, 0xFF, 0xFE, 0x00, 0x00, 0x00, 0x00, 0x00, 0x00, 0x00, 0x00, 0x00, 
    0x00, 0x00, 0x00, 0x00, 0x00, 0x00, 0x00, 0x00, 0x00, 0x00, 0x00, 0x00, 0x00, 0x00, 0x00, 0x00, 
    0x00, 0x00, 0x00, 0x00, 0x00, 0x00, 0x00, 0x00, 0x00, 0x00, 0x00, 0x00, 0x00, 0x00, 0x00, 0x00, 
    0x00, 0x00, 0x00, 0x00, 0x00, 0x00, 0x00, 0x00, 0x00, 0x00, 0x00, 0x00, 0x00, 0x00, 0x00, 0x00, 
    0x00, 0x00, 0x00, 0x00, 0x00, 0x00, 0x00, 0x00, 0x00, 0x00, 0x00, 0x00, 0x00, 0x00, 0x00, 0x00, 
      },
  {
    0x00, 0x00, 0x00, 0x00, 0x00, 0x00, 0x00, 0x00, 0x00, 0x00, 0x00, 0x00, 0x00, 0x00, 0x00, 0x00, 
    0x00, 0x00, 0x00, 0x00, 0x00, 0x00, 0x00, 0x00, 0x00, 0x00, 0x00, 0x00, 0x00, 0x00, 0x00, 0x00, 
    0x00, 0x00, 0x00, 0x00, 0x00, 0x00, 0x00, 0x00, 0x00, 0x00, 0x00, 0x00, 0x00, 0x00, 0x00, 0x00, 
    0x00, 0x00, 0x00, 0x00, 0x00, 0x00, 0x00, 0x00, 0x00, 0x00, 0x00, 0x00, 0x00, 0x00, 0x00, 0x00, 
    0x00, 0x00, 0x00, 0x00, 0x00, 0x00, 0x00, 0x00, 0x00, 0x00, 0x00, 0x03, 0x80, 0x00, 0x00, 0x00, 
    0x00, 0x00, 0x00, 0x07, 0xE0, 0x00, 0x00, 0x00, 0x00, 0x00, 0x00, 0x0F, 0xF0, 0x00, 0x00, 0x00, 
    0x00, 0x00, 0x00, 0x1D, 0xF8, 0x00, 0x00, 0x00, 0x00, 0x00, 0x00, 0x38, 0xFC, 0x00, 0x00, 0x00, 
    0x00, 0x00, 0x00, 0xF0, 0x7E, 0x00, 0x00, 0x00, 0x00, 0x00, 0x01, 0xE0, 0x1F, 0x00, 0x00, 0x00, 
    0x00, 0x00, 0x03, 0xC0, 0x0F, 0xC0, 0x00, 0x00, 0x00, 0x00, 0x07, 0x80, 0x07, 0xE0, 0x00, 0x00, 
    0x00, 0x00, 0x0E, 0x00, 0x03, 0xF0, 0x00, 0x00, 0x00, 0x00, 0x1C, 0x00, 0x01, 0xF8, 0x00, 0x00, 
    0x00, 0x00, 0x38, 0x00, 0x00, 0xFC, 0x00, 0x00, 0x00, 0x00, 0x70, 0x00, 0x00, 0x7E, 0x00, 0x00, 
    0x00, 0x01, 0xE0, 0x00, 0x00, 0x3F, 0x00, 0x00, 0x00, 0x03, 0xC0, 0x00, 0x00, 0x0F, 0xC0, 0x00, 
    0x00, 0x07, 0x80, 0x00, 0x00, 0x07, 0xE0, 0x00, 0x00, 0x0F, 0x00, 0x00, 0x00, 0x03, 0xF0, 0x00, 
    0x00, 0x1C, 0x00, 0x00, 0x00, 0x01, 0xF8, 0x00, 0x00, 0x3C, 0x00, 0x00, 0x00, 0x00, 0xFC, 0x00, 
    0x00, 0x7C, 0x00, 0x00, 0x00, 0x00, 0xFE, 0x00, 0x00, 0xFC, 0x00, 0x00, 0x00, 0x00, 0xFF, 0x00, 
    0x00, 0xDC, 0x00, 0x00, 0x00, 0x00, 0xFF, 0x00, 0x00, 0x1C, 0x00, 0x00, 0x00, 0x00, 0xF8, 0x00, 
    0x00, 0x1C, 0x00, 0x00, 0x00, 0x00, 0xF8, 0x00, 0x00, 0x1C, 0x03, 0xFF, 0xFE, 0x00, 0xF8, 0x00, 
    0x00, 0x1C, 0x03, 0xFF, 0xFE, 0x00, 0xF8, 0x00, 0x00, 0x1C, 0x03, 0x00, 0x06, 0x00, 0xF8, 0x00, 
    0x00, 0x1C, 0x03, 0x00, 0x06, 0x00, 0xF8, 0x00, 0x00, 0x1C, 0x03, 0x00, 0x06, 0x00, 0xF8, 0x00, 
    0x00, 0x1C, 0x03, 0x00, 0x06, 0x00, 0xF8, 0x00, 0x00, 0x1C, 0x03, 0x00, 0x06, 0x00, 0xF8, 0x00, 
    0x00, 0x1C, 0x03, 0x00, 0x3E, 0x00, 0xF8, 0x00, 0x00, 0x1C, 0x03, 0x00, 0x7E, 0x00, 0xF8, 0x00, 
    0x00, 0x1C, 0x03, 0x00, 0x3E, 0x00, 0xF8, 0x00, 0x00, 0x1C, 0x03, 0x00, 0x06, 0x00, 0xF8, 0x00, 
    0x00, 0x1C, 0x03, 0x00, 0x06, 0x00, 0xF8, 0x00, 0x00, 0x1C, 0x03, 0x00, 0x06, 0x00, 0xF8, 0x00, 
    0x00, 0x1C, 0x03, 0x00, 0x06, 0x00, 0xF8, 0x00, 0x00, 0x1C, 0x03, 0x00, 0x06, 0x00, 0xF8, 0x00, 
    0x00, 0x1C, 0x03, 0x00, 0x06, 0x00, 0xF8, 0x00, 0x00, 0x1C, 0x03, 0x00, 0x06, 0x00, 0xF8, 0x00, 
    0x00, 0x1C, 0x03, 0x00, 0x06, 0x00, 0xF8, 0x00, 0x00, 0x1C, 0x03, 0x00, 0x06, 0x00, 0xF8, 0x00, 
    0x00, 0xFF, 0xFF, 0xFF, 0xFF, 0xFF, 0xFF, 0x00, 0x00, 0xFF, 0xFF, 0xFF, 0xFF, 0xFF, 0xFF, 0x00, 
    0x00, 0x7F, 0xFF, 0xFF, 0xFF, 0xFF, 0xFE, 0x00, 0x00, 0x00, 0x00, 0x00, 0x00, 0x00, 0x00, 0x00, 
    0x00, 0x00, 0x00, 0x00, 0x00, 0x00, 0x00, 0x00, 0x00, 0x00, 0x00, 0x00, 0x00, 0x00, 0x00, 0x00, 
    0x00, 0x00, 0x00, 0x00, 0x00, 0x00, 0x00, 0x00, 0x00, 0x00, 0x00, 0x00, 0x00, 0x00, 0x00, 0x00, 
    0x00, 0x00, 0x00, 0x00, 0x00, 0x00, 0x00, 0x00, 0x00, 0x00, 0x00, 0x00, 0x00, 0x00, 0x00, 0x00, 
    0x00, 0x00, 0x00, 0x00, 0x00, 0x00, 0x00, 0x00, 0x00, 0x00, 0x00, 0x00, 0x00, 0x00, 0x00, 0x00, 
      },
  {
    0x00, 0x00, 0x00, 0x00, 0x00, 0x00, 0x00, 0x00, 0x00, 0x00, 0x00, 0x00, 0x00, 0x00, 0x00, 0x00, 
    0x00, 0x00, 0x00, 0x00, 0x00, 0x00, 0x00, 0x00, 0x00, 0x00, 0x00, 0x00, 0x00, 0x00, 0x00, 0x00, 
    0x00, 0x00, 0x00, 0x00, 0x00, 0x00, 0x00, 0x00, 0x00, 0x00, 0x00, 0x00, 0x00, 0x00, 0x00, 0x00, 
    0x00, 0x00, 0x00, 0x00, 0x00, 0x00, 0x00, 0x00, 0x00, 0x00, 0x00, 0x00, 0x00, 0x00, 0x00, 0x00, 
    0x00, 0x00, 0x00, 0x00, 0x00, 0x00, 0x00, 0x00, 0x00, 0x00, 0x00, 0x07, 0xC0, 0x00, 0x00, 0x00, 
    0x00, 0x00, 0x00, 0x0F, 0xE0, 0x00, 0x00, 0x00, 0x00, 0x00, 0x00, 0x1F, 0xF0, 0x00, 0x00, 0x00, 
    0x00, 0x00, 0x00, 0x3B, 0xFC, 0x00, 0x00, 0x00, 0x00, 0x00, 0x00, 0x71, 0xFE, 0x00, 0x00, 0x00, 
    0x00, 0x00, 0x00, 0xE0, 0xFF, 0x00, 0x00, 0x00, 0x00, 0x00, 0x01, 0xC0, 0x7F, 0x80, 0x00, 0x00, 
    0x00, 0x00, 0x07, 0x80, 0x1F, 0xC0, 0x00, 0x00, 0x00, 0x00, 0x0F, 0x00, 0x0F, 0xE0, 0x00, 0x00, 
    0x00, 0x00, 0x1E, 0x00, 0x07, 0xF0, 0x00, 0x00, 0x00, 0x00, 0x3C, 0x00, 0x03, 0xF8, 0x00, 0x00, 
    0x00, 0x00, 0x78, 0x00, 0x01, 0xFE, 0x00, 0x00, 0x00, 0x00, 0xE0, 0x00, 0x00, 0xFF, 0x00, 0x00, 
    0x00, 0x01, 0xC0, 0x00, 0x00, 0x7F, 0x80, 0x00, 0x00, 0x03, 0x80, 0x00, 0x00, 0x3F, 0xC0, 0x00, 
    0x00, 0x07, 0x00, 0x00, 0x00, 0x1F, 0xE0, 0x00, 0x00, 0x0E, 0x00, 0x00, 0x00, 0x0F, 0xF0, 0x00, 
    0x00, 0x3C, 0x00, 0x00, 0x00, 0x03, 0xF8, 0x00, 0x00, 0x78, 0x00, 0x00, 0x00, 0x03, 0xFC, 0x00, 
    0x00, 0xF8, 0x00, 0x00, 0x00, 0x03, 0xFF, 0x00, 0x01, 0xF8, 0x00, 0x00, 0x00, 0x03, 0xFF, 0x80, 
    0x00, 0xD8, 0x00, 0x00, 0x00, 0x03, 0xBF, 0x80, 0x00, 0x18, 0x00, 0x00, 0x00, 0x03, 0x98, 0x00, 
    0x00, 0x18, 0x00, 0x00, 0x00, 0x03, 0x98, 0x00, 0x00, 0x18, 0x07, 0xFF, 0xFC, 0x03, 0x98, 0x00, 
    0x00, 0x18, 0x07, 0xFF, 0xFC, 0x03, 0x98, 0x00, 0x00, 0x18, 0x07, 0x00, 0x0C, 0x03, 0x98, 0x00, 
    0x00, 0x18, 0x07, 0x00, 0x0C, 0x03, 0x98, 0x00, 0x00, 0x18, 0x07, 0x00, 0x0C, 0x03, 0x98, 0x00, 
    0x00, 0x18, 0x07, 0x00, 0x0C, 0x03, 0x98, 0x00, 0x00, 0x18, 0x07, 0x00, 0x0C, 0x03, 0x98, 0x00, 
    0x00, 0x18, 0x07, 0x00, 0x7C, 0x03, 0x98, 0x00, 0x00, 0x18, 0x07, 0x00, 0xFC, 0x03, 0x98, 0x00, 
    0x00, 0x18, 0x07, 0x00, 0x7C, 0x03, 0x98, 0x00, 0x00, 0x18, 0x07, 0x00, 0x0C, 0x03, 0x98, 0x00, 
    0x00, 0x18, 0x07, 0x00, 0x0C, 0x03, 0x98, 0x00, 0x00, 0x18, 0x07, 0x00, 0x0C, 0x03, 0x98, 0x00, 
    0x00, 0x18, 0x07, 0x00, 0x0C, 0x03, 0x98, 0x00, 0x00, 0x18, 0x07, 0x00, 0x0C, 0x03, 0x98, 0x00, 
    0x00, 0x18, 0x07, 0x00, 0x0C, 0x03, 0x98, 0x00, 0x00, 0x18, 0x07, 0x00, 0x0C, 0x03, 0xB8, 0x00, 
    0x00, 0x18, 0x07, 0x00, 0x0C, 0x03, 0xB8, 0x00, 0x00, 0x18, 0x07, 0x00, 0x0C, 0x03, 0xB8, 0x00, 
    0x00, 0xFF, 0xFF, 0xFF, 0xFF, 0xFF, 0xFF, 0x00, 0x01, 0xFF, 0xFF, 0xFF, 0xFF, 0xFF, 0xFF, 0x00, 
    0x00, 0x7F, 0xFF, 0xFF, 0xFF, 0xFF, 0xFE, 0x00, 0x00, 0x00, 0x00, 0x00, 0x00, 0x00, 0x00, 0x00, 
    0x00, 0x00, 0x00, 0x00, 0x00, 0x00, 0x00, 0x00, 0x00, 0x00, 0x00, 0x00, 0x00, 0x00, 0x00, 0x00, 
    0x00, 0x00, 0x00, 0x00, 0x00, 0x00, 0x00, 0x00, 0x00, 0x00, 0x00, 0x00, 0x00, 0x00, 0x00, 0x00, 
    0x00, 0x00, 0x00, 0x00, 0x00, 0x00, 0x00, 0x00, 0x00, 0x00, 0x00, 0x00, 0x00, 0x00, 0x00, 0x00, 
    0x00, 0x00, 0x00, 0x00, 0x00, 0x00, 0x00, 0x00, 0x00, 0x00, 0x00, 0x00, 0x00, 0x00, 0x00, 0x00, 
      },
  {
    0x00, 0x00, 0x00, 0x00, 0x00, 0x00, 0x00, 0x00, 0x00, 0x00, 0x00, 0x00, 0x00, 0x00, 0x00, 0x00, 
    0x00, 0x00, 0x00, 0x00, 0x00, 0x00, 0x00, 0x00, 0x00, 0x00, 0x00, 0x00, 0x00, 0x00, 0x00, 0x00, 
    0x00, 0x00, 0x00, 0x00, 0x00, 0x00, 0x00, 0x00, 0x00, 0x00, 0x00, 0x00, 0x00, 0x00, 0x00, 0x00, 
    0x00, 0x00, 0x00, 0x00, 0x00, 0x00, 0x00, 0x00, 0x00, 0x00, 0x00, 0x00, 0x00, 0x00, 0x00, 0x00, 
    0x00, 0x00, 0x00, 0x00, 0x00, 0x00, 0x00, 0x00, 0x00, 0x00, 0x00, 0x0F, 0xE0, 0x00, 0x00, 0x00, 
    0x00, 0x00, 0x00, 0x1F, 0xF0, 0x00, 0x00, 0x00, 0x00, 0x00, 0x00, 0x3F, 0xF8, 0x00, 0x00, 0x00, 
    0x00, 0x00, 0x00, 0x77, 0x9C, 0x00, 0x00, 0x00, 0x00, 0x00, 0x00, 0xE3, 0xCE, 0x00, 0x00, 0x00, 
    0x00, 0x00, 0x01, 0xC1, 0xE7, 0x00, 0x00, 0x00, 0x00, 0x00, 0x03, 0x80, 0xF3, 0xC0, 0x00, 0x00, 
    0x00, 0x00, 0x07, 0x00, 0x79, 0xE0, 0x00, 0x00, 0x00, 0x00, 0x0E, 0x00, 0x3C, 0xF0, 0x00, 0x00, 
    0x00, 0x00, 0x1C, 0x00, 0x1E, 0x78, 0x00, 0x00, 0x00, 0x00, 0x78, 0x00, 0x0F, 0x3C, 0x00, 0x00, 
    0x00, 0x00, 0xF0, 0x00, 0x03, 0x9E, 0x00, 0x00, 0x00, 0x01, 0xE0, 0x00, 0x01, 0xC7, 0x00, 0x00, 
    0x00, 0x03, 0xC0, 0x00, 0x00, 0xF3, 0x80, 0x00, 0x00, 0x07, 0x80, 0x00, 0x00, 0x79, 0xC0, 0x00, 
    0x00, 0x0F, 0x00, 0x00, 0x00, 0x3C, 0xE0, 0x00, 0x00, 0x1E, 0x00, 0x00, 0x00, 0x1E, 0x78, 0x00, 
    0x00, 0x3C, 0x00, 0x00, 0x00, 0x0F, 0x3C, 0x00, 0x00, 0x78, 0x00, 0x00, 0x00, 0x07, 0x9E, 0x00, 
    0x00, 0xF8, 0x00, 0x00, 0x00, 0x07, 0xCF, 0x00, 0x01, 0xF8, 0x00, 0x00, 0x00, 0x07, 0xFF, 0x80, 
    0x01, 0x98, 0x00, 0x00, 0x00, 0x06, 0xFF, 0x80, 0x00, 0x38, 0x00, 0x00, 0x00, 0x06, 0x18, 0x00, 
    0x00, 0x38, 0x00, 0x00, 0x00, 0x06, 0x18, 0x00, 0x00, 0x38, 0x07, 0xFF, 0xF8, 0x06, 0x18, 0x00, 
    0x00, 0x38, 0x07, 0xFF, 0xF8, 0x06, 0x18, 0x00, 0x00, 0x38, 0x06, 0x00, 0x38, 0x06, 0x18, 0x00, 
    0x00, 0x38, 0x06, 0x00, 0x38, 0x06, 0x18, 0x00, 0x00, 0x38, 0x06, 0x00, 0x38, 0x06, 0x18, 0x00, 
    0x00, 0x38, 0x06, 0x00, 0x38, 0x06, 0x18, 0x00, 0x00, 0x38, 0x06, 0x00, 0x18, 0x06, 0x18, 0x00, 
    0x00, 0x38, 0x06, 0x00, 0xF8, 0x06, 0x18, 0x00, 0x00, 0x38, 0x06, 0x01, 0xF8, 0x06, 0x18, 0x00, 
    0x00, 0x38, 0x06, 0x00, 0xF8, 0x06, 0x18, 0x00, 0x00, 0x38, 0x06, 0x00, 0x18, 0x06, 0x18, 0x00, 
    0x00, 0x38, 0x06, 0x00, 0x38, 0x06, 0x18, 0x00, 0x00, 0x38, 0x06, 0x00, 0x38, 0x06, 0x18, 0x00, 
    0x00, 0x38, 0x06, 0x00, 0x38, 0x06, 0x18, 0x00, 0x00, 0x38, 0x06, 0x00, 0x38, 0x06, 0x18, 0x00, 
    0x00, 0x38, 0x06, 0x00, 0x38, 0x06, 0x18, 0x00, 0x00, 0x38, 0x06, 0x00, 0x38, 0x06, 0x18, 0x00, 
    0x00, 0x38, 0x06, 0x00, 0x38, 0x06, 0x18, 0x00, 0x00, 0x18, 0x06, 0x00, 0x18, 0x06, 0x18, 0x00, 
    0x01, 0xFF, 0xFF, 0xFF, 0xFF, 0xFF, 0xFF, 0x00, 0x01, 0xFF, 0xFF, 0xFF, 0xFF, 0xFF, 0xFF, 0x00, 
    0x00, 0xFF, 0xFF, 0xFF, 0xFF, 0xFF, 0xFE, 0x00, 0x00, 0x00, 0x00, 0x00, 0x00, 0x00, 0x00, 0x00, 
    0x00, 0x00, 0x00, 0x00, 0x00, 0x00, 0x00, 0x00, 0x00, 0x00, 0x00, 0x00, 0x00, 0x00, 0x00, 0x00, 
    0x00, 0x00, 0x00, 0x00, 0x00, 0x00, 0x00, 0x00, 0x00, 0x00, 0x00, 0x00, 0x00, 0x00, 0x00, 0x00, 
    0x00, 0x00, 0x00, 0x00, 0x00, 0x00, 0x00, 0x00, 0x00, 0x00, 0x00, 0x00, 0x00, 0x00, 0x00, 0x00, 
    0x00, 0x00, 0x00, 0x00, 0x00, 0x00, 0x00, 0x00, 0x00, 0x00, 0x00, 0x00, 0x00, 0x00, 0x00, 0x00, 
      },
  {
    0x00, 0x00, 0x00, 0x00, 0x00, 0x00, 0x00, 0x00, 0x00, 0x00, 0x00, 0x00, 0x00, 0x00, 0x00, 0x00, 
    0x00, 0x00, 0x00, 0x00, 0x00, 0x00, 0x00, 0x00, 0x00, 0x00, 0x00, 0x00, 0x00, 0x00, 0x00, 0x00, 
    0x00, 0x00, 0x00, 0x00, 0x00, 0x00, 0x00, 0x00, 0x00, 0x00, 0x00, 0x00, 0x00, 0x00, 0x00, 0x00, 
    0x00, 0x00, 0x00, 0x00, 0x00, 0x00, 0x00, 0x00, 0x00, 0x00, 0x00, 0x00, 0x00, 0x00, 0x00, 0x00, 
    0x00, 0x00, 0x00, 0x00, 0x00, 0x00, 0x00, 0x00, 0x00, 0x00, 0x00, 0x1F, 0xE0, 0x00, 0x00, 0x00, 
    0x00, 0x00, 0x00, 0x3F, 0xF8, 0x00, 0x00, 0x00, 0x00, 0x00, 0x00, 0x7F, 0xFC, 0x00, 0x00, 0x00, 
    0x00, 0x00, 0x00, 0xEE, 0x1E, 0x00, 0x00, 0x00, 0x00, 0x00, 0x01, 0xC7, 0x87, 0x00, 0x00, 0x00, 
    0x00, 0x00, 0x03, 0x83, 0xC3, 0x80, 0x00, 0x00, 0x00, 0x00, 0x07, 0x01, 0xE1, 0xC0, 0x00, 0x00, 
    0x00, 0x00, 0x0E, 0x00, 0xF0, 0xE0, 0x00, 0x00, 0x00, 0x00, 0x1C, 0x00, 0x78, 0x70, 0x00, 0x00, 
    0x00, 0x00, 0x38, 0x00, 0x3C, 0x38, 0x00, 0x00, 0x00, 0x00, 0x70, 0x00, 0x1E, 0x1C, 0x00, 0x00, 
    0x00, 0x00, 0xE0, 0x00, 0x0F, 0x0F, 0x00, 0x00, 0x00, 0x01, 0xC0, 0x00, 0x07, 0x87, 0x80, 0x00, 
    0x00, 0x03, 0x80, 0x00, 0x03, 0xC3, 0xC0, 0x00, 0x00, 0x07, 0x00, 0x00, 0x01, 0xE1, 0xE0, 0x00, 
    0x00, 0x0E, 0x00, 0x00, 0x00, 0xF0, 0xF0, 0x00, 0x00, 0x1C, 0x00, 0x00, 0x00, 0x78, 0x78, 0x00, 
    0x00, 0x38, 0x00, 0x00, 0x00, 0x3C, 0x3C, 0x00, 0x00, 0x70, 0x00, 0x00, 0x00, 0x1E, 0x0E, 0x00, 
    0x00, 0xF0, 0x00, 0x00, 0x00, 0x1F, 0x07, 0x00, 0x01, 0xF0, 0x00, 0x00, 0x00, 0x1F, 0xFF, 0x80, 
    0x01, 0xB0, 0x00, 0x00, 0x00, 0x1B, 0xFF, 0x80, 0x00, 0x30, 0x00, 0x00, 0x00, 0x18, 0x1C, 0x00, 
    0x00, 0x30, 0x00, 0x00, 0x00, 0x18, 0x18, 0x00, 0x00, 0x30, 0x0F, 0xFF, 0xE0, 0x18, 0x18, 0x00, 
    0x00, 0x30, 0x0F, 0xFF, 0xE0, 0x18, 0x18, 0x00, 0x00, 0x30, 0x0C, 0x00, 0x60, 0x18, 0x18, 0x00, 
    0x00, 0x30, 0x0C, 0x00, 0x60, 0x18, 0x18, 0x00, 0x00, 0x30, 0x0C, 0x00, 0x60, 0x18, 0x18, 0x00, 
    0x00, 0x30, 0x0C, 0x00, 0x60, 0x18, 0x18, 0x00, 0x00, 0x30, 0x0C, 0x00, 0x60, 0x18, 0x18, 0x00, 
    0x00, 0x30, 0x0C, 0x01, 0xE0, 0x18, 0x18, 0x00, 0x00, 0x30, 0x0C, 0x03, 0xE0, 0x18, 0x18, 0x00, 
    0x00, 0x30, 0x0C, 0x03, 0xE0, 0x18, 0x18, 0x00, 0x00, 0x30, 0x0C, 0x00, 0x60, 0x18, 0x18, 0x00, 
    0x00, 0x30, 0x0C, 0x00, 0x60, 0x18, 0x18, 0x00, 0x00, 0x30, 0x0C, 0x00, 0x60, 0x18, 0x18, 0x00, 
    0x00, 0x30, 0x0C, 0x00, 0x60, 0x18, 0x18, 0x00, 0x00, 0x30, 0x0C, 0x00, 0x60, 0x18, 0x18, 0x00, 
    0x00, 0x30, 0x0C, 0x00, 0x60, 0x18, 0x18, 0x00, 0x00, 0x30, 0x0C, 0x00, 0x60, 0x18, 0x18, 0x00, 
    0x00, 0x30, 0x0C, 0x00, 0x60, 0x18, 0x18, 0x00, 0x00, 0x30, 0x0C, 0x00, 0x60, 0x18, 0x18, 0x00, 
    0x01, 0xFF, 0xFF, 0xFF, 0xFF, 0xFF, 0xFF, 0x00, 0x01, 0xFF, 0xFF, 0xFF, 0xFF, 0xFF, 0xFF, 0x80, 
    0x00, 0xFF, 0xFF, 0xFF, 0xFF, 0xFF, 0xFE, 0x00, 0x00, 0x00, 0x00, 0x00, 0x00, 0x00, 0x00, 0x00, 
    0x00, 0x00, 0x00, 0x00, 0x00, 0x00, 0x00, 0x00, 0x00, 0x00, 0x00, 0x00, 0x00, 0x00, 0x00, 0x00, 
    0x00, 0x00, 0x00, 0x00, 0x00, 0x00, 0x00, 0x00, 0x00, 0x00, 0x00, 0x00, 0x00, 0x00, 0x00, 0x00, 
    0x00, 0x00, 0x00, 0x00, 0x00, 0x00, 0x00, 0x00, 0x00, 0x00, 0x00, 0x00, 0x00, 0x00, 0x00, 0x00, 
    0x00, 0x00, 0x00, 0x00, 0x00, 0x00, 0x00, 0x00, 0x00, 0x00, 0x00, 0x00, 0x00, 0x00, 0x00, 0x00, 
      },
  {
    0x00, 0x00, 0x00, 0x00, 0x00, 0x00, 0x00, 0x00, 0x00, 0x00, 0x00, 0x00, 0x00, 0x00, 0x00, 0x00, 
    0x00, 0x00, 0x00, 0x00, 0x00, 0x00, 0x00, 0x00, 0x00, 0x00, 0x00, 0x00, 0x00, 0x00, 0x00, 0x00, 
    0x00, 0x00, 0x00, 0x00, 0x00, 0x00, 0x00, 0x00, 0x00, 0x00, 0x00, 0x00, 0x00, 0x00, 0x00, 0x00, 
    0x00, 0x00, 0x00, 0x00, 0x00, 0x00, 0x00, 0x00, 0x00, 0x00, 0x00, 0x00, 0x00, 0x00, 0x00, 0x00, 
    0x00, 0x00, 0x00, 0x00, 0x00, 0x00, 0x00, 0x00, 0x00, 0x00, 0x00, 0x3F, 0xF0, 0x00, 0x00, 0x00, 
    0x00, 0x00, 0x00, 0x7F, 0xFC, 0x00, 0x00, 0x00, 0x00, 0x00, 0x00, 0xFF, 0xFE, 0x00, 0x00, 0x00, 
    0x00, 0x00, 0x01, 0xDC, 0x0F, 0x00, 0x00, 0x00, 0x00, 0x00, 0x03, 0x8E, 0x07, 0x80, 0x00, 0x00, 
    0x00, 0x00, 0x07, 0x07, 0x03, 0xC0, 0x00, 0x00, 0x00, 0x00, 0x0E, 0x03, 0x81, 0xE0, 0x00, 0x00, 
    0x00, 0x00, 0x1C, 0x03, 0xC0, 0xF0, 0x00, 0x00, 0x00, 0x00, 0x38, 0x01, 0xE0, 0x78, 0x00, 0x00, 
    0x00, 0x00, 0x70, 0x00, 0xF0, 0x3C, 0x00, 0x00, 0x00, 0x00, 0xE0, 0x00, 0x78, 0x0E, 0x00, 0x00, 
    0x00, 0x01, 0xC0, 0x00, 0x3C, 0x07, 0x00, 0x00, 0x00, 0x03, 0x80, 0x00, 0x1E, 0x03, 0x80, 0x00, 
    0x00, 0x07, 0x00, 0x00, 0x0F, 0x01, 0xC0, 0x00, 0x00, 0x0E, 0x00, 0x00, 0x07, 0x80, 0xE0, 0x00, 
    0x00, 0x1C, 0x00, 0x00, 0x03, 0xC0, 0x70, 0x00, 0x00, 0x38, 0x00, 0x00, 0x01, 0xE0, 0x38, 0x00, 
    0x00, 0x70, 0x00, 0x00, 0x00, 0xF0, 0x1C, 0x00, 0x00, 0xF0, 0x00, 0x00, 0x00, 0x78, 0x0E, 0x00, 
    0x01, 0xF0, 0x00, 0x00, 0x00, 0x7C, 0x07, 0x00, 0x03, 0xF0, 0x00, 0x00, 0x00, 0x7F, 0xFF, 0x80, 
    0x03, 0x70, 0x00, 0x00, 0x00, 0x6F, 0xFF, 0x80, 0x00, 0x70, 0x00, 0x00, 0x00, 0x60, 0x1C, 0x00, 
    0x00, 0x70, 0x00, 0x00, 0x00, 0x60, 0x1C, 0x00, 0x00, 0x70, 0x1F, 0xFF, 0xC0, 0x60, 0x1C, 0x00, 
    0x00, 0x70, 0x1F, 0xFF, 0xC0, 0x60, 0x1C, 0x00, 0x00, 0x70, 0x18, 0x00, 0xC0, 0x60, 0x1C, 0x00, 
    0x00, 0x70, 0x18, 0x00, 0xC0, 0x60, 0x1C, 0x00, 0x00, 0x70, 0x18, 0x00, 0xC0, 0x60, 0x1C, 0x00, 
    0x00, 0x70, 0x18, 0x00, 0xC0, 0x60, 0x1C, 0x00, 0x00, 0x70, 0x18, 0x00, 0xC0, 0x60, 0x1C, 0x00, 
    0x00, 0x70, 0x18, 0x07, 0xC0, 0x60, 0x1C, 0x00, 0x00, 0x70, 0x18, 0x0F, 0xC0, 0x60, 0x1C, 0x00, 
    0x00, 0x70, 0x18, 0x07, 0xC0, 0x60, 0x1C, 0x00, 0x00, 0x70, 0x18, 0x00, 0xC0, 0x60, 0x1C, 0x00, 
    0x00, 0x70, 0x18, 0x00, 0xC0, 0x60, 0x1C, 0x00, 0x00, 0x70, 0x18, 0x00, 0xC0, 0x60, 0x1C, 0x00, 
    0x00, 0x70, 0x18, 0x00, 0xC0, 0x60, 0x1C, 0x00, 0x00, 0x70, 0x18, 0x00, 0xC0, 0x60, 0x1C, 0x00, 
    0x00, 0x70, 0x18, 0x00, 0xC0, 0x60, 0x1C, 0x00, 0x00, 0x70, 0x18, 0x00, 0xC0, 0x60, 0x1C, 0x00, 
    0x00, 0x70, 0x18, 0x00, 0xC0, 0x60, 0x1C, 0x00, 0x00, 0x70, 0x18, 0x00, 0xC0, 0x60, 0x1C, 0x00, 
    0x01, 0xFF, 0xFF, 0xFF, 0xFF, 0xFF, 0xFF, 0x00, 0x03, 0xFF, 0xFF, 0xFF, 0xFF, 0xFF, 0xFF, 0x80, 
    0x00, 0xFF, 0xFF, 0xFF, 0xFF, 0xFF, 0xFE, 0x00, 0x00, 0x00, 0x00, 0x00, 0x00, 0x00, 0x00, 0x00, 
    0x00, 0x00, 0x00, 0x00, 0x00, 0x00, 0x00, 0x00, 0x00, 0x00, 0x00, 0x00, 0x00, 0x00, 0x00, 0x00, 
    0x00, 0x00, 0x00, 0x00, 0x00, 0x00, 0x00, 0x00, 0x00, 0x00, 0x00, 0x00, 0x00, 0x00, 0x00, 0x00, 
    0x00, 0x00, 0x00, 0x00, 0x00, 0x00, 0x00, 0x00, 0x00, 0x00, 0x00, 0x00, 0x00, 0x00, 0x00, 0x00, 
    0x00, 0x00, 0x00, 0x00, 0x00, 0x00, 0x00, 0x00, 0x00, 0x00, 0x00, 0x00, 0x00, 0x00, 0x00, 0x00, 
      },
  {
    0x00, 0x00, 0x00, 0x00, 0x00, 0x00, 0x00, 0x00, 0x00, 0x00, 0x00, 0x00, 0x00, 0x00, 0x00, 0x00, 
    0x00, 0x00, 0x00, 0x00, 0x00, 0x00, 0x00, 0x00, 0x00, 0x00, 0x00, 0x00, 0x00, 0x00, 0x00, 0x00, 
    0x00, 0x00, 0x00, 0x00, 0x00, 0x00, 0x00, 0x00, 0x00, 0x00, 0x00, 0x00, 0x00, 0x00, 0x00, 0x00, 
    0x00, 0x00, 0x00, 0x00, 0x00, 0x00, 0x00, 0x00, 0x00, 0x00, 0x00, 0x00, 0x00, 0x00, 0x00, 0x00, 
    0x00, 0x00, 0x00, 0x00, 0x00, 0x00, 0x00, 0x00, 0x00, 0x00, 0x00, 0x7F, 0xF8, 0x00, 0x00, 0x00, 
    0x00, 0x00, 0x01, 0xFF, 0xFC, 0x00, 0x00, 0x00, 0x00, 0x00, 0x01, 0xFF, 0xFE, 0x00, 0x00, 0x00, 
    0x00, 0x00, 0x03, 0xF8, 0x07, 0x00, 0x00, 0x00, 0x00, 0x00, 0x07, 0x3C, 0x03, 0x80, 0x00, 0x00, 
    0x00, 0x00, 0x0E, 0x1C, 0x01, 0xC0, 0x00, 0x00, 0x00, 0x00, 0x1C, 0x0E, 0x00, 0xE0, 0x00, 0x00, 
    0x00, 0x00, 0x38, 0x07, 0x00, 0x70, 0x00, 0x00, 0x00, 0x00, 0x70, 0x03, 0x80, 0x38, 0x00, 0x00, 
    0x00, 0x00, 0xE0, 0x01, 0xC0, 0x1E, 0x00, 0x00, 0x00, 0x01, 0xC0, 0x00, 0xE0, 0x0F, 0x00, 0x00, 
    0x00, 0x03, 0x80, 0x00, 0x70, 0x07, 0x80, 0x00, 0x00, 0x07, 0x00, 0x00, 0x38, 0x03, 0xC0, 0x00, 
    0x00, 0x0E, 0x00, 0x00, 0x1C, 0x01, 0xE0, 0x00, 0x00, 0x1E, 0x00, 0x00, 0x0E, 0x00, 0xF0, 0x00, 
    0x00, 0x3C, 0x00, 0x00, 0x07, 0x00, 0x78, 0x00, 0x00, 0x78, 0x00, 0x00, 0x03, 0x80, 0x3C, 0x00, 
    0x00, 0xF0, 0x00, 0x00, 0x03, 0xC0, 0x1E, 0x00, 0x00, 0xE0, 0x00, 0x00, 0x01, 0xE0, 0x0F, 0x00, 
    0x01, 0xE0, 0x00, 0x00, 0x01, 0xF0, 0x07, 0x80, 0x03, 0xE0, 0x00, 0x00, 0x01, 0xFF, 0xFF, 0xC0, 
    0x03, 0x60, 0x00, 0x00, 0x01, 0xBF, 0xFF, 0xC0, 0x00, 0x60, 0x00, 0x00, 0x01, 0x80, 0x1C, 0x00, 
    0x00, 0x60, 0x00, 0x00, 0x01, 0x80, 0x0C, 0x00, 0x00, 0x60, 0x3F, 0xFF, 0x01, 0x80, 0x1C, 0x00, 
    0x00, 0x60, 0x3F, 0xFF, 0x01, 0x80, 0x1C, 0x00, 0x00, 0x60, 0x30, 0x03, 0x01, 0x80, 0x1C, 0x00, 
    0x00, 0x60, 0x30, 0x03, 0x01, 0x80, 0x1C, 0x00, 0x00, 0x60, 0x30, 0x03, 0x01, 0x80, 0x1C, 0x00, 
    0x00, 0x60, 0x30, 0x03, 0x01, 0x80, 0x1C, 0x00, 0x00, 0x60, 0x30, 0x03, 0x01, 0x80, 0x1C, 0x00, 
    0x00, 0x60, 0x30, 0x0F, 0x01, 0x80, 0x1C, 0x00, 0x00, 0x60, 0x30, 0x1F, 0x01, 0x80, 0x1C, 0x00, 
    0x00, 0x60, 0x30, 0x0F, 0x01, 0x80, 0x1C, 0x00, 0x00, 0x60, 0x30, 0x03, 0x01, 0x80, 0x1C, 0x00, 
    0x00, 0x60, 0x30, 0x03, 0x01, 0x80, 0x1C, 0x00, 0x00, 0x60, 0x30, 0x03, 0x01, 0x80, 0x1C, 0x00, 
    0x00, 0x60, 0x30, 0x03, 0x01, 0x80, 0x1C, 0x00, 0x00, 0x60, 0x30, 0x03, 0x01, 0x80, 0x1C, 0x00, 
    0x00, 0x60, 0x30, 0x03, 0x01, 0x80, 0x1C, 0x00, 0x00, 0x60, 0x30, 0x03, 0x01, 0x80, 0x1C, 0x00, 
    0x00, 0x60, 0x30, 0x03, 0x01, 0x80, 0x1C, 0x00, 0x00, 0x60, 0x30, 0x03, 0x01, 0x80, 0x0C, 0x00, 
    0x03, 0xFF, 0xFF, 0xFF, 0xFF, 0xFF, 0xFF, 0x80, 0x03, 0xFF, 0xFF, 0xFF, 0xFF, 0xFF, 0xFF, 0x80, 
    0x01, 0xFF, 0xFF, 0xFF, 0xFF, 0xFF, 0xFF, 0x00, 0x00, 0x00, 0x00, 0x00, 0x00, 0x00, 0x00, 0x00, 
    0x00, 0x00, 0x00, 0x00, 0x00, 0x00, 0x00, 0x00, 0x00, 0x00, 0x00, 0x00, 0x00, 0x00, 0x00, 0x00, 
    0x00, 0x00, 0x00, 0x00, 0x00, 0x00, 0x00, 0x00, 0x00, 0x00, 0x00, 0x00, 0x00, 0x00, 0x00, 0x00, 
    0x00, 0x00, 0x00, 0x00, 0x00, 0x00, 0x00, 0x00, 0x00, 0x00, 0x00, 0x00, 0x00, 0x00, 0x00, 0x00, 
    0x00, 0x00, 0x00, 0x00, 0x00, 0x00, 0x00, 0x00, 0x00, 0x00, 0x00, 0x00, 0x00, 0x00, 0x00, 0x00, 
      },
  {
    0x00, 0x00, 0x00, 0x00, 0x00, 0x00, 0x00, 0x00, 0x00, 0x00, 0x00, 0x00, 0x00, 0x00, 0x00, 0x00, 
    0x00, 0x00, 0x00, 0x00, 0x00, 0x00, 0x00, 0x00, 0x00, 0x00, 0x00, 0x00, 0x00, 0x00, 0x00, 0x00, 
    0x00, 0x00, 0x00, 0x00, 0x00, 0x00, 0x00, 0x00, 0x00, 0x00, 0x00, 0x00, 0x00, 0x00, 0x00, 0x00, 
    0x00, 0x00, 0x00, 0x00, 0x00, 0x00, 0x00, 0x00, 0x00, 0x00, 0x00, 0x00, 0x00, 0x00, 0x00, 0x00, 
    0x00, 0x00, 0x00, 0x00, 0x00, 0x00, 0x00, 0x00, 0x00, 0x00, 0x01, 0xFF, 0xFC, 0x00, 0x00, 0x00, 
    0x00, 0x00, 0x03, 0xFF, 0xFE, 0x00, 0x00, 0x00, 0x00, 0x00, 0x07, 0xFF, 0xFF, 0x00, 0x00, 0x00, 
    0x00, 0x00, 0x07, 0xE0, 0x03, 0x80, 0x00, 0x00, 0x00, 0x00, 0x0E, 0x70, 0x01, 0xC0, 0x00, 0x00, 
    0x00, 0x00, 0x1C, 0x38, 0x00, 0xE0, 0x00, 0x00, 0x00, 0x00, 0x38, 0x1C, 0x00, 0x70, 0x00, 0x00, 
    0x00, 0x00, 0x70, 0x0E, 0x00, 0x38, 0x00, 0x00, 0x00, 0x00, 0xE0, 0x07, 0x00, 0x1C, 0x00, 0x00, 
    0x00, 0x01, 0xC0, 0x03, 0x80, 0x0E, 0x00, 0x00, 0x00, 0x03, 0x80, 0x03, 0xC0, 0x07, 0x00, 0x00, 
    0x00, 0x07, 0x80, 0x01, 0xC0, 0x03, 0x80, 0x00, 0x00, 0x0F, 0x00, 0x00, 0xE0, 0x01, 0xC0, 0x00, 
    0x00, 0x0E, 0x00, 0x00, 0x70, 0x00, 0xE0, 0x00, 0x00, 0x1C, 0x00, 0x00, 0x38, 0x00, 0x70, 0x00, 
    0x00, 0x38, 0x00, 0x00, 0x1C, 0x00, 0x38, 0x00, 0x00, 0x70, 0x00, 0x00, 0x0E, 0x00, 0x1C, 0x00, 
    0x00, 0xE0, 0x00, 0x00, 0x07, 0x00, 0x0E, 0x00, 0x01, 0xE0, 0x00, 0x00, 0x07, 0x80, 0x07, 0x00, 
    0x03, 0xE0, 0x00, 0x00, 0x07, 0xC0, 0x03, 0x80, 0x07, 0xE0, 0x00, 0x00, 0x07, 0xFF, 0xFF, 0xC0, 
    0x02, 0xE0, 0x00, 0x00, 0x07, 0xFF, 0xFF, 0xC0, 0x00, 0xE0, 0x00, 0x00, 0x07, 0x00, 0x0C, 0x00, 
    0x00, 0xE0, 0x00, 0x00, 0x07, 0x00, 0x0C, 0x00, 0x00, 0xE0, 0x7F, 0xFE, 0x07, 0x00, 0x0C, 0x00, 
    0x00, 0xE0, 0x7F, 0xFE, 0x07, 0x00, 0x0C, 0x00, 0x00, 0xE0, 0x60, 0x06, 0x07, 0x00, 0x0C, 0x00, 
    0x00, 0xE0, 0x60, 0x06, 0x07, 0x00, 0x0C, 0x00, 0x00, 0xE0, 0x60, 0x06, 0x07, 0x00, 0x0C, 0x00, 
    0x00, 0xE0, 0x60, 0x06, 0x07, 0x00, 0x0C, 0x00, 0x00, 0xE0, 0x60, 0x06, 0x07, 0x00, 0x0C, 0x00, 
    0x00, 0xE0, 0x60, 0x1E, 0x07, 0x00, 0x0C, 0x00, 0x00, 0xE0, 0x60, 0x3E, 0x07, 0x00, 0x0C, 0x00, 
    0x00, 0xE0, 0x60, 0x3E, 0x07, 0x00, 0x0C, 0x00, 0x00, 0xE0, 0x60, 0x06, 0x07, 0x00, 0x0C, 0x00, 
    0x00, 0xE0, 0x60, 0x06, 0x07, 0x00, 0x0C, 0x00, 0x00, 0xE0, 0x60, 0x06, 0x07, 0x00, 0x0C, 0x00, 
    0x00, 0xE0, 0x60, 0x06, 0x07, 0x00, 0x0C, 0x00, 0x00, 0xE0, 0x60, 0x06, 0x07, 0x00, 0x0C, 0x00, 
    0x00, 0xE0, 0x60, 0x06, 0x07, 0x00, 0x0C, 0x00, 0x00, 0xE0, 0x60, 0x06, 0x07, 0x00, 0x0C, 0x00, 
    0x00, 0xE0, 0x60, 0x06, 0x07, 0x00, 0x0C, 0x00, 0x00, 0xE0, 0x60, 0x06, 0x07, 0x00, 0x0C, 0x00, 
    0x03, 0xFF, 0xFF, 0xFF, 0xFF, 0xFF, 0xFF, 0x80, 0x07, 0xFF, 0xFF, 0xFF, 0xFF, 0xFF, 0xFF, 0x80, 
    0x01, 0xFF, 0xFF, 0xFF, 0xFF, 0xFF, 0xFF, 0x00, 0x00, 0x00, 0x00, 0x00, 0x00, 0x00, 0x00, 0x00, 
    0x00, 0x00, 0x00, 0x00, 0x00, 0x00, 0x00, 0x00, 0x00, 0x00, 0x00, 0x00, 0x00, 0x00, 0x00, 0x00, 
    0x00, 0x00, 0x00, 0x00, 0x00, 0x00, 0x00, 0x00, 0x00, 0x00, 0x00, 0x00, 0x00, 0x00, 0x00, 0x00, 
    0x00, 0x00, 0x00, 0x00, 0x00, 0x00, 0x00, 0x00, 0x00, 0x00, 0x00, 0x00, 0x00, 0x00, 0x00, 0x00, 
    0x00, 0x00, 0x00, 0x00, 0x00, 0x00, 0x00, 0x00, 0x00, 0x00, 0x00, 0x00, 0x00, 0x00, 0x00, 0x00, 
      },
  {
    0x00, 0x00, 0x00, 0x00, 0x00, 0x00, 0x00, 0x00, 0x00, 0x00, 0x00, 0x00, 0x00, 0x00, 0x00, 0x00, 
    0x00, 0x00, 0x00, 0x00, 0x00, 0x00, 0x00, 0x00, 0x00, 0x00, 0x00, 0x00, 0x00, 0x00, 0x00, 0x00, 
    0x00, 0x00, 0x00, 0x00, 0x00, 0x00, 0x00, 0x00, 0x00, 0x00, 0x00, 0x00, 0x00, 0x00, 0x00, 0x00, 
    0x00, 0x00, 0x00, 0x00, 0x00, 0x00, 0x00, 0x00, 0x00, 0x00, 0x00, 0x00, 0x00, 0x00, 0x00, 0x00, 
    0x00, 0x00, 0x00, 0x00, 0x00, 0x00, 0x00, 0x00, 0x00, 0x00, 0x03, 0xFF, 0xFE, 0x00, 0x00, 0x00, 
    0x00, 0x00, 0x07, 0xFF, 0xFF, 0x00, 0x00, 0x00, 0x00, 0x00, 0x0F, 0xFF, 0xFF, 0x80, 0x00, 0x00, 
    0x00, 0x00, 0x0F, 0xC0, 0x03, 0xC0, 0x00, 0x00, 0x00, 0x00, 0x1C, 0xE0, 0x01, 0xE0, 0x00, 0x00, 
    0x00, 0x00, 0x38, 0x70, 0x00, 0xF0, 0x00, 0x00, 0x00, 0x00, 0x70, 0x38, 0x00, 0x78, 0x00, 0x00, 
    0x00, 0x00, 0xE0, 0x3C, 0x00, 0x3F, 0x00, 0x00, 0x00, 0x01, 0xC0, 0x1E, 0x00, 0x1F, 0x00, 0x00, 
    0x00, 0x03, 0xC0, 0x0F, 0x00, 0x0F, 0x00, 0x00, 0x00, 0x03, 0x80, 0x07, 0x00, 0x07, 0x00, 0x00, 
    0x00, 0x07, 0x00, 0x03, 0x80, 0x03, 0x80, 0x00, 0x00, 0x0E, 0x00, 0x01, 0xC0, 0x01, 0xC0, 0x00, 
    0x00, 0x1C, 0x00, 0x00, 0xE0, 0x00, 0xE0, 0x00, 0x00, 0x38, 0x00, 0x00, 0xF0, 0x00, 0x70, 0x00, 
    0x00, 0x70, 0x00, 0x00, 0x78, 0x00, 0x38, 0x00, 0x00, 0xF0, 0x00, 0x00, 0x3C, 0x00, 0x1C, 0x00, 
    0x00, 0xE0, 0x00, 0x00, 0x1C, 0x00, 0x0E, 0x00, 0x01, 0xC0, 0x00, 0x00, 0x0E, 0x00, 0x07, 0x00, 
    0x03, 0xC0, 0x00, 0x00, 0x0F, 0x00, 0x03, 0x80, 0x07, 0xC0, 0x00, 0x00, 0x0F, 0xFF, 0xFF, 0xC0, 
    0x06, 0xC0, 0x00, 0x00, 0x0D, 0xFF, 0xFF, 0xC0, 0x00, 0xC0, 0x00, 0x00, 0x0C, 0x00, 0x0E, 0x00, 
    0x00, 0xC0, 0x00, 0x00, 0x0C, 0x00, 0x0C, 0x00, 0x00, 0xC0, 0xFF, 0xFC, 0x0C, 0x00, 0x0C, 0x00, 
    0x00, 0xC0, 0xFF, 0xFC, 0x0C, 0x00, 0x0C, 0x00, 0x00, 0xC0, 0xC0, 0x1C, 0x0C, 0x00, 0x0C, 0x00, 
    0x00, 0xC0, 0xC0, 0x1C, 0x0C, 0x00, 0x0C, 0x00, 0x00, 0xC0, 0xC0, 0x1C, 0x0C, 0x00, 0x0C, 0x00, 
    0x00, 0xC0, 0xC0, 0x1C, 0x0C, 0x00, 0x0C, 0x00, 0x00, 0xC0, 0xC0, 0x1C, 0x0C, 0x00, 0x0C, 0x00, 
    0x00, 0xC0, 0xC0, 0x7C, 0x0C, 0x00, 0x0C, 0x00, 0x00, 0xC0, 0xC0, 0x7C, 0x0C, 0x00, 0x0C, 0x00, 
    0x00, 0xC0, 0xC0, 0x7C, 0x0C, 0x00, 0x0C, 0x00, 0x00, 0xC0, 0xC0, 0x1C, 0x0C, 0x00, 0x0C, 0x00, 
    0x00, 0xC0, 0xC0, 0x1C, 0x0C, 0x00, 0x0C, 0x00, 0x00, 0xC0, 0xC0, 0x1C, 0x0C, 0x00, 0x0C, 0x00, 
    0x00, 0xC0, 0xC0, 0x1C, 0x0C, 0x00, 0x0C, 0x00, 0x00, 0xC0, 0xC0, 0x1C, 0x0C, 0x00, 0x0C, 0x00, 
    0x00, 0xC0, 0xC0, 0x1C, 0x0C, 0x00, 0x0C, 0x00, 0x00, 0xC0, 0xC0, 0x1C, 0x0C, 0x00, 0x0C, 0x00, 
    0x00, 0xC0, 0xC0, 0x1C, 0x0C, 0x00, 0x0C, 0x00, 0x00, 0xC0, 0xC0, 0x1C, 0x0C, 0x00, 0x0C, 0x00, 
    0x07, 0xFF, 0xFF, 0xFF, 0xFF, 0xFF, 0xFF, 0x80, 0x07, 0xFF, 0xFF, 0xFF, 0xFF, 0xFF, 0xFF, 0x80, 
    0x03, 0xFF, 0xFF, 0xFF, 0xFF, 0xFF, 0xFF, 0x00, 0x00, 0x00, 0x00, 0x00, 0x00, 0x00, 0x00, 0x00, 
    0x00, 0x00, 0x00, 0x00, 0x00, 0x00, 0x00, 0x00, 0x00, 0x00, 0x00, 0x00, 0x00, 0x00, 0x00, 0x00, 
    0x00, 0x00, 0x00, 0x00, 0x00, 0x00, 0x00, 0x00, 0x00, 0x00, 0x00, 0x00, 0x00, 0x00, 0x00, 0x00, 
    0x00, 0x00, 0x00, 0x00, 0x00, 0x00, 0x00, 0x00, 0x00, 0x00, 0x00, 0x00, 0x00, 0x00, 0x00, 0x00, 
    0x00, 0x00, 0x00, 0x00, 0x00, 0x00, 0x00, 0x00, 0x00, 0x00, 0x00, 0x00, 0x00, 0x00, 0x00, 0x00, 
      },
  {
    0x00, 0x00, 0x00, 0x00, 0x00, 0x00, 0x00, 0x00, 0x00, 0x00, 0x00, 0x00, 0x00, 0x00, 0x00, 0x00, 
    0x00, 0x00, 0x00, 0x00, 0x00, 0x00, 0x00, 0x00, 0x00, 0x00, 0x00, 0x00, 0x00, 0x00, 0x00, 0x00, 
    0x00, 0x00, 0x00, 0x00, 0x00, 0x00, 0x00, 0x00, 0x00, 0x00, 0x00, 0x00, 0x00, 0x00, 0x00, 0x00, 
    0x00, 0x00, 0x00, 0x00, 0x00, 0x00, 0x00, 0x00, 0x00, 0x00, 0x00, 0x00, 0x00, 0x00, 0x00, 0x00, 
    0x00, 0x00, 0x00, 0x00, 0x00, 0x00, 0x00, 0x00, 0x00, 0x00, 0x07, 0xFF, 0xFE, 0x00, 0x00, 0x00, 
    0x00, 0x00, 0x0F, 0xFF, 0xFF, 0x00, 0x00, 0x00, 0x00, 0x00, 0x0F, 0xFF, 0xFF, 0x80, 0x00, 0x00, 
    0x00, 0x00, 0x1F, 0x80, 0x01, 0xC0, 0x00, 0x00, 0x00, 0x00, 0x39, 0xC0, 0x00, 0xE0, 0x00, 0x00, 
    0x00, 0x00, 0x70, 0xE0, 0x00, 0x70, 0xC0, 0x00, 0x00, 0x00, 0xE0, 0x70, 0x00, 0x39, 0xC0, 0x00, 
    0x00, 0x01, 0xE0, 0x78, 0x00, 0x1D, 0x80, 0x00, 0x00, 0x01, 0xC0, 0x38, 0x00, 0x0F, 0x80, 0x00, 
    0x00, 0x03, 0x80, 0x1C, 0x00, 0x07, 0x00, 0x00, 0x00, 0x07, 0x00, 0x0E, 0x00, 0x03, 0x80, 0x00, 
    0x00, 0x0E, 0x00, 0x07, 0x00, 0x01, 0xC0, 0x00, 0x00, 0x1C, 0x00, 0x03, 0x80, 0x01, 0xE0, 0x00, 
    0x00, 0x1C, 0x00, 0x03, 0xC0, 0x00, 0xF0, 0x00, 0x00, 0x38, 0x00, 0x01, 0xC0, 0x00, 0x78, 0x00, 
    0x00, 0x70, 0x00, 0x00, 0xE0, 0x00, 0x3C, 0x00, 0x00, 0xE0, 0x00, 0x00, 0x70, 0x00, 0x1E, 0x00, 
    0x01, 0xC0, 0x00, 0x00, 0x38, 0x00, 0x0F, 0x00, 0x03, 0xC0, 0x00, 0x00, 0x3C, 0x00, 0x07, 0x00, 
    0x03, 0xC0, 0x00, 0x00, 0x3E, 0x00, 0x03, 0x80, 0x07, 0xC0, 0x00, 0x00, 0x3F, 0xFF, 0xFF, 0xC0, 
    0x07, 0xC0, 0x00, 0x00, 0x3F, 0xFF, 0xFF, 0xC0, 0x01, 0xC0, 0x00, 0x00, 0x30, 0x00, 0x0E, 0x00, 
    0x01, 0xC0, 0x00, 0x00, 0x38, 0x00, 0x0E, 0x00, 0x01, 0xC1, 0xFF, 0xF0, 0x38, 0x00, 0x0E, 0x00, 
    0x01, 0xC1, 0xFF, 0xF8, 0x38, 0x00, 0x0E, 0x00, 0x01, 0xC1, 0xC0, 0x38, 0x38, 0x00, 0x0E, 0x00, 
    0x01, 0xC1, 0xC0, 0x38, 0x38, 0x00, 0x0E, 0x00, 0x01, 0xC1, 0xC0, 0x38, 0x38, 0x00, 0x0E, 0x00, 
    0x01, 0xC1, 0xC0, 0x38, 0x38, 0x00, 0x0E, 0x00, 0x01, 0xC1, 0xC0, 0x38, 0x38, 0x00, 0x0E, 0x00, 
    0x01, 0xC1, 0xC0, 0xF8, 0x38, 0x00, 0x0E, 0x00, 0x01, 0xC1, 0xC0, 0xF8, 0x38, 0x00, 0x0E, 0x00, 
    0x01, 0xC1, 0xC0, 0xF8, 0x38, 0x00, 0x0E, 0x00, 0x01, 0xC1, 0xC0, 0x38, 0x38, 0x00, 0x0E, 0x00, 
    0x01, 0xC1, 0xC0, 0x38, 0x38, 0x00, 0x0E, 0x00, 0x01, 0xC1, 0xC0, 0x38, 0x38, 0x00, 0x0E, 0x00, 
    0x01, 0xC1, 0xC0, 0x38, 0x38, 0x00, 0x0E, 0x00, 0x01, 0xC1, 0xC0, 0x38, 0x38, 0x00, 0x0E, 0x00, 
    0x01, 0xC1, 0xC0, 0x38, 0x38, 0x00, 0x0E, 0x00, 0x01, 0xC1, 0xC0, 0x38, 0x38, 0x00, 0x0E, 0x00, 
    0x01, 0xC1, 0xC0, 0x38, 0x38, 0x00, 0x0E, 0x00, 0x01, 0xC1, 0xC0, 0x38, 0x30, 0x00, 0x0C, 0x00, 
    0x07, 0xFF, 0xFF, 0xFF, 0xFF, 0xFF, 0xFF, 0x80, 0x07, 0xFF, 0xFF, 0xFF, 0xFF, 0xFF, 0xFF, 0x80, 
    0x03, 0xFF, 0xFF, 0xFF, 0xFF, 0xFF, 0xFF, 0x00, 0x00, 0x00, 0x00, 0x00, 0x00, 0x00, 0x00, 0x00, 
    0x00, 0x00, 0x00, 0x00, 0x00, 0x00, 0x00, 0x00, 0x00, 0x00, 0x00, 0x00, 0x00, 0x00, 0x00, 0x00, 
    0x00, 0x00, 0x00, 0x00, 0x00, 0x00, 0x00, 0x00, 0x00, 0x00, 0x00, 0x00, 0x00, 0x00, 0x00, 0x00, 
    0x00, 0x00, 0x00, 0x00, 0x00, 0x00, 0x00, 0x00, 0x00, 0x00, 0x00, 0x00, 0x00, 0x00, 0x00, 0x00, 
    0x00, 0x00, 0x00, 0x00, 0x00, 0x00, 0x00, 0x00, 0x00, 0x00, 0x00, 0x00, 0x00, 0x00, 0x00, 0x00, 
      },
  {
    0x00, 0x00, 0x00, 0x00, 0x00, 0x00, 0x00, 0x00, 0x00, 0x00, 0x00, 0x00, 0x00, 0x00, 0x00, 0x00, 
    0x00, 0x00, 0x00, 0x00, 0x00, 0x00, 0x00, 0x00, 0x00, 0x00, 0x00, 0x00, 0x00, 0x00, 0x00, 0x00, 
    0x00, 0x00, 0x00, 0x00, 0x00, 0x00, 0x00, 0x00, 0x00, 0x00, 0x00, 0x00, 0x00, 0x00, 0x00, 0x00, 
    0x00, 0x00, 0x00, 0x00, 0x00, 0x00, 0x00, 0x00, 0x00, 0x00, 0x00, 0x00, 0x00, 0x00, 0x00, 0x00, 
    0x00, 0x00, 0x00, 0x00, 0x00, 0x00, 0x00, 0x00, 0x00, 0x00, 0x07, 0xFF, 0xFF, 0x00, 0x00, 0x00, 
    0x00, 0x00, 0x0F, 0xFF, 0xFF, 0x80, 0x00, 0x00, 0x00, 0x00, 0x1F, 0xFF, 0xFF, 0xCC, 0x00, 0x00, 
    0x00, 0x00, 0x3F, 0x00, 0x01, 0xEC, 0x30, 0x00, 0x00, 0x00, 0x73, 0x80, 0x00, 0xFC, 0x70, 0x00, 
    0x00, 0x00, 0x71, 0xC0, 0x00, 0x7C, 0xE0, 0x00, 0x00, 0x00, 0xE0, 0xE0, 0x00, 0x3C, 0x60, 0x00, 
    0x00, 0x01, 0xC0, 0x70, 0x00, 0x1F, 0x80, 0x00, 0x00, 0x03, 0x80, 0x78, 0x00, 0x0F, 0xC0, 0x00, 
    0x00, 0x07, 0x00, 0x38, 0x00, 0x07, 0xC0, 0x00, 0x00, 0x07, 0x00, 0x1C, 0x00, 0x03, 0xC0, 0x00, 
    0x00, 0x0E, 0x00, 0x0E, 0x00, 0x01, 0xC0, 0x00, 0x00, 0x1C, 0x00, 0x07, 0x00, 0x00, 0xE0, 0x00, 
    0x00, 0x38, 0x00, 0x07, 0x80, 0x00, 0x70, 0x00, 0x00, 0x70, 0x00, 0x03, 0x80, 0x00, 0x38, 0x00, 
    0x00, 0x70, 0x00, 0x01, 0xC0, 0x00, 0x1C, 0x00, 0x00, 0xE0, 0x00, 0x00, 0xE0, 0x00, 0x0E, 0x00, 
    0x01, 0xC0, 0x00, 0x00, 0x70, 0x00, 0x07, 0x00, 0x03, 0xC0, 0x00, 0x00, 0x78, 0x00, 0x03, 0x80, 
    0x07, 0xC0, 0x00, 0x00, 0x78, 0x00, 0x03, 0xC0, 0x07, 0xC0, 0x00, 0x00, 0x7F, 0xFF, 0xFF, 0xC0, 
    0x07, 0xC0, 0x00, 0x00, 0x7F, 0xFF, 0xFF, 0xE0, 0x01, 0xC0, 0x00, 0x00, 0x60, 0x00, 0x0E, 0x00, 
    0x01, 0xC0, 0x00, 0x00, 0x60, 0x00, 0x06, 0x00, 0x01, 0xC1, 0xFF, 0xF0, 0x60, 0x00, 0x0E, 0x00, 
    0x01, 0xC1, 0xFF, 0xF0, 0x60, 0x00, 0x0E, 0x00, 0x01, 0xC1, 0x80, 0x70, 0x60, 0x00, 0x0E, 0x00, 
    0x01, 0xC1, 0x80, 0x70, 0x60, 0x00, 0x0E, 0x00, 0x01, 0xC1, 0x80, 0x70, 0x60, 0x00, 0x0E, 0x00, 
    0x01, 0xC1, 0x80, 0x70, 0x60, 0x00, 0x0E, 0x00, 0x01, 0xC1, 0x80, 0x70, 0x60, 0x00, 0x0E, 0x00, 
    0x01, 0xC1, 0x80, 0xF0, 0x60, 0x00, 0x0E, 0x00, 0x01, 0xC1, 0x81, 0xF0, 0x60, 0x00, 0x0E, 0x00, 
    0x01, 0xC1, 0x81, 0xF0, 0x60, 0x00, 0x0E, 0x00, 0x01, 0xC1, 0x80, 0x70, 0x60, 0x00, 0x0E, 0x00, 
    0x01, 0xC1, 0x80, 0x70, 0x60, 0x00, 0x0E, 0x00, 0x01, 0xC1, 0x80, 0x70, 0x60, 0x00, 0x0E, 0x00, 
    0x01, 0xC1, 0x80, 0x70, 0x60, 0x00, 0x0E, 0x00, 0x01, 0xC1, 0x80, 0x70, 0x60, 0x00, 0x0E, 0x00, 
    0x01, 0xC1, 0x80, 0x70, 0x60, 0x00, 0x0E, 0x00, 0x01, 0xC1, 0x80, 0x70, 0x60, 0x00, 0x0E, 0x00, 
    0x01, 0xC1, 0x80, 0x70, 0x60, 0x00, 0x0E, 0x00, 0x01, 0x81, 0x80, 0x70, 0x60, 0x00, 0x0E, 0x00, 
    0x07, 0xFF, 0xFF, 0xFF, 0xFF, 0xFF, 0xFF, 0x80, 0x0F, 0xFF, 0xFF, 0xFF, 0xFF, 0xFF, 0xFF, 0xC0, 
    0x03, 0xFF, 0xFF, 0xFF, 0xFF, 0xFF, 0xFF, 0x00, 0x00, 0x00, 0x00, 0x00, 0x00, 0x00, 0x00, 0x00, 
    0x00, 0x00, 0x00, 0x00, 0x00, 0x00, 0x00, 0x00, 0x00, 0x00, 0x00, 0x00, 0x00, 0x00, 0x00, 0x00, 
    0x00, 0x00, 0x00, 0x00, 0x00, 0x00, 0x00, 0x00, 0x00, 0x00, 0x00, 0x00, 0x00, 0x00, 0x00, 0x00, 
    0x00, 0x00, 0x00, 0x00, 0x00, 0x00, 0x00, 0x00, 0x00, 0x00, 0x00, 0x00, 0x00, 0x00, 0x00, 0x00, 
    0x00, 0x00, 0x00, 0x00, 0x00, 0x00, 0x00, 0x00, 0x00, 0x00, 0x00, 0x00, 0x00, 0x00, 0x00, 0x00, 
      },
  {
    0x00, 0x00, 0x00, 0x00, 0x00, 0x00, 0x00, 0x00, 0x00, 0x00, 0x00, 0x00, 0x00, 0x00, 0x00, 0x00, 
    0x00, 0x00, 0x00, 0x00, 0x00, 0x00, 0x00, 0x00, 0x00, 0x00, 0x00, 0x00, 0x00, 0x00, 0x00, 0x00, 
    0x00, 0x00, 0x00, 0x00, 0x00, 0x00, 0x00, 0x00, 0x00, 0x00, 0x00, 0x00, 0x00, 0x00, 0x00, 0x00, 
    0x00, 0x00, 0x00, 0x00, 0x00, 0x00, 0x00, 0x00, 0x00, 0x00, 0x00, 0x00, 0x00, 0x00, 0x00, 0x00, 
    0x00, 0x00, 0x00, 0x00, 0x00, 0x00, 0x00, 0x00, 0x00, 0x00, 0x0F, 0xFF, 0xFF, 0x03, 0x00, 0x00, 
    0x00, 0x00, 0x1F, 0xFF, 0xFF, 0x83, 0x0C, 0x00, 0x00, 0x00, 0x1F, 0xFF, 0xFF, 0xC3, 0x1C, 0x00, 
    0x00, 0x00, 0x3F, 0x00, 0x00, 0xE3, 0x38, 0x00, 0x00, 0x00, 0x73, 0x80, 0x00, 0x70, 0x38, 0x00, 
    0x00, 0x00, 0xE3, 0xC0, 0x00, 0x3B, 0xC0, 0x00, 0x00, 0x01, 0xC1, 0xC0, 0x00, 0x1F, 0xE0, 0x00, 
    0x00, 0x01, 0xC0, 0xE0, 0x00, 0x0E, 0x70, 0x00, 0x00, 0x03, 0x80, 0x70, 0x00, 0x0F, 0x70, 0x00, 
    0x00, 0x07, 0x00, 0x38, 0x00, 0x07, 0xF0, 0x00, 0x00, 0x0E, 0x00, 0x38, 0x00, 0x03, 0xE0, 0x00, 
    0x00, 0x1C, 0x00, 0x1C, 0x00, 0x01, 0xE0, 0x00, 0x00, 0x1C, 0x00, 0x0E, 0x00, 0x00, 0xE0, 0x00, 
    0x00, 0x38, 0x00, 0x07, 0x00, 0x00, 0x70, 0x00, 0x00, 0x70, 0x00, 0x07, 0x80, 0x00, 0x38, 0x00, 
    0x00, 0xE0, 0x00, 0x03, 0x80, 0x00, 0x1C, 0x00, 0x00, 0xE0, 0x00, 0x01, 0xC0, 0x00, 0x0E, 0x00, 
    0x01, 0xC0, 0x00, 0x00, 0xE0, 0x00, 0x07, 0x00, 0x03, 0x80, 0x00, 0x00, 0xF0, 0x00, 0x03, 0x80, 
    0x07, 0x80, 0x00, 0x00, 0xF8, 0x00, 0x01, 0xC0, 0x0F, 0x80, 0x00, 0x00, 0xFF, 0xFF, 0xFF, 0xE0, 
    0x07, 0x80, 0x00, 0x00, 0xFF, 0xFF, 0xFF, 0xE0, 0x01, 0x80, 0x00, 0x00, 0xE0, 0x00, 0x06, 0x00, 
    0x01, 0x80, 0x00, 0x00, 0xE0, 0x00, 0x06, 0x00, 0x01, 0x81, 0xFF, 0xE0, 0xE0, 0x00, 0x06, 0x00, 
    0x01, 0x83, 0xFF, 0xE0, 0xE0, 0x00, 0x06, 0x00, 0x01, 0x83, 0x80, 0x60, 0xE0, 0x00, 0x06, 0x00, 
    0x01, 0x83, 0x80, 0x60, 0xE0, 0x00, 0x06, 0x00, 0x01, 0x83, 0x80, 0x60, 0xE0, 0x00, 0x06, 0x00, 
    0x01, 0x83, 0x80, 0x60, 0xE0, 0x00, 0x06, 0x00, 0x01, 0x83, 0x80, 0x60, 0xE0, 0x00, 0x06, 0x00, 
    0x01, 0x83, 0x81, 0xE0, 0xE0, 0x00, 0x06, 0x00, 0x01, 0x83, 0x83, 0xE0, 0xE0, 0x00, 0x06, 0x00, 
    0x01, 0x83, 0x81, 0xE0, 0xE0, 0x00, 0x06, 0x00, 0x01, 0x83, 0x80, 0x60, 0xE0, 0x00, 0x06, 0x00, 
    0x01, 0x83, 0x80, 0x60, 0xE0, 0x00, 0x06, 0x00, 0x01, 0x83, 0x80, 0x60, 0xE0, 0x00, 0x06, 0x00, 
    0x01, 0x83, 0x80, 0x60, 0xE0, 0x00, 0x06, 0x00, 0x01, 0x83, 0x80, 0x60, 0xE0, 0x00, 0x06, 0x00, 
    0x01, 0x83, 0x80, 0x60, 0xE0, 0x00, 0x06, 0x00, 0x01, 0x83, 0x80, 0x60, 0xE0, 0x00, 0x06, 0x00, 
    0x01, 0x83, 0x80, 0x60, 0xE0, 0x00, 0x06, 0x00, 0x01, 0x81, 0x80, 0x60, 0xE0, 0x00, 0x06, 0x00, 
    0x0F, 0xFF, 0xFF, 0xFF, 0xFF, 0xFF, 0xFF, 0x80, 0x0F, 0xFF, 0xFF, 0xFF, 0xFF, 0xFF, 0xFF, 0xC0, 
    0x07, 0xFF, 0xFF, 0xFF, 0xFF, 0xFF, 0xFF, 0x00, 0x00, 0x00, 0x00, 0x00, 0x00, 0x00, 0x00, 0x00, 
    0x00, 0x00, 0x00, 0x00, 0x00, 0x00, 0x00, 0x00, 0x00, 0x00, 0x00, 0x00, 0x00, 0x00, 0x00, 0x00, 
    0x00, 0x00, 0x00, 0x00, 0x00, 0x00, 0x00, 0x00, 0x00, 0x00, 0x00, 0x00, 0x00, 0x00, 0x00, 0x00, 
    0x00, 0x00, 0x00, 0x00, 0x00, 0x00, 0x00, 0x00, 0x00, 0x00, 0x00, 0x00, 0x00, 0x00, 0x00, 0x00, 
    0x00, 0x00, 0x00, 0x00, 0x00, 0x00, 0x00, 0x00, 0x00, 0x00, 0x00, 0x00, 0x00, 0x00, 0x00, 0x00, 
      },
  {
    0x00, 0x00, 0x00, 0x00, 0x00, 0x00, 0x00, 0x00, 0x00, 0x00, 0x00, 0x00, 0x00, 0x00, 0x00, 0x00, 
    0x00, 0x00, 0x00, 0x00, 0x00, 0x00, 0x00, 0x00, 0x00, 0x00, 0x00, 0x00, 0x00, 0x00, 0x00, 0x00, 
    0x00, 0x00, 0x00, 0x00, 0x00, 0x00, 0x00, 0x00, 0x00, 0x00, 0x00, 0x00, 0x00, 0x00, 0x00, 0x00, 
    0x00, 0x00, 0x00, 0x00, 0x00, 0x00, 0x00, 0x00, 0x00, 0x00, 0x00, 0x00, 0x00, 0x00, 0xC0, 0x00, 
    0x00, 0x00, 0x00, 0x00, 0x00, 0x00, 0xC0, 0x00, 0x00, 0x00, 0x0F, 0xFF, 0xFF, 0x00, 0xC3, 0x00, 
    0x00, 0x00, 0x1F, 0xFF, 0xFF, 0xB8, 0xC7, 0x00, 0x00, 0x00, 0x3F, 0xFF, 0xFF, 0xDC, 0x0E, 0x00, 
    0x00, 0x00, 0x3F, 0x00, 0x00, 0xED, 0xEC, 0x00, 0x00, 0x00, 0x77, 0x80, 0x00, 0x73, 0xF0, 0x00, 
    0x00, 0x00, 0xE3, 0x80, 0x00, 0x3F, 0x38, 0x00, 0x00, 0x01, 0xC1, 0xC0, 0x00, 0x1F, 0x18, 0x00, 
    0x00, 0x03, 0x80, 0xE0, 0x00, 0x0F, 0x38, 0x00, 0x00, 0x03, 0x80, 0x70, 0x00, 0x07, 0xF8, 0x00, 
    0x00, 0x07, 0x00, 0x70, 0x00, 0x07, 0xF0, 0x00, 0x00, 0x0E, 0x00, 0x38, 0x00, 0x03, 0xC0, 0x00, 
    0x00, 0x1C, 0x00, 0x1C, 0x00, 0x01, 0xC0, 0x00, 0x00, 0x1C, 0x00, 0x0E, 0x00, 0x00, 0xE0, 0x00, 
    0x00, 0x38, 0x00, 0x0F, 0x00, 0x00, 0x70, 0x00, 0x00, 0x70, 0x00, 0x07, 0x00, 0x00, 0x38, 0x00, 
    0x00, 0xE0, 0x00, 0x03, 0x80, 0x00, 0x1C, 0x00, 0x01, 0xC0, 0x00, 0x01, 0xC0, 0x00, 0x0E, 0x00, 
    0x01, 0xC0, 0x00, 0x00, 0xE0, 0x00, 0x07, 0x00, 0x03, 0x80, 0x00, 0x00, 0xE0, 0x00, 0x03, 0x80, 
    0x07, 0x80, 0x00, 0x00, 0xF0, 0x00, 0x01, 0xC0, 0x0F, 0x80, 0x00, 0x00, 0xFF, 0xFF, 0xFF, 0xE0, 
    0x07, 0x80, 0x00, 0x00, 0xFF, 0xFF, 0xFF, 0xE0, 0x01, 0x80, 0x00, 0x00, 0xC0, 0x00, 0x06, 0x00, 
    0x01, 0x80, 0x00, 0x00, 0xC0, 0x00, 0x06, 0x00, 0x01, 0x83, 0xFF, 0xE0, 0xC0, 0x00, 0x06, 0x00, 
    0x01, 0x83, 0xFF, 0xE0, 0xC0, 0x00, 0x06, 0x00, 0x01, 0x83, 0x80, 0x60, 0xC0, 0x00, 0x06, 0x00, 
    0x01, 0x83, 0x80, 0x60, 0xC0, 0x00, 0x06, 0x00, 0x01, 0x83, 0x80, 0x60, 0xC0, 0x00, 0x06, 0x00, 
    0x01, 0x83, 0x80, 0x60, 0xC0, 0x00, 0x06, 0x00, 0x01, 0x83, 0x80, 0x60, 0xC0, 0x00, 0x06, 0x00, 
    0x01, 0x83, 0x81, 0xE0, 0xC0, 0x00, 0x06, 0x00, 0x01, 0x83, 0x83, 0xE0, 0xC0, 0x00, 0x06, 0x00, 
    0x01, 0x83, 0x81, 0xE0, 0xC0, 0x00, 0x06, 0x00, 0x01, 0x83, 0x80, 0x60, 0xC0, 0x00, 0x06, 0x00, 
    0x01, 0x83, 0x80, 0x60, 0xC0, 0x00, 0x06, 0x00, 0x01, 0x83, 0x80, 0x60, 0xC0, 0x00, 0x06, 0x00, 
    0x01, 0x83, 0x80, 0x60, 0xC0, 0x00, 0x06, 0x00, 0x01, 0x83, 0x80, 0x60, 0xC0, 0x00, 0x06, 0x00, 
    0x01, 0x83, 0x80, 0x60, 0xC0, 0x00, 0x06, 0x00, 0x01, 0x83, 0x80, 0x60, 0xC0, 0x00, 0x06, 0x00, 
    0x01, 0x83, 0x80, 0x60, 0xC0, 0x00, 0x06, 0x00, 0x01, 0x83, 0x80, 0x60, 0xC0, 0x00, 0x06, 0x00, 
    0x0F, 0xFF, 0xFF, 0xFF, 0xFF, 0xFF, 0xFF, 0x80, 0x0F, 0xFF, 0xFF, 0xFF, 0xFF, 0xFF, 0xFF, 0xC0, 
    0x07, 0xFF, 0xFF, 0xFF, 0xFF, 0xFF, 0xFF, 0x80, 0x00, 0x00, 0x00, 0x00, 0x00, 0x00, 0x00, 0x00, 
    0x00, 0x00, 0x00, 0x00, 0x00, 0x00, 0x00, 0x00, 0x00, 0x00, 0x00, 0x00, 0x00, 0x00, 0x00, 0x00, 
    0x00, 0x00, 0x00, 0x00, 0x00, 0x00, 0x00, 0x00, 0x00, 0x00, 0x00, 0x00, 0x00, 0x00, 0x00, 0x00, 
    0x00, 0x00, 0x00, 0x00, 0x00, 0x00, 0x00, 0x00, 0x00, 0x00, 0x00, 0x00, 0x00, 0x00, 0x00, 0x00, 
    0x00, 0x00, 0x00, 0x00, 0x00, 0x00, 0x00, 0x00, 0x00, 0x00, 0x00, 0x00, 0x00, 0x00, 0x00, 0x00, 
      },
  {
    0x00, 0x00, 0x00, 0x00, 0x00, 0x00, 0x00, 0x00, 0x00, 0x00, 0x00, 0x00, 0x00, 0x00, 0x00, 0x00, 
    0x00, 0x00, 0x00, 0x00, 0x00, 0x00, 0x00, 0x00, 0x00, 0x00, 0x00, 0x00, 0x00, 0x00, 0x00, 0x00, 
    0x00, 0x00, 0x00, 0x00, 0x00, 0x00, 0x00, 0x00, 0x00, 0x00, 0x00, 0x00, 0x00, 0x00, 0x20, 0x00, 
    0x00, 0x00, 0x00, 0x00, 0x00, 0x00, 0x70, 0x00, 0x00, 0x00, 0x00, 0x00, 0x00, 0x0C, 0x70, 0x00, 
    0x00, 0x00, 0x00, 0x00, 0x00, 0x0C, 0x71, 0x80, 0x00, 0x00, 0x0F, 0xFF, 0xFF, 0x0E, 0x23, 0x80, 
    0x00, 0x00, 0x1F, 0xFF, 0xFF, 0x86, 0x67, 0x00, 0x00, 0x00, 0x3F, 0xFF, 0xFF, 0xC1, 0xFA, 0x00, 
    0x00, 0x00, 0x3F, 0x00, 0x00, 0xE1, 0xFC, 0x00, 0x00, 0x00, 0x77, 0x80, 0x00, 0x7B, 0x9C, 0x00, 
    0x00, 0x00, 0xE3, 0x80, 0x00, 0x3B, 0x8C, 0x00, 0x00, 0x01, 0xC1, 0xC0, 0x00, 0x1F, 0x9C, 0x00, 
    0x00, 0x01, 0x80, 0xE0, 0x00, 0x0F, 0xF8, 0x00, 0x00, 0x03, 0x80, 0x70, 0x00, 0x07, 0xF0, 0x00, 
    0x00, 0x07, 0x00, 0x70, 0x00, 0x07, 0x80, 0x00, 0x00, 0x0E, 0x00, 0x38, 0x00, 0x03, 0xC0, 0x00, 
    0x00, 0x1C, 0x00, 0x1C, 0x00, 0x01, 0xE0, 0x00, 0x00, 0x1C, 0x00, 0x0E, 0x00, 0x00, 0xE0, 0x00, 
    0x00, 0x38, 0x00, 0x07, 0x00, 0x00, 0x70, 0x00, 0x00, 0x70, 0x00, 0x07, 0x00, 0x00, 0x38, 0x00, 
    0x00, 0xE0, 0x00, 0x03, 0x80, 0x00, 0x1C, 0x00, 0x01, 0xC0, 0x00, 0x01, 0xC0, 0x00, 0x0E, 0x00, 
    0x01, 0xC0, 0x00, 0x00, 0xE0, 0x00, 0x07, 0x00, 0x03, 0x80, 0x00, 0x00, 0xE0, 0x00, 0x03, 0x80, 
    0x07, 0x80, 0x00, 0x00, 0xF0, 0x00, 0x01, 0xC0, 0x0F, 0x80, 0x00, 0x00, 0xFF, 0xFF, 0xFF, 0xE0, 
    0x07, 0x80, 0x00, 0x00, 0xFF, 0xFF, 0xFF, 0xE0, 0x01, 0x80, 0x00, 0x00, 0xC0, 0x00, 0x06, 0x00, 
    0x01, 0x80, 0x00, 0x00, 0xC0, 0x00, 0x06, 0x00, 0x01, 0x83, 0xFF, 0xE0, 0xC0, 0x00, 0x06, 0x00, 
    0x01, 0x83, 0xFF, 0xE0, 0xC0, 0x00, 0x06, 0x00, 0x01, 0x83, 0x80, 0x60, 0xC0, 0x00, 0x06, 0x00, 
    0x01, 0x83, 0x80, 0x60, 0xC0, 0x00, 0x06, 0x00, 0x01, 0x83, 0x80, 0x60, 0xC0, 0x00, 0x06, 0x00, 
    0x01, 0x83, 0x80, 0x60, 0xC0, 0x00, 0x06, 0x00, 0x01, 0x83, 0x80, 0x60, 0xC0, 0x00, 0x06, 0x00, 
    0x01, 0x83, 0x81, 0xE0, 0xC0, 0x00, 0x06, 0x00, 0x01, 0x83, 0x83, 0xE0, 0xC0, 0x00, 0x06, 0x00, 
    0x01, 0x83, 0x81, 0xE0, 0xC0, 0x00, 0x06, 0x00, 0x01, 0x83, 0x80, 0x60, 0xC0, 0x00, 0x06, 0x00, 
    0x01, 0x83, 0x80, 0x60, 0xC0, 0x00, 0x06, 0x00, 0x01, 0x83, 0x80, 0x60, 0xC0, 0x00, 0x06, 0x00, 
    0x01, 0x83, 0x80, 0x60, 0xC0, 0x00, 0x06, 0x00, 0x01, 0x83, 0x80, 0x60, 0xC0, 0x00, 0x06, 0x00, 
    0x01, 0x83, 0x80, 0x60, 0xC0, 0x00, 0x06, 0x00, 0x01, 0x83, 0x80, 0x60, 0xC0, 0x00, 0x06, 0x00, 
    0x01, 0x83, 0x80, 0x60, 0xC0, 0x00, 0x06, 0x00, 0x01, 0x83, 0x80, 0x60, 0xC0, 0x00, 0x06, 0x00, 
    0x0F, 0xFF, 0xFF, 0xFF, 0xFF, 0xFF, 0xFF, 0x80, 0x0F, 0xFF, 0xFF, 0xFF, 0xFF, 0xFF, 0xFF, 0xC0, 
    0x07, 0xFF, 0xFF, 0xFF, 0xFF, 0xFF, 0xFF, 0x80, 0x00, 0x00, 0x00, 0x00, 0x00, 0x00, 0x00, 0x00, 
    0x00, 0x00, 0x00, 0x00, 0x00, 0x00, 0x00, 0x00, 0x00, 0x00, 0x00, 0x00, 0x00, 0x00, 0x00, 0x00, 
    0x00, 0x00, 0x00, 0x00, 0x00, 0x00, 0x00, 0x00, 0x00, 0x00, 0x00, 0x00, 0x00, 0x00, 0x00, 0x00, 
    0x00, 0x00, 0x00, 0x00, 0x00, 0x00, 0x00, 0x00, 0x00, 0x00, 0x00, 0x00, 0x00, 0x00, 0x00, 0x00, 
    0x00, 0x00, 0x00, 0x00, 0x00, 0x00, 0x00, 0x00, 0x00, 0x00, 0x00, 0x00, 0x00, 0x00, 0x00, 0x00, 
      },
  {
    0x00, 0x00, 0x00, 0x00, 0x00, 0x00, 0x00, 0x00, 0x00, 0x00, 0x00, 0x00, 0x00, 0x00, 0x00, 0x00, 
    0x00, 0x00, 0x00, 0x00, 0x00, 0x00, 0x00, 0x00, 0x00, 0x00, 0x00, 0x00, 0x00, 0x00, 0x00, 0x00, 
    0x00, 0x00, 0x00, 0x00, 0x00, 0x00, 0x18, 0x00, 0x00, 0x00, 0x00, 0x00, 0x00, 0x02, 0x18, 0x00, 
    0x00, 0x00, 0x00, 0x00, 0x00, 0x06, 0x18, 0x00, 0x00, 0x00, 0x00, 0x00, 0x00, 0x07, 0x18, 0x40, 
    0x00, 0x00, 0x00, 0x00, 0x00, 0x03, 0x90, 0xE0, 0x00, 0x00, 0x0F, 0xFF, 0xFF, 0x01, 0x33, 0xC0, 
    0x00, 0x00, 0x1F, 0xFF, 0xFF, 0x80, 0xFD, 0x80, 0x00, 0x00, 0x3F, 0xFF, 0xFF, 0xFD, 0xFC, 0x00, 
    0x00, 0x00, 0x3F, 0x00, 0x00, 0xFD, 0xCE, 0x00, 0x00, 0x00, 0x73, 0x80, 0x00, 0x71, 0x8E, 0x00, 
    0x00, 0x00, 0xE3, 0x80, 0x00, 0x39, 0xCE, 0x00, 0x00, 0x01, 0xC1, 0xC0, 0x00, 0x1E, 0xFC, 0x00, 
    0x00, 0x01, 0xC0, 0xE0, 0x00, 0x0E, 0x78, 0x00, 0x00, 0x03, 0x80, 0x70, 0x00, 0x0F, 0x00, 0x00, 
    0x00, 0x07, 0x00, 0x70, 0x00, 0x07, 0xE0, 0x00, 0x00, 0x0E, 0x00, 0x38, 0x00, 0x03, 0xE0, 0x00, 
    0x00, 0x1C, 0x00, 0x1C, 0x00, 0x01, 0xE0, 0x00, 0x00, 0x1C, 0x00, 0x0E, 0x00, 0x00, 0xE0, 0x00, 
    0x00, 0x38, 0x00, 0x07, 0x00, 0x00, 0x70, 0x00, 0x00, 0x70, 0x00, 0x07, 0x00, 0x00, 0x38, 0x00, 
    0x00, 0xE0, 0x00, 0x03, 0x80, 0x00, 0x1C, 0x00, 0x01, 0xC0, 0x00, 0x01, 0xC0, 0x00, 0x0E, 0x00, 
    0x01, 0xC0, 0x00, 0x00, 0xE0, 0x00, 0x07, 0x00, 0x03, 0x80, 0x00, 0x00, 0xE0, 0x00, 0x03, 0x80, 
    0x07, 0x80, 0x00, 0x00, 0xF0, 0x00, 0x03, 0xC0, 0x0F, 0x80, 0x00, 0x00, 0xFF, 0xFF, 0xFF, 0xE0, 
    0x07, 0x80, 0x00, 0x00, 0xFF, 0xFF, 0xFF, 0xE0, 0x01, 0x80, 0x00, 0x00, 0xC0, 0x00, 0x0E, 0x00, 
    0x01, 0x80, 0x00, 0x00, 0xE0, 0x00, 0x06, 0x00, 0x01, 0x83, 0xFF, 0xE0, 0xE0, 0x00, 0x06, 0x00, 
    0x01, 0x83, 0xFF, 0xE0, 0xE0, 0x00, 0x06, 0x00, 0x01, 0x83, 0x80, 0x60, 0xE0, 0x00, 0x06, 0x00, 
    0x01, 0x83, 0x80, 0x60, 0xE0, 0x00, 0x06, 0x00, 0x01, 0x83, 0x80, 0x60, 0xE0, 0x00, 0x06, 0x00, 
    0x01, 0x83, 0x80, 0x60, 0xE0, 0x00, 0x06, 0x00, 0x01, 0x83, 0x80, 0x60, 0xE0, 0x00, 0x06, 0x00, 
    0x01, 0x83, 0x81, 0xE0, 0xE0, 0x00, 0x06, 0x00, 0x01, 0x83, 0x83, 0xE0, 0xE0, 0x00, 0x06, 0x00, 
    0x01, 0x83, 0x81, 0xE0, 0xE0, 0x00, 0x06, 0x00, 0x01, 0x83, 0x80, 0x60, 0xE0, 0x00, 0x06, 0x00, 
    0x01, 0x83, 0x80, 0x60, 0xE0, 0x00, 0x06, 0x00, 0x01, 0x83, 0x80, 0x60, 0xE0, 0x00, 0x06, 0x00, 
    0x01, 0x83, 0x80, 0x60, 0xE0, 0x00, 0x0E, 0x00, 0x01, 0x83, 0x80, 0x60, 0xE0, 0x00, 0x0E, 0x00, 
    0x01, 0x83, 0x80, 0x60, 0xE0, 0x00, 0x0E, 0x00, 0x01, 0x83, 0x80, 0x60, 0xE0, 0x00, 0x0E, 0x00, 
    0x01, 0x83, 0x80, 0x60, 0xE0, 0x00, 0x0E, 0x00, 0x01, 0x83, 0x80, 0x60, 0xC0, 0x00, 0x06, 0x00, 
    0x0F, 0xFF, 0xFF, 0xFF, 0xFF, 0xFF, 0xFF, 0x80, 0x0F, 0xFF, 0xFF, 0xFF, 0xFF, 0xFF, 0xFF, 0xC0, 
    0x07, 0xFF, 0xFF, 0xFF, 0xFF, 0xFF, 0xFF, 0x80, 0x00, 0x00, 0x00, 0x00, 0x00, 0x00, 0x00, 0x00, 
    0x00, 0x00, 0x00, 0x00, 0x00, 0x00, 0x00, 0x00, 0x00, 0x00, 0x00, 0x00, 0x00, 0x00, 0x00, 0x00, 
    0x00, 0x00, 0x00, 0x00, 0x00, 0x00, 0x00, 0x00, 0x00, 0x00, 0x00, 0x00, 0x00, 0x00, 0x00, 0x00, 
    0x00, 0x00, 0x00, 0x00, 0x00, 0x00, 0x00, 0x00, 0x00, 0x00, 0x00, 0x00, 0x00, 0x00, 0x00, 0x00, 
    0x00, 0x00, 0x00, 0x00, 0x00, 0x00, 0x00, 0x00, 0x00, 0x00, 0x00, 0x00, 0x00, 0x00, 0x00, 0x00, 
      },
  {
    0x00, 0x00, 0x00, 0x00, 0x00, 0x00, 0x00, 0x00, 0x00, 0x00, 0x00, 0x00, 0x00, 0x00, 0x00, 0x00, 
    0x00, 0x00, 0x00, 0x00, 0x00, 0x00, 0x00, 0x00, 0x00, 0x00, 0x00, 0x00, 0x00, 0x00, 0x04, 0x00, 
    0x00, 0x00, 0x00, 0x00, 0x00, 0x01, 0x0E, 0x00, 0x00, 0x00, 0x00, 0x00, 0x00, 0x03, 0x8C, 0x00, 
    0x00, 0x00, 0x00, 0x00, 0x00, 0x01, 0x8C, 0x00, 0x00, 0x00, 0x00, 0x00, 0x00, 0x01, 0xCC, 0x20, 
    0x00, 0x00, 0x00, 0x00, 0x00, 0x00, 0x80, 0xF0, 0x00, 0x00, 0x0F, 0xFF, 0xFF, 0x18, 0x7D, 0xE0, 
    0x00, 0x00, 0x1F, 0xFF, 0xFF, 0xBE, 0xFE, 0x80, 0x00, 0x00, 0x1F, 0xFF, 0xFF, 0xDE, 0xC6, 0x00, 
    0x00, 0x00, 0x3F, 0x00, 0x00, 0xE0, 0xC6, 0x00, 0x00, 0x00, 0x73, 0x80, 0x00, 0x70, 0xCE, 0x00, 
    0x00, 0x00, 0xE3, 0x80, 0x00, 0x3A, 0xFE, 0x00, 0x00, 0x01, 0xC1, 0xC0, 0x00, 0x1F, 0x7C, 0x00, 
    0x00, 0x01, 0xC0, 0xE0, 0x00, 0x1E, 0x02, 0x00, 0x00, 0x03, 0x80, 0x70, 0x00, 0x0E, 0x66, 0x00, 
    0x00, 0x07, 0x00, 0x78, 0x00, 0x07, 0xE2, 0x00, 0x00, 0x0E, 0x00, 0x38, 0x00, 0x03, 0xE0, 0x00, 
    0x00, 0x1C, 0x00, 0x1C, 0x00, 0x01, 0xC0, 0x00, 0x00, 0x1C, 0x00, 0x0E, 0x00, 0x00, 0xE0, 0x00, 
    0x00, 0x38, 0x00, 0x07, 0x00, 0x00, 0x70, 0x00, 0x00, 0x70, 0x00, 0x07, 0x00, 0x00, 0x38, 0x00, 
    0x00, 0xE0, 0x00, 0x03, 0x80, 0x00, 0x1C, 0x00, 0x00, 0xC0, 0x00, 0x01, 0xC0, 0x00, 0x0E, 0x00, 
    0x01, 0xC0, 0x00, 0x00, 0xE0, 0x00, 0x07, 0x00, 0x03, 0x80, 0x00, 0x00, 0xF0, 0x00, 0x03, 0x80, 
    0x07, 0x80, 0x00, 0x00, 0xF0, 0x00, 0x03, 0xC0, 0x0F, 0x80, 0x00, 0x00, 0xFF, 0xFF, 0xFF, 0xC0, 
    0x07, 0x80, 0x00, 0x00, 0xFF, 0xFF, 0xFF, 0xE0, 0x01, 0x80, 0x00, 0x00, 0xE0, 0x00, 0x0E, 0x00, 
    0x01, 0x80, 0x00, 0x00, 0xE0, 0x00, 0x06, 0x00, 0x01, 0x81, 0xFF, 0xE0, 0xE0, 0x00, 0x0E, 0x00, 
    0x01, 0x83, 0xFF, 0xE0, 0xE0, 0x00, 0x0E, 0x00, 0x01, 0x83, 0x80, 0x60, 0xE0, 0x00, 0x0E, 0x00, 
    0x01, 0x83, 0x80, 0x60, 0xE0, 0x00, 0x0E, 0x00, 0x01, 0x83, 0x80, 0x60, 0xE0, 0x00, 0x0E, 0x00, 
    0x01, 0x83, 0x80, 0x60, 0xE0, 0x00, 0x0E, 0x00, 0x01, 0x83, 0x80, 0x60, 0xE0, 0x00, 0x0E, 0x00, 
    0x01, 0x83, 0x81, 0xE0, 0xE0, 0x00, 0x0E, 0x00, 0x01, 0x83, 0x83, 0xE0, 0xE0, 0x00, 0x0E, 0x00, 
    0x01, 0x83, 0x81, 0xE0, 0xE0, 0x00, 0x0E, 0x00, 0x01, 0x83, 0x80, 0x60, 0xE0, 0x00, 0x0E, 0x00, 
    0x01, 0x83, 0x80, 0x60, 0xE0, 0x00, 0x0E, 0x00, 0x01, 0x83, 0x80, 0x60, 0xE0, 0x00, 0x0E, 0x00, 
    0x01, 0x83, 0x80, 0x60, 0xE0, 0x00, 0x0E, 0x00, 0x01, 0x83, 0x80, 0x60, 0xE0, 0x00, 0x0E, 0x00, 
    0x01, 0x83, 0x80, 0x60, 0xE0, 0x00, 0x0E, 0x00, 0x01, 0x83, 0x80, 0x60, 0xE0, 0x00, 0x0E, 0x00, 
    0x01, 0x83, 0x80, 0x60, 0xE0, 0x00, 0x0E, 0x00, 0x01, 0x83, 0x80, 0x60, 0xE0, 0x00, 0x0E, 0x00, 
    0x0F, 0xFF, 0xFF, 0xFF, 0xFF, 0xFF, 0xFF, 0x80, 0x0F, 0xFF, 0xFF, 0xFF, 0xFF, 0xFF, 0xFF, 0xC0, 
    0x07, 0xFF, 0xFF, 0xFF, 0xFF, 0xFF, 0xFF, 0x80, 0x00, 0x00, 0x00, 0x00, 0x00, 0x00, 0x00, 0x00, 
    0x00, 0x00, 0x00, 0x00, 0x00, 0x00, 0x00, 0x00, 0x00, 0x00, 0x00, 0x00, 0x00, 0x00, 0x00, 0x00, 
    0x00, 0x00, 0x00, 0x00, 0x00, 0x00, 0x00, 0x00, 0x00, 0x00, 0x00, 0x00, 0x00, 0x00, 0x00, 0x00, 
    0x00, 0x00, 0x00, 0x00, 0x00, 0x00, 0x00, 0x00, 0x00, 0x00, 0x00, 0x00, 0x00, 0x00, 0x00, 0x00, 
    0x00, 0x00, 0x00, 0x00, 0x00, 0x00, 0x00, 0x00, 0x00, 0x00, 0x00, 0x00, 0x00, 0x00, 0x00, 0x00, 
      },
  {
    0x00, 0x00, 0x00, 0x00, 0x00, 0x00, 0x00, 0x00, 0x00, 0x00, 0x00, 0x00, 0x00, 0x00, 0x00, 0x00, 
    0x00, 0x00, 0x00, 0x00, 0x00, 0x00, 0x00, 0x00, 0x00, 0x00, 0x00, 0x00, 0x00, 0x00, 0x02, 0x00, 
    0x00, 0x00, 0x00, 0x00, 0x00, 0x01, 0x86, 0x00, 0x00, 0x00, 0x00, 0x00, 0x00, 0x01, 0xC6, 0x00, 
    0x00, 0x00, 0x00, 0x00, 0x00, 0x00, 0xCE, 0x00, 0x00, 0x00, 0x00, 0x00, 0x00, 0x00, 0xC4, 0x00, 
    0x00, 0x00, 0x00, 0x00, 0x00, 0x18, 0x38, 0xF0, 0x00, 0x00, 0x0F, 0xFF, 0xFF, 0x1E, 0x7E, 0xF0, 
    0x00, 0x00, 0x1F, 0xFF, 0xFF, 0x8E, 0xEE, 0xC0, 0x00, 0x00, 0x1F, 0xFF, 0xFF, 0xC0, 0xC7, 0x00, 
    0x00, 0x00, 0x3F, 0x00, 0x00, 0xE0, 0xC7, 0x00, 0x00, 0x00, 0x73, 0x80, 0x00, 0x72, 0xFE, 0xC0, 
    0x00, 0x00, 0xE3, 0x80, 0x00, 0x7F, 0x7E, 0xC0, 0x00, 0x01, 0xC1, 0xC0, 0x00, 0x3E, 0x38, 0x00, 
    0x00, 0x01, 0xC0, 0xE0, 0x00, 0x1C, 0x46, 0x00, 0x00, 0x03, 0x80, 0x70, 0x00, 0x0E, 0xE6, 0x00, 
    0x00, 0x07, 0x00, 0x38, 0x00, 0x07, 0xE6, 0x00, 0x00, 0x0E, 0x00, 0x38, 0x00, 0x03, 0xC0, 0x00, 
    0x00, 0x1C, 0x00, 0x1C, 0x00, 0x01, 0xC0, 0x00, 0x00, 0x1C, 0x00, 0x0E, 0x00, 0x00, 0xE0, 0x00, 
    0x00, 0x38, 0x00, 0x07, 0x00, 0x00, 0x70, 0x00, 0x00, 0x70, 0x00, 0x07, 0x80, 0x00, 0x38, 0x00, 
    0x00, 0xE0, 0x00, 0x03, 0x80, 0x00, 0x1C, 0x00, 0x00, 0xE0, 0x00, 0x01, 0xC0, 0x00, 0x0E, 0x00, 
    0x01, 0xC0, 0x00, 0x00, 0xE0, 0x00, 0x0F, 0x00, 0x03, 0x80, 0x00, 0x00, 0xF0, 0x00, 0x07, 0x80, 
    0x07, 0x80, 0x00, 0x00, 0xF8, 0x00, 0x03, 0x80, 0x0F, 0x80, 0x00, 0x00, 0xFF, 0xFF, 0xFF, 0xC0, 
    0x07, 0x80, 0x00, 0x00, 0xFF, 0xFF, 0xFF, 0xC0, 0x01, 0x80, 0x00, 0x00, 0xE0, 0x00, 0x0E, 0x00, 
    0x01, 0x80, 0x00, 0x00, 0xE0, 0x00, 0x0E, 0x00, 0x01, 0x81, 0xFF, 0xE0, 0xE0, 0x00, 0x0E, 0x00, 
    0x01, 0x83, 0xFF, 0xE0, 0xE0, 0x00, 0x0E, 0x00, 0x01, 0x83, 0x80, 0x60, 0xE0, 0x00, 0x0E, 0x00, 
    0x01, 0x83, 0x80, 0x60, 0xE0, 0x00, 0x0E, 0x00, 0x01, 0x83, 0x80, 0x60, 0xE0, 0x00, 0x0E, 0x00, 
    0x01, 0x83, 0x80, 0x60, 0xE0, 0x00, 0x0E, 0x00, 0x01, 0x83, 0x80, 0x60, 0xE0, 0x00, 0x0E, 0x00, 
    0x01, 0x83, 0x81, 0xE0, 0xE0, 0x00, 0x0E, 0x00, 0x01, 0x83, 0x83, 0xE0, 0xE0, 0x00, 0x0E, 0x00, 
    0x01, 0x83, 0x81, 0xE0, 0xE0, 0x00, 0x0E, 0x00, 0x01, 0x83, 0x80, 0x60, 0xE0, 0x00, 0x0E, 0x00, 
    0x01, 0x83, 0x80, 0x60, 0xE0, 0x00, 0x0E, 0x00, 0x01, 0x83, 0x80, 0x60, 0xE0, 0x00, 0x0E, 0x00, 
    0x01, 0x83, 0x80, 0x60, 0xE0, 0x00, 0x0E, 0x00, 0x01, 0x83, 0x80, 0x60, 0xE0, 0x00, 0x0E, 0x00, 
    0x01, 0x83, 0x80, 0x60, 0xE0, 0x00, 0x0E, 0x00, 0x01, 0x83, 0x80, 0x60, 0xE0, 0x00, 0x0E, 0x00, 
    0x01, 0x83, 0x80, 0x60, 0xE0, 0x00, 0x0E, 0x00, 0x01, 0x81, 0x80, 0x60, 0xE0, 0x00, 0x0E, 0x00, 
    0x0F, 0xFF, 0xFF, 0xFF, 0xFF, 0xFF, 0xFF, 0x80, 0x0F, 0xFF, 0xFF, 0xFF, 0xFF, 0xFF, 0xFF, 0xC0, 
    0x07, 0xFF, 0xFF, 0xFF, 0xFF, 0xFF, 0xFF, 0x80, 0x00, 0x00, 0x00, 0x00, 0x00, 0x00, 0x00, 0x00, 
    0x00, 0x00, 0x00, 0x00, 0x00, 0x00, 0x00, 0x00, 0x00, 0x00, 0x00, 0x00, 0x00, 0x00, 0x00, 0x00, 
    0x00, 0x00, 0x00, 0x00, 0x00, 0x00, 0x00, 0x00, 0x00, 0x00, 0x00, 0x00, 0x00, 0x00, 0x00, 0x00, 
    0x00, 0x00, 0x00, 0x00, 0x00, 0x00, 0x00, 0x00, 0x00, 0x00, 0x00, 0x00, 0x00, 0x00, 0x00, 0x00, 
    0x00, 0x00, 0x00, 0x00, 0x00, 0x00, 0x00, 0x00, 0x00, 0x00, 0x00, 0x00, 0x00, 0x00, 0x00, 0x00, 
      },
  {
    0x00, 0x00, 0x00, 0x00, 0x00, 0x00, 0x00, 0x00, 0x00, 0x00, 0x00, 0x00, 0x00, 0x00, 0x00, 0x00, 
    0x00, 0x00, 0x00, 0x00, 0x00, 0x00, 0x00, 0x00, 0x00, 0x00, 0x00, 0x00, 0x00, 0x00, 0x80, 0x00, 
    0x00, 0x00, 0x00, 0x00, 0x00, 0x00, 0xC3, 0x00, 0x00, 0x00, 0x00, 0x00, 0x00, 0x00, 0xC7, 0x00, 
    0x00, 0x00, 0x00, 0x00, 0x00, 0x00, 0xE6, 0x00, 0x00, 0x00, 0x00, 0x00, 0x00, 0x00, 0x46, 0x00, 
    0x00, 0x00, 0x00, 0x00, 0x00, 0x1E, 0x38, 0x30, 0x00, 0x00, 0x0F, 0xFF, 0xFF, 0x1E, 0x7E, 0xF0, 
    0x00, 0x00, 0x1F, 0xFF, 0xFF, 0x86, 0xEE, 0xE0, 0x00, 0x00, 0x1F, 0xFF, 0xFF, 0xC0, 0xC7, 0x00, 
    0x00, 0x00, 0x3F, 0x00, 0x01, 0xE0, 0xC7, 0x00, 0x00, 0x00, 0x73, 0x80, 0x00, 0xFE, 0xFE, 0xC0, 
    0x00, 0x00, 0xE3, 0xC0, 0x00, 0x7E, 0x7E, 0xC0, 0x00, 0x01, 0xC1, 0xC0, 0x00, 0x3C, 0x38, 0x40, 
    0x00, 0x01, 0xC0, 0xE0, 0x00, 0x1C, 0xC4, 0x00, 0x00, 0x03, 0x80, 0x70, 0x00, 0x0E, 0xCE, 0x00, 
    0x00, 0x07, 0x00, 0x38, 0x00, 0x07, 0xC6, 0x00, 0x00, 0x0E, 0x00, 0x38, 0x00, 0x03, 0xC6, 0x00, 
    0x00, 0x0C, 0x00, 0x1C, 0x00, 0x01, 0xC0, 0x00, 0x00, 0x1C, 0x00, 0x0E, 0x00, 0x00, 0xE0, 0x00, 
    0x00, 0x38, 0x00, 0x07, 0x00, 0x00, 0x70, 0x00, 0x00, 0x70, 0x00, 0x07, 0x80, 0x00, 0x38, 0x00, 
    0x00, 0xE0, 0x00, 0x03, 0x80, 0x00, 0x1C, 0x00, 0x00, 0xE0, 0x00, 0x01, 0xC0, 0x00, 0x1E, 0x00, 
    0x01, 0xC0, 0x00, 0x00, 0xE0, 0x00, 0x0F, 0x00, 0x03, 0x80, 0x00, 0x00, 0xF0, 0x00, 0x07, 0x00, 
    0x07, 0x80, 0x00, 0x00, 0xF8, 0x00, 0x03, 0x80, 0x0F, 0x80, 0x00, 0x00, 0xFF, 0xFF, 0xFF, 0xC0, 
    0x07, 0x80, 0x00, 0x00, 0xFF, 0xFF, 0xFF, 0xC0, 0x01, 0x80, 0x00, 0x00, 0xE0, 0x00, 0x0E, 0x00, 
    0x01, 0x80, 0x00, 0x00, 0xE0, 0x00, 0x0C, 0x00, 0x01, 0x81, 0xFF, 0xE0, 0xE0, 0x00, 0x0E, 0x00, 
    0x01, 0x83, 0xFF, 0xE0, 0xE0, 0x00, 0x0E, 0x00, 0x01, 0x83, 0x80, 0x60, 0xE0, 0x00, 0x0E, 0x00, 
    0x01, 0x83, 0x80, 0x60, 0xE0, 0x00, 0x0E, 0x00, 0x01, 0x83, 0x80, 0x60, 0xE0, 0x00, 0x0E, 0x00, 
    0x01, 0x83, 0x80, 0x60, 0xE0, 0x00, 0x0E, 0x00, 0x01, 0x83, 0x80, 0x60, 0xE0, 0x00, 0x0E, 0x00, 
    0x01, 0x83, 0x81, 0xE0, 0xE0, 0x00, 0x0E, 0x00, 0x01, 0x83, 0x83, 0xE0, 0xE0, 0x00, 0x0E, 0x00, 
    0x01, 0x83, 0x81, 0xE0, 0xE0, 0x00, 0x0E, 0x00, 0x01, 0x83, 0x80, 0x60, 0xE0, 0x00, 0x0E, 0x00, 
    0x01, 0x83, 0x80, 0x60, 0xE0, 0x00, 0x0E, 0x00, 0x01, 0x83, 0x80, 0x60, 0xE0, 0x00, 0x0E, 0x00, 
    0x01, 0x83, 0x80, 0x60, 0xE0, 0x00, 0x0E, 0x00, 0x01, 0x83, 0x80, 0x60, 0xE0, 0x00, 0x0E, 0x00, 
    0x01, 0x83, 0x80, 0x60, 0xE0, 0x00, 0x0E, 0x00, 0x01, 0x83, 0x80, 0x60, 0xE0, 0x00, 0x0E, 0x00, 
    0x01, 0x83, 0x80, 0x60, 0xE0, 0x00, 0x0E, 0x00, 0x01, 0x81, 0x80, 0x60, 0x60, 0x00, 0x0C, 0x00, 
    0x0F, 0xFF, 0xFF, 0xFF, 0xFF, 0xFF, 0xFF, 0x80, 0x0F, 0xFF, 0xFF, 0xFF, 0xFF, 0xFF, 0xFF, 0xC0, 
    0x07, 0xFF, 0xFF, 0xFF, 0xFF, 0xFF, 0xFF, 0x80, 0x00, 0x00, 0x00, 0x00, 0x00, 0x00, 0x00, 0x00, 
    0x00, 0x00, 0x00, 0x00, 0x00, 0x00, 0x00, 0x00, 0x00, 0x00, 0x00, 0x00, 0x00, 0x00, 0x00, 0x00, 
    0x00, 0x00, 0x00, 0x00, 0x00, 0x00, 0x00, 0x00, 0x00, 0x00, 0x00, 0x00, 0x00, 0x00, 0x00, 0x00, 
    0x00, 0x00, 0x00, 0x00, 0x00, 0x00, 0x00, 0x00, 0x00, 0x00, 0x00, 0x00, 0x00, 0x00, 0x00, 0x00, 
    0x00, 0x00, 0x00, 0x00, 0x00, 0x00, 0x00, 0x00, 0x00, 0x00, 0x00, 0x00, 0x00, 0x00, 0x00, 0x00, 
      },
  {
    0x00, 0x00, 0x00, 0x00, 0x00, 0x00, 0x00, 0x00, 0x00, 0x00, 0x00, 0x00, 0x00, 0x00, 0x00, 0x00, 
    0x00, 0x00, 0x00, 0x00, 0x00, 0x00, 0x00, 0x00, 0x00, 0x00, 0x00, 0x00, 0x00, 0x00, 0xC0, 0x00, 
    0x00, 0x00, 0x00, 0x00, 0x00, 0x00, 0xE3, 0x80, 0x00, 0x00, 0x00, 0x00, 0x00, 0x00, 0xE3, 0x00, 
    0x00, 0x00, 0x00, 0x00, 0x00, 0x00, 0x67, 0x00, 0x00, 0x00, 0x00, 0x00, 0x00, 0x0C, 0x46, 0x00, 
    0x00, 0x00, 0x00, 0x00, 0x00, 0x1E, 0x38, 0x00, 0x00, 0x00, 0x0F, 0xFF, 0xFF, 0x0F, 0x7E, 0xF8, 
    0x00, 0x00, 0x1F, 0xFF, 0xFF, 0x80, 0xEE, 0xF0, 0x00, 0x00, 0x1F, 0xFF, 0xFF, 0xC0, 0xC7, 0x40, 
    0x00, 0x00, 0x3F, 0x00, 0x01, 0xE0, 0xC7, 0x00, 0x00, 0x00, 0x73, 0x80, 0x00, 0xFE, 0xFE, 0x00, 
    0x00, 0x00, 0xE1, 0xC0, 0x00, 0x7E, 0x7E, 0xC0, 0x00, 0x00, 0xE1, 0xC0, 0x00, 0x38, 0x38, 0xE0, 
    0x00, 0x01, 0xC0, 0xE0, 0x00, 0x1C, 0xC4, 0x00, 0x00, 0x03, 0x80, 0x70, 0x00, 0x0F, 0xCC, 0x00, 
    0x00, 0x07, 0x00, 0x38, 0x00, 0x07, 0x8E, 0x00, 0x00, 0x0E, 0x00, 0x3C, 0x00, 0x03, 0x86, 0x00, 
    0x00, 0x0E, 0x00, 0x1C, 0x00, 0x01, 0xC0, 0x00, 0x00, 0x1C, 0x00, 0x0E, 0x00, 0x00, 0xE0, 0x00, 
    0x00, 0x38, 0x00, 0x07, 0x00, 0x00, 0x70, 0x00, 0x00, 0x70, 0x00, 0x03, 0x80, 0x00, 0x78, 0x00, 
    0x00, 0xE0, 0x00, 0x03, 0xC0, 0x00, 0x3C, 0x00, 0x00, 0xE0, 0x00, 0x01, 0xC0, 0x00, 0x1C, 0x00, 
    0x01, 0xC0, 0x00, 0x00, 0xE0, 0x00, 0x0E, 0x00, 0x03, 0x80, 0x00, 0x00, 0x70, 0x00, 0x07, 0x00, 
    0x07, 0x80, 0x00, 0x00, 0x78, 0x00, 0x03, 0x80, 0x0F, 0x80, 0x00, 0x00, 0x7F, 0xFF, 0xFF, 0xC0, 
    0x07, 0x80, 0x00, 0x00, 0x7F, 0xFF, 0xFF, 0xC0, 0x01, 0x80, 0x00, 0x00, 0x60, 0x00, 0x0E, 0x00, 
    0x01, 0x80, 0x00, 0x00, 0x60, 0x00, 0x0C, 0x00, 0x01, 0x81, 0xFF, 0xE0, 0x60, 0x00, 0x0C, 0x00, 
    0x01, 0x81, 0xFF, 0xE0, 0x60, 0x00, 0x0C, 0x00, 0x01, 0x81, 0x80, 0x60, 0x60, 0x00, 0x0C, 0x00, 
    0x01, 0x81, 0x80, 0x60, 0x60, 0x00, 0x0C, 0x00, 0x01, 0x81, 0x80, 0x60, 0x60, 0x00, 0x0C, 0x00, 
    0x01, 0x81, 0x80, 0x60, 0x60, 0x00, 0x0C, 0x00, 0x01, 0x81, 0x80, 0x60, 0x60, 0x00, 0x0C, 0x00, 
    0x01, 0x81, 0x81, 0xE0, 0x60, 0x00, 0x0C, 0x00, 0x01, 0x81, 0x83, 0xE0, 0x60, 0x00, 0x0C, 0x00, 
    0x01, 0x81, 0x81, 0xE0, 0x60, 0x00, 0x0C, 0x00, 0x01, 0x81, 0x80, 0x60, 0x60, 0x00, 0x0C, 0x00, 
    0x01, 0x81, 0x80, 0x60, 0x60, 0x00, 0x0C, 0x00, 0x01, 0x81, 0x80, 0x60, 0x60, 0x00, 0x0C, 0x00, 
    0x01, 0x81, 0x80, 0x60, 0x60, 0x00, 0x0C, 0x00, 0x01, 0x81, 0x80, 0x60, 0x60, 0x00, 0x0C, 0x00, 
    0x01, 0x81, 0x80, 0x60, 0x60, 0x00, 0x0C, 0x00, 0x01, 0x81, 0x80, 0x60, 0x60, 0x00, 0x0C, 0x00, 
    0x01, 0x81, 0x80, 0x60, 0x60, 0x00, 0x0C, 0x00, 0x01, 0x81, 0x80, 0x60, 0x60, 0x00, 0x0C, 0x00, 
    0x0F, 0xFF, 0xFF, 0xFF, 0xFF, 0xFF, 0xFF, 0x80, 0x0F, 0xFF, 0xFF, 0xFF, 0xFF, 0xFF, 0xFF, 0xC0, 
    0x07, 0xFF, 0xFF, 0xFF, 0xFF, 0xFF, 0xFF, 0x80, 0x00, 0x00, 0x00, 0x00, 0x00, 0x00, 0x00, 0x00, 
    0x00, 0x00, 0x00, 0x00, 0x00, 0x00, 0x00, 0x00, 0x00, 0x00, 0x00, 0x00, 0x00, 0x00, 0x00, 0x00, 
    0x00, 0x00, 0x00, 0x00, 0x00, 0x00, 0x00, 0x00, 0x00, 0x00, 0x00, 0x00, 0x00, 0x00, 0x00, 0x00, 
    0x00, 0x00, 0x00, 0x00, 0x00, 0x00, 0x00, 0x00, 0x00, 0x00, 0x00, 0x00, 0x00, 0x00, 0x00, 0x00, 
    0x00, 0x00, 0x00, 0x00, 0x00, 0x00, 0x00, 0x00, 0x00, 0x00, 0x00, 0x00, 0x00, 0x00, 0x00, 0x00, 
      },
  {
    0x00, 0x00, 0x00, 0x00, 0x00, 0x00, 0x00, 0x00, 0x00, 0x00, 0x00, 0x00, 0x00, 0x00, 0x00, 0x00, 
    0x00, 0x00, 0x00, 0x00, 0x00, 0x00, 0x00, 0x00, 0x00, 0x00, 0x00, 0x00, 0x00, 0x00, 0x60, 0x00, 
    0x00, 0x00, 0x00, 0x00, 0x00, 0x00, 0x61, 0x80, 0x00, 0x00, 0x00, 0x00, 0x00, 0x00, 0x63, 0x80, 
    0x00, 0x00, 0x00, 0x00, 0x00, 0x00, 0x73, 0x00, 0x00, 0x00, 0x00, 0x00, 0x00, 0x0E, 0x23, 0x00, 
    0x00, 0x00, 0x00, 0x00, 0x00, 0x0F, 0x38, 0x00, 0x00, 0x00, 0x0F, 0xFF, 0xFF, 0x07, 0x7E, 0x70, 
    0x00, 0x00, 0x0F, 0xFF, 0xFF, 0x80, 0xEE, 0xF8, 0x00, 0x00, 0x1F, 0xFF, 0xFF, 0x80, 0xC7, 0xE0, 
    0x00, 0x00, 0x3F, 0x00, 0x01, 0xCE, 0xC7, 0x00, 0x00, 0x00, 0x73, 0x80, 0x00, 0xFE, 0xFE, 0x00, 
    0x00, 0x00, 0xE1, 0xC0, 0x00, 0x7C, 0x7E, 0xC0, 0x00, 0x00, 0xE1, 0xE0, 0x00, 0x38, 0x39, 0xE0, 
    0x00, 0x01, 0xC0, 0xE0, 0x00, 0x1D, 0xC0, 0x60, 0x00, 0x03, 0x80, 0x70, 0x00, 0x0F, 0xCC, 0x00, 
    0x00, 0x07, 0x00, 0x38, 0x00, 0x07, 0x8C, 0x00, 0x00, 0x0E, 0x00, 0x1C, 0x00, 0x03, 0x8E, 0x00, 
    0x00, 0x0E, 0x00, 0x1E, 0x00, 0x01, 0xCC, 0x00, 0x00, 0x1C, 0x00, 0x0E, 0x00, 0x01, 0xE0, 0x00, 
    0x00, 0x38, 0x00, 0x07, 0x00, 0x00, 0xF0, 0x00, 0x00, 0x70, 0x00, 0x03, 0x80, 0x00, 0x70, 0x00, 
    0x00, 0xE0, 0x00, 0x03, 0xC0, 0x00, 0x38, 0x00, 0x00, 0xE0, 0x00, 0x01, 0xE0, 0x00, 0x1C, 0x00, 
    0x01, 0xC0, 0x00, 0x00, 0xE0, 0x00, 0x0E, 0x00, 0x03, 0x80, 0x00, 0x00, 0x70, 0x00, 0x07, 0x00, 
    0x07, 0x80, 0x00, 0x00, 0x78, 0x00, 0x03, 0x80, 0x0F, 0x80, 0x00, 0x00, 0x7F, 0xFF, 0xFF, 0xC0, 
    0x07, 0x80, 0x00, 0x00, 0x7F, 0xFF, 0xFF, 0xC0, 0x01, 0x80, 0x00, 0x00, 0x60, 0x00, 0x0C, 0x00, 
    0x01, 0x80, 0x00, 0x00, 0x60, 0x00, 0x0C, 0x00, 0x01, 0x81, 0xFF, 0xE0, 0x60, 0x00, 0x0C, 0x00, 
    0x01, 0x81, 0xFF, 0xF0, 0x60, 0x00, 0x0C, 0x00, 0x01, 0x81, 0x80, 0x70, 0x60, 0x00, 0x0C, 0x00, 
    0x01, 0x81, 0x80, 0x70, 0x60, 0x00, 0x0C, 0x00, 0x01, 0x81, 0x80, 0x70, 0x60, 0x00, 0x0C, 0x00, 
    0x01, 0x81, 0x80, 0x70, 0x60, 0x00, 0x0C, 0x00, 0x01, 0x81, 0x80, 0x70, 0x60, 0x00, 0x0C, 0x00, 
    0x01, 0x81, 0x81, 0xF0, 0x60, 0x00, 0x0C, 0x00, 0x01, 0x81, 0x81, 0xF0, 0x60, 0x00, 0x0C, 0x00, 
    0x01, 0x81, 0x81, 0xF0, 0x60, 0x00, 0x0C, 0x00, 0x01, 0x81, 0x80, 0x70, 0x60, 0x00, 0x0C, 0x00, 
    0x01, 0x81, 0x80, 0x70, 0x60, 0x00, 0x0C, 0x00, 0x01, 0x81, 0x80, 0x70, 0x60, 0x00, 0x0C, 0x00, 
    0x01, 0x81, 0x80, 0x70, 0x60, 0x00, 0x0C, 0x00, 0x01, 0x81, 0x80, 0x70, 0x60, 0x00, 0x0C, 0x00, 
    0x01, 0x81, 0x80, 0x70, 0x60, 0x00, 0x0C, 0x00, 0x01, 0x81, 0x80, 0x70, 0x60, 0x00, 0x0C, 0x00, 
    0x01, 0x81, 0x80, 0x70, 0x60, 0x00, 0x0C, 0x00, 0x01, 0x81, 0x80, 0x60, 0x60, 0x00, 0x0C, 0x00, 
    0x0F, 0xFF, 0xFF, 0xFF, 0xFF, 0xFF, 0xFF, 0x80, 0x0F, 0xFF, 0xFF, 0xFF, 0xFF, 0xFF, 0xFF, 0xC0, 
    0x07, 0xFF, 0xFF, 0xFF, 0xFF, 0xFF, 0xFF, 0x80, 0x00, 0x00, 0x00, 0x00, 0x00, 0x00, 0x00, 0x00, 
    0x00, 0x00, 0x00, 0x00, 0x00, 0x00, 0x00, 0x00, 0x00, 0x00, 0x00, 0x00, 0x00, 0x00, 0x00, 0x00, 
    0x00, 0x00, 0x00, 0x00, 0x00, 0x00, 0x00, 0x00, 0x00, 0x00, 0x00, 0x00, 0x00, 0x00, 0x00, 0x00, 
    0x00, 0x00, 0x00, 0x00, 0x00, 0x00, 0x00, 0x00, 0x00, 0x00, 0x00, 0x00, 0x00, 0x00, 0x00, 0x00, 
    0x00, 0x00, 0x00, 0x00, 0x00, 0x00, 0x00, 0x00, 0x00, 0x00, 0x00, 0x00, 0x00, 0x00, 0x00, 0x00, 
      },
  {
    0x00, 0x00, 0x00, 0x00, 0x00, 0x00, 0x00, 0x00, 0x00, 0x00, 0x00, 0x00, 0x00, 0x00, 0x00, 0x00, 
    0x00, 0x00, 0x00, 0x00, 0x00, 0x00, 0x00, 0x00, 0x00, 0x00, 0x00, 0x00, 0x00, 0x00, 0x60, 0x00, 
    0x00, 0x00, 0x00, 0x00, 0x00, 0x00, 0x70, 0x80, 0x00, 0x00, 0x00, 0x00, 0x00, 0x00, 0x71, 0x80, 
    0x00, 0x00, 0x00, 0x00, 0x00, 0x0C, 0x33, 0x80, 0x00, 0x00, 0x00, 0x00, 0x00, 0x0E, 0x03, 0x00, 
    0x00, 0x00, 0x00, 0x00, 0x00, 0x07, 0x3C, 0x00, 0x00, 0x00, 0x07, 0xFF, 0xFE, 0x03, 0x7E, 0x00, 
    0x00, 0x00, 0x0F, 0xFF, 0xFF, 0x00, 0xEE, 0xF8, 0x00, 0x00, 0x1F, 0xFF, 0xFF, 0x80, 0xC7, 0xF0, 
    0x00, 0x00, 0x3F, 0x00, 0x01, 0xDE, 0xC7, 0x00, 0x00, 0x00, 0x73, 0x80, 0x00, 0xFE, 0xFE, 0x00, 
    0x00, 0x00, 0xE1, 0xC0, 0x00, 0x70, 0x7E, 0x80, 0x00, 0x00, 0xE0, 0xE0, 0x00, 0x38, 0x39, 0xE0, 
    0x00, 0x01, 0xC0, 0xE0, 0x00, 0x1D, 0x80, 0xE0, 0x00, 0x03, 0x80, 0x70, 0x00, 0x0F, 0x9C, 0x60, 
    0x00, 0x07, 0x00, 0x38, 0x00, 0x07, 0x1C, 0x00, 0x00, 0x0E, 0x00, 0x1C, 0x00, 0x07, 0x8C, 0x00, 
    0x00, 0x0E, 0x00, 0x1E, 0x00, 0x03, 0xCC, 0x00, 0x00, 0x1C, 0x00, 0x0E, 0x00, 0x01, 0xC0, 0x00, 
    0x00, 0x38, 0x00, 0x07, 0x00, 0x00, 0xE0, 0x00, 0x00, 0x70, 0x00, 0x03, 0x80, 0x00, 0x70, 0x00, 
    0x00, 0xE0, 0x00, 0x01, 0xC0, 0x00, 0x38, 0x00, 0x00, 0xE0, 0x00, 0x01, 0xE0, 0x00, 0x1C, 0x00, 
    0x01, 0xC0, 0x00, 0x00, 0xE0, 0x00, 0x0E, 0x00, 0x03, 0x80, 0x00, 0x00, 0x70, 0x00, 0x07, 0x00, 
    0x07, 0x80, 0x00, 0x00, 0x78, 0x00, 0x03, 0x80, 0x0F, 0x80, 0x00, 0x00, 0x7F, 0xFF, 0xFF, 0xC0, 
    0x07, 0x80, 0x00, 0x00, 0x7F, 0xFF, 0xFF, 0xC0, 0x01, 0x80, 0x00, 0x00, 0x60, 0x00, 0x0C, 0x00, 
    0x01, 0x80, 0x00, 0x00, 0x60, 0x00, 0x0C, 0x00, 0x01, 0x81, 0xFF, 0xF0, 0x60, 0x00, 0x0C, 0x00, 
    0x01, 0x81, 0xFF, 0xF0, 0x60, 0x00, 0x0C, 0x00, 0x01, 0x81, 0x80, 0x70, 0x60, 0x00, 0x0C, 0x00, 
    0x01, 0x81, 0x80, 0x70, 0x60, 0x00, 0x0C, 0x00, 0x01, 0x81, 0x80, 0x70, 0x60, 0x00, 0x0C, 0x00, 
    0x01, 0x81, 0x80, 0x70, 0x60, 0x00, 0x0C, 0x00, 0x01, 0x81, 0x80, 0x70, 0x60, 0x00, 0x0C, 0x00, 
    0x01, 0x81, 0x81, 0xF0, 0x60, 0x00, 0x0C, 0x00, 0x01, 0x81, 0x81, 0xF0, 0x60, 0x00, 0x0C, 0x00, 
    0x01, 0x81, 0x81, 0xF0, 0x60, 0x00, 0x0C, 0x00, 0x01, 0x81, 0x80, 0x70, 0x60, 0x00, 0x0C, 0x00, 
    0x01, 0x81, 0x80, 0x70, 0x60, 0x00, 0x0C, 0x00, 0x01, 0x81, 0x80, 0x70, 0x60, 0x00, 0x0C, 0x00, 
    0x01, 0x81, 0x80, 0x70, 0x60, 0x00, 0x0C, 0x00, 0x01, 0x81, 0x80, 0x70, 0x60, 0x00, 0x0C, 0x00, 
    0x01, 0x81, 0x80, 0x70, 0x60, 0x00, 0x0C, 0x00, 0x01, 0x81, 0x80, 0x70, 0x60, 0x00, 0x0C, 0x00, 
    0x01, 0x81, 0x80, 0x70, 0x60, 0x00, 0x0C, 0x00, 0x01, 0x81, 0x80, 0x70, 0x60, 0x00, 0x0C, 0x00, 
    0x0F, 0xFF, 0xFF, 0xFF, 0xFF, 0xFF, 0xFF, 0x80, 0x0F, 0xFF, 0xFF, 0xFF, 0xFF, 0xFF, 0xFF, 0xC0, 
    0x07, 0xFF, 0xFF, 0xFF, 0xFF, 0xFF, 0xFF, 0x00, 0x00, 0x00, 0x00, 0x00, 0x00, 0x00, 0x00, 0x00, 
    0x00, 0x00, 0x00, 0x00, 0x00, 0x00, 0x00, 0x00, 0x00, 0x00, 0x00, 0x00, 0x00, 0x00, 0x00, 0x00, 
    0x00, 0x00, 0x00, 0x00, 0x00, 0x00, 0x00, 0x00, 0x00, 0x00, 0x00, 0x00, 0x00, 0x00, 0x00, 0x00, 
    0x00, 0x00, 0x00, 0x00, 0x00, 0x00, 0x00, 0x00, 0x00, 0x00, 0x00, 0x00, 0x00, 0x00, 0x00, 0x00, 
    0x00, 0x00, 0x00, 0x00, 0x00, 0x00, 0x00, 0x00, 0x00, 0x00, 0x00, 0x00, 0x00, 0x00, 0x00, 0x00, 
      },
  {
    0x00, 0x00, 0x00, 0x00, 0x00, 0x00, 0x00, 0x00, 0x00, 0x00, 0x00, 0x00, 0x00, 0x00, 0x00, 0x00, 
    0x00, 0x00, 0x00, 0x00, 0x00, 0x00, 0x00, 0x00, 0x00, 0x00, 0x00, 0x00, 0x00, 0x00, 0x30, 0x00, 
    0x00, 0x00, 0x00, 0x00, 0x00, 0x00, 0x30, 0x80, 0x00, 0x00, 0x00, 0x00, 0x00, 0x00, 0x31, 0xC0, 
    0x00, 0x00, 0x00, 0x00, 0x00, 0x0E, 0x33, 0x80, 0x00, 0x00, 0x00, 0x00, 0x00, 0x0F, 0x03, 0x80, 
    0x00, 0x00, 0x00, 0x00, 0x00, 0x07, 0x3D, 0x00, 0x00, 0x00, 0x07, 0xFF, 0xFE, 0x01, 0x7E, 0x00, 
    0x00, 0x00, 0x0F, 0xFF, 0xFF, 0x00, 0xEE, 0x78, 0x00, 0x00, 0x1F, 0xFF, 0xFF, 0x80, 0xC7, 0xF8, 
    0x00, 0x00, 0x3F, 0x00, 0x01, 0xFE, 0xC7, 0x40, 0x00, 0x00, 0x73, 0x80, 0x00, 0xFE, 0xFE, 0x00, 
    0x00, 0x00, 0x71, 0xC0, 0x00, 0x70, 0x7E, 0x80, 0x00, 0x00, 0xE0, 0xE0, 0x00, 0x39, 0xB9, 0xC0, 
    0x00, 0x01, 0xC0, 0xF0, 0x00, 0x1D, 0x81, 0xE0, 0x00, 0x03, 0x80, 0x70, 0x00, 0x1F, 0x98, 0x60, 
    0x00, 0x07, 0x00, 0x38, 0x00, 0x0F, 0x1C, 0x00, 0x00, 0x0E, 0x00, 0x1C, 0x00, 0x07, 0x1C, 0x00, 
    0x00, 0x0E, 0x00, 0x0E, 0x00, 0x03, 0x8C, 0x00, 0x00, 0x1C, 0x00, 0x0F, 0x00, 0x01, 0xC0, 0x00, 
    0x00, 0x38, 0x00, 0x07, 0x00, 0x00, 0xE0, 0x00, 0x00, 0x70, 0x00, 0x03, 0x80, 0x00, 0x70, 0x00, 
    0x00, 0xE0, 0x00, 0x01, 0xC0, 0x00, 0x38, 0x00, 0x00, 0xE0, 0x00, 0x00, 0xE0, 0x00, 0x1C, 0x00, 
    0x01, 0xC0, 0x00, 0x00, 0xF0, 0x00, 0x0E, 0x00, 0x03, 0x80, 0x00, 0x00, 0x70, 0x00, 0x07, 0x00, 
    0x07, 0x80, 0x00, 0x00, 0x78, 0x00, 0x07, 0x80, 0x0F, 0x80, 0x00, 0x00, 0x7F, 0xFF, 0xFF, 0xC0, 
    0x07, 0x80, 0x00, 0x00, 0x7F, 0xFF, 0xFF, 0xC0, 0x01, 0x80, 0x00, 0x00, 0x60, 0x00, 0x1C, 0x00, 
    0x01, 0x80, 0x00, 0x00, 0x60, 0x00, 0x0C, 0x00, 0x01, 0x81, 0xFF, 0xF0, 0x60, 0x00, 0x0C, 0x00, 
    0x01, 0x81, 0xFF, 0xF0, 0x60, 0x00, 0x0C, 0x00, 0x01, 0x81, 0x80, 0x70, 0x60, 0x00, 0x0C, 0x00, 
    0x01, 0x81, 0x80, 0x70, 0x60, 0x00, 0x0C, 0x00, 0x01, 0x81, 0x80, 0x70, 0x60, 0x00, 0x0C, 0x00, 
    0x01, 0x81, 0x80, 0x70, 0x60, 0x00, 0x0C, 0x00, 0x01, 0x81, 0x80, 0x70, 0x60, 0x00, 0x0C, 0x00, 
    0x01, 0x81, 0x80, 0xF0, 0x60, 0x00, 0x0C, 0x00, 0x01, 0x81, 0x81, 0xF0, 0x60, 0x00, 0x0C, 0x00, 
    0x01, 0x81, 0x81, 0xF0, 0x60, 0x00, 0x0C, 0x00, 0x01, 0x81, 0x80, 0x70, 0x60, 0x00, 0x0C, 0x00, 
    0x01, 0x81, 0x80, 0x70, 0x60, 0x00, 0x0C, 0x00, 0x01, 0x81, 0x80, 0x70, 0x60, 0x00, 0x0C, 0x00, 
    0x01, 0x81, 0x80, 0x70, 0x60, 0x00, 0x1C, 0x00, 0x01, 0x81, 0x80, 0x70, 0x60, 0x00, 0x1C, 0x00, 
    0x01, 0x81, 0x80, 0x70, 0x60, 0x00, 0x1C, 0x00, 0x01, 0x81, 0x80, 0x70, 0x60, 0x00, 0x1C, 0x00, 
    0x01, 0x81, 0x80, 0x70, 0x60, 0x00, 0x1C, 0x00, 0x01, 0x81, 0x80, 0x70, 0x60, 0x00, 0x0C, 0x00, 
    0x0F, 0xFF, 0xFF, 0xFF, 0xFF, 0xFF, 0xFF, 0x80, 0x0F, 0xFF, 0xFF, 0xFF, 0xFF, 0xFF, 0xFF, 0xC0, 
    0x07, 0xFF, 0xFF, 0xFF, 0xFF, 0xFF, 0xFF, 0x80, 0x00, 0x00, 0x00, 0x00, 0x00, 0x00, 0x00, 0x00, 
    0x00, 0x00, 0x00, 0x00, 0x00, 0x00, 0x00, 0x00, 0x00, 0x00, 0x00, 0x00, 0x00, 0x00, 0x00, 0x00, 
    0x00, 0x00, 0x00, 0x00, 0x00, 0x00, 0x00, 0x00, 0x00, 0x00, 0x00, 0x00, 0x00, 0x00, 0x00, 0x00, 
    0x00, 0x00, 0x00, 0x00, 0x00, 0x00, 0x00, 0x00, 0x00, 0x00, 0x00, 0x00, 0x00, 0x00, 0x00, 0x00, 
    0x00, 0x00, 0x00, 0x00, 0x00, 0x00, 0x00, 0x00, 0x00, 0x00, 0x00, 0x00, 0x00, 0x00, 0x00, 0x00, 
      },
  {
    0x00, 0x00, 0x00, 0x00, 0x00, 0x00, 0x00, 0x00, 0x00, 0x00, 0x00, 0x00, 0x00, 0x00, 0x00, 0x00, 
    0x00, 0x00, 0x00, 0x00, 0x00, 0x00, 0x00, 0x00, 0x00, 0x00, 0x00, 0x00, 0x00, 0x00, 0x30, 0x00, 
    0x00, 0x00, 0x00, 0x00, 0x00, 0x00, 0x30, 0x00, 0x00, 0x00, 0x00, 0x00, 0x00, 0x00, 0x30, 0xC0, 
    0x00, 0x00, 0x00, 0x00, 0x00, 0x0E, 0x31, 0xC0, 0x00, 0x00, 0x00, 0x00, 0x00, 0x07, 0x03, 0x80, 
    0x00, 0x00, 0x00, 0x00, 0x00, 0x03, 0x39, 0x00, 0x00, 0x00, 0x07, 0xFF, 0xFE, 0x00, 0x7E, 0x00, 
    0x00, 0x00, 0x0F, 0xFF, 0xFF, 0x00, 0xEE, 0x70, 0x00, 0x00, 0x1F, 0xFF, 0xFF, 0x9C, 0xC7, 0xF8, 
    0x00, 0x00, 0x3F, 0x00, 0x01, 0xFE, 0xC7, 0x70, 0x00, 0x00, 0x73, 0x80, 0x00, 0xFC, 0xFE, 0x00, 
    0x00, 0x00, 0x71, 0xC0, 0x00, 0x70, 0x7E, 0x00, 0x00, 0x00, 0xE0, 0xE0, 0x00, 0x79, 0xB9, 0x80, 
    0x00, 0x01, 0xC0, 0x70, 0x00, 0x3F, 0x81, 0xE0, 0x00, 0x03, 0x80, 0x70, 0x00, 0x1F, 0x18, 0xE0, 
    0x00, 0x07, 0x00, 0x38, 0x00, 0x0F, 0x18, 0x00, 0x00, 0x07, 0x00, 0x1C, 0x00, 0x07, 0x18, 0x00, 
    0x00, 0x0E, 0x00, 0x0E, 0x00, 0x03, 0x98, 0x00, 0x00, 0x1C, 0x00, 0x07, 0x00, 0x01, 0xC0, 0x00, 
    0x00, 0x38, 0x00, 0x07, 0x80, 0x00, 0xE0, 0x00, 0x00, 0x70, 0x00, 0x03, 0x80, 0x00, 0x70, 0x00, 
    0x00, 0xE0, 0x00, 0x01, 0xC0, 0x00, 0x38, 0x00, 0x00, 0xE0, 0x00, 0x00, 0xE0, 0x00, 0x1C, 0x00, 
    0x01, 0xC0, 0x00, 0x00, 0x70, 0x00, 0x0E, 0x00, 0x03, 0x80, 0x00, 0x00, 0x78, 0x00, 0x0F, 0x00, 
    0x07, 0x80, 0x00, 0x00, 0x78, 0x00, 0x07, 0x80, 0x0F, 0x80, 0x00, 0x00, 0x7F, 0xFF, 0xFF, 0x80, 
    0x07, 0x80, 0x00, 0x00, 0x7F, 0xFF, 0xFF, 0x80, 0x01, 0x80, 0x00, 0x00, 0x70, 0x00, 0x1C, 0x00, 
    0x01, 0x80, 0x00, 0x00, 0x70, 0x00, 0x1C, 0x00, 0x01, 0x81, 0xFF, 0xF0, 0x70, 0x00, 0x1C, 0x00, 
    0x01, 0x81, 0xFF, 0xF0, 0x70, 0x00, 0x1C, 0x00, 0x01, 0x81, 0x80, 0x70, 0x70, 0x00, 0x1C, 0x00, 
    0x01, 0x81, 0x80, 0x70, 0x70, 0x00, 0x1C, 0x00, 0x01, 0x81, 0x80, 0x70, 0x70, 0x00, 0x1C, 0x00, 
    0x01, 0x81, 0x80, 0x70, 0x70, 0x00, 0x1C, 0x00, 0x01, 0x81, 0x80, 0x30, 0x70, 0x00, 0x1C, 0x00, 
    0x01, 0x81, 0x80, 0xF0, 0x70, 0x00, 0x1C, 0x00, 0x01, 0x81, 0x81, 0xF0, 0x70, 0x00, 0x1C, 0x00, 
    0x01, 0x81, 0x81, 0xF0, 0x70, 0x00, 0x1C, 0x00, 0x01, 0x81, 0x80, 0x30, 0x70, 0x00, 0x1C, 0x00, 
    0x01, 0x81, 0x80, 0x70, 0x70, 0x00, 0x1C, 0x00, 0x01, 0x81, 0x80, 0x70, 0x70, 0x00, 0x1C, 0x00, 
    0x01, 0x81, 0x80, 0x70, 0x70, 0x00, 0x1C, 0x00, 0x01, 0x81, 0x80, 0x70, 0x70, 0x00, 0x1C, 0x00, 
    0x01, 0x81, 0x80, 0x70, 0x70, 0x00, 0x1C, 0x00, 0x01, 0x81, 0x80, 0x70, 0x70, 0x00, 0x1C, 0x00, 
    0x01, 0x81, 0x80, 0x70, 0x70, 0x00, 0x1C, 0x00, 0x01, 0x81, 0x80, 0x30, 0x70, 0x00, 0x1C, 0x00, 
    0x0F, 0xFF, 0xFF, 0xFF, 0xFF, 0xFF, 0xFF, 0x80, 0x0F, 0xFF, 0xFF, 0xFF, 0xFF, 0xFF, 0xFF, 0xC0, 
    0x07, 0xFF, 0xFF, 0xFF, 0xFF, 0xFF, 0xFF, 0x80, 0x00, 0x00, 0x00, 0x00, 0x00, 0x00, 0x00, 0x00, 
    0x00, 0x00, 0x00, 0x00, 0x00, 0x00, 0x00, 0x00, 0x00, 0x00, 0x00, 0x00, 0x00, 0x00, 0x00, 0x00, 
    0x00, 0x00, 0x00, 0x00, 0x00, 0x00, 0x00, 0x00, 0x00, 0x00, 0x00, 0x00, 0x00, 0x00, 0x00, 0x00, 
    0x00, 0x00, 0x00, 0x00, 0x00, 0x00, 0x00, 0x00, 0x00, 0x00, 0x00, 0x00, 0x00, 0x00, 0x00, 0x00, 
    0x00, 0x00, 0x00, 0x00, 0x00, 0x00, 0x00, 0x00, 0x00, 0x00, 0x00, 0x00, 0x00, 0x00, 0x00, 0x00, 
      },
  {
    0x00, 0x00, 0x00, 0x00, 0x00, 0x00, 0x00, 0x00, 0x00, 0x00, 0x00, 0x00, 0x00, 0x00, 0x00, 0x00, 
    0x00, 0x00, 0x00, 0x00, 0x00, 0x00, 0x00, 0x00, 0x00, 0x00, 0x00, 0x00, 0x00, 0x00, 0x30, 0x00, 
    0x00, 0x00, 0x00, 0x00, 0x00, 0x00, 0x30, 0x00, 0x00, 0x00, 0x00, 0x00, 0x00, 0x04, 0x38, 0xC0, 
    0x00, 0x00, 0x00, 0x00, 0x00, 0x0E, 0x31, 0xC0, 0x00, 0x00, 0x00, 0x00, 0x00, 0x07, 0x03, 0x80, 
    0x00, 0x00, 0x00, 0x00, 0x00, 0x03, 0x39, 0x00, 0x00, 0x00, 0x07, 0xFF, 0xFE, 0x00, 0x7E, 0x00, 
    0x00, 0x00, 0x0F, 0xFF, 0xFF, 0x00, 0xEE, 0x10, 0x00, 0x00, 0x1F, 0xFF, 0xFF, 0x9E, 0xC7, 0xF8, 
    0x00, 0x00, 0x3F, 0x00, 0x01, 0xFE, 0xC7, 0x70, 0x00, 0x00, 0x7B, 0x80, 0x01, 0xE8, 0xFE, 0x00, 
    0x00, 0x00, 0x71, 0xC0, 0x00, 0xE0, 0x7E, 0x00, 0x00, 0x00, 0xE0, 0xE0, 0x00, 0x79, 0xB9, 0x80, 
    0x00, 0x01, 0xC0, 0x70, 0x00, 0x3F, 0x81, 0xC0, 0x00, 0x03, 0x80, 0x38, 0x00, 0x1F, 0x18, 0xE0, 
    0x00, 0x07, 0x00, 0x38, 0x00, 0x0E, 0x18, 0x40, 0x00, 0x07, 0x00, 0x1C, 0x00, 0x07, 0x18, 0x00, 
    0x00, 0x0E, 0x00, 0x0E, 0x00, 0x03, 0x98, 0x00, 0x00, 0x1C, 0x00, 0x07, 0x00, 0x01, 0xC0, 0x00, 
    0x00, 0x38, 0x00, 0x03, 0x80, 0x00, 0xE0, 0x00, 0x00, 0x70, 0x00, 0x03, 0xC0, 0x00, 0x70, 0x00, 
    0x00, 0xF0, 0x00, 0x01, 0xC0, 0x00, 0x38, 0x00, 0x00, 0xE0, 0x00, 0x00, 0xE0, 0x00, 0x3C, 0x00, 
    0x01, 0xC0, 0x00, 0x00, 0x70, 0x00, 0x1E, 0x00, 0x03, 0x80, 0x00, 0x00, 0x78, 0x00, 0x0E, 0x00, 
    0x07, 0x80, 0x00, 0x00, 0x7C, 0x00, 0x07, 0x00, 0x0F, 0x80, 0x00, 0x00, 0x7F, 0xFF, 0xFF, 0x80, 
    0x07, 0x80, 0x00, 0x00, 0x7F, 0xFF, 0xFF, 0x80, 0x01, 0x80, 0x00, 0x00, 0x70, 0x00, 0x1C, 0x00, 
    0x01, 0x80, 0x00, 0x00, 0x70, 0x00, 0x1C, 0x00, 0x01, 0x81, 0xFF, 0xF0, 0x70, 0x00, 0x1C, 0x00, 
    0x01, 0x81, 0xFF, 0xF0, 0x70, 0x00, 0x1C, 0x00, 0x01, 0x81, 0x80, 0x30, 0x70, 0x00, 0x1C, 0x00, 
    0x01, 0x81, 0x80, 0x30, 0x70, 0x00, 0x1C, 0x00, 0x01, 0x81, 0x80, 0x30, 0x70, 0x00, 0x1C, 0x00, 
    0x01, 0x81, 0x80, 0x30, 0x70, 0x00, 0x1C, 0x00, 0x01, 0x81, 0x80, 0x30, 0x70, 0x00, 0x1C, 0x00, 
    0x01, 0x81, 0x80, 0xF0, 0x70, 0x00, 0x1C, 0x00, 0x01, 0x81, 0x81, 0xF0, 0x70, 0x00, 0x1C, 0x00, 
    0x01, 0x81, 0x81, 0xF0, 0x70, 0x00, 0x1C, 0x00, 0x01, 0x81, 0x80, 0x30, 0x70, 0x00, 0x1C, 0x00, 
    0x01, 0x81, 0x80, 0x30, 0x70, 0x00, 0x1C, 0x00, 0x01, 0x81, 0x80, 0x30, 0x70, 0x00, 0x1C, 0x00, 
    0x01, 0x81, 0x80, 0x30, 0x70, 0x00, 0x1C, 0x00, 0x01, 0x81, 0x80, 0x30, 0x70, 0x00, 0x1C, 0x00, 
    0x01, 0x81, 0x80, 0x30, 0x70, 0x00, 0x1C, 0x00, 0x01, 0x81, 0x80, 0x30, 0x70, 0x00, 0x1C, 0x00, 
    0x01, 0x81, 0x80, 0x30, 0x70, 0x00, 0x1C, 0x00, 0x01, 0x81, 0x80, 0x30, 0x70, 0x00, 0x18, 0x00, 
    0x0F, 0xFF, 0xFF, 0xFF, 0xFF, 0xFF, 0xFF, 0x80, 0x0F, 0xFF, 0xFF, 0xFF, 0xFF, 0xFF, 0xFF, 0xC0, 
    0x07, 0xFF, 0xFF, 0xFF, 0xFF, 0xFF, 0xFF, 0x00, 0x00, 0x00, 0x00, 0x00, 0x00, 0x00, 0x00, 0x00, 
    0x00, 0x00, 0x00, 0x00, 0x00, 0x00, 0x00, 0x00, 0x00, 0x00, 0x00, 0x00, 0x00, 0x00, 0x00, 0x00, 
    0x00, 0x00, 0x00, 0x00, 0x00, 0x00, 0x00, 0x00, 0x00, 0x00, 0x00, 0x00, 0x00, 0x00, 0x00, 0x00, 
    0x00, 0x00, 0x00, 0x00, 0x00, 0x00, 0x00, 0x00, 0x00, 0x00, 0x00, 0x00, 0x00, 0x00, 0x00, 0x00, 
    0x00, 0x00, 0x00, 0x00, 0x00, 0x00, 0x00, 0x00, 0x00, 0x00, 0x00, 0x00, 0x00, 0x00, 0x00, 0x00, 
      },
  {
    0x00, 0x00, 0x00, 0x00, 0x00, 0x00, 0x00, 0x00, 0x00, 0x00, 0x00, 0x00, 0x00, 0x00, 0x00, 0x00, 
    0x00, 0x00, 0x00, 0x00, 0x00, 0x00, 0x00, 0x00, 0x00, 0x00, 0x00, 0x00, 0x00, 0x00, 0x38, 0x00, 
    0x00, 0x00, 0x00, 0x00, 0x00, 0x00, 0x38, 0x00, 0x00, 0x00, 0x00, 0x00, 0x00, 0x06, 0x38, 0xC0, 
    0x00, 0x00, 0x00, 0x00, 0x00, 0x07, 0x39, 0xC0, 0x00, 0x00, 0x00, 0x00, 0x00, 0x07, 0x81, 0xC0, 
    0x00, 0x00, 0x00, 0x00, 0x00, 0x03, 0x39, 0x80, 0x00, 0x00, 0x07, 0xFF, 0xFE, 0x00, 0x7E, 0x00, 
    0x00, 0x00, 0x0F, 0xFF, 0xFF, 0x00, 0xEE, 0x00, 0x00, 0x00, 0x1F, 0xFF, 0xFF, 0xBE, 0xC7, 0xF8, 
    0x00, 0x00, 0x3F, 0x80, 0x03, 0xBE, 0xC7, 0xF8, 0x00, 0x00, 0x3B, 0xC0, 0x01, 0xC0, 0xFE, 0x00, 
    0x00, 0x00, 0x71, 0xC0, 0x00, 0xE0, 0x7E, 0x00, 0x00, 0x00, 0xE0, 0xE0, 0x00, 0x71, 0xB9, 0x80, 
    0x00, 0x01, 0xC0, 0x70, 0x00, 0x3F, 0x81, 0xC0, 0x00, 0x03, 0x80, 0x38, 0x00, 0x1F, 0x18, 0xE0, 
    0x00, 0x07, 0x00, 0x1C, 0x00, 0x0E, 0x18, 0x40, 0x00, 0x07, 0x00, 0x1C, 0x00, 0x07, 0x18, 0x00, 
    0x00, 0x0E, 0x00, 0x0E, 0x00, 0x03, 0x98, 0x00, 0x00, 0x1C, 0x00, 0x07, 0x00, 0x01, 0xC0, 0x00, 
    0x00, 0x38, 0x00, 0x03, 0x80, 0x00, 0xE0, 0x00, 0x00, 0x70, 0x00, 0x01, 0xC0, 0x00, 0xF0, 0x00, 
    0x00, 0x70, 0x00, 0x01, 0xE0, 0x00, 0x78, 0x00, 0x00, 0xE0, 0x00, 0x00, 0xE0, 0x00, 0x38, 0x00, 
    0x01, 0xC0, 0x00, 0x00, 0x70, 0x00, 0x1C, 0x00, 0x03, 0xC0, 0x00, 0x00, 0x38, 0x00, 0x0E, 0x00, 
    0x07, 0xC0, 0x00, 0x00, 0x3C, 0x00, 0x07, 0x00, 0x07, 0xC0, 0x00, 0x00, 0x3F, 0xFF, 0xFF, 0x80, 
    0x07, 0xC0, 0x00, 0x00, 0x3F, 0xFF, 0xFF, 0x80, 0x01, 0xC0, 0x00, 0x00, 0x30, 0x00, 0x1C, 0x00, 
    0x01, 0xC0, 0x00, 0x00, 0x30, 0x00, 0x18, 0x00, 0x01, 0xC1, 0xFF, 0xF0, 0x30, 0x00, 0x18, 0x00, 
    0x01, 0xC1, 0xFF, 0xF0, 0x30, 0x00, 0x18, 0x00, 0x01, 0xC1, 0x80, 0x30, 0x30, 0x00, 0x18, 0x00, 
    0x01, 0xC1, 0x80, 0x30, 0x30, 0x00, 0x18, 0x00, 0x01, 0xC1, 0x80, 0x30, 0x30, 0x00, 0x18, 0x00, 
    0x01, 0xC1, 0x80, 0x30, 0x30, 0x00, 0x18, 0x00, 0x01, 0xC1, 0x80, 0x30, 0x30, 0x00, 0x18, 0x00, 
    0x01, 0xC1, 0x80, 0xF0, 0x30, 0x00, 0x18, 0x00, 0x01, 0xC1, 0x81, 0xF0, 0x30, 0x00, 0x18, 0x00, 
    0x01, 0xC1, 0x80, 0xF0, 0x30, 0x00, 0x18, 0x00, 0x01, 0xC1, 0x80, 0x30, 0x30, 0x00, 0x18, 0x00, 
    0x01, 0xC1, 0x80, 0x30, 0x30, 0x00, 0x18, 0x00, 0x01, 0xC1, 0x80, 0x30, 0x30, 0x00, 0x18, 0x00, 
    0x01, 0xC1, 0x80, 0x30, 0x30, 0x00, 0x18, 0x00, 0x01, 0xC1, 0x80, 0x30, 0x30, 0x00, 0x18, 0x00, 
    0x01, 0xC1, 0x80, 0x30, 0x30, 0x00, 0x18, 0x00, 0x01, 0xC1, 0x80, 0x30, 0x30, 0x00, 0x18, 0x00, 
    0x01, 0xC1, 0x80, 0x30, 0x30, 0x00, 0x18, 0x00, 0x01, 0x81, 0x80, 0x30, 0x30, 0x00, 0x18, 0x00, 
    0x0F, 0xFF, 0xFF, 0xFF, 0xFF, 0xFF, 0xFF, 0x80, 0x0F, 0xFF, 0xFF, 0xFF, 0xFF, 0xFF, 0xFF, 0xC0, 
    0x07, 0xFF, 0xFF, 0xFF, 0xFF, 0xFF, 0xFF, 0x80, 0x00, 0x00, 0x00, 0x00, 0x00, 0x00, 0x00, 0x00, 
    0x00, 0x00, 0x00, 0x00, 0x00, 0x00, 0x00, 0x00, 0x00, 0x00, 0x00, 0x00, 0x00, 0x00, 0x00, 0x00, 
    0x00, 0x00, 0x00, 0x00, 0x00, 0x00, 0x00, 0x00, 0x00, 0x00, 0x00, 0x00, 0x00, 0x00, 0x00, 0x00, 
    0x00, 0x00, 0x00, 0x00, 0x00, 0x00, 0x00, 0x00, 0x00, 0x00, 0x00, 0x00, 0x00, 0x00, 0x00, 0x00, 
    0x00, 0x00, 0x00, 0x00, 0x00, 0x00, 0x00, 0x00, 0x00, 0x00, 0x00, 0x00, 0x00, 0x00, 0x00, 0x00, 
      },
  {
    0x00, 0x00, 0x00, 0x00, 0x00, 0x00, 0x00, 0x00, 0x00, 0x00, 0x00, 0x00, 0x00, 0x00, 0x00, 0x00, 
    0x00, 0x00, 0x00, 0x00, 0x00, 0x00, 0x00, 0x00, 0x00, 0x00, 0x00, 0x00, 0x00, 0x00, 0x18, 0x00, 
    0x00, 0x00, 0x00, 0x00, 0x00, 0x00, 0x38, 0x00, 0x00, 0x00, 0x00, 0x00, 0x00, 0x06, 0x38, 0xC0, 
    0x00, 0x00, 0x00, 0x00, 0x00, 0x07, 0x39, 0xC0, 0x00, 0x00, 0x00, 0x00, 0x00, 0x07, 0x81, 0xC0, 
    0x00, 0x00, 0x00, 0x00, 0x00, 0x01, 0x39, 0x80, 0x00, 0x00, 0x07, 0xFF, 0xFC, 0x00, 0x7E, 0x00, 
    0x00, 0x00, 0x0F, 0xFF, 0xFF, 0x00, 0xEE, 0x00, 0x00, 0x00, 0x1F, 0xFF, 0xFF, 0xBE, 0xC7, 0xF8, 
    0x00, 0x00, 0x3F, 0x80, 0x03, 0xBE, 0xC7, 0xF8, 0x00, 0x00, 0x39, 0xC0, 0x01, 0xC0, 0xFE, 0x00, 
    0x00, 0x00, 0x71, 0xC0, 0x00, 0xE0, 0x7E, 0x00, 0x00, 0x00, 0xE0, 0xE0, 0x00, 0x73, 0x39, 0x80, 
    0x00, 0x01, 0xC0, 0x70, 0x00, 0x3F, 0x81, 0xC0, 0x00, 0x03, 0x80, 0x38, 0x00, 0x1F, 0x38, 0xE0, 
    0x00, 0x03, 0x80, 0x1C, 0x00, 0x0E, 0x38, 0x40, 0x00, 0x07, 0x00, 0x1E, 0x00, 0x07, 0x38, 0x00, 
    0x00, 0x0E, 0x00, 0x0E, 0x00, 0x03, 0x98, 0x00, 0x00, 0x1C, 0x00, 0x07, 0x00, 0x03, 0xC0, 0x00, 
    0x00, 0x38, 0x00, 0x03, 0x80, 0x01, 0xE0, 0x00, 0x00, 0x70, 0x00, 0x01, 0xC0, 0x00, 0xF0, 0x00, 
    0x00, 0x70, 0x00, 0x01, 0xE0, 0x00, 0x70, 0x00, 0x00, 0xE0, 0x00, 0x00, 0xF0, 0x00, 0x38, 0x00, 
    0x01, 0xC0, 0x00, 0x00, 0x70, 0x00, 0x1C, 0x00, 0x03, 0xC0, 0x00, 0x00, 0x38, 0x00, 0x0E, 0x00, 
    0x07, 0xC0, 0x00, 0x00, 0x3C, 0x00, 0x07, 0x00, 0x07, 0xC0, 0x00, 0x00, 0x3F, 0xFF, 0xFF, 0x80, 
    0x07, 0xC0, 0x00, 0x00, 0x3F, 0xFF, 0xFF, 0x80, 0x01, 0xC0, 0x00, 0x00, 0x30, 0x00, 0x18, 0x00, 
    0x01, 0xC0, 0x00, 0x00, 0x30, 0x00, 0x18, 0x00, 0x01, 0xC1, 0xFF, 0xF0, 0x30, 0x00, 0x18, 0x00, 
    0x01, 0xC1, 0xFF, 0xF0, 0x30, 0x00, 0x18, 0x00, 0x01, 0xC1, 0x80, 0x30, 0x30, 0x00, 0x18, 0x00, 
    0x01, 0xC1, 0x80, 0x30, 0x30, 0x00, 0x18, 0x00, 0x01, 0xC1, 0x80, 0x30, 0x30, 0x00, 0x18, 0x00, 
    0x01, 0xC1, 0x80, 0x30, 0x30, 0x00, 0x18, 0x00, 0x01, 0xC1, 0x80, 0x30, 0x30, 0x00, 0x18, 0x00, 
    0x01, 0xC1, 0x80, 0xF0, 0x30, 0x00, 0x18, 0x00, 0x01, 0xC1, 0x81, 0xF0, 0x30, 0x00, 0x18, 0x00, 
    0x01, 0xC1, 0x80, 0xF0, 0x30, 0x00, 0x18, 0x00, 0x01, 0xC1, 0x80, 0x30, 0x30, 0x00, 0x18, 0x00, 
    0x01, 0xC1, 0x80, 0x30, 0x30, 0x00, 0x18, 0x00, 0x01, 0xC1, 0x80, 0x30, 0x30, 0x00, 0x18, 0x00, 
    0x01, 0xC1, 0x80, 0x30, 0x30, 0x00, 0x18, 0x00, 0x01, 0xC1, 0x80, 0x30, 0x30, 0x00, 0x18, 0x00, 
    0x01, 0xC1, 0x80, 0x30, 0x30, 0x00, 0x18, 0x00, 0x01, 0xC1, 0x80, 0x30, 0x30, 0x00, 0x18, 0x00, 
    0x01, 0xC1, 0x80, 0x30, 0x30, 0x00, 0x18, 0x00, 0x01, 0x81, 0x80, 0x30, 0x30, 0x00, 0x18, 0x00, 
    0x0F, 0xFF, 0xFF, 0xFF, 0xFF, 0xFF, 0xFF, 0x80, 0x0F, 0xFF, 0xFF, 0xFF, 0xFF, 0xFF, 0xFF, 0xC0, 
    0x07, 0xFF, 0xFF, 0xFF, 0xFF, 0xFF, 0xFF, 0x00, 0x00, 0x00, 0x00, 0x00, 0x00, 0x00, 0x00, 0x00, 
    0x00, 0x00, 0x00, 0x00, 0x00, 0x00, 0x00, 0x00, 0x00, 0x00, 0x00, 0x00, 0x00, 0x00, 0x00, 0x00, 
    0x00, 0x00, 0x00, 0x00, 0x00, 0x00, 0x00, 0x00, 0x00, 0x00, 0x00, 0x00, 0x00, 0x00, 0x00, 0x00, 
    0x00, 0x00, 0x00, 0x00, 0x00, 0x00, 0x00, 0x00, 0x00, 0x00, 0x00, 0x00, 0x00, 0x00, 0x00, 0x00, 
    0x00, 0x00, 0x00, 0x00, 0x00, 0x00, 0x00, 0x00, 0x00, 0x00, 0x00, 0x00, 0x00, 0x00, 0x00, 0x00, 
      },
  {
    0x00, 0x00, 0x00, 0x00, 0x00, 0x00, 0x00, 0x00, 0x00, 0x00, 0x00, 0x00, 0x00, 0x00, 0x00, 0x00, 
    0x00, 0x00, 0x00, 0x00, 0x00, 0x00, 0x00, 0x00, 0x00, 0x00, 0x00, 0x00, 0x00, 0x00, 0x18, 0x00, 
    0x00, 0x00, 0x00, 0x00, 0x00, 0x00, 0x38, 0x00, 0x00, 0x00, 0x00, 0x00, 0x00, 0x06, 0x38, 0x40, 
    0x00, 0x00, 0x00, 0x00, 0x00, 0x07, 0x18, 0xE0, 0x00, 0x00, 0x00, 0x00, 0x00, 0x03, 0x81, 0xC0, 
    0x00, 0x00, 0x00, 0x00, 0x00, 0x01, 0x39, 0x80, 0x00, 0x00, 0x07, 0xFF, 0xFC, 0x00, 0x7E, 0x00, 
    0x00, 0x00, 0x0F, 0xFF, 0xFE, 0x00, 0xEE, 0x00, 0x00, 0x00, 0x1F, 0xFF, 0xFF, 0x3E, 0xC7, 0xF8, 
    0x00, 0x00, 0x1F, 0x80, 0x03, 0xBE, 0xC7, 0xF8, 0x00, 0x00, 0x39, 0xC0, 0x01, 0xC0, 0xFE, 0x00, 
    0x00, 0x00, 0x70, 0xE0, 0x00, 0xE0, 0x7E, 0x00, 0x00, 0x00, 0xE0, 0xE0, 0x00, 0x73, 0x39, 0x80, 
    0x00, 0x01, 0xC0, 0x70, 0x00, 0x3F, 0x81, 0xC0, 0x00, 0x03, 0x80, 0x38, 0x00, 0x1F, 0x39, 0xC0, 
    0x00, 0x03, 0x80, 0x1C, 0x00, 0x0E, 0x38, 0xC0, 0x00, 0x07, 0x00, 0x0E, 0x00, 0x0F, 0x38, 0x00, 
    0x00, 0x0E, 0x00, 0x0F, 0x00, 0x07, 0x98, 0x00, 0x00, 0x1C, 0x00, 0x07, 0x00, 0x03, 0x80, 0x00, 
    0x00, 0x38, 0x00, 0x03, 0x80, 0x01, 0xC0, 0x00, 0x00, 0x78, 0x00, 0x01, 0xC0, 0x00, 0xE0, 0x00, 
    0x00, 0x70, 0x00, 0x00, 0xE0, 0x00, 0x70, 0x00, 0x00, 0xE0, 0x00, 0x00, 0x70, 0x00, 0x38, 0x00, 
    0x01, 0xC0, 0x00, 0x00, 0x78, 0x00, 0x1C, 0x00, 0x03, 0xC0, 0x00, 0x00, 0x38, 0x00, 0x0E, 0x00, 
    0x07, 0xC0, 0x00, 0x00, 0x3C, 0x00, 0x07, 0x00, 0x07, 0xC0, 0x00, 0x00, 0x3F, 0xFF, 0xFF, 0x80, 
    0x07, 0xC0, 0x00, 0x00, 0x3F, 0xFF, 0xFF, 0x80, 0x01, 0xC0, 0x00, 0x00, 0x30, 0x00, 0x18, 0x00, 
    0x01, 0xC0, 0x00, 0x00, 0x30, 0x00, 0x18, 0x00, 0x01, 0xC1, 0xFF, 0xF0, 0x30, 0x00, 0x18, 0x00, 
    0x01, 0xC1, 0xFF, 0xF0, 0x30, 0x00, 0x18, 0x00, 0x01, 0xC1, 0x80, 0x30, 0x30, 0x00, 0x18, 0x00, 
    0x01, 0xC1, 0x80, 0x30, 0x30, 0x00, 0x18, 0x00, 0x01, 0xC1, 0x80, 0x30, 0x30, 0x00, 0x18, 0x00, 
    0x01, 0xC1, 0x80, 0x30, 0x30, 0x00, 0x18, 0x00, 0x01, 0xC1, 0x80, 0x30, 0x30, 0x00, 0x18, 0x00, 
    0x01, 0xC1, 0x80, 0xF0, 0x30, 0x00, 0x18, 0x00, 0x01, 0xC1, 0x81, 0xF0, 0x30, 0x00, 0x18, 0x00, 
    0x01, 0xC1, 0x80, 0xF0, 0x30, 0x00, 0x18, 0x00, 0x01, 0xC1, 0x80, 0x30, 0x30, 0x00, 0x18, 0x00, 
    0x01, 0xC1, 0x80, 0x30, 0x30, 0x00, 0x18, 0x00, 0x01, 0xC1, 0x80, 0x30, 0x30, 0x00, 0x18, 0x00, 
    0x01, 0xC1, 0x80, 0x30, 0x30, 0x00, 0x18, 0x00, 0x01, 0xC1, 0x80, 0x30, 0x30, 0x00, 0x18, 0x00, 
    0x01, 0xC1, 0x80, 0x30, 0x30, 0x00, 0x18, 0x00, 0x01, 0xC1, 0x80, 0x30, 0x30, 0x00, 0x18, 0x00, 
    0x01, 0xC1, 0x80, 0x30, 0x30, 0x00, 0x18, 0x00, 0x01, 0x81, 0x80, 0x30, 0x30, 0x00, 0x18, 0x00, 
    0x0F, 0xFF, 0xFF, 0xFF, 0xFF, 0xFF, 0xFF, 0x80, 0x0F, 0xFF, 0xFF, 0xFF, 0xFF, 0xFF, 0xFF, 0xC0, 
    0x07, 0xFF, 0xFF, 0xFF, 0xFF, 0xFF, 0xFF, 0x00, 0x00, 0x00, 0x00, 0x00, 0x00, 0x00, 0x00, 0x00, 
    0x00, 0x00, 0x00, 0x00, 0x00, 0x00, 0x00, 0x00, 0x00, 0x00, 0x00, 0x00, 0x00, 0x00, 0x00, 0x00, 
    0x00, 0x00, 0x00, 0x00, 0x00, 0x00, 0x00, 0x00, 0x00, 0x00, 0x00, 0x00, 0x00, 0x00, 0x00, 0x00, 
    0x00, 0x00, 0x00, 0x00, 0x00, 0x00, 0x00, 0x00, 0x00, 0x00, 0x00, 0x00, 0x00, 0x00, 0x00, 0x00, 
    0x00, 0x00, 0x00, 0x00, 0x00, 0x00, 0x00, 0x00, 0x00, 0x00, 0x00, 0x00, 0x00, 0x00, 0x00, 0x00, 
      },
  {
    0x00, 0x00, 0x00, 0x00, 0x00, 0x00, 0x00, 0x00, 0x00, 0x00, 0x00, 0x00, 0x00, 0x00, 0x00, 0x00, 
    0x00, 0x00, 0x00, 0x00, 0x00, 0x00, 0x00, 0x00, 0x00, 0x00, 0x00, 0x00, 0x00, 0x00, 0x18, 0x00, 
    0x00, 0x00, 0x00, 0x00, 0x00, 0x00, 0x38, 0x00, 0x00, 0x00, 0x00, 0x00, 0x00, 0x06, 0x38, 0x40, 
    0x00, 0x00, 0x00, 0x00, 0x00, 0x07, 0x18, 0xE0, 0x00, 0x00, 0x00, 0x00, 0x00, 0x03, 0x81, 0xC0, 
    0x00, 0x00, 0x00, 0x00, 0x00, 0x01, 0x39, 0x80, 0x00, 0x00, 0x07, 0xFF, 0xFC, 0x00, 0x7E, 0x00, 
    0x00, 0x00, 0x0F, 0xFF, 0xFE, 0x00, 0xEE, 0x00, 0x00, 0x00, 0x0F, 0xFF, 0xFF, 0x3E, 0xC7, 0xF8, 
    0x00, 0x00, 0x1F, 0x80, 0x03, 0xBE, 0xC7, 0xF8, 0x00, 0x00, 0x39, 0xC0, 0x01, 0xC0, 0xFE, 0x00, 
    0x00, 0x00, 0x70, 0xE0, 0x00, 0xE0, 0x7E, 0x00, 0x00, 0x00, 0xE0, 0xF0, 0x00, 0x73, 0x39, 0x80, 
    0x00, 0x01, 0xC0, 0x70, 0x00, 0x3F, 0x81, 0xC0, 0x00, 0x01, 0xC0, 0x38, 0x00, 0x3F, 0x39, 0xC0, 
    0x00, 0x03, 0x80, 0x1C, 0x00, 0x1E, 0x38, 0xC0, 0x00, 0x07, 0x00, 0x0E, 0x00, 0x0F, 0x38, 0x00, 
    0x00, 0x0E, 0x00, 0x07, 0x00, 0x07, 0x38, 0x00, 0x00, 0x1C, 0x00, 0x07, 0x80, 0x03, 0x80, 0x00, 
    0x00, 0x38, 0x00, 0x03, 0x80, 0x01, 0xC0, 0x00, 0x00, 0x78, 0x00, 0x01, 0xC0, 0x00, 0xE0, 0x00, 
    0x00, 0x70, 0x00, 0x00, 0xE0, 0x00, 0x70, 0x00, 0x00, 0xE0, 0x00, 0x00, 0x70, 0x00, 0x38, 0x00, 
    0x01, 0xC0, 0x00, 0x00, 0x38, 0x00, 0x1C, 0x00, 0x03, 0xC0, 0x00, 0x00, 0x3C, 0x00, 0x0E, 0x00, 
    0x07, 0xC0, 0x00, 0x00, 0x3C, 0x00, 0x07, 0x00, 0x07, 0xC0, 0x00, 0x00, 0x3F, 0xFF, 0xFF, 0x80, 
    0x07, 0xC0, 0x00, 0x00, 0x3F, 0xFF, 0xFF, 0x80, 0x01, 0xC0, 0x00, 0x00, 0x30, 0x00, 0x38, 0x00, 
    0x01, 0xC0, 0x00, 0x00, 0x38, 0x00, 0x18, 0x00, 0x01, 0xC1, 0xFF, 0xF0, 0x38, 0x00, 0x18, 0x00, 
    0x01, 0xC1, 0xFF, 0xF8, 0x38, 0x00, 0x18, 0x00, 0x01, 0xC1, 0xC0, 0x38, 0x38, 0x00, 0x18, 0x00, 
    0x01, 0xC1, 0xC0, 0x38, 0x38, 0x00, 0x18, 0x00, 0x01, 0xC1, 0xC0, 0x38, 0x38, 0x00, 0x18, 0x00, 
    0x01, 0xC1, 0xC0, 0x38, 0x38, 0x00, 0x18, 0x00, 0x01, 0xC1, 0xC0, 0x38, 0x38, 0x00, 0x18, 0x00, 
    0x01, 0xC1, 0xC0, 0xF8, 0x38, 0x00, 0x18, 0x00, 0x01, 0xC1, 0xC1, 0xF8, 0x38, 0x00, 0x18, 0x00, 
    0x01, 0xC1, 0xC0, 0xF8, 0x38, 0x00, 0x18, 0x00, 0x01, 0xC1, 0xC0, 0x38, 0x38, 0x00, 0x18, 0x00, 
    0x01, 0xC1, 0xC0, 0x38, 0x38, 0x00, 0x18, 0x00, 0x01, 0xC1, 0xC0, 0x38, 0x38, 0x00, 0x18, 0x00, 
    0x01, 0xC1, 0xC0, 0x38, 0x38, 0x00, 0x18, 0x00, 0x01, 0xC1, 0xC0, 0x38, 0x38, 0x00, 0x18, 0x00, 
    0x01, 0xC1, 0xC0, 0x38, 0x38, 0x00, 0x18, 0x00, 0x01, 0xC1, 0xC0, 0x38, 0x38, 0x00, 0x18, 0x00, 
    0x01, 0xC1, 0xC0, 0x38, 0x38, 0x00, 0x18, 0x00, 0x01, 0xC1, 0x80, 0x30, 0x30, 0x00, 0x18, 0x00, 
    0x0F, 0xFF, 0xFF, 0xFF, 0xFF, 0xFF, 0xFF, 0x80, 0x0F, 0xFF, 0xFF, 0xFF, 0xFF, 0xFF, 0xFF, 0xC0, 
    0x07, 0xFF, 0xFF, 0xFF, 0xFF, 0xFF, 0xFF, 0x00, 0x00, 0x00, 0x00, 0x00, 0x00, 0x00, 0x00, 0x00, 
    0x00, 0x00, 0x00, 0x00, 0x00, 0x00, 0x00, 0x00, 0x00, 0x00, 0x00, 0x00, 0x00, 0x00, 0x00, 0x00, 
    0x00, 0x00, 0x00, 0x00, 0x00, 0x00, 0x00, 0x00, 0x00, 0x00, 0x00, 0x00, 0x00, 0x00, 0x00, 0x00, 
    0x00, 0x00, 0x00, 0x00, 0x00, 0x00, 0x00, 0x00, 0x00, 0x00, 0x00, 0x00, 0x00, 0x00, 0x00, 0x00, 
    0x00, 0x00, 0x00, 0x00, 0x00, 0x00, 0x00, 0x00, 0x00, 0x00, 0x00, 0x00, 0x00, 0x00, 0x00, 0x00, 
      },
  {
    0x00, 0x00, 0x00, 0x00, 0x00, 0x00, 0x00, 0x00, 0x00, 0x00, 0x00, 0x00, 0x00, 0x00, 0x00, 0x00, 
    0x00, 0x00, 0x00, 0x00, 0x00, 0x00, 0x00, 0x00, 0x00, 0x00, 0x00, 0x00, 0x00, 0x00, 0x18, 0x00, 
    0x00, 0x00, 0x00, 0x00, 0x00, 0x00, 0x38, 0x00, 0x00, 0x00, 0x00, 0x00, 0x00, 0x06, 0x38, 0x40, 
    0x00, 0x00, 0x00, 0x00, 0x00, 0x07, 0x18, 0xE0, 0x00, 0x00, 0x00, 0x00, 0x00, 0x03, 0x81, 0xC0, 
    0x00, 0x00, 0x00, 0x00, 0x00, 0x01, 0x39, 0x80, 0x00, 0x00, 0x03, 0xFF, 0xFC, 0x00, 0x7E, 0x00, 
    0x00, 0x00, 0x0F, 0xFF, 0xFE, 0x00, 0xEE, 0x00, 0x00, 0x00, 0x0F, 0xFF, 0xFF, 0x3E, 0xC7, 0xF8, 
    0x00, 0x00, 0x1F, 0x80, 0x03, 0xBE, 0xC7, 0xF8, 0x00, 0x00, 0x39, 0xC0, 0x01, 0xC0, 0xFE, 0x00, 
    0x00, 0x00, 0x70, 0xE0, 0x00, 0xE0, 0x7E, 0x00, 0x00, 0x00, 0xE0, 0x70, 0x00, 0xF3, 0x39, 0x80, 
    0x00, 0x01, 0xE0, 0x78, 0x00, 0x7F, 0x81, 0xC0, 0x00, 0x01, 0xC0, 0x38, 0x00, 0x3F, 0x39, 0xC0, 
    0x00, 0x03, 0x80, 0x1C, 0x00, 0x1E, 0x38, 0xC0, 0x00, 0x07, 0x00, 0x0E, 0x00, 0x0E, 0x38, 0x00, 
    0x00, 0x0E, 0x00, 0x07, 0x00, 0x07, 0x38, 0x00, 0x00, 0x1C, 0x00, 0x03, 0x80, 0x03, 0x80, 0x00, 
    0x00, 0x38, 0x00, 0x03, 0xC0, 0x01, 0xC0, 0x00, 0x00, 0x38, 0x00, 0x01, 0xC0, 0x00, 0xE0, 0x00, 
    0x00, 0x70, 0x00, 0x00, 0xE0, 0x00, 0x70, 0x00, 0x00, 0xE0, 0x00, 0x00, 0x70, 0x00, 0x38, 0x00, 
    0x01, 0xC0, 0x00, 0x00, 0x38, 0x00, 0x1C, 0x00, 0x03, 0xC0, 0x00, 0x00, 0x3C, 0x00, 0x0E, 0x00, 
    0x07, 0xC0, 0x00, 0x00, 0x3E, 0x00, 0x0F, 0x00, 0x07, 0xC0, 0x00, 0x00, 0x3F, 0xFF, 0xFF, 0x00, 
    0x07, 0xC0, 0x00, 0x00, 0x3F, 0xFF, 0xFF, 0x00, 0x01, 0xC0, 0x00, 0x00, 0x38, 0x00, 0x38, 0x00, 
    0x01, 0xC0, 0x00, 0x00, 0x38, 0x00, 0x18, 0x00, 0x01, 0xC1, 0xFF, 0xF8, 0x38, 0x00, 0x38, 0x00, 
    0x01, 0xC1, 0xFF, 0xF8, 0x38, 0x00, 0x38, 0x00, 0x01, 0xC1, 0xC0, 0x38, 0x38, 0x00, 0x38, 0x00, 
    0x01, 0xC1, 0xC0, 0x38, 0x38, 0x00, 0x38, 0x00, 0x01, 0xC1, 0xC0, 0x38, 0x38, 0x00, 0x38, 0x00, 
    0x01, 0xC1, 0xC0, 0x38, 0x38, 0x00, 0x38, 0x00, 0x01, 0xC1, 0xC0, 0x38, 0x38, 0x00, 0x38, 0x00, 
    0x01, 0xC1, 0xC0, 0xF8, 0x38, 0x00, 0x38, 0x00, 0x01, 0xC1, 0xC0, 0xF8, 0x38, 0x00, 0x38, 0x00, 
    0x01, 0xC1, 0xC0, 0xF8, 0x38, 0x00, 0x38, 0x00, 0x01, 0xC1, 0xC0, 0x38, 0x38, 0x00, 0x38, 0x00, 
    0x01, 0xC1, 0xC0, 0x38, 0x38, 0x00, 0x38, 0x00, 0x01, 0xC1, 0xC0, 0x38, 0x38, 0x00, 0x38, 0x00, 
    0x01, 0xC1, 0xC0, 0x38, 0x38, 0x00, 0x38, 0x00, 0x01, 0xC1, 0xC0, 0x38, 0x38, 0x00, 0x38, 0x00, 
    0x01, 0xC1, 0xC0, 0x38, 0x38, 0x00, 0x38, 0x00, 0x01, 0xC1, 0xC0, 0x38, 0x38, 0x00, 0x38, 0x00, 
    0x01, 0xC1, 0xC0, 0x38, 0x38, 0x00, 0x38, 0x00, 0x01, 0xC1, 0xC0, 0x38, 0x38, 0x00, 0x38, 0x00, 
    0x0F, 0xFF, 0xFF, 0xFF, 0xFF, 0xFF, 0xFF, 0x80, 0x0F, 0xFF, 0xFF, 0xFF, 0xFF, 0xFF, 0xFF, 0xC0, 
    0x07, 0xFF, 0xFF, 0xFF, 0xFF, 0xFF, 0xFF, 0x00, 0x00, 0x00, 0x00, 0x00, 0x00, 0x00, 0x00, 0x00, 
    0x00, 0x00, 0x00, 0x00, 0x00, 0x00, 0x00, 0x00, 0x00, 0x00, 0x00, 0x00, 0x00, 0x00, 0x00, 0x00, 
    0x00, 0x00, 0x00, 0x00, 0x00, 0x00, 0x00, 0x00, 0x00, 0x00, 0x00, 0x00, 0x00, 0x00, 0x00, 0x00, 
    0x00, 0x00, 0x00, 0x00, 0x00, 0x00, 0x00, 0x00, 0x00, 0x00, 0x00, 0x00, 0x00, 0x00, 0x00, 0x00, 
    0x00, 0x00, 0x00, 0x00, 0x00, 0x00, 0x00, 0x00, 0x00, 0x00, 0x00, 0x00, 0x00, 0x00, 0x00, 0x00, 
      },
  {
    0x00, 0x00, 0x00, 0x00, 0x00, 0x00, 0x00, 0x00, 0x00, 0x00, 0x00, 0x00, 0x00, 0x00, 0x00, 0x00, 
    0x00, 0x00, 0x00, 0x00, 0x00, 0x00, 0x00, 0x00, 0x00, 0x00, 0x00, 0x00, 0x00, 0x00, 0x18, 0x00, 
    0x00, 0x00, 0x00, 0x00, 0x00, 0x00, 0x38, 0x00, 0x00, 0x00, 0x00, 0x00, 0x00, 0x06, 0x38, 0x40, 
    0x00, 0x00, 0x00, 0x00, 0x00, 0x07, 0x18, 0xE0, 0x00, 0x00, 0x00, 0x00, 0x00, 0x03, 0x81, 0xC0, 
    0x00, 0x00, 0x00, 0x00, 0x00, 0x01, 0x39, 0x80, 0x00, 0x00, 0x03, 0xFF, 0xFC, 0x00, 0x7E, 0x00, 
    0x00, 0x00, 0x07, 0xFF, 0xFE, 0x00, 0xEE, 0x00, 0x00, 0x00, 0x0F, 0xFF, 0xFF, 0x3E, 0xC7, 0xF8, 
    0x00, 0x00, 0x1F, 0x80, 0x03, 0xBE, 0xC7, 0xF8, 0x00, 0x00, 0x39, 0xC0, 0x03, 0xC0, 0xFE, 0x00, 
    0x00, 0x00, 0x70, 0xE0, 0x01, 0xE0, 0x7E, 0x00, 0x00, 0x00, 0xE0, 0x70, 0x00, 0xF3, 0x39, 0x80, 
    0x00, 0x00, 0xE0, 0x38, 0x00, 0x77, 0x81, 0xC0, 0x00, 0x01, 0xC0, 0x3C, 0x00, 0x3F, 0x39, 0xC0, 
    0x00, 0x03, 0x80, 0x1C, 0x00, 0x1E, 0x38, 0xC0, 0x00, 0x07, 0x00, 0x0E, 0x00, 0x0E, 0x38, 0x00, 
    0x00, 0x0E, 0x00, 0x07, 0x00, 0x07, 0x38, 0x00, 0x00, 0x1C, 0x00, 0x03, 0x80, 0x03, 0x80, 0x00, 
    0x00, 0x3C, 0x00, 0x01, 0xC0, 0x01, 0xC0, 0x00, 0x00, 0x38, 0x00, 0x01, 0xE0, 0x00, 0xE0, 0x00, 
    0x00, 0x70, 0x00, 0x00, 0xE0, 0x00, 0x70, 0x00, 0x00, 0xE0, 0x00, 0x00, 0x70, 0x00, 0x38, 0x00, 
    0x01, 0xC0, 0x00, 0x00, 0x38, 0x00, 0x3C, 0x00, 0x03, 0xC0, 0x00, 0x00, 0x3C, 0x00, 0x1E, 0x00, 
    0x07, 0xC0, 0x00, 0x00, 0x3E, 0x00, 0x0E, 0x00, 0x07, 0xC0, 0x00, 0x00, 0x3F, 0xFF, 0xFF, 0x00, 
    0x07, 0xC0, 0x00, 0x00, 0x3F, 0xFF, 0xFF, 0x00, 0x01, 0xC0, 0x00, 0x00, 0x38, 0x00, 0x38, 0x00, 
    0x01, 0xC0, 0x00, 0x00, 0x38, 0x00, 0x38, 0x00, 0x01, 0xC1, 0xFF, 0xF8, 0x38, 0x00, 0x38, 0x00, 
    0x01, 0xC1, 0xFF, 0xF8, 0x38, 0x00, 0x38, 0x00, 0x01, 0xC1, 0xC0, 0x38, 0x38, 0x00, 0x38, 0x00, 
    0x01, 0xC1, 0xC0, 0x38, 0x38, 0x00, 0x38, 0x00, 0x01, 0xC1, 0xC0, 0x38, 0x38, 0x00, 0x38, 0x00, 
    0x01, 0xC1, 0xC0, 0x38, 0x38, 0x00, 0x38, 0x00, 0x01, 0xC1, 0xC0, 0x18, 0x38, 0x00, 0x38, 0x00, 
    0x01, 0xC1, 0xC0, 0x78, 0x38, 0x00, 0x38, 0x00, 0x01, 0xC1, 0xC0, 0xF8, 0x38, 0x00, 0x38, 0x00, 
    0x01, 0xC1, 0xC0, 0xF8, 0x38, 0x00, 0x38, 0x00, 0x01, 0xC1, 0xC0, 0x18, 0x38, 0x00, 0x38, 0x00, 
    0x01, 0xC1, 0xC0, 0x38, 0x38, 0x00, 0x38, 0x00, 0x01, 0xC1, 0xC0, 0x38, 0x38, 0x00, 0x38, 0x00, 
    0x01, 0xC1, 0xC0, 0x38, 0x38, 0x00, 0x38, 0x00, 0x01, 0xC1, 0xC0, 0x38, 0x38, 0x00, 0x38, 0x00, 
    0x01, 0xC1, 0xC0, 0x38, 0x38, 0x00, 0x38, 0x00, 0x01, 0xC1, 0xC0, 0x38, 0x38, 0x00, 0x38, 0x00, 
    0x01, 0xC1, 0xC0, 0x38, 0x38, 0x00, 0x38, 0x00, 0x01, 0xC1, 0xC0, 0x18, 0x18, 0x00, 0x38, 0x00, 
    0x0F, 0xFF, 0xFF, 0xFF, 0xFF, 0xFF, 0xFF, 0x80, 0x0F, 0xFF, 0xFF, 0xFF, 0xFF, 0xFF, 0xFF, 0xC0, 
    0x07, 0xFF, 0xFF, 0xFF, 0xFF, 0xFF, 0xFF, 0x00, 0x00, 0x00, 0x00, 0x00, 0x00, 0x00, 0x00, 0x00, 
    0x00, 0x00, 0x00, 0x00, 0x00, 0x00, 0x00, 0x00, 0x00, 0x00, 0x00, 0x00, 0x00, 0x00, 0x00, 0x00, 
    0x00, 0x00, 0x00, 0x00, 0x00, 0x00, 0x00, 0x00, 0x00, 0x00, 0x00, 0x00, 0x00, 0x00, 0x00, 0x00, 
    0x00, 0x00, 0x00, 0x00, 0x00, 0x00, 0x00, 0x00, 0x00, 0x00, 0x00, 0x00, 0x00, 0x00, 0x00, 0x00, 
    0x00, 0x00, 0x00, 0x00, 0x00, 0x00, 0x00, 0x00, 0x00, 0x00, 0x00, 0x00, 0x00, 0x00, 0x00, 0x00, 
      },
  {
    0x00, 0x00, 0x00, 0x00, 0x00, 0x00, 0x00, 0x00, 0x00, 0x00, 0x00, 0x00, 0x00, 0x00, 0x00, 0x00, 
    0x00, 0x00, 0x00, 0x00, 0x00, 0x00, 0x00, 0x00, 0x00, 0x00, 0x00, 0x00, 0x00, 0x00, 0x18, 0x00, 
    0x00, 0x00, 0x00, 0x00, 0x00, 0x00, 0x38, 0x00, 0x00, 0x00, 0x00, 0x00, 0x00, 0x06, 0x38, 0x40, 
    0x00, 0x00, 0x00, 0x00, 0x00, 0x07, 0x18, 0xE0, 0x00, 0x00, 0x00, 0x00, 0x00, 0x03, 0x81, 0xC0, 
    0x00, 0x00, 0x00, 0x00, 0x00, 0x01, 0x39, 0x80, 0x00, 0x00, 0x03, 0xFF, 0xFC, 0x00, 0x7E, 0x00, 
    0x00, 0x00, 0x07, 0xFF, 0xFE, 0x00, 0xEE, 0x00, 0x00, 0x00, 0x0F, 0xFF, 0xFF, 0x3E, 0xC7, 0xF8, 
    0x00, 0x00, 0x1F, 0x80, 0x07, 0xBE, 0xC7, 0xF8, 0x00, 0x00, 0x39, 0xC0, 0x03, 0xC0, 0xFE, 0x00, 
    0x00, 0x00, 0x70, 0xE0, 0x01, 0xC0, 0x7E, 0x00, 0x00, 0x00, 0xF0, 0x70, 0x00, 0xE3, 0x39, 0x80, 
    0x00, 0x00, 0xE0, 0x38, 0x00, 0x77, 0x81, 0xC0, 0x00, 0x01, 0xC0, 0x1C, 0x00, 0x3F, 0x39, 0xC0, 
    0x00, 0x03, 0x80, 0x1E, 0x00, 0x1E, 0x38, 0xC0, 0x00, 0x07, 0x00, 0x0E, 0x00, 0x0E, 0x38, 0x00, 
    0x00, 0x0E, 0x00, 0x07, 0x00, 0x07, 0x38, 0x00, 0x00, 0x1C, 0x00, 0x03, 0x80, 0x03, 0x80, 0x00, 
    0x00, 0x1C, 0x00, 0x01, 0xC0, 0x01, 0xC0, 0x00, 0x00, 0x38, 0x00, 0x00, 0xE0, 0x00, 0xE0, 0x00, 
    0x00, 0x70, 0x00, 0x00, 0x70, 0x00, 0xF0, 0x00, 0x00, 0xE0, 0x00, 0x00, 0x70, 0x00, 0x78, 0x00, 
    0x01, 0xC0, 0x00, 0x00, 0x38, 0x00, 0x38, 0x00, 0x03, 0xC0, 0x00, 0x00, 0x1C, 0x00, 0x1C, 0x00, 
    0x07, 0xC0, 0x00, 0x00, 0x1E, 0x00, 0x0E, 0x00, 0x07, 0xC0, 0x00, 0x00, 0x1F, 0xFF, 0xFF, 0x00, 
    0x07, 0xC0, 0x00, 0x00, 0x1F, 0xFF, 0xFF, 0x00, 0x01, 0xC0, 0x00, 0x00, 0x18, 0x00, 0x38, 0x00, 
    0x01, 0xC0, 0x00, 0x00, 0x18, 0x00, 0x30, 0x00, 0x01, 0xC0, 0xFF, 0xF8, 0x18, 0x00, 0x38, 0x00, 
    0x01, 0xC1, 0xFF, 0xF8, 0x18, 0x00, 0x38, 0x00, 0x01, 0xC1, 0xC0, 0x18, 0x18, 0x00, 0x38, 0x00, 
    0x01, 0xC1, 0xC0, 0x18, 0x18, 0x00, 0x38, 0x00, 0x01, 0xC1, 0xC0, 0x18, 0x18, 0x00, 0x38, 0x00, 
    0x01, 0xC1, 0xC0, 0x18, 0x18, 0x00, 0x38, 0x00, 0x01, 0xC1, 0xC0, 0x18, 0x18, 0x00, 0x38, 0x00, 
    0x01, 0xC1, 0xC0, 0x78, 0x18, 0x00, 0x38, 0x00, 0x01, 0xC1, 0xC0, 0xF8, 0x18, 0x00, 0x38, 0x00, 
    0x01, 0xC1, 0xC0, 0xF8, 0x18, 0x00, 0x38, 0x00, 0x01, 0xC1, 0xC0, 0x18, 0x18, 0x00, 0x38, 0x00, 
    0x01, 0xC1, 0xC0, 0x18, 0x18, 0x00, 0x38, 0x00, 0x01, 0xC1, 0xC0, 0x18, 0x18, 0x00, 0x38, 0x00, 
    0x01, 0xC1, 0xC0, 0x18, 0x18, 0x00, 0x38, 0x00, 0x01, 0xC1, 0xC0, 0x18, 0x18, 0x00, 0x38, 0x00, 
    0x01, 0xC1, 0xC0, 0x18, 0x18, 0x00, 0x38, 0x00, 0x01, 0xC1, 0xC0, 0x18, 0x18, 0x00, 0x38, 0x00, 
    0x01, 0xC1, 0xC0, 0x18, 0x18, 0x00, 0x38, 0x00, 0x01, 0xC0, 0xC0, 0x18, 0x18, 0x00, 0x30, 0x00, 
    0x07, 0xFF, 0xFF, 0xFF, 0xFF, 0xFF, 0xFF, 0x80, 0x0F, 0xFF, 0xFF, 0xFF, 0xFF, 0xFF, 0xFF, 0xC0, 
    0x07, 0xFF, 0xFF, 0xFF, 0xFF, 0xFF, 0xFF, 0x00, 0x00, 0x00, 0x00, 0x00, 0x00, 0x00, 0x00, 0x00, 
    0x00, 0x00, 0x00, 0x00, 0x00, 0x00, 0x00, 0x00, 0x00, 0x00, 0x00, 0x00, 0x00, 0x00, 0x00, 0x00, 
    0x00, 0x00, 0x00, 0x00, 0x00, 0x00, 0x00, 0x00, 0x00, 0x00, 0x00, 0x00, 0x00, 0x00, 0x00, 0x00, 
    0x00, 0x00, 0x00, 0x00, 0x00, 0x00, 0x00, 0x00, 0x00, 0x00, 0x00, 0x00, 0x00, 0x00, 0x00, 0x00, 
    0x00, 0x00, 0x00, 0x00, 0x00, 0x00, 0x00, 0x00, 0x00, 0x00, 0x00, 0x00, 0x00, 0x00, 0x00, 0x00, 
      },
  {
    0x00, 0x00, 0x00, 0x00, 0x00, 0x00, 0x00, 0x00, 0x00, 0x00, 0x00, 0x00, 0x00, 0x00, 0x00, 0x00, 
    0x00, 0x00, 0x00, 0x00, 0x00, 0x00, 0x00, 0x00, 0x00, 0x00, 0x00, 0x00, 0x00, 0x00, 0x18, 0x00, 
    0x00, 0x00, 0x00, 0x00, 0x00, 0x00, 0x38, 0x00, 0x00, 0x00, 0x00, 0x00, 0x00, 0x06, 0x38, 0x40, 
    0x00, 0x00, 0x00, 0x00, 0x00, 0x07, 0x18, 0xE0, 0x00, 0x00, 0x00, 0x00, 0x00, 0x03, 0x81, 0xC0, 
    0x00, 0x00, 0x00, 0x00, 0x00, 0x01, 0x39, 0x80, 0x00, 0x00, 0x03, 0xFF, 0xFC, 0x00, 0x7E, 0x00, 
    0x00, 0x00, 0x07, 0xFF, 0xFE, 0x00, 0xEE, 0x00, 0x00, 0x00, 0x0F, 0xFF, 0xFF, 0x3E, 0xC7, 0xF8, 
    0x00, 0x00, 0x1F, 0xC0, 0x07, 0xBE, 0xC7, 0xF8, 0x00, 0x00, 0x39, 0xE0, 0x03, 0x80, 0xFE, 0x00, 
    0x00, 0x00, 0x78, 0xE0, 0x01, 0xC0, 0x7E, 0x00, 0x00, 0x00, 0x70, 0x70, 0x00, 0xE3, 0x39, 0x80, 
    0x00, 0x00, 0xE0, 0x38, 0x00, 0x77, 0x81, 0xC0, 0x00, 0x01, 0xC0, 0x1C, 0x00, 0x3F, 0x39, 0xC0, 
    0x00, 0x03, 0x80, 0x0E, 0x00, 0x1E, 0x38, 0xC0, 0x00, 0x07, 0x00, 0x0F, 0x00, 0x0E, 0x38, 0x00, 
    0x00, 0x0E, 0x00, 0x07, 0x00, 0x07, 0x18, 0x00, 0x00, 0x1E, 0x00, 0x03, 0x80, 0x03, 0x80, 0x00, 
    0x00, 0x1C, 0x00, 0x01, 0xC0, 0x03, 0xC0, 0x00, 0x00, 0x38, 0x00, 0x00, 0xE0, 0x01, 0xE0, 0x00, 
    0x00, 0x70, 0x00, 0x00, 0x70, 0x00, 0xF0, 0x00, 0x00, 0xE0, 0x00, 0x00, 0x38, 0x00, 0x70, 0x00, 
    0x01, 0xC0, 0x00, 0x00, 0x3C, 0x00, 0x38, 0x00, 0x03, 0xC0, 0x00, 0x00, 0x1C, 0x00, 0x1C, 0x00, 
    0x03, 0xC0, 0x00, 0x00, 0x1E, 0x00, 0x0E, 0x00, 0x07, 0xC0, 0x00, 0x00, 0x1F, 0xFF, 0xFF, 0x00, 
    0x07, 0xC0, 0x00, 0x00, 0x1B, 0xFF, 0xFF, 0x00, 0x00, 0xC0, 0x00, 0x00, 0x18, 0x00, 0x38, 0x00, 
    0x01, 0xC0, 0x00, 0x00, 0x18, 0x00, 0x30, 0x00, 0x01, 0xC0, 0xFF, 0xF8, 0x18, 0x00, 0x30, 0x00, 
    0x01, 0xC0, 0xFF, 0xF8, 0x18, 0x00, 0x30, 0x00, 0x01, 0xC0, 0xC0, 0x18, 0x18, 0x00, 0x30, 0x00, 
    0x01, 0xC0, 0xC0, 0x18, 0x18, 0x00, 0x30, 0x00, 0x01, 0xC0, 0xC0, 0x18, 0x18, 0x00, 0x30, 0x00, 
    0x01, 0xC0, 0xC0, 0x18, 0x18, 0x00, 0x30, 0x00, 0x01, 0xC0, 0xC0, 0x18, 0x18, 0x00, 0x30, 0x00, 
    0x01, 0xC0, 0xC0, 0x78, 0x18, 0x00, 0x30, 0x00, 0x01, 0xC0, 0xC0, 0xF8, 0x18, 0x00, 0x30, 0x00, 
    0x01, 0xC0, 0xC0, 0x78, 0x18, 0x00, 0x30, 0x00, 0x01, 0xC0, 0xC0, 0x18, 0x18, 0x00, 0x30, 0x00, 
    0x01, 0xC0, 0xC0, 0x18, 0x18, 0x00, 0x30, 0x00, 0x01, 0xC0, 0xC0, 0x18, 0x18, 0x00, 0x30, 0x00, 
    0x01, 0xC0, 0xC0, 0x18, 0x18, 0x00, 0x30, 0x00, 0x01, 0xC0, 0xC0, 0x18, 0x18, 0x00, 0x30, 0x00, 
    0x01, 0xC0, 0xC0, 0x18, 0x18, 0x00, 0x30, 0x00, 0x01, 0xC0, 0xC0, 0x18, 0x18, 0x00, 0x30, 0x00, 
    0x01, 0xC0, 0xC0, 0x18, 0x18, 0x00, 0x30, 0x00, 0x00, 0xC0, 0xC0, 0x18, 0x18, 0x00, 0x30, 0x00, 
    0x07, 0xFF, 0xFF, 0xFF, 0xFF, 0xFF, 0xFF, 0x80, 0x0F, 0xFF, 0xFF, 0xFF, 0xFF, 0xFF, 0xFF, 0xC0, 
    0x07, 0xFF, 0xFF, 0xFF, 0xFF, 0xFF, 0xFF, 0x00, 0x00, 0x00, 0x00, 0x00, 0x00, 0x00, 0x00, 0x00, 
    0x00, 0x00, 0x00, 0x00, 0x00, 0x00, 0x00, 0x00, 0x00, 0x00, 0x00, 0x00, 0x00, 0x00, 0x00, 0x00, 
    0x00, 0x00, 0x00, 0x00, 0x00, 0x00, 0x00, 0x00, 0x00, 0x00, 0x00, 0x00, 0x00, 0x00, 0x00, 0x00, 
    0x00, 0x00, 0x00, 0x00, 0x00, 0x00, 0x00, 0x00, 0x00, 0x00, 0x00, 0x00, 0x00, 0x00, 0x00, 0x00, 
    0x00, 0x00, 0x00, 0x00, 0x00, 0x00, 0x00, 0x00, 0x00, 0x00, 0x00, 0x00, 0x00, 0x00, 0x00, 0x00, 
      },
  {
    0x00, 0x00, 0x00, 0x00, 0x00, 0x00, 0x00, 0x00, 0x00, 0x00, 0x00, 0x00, 0x00, 0x00, 0x00, 0x00, 
    0x00, 0x00, 0x00, 0x00, 0x00, 0x00, 0x00, 0x00, 0x00, 0x00, 0x00, 0x00, 0x00, 0x00, 0x18, 0x00, 
    0x00, 0x00, 0x00, 0x00, 0x00, 0x00, 0x38, 0x00, 0x00, 0x00, 0x00, 0x00, 0x00, 0x06, 0x38, 0x40, 
    0x00, 0x00, 0x00, 0x00, 0x00, 0x07, 0x18, 0xE0, 0x00, 0x00, 0x00, 0x00, 0x00, 0x03, 0x81, 0xC0, 
    0x00, 0x00, 0x00, 0x00, 0x00, 0x01, 0x39, 0x80, 0x00, 0x00, 0x03, 0xFF, 0xF8, 0x00, 0x7E, 0x00, 
    0x00, 0x00, 0x07, 0xFF, 0xFE, 0x00, 0xEE, 0x00, 0x00, 0x00, 0x0F, 0xFF, 0xFE, 0x3E, 0xC7, 0xF8, 
    0x00, 0x00, 0x1F, 0xC0, 0x07, 0x3E, 0xC7, 0xF8, 0x00, 0x00, 0x3C, 0xE0, 0x03, 0x80, 0xFE, 0x00, 
    0x00, 0x00, 0x38, 0xF0, 0x01, 0xC0, 0x7E, 0x00, 0x00, 0x00, 0x70, 0x70, 0x00, 0xE3, 0x39, 0x80, 
    0x00, 0x00, 0xE0, 0x38, 0x00, 0x77, 0x81, 0xC0, 0x00, 0x01, 0xC0, 0x1C, 0x00, 0x3F, 0x39, 0xC0, 
    0x00, 0x03, 0x80, 0x0E, 0x00, 0x1E, 0x38, 0xC0, 0x00, 0x07, 0x00, 0x07, 0x00, 0x0E, 0x38, 0x00, 
    0x00, 0x0F, 0x00, 0x03, 0x80, 0x07, 0x18, 0x00, 0x00, 0x0E, 0x00, 0x03, 0xC0, 0x07, 0x80, 0x00, 
    0x00, 0x1C, 0x00, 0x01, 0xC0, 0x03, 0xC0, 0x00, 0x00, 0x38, 0x00, 0x00, 0xE0, 0x01, 0xC0, 0x00, 
    0x00, 0x70, 0x00, 0x00, 0x70, 0x00, 0xE0, 0x00, 0x00, 0xE0, 0x00, 0x00, 0x38, 0x00, 0x70, 0x00, 
    0x01, 0xC0, 0x00, 0x00, 0x1C, 0x00, 0x38, 0x00, 0x03, 0xC0, 0x00, 0x00, 0x1E, 0x00, 0x1C, 0x00, 
    0x03, 0xC0, 0x00, 0x00, 0x1F, 0x00, 0x0E, 0x00, 0x07, 0xC0, 0x00, 0x00, 0x1F, 0xFF, 0xFF, 0x00, 
    0x06, 0xC0, 0x00, 0x00, 0x1F, 0xFF, 0xFF, 0x00, 0x00, 0xC0, 0x00, 0x00, 0x18, 0x00, 0x30, 0x00, 
    0x00, 0xC0, 0x00, 0x00, 0x1C, 0x00, 0x30, 0x00, 0x00, 0xC0, 0xFF, 0xF8, 0x1C, 0x00, 0x30, 0x00, 
    0x00, 0xC0, 0xFF, 0xF8, 0x1C, 0x00, 0x30, 0x00, 0x00, 0xC0, 0xC0, 0x18, 0x1C, 0x00, 0x30, 0x00, 
    0x00, 0xC0, 0xC0, 0x18, 0x1C, 0x00, 0x30, 0x00, 0x00, 0xC0, 0xC0, 0x18, 0x1C, 0x00, 0x30, 0x00, 
    0x00, 0xC0, 0xC0, 0x18, 0x1C, 0x00, 0x30, 0x00, 0x00, 0xC0, 0xC0, 0x18, 0x1C, 0x00, 0x30, 0x00, 
    0x00, 0xC0, 0xC0, 0x78, 0x1C, 0x00, 0x30, 0x00, 0x00, 0xC0, 0xC0, 0xF8, 0x1C, 0x00, 0x30, 0x00, 
    0x00, 0xC0, 0xC0, 0x78, 0x1C, 0x00, 0x30, 0x00, 0x00, 0xC0, 0xC0, 0x18, 0x1C, 0x00, 0x30, 0x00, 
    0x00, 0xC0, 0xC0, 0x18, 0x1C, 0x00, 0x30, 0x00, 0x00, 0xC0, 0xC0, 0x18, 0x1C, 0x00, 0x30, 0x00, 
    0x00, 0xC0, 0xC0, 0x18, 0x1C, 0x00, 0x30, 0x00, 0x00, 0xC0, 0xC0, 0x18, 0x1C, 0x00, 0x30, 0x00, 
    0x00, 0xC0, 0xC0, 0x18, 0x1C, 0x00, 0x30, 0x00, 0x00, 0xC0, 0xC0, 0x18, 0x1C, 0x00, 0x30, 0x00, 
    0x00, 0xC0, 0xC0, 0x18, 0x1C, 0x00, 0x30, 0x00, 0x00, 0xC0, 0xC0, 0x18, 0x18, 0x00, 0x30, 0x00, 
    0x07, 0xFF, 0xFF, 0xFF, 0xFF, 0xFF, 0xFF, 0x80, 0x0F, 0xFF, 0xFF, 0xFF, 0xFF, 0xFF, 0xFF, 0xC0, 
    0x03, 0xFF, 0xFF, 0xFF, 0xFF, 0xFF, 0xFF, 0x00, 0x00, 0x00, 0x00, 0x00, 0x00, 0x00, 0x00, 0x00, 
    0x00, 0x00, 0x00, 0x00, 0x00, 0x00, 0x00, 0x00, 0x00, 0x00, 0x00, 0x00, 0x00, 0x00, 0x00, 0x00, 
    0x00, 0x00, 0x00, 0x00, 0x00, 0x00, 0x00, 0x00, 0x00, 0x00, 0x00, 0x00, 0x00, 0x00, 0x00, 0x00, 
    0x00, 0x00, 0x00, 0x00, 0x00, 0x00, 0x00, 0x00, 0x00, 0x00, 0x00, 0x00, 0x00, 0x00, 0x00, 0x00, 
    0x00, 0x00, 0x00, 0x00, 0x00, 0x00, 0x00, 0x00, 0x00, 0x00, 0x00, 0x00, 0x00, 0x00, 0x00, 0x00, 
      },
  {
    0x00, 0x00, 0x00, 0x00, 0x00, 0x00, 0x00, 0x00, 0x00, 0x00, 0x00, 0x00, 0x00, 0x00, 0x00, 0x00, 
    0x00, 0x00, 0x00, 0x00, 0x00, 0x00, 0x00, 0x00, 0x00, 0x00, 0x00, 0x00, 0x00, 0x00, 0x18, 0x00, 
    0x00, 0x00, 0x00, 0x00, 0x00, 0x00, 0x38, 0x00, 0x00, 0x00, 0x00, 0x00, 0x00, 0x06, 0x38, 0x40, 
    0x00, 0x00, 0x00, 0x00, 0x00, 0x07, 0x18, 0xE0, 0x00, 0x00, 0x00, 0x00, 0x00, 0x03, 0x81, 0xC0, 
    0x00, 0x00, 0x00, 0x00, 0x00, 0x01, 0x39, 0x80, 0x00, 0x00, 0x03, 0xFF, 0xF8, 0x00, 0x7E, 0x00, 
    0x00, 0x00, 0x07, 0xFF, 0xFC, 0x00, 0xEE, 0x00, 0x00, 0x00, 0x0F, 0xFF, 0xFE, 0x3E, 0xC7, 0xF8, 
    0x00, 0x00, 0x1F, 0xC0, 0x07, 0x3E, 0xC7, 0xF8, 0x00, 0x00, 0x1C, 0xE0, 0x03, 0x80, 0xFE, 0x00, 
    0x00, 0x00, 0x38, 0x70, 0x01, 0xC0, 0x7E, 0x00, 0x00, 0x00, 0x70, 0x78, 0x00, 0xE3, 0x39, 0x80, 
    0x00, 0x00, 0xE0, 0x38, 0x00, 0x77, 0x81, 0xC0, 0x00, 0x01, 0xC0, 0x1C, 0x00, 0x3F, 0x39, 0xC0, 
    0x00, 0x03, 0x80, 0x0E, 0x00, 0x1E, 0x38, 0xC0, 0x00, 0x07, 0x80, 0x07, 0x00, 0x1E, 0x38, 0x00, 
    0x00, 0x07, 0x00, 0x03, 0x80, 0x0F, 0x18, 0x00, 0x00, 0x0E, 0x00, 0x01, 0xC0, 0x07, 0x00, 0x00, 
    0x00, 0x1C, 0x00, 0x01, 0xE0, 0x03, 0x80, 0x00, 0x00, 0x38, 0x00, 0x00, 0xE0, 0x01, 0xC0, 0x00, 
    0x00, 0x70, 0x00, 0x00, 0x70, 0x00, 0xE0, 0x00, 0x00, 0xE0, 0x00, 0x00, 0x38, 0x00, 0x70, 0x00, 
    0x01, 0xC0, 0x00, 0x00, 0x1C, 0x00, 0x38, 0x00, 0x01, 0xC0, 0x00, 0x00, 0x1E, 0x00, 0x1C, 0x00, 
    0x03, 0xC0, 0x00, 0x00, 0x1F, 0x00, 0x0E, 0x00, 0x07, 0xC0, 0x00, 0x00, 0x1F, 0xFF, 0xFF, 0x00, 
    0x06, 0xC0, 0x00, 0x00, 0x1F, 0xFF, 0xFF, 0x00, 0x00, 0xC0, 0x00, 0x00, 0x1C, 0x00, 0x30, 0x00, 
    0x00, 0xC0, 0x00, 0x00, 0x1C, 0x00, 0x30, 0x00, 0x00, 0xC0, 0xFF, 0xF8, 0x1C, 0x00, 0x30, 0x00, 
    0x00, 0xC0, 0xFF, 0xFC, 0x1C, 0x00, 0x30, 0x00, 0x00, 0xC0, 0xC0, 0x1C, 0x1C, 0x00, 0x30, 0x00, 
    0x00, 0xC0, 0xC0, 0x1C, 0x1C, 0x00, 0x30, 0x00, 0x00, 0xC0, 0xC0, 0x1C, 0x1C, 0x00, 0x30, 0x00, 
    0x00, 0xC0, 0xC0, 0x1C, 0x1C, 0x00, 0x30, 0x00, 0x00, 0xC0, 0xC0, 0x1C, 0x1C, 0x00, 0x30, 0x00, 
    0x00, 0xC0, 0xC0, 0x7C, 0x1C, 0x00, 0x30, 0x00, 0x00, 0xC0, 0xC0, 0xFC, 0x1C, 0x00, 0x30, 0x00, 
    0x00, 0xC0, 0xC0, 0x7C, 0x1C, 0x00, 0x30, 0x00, 0x00, 0xC0, 0xC0, 0x1C, 0x1C, 0x00, 0x30, 0x00, 
    0x00, 0xC0, 0xC0, 0x1C, 0x1C, 0x00, 0x30, 0x00, 0x00, 0xC0, 0xC0, 0x1C, 0x1C, 0x00, 0x30, 0x00, 
    0x00, 0xC0, 0xC0, 0x1C, 0x1C, 0x00, 0x30, 0x00, 0x00, 0xC0, 0xC0, 0x1C, 0x1C, 0x00, 0x30, 0x00, 
    0x00, 0xC0, 0xC0, 0x1C, 0x1C, 0x00, 0x30, 0x00, 0x00, 0xC0, 0xC0, 0x1C, 0x1C, 0x00, 0x30, 0x00, 
    0x00, 0xC0, 0xC0, 0x1C, 0x1C, 0x00, 0x30, 0x00, 0x00, 0xC0, 0xC0, 0x18, 0x1C, 0x00, 0x30, 0x00, 
    0x07, 0xFF, 0xFF, 0xFF, 0xFF, 0xFF, 0xFF, 0x80, 0x0F, 0xFF, 0xFF, 0xFF, 0xFF, 0xFF, 0xFF, 0xC0, 
    0x03, 0xFF, 0xFF, 0xFF, 0xFF, 0xFF, 0xFF, 0x00, 0x00, 0x00, 0x00, 0x00, 0x00, 0x00, 0x00, 0x00, 
    0x00, 0x00, 0x00, 0x00, 0x00, 0x00, 0x00, 0x00, 0x00, 0x00, 0x00, 0x00, 0x00, 0x00, 0x00, 0x00, 
    0x00, 0x00, 0x00, 0x00, 0x00, 0x00, 0x00, 0x00, 0x00, 0x00, 0x00, 0x00, 0x00, 0x00, 0x00, 0x00, 
    0x00, 0x00, 0x00, 0x00, 0x00, 0x00, 0x00, 0x00, 0x00, 0x00, 0x00, 0x00, 0x00, 0x00, 0x00, 0x00, 
    0x00, 0x00, 0x00, 0x00, 0x00, 0x00, 0x00, 0x00, 0x00, 0x00, 0x00, 0x00, 0x00, 0x00, 0x00, 0x00, 
      },
  {
    0x00, 0x00, 0x00, 0x00, 0x00, 0x00, 0x00, 0x00, 0x00, 0x00, 0x00, 0x00, 0x00, 0x00, 0x00, 0x00, 
    0x00, 0x00, 0x00, 0x00, 0x00, 0x00, 0x00, 0x00, 0x00, 0x00, 0x00, 0x00, 0x00, 0x00, 0x30, 0x00, 
    0x00, 0x00, 0x00, 0x00, 0x00, 0x00, 0x38, 0x00, 0x00, 0x00, 0x00, 0x00, 0x00, 0x04, 0x38, 0xC0, 
    0x00, 0x00, 0x00, 0x00, 0x00, 0x0E, 0x39, 0xC0, 0x00, 0x00, 0x00, 0x00, 0x00, 0x07, 0x03, 0x80, 
    0x00, 0x00, 0x00, 0x00, 0x00, 0x03, 0x39, 0x00, 0x00, 0x00, 0x03, 0xFF, 0xF8, 0x00, 0x7E, 0x00, 
    0x00, 0x00, 0x07, 0xFF, 0xFC, 0x00, 0xEE, 0x00, 0x00, 0x00, 0x0F, 0xFF, 0xFE, 0x1E, 0xC7, 0xF8, 
    0x00, 0x00, 0x0F, 0xC0, 0x07, 0x3E, 0xC7, 0xF0, 0x00, 0x00, 0x1C, 0xE0, 0x03, 0x80, 0xFE, 0x00, 
    0x00, 0x00, 0x38, 0x70, 0x01, 0xC0, 0x7E, 0x00, 0x00, 0x00, 0x70, 0x38, 0x00, 0xE1, 0x39, 0x80, 
    0x00, 0x00, 0xE0, 0x1C, 0x00, 0x73, 0x81, 0xC0, 0x00, 0x01, 0xC0, 0x1E, 0x00, 0x3F, 0x18, 0xE0, 
    0x00, 0x03, 0xC0, 0x0E, 0x00, 0x3E, 0x18, 0x40, 0x00, 0x03, 0x80, 0x07, 0x00, 0x1E, 0x18, 0x00, 
    0x00, 0x07, 0x00, 0x03, 0x80, 0x0E, 0x18, 0x00, 0x00, 0x0E, 0x00, 0x01, 0xC0, 0x07, 0x00, 0x00, 
    0x00, 0x1C, 0x00, 0x00, 0xE0, 0x03, 0x80, 0x00, 0x00, 0x38, 0x00, 0x00, 0x70, 0x01, 0xC0, 0x00, 
    0x00, 0x70, 0x00, 0x00, 0x78, 0x00, 0xE0, 0x00, 0x00, 0xE0, 0x00, 0x00, 0x38, 0x00, 0x70, 0x00, 
    0x01, 0xE0, 0x00, 0x00, 0x1C, 0x00, 0x38, 0x00, 0x01, 0xC0, 0x00, 0x00, 0x0E, 0x00, 0x1C, 0x00, 
    0x03, 0xC0, 0x00, 0x00, 0x0F, 0x00, 0x0E, 0x00, 0x07, 0xC0, 0x00, 0x00, 0x0F, 0xFF, 0xFF, 0x00, 
    0x06, 0xC0, 0x00, 0x00, 0x0D, 0xFF, 0xFF, 0x00, 0x00, 0xC0, 0x00, 0x00, 0x0C, 0x00, 0x30, 0x00, 
    0x00, 0xC0, 0x00, 0x00, 0x0C, 0x00, 0x30, 0x00, 0x00, 0xC0, 0xFF, 0xFC, 0x0C, 0x00, 0x30, 0x00, 
    0x00, 0xC0, 0xFF, 0xFC, 0x0C, 0x00, 0x30, 0x00, 0x00, 0xC0, 0xC0, 0x1C, 0x0C, 0x00, 0x30, 0x00, 
    0x00, 0xC0, 0xC0, 0x1C, 0x0C, 0x00, 0x30, 0x00, 0x00, 0xC0, 0xC0, 0x1C, 0x0C, 0x00, 0x30, 0x00, 
    0x00, 0xC0, 0xC0, 0x1C, 0x0C, 0x00, 0x30, 0x00, 0x00, 0xC0, 0xC0, 0x1C, 0x0C, 0x00, 0x30, 0x00, 
    0x00, 0xC0, 0xC0, 0x7C, 0x0C, 0x00, 0x30, 0x00, 0x00, 0xC0, 0xC0, 0x7C, 0x0C, 0x00, 0x30, 0x00, 
    0x00, 0xC0, 0xC0, 0x7C, 0x0C, 0x00, 0x30, 0x00, 0x00, 0xC0, 0xC0, 0x1C, 0x0C, 0x00, 0x30, 0x00, 
    0x00, 0xC0, 0xC0, 0x1C, 0x0C, 0x00, 0x30, 0x00, 0x00, 0xC0, 0xC0, 0x1C, 0x0C, 0x00, 0x30, 0x00, 
    0x00, 0xC0, 0xC0, 0x1C, 0x0C, 0x00, 0x30, 0x00, 0x00, 0xC0, 0xC0, 0x1C, 0x0C, 0x00, 0x30, 0x00, 
    0x00, 0xC0, 0xC0, 0x1C, 0x0C, 0x00, 0x30, 0x00, 0x00, 0xC0, 0xC0, 0x1C, 0x0C, 0x00, 0x30, 0x00, 
    0x00, 0xC0, 0xC0, 0x1C, 0x0C, 0x00, 0x30, 0x00, 0x00, 0xC0, 0xC0, 0x1C, 0x0C, 0x00, 0x30, 0x00, 
    0x07, 0xFF, 0xFF, 0xFF, 0xFF, 0xFF, 0xFF, 0x80, 0x0F, 0xFF, 0xFF, 0xFF, 0xFF, 0xFF, 0xFF, 0xC0, 
    0x03, 0xFF, 0xFF, 0xFF, 0xFF, 0xFF, 0xFF, 0x00, 0x00, 0x00, 0x00, 0x00, 0x00, 0x00, 0x00, 0x00, 
    0x00, 0x00, 0x00, 0x00, 0x00, 0x00, 0x00, 0x00, 0x00, 0x00, 0x00, 0x00, 0x00, 0x00, 0x00, 0x00, 
    0x00, 0x00, 0x00, 0x00, 0x00, 0x00, 0x00, 0x00, 0x00, 0x00, 0x00, 0x00, 0x00, 0x00, 0x00, 0x00, 
    0x00, 0x00, 0x00, 0x00, 0x00, 0x00, 0x00, 0x00, 0x00, 0x00, 0x00, 0x00, 0x00, 0x00, 0x00, 0x00, 
    0x00, 0x00, 0x00, 0x00, 0x00, 0x00, 0x00, 0x00, 0x00, 0x00, 0x00, 0x00, 0x00, 0x00, 0x00, 0x00, 
      },
  {
    0x00, 0x00, 0x00, 0x00, 0x00, 0x00, 0x00, 0x00, 0x00, 0x00, 0x00, 0x00, 0x00, 0x00, 0x00, 0x00, 
    0x00, 0x00, 0x00, 0x00, 0x00, 0x00, 0x00, 0x00, 0x00, 0x00, 0x00, 0x00, 0x00, 0x00, 0x20, 0x00, 
    0x00, 0x00, 0x00, 0x00, 0x00, 0x00, 0x70, 0x00, 0x00, 0x00, 0x00, 0x00, 0x00, 0x00, 0x71, 0x80, 
    0x00, 0x00, 0x00, 0x00, 0x00, 0x0C, 0x71, 0x80, 0x00, 0x00, 0x00, 0x00, 0x00, 0x0E, 0x23, 0x80, 
    0x00, 0x00, 0x00, 0x00, 0x00, 0x07, 0x13, 0x00, 0x00, 0x00, 0x01, 0xFF, 0xF8, 0x03, 0x7C, 0x00, 
    0x00, 0x00, 0x03, 0xFF, 0xFC, 0x00, 0xFE, 0x60, 0x00, 0x00, 0x07, 0xFF, 0xFE, 0x00, 0xC6, 0xF0, 
    0x00, 0x00, 0x0F, 0xC0, 0x07, 0x1E, 0xC6, 0xE0, 0x00, 0x00, 0x1C, 0xE0, 0x03, 0xBE, 0xEE, 0x00, 
    0x00, 0x00, 0x38, 0x70, 0x01, 0xC0, 0xFE, 0x00, 0x00, 0x00, 0x70, 0x38, 0x00, 0xE0, 0x7D, 0x80, 
    0x00, 0x00, 0xE0, 0x1C, 0x00, 0x71, 0x81, 0xC0, 0x00, 0x01, 0xE0, 0x0E, 0x00, 0x7B, 0x98, 0xE0, 
    0x00, 0x01, 0xC0, 0x0F, 0x00, 0x3F, 0x18, 0x40, 0x00, 0x03, 0x80, 0x07, 0x00, 0x1E, 0x18, 0x00, 
    0x00, 0x07, 0x00, 0x03, 0x80, 0x0E, 0x18, 0x00, 0x00, 0x0E, 0x00, 0x01, 0xC0, 0x07, 0x08, 0x00, 
    0x00, 0x1C, 0x00, 0x00, 0xE0, 0x03, 0x80, 0x00, 0x00, 0x38, 0x00, 0x00, 0x70, 0x01, 0xC0, 0x00, 
    0x00, 0x70, 0x00, 0x00, 0x38, 0x00, 0xE0, 0x00, 0x00, 0xF0, 0x00, 0x00, 0x1C, 0x00, 0x70, 0x00, 
    0x00, 0xE0, 0x00, 0x00, 0x1E, 0x00, 0x38, 0x00, 0x01, 0xC0, 0x00, 0x00, 0x0E, 0x00, 0x1C, 0x00, 
    0x03, 0xC0, 0x00, 0x00, 0x0F, 0x00, 0x1E, 0x00, 0x07, 0xC0, 0x00, 0x00, 0x0F, 0xFF, 0xFF, 0x00, 
    0x06, 0xC0, 0x00, 0x00, 0x0D, 0xFF, 0xFF, 0x00, 0x00, 0xC0, 0x00, 0x00, 0x0C, 0x00, 0x70, 0x00, 
    0x00, 0xC0, 0x00, 0x00, 0x0C, 0x00, 0x30, 0x00, 0x00, 0xC0, 0xFF, 0xFC, 0x0C, 0x00, 0x30, 0x00, 
    0x00, 0xC0, 0xFF, 0xFC, 0x0C, 0x00, 0x30, 0x00, 0x00, 0xC0, 0xE0, 0x0C, 0x0C, 0x00, 0x30, 0x00, 
    0x00, 0xC0, 0xE0, 0x0C, 0x0C, 0x00, 0x30, 0x00, 0x00, 0xC0, 0xE0, 0x0C, 0x0C, 0x00, 0x30, 0x00, 
    0x00, 0xC0, 0xE0, 0x0C, 0x0C, 0x00, 0x30, 0x00, 0x00, 0xC0, 0xE0, 0x0C, 0x0C, 0x00, 0x70, 0x00, 
    0x00, 0xC0, 0xE0, 0x3C, 0x0C, 0x00, 0x70, 0x00, 0x00, 0xC0, 0xE0, 0x7C, 0x0C, 0x00, 0x70, 0x00, 
    0x00, 0xC0, 0xE0, 0x7C, 0x0C, 0x00, 0x70, 0x00, 0x00, 0xC0, 0xE0, 0x0C, 0x0C, 0x00, 0x70, 0x00, 
    0x00, 0xC0, 0xE0, 0x0C, 0x0C, 0x00, 0x70, 0x00, 0x00, 0xC0, 0xE0, 0x0C, 0x0C, 0x00, 0x70, 0x00, 
    0x00, 0xC0, 0xE0, 0x0C, 0x0C, 0x00, 0x70, 0x00, 0x00, 0xC0, 0xE0, 0x0C, 0x0C, 0x00, 0x70, 0x00, 
    0x00, 0xC0, 0xE0, 0x0C, 0x0C, 0x00, 0x70, 0x00, 0x00, 0xC0, 0xE0, 0x0C, 0x0C, 0x00, 0x70, 0x00, 
    0x00, 0xC0, 0xE0, 0x0C, 0x0C, 0x00, 0x70, 0x00, 0x00, 0xC0, 0xC0, 0x0C, 0x0C, 0x00, 0x30, 0x00, 
    0x07, 0xFF, 0xFF, 0xFF, 0xFF, 0xFF, 0xFF, 0x80, 0x0F, 0xFF, 0xFF, 0xFF, 0xFF, 0xFF, 0xFF, 0xC0, 
    0x03, 0xFF, 0xFF, 0xFF, 0xFF, 0xFF, 0xFF, 0x00, 0x00, 0x00, 0x00, 0x00, 0x00, 0x00, 0x00, 0x00, 
    0x00, 0x00, 0x00, 0x00, 0x00, 0x00, 0x00, 0x00, 0x00, 0x00, 0x00, 0x00, 0x00, 0x00, 0x00, 0x00, 
    0x00, 0x00, 0x00, 0x00, 0x00, 0x00, 0x00, 0x00, 0x00, 0x00, 0x00, 0x00, 0x00, 0x00, 0x00, 0x00, 
    0x00, 0x00, 0x00, 0x00, 0x00, 0x00, 0x00, 0x00, 0x00, 0x00, 0x00, 0x00, 0x00, 0x00, 0x00, 0x00, 
    0x00, 0x00, 0x00, 0x00, 0x00, 0x00, 0x00, 0x00, 0x00, 0x00, 0x00, 0x00, 0x00, 0x00, 0x00, 0x00, 
      },
  {
    0x00, 0x00, 0x00, 0x00, 0x00, 0x00, 0x00, 0x00, 0x00, 0x00, 0x00, 0x00, 0x00, 0x00, 0x00, 0x00, 
    0x00, 0x00, 0x00, 0x00, 0x00, 0x00, 0x00, 0x00, 0x00, 0x00, 0x00, 0x00, 0x00, 0x00, 0x00, 0x00, 
    0x00, 0x00, 0x00, 0x00, 0x00, 0x00, 0xC0, 0x00, 0x00, 0x00, 0x00, 0x00, 0x00, 0x00, 0xC0, 0x00, 
    0x00, 0x00, 0x00, 0x00, 0x00, 0x00, 0xE3, 0x00, 0x00, 0x00, 0x00, 0x00, 0x00, 0x00, 0xE7, 0x00, 
    0x00, 0x00, 0x00, 0x00, 0x00, 0x1C, 0x46, 0x00, 0x00, 0x00, 0x01, 0xFF, 0xF8, 0x1E, 0x78, 0x00, 
    0x00, 0x00, 0x03, 0xFF, 0xFC, 0x06, 0xFC, 0x40, 0x00, 0x00, 0x07, 0xFF, 0xFE, 0x01, 0xFF, 0xE0, 
    0x00, 0x00, 0x0F, 0xE0, 0x07, 0x01, 0xC6, 0xC0, 0x00, 0x00, 0x1C, 0xF0, 0x03, 0x8D, 0xCE, 0x00, 
    0x00, 0x00, 0x38, 0x70, 0x01, 0xFC, 0xFE, 0x00, 0x00, 0x00, 0x78, 0x38, 0x00, 0xF8, 0xFD, 0x80, 
    0x00, 0x00, 0xF0, 0x1C, 0x00, 0xF0, 0x71, 0xE0, 0x00, 0x00, 0xE0, 0x0E, 0x00, 0x79, 0x80, 0xE0, 
    0x00, 0x01, 0xC0, 0x07, 0x00, 0x3B, 0x98, 0x00, 0x00, 0x03, 0x80, 0x03, 0x80, 0x1F, 0x1C, 0x00, 
    0x00, 0x07, 0x00, 0x03, 0xC0, 0x0F, 0x1C, 0x00, 0x00, 0x0E, 0x00, 0x01, 0xE0, 0x07, 0x0C, 0x00, 
    0x00, 0x1C, 0x00, 0x00, 0xE0, 0x03, 0x80, 0x00, 0x00, 0x38, 0x00, 0x00, 0x70, 0x01, 0xC0, 0x00, 
    0x00, 0x78, 0x00, 0x00, 0x38, 0x00, 0xE0, 0x00, 0x00, 0x70, 0x00, 0x00, 0x1C, 0x00, 0x70, 0x00, 
    0x00, 0xE0, 0x00, 0x00, 0x0E, 0x00, 0x38, 0x00, 0x01, 0xC0, 0x00, 0x00, 0x0F, 0x00, 0x1C, 0x00, 
    0x03, 0xC0, 0x00, 0x00, 0x0F, 0x80, 0x1E, 0x00, 0x07, 0xC0, 0x00, 0x00, 0x0F, 0xFF, 0xFE, 0x00, 
    0x06, 0xC0, 0x00, 0x00, 0x0F, 0xFF, 0xFF, 0x00, 0x00, 0xC0, 0x00, 0x00, 0x0E, 0x00, 0x70, 0x00, 
    0x00, 0xC0, 0x00, 0x00, 0x0E, 0x00, 0x30, 0x00, 0x00, 0xC0, 0xFF, 0xFC, 0x0E, 0x00, 0x70, 0x00, 
    0x00, 0xC0, 0xFF, 0xFC, 0x0E, 0x00, 0x70, 0x00, 0x00, 0xC0, 0xE0, 0x0C, 0x0E, 0x00, 0x70, 0x00, 
    0x00, 0xC0, 0xE0, 0x0C, 0x0E, 0x00, 0x70, 0x00, 0x00, 0xC0, 0xE0, 0x0C, 0x0E, 0x00, 0x70, 0x00, 
    0x00, 0xC0, 0xE0, 0x0C, 0x0E, 0x00, 0x70, 0x00, 0x00, 0xC0, 0xE0, 0x0C, 0x0E, 0x00, 0x70, 0x00, 
    0x00, 0xC0, 0xE0, 0x3C, 0x0E, 0x00, 0x70, 0x00, 0x00, 0xC0, 0xE0, 0x7C, 0x0E, 0x00, 0x70, 0x00, 
    0x00, 0xC0, 0xE0, 0x3C, 0x0E, 0x00, 0x70, 0x00, 0x00, 0xC0, 0xE0, 0x0C, 0x0E, 0x00, 0x70, 0x00, 
    0x00, 0xC0, 0xE0, 0x0C, 0x0E, 0x00, 0x70, 0x00, 0x00, 0xC0, 0xE0, 0x0C, 0x0E, 0x00, 0x70, 0x00, 
    0x00, 0xC0, 0xE0, 0x0C, 0x0E, 0x00, 0x70, 0x00, 0x00, 0xC0, 0xE0, 0x0C, 0x0E, 0x00, 0x70, 0x00, 
    0x00, 0xC0, 0xE0, 0x0C, 0x0E, 0x00, 0x70, 0x00, 0x00, 0xC0, 0xE0, 0x0C, 0x0E, 0x00, 0x70, 0x00, 
    0x00, 0xC0, 0xE0, 0x0C, 0x0E, 0x00, 0x70, 0x00, 0x00, 0xC0, 0xE0, 0x0C, 0x0E, 0x00, 0x70, 0x00, 
    0x07, 0xFF, 0xFF, 0xFF, 0xFF, 0xFF, 0xFF, 0x80, 0x0F, 0xFF, 0xFF, 0xFF, 0xFF, 0xFF, 0xFF, 0x80, 
    0x03, 0xFF, 0xFF, 0xFF, 0xFF, 0xFF, 0xFF, 0x00, 0x00, 0x00, 0x00, 0x00, 0x00, 0x00, 0x00, 0x00, 
    0x00, 0x00, 0x00, 0x00, 0x00, 0x00, 0x00, 0x00, 0x00, 0x00, 0x00, 0x00, 0x00, 0x00, 0x00, 0x00, 
    0x00, 0x00, 0x00, 0x00, 0x00, 0x00, 0x00, 0x00, 0x00, 0x00, 0x00, 0x00, 0x00, 0x00, 0x00, 0x00, 
    0x00, 0x00, 0x00, 0x00, 0x00, 0x00, 0x00, 0x00, 0x00, 0x00, 0x00, 0x00, 0x00, 0x00, 0x00, 0x00, 
    0x00, 0x00, 0x00, 0x00, 0x00, 0x00, 0x00, 0x00, 0x00, 0x00, 0x00, 0x00, 0x00, 0x00, 0x00, 0x00, 
      },
  {
    0x00, 0x00, 0x00, 0x00, 0x00, 0x00, 0x00, 0x00, 0x00, 0x00, 0x00, 0x00, 0x00, 0x00, 0x00, 0x00, 
    0x00, 0x00, 0x00, 0x00, 0x00, 0x00, 0x00, 0x00, 0x00, 0x00, 0x00, 0x00, 0x00, 0x00, 0x00, 0x00, 
    0x00, 0x00, 0x00, 0x00, 0x00, 0x00, 0x00, 0x00, 0x00, 0x00, 0x00, 0x00, 0x00, 0x01, 0x00, 0x00, 
    0x00, 0x00, 0x00, 0x00, 0x00, 0x03, 0x80, 0x00, 0x00, 0x00, 0x00, 0x00, 0x00, 0x01, 0x8C, 0x00, 
    0x00, 0x00, 0x00, 0x00, 0x00, 0x01, 0x8C, 0x00, 0x00, 0x00, 0x01, 0xFF, 0xF8, 0x20, 0x8C, 0x00, 
    0x00, 0x00, 0x03, 0xFF, 0xFC, 0x38, 0x70, 0x00, 0x00, 0x00, 0x07, 0xFF, 0xFE, 0x3D, 0xF9, 0x80, 
    0x00, 0x00, 0x0F, 0xE0, 0x07, 0x0D, 0xDD, 0x80, 0x00, 0x00, 0x1C, 0x70, 0x03, 0x83, 0x8C, 0x00, 
    0x00, 0x00, 0x3C, 0x78, 0x01, 0xC1, 0x8C, 0x00, 0x00, 0x00, 0x38, 0x3C, 0x01, 0xFD, 0xFD, 0x00, 
    0x00, 0x00, 0x70, 0x1C, 0x00, 0xFD, 0xFB, 0xC0, 0x00, 0x00, 0xE0, 0x0E, 0x00, 0x78, 0x71, 0xE0, 
    0x00, 0x01, 0xC0, 0x07, 0x00, 0x39, 0x88, 0x40, 0x00, 0x03, 0x80, 0x03, 0x80, 0x1F, 0x98, 0x00, 
    0x00, 0x07, 0x00, 0x01, 0xC0, 0x0F, 0x1C, 0x00, 0x00, 0x0E, 0x00, 0x00, 0xE0, 0x07, 0x0C, 0x00, 
    0x00, 0x1E, 0x00, 0x00, 0x70, 0x03, 0x8C, 0x00, 0x00, 0x1C, 0x00, 0x00, 0x78, 0x01, 0xC0, 0x00, 
    0x00, 0x38, 0x00, 0x00, 0x38, 0x00, 0xE0, 0x00, 0x00, 0x70, 0x00, 0x00, 0x1C, 0x00, 0x70, 0x00, 
    0x00, 0xE0, 0x00, 0x00, 0x0E, 0x00, 0x38, 0x00, 0x01, 0xE0, 0x00, 0x00, 0x07, 0x00, 0x1C, 0x00, 
    0x03, 0xE0, 0x00, 0x00, 0x07, 0x80, 0x1E, 0x00, 0x07, 0xE0, 0x00, 0x00, 0x07, 0xFF, 0xFE, 0x00, 
    0x06, 0xE0, 0x00, 0x00, 0x06, 0xFF, 0xFE, 0x00, 0x00, 0xE0, 0x00, 0x00, 0x06, 0x00, 0x70, 0x00, 
    0x00, 0xE0, 0x00, 0x00, 0x06, 0x00, 0x70, 0x00, 0x00, 0xE0, 0x7F, 0xFC, 0x06, 0x00, 0x70, 0x00, 
    0x00, 0xE0, 0x7F, 0xFE, 0x06, 0x00, 0x70, 0x00, 0x00, 0xE0, 0x60, 0x0E, 0x06, 0x00, 0x70, 0x00, 
    0x00, 0xE0, 0x60, 0x0E, 0x06, 0x00, 0x70, 0x00, 0x00, 0xE0, 0x60, 0x0E, 0x06, 0x00, 0x70, 0x00, 
    0x00, 0xE0, 0x60, 0x0E, 0x06, 0x00, 0x70, 0x00, 0x00, 0xE0, 0x60, 0x0E, 0x06, 0x00, 0x70, 0x00, 
    0x00, 0xE0, 0x60, 0x3E, 0x06, 0x00, 0x70, 0x00, 0x00, 0xE0, 0x60, 0x7E, 0x06, 0x00, 0x70, 0x00, 
    0x00, 0xE0, 0x60, 0x3E, 0x06, 0x00, 0x70, 0x00, 0x00, 0xE0, 0x60, 0x0E, 0x06, 0x00, 0x70, 0x00, 
    0x00, 0xE0, 0x60, 0x0E, 0x06, 0x00, 0x70, 0x00, 0x00, 0xE0, 0x60, 0x0E, 0x06, 0x00, 0x70, 0x00, 
    0x00, 0xE0, 0x60, 0x0E, 0x06, 0x00, 0x70, 0x00, 0x00, 0xE0, 0x60, 0x0E, 0x06, 0x00, 0x70, 0x00, 
    0x00, 0xE0, 0x60, 0x0E, 0x06, 0x00, 0x70, 0x00, 0x00, 0xE0, 0x60, 0x0E, 0x06, 0x00, 0x70, 0x00, 
    0x00, 0xE0, 0x60, 0x0E, 0x06, 0x00, 0x70, 0x00, 0x00, 0xC0, 0x60, 0x0C, 0x06, 0x00, 0x70, 0x00, 
    0x07, 0xFF, 0xFF, 0xFF, 0xFF, 0xFF, 0xFF, 0x80, 0x07, 0xFF, 0xFF, 0xFF, 0xFF, 0xFF, 0xFF, 0x80, 
    0x03, 0xFF, 0xFF, 0xFF, 0xFF, 0xFF, 0xFF, 0x00, 0x00, 0x00, 0x00, 0x00, 0x00, 0x00, 0x00, 0x00, 
    0x00, 0x00, 0x00, 0x00, 0x00, 0x00, 0x00, 0x00, 0x00, 0x00, 0x00, 0x00, 0x00, 0x00, 0x00, 0x00, 
    0x00, 0x00, 0x00, 0x00, 0x00, 0x00, 0x00, 0x00, 0x00, 0x00, 0x00, 0x00, 0x00, 0x00, 0x00, 0x00, 
    0x00, 0x00, 0x00, 0x00, 0x00, 0x00, 0x00, 0x00, 0x00, 0x00, 0x00, 0x00, 0x00, 0x00, 0x00, 0x00, 
    0x00, 0x00, 0x00, 0x00, 0x00, 0x00, 0x00, 0x00, 0x00, 0x00, 0x00, 0x00, 0x00, 0x00, 0x00, 0x00, 
      },
  {
    0x00, 0x00, 0x00, 0x00, 0x00, 0x00, 0x00, 0x00, 0x00, 0x00, 0x00, 0x00, 0x00, 0x00, 0x00, 0x00, 
    0x00, 0x00, 0x00, 0x00, 0x00, 0x00, 0x00, 0x00, 0x00, 0x00, 0x00, 0x00, 0x00, 0x00, 0x00, 0x00, 
    0x00, 0x00, 0x00, 0x00, 0x00, 0x00, 0x00, 0x00, 0x00, 0x00, 0x00, 0x00, 0x00, 0x00, 0x00, 0x00, 
    0x00, 0x00, 0x00, 0x00, 0x00, 0x00, 0x00, 0x00, 0x00, 0x00, 0x00, 0x00, 0x00, 0x00, 0x00, 0x00, 
    0x00, 0x00, 0x00, 0x00, 0x00, 0x06, 0x10, 0x00, 0x00, 0x00, 0x01, 0xFF, 0xF8, 0x07, 0x30, 0x00, 
    0x00, 0x00, 0x03, 0xFF, 0xFC, 0x03, 0x30, 0x00, 0x00, 0x00, 0x07, 0xFF, 0xFE, 0x00, 0x40, 0x00, 
    0x00, 0x00, 0x0F, 0xE0, 0x07, 0xF1, 0xF0, 0x00, 0x00, 0x00, 0x0E, 0x70, 0x03, 0xFB, 0xF8, 0x00, 
    0x00, 0x00, 0x1C, 0x38, 0x01, 0xD3, 0x18, 0x00, 0x00, 0x00, 0x38, 0x1C, 0x01, 0xE7, 0x18, 0x00, 
    0x00, 0x00, 0x70, 0x0E, 0x00, 0xF3, 0xBB, 0x00, 0x00, 0x00, 0xE0, 0x0F, 0x00, 0x7B, 0xFB, 0xC0, 
    0x00, 0x01, 0xC0, 0x07, 0x00, 0x39, 0xE1, 0xC0, 0x00, 0x03, 0x80, 0x03, 0x80, 0x1C, 0x00, 0x00, 
    0x00, 0x07, 0x80, 0x01, 0xC0, 0x0F, 0x98, 0x00, 0x00, 0x07, 0x00, 0x00, 0xE0, 0x07, 0x9C, 0x00, 
    0x00, 0x0E, 0x00, 0x00, 0x70, 0x03, 0x8C, 0x00, 0x00, 0x1C, 0x00, 0x00, 0x38, 0x01, 0xCC, 0x00, 
    0x00, 0x38, 0x00, 0x00, 0x1C, 0x00, 0xE0, 0x00, 0x00, 0x70, 0x00, 0x00, 0x1E, 0x00, 0x70, 0x00, 
    0x00, 0xE0, 0x00, 0x00, 0x0F, 0x00, 0x38, 0x00, 0x01, 0xE0, 0x00, 0x00, 0x07, 0x00, 0x1C, 0x00, 
    0x03, 0xE0, 0x00, 0x00, 0x07, 0x80, 0x1E, 0x00, 0x03, 0xE0, 0x00, 0x00, 0x07, 0xFF, 0xFE, 0x00, 
    0x03, 0xE0, 0x00, 0x00, 0x06, 0xFF, 0xFE, 0x00, 0x00, 0xE0, 0x00, 0x00, 0x06, 0x00, 0x70, 0x00, 
    0x00, 0xE0, 0x00, 0x00, 0x06, 0x00, 0x70, 0x00, 0x00, 0xE0, 0x7F, 0xFE, 0x06, 0x00, 0x70, 0x00, 
    0x00, 0xE0, 0x7F, 0xFE, 0x06, 0x00, 0x70, 0x00, 0x00, 0xE0, 0x60, 0x0E, 0x06, 0x00, 0x70, 0x00, 
    0x00, 0xE0, 0x60, 0x0E, 0x06, 0x00, 0x70, 0x00, 0x00, 0xE0, 0x60, 0x0E, 0x06, 0x00, 0x70, 0x00, 
    0x00, 0xE0, 0x60, 0x0E, 0x06, 0x00, 0x70, 0x00, 0x00, 0xE0, 0x60, 0x06, 0x06, 0x00, 0x70, 0x00, 
    0x00, 0xE0, 0x60, 0x3E, 0x06, 0x00, 0x70, 0x00, 0x00, 0xE0, 0x60, 0x3E, 0x06, 0x00, 0x70, 0x00, 
    0x00, 0xE0, 0x60, 0x3E, 0x06, 0x00, 0x70, 0x00, 0x00, 0xE0, 0x60, 0x06, 0x06, 0x00, 0x70, 0x00, 
    0x00, 0xE0, 0x60, 0x0E, 0x06, 0x00, 0x70, 0x00, 0x00, 0xE0, 0x60, 0x0E, 0x06, 0x00, 0x70, 0x00, 
    0x00, 0xE0, 0x60, 0x0E, 0x06, 0x00, 0x70, 0x00, 0x00, 0xE0, 0x60, 0x0E, 0x06, 0x00, 0x70, 0x00, 
    0x00, 0xE0, 0x60, 0x0E, 0x06, 0x00, 0x70, 0x00, 0x00, 0xE0, 0x60, 0x0E, 0x06, 0x00, 0x70, 0x00, 
    0x00, 0xE0, 0x60, 0x0E, 0x06, 0x00, 0x70, 0x00, 0x00, 0xE0, 0x60, 0x06, 0x06, 0x00, 0x70, 0x00, 
    0x07, 0xFF, 0xFF, 0xFF, 0xFF, 0xFF, 0xFF, 0x80, 0x07, 0xFF, 0xFF, 0xFF, 0xFF, 0xFF, 0xFF, 0x80, 
    0x03, 0xFF, 0xFF, 0xFF, 0xFF, 0xFF, 0xFF, 0x00, 0x00, 0x00, 0x00, 0x00, 0x00, 0x00, 0x00, 0x00, 
    0x00, 0x00, 0x00, 0x00, 0x00, 0x00, 0x00, 0x00, 0x00, 0x00, 0x00, 0x00, 0x00, 0x00, 0x00, 0x00, 
    0x00, 0x00, 0x00, 0x00, 0x00, 0x00, 0x00, 0x00, 0x00, 0x00, 0x00, 0x00, 0x00, 0x00, 0x00, 0x00, 
    0x00, 0x00, 0x00, 0x00, 0x00, 0x00, 0x00, 0x00, 0x00, 0x00, 0x00, 0x00, 0x00, 0x00, 0x00, 0x00, 
    0x00, 0x00, 0x00, 0x00, 0x00, 0x00, 0x00, 0x00, 0x00, 0x00, 0x00, 0x00, 0x00, 0x00, 0x00, 0x00, 
      },
  {
    0x00, 0x00, 0x00, 0x00, 0x00, 0x00, 0x00, 0x00, 0x00, 0x00, 0x00, 0x00, 0x00, 0x00, 0x00, 0x00, 
    0x00, 0x00, 0x00, 0x00, 0x00, 0x00, 0x00, 0x00, 0x00, 0x00, 0x00, 0x00, 0x00, 0x00, 0x00, 0x00, 
    0x00, 0x00, 0x00, 0x00, 0x00, 0x00, 0x00, 0x00, 0x00, 0x00, 0x00, 0x00, 0x00, 0x00, 0x00, 0x00, 
    0x00, 0x00, 0x00, 0x00, 0x00, 0x00, 0x00, 0x00, 0x00, 0x00, 0x00, 0x00, 0x00, 0x00, 0x00, 0x00, 
    0x00, 0x00, 0x00, 0x00, 0x00, 0x00, 0x00, 0x00, 0x00, 0x00, 0x00, 0xFF, 0xE0, 0x00, 0x00, 0x00, 
    0x00, 0x00, 0x01, 0xFF, 0xF8, 0x08, 0x40, 0x00, 0x00, 0x00, 0x03, 0xFF, 0xFC, 0x1C, 0xE0, 0x00, 
    0x00, 0x00, 0x07, 0xF0, 0x1E, 0x0C, 0x00, 0x00, 0x00, 0x00, 0x0F, 0x38, 0x0F, 0x03, 0xC0, 0x00, 
    0x00, 0x00, 0x1E, 0x1C, 0x07, 0xC7, 0xE0, 0x00, 0x00, 0x00, 0x1C, 0x0E, 0x03, 0xF7, 0x70, 0x00, 
    0x00, 0x00, 0x38, 0x07, 0x01, 0xEE, 0x30, 0x00, 0x00, 0x00, 0x70, 0x07, 0x80, 0xE6, 0x37, 0x80, 
    0x00, 0x00, 0xE0, 0x03, 0xC0, 0x7F, 0xF7, 0x80, 0x00, 0x01, 0xC0, 0x01, 0xE0, 0x3F, 0xE1, 0x80, 
    0x00, 0x03, 0x80, 0x00, 0xE0, 0x1F, 0xC0, 0x00, 0x00, 0x07, 0x00, 0x00, 0x70, 0x0E, 0x38, 0x00, 
    0x00, 0x0E, 0x00, 0x00, 0x38, 0x07, 0x38, 0x00, 0x00, 0x1C, 0x00, 0x00, 0x1C, 0x03, 0x9C, 0x00, 
    0x00, 0x38, 0x00, 0x00, 0x0E, 0x01, 0xCC, 0x00, 0x00, 0x78, 0x00, 0x00, 0x07, 0x00, 0xE0, 0x00, 
    0x00, 0xF0, 0x00, 0x00, 0x03, 0x80, 0x70, 0x00, 0x00, 0xE0, 0x00, 0x00, 0x03, 0xC0, 0x38, 0x00, 
    0x01, 0xE0, 0x00, 0x00, 0x03, 0xE0, 0x1C, 0x00, 0x03, 0xE0, 0x00, 0x00, 0x03, 0xFF, 0xFE, 0x00, 
    0x03, 0x60, 0x00, 0x00, 0x03, 0x7F, 0xFE, 0x00, 0x00, 0x60, 0x00, 0x00, 0x03, 0x80, 0x70, 0x00, 
    0x00, 0x60, 0x00, 0x00, 0x03, 0x80, 0x70, 0x00, 0x00, 0x60, 0x3F, 0xFF, 0x03, 0x80, 0x70, 0x00, 
    0x00, 0x60, 0x7F, 0xFF, 0x03, 0x80, 0x70, 0x00, 0x00, 0x60, 0x70, 0x07, 0x03, 0x80, 0x70, 0x00, 
    0x00, 0x60, 0x70, 0x07, 0x03, 0x80, 0x70, 0x00, 0x00, 0x60, 0x70, 0x07, 0x03, 0x80, 0x70, 0x00, 
    0x00, 0x60, 0x70, 0x07, 0x03, 0x80, 0x70, 0x00, 0x00, 0x60, 0x70, 0x03, 0x03, 0x80, 0x70, 0x00, 
    0x00, 0x60, 0x70, 0x1F, 0x03, 0x80, 0x70, 0x00, 0x00, 0x60, 0x70, 0x3F, 0x03, 0x80, 0x70, 0x00, 
    0x00, 0x60, 0x70, 0x1F, 0x03, 0x80, 0x70, 0x00, 0x00, 0x60, 0x70, 0x03, 0x03, 0x80, 0x70, 0x00, 
    0x00, 0x60, 0x70, 0x07, 0x03, 0x80, 0x70, 0x00, 0x00, 0x60, 0x70, 0x07, 0x03, 0x80, 0x70, 0x00, 
    0x00, 0x60, 0x70, 0x07, 0x03, 0x80, 0x70, 0x00, 0x00, 0x60, 0x70, 0x07, 0x03, 0x80, 0x70, 0x00, 
    0x00, 0x60, 0x70, 0x07, 0x03, 0x80, 0x70, 0x00, 0x00, 0x60, 0x70, 0x07, 0x03, 0x80, 0x70, 0x00, 
    0x00, 0x60, 0x70, 0x07, 0x03, 0x80, 0x70, 0x00, 0x00, 0x60, 0x30, 0x03, 0x03, 0x00, 0x60, 0x00, 
    0x07, 0xFF, 0xFF, 0xFF, 0xFF, 0xFF, 0xFF, 0x80, 0x07, 0xFF, 0xFF, 0xFF, 0xFF, 0xFF, 0xFF, 0x80, 
    0x03, 0xFF, 0xFF, 0xFF, 0xFF, 0xFF, 0xFF, 0x00, 0x00, 0x00, 0x00, 0x00, 0x00, 0x00, 0x00, 0x00, 
    0x00, 0x00, 0x00, 0x00, 0x00, 0x00, 0x00, 0x00, 0x00, 0x00, 0x00, 0x00, 0x00, 0x00, 0x00, 0x00, 
    0x00, 0x00, 0x00, 0x00, 0x00, 0x00, 0x00, 0x00, 0x00, 0x00, 0x00, 0x00, 0x00, 0x00, 0x00, 0x00, 
    0x00, 0x00, 0x00, 0x00, 0x00, 0x00, 0x00, 0x00, 0x00, 0x00, 0x00, 0x00, 0x00, 0x00, 0x00, 0x00, 
    0x00, 0x00, 0x00, 0x00, 0x00, 0x00, 0x00, 0x00, 0x00, 0x00, 0x00, 0x00, 0x00, 0x00, 0x00, 0x00, 
      },
  {
    0x00, 0x00, 0x00, 0x00, 0x00, 0x00, 0x00, 0x00, 0x00, 0x00, 0x00, 0x00, 0x00, 0x00, 0x00, 0x00, 
    0x00, 0x00, 0x00, 0x00, 0x00, 0x00, 0x00, 0x00, 0x00, 0x00, 0x00, 0x00, 0x00, 0x00, 0x00, 0x00, 
    0x00, 0x00, 0x00, 0x00, 0x00, 0x00, 0x00, 0x00, 0x00, 0x00, 0x00, 0x00, 0x00, 0x00, 0x00, 0x00, 
    0x00, 0x00, 0x00, 0x00, 0x00, 0x00, 0x00, 0x00, 0x00, 0x00, 0x00, 0x00, 0x00, 0x00, 0x00, 0x00, 
    0x00, 0x00, 0x00, 0x00, 0x00, 0x00, 0x00, 0x00, 0x00, 0x00, 0x00, 0x7F, 0xC0, 0x00, 0x00, 0x00, 
    0x00, 0x00, 0x00, 0xFF, 0xF0, 0x00, 0x00, 0x00, 0x00, 0x00, 0x01, 0xFF, 0xF8, 0x00, 0x00, 0x00, 
    0x00, 0x00, 0x03, 0xF8, 0x3C, 0x00, 0x00, 0x00, 0x00, 0x00, 0x07, 0x1C, 0x1E, 0x30, 0x00, 0x00, 
    0x00, 0x00, 0x0E, 0x0E, 0x0F, 0x30, 0x00, 0x00, 0x00, 0x00, 0x1C, 0x07, 0x07, 0x97, 0x80, 0x00, 
    0x00, 0x00, 0x3C, 0x03, 0x83, 0xCF, 0xC0, 0x00, 0x00, 0x00, 0x78, 0x03, 0xC1, 0xDC, 0xE0, 0x00, 
    0x00, 0x00, 0xF0, 0x01, 0xE0, 0xFC, 0x6F, 0x00, 0x00, 0x01, 0xE0, 0x00, 0xF0, 0x7C, 0xEF, 0x00, 
    0x00, 0x03, 0xC0, 0x00, 0x78, 0x3F, 0xE7, 0x00, 0x00, 0x03, 0x80, 0x00, 0x3C, 0x1F, 0xC0, 0x00, 
    0x00, 0x07, 0x00, 0x00, 0x1E, 0x0F, 0x30, 0x00, 0x00, 0x0E, 0x00, 0x00, 0x0F, 0x07, 0x38, 0x00, 
    0x00, 0x1C, 0x00, 0x00, 0x07, 0x83, 0xB8, 0x00, 0x00, 0x38, 0x00, 0x00, 0x03, 0xC1, 0xD8, 0x00, 
    0x00, 0x70, 0x00, 0x00, 0x01, 0xE0, 0xE0, 0x00, 0x00, 0xF0, 0x00, 0x00, 0x00, 0xE0, 0x70, 0x00, 
    0x01, 0xF0, 0x00, 0x00, 0x00, 0xF0, 0x38, 0x00, 0x03, 0xF0, 0x00, 0x00, 0x00, 0xFF, 0xFC, 0x00, 
    0x03, 0x70, 0x00, 0x00, 0x00, 0xDF, 0xFC, 0x00, 0x00, 0x70, 0x00, 0x00, 0x00, 0xC0, 0x60, 0x00, 
    0x00, 0x70, 0x00, 0x00, 0x00, 0xC0, 0x60, 0x00, 0x00, 0x70, 0x3F, 0xFF, 0x80, 0xC0, 0x60, 0x00, 
    0x00, 0x70, 0x3F, 0xFF, 0x80, 0xC0, 0x60, 0x00, 0x00, 0x70, 0x38, 0x01, 0x80, 0xC0, 0x60, 0x00, 
    0x00, 0x70, 0x38, 0x01, 0x80, 0xC0, 0x60, 0x00, 0x00, 0x70, 0x38, 0x01, 0x80, 0xC0, 0x60, 0x00, 
    0x00, 0x70, 0x38, 0x01, 0x80, 0xC0, 0x60, 0x00, 0x00, 0x70, 0x38, 0x01, 0x80, 0xC0, 0x60, 0x00, 
    0x00, 0x70, 0x38, 0x0F, 0x80, 0xC0, 0x60, 0x00, 0x00, 0x70, 0x38, 0x1F, 0x80, 0xC0, 0x60, 0x00, 
    0x00, 0x70, 0x38, 0x0F, 0x80, 0xC0, 0x60, 0x00, 0x00, 0x70, 0x38, 0x01, 0x80, 0xC0, 0x60, 0x00, 
    0x00, 0x70, 0x38, 0x01, 0x80, 0xC0, 0x60, 0x00, 0x00, 0x70, 0x38, 0x01, 0x80, 0xC0, 0x60, 0x00, 
    0x00, 0x70, 0x38, 0x01, 0x80, 0xC0, 0x60, 0x00, 0x00, 0x70, 0x38, 0x01, 0x80, 0xC0, 0x60, 0x00, 
    0x00, 0x70, 0x38, 0x01, 0x80, 0xC0, 0x60, 0x00, 0x00, 0x70, 0x38, 0x01, 0x80, 0xC0, 0x60, 0x00, 
    0x00, 0x70, 0x38, 0x01, 0x80, 0xC0, 0x60, 0x00, 0x00, 0x60, 0x30, 0x01, 0x80, 0xC0, 0x60, 0x00, 
    0x07, 0xFF, 0xFF, 0xFF, 0xFF, 0xFF, 0xFF, 0x80, 0x07, 0xFF, 0xFF, 0xFF, 0xFF, 0xFF, 0xFF, 0x80, 
    0x03, 0xFF, 0xFF, 0xFF, 0xFF, 0xFF, 0xFF, 0x00, 0x00, 0x00, 0x00, 0x00, 0x00, 0x00, 0x00, 0x00, 
    0x00, 0x00, 0x00, 0x00, 0x00, 0x00, 0x00, 0x00, 0x00, 0x00, 0x00, 0x00, 0x00, 0x00, 0x00, 0x00, 
    0x00, 0x00, 0x00, 0x00, 0x00, 0x00, 0x00, 0x00, 0x00, 0x00, 0x00, 0x00, 0x00, 0x00, 0x00, 0x00, 
    0x00, 0x00, 0x00, 0x00, 0x00, 0x00, 0x00, 0x00, 0x00, 0x00, 0x00, 0x00, 0x00, 0x00, 0x00, 0x00, 
    0x00, 0x00, 0x00, 0x00, 0x00, 0x00, 0x00, 0x00, 0x00, 0x00, 0x00, 0x00, 0x00, 0x00, 0x00, 0x00, 
      },
  {
    0x00, 0x00, 0x00, 0x00, 0x00, 0x00, 0x00, 0x00, 0x00, 0x00, 0x00, 0x00, 0x00, 0x00, 0x00, 0x00, 
    0x00, 0x00, 0x00, 0x00, 0x00, 0x00, 0x00, 0x00, 0x00, 0x00, 0x00, 0x00, 0x00, 0x00, 0x00, 0x00, 
    0x00, 0x00, 0x00, 0x00, 0x00, 0x00, 0x00, 0x00, 0x00, 0x00, 0x00, 0x00, 0x00, 0x00, 0x00, 0x00, 
    0x00, 0x00, 0x00, 0x00, 0x00, 0x00, 0x00, 0x00, 0x00, 0x00, 0x00, 0x00, 0x00, 0x00, 0x00, 0x00, 
    0x00, 0x00, 0x00, 0x00, 0x00, 0x00, 0x00, 0x00, 0x00, 0x00, 0x00, 0x3F, 0x80, 0x00, 0x00, 0x00, 
    0x00, 0x00, 0x00, 0x7F, 0xE0, 0x00, 0x00, 0x00, 0x00, 0x00, 0x00, 0xFF, 0xF0, 0x00, 0x00, 0x00, 
    0x00, 0x00, 0x01, 0xFC, 0x78, 0x00, 0x00, 0x00, 0x00, 0x00, 0x03, 0x8E, 0x3C, 0x00, 0x00, 0x00, 
    0x00, 0x00, 0x07, 0x07, 0x1E, 0x00, 0x00, 0x00, 0x00, 0x00, 0x0E, 0x03, 0x8F, 0x00, 0x00, 0x00, 
    0x00, 0x00, 0x1C, 0x01, 0xC7, 0xE0, 0x00, 0x00, 0x00, 0x00, 0x38, 0x00, 0xE3, 0xDF, 0x00, 0x00, 
    0x00, 0x00, 0x70, 0x00, 0x71, 0xFF, 0x80, 0x00, 0x00, 0x00, 0xE0, 0x00, 0x38, 0xF9, 0xDE, 0x00, 
    0x00, 0x01, 0xC0, 0x00, 0x1C, 0x79, 0xFE, 0x00, 0x00, 0x03, 0x80, 0x00, 0x1E, 0x3D, 0xDC, 0x00, 
    0x00, 0x07, 0x00, 0x00, 0x0F, 0x1F, 0x80, 0x00, 0x00, 0x0E, 0x00, 0x00, 0x07, 0x8F, 0x00, 0x00, 
    0x00, 0x1E, 0x00, 0x00, 0x03, 0xC7, 0xF0, 0x00, 0x00, 0x3C, 0x00, 0x00, 0x01, 0xE3, 0xF8, 0x00, 
    0x00, 0x78, 0x00, 0x00, 0x00, 0xF1, 0xF8, 0x00, 0x00, 0xF0, 0x00, 0x00, 0x00, 0x78, 0xF0, 0x00, 
    0x01, 0xF0, 0x00, 0x00, 0x00, 0x7C, 0x78, 0x00, 0x03, 0xF0, 0x00, 0x00, 0x00, 0x7F, 0xFC, 0x00, 
    0x01, 0xB0, 0x00, 0x00, 0x00, 0x6F, 0xFC, 0x00, 0x00, 0x30, 0x00, 0x00, 0x00, 0x60, 0xE0, 0x00, 
    0x00, 0x30, 0x00, 0x00, 0x00, 0x60, 0xC0, 0x00, 0x00, 0x30, 0x1F, 0xFF, 0xC0, 0x60, 0xE0, 0x00, 
    0x00, 0x30, 0x1F, 0xFF, 0xC0, 0x60, 0xE0, 0x00, 0x00, 0x30, 0x18, 0x00, 0xC0, 0x60, 0xE0, 0x00, 
    0x00, 0x30, 0x18, 0x00, 0xC0, 0x60, 0xE0, 0x00, 0x00, 0x30, 0x18, 0x00, 0xC0, 0x60, 0xE0, 0x00, 
    0x00, 0x30, 0x18, 0x00, 0xC0, 0x60, 0xE0, 0x00, 0x00, 0x30, 0x18, 0x00, 0xC0, 0x60, 0xE0, 0x00, 
    0x00, 0x30, 0x18, 0x07, 0xC0, 0x60, 0xE0, 0x00, 0x00, 0x30, 0x18, 0x07, 0xC0, 0x60, 0xE0, 0x00, 
    0x00, 0x30, 0x18, 0x07, 0xC0, 0x60, 0xE0, 0x00, 0x00, 0x30, 0x18, 0x00, 0xC0, 0x60, 0xE0, 0x00, 
    0x00, 0x30, 0x18, 0x00, 0xC0, 0x60, 0xE0, 0x00, 0x00, 0x30, 0x18, 0x00, 0xC0, 0x60, 0xE0, 0x00, 
    0x00, 0x30, 0x18, 0x00, 0xC0, 0x60, 0xE0, 0x00, 0x00, 0x30, 0x18, 0x00, 0xC0, 0x60, 0xE0, 0x00, 
    0x00, 0x30, 0x18, 0x00, 0xC0, 0x60, 0xE0, 0x00, 0x00, 0x30, 0x18, 0x00, 0xC0, 0x60, 0xE0, 0x00, 
    0x00, 0x30, 0x18, 0x00, 0xC0, 0x60, 0xE0, 0x00, 0x00, 0x30, 0x18, 0x00, 0xC0, 0x60, 0xC0, 0x00, 
    0x07, 0xFF, 0xFF, 0xFF, 0xFF, 0xFF, 0xFF, 0x80, 0x07, 0xFF, 0xFF, 0xFF, 0xFF, 0xFF, 0xFF, 0x80, 
    0x03, 0xFF, 0xFF, 0xFF, 0xFF, 0xFF, 0xFF, 0x00, 0x00, 0x00, 0x00, 0x00, 0x00, 0x00, 0x00, 0x00, 
    0x00, 0x00, 0x00, 0x00, 0x00, 0x00, 0x00, 0x00, 0x00, 0x00, 0x00, 0x00, 0x00, 0x00, 0x00, 0x00, 
    0x00, 0x00, 0x00, 0x00, 0x00, 0x00, 0x00, 0x00, 0x00, 0x00, 0x00, 0x00, 0x00, 0x00, 0x00, 0x00, 
    0x00, 0x00, 0x00, 0x00, 0x00, 0x00, 0x00, 0x00, 0x00, 0x00, 0x00, 0x00, 0x00, 0x00, 0x00, 0x00, 
    0x00, 0x00, 0x00, 0x00, 0x00, 0x00, 0x00, 0x00, 0x00, 0x00, 0x00, 0x00, 0x00, 0x00, 0x00, 0x00, 
      },
  {
    0x00, 0x00, 0x00, 0x00, 0x00, 0x00, 0x00, 0x00, 0x00, 0x00, 0x00, 0x00, 0x00, 0x00, 0x00, 0x00, 
    0x00, 0x00, 0x00, 0x00, 0x00, 0x00, 0x00, 0x00, 0x00, 0x00, 0x00, 0x00, 0x00, 0x00, 0x00, 0x00, 
    0x00, 0x00, 0x00, 0x00, 0x00, 0x00, 0x00, 0x00, 0x00, 0x00, 0x00, 0x00, 0x00, 0x00, 0x00, 0x00, 
    0x00, 0x00, 0x00, 0x00, 0x00, 0x00, 0x00, 0x00, 0x00, 0x00, 0x00, 0x00, 0x00, 0x00, 0x00, 0x00, 
    0x00, 0x00, 0x00, 0x00, 0x00, 0x00, 0x00, 0x00, 0x00, 0x00, 0x00, 0x1F, 0x00, 0x00, 0x00, 0x00, 
    0x00, 0x00, 0x00, 0x3F, 0x80, 0x00, 0x00, 0x00, 0x00, 0x00, 0x00, 0x7F, 0xC0, 0x00, 0x00, 0x00, 
    0x00, 0x00, 0x00, 0xEE, 0xF0, 0x00, 0x00, 0x00, 0x00, 0x00, 0x01, 0xC7, 0x78, 0x00, 0x00, 0x00, 
    0x00, 0x00, 0x03, 0x83, 0xBC, 0x00, 0x00, 0x00, 0x00, 0x00, 0x07, 0x01, 0xDE, 0x00, 0x00, 0x00, 
    0x00, 0x00, 0x0E, 0x00, 0xEF, 0x00, 0x00, 0x00, 0x00, 0x00, 0x1C, 0x00, 0x77, 0x80, 0x00, 0x00, 
    0x00, 0x00, 0x38, 0x00, 0x3B, 0xC8, 0x00, 0x00, 0x00, 0x00, 0x70, 0x00, 0x1D, 0xFE, 0x00, 0x00, 
    0x00, 0x00, 0xE0, 0x00, 0x0E, 0x7F, 0x38, 0x00, 0x00, 0x01, 0xC0, 0x00, 0x07, 0x3B, 0x7C, 0x00, 
    0x00, 0x03, 0x80, 0x00, 0x03, 0x9F, 0x30, 0x00, 0x00, 0x07, 0x00, 0x00, 0x01, 0xCF, 0x00, 0x00, 
    0x00, 0x0E, 0x00, 0x00, 0x00, 0xE7, 0x00, 0x00, 0x00, 0x1C, 0x00, 0x00, 0x00, 0x73, 0xE0, 0x00, 
    0x00, 0x38, 0x00, 0x00, 0x00, 0x3D, 0xF0, 0x00, 0x00, 0x70, 0x00, 0x00, 0x00, 0x3E, 0xF0, 0x00, 
    0x00, 0xF0, 0x00, 0x00, 0x00, 0x3F, 0x70, 0x00, 0x01, 0xF0, 0x00, 0x00, 0x00, 0x3F, 0xF8, 0x00, 
    0x01, 0xB0, 0x00, 0x00, 0x00, 0x3B, 0xF8, 0x00, 0x00, 0x30, 0x00, 0x00, 0x00, 0x39, 0xC0, 0x00, 
    0x00, 0x30, 0x00, 0x00, 0x00, 0x39, 0xC0, 0x00, 0x00, 0x30, 0x0F, 0xFF, 0xE0, 0x39, 0xC0, 0x00, 
    0x00, 0x30, 0x0F, 0xFF, 0xE0, 0x39, 0xC0, 0x00, 0x00, 0x30, 0x0C, 0x00, 0x60, 0x39, 0xC0, 0x00, 
    0x00, 0x30, 0x0C, 0x00, 0x60, 0x39, 0xC0, 0x00, 0x00, 0x30, 0x0C, 0x00, 0x60, 0x39, 0xC0, 0x00, 
    0x00, 0x30, 0x0C, 0x00, 0x60, 0x39, 0xC0, 0x00, 0x00, 0x30, 0x0C, 0x00, 0x60, 0x39, 0xC0, 0x00, 
    0x00, 0x30, 0x0C, 0x03, 0xE0, 0x39, 0xC0, 0x00, 0x00, 0x30, 0x0C, 0x03, 0xE0, 0x39, 0xC0, 0x00, 
    0x00, 0x30, 0x0C, 0x03, 0xE0, 0x39, 0xC0, 0x00, 0x00, 0x30, 0x0C, 0x00, 0x60, 0x39, 0xC0, 0x00, 
    0x00, 0x30, 0x0C, 0x00, 0x60, 0x39, 0xC0, 0x00, 0x00, 0x30, 0x0C, 0x00, 0x60, 0x39, 0xC0, 0x00, 
    0x00, 0x30, 0x0C, 0x00, 0x60, 0x39, 0xC0, 0x00, 0x00, 0x30, 0x0C, 0x00, 0x60, 0x39, 0xC0, 0x00, 
    0x00, 0x30, 0x0C, 0x00, 0x60, 0x39, 0xC0, 0x00, 0x00, 0x30, 0x0C, 0x00, 0x60, 0x39, 0xC0, 0x00, 
    0x00, 0x30, 0x0C, 0x00, 0x60, 0x39, 0xC0, 0x00, 0x00, 0x30, 0x0C, 0x00, 0x60, 0x38, 0xC0, 0x00, 
    0x07, 0xFF, 0xFF, 0xFF, 0xFF, 0xFF, 0xFF, 0x80, 0x07, 0xFF, 0xFF, 0xFF, 0xFF, 0xFF, 0xFF, 0x80, 
    0x03, 0xFF, 0xFF, 0xFF, 0xFF, 0xFF, 0xFF, 0x00, 0x00, 0x00, 0x00, 0x00, 0x00, 0x00, 0x00, 0x00, 
    0x00, 0x00, 0x00, 0x00, 0x00, 0x00, 0x00, 0x00, 0x00, 0x00, 0x00, 0x00, 0x00, 0x00, 0x00, 0x00, 
    0x00, 0x00, 0x00, 0x00, 0x00, 0x00, 0x00, 0x00, 0x00, 0x00, 0x00, 0x00, 0x00, 0x00, 0x00, 0x00, 
    0x00, 0x00, 0x00, 0x00, 0x00, 0x00, 0x00, 0x00, 0x00, 0x00, 0x00, 0x00, 0x00, 0x00, 0x00, 0x00, 
    0x00, 0x00, 0x00, 0x00, 0x00, 0x00, 0x00, 0x00, 0x00, 0x00, 0x00, 0x00, 0x00, 0x00, 0x00, 0x00, 
      },
  {
    0x00, 0x00, 0x00, 0x00, 0x00, 0x00, 0x00, 0x00, 0x00, 0x00, 0x00, 0x00, 0x00, 0x00, 0x00, 0x00, 
    0x00, 0x00, 0x00, 0x00, 0x00, 0x00, 0x00, 0x00, 0x00, 0x00, 0x00, 0x00, 0x00, 0x00, 0x00, 0x00, 
    0x00, 0x00, 0x00, 0x00, 0x00, 0x00, 0x00, 0x00, 0x00, 0x00, 0x00, 0x00, 0x00, 0x00, 0x00, 0x00, 
    0x00, 0x00, 0x00, 0x00, 0x00, 0x00, 0x00, 0x00, 0x00, 0x00, 0x00, 0x00, 0x00, 0x00, 0x00, 0x00, 
    0x00, 0x00, 0x00, 0x00, 0x00, 0x00, 0x00, 0x00, 0x00, 0x00, 0x00, 0x0E, 0x00, 0x00, 0x00, 0x00, 
    0x00, 0x00, 0x00, 0x1F, 0x00, 0x00, 0x00, 0x00, 0x00, 0x00, 0x00, 0x3F, 0x80, 0x00, 0x00, 0x00, 
    0x00, 0x00, 0x00, 0x77, 0xC0, 0x00, 0x00, 0x00, 0x00, 0x00, 0x00, 0xE3, 0xE0, 0x00, 0x00, 0x00, 
    0x00, 0x00, 0x01, 0xC1, 0xF8, 0x00, 0x00, 0x00, 0x00, 0x00, 0x07, 0x80, 0xFC, 0x00, 0x00, 0x00, 
    0x00, 0x00, 0x0F, 0x00, 0x7E, 0x00, 0x00, 0x00, 0x00, 0x00, 0x1E, 0x00, 0x3F, 0x00, 0x00, 0x00, 
    0x00, 0x00, 0x3C, 0x00, 0x1F, 0x80, 0x00, 0x00, 0x00, 0x00, 0x78, 0x00, 0x0F, 0xC0, 0x00, 0x00, 
    0x00, 0x00, 0xF0, 0x00, 0x07, 0xF8, 0x00, 0x00, 0x00, 0x01, 0xE0, 0x00, 0x03, 0xFC, 0x70, 0x00, 
    0x00, 0x03, 0xC0, 0x00, 0x01, 0xFE, 0xF0, 0x00, 0x00, 0x07, 0x80, 0x00, 0x00, 0xFE, 0xC0, 0x00, 
    0x00, 0x0F, 0x00, 0x00, 0x00, 0x7E, 0x00, 0x00, 0x00, 0x1E, 0x00, 0x00, 0x00, 0x3F, 0x00, 0x00, 
    0x00, 0x3C, 0x00, 0x00, 0x00, 0x1F, 0xC0, 0x00, 0x00, 0x78, 0x00, 0x00, 0x00, 0x0F, 0xE0, 0x00, 
    0x00, 0xF8, 0x00, 0x00, 0x00, 0x0F, 0xF0, 0x00, 0x01, 0xF8, 0x00, 0x00, 0x00, 0x0F, 0xF8, 0x00, 
    0x01, 0x98, 0x00, 0x00, 0x00, 0x0D, 0xF8, 0x00, 0x00, 0x38, 0x00, 0x00, 0x00, 0x0D, 0x80, 0x00, 
    0x00, 0x38, 0x00, 0x00, 0x00, 0x0D, 0x80, 0x00, 0x00, 0x38, 0x0F, 0xFF, 0xF0, 0x0D, 0x80, 0x00, 
    0x00, 0x38, 0x0F, 0xFF, 0xF0, 0x0D, 0x80, 0x00, 0x00, 0x38, 0x0E, 0x00, 0x30, 0x0D, 0x80, 0x00, 
    0x00, 0x38, 0x0E, 0x00, 0x30, 0x0D, 0x80, 0x00, 0x00, 0x38, 0x0E, 0x00, 0x30, 0x0D, 0x80, 0x00, 
    0x00, 0x38, 0x0E, 0x00, 0x30, 0x0D, 0x80, 0x00, 0x00, 0x38, 0x0E, 0x00, 0x30, 0x0D, 0x80, 0x00, 
    0x00, 0x38, 0x0E, 0x01, 0xF0, 0x0D, 0x80, 0x00, 0x00, 0x38, 0x0E, 0x01, 0xF0, 0x0D, 0x80, 0x00, 
    0x00, 0x38, 0x0E, 0x01, 0xF0, 0x0D, 0x80, 0x00, 0x00, 0x38, 0x0E, 0x00, 0x30, 0x0D, 0x80, 0x00, 
    0x00, 0x38, 0x0E, 0x00, 0x30, 0x0D, 0x80, 0x00, 0x00, 0x38, 0x0E, 0x00, 0x30, 0x0D, 0x80, 0x00, 
    0x00, 0x38, 0x0E, 0x00, 0x30, 0x0D, 0x80, 0x00, 0x00, 0x38, 0x0E, 0x00, 0x30, 0x0D, 0x80, 0x00, 
    0x00, 0x38, 0x0E, 0x00, 0x30, 0x0D, 0x80, 0x00, 0x00, 0x38, 0x0E, 0x00, 0x30, 0x0D, 0x80, 0x00, 
    0x00, 0x38, 0x0E, 0x00, 0x30, 0x0D, 0x80, 0x00, 0x00, 0x18, 0x0E, 0x00, 0x30, 0x0D, 0x80, 0x00, 
    0x03, 0xFF, 0xFF, 0xFF, 0xFF, 0xFF, 0xFF, 0x80, 0x07, 0xFF, 0xFF, 0xFF, 0xFF, 0xFF, 0xFF, 0x80, 
    0x01, 0xFF, 0xFF, 0xFF, 0xFF, 0xFF, 0xFF, 0x00, 0x00, 0x00, 0x00, 0x00, 0x00, 0x00, 0x00, 0x00, 
    0x00, 0x00, 0x00, 0x00, 0x00, 0x00, 0x00, 0x00, 0x00, 0x00, 0x00, 0x00, 0x00, 0x00, 0x00, 0x00, 
    0x00, 0x00, 0x00, 0x00, 0x00, 0x00, 0x00, 0x00, 0x00, 0x00, 0x00, 0x00, 0x00, 0x00, 0x00, 0x00, 
    0x00, 0x00, 0x00, 0x00, 0x00, 0x00, 0x00, 0x00, 0x00, 0x00, 0x00, 0x00, 0x00, 0x00, 0x00, 0x00, 
    0x00, 0x00, 0x00, 0x00, 0x00, 0x00, 0x00, 0x00, 0x00, 0x00, 0x00, 0x00, 0x00, 0x00, 0x00, 0x00, 
      },
  {
    0x00, 0x00, 0x00, 0x00, 0x00, 0x00, 0x00, 0x00, 0x00, 0x00, 0x00, 0x00, 0x00, 0x00, 0x00, 0x00, 
    0x00, 0x00, 0x00, 0x00, 0x00, 0x00, 0x00, 0x00, 0x00, 0x00, 0x00, 0x00, 0x00, 0x00, 0x00, 0x00, 
    0x00, 0x00, 0x00, 0x00, 0x00, 0x00, 0x00, 0x00, 0x00, 0x00, 0x00, 0x00, 0x00, 0x00, 0x00, 0x00, 
    0x00, 0x00, 0x00, 0x00, 0x00, 0x00, 0x00, 0x00, 0x00, 0x00, 0x00, 0x00, 0x00, 0x00, 0x00, 0x00, 
    0x00, 0x00, 0x00, 0x00, 0x00, 0x00, 0x00, 0x00, 0x00, 0x00, 0x00, 0x04, 0x00, 0x00, 0x00, 0x00, 
    0x00, 0x00, 0x00, 0x1E, 0x00, 0x00, 0x00, 0x00, 0x00, 0x00, 0x00, 0x3F, 0x00, 0x00, 0x00, 0x00, 
    0x00, 0x00, 0x00, 0x7F, 0x80, 0x00, 0x00, 0x00, 0x00, 0x00, 0x00, 0xF1, 0xC0, 0x00, 0x00, 0x00, 
    0x00, 0x00, 0x01, 0xE0, 0xE0, 0x00, 0x00, 0x00, 0x00, 0x00, 0x03, 0xC0, 0x78, 0x00, 0x00, 0x00, 
    0x00, 0x00, 0x07, 0x80, 0x3C, 0x00, 0x00, 0x00, 0x00, 0x00, 0x0F, 0x00, 0x1E, 0x00, 0x00, 0x00, 
    0x00, 0x00, 0x1C, 0x00, 0x0F, 0x00, 0x00, 0x00, 0x00, 0x00, 0x38, 0x00, 0x07, 0x80, 0x00, 0x00, 
    0x00, 0x00, 0x70, 0x00, 0x03, 0xC0, 0x00, 0x00, 0x00, 0x00, 0xE0, 0x00, 0x01, 0xF0, 0x60, 0x00, 
    0x00, 0x01, 0xC0, 0x00, 0x00, 0xF9, 0xE0, 0x00, 0x00, 0x03, 0x80, 0x00, 0x00, 0x7D, 0xE0, 0x00, 
    0x00, 0x07, 0x00, 0x00, 0x00, 0x3E, 0x00, 0x00, 0x00, 0x0E, 0x00, 0x00, 0x00, 0x1F, 0x00, 0x00, 
    0x00, 0x3C, 0x00, 0x00, 0x00, 0x0F, 0x80, 0x00, 0x00, 0x78, 0x00, 0x00, 0x00, 0x07, 0xC0, 0x00, 
    0x00, 0xF8, 0x00, 0x00, 0x00, 0x07, 0xE0, 0x00, 0x01, 0xF8, 0x00, 0x00, 0x00, 0x07, 0xF0, 0x00, 
    0x00, 0xD8, 0x00, 0x00, 0x00, 0x07, 0xF0, 0x00, 0x00, 0x18, 0x00, 0x00, 0x00, 0x07, 0x00, 0x00, 
    0x00, 0x18, 0x00, 0x00, 0x00, 0x07, 0x00, 0x00, 0x00, 0x18, 0x07, 0xFF, 0xF8, 0x07, 0x00, 0x00, 
    0x00, 0x18, 0x07, 0xFF, 0xF8, 0x07, 0x00, 0x00, 0x00, 0x18, 0x06, 0x00, 0x18, 0x07, 0x00, 0x00, 
    0x00, 0x18, 0x06, 0x00, 0x18, 0x07, 0x00, 0x00, 0x00, 0x18, 0x06, 0x00, 0x18, 0x07, 0x00, 0x00, 
    0x00, 0x18, 0x06, 0x00, 0x18, 0x07, 0x00, 0x00, 0x00, 0x18, 0x06, 0x00, 0x18, 0x07, 0x00, 0x00, 
    0x00, 0x18, 0x06, 0x00, 0xF8, 0x07, 0x00, 0x00, 0x00, 0x18, 0x06, 0x00, 0xF8, 0x07, 0x00, 0x00, 
    0x00, 0x18, 0x06, 0x00, 0xF8, 0x07, 0x00, 0x00, 0x00, 0x18, 0x06, 0x00, 0x18, 0x07, 0x00, 0x00, 
    0x00, 0x18, 0x06, 0x00, 0x18, 0x07, 0x00, 0x00, 0x00, 0x18, 0x06, 0x00, 0x18, 0x07, 0x00, 0x00, 
    0x00, 0x18, 0x06, 0x00, 0x18, 0x07, 0x00, 0x00, 0x00, 0x18, 0x06, 0x00, 0x18, 0x07, 0x00, 0x00, 
    0x00, 0x18, 0x06, 0x00, 0x18, 0x07, 0x00, 0x00, 0x00, 0x18, 0x06, 0x00, 0x18, 0x07, 0x00, 0x00, 
    0x00, 0x18, 0x06, 0x00, 0x18, 0x07, 0x00, 0x00, 0x00, 0x18, 0x06, 0x00, 0x18, 0x07, 0x00, 0x00, 
    0x03, 0xFF, 0xFF, 0xFF, 0xFF, 0xFF, 0xFF, 0x80, 0x03, 0xFF, 0xFF, 0xFF, 0xFF, 0xFF, 0xFF, 0x80, 
    0x01, 0xFF, 0xFF, 0xFF, 0xFF, 0xFF, 0xFF, 0x00, 0x00, 0x00, 0x00, 0x00, 0x00, 0x00, 0x00, 0x00, 
    0x00, 0x00, 0x00, 0x00, 0x00, 0x00, 0x00, 0x00, 0x00, 0x00, 0x00, 0x00, 0x00, 0x00, 0x00, 0x00, 
    0x00, 0x00, 0x00, 0x00, 0x00, 0x00, 0x00, 0x00, 0x00, 0x00, 0x00, 0x00, 0x00, 0x00, 0x00, 0x00, 
    0x00, 0x00, 0x00, 0x00, 0x00, 0x00, 0x00, 0x00, 0x00, 0x00, 0x00, 0x00, 0x00, 0x00, 0x00, 0x00, 
    0x00, 0x00, 0x00, 0x00, 0x00, 0x00, 0x00, 0x00, 0x00, 0x00, 0x00, 0x00, 0x00, 0x00, 0x00, 0x00, 
      },
  {
    0x00, 0x00, 0x00, 0x00, 0x00, 0x00, 0x00, 0x00, 0x00, 0x00, 0x00, 0x00, 0x00, 0x00, 0x00, 0x00, 
    0x00, 0x00, 0x00, 0x00, 0x00, 0x00, 0x00, 0x00, 0x00, 0x00, 0x00, 0x00, 0x00, 0x00, 0x00, 0x00, 
    0x00, 0x00, 0x00, 0x00, 0x00, 0x00, 0x00, 0x00, 0x00, 0x00, 0x00, 0x00, 0x00, 0x00, 0x00, 0x00, 
    0x00, 0x00, 0x00, 0x00, 0x00, 0x00, 0x00, 0x00, 0x00, 0x00, 0x00, 0x00, 0x00, 0x00, 0x00, 0x00, 
    0x00, 0x00, 0x00, 0x00, 0x00, 0x00, 0x00, 0x00, 0x00, 0x00, 0x00, 0x02, 0x00, 0x00, 0x00, 0x00, 
    0x00, 0x00, 0x00, 0x0F, 0x00, 0x00, 0x00, 0x00, 0x00, 0x00, 0x00, 0x1F, 0x80, 0x00, 0x00, 0x00, 
    0x00, 0x00, 0x00, 0x3F, 0xC0, 0x00, 0x00, 0x00, 0x00, 0x00, 0x00, 0x78, 0xE0, 0x00, 0x00, 0x00, 
    0x00, 0x00, 0x00, 0xE0, 0x78, 0x00, 0x00, 0x00, 0x00, 0x00, 0x01, 0xC0, 0x3C, 0x00, 0x00, 0x00, 
    0x00, 0x00, 0x03, 0x80, 0x1E, 0x00, 0x00, 0x00, 0x00, 0x00, 0x07, 0x00, 0x0F, 0x00, 0x00, 0x00, 
    0x00, 0x00, 0x0E, 0x00, 0x07, 0x80, 0x00, 0x00, 0x00, 0x00, 0x3C, 0x00, 0x03, 0xC0, 0x00, 0x00, 
    0x00, 0x00, 0x78, 0x00, 0x01, 0xE0, 0x00, 0x00, 0x00, 0x00, 0xF0, 0x00, 0x00, 0xF8, 0x00, 0x00, 
    0x00, 0x01, 0xE0, 0x00, 0x00, 0x7C, 0x00, 0x00, 0x00, 0x03, 0xC0, 0x00, 0x00, 0x3E, 0x00, 0x00, 
    0x00, 0x07, 0x00, 0x00, 0x00, 0x0F, 0x00, 0x00, 0x00, 0x0E, 0x00, 0x00, 0x00, 0x07, 0x80, 0x00, 
    0x00, 0x1C, 0x00, 0x00, 0x00, 0x03, 0xC0, 0x00, 0x00, 0x3C, 0x00, 0x00, 0x00, 0x03, 0xE0, 0x00, 
    0x00, 0x7C, 0x00, 0x00, 0x00, 0x03, 0xF0, 0x00, 0x00, 0xFC, 0x00, 0x00, 0x00, 0x03, 0xF8, 0x00, 
    0x00, 0xDC, 0x00, 0x00, 0x00, 0x03, 0xFC, 0x00, 0x00, 0x1C, 0x00, 0x00, 0x00, 0x03, 0xC0, 0x00, 
    0x00, 0x1C, 0x00, 0x00, 0x00, 0x03, 0xC0, 0x00, 0x00, 0x1C, 0x03, 0xFF, 0xFC, 0x03, 0xC0, 0x00, 
    0x00, 0x1C, 0x03, 0xFF, 0xFC, 0x03, 0xC0, 0x00, 0x00, 0x1C, 0x03, 0x00, 0x0C, 0x03, 0xC0, 0x00, 
    0x00, 0x1C, 0x03, 0x00, 0x0C, 0x03, 0xC0, 0x00, 0x00, 0x1C, 0x03, 0x00, 0x0C, 0x03, 0xC0, 0x00, 
    0x00, 0x1C, 0x03, 0x00, 0x0C, 0x03, 0xC0, 0x00, 0x00, 0x1C, 0x03, 0x00, 0x0C, 0x03, 0xC0, 0x00, 
    0x00, 0x1C, 0x03, 0x00, 0x7C, 0x03, 0xC0, 0x00, 0x00, 0x1C, 0x03, 0x00, 0xFC, 0x03, 0xC0, 0x00, 
    0x00, 0x1C, 0x03, 0x00, 0x7C, 0x03, 0xC0, 0x00, 0x00, 0x1C, 0x03, 0x00, 0x0C, 0x03, 0xC0, 0x00, 
    0x00, 0x1C, 0x03, 0x00, 0x0C, 0x03, 0xC0, 0x00, 0x00, 0x1C, 0x03, 0x00, 0x0C, 0x03, 0xC0, 0x00, 
    0x00, 0x1C, 0x03, 0x00, 0x0C, 0x03, 0xC0, 0x00, 0x00, 0x1C, 0x03, 0x00, 0x0C, 0x03, 0xC0, 0x00, 
    0x00, 0x1C, 0x03, 0x00, 0x0C, 0x03, 0xC0, 0x00, 0x00, 0x1C, 0x03, 0x00, 0x0C, 0x03, 0xC0, 0x00, 
    0x00, 0x1C, 0x03, 0x00, 0x0C, 0x03, 0xC0, 0x00, 0x00, 0x1C, 0x03, 0x00, 0x0C, 0x01, 0xC0, 0x00, 
    0x01, 0xFF, 0xFF, 0xFF, 0xFF, 0xFF, 0xFF, 0x00, 0x03, 0xFF, 0xFF, 0xFF, 0xFF, 0xFF, 0xFF, 0x80, 
    0x00, 0xFF, 0xFF, 0xFF, 0xFF, 0xFF, 0xFE, 0x00, 0x00, 0x00, 0x00, 0x00, 0x00, 0x00, 0x00, 0x00, 
    0x00, 0x00, 0x00, 0x00, 0x00, 0x00, 0x00, 0x00, 0x00, 0x00, 0x00, 0x00, 0x00, 0x00, 0x00, 0x00, 
    0x00, 0x00, 0x00, 0x00, 0x00, 0x00, 0x00, 0x00, 0x00, 0x00, 0x00, 0x00, 0x00, 0x00, 0x00, 0x00, 
    0x00, 0x00, 0x00, 0x00, 0x00, 0x00, 0x00, 0x00, 0x00, 0x00, 0x00, 0x00, 0x00, 0x00, 0x00, 0x00, 
    0x00, 0x00, 0x00, 0x00, 0x00, 0x00, 0x00, 0x00, 0x00, 0x00, 0x00, 0x00, 0x00, 0x00, 0x00, 0x00, 
      },
  {
    0x00, 0x00, 0x00, 0x00, 0x00, 0x00, 0x00, 0x00, 0x00, 0x00, 0x00, 0x00, 0x00, 0x00, 0x00, 0x00, 
    0x00, 0x00, 0x00, 0x00, 0x00, 0x00, 0x00, 0x00, 0x00, 0x00, 0x00, 0x00, 0x00, 0x00, 0x00, 0x00, 
    0x00, 0x00, 0x00, 0x00, 0x00, 0x00, 0x00, 0x00, 0x00, 0x00, 0x00, 0x00, 0x00, 0x00, 0x00, 0x00, 
    0x00, 0x00, 0x00, 0x00, 0x00, 0x00, 0x00, 0x00, 0x00, 0x00, 0x00, 0x00, 0x00, 0x00, 0x00, 0x00, 
    0x00, 0x00, 0x00, 0x00, 0x00, 0x00, 0x00, 0x00, 0x00, 0x00, 0x00, 0x03, 0x00, 0x00, 0x00, 0x00, 
    0x00, 0x00, 0x00, 0x07, 0x80, 0x00, 0x00, 0x00, 0x00, 0x00, 0x00, 0x0F, 0xC0, 0x00, 0x00, 0x00, 
    0x00, 0x00, 0x00, 0x1D, 0xE0, 0x00, 0x00, 0x00, 0x00, 0x00, 0x00, 0x38, 0xF0, 0x00, 0x00, 0x00, 
    0x00, 0x00, 0x00, 0x70, 0x7C, 0x00, 0x00, 0x00, 0x00, 0x00, 0x01, 0xE0, 0x1E, 0x00, 0x00, 0x00, 
    0x00, 0x00, 0x03, 0xC0, 0x0F, 0x00, 0x00, 0x00, 0x00, 0x00, 0x07, 0x80, 0x07, 0x80, 0x00, 0x00, 
    0x00, 0x00, 0x0F, 0x00, 0x03, 0xC0, 0x00, 0x00, 0x00, 0x00, 0x1C, 0x00, 0x01, 0xE0, 0x00, 0x00, 
    0x00, 0x00, 0x38, 0x00, 0x00, 0xF8, 0x00, 0x00, 0x00, 0x00, 0x70, 0x00, 0x00, 0x7C, 0x00, 0x00, 
    0x00, 0x00, 0xE0, 0x00, 0x00, 0x3E, 0x00, 0x00, 0x00, 0x03, 0xC0, 0x00, 0x00, 0x0F, 0x00, 0x00, 
    0x00, 0x07, 0x80, 0x00, 0x00, 0x07, 0x80, 0x00, 0x00, 0x0F, 0x00, 0x00, 0x00, 0x03, 0xC0, 0x00, 
    0x00, 0x1E, 0x00, 0x00, 0x00, 0x01, 0xE0, 0x00, 0x00, 0x3C, 0x00, 0x00, 0x00, 0x00, 0xF8, 0x00, 
    0x00, 0x7C, 0x00, 0x00, 0x00, 0x00, 0xFC, 0x00, 0x00, 0xFC, 0x00, 0x00, 0x00, 0x00, 0xFE, 0x00, 
    0x00, 0xCC, 0x00, 0x00, 0x00, 0x00, 0xFE, 0x00, 0x00, 0x1C, 0x00, 0x00, 0x00, 0x00, 0xE0, 0x00, 
    0x00, 0x1C, 0x00, 0x00, 0x00, 0x00, 0xE0, 0x00, 0x00, 0x1C, 0x03, 0xFF, 0xFE, 0x00, 0xE0, 0x00, 
    0x00, 0x1C, 0x03, 0xFF, 0xFE, 0x00, 0xE0, 0x00, 0x00, 0x1C, 0x03, 0x80, 0x06, 0x00, 0xE0, 0x00, 
    0x00, 0x1C, 0x03, 0x80, 0x06, 0x00, 0xE0, 0x00, 0x00, 0x1C, 0x03, 0x80, 0x06, 0x00, 0xE0, 0x00, 
    0x00, 0x1C, 0x03, 0x80, 0x06, 0x00, 0xE0, 0x00, 0x00, 0x1C, 0x03, 0x80, 0x06, 0x00, 0xE0, 0x00, 
    0x00, 0x1C, 0x03, 0x80, 0x3E, 0x00, 0xE0, 0x00, 0x00, 0x1C, 0x03, 0x80, 0x7E, 0x00, 0xE0, 0x00, 
    0x00, 0x1C, 0x03, 0x80, 0x3E, 0x00, 0xE0, 0x00, 0x00, 0x1C, 0x03, 0x80, 0x06, 0x00, 0xE0, 0x00, 
    0x00, 0x1C, 0x03, 0x80, 0x06, 0x00, 0xE0, 0x00, 0x00, 0x1C, 0x03, 0x80, 0x06, 0x00, 0xE0, 0x00, 
    0x00, 0x1C, 0x03, 0x80, 0x06, 0x00, 0xE0, 0x00, 0x00, 0x1C, 0x03, 0x80, 0x06, 0x00, 0xE0, 0x00, 
    0x00, 0x1C, 0x03, 0x80, 0x06, 0x00, 0xE0, 0x00, 0x00, 0x1C, 0x03, 0x80, 0x06, 0x00, 0xE0, 0x00, 
    0x00, 0x1C, 0x03, 0x80, 0x06, 0x00, 0xE0, 0x00, 0x00, 0x0C, 0x03, 0x00, 0x06, 0x00, 0xE0, 0x00, 
    0x01, 0xFF, 0xFF, 0xFF, 0xFF, 0xFF, 0xFF, 0x00, 0x01, 0xFF, 0xFF, 0xFF, 0xFF, 0xFF, 0xFF, 0x00, 
    0x00, 0xFF, 0xFF, 0xFF, 0xFF, 0xFF, 0xFE, 0x00, 0x00, 0x00, 0x00, 0x00, 0x00, 0x00, 0x00, 0x00, 
    0x00, 0x00, 0x00, 0x00, 0x00, 0x00, 0x00, 0x00, 0x00, 0x00, 0x00, 0x00, 0x00, 0x00, 0x00, 0x00, 
    0x00, 0x00, 0x00, 0x00, 0x00, 0x00, 0x00, 0x00, 0x00, 0x00, 0x00, 0x00, 0x00, 0x00, 0x00, 0x00, 
    0x00, 0x00, 0x00, 0x00, 0x00, 0x00, 0x00, 0x00, 0x00, 0x00, 0x00, 0x00, 0x00, 0x00, 0x00, 0x00, 
    0x00, 0x00, 0x00, 0x00, 0x00, 0x00, 0x00, 0x00, 0x00, 0x00, 0x00, 0x00, 0x00, 0x00, 0x00, 0x00, 
      },
  {
    0x00, 0x00, 0x00, 0x00, 0x00, 0x00, 0x00, 0x00, 0x00, 0x00, 0x00, 0x00, 0x00, 0x00, 0x00, 0x00, 
    0x00, 0x00, 0x00, 0x00, 0x00, 0x00, 0x00, 0x00, 0x00, 0x00, 0x00, 0x00, 0x00, 0x00, 0x00, 0x00, 
    0x00, 0x00, 0x00, 0x00, 0x00, 0x00, 0x00, 0x00, 0x00, 0x00, 0x00, 0x00, 0x00, 0x00, 0x00, 0x00, 
    0x00, 0x00, 0x00, 0x00, 0x00, 0x00, 0x00, 0x00, 0x00, 0x00, 0x00, 0x00, 0x00, 0x00, 0x00, 0x00, 
    0x00, 0x00, 0x00, 0x00, 0x00, 0x00, 0x00, 0x00, 0x00, 0x00, 0x00, 0x01, 0x00, 0x00, 0x00, 0x00, 
    0x00, 0x00, 0x00, 0x03, 0xC0, 0x00, 0x00, 0x00, 0x00, 0x00, 0x00, 0x07, 0xE0, 0x00, 0x00, 0x00, 
    0x00, 0x00, 0x00, 0x1E, 0xF0, 0x00, 0x00, 0x00, 0x00, 0x00, 0x00, 0x3C, 0x78, 0x00, 0x00, 0x00, 
    0x00, 0x00, 0x00, 0x78, 0x3C, 0x00, 0x00, 0x00, 0x00, 0x00, 0x00, 0xF0, 0x1E, 0x00, 0x00, 0x00, 
    0x00, 0x00, 0x01, 0xC0, 0x07, 0x80, 0x00, 0x00, 0x00, 0x00, 0x03, 0x80, 0x03, 0xC0, 0x00, 0x00, 
    0x00, 0x00, 0x0F, 0x00, 0x01, 0xE0, 0x00, 0x00, 0x00, 0x00, 0x1E, 0x00, 0x00, 0xF0, 0x00, 0x00, 
    0x00, 0x00, 0x3C, 0x00, 0x00, 0x78, 0x00, 0x00, 0x00, 0x00, 0x78, 0x00, 0x00, 0x3C, 0x00, 0x00, 
    0x00, 0x00, 0xE0, 0x00, 0x00, 0x1F, 0x00, 0x00, 0x00, 0x01, 0xC0, 0x00, 0x00, 0x07, 0x80, 0x00, 
    0x00, 0x03, 0x80, 0x00, 0x00, 0x03, 0xC0, 0x00, 0x00, 0x0F, 0x00, 0x00, 0x00, 0x01, 0xE0, 0x00, 
    0x00, 0x1E, 0x00, 0x00, 0x00, 0x00, 0xF0, 0x00, 0x00, 0x3C, 0x00, 0x00, 0x00, 0x00, 0x78, 0x00, 
    0x00, 0x7C, 0x00, 0x00, 0x00, 0x00, 0x7E, 0x00, 0x00, 0xFC, 0x00, 0x00, 0x00, 0x00, 0x7F, 0x00, 
    0x00, 0xCC, 0x00, 0x00, 0x00, 0x00, 0x77, 0x00, 0x00, 0x0C, 0x00, 0x00, 0x00, 0x00, 0x70, 0x00, 
    0x00, 0x0C, 0x00, 0x00, 0x00, 0x00, 0x70, 0x00, 0x00, 0x0C, 0x01, 0xFF, 0xFF, 0x00, 0x70, 0x00, 
    0x00, 0x0C, 0x01, 0xFF, 0xFF, 0x00, 0x70, 0x00, 0x00, 0x0C, 0x01, 0x80, 0x03, 0x00, 0x70, 0x00, 
    0x00, 0x0C, 0x01, 0x80, 0x03, 0x00, 0x70, 0x00, 0x00, 0x0C, 0x01, 0x80, 0x03, 0x00, 0x70, 0x00, 
    0x00, 0x0C, 0x01, 0x80, 0x03, 0x00, 0x70, 0x00, 0x00, 0x0C, 0x01, 0x80, 0x03, 0x00, 0x70, 0x00, 
    0x00, 0x0C, 0x01, 0x80, 0x1F, 0x00, 0x70, 0x00, 0x00, 0x0C, 0x01, 0x80, 0x3F, 0x00, 0x70, 0x00, 
    0x00, 0x0C, 0x01, 0x80, 0x1F, 0x00, 0x70, 0x00, 0x00, 0x0C, 0x01, 0x80, 0x03, 0x00, 0x70, 0x00, 
    0x00, 0x0C, 0x01, 0x80, 0x03, 0x00, 0x70, 0x00, 0x00, 0x0C, 0x01, 0x80, 0x03, 0x00, 0x70, 0x00, 
    0x00, 0x0C, 0x01, 0x80, 0x03, 0x00, 0x70, 0x00, 0x00, 0x0C, 0x01, 0x80, 0x03, 0x00, 0x70, 0x00, 
    0x00, 0x0C, 0x01, 0x80, 0x03, 0x00, 0x70, 0x00, 0x00, 0x0C, 0x01, 0x80, 0x03, 0x00, 0x70, 0x00, 
    0x00, 0x0C, 0x01, 0x80, 0x03, 0x00, 0x70, 0x00, 0x00, 0x0C, 0x01, 0x80, 0x03, 0x00, 0x70, 0x00, 
    0x00, 0xFF, 0xFF, 0xFF, 0xFF, 0xFF, 0xFF, 0x00, 0x01, 0xFF, 0xFF, 0xFF, 0xFF, 0xFF, 0xFF, 0x00, 
    0x00, 0x7F, 0xFF, 0xFF, 0xFF, 0xFF, 0xFE, 0x00, 0x00, 0x00, 0x00, 0x00, 0x00, 0x00, 0x00, 0x00, 
    0x00, 0x00, 0x00, 0x00, 0x00, 0x00, 0x00, 0x00, 0x00, 0x00, 0x00, 0x00, 0x00, 0x00, 0x00, 0x00, 
    0x00, 0x00, 0x00, 0x00, 0x00, 0x00, 0x00, 0x00, 0x00, 0x00, 0x00, 0x00, 0x00, 0x00, 0x00, 0x00, 
    0x00, 0x00, 0x00, 0x00, 0x00, 0x00, 0x00, 0x00, 0x00, 0x00, 0x00, 0x00, 0x00, 0x00, 0x00, 0x00, 
    0x00, 0x00, 0x00, 0x00, 0x00, 0x00, 0x00, 0x00, 0x00, 0x00, 0x00, 0x00, 0x00, 0x00, 0x00, 0x00, 
      },
  {
    0x00, 0x00, 0x00, 0x00, 0x00, 0x00, 0x00, 0x00, 0x00, 0x00, 0x00, 0x00, 0x00, 0x00, 0x00, 0x00, 
    0x00, 0x00, 0x00, 0x00, 0x00, 0x00, 0x00, 0x00, 0x00, 0x00, 0x00, 0x00, 0x00, 0x00, 0x00, 0x00, 
    0x00, 0x00, 0x00, 0x00, 0x00, 0x00, 0x00, 0x00, 0x00, 0x00, 0x00, 0x00, 0x00, 0x00, 0x00, 0x00, 
    0x00, 0x00, 0x00, 0x00, 0x00, 0x00, 0x00, 0x00, 0x00, 0x00, 0x00, 0x00, 0x00, 0x00, 0x00, 0x00, 
    0x00, 0x00, 0x00, 0x00, 0x00, 0x00, 0x00, 0x00, 0x00, 0x00, 0x00, 0x01, 0x80, 0x00, 0x00, 0x00, 
    0x00, 0x00, 0x00, 0x03, 0xC0, 0x00, 0x00, 0x00, 0x00, 0x00, 0x00, 0x07, 0xE0, 0x00, 0x00, 0x00, 
    0x00, 0x00, 0x00, 0x0E, 0xF0, 0x00, 0x00, 0x00, 0x00, 0x00, 0x00, 0x1C, 0x38, 0x00, 0x00, 0x00, 
    0x00, 0x00, 0x00, 0x78, 0x1E, 0x00, 0x00, 0x00, 0x00, 0x00, 0x00, 0xF0, 0x0F, 0x00, 0x00, 0x00, 
    0x00, 0x00, 0x01, 0xE0, 0x07, 0x80, 0x00, 0x00, 0x00, 0x00, 0x03, 0xC0, 0x03, 0xC0, 0x00, 0x00, 
    0x00, 0x00, 0x07, 0x00, 0x01, 0xE0, 0x00, 0x00, 0x00, 0x00, 0x0E, 0x00, 0x00, 0x70, 0x00, 0x00, 
    0x00, 0x00, 0x3C, 0x00, 0x00, 0x3C, 0x00, 0x00, 0x00, 0x00, 0x78, 0x00, 0x00, 0x1E, 0x00, 0x00, 
    0x00, 0x00, 0xF0, 0x00, 0x00, 0x0F, 0x00, 0x00, 0x00, 0x01, 0xE0, 0x00, 0x00, 0x07, 0x80, 0x00, 
    0x00, 0x03, 0x80, 0x00, 0x00, 0x01, 0xC0, 0x00, 0x00, 0x07, 0x00, 0x00, 0x00, 0x00, 0xE0, 0x00, 
    0x00, 0x1E, 0x00, 0x00, 0x00, 0x00, 0x78, 0x00, 0x00, 0x3C, 0x00, 0x00, 0x00, 0x00, 0x3C, 0x00, 
    0x00, 0x7C, 0x00, 0x00, 0x00, 0x00, 0x3E, 0x00, 0x00, 0xFC, 0x00, 0x00, 0x00, 0x00, 0x3F, 0x00, 
    0x00, 0xCC, 0x00, 0x00, 0x00, 0x00, 0x33, 0x00, 0x00, 0x0C, 0x00, 0x00, 0x00, 0x00, 0x30, 0x00, 
    0x00, 0x0C, 0x00, 0x00, 0x00, 0x00, 0x30, 0x00, 0x00, 0x0C, 0x01, 0xFF, 0xFF, 0x80, 0x30, 0x00, 
    0x00, 0x0C, 0x01, 0xFF, 0xFF, 0x80, 0x30, 0x00, 0x00, 0x0C, 0x01, 0x80, 0x01, 0x80, 0x30, 0x00, 
    0x00, 0x0C, 0x01, 0x80, 0x01, 0x80, 0x30, 0x00, 0x00, 0x0C, 0x01, 0x80, 0x01, 0x80, 0x30, 0x00, 
    0x00, 0x0C, 0x01, 0x80, 0x01, 0x80, 0x30, 0x00, 0x00, 0x0C, 0x01, 0x80, 0x01, 0x80, 0x30, 0x00, 
    0x00, 0x0C, 0x01, 0x80, 0x0F, 0x80, 0x30, 0x00, 0x00, 0x0C, 0x01, 0x80, 0x1F, 0x80, 0x30, 0x00, 
    0x00, 0x0C, 0x01, 0x80, 0x1F, 0x80, 0x30, 0x00, 0x00, 0x0C, 0x01, 0x80, 0x01, 0x80, 0x30, 0x00, 
    0x00, 0x0C, 0x01, 0x80, 0x01, 0x80, 0x30, 0x00, 0x00, 0x0C, 0x01, 0x80, 0x01, 0x80, 0x30, 0x00, 
    0x00, 0x0C, 0x01, 0x80, 0x01, 0x80, 0x30, 0x00, 0x00, 0x0C, 0x01, 0x80, 0x01, 0x80, 0x30, 0x00, 
    0x00, 0x0C, 0x01, 0x80, 0x01, 0x80, 0x30, 0x00, 0x00, 0x0C, 0x01, 0x80, 0x01, 0x80, 0x30, 0x00, 
    0x00, 0x0C, 0x01, 0x80, 0x01, 0x80, 0x30, 0x00, 0x00, 0x0C, 0x01, 0x80, 0x01, 0x80, 0x30, 0x00, 
    0x00, 0xFF, 0xFF, 0xFF, 0xFF, 0xFF, 0xFF, 0x00, 0x00, 0xFF, 0xFF, 0xFF, 0xFF, 0xFF, 0xFF, 0x00, 
    0x00, 0x7F, 0xFF, 0xFF, 0xFF, 0xFF, 0xFE, 0x00, 0x00, 0x00, 0x00, 0x00, 0x00, 0x00, 0x00, 0x00, 
    0x00, 0x00, 0x00, 0x00, 0x00, 0x00, 0x00, 0x00, 0x00, 0x00, 0x00, 0x00, 0x00, 0x00, 0x00, 0x00, 
    0x00, 0x00, 0x00, 0x00, 0x00, 0x00, 0x00, 0x00, 0x00, 0x00, 0x00, 0x00, 0x00, 0x00, 0x00, 0x00, 
    0x00, 0x00, 0x00, 0x00, 0x00, 0x00, 0x00, 0x00, 0x00, 0x00, 0x00, 0x00, 0x00, 0x00, 0x00, 0x00, 
    0x00, 0x00, 0x00, 0x00, 0x00, 0x00, 0x00, 0x00, 0x00, 0x00, 0x00, 0x00, 0x00, 0x00, 0x00, 0x00, 
      },
  {
    0x00, 0x00, 0x00, 0x00, 0x00, 0x00, 0x00, 0x00, 0x00, 0x00, 0x00, 0x00, 0x00, 0x00, 0x00, 0x00, 
    0x00, 0x00, 0x00, 0x00, 0x00, 0x00, 0x00, 0x00, 0x00, 0x00, 0x00, 0x00, 0x00, 0x00, 0x00, 0x00, 
    0x00, 0x00, 0x00, 0x00, 0x00, 0x00, 0x00, 0x00, 0x00, 0x00, 0x00, 0x00, 0x00, 0x00, 0x00, 0x00, 
    0x00, 0x00, 0x00, 0x00, 0x00, 0x00, 0x00, 0x00, 0x00, 0x00, 0x00, 0x00, 0x00, 0x00, 0x00, 0x00, 
    0x00, 0x00, 0x00, 0x00, 0x00, 0x00, 0x00, 0x00, 0x00, 0x00, 0x00, 0x01, 0x80, 0x00, 0x00, 0x00, 
    0x00, 0x00, 0x00, 0x03, 0xC0, 0x00, 0x00, 0x00, 0x00, 0x00, 0x00, 0x07, 0xE0, 0x00, 0x00, 0x00, 
    0x00, 0x00, 0x00, 0x0E, 0xF0, 0x00, 0x00, 0x00, 0x00, 0x00, 0x00, 0x1C, 0x38, 0x00, 0x00, 0x00, 
    0x00, 0x00, 0x00, 0x78, 0x1E, 0x00, 0x00, 0x00, 0x00, 0x00, 0x00, 0xF0, 0x0F, 0x00, 0x00, 0x00, 
    0x00, 0x00, 0x01, 0xE0, 0x07, 0x80, 0x00, 0x00, 0x00, 0x00, 0x03, 0xC0, 0x03, 0xC0, 0x00, 0x00, 
    0x00, 0x00, 0x07, 0x00, 0x01, 0xE0, 0x00, 0x00, 0x00, 0x00, 0x0E, 0x00, 0x00, 0x70, 0x00, 0x00, 
    0x00, 0x00, 0x3C, 0x00, 0x00, 0x3C, 0x00, 0x00, 0x00, 0x00, 0x78, 0x00, 0x00, 0x1E, 0x00, 0x00, 
    0x00, 0x00, 0xF0, 0x00, 0x00, 0x0F, 0x00, 0x00, 0x00, 0x01, 0xE0, 0x00, 0x00, 0x07, 0x80, 0x00, 
    0x00, 0x03, 0x80, 0x00, 0x00, 0x01, 0xC0, 0x00, 0x00, 0x07, 0x00, 0x00, 0x00, 0x00, 0xE0, 0x00, 
    0x00, 0x1E, 0x00, 0x00, 0x00, 0x00, 0x78, 0x00, 0x00, 0x3C, 0x00, 0x00, 0x00, 0x00, 0x3C, 0x00, 
    0x00, 0x7C, 0x00, 0x00, 0x00, 0x00, 0x3E, 0x00, 0x00, 0xFC, 0x00, 0x00, 0x00, 0x00, 0x3F, 0x00, 
    0x00, 0xCC, 0x00, 0x00, 0x00, 0x00, 0x33, 0x00, 0x00, 0x0C, 0x00, 0x00, 0x00, 0x00, 0x30, 0x00, 
    0x00, 0x0C, 0x00, 0x00, 0x00, 0x00, 0x30, 0x00, 0x00, 0x0C, 0x01, 0xFF, 0xFF, 0x80, 0x30, 0x00, 
    0x00, 0x0C, 0x01, 0xFF, 0xFF, 0x80, 0x30, 0x00, 0x00, 0x0C, 0x01, 0x80, 0x01, 0x80, 0x30, 0x00, 
    0x00, 0x0C, 0x01, 0x80, 0x01, 0x80, 0x30, 0x00, 0x00, 0x0C, 0x01, 0x80, 0x01, 0x80, 0x30, 0x00, 
    0x00, 0x0C, 0x01, 0x80, 0x01, 0x80, 0x30, 0x00, 0x00, 0x0C, 0x01, 0x80, 0x01, 0x80, 0x30, 0x00, 
    0x00, 0x0C, 0x01, 0x80, 0x0F, 0x80, 0x30, 0x00, 0x00, 0x0C, 0x01, 0x80, 0x1F, 0x80, 0x30, 0x00, 
    0x00, 0x0C, 0x01, 0x80, 0x1F, 0x80, 0x30, 0x00, 0x00, 0x0C, 0x01, 0x80, 0x01, 0x80, 0x30, 0x00, 
    0x00, 0x0C, 0x01, 0x80, 0x01, 0x80, 0x30, 0x00, 0x00, 0x0C, 0x01, 0x80, 0x01, 0x80, 0x30, 0x00, 
    0x00, 0x0C, 0x01, 0x80, 0x01, 0x80, 0x30, 0x00, 0x00, 0x0C, 0x01, 0x80, 0x01, 0x80, 0x30, 0x00, 
    0x00, 0x0C, 0x01, 0x80, 0x01, 0x80, 0x30, 0x00, 0x00, 0x0C, 0x01, 0x80, 0x01, 0x80, 0x30, 0x00, 
    0x00, 0x0C, 0x01, 0x80, 0x01, 0x80, 0x30, 0x00, 0x00, 0x0C, 0x01, 0x80, 0x01, 0x80, 0x30, 0x00, 
    0x00, 0xFF, 0xFF, 0xFF, 0xFF, 0xFF, 0xFF, 0x00, 0x00, 0xFF, 0xFF, 0xFF, 0xFF, 0xFF, 0xFF, 0x00, 
    0x00, 0x7F, 0xFF, 0xFF, 0xFF, 0xFF, 0xFE, 0x00, 0x00, 0x00, 0x00, 0x00, 0x00, 0x00, 0x00, 0x00, 
    0x00, 0x00, 0x00, 0x00, 0x00, 0x00, 0x00, 0x00, 0x00, 0x00, 0x00, 0x00, 0x00, 0x00, 0x00, 0x00, 
    0x00, 0x00, 0x00, 0x00, 0x00, 0x00, 0x00, 0x00, 0x00, 0x00, 0x00, 0x00, 0x00, 0x00, 0x00, 0x00, 
    0x00, 0x00, 0x00, 0x00, 0x00, 0x00, 0x00, 0x00, 0x00, 0x00, 0x00, 0x00, 0x00, 0x00, 0x00, 0x00, 
    0x00, 0x00, 0x00, 0x00, 0x00, 0x00, 0x00, 0x00, 0x00, 0x00, 0x00, 0x00, 0x00, 0x00, 0x00, 0x00, 
      },
  {
    0x00, 0x00, 0x00, 0x00, 0x00, 0x00, 0x00, 0x00, 0x00, 0x00, 0x00, 0x00, 0x00, 0x00, 0x00, 0x00, 
    0x00, 0x00, 0x00, 0x00, 0x00, 0x00, 0x00, 0x00, 0x00, 0x00, 0x00, 0x00, 0x00, 0x00, 0x00, 0x00, 
    0x00, 0x00, 0x00, 0x00, 0x00, 0x00, 0x00, 0x00, 0x00, 0x00, 0x00, 0x00, 0x00, 0x00, 0x00, 0x00, 
    0x00, 0x00, 0x00, 0x00, 0x00, 0x00, 0x00, 0x00, 0x00, 0x00, 0x00, 0x00, 0x00, 0x00, 0x00, 0x00, 
    0x00, 0x00, 0x00, 0x00, 0x00, 0x00, 0x00, 0x00, 0x00, 0x00, 0x00, 0x01, 0x80, 0x00, 0x00, 0x00, 
    0x00, 0x00, 0x00, 0x03, 0xC0, 0x00, 0x00, 0x00, 0x00, 0x00, 0x00, 0x07, 0xE0, 0x00, 0x00, 0x00, 
    0x00, 0x00, 0x00, 0x0E, 0xF0, 0x00, 0x00, 0x00, 0x00, 0x00, 0x00, 0x1C, 0x38, 0x00, 0x00, 0x00, 
    0x00, 0x00, 0x00, 0x78, 0x1E, 0x00, 0x00, 0x00, 0x00, 0x00, 0x00, 0xF0, 0x0F, 0x00, 0x00, 0x00, 
    0x00, 0x00, 0x01, 0xE0, 0x07, 0x80, 0x00, 0x00, 0x00, 0x00, 0x03, 0xC0, 0x03, 0xC0, 0x00, 0x00, 
    0x00, 0x00, 0x07, 0x00, 0x01, 0xE0, 0x00, 0x00, 0x00, 0x00, 0x0E, 0x00, 0x00, 0x70, 0x00, 0x00, 
    0x00, 0x00, 0x3C, 0x00, 0x00, 0x3C, 0x00, 0x00, 0x00, 0x00, 0x78, 0x00, 0x00, 0x1E, 0x00, 0x00, 
    0x00, 0x00, 0xF0, 0x00, 0x00, 0x0F, 0x00, 0x00, 0x00, 0x01, 0xE0, 0x00, 0x00, 0x07, 0x80, 0x00, 
    0x00, 0x03, 0x80, 0x00, 0x00, 0x01, 0xC0, 0x00, 0x00, 0x07, 0x00, 0x00, 0x00, 0x00, 0xE0, 0x00, 
    0x00, 0x1E, 0x00, 0x00, 0x00, 0x00, 0x78, 0x00, 0x00, 0x3C, 0x00, 0x00, 0x00, 0x00, 0x3C, 0x00, 
    0x00, 0x7C, 0x00, 0x00, 0x00, 0x00, 0x3E, 0x00, 0x00, 0xFC, 0x00, 0x00, 0x00, 0x00, 0x3F, 0x00, 
    0x00, 0xCC, 0x00, 0x00, 0x00, 0x00, 0x33, 0x00, 0x00, 0x0C, 0x00, 0x00, 0x00, 0x00, 0x30, 0x00, 
    0x00, 0x0C, 0x00, 0x00, 0x00, 0x00, 0x30, 0x00, 0x00, 0x0C, 0x01, 0xFF, 0xFF, 0x80, 0x30, 0x00, 
    0x00, 0x0C, 0x01, 0xFF, 0xFF, 0x80, 0x30, 0x00, 0x00, 0x0C, 0x01, 0x80, 0x01, 0x80, 0x30, 0x00, 
    0x00, 0x0C, 0x01, 0x80, 0x01, 0x80, 0x30, 0x00, 0x00, 0x0C, 0x01, 0x80, 0x01, 0x80, 0x30, 0x00, 
    0x00, 0x0C, 0x01, 0x80, 0x01, 0x80, 0x30, 0x00, 0x00, 0x0C, 0x01, 0x80, 0x01, 0x80, 0x30, 0x00, 
    0x00, 0x0C, 0x01, 0x80, 0x0F, 0x80, 0x30, 0x00, 0x00, 0x0C, 0x01, 0x80, 0x1F, 0x80, 0x30, 0x00, 
    0x00, 0x0C, 0x01, 0x80, 0x1F, 0x80, 0x30, 0x00, 0x00, 0x0C, 0x01, 0x80, 0x01, 0x80, 0x30, 0x00, 
    0x00, 0x0C, 0x01, 0x80, 0x01, 0x80, 0x30, 0x00, 0x00, 0x0C, 0x01, 0x80, 0x01, 0x80, 0x30, 0x00, 
    0x00, 0x0C, 0x01, 0x80, 0x01, 0x80, 0x30, 0x00, 0x00, 0x0C, 0x01, 0x80, 0x01, 0x80, 0x30, 0x00, 
    0x00, 0x0C, 0x01, 0x80, 0x01, 0x80, 0x30, 0x00, 0x00, 0x0C, 0x01, 0x80, 0x01, 0x80, 0x30, 0x00, 
    0x00, 0x0C, 0x01, 0x80, 0x01, 0x80, 0x30, 0x00, 0x00, 0x0C, 0x01, 0x80, 0x01, 0x80, 0x30, 0x00, 
    0x00, 0xFF, 0xFF, 0xFF, 0xFF, 0xFF, 0xFF, 0x00, 0x00, 0xFF, 0xFF, 0xFF, 0xFF, 0xFF, 0xFF, 0x00, 
    0x00, 0x7F, 0xFF, 0xFF, 0xFF, 0xFF, 0xFE, 0x00, 0x00, 0x00, 0x00, 0x00, 0x00, 0x00, 0x00, 0x00, 
    0x00, 0x00, 0x00, 0x00, 0x00, 0x00, 0x00, 0x00, 0x00, 0x00, 0x00, 0x00, 0x00, 0x00, 0x00, 0x00, 
    0x00, 0x00, 0x00, 0x00, 0x00, 0x00, 0x00, 0x00, 0x00, 0x00, 0x00, 0x00, 0x00, 0x00, 0x00, 0x00, 
    0x00, 0x00, 0x00, 0x00, 0x00, 0x00, 0x00, 0x00, 0x00, 0x00, 0x00, 0x00, 0x00, 0x00, 0x00, 0x00, 
    0x00, 0x00, 0x00, 0x00, 0x00, 0x00, 0x00, 0x00, 0x00, 0x00, 0x00, 0x00, 0x00, 0x00, 0x00, 0x00, 
      },
};

#endif
