#ifndef ANIMATION_CALENDAR_H
#define ANIMATION_CALENDAR_H

#include <pgmspace.h>

#define CALENDAR_FRAMES 47
#define CALENDAR_WIDTH  64
#define CALENDAR_HEIGHT 64

const uint8_t calendar_frames[][512] PROGMEM = {
  {
    0x00, 0x00, 0x00, 0x00, 0x00, 0x00, 0x00, 0x00, 0x00, 0x00, 0x00, 0x00, 0x00, 0x00, 0x00, 0x00, 
    0x00, 0x00, 0x00, 0x00, 0x00, 0x00, 0x00, 0x00, 0x00, 0x00, 0x00, 0x00, 0x00, 0x00, 0x00, 0x00, 
    0x00, 0x00, 0x00, 0x00, 0x00, 0x00, 0x00, 0x00, 0x00, 0x00, 0x00, 0x00, 0x00, 0x00, 0x00, 0x00, 
    0x00, 0x00, 0x00, 0x00, 0x00, 0x00, 0x00, 0x00, 0x00, 0x00, 0x00, 0x00, 0x00, 0x00, 0x00, 0x00, 
    0x00, 0x00, 0x00, 0x00, 0x00, 0x00, 0x00, 0x00, 0x00, 0x00, 0x00, 0x00, 0x00, 0x00, 0x00, 0x00, 
    0x00, 0x01, 0x00, 0x01, 0x80, 0x01, 0x80, 0x00, 0x00, 0x01, 0x80, 0x01, 0x80, 0x01, 0x80, 0x00, 
    0x00, 0x01, 0x80, 0x01, 0x80, 0x01, 0x80, 0x00, 0x00, 0x03, 0x80, 0x01, 0x80, 0x01, 0x80, 0x00, 
    0x00, 0x7F, 0xFF, 0xFF, 0xFF, 0xFF, 0xFE, 0x00, 0x00, 0x7F, 0xFF, 0xFF, 0xFF, 0xFF, 0xFE, 0x00, 
    0x00, 0x61, 0x80, 0x01, 0x80, 0x01, 0x86, 0x00, 0x00, 0x61, 0x80, 0x01, 0x80, 0x01, 0x86, 0x00, 
    0x00, 0x61, 0x80, 0x01, 0x80, 0x01, 0x86, 0x00, 0x00, 0x60, 0x00, 0x00, 0x00, 0x00, 0x06, 0x00, 
    0x00, 0x60, 0x00, 0x00, 0x00, 0x00, 0x06, 0x00, 0x00, 0x70, 0x00, 0x00, 0x00, 0x00, 0x0E, 0x00, 
    0x00, 0x7F, 0xFF, 0xFF, 0xFF, 0xFF, 0xFE, 0x00, 0x00, 0x7F, 0xFF, 0xFF, 0xFF, 0xFF, 0xFE, 0x00, 
    0x00, 0x70, 0x00, 0x00, 0x00, 0x00, 0x0E, 0x00, 0x00, 0x60, 0x00, 0x00, 0x00, 0x00, 0x06, 0x00, 
    0x00, 0x60, 0x00, 0x00, 0x00, 0x00, 0x06, 0x00, 0x00, 0x60, 0x00, 0x00, 0x00, 0x00, 0x06, 0x00, 
    0x00, 0x60, 0x00, 0x00, 0x00, 0x00, 0x06, 0x00, 0x00, 0x60, 0xFF, 0xFF, 0xFF, 0xFE, 0x06, 0x00, 
    0x00, 0x60, 0xFF, 0xFF, 0xFF, 0xFF, 0x06, 0x00, 0x00, 0x60, 0xE1, 0xC1, 0x83, 0x07, 0x06, 0x00, 
    0x00, 0x60, 0xE1, 0xC1, 0x83, 0x07, 0x06, 0x00, 0x00, 0x60, 0xE0, 0xC1, 0x83, 0x07, 0x06, 0x00, 
    0x00, 0x60, 0xE1, 0xC3, 0x83, 0x87, 0x06, 0x00, 0x00, 0x60, 0xFF, 0xFF, 0xFF, 0xFF, 0x06, 0x00, 
    0x00, 0x60, 0xFF, 0xFF, 0xFF, 0xFF, 0x06, 0x00, 0x00, 0x60, 0xE0, 0xC1, 0x83, 0x07, 0x06, 0x00, 
    0x00, 0x60, 0xE1, 0xC1, 0x83, 0x07, 0x06, 0x00, 0x00, 0x60, 0xE0, 0xC1, 0x83, 0x07, 0x06, 0x00, 
    0x00, 0x60, 0xFF, 0xFF, 0xFF, 0xFF, 0x06, 0x00, 0x00, 0x60, 0xFF, 0xFF, 0xFF, 0xFF, 0x06, 0x00, 
    0x00, 0x60, 0xFF, 0xFF, 0xFF, 0xFF, 0x06, 0x00, 0x00, 0x60, 0xE0, 0xC1, 0x83, 0x07, 0x06, 0x00, 
    0x00, 0x60, 0xE1, 0xC1, 0x83, 0x07, 0x06, 0x00, 0x00, 0x60, 0xE0, 0xC1, 0x83, 0x07, 0x06, 0x00, 
    0x00, 0x60, 0xFF, 0xFF, 0xFF, 0xFF, 0x06, 0x00, 0x00, 0x60, 0xFF, 0xFF, 0xFF, 0xFF, 0x06, 0x00, 
    0x00, 0x60, 0x7F, 0xFF, 0xFF, 0xFE, 0x06, 0x00, 0x00, 0x60, 0x00, 0x00, 0x00, 0x00, 0x06, 0x00, 
    0x00, 0x60, 0x00, 0x00, 0x00, 0x00, 0x06, 0x00, 0x00, 0x60, 0x00, 0x00, 0x00, 0x00, 0x06, 0x00, 
    0x00, 0x60, 0x00, 0x00, 0x00, 0x00, 0x06, 0x00, 0x00, 0x70, 0x00, 0x00, 0x00, 0x00, 0x0E, 0x00, 
    0x00, 0x7F, 0xFF, 0xFF, 0xFF, 0xFF, 0xFE, 0x00, 0x00, 0x7F, 0xFF, 0xFF, 0xFF, 0xFF, 0xFE, 0x00, 
    0x00, 0x00, 0x00, 0x00, 0x00, 0x00, 0x00, 0x00, 0x00, 0x00, 0x00, 0x00, 0x00, 0x00, 0x00, 0x00, 
    0x00, 0x00, 0x00, 0x00, 0x00, 0x00, 0x00, 0x00, 0x00, 0x00, 0x00, 0x00, 0x00, 0x00, 0x00, 0x00, 
    0x00, 0x00, 0x00, 0x00, 0x00, 0x00, 0x00, 0x00, 0x00, 0x00, 0x00, 0x00, 0x00, 0x00, 0x00, 0x00, 
    0x00, 0x00, 0x00, 0x00, 0x00, 0x00, 0x00, 0x00, 0x00, 0x00, 0x00, 0x00, 0x00, 0x00, 0x00, 0x00, 
      },
  {
    0x00, 0x00, 0x00, 0x00, 0x00, 0x00, 0x00, 0x00, 0x00, 0x00, 0x00, 0x00, 0x00, 0x00, 0x00, 0x00, 
    0x00, 0x00, 0x00, 0x00, 0x00, 0x00, 0x00, 0x00, 0x00, 0x00, 0x00, 0x00, 0x00, 0x00, 0x00, 0x00, 
    0x00, 0x00, 0x00, 0x00, 0x00, 0x00, 0x00, 0x00, 0x00, 0x00, 0x00, 0x00, 0x00, 0x00, 0x00, 0x00, 
    0x00, 0x00, 0x00, 0x00, 0x00, 0x00, 0x00, 0x00, 0x00, 0x00, 0x00, 0x00, 0x00, 0x00, 0x00, 0x00, 
    0x00, 0x00, 0x00, 0x00, 0x00, 0x00, 0x00, 0x00, 0x00, 0x00, 0x00, 0x00, 0x00, 0x00, 0x00, 0x00, 
    0x00, 0x01, 0x80, 0x01, 0x80, 0x00, 0x80, 0x00, 0x00, 0x01, 0x80, 0x01, 0x80, 0x01, 0x80, 0x00, 
    0x00, 0x01, 0x80, 0x01, 0x80, 0x01, 0x80, 0x00, 0x00, 0x03, 0x80, 0x01, 0x80, 0x01, 0x80, 0x00, 
    0x00, 0x7F, 0xFF, 0xFF, 0xFF, 0xFF, 0xFE, 0x00, 0x00, 0x7F, 0xFF, 0xFF, 0xFF, 0xFF, 0xFE, 0x00, 
    0x00, 0x61, 0x80, 0x01, 0x80, 0x01, 0x8E, 0x00, 0x00, 0x61, 0x80, 0x01, 0x80, 0x01, 0x86, 0x00, 
    0x00, 0x61, 0x80, 0x01, 0x80, 0x01, 0x86, 0x00, 0x00, 0x60, 0x00, 0x00, 0x00, 0x00, 0x06, 0x00, 
    0x00, 0x60, 0x00, 0x00, 0x00, 0x00, 0x06, 0x00, 0x00, 0x60, 0x00, 0x00, 0x00, 0x00, 0x06, 0x00, 
    0x00, 0x7F, 0xFF, 0xFF, 0xFF, 0xFF, 0xFE, 0x00, 0x00, 0x7F, 0xFF, 0xFF, 0xFF, 0xFF, 0xFE, 0x00, 
    0x00, 0x60, 0x00, 0x00, 0x00, 0x00, 0x0E, 0x00, 0x00, 0x60, 0x00, 0x00, 0x00, 0x00, 0x06, 0x00, 
    0x00, 0x60, 0x00, 0x00, 0x00, 0x00, 0x06, 0x00, 0x00, 0x60, 0x00, 0x00, 0x00, 0x00, 0x06, 0x00, 
    0x00, 0x60, 0x00, 0x00, 0x00, 0x00, 0x06, 0x00, 0x00, 0x60, 0xFF, 0xFF, 0xFF, 0xFE, 0x0E, 0x00, 
    0x00, 0x60, 0xFF, 0xFF, 0xFF, 0xFE, 0x0E, 0x00, 0x00, 0x60, 0xE1, 0xC1, 0x83, 0x06, 0x0E, 0x00, 
    0x00, 0x60, 0xE1, 0xC1, 0x83, 0x06, 0x0E, 0x00, 0x00, 0x60, 0xC1, 0xC1, 0x83, 0x06, 0x0E, 0x00, 
    0x00, 0x60, 0xF1, 0xC3, 0x83, 0x06, 0x0E, 0x00, 0x00, 0x60, 0xFF, 0xFF, 0xFF, 0xFE, 0x0E, 0x00, 
    0x00, 0x60, 0xFF, 0xFF, 0xFF, 0xFE, 0x0E, 0x00, 0x00, 0x60, 0xC1, 0xC1, 0x83, 0x06, 0x0E, 0x00, 
    0x00, 0x60, 0xE1, 0xC1, 0x83, 0x06, 0x0E, 0x00, 0x00, 0x60, 0xC1, 0xC1, 0x83, 0x06, 0x0E, 0x00, 
    0x00, 0x60, 0xFF, 0xFF, 0xFF, 0x06, 0x0E, 0x00, 0x00, 0x60, 0xFF, 0xFF, 0xFF, 0xFE, 0x0E, 0x00, 
    0x00, 0x60, 0xFF, 0xFF, 0xFF, 0xFE, 0x0E, 0x00, 0x00, 0x60, 0xC1, 0xC1, 0x83, 0x06, 0x0E, 0x00, 
    0x00, 0x60, 0xE1, 0xC1, 0x83, 0x06, 0x0E, 0x00, 0x00, 0x60, 0xC1, 0xC1, 0x83, 0x06, 0x0E, 0x00, 
    0x00, 0x60, 0xFF, 0xFF, 0xFF, 0xFE, 0x0E, 0x00, 0x00, 0x60, 0xFF, 0xFF, 0xFF, 0xFE, 0x0E, 0x00, 
    0x00, 0x60, 0x7F, 0xFF, 0xFF, 0xFE, 0x0E, 0x00, 0x00, 0x60, 0x00, 0x00, 0x00, 0x00, 0x0E, 0x00, 
    0x00, 0x60, 0x00, 0x00, 0x00, 0x00, 0x0E, 0x00, 0x00, 0x60, 0x00, 0x00, 0x00, 0x00, 0x0E, 0x00, 
    0x00, 0x60, 0x00, 0x00, 0x00, 0x00, 0x0E, 0x00, 0x00, 0x60, 0x00, 0x00, 0x00, 0x00, 0x0E, 0x00, 
    0x00, 0x7F, 0xFF, 0xFF, 0xFF, 0xFF, 0xFE, 0x00, 0x00, 0x7F, 0xFF, 0xFF, 0xFF, 0xFF, 0xFE, 0x00, 
    0x00, 0x00, 0x00, 0x00, 0x00, 0x00, 0x00, 0x00, 0x00, 0x00, 0x00, 0x00, 0x00, 0x00, 0x00, 0x00, 
    0x00, 0x00, 0x00, 0x00, 0x00, 0x00, 0x00, 0x00, 0x00, 0x00, 0x00, 0x00, 0x00, 0x00, 0x00, 0x00, 
    0x00, 0x00, 0x00, 0x00, 0x00, 0x00, 0x00, 0x00, 0x00, 0x00, 0x00, 0x00, 0x00, 0x00, 0x00, 0x00, 
    0x00, 0x00, 0x00, 0x00, 0x00, 0x00, 0x00, 0x00, 0x00, 0x00, 0x00, 0x00, 0x00, 0x00, 0x00, 0x00, 
      },
  {
    0x00, 0x00, 0x00, 0x00, 0x00, 0x00, 0x00, 0x00, 0x00, 0x00, 0x00, 0x00, 0x00, 0x00, 0x00, 0x00, 
    0x00, 0x00, 0x00, 0x00, 0x00, 0x00, 0x00, 0x00, 0x00, 0x00, 0x00, 0x00, 0x00, 0x00, 0x00, 0x00, 
    0x00, 0x00, 0x00, 0x00, 0x00, 0x00, 0x00, 0x00, 0x00, 0x00, 0x00, 0x00, 0x00, 0x00, 0x00, 0x00, 
    0x00, 0x00, 0x00, 0x00, 0x00, 0x00, 0x00, 0x00, 0x00, 0x00, 0x00, 0x00, 0x00, 0x00, 0x00, 0x00, 
    0x00, 0x00, 0x00, 0x00, 0x00, 0x00, 0x00, 0x00, 0x00, 0x00, 0x00, 0x00, 0x00, 0x00, 0x00, 0x00, 
    0x00, 0x01, 0x80, 0x01, 0x80, 0x00, 0x00, 0x00, 0x00, 0x01, 0x80, 0x01, 0x80, 0x01, 0x80, 0x00, 
    0x00, 0x01, 0x80, 0x01, 0x80, 0x01, 0x80, 0x00, 0x00, 0x7F, 0xF8, 0x01, 0x80, 0x01, 0x80, 0x00, 
    0x00, 0x7F, 0xFF, 0xFF, 0xFF, 0xFF, 0xFC, 0x00, 0x00, 0x7F, 0xFF, 0xFF, 0xFF, 0xFF, 0xFE, 0x00, 
    0x00, 0x61, 0x80, 0x01, 0x80, 0x0F, 0xFE, 0x00, 0x00, 0x63, 0x80, 0x01, 0x80, 0x01, 0x86, 0x00, 
    0x00, 0x61, 0x00, 0x01, 0x80, 0x01, 0x8E, 0x00, 0x00, 0x60, 0x00, 0x00, 0x00, 0x00, 0x0E, 0x00, 
    0x00, 0x60, 0x00, 0x00, 0x00, 0x00, 0x0E, 0x00, 0x00, 0x7F, 0xF8, 0x00, 0x00, 0x00, 0x0E, 0x00, 
    0x00, 0x7F, 0xFF, 0xFF, 0xFF, 0xFF, 0xFE, 0x00, 0x00, 0x7F, 0xFF, 0xFF, 0xFF, 0xFF, 0xFE, 0x00, 
    0x00, 0x60, 0x00, 0x00, 0x00, 0x1F, 0xFE, 0x00, 0x00, 0x60, 0x00, 0x00, 0x00, 0x00, 0x0E, 0x00, 
    0x00, 0x60, 0x00, 0x00, 0x00, 0x00, 0x0E, 0x00, 0x00, 0x60, 0x00, 0x00, 0x00, 0x00, 0x0E, 0x00, 
    0x00, 0x60, 0x7F, 0x80, 0x00, 0x00, 0x0E, 0x00, 0x00, 0xE0, 0xFF, 0xFF, 0xFF, 0xFE, 0x0E, 0x00, 
    0x00, 0xE0, 0xFF, 0xFF, 0xFF, 0xFE, 0x0E, 0x00, 0x00, 0xE0, 0xC1, 0x83, 0x87, 0x0E, 0x0E, 0x00, 
    0x00, 0xE0, 0xC1, 0x83, 0x87, 0x06, 0x0C, 0x00, 0x00, 0xE0, 0xC1, 0x83, 0x07, 0x06, 0x0C, 0x00, 
    0x00, 0xE0, 0xFF, 0xFB, 0x87, 0x06, 0x0C, 0x00, 0x00, 0xE0, 0xFF, 0xFF, 0xFF, 0xFE, 0x0C, 0x00, 
    0x00, 0xE0, 0xFF, 0xFF, 0xFF, 0xFE, 0x0C, 0x00, 0x00, 0xE0, 0xC1, 0x83, 0x07, 0x0E, 0x0C, 0x00, 
    0x00, 0xE0, 0xC1, 0x83, 0x07, 0x06, 0x0C, 0x00, 0x00, 0xE0, 0xC1, 0x83, 0x07, 0x0E, 0x0C, 0x00, 
    0x00, 0xE0, 0xFF, 0xFF, 0x87, 0x0E, 0x0C, 0x00, 0x00, 0xE1, 0xFF, 0xFF, 0xFF, 0xFE, 0x0C, 0x00, 
    0x00, 0xE1, 0xFF, 0xFF, 0xFF, 0xFE, 0x0C, 0x00, 0x00, 0xE1, 0xC1, 0x83, 0x07, 0x0E, 0x0C, 0x00, 
    0x00, 0xE1, 0xC1, 0x83, 0x06, 0x0E, 0x0C, 0x00, 0x00, 0xC1, 0xC1, 0x83, 0x06, 0x0E, 0x0C, 0x00, 
    0x00, 0xC1, 0xFF, 0xFF, 0xF7, 0x0E, 0x0C, 0x00, 0x00, 0xC1, 0xFF, 0xFF, 0xFF, 0xFE, 0x0C, 0x00, 
    0x00, 0xC0, 0x07, 0xFF, 0xFF, 0xFC, 0x0C, 0x00, 0x00, 0xC0, 0x00, 0x00, 0x00, 0x00, 0x0C, 0x00, 
    0x00, 0xC0, 0x00, 0x00, 0x00, 0x00, 0x0C, 0x00, 0x00, 0xC0, 0x00, 0x00, 0x00, 0x00, 0x0C, 0x00, 
    0x00, 0xC0, 0x00, 0x00, 0x00, 0x00, 0x0C, 0x00, 0x00, 0xFF, 0xFF, 0xF0, 0x00, 0x00, 0x0C, 0x00, 
    0x00, 0xFF, 0xFF, 0xFF, 0xFF, 0xFF, 0xFC, 0x00, 0x00, 0x0F, 0xFF, 0xFF, 0xFF, 0xFF, 0xFC, 0x00, 
    0x00, 0x00, 0x00, 0x00, 0x00, 0x00, 0x38, 0x00, 0x00, 0x00, 0x00, 0x00, 0x00, 0x00, 0x00, 0x00, 
    0x00, 0x00, 0x00, 0x00, 0x00, 0x00, 0x00, 0x00, 0x00, 0x00, 0x00, 0x00, 0x00, 0x00, 0x00, 0x00, 
    0x00, 0x00, 0x00, 0x00, 0x00, 0x00, 0x00, 0x00, 0x00, 0x00, 0x00, 0x00, 0x00, 0x00, 0x00, 0x00, 
    0x00, 0x00, 0x00, 0x00, 0x00, 0x00, 0x00, 0x00, 0x00, 0x00, 0x00, 0x00, 0x00, 0x00, 0x00, 0x00, 
      },
  {
    0x00, 0x00, 0x00, 0x00, 0x00, 0x00, 0x00, 0x00, 0x00, 0x00, 0x00, 0x00, 0x00, 0x00, 0x00, 0x00, 
    0x00, 0x00, 0x00, 0x00, 0x00, 0x00, 0x00, 0x00, 0x00, 0x00, 0x00, 0x00, 0x00, 0x00, 0x00, 0x00, 
    0x00, 0x00, 0x00, 0x00, 0x00, 0x00, 0x00, 0x00, 0x00, 0x00, 0x00, 0x00, 0x00, 0x00, 0x00, 0x00, 
    0x00, 0x00, 0x00, 0x00, 0x00, 0x00, 0x00, 0x00, 0x00, 0x00, 0x00, 0x00, 0x00, 0x00, 0x00, 0x00, 
    0x00, 0x00, 0x00, 0x00, 0x00, 0x00, 0x00, 0x00, 0x00, 0x01, 0x80, 0x00, 0x00, 0x00, 0x00, 0x00, 
    0x00, 0x01, 0x80, 0x01, 0x80, 0x00, 0x00, 0x00, 0x00, 0x01, 0x80, 0x01, 0x80, 0x01, 0x80, 0x00, 
    0x00, 0x33, 0x80, 0x01, 0x80, 0x01, 0x80, 0x00, 0x00, 0x7F, 0xFF, 0xE3, 0x80, 0x01, 0x80, 0x00, 
    0x00, 0x7F, 0xFF, 0xFF, 0xFF, 0xE1, 0x80, 0x00, 0x00, 0x63, 0x87, 0xFF, 0xFF, 0xFF, 0xFC, 0x00, 
    0x00, 0x63, 0x80, 0x03, 0x87, 0xFF, 0xFE, 0x00, 0x00, 0x61, 0x00, 0x03, 0x80, 0x01, 0x8E, 0x00, 
    0x00, 0xE0, 0x00, 0x01, 0x00, 0x03, 0x8E, 0x00, 0x00, 0xE0, 0x00, 0x00, 0x00, 0x01, 0x8E, 0x00, 
    0x00, 0xE0, 0x00, 0x00, 0x00, 0x00, 0x0C, 0x00, 0x00, 0xFF, 0xFF, 0xE0, 0x00, 0x00, 0x0C, 0x00, 
    0x00, 0xFF, 0xFF, 0xFF, 0xFF, 0xE0, 0x0C, 0x00, 0x00, 0xE0, 0x7F, 0xFF, 0xFF, 0xFF, 0xFC, 0x00, 
    0x00, 0xC0, 0x00, 0x00, 0xFF, 0xFF, 0xFC, 0x00, 0x00, 0xC0, 0x00, 0x00, 0x00, 0x00, 0xFC, 0x00, 
    0x00, 0xC0, 0x00, 0x00, 0x00, 0x00, 0x0C, 0x00, 0x00, 0xC0, 0x00, 0x00, 0x00, 0x00, 0x0C, 0x00, 
    0x00, 0xC1, 0xFF, 0x00, 0x00, 0x00, 0x0C, 0x00, 0x00, 0xC1, 0xFF, 0xFF, 0xFF, 0x00, 0x0C, 0x00, 
    0x00, 0xC1, 0xFF, 0xFF, 0xFF, 0xFC, 0x1C, 0x00, 0x00, 0xC1, 0x83, 0x87, 0x3F, 0xFC, 0x1C, 0x00, 
    0x00, 0xC1, 0x83, 0x87, 0x06, 0x0C, 0x1C, 0x00, 0x00, 0xC1, 0x83, 0x07, 0x06, 0x0C, 0x1C, 0x00, 
    0x01, 0xC1, 0xFF, 0xC7, 0x06, 0x0C, 0x1C, 0x00, 0x01, 0xC1, 0xFF, 0xFF, 0xFF, 0xDC, 0x1C, 0x00, 
    0x01, 0xC1, 0x8F, 0xFF, 0xFF, 0xFC, 0x18, 0x00, 0x01, 0xC1, 0x83, 0x07, 0x0F, 0xFC, 0x18, 0x00, 
    0x01, 0xC1, 0x83, 0x06, 0x0E, 0x1C, 0x18, 0x00, 0x01, 0xC1, 0x83, 0x06, 0x0E, 0x1C, 0x18, 0x00, 
    0x01, 0x83, 0xFF, 0xE6, 0x0C, 0x1C, 0x18, 0x00, 0x01, 0x83, 0xFF, 0xFF, 0xFF, 0xFC, 0x18, 0x00, 
    0x01, 0x83, 0x87, 0xFF, 0xFF, 0xFC, 0x18, 0x00, 0x01, 0x83, 0x83, 0x06, 0x0F, 0xFC, 0x18, 0x00, 
    0x01, 0x83, 0x87, 0x06, 0x0C, 0x18, 0x18, 0x00, 0x01, 0x83, 0x87, 0x06, 0x0C, 0x18, 0x18, 0x00, 
    0x01, 0x83, 0xFF, 0xFE, 0x0C, 0x18, 0x38, 0x00, 0x01, 0x83, 0xFF, 0xFF, 0xFF, 0xF8, 0x38, 0x00, 
    0x01, 0x80, 0x03, 0xFF, 0xFF, 0xF8, 0x38, 0x00, 0x01, 0x80, 0x00, 0x00, 0x03, 0xF8, 0x38, 0x00, 
    0x03, 0x80, 0x00, 0x00, 0x00, 0x00, 0x38, 0x00, 0x03, 0x80, 0x00, 0x00, 0x00, 0x00, 0x38, 0x00, 
    0x03, 0x80, 0x00, 0x00, 0x00, 0x00, 0x30, 0x00, 0x03, 0xFF, 0xFF, 0x80, 0x00, 0x00, 0x30, 0x00, 
    0x01, 0xFF, 0xFF, 0xFF, 0xFF, 0x80, 0x30, 0x00, 0x00, 0x00, 0x1F, 0xFF, 0xFF, 0xFF, 0xF0, 0x00, 
    0x00, 0x00, 0x00, 0x00, 0x3F, 0xFF, 0xF0, 0x00, 0x00, 0x00, 0x00, 0x00, 0x00, 0x00, 0x20, 0x00, 
    0x00, 0x00, 0x00, 0x00, 0x00, 0x00, 0x00, 0x00, 0x00, 0x00, 0x00, 0x00, 0x00, 0x00, 0x00, 0x00, 
    0x00, 0x00, 0x00, 0x00, 0x00, 0x00, 0x00, 0x00, 0x00, 0x00, 0x00, 0x00, 0x00, 0x00, 0x00, 0x00, 
    0x00, 0x00, 0x00, 0x00, 0x00, 0x00, 0x00, 0x00, 0x00, 0x00, 0x00, 0x00, 0x00, 0x00, 0x00, 0x00, 
      },
  {
    0x00, 0x00, 0x00, 0x00, 0x00, 0x00, 0x00, 0x00, 0x00, 0x00, 0x00, 0x00, 0x00, 0x00, 0x00, 0x00, 
    0x00, 0x00, 0x00, 0x00, 0x00, 0x00, 0x00, 0x00, 0x00, 0x00, 0x00, 0x00, 0x00, 0x00, 0x00, 0x00, 
    0x00, 0x00, 0x00, 0x00, 0x00, 0x00, 0x00, 0x00, 0x00, 0x00, 0x00, 0x00, 0x00, 0x00, 0x00, 0x00, 
    0x00, 0x00, 0x00, 0x00, 0x00, 0x00, 0x00, 0x00, 0x00, 0x00, 0x00, 0x00, 0x00, 0x00, 0x00, 0x00, 
    0x00, 0x00, 0x00, 0x00, 0x00, 0x00, 0x00, 0x00, 0x00, 0x01, 0x80, 0x00, 0x00, 0x00, 0x00, 0x00, 
    0x00, 0x01, 0x80, 0x01, 0x80, 0x00, 0x00, 0x00, 0x00, 0x63, 0x80, 0x01, 0x80, 0x00, 0x00, 0x00, 
    0x00, 0x7F, 0xF0, 0x01, 0x80, 0x01, 0x80, 0x00, 0x00, 0x7F, 0xFF, 0xFB, 0x80, 0x01, 0x80, 0x00, 
    0x00, 0x63, 0xFF, 0xFF, 0xFC, 0x01, 0x80, 0x00, 0x00, 0xE3, 0x00, 0x3F, 0xFF, 0xFF, 0x80, 0x00, 
    0x00, 0xE3, 0x00, 0x03, 0x9F, 0xFF, 0xFC, 0x00, 0x00, 0xE0, 0x00, 0x03, 0x00, 0x0F, 0xFC, 0x00, 
    0x00, 0xC0, 0x00, 0x03, 0x00, 0x03, 0x8C, 0x00, 0x00, 0xE0, 0x00, 0x00, 0x00, 0x03, 0x0C, 0x00, 
    0x00, 0xFF, 0xF0, 0x00, 0x00, 0x01, 0x0C, 0x00, 0x00, 0xFF, 0xFF, 0xF8, 0x00, 0x00, 0x0C, 0x00, 
    0x00, 0xFF, 0xFF, 0xFF, 0xFC, 0x00, 0x0C, 0x00, 0x01, 0xC1, 0xFF, 0xFF, 0xFF, 0xFE, 0x1C, 0x00, 
    0x01, 0xC0, 0x00, 0xFF, 0xFF, 0xFF, 0xFC, 0x00, 0x01, 0xC0, 0x00, 0x00, 0x7F, 0xFF, 0xFC, 0x00, 
    0x01, 0xC0, 0x00, 0x00, 0x00, 0x1F, 0xF8, 0x00, 0x01, 0x80, 0x00, 0x00, 0x00, 0x00, 0x18, 0x00, 
    0x01, 0x81, 0xE0, 0x00, 0x00, 0x00, 0x18, 0x00, 0x01, 0x83, 0xFF, 0xF0, 0x00, 0x00, 0x18, 0x00, 
    0x01, 0x83, 0xFF, 0xFF, 0xFC, 0x00, 0x18, 0x00, 0x01, 0x83, 0x07, 0x7F, 0xFF, 0xF8, 0x18, 0x00, 
    0x01, 0x83, 0x07, 0x0E, 0x3F, 0xF8, 0x38, 0x00, 0x03, 0x83, 0x06, 0x0E, 0x0C, 0x18, 0x38, 0x00, 
    0x03, 0x83, 0xF6, 0x0E, 0x1C, 0x18, 0x38, 0x00, 0x03, 0x83, 0xFF, 0xFE, 0x1C, 0x18, 0x30, 0x00, 
    0x03, 0x07, 0xFF, 0xFF, 0xFC, 0x38, 0x30, 0x00, 0x03, 0x07, 0x06, 0x3F, 0xFF, 0xF8, 0x30, 0x00, 
    0x03, 0x07, 0x0E, 0x0C, 0x1F, 0xF8, 0x30, 0x00, 0x03, 0x07, 0x0E, 0x0C, 0x18, 0x38, 0x30, 0x00, 
    0x03, 0x07, 0xFE, 0x0C, 0x18, 0x30, 0x30, 0x00, 0x03, 0x07, 0xFF, 0xFC, 0x18, 0x30, 0x70, 0x00, 
    0x07, 0x06, 0x7F, 0xFF, 0xFE, 0x30, 0x70, 0x00, 0x07, 0x06, 0x0C, 0x3F, 0xFF, 0xF0, 0x70, 0x00, 
    0x07, 0x06, 0x0C, 0x18, 0x3F, 0xF0, 0x70, 0x00, 0x07, 0x06, 0x0C, 0x18, 0x38, 0x70, 0x60, 0x00, 
    0x06, 0x0F, 0xFC, 0x18, 0x38, 0x70, 0x60, 0x00, 0x06, 0x07, 0xFF, 0xFC, 0x30, 0x70, 0x60, 0x00, 
    0x06, 0x00, 0x3F, 0xFF, 0xFF, 0x70, 0x60, 0x00, 0x06, 0x00, 0x00, 0x1F, 0xFF, 0xF0, 0x60, 0x00, 
    0x0E, 0x00, 0x00, 0x00, 0x0F, 0xE0, 0xE0, 0x00, 0x0E, 0x00, 0x00, 0x00, 0x00, 0x00, 0xE0, 0x00, 
    0x0F, 0x80, 0x00, 0x00, 0x00, 0x00, 0xE0, 0x00, 0x0F, 0xFF, 0xC0, 0x00, 0x00, 0x00, 0xE0, 0x00, 
    0x03, 0xFF, 0xFF, 0xF0, 0x00, 0x00, 0xC0, 0x00, 0x00, 0x01, 0xFF, 0xFF, 0xF8, 0x00, 0xC0, 0x00, 
    0x00, 0x00, 0x00, 0xFF, 0xFF, 0xFC, 0xC0, 0x00, 0x00, 0x00, 0x00, 0x00, 0x3F, 0xFF, 0xC0, 0x00, 
    0x00, 0x00, 0x00, 0x00, 0x00, 0x1F, 0xC0, 0x00, 0x00, 0x00, 0x00, 0x00, 0x00, 0x00, 0x00, 0x00, 
    0x00, 0x00, 0x00, 0x00, 0x00, 0x00, 0x00, 0x00, 0x00, 0x00, 0x00, 0x00, 0x00, 0x00, 0x00, 0x00, 
    0x00, 0x00, 0x00, 0x00, 0x00, 0x00, 0x00, 0x00, 0x00, 0x00, 0x00, 0x00, 0x00, 0x00, 0x00, 0x00, 
      },
  {
    0x00, 0x00, 0x00, 0x00, 0x00, 0x00, 0x00, 0x00, 0x00, 0x00, 0x00, 0x00, 0x00, 0x00, 0x00, 0x00, 
    0x00, 0x00, 0x00, 0x00, 0x00, 0x00, 0x00, 0x00, 0x00, 0x00, 0x00, 0x00, 0x00, 0x00, 0x00, 0x00, 
    0x00, 0x00, 0x00, 0x00, 0x00, 0x00, 0x00, 0x00, 0x00, 0x00, 0x00, 0x00, 0x00, 0x00, 0x00, 0x00, 
    0x00, 0x00, 0x00, 0x00, 0x00, 0x00, 0x00, 0x00, 0x00, 0x00, 0x00, 0x00, 0x00, 0x00, 0x00, 0x00, 
    0x00, 0x01, 0x80, 0x00, 0x00, 0x00, 0x00, 0x00, 0x00, 0x01, 0x80, 0x00, 0x00, 0x00, 0x00, 0x00, 
    0x00, 0x01, 0x80, 0x01, 0x80, 0x00, 0x00, 0x00, 0x00, 0x7F, 0x80, 0x01, 0x80, 0x00, 0x00, 0x00, 
    0x00, 0x7F, 0xFE, 0x01, 0x80, 0x00, 0x00, 0x00, 0x00, 0xE3, 0xFF, 0xFF, 0x80, 0x01, 0x80, 0x00, 
    0x00, 0xE3, 0x07, 0xFF, 0xF0, 0x01, 0x80, 0x00, 0x00, 0xE3, 0x00, 0x1F, 0xFF, 0xE3, 0x80, 0x00, 
    0x00, 0xC0, 0x00, 0x03, 0x3F, 0xFF, 0xC0, 0x00, 0x00, 0xC0, 0x00, 0x03, 0x00, 0x7F, 0xFC, 0x00, 
    0x00, 0xC0, 0x00, 0x03, 0x00, 0x03, 0xFC, 0x00, 0x00, 0xFF, 0x00, 0x00, 0x00, 0x03, 0x0C, 0x00, 
    0x01, 0xFF, 0xFC, 0x00, 0x00, 0x03, 0x0C, 0x00, 0x01, 0xFF, 0xFF, 0xF8, 0x00, 0x00, 0x1C, 0x00, 
    0x01, 0xFF, 0xFF, 0xFF, 0xF0, 0x00, 0x1C, 0x00, 0x01, 0xFF, 0xFF, 0xFF, 0xFF, 0xE0, 0x18, 0x00, 
    0x01, 0x81, 0xFF, 0xFF, 0xFF, 0xFF, 0x98, 0x00, 0x01, 0x80, 0x03, 0xFF, 0xFF, 0xFF, 0xF8, 0x00, 
    0x03, 0x80, 0x00, 0x07, 0xFF, 0xFF, 0xF8, 0x00, 0x03, 0x80, 0x00, 0x00, 0x07, 0xFF, 0xF8, 0x00, 
    0x03, 0x80, 0x00, 0x00, 0x00, 0x0F, 0xF8, 0x00, 0x03, 0x03, 0xC0, 0x00, 0x00, 0x00, 0x38, 0x00, 
    0x03, 0x07, 0xFF, 0x80, 0x00, 0x00, 0x30, 0x00, 0x03, 0x07, 0xFF, 0xFF, 0x80, 0x00, 0x30, 0x00, 
    0x03, 0x06, 0x0F, 0xFF, 0xFF, 0x00, 0x30, 0x00, 0x07, 0x06, 0x0E, 0x1F, 0xFF, 0xF0, 0x30, 0x00, 
    0x07, 0x06, 0x0C, 0x1C, 0x1F, 0xF0, 0x70, 0x00, 0x07, 0x07, 0xCC, 0x1C, 0x38, 0x30, 0x70, 0x00, 
    0x06, 0x0F, 0xFF, 0xD8, 0x38, 0x30, 0x70, 0x00, 0x06, 0x0E, 0xFF, 0xFF, 0xB8, 0x70, 0x60, 0x00, 
    0x06, 0x0E, 0x1D, 0xFF, 0xFF, 0x70, 0x60, 0x00, 0x06, 0x0C, 0x1C, 0x1B, 0xFF, 0xF0, 0x60, 0x00, 
    0x0E, 0x0C, 0x1C, 0x38, 0x37, 0xE0, 0x60, 0x00, 0x0E, 0x0F, 0xF8, 0x38, 0x30, 0x60, 0xE0, 0x00, 
    0x0E, 0x0F, 0xFF, 0xF8, 0x30, 0x60, 0xE0, 0x00, 0x0C, 0x1C, 0xFF, 0xFF, 0xF0, 0x60, 0xE0, 0x00, 
    0x0C, 0x1C, 0x19, 0xFF, 0xFF, 0xE0, 0xC0, 0x00, 0x0C, 0x1C, 0x38, 0x33, 0xFF, 0xE0, 0xC0, 0x00, 
    0x1C, 0x1C, 0x38, 0x30, 0x63, 0xE0, 0xC0, 0x00, 0x1C, 0x1F, 0xF8, 0x30, 0x60, 0xC0, 0xC0, 0x00, 
    0x1C, 0x1F, 0xFF, 0xF0, 0x60, 0xC1, 0xC0, 0x00, 0x1C, 0x00, 0xFF, 0xFF, 0xE0, 0xC1, 0xC0, 0x00, 
    0x1C, 0x00, 0x00, 0xFF, 0xFF, 0xC1, 0xC0, 0x00, 0x18, 0x00, 0x00, 0x01, 0xFF, 0xC1, 0x80, 0x00, 
    0x18, 0x00, 0x00, 0x00, 0x03, 0x81, 0x80, 0x00, 0x1F, 0xC0, 0x00, 0x00, 0x00, 0x01, 0x80, 0x00, 
    0x1F, 0xFF, 0x80, 0x00, 0x00, 0x01, 0x80, 0x00, 0x01, 0xFF, 0xFF, 0x00, 0x00, 0x03, 0x80, 0x00, 
    0x00, 0x03, 0xFF, 0xFE, 0x00, 0x03, 0x80, 0x00, 0x00, 0x00, 0x07, 0xFF, 0xFC, 0x03, 0x80, 0x00, 
    0x00, 0x00, 0x00, 0x07, 0xFF, 0xFF, 0x00, 0x00, 0x00, 0x00, 0x00, 0x00, 0x0F, 0xFF, 0x00, 0x00, 
    0x00, 0x00, 0x00, 0x00, 0x00, 0x1F, 0x00, 0x00, 0x00, 0x00, 0x00, 0x00, 0x00, 0x00, 0x00, 0x00, 
    0x00, 0x00, 0x00, 0x00, 0x00, 0x00, 0x00, 0x00, 0x00, 0x00, 0x00, 0x00, 0x00, 0x00, 0x00, 0x00, 
      },
  {
    0x00, 0x00, 0x00, 0x00, 0x00, 0x00, 0x00, 0x00, 0x00, 0x00, 0x00, 0x00, 0x00, 0x00, 0x00, 0x00, 
    0x00, 0x00, 0x00, 0x00, 0x00, 0x00, 0x00, 0x00, 0x00, 0x00, 0x00, 0x00, 0x00, 0x00, 0x00, 0x00, 
    0x00, 0x00, 0x00, 0x00, 0x00, 0x00, 0x00, 0x00, 0x00, 0x00, 0x00, 0x00, 0x00, 0x00, 0x00, 0x00, 
    0x00, 0x00, 0x00, 0x00, 0x00, 0x00, 0x00, 0x00, 0x00, 0x00, 0x00, 0x00, 0x00, 0x00, 0x00, 0x00, 
    0x00, 0x01, 0x80, 0x00, 0x00, 0x00, 0x00, 0x00, 0x00, 0x01, 0x80, 0x00, 0x00, 0x00, 0x00, 0x00, 
    0x00, 0x73, 0x80, 0x01, 0x80, 0x00, 0x00, 0x00, 0x00, 0x7F, 0xC0, 0x01, 0x80, 0x00, 0x00, 0x00, 
    0x00, 0xFF, 0xFF, 0x01, 0x80, 0x00, 0x00, 0x00, 0x00, 0xE3, 0xFF, 0xFF, 0x80, 0x01, 0x80, 0x00, 
    0x00, 0xE3, 0x03, 0xFF, 0xF0, 0x01, 0x80, 0x00, 0x00, 0xC3, 0x00, 0x0F, 0xFF, 0xC3, 0x80, 0x00, 
    0x00, 0xC0, 0x00, 0x03, 0x3F, 0xFF, 0x80, 0x00, 0x00, 0xC0, 0x00, 0x03, 0x01, 0xFF, 0xF8, 0x00, 
    0x01, 0xF0, 0x00, 0x03, 0x00, 0x07, 0xFC, 0x00, 0x01, 0xFF, 0xC0, 0x00, 0x00, 0x03, 0x1C, 0x00, 
    0x01, 0xFF, 0xFE, 0x00, 0x00, 0x03, 0x1C, 0x00, 0x01, 0x81, 0xFF, 0xF8, 0x00, 0x02, 0x1C, 0x00, 
    0x01, 0x80, 0x07, 0xFF, 0xE0, 0x00, 0x18, 0x00, 0x01, 0xE0, 0x00, 0x1F, 0xFF, 0x80, 0x18, 0x00, 
    0x03, 0xFF, 0x80, 0x00, 0x7F, 0xFE, 0x18, 0x00, 0x03, 0xFF, 0xFF, 0x00, 0x01, 0xFF, 0xF8, 0x00, 
    0x03, 0x01, 0xFF, 0xFC, 0x00, 0x0F, 0xF8, 0x00, 0x03, 0x00, 0x07, 0xFF, 0xF8, 0x00, 0x38, 0x00, 
    0x03, 0x00, 0x00, 0x0F, 0xFF, 0xF0, 0x30, 0x00, 0x03, 0x00, 0x00, 0x00, 0x3F, 0xFF, 0xF0, 0x00, 
    0x07, 0x00, 0x00, 0x00, 0x00, 0x7F, 0xF0, 0x00, 0x07, 0x07, 0x80, 0x00, 0x00, 0x00, 0xF0, 0x00, 
    0x07, 0x07, 0xFF, 0x00, 0x00, 0x00, 0x70, 0x00, 0x06, 0x0F, 0xFF, 0xFE, 0x00, 0x00, 0x70, 0x00, 
    0x06, 0x0E, 0x1F, 0xFF, 0xF8, 0x00, 0x60, 0x00, 0x06, 0x0C, 0x1C, 0x1F, 0xFF, 0xE0, 0x60, 0x00, 
    0x0E, 0x0C, 0x1C, 0x18, 0x3F, 0xE0, 0x60, 0x00, 0x0E, 0x0F, 0xD8, 0x38, 0x30, 0x60, 0xE0, 0x00, 
    0x0E, 0x0F, 0xFF, 0x38, 0x30, 0x60, 0xE0, 0x00, 0x0C, 0x1D, 0xFF, 0xFE, 0x70, 0x60, 0xE0, 0x00, 
    0x0C, 0x1C, 0x1B, 0xFF, 0xFC, 0xE0, 0xC0, 0x00, 0x0C, 0x1C, 0x38, 0x3F, 0xFF, 0xE0, 0xC0, 0x00, 
    0x1C, 0x18, 0x38, 0x30, 0x7F, 0xE0, 0xC0, 0x00, 0x1C, 0x1F, 0xF8, 0x70, 0x60, 0xC0, 0xC0, 0x00, 
    0x1C, 0x1F, 0xFF, 0x70, 0x60, 0xC1, 0xC0, 0x00, 0x1C, 0x19, 0xFF, 0xFE, 0xE0, 0xC1, 0xC0, 0x00, 
    0x18, 0x38, 0x33, 0xFF, 0xFD, 0xC1, 0xC0, 0x00, 0x18, 0x38, 0x30, 0x67, 0xFF, 0xC1, 0x80, 0x00, 
    0x38, 0x38, 0x70, 0x60, 0xFF, 0xC1, 0x80, 0x00, 0x38, 0x3F, 0xF0, 0x60, 0xC1, 0xC1, 0x80, 0x00, 
    0x38, 0x3F, 0xFF, 0xE0, 0xC1, 0x81, 0x80, 0x00, 0x38, 0x00, 0xFF, 0xFF, 0xC1, 0x83, 0x80, 0x00, 
    0x30, 0x00, 0x03, 0xFF, 0xFF, 0x83, 0x80, 0x00, 0x30, 0x00, 0x00, 0x07, 0xFF, 0x83, 0x00, 0x00, 
    0x30, 0x00, 0x00, 0x00, 0x1F, 0x83, 0x00, 0x00, 0x3F, 0x80, 0x00, 0x00, 0x00, 0x03, 0x00, 0x00, 
    0x3F, 0xFF, 0x00, 0x00, 0x00, 0x03, 0x00, 0x00, 0x01, 0xFF, 0xFE, 0x00, 0x00, 0x07, 0x00, 0x00, 
    0x00, 0x03, 0xFF, 0xF8, 0x00, 0x07, 0x00, 0x00, 0x00, 0x00, 0x0F, 0xFF, 0xF0, 0x07, 0x00, 0x00, 
    0x00, 0x00, 0x00, 0x1F, 0xFF, 0xC6, 0x00, 0x00, 0x00, 0x00, 0x00, 0x00, 0x7F, 0xFE, 0x00, 0x00, 
    0x00, 0x00, 0x00, 0x00, 0x00, 0xFE, 0x00, 0x00, 0x00, 0x00, 0x00, 0x00, 0x00, 0x00, 0x00, 0x00, 
      },
  {
    0x00, 0x00, 0x00, 0x00, 0x00, 0x00, 0x00, 0x00, 0x00, 0x00, 0x00, 0x00, 0x00, 0x00, 0x00, 0x00, 
    0x00, 0x00, 0x00, 0x00, 0x00, 0x00, 0x00, 0x00, 0x00, 0x00, 0x00, 0x00, 0x00, 0x00, 0x00, 0x00, 
    0x00, 0x00, 0x00, 0x00, 0x00, 0x00, 0x00, 0x00, 0x00, 0x00, 0x00, 0x00, 0x00, 0x00, 0x00, 0x00, 
    0x00, 0x00, 0x00, 0x00, 0x00, 0x00, 0x00, 0x00, 0x00, 0x00, 0x00, 0x00, 0x00, 0x00, 0x00, 0x00, 
    0x00, 0x01, 0x80, 0x00, 0x00, 0x00, 0x00, 0x00, 0x00, 0x01, 0x80, 0x00, 0x00, 0x00, 0x00, 0x00, 
    0x00, 0x7B, 0x80, 0x01, 0x80, 0x00, 0x00, 0x00, 0x00, 0x7F, 0xE0, 0x01, 0x80, 0x00, 0x00, 0x00, 
    0x00, 0xFF, 0xFF, 0x03, 0x80, 0x00, 0x00, 0x00, 0x00, 0xE3, 0xFF, 0xFF, 0x80, 0x01, 0x80, 0x00, 
    0x00, 0xC3, 0x03, 0xFF, 0xF0, 0x01, 0x80, 0x00, 0x00, 0xC3, 0x00, 0x0F, 0xFF, 0x83, 0x80, 0x00, 
    0x00, 0xC0, 0x00, 0x03, 0x3F, 0xFF, 0x80, 0x00, 0x00, 0xC0, 0x00, 0x03, 0x01, 0xFF, 0xF8, 0x00, 
    0x01, 0xF0, 0x00, 0x03, 0x00, 0x07, 0xFC, 0x00, 0x01, 0xFF, 0xC0, 0x00, 0x00, 0x03, 0x1C, 0x00, 
    0x01, 0xFF, 0xFF, 0x00, 0x00, 0x03, 0x1C, 0x00, 0x01, 0x80, 0xFF, 0xF8, 0x00, 0x02, 0x1C, 0x00, 
    0x01, 0x80, 0x07, 0xFF, 0xE0, 0x00, 0x18, 0x00, 0x01, 0x80, 0x00, 0x1F, 0xFF, 0x80, 0x18, 0x00, 
    0x03, 0x80, 0x00, 0x00, 0x7F, 0xFC, 0x18, 0x00, 0x03, 0x00, 0x00, 0x00, 0x03, 0xFF, 0xF8, 0x00, 
    0x03, 0x83, 0xC0, 0x00, 0x00, 0x0F, 0xF8, 0x00, 0x03, 0xFF, 0xFF, 0x00, 0x00, 0x00, 0x38, 0x00, 
    0x07, 0xFF, 0xFF, 0xF8, 0x00, 0x00, 0x30, 0x00, 0x07, 0x03, 0xFF, 0xFF, 0xE0, 0x00, 0x30, 0x00, 
    0x07, 0x00, 0x0F, 0xFF, 0xFF, 0x80, 0x30, 0x00, 0x06, 0x00, 0x00, 0x1F, 0xFF, 0xF0, 0x70, 0x00, 
    0x06, 0x00, 0x00, 0x00, 0x3F, 0xFF, 0xF0, 0x00, 0x06, 0x00, 0x00, 0x00, 0x00, 0x7F, 0xE0, 0x00, 
    0x06, 0x0F, 0x80, 0x00, 0x00, 0x00, 0xE0, 0x00, 0x0E, 0x0F, 0xFF, 0x00, 0x00, 0x00, 0x60, 0x00, 
    0x0E, 0x0F, 0xFF, 0xFC, 0x00, 0x00, 0xE0, 0x00, 0x0E, 0x0C, 0x1F, 0xFF, 0xF8, 0x00, 0xE0, 0x00, 
    0x0C, 0x1C, 0x18, 0x3F, 0xFF, 0xC0, 0xE0, 0x00, 0x0C, 0x1C, 0x18, 0x30, 0x7F, 0xE0, 0xC0, 0x00, 
    0x1C, 0x1F, 0xB8, 0x30, 0x60, 0xE0, 0xC0, 0x00, 0x1C, 0x1F, 0xFF, 0x70, 0x60, 0xE0, 0xC0, 0x00, 
    0x1C, 0x1B, 0xFF, 0xFE, 0x60, 0xC0, 0xC0, 0x00, 0x1C, 0x18, 0x3F, 0xFF, 0xFC, 0xC1, 0xC0, 0x00, 
    0x1C, 0x18, 0x30, 0x7F, 0xFF, 0xC1, 0xC0, 0x00, 0x18, 0x38, 0x30, 0x60, 0xFF, 0xC1, 0x80, 0x00, 
    0x38, 0x3F, 0xF0, 0x60, 0xC1, 0xC1, 0x80, 0x00, 0x38, 0x3F, 0xFF, 0xE0, 0xC1, 0xC1, 0x80, 0x00, 
    0x38, 0x31, 0xFF, 0xFE, 0xC1, 0xC1, 0x80, 0x00, 0x38, 0x30, 0x77, 0xFF, 0xFD, 0x81, 0x80, 0x00, 
    0x38, 0x30, 0x60, 0xEF, 0xFF, 0x83, 0x80, 0x00, 0x38, 0x30, 0x60, 0xC1, 0xDF, 0x83, 0x80, 0x00, 
    0x30, 0x7F, 0xE0, 0xC1, 0xC1, 0x83, 0x00, 0x00, 0x30, 0x3F, 0xFF, 0xC1, 0x83, 0x83, 0x00, 0x00, 
    0x30, 0x01, 0xFF, 0xFF, 0x83, 0x83, 0x00, 0x00, 0x30, 0x00, 0x03, 0xFF, 0xFF, 0x83, 0x00, 0x00, 
    0x70, 0x00, 0x00, 0x07, 0xFF, 0x03, 0x00, 0x00, 0x70, 0x00, 0x00, 0x00, 0x0F, 0x07, 0x00, 0x00, 
    0x7F, 0x80, 0x00, 0x00, 0x00, 0x07, 0x00, 0x00, 0x7F, 0xFE, 0x00, 0x00, 0x00, 0x06, 0x00, 0x00, 
    0x03, 0xFF, 0xFC, 0x00, 0x00, 0x06, 0x00, 0x00, 0x00, 0x07, 0xFF, 0xF8, 0x00, 0x06, 0x00, 0x00, 
    0x00, 0x00, 0x0F, 0xFF, 0xF0, 0x06, 0x00, 0x00, 0x00, 0x00, 0x00, 0x3F, 0xFF, 0xEE, 0x00, 0x00, 
      },
  {
    0x00, 0x00, 0x00, 0x00, 0x00, 0x00, 0x00, 0x00, 0x00, 0x00, 0x00, 0x00, 0x00, 0x00, 0x00, 0x00, 
    0x00, 0x00, 0x00, 0x00, 0x00, 0x00, 0x00, 0x00, 0x00, 0x00, 0x00, 0x00, 0x00, 0x00, 0x00, 0x00, 
    0x00, 0x00, 0x00, 0x00, 0x00, 0x00, 0x00, 0x00, 0x00, 0x00, 0x00, 0x00, 0x00, 0x00, 0x00, 0x00, 
    0x00, 0x00, 0x00, 0x00, 0x00, 0x00, 0x00, 0x00, 0x00, 0x00, 0x00, 0x00, 0x00, 0x00, 0x00, 0x00, 
    0x00, 0x01, 0x80, 0x00, 0x00, 0x00, 0x00, 0x00, 0x00, 0x01, 0x80, 0x00, 0x00, 0x00, 0x00, 0x00, 
    0x00, 0x7B, 0x80, 0x01, 0x80, 0x00, 0x00, 0x00, 0x00, 0x7F, 0xC0, 0x01, 0x80, 0x00, 0x00, 0x00, 
    0x00, 0xFF, 0xFF, 0x01, 0x80, 0x00, 0x00, 0x00, 0x00, 0xE3, 0xFF, 0xFF, 0x80, 0x01, 0x80, 0x00, 
    0x00, 0xE3, 0x03, 0xFF, 0xF0, 0x01, 0x80, 0x00, 0x00, 0xC3, 0x00, 0x0F, 0xFF, 0xC3, 0x80, 0x00, 
    0x00, 0xC0, 0x00, 0x03, 0x3F, 0xFF, 0x80, 0x00, 0x00, 0xC0, 0x00, 0x03, 0x01, 0xFF, 0xF8, 0x00, 
    0x01, 0xF0, 0x00, 0x03, 0x00, 0x07, 0xFC, 0x00, 0x01, 0xFF, 0xC0, 0x00, 0x00, 0x03, 0x1C, 0x00, 
    0x01, 0xFF, 0xFE, 0x00, 0x00, 0x03, 0x1C, 0x00, 0x01, 0x81, 0xFF, 0xF8, 0x00, 0x02, 0x1C, 0x00, 
    0x01, 0x80, 0x07, 0xFF, 0xE0, 0x00, 0x18, 0x00, 0x01, 0x80, 0x00, 0x1F, 0xFF, 0x80, 0x18, 0x00, 
    0x03, 0x80, 0x00, 0x00, 0x7F, 0xFE, 0x18, 0x00, 0x03, 0x80, 0x00, 0x00, 0x01, 0xFF, 0xF8, 0x00, 
    0x03, 0x03, 0xC0, 0x00, 0x00, 0x0F, 0xF8, 0x00, 0x03, 0x07, 0xFE, 0x00, 0x00, 0x00, 0x38, 0x00, 
    0x03, 0x07, 0xFF, 0xF8, 0x00, 0x00, 0x30, 0x00, 0x03, 0x06, 0x0F, 0xFF, 0xE0, 0x00, 0x30, 0x00, 
    0x07, 0x06, 0x0E, 0x1F, 0xFF, 0x80, 0x30, 0x00, 0x07, 0xFE, 0x0C, 0x1C, 0x7F, 0xF0, 0x70, 0x00, 
    0x07, 0xFF, 0xFE, 0x18, 0x39, 0xF0, 0x70, 0x00, 0x06, 0x0F, 0xFF, 0xFE, 0x38, 0x30, 0x70, 0x00, 
    0x06, 0x00, 0x0F, 0xFF, 0xFE, 0x70, 0x60, 0x00, 0x0E, 0x00, 0x00, 0x0F, 0xFF, 0xFE, 0x60, 0x00, 
    0x0E, 0x00, 0x00, 0x00, 0x0F, 0xFF, 0xE0, 0x00, 0x0E, 0x00, 0x00, 0x00, 0x00, 0x0F, 0xE0, 0x00, 
    0x0C, 0x0F, 0x00, 0x00, 0x00, 0x00, 0xE0, 0x00, 0x0C, 0x1F, 0xFF, 0x00, 0x00, 0x00, 0xE0, 0x00, 
    0x0C, 0x1F, 0xFF, 0xFF, 0x00, 0x00, 0xC0, 0x00, 0x1C, 0x18, 0x3F, 0xFF, 0xFF, 0x00, 0xC0, 0x00, 
    0x1C, 0x18, 0x38, 0x77, 0xFF, 0xC0, 0xC0, 0x00, 0x1C, 0x18, 0x30, 0x70, 0x67, 0xC1, 0xC0, 0x00, 
    0x1C, 0x1F, 0x30, 0x70, 0x60, 0xC1, 0xC0, 0x00, 0x1C, 0x1F, 0xFF, 0x70, 0xE0, 0xC1, 0xC0, 0x00, 
    0x18, 0x3F, 0xFF, 0xFF, 0xE0, 0xC1, 0x80, 0x00, 0x38, 0x38, 0x37, 0xFF, 0xFF, 0xC1, 0x80, 0x00, 
    0x38, 0x38, 0x70, 0x67, 0xFF, 0xC1, 0x80, 0x00, 0x38, 0x30, 0x70, 0x60, 0xC7, 0xC1, 0x80, 0x00, 
    0x38, 0x3F, 0x70, 0x60, 0xC1, 0x81, 0x80, 0x00, 0x38, 0x3F, 0xFF, 0xE0, 0xC1, 0x83, 0x80, 0x00, 
    0x38, 0x33, 0xFF, 0xFF, 0xC1, 0x83, 0x80, 0x00, 0x38, 0x30, 0x67, 0xFF, 0xFF, 0x83, 0x80, 0x00, 
    0x30, 0x70, 0x60, 0xC3, 0xFF, 0x83, 0x00, 0x00, 0x30, 0x70, 0x60, 0xC1, 0xC3, 0x83, 0x00, 0x00, 
    0x30, 0x7F, 0xE0, 0xC1, 0x83, 0x83, 0x00, 0x00, 0x30, 0x7F, 0xFF, 0xC1, 0x83, 0x83, 0x00, 0x00, 
    0x30, 0x03, 0xFF, 0xFF, 0xC3, 0x03, 0x00, 0x00, 0x70, 0x00, 0x03, 0xFF, 0xFF, 0x07, 0x00, 0x00, 
    0x70, 0x00, 0x00, 0x03, 0xFF, 0x07, 0x00, 0x00, 0x70, 0x00, 0x00, 0x00, 0x02, 0x07, 0x00, 0x00, 
    0x7E, 0x00, 0x00, 0x00, 0x00, 0x06, 0x00, 0x00, 0x7F, 0xFC, 0x00, 0x00, 0x00, 0x06, 0x00, 0x00, 
      },
  {
    0x00, 0x00, 0x00, 0x00, 0x00, 0x00, 0x00, 0x00, 0x00, 0x00, 0x00, 0x00, 0x00, 0x00, 0x00, 0x00, 
    0x00, 0x00, 0x00, 0x00, 0x00, 0x00, 0x00, 0x00, 0x00, 0x00, 0x00, 0x00, 0x00, 0x00, 0x00, 0x00, 
    0x00, 0x00, 0x00, 0x00, 0x00, 0x00, 0x00, 0x00, 0x00, 0x00, 0x00, 0x00, 0x00, 0x00, 0x00, 0x00, 
    0x00, 0x00, 0x00, 0x00, 0x00, 0x00, 0x00, 0x00, 0x00, 0x00, 0x00, 0x00, 0x00, 0x00, 0x00, 0x00, 
    0x00, 0x01, 0x80, 0x00, 0x00, 0x00, 0x00, 0x00, 0x00, 0x01, 0x80, 0x00, 0x00, 0x00, 0x00, 0x00, 
    0x00, 0x01, 0x80, 0x01, 0x80, 0x00, 0x00, 0x00, 0x00, 0x7F, 0x80, 0x01, 0x80, 0x00, 0x00, 0x00, 
    0x00, 0x7F, 0xFE, 0x01, 0x80, 0x00, 0x00, 0x00, 0x00, 0xE3, 0xFF, 0xFF, 0x80, 0x01, 0x80, 0x00, 
    0x00, 0xE3, 0x07, 0xFF, 0xF0, 0x01, 0x80, 0x00, 0x00, 0xC3, 0x00, 0x1F, 0xFF, 0xE3, 0x80, 0x00, 
    0x00, 0xC0, 0x00, 0x03, 0x3F, 0xFF, 0x80, 0x00, 0x00, 0xC0, 0x00, 0x03, 0x00, 0xFF, 0xFC, 0x00, 
    0x00, 0xC0, 0x00, 0x03, 0x00, 0x03, 0xFC, 0x00, 0x01, 0xFF, 0x00, 0x00, 0x00, 0x03, 0x0C, 0x00, 
    0x01, 0xFF, 0xFE, 0x00, 0x00, 0x03, 0x0C, 0x00, 0x01, 0xCF, 0xFF, 0xF8, 0x00, 0x00, 0x1C, 0x00, 
    0x01, 0x80, 0x1F, 0xFF, 0xF0, 0x00, 0x1C, 0x00, 0x01, 0x80, 0x00, 0x7F, 0xFF, 0xC0, 0x18, 0x00, 
    0x01, 0x80, 0x00, 0x00, 0xFF, 0xFF, 0x98, 0x00, 0x01, 0x80, 0x00, 0x00, 0x03, 0xFF, 0xF8, 0x00, 
    0x03, 0x80, 0x00, 0x00, 0x00, 0x07, 0xF8, 0x00, 0x03, 0x83, 0xF8, 0x00, 0x00, 0x00, 0x38, 0x00, 
    0x03, 0x07, 0xFF, 0xF0, 0x00, 0x00, 0x38, 0x00, 0x03, 0x07, 0x1F, 0xFF, 0xC0, 0x00, 0x30, 0x00, 
    0x03, 0x07, 0x06, 0x7F, 0xFF, 0x80, 0x30, 0x00, 0x03, 0x06, 0x0E, 0x0C, 0xFF, 0xF0, 0x30, 0x00, 
    0x07, 0x07, 0x0E, 0x1C, 0x1B, 0xF8, 0x30, 0x00, 0x07, 0x07, 0xFE, 0x1C, 0x18, 0x30, 0x70, 0x00, 
    0x07, 0x07, 0xFF, 0xFC, 0x18, 0x30, 0x70, 0x00, 0x06, 0x0E, 0x1F, 0xFF, 0xF8, 0x30, 0x70, 0x00, 
    0x07, 0xFE, 0x0C, 0x3F, 0xFF, 0xF0, 0x60, 0x00, 0x0F, 0xFF, 0xFF, 0x18, 0xFF, 0xF0, 0x60, 0x00, 
    0x0E, 0x7F, 0xFF, 0xFF, 0xFF, 0xF0, 0x60, 0x00, 0x0E, 0x00, 0x0F, 0xFF, 0xFF, 0xFE, 0xE0, 0x00, 
    0x0C, 0x00, 0x00, 0x01, 0xFF, 0xFF, 0xE0, 0x00, 0x0C, 0x00, 0x00, 0x00, 0x00, 0x1F, 0xE0, 0x00, 
    0x0C, 0x00, 0x00, 0x00, 0x00, 0x00, 0xC0, 0x00, 0x0C, 0x0C, 0x00, 0x00, 0x00, 0x00, 0xC0, 0x00, 
    0x0C, 0x1F, 0xFF, 0xC0, 0x00, 0x00, 0xC0, 0x00, 0x1C, 0x1F, 0xFF, 0xFF, 0xF8, 0x01, 0xC0, 0x00, 
    0x1C, 0x18, 0x3F, 0xFF, 0xFF, 0xC1, 0xC0, 0x00, 0x1C, 0x18, 0x30, 0x70, 0xFF, 0xC1, 0xC0, 0x00, 
    0x1C, 0x18, 0x30, 0x70, 0x60, 0xC1, 0xC0, 0x00, 0x1C, 0x1E, 0x30, 0x60, 0xE0, 0xC1, 0x80, 0x00, 
    0x1C, 0x1F, 0xFF, 0xF0, 0xE0, 0xC1, 0x80, 0x00, 0x1C, 0x3F, 0xFF, 0xFF, 0xFD, 0xC1, 0x80, 0x00, 
    0x18, 0x38, 0x33, 0xFF, 0xFF, 0xC1, 0x80, 0x00, 0x18, 0x38, 0x30, 0x60, 0xFF, 0xC1, 0x80, 0x00, 
    0x18, 0x38, 0x70, 0x60, 0xC1, 0xC1, 0x80, 0x00, 0x18, 0x3F, 0x70, 0x60, 0xC1, 0x81, 0x80, 0x00, 
    0x18, 0x3F, 0xFF, 0xE0, 0xC1, 0x83, 0x80, 0x00, 0x18, 0x3F, 0xFF, 0xFF, 0xFF, 0x83, 0x80, 0x00, 
    0x18, 0x30, 0x71, 0xFF, 0xFF, 0x83, 0x80, 0x00, 0x38, 0x30, 0x60, 0xE1, 0xFF, 0x83, 0x80, 0x00, 
    0x38, 0x30, 0x60, 0xE1, 0xC1, 0x83, 0x80, 0x00, 0x38, 0x3F, 0xE0, 0xC1, 0xC1, 0x83, 0x00, 0x00, 
    0x38, 0x3F, 0xFF, 0xF1, 0xC3, 0x83, 0x00, 0x00, 0x30, 0x0F, 0xFF, 0xFF, 0xFF, 0x83, 0x00, 0x00, 
      },
  {
    0x00, 0x00, 0x00, 0x00, 0x00, 0x00, 0x00, 0x00, 0x00, 0x00, 0x00, 0x00, 0x00, 0x00, 0x00, 0x00, 
    0x00, 0x00, 0x00, 0x00, 0x00, 0x00, 0x00, 0x00, 0x00, 0x00, 0x00, 0x00, 0x00, 0x00, 0x00, 0x00, 
    0x00, 0x00, 0x00, 0x00, 0x00, 0x00, 0x00, 0x00, 0x00, 0x00, 0x00, 0x00, 0x00, 0x00, 0x00, 0x00, 
    0x00, 0x00, 0x00, 0x00, 0x00, 0x00, 0x00, 0x00, 0x00, 0x00, 0x00, 0x00, 0x00, 0x00, 0x00, 0x00, 
    0x00, 0x01, 0x80, 0x00, 0x00, 0x00, 0x00, 0x00, 0x00, 0x01, 0x80, 0x00, 0x00, 0x00, 0x00, 0x00, 
    0x00, 0x01, 0x80, 0x01, 0x80, 0x00, 0x00, 0x00, 0x00, 0x7B, 0x80, 0x01, 0x80, 0x00, 0x00, 0x00, 
    0x00, 0x7F, 0xF8, 0x01, 0x80, 0x01, 0x80, 0x00, 0x00, 0x7F, 0xFF, 0xFB, 0x80, 0x01, 0x80, 0x00, 
    0x00, 0xE3, 0xBF, 0xFF, 0xF8, 0x01, 0x80, 0x00, 0x00, 0xE3, 0x00, 0x3F, 0xFF, 0xFF, 0x80, 0x00, 
    0x00, 0xE3, 0x00, 0x03, 0xBF, 0xFF, 0xF8, 0x00, 0x00, 0xC0, 0x00, 0x03, 0x00, 0x1F, 0xFC, 0x00, 
    0x00, 0xC0, 0x00, 0x03, 0x00, 0x03, 0x9C, 0x00, 0x00, 0xF8, 0x00, 0x00, 0x00, 0x03, 0x0C, 0x00, 
    0x00, 0xFF, 0xF8, 0x00, 0x00, 0x03, 0x0C, 0x00, 0x00, 0xFF, 0xFF, 0xF8, 0x00, 0x00, 0x0C, 0x00, 
    0x01, 0xFF, 0xFF, 0xFF, 0xF8, 0x00, 0x1C, 0x00, 0x01, 0xC0, 0x7F, 0xFF, 0xFF, 0xF8, 0x1C, 0x00, 
    0x01, 0xC0, 0x00, 0x3F, 0xFF, 0xFF, 0xFC, 0x00, 0x01, 0x80, 0x00, 0x00, 0x3F, 0xFF, 0xF8, 0x00, 
    0x01, 0x80, 0x00, 0x00, 0x00, 0x1F, 0xF8, 0x00, 0x01, 0x80, 0x00, 0x00, 0x00, 0x00, 0x38, 0x00, 
    0x01, 0x83, 0xF8, 0x00, 0x00, 0x00, 0x18, 0x00, 0x01, 0x83, 0xFF, 0xFC, 0x00, 0x00, 0x18, 0x00, 
    0x03, 0x83, 0x3F, 0xFF, 0xFC, 0x00, 0x38, 0x00, 0x03, 0x83, 0x06, 0x3F, 0xFF, 0xF8, 0x38, 0x00, 
    0x03, 0x83, 0x06, 0x0E, 0x1F, 0xF8, 0x38, 0x00, 0x03, 0x83, 0x06, 0x0C, 0x1C, 0x38, 0x30, 0x00, 
    0x03, 0x07, 0xFE, 0x0C, 0x1C, 0x38, 0x30, 0x00, 0x03, 0x07, 0xFF, 0xFE, 0x18, 0x38, 0x30, 0x00, 
    0x03, 0x07, 0x1F, 0xFF, 0xFC, 0x38, 0x30, 0x00, 0x03, 0x06, 0x0E, 0x1F, 0xFF, 0xF0, 0x30, 0x00, 
    0x07, 0x06, 0x0E, 0x1C, 0x3F, 0xF0, 0x70, 0x00, 0x07, 0x06, 0x0C, 0x1C, 0x18, 0x30, 0x70, 0x00, 
    0x07, 0x07, 0xFE, 0x1C, 0x38, 0x30, 0x70, 0x00, 0x07, 0x07, 0xFF, 0xFE, 0x38, 0x30, 0x70, 0x00, 
    0x07, 0xEE, 0x3F, 0xFF, 0xFE, 0x70, 0x60, 0x00, 0x0F, 0xFF, 0xFF, 0xFF, 0xFF, 0xF0, 0x60, 0x00, 
    0x0F, 0xFF, 0xFF, 0xFF, 0xFF, 0xFF, 0xE0, 0x00, 0x0E, 0x00, 0x00, 0x1F, 0xFF, 0xFF, 0xE0, 0x00, 
    0x0E, 0x00, 0x00, 0x00, 0x00, 0x00, 0xE0, 0x00, 0x0E, 0x00, 0x00, 0x00, 0x00, 0x00, 0xE0, 0x00, 
    0x0E, 0x00, 0x00, 0x00, 0x00, 0x00, 0xE0, 0x00, 0x0E, 0x04, 0x00, 0x00, 0x00, 0x00, 0xE0, 0x00, 
    0x0E, 0x0F, 0xFF, 0xFF, 0xFF, 0x80, 0xC0, 0x00, 0x0E, 0x1F, 0xFF, 0xFF, 0xFF, 0xE0, 0xC0, 0x00, 
    0x0C, 0x1C, 0x18, 0x3B, 0xFF, 0xE0, 0xC0, 0x00, 0x0C, 0x1C, 0x18, 0x30, 0x60, 0xE0, 0xC0, 0x00, 
    0x0C, 0x1C, 0x18, 0x30, 0x60, 0xE0, 0xC0, 0x00, 0x0C, 0x1F, 0xB8, 0x30, 0x60, 0xE0, 0xC0, 0x00, 
    0x0C, 0x1F, 0xFF, 0xFF, 0xFF, 0xE0, 0xC0, 0x00, 0x0C, 0x1F, 0xFF, 0xFF, 0xFF, 0xE0, 0xC0, 0x00, 
    0x0C, 0x1C, 0x38, 0x30, 0xFF, 0xC0, 0xC0, 0x00, 0x0C, 0x1C, 0x38, 0x30, 0x60, 0xC1, 0xC0, 0x00, 
    0x0C, 0x18, 0x38, 0x30, 0x60, 0xC1, 0xC0, 0x00, 0x0C, 0x1F, 0xF8, 0x70, 0x60, 0xC1, 0xC0, 0x00, 
    0x0C, 0x1F, 0xFF, 0xFF, 0xFF, 0xC1, 0xC0, 0x00, 0x0C, 0x1F, 0xFF, 0xFF, 0xFF, 0xC1, 0xC0, 0x00, 
      },
  {
    0x00, 0x00, 0x00, 0x00, 0x00, 0x00, 0x00, 0x00, 0x00, 0x00, 0x00, 0x00, 0x00, 0x00, 0x00, 0x00, 
    0x00, 0x00, 0x00, 0x00, 0x00, 0x00, 0x00, 0x00, 0x00, 0x00, 0x00, 0x00, 0x00, 0x00, 0x00, 0x00, 
    0x00, 0x00, 0x00, 0x00, 0x00, 0x00, 0x00, 0x00, 0x00, 0x00, 0x00, 0x00, 0x00, 0x00, 0x00, 0x00, 
    0x00, 0x00, 0x00, 0x00, 0x00, 0x00, 0x00, 0x00, 0x00, 0x00, 0x00, 0x00, 0x00, 0x00, 0x00, 0x00, 
    0x00, 0x00, 0x00, 0x00, 0x00, 0x00, 0x00, 0x00, 0x00, 0x01, 0x80, 0x00, 0x00, 0x00, 0x00, 0x00, 
    0x00, 0x01, 0x80, 0x01, 0x80, 0x00, 0x00, 0x00, 0x00, 0x01, 0x80, 0x01, 0x80, 0x00, 0x00, 0x00, 
    0x00, 0x7F, 0x80, 0x01, 0x80, 0x01, 0x80, 0x00, 0x00, 0x7F, 0xFF, 0xF3, 0x80, 0x01, 0x80, 0x00, 
    0x00, 0x7F, 0xFF, 0xFF, 0xFF, 0x81, 0x80, 0x00, 0x00, 0x63, 0x81, 0xFF, 0xFF, 0xFF, 0xFC, 0x00, 
    0x00, 0x63, 0x80, 0x03, 0x8F, 0xFF, 0xFE, 0x00, 0x00, 0xE1, 0x00, 0x03, 0x80, 0x03, 0xFE, 0x00, 
    0x00, 0xE0, 0x00, 0x03, 0x00, 0x03, 0x8E, 0x00, 0x00, 0xE0, 0x00, 0x00, 0x00, 0x01, 0x8C, 0x00, 
    0x00, 0xFC, 0x00, 0x00, 0x00, 0x00, 0x0C, 0x00, 0x00, 0xFF, 0xFF, 0xF0, 0x00, 0x00, 0x0C, 0x00, 
    0x00, 0xFF, 0xFF, 0xFF, 0xFF, 0x80, 0x0C, 0x00, 0x00, 0xFF, 0xFF, 0xFF, 0xFF, 0xFF, 0xFC, 0x00, 
    0x00, 0xFF, 0xFF, 0xFF, 0xFF, 0xFF, 0xFC, 0x00, 0x00, 0xC0, 0x7F, 0xFF, 0xFF, 0xFF, 0xFC, 0x00, 
    0x00, 0xC0, 0x00, 0x00, 0xFF, 0xFF, 0xFC, 0x00, 0x00, 0xC0, 0x00, 0x00, 0x00, 0x01, 0xFC, 0x00, 
    0x00, 0xC0, 0x00, 0x00, 0x00, 0x00, 0x1C, 0x00, 0x00, 0xC0, 0x00, 0x00, 0x00, 0x00, 0x1C, 0x00, 
    0x01, 0xC1, 0xFF, 0x80, 0x00, 0x00, 0x1C, 0x00, 0x01, 0xC1, 0xFF, 0xFF, 0xFF, 0x00, 0x1C, 0x00, 
    0x01, 0xC1, 0x9F, 0xFF, 0xFF, 0xFC, 0x18, 0x00, 0x01, 0xC1, 0x83, 0x07, 0x3F, 0xFC, 0x18, 0x00, 
    0x01, 0xC1, 0x83, 0x06, 0x0E, 0x1C, 0x18, 0x00, 0x01, 0xC3, 0x83, 0x06, 0x0E, 0x1C, 0x18, 0x00, 
    0x01, 0x83, 0xFF, 0xC6, 0x0C, 0x1C, 0x18, 0x00, 0x01, 0x83, 0xFF, 0xFF, 0xFF, 0x9C, 0x18, 0x00, 
    0x01, 0x83, 0x87, 0xFF, 0xFF, 0xFC, 0x18, 0x00, 0x01, 0x83, 0x83, 0x06, 0x1F, 0xFC, 0x18, 0x00, 
    0x01, 0x83, 0x87, 0x06, 0x0C, 0x18, 0x18, 0x00, 0x01, 0x83, 0x87, 0x06, 0x0C, 0x18, 0x38, 0x00, 
    0x01, 0x83, 0xFF, 0xEE, 0x0C, 0x18, 0x38, 0x00, 0x03, 0x83, 0xFF, 0xFF, 0xFF, 0xF8, 0x38, 0x00, 
    0x03, 0x83, 0x07, 0xFF, 0xFF, 0xF8, 0x38, 0x00, 0x03, 0x83, 0x06, 0x0E, 0x1F, 0xF8, 0x38, 0x00, 
    0x03, 0x83, 0x06, 0x0E, 0x1C, 0x18, 0x38, 0x00, 0x03, 0x83, 0x06, 0x0C, 0x1C, 0x18, 0x30, 0x00, 
    0x03, 0x83, 0xFF, 0xFE, 0x1F, 0xFF, 0xF0, 0x00, 0x03, 0xFF, 0xFF, 0xFF, 0xFF, 0xFF, 0xF0, 0x00, 
    0x07, 0xFF, 0xFF, 0xFF, 0xFF, 0xFF, 0xF0, 0x00, 0x07, 0xFF, 0xC0, 0x00, 0x00, 0x00, 0x70, 0x00, 
    0x07, 0x00, 0x00, 0x00, 0x00, 0x00, 0x70, 0x00, 0x07, 0x00, 0x00, 0x00, 0x00, 0x00, 0x70, 0x00, 
    0x03, 0x00, 0x00, 0x00, 0x00, 0x00, 0x70, 0x00, 0x03, 0x00, 0x00, 0x00, 0xFF, 0xF0, 0x70, 0x00, 
    0x03, 0x07, 0xFF, 0xFF, 0xFF, 0xF0, 0x70, 0x00, 0x03, 0x07, 0xFF, 0xFF, 0xFF, 0xF0, 0x70, 0x00, 
    0x03, 0x07, 0x0E, 0x1C, 0x18, 0x30, 0x70, 0x00, 0x03, 0x06, 0x0E, 0x1C, 0x18, 0x30, 0x70, 0x00, 
    0x03, 0x06, 0x0E, 0x0C, 0x18, 0x30, 0x70, 0x00, 0x03, 0x06, 0x0E, 0x1F, 0xFF, 0xF0, 0x70, 0x00, 
    0x03, 0x07, 0xFF, 0xFF, 0xFF, 0xF0, 0x70, 0x00, 0x03, 0x07, 0xFF, 0xFF, 0xFF, 0xF0, 0x70, 0x00, 
      },
  {
    0x00, 0x00, 0x00, 0x00, 0x00, 0x00, 0x00, 0x00, 0x00, 0x00, 0x00, 0x00, 0x00, 0x00, 0x00, 0x00, 
    0x00, 0x00, 0x00, 0x00, 0x00, 0x00, 0x00, 0x00, 0x00, 0x00, 0x00, 0x00, 0x00, 0x00, 0x00, 0x00, 
    0x00, 0x00, 0x00, 0x00, 0x00, 0x00, 0x00, 0x00, 0x00, 0x00, 0x00, 0x00, 0x00, 0x00, 0x00, 0x00, 
    0x00, 0x00, 0x00, 0x00, 0x00, 0x00, 0x00, 0x00, 0x00, 0x00, 0x00, 0x00, 0x00, 0x00, 0x00, 0x00, 
    0x00, 0x00, 0x00, 0x00, 0x00, 0x00, 0x00, 0x00, 0x00, 0x00, 0x00, 0x00, 0x00, 0x00, 0x00, 0x00, 
    0x00, 0x01, 0x80, 0x01, 0x80, 0x00, 0x00, 0x00, 0x00, 0x01, 0x80, 0x01, 0x80, 0x01, 0x80, 0x00, 
    0x00, 0x01, 0x80, 0x01, 0x80, 0x01, 0x80, 0x00, 0x00, 0x3F, 0x80, 0x01, 0x80, 0x01, 0x80, 0x00, 
    0x00, 0x7F, 0xFF, 0xFF, 0xFF, 0xFF, 0xFC, 0x00, 0x00, 0x7F, 0xFF, 0xFF, 0xFF, 0xFF, 0xFE, 0x00, 
    0x00, 0x61, 0x80, 0x01, 0x80, 0x03, 0xFE, 0x00, 0x00, 0x63, 0x80, 0x01, 0x80, 0x01, 0x86, 0x00, 
    0x00, 0x61, 0x00, 0x01, 0x80, 0x01, 0x8E, 0x00, 0x00, 0x60, 0x00, 0x00, 0x00, 0x00, 0x0E, 0x00, 
    0x00, 0x60, 0x00, 0x00, 0x00, 0x00, 0x0E, 0x00, 0x00, 0x7E, 0x00, 0x00, 0x00, 0x00, 0x06, 0x00, 
    0x00, 0x7F, 0xFF, 0xFF, 0xFF, 0xFF, 0xFE, 0x00, 0x00, 0x7F, 0xFF, 0xFF, 0xFF, 0xFF, 0xFE, 0x00, 
    0x00, 0x60, 0x00, 0x00, 0x00, 0x00, 0x7E, 0x00, 0x00, 0x60, 0x00, 0x00, 0x00, 0x00, 0x0E, 0x00, 
    0x00, 0x7F, 0xFF, 0xFF, 0xFF, 0xFF, 0xFE, 0x00, 0x00, 0x7F, 0xFF, 0xFF, 0xFF, 0xFF, 0xFE, 0x00, 
    0x00, 0x60, 0x00, 0x00, 0x00, 0x00, 0x0E, 0x00, 0x00, 0x60, 0x00, 0x00, 0x00, 0x00, 0x0E, 0x00, 
    0x00, 0x60, 0x00, 0x00, 0x00, 0x00, 0x0E, 0x00, 0x00, 0x60, 0x00, 0x00, 0x00, 0x00, 0x0E, 0x00, 
    0x00, 0x60, 0x00, 0x00, 0x00, 0x00, 0x0E, 0x00, 0x00, 0x60, 0xFF, 0xFF, 0xFF, 0xFE, 0x0E, 0x00, 
    0x00, 0x60, 0xFF, 0xFF, 0xFF, 0xFE, 0x0E, 0x00, 0x00, 0x60, 0xC1, 0xC3, 0x87, 0x06, 0x0E, 0x00, 
    0x00, 0x60, 0xC1, 0x83, 0x83, 0x06, 0x0E, 0x00, 0x00, 0x60, 0xC1, 0x83, 0x83, 0x06, 0x0E, 0x00, 
    0x00, 0xE0, 0xC1, 0xC3, 0x87, 0x06, 0x0E, 0x00, 0x00, 0xE0, 0xFF, 0xFF, 0xFF, 0xFE, 0x0E, 0x00, 
    0x00, 0xE0, 0xFF, 0xFF, 0xFF, 0xFE, 0x0E, 0x00, 0x00, 0xE0, 0xC1, 0xC3, 0x83, 0x06, 0x0E, 0x00, 
    0x00, 0xE0, 0xC1, 0xC3, 0x83, 0x06, 0x0E, 0x00, 0x00, 0xE0, 0xC1, 0x83, 0x83, 0x06, 0x0E, 0x00, 
    0x00, 0xE0, 0xC1, 0xC3, 0x87, 0x06, 0x0E, 0x00, 0x00, 0xE0, 0xFF, 0xFF, 0xFF, 0xFE, 0x0E, 0x00, 
    0x00, 0xE0, 0xFF, 0xFF, 0xFF, 0xFE, 0x0E, 0x00, 0x00, 0xE0, 0xC1, 0xC3, 0x83, 0x06, 0x0E, 0x00, 
    0x00, 0xE0, 0xC1, 0xC3, 0x83, 0x06, 0x0E, 0x00, 0x00, 0xE0, 0xC1, 0x83, 0x83, 0x06, 0x0E, 0x00, 
    0x00, 0xE0, 0xE1, 0xC3, 0x87, 0x0E, 0x0E, 0x00, 0x00, 0xE0, 0xFF, 0xFF, 0xFF, 0xFE, 0x0E, 0x00, 
    0x00, 0xE0, 0xFF, 0xFF, 0xFF, 0xFF, 0xFE, 0x00, 0x00, 0xE0, 0x00, 0x00, 0x07, 0xFF, 0xFE, 0x00, 
    0x00, 0xE0, 0x00, 0x0F, 0xFF, 0xFF, 0x9E, 0x00, 0x00, 0x60, 0x1F, 0xFF, 0xFF, 0x00, 0x1E, 0x00, 
    0x00, 0xFF, 0xFF, 0xFE, 0x00, 0x00, 0x1E, 0x00, 0x00, 0xFF, 0xFC, 0x00, 0x00, 0x00, 0x1E, 0x00, 
    0x00, 0xF8, 0x00, 0x00, 0x00, 0x00, 0x0E, 0x00, 0x00, 0xC0, 0x00, 0x00, 0x00, 0x04, 0x0C, 0x00, 
    0x00, 0xC0, 0x00, 0x00, 0x0F, 0xFE, 0x0C, 0x00, 0x00, 0xC0, 0x00, 0x1F, 0xFF, 0xFE, 0x0C, 0x00, 
    0x00, 0xC0, 0x3F, 0xFF, 0xFF, 0x0E, 0x0C, 0x00, 0x00, 0xE0, 0xFF, 0xFF, 0x87, 0x06, 0x0C, 0x00, 
      },
  {
    0x00, 0x00, 0x00, 0x00, 0x00, 0x00, 0x00, 0x00, 0x00, 0x00, 0x00, 0x00, 0x00, 0x00, 0x00, 0x00, 
    0x00, 0x00, 0x00, 0x00, 0x00, 0x00, 0x00, 0x00, 0x00, 0x00, 0x00, 0x00, 0x00, 0x00, 0x00, 0x00, 
    0x00, 0x00, 0x00, 0x00, 0x00, 0x00, 0x00, 0x00, 0x00, 0x00, 0x00, 0x00, 0x00, 0x00, 0x00, 0x00, 
    0x00, 0x00, 0x00, 0x00, 0x00, 0x00, 0x00, 0x00, 0x00, 0x00, 0x00, 0x00, 0x00, 0x00, 0x00, 0x00, 
    0x00, 0x00, 0x00, 0x00, 0x00, 0x00, 0x00, 0x00, 0x00, 0x00, 0x00, 0x00, 0x00, 0x00, 0x00, 0x00, 
    0x00, 0x00, 0x00, 0x01, 0x80, 0x01, 0x80, 0x00, 0x00, 0x01, 0x80, 0x01, 0x80, 0x01, 0x80, 0x00, 
    0x00, 0x01, 0x80, 0x01, 0x80, 0x01, 0x80, 0x00, 0x00, 0x01, 0x80, 0x01, 0x81, 0xFF, 0xFE, 0x00, 
    0x00, 0x03, 0xFF, 0xFF, 0xFF, 0xFF, 0xFE, 0x00, 0x00, 0x7F, 0xFF, 0xFF, 0xFF, 0xFF, 0xC6, 0x00, 
    0x00, 0x7F, 0xFF, 0x01, 0x80, 0x01, 0x86, 0x00, 0x00, 0x71, 0x80, 0x01, 0x80, 0x01, 0x86, 0x00, 
    0x00, 0x71, 0x80, 0x01, 0x80, 0x00, 0x06, 0x00, 0x00, 0x71, 0x80, 0x00, 0x00, 0x00, 0x06, 0x00, 
    0x00, 0x70, 0x00, 0x00, 0x00, 0x00, 0x06, 0x00, 0x00, 0x70, 0x00, 0x00, 0x00, 0xFF, 0xFE, 0x00, 
    0x00, 0x71, 0xFF, 0xFF, 0xFF, 0xFF, 0xFE, 0x00, 0x00, 0x7F, 0xFF, 0xFF, 0xFF, 0xFF, 0x87, 0x00, 
    0x00, 0x7F, 0xFF, 0x80, 0x00, 0x00, 0x07, 0x00, 0x00, 0x30, 0x00, 0x00, 0x00, 0x00, 0x07, 0x00, 
    0x00, 0x30, 0x00, 0x00, 0x00, 0x00, 0x07, 0x00, 0x00, 0x30, 0x00, 0x00, 0x00, 0x00, 0x3F, 0x00, 
    0x00, 0x30, 0x00, 0x00, 0x1F, 0xFF, 0xFF, 0x00, 0x00, 0x30, 0x3F, 0xFF, 0xFF, 0xFF, 0xFF, 0x00, 
    0x00, 0x3F, 0xFF, 0xFF, 0xFF, 0x80, 0x07, 0x00, 0x00, 0x3F, 0xFF, 0xC0, 0x00, 0x00, 0x07, 0x00, 
    0x00, 0x30, 0x00, 0x00, 0x00, 0x00, 0x07, 0x00, 0x00, 0x30, 0x00, 0x00, 0x00, 0x00, 0x03, 0x00, 
    0x00, 0x30, 0x00, 0x00, 0x00, 0x00, 0x03, 0x00, 0x00, 0x30, 0x00, 0x00, 0x7F, 0xFF, 0x03, 0x00, 
    0x00, 0x30, 0x1F, 0xFF, 0xFF, 0xFF, 0x83, 0x00, 0x00, 0x30, 0x7F, 0xFF, 0xFF, 0xC3, 0x83, 0x00, 
    0x00, 0x30, 0x7F, 0xE0, 0xC1, 0x83, 0x83, 0x00, 0x00, 0x38, 0x30, 0x60, 0xC1, 0xC3, 0x83, 0x00, 
    0x00, 0x38, 0x30, 0x60, 0xC1, 0xC3, 0x83, 0x00, 0x00, 0x38, 0x30, 0x60, 0xFF, 0xFF, 0x83, 0x00, 
    0x00, 0x38, 0x3F, 0xFF, 0xFF, 0xFF, 0x83, 0x00, 0x00, 0x38, 0x3F, 0xFF, 0xFD, 0xC1, 0x83, 0x80, 
    0x00, 0x38, 0x3E, 0x70, 0xE0, 0xC1, 0x83, 0x80, 0x00, 0x38, 0x30, 0x70, 0xE0, 0xC1, 0x83, 0x80, 
    0x00, 0x38, 0x30, 0x70, 0x60, 0xC7, 0x83, 0x80, 0x00, 0x38, 0x30, 0x73, 0xFF, 0xFF, 0x83, 0x80, 
    0x00, 0x38, 0x3F, 0xFF, 0xFF, 0xFF, 0x81, 0x80, 0x00, 0x18, 0x3F, 0xFF, 0xF0, 0xC1, 0x81, 0x80, 
    0x00, 0x18, 0x3C, 0x70, 0x60, 0xC1, 0xC1, 0x80, 0x00, 0x18, 0x38, 0x30, 0x60, 0xC1, 0xC1, 0x80, 
    0x00, 0x18, 0x38, 0x30, 0x60, 0xEF, 0xC1, 0x80, 0x00, 0x1C, 0x38, 0x37, 0xFF, 0xFF, 0xC1, 0x80, 
    0x00, 0x1C, 0x1F, 0xFF, 0xFF, 0xFF, 0x81, 0x80, 0x00, 0x1C, 0x1F, 0xFF, 0xE0, 0x00, 0x1F, 0x80, 
    0x00, 0x1C, 0x00, 0x00, 0x00, 0x03, 0xFF, 0x80, 0x00, 0x1C, 0x00, 0x00, 0x00, 0xFF, 0xFF, 0xC0, 
    0x00, 0x1C, 0x00, 0x00, 0x1F, 0xFF, 0x03, 0xC0, 0x00, 0x0C, 0x00, 0x03, 0xFF, 0xE0, 0x03, 0xC0, 
    0x00, 0x0C, 0x00, 0xFF, 0xF8, 0x00, 0x03, 0xC0, 0x00, 0x0C, 0x3F, 0xFF, 0x00, 0x00, 0x03, 0x80, 
    0x00, 0x0F, 0xFF, 0xE0, 0x00, 0x00, 0x01, 0x80, 0x00, 0x1F, 0xFC, 0x00, 0x00, 0x03, 0x81, 0x80, 
      },
  {
    0x00, 0x00, 0x00, 0x00, 0x00, 0x00, 0x00, 0x00, 0x00, 0x00, 0x00, 0x00, 0x00, 0x00, 0x00, 0x00, 
    0x00, 0x00, 0x00, 0x00, 0x00, 0x00, 0x00, 0x00, 0x00, 0x00, 0x00, 0x00, 0x00, 0x00, 0x00, 0x00, 
    0x00, 0x00, 0x00, 0x00, 0x00, 0x00, 0x00, 0x00, 0x00, 0x00, 0x00, 0x00, 0x00, 0x00, 0x00, 0x00, 
    0x00, 0x00, 0x00, 0x00, 0x00, 0x00, 0x00, 0x00, 0x00, 0x00, 0x00, 0x00, 0x00, 0x00, 0x00, 0x00, 
    0x00, 0x00, 0x00, 0x00, 0x00, 0x00, 0x00, 0x00, 0x00, 0x00, 0x00, 0x00, 0x00, 0x01, 0x80, 0x00, 
    0x00, 0x00, 0x00, 0x01, 0x80, 0x01, 0x80, 0x00, 0x00, 0x00, 0x00, 0x01, 0x80, 0x01, 0x80, 0x00, 
    0x00, 0x01, 0x80, 0x01, 0x80, 0x01, 0xFE, 0x00, 0x00, 0x01, 0x80, 0x01, 0x9F, 0xFF, 0xFE, 0x00, 
    0x00, 0x01, 0x80, 0xFF, 0xFF, 0xFF, 0xE6, 0x00, 0x00, 0x07, 0xFF, 0xFF, 0xFF, 0x01, 0xC6, 0x00, 
    0x00, 0x3F, 0xFF, 0xF1, 0xC0, 0x01, 0xC7, 0x00, 0x00, 0x7F, 0xC0, 0x01, 0xC0, 0x00, 0x87, 0x00, 
    0x00, 0x31, 0xC0, 0x00, 0x80, 0x00, 0x07, 0x00, 0x00, 0x31, 0xC0, 0x00, 0x00, 0x00, 0x07, 0x00, 
    0x00, 0x30, 0x00, 0x00, 0x00, 0x01, 0xFF, 0x00, 0x00, 0x30, 0x00, 0x00, 0x0F, 0xFF, 0xFF, 0x00, 
    0x00, 0x30, 0x00, 0xFF, 0xFF, 0xFF, 0xFF, 0x00, 0x00, 0x3F, 0xFF, 0xFF, 0xFF, 0xE0, 0x03, 0x00, 
    0x00, 0x3F, 0xFF, 0xFF, 0x00, 0x00, 0x03, 0x00, 0x00, 0x3F, 0xF0, 0x00, 0x00, 0x00, 0x03, 0x00, 
    0x00, 0x38, 0x00, 0x00, 0x00, 0x00, 0x03, 0x00, 0x00, 0x38, 0x00, 0x00, 0x00, 0x00, 0x03, 0x00, 
    0x00, 0x38, 0x00, 0x00, 0x03, 0xFF, 0x83, 0x80, 0x00, 0x38, 0x00, 0x3F, 0xFF, 0xFF, 0x87, 0x80, 
    0x00, 0x18, 0x3F, 0xFF, 0xFF, 0xFF, 0xFF, 0x80, 0x00, 0x18, 0x3F, 0xFC, 0xE3, 0xFF, 0xFF, 0x80, 
    0x00, 0x18, 0x38, 0x73, 0xFF, 0xFF, 0x03, 0x80, 0x00, 0x18, 0x3B, 0xFF, 0xFF, 0x80, 0x03, 0x80, 
    0x00, 0x1F, 0xFF, 0xFF, 0x80, 0x00, 0x01, 0x80, 0x00, 0x1F, 0xFF, 0x80, 0x00, 0x00, 0x01, 0x80, 
    0x00, 0x1F, 0x80, 0x00, 0x00, 0x00, 0x01, 0x80, 0x00, 0x18, 0x00, 0x00, 0x00, 0x07, 0xC1, 0x80, 
    0x00, 0x1C, 0x00, 0x00, 0x07, 0xFF, 0xC1, 0xC0, 0x00, 0x1C, 0x00, 0x07, 0xFF, 0xFF, 0xC1, 0xC0, 
    0x00, 0x1C, 0x03, 0xFF, 0xFF, 0xE0, 0xC1, 0xC0, 0x00, 0x0C, 0x1F, 0xFF, 0x70, 0x60, 0xC0, 0xC0, 
    0x00, 0x0C, 0x1F, 0xB8, 0x30, 0x60, 0xE0, 0xC0, 0x00, 0x0C, 0x1C, 0x38, 0x30, 0x77, 0xE0, 0xC0, 
    0x00, 0x0C, 0x1C, 0x18, 0x3F, 0xFF, 0xE0, 0xC0, 0x00, 0x0C, 0x1C, 0x1F, 0xFF, 0xFE, 0xE0, 0xC0, 
    0x00, 0x0E, 0x0F, 0xFF, 0xFF, 0x70, 0x60, 0xE0, 0x00, 0x0E, 0x0F, 0xFF, 0x38, 0x30, 0x60, 0xE0, 
    0x00, 0x0E, 0x0F, 0x18, 0x38, 0x30, 0x60, 0xE0, 0x00, 0x0E, 0x0C, 0x1C, 0x18, 0x3F, 0xE0, 0x60, 
    0x00, 0x0E, 0x0C, 0x1C, 0x3F, 0xFF, 0xF0, 0x60, 0x00, 0x0E, 0x0E, 0x1F, 0xFF, 0xFE, 0x70, 0x60, 
    0x00, 0x0E, 0x0F, 0xFF, 0xFE, 0x30, 0x70, 0x60, 0x00, 0x06, 0x0F, 0xFE, 0x18, 0x38, 0x30, 0x60, 
    0x00, 0x07, 0x07, 0x0C, 0x1C, 0x38, 0x30, 0x70, 0x00, 0x07, 0x06, 0x0C, 0x1C, 0x3F, 0xF0, 0x70, 
    0x00, 0x07, 0x06, 0x0C, 0x1F, 0xFF, 0xF0, 0x70, 0x00, 0x07, 0x06, 0x0F, 0xFF, 0xFE, 0x00, 0xF0, 
    0x00, 0x03, 0x07, 0xFF, 0xFE, 0x00, 0x0F, 0xF0, 0x00, 0x03, 0x07, 0xFE, 0x00, 0x00, 0xFF, 0xF0, 
    0x00, 0x03, 0x02, 0x00, 0x00, 0x0F, 0xFC, 0xF0, 0x00, 0x03, 0x00, 0x00, 0x00, 0xFF, 0xC0, 0xF8, 
    0x00, 0x03, 0x80, 0x00, 0x0F, 0xFC, 0x00, 0x70, 0x00, 0x03, 0x80, 0x00, 0xFF, 0xC0, 0x00, 0x60, 
      },
  {
    0x00, 0x00, 0x00, 0x00, 0x00, 0x00, 0x00, 0x00, 0x00, 0x00, 0x00, 0x00, 0x00, 0x00, 0x00, 0x00, 
    0x00, 0x00, 0x00, 0x00, 0x00, 0x00, 0x00, 0x00, 0x00, 0x00, 0x00, 0x00, 0x00, 0x00, 0x00, 0x00, 
    0x00, 0x00, 0x00, 0x00, 0x00, 0x00, 0x00, 0x00, 0x00, 0x00, 0x00, 0x00, 0x00, 0x00, 0x00, 0x00, 
    0x00, 0x00, 0x00, 0x00, 0x00, 0x00, 0x00, 0x00, 0x00, 0x00, 0x00, 0x00, 0x00, 0x00, 0x00, 0x00, 
    0x00, 0x00, 0x00, 0x00, 0x00, 0x01, 0x80, 0x00, 0x00, 0x00, 0x00, 0x00, 0x00, 0x01, 0x80, 0x00, 
    0x00, 0x00, 0x00, 0x01, 0x80, 0x01, 0x80, 0x00, 0x00, 0x00, 0x00, 0x01, 0x80, 0x01, 0xCE, 0x00, 
    0x00, 0x01, 0x80, 0x01, 0x80, 0x1F, 0xFE, 0x00, 0x00, 0x01, 0x80, 0x01, 0xDF, 0xFF, 0xFE, 0x00, 
    0x00, 0x01, 0x80, 0x3F, 0xFF, 0xFD, 0xC7, 0x00, 0x00, 0x01, 0xFF, 0xFF, 0xFC, 0x00, 0xC7, 0x00, 
    0x00, 0x3F, 0xFF, 0xFD, 0xC0, 0x00, 0xC7, 0x00, 0x00, 0x3F, 0xF8, 0x01, 0xC0, 0x00, 0x07, 0x00, 
    0x00, 0x39, 0xC0, 0x00, 0xC0, 0x00, 0x03, 0x00, 0x00, 0x31, 0xC0, 0x00, 0x00, 0x00, 0x0F, 0x00, 
    0x00, 0x30, 0x80, 0x00, 0x00, 0x0F, 0xFF, 0x00, 0x00, 0x30, 0x00, 0x00, 0x1F, 0xFF, 0xFF, 0x00, 
    0x00, 0x38, 0x00, 0x1F, 0xFF, 0xFF, 0xFF, 0x00, 0x00, 0x38, 0x3F, 0xFF, 0xFF, 0xFC, 0x03, 0x80, 
    0x00, 0x3F, 0xFF, 0xFF, 0xFC, 0x00, 0x03, 0x80, 0x00, 0x1F, 0xFF, 0xFC, 0x00, 0x00, 0x03, 0x80, 
    0x00, 0x1F, 0xFC, 0x00, 0x00, 0x00, 0x01, 0x80, 0x00, 0x1C, 0x00, 0x00, 0x00, 0x00, 0x01, 0x80, 
    0x00, 0x18, 0x00, 0x00, 0x00, 0x1F, 0xC1, 0x80, 0x00, 0x18, 0x00, 0x00, 0x3F, 0xFF, 0xC1, 0x80, 
    0x00, 0x18, 0x00, 0x3F, 0xFF, 0xFD, 0xC1, 0x80, 0x00, 0x1C, 0x1F, 0xFF, 0xFC, 0xE0, 0xC1, 0xC0, 
    0x00, 0x1C, 0x1F, 0xF8, 0x70, 0x60, 0xC1, 0xC0, 0x00, 0x1C, 0x1C, 0x30, 0x70, 0x60, 0xFF, 0xC0, 
    0x00, 0x0C, 0x18, 0x38, 0x30, 0x7F, 0xFF, 0xC0, 0x00, 0x0C, 0x18, 0x38, 0x7F, 0xFF, 0xF1, 0xC0, 
    0x00, 0x0C, 0x1C, 0x3F, 0xFF, 0xFC, 0x00, 0xC0, 0x00, 0x0C, 0x1F, 0xFF, 0xFF, 0x00, 0x00, 0xC0, 
    0x00, 0x0C, 0x1F, 0xFF, 0xE0, 0x00, 0x00, 0xC0, 0x00, 0x0F, 0xFF, 0xF8, 0x00, 0x00, 0x00, 0xE0, 
    0x00, 0x0F, 0xFE, 0x00, 0x00, 0x00, 0x40, 0xE0, 0x00, 0x0F, 0xC0, 0x00, 0x00, 0x0F, 0xE0, 0xE0, 
    0x00, 0x0E, 0x00, 0x00, 0x03, 0xFF, 0xE0, 0x60, 0x00, 0x0E, 0x00, 0x00, 0xFF, 0xFC, 0x70, 0x60, 
    0x00, 0x06, 0x00, 0x1F, 0xFF, 0x30, 0x70, 0x60, 0x00, 0x06, 0x07, 0xFF, 0xF8, 0x38, 0x30, 0x70, 
    0x00, 0x06, 0x0F, 0xFC, 0x18, 0x38, 0x70, 0x70, 0x00, 0x07, 0x06, 0x0C, 0x1C, 0x3F, 0xF0, 0x70, 
    0x00, 0x07, 0x06, 0x0C, 0x1F, 0xFF, 0xF0, 0x30, 0x00, 0x07, 0x06, 0x0E, 0xFF, 0xFC, 0x38, 0x30, 
    0x00, 0x07, 0x07, 0x1F, 0xFF, 0x18, 0x38, 0x30, 0x00, 0x03, 0x07, 0xFF, 0xCC, 0x1C, 0x18, 0x38, 
    0x00, 0x03, 0x07, 0xFE, 0x0E, 0x0C, 0x78, 0x38, 0x00, 0x03, 0x83, 0x06, 0x0E, 0x1F, 0xF8, 0x18, 
    0x00, 0x03, 0x83, 0x07, 0x0F, 0xFF, 0xFC, 0x18, 0x00, 0x03, 0x83, 0x07, 0xFF, 0xFE, 0x1C, 0x18, 
    0x00, 0x03, 0x83, 0xBF, 0xFF, 0x0E, 0x1C, 0x18, 0x00, 0x03, 0x83, 0xFF, 0xE6, 0x0E, 0x0C, 0x1C, 
    0x00, 0x01, 0xC1, 0xFB, 0x07, 0x06, 0x7C, 0x1C, 0x00, 0x01, 0xC1, 0x83, 0x07, 0x1F, 0xFC, 0x2C, 
    0x00, 0x01, 0xC1, 0x83, 0x87, 0xFF, 0xE3, 0xFC, 0x00, 0x00, 0xC1, 0x83, 0xFF, 0xFC, 0x1F, 0xFC, 
    0x00, 0x00, 0xC1, 0xFF, 0xFF, 0x00, 0xFF, 0x3E, 0x00, 0x00, 0xC1, 0xFF, 0xE0, 0x0F, 0xF8, 0x3E, 
      },
  {
    0x00, 0x00, 0x00, 0x00, 0x00, 0x00, 0x00, 0x00, 0x00, 0x00, 0x00, 0x00, 0x00, 0x00, 0x00, 0x00, 
    0x00, 0x00, 0x00, 0x00, 0x00, 0x00, 0x00, 0x00, 0x00, 0x00, 0x00, 0x00, 0x00, 0x00, 0x00, 0x00, 
    0x00, 0x00, 0x00, 0x00, 0x00, 0x00, 0x00, 0x00, 0x00, 0x00, 0x00, 0x00, 0x00, 0x00, 0x00, 0x00, 
    0x00, 0x00, 0x00, 0x00, 0x00, 0x00, 0x00, 0x00, 0x00, 0x00, 0x00, 0x00, 0x00, 0x00, 0x00, 0x00, 
    0x00, 0x00, 0x00, 0x00, 0x00, 0x01, 0x80, 0x00, 0x00, 0x00, 0x00, 0x00, 0x00, 0x01, 0x80, 0x00, 
    0x00, 0x00, 0x00, 0x01, 0x80, 0x01, 0x80, 0x00, 0x00, 0x00, 0x00, 0x01, 0x80, 0x01, 0xFE, 0x00, 
    0x00, 0x00, 0x00, 0x01, 0x80, 0x3F, 0xFE, 0x00, 0x00, 0x01, 0x80, 0x01, 0xDF, 0xFF, 0xF6, 0x00, 
    0x00, 0x01, 0x80, 0x1F, 0xFF, 0xF9, 0xC7, 0x00, 0x00, 0x01, 0x8F, 0xFF, 0xF8, 0x00, 0xC7, 0x00, 
    0x00, 0x0F, 0xFF, 0xFD, 0xC0, 0x00, 0xC3, 0x00, 0x00, 0x3F, 0xFE, 0x00, 0xC0, 0x00, 0x03, 0x00, 
    0x00, 0x3F, 0xC0, 0x00, 0xC0, 0x00, 0x03, 0x00, 0x00, 0x30, 0xC0, 0x00, 0x00, 0x00, 0x3F, 0x00, 
    0x00, 0x30, 0xC0, 0x00, 0x00, 0x3F, 0xFF, 0x00, 0x00, 0x38, 0x00, 0x00, 0x1F, 0xFF, 0xFF, 0x80, 
    0x00, 0x38, 0x00, 0x0F, 0xFF, 0xFF, 0xFF, 0x80, 0x00, 0x38, 0x0F, 0xFF, 0xFF, 0xFF, 0xFB, 0x80, 
    0x00, 0x1F, 0xFF, 0xFF, 0xFF, 0xFC, 0x01, 0x80, 0x00, 0x1F, 0xFF, 0xFF, 0xFF, 0x00, 0x01, 0x80, 
    0x00, 0x1F, 0xFF, 0xFF, 0x80, 0x00, 0x01, 0x80, 0x00, 0x1F, 0xFF, 0xC0, 0x00, 0x00, 0x01, 0x80, 
    0x00, 0x1F, 0xE0, 0x00, 0x00, 0x00, 0x01, 0xC0, 0x00, 0x1C, 0x00, 0x00, 0x00, 0x1F, 0xC1, 0xC0, 
    0x00, 0x1C, 0x00, 0x00, 0x07, 0xFF, 0xC1, 0xC0, 0x00, 0x1C, 0x00, 0x03, 0xFF, 0xFC, 0xC0, 0xC0, 
    0x00, 0x0C, 0x01, 0xFF, 0xFE, 0x60, 0xE0, 0xC0, 0x00, 0x0C, 0x1F, 0xFF, 0x30, 0x60, 0xE0, 0xC0, 
    0x00, 0x0C, 0x1F, 0xB8, 0x30, 0x70, 0xE0, 0xC0, 0x00, 0x0C, 0x1C, 0x18, 0x30, 0x7F, 0xE0, 0xE0, 
    0x00, 0x0E, 0x0C, 0x18, 0x3F, 0xFF, 0xE0, 0xE0, 0x00, 0x0E, 0x0C, 0x1F, 0xFF, 0xFC, 0x7F, 0xE0, 
    0x00, 0x0E, 0x0F, 0xFF, 0xFE, 0x31, 0xFF, 0xE0, 0x00, 0x06, 0x0F, 0xFF, 0x18, 0x3F, 0xF8, 0xE0, 
    0x00, 0x06, 0x0F, 0x9C, 0x1F, 0xFF, 0x00, 0xE0, 0x00, 0x06, 0x0E, 0x0C, 0xFF, 0xF0, 0x00, 0x60, 
    0x00, 0x06, 0x0E, 0x1F, 0xFE, 0x00, 0x00, 0x70, 0x00, 0x07, 0x07, 0xFF, 0xC0, 0x00, 0x00, 0x70, 
    0x00, 0x07, 0x3F, 0xFC, 0x00, 0x00, 0x00, 0x70, 0x00, 0x07, 0xFF, 0x80, 0x00, 0x01, 0xF0, 0x30, 
    0x00, 0x07, 0xF0, 0x00, 0x00, 0x3F, 0xF8, 0x30, 0x00, 0x07, 0x00, 0x00, 0x07, 0xFF, 0xB8, 0x30, 
    0x00, 0x03, 0x00, 0x00, 0xFF, 0xFC, 0x18, 0x38, 0x00, 0x03, 0x00, 0x0F, 0xFE, 0x1C, 0x18, 0x38, 
    0x00, 0x03, 0x01, 0xFF, 0xEE, 0x0C, 0x18, 0x18, 0x00, 0x03, 0x83, 0xFF, 0x0E, 0x0F, 0xFC, 0x18, 
    0x00, 0x03, 0x83, 0x87, 0x06, 0x3F, 0xFC, 0x18, 0x00, 0x03, 0x83, 0x07, 0x07, 0xFF, 0x8C, 0x1C, 
    0x00, 0x01, 0x83, 0x83, 0x7F, 0xFE, 0x0C, 0x1C, 0x00, 0x01, 0x81, 0x8F, 0xFF, 0x06, 0x0C, 0x0C, 
    0x00, 0x01, 0xC1, 0xFF, 0xE3, 0x06, 0x0E, 0x0C, 0x00, 0x01, 0xC1, 0xFF, 0x83, 0x07, 0xFE, 0x0C, 
    0x00, 0x01, 0xC1, 0xC1, 0x83, 0x3F, 0xFE, 0x0E, 0x00, 0x00, 0xC1, 0xC1, 0x83, 0xFF, 0x86, 0x0E, 
    0x00, 0x00, 0xE0, 0xC1, 0xFF, 0xF3, 0x07, 0x06, 0x00, 0x00, 0xE0, 0xCF, 0xFF, 0x83, 0x07, 0x76, 
    0x00, 0x00, 0x60, 0xFF, 0xE1, 0x83, 0x8F, 0xFF, 0x00, 0x00, 0x60, 0xFD, 0xC1, 0x83, 0xFF, 0xFF, 
      },
  {
    0x00, 0x00, 0x00, 0x00, 0x00, 0x00, 0x00, 0x00, 0x00, 0x00, 0x00, 0x00, 0x00, 0x00, 0x00, 0x00, 
    0x00, 0x00, 0x00, 0x00, 0x00, 0x00, 0x00, 0x00, 0x00, 0x00, 0x00, 0x00, 0x00, 0x00, 0x00, 0x00, 
    0x00, 0x00, 0x00, 0x00, 0x00, 0x00, 0x00, 0x00, 0x00, 0x00, 0x00, 0x00, 0x00, 0x00, 0x00, 0x00, 
    0x00, 0x00, 0x00, 0x00, 0x00, 0x00, 0x00, 0x00, 0x00, 0x00, 0x00, 0x00, 0x00, 0x00, 0x00, 0x00, 
    0x00, 0x00, 0x00, 0x00, 0x00, 0x01, 0x80, 0x00, 0x00, 0x00, 0x00, 0x00, 0x00, 0x01, 0x80, 0x00, 
    0x00, 0x00, 0x00, 0x01, 0x80, 0x01, 0x80, 0x00, 0x00, 0x00, 0x00, 0x01, 0x80, 0x01, 0xFE, 0x00, 
    0x00, 0x00, 0x00, 0x01, 0x80, 0x3F, 0xFE, 0x00, 0x00, 0x01, 0x80, 0x01, 0xDF, 0xFF, 0xE7, 0x00, 
    0x00, 0x01, 0x80, 0x1F, 0xFF, 0xF1, 0xC7, 0x00, 0x00, 0x01, 0x8F, 0xFF, 0xF8, 0x00, 0xC7, 0x00, 
    0x00, 0x07, 0xFF, 0xFD, 0xC0, 0x00, 0x83, 0x00, 0x00, 0x3F, 0xFE, 0x00, 0xC0, 0x00, 0x03, 0x00, 
    0x00, 0x3F, 0xC0, 0x00, 0xC0, 0x00, 0x03, 0x00, 0x00, 0x30, 0xC0, 0x00, 0x00, 0x00, 0x7F, 0x00, 
    0x00, 0x30, 0xC0, 0x00, 0x00, 0x3F, 0xFF, 0x80, 0x00, 0x38, 0x00, 0x00, 0x1F, 0xFF, 0xF3, 0x80, 
    0x00, 0x38, 0x00, 0x0F, 0xFF, 0xF8, 0x03, 0x80, 0x00, 0x38, 0x07, 0xFF, 0xFC, 0x00, 0x7F, 0x80, 
    0x00, 0x1F, 0xFF, 0xFE, 0x00, 0x1F, 0xFF, 0x80, 0x00, 0x1F, 0xFF, 0x00, 0x0F, 0xFF, 0xE1, 0x80, 
    0x00, 0x1F, 0x80, 0x03, 0xFF, 0xF8, 0x01, 0x80, 0x00, 0x18, 0x00, 0xFF, 0xFE, 0x00, 0x01, 0x80, 
    0x00, 0x1C, 0x7F, 0xFF, 0x00, 0x00, 0x01, 0xC0, 0x00, 0x1F, 0xFF, 0xC0, 0x00, 0x00, 0x01, 0xC0, 
    0x00, 0x1F, 0xF0, 0x00, 0x00, 0x00, 0x40, 0xC0, 0x00, 0x0C, 0x00, 0x00, 0x00, 0x3F, 0xE0, 0xC0, 
    0x00, 0x0C, 0x00, 0x00, 0x0F, 0xFF, 0xE0, 0xC0, 0x00, 0x0C, 0x00, 0x03, 0xFF, 0xF8, 0xE0, 0xC0, 
    0x00, 0x0C, 0x00, 0xFF, 0xFE, 0x70, 0x60, 0xE0, 0x00, 0x0E, 0x0F, 0xFF, 0x38, 0x70, 0x60, 0xE0, 
    0x00, 0x0E, 0x0F, 0xD8, 0x38, 0x30, 0xE0, 0xE0, 0x00, 0x0E, 0x0C, 0x1C, 0x18, 0x3F, 0xE0, 0x60, 
    0x00, 0x06, 0x0C, 0x1C, 0x3F, 0xFF, 0xF0, 0x60, 0x00, 0x06, 0x0E, 0x1F, 0xFF, 0xF8, 0x70, 0x60, 
    0x00, 0x06, 0x0F, 0xFF, 0xFC, 0x38, 0x30, 0x60, 0x00, 0x06, 0x0F, 0xFF, 0x18, 0x38, 0x31, 0xF0, 
    0x00, 0x07, 0x07, 0xCC, 0x1C, 0x18, 0xFF, 0xF0, 0x00, 0x07, 0x06, 0x0E, 0x1C, 0x3F, 0xFF, 0xF0, 
    0x00, 0x07, 0x06, 0x0E, 0x1F, 0xFF, 0xF0, 0x70, 0x00, 0x03, 0x06, 0x0F, 0xFF, 0xFF, 0x00, 0x70, 
    0x00, 0x03, 0x07, 0xFF, 0xFF, 0xF0, 0x00, 0x70, 0x00, 0x03, 0x07, 0xFF, 0xFF, 0x00, 0x00, 0x38, 
    0x00, 0x03, 0x83, 0xFF, 0xF0, 0x00, 0x00, 0x38, 0x00, 0x03, 0x87, 0xFF, 0x00, 0x00, 0x18, 0x38, 
    0x00, 0x03, 0xFF, 0xE0, 0x00, 0x01, 0xF8, 0x38, 0x00, 0x03, 0xFE, 0x00, 0x00, 0x1F, 0xF8, 0x18, 
    0x00, 0x03, 0xE0, 0x00, 0x03, 0xFF, 0x1C, 0x18, 0x00, 0x03, 0x80, 0x00, 0x3F, 0xFC, 0x1C, 0x1C, 
    0x00, 0x01, 0x80, 0x03, 0xFF, 0x0E, 0x0C, 0x1C, 0x00, 0x01, 0x80, 0x3F, 0xF7, 0x06, 0x1C, 0x0C, 
    0x00, 0x01, 0x81, 0xFF, 0x87, 0x07, 0xFE, 0x0C, 0x00, 0x01, 0xC1, 0xF3, 0x83, 0x1F, 0xFE, 0x0E, 
    0x00, 0x01, 0xC1, 0x83, 0x83, 0xFF, 0x86, 0x0E, 0x00, 0x00, 0xC1, 0xC1, 0xBF, 0xF7, 0x06, 0x06, 
    0x00, 0x00, 0xC0, 0xC3, 0xFF, 0x83, 0x07, 0x06, 0x00, 0x00, 0xE0, 0xFF, 0xF1, 0x83, 0x1F, 0x07, 
    0x00, 0x00, 0xE0, 0xFF, 0xC1, 0x83, 0xFF, 0x37, 0x00, 0x00, 0x60, 0xF0, 0xC1, 0xDF, 0xFB, 0xFB, 
      },
  {
    0x00, 0x00, 0x00, 0x00, 0x00, 0x00, 0x00, 0x00, 0x00, 0x00, 0x00, 0x00, 0x00, 0x00, 0x00, 0x00, 
    0x00, 0x00, 0x00, 0x00, 0x00, 0x00, 0x00, 0x00, 0x00, 0x00, 0x00, 0x00, 0x00, 0x00, 0x00, 0x00, 
    0x00, 0x00, 0x00, 0x00, 0x00, 0x00, 0x00, 0x00, 0x00, 0x00, 0x00, 0x00, 0x00, 0x00, 0x00, 0x00, 
    0x00, 0x00, 0x00, 0x00, 0x00, 0x00, 0x00, 0x00, 0x00, 0x00, 0x00, 0x00, 0x00, 0x00, 0x00, 0x00, 
    0x00, 0x00, 0x00, 0x00, 0x00, 0x01, 0x80, 0x00, 0x00, 0x00, 0x00, 0x00, 0x00, 0x01, 0x80, 0x00, 
    0x00, 0x00, 0x00, 0x01, 0x80, 0x01, 0x80, 0x00, 0x00, 0x00, 0x00, 0x01, 0x80, 0x01, 0xFE, 0x00, 
    0x00, 0x00, 0x00, 0x01, 0x80, 0x3F, 0xFE, 0x00, 0x00, 0x01, 0x80, 0x01, 0xDF, 0xFF, 0xF7, 0x00, 
    0x00, 0x01, 0x80, 0x1F, 0xFF, 0xF9, 0xC7, 0x00, 0x00, 0x01, 0x8F, 0xFF, 0xF8, 0x00, 0xC7, 0x00, 
    0x00, 0x0F, 0xFF, 0xFD, 0xC0, 0x00, 0xC3, 0x00, 0x00, 0x3F, 0xFE, 0x00, 0xC0, 0x00, 0x03, 0x00, 
    0x00, 0x3F, 0xC0, 0x00, 0xC0, 0x00, 0x03, 0x00, 0x00, 0x30, 0xC0, 0x00, 0x00, 0x00, 0x3F, 0x00, 
    0x00, 0x30, 0xC0, 0x00, 0x00, 0x3F, 0xFF, 0x00, 0x00, 0x38, 0x00, 0x00, 0x1F, 0xFF, 0xFB, 0x80, 
    0x00, 0x38, 0x00, 0x0F, 0xFF, 0xF8, 0x03, 0x80, 0x00, 0x38, 0x0F, 0xFF, 0xFC, 0x00, 0x03, 0x80, 
    0x00, 0x1F, 0xFF, 0xFE, 0x00, 0x00, 0x01, 0x80, 0x00, 0x1F, 0xFE, 0x00, 0x00, 0x00, 0x07, 0x80, 
    0x00, 0x1F, 0x00, 0x00, 0x00, 0x01, 0xFF, 0x80, 0x00, 0x18, 0x00, 0x00, 0x00, 0xFF, 0xFF, 0x80, 
    0x00, 0x1C, 0x00, 0x00, 0x3F, 0xFF, 0x81, 0xC0, 0x00, 0x1C, 0x00, 0x1F, 0xFF, 0xE0, 0x01, 0xC0, 
    0x00, 0x1C, 0x0F, 0xFF, 0xF8, 0x00, 0x01, 0xC0, 0x00, 0x0C, 0xFF, 0xFE, 0x00, 0x00, 0x00, 0xC0, 
    0x00, 0x0F, 0xFF, 0x80, 0x00, 0x00, 0x00, 0xC0, 0x00, 0x0F, 0xC0, 0x00, 0x00, 0x03, 0xC0, 0xC0, 
    0x00, 0x0C, 0x00, 0x00, 0x00, 0xFF, 0xE0, 0xC0, 0x00, 0x0C, 0x00, 0x00, 0x3F, 0xFF, 0xE0, 0xE0, 
    0x00, 0x0E, 0x00, 0x0F, 0xFF, 0xF0, 0x60, 0xE0, 0x00, 0x0E, 0x03, 0xFF, 0xF8, 0x30, 0x60, 0x60, 
    0x00, 0x0E, 0x0F, 0xFC, 0x18, 0x30, 0x70, 0x60, 0x00, 0x06, 0x0F, 0x1C, 0x18, 0x33, 0xF0, 0x60, 
    0x00, 0x06, 0x0E, 0x0C, 0x18, 0xFF, 0xF0, 0x60, 0x00, 0x06, 0x0E, 0x0C, 0x3F, 0xFF, 0xF0, 0x70, 
    0x00, 0x07, 0x06, 0x0F, 0xFF, 0xF8, 0x30, 0x70, 0x00, 0x07, 0x07, 0xFF, 0xFC, 0x18, 0x30, 0x70, 
    0x00, 0x07, 0x07, 0xFE, 0x0C, 0x18, 0x38, 0x30, 0x00, 0x07, 0x07, 0x0E, 0x0C, 0x1F, 0xF8, 0x30, 
    0x00, 0x03, 0x07, 0x0E, 0x0C, 0xFF, 0xFB, 0xF0, 0x00, 0x03, 0x07, 0x06, 0x3F, 0xFF, 0xBF, 0xF8, 
    0x00, 0x03, 0x83, 0x0F, 0xFF, 0xDD, 0xFF, 0x78, 0x00, 0x03, 0x83, 0xFF, 0xFE, 0x1F, 0xF0, 0x78, 
    0x00, 0x03, 0x83, 0xFF, 0x07, 0xFF, 0x00, 0x38, 0x00, 0x03, 0x83, 0x87, 0x1F, 0xF0, 0x00, 0x38, 
    0x00, 0x03, 0x83, 0x87, 0xFF, 0x80, 0x00, 0x38, 0x00, 0x01, 0x83, 0x9F, 0xF8, 0x00, 0x00, 0x3C, 
    0x00, 0x01, 0x83, 0xFF, 0x80, 0x00, 0x18, 0x1C, 0x00, 0x01, 0xDF, 0xF8, 0x00, 0x01, 0xFC, 0x1C, 
    0x00, 0x01, 0xFF, 0x80, 0x00, 0x1F, 0xFC, 0x1C, 0x00, 0x01, 0xF8, 0x00, 0x01, 0xFF, 0x8C, 0x1C, 
    0x00, 0x01, 0xC0, 0x00, 0x1F, 0xFE, 0x0C, 0x0C, 0x00, 0x01, 0x80, 0x01, 0xFF, 0x86, 0x0E, 0x0C, 
    0x00, 0x01, 0xC0, 0x0F, 0xFF, 0x07, 0x1E, 0x0E, 0x00, 0x01, 0xC0, 0xFF, 0x83, 0x07, 0xFE, 0x06, 
    0x00, 0x00, 0xC1, 0xF9, 0x83, 0x9F, 0xFF, 0x06, 0x00, 0x00, 0xC0, 0xC1, 0x83, 0xFF, 0x87, 0x36, 
      },
  {
    0x00, 0x00, 0x00, 0x00, 0x00, 0x00, 0x00, 0x00, 0x00, 0x00, 0x00, 0x00, 0x00, 0x00, 0x00, 0x00, 
    0x00, 0x00, 0x00, 0x00, 0x00, 0x00, 0x00, 0x00, 0x00, 0x00, 0x00, 0x00, 0x00, 0x00, 0x00, 0x00, 
    0x00, 0x00, 0x00, 0x00, 0x00, 0x00, 0x00, 0x00, 0x00, 0x00, 0x00, 0x00, 0x00, 0x00, 0x00, 0x00, 
    0x00, 0x00, 0x00, 0x00, 0x00, 0x00, 0x00, 0x00, 0x00, 0x00, 0x00, 0x00, 0x00, 0x00, 0x00, 0x00, 
    0x00, 0x00, 0x00, 0x00, 0x00, 0x01, 0x80, 0x00, 0x00, 0x00, 0x00, 0x00, 0x00, 0x01, 0x80, 0x00, 
    0x00, 0x00, 0x00, 0x01, 0x80, 0x01, 0x80, 0x00, 0x00, 0x00, 0x00, 0x01, 0x80, 0x01, 0xDE, 0x00, 
    0x00, 0x01, 0x80, 0x01, 0x80, 0x1F, 0xFE, 0x00, 0x00, 0x01, 0x80, 0x01, 0xDF, 0xFF, 0xFE, 0x00, 
    0x00, 0x01, 0x80, 0x1F, 0xFF, 0xFD, 0xC7, 0x00, 0x00, 0x01, 0xFF, 0xFF, 0xFC, 0x00, 0xC7, 0x00, 
    0x00, 0x1F, 0xFF, 0xFD, 0xC0, 0x00, 0xC7, 0x00, 0x00, 0x3F, 0xF8, 0x01, 0xC0, 0x00, 0x03, 0x00, 
    0x00, 0x39, 0xC0, 0x00, 0xC0, 0x00, 0x03, 0x00, 0x00, 0x31, 0xC0, 0x00, 0x00, 0x00, 0x0F, 0x00, 
    0x00, 0x30, 0xC0, 0x00, 0x00, 0x1F, 0xFF, 0x00, 0x00, 0x30, 0x00, 0x00, 0x1F, 0xFF, 0xFF, 0x00, 
    0x00, 0x38, 0x00, 0x1F, 0xFF, 0xFE, 0x03, 0x80, 0x00, 0x38, 0x1F, 0xFF, 0xFC, 0x00, 0x03, 0x80, 
    0x00, 0x3F, 0xFF, 0xFC, 0x00, 0x00, 0x03, 0x80, 0x00, 0x1F, 0xFC, 0x00, 0x00, 0x00, 0x01, 0x80, 
    0x00, 0x1C, 0x00, 0x00, 0x00, 0x00, 0x01, 0x80, 0x00, 0x18, 0x00, 0x00, 0x00, 0x1F, 0x81, 0x80, 
    0x00, 0x18, 0x00, 0x00, 0x1F, 0xFF, 0xC1, 0x80, 0x00, 0x18, 0x00, 0x1F, 0xFF, 0xFD, 0xFF, 0x80, 
    0x00, 0x1C, 0x1F, 0xFF, 0xF8, 0xEF, 0xFF, 0xC0, 0x00, 0x1C, 0x1F, 0xF8, 0x77, 0xFF, 0xF1, 0xC0, 
    0x00, 0x1C, 0x1C, 0x31, 0xFF, 0xFC, 0x01, 0xC0, 0x00, 0x0C, 0x18, 0x7F, 0xFE, 0x00, 0x01, 0xC0, 
    0x00, 0x0C, 0x1F, 0xFF, 0x80, 0x00, 0x00, 0xC0, 0x00, 0x0F, 0xFF, 0xE0, 0x00, 0x00, 0x00, 0xC0, 
    0x00, 0x0F, 0xF8, 0x00, 0x00, 0x00, 0x40, 0xC0, 0x00, 0x0E, 0x00, 0x00, 0x00, 0x1F, 0xE0, 0xC0, 
    0x00, 0x0C, 0x00, 0x00, 0x07, 0xFF, 0xE0, 0xE0, 0x00, 0x0E, 0x00, 0x01, 0xFF, 0xF8, 0x60, 0xE0, 
    0x00, 0x0E, 0x00, 0x7F, 0xFE, 0x30, 0x60, 0x60, 0x00, 0x0E, 0x0F, 0xFF, 0xB8, 0x30, 0x70, 0x60, 
    0x00, 0x06, 0x0F, 0xFC, 0x18, 0x30, 0x70, 0x60, 0x00, 0x06, 0x0E, 0x0C, 0x18, 0x3F, 0xF0, 0x60, 
    0x00, 0x06, 0x0E, 0x0C, 0x1F, 0xFF, 0xF0, 0x70, 0x00, 0x07, 0x06, 0x0F, 0xFF, 0xF8, 0x30, 0x70, 
    0x00, 0x07, 0x06, 0x7F, 0xFE, 0x18, 0x30, 0x30, 0x00, 0x07, 0x07, 0xFF, 0x9C, 0x18, 0x30, 0x30, 
    0x00, 0x07, 0x07, 0xEE, 0x0C, 0x18, 0x78, 0x30, 0x00, 0x07, 0x07, 0x06, 0x0C, 0x1F, 0xF8, 0x30, 
    0x00, 0x03, 0x07, 0x06, 0x0F, 0xFF, 0xF8, 0x78, 0x00, 0x03, 0x83, 0x07, 0xFF, 0xFC, 0x1F, 0xF8, 
    0x00, 0x03, 0x83, 0xFF, 0xFE, 0x0C, 0x7F, 0xF8, 0x00, 0x03, 0x83, 0xFF, 0x8E, 0x0F, 0xFE, 0x78, 
    0x00, 0x03, 0x83, 0xE7, 0x06, 0x3F, 0xE0, 0x78, 0x00, 0x03, 0x83, 0x87, 0x07, 0xFE, 0x00, 0x38, 
    0x00, 0x03, 0x83, 0x83, 0x3F, 0xF0, 0x00, 0x3C, 0x00, 0x01, 0x83, 0x83, 0xFF, 0x00, 0x00, 0x3C, 
    0x00, 0x01, 0xC1, 0xFF, 0xF0, 0x00, 0x00, 0x3C, 0x00, 0x01, 0xC3, 0xFF, 0x00, 0x00, 0x38, 0x1C, 
    0x00, 0x00, 0xDF, 0xF0, 0x00, 0x03, 0xFC, 0x1C, 0x00, 0x01, 0xFF, 0x80, 0x00, 0x3F, 0xFC, 0x1C, 
    0x00, 0x03, 0xF8, 0x00, 0x03, 0xFF, 0x0C, 0x0C, 0x00, 0x01, 0x80, 0x00, 0x1F, 0xFE, 0x0C, 0x0C, 
      },
  {
    0x00, 0x00, 0x00, 0x00, 0x00, 0x00, 0x00, 0x00, 0x00, 0x00, 0x00, 0x00, 0x00, 0x00, 0x00, 0x00, 
    0x00, 0x00, 0x00, 0x00, 0x00, 0x00, 0x00, 0x00, 0x00, 0x00, 0x00, 0x00, 0x00, 0x00, 0x00, 0x00, 
    0x00, 0x00, 0x00, 0x00, 0x00, 0x00, 0x00, 0x00, 0x00, 0x00, 0x00, 0x00, 0x00, 0x00, 0x00, 0x00, 
    0x00, 0x00, 0x00, 0x00, 0x00, 0x00, 0x00, 0x00, 0x00, 0x00, 0x00, 0x00, 0x00, 0x00, 0x00, 0x00, 
    0x00, 0x00, 0x00, 0x00, 0x00, 0x00, 0x00, 0x00, 0x00, 0x00, 0x00, 0x00, 0x00, 0x01, 0x80, 0x00, 
    0x00, 0x00, 0x00, 0x01, 0x80, 0x01, 0x80, 0x00, 0x00, 0x00, 0x00, 0x01, 0x80, 0x01, 0x80, 0x00, 
    0x00, 0x01, 0x80, 0x01, 0x80, 0x03, 0xFE, 0x00, 0x00, 0x01, 0x80, 0x01, 0x9F, 0xFF, 0xFE, 0x00, 
    0x00, 0x01, 0x80, 0x7F, 0xFF, 0xFF, 0xC6, 0x00, 0x00, 0x03, 0xFF, 0xFF, 0xFE, 0x01, 0xC7, 0x00, 
    0x00, 0x3F, 0xFF, 0xF9, 0xC0, 0x00, 0xC7, 0x00, 0x00, 0x7F, 0xC0, 0x01, 0xC0, 0x00, 0x07, 0x00, 
    0x00, 0x31, 0xC0, 0x00, 0x80, 0x00, 0x07, 0x00, 0x00, 0x31, 0xC0, 0x00, 0x00, 0x00, 0x07, 0x00, 
    0x00, 0x30, 0x80, 0x00, 0x00, 0x03, 0xFF, 0x00, 0x00, 0x30, 0x00, 0x00, 0x0F, 0xFF, 0xFF, 0x00, 
    0x00, 0x30, 0x00, 0x7F, 0xFF, 0xFF, 0xC3, 0x00, 0x00, 0x39, 0xFF, 0xFF, 0xFF, 0x00, 0x03, 0x00, 
    0x00, 0x3F, 0xFF, 0xF8, 0x00, 0x00, 0x03, 0x00, 0x00, 0x3F, 0xE0, 0x00, 0x00, 0x00, 0x03, 0x00, 
    0x00, 0x38, 0x00, 0x00, 0x00, 0x00, 0x03, 0x80, 0x00, 0x38, 0x00, 0x00, 0x00, 0x07, 0x83, 0x80, 
    0x00, 0x18, 0x00, 0x00, 0x1F, 0xFF, 0x83, 0x80, 0x00, 0x18, 0x00, 0xFF, 0xFF, 0xFF, 0x83, 0x80, 
    0x00, 0x18, 0x3F, 0xFF, 0xFF, 0xC1, 0x81, 0x80, 0x00, 0x18, 0x3F, 0xF0, 0x60, 0xC1, 0xC1, 0x80, 
    0x00, 0x18, 0x38, 0x30, 0x60, 0xC1, 0xC1, 0x80, 0x00, 0x18, 0x38, 0x30, 0x60, 0xEF, 0xDF, 0x80, 
    0x00, 0x18, 0x38, 0x30, 0x7F, 0xFF, 0xFF, 0x80, 0x00, 0x1C, 0x18, 0xFF, 0xFF, 0xFF, 0xFF, 0x80, 
    0x00, 0x1C, 0x1F, 0xFF, 0xFF, 0xFF, 0x01, 0xC0, 0x00, 0x1C, 0x1F, 0xFF, 0xFF, 0x80, 0x01, 0xC0, 
    0x00, 0x1C, 0x3F, 0xFF, 0xC0, 0x00, 0x01, 0xC0, 0x00, 0x0F, 0xFF, 0xF0, 0x00, 0x00, 0x01, 0xC0, 
    0x00, 0x1F, 0xF8, 0x00, 0x00, 0x00, 0x01, 0xC0, 0x00, 0x1E, 0x00, 0x00, 0x00, 0x07, 0xC0, 0xC0, 
    0x00, 0x0C, 0x00, 0x00, 0x03, 0xFF, 0xE0, 0xC0, 0x00, 0x0C, 0x00, 0x00, 0xFF, 0xFE, 0xE0, 0xC0, 
    0x00, 0x0C, 0x00, 0x7F, 0xFF, 0xF0, 0x60, 0xC0, 0x00, 0x0C, 0x0F, 0xFF, 0xF8, 0x70, 0x60, 0xE0, 
    0x00, 0x0E, 0x0F, 0xF8, 0x38, 0x30, 0x60, 0xE0, 0x00, 0x0E, 0x0C, 0x18, 0x38, 0x3F, 0xE0, 0x60, 
    0x00, 0x0E, 0x0C, 0x1C, 0x1B, 0xFF, 0xF0, 0x60, 0x00, 0x06, 0x0E, 0x1D, 0xFF, 0xFE, 0x70, 0x60, 
    0x00, 0x06, 0x0E, 0x7F, 0xFF, 0x38, 0x70, 0x60, 0x00, 0x06, 0x0F, 0xFF, 0xD8, 0x38, 0x30, 0x70, 
    0x00, 0x07, 0x07, 0xFC, 0x1C, 0x18, 0x30, 0x70, 0x00, 0x07, 0x06, 0x0C, 0x1C, 0x1F, 0xF0, 0x70, 
    0x00, 0x07, 0x06, 0x0E, 0x1F, 0xFF, 0xF0, 0x30, 0x00, 0x07, 0x06, 0x0F, 0xFF, 0xFE, 0x3B, 0xF0, 
    0x00, 0x07, 0x07, 0x7F, 0xFF, 0x18, 0x3F, 0xF0, 0x00, 0x03, 0x07, 0xFF, 0xCC, 0x1F, 0xFF, 0xF0, 
    0x00, 0x03, 0x07, 0xE6, 0x0C, 0x3F, 0xF0, 0xF8, 0x00, 0x03, 0x83, 0x06, 0x0F, 0xFF, 0x00, 0x78, 
    0x00, 0x03, 0x83, 0x06, 0x3F, 0xF0, 0x00, 0x78, 0x00, 0x01, 0x83, 0x07, 0xFF, 0x00, 0x00, 0x78, 
    0x00, 0x01, 0x83, 0xFF, 0xF0, 0x00, 0x00, 0x78, 0x00, 0x01, 0x83, 0xFF, 0x00, 0x00, 0x00, 0x38, 
      },
  {
    0x00, 0x00, 0x00, 0x00, 0x00, 0x00, 0x00, 0x00, 0x00, 0x00, 0x00, 0x00, 0x00, 0x00, 0x00, 0x00, 
    0x00, 0x00, 0x00, 0x00, 0x00, 0x00, 0x00, 0x00, 0x00, 0x00, 0x00, 0x00, 0x00, 0x00, 0x00, 0x00, 
    0x00, 0x00, 0x00, 0x00, 0x00, 0x00, 0x00, 0x00, 0x00, 0x00, 0x00, 0x00, 0x00, 0x00, 0x00, 0x00, 
    0x00, 0x00, 0x00, 0x00, 0x00, 0x00, 0x00, 0x00, 0x00, 0x00, 0x00, 0x00, 0x00, 0x00, 0x00, 0x00, 
    0x00, 0x00, 0x00, 0x00, 0x00, 0x00, 0x00, 0x00, 0x00, 0x00, 0x00, 0x00, 0x00, 0x01, 0x80, 0x00, 
    0x00, 0x00, 0x00, 0x01, 0x80, 0x01, 0x80, 0x00, 0x00, 0x01, 0x80, 0x01, 0x80, 0x01, 0x80, 0x00, 
    0x00, 0x01, 0x80, 0x01, 0x80, 0x01, 0x80, 0x00, 0x00, 0x01, 0x80, 0x01, 0x87, 0xFF, 0xFE, 0x00, 
    0x00, 0x01, 0x8F, 0xFF, 0xFF, 0xFF, 0xFE, 0x00, 0x00, 0x3F, 0xFF, 0xFF, 0xFF, 0xF1, 0xC6, 0x00, 
    0x00, 0x7F, 0xFF, 0xE1, 0x80, 0x01, 0xC6, 0x00, 0x00, 0x71, 0x80, 0x01, 0x80, 0x01, 0x86, 0x00, 
    0x00, 0x71, 0x80, 0x01, 0x80, 0x00, 0x06, 0x00, 0x00, 0x71, 0x80, 0x00, 0x00, 0x00, 0x07, 0x00, 
    0x00, 0x70, 0x00, 0x00, 0x00, 0x00, 0x07, 0x00, 0x00, 0x30, 0x00, 0x00, 0x03, 0xFF, 0xFF, 0x00, 
    0x00, 0x30, 0x0F, 0xFF, 0xFF, 0xFF, 0xFF, 0x00, 0x00, 0x3F, 0xFF, 0xFF, 0xFF, 0xF8, 0x07, 0x00, 
    0x00, 0x3F, 0xFF, 0xE0, 0x00, 0x00, 0x07, 0x00, 0x00, 0x30, 0x00, 0x00, 0x00, 0x00, 0x07, 0x00, 
    0x00, 0x30, 0x00, 0x00, 0x00, 0x00, 0x03, 0x00, 0x00, 0x30, 0x00, 0x00, 0x00, 0x00, 0x03, 0x00, 
    0x00, 0x30, 0x00, 0x00, 0x0F, 0xFF, 0x03, 0x00, 0x00, 0x30, 0x1F, 0xFF, 0xFF, 0xFF, 0x83, 0x00, 
    0x00, 0x30, 0x7F, 0xFF, 0xFF, 0xE3, 0x83, 0x00, 0x00, 0x30, 0x7F, 0xE0, 0xC1, 0x83, 0x83, 0x00, 
    0x00, 0x38, 0x70, 0x60, 0xC1, 0xC3, 0x83, 0x00, 0x00, 0x38, 0x30, 0x60, 0xC1, 0xC3, 0x83, 0x00, 
    0x00, 0x38, 0x30, 0x60, 0xFF, 0xFF, 0x83, 0x00, 0x00, 0x38, 0x3F, 0xFF, 0xFF, 0xFF, 0x83, 0x00, 
    0x00, 0x38, 0x3F, 0xFF, 0xFF, 0xC1, 0x83, 0x00, 0x00, 0x38, 0x3F, 0x70, 0xE0, 0xC1, 0x83, 0x80, 
    0x00, 0x18, 0x30, 0x60, 0xE0, 0xC1, 0x8F, 0x80, 0x00, 0x18, 0x30, 0x60, 0xE0, 0xC7, 0xFF, 0x80, 
    0x00, 0x18, 0x30, 0x70, 0xFF, 0xFF, 0xFF, 0x80, 0x00, 0x18, 0x3F, 0xFF, 0xFF, 0xFE, 0x03, 0x80, 
    0x00, 0x18, 0x3F, 0xFF, 0xFF, 0x00, 0x03, 0x80, 0x00, 0x19, 0xFF, 0xFF, 0x00, 0x00, 0x03, 0x80, 
    0x00, 0x1F, 0xFF, 0x80, 0x00, 0x00, 0x03, 0x80, 0x00, 0x3F, 0x80, 0x00, 0x00, 0x00, 0x01, 0x80, 
    0x00, 0x18, 0x00, 0x00, 0x00, 0x0F, 0x81, 0x80, 0x00, 0x18, 0x00, 0x00, 0x07, 0xFF, 0xC1, 0x80, 
    0x00, 0x18, 0x00, 0x07, 0xFF, 0xFF, 0xC1, 0x80, 0x00, 0x18, 0x03, 0xFF, 0xFE, 0xE0, 0xC1, 0x80, 
    0x00, 0x1C, 0x1F, 0xFF, 0x70, 0xE0, 0xC1, 0xC0, 0x00, 0x1C, 0x1F, 0xB0, 0x70, 0x60, 0xC1, 0xC0, 
    0x00, 0x1C, 0x18, 0x38, 0x70, 0x6F, 0xC1, 0xC0, 0x00, 0x1C, 0x18, 0x38, 0x7F, 0xFF, 0xC0, 0xC0, 
    0x00, 0x1C, 0x18, 0x3F, 0xFF, 0xFE, 0xE0, 0xC0, 0x00, 0x1C, 0x1F, 0xFF, 0xFE, 0x60, 0xE0, 0xC0, 
    0x00, 0x0C, 0x1F, 0xFF, 0x30, 0x70, 0x60, 0xC0, 0x00, 0x0E, 0x1F, 0x18, 0x30, 0x70, 0x60, 0xE0, 
    0x00, 0x0E, 0x0C, 0x18, 0x38, 0x7F, 0xE0, 0xE0, 0x00, 0x0E, 0x0C, 0x18, 0x3F, 0xFF, 0xE7, 0xE0, 
    0x00, 0x06, 0x0C, 0x1F, 0xFF, 0xFF, 0xFF, 0xE0, 0x00, 0x06, 0x0F, 0xFF, 0xFC, 0x3F, 0xFF, 0xE0, 
    0x00, 0x06, 0x0F, 0xFE, 0x19, 0xFF, 0xC1, 0xE0, 0x00, 0x06, 0x0F, 0x0C, 0x1F, 0xFC, 0x01, 0xE0, 
      },
  {
    0x00, 0x00, 0x00, 0x00, 0x00, 0x00, 0x00, 0x00, 0x00, 0x00, 0x00, 0x00, 0x00, 0x00, 0x00, 0x00, 
    0x00, 0x00, 0x00, 0x00, 0x00, 0x00, 0x00, 0x00, 0x00, 0x00, 0x00, 0x00, 0x00, 0x00, 0x00, 0x00, 
    0x00, 0x00, 0x00, 0x00, 0x00, 0x00, 0x00, 0x00, 0x00, 0x00, 0x00, 0x00, 0x00, 0x00, 0x00, 0x00, 
    0x00, 0x00, 0x00, 0x00, 0x00, 0x00, 0x00, 0x00, 0x00, 0x00, 0x00, 0x00, 0x00, 0x00, 0x00, 0x00, 
    0x00, 0x00, 0x00, 0x00, 0x00, 0x00, 0x00, 0x00, 0x00, 0x00, 0x00, 0x00, 0x00, 0x00, 0x00, 0x00, 
    0x00, 0x00, 0x00, 0x01, 0x80, 0x01, 0x80, 0x00, 0x00, 0x01, 0x80, 0x01, 0x80, 0x01, 0x80, 0x00, 
    0x00, 0x01, 0x80, 0x01, 0x80, 0x01, 0x80, 0x00, 0x00, 0x01, 0x80, 0x01, 0x80, 0x01, 0xC4, 0x00, 
    0x00, 0x7F, 0xFF, 0xFF, 0xFF, 0xFF, 0xFE, 0x00, 0x00, 0x7F, 0xFF, 0xFF, 0xFF, 0xFF, 0xFE, 0x00, 
    0x00, 0x73, 0x80, 0x01, 0x80, 0x01, 0x86, 0x00, 0x00, 0x61, 0x80, 0x01, 0x80, 0x01, 0x86, 0x00, 
    0x00, 0x61, 0x80, 0x01, 0x80, 0x01, 0x86, 0x00, 0x00, 0x60, 0x00, 0x00, 0x00, 0x00, 0x06, 0x00, 
    0x00, 0x70, 0x00, 0x00, 0x00, 0x00, 0x06, 0x00, 0x00, 0x60, 0x00, 0x00, 0x00, 0x00, 0x0E, 0x00, 
    0x00, 0x7F, 0xFF, 0xFF, 0xFF, 0xFF, 0xFE, 0x00, 0x00, 0x7F, 0xFF, 0xFF, 0xFF, 0xFF, 0xFE, 0x00, 
    0x00, 0x70, 0x00, 0x00, 0x00, 0x00, 0x06, 0x00, 0x00, 0x60, 0x00, 0x00, 0x00, 0x00, 0x06, 0x00, 
    0x00, 0x70, 0x00, 0x00, 0x00, 0x00, 0x06, 0x00, 0x00, 0x70, 0x00, 0x00, 0x00, 0x00, 0x06, 0x00, 
    0x00, 0x70, 0x00, 0x00, 0x00, 0x04, 0x06, 0x00, 0x00, 0x70, 0x7F, 0xFF, 0xFF, 0xFF, 0x06, 0x00, 
    0x00, 0x70, 0x7F, 0xFF, 0xFF, 0xFF, 0x06, 0x00, 0x00, 0x70, 0x60, 0xC1, 0x83, 0x87, 0x06, 0x00, 
    0x00, 0x70, 0x60, 0xC1, 0x83, 0x87, 0x06, 0x00, 0x00, 0x70, 0x60, 0xC1, 0x83, 0x83, 0x06, 0x00, 
    0x00, 0x70, 0x60, 0xC1, 0xC3, 0xFF, 0x06, 0x00, 0x00, 0x70, 0x7F, 0xFF, 0xFF, 0xFF, 0x06, 0x00, 
    0x00, 0x70, 0x7F, 0xFF, 0xFF, 0xFF, 0x06, 0x00, 0x00, 0x70, 0x60, 0xC1, 0x83, 0x83, 0x06, 0x00, 
    0x00, 0x70, 0x60, 0xC1, 0x83, 0x87, 0x06, 0x00, 0x00, 0x70, 0x60, 0xC1, 0x83, 0x83, 0x06, 0x00, 
    0x00, 0x70, 0x60, 0xE3, 0xFF, 0xFF, 0x06, 0x00, 0x00, 0x70, 0x7F, 0xFF, 0xFF, 0xFF, 0x06, 0x00, 
    0x00, 0x70, 0x7F, 0xFF, 0xFF, 0xFF, 0x06, 0x00, 0x00, 0x70, 0x60, 0xC1, 0x83, 0x83, 0x06, 0x00, 
    0x00, 0x70, 0x60, 0xC1, 0xC3, 0x87, 0xFE, 0x00, 0x00, 0x70, 0x60, 0xC1, 0xC3, 0xFF, 0xFE, 0x00, 
    0x00, 0x70, 0x67, 0xFF, 0xFF, 0xFF, 0xEE, 0x00, 0x00, 0x70, 0x7F, 0xFF, 0xFF, 0x80, 0x06, 0x00, 
    0x00, 0x7F, 0xFF, 0xFF, 0x00, 0x00, 0x07, 0x00, 0x00, 0x7F, 0xFE, 0x00, 0x00, 0x00, 0x07, 0x00, 
    0x00, 0x7C, 0x00, 0x00, 0x00, 0x00, 0x07, 0x00, 0x00, 0x60, 0x00, 0x00, 0x00, 0x02, 0x07, 0x00, 
    0x00, 0x70, 0x00, 0x00, 0x07, 0xFF, 0x07, 0x00, 0x00, 0x70, 0x00, 0x0F, 0xFF, 0xFF, 0x07, 0x00, 
    0x00, 0x30, 0x1F, 0xFF, 0xFF, 0x83, 0x07, 0x00, 0x00, 0x30, 0x7F, 0xFF, 0xC1, 0x83, 0x03, 0x00, 
    0x00, 0x30, 0x7E, 0xE0, 0xC1, 0x83, 0x03, 0x00, 0x00, 0x30, 0x70, 0xE0, 0xC1, 0x83, 0x83, 0x00, 
    0x00, 0x30, 0x70, 0x60, 0xC7, 0xFF, 0x83, 0x00, 0x00, 0x30, 0x70, 0x6F, 0xFF, 0xFF, 0x83, 0x00, 
    0x00, 0x38, 0x3F, 0xFF, 0xFF, 0xC1, 0x83, 0x00, 0x00, 0x38, 0x3F, 0xFE, 0xE1, 0xC1, 0x83, 0x80, 
    0x00, 0x38, 0x3C, 0x60, 0xE0, 0xC1, 0x8B, 0x80, 0x00, 0x38, 0x30, 0x60, 0xE0, 0xC7, 0xFF, 0x80, 
      },
  {
    0x00, 0x00, 0x00, 0x00, 0x00, 0x00, 0x00, 0x00, 0x00, 0x00, 0x00, 0x00, 0x00, 0x00, 0x00, 0x00, 
    0x00, 0x00, 0x00, 0x00, 0x00, 0x00, 0x00, 0x00, 0x00, 0x00, 0x00, 0x00, 0x00, 0x00, 0x00, 0x00, 
    0x00, 0x00, 0x00, 0x00, 0x00, 0x00, 0x00, 0x00, 0x00, 0x00, 0x00, 0x00, 0x00, 0x00, 0x00, 0x00, 
    0x00, 0x00, 0x00, 0x00, 0x00, 0x00, 0x00, 0x00, 0x00, 0x00, 0x00, 0x00, 0x00, 0x00, 0x00, 0x00, 
    0x00, 0x00, 0x00, 0x00, 0x00, 0x00, 0x00, 0x00, 0x00, 0x00, 0x00, 0x00, 0x00, 0x00, 0x00, 0x00, 
    0x00, 0x01, 0x80, 0x01, 0x80, 0x00, 0x00, 0x00, 0x00, 0x01, 0x80, 0x01, 0x80, 0x01, 0x80, 0x00, 
    0x00, 0x01, 0x80, 0x01, 0x80, 0x01, 0x80, 0x00, 0x00, 0x7F, 0xF8, 0x01, 0x80, 0x01, 0x80, 0x00, 
    0x00, 0x7F, 0xFF, 0xFF, 0xFF, 0xFF, 0xFC, 0x00, 0x00, 0x7F, 0xFF, 0xFF, 0xFF, 0xFF, 0xFE, 0x00, 
    0x00, 0x61, 0x80, 0x01, 0x80, 0x0F, 0xFE, 0x00, 0x00, 0x63, 0x80, 0x01, 0x80, 0x01, 0x86, 0x00, 
    0x00, 0x61, 0x00, 0x01, 0x80, 0x01, 0x8E, 0x00, 0x00, 0x60, 0x00, 0x00, 0x00, 0x00, 0x0E, 0x00, 
    0x00, 0x60, 0x00, 0x00, 0x00, 0x00, 0x0E, 0x00, 0x00, 0x7F, 0xF0, 0x00, 0x00, 0x00, 0x0E, 0x00, 
    0x00, 0x7F, 0xFF, 0xFF, 0xFF, 0xFF, 0xFE, 0x00, 0x00, 0x7F, 0xFF, 0xFF, 0xFF, 0xFF, 0xFE, 0x00, 
    0x00, 0x60, 0x00, 0x00, 0x00, 0x1F, 0xFE, 0x00, 0x00, 0x60, 0x00, 0x00, 0x00, 0x00, 0x0E, 0x00, 
    0x00, 0x60, 0x00, 0x00, 0x00, 0x00, 0x0E, 0x00, 0x00, 0x60, 0x00, 0x00, 0x00, 0x00, 0x0E, 0x00, 
    0x00, 0x60, 0x7F, 0x80, 0x00, 0x00, 0x0E, 0x00, 0x00, 0x60, 0xFF, 0xFF, 0xFF, 0xFE, 0x0E, 0x00, 
    0x00, 0xE0, 0xFF, 0xFF, 0xFF, 0xFE, 0x0E, 0x00, 0x00, 0xE0, 0xC1, 0x83, 0x87, 0x0E, 0x0E, 0x00, 
    0x00, 0xE0, 0xC1, 0x83, 0x87, 0x06, 0x0C, 0x00, 0x00, 0xE0, 0xC1, 0x83, 0x07, 0x06, 0x0C, 0x00, 
    0x00, 0xE0, 0xFF, 0xFB, 0x87, 0x06, 0x0C, 0x00, 0x00, 0xE0, 0xFF, 0xFF, 0xFF, 0xFE, 0x0C, 0x00, 
    0x00, 0xE0, 0xFF, 0xFF, 0xFF, 0xFE, 0x0C, 0x00, 0x00, 0xE0, 0xC1, 0x83, 0x07, 0x0E, 0x0C, 0x00, 
    0x00, 0xE0, 0xC1, 0x83, 0x07, 0x06, 0x0C, 0x00, 0x00, 0xE0, 0xC1, 0x83, 0x07, 0x06, 0x0C, 0x00, 
    0x00, 0xE0, 0xFF, 0xFF, 0x87, 0x0E, 0x0C, 0x00, 0x00, 0xE0, 0xFF, 0xFF, 0xFF, 0xFE, 0x0C, 0x00, 
    0x00, 0xE1, 0xFF, 0xFF, 0xFF, 0xFE, 0x0C, 0x00, 0x00, 0xE1, 0xC1, 0x83, 0x07, 0x0E, 0x0C, 0x00, 
    0x00, 0xE1, 0xC1, 0x83, 0x07, 0x0E, 0x0C, 0x00, 0x00, 0xE1, 0xC1, 0x83, 0x06, 0x0E, 0x0C, 0x00, 
    0x00, 0xC1, 0xFF, 0xFF, 0xFF, 0x0E, 0x0C, 0x00, 0x00, 0xC1, 0xFF, 0xFF, 0xFF, 0xFE, 0x0C, 0x00, 
    0x00, 0xC0, 0x0F, 0xFF, 0xFF, 0xFC, 0x0C, 0x00, 0x00, 0xC0, 0x00, 0x00, 0x00, 0x00, 0x3C, 0x00, 
    0x00, 0xC0, 0x00, 0x00, 0x01, 0xFF, 0xFC, 0x00, 0x00, 0xC0, 0x00, 0x0F, 0xFF, 0xFF, 0xFC, 0x00, 
    0x00, 0xC0, 0x7F, 0xFF, 0xFF, 0xE0, 0x1C, 0x00, 0x00, 0xFF, 0xFF, 0xFF, 0x00, 0x00, 0x1C, 0x00, 
    0x01, 0xFF, 0xF8, 0x00, 0x00, 0x00, 0x1C, 0x00, 0x01, 0xC0, 0x00, 0x00, 0x00, 0x00, 0x1C, 0x00, 
    0x01, 0xC0, 0x00, 0x00, 0x00, 0x00, 0x1C, 0x00, 0x00, 0xC0, 0x00, 0x00, 0x03, 0xFC, 0x1C, 0x00, 
    0x00, 0xC0, 0x00, 0x1F, 0xFF, 0xFC, 0x1C, 0x00, 0x00, 0xC0, 0xFF, 0xFF, 0xFF, 0xCC, 0x0C, 0x00, 
    0x00, 0xC1, 0xFF, 0xFF, 0x06, 0x0E, 0x0C, 0x00, 0x00, 0xC1, 0xF3, 0x83, 0x06, 0x0E, 0x0C, 0x00, 
    0x00, 0xC1, 0xC1, 0x83, 0x06, 0x0E, 0x0C, 0x00, 0x00, 0xC1, 0xC1, 0x83, 0x07, 0xFE, 0x0C, 0x00, 
      },
  {
    0x00, 0x00, 0x00, 0x00, 0x00, 0x00, 0x00, 0x00, 0x00, 0x00, 0x00, 0x00, 0x00, 0x00, 0x00, 0x00, 
    0x00, 0x00, 0x00, 0x00, 0x00, 0x00, 0x00, 0x00, 0x00, 0x00, 0x00, 0x00, 0x00, 0x00, 0x00, 0x00, 
    0x00, 0x00, 0x00, 0x00, 0x00, 0x00, 0x00, 0x00, 0x00, 0x00, 0x00, 0x00, 0x00, 0x00, 0x00, 0x00, 
    0x00, 0x00, 0x00, 0x00, 0x00, 0x00, 0x00, 0x00, 0x00, 0x00, 0x00, 0x00, 0x00, 0x00, 0x00, 0x00, 
    0x00, 0x00, 0x00, 0x00, 0x00, 0x00, 0x00, 0x00, 0x00, 0x01, 0x00, 0x00, 0x00, 0x00, 0x00, 0x00, 
    0x00, 0x01, 0x80, 0x01, 0x80, 0x00, 0x00, 0x00, 0x00, 0x01, 0x80, 0x01, 0x80, 0x01, 0x80, 0x00, 
    0x00, 0x03, 0x80, 0x01, 0x80, 0x01, 0x80, 0x00, 0x00, 0x7F, 0xFF, 0xC3, 0x80, 0x01, 0x80, 0x00, 
    0x00, 0x7F, 0xFF, 0xFF, 0xFF, 0xFF, 0x80, 0x00, 0x00, 0x63, 0x9F, 0xFF, 0xFF, 0xFF, 0xFE, 0x00, 
    0x00, 0x63, 0x80, 0x03, 0x83, 0xFF, 0xFE, 0x00, 0x00, 0x63, 0x00, 0x03, 0x80, 0x01, 0x8E, 0x00, 
    0x00, 0x60, 0x00, 0x01, 0x00, 0x01, 0x8E, 0x00, 0x00, 0x60, 0x00, 0x00, 0x00, 0x01, 0x0E, 0x00, 
    0x00, 0xE0, 0x00, 0x00, 0x00, 0x00, 0x0E, 0x00, 0x00, 0xFF, 0xFF, 0xC0, 0x00, 0x00, 0x0E, 0x00, 
    0x00, 0xFF, 0xFF, 0xFF, 0xFF, 0xF8, 0x0C, 0x00, 0x00, 0xE0, 0x3F, 0xFF, 0xFF, 0xFF, 0xFC, 0x00, 
    0x00, 0xE0, 0x00, 0x00, 0x07, 0xFF, 0xFC, 0x00, 0x00, 0xE0, 0x00, 0x00, 0x00, 0x00, 0x0C, 0x00, 
    0x00, 0xE0, 0x00, 0x00, 0x00, 0x00, 0x0C, 0x00, 0x00, 0xE0, 0x00, 0x00, 0x00, 0x00, 0x0C, 0x00, 
    0x00, 0xC0, 0xFF, 0xF0, 0x00, 0x00, 0x0C, 0x00, 0x00, 0xC1, 0xFF, 0xFF, 0xFF, 0xFC, 0x0C, 0x00, 
    0x00, 0xC1, 0xCF, 0xFF, 0xFF, 0xFE, 0x0C, 0x00, 0x00, 0xC1, 0xC1, 0x83, 0x07, 0xFE, 0x0C, 0x00, 
    0x00, 0xC1, 0xC3, 0x83, 0x06, 0x0C, 0x0C, 0x00, 0x00, 0xC1, 0xC3, 0x83, 0x06, 0x0C, 0x0C, 0x00, 
    0x00, 0xC1, 0xFF, 0xFF, 0x06, 0x0C, 0x1C, 0x00, 0x00, 0xC1, 0xFF, 0xFF, 0xFF, 0xFC, 0x1C, 0x00, 
    0x00, 0xC1, 0x83, 0xFF, 0xFF, 0xFC, 0x1C, 0x00, 0x00, 0xC1, 0x83, 0x07, 0x0E, 0x7C, 0x1C, 0x00, 
    0x00, 0xC1, 0x83, 0x87, 0x06, 0x0C, 0x1C, 0x00, 0x01, 0xC1, 0x83, 0x07, 0x06, 0x0C, 0x1C, 0x00, 
    0x01, 0xC1, 0xFF, 0xFF, 0x0E, 0x0C, 0x1C, 0x00, 0x01, 0xC1, 0xFF, 0xFF, 0xFF, 0xFC, 0x18, 0x00, 
    0x01, 0xC1, 0x83, 0xFF, 0xFF, 0xFC, 0x18, 0x00, 0x01, 0xC1, 0x83, 0x06, 0x0E, 0x1C, 0x18, 0x00, 
    0x01, 0xC1, 0x83, 0x06, 0x0E, 0x0C, 0x18, 0x00, 0x01, 0xC1, 0x83, 0x06, 0x0E, 0x1C, 0x18, 0x00, 
    0x01, 0xC3, 0xFF, 0xFF, 0xCE, 0x1C, 0x18, 0x00, 0x01, 0x81, 0xFF, 0xFF, 0xFF, 0xFC, 0x18, 0x00, 
    0x01, 0x80, 0x00, 0x3F, 0xFF, 0xFC, 0x18, 0x00, 0x01, 0x80, 0x00, 0x00, 0x00, 0x00, 0x18, 0x00, 
    0x01, 0x80, 0x00, 0x00, 0x00, 0x00, 0x18, 0x00, 0x01, 0x80, 0x00, 0x00, 0x00, 0x00, 0x18, 0x00, 
    0x01, 0xC0, 0x00, 0x00, 0x00, 0x00, 0x18, 0x00, 0x01, 0xFF, 0xFF, 0xF8, 0x00, 0x00, 0x18, 0x00, 
    0x01, 0xFF, 0xFF, 0xFF, 0xFF, 0xFF, 0xF8, 0x00, 0x00, 0x00, 0x01, 0xFF, 0xFF, 0xFF, 0xF8, 0x00, 
    0x00, 0x00, 0x00, 0xFF, 0xFF, 0xFF, 0xF0, 0x00, 0x00, 0x1F, 0xFF, 0xFF, 0xFF, 0x00, 0x30, 0x00, 
    0x03, 0xFF, 0xFF, 0xF0, 0x00, 0x00, 0x30, 0x00, 0x03, 0xFF, 0x00, 0x00, 0x00, 0x00, 0x30, 0x00, 
    0x03, 0x00, 0x00, 0x00, 0x00, 0x00, 0x30, 0x00, 0x03, 0x00, 0x00, 0x00, 0x00, 0x00, 0x30, 0x00, 
    0x03, 0x80, 0x00, 0x00, 0x3F, 0xF8, 0x30, 0x00, 0x03, 0x80, 0x03, 0xFF, 0xFF, 0xF8, 0x30, 0x00, 
      },
  {
    0x00, 0x00, 0x00, 0x00, 0x00, 0x00, 0x00, 0x00, 0x00, 0x00, 0x00, 0x00, 0x00, 0x00, 0x00, 0x00, 
    0x00, 0x00, 0x00, 0x00, 0x00, 0x00, 0x00, 0x00, 0x00, 0x00, 0x00, 0x00, 0x00, 0x00, 0x00, 0x00, 
    0x00, 0x00, 0x00, 0x00, 0x00, 0x00, 0x00, 0x00, 0x00, 0x00, 0x00, 0x00, 0x00, 0x00, 0x00, 0x00, 
    0x00, 0x00, 0x00, 0x00, 0x00, 0x00, 0x00, 0x00, 0x00, 0x00, 0x00, 0x00, 0x00, 0x00, 0x00, 0x00, 
    0x00, 0x00, 0x00, 0x00, 0x00, 0x00, 0x00, 0x00, 0x00, 0x01, 0x80, 0x00, 0x00, 0x00, 0x00, 0x00, 
    0x00, 0x01, 0x80, 0x01, 0x80, 0x00, 0x00, 0x00, 0x00, 0x01, 0x80, 0x01, 0x80, 0x01, 0x80, 0x00, 
    0x00, 0x33, 0x80, 0x01, 0x80, 0x01, 0x80, 0x00, 0x00, 0x7F, 0xFF, 0xF3, 0x80, 0x01, 0x80, 0x00, 
    0x00, 0x7F, 0xFF, 0xFF, 0xFF, 0xE1, 0x80, 0x00, 0x00, 0x63, 0x87, 0xFF, 0xFF, 0xFF, 0xFC, 0x00, 
    0x00, 0x63, 0x80, 0x03, 0x87, 0xFF, 0xFE, 0x00, 0x00, 0x61, 0x00, 0x03, 0x80, 0x03, 0x8E, 0x00, 
    0x00, 0xE0, 0x00, 0x01, 0x00, 0x03, 0x8E, 0x00, 0x00, 0xE0, 0x00, 0x00, 0x00, 0x01, 0x8E, 0x00, 
    0x00, 0xF0, 0x00, 0x00, 0x00, 0x00, 0x0C, 0x00, 0x00, 0xFF, 0xFF, 0xE0, 0x00, 0x00, 0x0C, 0x00, 
    0x00, 0xFF, 0xFF, 0xFF, 0xFF, 0xC0, 0x0C, 0x00, 0x00, 0xC0, 0x07, 0xFF, 0xFF, 0xFF, 0xFC, 0x00, 
    0x00, 0xC0, 0x00, 0x00, 0x0F, 0xFF, 0xFC, 0x00, 0x00, 0xC0, 0x0C, 0x00, 0x00, 0x00, 0x1C, 0x00, 
    0x00, 0xC0, 0x0C, 0x00, 0x00, 0x00, 0x0C, 0x00, 0x00, 0xC0, 0x00, 0x00, 0x00, 0x00, 0x0C, 0x00, 
    0x00, 0xC1, 0xFF, 0xF0, 0x00, 0x00, 0x0C, 0x00, 0x00, 0xC1, 0xFF, 0xFF, 0xFF, 0xF0, 0x1C, 0x00, 
    0x00, 0xC1, 0x83, 0xFF, 0xFF, 0xFC, 0x1C, 0x00, 0x00, 0xC1, 0x83, 0x87, 0x0F, 0xFC, 0x1C, 0x00, 
    0x00, 0xC1, 0x83, 0x87, 0x06, 0x0C, 0x1C, 0x00, 0x01, 0xC1, 0x83, 0x07, 0x06, 0x0C, 0x1C, 0x00, 
    0x01, 0xC1, 0xFF, 0xFF, 0x0E, 0x0C, 0x1C, 0x00, 0x01, 0xC1, 0xFF, 0xFF, 0xFF, 0xFC, 0x18, 0x00, 
    0x01, 0xC1, 0x83, 0xFF, 0xFF, 0xFC, 0x18, 0x00, 0x01, 0xC1, 0x83, 0x06, 0x0F, 0xFC, 0x18, 0x00, 
    0x01, 0xC3, 0x83, 0x06, 0x0E, 0x1C, 0x18, 0x00, 0x01, 0x83, 0x83, 0x06, 0x0E, 0x1C, 0x18, 0x00, 
    0x01, 0x83, 0xFF, 0xFF, 0x0C, 0x1C, 0x18, 0x00, 0x01, 0x83, 0xFF, 0xFF, 0xFF, 0xFC, 0x18, 0x00, 
    0x01, 0x83, 0x87, 0x7F, 0xFF, 0xFC, 0x18, 0x00, 0x01, 0x83, 0x87, 0x06, 0x0C, 0x78, 0x18, 0x00, 
    0x01, 0x83, 0x07, 0x06, 0x0C, 0x18, 0x18, 0x00, 0x01, 0x83, 0x87, 0x06, 0x0C, 0x18, 0x38, 0x00, 
    0x01, 0x83, 0xFF, 0xFF, 0x8C, 0x18, 0x38, 0x00, 0x01, 0x81, 0xFF, 0xFF, 0xFF, 0xF8, 0x38, 0x00, 
    0x01, 0x80, 0x00, 0x1F, 0xFF, 0xF8, 0x38, 0x00, 0x03, 0x80, 0x00, 0x00, 0x00, 0x30, 0x38, 0x00, 
    0x03, 0x80, 0x00, 0x00, 0x00, 0x00, 0x30, 0x00, 0x03, 0x80, 0x00, 0x00, 0x00, 0x00, 0x30, 0x00, 
    0x03, 0xFC, 0x00, 0x00, 0x00, 0x00, 0x30, 0x00, 0x03, 0xFF, 0xFF, 0xF8, 0x00, 0x00, 0x30, 0x00, 
    0x00, 0xFF, 0xFF, 0xFF, 0xFF, 0xF0, 0x30, 0x00, 0x00, 0x00, 0x01, 0xFF, 0xFF, 0xFF, 0xF0, 0x00, 
    0x00, 0x00, 0x00, 0x00, 0x03, 0xFF, 0xF0, 0x00, 0x00, 0x00, 0x00, 0x00, 0x00, 0x00, 0x00, 0x00, 
    0x00, 0x00, 0x00, 0x00, 0x00, 0x01, 0xC0, 0x00, 0x00, 0x00, 0x00, 0x00, 0x1F, 0xFF, 0xE0, 0x00, 
    0x00, 0x00, 0x01, 0xFF, 0xFF, 0xFF, 0xE0, 0x00, 0x00, 0x0F, 0xFF, 0xFF, 0xFF, 0x00, 0x60, 0x00, 
    0x07, 0xFF, 0xFF, 0xF0, 0x00, 0x00, 0x60, 0x00, 0x07, 0xFF, 0x80, 0x00, 0x00, 0x00, 0x60, 0x00, 
      },
  {
    0x00, 0x00, 0x00, 0x00, 0x00, 0x00, 0x00, 0x00, 0x00, 0x00, 0x00, 0x00, 0x00, 0x00, 0x00, 0x00, 
    0x00, 0x00, 0x00, 0x00, 0x00, 0x00, 0x00, 0x00, 0x00, 0x00, 0x00, 0x00, 0x00, 0x00, 0x00, 0x00, 
    0x00, 0x00, 0x00, 0x00, 0x00, 0x00, 0x00, 0x00, 0x00, 0x00, 0x00, 0x00, 0x00, 0x00, 0x00, 0x00, 
    0x00, 0x00, 0x00, 0x00, 0x00, 0x00, 0x00, 0x00, 0x00, 0x00, 0x00, 0x00, 0x00, 0x00, 0x00, 0x00, 
    0x00, 0x00, 0x00, 0x00, 0x00, 0x00, 0x00, 0x00, 0x00, 0x01, 0x80, 0x00, 0x00, 0x00, 0x00, 0x00, 
    0x00, 0x01, 0x80, 0x01, 0x80, 0x00, 0x00, 0x00, 0x00, 0x01, 0x80, 0x01, 0x80, 0x00, 0x80, 0x00, 
    0x00, 0x7B, 0x80, 0x01, 0x80, 0x01, 0x80, 0x00, 0x00, 0x7F, 0xFF, 0xF3, 0x80, 0x01, 0x80, 0x00, 
    0x00, 0x7F, 0xFF, 0xFF, 0xFF, 0xC1, 0x80, 0x00, 0x00, 0x63, 0x83, 0xFF, 0xFF, 0xFF, 0xFC, 0x00, 
    0x00, 0x63, 0x80, 0x03, 0x8F, 0xFF, 0xFE, 0x00, 0x00, 0x61, 0x00, 0x03, 0x80, 0x03, 0x9E, 0x00, 
    0x00, 0xE0, 0x00, 0x01, 0x00, 0x03, 0x8E, 0x00, 0x00, 0xE0, 0x00, 0x00, 0x00, 0x01, 0x8C, 0x00, 
    0x00, 0xF8, 0x00, 0x00, 0x00, 0x00, 0x0C, 0x00, 0x00, 0xFF, 0xFF, 0xE0, 0x00, 0x00, 0x0C, 0x00, 
    0x00, 0xFF, 0xFF, 0xFF, 0xFF, 0xC0, 0x0C, 0x00, 0x00, 0xC0, 0x03, 0xFF, 0xFF, 0xFF, 0xFC, 0x00, 
    0x00, 0xC0, 0x00, 0x00, 0x0F, 0xFF, 0xFC, 0x00, 0x00, 0xC0, 0x0E, 0x00, 0x00, 0x00, 0x3C, 0x00, 
    0x00, 0xC0, 0x0F, 0x00, 0x00, 0x00, 0x0C, 0x00, 0x00, 0xC0, 0x02, 0x00, 0x00, 0x00, 0x0C, 0x00, 
    0x00, 0xC1, 0xFF, 0xF8, 0x00, 0x00, 0x1C, 0x00, 0x00, 0xC1, 0xFF, 0xFF, 0xFF, 0xE0, 0x1C, 0x00, 
    0x00, 0xC1, 0x83, 0xFF, 0xFF, 0xFC, 0x1C, 0x00, 0x00, 0xC1, 0x83, 0x07, 0x0F, 0xFC, 0x1C, 0x00, 
    0x01, 0xC1, 0x83, 0x07, 0x06, 0x0C, 0x1C, 0x00, 0x01, 0xC1, 0x83, 0x07, 0x0E, 0x0C, 0x1C, 0x00, 
    0x01, 0xC1, 0xFF, 0xFF, 0x0E, 0x0C, 0x18, 0x00, 0x01, 0xC1, 0xFF, 0xFF, 0xFF, 0xFC, 0x18, 0x00, 
    0x01, 0xC1, 0x83, 0xFF, 0xFF, 0xFC, 0x18, 0x00, 0x01, 0x83, 0x83, 0x06, 0x0F, 0xFC, 0x18, 0x00, 
    0x01, 0x83, 0x83, 0x06, 0x0C, 0x1C, 0x18, 0x00, 0x01, 0x83, 0x87, 0x06, 0x0C, 0x1C, 0x18, 0x00, 
    0x01, 0x83, 0xFF, 0xFF, 0x0C, 0x1C, 0x18, 0x00, 0x01, 0x83, 0xFF, 0xFF, 0xFF, 0xF8, 0x18, 0x00, 
    0x01, 0x83, 0x07, 0x3F, 0xFF, 0xF8, 0x18, 0x00, 0x01, 0x83, 0x07, 0x06, 0x0C, 0xF8, 0x38, 0x00, 
    0x01, 0x83, 0x07, 0x0E, 0x0C, 0x18, 0x38, 0x00, 0x01, 0x83, 0xC7, 0x0E, 0x0C, 0x18, 0x38, 0x00, 
    0x03, 0x83, 0xFF, 0xFF, 0x9C, 0x18, 0x38, 0x00, 0x03, 0x81, 0xFF, 0xFF, 0xFF, 0xF8, 0x38, 0x00, 
    0x03, 0x80, 0x00, 0x1F, 0xFF, 0xF8, 0x30, 0x00, 0x03, 0x80, 0x00, 0x00, 0x00, 0x70, 0x30, 0x00, 
    0x03, 0x80, 0x00, 0x00, 0x00, 0x00, 0x30, 0x00, 0x03, 0x00, 0x00, 0x00, 0x00, 0x00, 0x30, 0x00, 
    0x03, 0xFE, 0x00, 0x00, 0x00, 0x00, 0x30, 0x00, 0x03, 0xFF, 0xFF, 0xF8, 0x00, 0x00, 0x30, 0x00, 
    0x00, 0x7F, 0xFF, 0xFF, 0xFF, 0xE0, 0x30, 0x00, 0x00, 0x00, 0x01, 0xFF, 0xFF, 0xFF, 0xF0, 0x00, 
    0x00, 0x00, 0x00, 0x00, 0x03, 0xFF, 0xF0, 0x00, 0x00, 0x00, 0x00, 0x00, 0x00, 0x00, 0x00, 0x00, 
    0x00, 0x00, 0x00, 0x00, 0x00, 0x00, 0x00, 0x00, 0x00, 0x00, 0x00, 0x00, 0x00, 0x00, 0x00, 0x00, 
    0x00, 0x00, 0x00, 0x00, 0x00, 0x00, 0x00, 0x00, 0x00, 0x00, 0x00, 0x00, 0x00, 0x00, 0x80, 0x00, 
    0x00, 0x00, 0x00, 0x00, 0x03, 0xFF, 0xC0, 0x00, 0x00, 0x00, 0x00, 0x0F, 0xFF, 0xFF, 0xC0, 0x00, 
      },
  {
    0x00, 0x00, 0x00, 0x00, 0x00, 0x00, 0x00, 0x00, 0x00, 0x00, 0x00, 0x00, 0x00, 0x00, 0x00, 0x00, 
    0x00, 0x00, 0x00, 0x00, 0x00, 0x00, 0x00, 0x00, 0x00, 0x00, 0x00, 0x00, 0x00, 0x00, 0x00, 0x00, 
    0x00, 0x00, 0x00, 0x00, 0x00, 0x00, 0x00, 0x00, 0x00, 0x00, 0x00, 0x00, 0x00, 0x00, 0x00, 0x00, 
    0x00, 0x00, 0x00, 0x00, 0x00, 0x00, 0x00, 0x00, 0x00, 0x00, 0x00, 0x00, 0x00, 0x00, 0x00, 0x00, 
    0x00, 0x00, 0x00, 0x00, 0x00, 0x00, 0x00, 0x00, 0x00, 0x01, 0x80, 0x00, 0x00, 0x00, 0x00, 0x00, 
    0x00, 0x01, 0x80, 0x01, 0x80, 0x00, 0x00, 0x00, 0x00, 0x01, 0x80, 0x01, 0x80, 0x01, 0x80, 0x00, 
    0x00, 0x33, 0x80, 0x01, 0x80, 0x01, 0x80, 0x00, 0x00, 0x7F, 0xFF, 0xE3, 0x80, 0x01, 0x80, 0x00, 
    0x00, 0x7F, 0xFF, 0xFF, 0xFF, 0xE1, 0x80, 0x00, 0x00, 0x63, 0x83, 0xFF, 0xFF, 0xFF, 0xFC, 0x00, 
    0x00, 0x63, 0x80, 0x03, 0x87, 0xFF, 0xFE, 0x00, 0x00, 0x61, 0x00, 0x03, 0x80, 0x01, 0x8E, 0x00, 
    0x00, 0xE0, 0x00, 0x01, 0x00, 0x03, 0x8E, 0x00, 0x00, 0xE0, 0x00, 0x00, 0x00, 0x01, 0x8E, 0x00, 
    0x00, 0xF0, 0x00, 0x00, 0x00, 0x00, 0x0C, 0x00, 0x00, 0xFF, 0xFF, 0xE0, 0x00, 0x00, 0x0C, 0x00, 
    0x00, 0xFF, 0xFF, 0xFF, 0xFF, 0xC0, 0x0C, 0x00, 0x00, 0xC0, 0x07, 0xFF, 0xFF, 0xFF, 0xFC, 0x00, 
    0x00, 0xC0, 0x00, 0x00, 0x0F, 0xFF, 0xFC, 0x00, 0x00, 0xC0, 0x0E, 0x00, 0x00, 0x00, 0x1C, 0x00, 
    0x00, 0xC0, 0x0F, 0x80, 0x00, 0x00, 0x0C, 0x00, 0x00, 0xC0, 0x03, 0xC0, 0x00, 0x00, 0x0C, 0x00, 
    0x00, 0xC1, 0xFF, 0xF0, 0x00, 0x00, 0x0C, 0x00, 0x00, 0xC1, 0xFF, 0xFF, 0xFF, 0xF0, 0x1C, 0x00, 
    0x00, 0xC1, 0xC3, 0xFF, 0xFF, 0xFC, 0x1C, 0x00, 0x00, 0xC1, 0x83, 0x87, 0x0F, 0xFC, 0x1C, 0x00, 
    0x00, 0xC1, 0x83, 0x87, 0x06, 0x0C, 0x1C, 0x00, 0x00, 0xC1, 0x83, 0x07, 0x06, 0x0C, 0x1C, 0x00, 
    0x01, 0xC1, 0xFF, 0xFF, 0x0E, 0x0C, 0x1C, 0x00, 0x01, 0xC1, 0xFF, 0xFF, 0xFF, 0xFC, 0x18, 0x00, 
    0x01, 0xC1, 0x83, 0xFF, 0xFF, 0xFC, 0x18, 0x00, 0x01, 0xC1, 0x83, 0x06, 0x0E, 0xFC, 0x18, 0x00, 
    0x01, 0xC1, 0x83, 0x06, 0x0E, 0x1C, 0x18, 0x00, 0x01, 0x83, 0x83, 0x06, 0x0E, 0x1C, 0x18, 0x00, 
    0x01, 0x83, 0xFF, 0xFF, 0x0C, 0x1C, 0x18, 0x00, 0x01, 0x83, 0xFF, 0xFF, 0xFF, 0xFC, 0x18, 0x00, 
    0x01, 0x83, 0x87, 0x7F, 0xFF, 0xFC, 0x18, 0x00, 0x01, 0x83, 0x87, 0x06, 0x0C, 0xF8, 0x18, 0x00, 
    0x01, 0x83, 0x07, 0x06, 0x0C, 0x18, 0x18, 0x00, 0x01, 0x83, 0x87, 0x06, 0x0C, 0x18, 0x38, 0x00, 
    0x01, 0x83, 0xFF, 0xFF, 0x8C, 0x18, 0x38, 0x00, 0x01, 0x81, 0xFF, 0xFF, 0xFF, 0xF8, 0x38, 0x00, 
    0x01, 0x80, 0x00, 0x1F, 0xFF, 0xF8, 0x38, 0x00, 0x03, 0x80, 0x00, 0x00, 0x00, 0x30, 0x38, 0x00, 
    0x03, 0x80, 0x00, 0x00, 0x00, 0x00, 0x38, 0x00, 0x03, 0x80, 0x00, 0x00, 0x00, 0x00, 0x30, 0x00, 
    0x03, 0xFC, 0x00, 0x00, 0x00, 0x00, 0x30, 0x00, 0x03, 0xFF, 0xFF, 0xF8, 0x00, 0x00, 0x30, 0x00, 
    0x00, 0xFF, 0xFF, 0xFF, 0xFF, 0xF0, 0x30, 0x00, 0x00, 0x00, 0x01, 0xFF, 0xFF, 0xFF, 0xF0, 0x00, 
    0x00, 0x00, 0x00, 0x00, 0x03, 0xFF, 0xF0, 0x00, 0x00, 0x00, 0x00, 0x00, 0x00, 0x00, 0x00, 0x00, 
    0x00, 0x00, 0x00, 0x00, 0x00, 0x00, 0x00, 0x00, 0x00, 0x00, 0x00, 0x00, 0x00, 0x00, 0x00, 0x00, 
    0x00, 0x00, 0x00, 0x00, 0x00, 0x00, 0x00, 0x00, 0x00, 0x00, 0x00, 0x00, 0x00, 0x00, 0x00, 0x00, 
    0x00, 0x00, 0x00, 0x00, 0x00, 0x00, 0x00, 0x00, 0x00, 0x00, 0x00, 0x00, 0x00, 0x00, 0x00, 0x00, 
      },
  {
    0x00, 0x00, 0x00, 0x00, 0x00, 0x00, 0x00, 0x00, 0x00, 0x00, 0x00, 0x00, 0x00, 0x00, 0x00, 0x00, 
    0x00, 0x00, 0x00, 0x00, 0x00, 0x00, 0x00, 0x00, 0x00, 0x00, 0x00, 0x00, 0x00, 0x00, 0x00, 0x00, 
    0x00, 0x00, 0x00, 0x00, 0x00, 0x00, 0x00, 0x00, 0x00, 0x00, 0x00, 0x00, 0x00, 0x00, 0x00, 0x00, 
    0x00, 0x00, 0x00, 0x00, 0x00, 0x00, 0x00, 0x00, 0x00, 0x00, 0x00, 0x00, 0x00, 0x00, 0x00, 0x00, 
    0x00, 0x00, 0x00, 0x00, 0x00, 0x00, 0x00, 0x00, 0x00, 0x00, 0x00, 0x00, 0x00, 0x00, 0x00, 0x00, 
    0x00, 0x01, 0x80, 0x01, 0x80, 0x00, 0x00, 0x00, 0x00, 0x01, 0x80, 0x01, 0x80, 0x01, 0x80, 0x00, 
    0x00, 0x01, 0x80, 0x01, 0x80, 0x01, 0x80, 0x00, 0x00, 0x7F, 0xFF, 0xC3, 0x80, 0x01, 0x80, 0x00, 
    0x00, 0x7F, 0xFF, 0xFF, 0xFF, 0xFF, 0x80, 0x00, 0x00, 0x63, 0xBF, 0xFF, 0xFF, 0xFF, 0xFE, 0x00, 
    0x00, 0x63, 0x80, 0x03, 0x83, 0xFF, 0xFE, 0x00, 0x00, 0x63, 0x80, 0x03, 0x80, 0x01, 0x8E, 0x00, 
    0x00, 0x60, 0x00, 0x01, 0x00, 0x01, 0x8E, 0x00, 0x00, 0x60, 0x00, 0x00, 0x00, 0x01, 0x0E, 0x00, 
    0x00, 0x60, 0x00, 0x00, 0x00, 0x00, 0x0E, 0x00, 0x00, 0xFF, 0xFF, 0xC0, 0x00, 0x00, 0x0E, 0x00, 
    0x00, 0xFF, 0xFF, 0xFF, 0xFF, 0xFC, 0x0E, 0x00, 0x00, 0xE0, 0x7F, 0xFF, 0xFF, 0xFF, 0xFC, 0x00, 
    0x00, 0xE0, 0x00, 0x00, 0x03, 0xFF, 0xFC, 0x00, 0x00, 0xE0, 0x06, 0x00, 0x00, 0x00, 0x0C, 0x00, 
    0x00, 0xE0, 0x07, 0x80, 0x00, 0x00, 0x0C, 0x00, 0x00, 0xE0, 0x03, 0xC0, 0x00, 0x00, 0x0C, 0x00, 
    0x00, 0xE0, 0xFF, 0xF0, 0x00, 0x00, 0x0C, 0x00, 0x00, 0xC1, 0xFF, 0xFF, 0xFF, 0xFC, 0x0C, 0x00, 
    0x00, 0xC1, 0xDF, 0xFF, 0xFF, 0xFE, 0x0C, 0x00, 0x00, 0xC1, 0xC1, 0xB3, 0x07, 0xFE, 0x0C, 0x00, 
    0x00, 0xC1, 0xC3, 0xB3, 0x06, 0x0E, 0x0C, 0x00, 0x00, 0xC1, 0xC1, 0x83, 0x06, 0x0E, 0x0C, 0x00, 
    0x00, 0xC1, 0xFF, 0xFF, 0x06, 0x0C, 0x0C, 0x00, 0x00, 0xC1, 0xFF, 0xFF, 0xFF, 0xFC, 0x1C, 0x00, 
    0x00, 0xC1, 0xC7, 0xFF, 0xFF, 0xFC, 0x1C, 0x00, 0x00, 0xC1, 0x83, 0x83, 0x06, 0x3C, 0x1C, 0x00, 
    0x00, 0xC1, 0x83, 0x87, 0x06, 0x0C, 0x1C, 0x00, 0x00, 0xC1, 0x83, 0x07, 0x06, 0x0C, 0x1C, 0x00, 
    0x00, 0xC1, 0xFF, 0xFF, 0x0E, 0x0C, 0x1C, 0x00, 0x00, 0xC1, 0xFF, 0xFF, 0xFF, 0xFC, 0x1C, 0x00, 
    0x01, 0xC1, 0x83, 0xFF, 0xFF, 0xFC, 0x1C, 0x00, 0x01, 0xC1, 0x83, 0x07, 0x0E, 0x1C, 0x1C, 0x00, 
    0x01, 0xC1, 0x83, 0x07, 0x0E, 0x0C, 0x18, 0x00, 0x01, 0xC1, 0x83, 0x06, 0x0E, 0x0C, 0x18, 0x00, 
    0x01, 0xC1, 0xFF, 0xFF, 0xCE, 0x1C, 0x18, 0x00, 0x01, 0xC1, 0xFF, 0xFF, 0xFF, 0xFC, 0x18, 0x00, 
    0x01, 0xC0, 0x00, 0x3F, 0xFF, 0xFC, 0x18, 0x00, 0x01, 0xC0, 0x00, 0x00, 0x00, 0x00, 0x18, 0x00, 
    0x01, 0x80, 0x00, 0x00, 0x00, 0x00, 0x18, 0x00, 0x01, 0x80, 0x00, 0x00, 0x00, 0x00, 0x18, 0x00, 
    0x01, 0xC0, 0x00, 0x00, 0x00, 0x00, 0x18, 0x00, 0x01, 0xFF, 0xFF, 0xF8, 0x00, 0x00, 0x18, 0x00, 
    0x01, 0xFF, 0xFF, 0xFF, 0xFF, 0xFF, 0xB8, 0x00, 0x00, 0x00, 0x0F, 0xFF, 0xFF, 0xFF, 0xF8, 0x00, 
    0x00, 0x00, 0x00, 0x00, 0x00, 0x7F, 0xF8, 0x00, 0x00, 0x00, 0x00, 0x00, 0x00, 0x00, 0x00, 0x00, 
    0x00, 0x00, 0x00, 0x00, 0x00, 0x00, 0x00, 0x00, 0x00, 0x00, 0x00, 0x00, 0x00, 0x00, 0x00, 0x00, 
    0x00, 0x00, 0x00, 0x00, 0x00, 0x00, 0x00, 0x00, 0x00, 0x00, 0x00, 0x00, 0x00, 0x00, 0x00, 0x00, 
    0x00, 0x00, 0x00, 0x00, 0x00, 0x00, 0x00, 0x00, 0x00, 0x00, 0x00, 0x00, 0x00, 0x00, 0x00, 0x00, 
      },
  {
    0x00, 0x00, 0x00, 0x00, 0x00, 0x00, 0x00, 0x00, 0x00, 0x00, 0x00, 0x00, 0x00, 0x00, 0x00, 0x00, 
    0x00, 0x00, 0x00, 0x00, 0x00, 0x00, 0x00, 0x00, 0x00, 0x00, 0x00, 0x00, 0x00, 0x00, 0x00, 0x00, 
    0x00, 0x00, 0x00, 0x00, 0x00, 0x00, 0x00, 0x00, 0x00, 0x00, 0x00, 0x00, 0x00, 0x00, 0x00, 0x00, 
    0x00, 0x00, 0x00, 0x00, 0x00, 0x00, 0x00, 0x00, 0x00, 0x00, 0x00, 0x00, 0x00, 0x00, 0x00, 0x00, 
    0x00, 0x00, 0x00, 0x00, 0x00, 0x00, 0x00, 0x00, 0x00, 0x00, 0x00, 0x00, 0x00, 0x00, 0x00, 0x00, 
    0x00, 0x01, 0x80, 0x01, 0x80, 0x00, 0x00, 0x00, 0x00, 0x01, 0x80, 0x01, 0x80, 0x01, 0x80, 0x00, 
    0x00, 0x01, 0x80, 0x01, 0x80, 0x01, 0x80, 0x00, 0x00, 0x3F, 0xE0, 0x01, 0x80, 0x01, 0x80, 0x00, 
    0x00, 0x7F, 0xFF, 0xFF, 0xFF, 0xFF, 0xFC, 0x00, 0x00, 0x7F, 0xFF, 0xFF, 0xFF, 0xFF, 0xFE, 0x00, 
    0x00, 0x61, 0x80, 0x01, 0x80, 0x03, 0xFE, 0x00, 0x00, 0x63, 0x80, 0x01, 0x80, 0x01, 0x86, 0x00, 
    0x00, 0x61, 0x00, 0x01, 0x80, 0x01, 0x8E, 0x00, 0x00, 0x60, 0x00, 0x00, 0x00, 0x00, 0x0E, 0x00, 
    0x00, 0x60, 0x00, 0x00, 0x00, 0x00, 0x0E, 0x00, 0x00, 0x7F, 0xC0, 0x00, 0x00, 0x00, 0x0E, 0x00, 
    0x00, 0x7F, 0xFF, 0xFF, 0xFF, 0xFF, 0xFE, 0x00, 0x00, 0x7F, 0xFF, 0xFF, 0xFF, 0xFF, 0xFE, 0x00, 
    0x00, 0x60, 0x00, 0x00, 0x00, 0x07, 0xFE, 0x00, 0x00, 0x60, 0x02, 0x00, 0x00, 0x00, 0x0E, 0x00, 
    0x00, 0x60, 0x07, 0x80, 0x00, 0x00, 0x0E, 0x00, 0x00, 0x60, 0x03, 0xC0, 0x00, 0x00, 0x0E, 0x00, 
    0x00, 0x60, 0x79, 0xE0, 0x00, 0x00, 0x0E, 0x00, 0x00, 0x60, 0xFF, 0xFF, 0xFF, 0xFE, 0x0E, 0x00, 
    0x00, 0x60, 0xFF, 0xFF, 0xFF, 0xFE, 0x0E, 0x00, 0x00, 0x60, 0xC1, 0xF3, 0x87, 0x06, 0x0E, 0x00, 
    0x00, 0x60, 0xC1, 0xB3, 0x87, 0x06, 0x0E, 0x00, 0x00, 0xE0, 0xC1, 0xF3, 0x83, 0x06, 0x0E, 0x00, 
    0x00, 0xE0, 0xFF, 0xF3, 0x87, 0x06, 0x0E, 0x00, 0x00, 0xE0, 0xFF, 0xFF, 0xFF, 0xFE, 0x0E, 0x00, 
    0x00, 0xE0, 0xFF, 0xFF, 0xFF, 0xFE, 0x0C, 0x00, 0x00, 0xE0, 0xC1, 0xC3, 0x87, 0x0E, 0x0C, 0x00, 
    0x00, 0xE0, 0xC1, 0xC3, 0x87, 0x06, 0x0C, 0x00, 0x00, 0xE0, 0xC1, 0x83, 0x07, 0x06, 0x0C, 0x00, 
    0x00, 0xE0, 0xFF, 0xFF, 0x87, 0x0E, 0x0C, 0x00, 0x00, 0xE0, 0xFF, 0xFF, 0xFF, 0xFE, 0x0C, 0x00, 
    0x00, 0xE0, 0xFF, 0xFF, 0xFF, 0xFE, 0x0C, 0x00, 0x00, 0xE0, 0xC1, 0x83, 0x07, 0x0E, 0x0C, 0x00, 
    0x00, 0xE0, 0xC1, 0x83, 0x07, 0x0E, 0x0C, 0x00, 0x00, 0xE0, 0xC1, 0x83, 0x07, 0x0E, 0x0C, 0x00, 
    0x00, 0xE0, 0xFF, 0xFF, 0xFF, 0x0E, 0x0C, 0x00, 0x00, 0xE0, 0xFF, 0xFF, 0xFF, 0xFE, 0x0C, 0x00, 
    0x00, 0xE0, 0x1F, 0xFF, 0xFF, 0xFC, 0x0C, 0x00, 0x00, 0xE0, 0x00, 0x00, 0x00, 0x00, 0x0C, 0x00, 
    0x00, 0xE0, 0x00, 0x00, 0x00, 0x00, 0x0C, 0x00, 0x00, 0xE0, 0x00, 0x00, 0x00, 0x00, 0x0C, 0x00, 
    0x00, 0xC0, 0x00, 0x00, 0x00, 0x00, 0x0C, 0x00, 0x00, 0xFF, 0xFF, 0xE0, 0x00, 0x00, 0x0C, 0x00, 
    0x00, 0xFF, 0xFF, 0xFF, 0xFF, 0xFF, 0xFC, 0x00, 0x00, 0x7F, 0xFF, 0xFF, 0xFF, 0xFF, 0xFC, 0x00, 
    0x00, 0x00, 0x00, 0x00, 0x00, 0x00, 0x00, 0x00, 0x00, 0x00, 0x00, 0x00, 0x00, 0x00, 0x00, 0x00, 
    0x00, 0x00, 0x00, 0x00, 0x00, 0x00, 0x00, 0x00, 0x00, 0x00, 0x00, 0x00, 0x00, 0x00, 0x00, 0x00, 
    0x00, 0x00, 0x00, 0x00, 0x00, 0x00, 0x00, 0x00, 0x00, 0x00, 0x00, 0x00, 0x00, 0x00, 0x00, 0x00, 
    0x00, 0x00, 0x00, 0x00, 0x00, 0x00, 0x00, 0x00, 0x00, 0x00, 0x00, 0x00, 0x00, 0x00, 0x00, 0x00, 
      },
  {
    0x00, 0x00, 0x00, 0x00, 0x00, 0x00, 0x00, 0x00, 0x00, 0x00, 0x00, 0x00, 0x00, 0x00, 0x00, 0x00, 
    0x00, 0x00, 0x00, 0x00, 0x00, 0x00, 0x00, 0x00, 0x00, 0x00, 0x00, 0x00, 0x00, 0x00, 0x00, 0x00, 
    0x00, 0x00, 0x00, 0x00, 0x00, 0x00, 0x00, 0x00, 0x00, 0x00, 0x00, 0x00, 0x00, 0x00, 0x00, 0x00, 
    0x00, 0x00, 0x00, 0x00, 0x00, 0x00, 0x00, 0x00, 0x00, 0x00, 0x00, 0x00, 0x00, 0x00, 0x00, 0x00, 
    0x00, 0x00, 0x00, 0x00, 0x00, 0x00, 0x00, 0x00, 0x00, 0x00, 0x00, 0x00, 0x00, 0x00, 0x00, 0x00, 
    0x00, 0x01, 0x80, 0x01, 0x80, 0x01, 0x80, 0x00, 0x00, 0x01, 0x80, 0x01, 0x80, 0x01, 0x80, 0x00, 
    0x00, 0x01, 0x80, 0x01, 0x80, 0x01, 0x80, 0x00, 0x00, 0x03, 0x80, 0x01, 0x80, 0x01, 0x80, 0x00, 
    0x00, 0x7F, 0xFF, 0xFF, 0xFF, 0xFF, 0xFE, 0x00, 0x00, 0x7F, 0xFF, 0xFF, 0xFF, 0xFF, 0xFE, 0x00, 
    0x00, 0x61, 0x80, 0x01, 0x80, 0x01, 0x8E, 0x00, 0x00, 0x61, 0x80, 0x01, 0x80, 0x01, 0x86, 0x00, 
    0x00, 0x61, 0x80, 0x01, 0x80, 0x01, 0x86, 0x00, 0x00, 0x60, 0x00, 0x00, 0x00, 0x00, 0x06, 0x00, 
    0x00, 0x60, 0x00, 0x00, 0x00, 0x00, 0x06, 0x00, 0x00, 0x60, 0x00, 0x00, 0x00, 0x00, 0x06, 0x00, 
    0x00, 0x7F, 0xFF, 0xFF, 0xFF, 0xFF, 0xFE, 0x00, 0x00, 0x7F, 0xFF, 0xFF, 0xFF, 0xFF, 0xFE, 0x00, 
    0x00, 0x60, 0x00, 0x00, 0x00, 0x00, 0x0E, 0x00, 0x00, 0x60, 0x00, 0x00, 0x00, 0x00, 0x06, 0x00, 
    0x00, 0x60, 0x03, 0x80, 0x00, 0x00, 0x06, 0x00, 0x00, 0x60, 0x01, 0xC0, 0x00, 0x00, 0x06, 0x00, 
    0x00, 0x60, 0x00, 0xE0, 0x00, 0x00, 0x06, 0x00, 0x00, 0x60, 0xFF, 0xFF, 0xFF, 0xFE, 0x06, 0x00, 
    0x00, 0x60, 0xFF, 0xFF, 0xFF, 0xFE, 0x06, 0x00, 0x00, 0x60, 0xE1, 0xF1, 0x83, 0x06, 0x06, 0x00, 
    0x00, 0x60, 0xE1, 0xF1, 0x83, 0x06, 0x0E, 0x00, 0x00, 0x60, 0xE1, 0xF1, 0x83, 0x06, 0x0E, 0x00, 
    0x00, 0x60, 0xF1, 0xF3, 0x83, 0x06, 0x0E, 0x00, 0x00, 0x60, 0xFF, 0xFF, 0xFF, 0xFE, 0x0E, 0x00, 
    0x00, 0x60, 0xFF, 0xFF, 0xFF, 0xFE, 0x0E, 0x00, 0x00, 0x60, 0xE1, 0xC1, 0x83, 0x06, 0x0E, 0x00, 
    0x00, 0x60, 0xFF, 0xC1, 0x83, 0x06, 0x0E, 0x00, 0x00, 0x60, 0xFF, 0xC1, 0x83, 0x06, 0x0E, 0x00, 
    0x00, 0x60, 0xFF, 0xFF, 0xFF, 0x86, 0x0E, 0x00, 0x00, 0x60, 0xFF, 0xFF, 0xFF, 0xFE, 0x0E, 0x00, 
    0x00, 0x60, 0xFF, 0xFF, 0xFF, 0xFE, 0x0E, 0x00, 0x00, 0x60, 0xC1, 0xC1, 0x83, 0x06, 0x0E, 0x00, 
    0x00, 0x60, 0xE1, 0xC1, 0x83, 0x06, 0x0E, 0x00, 0x00, 0x60, 0xC1, 0xC1, 0x83, 0x06, 0x0E, 0x00, 
    0x00, 0x60, 0xFF, 0xFF, 0xFF, 0xFE, 0x0E, 0x00, 0x00, 0x60, 0xFF, 0xFF, 0xFF, 0xFE, 0x0E, 0x00, 
    0x00, 0x60, 0x7F, 0xFF, 0xFF, 0xFE, 0x0E, 0x00, 0x00, 0x60, 0x00, 0x00, 0x00, 0x00, 0x0E, 0x00, 
    0x00, 0x60, 0x00, 0x00, 0x00, 0x00, 0x0E, 0x00, 0x00, 0x60, 0x00, 0x00, 0x00, 0x00, 0x0E, 0x00, 
    0x00, 0x60, 0x00, 0x00, 0x00, 0x00, 0x0E, 0x00, 0x00, 0x70, 0x00, 0x00, 0x00, 0x00, 0x0E, 0x00, 
    0x00, 0x7F, 0xFF, 0xFF, 0xFF, 0xFF, 0xFE, 0x00, 0x00, 0x7F, 0xFF, 0xFF, 0xFF, 0xFF, 0xFE, 0x00, 
    0x00, 0x00, 0x00, 0x00, 0x00, 0x00, 0x00, 0x00, 0x00, 0x00, 0x00, 0x00, 0x00, 0x00, 0x00, 0x00, 
    0x00, 0x00, 0x00, 0x00, 0x00, 0x00, 0x00, 0x00, 0x00, 0x00, 0x00, 0x00, 0x00, 0x00, 0x00, 0x00, 
    0x00, 0x00, 0x00, 0x00, 0x00, 0x00, 0x00, 0x00, 0x00, 0x00, 0x00, 0x00, 0x00, 0x00, 0x00, 0x00, 
    0x00, 0x00, 0x00, 0x00, 0x00, 0x00, 0x00, 0x00, 0x00, 0x00, 0x00, 0x00, 0x00, 0x00, 0x00, 0x00, 
      },
  {
    0x00, 0x00, 0x00, 0x00, 0x00, 0x00, 0x00, 0x00, 0x00, 0x00, 0x00, 0x00, 0x00, 0x00, 0x00, 0x00, 
    0x00, 0x00, 0x00, 0x00, 0x00, 0x00, 0x00, 0x00, 0x00, 0x00, 0x00, 0x00, 0x00, 0x00, 0x00, 0x00, 
    0x00, 0x00, 0x00, 0x00, 0x00, 0x00, 0x00, 0x00, 0x00, 0x00, 0x00, 0x00, 0x00, 0x00, 0x00, 0x00, 
    0x00, 0x00, 0x00, 0x00, 0x00, 0x00, 0x00, 0x00, 0x00, 0x00, 0x00, 0x00, 0x00, 0x00, 0x00, 0x00, 
    0x00, 0x00, 0x00, 0x00, 0x00, 0x00, 0x00, 0x00, 0x00, 0x00, 0x00, 0x00, 0x00, 0x00, 0x00, 0x00, 
    0x00, 0x01, 0x00, 0x01, 0x80, 0x01, 0x80, 0x00, 0x00, 0x01, 0x80, 0x01, 0x80, 0x01, 0x80, 0x00, 
    0x00, 0x01, 0x80, 0x01, 0x80, 0x01, 0x80, 0x00, 0x00, 0x03, 0x80, 0x01, 0x80, 0x01, 0x80, 0x00, 
    0x00, 0x7F, 0xFF, 0xFF, 0xFF, 0xFF, 0xFE, 0x00, 0x00, 0x7F, 0xFF, 0xFF, 0xFF, 0xFF, 0xFE, 0x00, 
    0x00, 0x61, 0x80, 0x01, 0x80, 0x01, 0x86, 0x00, 0x00, 0x61, 0x80, 0x01, 0x80, 0x01, 0x86, 0x00, 
    0x00, 0x61, 0x80, 0x01, 0x80, 0x01, 0x86, 0x00, 0x00, 0x60, 0x00, 0x00, 0x00, 0x00, 0x06, 0x00, 
    0x00, 0x60, 0x00, 0x00, 0x00, 0x00, 0x06, 0x00, 0x00, 0x70, 0x00, 0x00, 0x00, 0x00, 0x0E, 0x00, 
    0x00, 0x7F, 0xFF, 0xFF, 0xFF, 0xFF, 0xFE, 0x00, 0x00, 0x7F, 0xFF, 0xFF, 0xFF, 0xFF, 0xFE, 0x00, 
    0x00, 0x70, 0x00, 0x00, 0x00, 0x00, 0x0E, 0x00, 0x00, 0x60, 0x00, 0x00, 0x00, 0x00, 0x06, 0x00, 
    0x00, 0x60, 0x01, 0x80, 0x00, 0x00, 0x06, 0x00, 0x00, 0x60, 0x01, 0xC0, 0x00, 0x00, 0x06, 0x00, 
    0x00, 0x60, 0x00, 0xE0, 0x00, 0x00, 0x06, 0x00, 0x00, 0x60, 0xFF, 0xFF, 0xFF, 0xFE, 0x06, 0x00, 
    0x00, 0x60, 0xFF, 0xFF, 0xFF, 0xFF, 0x06, 0x00, 0x00, 0x62, 0xE1, 0xF1, 0x83, 0x07, 0x06, 0x00, 
    0x00, 0x66, 0xE1, 0xF1, 0x83, 0x07, 0x06, 0x00, 0x00, 0x66, 0xE0, 0xF1, 0x83, 0x07, 0x06, 0x00, 
    0x00, 0x67, 0xE1, 0xF3, 0x83, 0x87, 0x06, 0x00, 0x00, 0x63, 0xFF, 0xFF, 0xFF, 0xFF, 0x06, 0x00, 
    0x00, 0x63, 0xFF, 0xFF, 0xFF, 0xFF, 0x06, 0x00, 0x00, 0x61, 0xE1, 0xC1, 0x83, 0x07, 0x06, 0x00, 
    0x00, 0x60, 0xFF, 0xC1, 0x83, 0x07, 0x06, 0x00, 0x00, 0x60, 0xFF, 0xC1, 0x83, 0x07, 0x06, 0x00, 
    0x00, 0x60, 0xFD, 0xFF, 0xFF, 0xFF, 0x06, 0x00, 0x00, 0x60, 0xFF, 0xFF, 0xFF, 0xFF, 0x06, 0x00, 
    0x00, 0x60, 0xFF, 0xFF, 0xFF, 0xFF, 0x06, 0x00, 0x00, 0x60, 0xE0, 0xC1, 0x83, 0x07, 0x06, 0x00, 
    0x00, 0x60, 0xE1, 0xC1, 0x83, 0x07, 0x06, 0x00, 0x00, 0x60, 0xE0, 0xC1, 0x83, 0x07, 0x06, 0x00, 
    0x00, 0x60, 0xFF, 0xFF, 0xFF, 0xFF, 0x06, 0x00, 0x00, 0x60, 0xFF, 0xFF, 0xFF, 0xFF, 0x06, 0x00, 
    0x00, 0x60, 0x7F, 0xFF, 0xFF, 0xFE, 0x06, 0x00, 0x00, 0x60, 0x00, 0x00, 0x00, 0x00, 0x06, 0x00, 
    0x00, 0x60, 0x00, 0x00, 0x00, 0x00, 0x06, 0x00, 0x00, 0x60, 0x00, 0x00, 0x00, 0x00, 0x06, 0x00, 
    0x00, 0x60, 0x00, 0x00, 0x00, 0x00, 0x06, 0x00, 0x00, 0x70, 0x00, 0x00, 0x00, 0x00, 0x0E, 0x00, 
    0x00, 0x7F, 0xFF, 0xFF, 0xFF, 0xFF, 0xFE, 0x00, 0x00, 0x7F, 0xFF, 0xFF, 0xFF, 0xFF, 0xFE, 0x00, 
    0x00, 0x00, 0x00, 0x00, 0x00, 0x00, 0x00, 0x00, 0x00, 0x00, 0x00, 0x00, 0x00, 0x00, 0x00, 0x00, 
    0x00, 0x00, 0x00, 0x00, 0x00, 0x00, 0x00, 0x00, 0x00, 0x00, 0x00, 0x00, 0x00, 0x00, 0x00, 0x00, 
    0x00, 0x00, 0x00, 0x00, 0x00, 0x00, 0x00, 0x00, 0x00, 0x00, 0x00, 0x00, 0x00, 0x00, 0x00, 0x00, 
    0x00, 0x00, 0x00, 0x00, 0x00, 0x00, 0x00, 0x00, 0x00, 0x00, 0x00, 0x00, 0x00, 0x00, 0x00, 0x00, 
      },
  {
    0x00, 0x00, 0x00, 0x00, 0x00, 0x00, 0x00, 0x00, 0x00, 0x00, 0x00, 0x00, 0x00, 0x00, 0x00, 0x00, 
    0x00, 0x00, 0x00, 0x00, 0x00, 0x00, 0x00, 0x00, 0x00, 0x00, 0x00, 0x00, 0x00, 0x00, 0x00, 0x00, 
    0x00, 0x00, 0x00, 0x00, 0x00, 0x00, 0x00, 0x00, 0x00, 0x00, 0x00, 0x00, 0x00, 0x00, 0x00, 0x00, 
    0x00, 0x00, 0x00, 0x00, 0x00, 0x00, 0x00, 0x00, 0x00, 0x00, 0x00, 0x00, 0x00, 0x00, 0x00, 0x00, 
    0x00, 0x00, 0x00, 0x00, 0x00, 0x00, 0x00, 0x00, 0x00, 0x00, 0x00, 0x00, 0x00, 0x00, 0x00, 0x00, 
    0x00, 0x01, 0x00, 0x01, 0x80, 0x01, 0x80, 0x00, 0x00, 0x01, 0x80, 0x01, 0x80, 0x01, 0x80, 0x00, 
    0x00, 0x01, 0x80, 0x01, 0x80, 0x01, 0x80, 0x00, 0x00, 0x03, 0x80, 0x01, 0x80, 0x01, 0x80, 0x00, 
    0x00, 0x7F, 0xFF, 0xFF, 0xFF, 0xFF, 0xFE, 0x00, 0x00, 0x7F, 0xFF, 0xFF, 0xFF, 0xFF, 0xFE, 0x00, 
    0x00, 0x61, 0x80, 0x01, 0x80, 0x01, 0x86, 0x00, 0x00, 0x61, 0x80, 0x01, 0x80, 0x01, 0x86, 0x00, 
    0x00, 0x61, 0x80, 0x01, 0x80, 0x01, 0x86, 0x00, 0x00, 0x60, 0x00, 0x00, 0x00, 0x00, 0x06, 0x00, 
    0x00, 0x60, 0x00, 0x00, 0x00, 0x00, 0x06, 0x00, 0x00, 0x70, 0x00, 0x00, 0x00, 0x00, 0x0E, 0x00, 
    0x00, 0x7F, 0xFF, 0xFF, 0xFF, 0xFF, 0xFE, 0x00, 0x00, 0x7F, 0xFF, 0xFF, 0xFF, 0xFF, 0xFE, 0x00, 
    0x00, 0x70, 0x00, 0x00, 0x00, 0x00, 0x0E, 0x00, 0x00, 0x60, 0x00, 0x00, 0x00, 0x00, 0x06, 0x00, 
    0x00, 0x60, 0xE0, 0x00, 0x00, 0x00, 0x06, 0x00, 0x00, 0x61, 0xC0, 0xC0, 0x00, 0x00, 0x06, 0x00, 
    0x00, 0x63, 0xC0, 0xE0, 0x00, 0x00, 0x06, 0x00, 0x00, 0x63, 0xFF, 0xFF, 0xFF, 0xFE, 0x06, 0x00, 
    0x00, 0x67, 0xFF, 0xFF, 0xFF, 0xFF, 0x06, 0x00, 0x00, 0x66, 0xE1, 0xF1, 0x83, 0x07, 0x06, 0x00, 
    0x00, 0x66, 0xE1, 0xF1, 0x83, 0x07, 0x06, 0x00, 0x00, 0x66, 0xE0, 0xF1, 0x83, 0x07, 0x06, 0x00, 
    0x00, 0x67, 0xE1, 0xF3, 0x83, 0x87, 0x06, 0x00, 0x00, 0x63, 0xFF, 0xFF, 0xFF, 0xFF, 0x06, 0x00, 
    0x00, 0x63, 0xFF, 0xFF, 0xFF, 0xFF, 0x06, 0x00, 0x00, 0x61, 0xE1, 0xC1, 0x83, 0x07, 0x06, 0x00, 
    0x00, 0x60, 0xFF, 0xC1, 0x83, 0x07, 0x06, 0x00, 0x00, 0x60, 0xFF, 0xC1, 0x83, 0x07, 0x06, 0x00, 
    0x00, 0x60, 0xFF, 0xFF, 0xFF, 0xFF, 0x06, 0x00, 0x00, 0x60, 0xFF, 0xFF, 0xFF, 0xFF, 0x06, 0x00, 
    0x00, 0x60, 0xFF, 0xFF, 0xFF, 0xFF, 0x06, 0x00, 0x00, 0x60, 0xE0, 0xC1, 0x83, 0x07, 0x06, 0x00, 
    0x00, 0x60, 0xE1, 0xC1, 0x83, 0x07, 0x06, 0x00, 0x00, 0x60, 0xE0, 0xC1, 0x83, 0x07, 0x06, 0x00, 
    0x00, 0x60, 0xFF, 0xFF, 0xFF, 0xFF, 0x06, 0x00, 0x00, 0x60, 0xFF, 0xFF, 0xFF, 0xFF, 0x06, 0x00, 
    0x00, 0x60, 0x7F, 0xFF, 0xFF, 0xFE, 0x06, 0x00, 0x00, 0x60, 0x00, 0x00, 0x00, 0x00, 0x06, 0x00, 
    0x00, 0x60, 0x00, 0x00, 0x00, 0x00, 0x06, 0x00, 0x00, 0x60, 0x00, 0x00, 0x00, 0x00, 0x06, 0x00, 
    0x00, 0x60, 0x00, 0x00, 0x00, 0x00, 0x06, 0x00, 0x00, 0x70, 0x00, 0x00, 0x00, 0x00, 0x0E, 0x00, 
    0x00, 0x7F, 0xFF, 0xFF, 0xFF, 0xFF, 0xFE, 0x00, 0x00, 0x7F, 0xFF, 0xFF, 0xFF, 0xFF, 0xFE, 0x00, 
    0x00, 0x00, 0x00, 0x00, 0x00, 0x00, 0x00, 0x00, 0x00, 0x00, 0x00, 0x00, 0x00, 0x00, 0x00, 0x00, 
    0x00, 0x00, 0x00, 0x00, 0x00, 0x00, 0x00, 0x00, 0x00, 0x00, 0x00, 0x00, 0x00, 0x00, 0x00, 0x00, 
    0x00, 0x00, 0x00, 0x00, 0x00, 0x00, 0x00, 0x00, 0x00, 0x00, 0x00, 0x00, 0x00, 0x00, 0x00, 0x00, 
    0x00, 0x00, 0x00, 0x00, 0x00, 0x00, 0x00, 0x00, 0x00, 0x00, 0x00, 0x00, 0x00, 0x00, 0x00, 0x00, 
      },
  {
    0x00, 0x00, 0x00, 0x00, 0x00, 0x00, 0x00, 0x00, 0x00, 0x00, 0x00, 0x00, 0x00, 0x00, 0x00, 0x00, 
    0x00, 0x00, 0x00, 0x00, 0x00, 0x00, 0x00, 0x00, 0x00, 0x00, 0x00, 0x00, 0x00, 0x00, 0x00, 0x00, 
    0x00, 0x00, 0x00, 0x00, 0x00, 0x00, 0x00, 0x00, 0x00, 0x00, 0x00, 0x00, 0x00, 0x00, 0x00, 0x00, 
    0x00, 0x00, 0x00, 0x00, 0x00, 0x00, 0x00, 0x00, 0x00, 0x00, 0x00, 0x00, 0x00, 0x00, 0x00, 0x00, 
    0x00, 0x00, 0x00, 0x00, 0x00, 0x00, 0x00, 0x00, 0x00, 0x00, 0x00, 0x00, 0x00, 0x00, 0x00, 0x00, 
    0x00, 0x01, 0x00, 0x01, 0x80, 0x01, 0x80, 0x00, 0x00, 0x01, 0x80, 0x01, 0x80, 0x01, 0x80, 0x00, 
    0x00, 0x01, 0x80, 0x01, 0x80, 0x01, 0x80, 0x00, 0x00, 0x03, 0x80, 0x01, 0x80, 0x01, 0x80, 0x00, 
    0x00, 0x7F, 0xFF, 0xFF, 0xFF, 0xFF, 0xFE, 0x00, 0x00, 0x7F, 0xFF, 0xFF, 0xFF, 0xFF, 0xFE, 0x00, 
    0x00, 0x61, 0x80, 0x01, 0x80, 0x01, 0x86, 0x00, 0x00, 0x61, 0x80, 0x01, 0x80, 0x01, 0x86, 0x00, 
    0x00, 0x61, 0x80, 0x01, 0x80, 0x01, 0x86, 0x00, 0x00, 0x60, 0x00, 0x00, 0x00, 0x00, 0x06, 0x00, 
    0x00, 0x60, 0x00, 0x00, 0x00, 0x00, 0x06, 0x00, 0x00, 0x70, 0x00, 0x00, 0x00, 0x00, 0x0E, 0x00, 
    0x00, 0x7F, 0xFF, 0xFF, 0xFF, 0xFF, 0xFE, 0x00, 0x00, 0x7F, 0xFF, 0xFF, 0xFF, 0xFF, 0xFE, 0x00, 
    0x00, 0x70, 0x00, 0x00, 0x00, 0x00, 0x0E, 0x00, 0x00, 0x60, 0x3E, 0x00, 0x00, 0x00, 0x06, 0x00, 
    0x00, 0x60, 0xFF, 0x00, 0x00, 0x00, 0x06, 0x00, 0x00, 0x61, 0xE2, 0x00, 0x00, 0x00, 0x06, 0x00, 
    0x00, 0x63, 0xC0, 0x60, 0x00, 0x00, 0x06, 0x00, 0x00, 0x63, 0xFF, 0xFF, 0xFF, 0xFE, 0x06, 0x00, 
    0x00, 0x67, 0xFF, 0xFF, 0xFF, 0xFF, 0x06, 0x00, 0x00, 0x66, 0xE1, 0xF1, 0x83, 0x07, 0x06, 0x00, 
    0x00, 0x66, 0xE1, 0xF1, 0x83, 0x07, 0x06, 0x00, 0x00, 0x66, 0xE0, 0xF1, 0x83, 0x07, 0x06, 0x00, 
    0x00, 0x67, 0xE1, 0xF3, 0x83, 0x87, 0x06, 0x00, 0x00, 0x63, 0xFF, 0xFF, 0xFF, 0xFF, 0x06, 0x00, 
    0x00, 0x63, 0xFF, 0xFF, 0xFF, 0xFF, 0x06, 0x00, 0x00, 0x61, 0xE1, 0xC1, 0x83, 0x07, 0x06, 0x00, 
    0x00, 0x60, 0xFF, 0xC1, 0x83, 0x07, 0x06, 0x00, 0x00, 0x60, 0xFF, 0xC1, 0x83, 0x07, 0x06, 0x00, 
    0x00, 0x60, 0xFD, 0xFF, 0xFF, 0xFF, 0x06, 0x00, 0x00, 0x60, 0xFF, 0xFF, 0xFF, 0xFF, 0x06, 0x00, 
    0x00, 0x60, 0xFF, 0xFF, 0xFF, 0xFF, 0x06, 0x00, 0x00, 0x60, 0xE0, 0xC1, 0x83, 0x07, 0x06, 0x00, 
    0x00, 0x60, 0xE1, 0xC1, 0x83, 0x07, 0x06, 0x00, 0x00, 0x60, 0xE0, 0xC1, 0x83, 0x07, 0x06, 0x00, 
    0x00, 0x60, 0xFF, 0xFF, 0xFF, 0xFF, 0x06, 0x00, 0x00, 0x60, 0xFF, 0xFF, 0xFF, 0xFF, 0x06, 0x00, 
    0x00, 0x60, 0x7F, 0xFF, 0xFF, 0xFE, 0x06, 0x00, 0x00, 0x60, 0x00, 0x00, 0x00, 0x00, 0x06, 0x00, 
    0x00, 0x60, 0x00, 0x00, 0x00, 0x00, 0x06, 0x00, 0x00, 0x60, 0x00, 0x00, 0x00, 0x00, 0x06, 0x00, 
    0x00, 0x60, 0x00, 0x00, 0x00, 0x00, 0x06, 0x00, 0x00, 0x70, 0x00, 0x00, 0x00, 0x00, 0x0E, 0x00, 
    0x00, 0x7F, 0xFF, 0xFF, 0xFF, 0xFF, 0xFE, 0x00, 0x00, 0x7F, 0xFF, 0xFF, 0xFF, 0xFF, 0xFE, 0x00, 
    0x00, 0x00, 0x00, 0x00, 0x00, 0x00, 0x00, 0x00, 0x00, 0x00, 0x00, 0x00, 0x00, 0x00, 0x00, 0x00, 
    0x00, 0x00, 0x00, 0x00, 0x00, 0x00, 0x00, 0x00, 0x00, 0x00, 0x00, 0x00, 0x00, 0x00, 0x00, 0x00, 
    0x00, 0x00, 0x00, 0x00, 0x00, 0x00, 0x00, 0x00, 0x00, 0x00, 0x00, 0x00, 0x00, 0x00, 0x00, 0x00, 
    0x00, 0x00, 0x00, 0x00, 0x00, 0x00, 0x00, 0x00, 0x00, 0x00, 0x00, 0x00, 0x00, 0x00, 0x00, 0x00, 
      },
  {
    0x00, 0x00, 0x00, 0x00, 0x00, 0x00, 0x00, 0x00, 0x00, 0x00, 0x00, 0x00, 0x00, 0x00, 0x00, 0x00, 
    0x00, 0x00, 0x00, 0x00, 0x00, 0x00, 0x00, 0x00, 0x00, 0x00, 0x00, 0x00, 0x00, 0x00, 0x00, 0x00, 
    0x00, 0x00, 0x00, 0x00, 0x00, 0x00, 0x00, 0x00, 0x00, 0x00, 0x00, 0x00, 0x00, 0x00, 0x00, 0x00, 
    0x00, 0x00, 0x00, 0x00, 0x00, 0x00, 0x00, 0x00, 0x00, 0x00, 0x00, 0x00, 0x00, 0x00, 0x00, 0x00, 
    0x00, 0x00, 0x00, 0x00, 0x00, 0x00, 0x00, 0x00, 0x00, 0x00, 0x00, 0x00, 0x00, 0x00, 0x00, 0x00, 
    0x00, 0x01, 0x00, 0x01, 0x80, 0x01, 0x80, 0x00, 0x00, 0x01, 0x80, 0x01, 0x80, 0x01, 0x80, 0x00, 
    0x00, 0x01, 0x80, 0x01, 0x80, 0x01, 0x80, 0x00, 0x00, 0x03, 0x80, 0x01, 0x80, 0x01, 0x80, 0x00, 
    0x00, 0x7F, 0xFF, 0xFF, 0xFF, 0xFF, 0xFE, 0x00, 0x00, 0x7F, 0xFF, 0xFF, 0xFF, 0xFF, 0xFE, 0x00, 
    0x00, 0x61, 0x80, 0x01, 0x80, 0x01, 0x86, 0x00, 0x00, 0x61, 0x80, 0x01, 0x80, 0x01, 0x86, 0x00, 
    0x00, 0x61, 0x80, 0x01, 0x80, 0x01, 0x86, 0x00, 0x00, 0x60, 0x00, 0x00, 0x00, 0x00, 0x06, 0x00, 
    0x00, 0x60, 0x00, 0x00, 0x00, 0x00, 0x06, 0x00, 0x00, 0x70, 0x00, 0x00, 0x00, 0x00, 0x0E, 0x00, 
    0x00, 0x7F, 0xFF, 0xFF, 0xFF, 0xFF, 0xFE, 0x00, 0x00, 0x7F, 0xFF, 0xFF, 0xFF, 0xFF, 0xFE, 0x00, 
    0x00, 0x70, 0x00, 0x00, 0x00, 0x00, 0x0E, 0x00, 0x00, 0x60, 0x3E, 0x00, 0x00, 0x00, 0x06, 0x00, 
    0x00, 0x60, 0xFF, 0x80, 0x00, 0x00, 0x06, 0x00, 0x00, 0x61, 0xE3, 0xC0, 0x00, 0x00, 0x06, 0x00, 
    0x00, 0x63, 0xC0, 0xE0, 0x00, 0x00, 0x06, 0x00, 0x00, 0x63, 0xFF, 0xFF, 0xFF, 0xFE, 0x06, 0x00, 
    0x00, 0x67, 0xFF, 0xFF, 0xFF, 0xFF, 0x06, 0x00, 0x00, 0x66, 0xE1, 0xF1, 0x83, 0x07, 0x06, 0x00, 
    0x00, 0x66, 0xE1, 0xF1, 0x83, 0x07, 0x06, 0x00, 0x00, 0x66, 0xE0, 0xF1, 0x83, 0x07, 0x06, 0x00, 
    0x00, 0x67, 0xE1, 0xF3, 0x83, 0x87, 0x06, 0x00, 0x00, 0x63, 0xFF, 0xFF, 0xFF, 0xFF, 0x06, 0x00, 
    0x00, 0x63, 0xFF, 0xFF, 0xFF, 0xFF, 0x06, 0x00, 0x00, 0x61, 0xE1, 0xC1, 0x83, 0x07, 0x06, 0x00, 
    0x00, 0x60, 0xFF, 0xC1, 0x83, 0x07, 0x06, 0x00, 0x00, 0x60, 0xFF, 0xC1, 0x83, 0x07, 0x06, 0x00, 
    0x00, 0x60, 0xFD, 0xFF, 0xFF, 0xFF, 0x06, 0x00, 0x00, 0x60, 0xFF, 0xFF, 0xFF, 0xFF, 0x06, 0x00, 
    0x00, 0x60, 0xFF, 0xFF, 0xFF, 0xFF, 0x06, 0x00, 0x00, 0x60, 0xE0, 0xC1, 0x83, 0x07, 0x06, 0x00, 
    0x00, 0x60, 0xE1, 0xC1, 0x83, 0x07, 0x06, 0x00, 0x00, 0x60, 0xE0, 0xC1, 0x83, 0x07, 0x06, 0x00, 
    0x00, 0x60, 0xFF, 0xFF, 0xFF, 0xFF, 0x06, 0x00, 0x00, 0x60, 0xFF, 0xFF, 0xFF, 0xFF, 0x06, 0x00, 
    0x00, 0x60, 0x7F, 0xFF, 0xFF, 0xFE, 0x06, 0x00, 0x00, 0x60, 0x00, 0x00, 0x00, 0x00, 0x06, 0x00, 
    0x00, 0x60, 0x00, 0x00, 0x00, 0x00, 0x06, 0x00, 0x00, 0x60, 0x00, 0x00, 0x00, 0x00, 0x06, 0x00, 
    0x00, 0x60, 0x00, 0x00, 0x00, 0x00, 0x06, 0x00, 0x00, 0x70, 0x00, 0x00, 0x00, 0x00, 0x0E, 0x00, 
    0x00, 0x7F, 0xFF, 0xFF, 0xFF, 0xFF, 0xFE, 0x00, 0x00, 0x7F, 0xFF, 0xFF, 0xFF, 0xFF, 0xFE, 0x00, 
    0x00, 0x00, 0x00, 0x00, 0x00, 0x00, 0x00, 0x00, 0x00, 0x00, 0x00, 0x00, 0x00, 0x00, 0x00, 0x00, 
    0x00, 0x00, 0x00, 0x00, 0x00, 0x00, 0x00, 0x00, 0x00, 0x00, 0x00, 0x00, 0x00, 0x00, 0x00, 0x00, 
    0x00, 0x00, 0x00, 0x00, 0x00, 0x00, 0x00, 0x00, 0x00, 0x00, 0x00, 0x00, 0x00, 0x00, 0x00, 0x00, 
    0x00, 0x00, 0x00, 0x00, 0x00, 0x00, 0x00, 0x00, 0x00, 0x00, 0x00, 0x00, 0x00, 0x00, 0x00, 0x00, 
      },
  {
    0x00, 0x00, 0x00, 0x00, 0x00, 0x00, 0x00, 0x00, 0x00, 0x00, 0x00, 0x00, 0x00, 0x00, 0x00, 0x00, 
    0x00, 0x00, 0x00, 0x00, 0x00, 0x00, 0x00, 0x00, 0x00, 0x00, 0x00, 0x00, 0x00, 0x00, 0x00, 0x00, 
    0x00, 0x00, 0x00, 0x00, 0x00, 0x00, 0x00, 0x00, 0x00, 0x00, 0x00, 0x00, 0x00, 0x00, 0x00, 0x00, 
    0x00, 0x00, 0x00, 0x00, 0x00, 0x00, 0x00, 0x00, 0x00, 0x00, 0x00, 0x00, 0x00, 0x00, 0x00, 0x00, 
    0x00, 0x00, 0x00, 0x00, 0x00, 0x00, 0x00, 0x00, 0x00, 0x00, 0x00, 0x00, 0x00, 0x00, 0x00, 0x00, 
    0x00, 0x01, 0x00, 0x01, 0x80, 0x01, 0x80, 0x00, 0x00, 0x01, 0x80, 0x01, 0x80, 0x01, 0x80, 0x00, 
    0x00, 0x01, 0x80, 0x01, 0x80, 0x01, 0x80, 0x00, 0x00, 0x03, 0x80, 0x01, 0x80, 0x01, 0x80, 0x00, 
    0x00, 0x7F, 0xFF, 0xFF, 0xFF, 0xFF, 0xFE, 0x00, 0x00, 0x7F, 0xFF, 0xFF, 0xFF, 0xFF, 0xFE, 0x00, 
    0x00, 0x61, 0x80, 0x01, 0x80, 0x01, 0x86, 0x00, 0x00, 0x61, 0x80, 0x01, 0x80, 0x01, 0x86, 0x00, 
    0x00, 0x61, 0x80, 0x01, 0x80, 0x01, 0x86, 0x00, 0x00, 0x60, 0x00, 0x00, 0x00, 0x00, 0x06, 0x00, 
    0x00, 0x60, 0x00, 0x00, 0x00, 0x00, 0x06, 0x00, 0x00, 0x70, 0x00, 0x00, 0x00, 0x00, 0x0E, 0x00, 
    0x00, 0x7F, 0xFF, 0xFF, 0xFF, 0xFF, 0xFE, 0x00, 0x00, 0x7F, 0xFF, 0xFF, 0xFF, 0xFF, 0xFE, 0x00, 
    0x00, 0x70, 0x00, 0x00, 0x00, 0x00, 0x0E, 0x00, 0x00, 0x60, 0x3E, 0x00, 0x00, 0x00, 0x06, 0x00, 
    0x00, 0x60, 0xFF, 0x80, 0x00, 0x00, 0x06, 0x00, 0x00, 0x61, 0xE3, 0xC0, 0x00, 0x00, 0x06, 0x00, 
    0x00, 0x63, 0xC0, 0xE0, 0x00, 0x00, 0x06, 0x00, 0x00, 0x63, 0xFF, 0xFF, 0xFF, 0xFE, 0x06, 0x00, 
    0x00, 0x67, 0xFF, 0xFF, 0xFF, 0xFF, 0x06, 0x00, 0x00, 0x66, 0xE1, 0xF1, 0x83, 0x07, 0x06, 0x00, 
    0x00, 0x66, 0xE1, 0xF1, 0x83, 0x07, 0x06, 0x00, 0x00, 0x66, 0xE0, 0xF1, 0x83, 0x07, 0x06, 0x00, 
    0x00, 0x67, 0xE1, 0xF3, 0x83, 0x87, 0x06, 0x00, 0x00, 0x63, 0xFF, 0xFF, 0xFF, 0xFF, 0x06, 0x00, 
    0x00, 0x63, 0xFF, 0xFF, 0xFF, 0xFF, 0x06, 0x00, 0x00, 0x61, 0xE3, 0xC1, 0x83, 0x07, 0x06, 0x00, 
    0x00, 0x60, 0xFF, 0xC1, 0x83, 0x07, 0x06, 0x00, 0x00, 0x60, 0xFF, 0xC1, 0x83, 0x07, 0x06, 0x00, 
    0x00, 0x60, 0xFD, 0xFF, 0xFF, 0xFF, 0x06, 0x00, 0x00, 0x60, 0xFF, 0xFF, 0xFF, 0xFF, 0x06, 0x00, 
    0x00, 0x60, 0xFF, 0xFF, 0xFF, 0xFF, 0x06, 0x00, 0x00, 0x60, 0xE0, 0xC1, 0x83, 0x07, 0x06, 0x00, 
    0x00, 0x60, 0xE1, 0xC1, 0x83, 0x07, 0x06, 0x00, 0x00, 0x60, 0xE0, 0xC1, 0x83, 0x07, 0x06, 0x00, 
    0x00, 0x60, 0xFF, 0xFF, 0xFF, 0xFF, 0x06, 0x00, 0x00, 0x60, 0xFF, 0xFF, 0xFF, 0xFF, 0x06, 0x00, 
    0x00, 0x60, 0x7F, 0xFF, 0xFF, 0xFE, 0x06, 0x00, 0x00, 0x60, 0x00, 0x00, 0x00, 0x00, 0x06, 0x00, 
    0x00, 0x60, 0x00, 0x00, 0x00, 0x00, 0x06, 0x00, 0x00, 0x60, 0x00, 0x00, 0x00, 0x00, 0x06, 0x00, 
    0x00, 0x60, 0x00, 0x00, 0x00, 0x00, 0x06, 0x00, 0x00, 0x70, 0x00, 0x00, 0x00, 0x00, 0x0E, 0x00, 
    0x00, 0x7F, 0xFF, 0xFF, 0xFF, 0xFF, 0xFE, 0x00, 0x00, 0x7F, 0xFF, 0xFF, 0xFF, 0xFF, 0xFE, 0x00, 
    0x00, 0x00, 0x00, 0x00, 0x00, 0x00, 0x00, 0x00, 0x00, 0x00, 0x00, 0x00, 0x00, 0x00, 0x00, 0x00, 
    0x00, 0x00, 0x00, 0x00, 0x00, 0x00, 0x00, 0x00, 0x00, 0x00, 0x00, 0x00, 0x00, 0x00, 0x00, 0x00, 
    0x00, 0x00, 0x00, 0x00, 0x00, 0x00, 0x00, 0x00, 0x00, 0x00, 0x00, 0x00, 0x00, 0x00, 0x00, 0x00, 
    0x00, 0x00, 0x00, 0x00, 0x00, 0x00, 0x00, 0x00, 0x00, 0x00, 0x00, 0x00, 0x00, 0x00, 0x00, 0x00, 
      },
  {
    0x00, 0x00, 0x00, 0x00, 0x00, 0x00, 0x00, 0x00, 0x00, 0x00, 0x00, 0x00, 0x00, 0x00, 0x00, 0x00, 
    0x00, 0x00, 0x00, 0x00, 0x00, 0x00, 0x00, 0x00, 0x00, 0x00, 0x00, 0x00, 0x00, 0x00, 0x00, 0x00, 
    0x00, 0x00, 0x00, 0x00, 0x00, 0x00, 0x00, 0x00, 0x00, 0x00, 0x00, 0x00, 0x00, 0x00, 0x00, 0x00, 
    0x00, 0x00, 0x00, 0x00, 0x00, 0x00, 0x00, 0x00, 0x00, 0x00, 0x00, 0x00, 0x00, 0x00, 0x00, 0x00, 
    0x00, 0x00, 0x00, 0x00, 0x00, 0x00, 0x00, 0x00, 0x00, 0x00, 0x00, 0x00, 0x00, 0x00, 0x00, 0x00, 
    0x00, 0x01, 0x00, 0x01, 0x80, 0x01, 0x80, 0x00, 0x00, 0x01, 0x80, 0x01, 0x80, 0x01, 0x80, 0x00, 
    0x00, 0x01, 0x80, 0x01, 0x80, 0x01, 0x80, 0x00, 0x00, 0x03, 0x80, 0x01, 0x80, 0x01, 0x80, 0x00, 
    0x00, 0x7F, 0xFF, 0xFF, 0xFF, 0xFF, 0xFE, 0x00, 0x00, 0x7F, 0xFF, 0xFF, 0xFF, 0xFF, 0xFE, 0x00, 
    0x00, 0x61, 0x80, 0x01, 0x80, 0x01, 0x86, 0x00, 0x00, 0x61, 0x80, 0x01, 0x80, 0x01, 0x86, 0x00, 
    0x00, 0x61, 0x80, 0x01, 0x80, 0x01, 0x86, 0x00, 0x00, 0x60, 0x00, 0x00, 0x00, 0x00, 0x06, 0x00, 
    0x00, 0x60, 0x00, 0x00, 0x00, 0x00, 0x06, 0x00, 0x00, 0x70, 0x00, 0x00, 0x00, 0x00, 0x0E, 0x00, 
    0x00, 0x7F, 0xFF, 0xFF, 0xFF, 0xFF, 0xFE, 0x00, 0x00, 0x7F, 0xFF, 0xFF, 0xFF, 0xFF, 0xFE, 0x00, 
    0x00, 0x70, 0x00, 0x00, 0x00, 0x00, 0x0E, 0x00, 0x00, 0x60, 0x3E, 0x00, 0x00, 0x00, 0x06, 0x00, 
    0x00, 0x60, 0xFF, 0x80, 0x00, 0x00, 0x06, 0x00, 0x00, 0x61, 0xE3, 0xC0, 0x00, 0x00, 0x06, 0x00, 
    0x00, 0x63, 0xC0, 0xE0, 0x00, 0x00, 0x06, 0x00, 0x00, 0x63, 0xFF, 0xFF, 0xFF, 0xFE, 0x06, 0x00, 
    0x00, 0x67, 0xFF, 0xFF, 0xFF, 0xFF, 0x06, 0x00, 0x00, 0x66, 0xE1, 0xF1, 0x83, 0x07, 0x06, 0x00, 
    0x00, 0x66, 0xE1, 0xF1, 0x83, 0x07, 0x06, 0x00, 0x00, 0x66, 0xE0, 0xF1, 0x83, 0x07, 0x06, 0x00, 
    0x00, 0x67, 0xE1, 0xF3, 0x83, 0x87, 0x06, 0x00, 0x00, 0x63, 0xFF, 0xFF, 0xFF, 0xFF, 0x06, 0x00, 
    0x00, 0x63, 0xFF, 0xFF, 0xFF, 0xFF, 0x06, 0x00, 0x00, 0x61, 0xE3, 0xC1, 0x83, 0x07, 0x06, 0x00, 
    0x00, 0x60, 0xFF, 0xC1, 0x83, 0x07, 0x06, 0x00, 0x00, 0x60, 0xFF, 0xC1, 0x83, 0x07, 0x06, 0x00, 
    0x00, 0x60, 0xFD, 0xFF, 0xFF, 0xFF, 0x06, 0x00, 0x00, 0x60, 0xFF, 0xFF, 0xFF, 0xFF, 0x06, 0x00, 
    0x00, 0x60, 0xFF, 0xFF, 0xFF, 0xFF, 0x06, 0x00, 0x00, 0x60, 0xE0, 0xC1, 0x83, 0x07, 0x06, 0x00, 
    0x00, 0x60, 0xE1, 0xC1, 0x83, 0x07, 0x06, 0x00, 0x00, 0x60, 0xE0, 0xC1, 0x83, 0x07, 0x06, 0x00, 
    0x00, 0x60, 0xFF, 0xFF, 0xFF, 0xFF, 0x06, 0x00, 0x00, 0x60, 0xFF, 0xFF, 0xFF, 0xFF, 0x06, 0x00, 
    0x00, 0x60, 0x7F, 0xFF, 0xFF, 0xFE, 0x06, 0x00, 0x00, 0x60, 0x00, 0x00, 0x00, 0x00, 0x06, 0x00, 
    0x00, 0x60, 0x00, 0x00, 0x00, 0x00, 0x06, 0x00, 0x00, 0x60, 0x00, 0x00, 0x00, 0x00, 0x06, 0x00, 
    0x00, 0x60, 0x00, 0x00, 0x00, 0x00, 0x06, 0x00, 0x00, 0x70, 0x00, 0x00, 0x00, 0x00, 0x0E, 0x00, 
    0x00, 0x7F, 0xFF, 0xFF, 0xFF, 0xFF, 0xFE, 0x00, 0x00, 0x7F, 0xFF, 0xFF, 0xFF, 0xFF, 0xFE, 0x00, 
    0x00, 0x00, 0x00, 0x00, 0x00, 0x00, 0x00, 0x00, 0x00, 0x00, 0x00, 0x00, 0x00, 0x00, 0x00, 0x00, 
    0x00, 0x00, 0x00, 0x00, 0x00, 0x00, 0x00, 0x00, 0x00, 0x00, 0x00, 0x00, 0x00, 0x00, 0x00, 0x00, 
    0x00, 0x00, 0x00, 0x00, 0x00, 0x00, 0x00, 0x00, 0x00, 0x00, 0x00, 0x00, 0x00, 0x00, 0x00, 0x00, 
    0x00, 0x00, 0x00, 0x00, 0x00, 0x00, 0x00, 0x00, 0x00, 0x00, 0x00, 0x00, 0x00, 0x00, 0x00, 0x00, 
      },
  {
    0x00, 0x00, 0x00, 0x00, 0x00, 0x00, 0x00, 0x00, 0x00, 0x00, 0x00, 0x00, 0x00, 0x00, 0x00, 0x00, 
    0x00, 0x00, 0x00, 0x00, 0x00, 0x00, 0x00, 0x00, 0x00, 0x00, 0x00, 0x00, 0x00, 0x00, 0x00, 0x00, 
    0x00, 0x00, 0x00, 0x00, 0x00, 0x00, 0x00, 0x00, 0x00, 0x00, 0x00, 0x00, 0x00, 0x00, 0x00, 0x00, 
    0x00, 0x00, 0x00, 0x00, 0x00, 0x00, 0x00, 0x00, 0x00, 0x00, 0x00, 0x00, 0x00, 0x00, 0x00, 0x00, 
    0x00, 0x00, 0x00, 0x00, 0x00, 0x00, 0x00, 0x00, 0x00, 0x00, 0x00, 0x00, 0x00, 0x00, 0x00, 0x00, 
    0x00, 0x01, 0x00, 0x01, 0x80, 0x01, 0x80, 0x00, 0x00, 0x01, 0x80, 0x01, 0x80, 0x01, 0x80, 0x00, 
    0x00, 0x01, 0x80, 0x01, 0x80, 0x01, 0x80, 0x00, 0x00, 0x03, 0x80, 0x01, 0x80, 0x01, 0x80, 0x00, 
    0x00, 0x7F, 0xFF, 0xFF, 0xFF, 0xFF, 0xFE, 0x00, 0x00, 0x7F, 0xFF, 0xFF, 0xFF, 0xFF, 0xFE, 0x00, 
    0x00, 0x61, 0x80, 0x01, 0x80, 0x01, 0x86, 0x00, 0x00, 0x61, 0x80, 0x01, 0x80, 0x01, 0x86, 0x00, 
    0x00, 0x61, 0x80, 0x01, 0x80, 0x01, 0x86, 0x00, 0x00, 0x60, 0x00, 0x00, 0x00, 0x00, 0x06, 0x00, 
    0x00, 0x60, 0x00, 0x00, 0x00, 0x00, 0x06, 0x00, 0x00, 0x70, 0x00, 0x00, 0x00, 0x00, 0x0E, 0x00, 
    0x00, 0x7F, 0xFF, 0xFF, 0xFF, 0xFF, 0xFE, 0x00, 0x00, 0x7F, 0xFF, 0xFF, 0xFF, 0xFF, 0xFE, 0x00, 
    0x00, 0x70, 0x00, 0x00, 0x00, 0x00, 0x0E, 0x00, 0x00, 0x60, 0x3E, 0x00, 0x00, 0x00, 0x06, 0x00, 
    0x00, 0x60, 0xFF, 0x80, 0x00, 0x00, 0x06, 0x00, 0x00, 0x61, 0xE3, 0xC0, 0x00, 0x00, 0x06, 0x00, 
    0x00, 0x63, 0xC0, 0xE0, 0x00, 0x00, 0x06, 0x00, 0x00, 0x63, 0xFF, 0xFF, 0xFF, 0xFE, 0x06, 0x00, 
    0x00, 0x67, 0xFF, 0xFF, 0xFF, 0xFF, 0x06, 0x00, 0x00, 0x66, 0xE1, 0xF1, 0x83, 0x07, 0x06, 0x00, 
    0x00, 0x66, 0xE1, 0xF1, 0x83, 0x07, 0x06, 0x00, 0x00, 0x66, 0xE0, 0xF1, 0x83, 0x07, 0x06, 0x00, 
    0x00, 0x67, 0xE1, 0xF3, 0x83, 0x87, 0x06, 0x00, 0x00, 0x63, 0xFF, 0xFF, 0xFF, 0xFF, 0x06, 0x00, 
    0x00, 0x63, 0xFF, 0xFF, 0xFF, 0xFF, 0x06, 0x00, 0x00, 0x61, 0xE0, 0xC1, 0x83, 0x07, 0x06, 0x00, 
    0x00, 0x60, 0xF9, 0xC1, 0x83, 0x07, 0x06, 0x00, 0x00, 0x60, 0xF8, 0xC1, 0x83, 0x07, 0x06, 0x00, 
    0x00, 0x60, 0xFF, 0xFF, 0xFF, 0xFF, 0x06, 0x00, 0x00, 0x60, 0xFF, 0xFF, 0xFF, 0xFF, 0x06, 0x00, 
    0x00, 0x60, 0xFF, 0xFF, 0xFF, 0xFF, 0x06, 0x00, 0x00, 0x60, 0xE0, 0xC1, 0x83, 0x07, 0x06, 0x00, 
    0x00, 0x60, 0xE1, 0xC1, 0x83, 0x07, 0x06, 0x00, 0x00, 0x60, 0xE0, 0xC1, 0x83, 0x07, 0x06, 0x00, 
    0x00, 0x60, 0xFF, 0xFF, 0xFF, 0xFF, 0x06, 0x00, 0x00, 0x60, 0xFF, 0xFF, 0xFF, 0xFF, 0x06, 0x00, 
    0x00, 0x60, 0x7F, 0xFF, 0xFF, 0xFE, 0x06, 0x00, 0x00, 0x60, 0x00, 0x00, 0x00, 0x00, 0x06, 0x00, 
    0x00, 0x60, 0x00, 0x00, 0x00, 0x00, 0x06, 0x00, 0x00, 0x60, 0x00, 0x00, 0x00, 0x00, 0x06, 0x00, 
    0x00, 0x60, 0x00, 0x00, 0x00, 0x00, 0x06, 0x00, 0x00, 0x70, 0x00, 0x00, 0x00, 0x00, 0x0E, 0x00, 
    0x00, 0x7F, 0xFF, 0xFF, 0xFF, 0xFF, 0xFE, 0x00, 0x00, 0x7F, 0xFF, 0xFF, 0xFF, 0xFF, 0xFE, 0x00, 
    0x00, 0x00, 0x00, 0x00, 0x00, 0x00, 0x00, 0x00, 0x00, 0x00, 0x00, 0x00, 0x00, 0x00, 0x00, 0x00, 
    0x00, 0x00, 0x00, 0x00, 0x00, 0x00, 0x00, 0x00, 0x00, 0x00, 0x00, 0x00, 0x00, 0x00, 0x00, 0x00, 
    0x00, 0x00, 0x00, 0x00, 0x00, 0x00, 0x00, 0x00, 0x00, 0x00, 0x00, 0x00, 0x00, 0x00, 0x00, 0x00, 
    0x00, 0x00, 0x00, 0x00, 0x00, 0x00, 0x00, 0x00, 0x00, 0x00, 0x00, 0x00, 0x00, 0x00, 0x00, 0x00, 
      },
  {
    0x00, 0x00, 0x00, 0x00, 0x00, 0x00, 0x00, 0x00, 0x00, 0x00, 0x00, 0x00, 0x00, 0x00, 0x00, 0x00, 
    0x00, 0x00, 0x00, 0x00, 0x00, 0x00, 0x00, 0x00, 0x00, 0x00, 0x00, 0x00, 0x00, 0x00, 0x00, 0x00, 
    0x00, 0x00, 0x00, 0x00, 0x00, 0x00, 0x00, 0x00, 0x00, 0x00, 0x00, 0x00, 0x00, 0x00, 0x00, 0x00, 
    0x00, 0x00, 0x00, 0x00, 0x00, 0x00, 0x00, 0x00, 0x00, 0x00, 0x00, 0x00, 0x00, 0x00, 0x00, 0x00, 
    0x00, 0x00, 0x00, 0x00, 0x00, 0x00, 0x00, 0x00, 0x00, 0x00, 0x00, 0x00, 0x00, 0x00, 0x00, 0x00, 
    0x00, 0x01, 0x00, 0x01, 0x80, 0x01, 0x80, 0x00, 0x00, 0x01, 0x80, 0x01, 0x80, 0x01, 0x80, 0x00, 
    0x00, 0x01, 0x80, 0x01, 0x80, 0x01, 0x80, 0x00, 0x00, 0x03, 0x80, 0x01, 0x80, 0x01, 0x80, 0x00, 
    0x00, 0x7F, 0xFF, 0xFF, 0xFF, 0xFF, 0xFE, 0x00, 0x00, 0x7F, 0xFF, 0xFF, 0xFF, 0xFF, 0xFE, 0x00, 
    0x00, 0x61, 0x80, 0x01, 0x80, 0x01, 0x86, 0x00, 0x00, 0x61, 0x80, 0x01, 0x80, 0x01, 0x86, 0x00, 
    0x00, 0x61, 0x80, 0x01, 0x80, 0x01, 0x86, 0x00, 0x00, 0x60, 0x00, 0x00, 0x00, 0x00, 0x06, 0x00, 
    0x00, 0x60, 0x00, 0x00, 0x00, 0x00, 0x06, 0x00, 0x00, 0x70, 0x00, 0x00, 0x00, 0x00, 0x0E, 0x00, 
    0x00, 0x7F, 0xFF, 0xFF, 0xFF, 0xFF, 0xFE, 0x00, 0x00, 0x7F, 0xFF, 0xFF, 0xFF, 0xFF, 0xFE, 0x00, 
    0x00, 0x70, 0x00, 0x00, 0x00, 0x00, 0x0E, 0x00, 0x00, 0x60, 0x3E, 0x00, 0x00, 0x00, 0x06, 0x00, 
    0x00, 0x60, 0xFF, 0x80, 0x00, 0x00, 0x06, 0x00, 0x00, 0x61, 0xE3, 0xC0, 0x00, 0x00, 0x06, 0x00, 
    0x00, 0x63, 0xC0, 0xE0, 0x00, 0x00, 0x06, 0x00, 0x00, 0x63, 0xFF, 0xFF, 0xFF, 0xFE, 0x06, 0x00, 
    0x00, 0x67, 0xFF, 0xFF, 0xFF, 0xFF, 0x06, 0x00, 0x00, 0x66, 0xE1, 0xF1, 0x83, 0x07, 0x06, 0x00, 
    0x00, 0x66, 0xE1, 0xF1, 0x83, 0x07, 0x06, 0x00, 0x00, 0x66, 0xE0, 0xF1, 0x83, 0x07, 0x06, 0x00, 
    0x00, 0x67, 0xE1, 0xF3, 0x83, 0x87, 0x06, 0x00, 0x00, 0x63, 0xFF, 0xFF, 0xFF, 0xFF, 0x06, 0x00, 
    0x00, 0x63, 0xFF, 0xFF, 0xFF, 0xFF, 0x06, 0x00, 0x00, 0x60, 0xE1, 0xC1, 0x83, 0x07, 0x06, 0x00, 
    0x00, 0x60, 0xE1, 0xC1, 0x83, 0x07, 0x06, 0x00, 0x00, 0x60, 0xE0, 0xC1, 0x83, 0x07, 0x06, 0x00, 
    0x00, 0x60, 0xFF, 0xFF, 0xFF, 0xFF, 0x06, 0x00, 0x00, 0x60, 0xFF, 0xFF, 0xFF, 0xFF, 0x06, 0x00, 
    0x00, 0x60, 0xFF, 0xFF, 0xFF, 0xFF, 0x06, 0x00, 0x00, 0x60, 0xE0, 0xC1, 0x83, 0x07, 0x06, 0x00, 
    0x00, 0x60, 0xE1, 0xC1, 0x83, 0x07, 0x06, 0x00, 0x00, 0x60, 0xE0, 0xC1, 0x83, 0x07, 0x06, 0x00, 
    0x00, 0x60, 0xFF, 0xFF, 0xFF, 0xFF, 0x06, 0x00, 0x00, 0x60, 0xFF, 0xFF, 0xFF, 0xFF, 0x06, 0x00, 
    0x00, 0x60, 0x7F, 0xFF, 0xFF, 0xFE, 0x06, 0x00, 0x00, 0x60, 0x00, 0x00, 0x00, 0x00, 0x06, 0x00, 
    0x00, 0x60, 0x00, 0x00, 0x00, 0x00, 0x06, 0x00, 0x00, 0x60, 0x00, 0x00, 0x00, 0x00, 0x06, 0x00, 
    0x00, 0x60, 0x00, 0x00, 0x00, 0x00, 0x06, 0x00, 0x00, 0x70, 0x00, 0x00, 0x00, 0x00, 0x0E, 0x00, 
    0x00, 0x7F, 0xFF, 0xFF, 0xFF, 0xFF, 0xFE, 0x00, 0x00, 0x7F, 0xFF, 0xFF, 0xFF, 0xFF, 0xFE, 0x00, 
    0x00, 0x00, 0x00, 0x00, 0x00, 0x00, 0x00, 0x00, 0x00, 0x00, 0x00, 0x00, 0x00, 0x00, 0x00, 0x00, 
    0x00, 0x00, 0x00, 0x00, 0x00, 0x00, 0x00, 0x00, 0x00, 0x00, 0x00, 0x00, 0x00, 0x00, 0x00, 0x00, 
    0x00, 0x00, 0x00, 0x00, 0x00, 0x00, 0x00, 0x00, 0x00, 0x00, 0x00, 0x00, 0x00, 0x00, 0x00, 0x00, 
    0x00, 0x00, 0x00, 0x00, 0x00, 0x00, 0x00, 0x00, 0x00, 0x00, 0x00, 0x00, 0x00, 0x00, 0x00, 0x00, 
      },
  {
    0x00, 0x00, 0x00, 0x00, 0x00, 0x00, 0x00, 0x00, 0x00, 0x00, 0x00, 0x00, 0x00, 0x00, 0x00, 0x00, 
    0x00, 0x00, 0x00, 0x00, 0x00, 0x00, 0x00, 0x00, 0x00, 0x00, 0x00, 0x00, 0x00, 0x00, 0x00, 0x00, 
    0x00, 0x00, 0x00, 0x00, 0x00, 0x00, 0x00, 0x00, 0x00, 0x00, 0x00, 0x00, 0x00, 0x00, 0x00, 0x00, 
    0x00, 0x00, 0x00, 0x00, 0x00, 0x00, 0x00, 0x00, 0x00, 0x00, 0x00, 0x00, 0x00, 0x00, 0x00, 0x00, 
    0x00, 0x00, 0x00, 0x00, 0x00, 0x00, 0x00, 0x00, 0x00, 0x00, 0x00, 0x00, 0x00, 0x00, 0x00, 0x00, 
    0x00, 0x01, 0x00, 0x01, 0x80, 0x01, 0x80, 0x00, 0x00, 0x01, 0x80, 0x01, 0x80, 0x01, 0x80, 0x00, 
    0x00, 0x01, 0x80, 0x01, 0x80, 0x01, 0x80, 0x00, 0x00, 0x03, 0x80, 0x01, 0x80, 0x01, 0x80, 0x00, 
    0x00, 0x7F, 0xFF, 0xFF, 0xFF, 0xFF, 0xFE, 0x00, 0x00, 0x7F, 0xFF, 0xFF, 0xFF, 0xFF, 0xFE, 0x00, 
    0x00, 0x61, 0x80, 0x01, 0x80, 0x01, 0x86, 0x00, 0x00, 0x61, 0x80, 0x01, 0x80, 0x01, 0x86, 0x00, 
    0x00, 0x61, 0x80, 0x01, 0x80, 0x01, 0x86, 0x00, 0x00, 0x60, 0x00, 0x00, 0x00, 0x00, 0x06, 0x00, 
    0x00, 0x60, 0x00, 0x00, 0x00, 0x00, 0x06, 0x00, 0x00, 0x70, 0x00, 0x00, 0x00, 0x00, 0x0E, 0x00, 
    0x00, 0x7F, 0xFF, 0xFF, 0xFF, 0xFF, 0xFE, 0x00, 0x00, 0x7F, 0xFF, 0xFF, 0xFF, 0xFF, 0xFE, 0x00, 
    0x00, 0x70, 0x00, 0x00, 0x00, 0x00, 0x0E, 0x00, 0x00, 0x60, 0x3E, 0x00, 0x00, 0x00, 0x06, 0x00, 
    0x00, 0x60, 0xFF, 0x80, 0x00, 0x00, 0x06, 0x00, 0x00, 0x61, 0xE3, 0xC0, 0x00, 0x00, 0x06, 0x00, 
    0x00, 0x63, 0xC0, 0xE0, 0x00, 0x00, 0x06, 0x00, 0x00, 0x63, 0xFF, 0xFF, 0xFF, 0xFE, 0x06, 0x00, 
    0x00, 0x60, 0xFF, 0xFF, 0xFF, 0xFF, 0x06, 0x00, 0x00, 0x60, 0xE1, 0xF1, 0x83, 0x07, 0x06, 0x00, 
    0x00, 0x60, 0xE1, 0xF1, 0x83, 0x07, 0x06, 0x00, 0x00, 0x60, 0xE0, 0xF1, 0x83, 0x07, 0x06, 0x00, 
    0x00, 0x60, 0xE1, 0xF3, 0x83, 0x87, 0x06, 0x00, 0x00, 0x60, 0xFF, 0xFF, 0xFF, 0xFF, 0x06, 0x00, 
    0x00, 0x60, 0xFF, 0xFF, 0xFF, 0xFF, 0x06, 0x00, 0x00, 0x60, 0xE1, 0xC1, 0x83, 0x07, 0x06, 0x00, 
    0x00, 0x60, 0xE1, 0xC1, 0x83, 0x07, 0x06, 0x00, 0x00, 0x60, 0xE0, 0xC1, 0x83, 0x07, 0x06, 0x00, 
    0x00, 0x60, 0xFF, 0xFF, 0xFF, 0xFF, 0x06, 0x00, 0x00, 0x60, 0xFF, 0xFF, 0xFF, 0xFF, 0x06, 0x00, 
    0x00, 0x60, 0xFF, 0xFF, 0xFF, 0xFF, 0x06, 0x00, 0x00, 0x60, 0xE0, 0xC1, 0x83, 0x07, 0x06, 0x00, 
    0x00, 0x60, 0xE1, 0xC1, 0x83, 0x07, 0x06, 0x00, 0x00, 0x60, 0xE0, 0xC1, 0x83, 0x07, 0x06, 0x00, 
    0x00, 0x60, 0xFF, 0xFF, 0xFF, 0xFF, 0x06, 0x00, 0x00, 0x60, 0xFF, 0xFF, 0xFF, 0xFF, 0x06, 0x00, 
    0x00, 0x60, 0x7F, 0xFF, 0xFF, 0xFE, 0x06, 0x00, 0x00, 0x60, 0x00, 0x00, 0x00, 0x00, 0x06, 0x00, 
    0x00, 0x60, 0x00, 0x00, 0x00, 0x00, 0x06, 0x00, 0x00, 0x60, 0x00, 0x00, 0x00, 0x00, 0x06, 0x00, 
    0x00, 0x60, 0x00, 0x00, 0x00, 0x00, 0x06, 0x00, 0x00, 0x70, 0x00, 0x00, 0x00, 0x00, 0x0E, 0x00, 
    0x00, 0x7F, 0xFF, 0xFF, 0xFF, 0xFF, 0xFE, 0x00, 0x00, 0x7F, 0xFF, 0xFF, 0xFF, 0xFF, 0xFE, 0x00, 
    0x00, 0x00, 0x00, 0x00, 0x00, 0x00, 0x00, 0x00, 0x00, 0x00, 0x00, 0x00, 0x00, 0x00, 0x00, 0x00, 
    0x00, 0x00, 0x00, 0x00, 0x00, 0x00, 0x00, 0x00, 0x00, 0x00, 0x00, 0x00, 0x00, 0x00, 0x00, 0x00, 
    0x00, 0x00, 0x00, 0x00, 0x00, 0x00, 0x00, 0x00, 0x00, 0x00, 0x00, 0x00, 0x00, 0x00, 0x00, 0x00, 
    0x00, 0x00, 0x00, 0x00, 0x00, 0x00, 0x00, 0x00, 0x00, 0x00, 0x00, 0x00, 0x00, 0x00, 0x00, 0x00, 
      },
  {
    0x00, 0x00, 0x00, 0x00, 0x00, 0x00, 0x00, 0x00, 0x00, 0x00, 0x00, 0x00, 0x00, 0x00, 0x00, 0x00, 
    0x00, 0x00, 0x00, 0x00, 0x00, 0x00, 0x00, 0x00, 0x00, 0x00, 0x00, 0x00, 0x00, 0x00, 0x00, 0x00, 
    0x00, 0x00, 0x00, 0x00, 0x00, 0x00, 0x00, 0x00, 0x00, 0x00, 0x00, 0x00, 0x00, 0x00, 0x00, 0x00, 
    0x00, 0x00, 0x00, 0x00, 0x00, 0x00, 0x00, 0x00, 0x00, 0x00, 0x00, 0x00, 0x00, 0x00, 0x00, 0x00, 
    0x00, 0x00, 0x00, 0x00, 0x00, 0x00, 0x00, 0x00, 0x00, 0x00, 0x00, 0x00, 0x00, 0x00, 0x00, 0x00, 
    0x00, 0x01, 0x00, 0x01, 0x80, 0x01, 0x80, 0x00, 0x00, 0x01, 0x80, 0x01, 0x80, 0x01, 0x80, 0x00, 
    0x00, 0x01, 0x80, 0x01, 0x80, 0x01, 0x80, 0x00, 0x00, 0x03, 0x80, 0x01, 0x80, 0x01, 0x80, 0x00, 
    0x00, 0x7F, 0xFF, 0xFF, 0xFF, 0xFF, 0xFE, 0x00, 0x00, 0x7F, 0xFF, 0xFF, 0xFF, 0xFF, 0xFE, 0x00, 
    0x00, 0x61, 0x80, 0x01, 0x80, 0x01, 0x86, 0x00, 0x00, 0x61, 0x80, 0x01, 0x80, 0x01, 0x86, 0x00, 
    0x00, 0x61, 0x80, 0x01, 0x80, 0x01, 0x86, 0x00, 0x00, 0x60, 0x00, 0x00, 0x00, 0x00, 0x06, 0x00, 
    0x00, 0x60, 0x00, 0x00, 0x00, 0x00, 0x06, 0x00, 0x00, 0x70, 0x00, 0x00, 0x00, 0x00, 0x0E, 0x00, 
    0x00, 0x7F, 0xFF, 0xFF, 0xFF, 0xFF, 0xFE, 0x00, 0x00, 0x7F, 0xFF, 0xFF, 0xFF, 0xFF, 0xFE, 0x00, 
    0x00, 0x70, 0x00, 0x00, 0x00, 0x00, 0x0E, 0x00, 0x00, 0x60, 0x0E, 0x00, 0x00, 0x00, 0x06, 0x00, 
    0x00, 0x60, 0x0F, 0x80, 0x00, 0x00, 0x06, 0x00, 0x00, 0x60, 0x03, 0xC0, 0x00, 0x00, 0x06, 0x00, 
    0x00, 0x60, 0x00, 0xE0, 0x00, 0x00, 0x06, 0x00, 0x00, 0x60, 0xFF, 0xFF, 0xFF, 0xFE, 0x06, 0x00, 
    0x00, 0x60, 0xFF, 0xFF, 0xFF, 0xFF, 0x06, 0x00, 0x00, 0x60, 0xE1, 0xF1, 0x83, 0x07, 0x06, 0x00, 
    0x00, 0x60, 0xE1, 0xF1, 0x83, 0x07, 0x06, 0x00, 0x00, 0x60, 0xE0, 0xF1, 0x83, 0x07, 0x06, 0x00, 
    0x00, 0x60, 0xE1, 0xF3, 0x83, 0x87, 0x06, 0x00, 0x00, 0x60, 0xFF, 0xFF, 0xFF, 0xFF, 0x06, 0x00, 
    0x00, 0x60, 0xFF, 0xFF, 0xFF, 0xFF, 0x06, 0x00, 0x00, 0x60, 0xE1, 0xC1, 0x83, 0x07, 0x06, 0x00, 
    0x00, 0x60, 0xE3, 0xC1, 0x83, 0x07, 0x06, 0x00, 0x00, 0x60, 0xE1, 0xC1, 0x83, 0x07, 0x06, 0x00, 
    0x00, 0x60, 0xFD, 0xFF, 0xFF, 0xFF, 0x06, 0x00, 0x00, 0x60, 0xFF, 0xFF, 0xFF, 0xFF, 0x06, 0x00, 
    0x00, 0x60, 0xFF, 0xFF, 0xFF, 0xFF, 0x06, 0x00, 0x00, 0x60, 0xE0, 0xC1, 0x83, 0x07, 0x06, 0x00, 
    0x00, 0x60, 0xE1, 0xC1, 0x83, 0x07, 0x06, 0x00, 0x00, 0x60, 0xE0, 0xC1, 0x83, 0x07, 0x06, 0x00, 
    0x00, 0x60, 0xFF, 0xFF, 0xFF, 0xFF, 0x06, 0x00, 0x00, 0x60, 0xFF, 0xFF, 0xFF, 0xFF, 0x06, 0x00, 
    0x00, 0x60, 0x7F, 0xFF, 0xFF, 0xFE, 0x06, 0x00, 0x00, 0x60, 0x00, 0x00, 0x00, 0x00, 0x06, 0x00, 
    0x00, 0x60, 0x00, 0x00, 0x00, 0x00, 0x06, 0x00, 0x00, 0x60, 0x00, 0x00, 0x00, 0x00, 0x06, 0x00, 
    0x00, 0x60, 0x00, 0x00, 0x00, 0x00, 0x06, 0x00, 0x00, 0x70, 0x00, 0x00, 0x00, 0x00, 0x0E, 0x00, 
    0x00, 0x7F, 0xFF, 0xFF, 0xFF, 0xFF, 0xFE, 0x00, 0x00, 0x7F, 0xFF, 0xFF, 0xFF, 0xFF, 0xFE, 0x00, 
    0x00, 0x00, 0x00, 0x00, 0x00, 0x00, 0x00, 0x00, 0x00, 0x00, 0x00, 0x00, 0x00, 0x00, 0x00, 0x00, 
    0x00, 0x00, 0x00, 0x00, 0x00, 0x00, 0x00, 0x00, 0x00, 0x00, 0x00, 0x00, 0x00, 0x00, 0x00, 0x00, 
    0x00, 0x00, 0x00, 0x00, 0x00, 0x00, 0x00, 0x00, 0x00, 0x00, 0x00, 0x00, 0x00, 0x00, 0x00, 0x00, 
    0x00, 0x00, 0x00, 0x00, 0x00, 0x00, 0x00, 0x00, 0x00, 0x00, 0x00, 0x00, 0x00, 0x00, 0x00, 0x00, 
      },
  {
    0x00, 0x00, 0x00, 0x00, 0x00, 0x00, 0x00, 0x00, 0x00, 0x00, 0x00, 0x00, 0x00, 0x00, 0x00, 0x00, 
    0x00, 0x00, 0x00, 0x00, 0x00, 0x00, 0x00, 0x00, 0x00, 0x00, 0x00, 0x00, 0x00, 0x00, 0x00, 0x00, 
    0x00, 0x00, 0x00, 0x00, 0x00, 0x00, 0x00, 0x00, 0x00, 0x00, 0x00, 0x00, 0x00, 0x00, 0x00, 0x00, 
    0x00, 0x00, 0x00, 0x00, 0x00, 0x00, 0x00, 0x00, 0x00, 0x00, 0x00, 0x00, 0x00, 0x00, 0x00, 0x00, 
    0x00, 0x00, 0x00, 0x00, 0x00, 0x00, 0x00, 0x00, 0x00, 0x00, 0x00, 0x00, 0x00, 0x00, 0x00, 0x00, 
    0x00, 0x01, 0x00, 0x01, 0x80, 0x01, 0x80, 0x00, 0x00, 0x01, 0x80, 0x01, 0x80, 0x01, 0x80, 0x00, 
    0x00, 0x01, 0x80, 0x01, 0x80, 0x01, 0x80, 0x00, 0x00, 0x03, 0x80, 0x01, 0x80, 0x01, 0x80, 0x00, 
    0x00, 0x7F, 0xFF, 0xFF, 0xFF, 0xFF, 0xFE, 0x00, 0x00, 0x7F, 0xFF, 0xFF, 0xFF, 0xFF, 0xFE, 0x00, 
    0x00, 0x61, 0x80, 0x01, 0x80, 0x01, 0x86, 0x00, 0x00, 0x61, 0x80, 0x01, 0x80, 0x01, 0x86, 0x00, 
    0x00, 0x61, 0x80, 0x01, 0x80, 0x01, 0x86, 0x00, 0x00, 0x60, 0x00, 0x00, 0x00, 0x00, 0x06, 0x00, 
    0x00, 0x60, 0x00, 0x00, 0x00, 0x00, 0x06, 0x00, 0x00, 0x70, 0x00, 0x00, 0x00, 0x00, 0x0E, 0x00, 
    0x00, 0x7F, 0xFF, 0xFF, 0xFF, 0xFF, 0xFE, 0x00, 0x00, 0x7F, 0xFF, 0xFF, 0xFF, 0xFF, 0xFE, 0x00, 
    0x00, 0x70, 0x00, 0x00, 0x00, 0x00, 0x0E, 0x00, 0x00, 0x60, 0x00, 0x00, 0x00, 0x00, 0x06, 0x00, 
    0x00, 0x60, 0x00, 0x00, 0x00, 0x00, 0x06, 0x00, 0x00, 0x60, 0x00, 0x00, 0x00, 0x00, 0x06, 0x00, 
    0x00, 0x60, 0x00, 0x20, 0x00, 0x00, 0x06, 0x00, 0x00, 0x60, 0xFF, 0xFF, 0xFF, 0xFE, 0x06, 0x00, 
    0x00, 0x60, 0xFF, 0xFF, 0xFF, 0xFF, 0x06, 0x00, 0x00, 0x60, 0xE1, 0xF1, 0x83, 0x07, 0x06, 0x00, 
    0x00, 0x60, 0xE1, 0xF1, 0x83, 0x07, 0x06, 0x00, 0x00, 0x60, 0xE0, 0xF1, 0x83, 0x07, 0x06, 0x00, 
    0x00, 0x60, 0xE1, 0xF3, 0x83, 0x87, 0x06, 0x00, 0x00, 0x60, 0xFF, 0xFF, 0xFF, 0xFF, 0x06, 0x00, 
    0x00, 0x60, 0xFF, 0xFF, 0xFF, 0xFF, 0x06, 0x00, 0x00, 0x60, 0xE3, 0xC1, 0x83, 0x07, 0x06, 0x00, 
    0x00, 0x60, 0xE7, 0xC1, 0x83, 0x07, 0x06, 0x00, 0x00, 0x60, 0xE7, 0xC1, 0x83, 0x07, 0x06, 0x00, 
    0x00, 0x60, 0xF9, 0xFF, 0xFF, 0xFF, 0x06, 0x00, 0x00, 0x60, 0xFF, 0xFF, 0xFF, 0xFF, 0x06, 0x00, 
    0x00, 0x60, 0xFF, 0xFF, 0xFF, 0xFF, 0x06, 0x00, 0x00, 0x60, 0xE0, 0xC1, 0x83, 0x07, 0x06, 0x00, 
    0x00, 0x60, 0xE1, 0xC1, 0x83, 0x07, 0x06, 0x00, 0x00, 0x60, 0xE0, 0xC1, 0x83, 0x07, 0x06, 0x00, 
    0x00, 0x60, 0xFF, 0xFF, 0xFF, 0xFF, 0x06, 0x00, 0x00, 0x60, 0xFF, 0xFF, 0xFF, 0xFF, 0x06, 0x00, 
    0x00, 0x60, 0x7F, 0xFF, 0xFF, 0xFE, 0x06, 0x00, 0x00, 0x60, 0x00, 0x00, 0x00, 0x00, 0x06, 0x00, 
    0x00, 0x60, 0x00, 0x00, 0x00, 0x00, 0x06, 0x00, 0x00, 0x60, 0x00, 0x00, 0x00, 0x00, 0x06, 0x00, 
    0x00, 0x60, 0x00, 0x00, 0x00, 0x00, 0x06, 0x00, 0x00, 0x70, 0x00, 0x00, 0x00, 0x00, 0x0E, 0x00, 
    0x00, 0x7F, 0xFF, 0xFF, 0xFF, 0xFF, 0xFE, 0x00, 0x00, 0x7F, 0xFF, 0xFF, 0xFF, 0xFF, 0xFE, 0x00, 
    0x00, 0x00, 0x00, 0x00, 0x00, 0x00, 0x00, 0x00, 0x00, 0x00, 0x00, 0x00, 0x00, 0x00, 0x00, 0x00, 
    0x00, 0x00, 0x00, 0x00, 0x00, 0x00, 0x00, 0x00, 0x00, 0x00, 0x00, 0x00, 0x00, 0x00, 0x00, 0x00, 
    0x00, 0x00, 0x00, 0x00, 0x00, 0x00, 0x00, 0x00, 0x00, 0x00, 0x00, 0x00, 0x00, 0x00, 0x00, 0x00, 
    0x00, 0x00, 0x00, 0x00, 0x00, 0x00, 0x00, 0x00, 0x00, 0x00, 0x00, 0x00, 0x00, 0x00, 0x00, 0x00, 
      },
  {
    0x00, 0x00, 0x00, 0x00, 0x00, 0x00, 0x00, 0x00, 0x00, 0x00, 0x00, 0x00, 0x00, 0x00, 0x00, 0x00, 
    0x00, 0x00, 0x00, 0x00, 0x00, 0x00, 0x00, 0x00, 0x00, 0x00, 0x00, 0x00, 0x00, 0x00, 0x00, 0x00, 
    0x00, 0x00, 0x00, 0x00, 0x00, 0x00, 0x00, 0x00, 0x00, 0x00, 0x00, 0x00, 0x00, 0x00, 0x00, 0x00, 
    0x00, 0x00, 0x00, 0x00, 0x00, 0x00, 0x00, 0x00, 0x00, 0x00, 0x00, 0x00, 0x00, 0x00, 0x00, 0x00, 
    0x00, 0x00, 0x00, 0x00, 0x00, 0x00, 0x00, 0x00, 0x00, 0x00, 0x00, 0x00, 0x00, 0x00, 0x00, 0x00, 
    0x00, 0x01, 0x00, 0x01, 0x80, 0x01, 0x80, 0x00, 0x00, 0x01, 0x80, 0x01, 0x80, 0x01, 0x80, 0x00, 
    0x00, 0x01, 0x80, 0x01, 0x80, 0x01, 0x80, 0x00, 0x00, 0x03, 0x80, 0x01, 0x80, 0x01, 0x80, 0x00, 
    0x00, 0x7F, 0xFF, 0xFF, 0xFF, 0xFF, 0xFE, 0x00, 0x00, 0x7F, 0xFF, 0xFF, 0xFF, 0xFF, 0xFE, 0x00, 
    0x00, 0x61, 0x80, 0x01, 0x80, 0x01, 0x86, 0x00, 0x00, 0x61, 0x80, 0x01, 0x80, 0x01, 0x86, 0x00, 
    0x00, 0x61, 0x80, 0x01, 0x80, 0x01, 0x86, 0x00, 0x00, 0x60, 0x00, 0x00, 0x00, 0x00, 0x06, 0x00, 
    0x00, 0x60, 0x00, 0x00, 0x00, 0x00, 0x06, 0x00, 0x00, 0x70, 0x00, 0x00, 0x00, 0x00, 0x0E, 0x00, 
    0x00, 0x7F, 0xFF, 0xFF, 0xFF, 0xFF, 0xFE, 0x00, 0x00, 0x7F, 0xFF, 0xFF, 0xFF, 0xFF, 0xFE, 0x00, 
    0x00, 0x70, 0x00, 0x00, 0x00, 0x00, 0x0E, 0x00, 0x00, 0x60, 0x00, 0x00, 0x00, 0x00, 0x06, 0x00, 
    0x00, 0x60, 0x00, 0x00, 0x00, 0x00, 0x06, 0x00, 0x00, 0x60, 0x00, 0x00, 0x00, 0x00, 0x06, 0x00, 
    0x00, 0x60, 0x00, 0x00, 0x00, 0x00, 0x06, 0x00, 0x00, 0x60, 0xFF, 0xFF, 0xFF, 0xFE, 0x06, 0x00, 
    0x00, 0x60, 0xFF, 0xFF, 0xFF, 0xFF, 0x06, 0x00, 0x00, 0x60, 0xE1, 0xC1, 0x83, 0x07, 0x06, 0x00, 
    0x00, 0x60, 0xE1, 0xC1, 0x83, 0x07, 0x06, 0x00, 0x00, 0x60, 0xE0, 0xE1, 0x83, 0x07, 0x06, 0x00, 
    0x00, 0x60, 0xE1, 0xF3, 0x83, 0x87, 0x06, 0x00, 0x00, 0x60, 0xFF, 0xFF, 0xFF, 0xFF, 0x06, 0x00, 
    0x00, 0x60, 0xFF, 0xFF, 0xFF, 0xFF, 0x06, 0x00, 0x00, 0x60, 0xE3, 0xC1, 0x83, 0x07, 0x06, 0x00, 
    0x00, 0x60, 0xEF, 0xC1, 0x83, 0x07, 0x06, 0x00, 0x00, 0x60, 0xE7, 0xC1, 0x83, 0x07, 0x06, 0x00, 
    0x00, 0x60, 0xF5, 0xFF, 0xFF, 0xFF, 0x06, 0x00, 0x00, 0x60, 0xFF, 0xFF, 0xFF, 0xFF, 0x06, 0x00, 
    0x00, 0x60, 0xFF, 0xFF, 0xFF, 0xFF, 0x06, 0x00, 0x00, 0x60, 0xE0, 0xC1, 0x83, 0x07, 0x06, 0x00, 
    0x00, 0x60, 0xE1, 0xC1, 0x83, 0x07, 0x06, 0x00, 0x00, 0x60, 0xE0, 0xC1, 0x83, 0x07, 0x06, 0x00, 
    0x00, 0x60, 0xFF, 0xFF, 0xFF, 0xFF, 0x06, 0x00, 0x00, 0x60, 0xFF, 0xFF, 0xFF, 0xFF, 0x06, 0x00, 
    0x00, 0x60, 0x7F, 0xFF, 0xFF, 0xFE, 0x06, 0x00, 0x00, 0x60, 0x00, 0x00, 0x00, 0x00, 0x06, 0x00, 
    0x00, 0x60, 0x00, 0x00, 0x00, 0x00, 0x06, 0x00, 0x00, 0x60, 0x00, 0x00, 0x00, 0x00, 0x06, 0x00, 
    0x00, 0x60, 0x00, 0x00, 0x00, 0x00, 0x06, 0x00, 0x00, 0x70, 0x00, 0x00, 0x00, 0x00, 0x0E, 0x00, 
    0x00, 0x7F, 0xFF, 0xFF, 0xFF, 0xFF, 0xFE, 0x00, 0x00, 0x7F, 0xFF, 0xFF, 0xFF, 0xFF, 0xFE, 0x00, 
    0x00, 0x00, 0x00, 0x00, 0x00, 0x00, 0x00, 0x00, 0x00, 0x00, 0x00, 0x00, 0x00, 0x00, 0x00, 0x00, 
    0x00, 0x00, 0x00, 0x00, 0x00, 0x00, 0x00, 0x00, 0x00, 0x00, 0x00, 0x00, 0x00, 0x00, 0x00, 0x00, 
    0x00, 0x00, 0x00, 0x00, 0x00, 0x00, 0x00, 0x00, 0x00, 0x00, 0x00, 0x00, 0x00, 0x00, 0x00, 0x00, 
    0x00, 0x00, 0x00, 0x00, 0x00, 0x00, 0x00, 0x00, 0x00, 0x00, 0x00, 0x00, 0x00, 0x00, 0x00, 0x00, 
      },
  {
    0x00, 0x00, 0x00, 0x00, 0x00, 0x00, 0x00, 0x00, 0x00, 0x00, 0x00, 0x00, 0x00, 0x00, 0x00, 0x00, 
    0x00, 0x00, 0x00, 0x00, 0x00, 0x00, 0x00, 0x00, 0x00, 0x00, 0x00, 0x00, 0x00, 0x00, 0x00, 0x00, 
    0x00, 0x00, 0x00, 0x00, 0x00, 0x00, 0x00, 0x00, 0x00, 0x00, 0x00, 0x00, 0x00, 0x00, 0x00, 0x00, 
    0x00, 0x00, 0x00, 0x00, 0x00, 0x00, 0x00, 0x00, 0x00, 0x00, 0x00, 0x00, 0x00, 0x00, 0x00, 0x00, 
    0x00, 0x00, 0x00, 0x00, 0x00, 0x00, 0x00, 0x00, 0x00, 0x00, 0x00, 0x00, 0x00, 0x00, 0x00, 0x00, 
    0x00, 0x01, 0x00, 0x01, 0x80, 0x01, 0x80, 0x00, 0x00, 0x01, 0x80, 0x01, 0x80, 0x01, 0x80, 0x00, 
    0x00, 0x01, 0x80, 0x01, 0x80, 0x01, 0x80, 0x00, 0x00, 0x03, 0x80, 0x01, 0x80, 0x01, 0x80, 0x00, 
    0x00, 0x7F, 0xFF, 0xFF, 0xFF, 0xFF, 0xFE, 0x00, 0x00, 0x7F, 0xFF, 0xFF, 0xFF, 0xFF, 0xFE, 0x00, 
    0x00, 0x61, 0x80, 0x01, 0x80, 0x01, 0x86, 0x00, 0x00, 0x61, 0x80, 0x01, 0x80, 0x01, 0x86, 0x00, 
    0x00, 0x61, 0x80, 0x01, 0x80, 0x01, 0x86, 0x00, 0x00, 0x60, 0x00, 0x00, 0x00, 0x00, 0x06, 0x00, 
    0x00, 0x60, 0x00, 0x00, 0x00, 0x00, 0x06, 0x00, 0x00, 0x70, 0x00, 0x00, 0x00, 0x00, 0x0E, 0x00, 
    0x00, 0x7F, 0xFF, 0xFF, 0xFF, 0xFF, 0xFE, 0x00, 0x00, 0x7F, 0xFF, 0xFF, 0xFF, 0xFF, 0xFE, 0x00, 
    0x00, 0x70, 0x00, 0x00, 0x00, 0x00, 0x0E, 0x00, 0x00, 0x60, 0x00, 0x00, 0x00, 0x00, 0x06, 0x00, 
    0x00, 0x60, 0x00, 0x00, 0x00, 0x00, 0x06, 0x00, 0x00, 0x60, 0x00, 0x00, 0x00, 0x00, 0x06, 0x00, 
    0x00, 0x60, 0x00, 0x00, 0x00, 0x00, 0x06, 0x00, 0x00, 0x60, 0xFF, 0xFF, 0xFF, 0xFE, 0x06, 0x00, 
    0x00, 0x60, 0xFF, 0xFF, 0xFF, 0xFF, 0x06, 0x00, 0x00, 0x60, 0xE1, 0xC1, 0x83, 0x07, 0x06, 0x00, 
    0x00, 0x60, 0xE1, 0xC1, 0x83, 0x07, 0x06, 0x00, 0x00, 0x60, 0xE0, 0xC1, 0x83, 0x07, 0x06, 0x00, 
    0x00, 0x60, 0xE1, 0xC3, 0x83, 0x87, 0x06, 0x00, 0x00, 0x60, 0xFF, 0xFF, 0xFF, 0xFF, 0x06, 0x00, 
    0x00, 0x60, 0xFF, 0xFF, 0xFF, 0xFF, 0x06, 0x00, 0x00, 0x60, 0xE3, 0xC1, 0x83, 0x07, 0x06, 0x00, 
    0x00, 0x60, 0xEF, 0xC1, 0x83, 0x07, 0x06, 0x00, 0x00, 0x60, 0xEF, 0xC1, 0x83, 0x07, 0x06, 0x00, 
    0x00, 0x60, 0xFD, 0xFF, 0xFF, 0xFF, 0x06, 0x00, 0x00, 0x60, 0xFF, 0xFF, 0xFF, 0xFF, 0x06, 0x00, 
    0x00, 0x60, 0xFF, 0xFF, 0xFF, 0xFF, 0x06, 0x00, 0x00, 0x60, 0xE0, 0xC1, 0x83, 0x07, 0x06, 0x00, 
    0x00, 0x60, 0xE1, 0xC1, 0x83, 0x07, 0x06, 0x00, 0x00, 0x60, 0xE0, 0xC1, 0x83, 0x07, 0x06, 0x00, 
    0x00, 0x60, 0xFF, 0xFF, 0xFF, 0xFF, 0x06, 0x00, 0x00, 0x60, 0xFF, 0xFF, 0xFF, 0xFF, 0x06, 0x00, 
    0x00, 0x60, 0x7F, 0xFF, 0xFF, 0xFE, 0x06, 0x00, 0x00, 0x60, 0x00, 0x00, 0x00, 0x00, 0x06, 0x00, 
    0x00, 0x60, 0x00, 0x00, 0x00, 0x00, 0x06, 0x00, 0x00, 0x60, 0x00, 0x00, 0x00, 0x00, 0x06, 0x00, 
    0x00, 0x60, 0x00, 0x00, 0x00, 0x00, 0x06, 0x00, 0x00, 0x70, 0x00, 0x00, 0x00, 0x00, 0x0E, 0x00, 
    0x00, 0x7F, 0xFF, 0xFF, 0xFF, 0xFF, 0xFE, 0x00, 0x00, 0x7F, 0xFF, 0xFF, 0xFF, 0xFF, 0xFE, 0x00, 
    0x00, 0x00, 0x00, 0x00, 0x00, 0x00, 0x00, 0x00, 0x00, 0x00, 0x00, 0x00, 0x00, 0x00, 0x00, 0x00, 
    0x00, 0x00, 0x00, 0x00, 0x00, 0x00, 0x00, 0x00, 0x00, 0x00, 0x00, 0x00, 0x00, 0x00, 0x00, 0x00, 
    0x00, 0x00, 0x00, 0x00, 0x00, 0x00, 0x00, 0x00, 0x00, 0x00, 0x00, 0x00, 0x00, 0x00, 0x00, 0x00, 
    0x00, 0x00, 0x00, 0x00, 0x00, 0x00, 0x00, 0x00, 0x00, 0x00, 0x00, 0x00, 0x00, 0x00, 0x00, 0x00, 
      },
  {
    0x00, 0x00, 0x00, 0x00, 0x00, 0x00, 0x00, 0x00, 0x00, 0x00, 0x00, 0x00, 0x00, 0x00, 0x00, 0x00, 
    0x00, 0x00, 0x00, 0x00, 0x00, 0x00, 0x00, 0x00, 0x00, 0x00, 0x00, 0x00, 0x00, 0x00, 0x00, 0x00, 
    0x00, 0x00, 0x00, 0x00, 0x00, 0x00, 0x00, 0x00, 0x00, 0x00, 0x00, 0x00, 0x00, 0x00, 0x00, 0x00, 
    0x00, 0x00, 0x00, 0x00, 0x00, 0x00, 0x00, 0x00, 0x00, 0x00, 0x00, 0x00, 0x00, 0x00, 0x00, 0x00, 
    0x00, 0x00, 0x00, 0x00, 0x00, 0x00, 0x00, 0x00, 0x00, 0x00, 0x00, 0x00, 0x00, 0x00, 0x00, 0x00, 
    0x00, 0x01, 0x00, 0x01, 0x80, 0x01, 0x80, 0x00, 0x00, 0x01, 0x80, 0x01, 0x80, 0x01, 0x80, 0x00, 
    0x00, 0x01, 0x80, 0x01, 0x80, 0x01, 0x80, 0x00, 0x00, 0x03, 0x80, 0x01, 0x80, 0x01, 0x80, 0x00, 
    0x00, 0x7F, 0xFF, 0xFF, 0xFF, 0xFF, 0xFE, 0x00, 0x00, 0x7F, 0xFF, 0xFF, 0xFF, 0xFF, 0xFE, 0x00, 
    0x00, 0x61, 0x80, 0x01, 0x80, 0x01, 0x86, 0x00, 0x00, 0x61, 0x80, 0x01, 0x80, 0x01, 0x86, 0x00, 
    0x00, 0x61, 0x80, 0x01, 0x80, 0x01, 0x86, 0x00, 0x00, 0x60, 0x00, 0x00, 0x00, 0x00, 0x06, 0x00, 
    0x00, 0x60, 0x00, 0x00, 0x00, 0x00, 0x06, 0x00, 0x00, 0x70, 0x00, 0x00, 0x00, 0x00, 0x0E, 0x00, 
    0x00, 0x7F, 0xFF, 0xFF, 0xFF, 0xFF, 0xFE, 0x00, 0x00, 0x7F, 0xFF, 0xFF, 0xFF, 0xFF, 0xFE, 0x00, 
    0x00, 0x70, 0x00, 0x00, 0x00, 0x00, 0x0E, 0x00, 0x00, 0x60, 0x00, 0x00, 0x00, 0x00, 0x06, 0x00, 
    0x00, 0x60, 0x00, 0x00, 0x00, 0x00, 0x06, 0x00, 0x00, 0x60, 0x00, 0x00, 0x00, 0x00, 0x06, 0x00, 
    0x00, 0x60, 0x00, 0x00, 0x00, 0x00, 0x06, 0x00, 0x00, 0x60, 0xFF, 0xFF, 0xFF, 0xFE, 0x06, 0x00, 
    0x00, 0x60, 0xFF, 0xFF, 0xFF, 0xFF, 0x06, 0x00, 0x00, 0x60, 0xE1, 0xC1, 0x83, 0x07, 0x06, 0x00, 
    0x00, 0x60, 0xE1, 0xC1, 0x83, 0x07, 0x06, 0x00, 0x00, 0x60, 0xE0, 0xC1, 0x83, 0x07, 0x06, 0x00, 
    0x00, 0x60, 0xE1, 0xC3, 0x83, 0x87, 0x06, 0x00, 0x00, 0x60, 0xFF, 0xFF, 0xFF, 0xFF, 0x06, 0x00, 
    0x00, 0x60, 0xFF, 0xFF, 0xFF, 0xFF, 0x06, 0x00, 0x00, 0x60, 0xE0, 0xC1, 0x83, 0x07, 0x06, 0x00, 
    0x00, 0x60, 0xEF, 0xC1, 0x83, 0x07, 0x06, 0x00, 0x00, 0x60, 0xEF, 0xC1, 0x83, 0x07, 0x06, 0x00, 
    0x00, 0x60, 0xED, 0xFF, 0xFF, 0xFF, 0x06, 0x00, 0x00, 0x60, 0xFF, 0xFF, 0xFF, 0xFF, 0x06, 0x00, 
    0x00, 0x60, 0xFF, 0xFF, 0xFF, 0xFF, 0x06, 0x00, 0x00, 0x60, 0xE0, 0xC1, 0x83, 0x07, 0x06, 0x00, 
    0x00, 0x60, 0xE1, 0xC1, 0x83, 0x07, 0x06, 0x00, 0x00, 0x60, 0xE0, 0xC1, 0x83, 0x07, 0x06, 0x00, 
    0x00, 0x60, 0xFF, 0xFF, 0xFF, 0xFF, 0x06, 0x00, 0x00, 0x60, 0xFF, 0xFF, 0xFF, 0xFF, 0x06, 0x00, 
    0x00, 0x60, 0x7F, 0xFF, 0xFF, 0xFE, 0x06, 0x00, 0x00, 0x60, 0x00, 0x00, 0x00, 0x00, 0x06, 0x00, 
    0x00, 0x60, 0x00, 0x00, 0x00, 0x00, 0x06, 0x00, 0x00, 0x60, 0x00, 0x00, 0x00, 0x00, 0x06, 0x00, 
    0x00, 0x60, 0x00, 0x00, 0x00, 0x00, 0x06, 0x00, 0x00, 0x70, 0x00, 0x00, 0x00, 0x00, 0x0E, 0x00, 
    0x00, 0x7F, 0xFF, 0xFF, 0xFF, 0xFF, 0xFE, 0x00, 0x00, 0x7F, 0xFF, 0xFF, 0xFF, 0xFF, 0xFE, 0x00, 
    0x00, 0x00, 0x00, 0x00, 0x00, 0x00, 0x00, 0x00, 0x00, 0x00, 0x00, 0x00, 0x00, 0x00, 0x00, 0x00, 
    0x00, 0x00, 0x00, 0x00, 0x00, 0x00, 0x00, 0x00, 0x00, 0x00, 0x00, 0x00, 0x00, 0x00, 0x00, 0x00, 
    0x00, 0x00, 0x00, 0x00, 0x00, 0x00, 0x00, 0x00, 0x00, 0x00, 0x00, 0x00, 0x00, 0x00, 0x00, 0x00, 
    0x00, 0x00, 0x00, 0x00, 0x00, 0x00, 0x00, 0x00, 0x00, 0x00, 0x00, 0x00, 0x00, 0x00, 0x00, 0x00, 
      },
  {
    0x00, 0x00, 0x00, 0x00, 0x00, 0x00, 0x00, 0x00, 0x00, 0x00, 0x00, 0x00, 0x00, 0x00, 0x00, 0x00, 
    0x00, 0x00, 0x00, 0x00, 0x00, 0x00, 0x00, 0x00, 0x00, 0x00, 0x00, 0x00, 0x00, 0x00, 0x00, 0x00, 
    0x00, 0x00, 0x00, 0x00, 0x00, 0x00, 0x00, 0x00, 0x00, 0x00, 0x00, 0x00, 0x00, 0x00, 0x00, 0x00, 
    0x00, 0x00, 0x00, 0x00, 0x00, 0x00, 0x00, 0x00, 0x00, 0x00, 0x00, 0x00, 0x00, 0x00, 0x00, 0x00, 
    0x00, 0x00, 0x00, 0x00, 0x00, 0x00, 0x00, 0x00, 0x00, 0x00, 0x00, 0x00, 0x00, 0x00, 0x00, 0x00, 
    0x00, 0x01, 0x00, 0x01, 0x80, 0x01, 0x80, 0x00, 0x00, 0x01, 0x80, 0x01, 0x80, 0x01, 0x80, 0x00, 
    0x00, 0x01, 0x80, 0x01, 0x80, 0x01, 0x80, 0x00, 0x00, 0x03, 0x80, 0x01, 0x80, 0x01, 0x80, 0x00, 
    0x00, 0x7F, 0xFF, 0xFF, 0xFF, 0xFF, 0xFE, 0x00, 0x00, 0x7F, 0xFF, 0xFF, 0xFF, 0xFF, 0xFE, 0x00, 
    0x00, 0x61, 0x80, 0x01, 0x80, 0x01, 0x86, 0x00, 0x00, 0x61, 0x80, 0x01, 0x80, 0x01, 0x86, 0x00, 
    0x00, 0x61, 0x80, 0x01, 0x80, 0x01, 0x86, 0x00, 0x00, 0x60, 0x00, 0x00, 0x00, 0x00, 0x06, 0x00, 
    0x00, 0x60, 0x00, 0x00, 0x00, 0x00, 0x06, 0x00, 0x00, 0x70, 0x00, 0x00, 0x00, 0x00, 0x0E, 0x00, 
    0x00, 0x7F, 0xFF, 0xFF, 0xFF, 0xFF, 0xFE, 0x00, 0x00, 0x7F, 0xFF, 0xFF, 0xFF, 0xFF, 0xFE, 0x00, 
    0x00, 0x70, 0x00, 0x00, 0x00, 0x00, 0x0E, 0x00, 0x00, 0x60, 0x00, 0x00, 0x00, 0x00, 0x06, 0x00, 
    0x00, 0x60, 0x00, 0x00, 0x00, 0x00, 0x06, 0x00, 0x00, 0x60, 0x00, 0x00, 0x00, 0x00, 0x06, 0x00, 
    0x00, 0x60, 0x00, 0x00, 0x00, 0x00, 0x06, 0x00, 0x00, 0x60, 0xFF, 0xFF, 0xFF, 0xFE, 0x06, 0x00, 
    0x00, 0x60, 0xFF, 0xFF, 0xFF, 0xFF, 0x06, 0x00, 0x00, 0x60, 0xE1, 0xC1, 0x83, 0x07, 0x06, 0x00, 
    0x00, 0x60, 0xE1, 0xC1, 0x83, 0x07, 0x06, 0x00, 0x00, 0x60, 0xE0, 0xC1, 0x83, 0x07, 0x06, 0x00, 
    0x00, 0x60, 0xE1, 0xC3, 0x83, 0x87, 0x06, 0x00, 0x00, 0x60, 0xFF, 0xFF, 0xFF, 0xFF, 0x06, 0x00, 
    0x00, 0x60, 0xFF, 0xFF, 0xFF, 0xFF, 0x06, 0x00, 0x00, 0x60, 0xE1, 0xC1, 0x83, 0x07, 0x06, 0x00, 
    0x00, 0x60, 0xED, 0xC1, 0x83, 0x07, 0x06, 0x00, 0x00, 0x60, 0xEC, 0xC1, 0x83, 0x07, 0x06, 0x00, 
    0x00, 0x60, 0xEF, 0xFF, 0xFF, 0xFF, 0x06, 0x00, 0x00, 0x60, 0xFF, 0xFF, 0xFF, 0xFF, 0x06, 0x00, 
    0x00, 0x60, 0xFF, 0xFF, 0xFF, 0xFF, 0x06, 0x00, 0x00, 0x60, 0xE0, 0xC1, 0x83, 0x07, 0x06, 0x00, 
    0x00, 0x60, 0xE1, 0xC1, 0x83, 0x07, 0x06, 0x00, 0x00, 0x60, 0xE0, 0xC1, 0x83, 0x07, 0x06, 0x00, 
    0x00, 0x60, 0xFF, 0xFF, 0xFF, 0xFF, 0x06, 0x00, 0x00, 0x60, 0xFF, 0xFF, 0xFF, 0xFF, 0x06, 0x00, 
    0x00, 0x60, 0x7F, 0xFF, 0xFF, 0xFE, 0x06, 0x00, 0x00, 0x60, 0x00, 0x00, 0x00, 0x00, 0x06, 0x00, 
    0x00, 0x60, 0x00, 0x00, 0x00, 0x00, 0x06, 0x00, 0x00, 0x60, 0x00, 0x00, 0x00, 0x00, 0x06, 0x00, 
    0x00, 0x60, 0x00, 0x00, 0x00, 0x00, 0x06, 0x00, 0x00, 0x70, 0x00, 0x00, 0x00, 0x00, 0x0E, 0x00, 
    0x00, 0x7F, 0xFF, 0xFF, 0xFF, 0xFF, 0xFE, 0x00, 0x00, 0x7F, 0xFF, 0xFF, 0xFF, 0xFF, 0xFE, 0x00, 
    0x00, 0x00, 0x00, 0x00, 0x00, 0x00, 0x00, 0x00, 0x00, 0x00, 0x00, 0x00, 0x00, 0x00, 0x00, 0x00, 
    0x00, 0x00, 0x00, 0x00, 0x00, 0x00, 0x00, 0x00, 0x00, 0x00, 0x00, 0x00, 0x00, 0x00, 0x00, 0x00, 
    0x00, 0x00, 0x00, 0x00, 0x00, 0x00, 0x00, 0x00, 0x00, 0x00, 0x00, 0x00, 0x00, 0x00, 0x00, 0x00, 
    0x00, 0x00, 0x00, 0x00, 0x00, 0x00, 0x00, 0x00, 0x00, 0x00, 0x00, 0x00, 0x00, 0x00, 0x00, 0x00, 
      },
  {
    0x00, 0x00, 0x00, 0x00, 0x00, 0x00, 0x00, 0x00, 0x00, 0x00, 0x00, 0x00, 0x00, 0x00, 0x00, 0x00, 
    0x00, 0x00, 0x00, 0x00, 0x00, 0x00, 0x00, 0x00, 0x00, 0x00, 0x00, 0x00, 0x00, 0x00, 0x00, 0x00, 
    0x00, 0x00, 0x00, 0x00, 0x00, 0x00, 0x00, 0x00, 0x00, 0x00, 0x00, 0x00, 0x00, 0x00, 0x00, 0x00, 
    0x00, 0x00, 0x00, 0x00, 0x00, 0x00, 0x00, 0x00, 0x00, 0x00, 0x00, 0x00, 0x00, 0x00, 0x00, 0x00, 
    0x00, 0x00, 0x00, 0x00, 0x00, 0x00, 0x00, 0x00, 0x00, 0x00, 0x00, 0x00, 0x00, 0x00, 0x00, 0x00, 
    0x00, 0x01, 0x00, 0x01, 0x80, 0x01, 0x80, 0x00, 0x00, 0x01, 0x80, 0x01, 0x80, 0x01, 0x80, 0x00, 
    0x00, 0x01, 0x80, 0x01, 0x80, 0x01, 0x80, 0x00, 0x00, 0x03, 0x80, 0x01, 0x80, 0x01, 0x80, 0x00, 
    0x00, 0x7F, 0xFF, 0xFF, 0xFF, 0xFF, 0xFE, 0x00, 0x00, 0x7F, 0xFF, 0xFF, 0xFF, 0xFF, 0xFE, 0x00, 
    0x00, 0x61, 0x80, 0x01, 0x80, 0x01, 0x86, 0x00, 0x00, 0x61, 0x80, 0x01, 0x80, 0x01, 0x86, 0x00, 
    0x00, 0x61, 0x80, 0x01, 0x80, 0x01, 0x86, 0x00, 0x00, 0x60, 0x00, 0x00, 0x00, 0x00, 0x06, 0x00, 
    0x00, 0x60, 0x00, 0x00, 0x00, 0x00, 0x06, 0x00, 0x00, 0x70, 0x00, 0x00, 0x00, 0x00, 0x0E, 0x00, 
    0x00, 0x7F, 0xFF, 0xFF, 0xFF, 0xFF, 0xFE, 0x00, 0x00, 0x7F, 0xFF, 0xFF, 0xFF, 0xFF, 0xFE, 0x00, 
    0x00, 0x70, 0x00, 0x00, 0x00, 0x00, 0x0E, 0x00, 0x00, 0x60, 0x00, 0x00, 0x00, 0x00, 0x06, 0x00, 
    0x00, 0x60, 0x00, 0x00, 0x00, 0x00, 0x06, 0x00, 0x00, 0x60, 0x00, 0x00, 0x00, 0x00, 0x06, 0x00, 
    0x00, 0x60, 0x00, 0x00, 0x00, 0x00, 0x06, 0x00, 0x00, 0x60, 0xFF, 0xFF, 0xFF, 0xFE, 0x06, 0x00, 
    0x00, 0x60, 0xFF, 0xFF, 0xFF, 0xFF, 0x06, 0x00, 0x00, 0x60, 0xE1, 0xC1, 0x83, 0x07, 0x06, 0x00, 
    0x00, 0x60, 0xE1, 0xC1, 0x83, 0x07, 0x06, 0x00, 0x00, 0x60, 0xE0, 0xC1, 0x83, 0x07, 0x06, 0x00, 
    0x00, 0x60, 0xE1, 0xC3, 0x83, 0x87, 0x06, 0x00, 0x00, 0x60, 0xFF, 0xFF, 0xFF, 0xFF, 0x06, 0x00, 
    0x00, 0x60, 0xFF, 0xFF, 0xFF, 0xFF, 0x06, 0x00, 0x00, 0x60, 0xE0, 0xC1, 0x83, 0x07, 0x06, 0x00, 
    0x00, 0x60, 0xE1, 0xC1, 0x83, 0x07, 0x06, 0x00, 0x00, 0x60, 0xE0, 0xC1, 0x83, 0x07, 0x06, 0x00, 
    0x00, 0x60, 0xFF, 0xFF, 0xFF, 0xFF, 0x06, 0x00, 0x00, 0x60, 0xFF, 0xFF, 0xFF, 0xFF, 0x06, 0x00, 
    0x00, 0x60, 0xFF, 0xFF, 0xFF, 0xFF, 0x06, 0x00, 0x00, 0x60, 0xE0, 0xC1, 0x83, 0x07, 0x06, 0x00, 
    0x00, 0x60, 0xE1, 0xC1, 0x83, 0x07, 0x06, 0x00, 0x00, 0x60, 0xE0, 0xC1, 0x83, 0x07, 0x06, 0x00, 
    0x00, 0x60, 0xFF, 0xFF, 0xFF, 0xFF, 0x06, 0x00, 0x00, 0x60, 0xFF, 0xFF, 0xFF, 0xFF, 0x06, 0x00, 
    0x00, 0x60, 0x7F, 0xFF, 0xFF, 0xFE, 0x06, 0x00, 0x00, 0x60, 0x00, 0x00, 0x00, 0x00, 0x06, 0x00, 
    0x00, 0x60, 0x00, 0x00, 0x00, 0x00, 0x06, 0x00, 0x00, 0x60, 0x00, 0x00, 0x00, 0x00, 0x06, 0x00, 
    0x00, 0x60, 0x00, 0x00, 0x00, 0x00, 0x06, 0x00, 0x00, 0x70, 0x00, 0x00, 0x00, 0x00, 0x0E, 0x00, 
    0x00, 0x7F, 0xFF, 0xFF, 0xFF, 0xFF, 0xFE, 0x00, 0x00, 0x7F, 0xFF, 0xFF, 0xFF, 0xFF, 0xFE, 0x00, 
    0x00, 0x00, 0x00, 0x00, 0x00, 0x00, 0x00, 0x00, 0x00, 0x00, 0x00, 0x00, 0x00, 0x00, 0x00, 0x00, 
    0x00, 0x00, 0x00, 0x00, 0x00, 0x00, 0x00, 0x00, 0x00, 0x00, 0x00, 0x00, 0x00, 0x00, 0x00, 0x00, 
    0x00, 0x00, 0x00, 0x00, 0x00, 0x00, 0x00, 0x00, 0x00, 0x00, 0x00, 0x00, 0x00, 0x00, 0x00, 0x00, 
    0x00, 0x00, 0x00, 0x00, 0x00, 0x00, 0x00, 0x00, 0x00, 0x00, 0x00, 0x00, 0x00, 0x00, 0x00, 0x00, 
      },
};

#endif
