#ifndef ANIMATION_SOCIAL_MEDIA_H
#define ANIMATION_SOCIAL_MEDIA_H

#include <pgmspace.h>

#define SOCIAL_MEDIA_FRAMES 60
#define SOCIAL_MEDIA_WIDTH  64
#define SOCIAL_MEDIA_HEIGHT 64

const uint8_t social_media_frames[][512] PROGMEM = {
  {
    0x00, 0x00, 0x00, 0x00, 0x00, 0x00, 0x00, 0x00, 0x00, 0x00, 0x00, 0x00, 0x00, 0x00, 0x00, 0x00, 
    0x00, 0x00, 0x00, 0x00, 0x00, 0x00, 0x00, 0x00, 0x00, 0x00, 0x00, 0x00, 0x00, 0x00, 0x00, 0x00, 
    0x00, 0x00, 0x00, 0x00, 0x00, 0x00, 0x00, 0x00, 0x00, 0x00, 0x00, 0x00, 0x00, 0x00, 0x00, 0x00, 
    0x00, 0x38, 0x00, 0x00, 0x00, 0x00, 0x1C, 0x00, 0x00, 0xFE, 0x00, 0x00, 0x00, 0x00, 0x7F, 0x00, 
    0x01, 0xE7, 0x00, 0x00, 0x00, 0x00, 0xE7, 0x80, 0x01, 0x81, 0x80, 0x00, 0x00, 0x01, 0x81, 0x80, 
    0x03, 0x81, 0x80, 0x00, 0x00, 0x01, 0x81, 0xC0, 0x03, 0x01, 0xC0, 0x00, 0x00, 0x03, 0x80, 0xC0, 
    0x03, 0x01, 0xC0, 0x00, 0x00, 0x03, 0x80, 0xC0, 0x01, 0x81, 0x80, 0x00, 0x00, 0x01, 0x81, 0x80, 
    0x01, 0x83, 0x80, 0x00, 0x00, 0x01, 0xC1, 0x80, 0x00, 0xFF, 0x80, 0x00, 0x00, 0x01, 0xFF, 0x00, 
    0x00, 0x7F, 0xC0, 0x1F, 0xF8, 0x03, 0xFE, 0x00, 0x00, 0x18, 0xE0, 0xFF, 0xFF, 0x07, 0x18, 0x00, 
    0x00, 0x00, 0x71, 0xE0, 0x07, 0x8E, 0x00, 0x00, 0x00, 0x00, 0x3F, 0x80, 0x01, 0xFC, 0x00, 0x00, 
    0x00, 0x00, 0x1E, 0x00, 0x00, 0x78, 0x00, 0x00, 0x00, 0x00, 0x1C, 0x00, 0x00, 0x38, 0x00, 0x00, 
    0x00, 0x00, 0x18, 0x00, 0x00, 0x18, 0x00, 0x00, 0x00, 0x00, 0x30, 0x03, 0xC0, 0x0C, 0x00, 0x00, 
    0x00, 0x00, 0x70, 0x0F, 0xF0, 0x0E, 0x00, 0x00, 0x00, 0x00, 0x60, 0x1C, 0x38, 0x06, 0x00, 0x00, 
    0x00, 0x00, 0x60, 0x18, 0x18, 0x06, 0x00, 0x00, 0x00, 0x00, 0xC0, 0x38, 0x1C, 0x03, 0x00, 0x00, 
    0x00, 0x00, 0xC0, 0x30, 0x0C, 0x03, 0x00, 0x00, 0x00, 0x00, 0xC0, 0x38, 0x1C, 0x03, 0x00, 0x00, 
    0x00, 0x00, 0xC0, 0x18, 0x18, 0x03, 0x00, 0x00, 0x00, 0x00, 0xC0, 0x1C, 0x38, 0x03, 0x00, 0x00, 
    0x00, 0x00, 0xC0, 0x0F, 0xF0, 0x03, 0x00, 0x00, 0x00, 0x00, 0xC0, 0x07, 0xE0, 0x03, 0x00, 0x00, 
    0x00, 0x00, 0xC0, 0x07, 0xE0, 0x03, 0x00, 0x00, 0x00, 0x00, 0xC0, 0x1F, 0xF8, 0x03, 0x00, 0x00, 
    0x00, 0x00, 0xC0, 0x3C, 0x3C, 0x03, 0x00, 0x00, 0x00, 0x00, 0x60, 0x70, 0x0E, 0x06, 0x00, 0x00, 
    0x00, 0x00, 0x60, 0xE0, 0x07, 0x06, 0x00, 0x00, 0x00, 0x00, 0x70, 0xC0, 0x03, 0x0E, 0x00, 0x00, 
    0x00, 0x00, 0x30, 0xC0, 0x03, 0x0C, 0x00, 0x00, 0x00, 0x00, 0x19, 0x80, 0x01, 0x98, 0x00, 0x00, 
    0x00, 0x00, 0x1D, 0x80, 0x01, 0xB8, 0x00, 0x00, 0x00, 0x00, 0x1F, 0x80, 0x01, 0xF8, 0x00, 0x00, 
    0x00, 0x00, 0x3F, 0x80, 0x01, 0xFC, 0x00, 0x00, 0x00, 0x00, 0x71, 0xE0, 0x07, 0x8E, 0x00, 0x00, 
    0x00, 0x18, 0xE0, 0xFF, 0xFF, 0x07, 0x18, 0x00, 0x00, 0x7F, 0xC0, 0x1F, 0xF8, 0x03, 0xFE, 0x00, 
    0x00, 0xFF, 0x80, 0x00, 0x00, 0x01, 0xFF, 0x00, 0x01, 0x83, 0x80, 0x00, 0x00, 0x01, 0xC1, 0x80, 
    0x01, 0x81, 0x80, 0x00, 0x00, 0x01, 0x81, 0x80, 0x03, 0x01, 0xC0, 0x00, 0x00, 0x03, 0x80, 0xC0, 
    0x03, 0x01, 0xC0, 0x00, 0x00, 0x03, 0x80, 0xC0, 0x03, 0x81, 0x80, 0x00, 0x00, 0x01, 0x81, 0xC0, 
    0x01, 0x81, 0x80, 0x00, 0x00, 0x01, 0x81, 0x80, 0x01, 0xE7, 0x00, 0x00, 0x00, 0x00, 0xE7, 0x80, 
    0x00, 0xFE, 0x00, 0x00, 0x00, 0x00, 0x7F, 0x00, 0x00, 0x38, 0x00, 0x00, 0x00, 0x00, 0x1C, 0x00, 
    0x00, 0x00, 0x00, 0x00, 0x00, 0x00, 0x00, 0x00, 0x00, 0x00, 0x00, 0x00, 0x00, 0x00, 0x00, 0x00, 
    0x00, 0x00, 0x00, 0x00, 0x00, 0x00, 0x00, 0x00, 0x00, 0x00, 0x00, 0x00, 0x00, 0x00, 0x00, 0x00, 
    0x00, 0x00, 0x00, 0x00, 0x00, 0x00, 0x00, 0x00, 0x00, 0x00, 0x00, 0x00, 0x00, 0x00, 0x00, 0x00, 
      },
  {
    0x00, 0x00, 0x00, 0x00, 0x00, 0x00, 0x00, 0x00, 0x00, 0x00, 0x00, 0x00, 0x00, 0x00, 0x00, 0x00, 
    0x00, 0x00, 0x00, 0x00, 0x00, 0x00, 0x00, 0x00, 0x00, 0x00, 0x00, 0x00, 0x00, 0x00, 0x00, 0x00, 
    0x00, 0x00, 0x00, 0x00, 0x00, 0x00, 0x00, 0x00, 0x00, 0x00, 0x00, 0x00, 0x00, 0x00, 0x00, 0x00, 
    0x00, 0x3C, 0x00, 0x00, 0x00, 0x00, 0x18, 0x00, 0x00, 0xFE, 0x00, 0x00, 0x00, 0x00, 0x7F, 0x00, 
    0x00, 0xE7, 0x00, 0x00, 0x00, 0x00, 0xE7, 0x80, 0x01, 0x81, 0x80, 0x00, 0x00, 0x01, 0xC1, 0x80, 
    0x01, 0x81, 0x80, 0x00, 0x00, 0x01, 0x81, 0xC0, 0x03, 0x01, 0xC0, 0x00, 0x00, 0x03, 0x80, 0xC0, 
    0x03, 0x01, 0xC0, 0x00, 0x00, 0x03, 0x80, 0xC0, 0x01, 0x81, 0x80, 0x00, 0x00, 0x01, 0x81, 0x80, 
    0x01, 0xC3, 0x80, 0x00, 0x00, 0x01, 0xC1, 0x80, 0x00, 0xFF, 0x80, 0x00, 0x00, 0x01, 0xFF, 0x00, 
    0x00, 0x7F, 0xC0, 0x1F, 0xF8, 0x03, 0xFE, 0x00, 0x00, 0x18, 0xE0, 0xFF, 0xFF, 0x07, 0x18, 0x00, 
    0x00, 0x00, 0x71, 0xE0, 0x07, 0x8E, 0x00, 0x00, 0x00, 0x00, 0x3F, 0x80, 0x01, 0xFC, 0x00, 0x00, 
    0x00, 0x00, 0x1E, 0x00, 0x00, 0x78, 0x00, 0x00, 0x00, 0x00, 0x1C, 0x00, 0x00, 0x38, 0x00, 0x00, 
    0x00, 0x00, 0x18, 0x00, 0x00, 0x18, 0x00, 0x00, 0x00, 0x00, 0x30, 0x03, 0xC0, 0x0C, 0x00, 0x00, 
    0x00, 0x00, 0x70, 0x0F, 0xF0, 0x0E, 0x00, 0x00, 0x00, 0x00, 0x60, 0x1C, 0x38, 0x06, 0x00, 0x00, 
    0x00, 0x00, 0x60, 0x18, 0x18, 0x06, 0x00, 0x00, 0x00, 0x00, 0xC0, 0x38, 0x1C, 0x03, 0x00, 0x00, 
    0x00, 0x00, 0xC0, 0x30, 0x0C, 0x03, 0x00, 0x00, 0x00, 0x00, 0xC0, 0x38, 0x1C, 0x03, 0x00, 0x00, 
    0x00, 0x00, 0xC0, 0x18, 0x18, 0x03, 0x00, 0x00, 0x00, 0x00, 0xC0, 0x1C, 0x38, 0x03, 0x00, 0x00, 
    0x00, 0x00, 0xC0, 0x0F, 0xF0, 0x03, 0x00, 0x00, 0x00, 0x00, 0xC0, 0x07, 0xE0, 0x03, 0x00, 0x00, 
    0x00, 0x00, 0xC0, 0x07, 0xE0, 0x03, 0x00, 0x00, 0x00, 0x00, 0xC0, 0x1F, 0xF8, 0x03, 0x00, 0x00, 
    0x00, 0x00, 0xC0, 0x3C, 0x3C, 0x03, 0x00, 0x00, 0x00, 0x00, 0x60, 0x70, 0x0E, 0x06, 0x00, 0x00, 
    0x00, 0x00, 0x60, 0xE0, 0x07, 0x06, 0x00, 0x00, 0x00, 0x00, 0x70, 0xC0, 0x03, 0x0E, 0x00, 0x00, 
    0x00, 0x00, 0x30, 0xC0, 0x03, 0x0C, 0x00, 0x00, 0x00, 0x00, 0x19, 0x80, 0x01, 0x98, 0x00, 0x00, 
    0x00, 0x00, 0x1D, 0x80, 0x01, 0xB8, 0x00, 0x00, 0x00, 0x00, 0x1F, 0x80, 0x01, 0xF8, 0x00, 0x00, 
    0x00, 0x00, 0x3F, 0x80, 0x01, 0xFC, 0x00, 0x00, 0x00, 0x00, 0x71, 0xE0, 0x07, 0x8E, 0x00, 0x00, 
    0x00, 0x18, 0xE0, 0xFF, 0xFF, 0x07, 0x18, 0x00, 0x00, 0x7F, 0xC0, 0x1F, 0xF8, 0x03, 0xFE, 0x00, 
    0x00, 0xFF, 0x80, 0x00, 0x00, 0x01, 0xFF, 0x00, 0x01, 0x83, 0x80, 0x00, 0x00, 0x01, 0xC3, 0x80, 
    0x01, 0x81, 0x80, 0x00, 0x00, 0x01, 0x81, 0x80, 0x03, 0x01, 0xC0, 0x00, 0x00, 0x03, 0x80, 0xC0, 
    0x03, 0x01, 0xC0, 0x00, 0x00, 0x03, 0x80, 0xC0, 0x03, 0x81, 0x80, 0x00, 0x00, 0x01, 0x81, 0x80, 
    0x01, 0x83, 0x80, 0x00, 0x00, 0x01, 0x81, 0x80, 0x01, 0xE7, 0x00, 0x00, 0x00, 0x00, 0xE7, 0x80, 
    0x00, 0xFE, 0x00, 0x00, 0x00, 0x00, 0x7F, 0x00, 0x00, 0x18, 0x00, 0x00, 0x00, 0x00, 0x1C, 0x00, 
    0x00, 0x00, 0x00, 0x00, 0x00, 0x00, 0x00, 0x00, 0x00, 0x00, 0x00, 0x00, 0x00, 0x00, 0x00, 0x00, 
    0x00, 0x00, 0x00, 0x00, 0x00, 0x00, 0x00, 0x00, 0x00, 0x00, 0x00, 0x00, 0x00, 0x00, 0x00, 0x00, 
    0x00, 0x00, 0x00, 0x00, 0x00, 0x00, 0x00, 0x00, 0x00, 0x00, 0x00, 0x00, 0x00, 0x00, 0x00, 0x00, 
      },
  {
    0x00, 0x00, 0x00, 0x00, 0x00, 0x00, 0x00, 0x00, 0x00, 0x00, 0x00, 0x00, 0x00, 0x00, 0x00, 0x00, 
    0x00, 0x00, 0x00, 0x00, 0x00, 0x00, 0x00, 0x00, 0x00, 0x00, 0x00, 0x00, 0x00, 0x00, 0x00, 0x00, 
    0x00, 0x00, 0x00, 0x00, 0x00, 0x00, 0x00, 0x00, 0x00, 0x00, 0x00, 0x00, 0x00, 0x00, 0x00, 0x00, 
    0x00, 0x3C, 0x00, 0x00, 0x00, 0x00, 0x18, 0x00, 0x00, 0x7F, 0x00, 0x00, 0x00, 0x00, 0x7E, 0x00, 
    0x00, 0xE7, 0x80, 0x00, 0x00, 0x00, 0xFF, 0x00, 0x01, 0x81, 0x80, 0x00, 0x00, 0x01, 0xC1, 0x80, 
    0x01, 0x81, 0xC0, 0x00, 0x00, 0x01, 0x81, 0xC0, 0x03, 0x80, 0xC0, 0x00, 0x00, 0x01, 0x80, 0xC0, 
    0x03, 0x80, 0xC0, 0x00, 0x00, 0x01, 0x80, 0xC0, 0x01, 0x81, 0x80, 0x00, 0x00, 0x01, 0x81, 0xC0, 
    0x01, 0xC3, 0x80, 0x00, 0x00, 0x01, 0xC1, 0x80, 0x00, 0xFF, 0x80, 0x00, 0x00, 0x01, 0xE7, 0x80, 
    0x00, 0x7F, 0xC0, 0x1F, 0xF8, 0x03, 0xFF, 0x00, 0x00, 0x00, 0xE0, 0xFF, 0xFF, 0x07, 0x1C, 0x00, 
    0x00, 0x00, 0x71, 0xE0, 0x07, 0x8E, 0x00, 0x00, 0x00, 0x00, 0x3F, 0x80, 0x01, 0xFC, 0x00, 0x00, 
    0x00, 0x00, 0x1E, 0x00, 0x00, 0x78, 0x00, 0x00, 0x00, 0x00, 0x1C, 0x00, 0x00, 0x38, 0x00, 0x00, 
    0x00, 0x00, 0x18, 0x00, 0x00, 0x18, 0x00, 0x00, 0x00, 0x00, 0x30, 0x03, 0xC0, 0x0C, 0x00, 0x00, 
    0x00, 0x00, 0x70, 0x0F, 0xF0, 0x0E, 0x00, 0x00, 0x00, 0x00, 0x60, 0x1C, 0x38, 0x06, 0x00, 0x00, 
    0x00, 0x00, 0x60, 0x18, 0x18, 0x06, 0x00, 0x00, 0x00, 0x00, 0xC0, 0x38, 0x1C, 0x03, 0x00, 0x00, 
    0x00, 0x00, 0xC0, 0x30, 0x0C, 0x03, 0x00, 0x00, 0x00, 0x00, 0xC0, 0x38, 0x1C, 0x03, 0x00, 0x00, 
    0x00, 0x00, 0xC0, 0x18, 0x18, 0x03, 0x00, 0x00, 0x00, 0x00, 0xC0, 0x1C, 0x38, 0x03, 0x00, 0x00, 
    0x00, 0x00, 0xC0, 0x0F, 0xF0, 0x03, 0x00, 0x00, 0x00, 0x00, 0xC0, 0x07, 0xE0, 0x03, 0x00, 0x00, 
    0x00, 0x00, 0xC0, 0x07, 0xE0, 0x03, 0x00, 0x00, 0x00, 0x00, 0xC0, 0x1F, 0xF8, 0x03, 0x00, 0x00, 
    0x00, 0x00, 0xC0, 0x3C, 0x3C, 0x03, 0x00, 0x00, 0x00, 0x00, 0x60, 0x70, 0x0E, 0x06, 0x00, 0x00, 
    0x00, 0x00, 0x60, 0xE0, 0x07, 0x06, 0x00, 0x00, 0x00, 0x00, 0x70, 0xC0, 0x03, 0x0E, 0x00, 0x00, 
    0x00, 0x00, 0x30, 0xC0, 0x03, 0x0C, 0x00, 0x00, 0x00, 0x00, 0x19, 0x80, 0x01, 0x98, 0x00, 0x00, 
    0x00, 0x00, 0x1D, 0x80, 0x01, 0xB8, 0x00, 0x00, 0x00, 0x00, 0x1F, 0x80, 0x01, 0xF8, 0x00, 0x00, 
    0x00, 0x00, 0x3F, 0x80, 0x01, 0xFC, 0x00, 0x00, 0x00, 0x00, 0x71, 0xE0, 0x07, 0x8E, 0x00, 0x00, 
    0x00, 0x38, 0xE0, 0xFF, 0xFF, 0x07, 0x00, 0x00, 0x00, 0xFF, 0xC0, 0x1F, 0xF8, 0x03, 0xFE, 0x00, 
    0x01, 0xE7, 0x80, 0x00, 0x00, 0x01, 0xFF, 0x00, 0x01, 0x83, 0x80, 0x00, 0x00, 0x01, 0xC3, 0x80, 
    0x03, 0x81, 0x80, 0x00, 0x00, 0x01, 0x81, 0x80, 0x03, 0x01, 0x80, 0x00, 0x00, 0x03, 0x01, 0xC0, 
    0x03, 0x01, 0x80, 0x00, 0x00, 0x03, 0x01, 0xC0, 0x03, 0x81, 0x80, 0x00, 0x00, 0x01, 0x81, 0x80, 
    0x01, 0x83, 0x80, 0x00, 0x00, 0x01, 0x81, 0x80, 0x00, 0xFF, 0x00, 0x00, 0x00, 0x01, 0xE7, 0x00, 
    0x00, 0x7E, 0x00, 0x00, 0x00, 0x00, 0xFE, 0x00, 0x00, 0x18, 0x00, 0x00, 0x00, 0x00, 0x3C, 0x00, 
    0x00, 0x00, 0x00, 0x00, 0x00, 0x00, 0x00, 0x00, 0x00, 0x00, 0x00, 0x00, 0x00, 0x00, 0x00, 0x00, 
    0x00, 0x00, 0x00, 0x00, 0x00, 0x00, 0x00, 0x00, 0x00, 0x00, 0x00, 0x00, 0x00, 0x00, 0x00, 0x00, 
    0x00, 0x00, 0x00, 0x00, 0x00, 0x00, 0x00, 0x00, 0x00, 0x00, 0x00, 0x00, 0x00, 0x00, 0x00, 0x00, 
      },
  {
    0x00, 0x00, 0x00, 0x00, 0x00, 0x00, 0x00, 0x00, 0x00, 0x00, 0x00, 0x00, 0x00, 0x00, 0x00, 0x00, 
    0x00, 0x00, 0x00, 0x00, 0x00, 0x00, 0x00, 0x00, 0x00, 0x00, 0x00, 0x00, 0x00, 0x00, 0x00, 0x00, 
    0x00, 0x00, 0x00, 0x00, 0x00, 0x00, 0x00, 0x00, 0x00, 0x00, 0x00, 0x00, 0x00, 0x00, 0x00, 0x00, 
    0x00, 0x3C, 0x00, 0x00, 0x00, 0x00, 0x00, 0x00, 0x00, 0x7F, 0x00, 0x00, 0x00, 0x00, 0x7E, 0x00, 
    0x00, 0xE3, 0x80, 0x00, 0x00, 0x00, 0xFF, 0x00, 0x01, 0xC1, 0x80, 0x00, 0x00, 0x01, 0xC3, 0x80, 
    0x01, 0x80, 0xC0, 0x00, 0x00, 0x01, 0x81, 0xC0, 0x01, 0x80, 0xC0, 0x00, 0x00, 0x01, 0x80, 0xC0, 
    0x01, 0x80, 0xC0, 0x00, 0x00, 0x01, 0x80, 0xC0, 0x01, 0x81, 0xC0, 0x00, 0x00, 0x01, 0x80, 0xC0, 
    0x01, 0xC3, 0x80, 0x00, 0x00, 0x01, 0xC1, 0x80, 0x00, 0xFF, 0x80, 0x00, 0x00, 0x01, 0xE7, 0x80, 
    0x00, 0x7F, 0xC0, 0x1F, 0xF8, 0x03, 0xFF, 0x00, 0x00, 0x00, 0xE0, 0xFF, 0xFF, 0x07, 0x3C, 0x00, 
    0x00, 0x00, 0x71, 0xE0, 0x07, 0x8E, 0x00, 0x00, 0x00, 0x00, 0x3F, 0x80, 0x01, 0xFC, 0x00, 0x00, 
    0x00, 0x00, 0x1E, 0x00, 0x00, 0x78, 0x00, 0x00, 0x00, 0x00, 0x1C, 0x00, 0x00, 0x38, 0x00, 0x00, 
    0x00, 0x00, 0x18, 0x00, 0x00, 0x18, 0x00, 0x00, 0x00, 0x00, 0x30, 0x03, 0xC0, 0x0C, 0x00, 0x00, 
    0x00, 0x00, 0x70, 0x0F, 0xF0, 0x0E, 0x00, 0x00, 0x00, 0x00, 0x60, 0x1C, 0x38, 0x06, 0x00, 0x00, 
    0x00, 0x00, 0x60, 0x18, 0x18, 0x06, 0x00, 0x00, 0x00, 0x00, 0xC0, 0x38, 0x1C, 0x03, 0x00, 0x00, 
    0x00, 0x00, 0xC0, 0x30, 0x0C, 0x03, 0x00, 0x00, 0x00, 0x00, 0xC0, 0x38, 0x1C, 0x03, 0x00, 0x00, 
    0x00, 0x00, 0xC0, 0x18, 0x18, 0x03, 0x00, 0x00, 0x00, 0x00, 0xC0, 0x1C, 0x38, 0x03, 0x00, 0x00, 
    0x00, 0x00, 0xC0, 0x0F, 0xF0, 0x03, 0x00, 0x00, 0x00, 0x00, 0xC0, 0x07, 0xE0, 0x03, 0x00, 0x00, 
    0x00, 0x00, 0xC0, 0x07, 0xE0, 0x03, 0x00, 0x00, 0x00, 0x00, 0xC0, 0x1F, 0xF8, 0x03, 0x00, 0x00, 
    0x00, 0x00, 0xC0, 0x3C, 0x3C, 0x03, 0x00, 0x00, 0x00, 0x00, 0x60, 0x70, 0x0E, 0x06, 0x00, 0x00, 
    0x00, 0x00, 0x60, 0xE0, 0x07, 0x06, 0x00, 0x00, 0x00, 0x00, 0x70, 0xC0, 0x03, 0x0E, 0x00, 0x00, 
    0x00, 0x00, 0x30, 0xC0, 0x03, 0x0C, 0x00, 0x00, 0x00, 0x00, 0x19, 0x80, 0x01, 0x98, 0x00, 0x00, 
    0x00, 0x00, 0x1D, 0x80, 0x01, 0xB8, 0x00, 0x00, 0x00, 0x00, 0x1F, 0x80, 0x01, 0xF8, 0x00, 0x00, 
    0x00, 0x00, 0x3F, 0x80, 0x01, 0xFC, 0x00, 0x00, 0x00, 0x00, 0x71, 0xE0, 0x07, 0x8E, 0x00, 0x00, 
    0x00, 0x3C, 0xE0, 0xFF, 0xFF, 0x07, 0x00, 0x00, 0x00, 0xFF, 0xC0, 0x1F, 0xF8, 0x03, 0xFE, 0x00, 
    0x01, 0xC7, 0x80, 0x00, 0x00, 0x01, 0xFF, 0x00, 0x01, 0x83, 0x80, 0x00, 0x00, 0x01, 0xC3, 0x80, 
    0x03, 0x01, 0x80, 0x00, 0x00, 0x03, 0x81, 0x80, 0x03, 0x01, 0x80, 0x00, 0x00, 0x03, 0x01, 0x80, 
    0x03, 0x01, 0x80, 0x00, 0x00, 0x03, 0x01, 0x80, 0x03, 0x81, 0x80, 0x00, 0x00, 0x03, 0x81, 0x80, 
    0x01, 0xC3, 0x80, 0x00, 0x00, 0x01, 0x83, 0x80, 0x00, 0xFF, 0x00, 0x00, 0x00, 0x01, 0xC7, 0x00, 
    0x00, 0x7E, 0x00, 0x00, 0x00, 0x00, 0xFE, 0x00, 0x00, 0x00, 0x00, 0x00, 0x00, 0x00, 0x3C, 0x00, 
    0x00, 0x00, 0x00, 0x00, 0x00, 0x00, 0x00, 0x00, 0x00, 0x00, 0x00, 0x00, 0x00, 0x00, 0x00, 0x00, 
    0x00, 0x00, 0x00, 0x00, 0x00, 0x00, 0x00, 0x00, 0x00, 0x00, 0x00, 0x00, 0x00, 0x00, 0x00, 0x00, 
    0x00, 0x00, 0x00, 0x00, 0x00, 0x00, 0x00, 0x00, 0x00, 0x00, 0x00, 0x00, 0x00, 0x00, 0x00, 0x00, 
      },
  {
    0x00, 0x00, 0x00, 0x00, 0x00, 0x00, 0x00, 0x00, 0x00, 0x00, 0x00, 0x00, 0x00, 0x00, 0x00, 0x00, 
    0x00, 0x00, 0x00, 0x00, 0x00, 0x00, 0x00, 0x00, 0x00, 0x00, 0x00, 0x00, 0x00, 0x00, 0x00, 0x00, 
    0x00, 0x00, 0x00, 0x00, 0x00, 0x00, 0x00, 0x00, 0x00, 0x00, 0x00, 0x00, 0x00, 0x00, 0x00, 0x00, 
    0x00, 0x3E, 0x00, 0x00, 0x00, 0x00, 0x00, 0x00, 0x00, 0x7F, 0x00, 0x00, 0x00, 0x00, 0x3E, 0x00, 
    0x00, 0xE3, 0x80, 0x00, 0x00, 0x00, 0xFF, 0x00, 0x01, 0xC1, 0xC0, 0x00, 0x00, 0x00, 0xC3, 0x80, 
    0x01, 0x80, 0xC0, 0x00, 0x00, 0x01, 0x81, 0xC0, 0x01, 0x80, 0xC0, 0x00, 0x00, 0x01, 0x80, 0xC0, 
    0x01, 0x80, 0xC0, 0x00, 0x00, 0x01, 0x80, 0xC0, 0x01, 0x81, 0xC0, 0x00, 0x00, 0x01, 0x80, 0xC0, 
    0x00, 0xC1, 0x80, 0x00, 0x00, 0x01, 0x81, 0x80, 0x00, 0xFF, 0xC0, 0x00, 0x00, 0x01, 0xE3, 0x80, 
    0x00, 0x3F, 0xC0, 0x1F, 0xF8, 0x01, 0xFF, 0x00, 0x00, 0x00, 0x60, 0xFF, 0xFF, 0x03, 0xBE, 0x00, 
    0x00, 0x00, 0x31, 0xE0, 0x07, 0x86, 0x00, 0x00, 0x00, 0x00, 0x1F, 0x80, 0x01, 0xFC, 0x00, 0x00, 
    0x00, 0x00, 0x1E, 0x00, 0x00, 0x78, 0x00, 0x00, 0x00, 0x00, 0x1C, 0x00, 0x00, 0x38, 0x00, 0x00, 
    0x00, 0x00, 0x18, 0x00, 0x00, 0x18, 0x00, 0x00, 0x00, 0x00, 0x30, 0x03, 0xC0, 0x0C, 0x00, 0x00, 
    0x00, 0x00, 0x70, 0x0F, 0xF0, 0x0E, 0x00, 0x00, 0x00, 0x00, 0x60, 0x1C, 0x38, 0x06, 0x00, 0x00, 
    0x00, 0x00, 0x60, 0x18, 0x18, 0x06, 0x00, 0x00, 0x00, 0x00, 0xC0, 0x38, 0x1C, 0x03, 0x00, 0x00, 
    0x00, 0x00, 0xC0, 0x30, 0x0C, 0x03, 0x00, 0x00, 0x00, 0x00, 0xC0, 0x38, 0x1C, 0x03, 0x00, 0x00, 
    0x00, 0x00, 0xC0, 0x18, 0x18, 0x03, 0x00, 0x00, 0x00, 0x00, 0xC0, 0x1C, 0x38, 0x03, 0x00, 0x00, 
    0x00, 0x00, 0xC0, 0x0F, 0xF0, 0x03, 0x00, 0x00, 0x00, 0x00, 0xC0, 0x07, 0xE0, 0x03, 0x00, 0x00, 
    0x00, 0x00, 0xC0, 0x07, 0xE0, 0x03, 0x00, 0x00, 0x00, 0x00, 0xC0, 0x1F, 0xF8, 0x03, 0x00, 0x00, 
    0x00, 0x00, 0xC0, 0x3C, 0x3C, 0x03, 0x00, 0x00, 0x00, 0x00, 0x60, 0x70, 0x0E, 0x06, 0x00, 0x00, 
    0x00, 0x00, 0x60, 0xE0, 0x07, 0x06, 0x00, 0x00, 0x00, 0x00, 0x70, 0xC0, 0x03, 0x0E, 0x00, 0x00, 
    0x00, 0x00, 0x30, 0xC0, 0x03, 0x0C, 0x00, 0x00, 0x00, 0x00, 0x19, 0x80, 0x01, 0x98, 0x00, 0x00, 
    0x00, 0x00, 0x1D, 0x80, 0x01, 0xB8, 0x00, 0x00, 0x00, 0x00, 0x1F, 0x80, 0x01, 0xF8, 0x00, 0x00, 
    0x00, 0x00, 0x3F, 0x80, 0x01, 0xF8, 0x00, 0x00, 0x00, 0x00, 0x61, 0xE0, 0x07, 0x8C, 0x00, 0x00, 
    0x00, 0x7D, 0xC0, 0xFF, 0xFF, 0x06, 0x00, 0x00, 0x00, 0xFF, 0x80, 0x1F, 0xF8, 0x03, 0xFC, 0x00, 
    0x01, 0xC7, 0x80, 0x00, 0x00, 0x03, 0xFF, 0x00, 0x01, 0x81, 0x80, 0x00, 0x00, 0x01, 0x83, 0x00, 
    0x03, 0x01, 0x80, 0x00, 0x00, 0x03, 0x81, 0x80, 0x03, 0x01, 0x80, 0x00, 0x00, 0x03, 0x01, 0x80, 
    0x03, 0x01, 0x80, 0x00, 0x00, 0x03, 0x01, 0x80, 0x03, 0x81, 0x80, 0x00, 0x00, 0x03, 0x01, 0x80, 
    0x01, 0xC3, 0x00, 0x00, 0x00, 0x03, 0x83, 0x80, 0x00, 0xFF, 0x00, 0x00, 0x00, 0x01, 0xC7, 0x00, 
    0x00, 0x7C, 0x00, 0x00, 0x00, 0x00, 0xFE, 0x00, 0x00, 0x00, 0x00, 0x00, 0x00, 0x00, 0x3C, 0x00, 
    0x00, 0x00, 0x00, 0x00, 0x00, 0x00, 0x00, 0x00, 0x00, 0x00, 0x00, 0x00, 0x00, 0x00, 0x00, 0x00, 
    0x00, 0x00, 0x00, 0x00, 0x00, 0x00, 0x00, 0x00, 0x00, 0x00, 0x00, 0x00, 0x00, 0x00, 0x00, 0x00, 
    0x00, 0x00, 0x00, 0x00, 0x00, 0x00, 0x00, 0x00, 0x00, 0x00, 0x00, 0x00, 0x00, 0x00, 0x00, 0x00, 
      },
  {
    0x00, 0x00, 0x00, 0x00, 0x00, 0x00, 0x00, 0x00, 0x00, 0x00, 0x00, 0x00, 0x00, 0x00, 0x00, 0x00, 
    0x00, 0x00, 0x00, 0x00, 0x00, 0x00, 0x00, 0x00, 0x00, 0x00, 0x00, 0x00, 0x00, 0x00, 0x00, 0x00, 
    0x00, 0x00, 0x00, 0x00, 0x00, 0x00, 0x00, 0x00, 0x00, 0x00, 0x00, 0x00, 0x00, 0x00, 0x00, 0x00, 
    0x00, 0x3E, 0x00, 0x00, 0x00, 0x00, 0x00, 0x00, 0x00, 0x7F, 0x80, 0x00, 0x00, 0x00, 0x1C, 0x00, 
    0x00, 0xE3, 0x80, 0x00, 0x00, 0x00, 0x7F, 0x00, 0x00, 0xC0, 0xC0, 0x00, 0x00, 0x00, 0xE3, 0x80, 
    0x01, 0x80, 0xC0, 0x00, 0x00, 0x01, 0xC1, 0xC0, 0x01, 0x80, 0xC0, 0x00, 0x00, 0x01, 0x80, 0xC0, 
    0x01, 0x80, 0xC0, 0x00, 0x00, 0x01, 0x80, 0xC0, 0x00, 0xC0, 0xC0, 0x00, 0x00, 0x01, 0x80, 0xC0, 
    0x00, 0xE1, 0xC0, 0x00, 0x00, 0x01, 0x81, 0xC0, 0x00, 0x7F, 0xC0, 0x00, 0x00, 0x01, 0xC1, 0x80, 
    0x00, 0x3F, 0xE0, 0x1F, 0xF8, 0x01, 0xFF, 0x80, 0x00, 0x00, 0x70, 0xFF, 0xFF, 0x03, 0xFE, 0x00, 
    0x00, 0x00, 0x39, 0xE0, 0x07, 0x87, 0x00, 0x00, 0x00, 0x00, 0x1F, 0x80, 0x01, 0xEE, 0x00, 0x00, 
    0x00, 0x00, 0x0E, 0x00, 0x00, 0x7C, 0x00, 0x00, 0x00, 0x00, 0x1C, 0x00, 0x00, 0x38, 0x00, 0x00, 
    0x00, 0x00, 0x18, 0x00, 0x00, 0x18, 0x00, 0x00, 0x00, 0x00, 0x30, 0x03, 0xC0, 0x0C, 0x00, 0x00, 
    0x00, 0x00, 0x70, 0x0F, 0xF0, 0x0E, 0x00, 0x00, 0x00, 0x00, 0x60, 0x1C, 0x38, 0x06, 0x00, 0x00, 
    0x00, 0x00, 0x60, 0x18, 0x18, 0x06, 0x00, 0x00, 0x00, 0x00, 0xC0, 0x38, 0x1C, 0x03, 0x00, 0x00, 
    0x00, 0x00, 0xC0, 0x30, 0x0C, 0x03, 0x00, 0x00, 0x00, 0x00, 0xC0, 0x38, 0x1C, 0x03, 0x00, 0x00, 
    0x00, 0x00, 0xC0, 0x18, 0x18, 0x03, 0x00, 0x00, 0x00, 0x00, 0xC0, 0x1C, 0x38, 0x03, 0x00, 0x00, 
    0x00, 0x00, 0xC0, 0x0F, 0xF0, 0x03, 0x00, 0x00, 0x00, 0x00, 0xC0, 0x07, 0xE0, 0x03, 0x00, 0x00, 
    0x00, 0x00, 0xC0, 0x07, 0xE0, 0x03, 0x00, 0x00, 0x00, 0x00, 0xC0, 0x1F, 0xF8, 0x00, 0x00, 0x00, 
    0x00, 0x00, 0xC0, 0x3C, 0x3C, 0x02, 0x00, 0x00, 0x00, 0x00, 0x60, 0x70, 0x0E, 0x06, 0x00, 0x00, 
    0x00, 0x00, 0x60, 0xE0, 0x07, 0x06, 0x00, 0x00, 0x00, 0x00, 0x70, 0xC0, 0x03, 0x0E, 0x00, 0x00, 
    0x00, 0x00, 0x30, 0xC0, 0x03, 0x0C, 0x00, 0x00, 0x00, 0x00, 0x19, 0x80, 0x01, 0x98, 0x00, 0x00, 
    0x00, 0x00, 0x1D, 0x80, 0x01, 0xB8, 0x00, 0x00, 0x00, 0x00, 0x3F, 0x80, 0x01, 0xF0, 0x00, 0x00, 
    0x00, 0x00, 0x77, 0x80, 0x01, 0xF8, 0x00, 0x00, 0x00, 0x00, 0xE1, 0xE0, 0x07, 0x9C, 0x00, 0x00, 
    0x00, 0x7F, 0xC0, 0xFF, 0xFF, 0x0E, 0x00, 0x00, 0x00, 0xFF, 0x80, 0x1F, 0xF8, 0x07, 0xFC, 0x00, 
    0x01, 0x83, 0x80, 0x00, 0x00, 0x03, 0xFE, 0x00, 0x03, 0x81, 0x80, 0x00, 0x00, 0x03, 0x87, 0x00, 
    0x03, 0x01, 0x80, 0x00, 0x00, 0x03, 0x03, 0x00, 0x03, 0x01, 0x80, 0x00, 0x00, 0x03, 0x01, 0x80, 
    0x03, 0x01, 0x80, 0x00, 0x00, 0x03, 0x01, 0x80, 0x03, 0x83, 0x80, 0x00, 0x00, 0x03, 0x01, 0x80, 
    0x01, 0xC7, 0x00, 0x00, 0x00, 0x03, 0x03, 0x00, 0x00, 0xFE, 0x00, 0x00, 0x00, 0x01, 0xC7, 0x00, 
    0x00, 0x38, 0x00, 0x00, 0x00, 0x01, 0xFE, 0x00, 0x00, 0x00, 0x00, 0x00, 0x00, 0x00, 0x7C, 0x00, 
    0x00, 0x00, 0x00, 0x00, 0x00, 0x00, 0x00, 0x00, 0x00, 0x00, 0x00, 0x00, 0x00, 0x00, 0x00, 0x00, 
    0x00, 0x00, 0x00, 0x00, 0x00, 0x00, 0x00, 0x00, 0x00, 0x00, 0x00, 0x00, 0x00, 0x00, 0x00, 0x00, 
    0x00, 0x00, 0x00, 0x00, 0x00, 0x00, 0x00, 0x00, 0x00, 0x00, 0x00, 0x00, 0x00, 0x00, 0x00, 0x00, 
      },
  {
    0x00, 0x00, 0x00, 0x00, 0x00, 0x00, 0x00, 0x00, 0x00, 0x00, 0x00, 0x00, 0x00, 0x00, 0x00, 0x00, 
    0x00, 0x00, 0x00, 0x00, 0x00, 0x00, 0x00, 0x00, 0x00, 0x00, 0x00, 0x00, 0x00, 0x00, 0x00, 0x00, 
    0x00, 0x00, 0x00, 0x00, 0x00, 0x00, 0x00, 0x00, 0x00, 0x00, 0x00, 0x00, 0x00, 0x00, 0x00, 0x00, 
    0x00, 0x1F, 0x00, 0x00, 0x00, 0x00, 0x00, 0x00, 0x00, 0x7F, 0x80, 0x00, 0x00, 0x00, 0x00, 0x00, 
    0x00, 0xE1, 0xC0, 0x00, 0x00, 0x00, 0x3F, 0x00, 0x00, 0xC0, 0xC0, 0x00, 0x00, 0x00, 0xFF, 0x80, 
    0x00, 0xC0, 0xE0, 0x00, 0x00, 0x00, 0xC1, 0x80, 0x00, 0xC0, 0x60, 0x00, 0x00, 0x01, 0x80, 0xC0, 
    0x00, 0xC0, 0xE0, 0x00, 0x00, 0x01, 0x80, 0xC0, 0x00, 0xC0, 0xC0, 0x00, 0x00, 0x01, 0x80, 0xC0, 
    0x00, 0x61, 0xC0, 0x00, 0x00, 0x01, 0x80, 0xC0, 0x00, 0x7F, 0xC0, 0x00, 0x00, 0x00, 0xC1, 0xC0, 
    0x00, 0x1E, 0xE0, 0x1F, 0xF8, 0x01, 0xF3, 0x80, 0x00, 0x00, 0x70, 0xFF, 0xFF, 0x03, 0xFF, 0x00, 
    0x00, 0x00, 0x39, 0xE0, 0x07, 0x87, 0x1C, 0x00, 0x00, 0x00, 0x1F, 0x80, 0x01, 0xEE, 0x00, 0x00, 
    0x00, 0x00, 0x0E, 0x00, 0x00, 0x7C, 0x00, 0x00, 0x00, 0x00, 0x1C, 0x00, 0x00, 0x38, 0x00, 0x00, 
    0x00, 0x00, 0x18, 0x00, 0x00, 0x18, 0x00, 0x00, 0x00, 0x00, 0x30, 0x03, 0xC0, 0x0C, 0x00, 0x00, 
    0x00, 0x00, 0x70, 0x0F, 0xF0, 0x0E, 0x00, 0x00, 0x00, 0x00, 0x60, 0x1C, 0x38, 0x06, 0x00, 0x00, 
    0x00, 0x00, 0x60, 0x18, 0x18, 0x06, 0x00, 0x00, 0x00, 0x00, 0xC0, 0x38, 0x1C, 0x03, 0x00, 0x00, 
    0x00, 0x00, 0xC0, 0x30, 0x0C, 0x03, 0x00, 0x00, 0x00, 0x00, 0xC0, 0x38, 0x1C, 0x03, 0x00, 0x00, 
    0x00, 0x00, 0xC0, 0x18, 0x18, 0x03, 0x00, 0x00, 0x00, 0x00, 0xC0, 0x1C, 0x38, 0x03, 0x00, 0x00, 
    0x00, 0x00, 0xC0, 0x0F, 0xF0, 0x03, 0x00, 0x00, 0x00, 0x00, 0xC0, 0x07, 0xE0, 0x03, 0x00, 0x00, 
    0x00, 0x00, 0xC0, 0x07, 0xE0, 0x03, 0x00, 0x00, 0x00, 0x00, 0xC0, 0x1F, 0xF8, 0x03, 0x00, 0x00, 
    0x00, 0x00, 0xC0, 0x3C, 0x3C, 0x00, 0x00, 0x00, 0x00, 0x00, 0x60, 0x70, 0x0E, 0x00, 0x00, 0x00, 
    0x00, 0x00, 0x60, 0xE0, 0x07, 0x06, 0x00, 0x00, 0x00, 0x00, 0x70, 0xC0, 0x03, 0x0E, 0x00, 0x00, 
    0x00, 0x00, 0x30, 0xC0, 0x03, 0x0C, 0x00, 0x00, 0x00, 0x00, 0x19, 0x80, 0x01, 0x98, 0x00, 0x00, 
    0x00, 0x00, 0x1D, 0x80, 0x01, 0xB8, 0x00, 0x00, 0x00, 0x00, 0x3F, 0x80, 0x01, 0xF0, 0x00, 0x00, 
    0x00, 0x00, 0x77, 0x80, 0x01, 0xF8, 0x00, 0x00, 0x00, 0x38, 0xE1, 0xE0, 0x07, 0x9C, 0x00, 0x00, 
    0x00, 0xFF, 0xC0, 0xFF, 0xFF, 0x0E, 0x00, 0x00, 0x01, 0xCF, 0x80, 0x1F, 0xF8, 0x07, 0x78, 0x00, 
    0x03, 0x83, 0x00, 0x00, 0x00, 0x03, 0xFE, 0x00, 0x03, 0x01, 0x80, 0x00, 0x00, 0x03, 0x86, 0x00, 
    0x03, 0x01, 0x80, 0x00, 0x00, 0x03, 0x03, 0x00, 0x03, 0x01, 0x80, 0x00, 0x00, 0x07, 0x03, 0x00, 
    0x03, 0x01, 0x80, 0x00, 0x00, 0x06, 0x03, 0x00, 0x01, 0x83, 0x00, 0x00, 0x00, 0x06, 0x03, 0x00, 
    0x01, 0xFF, 0x00, 0x00, 0x00, 0x03, 0x03, 0x00, 0x00, 0xFC, 0x00, 0x00, 0x00, 0x03, 0x87, 0x00, 
    0x00, 0x00, 0x00, 0x00, 0x00, 0x01, 0xFE, 0x00, 0x00, 0x00, 0x00, 0x00, 0x00, 0x00, 0xF8, 0x00, 
    0x00, 0x00, 0x00, 0x00, 0x00, 0x00, 0x00, 0x00, 0x00, 0x00, 0x00, 0x00, 0x00, 0x00, 0x00, 0x00, 
    0x00, 0x00, 0x00, 0x00, 0x00, 0x00, 0x00, 0x00, 0x00, 0x00, 0x00, 0x00, 0x00, 0x00, 0x00, 0x00, 
    0x00, 0x00, 0x00, 0x00, 0x00, 0x00, 0x00, 0x00, 0x00, 0x00, 0x00, 0x00, 0x00, 0x00, 0x00, 0x00, 
      },
  {
    0x00, 0x00, 0x00, 0x00, 0x00, 0x00, 0x00, 0x00, 0x00, 0x00, 0x00, 0x00, 0x00, 0x00, 0x00, 0x00, 
    0x00, 0x00, 0x00, 0x00, 0x00, 0x00, 0x00, 0x00, 0x00, 0x00, 0x00, 0x00, 0x00, 0x00, 0x00, 0x00, 
    0x00, 0x00, 0x00, 0x00, 0x00, 0x00, 0x00, 0x00, 0x00, 0x00, 0x00, 0x00, 0x00, 0x00, 0x00, 0x00, 
    0x00, 0x1F, 0x00, 0x00, 0x00, 0x00, 0x00, 0x00, 0x00, 0x3F, 0xC0, 0x00, 0x00, 0x00, 0x00, 0x00, 
    0x00, 0x70, 0xC0, 0x00, 0x00, 0x00, 0x1E, 0x00, 0x00, 0xE0, 0x60, 0x00, 0x00, 0x00, 0x7F, 0x00, 
    0x00, 0xC0, 0x60, 0x00, 0x00, 0x00, 0xE3, 0x80, 0x00, 0xC0, 0x60, 0x00, 0x00, 0x00, 0xC1, 0xC0, 
    0x00, 0xC0, 0x60, 0x00, 0x00, 0x01, 0x80, 0xC0, 0x00, 0x60, 0xE0, 0x00, 0x00, 0x01, 0x80, 0xC0, 
    0x00, 0x71, 0xC0, 0x00, 0x00, 0x01, 0x80, 0xC0, 0x00, 0x3F, 0xE0, 0x00, 0x00, 0x00, 0xC0, 0xC0, 
    0x00, 0x0E, 0x70, 0x1F, 0xF8, 0x00, 0xE1, 0x80, 0x00, 0x00, 0x30, 0xFF, 0xFF, 0x01, 0xFF, 0x80, 
    0x00, 0x00, 0x19, 0xE0, 0x07, 0x83, 0xBE, 0x00, 0x00, 0x00, 0x0F, 0x80, 0x01, 0xE7, 0x00, 0x00, 
    0x00, 0x00, 0x0E, 0x00, 0x00, 0x7C, 0x00, 0x00, 0x00, 0x00, 0x1C, 0x00, 0x00, 0x38, 0x00, 0x00, 
    0x00, 0x00, 0x18, 0x00, 0x00, 0x18, 0x00, 0x00, 0x00, 0x00, 0x30, 0x03, 0xC0, 0x0C, 0x00, 0x00, 
    0x00, 0x00, 0x70, 0x0F, 0xF0, 0x0E, 0x00, 0x00, 0x00, 0x00, 0x60, 0x1C, 0x38, 0x06, 0x00, 0x00, 
    0x00, 0x00, 0x60, 0x18, 0x18, 0x06, 0x00, 0x00, 0x00, 0x00, 0xC0, 0x38, 0x1C, 0x03, 0x00, 0x00, 
    0x00, 0x00, 0xC0, 0x30, 0x0C, 0x03, 0x00, 0x00, 0x00, 0x00, 0xC0, 0x38, 0x1C, 0x03, 0x00, 0x00, 
    0x00, 0x00, 0xC0, 0x18, 0x18, 0x03, 0x00, 0x00, 0x00, 0x00, 0xC0, 0x1C, 0x38, 0x03, 0x00, 0x00, 
    0x00, 0x00, 0xC0, 0x0F, 0xF0, 0x03, 0x00, 0x00, 0x00, 0x00, 0xC0, 0x07, 0xE0, 0x03, 0x00, 0x00, 
    0x00, 0x00, 0xC0, 0x07, 0xE0, 0x03, 0x00, 0x00, 0x00, 0x00, 0xC0, 0x1F, 0xF8, 0x03, 0x00, 0x00, 
    0x00, 0x00, 0xC0, 0x3C, 0x3C, 0x00, 0x00, 0x00, 0x00, 0x00, 0x60, 0x70, 0x0E, 0x00, 0x00, 0x00, 
    0x00, 0x00, 0x60, 0xE0, 0x07, 0x00, 0x00, 0x00, 0x00, 0x00, 0x70, 0xC0, 0x03, 0x00, 0x00, 0x00, 
    0x00, 0x00, 0x30, 0xC0, 0x03, 0x0C, 0x00, 0x00, 0x00, 0x00, 0x19, 0x80, 0x01, 0x98, 0x00, 0x00, 
    0x00, 0x00, 0x1D, 0x80, 0x01, 0xB8, 0x00, 0x00, 0x00, 0x00, 0x3F, 0x80, 0x01, 0xF0, 0x00, 0x00, 
    0x00, 0x00, 0xE7, 0x80, 0x01, 0xF0, 0x00, 0x00, 0x00, 0x7D, 0xC1, 0xE0, 0x07, 0x98, 0x00, 0x00, 
    0x01, 0xFF, 0x80, 0xFF, 0xFF, 0x0C, 0x00, 0x00, 0x01, 0x87, 0x00, 0x1F, 0xF8, 0x0E, 0x70, 0x00, 
    0x03, 0x03, 0x00, 0x00, 0x00, 0x07, 0xFC, 0x00, 0x03, 0x01, 0x80, 0x00, 0x00, 0x03, 0x8E, 0x00, 
    0x03, 0x01, 0x80, 0x00, 0x00, 0x07, 0x06, 0x00, 0x03, 0x01, 0x80, 0x00, 0x00, 0x06, 0x03, 0x00, 
    0x03, 0x83, 0x00, 0x00, 0x00, 0x06, 0x03, 0x00, 0x01, 0xC7, 0x00, 0x00, 0x00, 0x06, 0x03, 0x00, 
    0x00, 0xFE, 0x00, 0x00, 0x00, 0x06, 0x07, 0x00, 0x00, 0x78, 0x00, 0x00, 0x00, 0x03, 0x0E, 0x00, 
    0x00, 0x00, 0x00, 0x00, 0x00, 0x03, 0xFC, 0x00, 0x00, 0x00, 0x00, 0x00, 0x00, 0x00, 0xF8, 0x00, 
    0x00, 0x00, 0x00, 0x00, 0x00, 0x00, 0x00, 0x00, 0x00, 0x00, 0x00, 0x00, 0x00, 0x00, 0x00, 0x00, 
    0x00, 0x00, 0x00, 0x00, 0x00, 0x00, 0x00, 0x00, 0x00, 0x00, 0x00, 0x00, 0x00, 0x00, 0x00, 0x00, 
    0x00, 0x00, 0x00, 0x00, 0x00, 0x00, 0x00, 0x00, 0x00, 0x00, 0x00, 0x00, 0x00, 0x00, 0x00, 0x00, 
      },
  {
    0x00, 0x00, 0x00, 0x00, 0x00, 0x00, 0x00, 0x00, 0x00, 0x00, 0x00, 0x00, 0x00, 0x00, 0x00, 0x00, 
    0x00, 0x00, 0x00, 0x00, 0x00, 0x00, 0x00, 0x00, 0x00, 0x00, 0x00, 0x00, 0x00, 0x00, 0x00, 0x00, 
    0x00, 0x00, 0x00, 0x00, 0x00, 0x00, 0x00, 0x00, 0x00, 0x00, 0x00, 0x00, 0x00, 0x00, 0x00, 0x00, 
    0x00, 0x1F, 0x80, 0x00, 0x00, 0x00, 0x00, 0x00, 0x00, 0x3F, 0xC0, 0x00, 0x00, 0x00, 0x00, 0x00, 
    0x00, 0x70, 0xE0, 0x00, 0x00, 0x00, 0x00, 0x00, 0x00, 0x60, 0x60, 0x00, 0x00, 0x00, 0x3F, 0x00, 
    0x00, 0x60, 0x30, 0x00, 0x00, 0x00, 0x7F, 0x80, 0x00, 0x60, 0x30, 0x00, 0x00, 0x00, 0xE1, 0xC0, 
    0x00, 0x60, 0x60, 0x00, 0x00, 0x00, 0xC0, 0xC0, 0x00, 0x70, 0x60, 0x00, 0x00, 0x00, 0xC0, 0xC0, 
    0x00, 0x3D, 0xE0, 0x00, 0x00, 0x01, 0x80, 0xC0, 0x00, 0x1F, 0xE0, 0x00, 0x00, 0x00, 0xC0, 0xC0, 
    0x00, 0x02, 0x70, 0x1F, 0xF8, 0x00, 0xC1, 0xC0, 0x00, 0x00, 0x38, 0xFF, 0xFF, 0x01, 0xF3, 0x80, 
    0x00, 0x00, 0x1D, 0xE0, 0x07, 0x83, 0xFF, 0x00, 0x00, 0x00, 0x0F, 0x80, 0x01, 0xE7, 0x0C, 0x00, 
    0x00, 0x00, 0x0E, 0x00, 0x00, 0x7E, 0x00, 0x00, 0x00, 0x00, 0x1C, 0x00, 0x00, 0x3C, 0x00, 0x00, 
    0x00, 0x00, 0x18, 0x00, 0x00, 0x18, 0x00, 0x00, 0x00, 0x00, 0x30, 0x03, 0xC0, 0x0C, 0x00, 0x00, 
    0x00, 0x00, 0x70, 0x0F, 0xF0, 0x0E, 0x00, 0x00, 0x00, 0x00, 0x60, 0x1C, 0x38, 0x06, 0x00, 0x00, 
    0x00, 0x00, 0x60, 0x18, 0x18, 0x06, 0x00, 0x00, 0x00, 0x00, 0xC0, 0x38, 0x1C, 0x03, 0x00, 0x00, 
    0x00, 0x00, 0xC0, 0x30, 0x0C, 0x03, 0x00, 0x00, 0x00, 0x00, 0xC0, 0x38, 0x1C, 0x03, 0x00, 0x00, 
    0x00, 0x00, 0xC0, 0x18, 0x18, 0x03, 0x00, 0x00, 0x00, 0x00, 0xC0, 0x1C, 0x38, 0x03, 0x00, 0x00, 
    0x00, 0x00, 0xC0, 0x0F, 0xF0, 0x03, 0x00, 0x00, 0x00, 0x00, 0xC0, 0x07, 0xE0, 0x03, 0x00, 0x00, 
    0x00, 0x00, 0xC0, 0x07, 0xE0, 0x03, 0x00, 0x00, 0x00, 0x00, 0xC0, 0x1F, 0xF8, 0x03, 0x00, 0x00, 
    0x00, 0x00, 0xC0, 0x3C, 0x3C, 0x03, 0x00, 0x00, 0x00, 0x00, 0x60, 0x70, 0x0E, 0x00, 0x00, 0x00, 
    0x00, 0x00, 0x60, 0xE0, 0x07, 0x00, 0x00, 0x00, 0x00, 0x00, 0x70, 0xC0, 0x03, 0x00, 0x00, 0x00, 
    0x00, 0x00, 0x30, 0xC0, 0x03, 0x00, 0x00, 0x00, 0x00, 0x00, 0x19, 0x80, 0x01, 0x80, 0x00, 0x00, 
    0x00, 0x00, 0x3D, 0x80, 0x01, 0xB0, 0x00, 0x00, 0x00, 0x00, 0x7F, 0x80, 0x01, 0xF0, 0x00, 0x00, 
    0x00, 0x30, 0xE7, 0x80, 0x01, 0xF0, 0x00, 0x00, 0x00, 0xFF, 0xC1, 0xE0, 0x07, 0xB8, 0x00, 0x00, 
    0x01, 0xCF, 0x80, 0xFF, 0xFF, 0x1C, 0x00, 0x00, 0x03, 0x83, 0x00, 0x1F, 0xF8, 0x0E, 0x40, 0x00, 
    0x03, 0x03, 0x00, 0x00, 0x00, 0x07, 0xF8, 0x00, 0x03, 0x01, 0x80, 0x00, 0x00, 0x07, 0xBC, 0x00, 
    0x03, 0x03, 0x00, 0x00, 0x00, 0x06, 0x0E, 0x00, 0x03, 0x03, 0x00, 0x00, 0x00, 0x06, 0x06, 0x00, 
    0x03, 0x87, 0x00, 0x00, 0x00, 0x0C, 0x06, 0x00, 0x01, 0xFE, 0x00, 0x00, 0x00, 0x0C, 0x06, 0x00, 
    0x00, 0xFC, 0x00, 0x00, 0x00, 0x06, 0x06, 0x00, 0x00, 0x00, 0x00, 0x00, 0x00, 0x07, 0x0E, 0x00, 
    0x00, 0x00, 0x00, 0x00, 0x00, 0x03, 0xFC, 0x00, 0x00, 0x00, 0x00, 0x00, 0x00, 0x01, 0xF8, 0x00, 
    0x00, 0x00, 0x00, 0x00, 0x00, 0x00, 0x00, 0x00, 0x00, 0x00, 0x00, 0x00, 0x00, 0x00, 0x00, 0x00, 
    0x00, 0x00, 0x00, 0x00, 0x00, 0x00, 0x00, 0x00, 0x00, 0x00, 0x00, 0x00, 0x00, 0x00, 0x00, 0x00, 
    0x00, 0x00, 0x00, 0x00, 0x00, 0x00, 0x00, 0x00, 0x00, 0x00, 0x00, 0x00, 0x00, 0x00, 0x00, 0x00, 
      },
  {
    0x00, 0x00, 0x00, 0x00, 0x00, 0x00, 0x00, 0x00, 0x00, 0x00, 0x00, 0x00, 0x00, 0x00, 0x00, 0x00, 
    0x00, 0x00, 0x00, 0x00, 0x00, 0x00, 0x00, 0x00, 0x00, 0x00, 0x00, 0x00, 0x00, 0x00, 0x00, 0x00, 
    0x00, 0x00, 0x00, 0x00, 0x00, 0x00, 0x00, 0x00, 0x00, 0x00, 0x00, 0x00, 0x00, 0x00, 0x00, 0x00, 
    0x00, 0x0F, 0xC0, 0x00, 0x00, 0x00, 0x00, 0x00, 0x00, 0x1F, 0xE0, 0x00, 0x00, 0x00, 0x00, 0x00, 
    0x00, 0x30, 0x70, 0x00, 0x00, 0x00, 0x00, 0x00, 0x00, 0x30, 0x30, 0x00, 0x00, 0x00, 0x0C, 0x00, 
    0x00, 0x60, 0x30, 0x00, 0x00, 0x00, 0x3F, 0x00, 0x00, 0x60, 0x30, 0x00, 0x00, 0x00, 0x73, 0x80, 
    0x00, 0x30, 0x30, 0x00, 0x00, 0x00, 0xE0, 0xC0, 0x00, 0x38, 0x70, 0x00, 0x00, 0x00, 0xC0, 0xC0, 
    0x00, 0x1F, 0xE0, 0x00, 0x00, 0x00, 0xC0, 0xC0, 0x00, 0x0F, 0xF0, 0x00, 0x00, 0x00, 0xC0, 0xC0, 
    0x00, 0x00, 0x38, 0x1F, 0xF8, 0x00, 0xC0, 0xC0, 0x00, 0x00, 0x18, 0xFF, 0xFF, 0x00, 0xE1, 0xC0, 
    0x00, 0x00, 0x0F, 0xE0, 0x07, 0x81, 0xFF, 0x80, 0x00, 0x00, 0x07, 0x80, 0x01, 0xE3, 0xBF, 0x00, 
    0x00, 0x00, 0x0E, 0x00, 0x00, 0x77, 0x00, 0x00, 0x00, 0x00, 0x1C, 0x00, 0x00, 0x3C, 0x00, 0x00, 
    0x00, 0x00, 0x18, 0x00, 0x00, 0x1C, 0x00, 0x00, 0x00, 0x00, 0x30, 0x03, 0xC0, 0x0C, 0x00, 0x00, 
    0x00, 0x00, 0x70, 0x0F, 0xF0, 0x0E, 0x00, 0x00, 0x00, 0x00, 0x60, 0x1C, 0x38, 0x06, 0x00, 0x00, 
    0x00, 0x00, 0x60, 0x18, 0x18, 0x06, 0x00, 0x00, 0x00, 0x00, 0xC0, 0x38, 0x1C, 0x03, 0x00, 0x00, 
    0x00, 0x00, 0xC0, 0x30, 0x0C, 0x03, 0x00, 0x00, 0x00, 0x00, 0xC0, 0x38, 0x1C, 0x03, 0x00, 0x00, 
    0x00, 0x00, 0xC0, 0x18, 0x18, 0x03, 0x00, 0x00, 0x00, 0x00, 0xC0, 0x1C, 0x38, 0x03, 0x00, 0x00, 
    0x00, 0x00, 0xC0, 0x0F, 0xF0, 0x03, 0x00, 0x00, 0x00, 0x00, 0xC0, 0x07, 0xE0, 0x03, 0x00, 0x00, 
    0x00, 0x00, 0xC0, 0x07, 0xE0, 0x03, 0x00, 0x00, 0x00, 0x00, 0xC0, 0x1F, 0xF8, 0x03, 0x00, 0x00, 
    0x00, 0x00, 0xC0, 0x3C, 0x3C, 0x03, 0x00, 0x00, 0x00, 0x00, 0x60, 0x70, 0x0E, 0x02, 0x00, 0x00, 
    0x00, 0x00, 0x60, 0xE0, 0x07, 0x00, 0x00, 0x00, 0x00, 0x00, 0x70, 0xC0, 0x03, 0x00, 0x00, 0x00, 
    0x00, 0x00, 0x30, 0xC0, 0x03, 0x00, 0x00, 0x00, 0x00, 0x00, 0x39, 0x80, 0x01, 0x80, 0x00, 0x00, 
    0x00, 0x00, 0x3D, 0x80, 0x01, 0x80, 0x00, 0x00, 0x00, 0x00, 0xEF, 0x80, 0x01, 0x80, 0x00, 0x00, 
    0x00, 0xFD, 0xC7, 0x80, 0x01, 0xE0, 0x00, 0x00, 0x01, 0xFF, 0x81, 0xE0, 0x07, 0xF0, 0x00, 0x00, 
    0x03, 0x87, 0x00, 0xFF, 0xFF, 0x18, 0x00, 0x00, 0x03, 0x03, 0x00, 0x1F, 0xF8, 0x1C, 0x00, 0x00, 
    0x03, 0x03, 0x00, 0x00, 0x00, 0x0F, 0xF0, 0x00, 0x03, 0x03, 0x00, 0x00, 0x00, 0x07, 0xF8, 0x00, 
    0x03, 0x03, 0x00, 0x00, 0x00, 0x0E, 0x1C, 0x00, 0x03, 0x07, 0x00, 0x00, 0x00, 0x0C, 0x0C, 0x00, 
    0x01, 0xCE, 0x00, 0x00, 0x00, 0x0C, 0x06, 0x00, 0x00, 0xFC, 0x00, 0x00, 0x00, 0x0C, 0x06, 0x00, 
    0x00, 0x30, 0x00, 0x00, 0x00, 0x0C, 0x0C, 0x00, 0x00, 0x00, 0x00, 0x00, 0x00, 0x0E, 0x0C, 0x00, 
    0x00, 0x00, 0x00, 0x00, 0x00, 0x07, 0xF8, 0x00, 0x00, 0x00, 0x00, 0x00, 0x00, 0x03, 0xF0, 0x00, 
    0x00, 0x00, 0x00, 0x00, 0x00, 0x00, 0x00, 0x00, 0x00, 0x00, 0x00, 0x00, 0x00, 0x00, 0x00, 0x00, 
    0x00, 0x00, 0x00, 0x00, 0x00, 0x00, 0x00, 0x00, 0x00, 0x00, 0x00, 0x00, 0x00, 0x00, 0x00, 0x00, 
    0x00, 0x00, 0x00, 0x00, 0x00, 0x00, 0x00, 0x00, 0x00, 0x00, 0x00, 0x00, 0x00, 0x00, 0x00, 0x00, 
      },
  {
    0x00, 0x00, 0x00, 0x00, 0x00, 0x00, 0x00, 0x00, 0x00, 0x00, 0x00, 0x00, 0x00, 0x00, 0x00, 0x00, 
    0x00, 0x00, 0x00, 0x00, 0x00, 0x00, 0x00, 0x00, 0x00, 0x00, 0x00, 0x00, 0x00, 0x00, 0x00, 0x00, 
    0x00, 0x00, 0x00, 0x00, 0x00, 0x00, 0x00, 0x00, 0x00, 0x01, 0x00, 0x00, 0x00, 0x00, 0x00, 0x00, 
    0x00, 0x0F, 0xE0, 0x00, 0x00, 0x00, 0x00, 0x00, 0x00, 0x1E, 0xF0, 0x00, 0x00, 0x00, 0x00, 0x00, 
    0x00, 0x18, 0x30, 0x00, 0x00, 0x00, 0x00, 0x00, 0x00, 0x30, 0x18, 0x00, 0x00, 0x00, 0x00, 0x00, 
    0x00, 0x30, 0x18, 0x00, 0x00, 0x00, 0x0E, 0x00, 0x00, 0x30, 0x18, 0x00, 0x00, 0x00, 0x3F, 0x80, 
    0x00, 0x18, 0x38, 0x00, 0x00, 0x00, 0x71, 0xC0, 0x00, 0x1C, 0x30, 0x00, 0x00, 0x00, 0xE0, 0xC0, 
    0x00, 0x0F, 0xF0, 0x00, 0x00, 0x00, 0xC0, 0xC0, 0x00, 0x07, 0xF8, 0x00, 0x00, 0x00, 0xC0, 0x60, 
    0x00, 0x00, 0x18, 0x1F, 0xF8, 0x00, 0xC0, 0xC0, 0x00, 0x00, 0x0C, 0xFF, 0xFF, 0x00, 0xC0, 0xC0, 
    0x00, 0x00, 0x0F, 0xE0, 0x07, 0x80, 0xF1, 0xC0, 0x00, 0x00, 0x07, 0x80, 0x01, 0xE1, 0xFF, 0x80, 
    0x00, 0x00, 0x0E, 0x00, 0x00, 0x77, 0x9E, 0x00, 0x00, 0x00, 0x1C, 0x00, 0x00, 0x3E, 0x00, 0x00, 
    0x00, 0x00, 0x18, 0x00, 0x00, 0x1C, 0x00, 0x00, 0x00, 0x00, 0x30, 0x03, 0xC0, 0x0C, 0x00, 0x00, 
    0x00, 0x00, 0x70, 0x0F, 0xF0, 0x0E, 0x00, 0x00, 0x00, 0x00, 0x60, 0x1C, 0x38, 0x06, 0x00, 0x00, 
    0x00, 0x00, 0x60, 0x18, 0x18, 0x06, 0x00, 0x00, 0x00, 0x00, 0xC0, 0x38, 0x1C, 0x03, 0x00, 0x00, 
    0x00, 0x00, 0xC0, 0x30, 0x0C, 0x03, 0x00, 0x00, 0x00, 0x00, 0xC0, 0x38, 0x1C, 0x03, 0x00, 0x00, 
    0x00, 0x00, 0xC0, 0x18, 0x18, 0x03, 0x00, 0x00, 0x00, 0x00, 0xC0, 0x1C, 0x38, 0x03, 0x00, 0x00, 
    0x00, 0x00, 0xC0, 0x0F, 0xF0, 0x03, 0x00, 0x00, 0x00, 0x00, 0xC0, 0x07, 0xE0, 0x03, 0x00, 0x00, 
    0x00, 0x00, 0xC0, 0x07, 0xE0, 0x03, 0x00, 0x00, 0x00, 0x00, 0xC0, 0x1F, 0xF8, 0x03, 0x00, 0x00, 
    0x00, 0x00, 0xC0, 0x3C, 0x3C, 0x03, 0x00, 0x00, 0x00, 0x00, 0x60, 0x70, 0x0E, 0x06, 0x00, 0x00, 
    0x00, 0x00, 0x60, 0xE0, 0x07, 0x02, 0x00, 0x00, 0x00, 0x00, 0x70, 0xC0, 0x03, 0x00, 0x00, 0x00, 
    0x00, 0x00, 0x30, 0xC0, 0x03, 0x00, 0x00, 0x00, 0x00, 0x00, 0x39, 0x80, 0x01, 0x80, 0x00, 0x00, 
    0x00, 0x00, 0x7D, 0x80, 0x01, 0x80, 0x00, 0x00, 0x00, 0x79, 0xEF, 0x80, 0x01, 0x80, 0x00, 0x00, 
    0x01, 0xFF, 0x87, 0x80, 0x01, 0x20, 0x00, 0x00, 0x03, 0x8F, 0x01, 0xE0, 0x06, 0x70, 0x00, 0x00, 
    0x03, 0x03, 0x00, 0xFF, 0xFE, 0x30, 0x00, 0x00, 0x03, 0x03, 0x00, 0x1F, 0xF8, 0x18, 0x00, 0x00, 
    0x06, 0x03, 0x00, 0x00, 0x00, 0x1F, 0xE0, 0x00, 0x03, 0x03, 0x00, 0x00, 0x00, 0x0F, 0xF0, 0x00, 
    0x03, 0x07, 0x00, 0x00, 0x00, 0x0C, 0x38, 0x00, 0x03, 0x8E, 0x00, 0x00, 0x00, 0x1C, 0x18, 0x00, 
    0x01, 0xFC, 0x00, 0x00, 0x00, 0x18, 0x0C, 0x00, 0x00, 0x70, 0x00, 0x00, 0x00, 0x18, 0x0C, 0x00, 
    0x00, 0x00, 0x00, 0x00, 0x00, 0x18, 0x0C, 0x00, 0x00, 0x00, 0x00, 0x00, 0x00, 0x0C, 0x18, 0x00, 
    0x00, 0x00, 0x00, 0x00, 0x00, 0x0F, 0x78, 0x00, 0x00, 0x00, 0x00, 0x00, 0x00, 0x07, 0xF0, 0x00, 
    0x00, 0x00, 0x00, 0x00, 0x00, 0x00, 0x80, 0x00, 0x00, 0x00, 0x00, 0x00, 0x00, 0x00, 0x00, 0x00, 
    0x00, 0x00, 0x00, 0x00, 0x00, 0x00, 0x00, 0x00, 0x00, 0x00, 0x00, 0x00, 0x00, 0x00, 0x00, 0x00, 
    0x00, 0x00, 0x00, 0x00, 0x00, 0x00, 0x00, 0x00, 0x00, 0x00, 0x00, 0x00, 0x00, 0x00, 0x00, 0x00, 
      },
  {
    0x00, 0x00, 0x00, 0x00, 0x00, 0x00, 0x00, 0x00, 0x00, 0x00, 0x00, 0x00, 0x00, 0x00, 0x00, 0x00, 
    0x00, 0x00, 0x00, 0x00, 0x00, 0x00, 0x00, 0x00, 0x00, 0x00, 0x00, 0x00, 0x00, 0x00, 0x00, 0x00, 
    0x00, 0x00, 0x00, 0x00, 0x00, 0x00, 0x00, 0x00, 0x00, 0x01, 0xC0, 0x00, 0x00, 0x00, 0x00, 0x00, 
    0x00, 0x07, 0xF0, 0x00, 0x00, 0x00, 0x00, 0x00, 0x00, 0x0E, 0x38, 0x00, 0x00, 0x00, 0x00, 0x00, 
    0x00, 0x0C, 0x18, 0x00, 0x00, 0x00, 0x00, 0x00, 0x00, 0x18, 0x0C, 0x00, 0x00, 0x00, 0x00, 0x00, 
    0x00, 0x18, 0x0C, 0x00, 0x00, 0x00, 0x00, 0x00, 0x00, 0x18, 0x0C, 0x00, 0x00, 0x00, 0x0E, 0x00, 
    0x00, 0x0C, 0x18, 0x00, 0x00, 0x00, 0x3F, 0x80, 0x00, 0x0E, 0x38, 0x00, 0x00, 0x00, 0x71, 0xC0, 
    0x00, 0x07, 0xF8, 0x00, 0x00, 0x00, 0x60, 0xC0, 0x00, 0x01, 0xF8, 0x00, 0x00, 0x00, 0xC0, 0x60, 
    0x00, 0x00, 0x0C, 0x1F, 0xF8, 0x00, 0xC0, 0x60, 0x00, 0x00, 0x0E, 0xFF, 0xFF, 0x00, 0xC0, 0x60, 
    0x00, 0x00, 0x07, 0xE0, 0x07, 0x80, 0xE0, 0xC0, 0x00, 0x00, 0x07, 0x80, 0x01, 0xE0, 0xF1, 0xC0, 
    0x00, 0x00, 0x0E, 0x00, 0x00, 0x73, 0xFF, 0x80, 0x00, 0x00, 0x1C, 0x00, 0x00, 0x3F, 0x0E, 0x00, 
    0x00, 0x00, 0x18, 0x00, 0x00, 0x1E, 0x00, 0x00, 0x00, 0x00, 0x30, 0x03, 0xC0, 0x0C, 0x00, 0x00, 
    0x00, 0x00, 0x70, 0x0F, 0xF0, 0x0E, 0x00, 0x00, 0x00, 0x00, 0x60, 0x1C, 0x38, 0x06, 0x00, 0x00, 
    0x00, 0x00, 0x60, 0x18, 0x18, 0x06, 0x00, 0x00, 0x00, 0x00, 0xC0, 0x38, 0x1C, 0x03, 0x00, 0x00, 
    0x00, 0x00, 0xC0, 0x30, 0x0C, 0x03, 0x00, 0x00, 0x00, 0x00, 0xC0, 0x38, 0x1C, 0x03, 0x00, 0x00, 
    0x00, 0x00, 0xC0, 0x18, 0x18, 0x03, 0x00, 0x00, 0x00, 0x00, 0xC0, 0x1C, 0x38, 0x03, 0x00, 0x00, 
    0x00, 0x00, 0xC0, 0x0F, 0xF0, 0x03, 0x00, 0x00, 0x00, 0x00, 0xC0, 0x07, 0xE0, 0x03, 0x00, 0x00, 
    0x00, 0x00, 0xC0, 0x07, 0xE0, 0x03, 0x00, 0x00, 0x00, 0x00, 0xC0, 0x1F, 0xF8, 0x03, 0x00, 0x00, 
    0x00, 0x00, 0xC0, 0x3C, 0x3C, 0x03, 0x00, 0x00, 0x00, 0x00, 0x60, 0x70, 0x0E, 0x06, 0x00, 0x00, 
    0x00, 0x00, 0x60, 0xE0, 0x07, 0x06, 0x00, 0x00, 0x00, 0x00, 0x70, 0xC0, 0x03, 0x00, 0x00, 0x00, 
    0x00, 0x00, 0x30, 0xC0, 0x03, 0x00, 0x00, 0x00, 0x00, 0x00, 0x79, 0x80, 0x01, 0x80, 0x00, 0x00, 
    0x00, 0x70, 0xFD, 0x80, 0x01, 0x80, 0x00, 0x00, 0x01, 0xFF, 0xCF, 0x80, 0x01, 0x80, 0x00, 0x00, 
    0x03, 0x8F, 0x07, 0x80, 0x01, 0x00, 0x00, 0x00, 0x03, 0x07, 0x01, 0xE0, 0x00, 0x60, 0x00, 0x00, 
    0x06, 0x03, 0x00, 0xFF, 0xF0, 0x70, 0x00, 0x00, 0x06, 0x03, 0x00, 0x1F, 0xF0, 0x30, 0x00, 0x00, 
    0x06, 0x03, 0x00, 0x00, 0x00, 0x1F, 0x80, 0x00, 0x03, 0x06, 0x00, 0x00, 0x00, 0x1F, 0xE0, 0x00, 
    0x03, 0x8E, 0x00, 0x00, 0x00, 0x1C, 0x70, 0x00, 0x01, 0xFC, 0x00, 0x00, 0x00, 0x18, 0x30, 0x00, 
    0x00, 0x70, 0x00, 0x00, 0x00, 0x30, 0x18, 0x00, 0x00, 0x00, 0x00, 0x00, 0x00, 0x30, 0x18, 0x00, 
    0x00, 0x00, 0x00, 0x00, 0x00, 0x30, 0x18, 0x00, 0x00, 0x00, 0x00, 0x00, 0x00, 0x18, 0x30, 0x00, 
    0x00, 0x00, 0x00, 0x00, 0x00, 0x1C, 0x70, 0x00, 0x00, 0x00, 0x00, 0x00, 0x00, 0x0F, 0xE0, 0x00, 
    0x00, 0x00, 0x00, 0x00, 0x00, 0x03, 0x80, 0x00, 0x00, 0x00, 0x00, 0x00, 0x00, 0x00, 0x00, 0x00, 
    0x00, 0x00, 0x00, 0x00, 0x00, 0x00, 0x00, 0x00, 0x00, 0x00, 0x00, 0x00, 0x00, 0x00, 0x00, 0x00, 
    0x00, 0x00, 0x00, 0x00, 0x00, 0x00, 0x00, 0x00, 0x00, 0x00, 0x00, 0x00, 0x00, 0x00, 0x00, 0x00, 
      },
  {
    0x00, 0x00, 0x00, 0x00, 0x00, 0x00, 0x00, 0x00, 0x00, 0x00, 0x00, 0x00, 0x00, 0x00, 0x00, 0x00, 
    0x00, 0x00, 0x00, 0x00, 0x00, 0x00, 0x00, 0x00, 0x00, 0x00, 0x00, 0x00, 0x00, 0x00, 0x00, 0x00, 
    0x00, 0x00, 0x00, 0x00, 0x00, 0x00, 0x00, 0x00, 0x00, 0x00, 0xE0, 0x00, 0x00, 0x00, 0x00, 0x00, 
    0x00, 0x03, 0xF8, 0x00, 0x00, 0x00, 0x00, 0x00, 0x00, 0x07, 0x1C, 0x00, 0x00, 0x00, 0x00, 0x00, 
    0x00, 0x06, 0x0C, 0x00, 0x00, 0x00, 0x00, 0x00, 0x00, 0x0C, 0x06, 0x00, 0x00, 0x00, 0x00, 0x00, 
    0x00, 0x0C, 0x06, 0x00, 0x00, 0x00, 0x00, 0x00, 0x00, 0x0C, 0x04, 0x00, 0x00, 0x00, 0x00, 0x00, 
    0x00, 0x06, 0x0C, 0x00, 0x00, 0x00, 0x0E, 0x00, 0x00, 0x07, 0x3C, 0x00, 0x00, 0x00, 0x3F, 0x80, 
    0x00, 0x03, 0xF8, 0x00, 0x00, 0x00, 0x71, 0xC0, 0x00, 0x00, 0x4C, 0x00, 0x00, 0x00, 0x60, 0xC0, 
    0x00, 0x00, 0x0E, 0x1F, 0xF8, 0x00, 0x40, 0x60, 0x00, 0x00, 0x06, 0xFF, 0xFF, 0x00, 0xC0, 0x60, 
    0x00, 0x00, 0x03, 0xE0, 0x07, 0x80, 0x60, 0x60, 0x00, 0x00, 0x07, 0x80, 0x01, 0xE0, 0x60, 0xC0, 
    0x00, 0x00, 0x0E, 0x00, 0x00, 0x71, 0xF1, 0xC0, 0x00, 0x00, 0x1C, 0x00, 0x00, 0x3B, 0xBF, 0x80, 
    0x00, 0x00, 0x18, 0x00, 0x00, 0x1F, 0x06, 0x00, 0x00, 0x00, 0x30, 0x03, 0xC0, 0x0C, 0x00, 0x00, 
    0x00, 0x00, 0x70, 0x0F, 0xF0, 0x0E, 0x00, 0x00, 0x00, 0x00, 0x60, 0x1C, 0x38, 0x06, 0x00, 0x00, 
    0x00, 0x00, 0x60, 0x18, 0x18, 0x06, 0x00, 0x00, 0x00, 0x00, 0xC0, 0x38, 0x18, 0x03, 0x00, 0x00, 
    0x00, 0x00, 0xC0, 0x30, 0x0C, 0x03, 0x00, 0x00, 0x00, 0x00, 0xC0, 0x38, 0x1C, 0x03, 0x00, 0x00, 
    0x00, 0x00, 0xC0, 0x18, 0x18, 0x03, 0x00, 0x00, 0x00, 0x00, 0xC0, 0x1C, 0x38, 0x03, 0x00, 0x00, 
    0x00, 0x00, 0xC0, 0x0F, 0xF0, 0x03, 0x00, 0x00, 0x00, 0x00, 0xC0, 0x07, 0xE0, 0x03, 0x00, 0x00, 
    0x00, 0x00, 0xC0, 0x07, 0xE0, 0x03, 0x00, 0x00, 0x00, 0x00, 0xC0, 0x1F, 0xF8, 0x03, 0x00, 0x00, 
    0x00, 0x00, 0xC0, 0x3C, 0x3C, 0x03, 0x00, 0x00, 0x00, 0x00, 0x60, 0x70, 0x0E, 0x06, 0x00, 0x00, 
    0x00, 0x00, 0x60, 0xE0, 0x07, 0x06, 0x00, 0x00, 0x00, 0x00, 0x70, 0xC0, 0x03, 0x06, 0x00, 0x00, 
    0x00, 0x00, 0x30, 0xC0, 0x03, 0x00, 0x00, 0x00, 0x00, 0x60, 0xF9, 0x80, 0x01, 0x80, 0x00, 0x00, 
    0x01, 0xFD, 0xDD, 0x80, 0x01, 0x80, 0x00, 0x00, 0x03, 0x8F, 0x8F, 0x80, 0x01, 0x80, 0x00, 0x00, 
    0x03, 0x06, 0x07, 0x80, 0x01, 0x00, 0x00, 0x00, 0x06, 0x06, 0x01, 0xE0, 0x00, 0x40, 0x00, 0x00, 
    0x06, 0x03, 0x00, 0xFF, 0x00, 0x60, 0x00, 0x00, 0x06, 0x02, 0x00, 0x1F, 0x80, 0x70, 0x00, 0x00, 
    0x03, 0x06, 0x00, 0x00, 0x00, 0x32, 0x00, 0x00, 0x03, 0x8E, 0x00, 0x00, 0x00, 0x1F, 0xC0, 0x00, 
    0x01, 0xFC, 0x00, 0x00, 0x00, 0x3C, 0xE0, 0x00, 0x00, 0x70, 0x00, 0x00, 0x00, 0x30, 0x60, 0x00, 
    0x00, 0x00, 0x00, 0x00, 0x00, 0x20, 0x30, 0x00, 0x00, 0x00, 0x00, 0x00, 0x00, 0x60, 0x30, 0x00, 
    0x00, 0x00, 0x00, 0x00, 0x00, 0x60, 0x30, 0x00, 0x00, 0x00, 0x00, 0x00, 0x00, 0x30, 0x60, 0x00, 
    0x00, 0x00, 0x00, 0x00, 0x00, 0x38, 0xE0, 0x00, 0x00, 0x00, 0x00, 0x00, 0x00, 0x1F, 0xC0, 0x00, 
    0x00, 0x00, 0x00, 0x00, 0x00, 0x07, 0x00, 0x00, 0x00, 0x00, 0x00, 0x00, 0x00, 0x00, 0x00, 0x00, 
    0x00, 0x00, 0x00, 0x00, 0x00, 0x00, 0x00, 0x00, 0x00, 0x00, 0x00, 0x00, 0x00, 0x00, 0x00, 0x00, 
    0x00, 0x00, 0x00, 0x00, 0x00, 0x00, 0x00, 0x00, 0x00, 0x00, 0x00, 0x00, 0x00, 0x00, 0x00, 0x00, 
      },
  {
    0x00, 0x00, 0x00, 0x00, 0x00, 0x00, 0x00, 0x00, 0x00, 0x00, 0x00, 0x00, 0x00, 0x00, 0x00, 0x00, 
    0x00, 0x00, 0x00, 0x00, 0x00, 0x00, 0x00, 0x00, 0x00, 0x00, 0x00, 0x00, 0x00, 0x00, 0x00, 0x00, 
    0x00, 0x00, 0x00, 0x00, 0x00, 0x00, 0x00, 0x00, 0x00, 0x00, 0x70, 0x00, 0x00, 0x00, 0x00, 0x00, 
    0x00, 0x01, 0xFC, 0x00, 0x00, 0x00, 0x00, 0x00, 0x00, 0x03, 0x8E, 0x00, 0x00, 0x00, 0x00, 0x00, 
    0x00, 0x03, 0x06, 0x00, 0x00, 0x00, 0x00, 0x00, 0x00, 0x06, 0x03, 0x00, 0x00, 0x00, 0x00, 0x00, 
    0x00, 0x06, 0x03, 0x00, 0x00, 0x00, 0x00, 0x00, 0x00, 0x03, 0x06, 0x00, 0x00, 0x00, 0x00, 0x00, 
    0x00, 0x03, 0x06, 0x00, 0x00, 0x00, 0x00, 0x00, 0x00, 0x01, 0xFC, 0x00, 0x00, 0x00, 0x06, 0x00, 
    0x00, 0x00, 0xFC, 0x00, 0x00, 0x00, 0x1F, 0x80, 0x00, 0x00, 0x06, 0x00, 0x00, 0x00, 0x39, 0xC0, 
    0x00, 0x00, 0x06, 0x1F, 0xF8, 0x00, 0x60, 0xE0, 0x00, 0x00, 0x03, 0xFF, 0xFF, 0x00, 0x60, 0x60, 
    0x00, 0x00, 0x03, 0xE0, 0x07, 0x80, 0x60, 0x60, 0x00, 0x00, 0x07, 0x80, 0x01, 0xE0, 0x60, 0x60, 
    0x00, 0x00, 0x0E, 0x00, 0x00, 0x70, 0x60, 0xC0, 0x00, 0x00, 0x1C, 0x00, 0x00, 0x39, 0xF9, 0xC0, 
    0x00, 0x00, 0x18, 0x00, 0x00, 0x1F, 0x9F, 0x80, 0x00, 0x00, 0x30, 0x03, 0xC0, 0x0E, 0x06, 0x00, 
    0x00, 0x00, 0x70, 0x0F, 0xF0, 0x0E, 0x00, 0x00, 0x00, 0x00, 0x60, 0x1C, 0x38, 0x06, 0x00, 0x00, 
    0x00, 0x00, 0x60, 0x18, 0x18, 0x06, 0x00, 0x00, 0x00, 0x00, 0xC0, 0x30, 0x18, 0x03, 0x00, 0x00, 
    0x00, 0x00, 0xC0, 0x30, 0x18, 0x03, 0x00, 0x00, 0x00, 0x00, 0xC0, 0x30, 0x18, 0x03, 0x00, 0x00, 
    0x00, 0x00, 0xC0, 0x18, 0x18, 0x03, 0x00, 0x00, 0x00, 0x00, 0xC0, 0x1C, 0x38, 0x03, 0x00, 0x00, 
    0x00, 0x00, 0xC0, 0x0F, 0xF0, 0x03, 0x00, 0x00, 0x00, 0x00, 0xC0, 0x07, 0xE0, 0x03, 0x00, 0x00, 
    0x00, 0x00, 0xC0, 0x07, 0xE0, 0x03, 0x00, 0x00, 0x00, 0x00, 0xC0, 0x1F, 0xF8, 0x03, 0x00, 0x00, 
    0x00, 0x00, 0xC0, 0x3C, 0x3C, 0x03, 0x00, 0x00, 0x00, 0x00, 0x60, 0x70, 0x0E, 0x06, 0x00, 0x00, 
    0x00, 0x00, 0x60, 0xE0, 0x07, 0x06, 0x00, 0x00, 0x00, 0x00, 0x70, 0xC0, 0x03, 0x0E, 0x00, 0x00, 
    0x00, 0x60, 0x70, 0xC0, 0x03, 0x04, 0x00, 0x00, 0x01, 0xF9, 0xF9, 0x80, 0x01, 0x80, 0x00, 0x00, 
    0x03, 0x9F, 0x9D, 0x80, 0x01, 0x80, 0x00, 0x00, 0x03, 0x06, 0x0F, 0x80, 0x01, 0x80, 0x00, 0x00, 
    0x06, 0x06, 0x07, 0x80, 0x01, 0x00, 0x00, 0x00, 0x06, 0x06, 0x01, 0xE0, 0x00, 0x00, 0x00, 0x00, 
    0x06, 0x06, 0x00, 0xF8, 0x00, 0xC0, 0x00, 0x00, 0x07, 0x06, 0x00, 0x18, 0x00, 0x60, 0x00, 0x00, 
    0x03, 0x9C, 0x00, 0x00, 0x00, 0x60, 0x00, 0x00, 0x01, 0xF8, 0x00, 0x00, 0x00, 0x3F, 0x00, 0x00, 
    0x00, 0x60, 0x00, 0x00, 0x00, 0x3F, 0x80, 0x00, 0x00, 0x00, 0x00, 0x00, 0x00, 0x60, 0xC0, 0x00, 
    0x00, 0x00, 0x00, 0x00, 0x00, 0x60, 0xC0, 0x00, 0x00, 0x00, 0x00, 0x00, 0x00, 0xC0, 0x60, 0x00, 
    0x00, 0x00, 0x00, 0x00, 0x00, 0xC0, 0x60, 0x00, 0x00, 0x00, 0x00, 0x00, 0x00, 0x60, 0xC0, 0x00, 
    0x00, 0x00, 0x00, 0x00, 0x00, 0x71, 0xC0, 0x00, 0x00, 0x00, 0x00, 0x00, 0x00, 0x3F, 0x80, 0x00, 
    0x00, 0x00, 0x00, 0x00, 0x00, 0x0E, 0x00, 0x00, 0x00, 0x00, 0x00, 0x00, 0x00, 0x00, 0x00, 0x00, 
    0x00, 0x00, 0x00, 0x00, 0x00, 0x00, 0x00, 0x00, 0x00, 0x00, 0x00, 0x00, 0x00, 0x00, 0x00, 0x00, 
    0x00, 0x00, 0x00, 0x00, 0x00, 0x00, 0x00, 0x00, 0x00, 0x00, 0x00, 0x00, 0x00, 0x00, 0x00, 0x00, 
      },
  {
    0x00, 0x00, 0x00, 0x00, 0x00, 0x00, 0x00, 0x00, 0x00, 0x00, 0x00, 0x00, 0x00, 0x00, 0x00, 0x00, 
    0x00, 0x00, 0x00, 0x00, 0x00, 0x00, 0x00, 0x00, 0x00, 0x00, 0x00, 0x00, 0x00, 0x00, 0x00, 0x00, 
    0x00, 0x00, 0x00, 0x00, 0x00, 0x00, 0x00, 0x00, 0x00, 0x00, 0x7C, 0x00, 0x00, 0x00, 0x00, 0x00, 
    0x00, 0x00, 0xFE, 0x00, 0x00, 0x00, 0x00, 0x00, 0x00, 0x01, 0xC3, 0x00, 0x00, 0x00, 0x00, 0x00, 
    0x00, 0x01, 0x83, 0x00, 0x00, 0x00, 0x00, 0x00, 0x00, 0x01, 0x01, 0x80, 0x00, 0x00, 0x00, 0x00, 
    0x00, 0x01, 0x01, 0x80, 0x00, 0x00, 0x00, 0x00, 0x00, 0x01, 0x83, 0x00, 0x00, 0x00, 0x00, 0x00, 
    0x00, 0x01, 0xC7, 0x00, 0x00, 0x00, 0x00, 0x00, 0x00, 0x00, 0xFE, 0x00, 0x00, 0x00, 0x00, 0x00, 
    0x00, 0x00, 0x7E, 0x00, 0x00, 0x00, 0x00, 0x00, 0x00, 0x00, 0x03, 0x00, 0x00, 0x00, 0x1F, 0x80, 
    0x00, 0x00, 0x03, 0x1F, 0xF8, 0x00, 0x39, 0xC0, 0x00, 0x00, 0x01, 0xFF, 0xFF, 0x00, 0x30, 0xE0, 
    0x00, 0x00, 0x01, 0xE0, 0x07, 0x80, 0x60, 0x60, 0x00, 0x00, 0x07, 0x80, 0x01, 0xE0, 0x60, 0x60, 
    0x00, 0x00, 0x0E, 0x00, 0x00, 0x70, 0x60, 0x60, 0x00, 0x00, 0x1C, 0x00, 0x00, 0x38, 0x70, 0x60, 
    0x00, 0x00, 0x18, 0x00, 0x00, 0x19, 0xF9, 0xC0, 0x00, 0x00, 0x30, 0x07, 0xC0, 0x0F, 0x9F, 0x80, 
    0x00, 0x00, 0x70, 0x0F, 0xF0, 0x0E, 0x06, 0x00, 0x00, 0x00, 0x60, 0x1C, 0x70, 0x06, 0x00, 0x00, 
    0x00, 0x00, 0x60, 0x18, 0x18, 0x06, 0x00, 0x00, 0x00, 0x00, 0xC0, 0x30, 0x18, 0x03, 0x00, 0x00, 
    0x00, 0x00, 0xC0, 0x30, 0x18, 0x03, 0x00, 0x00, 0x00, 0x00, 0xC0, 0x30, 0x18, 0x03, 0x00, 0x00, 
    0x00, 0x00, 0xC0, 0x38, 0x18, 0x03, 0x00, 0x00, 0x00, 0x00, 0xC0, 0x1C, 0x38, 0x03, 0x00, 0x00, 
    0x00, 0x00, 0xC0, 0x0F, 0xF0, 0x03, 0x00, 0x00, 0x00, 0x00, 0xC0, 0x07, 0xC0, 0x03, 0x00, 0x00, 
    0x00, 0x00, 0xC0, 0x07, 0xE0, 0x03, 0x00, 0x00, 0x00, 0x00, 0xC0, 0x1F, 0xF8, 0x03, 0x00, 0x00, 
    0x00, 0x00, 0xC0, 0x3C, 0x3C, 0x03, 0x00, 0x00, 0x00, 0x00, 0x60, 0x70, 0x0E, 0x06, 0x00, 0x00, 
    0x00, 0x00, 0x60, 0xE0, 0x07, 0x06, 0x00, 0x00, 0x00, 0x60, 0x70, 0xC0, 0x03, 0x0E, 0x00, 0x00, 
    0x01, 0xF9, 0xF0, 0xC0, 0x03, 0x0C, 0x00, 0x00, 0x03, 0x9F, 0x99, 0x80, 0x01, 0x80, 0x00, 0x00, 
    0x06, 0x0E, 0x1D, 0x80, 0x01, 0x80, 0x00, 0x00, 0x06, 0x06, 0x0F, 0x80, 0x01, 0x80, 0x00, 0x00, 
    0x06, 0x06, 0x07, 0x80, 0x01, 0x00, 0x00, 0x00, 0x06, 0x06, 0x01, 0xC0, 0x00, 0x00, 0x00, 0x00, 
    0x07, 0x0C, 0x00, 0xC0, 0x01, 0x80, 0x00, 0x00, 0x03, 0x9C, 0x00, 0x00, 0x00, 0xC0, 0x00, 0x00, 
    0x01, 0xF8, 0x00, 0x00, 0x00, 0xC0, 0x00, 0x00, 0x00, 0x00, 0x00, 0x00, 0x00, 0x7C, 0x00, 0x00, 
    0x00, 0x00, 0x00, 0x00, 0x00, 0x7F, 0x00, 0x00, 0x00, 0x00, 0x00, 0x00, 0x00, 0xE3, 0x80, 0x00, 
    0x00, 0x00, 0x00, 0x00, 0x00, 0xC1, 0x80, 0x00, 0x00, 0x00, 0x00, 0x00, 0x01, 0x80, 0x80, 0x00, 
    0x00, 0x00, 0x00, 0x00, 0x01, 0x80, 0x80, 0x00, 0x00, 0x00, 0x00, 0x00, 0x00, 0xC1, 0x80, 0x00, 
    0x00, 0x00, 0x00, 0x00, 0x00, 0xC3, 0x80, 0x00, 0x00, 0x00, 0x00, 0x00, 0x00, 0x7F, 0x00, 0x00, 
    0x00, 0x00, 0x00, 0x00, 0x00, 0x3E, 0x00, 0x00, 0x00, 0x00, 0x00, 0x00, 0x00, 0x00, 0x00, 0x00, 
    0x00, 0x00, 0x00, 0x00, 0x00, 0x00, 0x00, 0x00, 0x00, 0x00, 0x00, 0x00, 0x00, 0x00, 0x00, 0x00, 
    0x00, 0x00, 0x00, 0x00, 0x00, 0x00, 0x00, 0x00, 0x00, 0x00, 0x00, 0x00, 0x00, 0x00, 0x00, 0x00, 
      },
  {
    0x00, 0x00, 0x00, 0x00, 0x00, 0x00, 0x00, 0x00, 0x00, 0x00, 0x00, 0x00, 0x00, 0x00, 0x00, 0x00, 
    0x00, 0x00, 0x00, 0x00, 0x00, 0x00, 0x00, 0x00, 0x00, 0x00, 0x00, 0x00, 0x00, 0x00, 0x00, 0x00, 
    0x00, 0x00, 0x00, 0x00, 0x00, 0x00, 0x00, 0x00, 0x00, 0x00, 0x3E, 0x00, 0x00, 0x00, 0x00, 0x00, 
    0x00, 0x00, 0x77, 0x80, 0x00, 0x00, 0x00, 0x00, 0x00, 0x00, 0xC1, 0x80, 0x00, 0x00, 0x00, 0x00, 
    0x00, 0x00, 0xC0, 0xC0, 0x00, 0x00, 0x00, 0x00, 0x00, 0x00, 0xC0, 0xC0, 0x00, 0x00, 0x00, 0x00, 
    0x00, 0x00, 0xC0, 0xC0, 0x00, 0x00, 0x00, 0x00, 0x00, 0x00, 0xC1, 0x80, 0x00, 0x00, 0x00, 0x00, 
    0x00, 0x00, 0x73, 0x80, 0x00, 0x00, 0x00, 0x00, 0x00, 0x00, 0x3F, 0x00, 0x00, 0x00, 0x00, 0x00, 
    0x00, 0x00, 0x0F, 0x00, 0x00, 0x00, 0x00, 0x00, 0x00, 0x00, 0x01, 0x80, 0x00, 0x00, 0x00, 0x00, 
    0x00, 0x00, 0x01, 0x9F, 0xF8, 0x00, 0x0F, 0x80, 0x00, 0x00, 0x00, 0xFF, 0xFF, 0x00, 0x1F, 0xC0, 
    0x00, 0x00, 0x01, 0xE0, 0x07, 0x80, 0x30, 0x60, 0x00, 0x00, 0x07, 0x80, 0x01, 0xE0, 0x30, 0x60, 
    0x00, 0x00, 0x0E, 0x00, 0x00, 0x70, 0x60, 0x60, 0x00, 0x00, 0x1C, 0x00, 0x00, 0x38, 0x60, 0x60, 
    0x00, 0x00, 0x18, 0x00, 0x00, 0x18, 0x70, 0x60, 0x00, 0x00, 0x30, 0x07, 0xC0, 0x0D, 0xF8, 0xC0, 
    0x00, 0x00, 0x70, 0x0F, 0xE0, 0x0F, 0x9F, 0xC0, 0x00, 0x00, 0x60, 0x1C, 0x70, 0x06, 0x07, 0x00, 
    0x00, 0x00, 0x60, 0x38, 0x38, 0x06, 0x00, 0x00, 0x00, 0x00, 0xC0, 0x30, 0x18, 0x03, 0x00, 0x00, 
    0x00, 0x00, 0xC0, 0x30, 0x18, 0x03, 0x00, 0x00, 0x00, 0x00, 0xC0, 0x30, 0x18, 0x03, 0x00, 0x00, 
    0x00, 0x00, 0xC0, 0x38, 0x18, 0x03, 0x00, 0x00, 0x00, 0x00, 0xC0, 0x18, 0x30, 0x03, 0x00, 0x00, 
    0x00, 0x00, 0xC0, 0x0F, 0xF0, 0x03, 0x00, 0x00, 0x00, 0x00, 0xC0, 0x07, 0xC0, 0x03, 0x00, 0x00, 
    0x00, 0x00, 0xC0, 0x07, 0xE0, 0x03, 0x00, 0x00, 0x00, 0x00, 0xC0, 0x1F, 0xF8, 0x03, 0x00, 0x00, 
    0x00, 0x00, 0xC0, 0x3C, 0x3C, 0x03, 0x00, 0x00, 0x00, 0x00, 0x60, 0x70, 0x0E, 0x06, 0x00, 0x00, 
    0x00, 0xE0, 0x60, 0xE0, 0x07, 0x06, 0x00, 0x00, 0x03, 0xF9, 0xF0, 0xC0, 0x03, 0x0E, 0x00, 0x00, 
    0x07, 0x1F, 0xB0, 0xC0, 0x03, 0x0C, 0x00, 0x00, 0x06, 0x0E, 0x19, 0x80, 0x01, 0x88, 0x00, 0x00, 
    0x06, 0x06, 0x1D, 0x80, 0x01, 0x80, 0x00, 0x00, 0x04, 0x06, 0x0F, 0x80, 0x01, 0x80, 0x00, 0x00, 
    0x06, 0x0C, 0x00, 0x80, 0x01, 0x00, 0x00, 0x00, 0x06, 0x0C, 0x00, 0x00, 0x00, 0x00, 0x00, 0x00, 
    0x03, 0xF8, 0x00, 0x00, 0x01, 0x00, 0x00, 0x00, 0x01, 0xF0, 0x00, 0x00, 0x01, 0x80, 0x00, 0x00, 
    0x00, 0x00, 0x00, 0x00, 0x01, 0x80, 0x00, 0x00, 0x00, 0x00, 0x00, 0x00, 0x00, 0xF0, 0x00, 0x00, 
    0x00, 0x00, 0x00, 0x00, 0x00, 0xFC, 0x00, 0x00, 0x00, 0x00, 0x00, 0x00, 0x01, 0xCE, 0x00, 0x00, 
    0x00, 0x00, 0x00, 0x00, 0x01, 0x83, 0x00, 0x00, 0x00, 0x00, 0x00, 0x00, 0x03, 0x03, 0x00, 0x00, 
    0x00, 0x00, 0x00, 0x00, 0x03, 0x03, 0x00, 0x00, 0x00, 0x00, 0x00, 0x00, 0x03, 0x03, 0x00, 0x00, 
    0x00, 0x00, 0x00, 0x00, 0x01, 0x83, 0x00, 0x00, 0x00, 0x00, 0x00, 0x00, 0x01, 0xEE, 0x00, 0x00, 
    0x00, 0x00, 0x00, 0x00, 0x00, 0x7C, 0x00, 0x00, 0x00, 0x00, 0x00, 0x00, 0x00, 0x00, 0x00, 0x00, 
    0x00, 0x00, 0x00, 0x00, 0x00, 0x00, 0x00, 0x00, 0x00, 0x00, 0x00, 0x00, 0x00, 0x00, 0x00, 0x00, 
    0x00, 0x00, 0x00, 0x00, 0x00, 0x00, 0x00, 0x00, 0x00, 0x00, 0x00, 0x00, 0x00, 0x00, 0x00, 0x00, 
      },
  {
    0x00, 0x00, 0x00, 0x00, 0x00, 0x00, 0x00, 0x00, 0x00, 0x00, 0x00, 0x00, 0x00, 0x00, 0x00, 0x00, 
    0x00, 0x00, 0x00, 0x00, 0x00, 0x00, 0x00, 0x00, 0x00, 0x00, 0x00, 0x00, 0x00, 0x00, 0x00, 0x00, 
    0x00, 0x00, 0x06, 0x00, 0x00, 0x00, 0x00, 0x00, 0x00, 0x00, 0x1F, 0x80, 0x00, 0x00, 0x00, 0x00, 
    0x00, 0x00, 0x39, 0xC0, 0x00, 0x00, 0x00, 0x00, 0x00, 0x00, 0x70, 0x60, 0x00, 0x00, 0x00, 0x00, 
    0x00, 0x00, 0x60, 0x60, 0x00, 0x00, 0x00, 0x00, 0x00, 0x00, 0x60, 0x60, 0x00, 0x00, 0x00, 0x00, 
    0x00, 0x00, 0x60, 0x60, 0x00, 0x00, 0x00, 0x00, 0x00, 0x00, 0x30, 0xC0, 0x00, 0x00, 0x00, 0x00, 
    0x00, 0x00, 0x3F, 0xC0, 0x00, 0x00, 0x00, 0x00, 0x00, 0x00, 0x0F, 0x80, 0x00, 0x00, 0x00, 0x00, 
    0x00, 0x00, 0x01, 0x80, 0x00, 0x00, 0x00, 0x00, 0x00, 0x00, 0x00, 0xC0, 0x00, 0x00, 0x00, 0x00, 
    0x00, 0x00, 0x00, 0xFF, 0xF8, 0x00, 0x00, 0x00, 0x00, 0x00, 0x00, 0xFF, 0xFF, 0x00, 0x07, 0x80, 
    0x00, 0x00, 0x01, 0xE0, 0x07, 0x80, 0x1F, 0xC0, 0x00, 0x00, 0x07, 0x80, 0x01, 0xE0, 0x18, 0xE0, 
    0x00, 0x00, 0x0E, 0x00, 0x00, 0x70, 0x30, 0x60, 0x00, 0x00, 0x1C, 0x00, 0x00, 0x38, 0x30, 0x30, 
    0x00, 0x00, 0x18, 0x00, 0x00, 0x18, 0x30, 0x30, 0x00, 0x00, 0x30, 0x07, 0xC0, 0x0C, 0x70, 0x60, 
    0x00, 0x00, 0x70, 0x0F, 0xE0, 0x0F, 0xF8, 0x60, 0x00, 0x00, 0x60, 0x1C, 0x70, 0x07, 0x9F, 0xC0, 
    0x00, 0x00, 0x60, 0x38, 0x38, 0x07, 0x07, 0x80, 0x00, 0x00, 0xC0, 0x30, 0x18, 0x03, 0x00, 0x00, 
    0x00, 0x00, 0xC0, 0x30, 0x18, 0x03, 0x00, 0x00, 0x00, 0x00, 0xC0, 0x30, 0x18, 0x03, 0x00, 0x00, 
    0x00, 0x00, 0xC0, 0x30, 0x38, 0x03, 0x00, 0x00, 0x00, 0x00, 0xC0, 0x18, 0x70, 0x03, 0x00, 0x00, 
    0x00, 0x00, 0xC0, 0x1F, 0xE0, 0x03, 0x00, 0x00, 0x00, 0x00, 0xC0, 0x07, 0xC0, 0x03, 0x00, 0x00, 
    0x00, 0x00, 0xC0, 0x07, 0xE0, 0x03, 0x00, 0x00, 0x00, 0x00, 0xC0, 0x1F, 0xF8, 0x03, 0x00, 0x00, 
    0x00, 0x00, 0xC0, 0x3C, 0x3C, 0x03, 0x00, 0x00, 0x01, 0xE0, 0xE0, 0x70, 0x0E, 0x06, 0x00, 0x00, 
    0x03, 0xF9, 0xE0, 0xE0, 0x07, 0x06, 0x00, 0x00, 0x06, 0x1F, 0xF0, 0xC0, 0x03, 0x0E, 0x00, 0x00, 
    0x06, 0x0E, 0x30, 0xC0, 0x03, 0x0C, 0x00, 0x00, 0x0C, 0x0C, 0x11, 0x80, 0x01, 0x98, 0x00, 0x00, 
    0x0C, 0x0C, 0x01, 0x80, 0x01, 0x80, 0x00, 0x00, 0x06, 0x0C, 0x01, 0x80, 0x01, 0x80, 0x00, 0x00, 
    0x07, 0x18, 0x00, 0x80, 0x01, 0x00, 0x00, 0x00, 0x03, 0xF8, 0x00, 0x00, 0x00, 0x00, 0x00, 0x00, 
    0x01, 0xE0, 0x00, 0x00, 0x00, 0x00, 0x00, 0x00, 0x00, 0x00, 0x00, 0x00, 0x03, 0x00, 0x00, 0x00, 
    0x00, 0x00, 0x00, 0x00, 0x03, 0x00, 0x00, 0x00, 0x00, 0x00, 0x00, 0x00, 0x01, 0x80, 0x00, 0x00, 
    0x00, 0x00, 0x00, 0x00, 0x01, 0xF8, 0x00, 0x00, 0x00, 0x00, 0x00, 0x00, 0x03, 0xFC, 0x00, 0x00, 
    0x00, 0x00, 0x00, 0x00, 0x03, 0x0C, 0x00, 0x00, 0x00, 0x00, 0x00, 0x00, 0x06, 0x06, 0x00, 0x00, 
    0x00, 0x00, 0x00, 0x00, 0x06, 0x06, 0x00, 0x00, 0x00, 0x00, 0x00, 0x00, 0x06, 0x06, 0x00, 0x00, 
    0x00, 0x00, 0x00, 0x00, 0x06, 0x0E, 0x00, 0x00, 0x00, 0x00, 0x00, 0x00, 0x03, 0x9C, 0x00, 0x00, 
    0x00, 0x00, 0x00, 0x00, 0x01, 0xF8, 0x00, 0x00, 0x00, 0x00, 0x00, 0x00, 0x00, 0x60, 0x00, 0x00, 
    0x00, 0x00, 0x00, 0x00, 0x00, 0x00, 0x00, 0x00, 0x00, 0x00, 0x00, 0x00, 0x00, 0x00, 0x00, 0x00, 
    0x00, 0x00, 0x00, 0x00, 0x00, 0x00, 0x00, 0x00, 0x00, 0x00, 0x00, 0x00, 0x00, 0x00, 0x00, 0x00, 
      },
  {
    0x00, 0x00, 0x00, 0x00, 0x00, 0x00, 0x00, 0x00, 0x00, 0x00, 0x00, 0x00, 0x00, 0x00, 0x00, 0x00, 
    0x00, 0x00, 0x00, 0x00, 0x00, 0x00, 0x00, 0x00, 0x00, 0x00, 0x00, 0x00, 0x00, 0x00, 0x00, 0x00, 
    0x00, 0x00, 0x03, 0x80, 0x00, 0x00, 0x00, 0x00, 0x00, 0x00, 0x0F, 0xE0, 0x00, 0x00, 0x00, 0x00, 
    0x00, 0x00, 0x1C, 0x70, 0x00, 0x00, 0x00, 0x00, 0x00, 0x00, 0x18, 0x30, 0x00, 0x00, 0x00, 0x00, 
    0x00, 0x00, 0x10, 0x30, 0x00, 0x00, 0x00, 0x00, 0x00, 0x00, 0x10, 0x30, 0x00, 0x00, 0x00, 0x00, 
    0x00, 0x00, 0x18, 0x30, 0x00, 0x00, 0x00, 0x00, 0x00, 0x00, 0x1C, 0x70, 0x00, 0x00, 0x00, 0x00, 
    0x00, 0x00, 0x0F, 0xE0, 0x00, 0x00, 0x00, 0x00, 0x00, 0x00, 0x03, 0xC0, 0x00, 0x00, 0x00, 0x00, 
    0x00, 0x00, 0x00, 0x40, 0x00, 0x00, 0x00, 0x00, 0x00, 0x00, 0x00, 0x60, 0x00, 0x00, 0x00, 0x00, 
    0x00, 0x00, 0x00, 0x7F, 0xF8, 0x00, 0x00, 0x00, 0x00, 0x00, 0x00, 0xFF, 0xFF, 0x00, 0x00, 0x00, 
    0x00, 0x00, 0x01, 0xE0, 0x07, 0x80, 0x00, 0x00, 0x00, 0x00, 0x07, 0x80, 0x01, 0xE0, 0x0F, 0xC0, 
    0x00, 0x00, 0x0E, 0x00, 0x00, 0x70, 0x1C, 0xE0, 0x00, 0x00, 0x1C, 0x00, 0x00, 0x38, 0x18, 0x70, 
    0x00, 0x00, 0x18, 0x00, 0x00, 0x18, 0x30, 0x30, 0x00, 0x00, 0x30, 0x07, 0xC0, 0x0C, 0x30, 0x30, 
    0x00, 0x00, 0x70, 0x1F, 0xE0, 0x0E, 0x30, 0x30, 0x00, 0x00, 0x60, 0x1C, 0x70, 0x07, 0xF8, 0x60, 
    0x00, 0x00, 0x60, 0x30, 0x30, 0x07, 0x9F, 0xE0, 0x00, 0x00, 0xC0, 0x30, 0x18, 0x03, 0x0F, 0xC0, 
    0x00, 0x00, 0xC0, 0x30, 0x18, 0x03, 0x00, 0x00, 0x00, 0x00, 0xC0, 0x30, 0x18, 0x03, 0x00, 0x00, 
    0x00, 0x00, 0xC0, 0x30, 0x38, 0x03, 0x00, 0x00, 0x00, 0x00, 0xC0, 0x38, 0x70, 0x03, 0x00, 0x00, 
    0x00, 0x00, 0xC0, 0x1F, 0xE0, 0x03, 0x00, 0x00, 0x00, 0x00, 0xC0, 0x0F, 0xC0, 0x03, 0x00, 0x00, 
    0x00, 0x00, 0xC0, 0x07, 0xE0, 0x03, 0x00, 0x00, 0x00, 0x00, 0xC0, 0x1F, 0xF8, 0x03, 0x00, 0x00, 
    0x03, 0xF0, 0xC0, 0x3C, 0x3C, 0x03, 0x00, 0x00, 0x07, 0xF9, 0xE0, 0x70, 0x0E, 0x06, 0x00, 0x00, 
    0x06, 0x1F, 0x80, 0xE0, 0x07, 0x06, 0x00, 0x00, 0x0C, 0x0C, 0x00, 0xC0, 0x03, 0x0E, 0x00, 0x00, 
    0x0C, 0x0C, 0x00, 0xC0, 0x03, 0x0C, 0x00, 0x00, 0x0C, 0x0C, 0x01, 0x80, 0x01, 0x98, 0x00, 0x00, 
    0x0E, 0x18, 0x01, 0x80, 0x01, 0x98, 0x00, 0x00, 0x07, 0x38, 0x01, 0x80, 0x01, 0x80, 0x00, 0x00, 
    0x03, 0xF0, 0x00, 0x80, 0x01, 0x00, 0x00, 0x00, 0x00, 0x00, 0x00, 0x00, 0x00, 0x00, 0x00, 0x00, 
    0x00, 0x00, 0x00, 0x00, 0x00, 0x00, 0x00, 0x00, 0x00, 0x00, 0x00, 0x00, 0x06, 0x00, 0x00, 0x00, 
    0x00, 0x00, 0x00, 0x00, 0x06, 0x00, 0x00, 0x00, 0x00, 0x00, 0x00, 0x00, 0x02, 0x00, 0x00, 0x00, 
    0x00, 0x00, 0x00, 0x00, 0x03, 0xC0, 0x00, 0x00, 0x00, 0x00, 0x00, 0x00, 0x07, 0xF0, 0x00, 0x00, 
    0x00, 0x00, 0x00, 0x00, 0x0E, 0x38, 0x00, 0x00, 0x00, 0x00, 0x00, 0x00, 0x0C, 0x18, 0x00, 0x00, 
    0x00, 0x00, 0x00, 0x00, 0x0C, 0x08, 0x00, 0x00, 0x00, 0x00, 0x00, 0x00, 0x0C, 0x08, 0x00, 0x00, 
    0x00, 0x00, 0x00, 0x00, 0x0C, 0x18, 0x00, 0x00, 0x00, 0x00, 0x00, 0x00, 0x0E, 0x38, 0x00, 0x00, 
    0x00, 0x00, 0x00, 0x00, 0x07, 0xF0, 0x00, 0x00, 0x00, 0x00, 0x00, 0x00, 0x01, 0xC0, 0x00, 0x00, 
    0x00, 0x00, 0x00, 0x00, 0x00, 0x00, 0x00, 0x00, 0x00, 0x00, 0x00, 0x00, 0x00, 0x00, 0x00, 0x00, 
    0x00, 0x00, 0x00, 0x00, 0x00, 0x00, 0x00, 0x00, 0x00, 0x00, 0x00, 0x00, 0x00, 0x00, 0x00, 0x00, 
      },
  {
    0x00, 0x00, 0x00, 0x00, 0x00, 0x00, 0x00, 0x00, 0x00, 0x00, 0x00, 0x00, 0x00, 0x00, 0x00, 0x00, 
    0x00, 0x00, 0x00, 0x00, 0x00, 0x00, 0x00, 0x00, 0x00, 0x00, 0x00, 0x00, 0x00, 0x00, 0x00, 0x00, 
    0x00, 0x00, 0x03, 0xE0, 0x00, 0x00, 0x00, 0x00, 0x00, 0x00, 0x07, 0xF8, 0x00, 0x00, 0x00, 0x00, 
    0x00, 0x00, 0x06, 0x18, 0x00, 0x00, 0x00, 0x00, 0x00, 0x00, 0x0C, 0x0C, 0x00, 0x00, 0x00, 0x00, 
    0x00, 0x00, 0x0C, 0x0C, 0x00, 0x00, 0x00, 0x00, 0x00, 0x00, 0x0C, 0x0C, 0x00, 0x00, 0x00, 0x00, 
    0x00, 0x00, 0x0C, 0x18, 0x00, 0x00, 0x00, 0x00, 0x00, 0x00, 0x07, 0x38, 0x00, 0x00, 0x00, 0x00, 
    0x00, 0x00, 0x03, 0xF0, 0x00, 0x00, 0x00, 0x00, 0x00, 0x00, 0x00, 0x60, 0x00, 0x00, 0x00, 0x00, 
    0x00, 0x00, 0x00, 0x30, 0x00, 0x00, 0x00, 0x00, 0x00, 0x00, 0x00, 0x30, 0x00, 0x00, 0x00, 0x00, 
    0x00, 0x00, 0x00, 0x3F, 0xF8, 0x00, 0x00, 0x00, 0x00, 0x00, 0x00, 0xFF, 0xFF, 0x00, 0x00, 0x00, 
    0x00, 0x00, 0x01, 0xE0, 0x07, 0x80, 0x00, 0x00, 0x00, 0x00, 0x07, 0x80, 0x01, 0xE0, 0x00, 0x00, 
    0x00, 0x00, 0x0E, 0x00, 0x00, 0x70, 0x07, 0x80, 0x00, 0x00, 0x1C, 0x00, 0x00, 0x38, 0x0F, 0xE0, 
    0x00, 0x00, 0x18, 0x00, 0x00, 0x18, 0x18, 0x70, 0x00, 0x00, 0x30, 0x07, 0x80, 0x0C, 0x18, 0x30, 
    0x00, 0x00, 0x70, 0x1F, 0xE0, 0x0E, 0x10, 0x30, 0x00, 0x00, 0x60, 0x38, 0x70, 0x06, 0x30, 0x30, 
    0x00, 0x00, 0x60, 0x30, 0x30, 0x07, 0xF8, 0x30, 0x00, 0x00, 0xC0, 0x30, 0x38, 0x03, 0xDC, 0x60, 
    0x00, 0x00, 0xC0, 0x70, 0x18, 0x03, 0x0F, 0xE0, 0x00, 0x00, 0xC0, 0x30, 0x18, 0x03, 0x03, 0x80, 
    0x00, 0x00, 0xC0, 0x30, 0x30, 0x03, 0x00, 0x00, 0x00, 0x00, 0xC0, 0x38, 0x70, 0x03, 0x00, 0x00, 
    0x00, 0x00, 0xC0, 0x1F, 0xE0, 0x03, 0x00, 0x00, 0x00, 0x00, 0xC0, 0x0F, 0xC0, 0x03, 0x00, 0x00, 
    0x01, 0xC0, 0x80, 0x07, 0xE0, 0x03, 0x00, 0x00, 0x07, 0xF0, 0x00, 0x1F, 0xF8, 0x03, 0x00, 0x00, 
    0x06, 0x3B, 0x80, 0x3C, 0x3C, 0x03, 0x00, 0x00, 0x0C, 0x1F, 0x00, 0x70, 0x0E, 0x06, 0x00, 0x00, 
    0x0C, 0x0C, 0x00, 0xE0, 0x07, 0x06, 0x00, 0x00, 0x0C, 0x08, 0x00, 0xC0, 0x03, 0x0E, 0x00, 0x00, 
    0x0C, 0x18, 0x00, 0xC0, 0x03, 0x0C, 0x00, 0x00, 0x0E, 0x18, 0x01, 0x80, 0x01, 0x98, 0x00, 0x00, 
    0x07, 0xF0, 0x01, 0x80, 0x01, 0xB8, 0x00, 0x00, 0x01, 0xE0, 0x01, 0x80, 0x01, 0x90, 0x00, 0x00, 
    0x00, 0x00, 0x00, 0x80, 0x01, 0x00, 0x00, 0x00, 0x00, 0x00, 0x00, 0x00, 0x00, 0x00, 0x00, 0x00, 
    0x00, 0x00, 0x00, 0x00, 0x00, 0x00, 0x00, 0x00, 0x00, 0x00, 0x00, 0x00, 0x08, 0x00, 0x00, 0x00, 
    0x00, 0x00, 0x00, 0x00, 0x0C, 0x00, 0x00, 0x00, 0x00, 0x00, 0x00, 0x00, 0x0C, 0x00, 0x00, 0x00, 
    0x00, 0x00, 0x00, 0x00, 0x06, 0x00, 0x00, 0x00, 0x00, 0x00, 0x00, 0x00, 0x0F, 0xC0, 0x00, 0x00, 
    0x00, 0x00, 0x00, 0x00, 0x1C, 0xE0, 0x00, 0x00, 0x00, 0x00, 0x00, 0x00, 0x18, 0x30, 0x00, 0x00, 
    0x00, 0x00, 0x00, 0x00, 0x30, 0x30, 0x00, 0x00, 0x00, 0x00, 0x00, 0x00, 0x30, 0x30, 0x00, 0x00, 
    0x00, 0x00, 0x00, 0x00, 0x30, 0x30, 0x00, 0x00, 0x00, 0x00, 0x00, 0x00, 0x18, 0x60, 0x00, 0x00, 
    0x00, 0x00, 0x00, 0x00, 0x1F, 0xE0, 0x00, 0x00, 0x00, 0x00, 0x00, 0x00, 0x07, 0xC0, 0x00, 0x00, 
    0x00, 0x00, 0x00, 0x00, 0x00, 0x00, 0x00, 0x00, 0x00, 0x00, 0x00, 0x00, 0x00, 0x00, 0x00, 0x00, 
    0x00, 0x00, 0x00, 0x00, 0x00, 0x00, 0x00, 0x00, 0x00, 0x00, 0x00, 0x00, 0x00, 0x00, 0x00, 0x00, 
      },
  {
    0x00, 0x00, 0x00, 0x00, 0x00, 0x00, 0x00, 0x00, 0x00, 0x00, 0x00, 0x00, 0x00, 0x00, 0x00, 0x00, 
    0x00, 0x00, 0x00, 0x00, 0x00, 0x00, 0x00, 0x00, 0x00, 0x00, 0x00, 0x20, 0x00, 0x00, 0x00, 0x00, 
    0x00, 0x00, 0x00, 0xF8, 0x00, 0x00, 0x00, 0x00, 0x00, 0x00, 0x01, 0x8C, 0x00, 0x00, 0x00, 0x00, 
    0x00, 0x00, 0x03, 0x06, 0x00, 0x00, 0x00, 0x00, 0x00, 0x00, 0x03, 0x06, 0x00, 0x00, 0x00, 0x00, 
    0x00, 0x00, 0x02, 0x02, 0x00, 0x00, 0x00, 0x00, 0x00, 0x00, 0x03, 0x06, 0x00, 0x00, 0x00, 0x00, 
    0x00, 0x00, 0x03, 0x06, 0x00, 0x00, 0x00, 0x00, 0x00, 0x00, 0x01, 0xFC, 0x00, 0x00, 0x00, 0x00, 
    0x00, 0x00, 0x00, 0xF8, 0x00, 0x00, 0x00, 0x00, 0x00, 0x00, 0x00, 0x18, 0x00, 0x00, 0x00, 0x00, 
    0x00, 0x00, 0x00, 0x18, 0x00, 0x00, 0x00, 0x00, 0x00, 0x00, 0x00, 0x18, 0x00, 0x00, 0x00, 0x00, 
    0x00, 0x00, 0x00, 0x1F, 0xF8, 0x00, 0x00, 0x00, 0x00, 0x00, 0x00, 0xFF, 0xFF, 0x00, 0x00, 0x00, 
    0x00, 0x00, 0x01, 0xE0, 0x07, 0x80, 0x00, 0x00, 0x00, 0x00, 0x07, 0x80, 0x01, 0xE0, 0x00, 0x00, 
    0x00, 0x00, 0x0E, 0x00, 0x00, 0x70, 0x00, 0x00, 0x00, 0x00, 0x1C, 0x00, 0x00, 0x38, 0x00, 0x00, 
    0x00, 0x00, 0x18, 0x00, 0x00, 0x18, 0x07, 0xC0, 0x00, 0x00, 0x30, 0x07, 0x80, 0x0C, 0x0E, 0xE0, 
    0x00, 0x00, 0x70, 0x1F, 0xE0, 0x0E, 0x18, 0x30, 0x00, 0x00, 0x60, 0x38, 0x70, 0x06, 0x18, 0x10, 
    0x00, 0x00, 0x60, 0x30, 0x30, 0x06, 0x18, 0x10, 0x00, 0x00, 0xC0, 0x70, 0x30, 0x03, 0xF8, 0x10, 
    0x00, 0x00, 0xC0, 0x60, 0x38, 0x03, 0xF8, 0x30, 0x00, 0x00, 0xC0, 0x60, 0x30, 0x03, 0x0E, 0xE0, 
    0x00, 0x00, 0xC0, 0x30, 0x30, 0x03, 0x07, 0xC0, 0x00, 0x00, 0x00, 0x38, 0x70, 0x03, 0x00, 0x00, 
    0x00, 0x00, 0x00, 0x1F, 0xE0, 0x03, 0x00, 0x00, 0x03, 0xE0, 0x00, 0x0F, 0xC0, 0x03, 0x00, 0x00, 
    0x07, 0x70, 0x00, 0x07, 0xE0, 0x03, 0x00, 0x00, 0x0C, 0x1F, 0x00, 0x1F, 0xF8, 0x03, 0x00, 0x00, 
    0x08, 0x1F, 0x00, 0x3C, 0x3C, 0x03, 0x00, 0x00, 0x18, 0x18, 0x00, 0x70, 0x0E, 0x06, 0x00, 0x00, 
    0x08, 0x18, 0x00, 0xE0, 0x07, 0x06, 0x00, 0x00, 0x0C, 0x18, 0x00, 0xC0, 0x03, 0x0E, 0x00, 0x00, 
    0x07, 0x70, 0x00, 0xC0, 0x03, 0x0C, 0x00, 0x00, 0x03, 0xE0, 0x01, 0x80, 0x01, 0x98, 0x00, 0x00, 
    0x00, 0x00, 0x01, 0x80, 0x01, 0xB8, 0x00, 0x00, 0x00, 0x00, 0x01, 0x80, 0x01, 0xB0, 0x00, 0x00, 
    0x00, 0x00, 0x00, 0x80, 0x01, 0x00, 0x00, 0x00, 0x00, 0x00, 0x00, 0x00, 0x00, 0x00, 0x00, 0x00, 
    0x00, 0x00, 0x00, 0x00, 0x00, 0x00, 0x00, 0x00, 0x00, 0x00, 0x00, 0x00, 0x00, 0x00, 0x00, 0x00, 
    0x00, 0x00, 0x00, 0x00, 0x18, 0x00, 0x00, 0x00, 0x00, 0x00, 0x00, 0x00, 0x18, 0x00, 0x00, 0x00, 
    0x00, 0x00, 0x00, 0x00, 0x18, 0x00, 0x00, 0x00, 0x00, 0x00, 0x00, 0x00, 0x1F, 0x00, 0x00, 0x00, 
    0x00, 0x00, 0x00, 0x00, 0x3F, 0x80, 0x00, 0x00, 0x00, 0x00, 0x00, 0x00, 0x60, 0xC0, 0x00, 0x00, 
    0x00, 0x00, 0x00, 0x00, 0x60, 0xC0, 0x00, 0x00, 0x00, 0x00, 0x00, 0x00, 0x40, 0x40, 0x00, 0x00, 
    0x00, 0x00, 0x00, 0x00, 0x60, 0xC0, 0x00, 0x00, 0x00, 0x00, 0x00, 0x00, 0x60, 0xC0, 0x00, 0x00, 
    0x00, 0x00, 0x00, 0x00, 0x31, 0x80, 0x00, 0x00, 0x00, 0x00, 0x00, 0x00, 0x1F, 0x00, 0x00, 0x00, 
    0x00, 0x00, 0x00, 0x00, 0x00, 0x00, 0x00, 0x00, 0x00, 0x00, 0x00, 0x00, 0x00, 0x00, 0x00, 0x00, 
    0x00, 0x00, 0x00, 0x00, 0x00, 0x00, 0x00, 0x00, 0x00, 0x00, 0x00, 0x00, 0x00, 0x00, 0x00, 0x00, 
      },
  {
    0x00, 0x00, 0x00, 0x00, 0x00, 0x00, 0x00, 0x00, 0x00, 0x00, 0x00, 0x00, 0x00, 0x00, 0x00, 0x00, 
    0x00, 0x00, 0x00, 0x00, 0x00, 0x00, 0x00, 0x00, 0x00, 0x00, 0x00, 0x1C, 0x00, 0x00, 0x00, 0x00, 
    0x00, 0x00, 0x00, 0x7E, 0x00, 0x00, 0x00, 0x00, 0x00, 0x00, 0x00, 0xE3, 0x00, 0x00, 0x00, 0x00, 
    0x00, 0x00, 0x00, 0xC1, 0x80, 0x00, 0x00, 0x00, 0x00, 0x00, 0x01, 0x81, 0x80, 0x00, 0x00, 0x00, 
    0x00, 0x00, 0x01, 0x81, 0x80, 0x00, 0x00, 0x00, 0x00, 0x00, 0x00, 0xC1, 0x80, 0x00, 0x00, 0x00, 
    0x00, 0x00, 0x00, 0xC3, 0x00, 0x00, 0x00, 0x00, 0x00, 0x00, 0x00, 0x7F, 0x00, 0x00, 0x00, 0x00, 
    0x00, 0x00, 0x00, 0x3C, 0x00, 0x00, 0x00, 0x00, 0x00, 0x00, 0x00, 0x0C, 0x00, 0x00, 0x00, 0x00, 
    0x00, 0x00, 0x00, 0x0C, 0x00, 0x00, 0x00, 0x00, 0x00, 0x00, 0x00, 0x0E, 0x00, 0x00, 0x00, 0x00, 
    0x00, 0x00, 0x00, 0x1F, 0xF8, 0x00, 0x00, 0x00, 0x00, 0x00, 0x00, 0xFF, 0xFF, 0x00, 0x00, 0x00, 
    0x00, 0x00, 0x01, 0xE0, 0x07, 0x80, 0x00, 0x00, 0x00, 0x00, 0x07, 0x80, 0x01, 0xE0, 0x00, 0x00, 
    0x00, 0x00, 0x0E, 0x00, 0x00, 0x70, 0x00, 0x00, 0x00, 0x00, 0x1C, 0x00, 0x00, 0x38, 0x00, 0x00, 
    0x00, 0x00, 0x18, 0x00, 0x00, 0x18, 0x00, 0x00, 0x00, 0x00, 0x30, 0x0F, 0x80, 0x0C, 0x01, 0x80, 
    0x00, 0x00, 0x70, 0x1F, 0xE0, 0x0E, 0x07, 0xE0, 0x00, 0x00, 0x60, 0x38, 0xE0, 0x06, 0x0E, 0x70, 
    0x00, 0x00, 0x60, 0x30, 0x30, 0x06, 0x18, 0x30, 0x00, 0x00, 0x00, 0x60, 0x30, 0x03, 0x18, 0x18, 
    0x00, 0x00, 0x00, 0x60, 0x30, 0x03, 0xF8, 0x18, 0x00, 0x00, 0x00, 0x60, 0x30, 0x03, 0xF8, 0x18, 
    0x00, 0x00, 0x00, 0x70, 0x30, 0x03, 0x8C, 0x30, 0x03, 0xC0, 0x00, 0x38, 0x70, 0x03, 0x0F, 0xE0, 
    0x07, 0xF0, 0x00, 0x1F, 0xE0, 0x03, 0x03, 0xC0, 0x0C, 0x30, 0x00, 0x0F, 0xC0, 0x03, 0x00, 0x00, 
    0x18, 0x1F, 0x00, 0x07, 0xE0, 0x03, 0x00, 0x00, 0x18, 0x1E, 0x00, 0x1F, 0xF8, 0x03, 0x00, 0x00, 
    0x18, 0x18, 0x00, 0x3C, 0x3C, 0x03, 0x00, 0x00, 0x0C, 0x18, 0x00, 0x70, 0x0E, 0x06, 0x00, 0x00, 
    0x0E, 0x70, 0x00, 0xE0, 0x07, 0x06, 0x00, 0x00, 0x07, 0xE0, 0x00, 0xC0, 0x03, 0x0E, 0x00, 0x00, 
    0x01, 0x80, 0x00, 0xC0, 0x03, 0x0C, 0x00, 0x00, 0x00, 0x00, 0x01, 0x80, 0x01, 0x98, 0x00, 0x00, 
    0x00, 0x00, 0x01, 0x80, 0x01, 0xB8, 0x00, 0x00, 0x00, 0x00, 0x01, 0x80, 0x01, 0xF0, 0x00, 0x00, 
    0x00, 0x00, 0x00, 0x80, 0x01, 0x60, 0x00, 0x00, 0x00, 0x00, 0x00, 0x00, 0x00, 0x00, 0x00, 0x00, 
    0x00, 0x00, 0x00, 0x00, 0x00, 0x00, 0x00, 0x00, 0x00, 0x00, 0x00, 0x00, 0x00, 0x00, 0x00, 0x00, 
    0x00, 0x00, 0x00, 0x00, 0x20, 0x00, 0x00, 0x00, 0x00, 0x00, 0x00, 0x00, 0x30, 0x00, 0x00, 0x00, 
    0x00, 0x00, 0x00, 0x00, 0x30, 0x00, 0x00, 0x00, 0x00, 0x00, 0x00, 0x00, 0x3C, 0x00, 0x00, 0x00, 
    0x00, 0x00, 0x00, 0x00, 0xFE, 0x00, 0x00, 0x00, 0x00, 0x00, 0x00, 0x00, 0xC3, 0x00, 0x00, 0x00, 
    0x00, 0x00, 0x00, 0x01, 0x83, 0x00, 0x00, 0x00, 0x00, 0x00, 0x00, 0x01, 0x81, 0x80, 0x00, 0x00, 
    0x00, 0x00, 0x00, 0x01, 0x81, 0x80, 0x00, 0x00, 0x00, 0x00, 0x00, 0x01, 0x83, 0x00, 0x00, 0x00, 
    0x00, 0x00, 0x00, 0x00, 0xC7, 0x00, 0x00, 0x00, 0x00, 0x00, 0x00, 0x00, 0x7E, 0x00, 0x00, 0x00, 
    0x00, 0x00, 0x00, 0x00, 0x38, 0x00, 0x00, 0x00, 0x00, 0x00, 0x00, 0x00, 0x00, 0x00, 0x00, 0x00, 
    0x00, 0x00, 0x00, 0x00, 0x00, 0x00, 0x00, 0x00, 0x00, 0x00, 0x00, 0x00, 0x00, 0x00, 0x00, 0x00, 
      },
  {
    0x00, 0x00, 0x00, 0x00, 0x00, 0x00, 0x00, 0x00, 0x00, 0x00, 0x00, 0x00, 0x00, 0x00, 0x00, 0x00, 
    0x00, 0x00, 0x00, 0x00, 0x00, 0x00, 0x00, 0x00, 0x00, 0x00, 0x00, 0x0F, 0x00, 0x00, 0x00, 0x00, 
    0x00, 0x00, 0x00, 0x1F, 0xC0, 0x00, 0x00, 0x00, 0x00, 0x00, 0x00, 0x30, 0xC0, 0x00, 0x00, 0x00, 
    0x00, 0x00, 0x00, 0x20, 0x60, 0x00, 0x00, 0x00, 0x00, 0x00, 0x00, 0x60, 0x60, 0x00, 0x00, 0x00, 
    0x00, 0x00, 0x00, 0x60, 0x60, 0x00, 0x00, 0x00, 0x00, 0x00, 0x00, 0x30, 0x60, 0x00, 0x00, 0x00, 
    0x00, 0x00, 0x00, 0x38, 0xC0, 0x00, 0x00, 0x00, 0x00, 0x00, 0x00, 0x1F, 0x80, 0x00, 0x00, 0x00, 
    0x00, 0x00, 0x00, 0x07, 0x00, 0x00, 0x00, 0x00, 0x00, 0x00, 0x00, 0x02, 0x00, 0x00, 0x00, 0x00, 
    0x00, 0x00, 0x00, 0x03, 0x00, 0x00, 0x00, 0x00, 0x00, 0x00, 0x00, 0x03, 0x00, 0x00, 0x00, 0x00, 
    0x00, 0x00, 0x00, 0x1F, 0xF8, 0x00, 0x00, 0x00, 0x00, 0x00, 0x00, 0xFF, 0xFF, 0x00, 0x00, 0x00, 
    0x00, 0x00, 0x01, 0xE0, 0x07, 0x80, 0x00, 0x00, 0x00, 0x00, 0x07, 0x80, 0x01, 0xE0, 0x00, 0x00, 
    0x00, 0x00, 0x0E, 0x00, 0x00, 0x70, 0x00, 0x00, 0x00, 0x00, 0x1C, 0x00, 0x00, 0x38, 0x00, 0x00, 
    0x00, 0x00, 0x18, 0x00, 0x00, 0x18, 0x00, 0x00, 0x00, 0x00, 0x00, 0x0F, 0x80, 0x0C, 0x00, 0x00, 
    0x00, 0x00, 0x00, 0x1F, 0xC0, 0x0E, 0x00, 0x00, 0x00, 0x00, 0x00, 0x38, 0xE0, 0x06, 0x01, 0x80, 
    0x00, 0x00, 0x00, 0x70, 0x70, 0x06, 0x07, 0xE0, 0x00, 0x00, 0x00, 0x60, 0x30, 0x03, 0x0E, 0x30, 
    0x00, 0x00, 0x00, 0x60, 0x30, 0x03, 0x0C, 0x18, 0x03, 0xC0, 0x00, 0x60, 0x30, 0x03, 0x18, 0x18, 
    0x07, 0xE0, 0x00, 0x70, 0x30, 0x03, 0xF8, 0x18, 0x0C, 0x30, 0x00, 0x30, 0x60, 0x03, 0xD8, 0x18, 
    0x18, 0x1B, 0x00, 0x3F, 0xE0, 0x03, 0x0C, 0x30, 0x18, 0x1F, 0x00, 0x0F, 0x80, 0x03, 0x07, 0xE0, 
    0x18, 0x18, 0x00, 0x07, 0xE0, 0x03, 0x03, 0xC0, 0x18, 0x30, 0x00, 0x1F, 0xF8, 0x03, 0x00, 0x00, 
    0x0C, 0x70, 0x00, 0x3C, 0x3C, 0x03, 0x00, 0x00, 0x07, 0xE0, 0x00, 0x70, 0x0E, 0x06, 0x00, 0x00, 
    0x01, 0x80, 0x00, 0xE0, 0x07, 0x06, 0x00, 0x00, 0x00, 0x00, 0x00, 0xC0, 0x03, 0x0E, 0x00, 0x00, 
    0x00, 0x00, 0x00, 0xC0, 0x03, 0x0C, 0x00, 0x00, 0x00, 0x00, 0x01, 0x80, 0x01, 0x98, 0x00, 0x00, 
    0x00, 0x00, 0x01, 0x80, 0x01, 0xB8, 0x00, 0x00, 0x00, 0x00, 0x01, 0x80, 0x01, 0xF0, 0x00, 0x00, 
    0x00, 0x00, 0x00, 0x80, 0x01, 0xE0, 0x00, 0x00, 0x00, 0x00, 0x00, 0x00, 0x01, 0x80, 0x00, 0x00, 
    0x00, 0x00, 0x00, 0x00, 0x00, 0x00, 0x00, 0x00, 0x00, 0x00, 0x00, 0x00, 0x00, 0x00, 0x00, 0x00, 
    0x00, 0x00, 0x00, 0x00, 0x40, 0x00, 0x00, 0x00, 0x00, 0x00, 0x00, 0x00, 0xC0, 0x00, 0x00, 0x00, 
    0x00, 0x00, 0x00, 0x00, 0x40, 0x00, 0x00, 0x00, 0x00, 0x00, 0x00, 0x00, 0xE0, 0x00, 0x00, 0x00, 
    0x00, 0x00, 0x00, 0x01, 0xF8, 0x00, 0x00, 0x00, 0x00, 0x00, 0x00, 0x03, 0x1C, 0x00, 0x00, 0x00, 
    0x00, 0x00, 0x00, 0x06, 0x0C, 0x00, 0x00, 0x00, 0x00, 0x00, 0x00, 0x06, 0x06, 0x00, 0x00, 0x00, 
    0x00, 0x00, 0x00, 0x06, 0x06, 0x00, 0x00, 0x00, 0x00, 0x00, 0x00, 0x06, 0x04, 0x00, 0x00, 0x00, 
    0x00, 0x00, 0x00, 0x03, 0x0C, 0x00, 0x00, 0x00, 0x00, 0x00, 0x00, 0x03, 0xF8, 0x00, 0x00, 0x00, 
    0x00, 0x00, 0x00, 0x00, 0xF0, 0x00, 0x00, 0x00, 0x00, 0x00, 0x00, 0x00, 0x00, 0x00, 0x00, 0x00, 
    0x00, 0x00, 0x00, 0x00, 0x00, 0x00, 0x00, 0x00, 0x00, 0x00, 0x00, 0x00, 0x00, 0x00, 0x00, 0x00, 
      },
  {
    0x00, 0x00, 0x00, 0x00, 0x00, 0x00, 0x00, 0x00, 0x00, 0x00, 0x00, 0x00, 0x00, 0x00, 0x00, 0x00, 
    0x00, 0x00, 0x00, 0x00, 0x00, 0x00, 0x00, 0x00, 0x00, 0x00, 0x00, 0x03, 0xC0, 0x00, 0x00, 0x00, 
    0x00, 0x00, 0x00, 0x07, 0xF0, 0x00, 0x00, 0x00, 0x00, 0x00, 0x00, 0x0C, 0x30, 0x00, 0x00, 0x00, 
    0x00, 0x00, 0x00, 0x08, 0x18, 0x00, 0x00, 0x00, 0x00, 0x00, 0x00, 0x18, 0x18, 0x00, 0x00, 0x00, 
    0x00, 0x00, 0x00, 0x18, 0x18, 0x00, 0x00, 0x00, 0x00, 0x00, 0x00, 0x0C, 0x18, 0x00, 0x00, 0x00, 
    0x00, 0x00, 0x00, 0x0E, 0x30, 0x00, 0x00, 0x00, 0x00, 0x00, 0x00, 0x07, 0xE0, 0x00, 0x00, 0x00, 
    0x00, 0x00, 0x00, 0x01, 0xC0, 0x00, 0x00, 0x00, 0x00, 0x00, 0x00, 0x01, 0x80, 0x00, 0x00, 0x00, 
    0x00, 0x00, 0x00, 0x01, 0x80, 0x00, 0x00, 0x00, 0x00, 0x00, 0x00, 0x01, 0x80, 0x00, 0x00, 0x00, 
    0x00, 0x00, 0x00, 0x1F, 0xF8, 0x00, 0x00, 0x00, 0x00, 0x00, 0x00, 0xFF, 0xFF, 0x00, 0x00, 0x00, 
    0x00, 0x00, 0x01, 0xE0, 0x07, 0x80, 0x00, 0x00, 0x00, 0x00, 0x03, 0x80, 0x01, 0xE0, 0x00, 0x00, 
    0x00, 0x00, 0x02, 0x00, 0x00, 0x70, 0x00, 0x00, 0x00, 0x00, 0x00, 0x00, 0x00, 0x38, 0x00, 0x00, 
    0x00, 0x00, 0x00, 0x00, 0x00, 0x18, 0x00, 0x00, 0x00, 0x00, 0x00, 0x0F, 0x80, 0x0C, 0x00, 0x00, 
    0x00, 0x00, 0x00, 0x1F, 0xC0, 0x0E, 0x00, 0x00, 0x00, 0x00, 0x00, 0x38, 0xE0, 0x06, 0x00, 0x00, 
    0x00, 0x00, 0x00, 0x70, 0x70, 0x06, 0x00, 0x00, 0x03, 0xC0, 0x00, 0x60, 0x30, 0x03, 0x01, 0x80, 
    0x0F, 0xE0, 0x00, 0x60, 0x30, 0x03, 0x07, 0xE0, 0x0C, 0x30, 0x00, 0x60, 0x30, 0x03, 0x0E, 0x30, 
    0x18, 0x18, 0x00, 0x60, 0x70, 0x03, 0x0C, 0x18, 0x18, 0x1F, 0x00, 0x30, 0xE0, 0x03, 0xF8, 0x18, 
    0x18, 0x1F, 0x00, 0x3F, 0xC0, 0x03, 0xF8, 0x18, 0x18, 0x30, 0x00, 0x0F, 0x80, 0x03, 0x18, 0x18, 
    0x0E, 0x70, 0x00, 0x07, 0xE0, 0x03, 0x0C, 0x30, 0x07, 0xE0, 0x00, 0x1F, 0xF8, 0x03, 0x07, 0xF0, 
    0x01, 0x80, 0x00, 0x3C, 0x3C, 0x03, 0x03, 0xC0, 0x00, 0x00, 0x00, 0x70, 0x0E, 0x06, 0x00, 0x00, 
    0x00, 0x00, 0x00, 0xE0, 0x07, 0x06, 0x00, 0x00, 0x00, 0x00, 0x00, 0xC0, 0x03, 0x0E, 0x00, 0x00, 
    0x00, 0x00, 0x00, 0xC0, 0x03, 0x0C, 0x00, 0x00, 0x00, 0x00, 0x01, 0x80, 0x01, 0x98, 0x00, 0x00, 
    0x00, 0x00, 0x01, 0x80, 0x01, 0xB8, 0x00, 0x00, 0x00, 0x00, 0x01, 0x80, 0x01, 0xF0, 0x00, 0x00, 
    0x00, 0x00, 0x00, 0x80, 0x01, 0xE0, 0x00, 0x00, 0x00, 0x00, 0x00, 0x00, 0x07, 0x80, 0x00, 0x00, 
    0x00, 0x00, 0x00, 0x00, 0x07, 0x00, 0x00, 0x00, 0x00, 0x00, 0x00, 0x00, 0x00, 0x00, 0x00, 0x00, 
    0x00, 0x00, 0x00, 0x01, 0x80, 0x00, 0x00, 0x00, 0x00, 0x00, 0x00, 0x01, 0x80, 0x00, 0x00, 0x00, 
    0x00, 0x00, 0x00, 0x01, 0x80, 0x00, 0x00, 0x00, 0x00, 0x00, 0x00, 0x03, 0x80, 0x00, 0x00, 0x00, 
    0x00, 0x00, 0x00, 0x07, 0xE0, 0x00, 0x00, 0x00, 0x00, 0x00, 0x00, 0x0C, 0x70, 0x00, 0x00, 0x00, 
    0x00, 0x00, 0x00, 0x18, 0x30, 0x00, 0x00, 0x00, 0x00, 0x00, 0x00, 0x18, 0x18, 0x00, 0x00, 0x00, 
    0x00, 0x00, 0x00, 0x18, 0x18, 0x00, 0x00, 0x00, 0x00, 0x00, 0x00, 0x18, 0x30, 0x00, 0x00, 0x00, 
    0x00, 0x00, 0x00, 0x0C, 0x30, 0x00, 0x00, 0x00, 0x00, 0x00, 0x00, 0x0F, 0xE0, 0x00, 0x00, 0x00, 
    0x00, 0x00, 0x00, 0x03, 0xC0, 0x00, 0x00, 0x00, 0x00, 0x00, 0x00, 0x00, 0x00, 0x00, 0x00, 0x00, 
    0x00, 0x00, 0x00, 0x00, 0x00, 0x00, 0x00, 0x00, 0x00, 0x00, 0x00, 0x00, 0x00, 0x00, 0x00, 0x00, 
      },
  {
    0x00, 0x00, 0x00, 0x00, 0x00, 0x00, 0x00, 0x00, 0x00, 0x00, 0x00, 0x00, 0x00, 0x00, 0x00, 0x00, 
    0x00, 0x00, 0x00, 0x00, 0x00, 0x00, 0x00, 0x00, 0x00, 0x00, 0x00, 0x00, 0x70, 0x00, 0x00, 0x00, 
    0x00, 0x00, 0x00, 0x01, 0xFC, 0x00, 0x00, 0x00, 0x00, 0x00, 0x00, 0x03, 0x8C, 0x00, 0x00, 0x00, 
    0x00, 0x00, 0x00, 0x03, 0x06, 0x00, 0x00, 0x00, 0x00, 0x00, 0x00, 0x02, 0x06, 0x00, 0x00, 0x00, 
    0x00, 0x00, 0x00, 0x02, 0x06, 0x00, 0x00, 0x00, 0x00, 0x00, 0x00, 0x03, 0x06, 0x00, 0x00, 0x00, 
    0x00, 0x00, 0x00, 0x03, 0x8C, 0x00, 0x00, 0x00, 0x00, 0x00, 0x00, 0x01, 0xFC, 0x00, 0x00, 0x00, 
    0x00, 0x00, 0x00, 0x00, 0x70, 0x00, 0x00, 0x00, 0x00, 0x00, 0x00, 0x00, 0x60, 0x00, 0x00, 0x00, 
    0x00, 0x00, 0x00, 0x00, 0x60, 0x00, 0x00, 0x00, 0x00, 0x00, 0x00, 0x00, 0xE0, 0x00, 0x00, 0x00, 
    0x00, 0x00, 0x00, 0x1F, 0xF8, 0x00, 0x00, 0x00, 0x00, 0x00, 0x00, 0x7F, 0xFF, 0x00, 0x00, 0x00, 
    0x00, 0x00, 0x00, 0x20, 0x07, 0x80, 0x00, 0x00, 0x00, 0x00, 0x00, 0x00, 0x01, 0xE0, 0x00, 0x00, 
    0x00, 0x00, 0x00, 0x00, 0x00, 0x70, 0x00, 0x00, 0x00, 0x00, 0x00, 0x00, 0x00, 0x38, 0x00, 0x00, 
    0x00, 0x00, 0x00, 0x00, 0x00, 0x18, 0x00, 0x00, 0x00, 0x00, 0x00, 0x0F, 0x80, 0x0C, 0x00, 0x00, 
    0x00, 0x00, 0x00, 0x3F, 0xC0, 0x0E, 0x00, 0x00, 0x03, 0xC0, 0x00, 0x38, 0xE0, 0x06, 0x00, 0x00, 
    0x0F, 0xF0, 0x00, 0x60, 0x60, 0x06, 0x00, 0x00, 0x0C, 0x30, 0x00, 0x60, 0x30, 0x03, 0x00, 0x00, 
    0x18, 0x18, 0x00, 0x60, 0x30, 0x03, 0x00, 0x00, 0x18, 0x1E, 0x00, 0x60, 0x30, 0x03, 0x00, 0x00, 
    0x18, 0x1F, 0x00, 0x60, 0x70, 0x03, 0x07, 0xE0, 0x0C, 0x30, 0x00, 0x70, 0xE0, 0x03, 0x0E, 0x70, 
    0x0E, 0x70, 0x00, 0x3F, 0xC0, 0x03, 0x8C, 0x30, 0x07, 0xE0, 0x00, 0x1F, 0x80, 0x03, 0xF8, 0x18, 
    0x00, 0x00, 0x00, 0x07, 0xE0, 0x03, 0xF8, 0x18, 0x00, 0x00, 0x00, 0x1F, 0xF8, 0x03, 0x18, 0x18, 
    0x00, 0x00, 0x00, 0x3C, 0x3C, 0x03, 0x0C, 0x30, 0x00, 0x00, 0x00, 0x70, 0x0E, 0x06, 0x0F, 0xF0, 
    0x00, 0x00, 0x00, 0xE0, 0x07, 0x06, 0x03, 0xC0, 0x00, 0x00, 0x00, 0xC0, 0x03, 0x0E, 0x00, 0x00, 
    0x00, 0x00, 0x00, 0xC0, 0x03, 0x0C, 0x00, 0x00, 0x00, 0x00, 0x01, 0x80, 0x01, 0x98, 0x00, 0x00, 
    0x00, 0x00, 0x01, 0x80, 0x01, 0xB8, 0x00, 0x00, 0x00, 0x00, 0x01, 0x80, 0x01, 0xF0, 0x00, 0x00, 
    0x00, 0x00, 0x00, 0x80, 0x01, 0xE0, 0x00, 0x00, 0x00, 0x00, 0x00, 0x00, 0x07, 0x80, 0x00, 0x00, 
    0x00, 0x00, 0x00, 0x00, 0x3F, 0x00, 0x00, 0x00, 0x00, 0x00, 0x00, 0x00, 0x38, 0x00, 0x00, 0x00, 
    0x00, 0x00, 0x00, 0x02, 0x00, 0x00, 0x00, 0x00, 0x00, 0x00, 0x00, 0x06, 0x00, 0x00, 0x00, 0x00, 
    0x00, 0x00, 0x00, 0x06, 0x00, 0x00, 0x00, 0x00, 0x00, 0x00, 0x00, 0x0E, 0x00, 0x00, 0x00, 0x00, 
    0x00, 0x00, 0x00, 0x3F, 0x80, 0x00, 0x00, 0x00, 0x00, 0x00, 0x00, 0x31, 0xC0, 0x00, 0x00, 0x00, 
    0x00, 0x00, 0x00, 0x60, 0xC0, 0x00, 0x00, 0x00, 0x00, 0x00, 0x00, 0x60, 0x40, 0x00, 0x00, 0x00, 
    0x00, 0x00, 0x00, 0x60, 0x40, 0x00, 0x00, 0x00, 0x00, 0x00, 0x00, 0x60, 0xC0, 0x00, 0x00, 0x00, 
    0x00, 0x00, 0x00, 0x31, 0xC0, 0x00, 0x00, 0x00, 0x00, 0x00, 0x00, 0x3F, 0x80, 0x00, 0x00, 0x00, 
    0x00, 0x00, 0x00, 0x0E, 0x00, 0x00, 0x00, 0x00, 0x00, 0x00, 0x00, 0x00, 0x00, 0x00, 0x00, 0x00, 
    0x00, 0x00, 0x00, 0x00, 0x00, 0x00, 0x00, 0x00, 0x00, 0x00, 0x00, 0x00, 0x00, 0x00, 0x00, 0x00, 
      },
  {
    0x00, 0x00, 0x00, 0x00, 0x00, 0x00, 0x00, 0x00, 0x00, 0x00, 0x00, 0x00, 0x00, 0x00, 0x00, 0x00, 
    0x00, 0x00, 0x00, 0x00, 0x00, 0x00, 0x00, 0x00, 0x00, 0x00, 0x00, 0x00, 0x00, 0x00, 0x00, 0x00, 
    0x00, 0x00, 0x00, 0x00, 0x3E, 0x00, 0x00, 0x00, 0x00, 0x00, 0x00, 0x00, 0x73, 0x00, 0x00, 0x00, 
    0x00, 0x00, 0x00, 0x00, 0xC1, 0x80, 0x00, 0x00, 0x00, 0x00, 0x00, 0x00, 0xC0, 0x80, 0x00, 0x00, 
    0x00, 0x00, 0x00, 0x00, 0xC0, 0x80, 0x00, 0x00, 0x00, 0x00, 0x00, 0x00, 0xC1, 0x80, 0x00, 0x00, 
    0x00, 0x00, 0x00, 0x00, 0xE1, 0x80, 0x00, 0x00, 0x00, 0x00, 0x00, 0x00, 0x7F, 0x00, 0x00, 0x00, 
    0x00, 0x00, 0x00, 0x00, 0x3E, 0x00, 0x00, 0x00, 0x00, 0x00, 0x00, 0x00, 0x18, 0x00, 0x00, 0x00, 
    0x00, 0x00, 0x00, 0x00, 0x10, 0x00, 0x00, 0x00, 0x00, 0x00, 0x00, 0x00, 0x30, 0x00, 0x00, 0x00, 
    0x00, 0x00, 0x00, 0x07, 0xF8, 0x00, 0x00, 0x00, 0x00, 0x00, 0x00, 0x03, 0xFF, 0x00, 0x00, 0x00, 
    0x00, 0x00, 0x00, 0x00, 0x07, 0x80, 0x00, 0x00, 0x00, 0x00, 0x00, 0x00, 0x01, 0xE0, 0x00, 0x00, 
    0x00, 0x00, 0x00, 0x00, 0x00, 0x70, 0x00, 0x00, 0x00, 0x00, 0x00, 0x00, 0x00, 0x38, 0x00, 0x00, 
    0x00, 0x00, 0x00, 0x00, 0x00, 0x18, 0x00, 0x00, 0x03, 0xE0, 0x00, 0x0F, 0x00, 0x0C, 0x00, 0x00, 
    0x06, 0x70, 0x00, 0x3F, 0xC0, 0x0E, 0x00, 0x00, 0x0C, 0x18, 0x00, 0x70, 0xE0, 0x06, 0x00, 0x00, 
    0x08, 0x18, 0x00, 0x60, 0x60, 0x06, 0x00, 0x00, 0x08, 0x1C, 0x00, 0x60, 0x70, 0x03, 0x00, 0x00, 
    0x0C, 0x1F, 0x00, 0xE0, 0x30, 0x03, 0x00, 0x00, 0x0C, 0x39, 0x00, 0x60, 0x30, 0x03, 0x00, 0x00, 
    0x07, 0xF0, 0x00, 0x60, 0x60, 0x03, 0x00, 0x00, 0x03, 0xE0, 0x00, 0x70, 0xE0, 0x03, 0x00, 0x00, 
    0x00, 0x00, 0x00, 0x3F, 0xC0, 0x03, 0x07, 0xC0, 0x00, 0x00, 0x00, 0x1F, 0x80, 0x03, 0x0F, 0xE0, 
    0x00, 0x00, 0x00, 0x07, 0xE0, 0x03, 0x9C, 0x30, 0x00, 0x00, 0x00, 0x1F, 0xF8, 0x03, 0xF8, 0x30, 
    0x00, 0x00, 0x00, 0x3C, 0x3C, 0x03, 0x38, 0x10, 0x00, 0x00, 0x00, 0x70, 0x0E, 0x06, 0x18, 0x10, 
    0x00, 0x00, 0x00, 0xE0, 0x07, 0x06, 0x18, 0x30, 0x00, 0x00, 0x00, 0xC0, 0x03, 0x0E, 0x0E, 0x60, 
    0x00, 0x00, 0x00, 0xC0, 0x03, 0x0C, 0x07, 0xC0, 0x00, 0x00, 0x01, 0x80, 0x01, 0x98, 0x00, 0x00, 
    0x00, 0x00, 0x01, 0x80, 0x01, 0xB8, 0x00, 0x00, 0x00, 0x00, 0x01, 0x80, 0x01, 0xF0, 0x00, 0x00, 
    0x00, 0x00, 0x00, 0x80, 0x01, 0xE0, 0x00, 0x00, 0x00, 0x00, 0x00, 0x00, 0x07, 0x80, 0x00, 0x00, 
    0x00, 0x00, 0x00, 0x00, 0xFF, 0x00, 0x00, 0x00, 0x00, 0x00, 0x00, 0x01, 0xF8, 0x00, 0x00, 0x00, 
    0x00, 0x00, 0x00, 0x0C, 0x00, 0x00, 0x00, 0x00, 0x00, 0x00, 0x00, 0x08, 0x00, 0x00, 0x00, 0x00, 
    0x00, 0x00, 0x00, 0x18, 0x00, 0x00, 0x00, 0x00, 0x00, 0x00, 0x00, 0x7C, 0x00, 0x00, 0x00, 0x00, 
    0x00, 0x00, 0x00, 0xFE, 0x00, 0x00, 0x00, 0x00, 0x00, 0x00, 0x01, 0x87, 0x00, 0x00, 0x00, 0x00, 
    0x00, 0x00, 0x01, 0x83, 0x00, 0x00, 0x00, 0x00, 0x00, 0x00, 0x01, 0x03, 0x00, 0x00, 0x00, 0x00, 
    0x00, 0x00, 0x01, 0x03, 0x00, 0x00, 0x00, 0x00, 0x00, 0x00, 0x01, 0x83, 0x00, 0x00, 0x00, 0x00, 
    0x00, 0x00, 0x00, 0xCE, 0x00, 0x00, 0x00, 0x00, 0x00, 0x00, 0x00, 0x7C, 0x00, 0x00, 0x00, 0x00, 
    0x00, 0x00, 0x00, 0x00, 0x00, 0x00, 0x00, 0x00, 0x00, 0x00, 0x00, 0x00, 0x00, 0x00, 0x00, 0x00, 
    0x00, 0x00, 0x00, 0x00, 0x00, 0x00, 0x00, 0x00, 0x00, 0x00, 0x00, 0x00, 0x00, 0x00, 0x00, 0x00, 
      },
  {
    0x00, 0x00, 0x00, 0x00, 0x00, 0x00, 0x00, 0x00, 0x00, 0x00, 0x00, 0x00, 0x00, 0x00, 0x00, 0x00, 
    0x00, 0x00, 0x00, 0x00, 0x00, 0x00, 0x00, 0x00, 0x00, 0x00, 0x00, 0x00, 0x00, 0x00, 0x00, 0x00, 
    0x00, 0x00, 0x00, 0x00, 0x07, 0x80, 0x00, 0x00, 0x00, 0x00, 0x00, 0x00, 0x0F, 0xC0, 0x00, 0x00, 
    0x00, 0x00, 0x00, 0x00, 0x18, 0x60, 0x00, 0x00, 0x00, 0x00, 0x00, 0x00, 0x30, 0x30, 0x00, 0x00, 
    0x00, 0x00, 0x00, 0x00, 0x30, 0x30, 0x00, 0x00, 0x00, 0x00, 0x00, 0x00, 0x30, 0x30, 0x00, 0x00, 
    0x00, 0x00, 0x00, 0x00, 0x30, 0x20, 0x00, 0x00, 0x00, 0x00, 0x00, 0x00, 0x18, 0xE0, 0x00, 0x00, 
    0x00, 0x00, 0x00, 0x00, 0x0F, 0xC0, 0x00, 0x00, 0x00, 0x00, 0x00, 0x00, 0x07, 0x00, 0x00, 0x00, 
    0x00, 0x00, 0x00, 0x00, 0x0C, 0x00, 0x00, 0x00, 0x00, 0x00, 0x00, 0x00, 0x0C, 0x00, 0x00, 0x00, 
    0x00, 0x00, 0x00, 0x00, 0x7C, 0x00, 0x00, 0x00, 0x00, 0x00, 0x00, 0x00, 0x7F, 0x00, 0x00, 0x00, 
    0x00, 0x00, 0x00, 0x00, 0x07, 0x80, 0x00, 0x00, 0x00, 0x00, 0x00, 0x00, 0x01, 0xE0, 0x00, 0x00, 
    0x01, 0xC0, 0x00, 0x00, 0x00, 0x70, 0x00, 0x00, 0x03, 0xF0, 0x00, 0x00, 0x00, 0x38, 0x00, 0x00, 
    0x06, 0x18, 0x00, 0x00, 0x00, 0x18, 0x00, 0x00, 0x0C, 0x18, 0x00, 0x0F, 0x00, 0x0C, 0x00, 0x00, 
    0x0C, 0x0C, 0x00, 0x3F, 0xC0, 0x0E, 0x00, 0x00, 0x0C, 0x0C, 0x00, 0x70, 0xE0, 0x06, 0x00, 0x00, 
    0x0C, 0x0F, 0x00, 0x60, 0x60, 0x06, 0x00, 0x00, 0x06, 0x1B, 0x80, 0xE0, 0x70, 0x03, 0x00, 0x00, 
    0x03, 0xF0, 0x00, 0xC0, 0x30, 0x03, 0x00, 0x00, 0x01, 0xE0, 0x00, 0xE0, 0x70, 0x03, 0x00, 0x00, 
    0x00, 0x00, 0x00, 0x60, 0x60, 0x03, 0x00, 0x00, 0x00, 0x00, 0x00, 0x70, 0xE0, 0x03, 0x00, 0x00, 
    0x00, 0x00, 0x00, 0x3F, 0xC0, 0x03, 0x00, 0x00, 0x00, 0x00, 0x00, 0x1F, 0x80, 0x03, 0x00, 0x00, 
    0x00, 0x00, 0x00, 0x07, 0xE0, 0x03, 0x07, 0x80, 0x00, 0x00, 0x00, 0x1F, 0xF8, 0x03, 0x0F, 0xC0, 
    0x00, 0x00, 0x00, 0x3C, 0x3C, 0x03, 0xD8, 0x60, 0x00, 0x00, 0x00, 0x70, 0x0E, 0x07, 0xF0, 0x30, 
    0x00, 0x00, 0x00, 0xE0, 0x07, 0x06, 0x30, 0x30, 0x00, 0x00, 0x00, 0xC0, 0x03, 0x0E, 0x30, 0x30, 
    0x00, 0x00, 0x00, 0xC0, 0x03, 0x0C, 0x18, 0x30, 0x00, 0x00, 0x01, 0x80, 0x01, 0x98, 0x18, 0x60, 
    0x00, 0x00, 0x01, 0x80, 0x01, 0xB8, 0x0F, 0xC0, 0x00, 0x00, 0x01, 0x80, 0x01, 0xF0, 0x03, 0x80, 
    0x00, 0x00, 0x00, 0x80, 0x01, 0xE0, 0x00, 0x00, 0x00, 0x00, 0x00, 0x00, 0x07, 0x80, 0x00, 0x00, 
    0x00, 0x00, 0x00, 0x0F, 0xFF, 0x00, 0x00, 0x00, 0x00, 0x00, 0x00, 0x1F, 0xF8, 0x00, 0x00, 0x00, 
    0x00, 0x00, 0x00, 0x30, 0x00, 0x00, 0x00, 0x00, 0x00, 0x00, 0x00, 0x30, 0x00, 0x00, 0x00, 0x00, 
    0x00, 0x00, 0x00, 0xE0, 0x00, 0x00, 0x00, 0x00, 0x00, 0x00, 0x03, 0xF0, 0x00, 0x00, 0x00, 0x00, 
    0x00, 0x00, 0x07, 0x18, 0x00, 0x00, 0x00, 0x00, 0x00, 0x00, 0x04, 0x0C, 0x00, 0x00, 0x00, 0x00, 
    0x00, 0x00, 0x0C, 0x0C, 0x00, 0x00, 0x00, 0x00, 0x00, 0x00, 0x0C, 0x0C, 0x00, 0x00, 0x00, 0x00, 
    0x00, 0x00, 0x0C, 0x0C, 0x00, 0x00, 0x00, 0x00, 0x00, 0x00, 0x06, 0x18, 0x00, 0x00, 0x00, 0x00, 
    0x00, 0x00, 0x03, 0xF0, 0x00, 0x00, 0x00, 0x00, 0x00, 0x00, 0x01, 0xE0, 0x00, 0x00, 0x00, 0x00, 
    0x00, 0x00, 0x00, 0x00, 0x00, 0x00, 0x00, 0x00, 0x00, 0x00, 0x00, 0x00, 0x00, 0x00, 0x00, 0x00, 
    0x00, 0x00, 0x00, 0x00, 0x00, 0x00, 0x00, 0x00, 0x00, 0x00, 0x00, 0x00, 0x00, 0x00, 0x00, 0x00, 
      },
  {
    0x00, 0x00, 0x00, 0x00, 0x00, 0x00, 0x00, 0x00, 0x00, 0x00, 0x00, 0x00, 0x00, 0x00, 0x00, 0x00, 
    0x00, 0x00, 0x00, 0x00, 0x00, 0x00, 0x00, 0x00, 0x00, 0x00, 0x00, 0x00, 0x00, 0x00, 0x00, 0x00, 
    0x00, 0x00, 0x00, 0x00, 0x00, 0x00, 0x00, 0x00, 0x00, 0x00, 0x00, 0x00, 0x01, 0xF0, 0x00, 0x00, 
    0x00, 0x00, 0x00, 0x00, 0x03, 0xF8, 0x00, 0x00, 0x00, 0x00, 0x00, 0x00, 0x06, 0x1C, 0x00, 0x00, 
    0x00, 0x00, 0x00, 0x00, 0x06, 0x0C, 0x00, 0x00, 0x00, 0x00, 0x00, 0x00, 0x04, 0x0C, 0x00, 0x00, 
    0x00, 0x00, 0x00, 0x00, 0x04, 0x0C, 0x00, 0x00, 0x00, 0x00, 0x00, 0x00, 0x06, 0x0C, 0x00, 0x00, 
    0x00, 0x00, 0x00, 0x00, 0x07, 0x18, 0x00, 0x00, 0x00, 0x00, 0x00, 0x00, 0x03, 0xF0, 0x00, 0x00, 
    0x00, 0x00, 0x00, 0x00, 0x03, 0xC0, 0x00, 0x00, 0x00, 0x00, 0x00, 0x00, 0x03, 0x00, 0x00, 0x00, 
    0x00, 0x00, 0x00, 0x00, 0x06, 0x00, 0x00, 0x00, 0x00, 0x00, 0x00, 0x00, 0x07, 0x00, 0x00, 0x00, 
    0x01, 0xF0, 0x00, 0x00, 0x07, 0x80, 0x00, 0x00, 0x03, 0xF8, 0x00, 0x00, 0x01, 0xE0, 0x00, 0x00, 
    0x03, 0x0C, 0x00, 0x00, 0x00, 0x70, 0x00, 0x00, 0x06, 0x04, 0x00, 0x00, 0x00, 0x38, 0x00, 0x00, 
    0x06, 0x06, 0x00, 0x00, 0x00, 0x18, 0x00, 0x00, 0x06, 0x06, 0x00, 0x0F, 0x00, 0x0C, 0x00, 0x00, 
    0x06, 0x0F, 0x00, 0x3F, 0xC0, 0x0E, 0x00, 0x00, 0x03, 0x9F, 0x80, 0x70, 0xE0, 0x06, 0x00, 0x00, 
    0x01, 0xF8, 0x00, 0x60, 0x60, 0x06, 0x00, 0x00, 0x00, 0x00, 0x00, 0xE0, 0x60, 0x03, 0x00, 0x00, 
    0x00, 0x00, 0x00, 0xC0, 0x30, 0x03, 0x00, 0x00, 0x00, 0x00, 0x00, 0xE0, 0x70, 0x03, 0x00, 0x00, 
    0x00, 0x00, 0x00, 0x60, 0x60, 0x03, 0x00, 0x00, 0x00, 0x00, 0x00, 0x70, 0xE0, 0x03, 0x00, 0x00, 
    0x00, 0x00, 0x00, 0x3F, 0xC0, 0x03, 0x00, 0x00, 0x00, 0x00, 0x00, 0x1F, 0x80, 0x03, 0x00, 0x00, 
    0x00, 0x00, 0x00, 0x07, 0xE0, 0x03, 0x00, 0x00, 0x00, 0x00, 0x00, 0x1F, 0xF8, 0x03, 0x00, 0x00, 
    0x00, 0x00, 0x00, 0x3C, 0x3C, 0x03, 0x00, 0x00, 0x00, 0x00, 0x00, 0x70, 0x0E, 0x07, 0x1F, 0x80, 
    0x00, 0x00, 0x00, 0xE0, 0x07, 0x07, 0xF9, 0xC0, 0x00, 0x00, 0x00, 0xC0, 0x03, 0x0E, 0xF0, 0x60, 
    0x00, 0x00, 0x00, 0xC0, 0x03, 0x0C, 0x60, 0x60, 0x00, 0x00, 0x01, 0x80, 0x01, 0x98, 0x60, 0x60, 
    0x00, 0x00, 0x01, 0x80, 0x01, 0xB8, 0x20, 0x60, 0x00, 0x00, 0x01, 0x80, 0x01, 0xF0, 0x30, 0xC0, 
    0x00, 0x00, 0x00, 0x80, 0x01, 0xE0, 0x1F, 0xC0, 0x00, 0x00, 0x00, 0xE0, 0x07, 0x80, 0x0F, 0x80, 
    0x00, 0x00, 0x00, 0xFF, 0xFF, 0x00, 0x00, 0x00, 0x00, 0x00, 0x00, 0x7F, 0xF8, 0x00, 0x00, 0x00, 
    0x00, 0x00, 0x00, 0xC0, 0x00, 0x00, 0x00, 0x00, 0x00, 0x00, 0x03, 0xC0, 0x00, 0x00, 0x00, 0x00, 
    0x00, 0x00, 0x0F, 0xC0, 0x00, 0x00, 0x00, 0x00, 0x00, 0x00, 0x18, 0xE0, 0x00, 0x00, 0x00, 0x00, 
    0x00, 0x00, 0x30, 0x60, 0x00, 0x00, 0x00, 0x00, 0x00, 0x00, 0x30, 0x20, 0x00, 0x00, 0x00, 0x00, 
    0x00, 0x00, 0x30, 0x20, 0x00, 0x00, 0x00, 0x00, 0x00, 0x00, 0x30, 0x60, 0x00, 0x00, 0x00, 0x00, 
    0x00, 0x00, 0x38, 0x60, 0x00, 0x00, 0x00, 0x00, 0x00, 0x00, 0x1F, 0xC0, 0x00, 0x00, 0x00, 0x00, 
    0x00, 0x00, 0x07, 0x80, 0x00, 0x00, 0x00, 0x00, 0x00, 0x00, 0x00, 0x00, 0x00, 0x00, 0x00, 0x00, 
    0x00, 0x00, 0x00, 0x00, 0x00, 0x00, 0x00, 0x00, 0x00, 0x00, 0x00, 0x00, 0x00, 0x00, 0x00, 0x00, 
    0x00, 0x00, 0x00, 0x00, 0x00, 0x00, 0x00, 0x00, 0x00, 0x00, 0x00, 0x00, 0x00, 0x00, 0x00, 0x00, 
      },
  {
    0x00, 0x00, 0x00, 0x00, 0x00, 0x00, 0x00, 0x00, 0x00, 0x00, 0x00, 0x00, 0x00, 0x00, 0x00, 0x00, 
    0x00, 0x00, 0x00, 0x00, 0x00, 0x00, 0x00, 0x00, 0x00, 0x00, 0x00, 0x00, 0x00, 0x00, 0x00, 0x00, 
    0x00, 0x00, 0x00, 0x00, 0x00, 0x00, 0x00, 0x00, 0x00, 0x00, 0x00, 0x00, 0x00, 0x00, 0x00, 0x00, 
    0x00, 0x00, 0x00, 0x00, 0x00, 0x3C, 0x00, 0x00, 0x00, 0x00, 0x00, 0x00, 0x00, 0xFE, 0x00, 0x00, 
    0x00, 0x00, 0x00, 0x00, 0x00, 0xC3, 0x00, 0x00, 0x00, 0x00, 0x00, 0x00, 0x01, 0x83, 0x00, 0x00, 
    0x00, 0x00, 0x00, 0x00, 0x01, 0x81, 0x00, 0x00, 0x00, 0x00, 0x00, 0x00, 0x01, 0x81, 0x00, 0x00, 
    0x00, 0x00, 0x00, 0x00, 0x01, 0x83, 0x00, 0x00, 0x00, 0x00, 0x00, 0x00, 0x00, 0xC7, 0x00, 0x00, 
    0x00, 0x00, 0x00, 0x00, 0x00, 0xFE, 0x00, 0x00, 0x00, 0x00, 0x00, 0x00, 0x00, 0xF8, 0x00, 0x00, 
    0x00, 0xFC, 0x00, 0x00, 0x00, 0xC0, 0x00, 0x00, 0x01, 0xCE, 0x00, 0x00, 0x01, 0x80, 0x00, 0x00, 
    0x03, 0x86, 0x00, 0x00, 0x00, 0x00, 0x00, 0x00, 0x03, 0x03, 0x00, 0x00, 0x00, 0x60, 0x00, 0x00, 
    0x03, 0x03, 0x00, 0x00, 0x00, 0x70, 0x00, 0x00, 0x03, 0x03, 0x00, 0x00, 0x00, 0x38, 0x00, 0x00, 
    0x01, 0x87, 0x80, 0x00, 0x00, 0x18, 0x00, 0x00, 0x01, 0xFF, 0xC0, 0x0F, 0x00, 0x0C, 0x00, 0x00, 
    0x00, 0x78, 0x40, 0x3F, 0xC0, 0x0E, 0x00, 0x00, 0x00, 0x00, 0x00, 0x70, 0xE0, 0x06, 0x00, 0x00, 
    0x00, 0x00, 0x00, 0x60, 0x60, 0x06, 0x00, 0x00, 0x00, 0x00, 0x00, 0x60, 0x70, 0x03, 0x00, 0x00, 
    0x00, 0x00, 0x00, 0xE0, 0x30, 0x03, 0x00, 0x00, 0x00, 0x00, 0x00, 0x60, 0x30, 0x03, 0x00, 0x00, 
    0x00, 0x00, 0x00, 0x60, 0x60, 0x03, 0x00, 0x00, 0x00, 0x00, 0x00, 0x70, 0xE0, 0x03, 0x00, 0x00, 
    0x00, 0x00, 0x00, 0x3F, 0xC0, 0x03, 0x00, 0x00, 0x00, 0x00, 0x00, 0x1F, 0x80, 0x03, 0x00, 0x00, 
    0x00, 0x00, 0x00, 0x07, 0xE0, 0x03, 0x00, 0x00, 0x00, 0x00, 0x00, 0x1F, 0xF8, 0x03, 0x00, 0x00, 
    0x00, 0x00, 0x00, 0x3C, 0x3C, 0x03, 0x00, 0x00, 0x00, 0x00, 0x00, 0x70, 0x0E, 0x06, 0x00, 0x00, 
    0x00, 0x00, 0x00, 0xE0, 0x07, 0x06, 0x00, 0x00, 0x00, 0x00, 0x00, 0xC0, 0x03, 0x0E, 0x1E, 0x00, 
    0x00, 0x00, 0x00, 0xC0, 0x03, 0x0F, 0xFF, 0x80, 0x00, 0x00, 0x01, 0x80, 0x01, 0x99, 0xE1, 0x80, 
    0x00, 0x00, 0x01, 0x80, 0x01, 0xB8, 0xC0, 0xC0, 0x00, 0x00, 0x07, 0x80, 0x01, 0xF0, 0xC0, 0xC0, 
    0x00, 0x00, 0x07, 0x80, 0x01, 0xE0, 0xC0, 0xC0, 0x00, 0x00, 0x01, 0xE0, 0x07, 0x80, 0x60, 0xC0, 
    0x00, 0x00, 0x01, 0xFF, 0xFF, 0x00, 0x73, 0x80, 0x00, 0x00, 0x03, 0x1F, 0xF8, 0x00, 0x3F, 0x00, 
    0x00, 0x00, 0x1F, 0x00, 0x00, 0x00, 0x00, 0x00, 0x00, 0x00, 0x7F, 0x00, 0x00, 0x00, 0x00, 0x00, 
    0x00, 0x00, 0xE3, 0x00, 0x00, 0x00, 0x00, 0x00, 0x00, 0x00, 0xC1, 0x80, 0x00, 0x00, 0x00, 0x00, 
    0x00, 0x00, 0x81, 0x80, 0x00, 0x00, 0x00, 0x00, 0x00, 0x00, 0x81, 0x80, 0x00, 0x00, 0x00, 0x00, 
    0x00, 0x00, 0xC1, 0x80, 0x00, 0x00, 0x00, 0x00, 0x00, 0x00, 0xE3, 0x00, 0x00, 0x00, 0x00, 0x00, 
    0x00, 0x00, 0x7F, 0x00, 0x00, 0x00, 0x00, 0x00, 0x00, 0x00, 0x3C, 0x00, 0x00, 0x00, 0x00, 0x00, 
    0x00, 0x00, 0x00, 0x00, 0x00, 0x00, 0x00, 0x00, 0x00, 0x00, 0x00, 0x00, 0x00, 0x00, 0x00, 0x00, 
    0x00, 0x00, 0x00, 0x00, 0x00, 0x00, 0x00, 0x00, 0x00, 0x00, 0x00, 0x00, 0x00, 0x00, 0x00, 0x00, 
    0x00, 0x00, 0x00, 0x00, 0x00, 0x00, 0x00, 0x00, 0x00, 0x00, 0x00, 0x00, 0x00, 0x00, 0x00, 0x00, 
      },
  {
    0x00, 0x00, 0x00, 0x00, 0x00, 0x00, 0x00, 0x00, 0x00, 0x00, 0x00, 0x00, 0x00, 0x00, 0x00, 0x00, 
    0x00, 0x00, 0x00, 0x00, 0x00, 0x00, 0x00, 0x00, 0x00, 0x00, 0x00, 0x00, 0x00, 0x00, 0x00, 0x00, 
    0x00, 0x00, 0x00, 0x00, 0x00, 0x00, 0x00, 0x00, 0x00, 0x00, 0x00, 0x00, 0x00, 0x00, 0x00, 0x00, 
    0x00, 0x00, 0x00, 0x00, 0x00, 0x00, 0x00, 0x00, 0x00, 0x00, 0x00, 0x00, 0x00, 0x00, 0x00, 0x00, 
    0x00, 0x00, 0x00, 0x00, 0x00, 0x1F, 0x80, 0x00, 0x00, 0x00, 0x00, 0x00, 0x00, 0x39, 0xC0, 0x00, 
    0x00, 0x00, 0x00, 0x00, 0x00, 0x30, 0xC0, 0x00, 0x00, 0x00, 0x00, 0x00, 0x00, 0x60, 0x60, 0x00, 
    0x00, 0x00, 0x00, 0x00, 0x00, 0x60, 0x60, 0x00, 0x00, 0x1C, 0x00, 0x00, 0x00, 0x60, 0x60, 0x00, 
    0x00, 0x7E, 0x00, 0x00, 0x00, 0x30, 0xC0, 0x00, 0x00, 0xE3, 0x00, 0x00, 0x00, 0x3F, 0x80, 0x00, 
    0x00, 0xC1, 0x80, 0x00, 0x00, 0x3F, 0x00, 0x00, 0x00, 0x81, 0x80, 0x00, 0x00, 0x60, 0x00, 0x00, 
    0x00, 0x81, 0x80, 0x00, 0x00, 0x60, 0x00, 0x00, 0x00, 0xC1, 0x80, 0x00, 0x00, 0x00, 0x00, 0x00, 
    0x00, 0xE3, 0x80, 0x00, 0x00, 0x00, 0x00, 0x00, 0x00, 0x7F, 0xE0, 0x00, 0x00, 0x00, 0x00, 0x00, 
    0x00, 0x1C, 0x60, 0x00, 0x00, 0x18, 0x00, 0x00, 0x00, 0x00, 0x00, 0x0F, 0x00, 0x0C, 0x00, 0x00, 
    0x00, 0x00, 0x00, 0x1F, 0xC0, 0x0E, 0x00, 0x00, 0x00, 0x00, 0x00, 0x38, 0xE0, 0x06, 0x00, 0x00, 
    0x00, 0x00, 0x00, 0x70, 0x70, 0x06, 0x00, 0x00, 0x00, 0x00, 0x00, 0x60, 0x30, 0x03, 0x00, 0x00, 
    0x00, 0x00, 0x00, 0x60, 0x30, 0x03, 0x00, 0x00, 0x00, 0x00, 0x00, 0x60, 0x30, 0x03, 0x00, 0x00, 
    0x00, 0x00, 0x00, 0x60, 0x70, 0x03, 0x00, 0x00, 0x00, 0x00, 0x00, 0x30, 0x60, 0x03, 0x00, 0x00, 
    0x00, 0x00, 0x00, 0x3F, 0xE0, 0x03, 0x00, 0x00, 0x00, 0x00, 0x00, 0x1F, 0x80, 0x03, 0x00, 0x00, 
    0x00, 0x00, 0x00, 0x07, 0xE0, 0x03, 0x00, 0x00, 0x00, 0x00, 0x00, 0x1F, 0xF8, 0x03, 0x00, 0x00, 
    0x00, 0x00, 0x00, 0x3C, 0x3C, 0x03, 0x00, 0x00, 0x00, 0x00, 0x00, 0x70, 0x0E, 0x06, 0x00, 0x00, 
    0x00, 0x00, 0x00, 0xE0, 0x07, 0x06, 0x00, 0x00, 0x00, 0x00, 0x00, 0xC0, 0x03, 0x0E, 0x00, 0x00, 
    0x00, 0x00, 0x10, 0xC0, 0x03, 0x0C, 0x00, 0x00, 0x00, 0x00, 0x19, 0x80, 0x01, 0x9E, 0x38, 0x00, 
    0x00, 0x00, 0x1D, 0x80, 0x01, 0xBF, 0xFE, 0x00, 0x00, 0x00, 0x0F, 0x80, 0x01, 0xF1, 0xC7, 0x00, 
    0x00, 0x00, 0x07, 0x80, 0x01, 0xE1, 0x83, 0x00, 0x00, 0x00, 0x07, 0xE0, 0x07, 0x81, 0x81, 0x00, 
    0x00, 0x00, 0x06, 0xFF, 0xFF, 0x01, 0x81, 0x00, 0x00, 0x00, 0xFC, 0x1F, 0xF8, 0x01, 0x83, 0x00, 
    0x00, 0x01, 0xFC, 0x00, 0x00, 0x00, 0xC7, 0x00, 0x00, 0x03, 0x0C, 0x00, 0x00, 0x00, 0x7E, 0x00, 
    0x00, 0x06, 0x06, 0x00, 0x00, 0x00, 0x38, 0x00, 0x00, 0x06, 0x06, 0x00, 0x00, 0x00, 0x00, 0x00, 
    0x00, 0x06, 0x06, 0x00, 0x00, 0x00, 0x00, 0x00, 0x00, 0x03, 0x0C, 0x00, 0x00, 0x00, 0x00, 0x00, 
    0x00, 0x03, 0x9C, 0x00, 0x00, 0x00, 0x00, 0x00, 0x00, 0x01, 0xF8, 0x00, 0x00, 0x00, 0x00, 0x00, 
    0x00, 0x00, 0x00, 0x00, 0x00, 0x00, 0x00, 0x00, 0x00, 0x00, 0x00, 0x00, 0x00, 0x00, 0x00, 0x00, 
    0x00, 0x00, 0x00, 0x00, 0x00, 0x00, 0x00, 0x00, 0x00, 0x00, 0x00, 0x00, 0x00, 0x00, 0x00, 0x00, 
    0x00, 0x00, 0x00, 0x00, 0x00, 0x00, 0x00, 0x00, 0x00, 0x00, 0x00, 0x00, 0x00, 0x00, 0x00, 0x00, 
    0x00, 0x00, 0x00, 0x00, 0x00, 0x00, 0x00, 0x00, 0x00, 0x00, 0x00, 0x00, 0x00, 0x00, 0x00, 0x00, 
      },
  {
    0x00, 0x00, 0x00, 0x00, 0x00, 0x00, 0x00, 0x00, 0x00, 0x00, 0x00, 0x00, 0x00, 0x00, 0x00, 0x00, 
    0x00, 0x00, 0x00, 0x00, 0x00, 0x00, 0x00, 0x00, 0x00, 0x00, 0x00, 0x00, 0x00, 0x00, 0x00, 0x00, 
    0x00, 0x00, 0x00, 0x00, 0x00, 0x00, 0x00, 0x00, 0x00, 0x00, 0x00, 0x00, 0x00, 0x00, 0x00, 0x00, 
    0x00, 0x00, 0x00, 0x00, 0x00, 0x00, 0x00, 0x00, 0x00, 0x00, 0x00, 0x00, 0x00, 0x00, 0x00, 0x00, 
    0x00, 0x00, 0x00, 0x00, 0x00, 0x00, 0x00, 0x00, 0x00, 0x00, 0x00, 0x00, 0x00, 0x03, 0xC0, 0x00, 
    0x00, 0x00, 0x00, 0x00, 0x00, 0x07, 0xE0, 0x00, 0x00, 0x0F, 0x00, 0x00, 0x00, 0x0C, 0x30, 0x00, 
    0x00, 0x1F, 0x80, 0x00, 0x00, 0x08, 0x18, 0x00, 0x00, 0x30, 0xC0, 0x00, 0x00, 0x18, 0x18, 0x00, 
    0x00, 0x60, 0x60, 0x00, 0x00, 0x18, 0x18, 0x00, 0x00, 0x60, 0x60, 0x00, 0x00, 0x08, 0x18, 0x00, 
    0x00, 0x60, 0x60, 0x00, 0x00, 0x0C, 0x30, 0x00, 0x00, 0x60, 0x40, 0x00, 0x00, 0x0F, 0xE0, 0x00, 
    0x00, 0x30, 0xC0, 0x00, 0x00, 0x19, 0xC0, 0x00, 0x00, 0x1F, 0xE0, 0x00, 0x00, 0x30, 0x00, 0x00, 
    0x00, 0x06, 0x30, 0x00, 0x00, 0x00, 0x00, 0x00, 0x00, 0x00, 0x10, 0x00, 0x00, 0x00, 0x00, 0x00, 
    0x00, 0x00, 0x00, 0x00, 0x00, 0x00, 0x00, 0x00, 0x00, 0x00, 0x00, 0x07, 0x80, 0x00, 0x00, 0x00, 
    0x00, 0x00, 0x00, 0x1F, 0xC0, 0x00, 0x00, 0x00, 0x00, 0x00, 0x00, 0x38, 0xE0, 0x06, 0x00, 0x00, 
    0x00, 0x00, 0x00, 0x30, 0x70, 0x06, 0x00, 0x00, 0x00, 0x00, 0x00, 0x60, 0x30, 0x03, 0x00, 0x00, 
    0x00, 0x00, 0x00, 0x60, 0x30, 0x03, 0x00, 0x00, 0x00, 0x00, 0x00, 0x60, 0x30, 0x03, 0x00, 0x00, 
    0x00, 0x00, 0x00, 0x70, 0x30, 0x03, 0x00, 0x00, 0x00, 0x00, 0x00, 0x30, 0x70, 0x03, 0x00, 0x00, 
    0x00, 0x00, 0x00, 0x1F, 0xE0, 0x03, 0x00, 0x00, 0x00, 0x00, 0x00, 0x0F, 0xC0, 0x03, 0x00, 0x00, 
    0x00, 0x00, 0x00, 0x07, 0xE0, 0x03, 0x00, 0x00, 0x00, 0x00, 0x00, 0x1F, 0xF8, 0x03, 0x00, 0x00, 
    0x00, 0x00, 0x40, 0x3C, 0x3C, 0x03, 0x00, 0x00, 0x00, 0x00, 0x60, 0x70, 0x0E, 0x06, 0x00, 0x00, 
    0x00, 0x00, 0x60, 0xE0, 0x07, 0x06, 0x00, 0x00, 0x00, 0x00, 0x70, 0xC0, 0x03, 0x0E, 0x00, 0x00, 
    0x00, 0x00, 0x30, 0xC0, 0x03, 0x0C, 0x00, 0x00, 0x00, 0x00, 0x19, 0x80, 0x01, 0x98, 0x00, 0x00, 
    0x00, 0x00, 0x1D, 0x80, 0x01, 0xB8, 0x00, 0x00, 0x00, 0x00, 0x0F, 0x80, 0x01, 0xFC, 0x60, 0x00, 
    0x00, 0x00, 0x0F, 0x80, 0x01, 0xE7, 0xF8, 0x00, 0x00, 0x03, 0x99, 0xE0, 0x07, 0x83, 0x0C, 0x00, 
    0x00, 0x07, 0xF0, 0xFF, 0xFF, 0x02, 0x06, 0x00, 0x00, 0x0C, 0x30, 0x1F, 0xF8, 0x06, 0x06, 0x00, 
    0x00, 0x18, 0x10, 0x00, 0x00, 0x06, 0x06, 0x00, 0x00, 0x18, 0x18, 0x00, 0x00, 0x06, 0x06, 0x00, 
    0x00, 0x18, 0x18, 0x00, 0x00, 0x03, 0x0C, 0x00, 0x00, 0x18, 0x10, 0x00, 0x00, 0x01, 0xF8, 0x00, 
    0x00, 0x0C, 0x30, 0x00, 0x00, 0x00, 0xF0, 0x00, 0x00, 0x07, 0xE0, 0x00, 0x00, 0x00, 0x00, 0x00, 
    0x00, 0x03, 0xC0, 0x00, 0x00, 0x00, 0x00, 0x00, 0x00, 0x00, 0x00, 0x00, 0x00, 0x00, 0x00, 0x00, 
    0x00, 0x00, 0x00, 0x00, 0x00, 0x00, 0x00, 0x00, 0x00, 0x00, 0x00, 0x00, 0x00, 0x00, 0x00, 0x00, 
    0x00, 0x00, 0x00, 0x00, 0x00, 0x00, 0x00, 0x00, 0x00, 0x00, 0x00, 0x00, 0x00, 0x00, 0x00, 0x00, 
    0x00, 0x00, 0x00, 0x00, 0x00, 0x00, 0x00, 0x00, 0x00, 0x00, 0x00, 0x00, 0x00, 0x00, 0x00, 0x00, 
    0x00, 0x00, 0x00, 0x00, 0x00, 0x00, 0x00, 0x00, 0x00, 0x00, 0x00, 0x00, 0x00, 0x00, 0x00, 0x00, 
      },
  {
    0x00, 0x00, 0x00, 0x00, 0x00, 0x00, 0x00, 0x00, 0x00, 0x00, 0x00, 0x00, 0x00, 0x00, 0x00, 0x00, 
    0x00, 0x00, 0x00, 0x00, 0x00, 0x00, 0x00, 0x00, 0x00, 0x00, 0x00, 0x00, 0x00, 0x00, 0x00, 0x00, 
    0x00, 0x00, 0x00, 0x00, 0x00, 0x00, 0x00, 0x00, 0x00, 0x00, 0x00, 0x00, 0x00, 0x00, 0x00, 0x00, 
    0x00, 0x00, 0x00, 0x00, 0x00, 0x00, 0x00, 0x00, 0x00, 0x00, 0x00, 0x00, 0x00, 0x00, 0x00, 0x00, 
    0x00, 0x00, 0x00, 0x00, 0x00, 0x00, 0x00, 0x00, 0x00, 0x03, 0xC0, 0x00, 0x00, 0x00, 0x00, 0x00, 
    0x00, 0x07, 0xE0, 0x00, 0x00, 0x00, 0x00, 0x00, 0x00, 0x0C, 0x30, 0x00, 0x00, 0x00, 0xF0, 0x00, 
    0x00, 0x18, 0x10, 0x00, 0x00, 0x01, 0xF8, 0x00, 0x00, 0x18, 0x18, 0x00, 0x00, 0x03, 0x0C, 0x00, 
    0x00, 0x18, 0x18, 0x00, 0x00, 0x06, 0x06, 0x00, 0x00, 0x18, 0x10, 0x00, 0x00, 0x06, 0x06, 0x00, 
    0x00, 0x0C, 0x30, 0x00, 0x00, 0x06, 0x06, 0x00, 0x00, 0x07, 0xF0, 0x00, 0x00, 0x02, 0x06, 0x00, 
    0x00, 0x03, 0x98, 0x00, 0x00, 0x03, 0x0C, 0x00, 0x00, 0x00, 0x0C, 0x00, 0x00, 0x07, 0xF8, 0x00, 
    0x00, 0x00, 0x00, 0x00, 0x00, 0x0C, 0x60, 0x00, 0x00, 0x00, 0x00, 0x00, 0x00, 0x08, 0x00, 0x00, 
    0x00, 0x00, 0x00, 0x00, 0x00, 0x00, 0x00, 0x00, 0x00, 0x00, 0x00, 0x03, 0x80, 0x00, 0x00, 0x00, 
    0x00, 0x00, 0x00, 0x0F, 0xE0, 0x00, 0x00, 0x00, 0x00, 0x00, 0x00, 0x1C, 0xF0, 0x00, 0x00, 0x00, 
    0x00, 0x00, 0x00, 0x38, 0x30, 0x00, 0x00, 0x00, 0x00, 0x00, 0x00, 0x30, 0x38, 0x00, 0x00, 0x00, 
    0x00, 0x00, 0x00, 0x30, 0x18, 0x00, 0x00, 0x00, 0x00, 0x00, 0x00, 0x30, 0x18, 0x03, 0x00, 0x00, 
    0x00, 0x00, 0x00, 0x30, 0x38, 0x03, 0x00, 0x00, 0x00, 0x00, 0x00, 0x38, 0x30, 0x03, 0x00, 0x00, 
    0x00, 0x00, 0x80, 0x1F, 0xE0, 0x03, 0x00, 0x00, 0x00, 0x00, 0xC0, 0x0F, 0xC0, 0x03, 0x00, 0x00, 
    0x00, 0x00, 0xC0, 0x07, 0xE0, 0x03, 0x00, 0x00, 0x00, 0x00, 0xC0, 0x1F, 0xF8, 0x03, 0x00, 0x00, 
    0x00, 0x00, 0xC0, 0x3C, 0x3C, 0x03, 0x00, 0x00, 0x00, 0x00, 0x60, 0x70, 0x0E, 0x06, 0x00, 0x00, 
    0x00, 0x00, 0x60, 0xE0, 0x07, 0x06, 0x00, 0x00, 0x00, 0x00, 0x70, 0xC0, 0x03, 0x0E, 0x00, 0x00, 
    0x00, 0x00, 0x30, 0xC0, 0x03, 0x0C, 0x00, 0x00, 0x00, 0x00, 0x19, 0x80, 0x01, 0x98, 0x00, 0x00, 
    0x00, 0x00, 0x1D, 0x80, 0x01, 0xB8, 0x00, 0x00, 0x00, 0x06, 0x3F, 0x80, 0x01, 0xF0, 0x00, 0x00, 
    0x00, 0x1F, 0xE7, 0x80, 0x01, 0xF0, 0x00, 0x00, 0x00, 0x30, 0xC1, 0xE0, 0x07, 0x99, 0xC0, 0x00, 
    0x00, 0x60, 0x40, 0xFF, 0xFF, 0x0F, 0xE0, 0x00, 0x00, 0x60, 0x60, 0x1F, 0xF8, 0x0C, 0x30, 0x00, 
    0x00, 0x60, 0x60, 0x00, 0x00, 0x08, 0x18, 0x00, 0x00, 0x60, 0x60, 0x00, 0x00, 0x18, 0x18, 0x00, 
    0x00, 0x30, 0xC0, 0x00, 0x00, 0x18, 0x18, 0x00, 0x00, 0x1F, 0x80, 0x00, 0x00, 0x08, 0x18, 0x00, 
    0x00, 0x0F, 0x00, 0x00, 0x00, 0x0C, 0x30, 0x00, 0x00, 0x00, 0x00, 0x00, 0x00, 0x07, 0xE0, 0x00, 
    0x00, 0x00, 0x00, 0x00, 0x00, 0x03, 0xC0, 0x00, 0x00, 0x00, 0x00, 0x00, 0x00, 0x00, 0x00, 0x00, 
    0x00, 0x00, 0x00, 0x00, 0x00, 0x00, 0x00, 0x00, 0x00, 0x00, 0x00, 0x00, 0x00, 0x00, 0x00, 0x00, 
    0x00, 0x00, 0x00, 0x00, 0x00, 0x00, 0x00, 0x00, 0x00, 0x00, 0x00, 0x00, 0x00, 0x00, 0x00, 0x00, 
    0x00, 0x00, 0x00, 0x00, 0x00, 0x00, 0x00, 0x00, 0x00, 0x00, 0x00, 0x00, 0x00, 0x00, 0x00, 0x00, 
    0x00, 0x00, 0x00, 0x00, 0x00, 0x00, 0x00, 0x00, 0x00, 0x00, 0x00, 0x00, 0x00, 0x00, 0x00, 0x00, 
      },
  {
    0x00, 0x00, 0x00, 0x00, 0x00, 0x00, 0x00, 0x00, 0x00, 0x00, 0x00, 0x00, 0x00, 0x00, 0x00, 0x00, 
    0x00, 0x00, 0x00, 0x00, 0x00, 0x00, 0x00, 0x00, 0x00, 0x00, 0x00, 0x00, 0x00, 0x00, 0x00, 0x00, 
    0x00, 0x00, 0x00, 0x00, 0x00, 0x00, 0x00, 0x00, 0x00, 0x00, 0x00, 0x00, 0x00, 0x00, 0x00, 0x00, 
    0x00, 0x00, 0x00, 0x00, 0x00, 0x00, 0x00, 0x00, 0x00, 0x00, 0x00, 0x00, 0x00, 0x00, 0x00, 0x00, 
    0x00, 0x01, 0xF8, 0x00, 0x00, 0x00, 0x00, 0x00, 0x00, 0x03, 0x9C, 0x00, 0x00, 0x00, 0x00, 0x00, 
    0x00, 0x03, 0x0C, 0x00, 0x00, 0x00, 0x00, 0x00, 0x00, 0x06, 0x06, 0x00, 0x00, 0x00, 0x00, 0x00, 
    0x00, 0x06, 0x06, 0x00, 0x00, 0x00, 0x00, 0x00, 0x00, 0x06, 0x06, 0x00, 0x00, 0x00, 0x38, 0x00, 
    0x00, 0x03, 0x0C, 0x00, 0x00, 0x00, 0x7E, 0x00, 0x00, 0x01, 0xFC, 0x00, 0x00, 0x00, 0xC7, 0x00, 
    0x00, 0x00, 0xFC, 0x00, 0x00, 0x01, 0x83, 0x00, 0x00, 0x00, 0x06, 0x00, 0x00, 0x01, 0x81, 0x00, 
    0x00, 0x00, 0x06, 0x00, 0x00, 0x01, 0x81, 0x00, 0x00, 0x00, 0x00, 0x00, 0x00, 0x01, 0x83, 0x00, 
    0x00, 0x00, 0x00, 0x00, 0x00, 0x01, 0xC7, 0x00, 0x00, 0x00, 0x00, 0x00, 0x00, 0x07, 0xFE, 0x00, 
    0x00, 0x00, 0x00, 0x00, 0x00, 0x06, 0x38, 0x00, 0x00, 0x00, 0x00, 0x03, 0x80, 0x00, 0x00, 0x00, 
    0x00, 0x00, 0x00, 0x0F, 0xE0, 0x00, 0x00, 0x00, 0x00, 0x00, 0x00, 0x1E, 0x70, 0x00, 0x00, 0x00, 
    0x00, 0x00, 0x00, 0x18, 0x38, 0x00, 0x00, 0x00, 0x00, 0x00, 0x00, 0x30, 0x18, 0x00, 0x00, 0x00, 
    0x00, 0x00, 0xC0, 0x30, 0x18, 0x00, 0x00, 0x00, 0x00, 0x00, 0xC0, 0x30, 0x18, 0x00, 0x00, 0x00, 
    0x00, 0x00, 0xC0, 0x30, 0x18, 0x00, 0x00, 0x00, 0x00, 0x00, 0xC0, 0x18, 0x38, 0x00, 0x00, 0x00, 
    0x00, 0x00, 0xC0, 0x1F, 0xF0, 0x00, 0x00, 0x00, 0x00, 0x00, 0xC0, 0x0F, 0xE0, 0x03, 0x00, 0x00, 
    0x00, 0x00, 0xC0, 0x07, 0xE0, 0x03, 0x00, 0x00, 0x00, 0x00, 0xC0, 0x1F, 0xF8, 0x03, 0x00, 0x00, 
    0x00, 0x00, 0xC0, 0x3C, 0x3C, 0x03, 0x00, 0x00, 0x00, 0x00, 0x60, 0x70, 0x0E, 0x06, 0x00, 0x00, 
    0x00, 0x00, 0x60, 0xE0, 0x07, 0x06, 0x00, 0x00, 0x00, 0x00, 0x70, 0xC0, 0x03, 0x0E, 0x00, 0x00, 
    0x00, 0x00, 0x30, 0xC0, 0x03, 0x0C, 0x00, 0x00, 0x00, 0x1C, 0x79, 0x80, 0x01, 0x98, 0x00, 0x00, 
    0x00, 0x7F, 0xFD, 0x80, 0x01, 0xB8, 0x00, 0x00, 0x00, 0xE3, 0x8F, 0x80, 0x01, 0xF0, 0x00, 0x00, 
    0x00, 0xC1, 0x87, 0x80, 0x01, 0xE0, 0x00, 0x00, 0x00, 0x81, 0x81, 0xE0, 0x07, 0xE0, 0x00, 0x00, 
    0x00, 0x81, 0x80, 0xFF, 0xFF, 0x60, 0x00, 0x00, 0x00, 0xC1, 0x80, 0x1F, 0xF8, 0x3F, 0x00, 0x00, 
    0x00, 0xE3, 0x00, 0x00, 0x00, 0x3F, 0x80, 0x00, 0x00, 0x7E, 0x00, 0x00, 0x00, 0x30, 0xC0, 0x00, 
    0x00, 0x1C, 0x00, 0x00, 0x00, 0x60, 0x60, 0x00, 0x00, 0x00, 0x00, 0x00, 0x00, 0x60, 0x60, 0x00, 
    0x00, 0x00, 0x00, 0x00, 0x00, 0x60, 0x60, 0x00, 0x00, 0x00, 0x00, 0x00, 0x00, 0x30, 0xC0, 0x00, 
    0x00, 0x00, 0x00, 0x00, 0x00, 0x39, 0xC0, 0x00, 0x00, 0x00, 0x00, 0x00, 0x00, 0x1F, 0x80, 0x00, 
    0x00, 0x00, 0x00, 0x00, 0x00, 0x00, 0x00, 0x00, 0x00, 0x00, 0x00, 0x00, 0x00, 0x00, 0x00, 0x00, 
    0x00, 0x00, 0x00, 0x00, 0x00, 0x00, 0x00, 0x00, 0x00, 0x00, 0x00, 0x00, 0x00, 0x00, 0x00, 0x00, 
    0x00, 0x00, 0x00, 0x00, 0x00, 0x00, 0x00, 0x00, 0x00, 0x00, 0x00, 0x00, 0x00, 0x00, 0x00, 0x00, 
    0x00, 0x00, 0x00, 0x00, 0x00, 0x00, 0x00, 0x00, 0x00, 0x00, 0x00, 0x00, 0x00, 0x00, 0x00, 0x00, 
      },
  {
    0x00, 0x00, 0x00, 0x00, 0x00, 0x00, 0x00, 0x00, 0x00, 0x00, 0x00, 0x00, 0x00, 0x00, 0x00, 0x00, 
    0x00, 0x00, 0x00, 0x00, 0x00, 0x00, 0x00, 0x00, 0x00, 0x00, 0x00, 0x00, 0x00, 0x00, 0x00, 0x00, 
    0x00, 0x00, 0x00, 0x00, 0x00, 0x00, 0x00, 0x00, 0x00, 0x00, 0x00, 0x00, 0x00, 0x00, 0x00, 0x00, 
    0x00, 0x00, 0x3C, 0x00, 0x00, 0x00, 0x00, 0x00, 0x00, 0x00, 0x7F, 0x00, 0x00, 0x00, 0x00, 0x00, 
    0x00, 0x00, 0xC3, 0x00, 0x00, 0x00, 0x00, 0x00, 0x00, 0x00, 0xC1, 0x80, 0x00, 0x00, 0x00, 0x00, 
    0x00, 0x01, 0x81, 0x80, 0x00, 0x00, 0x00, 0x00, 0x00, 0x00, 0x81, 0x80, 0x00, 0x00, 0x00, 0x00, 
    0x00, 0x00, 0xC1, 0x80, 0x00, 0x00, 0x00, 0x00, 0x00, 0x00, 0xE3, 0x00, 0x00, 0x00, 0x00, 0x00, 
    0x00, 0x00, 0x7F, 0x00, 0x00, 0x00, 0x00, 0x00, 0x00, 0x00, 0x1F, 0x00, 0x00, 0x00, 0x04, 0x00, 
    0x00, 0x00, 0x03, 0x00, 0x00, 0x00, 0x3F, 0x00, 0x00, 0x00, 0x01, 0x80, 0x00, 0x00, 0x73, 0x80, 
    0x00, 0x00, 0x00, 0x00, 0x00, 0x00, 0x60, 0xC0, 0x00, 0x00, 0x00, 0x00, 0x00, 0x00, 0xC0, 0xC0, 
    0x00, 0x00, 0x00, 0x00, 0x00, 0x00, 0xC0, 0xC0, 0x00, 0x00, 0x00, 0x00, 0x00, 0x00, 0xC0, 0xC0, 
    0x00, 0x00, 0x00, 0x00, 0x00, 0x01, 0xE1, 0x80, 0x00, 0x00, 0x00, 0x01, 0x80, 0x03, 0xFF, 0x80, 
    0x00, 0x00, 0x60, 0x07, 0xE0, 0x02, 0x1E, 0x00, 0x00, 0x00, 0x60, 0x0E, 0x70, 0x00, 0x00, 0x00, 
    0x00, 0x00, 0x60, 0x18, 0x18, 0x00, 0x00, 0x00, 0x00, 0x00, 0xC0, 0x18, 0x18, 0x00, 0x00, 0x00, 
    0x00, 0x00, 0xC0, 0x30, 0x0C, 0x00, 0x00, 0x00, 0x00, 0x00, 0xC0, 0x30, 0x0C, 0x00, 0x00, 0x00, 
    0x00, 0x00, 0xC0, 0x18, 0x18, 0x00, 0x00, 0x00, 0x00, 0x00, 0xC0, 0x1C, 0x38, 0x00, 0x00, 0x00, 
    0x00, 0x00, 0xC0, 0x0F, 0xF0, 0x00, 0x00, 0x00, 0x00, 0x00, 0xC0, 0x07, 0xE0, 0x00, 0x00, 0x00, 
    0x00, 0x00, 0xC0, 0x07, 0xE0, 0x00, 0x00, 0x00, 0x00, 0x00, 0xC0, 0x1F, 0xF8, 0x00, 0x00, 0x00, 
    0x00, 0x00, 0xC0, 0x3C, 0x3C, 0x02, 0x00, 0x00, 0x00, 0x00, 0x60, 0x70, 0x0E, 0x06, 0x00, 0x00, 
    0x00, 0x00, 0x60, 0xE0, 0x07, 0x06, 0x00, 0x00, 0x00, 0x78, 0x70, 0xC0, 0x03, 0x0E, 0x00, 0x00, 
    0x01, 0xFF, 0xF0, 0xC0, 0x03, 0x0C, 0x00, 0x00, 0x01, 0x87, 0x99, 0x80, 0x01, 0x98, 0x00, 0x00, 
    0x03, 0x03, 0x1D, 0x80, 0x01, 0xB8, 0x00, 0x00, 0x03, 0x03, 0x0F, 0x80, 0x01, 0xF0, 0x00, 0x00, 
    0x03, 0x03, 0x07, 0x80, 0x01, 0xE0, 0x00, 0x00, 0x03, 0x06, 0x01, 0xE0, 0x07, 0x80, 0x00, 0x00, 
    0x01, 0xCE, 0x00, 0xFF, 0xFF, 0x80, 0x00, 0x00, 0x00, 0xFC, 0x00, 0x1F, 0xF8, 0xC0, 0x00, 0x00, 
    0x00, 0x20, 0x00, 0x00, 0x00, 0xF8, 0x00, 0x00, 0x00, 0x00, 0x00, 0x00, 0x00, 0xFE, 0x00, 0x00, 
    0x00, 0x00, 0x00, 0x00, 0x00, 0xC7, 0x00, 0x00, 0x00, 0x00, 0x00, 0x00, 0x01, 0x83, 0x00, 0x00, 
    0x00, 0x00, 0x00, 0x00, 0x01, 0x81, 0x00, 0x00, 0x00, 0x00, 0x00, 0x00, 0x01, 0x81, 0x80, 0x00, 
    0x00, 0x00, 0x00, 0x00, 0x01, 0x83, 0x00, 0x00, 0x00, 0x00, 0x00, 0x00, 0x00, 0xC3, 0x00, 0x00, 
    0x00, 0x00, 0x00, 0x00, 0x00, 0xFE, 0x00, 0x00, 0x00, 0x00, 0x00, 0x00, 0x00, 0x3C, 0x00, 0x00, 
    0x00, 0x00, 0x00, 0x00, 0x00, 0x00, 0x00, 0x00, 0x00, 0x00, 0x00, 0x00, 0x00, 0x00, 0x00, 0x00, 
    0x00, 0x00, 0x00, 0x00, 0x00, 0x00, 0x00, 0x00, 0x00, 0x00, 0x00, 0x00, 0x00, 0x00, 0x00, 0x00, 
    0x00, 0x00, 0x00, 0x00, 0x00, 0x00, 0x00, 0x00, 0x00, 0x00, 0x00, 0x00, 0x00, 0x00, 0x00, 0x00, 
      },
  {
    0x00, 0x00, 0x00, 0x00, 0x00, 0x00, 0x00, 0x00, 0x00, 0x00, 0x00, 0x00, 0x00, 0x00, 0x00, 0x00, 
    0x00, 0x00, 0x00, 0x00, 0x00, 0x00, 0x00, 0x00, 0x00, 0x00, 0x00, 0x00, 0x00, 0x00, 0x00, 0x00, 
    0x00, 0x00, 0x00, 0x00, 0x00, 0x00, 0x00, 0x00, 0x00, 0x00, 0x0F, 0x80, 0x00, 0x00, 0x00, 0x00, 
    0x00, 0x00, 0x1F, 0xC0, 0x00, 0x00, 0x00, 0x00, 0x00, 0x00, 0x30, 0x60, 0x00, 0x00, 0x00, 0x00, 
    0x00, 0x00, 0x30, 0x60, 0x00, 0x00, 0x00, 0x00, 0x00, 0x00, 0x30, 0x20, 0x00, 0x00, 0x00, 0x00, 
    0x00, 0x00, 0x30, 0x20, 0x00, 0x00, 0x00, 0x00, 0x00, 0x00, 0x30, 0x60, 0x00, 0x00, 0x00, 0x00, 
    0x00, 0x00, 0x1D, 0xC0, 0x00, 0x00, 0x00, 0x00, 0x00, 0x00, 0x0F, 0xC0, 0x00, 0x00, 0x00, 0x00, 
    0x00, 0x00, 0x01, 0xC0, 0x00, 0x00, 0x00, 0x00, 0x00, 0x00, 0x00, 0xC0, 0x00, 0x00, 0x00, 0x00, 
    0x00, 0x00, 0x00, 0x40, 0x00, 0x00, 0x00, 0x00, 0x00, 0x00, 0x00, 0x00, 0x00, 0x00, 0x00, 0x00, 
    0x00, 0x00, 0x00, 0x00, 0x00, 0x00, 0x0F, 0x80, 0x00, 0x00, 0x00, 0x00, 0x00, 0x00, 0x1F, 0xC0, 
    0x00, 0x00, 0x08, 0x00, 0x00, 0x00, 0x30, 0x60, 0x00, 0x00, 0x1C, 0x00, 0x00, 0x00, 0x30, 0x60, 
    0x00, 0x00, 0x18, 0x00, 0x00, 0x00, 0x20, 0x60, 0x00, 0x00, 0x30, 0x01, 0xC0, 0x00, 0x60, 0x60, 
    0x00, 0x00, 0x70, 0x07, 0xF0, 0x00, 0xF0, 0x60, 0x00, 0x00, 0x60, 0x0E, 0x78, 0x01, 0xF9, 0xC0, 
    0x00, 0x00, 0x60, 0x1C, 0x18, 0x00, 0x0F, 0x80, 0x00, 0x00, 0xC0, 0x18, 0x0C, 0x00, 0x00, 0x00, 
    0x00, 0x00, 0xC0, 0x18, 0x0C, 0x00, 0x00, 0x00, 0x00, 0x00, 0xC0, 0x18, 0x0C, 0x00, 0x00, 0x00, 
    0x00, 0x00, 0xC0, 0x18, 0x0C, 0x00, 0x00, 0x00, 0x00, 0x00, 0xC0, 0x1C, 0x18, 0x00, 0x00, 0x00, 
    0x00, 0x00, 0xC0, 0x0F, 0xF8, 0x00, 0x00, 0x00, 0x00, 0x00, 0xC0, 0x07, 0xF0, 0x00, 0x00, 0x00, 
    0x00, 0x00, 0xC0, 0x07, 0xE0, 0x00, 0x00, 0x00, 0x00, 0x00, 0xC0, 0x1F, 0xF8, 0x00, 0x00, 0x00, 
    0x00, 0x00, 0xC0, 0x3C, 0x3C, 0x00, 0x00, 0x00, 0x01, 0xF0, 0xE0, 0x70, 0x0E, 0x00, 0x00, 0x00, 
    0x03, 0x9F, 0xE0, 0xE0, 0x07, 0x00, 0x00, 0x00, 0x06, 0x0F, 0x70, 0xC0, 0x03, 0x08, 0x00, 0x00, 
    0x06, 0x06, 0x30, 0xC0, 0x03, 0x0C, 0x00, 0x00, 0x06, 0x04, 0x19, 0x80, 0x01, 0x98, 0x00, 0x00, 
    0x06, 0x0C, 0x1D, 0x80, 0x01, 0xB8, 0x00, 0x00, 0x06, 0x0C, 0x0F, 0x80, 0x01, 0xF0, 0x00, 0x00, 
    0x03, 0xF8, 0x07, 0x80, 0x01, 0xE0, 0x00, 0x00, 0x01, 0xF0, 0x01, 0xE0, 0x07, 0x80, 0x00, 0x00, 
    0x00, 0x00, 0x00, 0xFF, 0xFF, 0x00, 0x00, 0x00, 0x00, 0x00, 0x00, 0x1F, 0xFE, 0x00, 0x00, 0x00, 
    0x00, 0x00, 0x00, 0x00, 0x03, 0x00, 0x00, 0x00, 0x00, 0x00, 0x00, 0x00, 0x03, 0x80, 0x00, 0x00, 
    0x00, 0x00, 0x00, 0x00, 0x03, 0xF0, 0x00, 0x00, 0x00, 0x00, 0x00, 0x00, 0x03, 0x38, 0x00, 0x00, 
    0x00, 0x00, 0x00, 0x00, 0x06, 0x0C, 0x00, 0x00, 0x00, 0x00, 0x00, 0x00, 0x04, 0x0C, 0x00, 0x00, 
    0x00, 0x00, 0x00, 0x00, 0x04, 0x0C, 0x00, 0x00, 0x00, 0x00, 0x00, 0x00, 0x06, 0x0C, 0x00, 0x00, 
    0x00, 0x00, 0x00, 0x00, 0x06, 0x0C, 0x00, 0x00, 0x00, 0x00, 0x00, 0x00, 0x03, 0xF8, 0x00, 0x00, 
    0x00, 0x00, 0x00, 0x00, 0x01, 0xF0, 0x00, 0x00, 0x00, 0x00, 0x00, 0x00, 0x00, 0x00, 0x00, 0x00, 
    0x00, 0x00, 0x00, 0x00, 0x00, 0x00, 0x00, 0x00, 0x00, 0x00, 0x00, 0x00, 0x00, 0x00, 0x00, 0x00, 
    0x00, 0x00, 0x00, 0x00, 0x00, 0x00, 0x00, 0x00, 0x00, 0x00, 0x00, 0x00, 0x00, 0x00, 0x00, 0x00, 
      },
  {
    0x00, 0x00, 0x00, 0x00, 0x00, 0x00, 0x00, 0x00, 0x00, 0x00, 0x00, 0x00, 0x00, 0x00, 0x00, 0x00, 
    0x00, 0x00, 0x00, 0x00, 0x00, 0x00, 0x00, 0x00, 0x00, 0x00, 0x00, 0x00, 0x00, 0x00, 0x00, 0x00, 
    0x00, 0x00, 0x01, 0xE0, 0x00, 0x00, 0x00, 0x00, 0x00, 0x00, 0x07, 0xF8, 0x00, 0x00, 0x00, 0x00, 
    0x00, 0x00, 0x06, 0x18, 0x00, 0x00, 0x00, 0x00, 0x00, 0x00, 0x0C, 0x0C, 0x00, 0x00, 0x00, 0x00, 
    0x00, 0x00, 0x0C, 0x0C, 0x00, 0x00, 0x00, 0x00, 0x00, 0x00, 0x0C, 0x0C, 0x00, 0x00, 0x00, 0x00, 
    0x00, 0x00, 0x06, 0x18, 0x00, 0x00, 0x00, 0x00, 0x00, 0x00, 0x07, 0x38, 0x00, 0x00, 0x00, 0x00, 
    0x00, 0x00, 0x03, 0xF0, 0x00, 0x00, 0x00, 0x00, 0x00, 0x00, 0x00, 0x60, 0x00, 0x00, 0x00, 0x00, 
    0x00, 0x00, 0x00, 0x30, 0x00, 0x00, 0x00, 0x00, 0x00, 0x00, 0x00, 0x30, 0x00, 0x00, 0x00, 0x00, 
    0x00, 0x00, 0x00, 0x10, 0x00, 0x00, 0x00, 0x00, 0x00, 0x00, 0x00, 0x00, 0x00, 0x00, 0x00, 0x00, 
    0x00, 0x00, 0x01, 0x80, 0x00, 0x00, 0x00, 0x00, 0x00, 0x00, 0x07, 0x80, 0x00, 0x00, 0x00, 0x00, 
    0x00, 0x00, 0x0E, 0x00, 0x00, 0x00, 0x03, 0x80, 0x00, 0x00, 0x1C, 0x00, 0x00, 0x00, 0x0F, 0xE0, 
    0x00, 0x00, 0x18, 0x00, 0x00, 0x00, 0x1C, 0x60, 0x00, 0x00, 0x30, 0x01, 0xE0, 0x00, 0x18, 0x30, 
    0x00, 0x00, 0x70, 0x07, 0xF0, 0x00, 0x10, 0x30, 0x00, 0x00, 0x60, 0x0F, 0x38, 0x00, 0x30, 0x30, 
    0x00, 0x00, 0x60, 0x0C, 0x1C, 0x00, 0xF8, 0x30, 0x00, 0x00, 0xC0, 0x18, 0x0C, 0x01, 0xDC, 0x60, 
    0x00, 0x00, 0xC0, 0x18, 0x0C, 0x00, 0x0F, 0xE0, 0x00, 0x00, 0xC0, 0x18, 0x0C, 0x00, 0x03, 0x80, 
    0x00, 0x00, 0xC0, 0x1C, 0x0C, 0x00, 0x00, 0x00, 0x00, 0x00, 0xC0, 0x0C, 0x1C, 0x00, 0x00, 0x00, 
    0x00, 0x00, 0xC0, 0x07, 0xF8, 0x00, 0x00, 0x00, 0x00, 0x00, 0xC0, 0x03, 0xF0, 0x00, 0x00, 0x00, 
    0x01, 0xC0, 0xC0, 0x07, 0xE0, 0x00, 0x00, 0x00, 0x07, 0xF0, 0xC0, 0x1F, 0xF8, 0x00, 0x00, 0x00, 
    0x06, 0x3B, 0xC0, 0x3C, 0x3C, 0x00, 0x00, 0x00, 0x0C, 0x1F, 0xE0, 0x70, 0x0E, 0x00, 0x00, 0x00, 
    0x0C, 0x0C, 0x60, 0xE0, 0x07, 0x00, 0x00, 0x00, 0x0C, 0x08, 0x70, 0xC0, 0x03, 0x00, 0x00, 0x00, 
    0x0C, 0x18, 0x30, 0xC0, 0x03, 0x00, 0x00, 0x00, 0x06, 0x38, 0x19, 0x80, 0x01, 0x80, 0x00, 0x00, 
    0x07, 0xF0, 0x1D, 0x80, 0x01, 0xA0, 0x00, 0x00, 0x01, 0xC0, 0x0F, 0x80, 0x01, 0xF0, 0x00, 0x00, 
    0x00, 0x00, 0x07, 0x80, 0x01, 0xE0, 0x00, 0x00, 0x00, 0x00, 0x01, 0xE0, 0x07, 0x80, 0x00, 0x00, 
    0x00, 0x00, 0x00, 0xFF, 0xFF, 0x00, 0x00, 0x00, 0x00, 0x00, 0x00, 0x1F, 0xFC, 0x00, 0x00, 0x00, 
    0x00, 0x00, 0x00, 0x00, 0x0C, 0x00, 0x00, 0x00, 0x00, 0x00, 0x00, 0x00, 0x0C, 0x00, 0x00, 0x00, 
    0x00, 0x00, 0x00, 0x00, 0x06, 0x00, 0x00, 0x00, 0x00, 0x00, 0x00, 0x00, 0x0F, 0xC0, 0x00, 0x00, 
    0x00, 0x00, 0x00, 0x00, 0x1C, 0xE0, 0x00, 0x00, 0x00, 0x00, 0x00, 0x00, 0x18, 0x60, 0x00, 0x00, 
    0x00, 0x00, 0x00, 0x00, 0x30, 0x30, 0x00, 0x00, 0x00, 0x00, 0x00, 0x00, 0x30, 0x30, 0x00, 0x00, 
    0x00, 0x00, 0x00, 0x00, 0x30, 0x30, 0x00, 0x00, 0x00, 0x00, 0x00, 0x00, 0x18, 0x60, 0x00, 0x00, 
    0x00, 0x00, 0x00, 0x00, 0x1F, 0xE0, 0x00, 0x00, 0x00, 0x00, 0x00, 0x00, 0x07, 0x80, 0x00, 0x00, 
    0x00, 0x00, 0x00, 0x00, 0x00, 0x00, 0x00, 0x00, 0x00, 0x00, 0x00, 0x00, 0x00, 0x00, 0x00, 0x00, 
    0x00, 0x00, 0x00, 0x00, 0x00, 0x00, 0x00, 0x00, 0x00, 0x00, 0x00, 0x00, 0x00, 0x00, 0x00, 0x00, 
      },
  {
    0x00, 0x00, 0x00, 0x00, 0x00, 0x00, 0x00, 0x00, 0x00, 0x00, 0x00, 0x00, 0x00, 0x00, 0x00, 0x00, 
    0x00, 0x00, 0x00, 0x00, 0x00, 0x00, 0x00, 0x00, 0x00, 0x00, 0x00, 0x38, 0x00, 0x00, 0x00, 0x00, 
    0x00, 0x00, 0x00, 0xFE, 0x00, 0x00, 0x00, 0x00, 0x00, 0x00, 0x01, 0xC6, 0x00, 0x00, 0x00, 0x00, 
    0x00, 0x00, 0x01, 0x83, 0x00, 0x00, 0x00, 0x00, 0x00, 0x00, 0x01, 0x03, 0x00, 0x00, 0x00, 0x00, 
    0x00, 0x00, 0x01, 0x03, 0x00, 0x00, 0x00, 0x00, 0x00, 0x00, 0x01, 0x83, 0x00, 0x00, 0x00, 0x00, 
    0x00, 0x00, 0x01, 0xC6, 0x00, 0x00, 0x00, 0x00, 0x00, 0x00, 0x00, 0xFE, 0x00, 0x00, 0x00, 0x00, 
    0x00, 0x00, 0x00, 0x38, 0x00, 0x00, 0x00, 0x00, 0x00, 0x00, 0x00, 0x18, 0x00, 0x00, 0x00, 0x00, 
    0x00, 0x00, 0x00, 0x08, 0x00, 0x00, 0x00, 0x00, 0x00, 0x00, 0x00, 0x0C, 0x00, 0x00, 0x00, 0x00, 
    0x00, 0x00, 0x00, 0x18, 0x00, 0x00, 0x00, 0x00, 0x00, 0x00, 0x00, 0xF8, 0x00, 0x00, 0x00, 0x00, 
    0x00, 0x00, 0x01, 0xE0, 0x00, 0x00, 0x00, 0x00, 0x00, 0x00, 0x07, 0x80, 0x00, 0x00, 0x00, 0x00, 
    0x00, 0x00, 0x0E, 0x00, 0x00, 0x00, 0x00, 0x00, 0x00, 0x00, 0x1C, 0x00, 0x00, 0x00, 0x00, 0x00, 
    0x00, 0x00, 0x18, 0x00, 0x00, 0x00, 0x01, 0x80, 0x00, 0x00, 0x30, 0x01, 0xE0, 0x00, 0x07, 0xE0, 
    0x00, 0x00, 0x70, 0x07, 0xF8, 0x00, 0x0E, 0x70, 0x00, 0x00, 0x60, 0x0F, 0x1C, 0x00, 0x0C, 0x30, 
    0x00, 0x00, 0x60, 0x0C, 0x0C, 0x00, 0x18, 0x18, 0x00, 0x00, 0xC0, 0x0C, 0x0E, 0x00, 0x38, 0x18, 
    0x00, 0x00, 0xC0, 0x1C, 0x06, 0x00, 0xF8, 0x18, 0x00, 0x00, 0xC0, 0x0C, 0x06, 0x00, 0x8C, 0x30, 
    0x00, 0x00, 0xC0, 0x0C, 0x0C, 0x00, 0x0F, 0xF0, 0x00, 0x00, 0xC0, 0x0E, 0x1C, 0x00, 0x03, 0xC0, 
    0x03, 0xC0, 0xC0, 0x07, 0xF8, 0x00, 0x00, 0x00, 0x0F, 0xF0, 0xC0, 0x03, 0xF0, 0x00, 0x00, 0x00, 
    0x0C, 0x31, 0xC0, 0x07, 0xE0, 0x00, 0x00, 0x00, 0x18, 0x1F, 0xC0, 0x1F, 0xF8, 0x00, 0x00, 0x00, 
    0x18, 0x1C, 0xC0, 0x3C, 0x3C, 0x00, 0x00, 0x00, 0x18, 0x18, 0x60, 0x70, 0x0E, 0x00, 0x00, 0x00, 
    0x0C, 0x30, 0x60, 0xE0, 0x07, 0x00, 0x00, 0x00, 0x0E, 0x70, 0x70, 0xC0, 0x03, 0x00, 0x00, 0x00, 
    0x07, 0xE0, 0x30, 0xC0, 0x03, 0x00, 0x00, 0x00, 0x00, 0x80, 0x19, 0x80, 0x01, 0x80, 0x00, 0x00, 
    0x00, 0x00, 0x1D, 0x80, 0x01, 0x80, 0x00, 0x00, 0x00, 0x00, 0x0F, 0x80, 0x01, 0x80, 0x00, 0x00, 
    0x00, 0x00, 0x07, 0x80, 0x01, 0x80, 0x00, 0x00, 0x00, 0x00, 0x01, 0xE0, 0x07, 0x80, 0x00, 0x00, 
    0x00, 0x00, 0x00, 0xFF, 0xFF, 0x00, 0x00, 0x00, 0x00, 0x00, 0x00, 0x1F, 0xF8, 0x00, 0x00, 0x00, 
    0x00, 0x00, 0x00, 0x00, 0x30, 0x00, 0x00, 0x00, 0x00, 0x00, 0x00, 0x00, 0x10, 0x00, 0x00, 0x00, 
    0x00, 0x00, 0x00, 0x00, 0x18, 0x00, 0x00, 0x00, 0x00, 0x00, 0x00, 0x00, 0x1C, 0x00, 0x00, 0x00, 
    0x00, 0x00, 0x00, 0x00, 0x7F, 0x00, 0x00, 0x00, 0x00, 0x00, 0x00, 0x00, 0x63, 0x80, 0x00, 0x00, 
    0x00, 0x00, 0x00, 0x00, 0xC1, 0x80, 0x00, 0x00, 0x00, 0x00, 0x00, 0x00, 0xC0, 0x80, 0x00, 0x00, 
    0x00, 0x00, 0x00, 0x00, 0xC0, 0xC0, 0x00, 0x00, 0x00, 0x00, 0x00, 0x00, 0xC1, 0x80, 0x00, 0x00, 
    0x00, 0x00, 0x00, 0x00, 0x63, 0x80, 0x00, 0x00, 0x00, 0x00, 0x00, 0x00, 0x7F, 0x00, 0x00, 0x00, 
    0x00, 0x00, 0x00, 0x00, 0x1C, 0x00, 0x00, 0x00, 0x00, 0x00, 0x00, 0x00, 0x00, 0x00, 0x00, 0x00, 
    0x00, 0x00, 0x00, 0x00, 0x00, 0x00, 0x00, 0x00, 0x00, 0x00, 0x00, 0x00, 0x00, 0x00, 0x00, 0x00, 
      },
  {
    0x00, 0x00, 0x00, 0x00, 0x00, 0x00, 0x00, 0x00, 0x00, 0x00, 0x00, 0x00, 0x00, 0x00, 0x00, 0x00, 
    0x00, 0x00, 0x00, 0x00, 0x00, 0x00, 0x00, 0x00, 0x00, 0x00, 0x00, 0x1F, 0x00, 0x00, 0x00, 0x00, 
    0x00, 0x00, 0x00, 0x3B, 0x80, 0x00, 0x00, 0x00, 0x00, 0x00, 0x00, 0x60, 0xC0, 0x00, 0x00, 0x00, 
    0x00, 0x00, 0x00, 0x60, 0x40, 0x00, 0x00, 0x00, 0x00, 0x00, 0x00, 0x60, 0x40, 0x00, 0x00, 0x00, 
    0x00, 0x00, 0x00, 0x60, 0x40, 0x00, 0x00, 0x00, 0x00, 0x00, 0x00, 0x60, 0xC0, 0x00, 0x00, 0x00, 
    0x00, 0x00, 0x00, 0x3B, 0x80, 0x00, 0x00, 0x00, 0x00, 0x00, 0x00, 0x1F, 0x00, 0x00, 0x00, 0x00, 
    0x00, 0x00, 0x00, 0x06, 0x00, 0x00, 0x00, 0x00, 0x00, 0x00, 0x00, 0x06, 0x00, 0x00, 0x00, 0x00, 
    0x00, 0x00, 0x00, 0x06, 0x00, 0x00, 0x00, 0x00, 0x00, 0x00, 0x00, 0x07, 0x00, 0x00, 0x00, 0x00, 
    0x00, 0x00, 0x00, 0x1F, 0xC0, 0x00, 0x00, 0x00, 0x00, 0x00, 0x00, 0xFF, 0x80, 0x00, 0x00, 0x00, 
    0x00, 0x00, 0x01, 0xE0, 0x00, 0x00, 0x00, 0x00, 0x00, 0x00, 0x07, 0x80, 0x00, 0x00, 0x00, 0x00, 
    0x00, 0x00, 0x0E, 0x00, 0x00, 0x00, 0x00, 0x00, 0x00, 0x00, 0x1C, 0x00, 0x00, 0x00, 0x00, 0x00, 
    0x00, 0x00, 0x18, 0x00, 0x00, 0x00, 0x00, 0x00, 0x00, 0x00, 0x30, 0x01, 0xE0, 0x00, 0x00, 0x00, 
    0x00, 0x00, 0x70, 0x07, 0xF8, 0x00, 0x00, 0x00, 0x00, 0x00, 0x60, 0x06, 0x1C, 0x00, 0x03, 0xE0, 
    0x00, 0x00, 0x60, 0x0C, 0x0C, 0x00, 0x07, 0xF0, 0x00, 0x00, 0xC0, 0x0C, 0x06, 0x00, 0x0C, 0x18, 
    0x00, 0x00, 0xC0, 0x0C, 0x06, 0x00, 0x0C, 0x18, 0x00, 0x00, 0xC0, 0x0C, 0x06, 0x00, 0x78, 0x08, 
    0x07, 0xC0, 0xC0, 0x0C, 0x0E, 0x00, 0xFC, 0x18, 0x0E, 0x60, 0xC0, 0x0E, 0x1C, 0x00, 0x0C, 0x18, 
    0x18, 0x31, 0xC0, 0x07, 0xF8, 0x00, 0x06, 0x30, 0x18, 0x3F, 0xC0, 0x03, 0xF0, 0x00, 0x03, 0xE0, 
    0x10, 0x1F, 0xC0, 0x07, 0xE0, 0x00, 0x00, 0x00, 0x18, 0x30, 0xC0, 0x1F, 0xF8, 0x00, 0x00, 0x00, 
    0x18, 0x30, 0xC0, 0x3C, 0x3C, 0x00, 0x00, 0x00, 0x0F, 0xE0, 0x60, 0x70, 0x0E, 0x00, 0x00, 0x00, 
    0x07, 0xC0, 0x60, 0xE0, 0x07, 0x00, 0x00, 0x00, 0x00, 0x00, 0x70, 0xC0, 0x03, 0x00, 0x00, 0x00, 
    0x00, 0x00, 0x30, 0xC0, 0x03, 0x00, 0x00, 0x00, 0x00, 0x00, 0x19, 0x80, 0x01, 0x80, 0x00, 0x00, 
    0x00, 0x00, 0x1D, 0x80, 0x01, 0x80, 0x00, 0x00, 0x00, 0x00, 0x0F, 0x80, 0x01, 0x80, 0x00, 0x00, 
    0x00, 0x00, 0x07, 0x80, 0x01, 0x00, 0x00, 0x00, 0x00, 0x00, 0x01, 0xE0, 0x00, 0x00, 0x00, 0x00, 
    0x00, 0x00, 0x00, 0xFF, 0xFC, 0x00, 0x00, 0x00, 0x00, 0x00, 0x00, 0x1F, 0xF8, 0x00, 0x00, 0x00, 
    0x00, 0x00, 0x00, 0x00, 0xE0, 0x00, 0x00, 0x00, 0x00, 0x00, 0x00, 0x00, 0x60, 0x00, 0x00, 0x00, 
    0x00, 0x00, 0x00, 0x00, 0x60, 0x00, 0x00, 0x00, 0x00, 0x00, 0x00, 0x00, 0x60, 0x00, 0x00, 0x00, 
    0x00, 0x00, 0x00, 0x00, 0xF8, 0x00, 0x00, 0x00, 0x00, 0x00, 0x00, 0x01, 0xDC, 0x00, 0x00, 0x00, 
    0x00, 0x00, 0x00, 0x03, 0x06, 0x00, 0x00, 0x00, 0x00, 0x00, 0x00, 0x02, 0x06, 0x00, 0x00, 0x00, 
    0x00, 0x00, 0x00, 0x02, 0x06, 0x00, 0x00, 0x00, 0x00, 0x00, 0x00, 0x02, 0x06, 0x00, 0x00, 0x00, 
    0x00, 0x00, 0x00, 0x03, 0x06, 0x00, 0x00, 0x00, 0x00, 0x00, 0x00, 0x01, 0xDC, 0x00, 0x00, 0x00, 
    0x00, 0x00, 0x00, 0x00, 0xF8, 0x00, 0x00, 0x00, 0x00, 0x00, 0x00, 0x00, 0x00, 0x00, 0x00, 0x00, 
    0x00, 0x00, 0x00, 0x00, 0x00, 0x00, 0x00, 0x00, 0x00, 0x00, 0x00, 0x00, 0x00, 0x00, 0x00, 0x00, 
      },
  {
    0x00, 0x00, 0x00, 0x00, 0x00, 0x00, 0x00, 0x00, 0x00, 0x00, 0x00, 0x00, 0x00, 0x00, 0x00, 0x00, 
    0x00, 0x00, 0x00, 0x01, 0x80, 0x00, 0x00, 0x00, 0x00, 0x00, 0x00, 0x07, 0xE0, 0x00, 0x00, 0x00, 
    0x00, 0x00, 0x00, 0x0E, 0x70, 0x00, 0x00, 0x00, 0x00, 0x00, 0x00, 0x18, 0x30, 0x00, 0x00, 0x00, 
    0x00, 0x00, 0x00, 0x18, 0x18, 0x00, 0x00, 0x00, 0x00, 0x00, 0x00, 0x18, 0x18, 0x00, 0x00, 0x00, 
    0x00, 0x00, 0x00, 0x18, 0x18, 0x00, 0x00, 0x00, 0x00, 0x00, 0x00, 0x1C, 0x30, 0x00, 0x00, 0x00, 
    0x00, 0x00, 0x00, 0x0F, 0xE0, 0x00, 0x00, 0x00, 0x00, 0x00, 0x00, 0x07, 0xC0, 0x00, 0x00, 0x00, 
    0x00, 0x00, 0x00, 0x01, 0x80, 0x00, 0x00, 0x00, 0x00, 0x00, 0x00, 0x01, 0x80, 0x00, 0x00, 0x00, 
    0x00, 0x00, 0x00, 0x01, 0x80, 0x00, 0x00, 0x00, 0x00, 0x00, 0x00, 0x01, 0x80, 0x00, 0x00, 0x00, 
    0x00, 0x00, 0x00, 0x1F, 0xF8, 0x00, 0x00, 0x00, 0x00, 0x00, 0x00, 0xFF, 0xFC, 0x00, 0x00, 0x00, 
    0x00, 0x00, 0x01, 0xE0, 0x00, 0x00, 0x00, 0x00, 0x00, 0x00, 0x07, 0x80, 0x00, 0x00, 0x00, 0x00, 
    0x00, 0x00, 0x0E, 0x00, 0x00, 0x00, 0x00, 0x00, 0x00, 0x00, 0x1C, 0x00, 0x00, 0x00, 0x00, 0x00, 
    0x00, 0x00, 0x18, 0x00, 0x00, 0x00, 0x00, 0x00, 0x00, 0x00, 0x30, 0x01, 0xF0, 0x00, 0x00, 0x00, 
    0x00, 0x00, 0x70, 0x07, 0xF8, 0x00, 0x00, 0x00, 0x00, 0x00, 0x60, 0x06, 0x1C, 0x00, 0x00, 0x00, 
    0x00, 0x00, 0x60, 0x0C, 0x0C, 0x00, 0x00, 0x00, 0x03, 0x80, 0xC0, 0x0C, 0x06, 0x00, 0x03, 0xE0, 
    0x0F, 0xC0, 0xC0, 0x0C, 0x06, 0x00, 0x07, 0xF0, 0x1C, 0x60, 0xC0, 0x0C, 0x06, 0x00, 0x0E, 0x18, 
    0x18, 0x30, 0xC0, 0x0C, 0x0E, 0x00, 0x0C, 0x08, 0x30, 0x3F, 0xC0, 0x0E, 0x1C, 0x00, 0xFC, 0x0C, 
    0x30, 0x3F, 0xC0, 0x07, 0xF8, 0x00, 0xFC, 0x0C, 0x10, 0x30, 0xC0, 0x03, 0xF0, 0x00, 0x0C, 0x18, 
    0x18, 0x70, 0xC0, 0x07, 0xE0, 0x00, 0x06, 0x38, 0x0F, 0xE0, 0xC0, 0x1F, 0xF8, 0x00, 0x03, 0xF0, 
    0x07, 0xC0, 0xC0, 0x3C, 0x3C, 0x00, 0x01, 0xC0, 0x00, 0x00, 0x60, 0x70, 0x0E, 0x00, 0x00, 0x00, 
    0x00, 0x00, 0x60, 0xE0, 0x07, 0x00, 0x00, 0x00, 0x00, 0x00, 0x70, 0xC0, 0x03, 0x00, 0x00, 0x00, 
    0x00, 0x00, 0x30, 0xC0, 0x03, 0x00, 0x00, 0x00, 0x00, 0x00, 0x19, 0x80, 0x01, 0x80, 0x00, 0x00, 
    0x00, 0x00, 0x1D, 0x80, 0x01, 0x80, 0x00, 0x00, 0x00, 0x00, 0x0F, 0x80, 0x01, 0x80, 0x00, 0x00, 
    0x00, 0x00, 0x07, 0x80, 0x01, 0x00, 0x00, 0x00, 0x00, 0x00, 0x01, 0xE0, 0x00, 0x00, 0x00, 0x00, 
    0x00, 0x00, 0x00, 0xFF, 0xE0, 0x00, 0x00, 0x00, 0x00, 0x00, 0x00, 0x1F, 0xE0, 0x00, 0x00, 0x00, 
    0x00, 0x00, 0x00, 0x01, 0x80, 0x00, 0x00, 0x00, 0x00, 0x00, 0x00, 0x01, 0x80, 0x00, 0x00, 0x00, 
    0x00, 0x00, 0x00, 0x01, 0x80, 0x00, 0x00, 0x00, 0x00, 0x00, 0x00, 0x01, 0x80, 0x00, 0x00, 0x00, 
    0x00, 0x00, 0x00, 0x03, 0xE0, 0x00, 0x00, 0x00, 0x00, 0x00, 0x00, 0x07, 0xF0, 0x00, 0x00, 0x00, 
    0x00, 0x00, 0x00, 0x0C, 0x38, 0x00, 0x00, 0x00, 0x00, 0x00, 0x00, 0x18, 0x18, 0x00, 0x00, 0x00, 
    0x00, 0x00, 0x00, 0x18, 0x18, 0x00, 0x00, 0x00, 0x00, 0x00, 0x00, 0x18, 0x18, 0x00, 0x00, 0x00, 
    0x00, 0x00, 0x00, 0x0C, 0x18, 0x00, 0x00, 0x00, 0x00, 0x00, 0x00, 0x0E, 0x30, 0x00, 0x00, 0x00, 
    0x00, 0x00, 0x00, 0x07, 0xE0, 0x00, 0x00, 0x00, 0x00, 0x00, 0x00, 0x01, 0x80, 0x00, 0x00, 0x00, 
    0x00, 0x00, 0x00, 0x00, 0x00, 0x00, 0x00, 0x00, 0x00, 0x00, 0x00, 0x00, 0x00, 0x00, 0x00, 0x00, 
      },
  {
    0x00, 0x00, 0x00, 0x00, 0x00, 0x00, 0x00, 0x00, 0x00, 0x00, 0x00, 0x00, 0x00, 0x00, 0x00, 0x00, 
    0x00, 0x00, 0x00, 0x00, 0xE0, 0x00, 0x00, 0x00, 0x00, 0x00, 0x00, 0x01, 0xF8, 0x00, 0x00, 0x00, 
    0x00, 0x00, 0x00, 0x03, 0x1C, 0x00, 0x00, 0x00, 0x00, 0x00, 0x00, 0x06, 0x06, 0x00, 0x00, 0x00, 
    0x00, 0x00, 0x00, 0x06, 0x06, 0x00, 0x00, 0x00, 0x00, 0x00, 0x00, 0x06, 0x06, 0x00, 0x00, 0x00, 
    0x00, 0x00, 0x00, 0x06, 0x06, 0x00, 0x00, 0x00, 0x00, 0x00, 0x00, 0x03, 0x0C, 0x00, 0x00, 0x00, 
    0x00, 0x00, 0x00, 0x03, 0xFC, 0x00, 0x00, 0x00, 0x00, 0x00, 0x00, 0x00, 0xF0, 0x00, 0x00, 0x00, 
    0x00, 0x00, 0x00, 0x00, 0x40, 0x00, 0x00, 0x00, 0x00, 0x00, 0x00, 0x00, 0x40, 0x00, 0x00, 0x00, 
    0x00, 0x00, 0x00, 0x00, 0xC0, 0x00, 0x00, 0x00, 0x00, 0x00, 0x00, 0x00, 0xC0, 0x00, 0x00, 0x00, 
    0x00, 0x00, 0x00, 0x1F, 0xF8, 0x00, 0x00, 0x00, 0x00, 0x00, 0x00, 0xFF, 0xFF, 0x00, 0x00, 0x00, 
    0x00, 0x00, 0x01, 0xE0, 0x07, 0x80, 0x00, 0x00, 0x00, 0x00, 0x07, 0x80, 0x01, 0xC0, 0x00, 0x00, 
    0x00, 0x00, 0x0E, 0x00, 0x00, 0x00, 0x00, 0x00, 0x00, 0x00, 0x1C, 0x00, 0x00, 0x00, 0x00, 0x00, 
    0x00, 0x00, 0x18, 0x00, 0x00, 0x00, 0x00, 0x00, 0x00, 0x00, 0x30, 0x01, 0xF0, 0x00, 0x00, 0x00, 
    0x00, 0x00, 0x70, 0x07, 0xF8, 0x00, 0x00, 0x00, 0x07, 0x80, 0x60, 0x06, 0x1C, 0x00, 0x00, 0x00, 
    0x0F, 0xE0, 0x60, 0x0C, 0x0E, 0x00, 0x00, 0x00, 0x18, 0x60, 0xC0, 0x0C, 0x06, 0x00, 0x00, 0x00, 
    0x18, 0x30, 0xC0, 0x0C, 0x06, 0x00, 0x00, 0x00, 0x30, 0x30, 0xC0, 0x0C, 0x06, 0x00, 0x01, 0xE0, 
    0x30, 0x3F, 0xC0, 0x0C, 0x0E, 0x00, 0x07, 0xF0, 0x30, 0x33, 0xC0, 0x06, 0x1C, 0x00, 0x06, 0x18, 
    0x18, 0x60, 0xC0, 0x07, 0xF8, 0x00, 0xCC, 0x0C, 0x0F, 0xE0, 0xC0, 0x01, 0xF0, 0x00, 0xFC, 0x0C, 
    0x07, 0x80, 0xC0, 0x07, 0xE0, 0x00, 0x0C, 0x0C, 0x00, 0x00, 0xC0, 0x1F, 0xF8, 0x00, 0x0C, 0x18, 
    0x00, 0x00, 0xC0, 0x3C, 0x3C, 0x00, 0x06, 0x18, 0x00, 0x00, 0x60, 0x70, 0x0E, 0x00, 0x07, 0xF0, 
    0x00, 0x00, 0x60, 0xE0, 0x07, 0x00, 0x01, 0xE0, 0x00, 0x00, 0x70, 0xC0, 0x03, 0x00, 0x00, 0x00, 
    0x00, 0x00, 0x30, 0xC0, 0x03, 0x00, 0x00, 0x00, 0x00, 0x00, 0x19, 0x80, 0x01, 0x80, 0x00, 0x00, 
    0x00, 0x00, 0x1D, 0x80, 0x01, 0x80, 0x00, 0x00, 0x00, 0x00, 0x0F, 0x80, 0x01, 0x80, 0x00, 0x00, 
    0x00, 0x00, 0x07, 0x80, 0x01, 0x00, 0x00, 0x00, 0x00, 0x00, 0x01, 0xE0, 0x00, 0x00, 0x00, 0x00, 
    0x00, 0x00, 0x00, 0xFF, 0x00, 0x00, 0x00, 0x00, 0x00, 0x00, 0x00, 0x1F, 0x00, 0x00, 0x00, 0x00, 
    0x00, 0x00, 0x00, 0x03, 0x00, 0x00, 0x00, 0x00, 0x00, 0x00, 0x00, 0x03, 0x00, 0x00, 0x00, 0x00, 
    0x00, 0x00, 0x00, 0x02, 0x00, 0x00, 0x00, 0x00, 0x00, 0x00, 0x00, 0x02, 0x00, 0x00, 0x00, 0x00, 
    0x00, 0x00, 0x00, 0x0F, 0x00, 0x00, 0x00, 0x00, 0x00, 0x00, 0x00, 0x3F, 0xC0, 0x00, 0x00, 0x00, 
    0x00, 0x00, 0x00, 0x30, 0xC0, 0x00, 0x00, 0x00, 0x00, 0x00, 0x00, 0x60, 0x60, 0x00, 0x00, 0x00, 
    0x00, 0x00, 0x00, 0x60, 0x60, 0x00, 0x00, 0x00, 0x00, 0x00, 0x00, 0x60, 0x60, 0x00, 0x00, 0x00, 
    0x00, 0x00, 0x00, 0x60, 0x60, 0x00, 0x00, 0x00, 0x00, 0x00, 0x00, 0x38, 0xC0, 0x00, 0x00, 0x00, 
    0x00, 0x00, 0x00, 0x1F, 0x80, 0x00, 0x00, 0x00, 0x00, 0x00, 0x00, 0x07, 0x00, 0x00, 0x00, 0x00, 
    0x00, 0x00, 0x00, 0x00, 0x00, 0x00, 0x00, 0x00, 0x00, 0x00, 0x00, 0x00, 0x00, 0x00, 0x00, 0x00, 
      },
  {
    0x00, 0x00, 0x00, 0x00, 0x00, 0x00, 0x00, 0x00, 0x00, 0x00, 0x00, 0x00, 0x00, 0x00, 0x00, 0x00, 
    0x00, 0x00, 0x00, 0x00, 0x38, 0x00, 0x00, 0x00, 0x00, 0x00, 0x00, 0x00, 0x7E, 0x00, 0x00, 0x00, 
    0x00, 0x00, 0x00, 0x00, 0xC7, 0x00, 0x00, 0x00, 0x00, 0x00, 0x00, 0x01, 0x83, 0x80, 0x00, 0x00, 
    0x00, 0x00, 0x00, 0x01, 0x81, 0x80, 0x00, 0x00, 0x00, 0x00, 0x00, 0x01, 0x81, 0x80, 0x00, 0x00, 
    0x00, 0x00, 0x00, 0x01, 0x81, 0x80, 0x00, 0x00, 0x00, 0x00, 0x00, 0x01, 0xC3, 0x00, 0x00, 0x00, 
    0x00, 0x00, 0x00, 0x00, 0xFF, 0x00, 0x00, 0x00, 0x00, 0x00, 0x00, 0x00, 0x7C, 0x00, 0x00, 0x00, 
    0x00, 0x00, 0x00, 0x00, 0x30, 0x00, 0x00, 0x00, 0x00, 0x00, 0x00, 0x00, 0x30, 0x00, 0x00, 0x00, 
    0x00, 0x00, 0x00, 0x00, 0x30, 0x00, 0x00, 0x00, 0x00, 0x00, 0x00, 0x00, 0x70, 0x00, 0x00, 0x00, 
    0x00, 0x00, 0x00, 0x1F, 0xF8, 0x00, 0x00, 0x00, 0x00, 0x00, 0x00, 0xFF, 0xFF, 0x00, 0x00, 0x00, 
    0x00, 0x00, 0x01, 0xE0, 0x07, 0x80, 0x00, 0x00, 0x00, 0x00, 0x07, 0x80, 0x01, 0xE0, 0x00, 0x00, 
    0x00, 0x00, 0x0E, 0x00, 0x00, 0x70, 0x00, 0x00, 0x00, 0x00, 0x1C, 0x00, 0x00, 0x38, 0x00, 0x00, 
    0x00, 0x00, 0x18, 0x00, 0x00, 0x18, 0x00, 0x00, 0x07, 0x80, 0x30, 0x01, 0xF0, 0x00, 0x00, 0x00, 
    0x0F, 0xE0, 0x70, 0x07, 0xF8, 0x00, 0x00, 0x00, 0x1C, 0x60, 0x60, 0x06, 0x1C, 0x00, 0x00, 0x00, 
    0x18, 0x30, 0x60, 0x0C, 0x0E, 0x00, 0x00, 0x00, 0x30, 0x30, 0xC0, 0x0C, 0x06, 0x00, 0x00, 0x00, 
    0x30, 0x3F, 0xC0, 0x0C, 0x06, 0x00, 0x00, 0x00, 0x30, 0x3F, 0xC0, 0x0C, 0x06, 0x00, 0x00, 0x00, 
    0x18, 0x71, 0xC0, 0x0C, 0x0E, 0x00, 0x00, 0x00, 0x0F, 0xE0, 0xC0, 0x07, 0x1C, 0x00, 0x03, 0xE0, 
    0x07, 0xC0, 0xC0, 0x03, 0xF8, 0x00, 0x07, 0xF0, 0x00, 0x00, 0xC0, 0x01, 0xF0, 0x00, 0x0E, 0x18, 
    0x00, 0x00, 0xC0, 0x07, 0xE0, 0x00, 0xFC, 0x0C, 0x00, 0x00, 0xC0, 0x1F, 0xF8, 0x00, 0x7C, 0x0C, 
    0x00, 0x00, 0xC0, 0x3C, 0x3C, 0x00, 0x0C, 0x0C, 0x00, 0x00, 0x60, 0x70, 0x0E, 0x00, 0x0C, 0x18, 
    0x00, 0x00, 0x60, 0xE0, 0x07, 0x00, 0x06, 0x38, 0x00, 0x00, 0x70, 0xC0, 0x03, 0x00, 0x07, 0xF0, 
    0x00, 0x00, 0x30, 0xC0, 0x03, 0x00, 0x01, 0xE0, 0x00, 0x00, 0x19, 0x80, 0x01, 0x80, 0x00, 0x00, 
    0x00, 0x00, 0x1D, 0x80, 0x01, 0x80, 0x00, 0x00, 0x00, 0x00, 0x0F, 0x80, 0x01, 0x80, 0x00, 0x00, 
    0x00, 0x00, 0x07, 0x80, 0x01, 0x00, 0x00, 0x00, 0x00, 0x00, 0x01, 0xE0, 0x00, 0x00, 0x00, 0x00, 
    0x00, 0x00, 0x00, 0xFC, 0x00, 0x00, 0x00, 0x00, 0x00, 0x00, 0x00, 0x1C, 0x00, 0x00, 0x00, 0x00, 
    0x00, 0x00, 0x00, 0x0C, 0x00, 0x00, 0x00, 0x00, 0x00, 0x00, 0x00, 0x0C, 0x00, 0x00, 0x00, 0x00, 
    0x00, 0x00, 0x00, 0x0C, 0x00, 0x00, 0x00, 0x00, 0x00, 0x00, 0x00, 0x0C, 0x00, 0x00, 0x00, 0x00, 
    0x00, 0x00, 0x00, 0x3E, 0x00, 0x00, 0x00, 0x00, 0x00, 0x00, 0x00, 0xFF, 0x00, 0x00, 0x00, 0x00, 
    0x00, 0x00, 0x00, 0xC3, 0x80, 0x00, 0x00, 0x00, 0x00, 0x00, 0x01, 0x81, 0x80, 0x00, 0x00, 0x00, 
    0x00, 0x00, 0x01, 0x81, 0x80, 0x00, 0x00, 0x00, 0x00, 0x00, 0x01, 0x81, 0x80, 0x00, 0x00, 0x00, 
    0x00, 0x00, 0x01, 0xC1, 0x80, 0x00, 0x00, 0x00, 0x00, 0x00, 0x00, 0xE3, 0x00, 0x00, 0x00, 0x00, 
    0x00, 0x00, 0x00, 0x7E, 0x00, 0x00, 0x00, 0x00, 0x00, 0x00, 0x00, 0x1C, 0x00, 0x00, 0x00, 0x00, 
    0x00, 0x00, 0x00, 0x00, 0x00, 0x00, 0x00, 0x00, 0x00, 0x00, 0x00, 0x00, 0x00, 0x00, 0x00, 0x00, 
      },
  {
    0x00, 0x00, 0x00, 0x00, 0x00, 0x00, 0x00, 0x00, 0x00, 0x00, 0x00, 0x00, 0x00, 0x00, 0x00, 0x00, 
    0x00, 0x00, 0x00, 0x00, 0x0E, 0x00, 0x00, 0x00, 0x00, 0x00, 0x00, 0x00, 0x1F, 0x80, 0x00, 0x00, 
    0x00, 0x00, 0x00, 0x00, 0x31, 0xC0, 0x00, 0x00, 0x00, 0x00, 0x00, 0x00, 0x60, 0xC0, 0x00, 0x00, 
    0x00, 0x00, 0x00, 0x00, 0x60, 0x60, 0x00, 0x00, 0x00, 0x00, 0x00, 0x00, 0x60, 0x60, 0x00, 0x00, 
    0x00, 0x00, 0x00, 0x00, 0x60, 0x60, 0x00, 0x00, 0x00, 0x00, 0x00, 0x00, 0x60, 0xC0, 0x00, 0x00, 
    0x00, 0x00, 0x00, 0x00, 0x3B, 0xC0, 0x00, 0x00, 0x00, 0x00, 0x00, 0x00, 0x1F, 0x80, 0x00, 0x00, 
    0x00, 0x00, 0x00, 0x00, 0x0C, 0x00, 0x00, 0x00, 0x00, 0x00, 0x00, 0x00, 0x18, 0x00, 0x00, 0x00, 
    0x00, 0x00, 0x00, 0x00, 0x18, 0x00, 0x00, 0x00, 0x00, 0x00, 0x00, 0x00, 0x18, 0x00, 0x00, 0x00, 
    0x00, 0x00, 0x00, 0x1F, 0xF8, 0x00, 0x00, 0x00, 0x00, 0x00, 0x00, 0xFF, 0xFF, 0x00, 0x00, 0x00, 
    0x00, 0x00, 0x01, 0xE0, 0x07, 0x80, 0x00, 0x00, 0x00, 0x00, 0x07, 0x80, 0x01, 0xE0, 0x00, 0x00, 
    0x00, 0x00, 0x0E, 0x00, 0x00, 0x70, 0x00, 0x00, 0x03, 0x80, 0x1C, 0x00, 0x00, 0x38, 0x00, 0x00, 
    0x0F, 0xE0, 0x18, 0x00, 0x00, 0x18, 0x00, 0x00, 0x1C, 0x70, 0x30, 0x03, 0xF0, 0x0C, 0x00, 0x00, 
    0x18, 0x30, 0x70, 0x07, 0xF8, 0x0E, 0x00, 0x00, 0x30, 0x30, 0x60, 0x0E, 0x1C, 0x06, 0x00, 0x00, 
    0x30, 0x18, 0x60, 0x0C, 0x0E, 0x06, 0x00, 0x00, 0x30, 0x3F, 0xC0, 0x0C, 0x06, 0x00, 0x00, 0x00, 
    0x18, 0x37, 0xC0, 0x0C, 0x06, 0x00, 0x00, 0x00, 0x0F, 0xE0, 0xC0, 0x0C, 0x06, 0x00, 0x00, 0x00, 
    0x07, 0xC0, 0xC0, 0x0C, 0x0C, 0x00, 0x00, 0x00, 0x00, 0x00, 0xC0, 0x07, 0x1C, 0x00, 0x00, 0x00, 
    0x00, 0x00, 0xC0, 0x07, 0xF8, 0x00, 0x00, 0x00, 0x00, 0x00, 0xC0, 0x01, 0xE0, 0x00, 0x03, 0xE0, 
    0x00, 0x00, 0xC0, 0x07, 0xE0, 0x00, 0x07, 0xF0, 0x00, 0x00, 0xC0, 0x1F, 0xF8, 0x00, 0xEC, 0x18, 
    0x00, 0x00, 0xC0, 0x3C, 0x3C, 0x00, 0xFC, 0x0C, 0x00, 0x00, 0x60, 0x70, 0x0E, 0x00, 0x18, 0x0C, 
    0x00, 0x00, 0x60, 0xE0, 0x07, 0x00, 0x0C, 0x0C, 0x00, 0x00, 0x70, 0xC0, 0x03, 0x00, 0x0C, 0x18, 
    0x00, 0x00, 0x30, 0xC0, 0x03, 0x00, 0x0E, 0x38, 0x00, 0x00, 0x19, 0x80, 0x01, 0x80, 0x07, 0xF0, 
    0x00, 0x00, 0x1D, 0x80, 0x01, 0x80, 0x01, 0xC0, 0x00, 0x00, 0x0F, 0x80, 0x01, 0x80, 0x00, 0x00, 
    0x00, 0x00, 0x07, 0x80, 0x01, 0x00, 0x00, 0x00, 0x00, 0x00, 0x01, 0xE0, 0x00, 0x00, 0x00, 0x00, 
    0x00, 0x00, 0x00, 0xF0, 0x00, 0x00, 0x00, 0x00, 0x00, 0x00, 0x00, 0x10, 0x00, 0x00, 0x00, 0x00, 
    0x00, 0x00, 0x00, 0x18, 0x00, 0x00, 0x00, 0x00, 0x00, 0x00, 0x00, 0x18, 0x00, 0x00, 0x00, 0x00, 
    0x00, 0x00, 0x00, 0x18, 0x00, 0x00, 0x00, 0x00, 0x00, 0x00, 0x00, 0x30, 0x00, 0x00, 0x00, 0x00, 
    0x00, 0x00, 0x01, 0xF8, 0x00, 0x00, 0x00, 0x00, 0x00, 0x00, 0x03, 0xDC, 0x00, 0x00, 0x00, 0x00, 
    0x00, 0x00, 0x03, 0x06, 0x00, 0x00, 0x00, 0x00, 0x00, 0x00, 0x06, 0x06, 0x00, 0x00, 0x00, 0x00, 
    0x00, 0x00, 0x06, 0x06, 0x00, 0x00, 0x00, 0x00, 0x00, 0x00, 0x06, 0x06, 0x00, 0x00, 0x00, 0x00, 
    0x00, 0x00, 0x03, 0x06, 0x00, 0x00, 0x00, 0x00, 0x00, 0x00, 0x03, 0x8C, 0x00, 0x00, 0x00, 0x00, 
    0x00, 0x00, 0x01, 0xF8, 0x00, 0x00, 0x00, 0x00, 0x00, 0x00, 0x00, 0x70, 0x00, 0x00, 0x00, 0x00, 
    0x00, 0x00, 0x00, 0x00, 0x00, 0x00, 0x00, 0x00, 0x00, 0x00, 0x00, 0x00, 0x00, 0x00, 0x00, 0x00, 
      },
  {
    0x00, 0x00, 0x00, 0x00, 0x00, 0x00, 0x00, 0x00, 0x00, 0x00, 0x00, 0x00, 0x00, 0x00, 0x00, 0x00, 
    0x00, 0x00, 0x00, 0x00, 0x01, 0x00, 0x00, 0x00, 0x00, 0x00, 0x00, 0x00, 0x0F, 0xC0, 0x00, 0x00, 
    0x00, 0x00, 0x00, 0x00, 0x1C, 0xE0, 0x00, 0x00, 0x00, 0x00, 0x00, 0x00, 0x18, 0x30, 0x00, 0x00, 
    0x00, 0x00, 0x00, 0x00, 0x30, 0x30, 0x00, 0x00, 0x00, 0x00, 0x00, 0x00, 0x30, 0x18, 0x00, 0x00, 
    0x00, 0x00, 0x00, 0x00, 0x30, 0x30, 0x00, 0x00, 0x00, 0x00, 0x00, 0x00, 0x18, 0x30, 0x00, 0x00, 
    0x00, 0x00, 0x00, 0x00, 0x1C, 0x70, 0x00, 0x00, 0x00, 0x00, 0x00, 0x00, 0x0F, 0xE0, 0x00, 0x00, 
    0x00, 0x00, 0x00, 0x00, 0x07, 0x80, 0x00, 0x00, 0x00, 0x00, 0x00, 0x00, 0x06, 0x00, 0x00, 0x00, 
    0x00, 0x00, 0x00, 0x00, 0x0C, 0x00, 0x00, 0x00, 0x00, 0x00, 0x00, 0x00, 0x0C, 0x00, 0x00, 0x00, 
    0x00, 0x00, 0x00, 0x1F, 0xFC, 0x00, 0x00, 0x00, 0x00, 0x00, 0x00, 0xFF, 0xFF, 0x00, 0x00, 0x00, 
    0x00, 0x00, 0x01, 0xE0, 0x07, 0x80, 0x00, 0x00, 0x01, 0x00, 0x07, 0x80, 0x01, 0xE0, 0x00, 0x00, 
    0x07, 0xE0, 0x0E, 0x00, 0x00, 0x70, 0x00, 0x00, 0x0E, 0xF0, 0x1C, 0x00, 0x00, 0x38, 0x00, 0x00, 
    0x18, 0x30, 0x18, 0x00, 0x00, 0x18, 0x00, 0x00, 0x18, 0x18, 0x30, 0x03, 0xF0, 0x0C, 0x00, 0x00, 
    0x30, 0x18, 0x70, 0x07, 0xF8, 0x0E, 0x00, 0x00, 0x10, 0x1C, 0x60, 0x0E, 0x1C, 0x06, 0x00, 0x00, 
    0x18, 0x3F, 0xE0, 0x0C, 0x0C, 0x06, 0x00, 0x00, 0x1C, 0x73, 0xC0, 0x0C, 0x06, 0x03, 0x00, 0x00, 
    0x0F, 0xE0, 0xC0, 0x1C, 0x06, 0x03, 0x00, 0x00, 0x01, 0x80, 0xC0, 0x0C, 0x0E, 0x03, 0x00, 0x00, 
    0x00, 0x00, 0xC0, 0x0C, 0x0C, 0x03, 0x00, 0x00, 0x00, 0x00, 0xC0, 0x0E, 0x1C, 0x00, 0x00, 0x00, 
    0x00, 0x00, 0xC0, 0x07, 0xF8, 0x00, 0x00, 0x00, 0x00, 0x00, 0xC0, 0x01, 0xE0, 0x00, 0x00, 0x00, 
    0x00, 0x00, 0xC0, 0x07, 0xE0, 0x00, 0x01, 0xC0, 0x00, 0x00, 0xC0, 0x1F, 0xF8, 0x00, 0x07, 0xF0, 
    0x00, 0x00, 0xC0, 0x3C, 0x3C, 0x01, 0xCE, 0x38, 0x00, 0x00, 0x60, 0x70, 0x0E, 0x01, 0xFC, 0x18, 
    0x00, 0x00, 0x60, 0xE0, 0x07, 0x00, 0x38, 0x18, 0x00, 0x00, 0x70, 0xC0, 0x03, 0x00, 0x18, 0x0C, 
    0x00, 0x00, 0x30, 0xC0, 0x03, 0x00, 0x18, 0x18, 0x00, 0x00, 0x19, 0x80, 0x01, 0x80, 0x0C, 0x18, 
    0x00, 0x00, 0x1D, 0x80, 0x01, 0x80, 0x0F, 0x70, 0x00, 0x00, 0x0F, 0x80, 0x01, 0x80, 0x07, 0xE0, 
    0x00, 0x00, 0x07, 0x80, 0x01, 0x00, 0x00, 0x80, 0x00, 0x00, 0x01, 0xC0, 0x00, 0x00, 0x00, 0x00, 
    0x00, 0x00, 0x00, 0xC0, 0x00, 0x00, 0x00, 0x00, 0x00, 0x00, 0x00, 0x30, 0x00, 0x00, 0x00, 0x00, 
    0x00, 0x00, 0x00, 0x30, 0x00, 0x00, 0x00, 0x00, 0x00, 0x00, 0x00, 0x30, 0x00, 0x00, 0x00, 0x00, 
    0x00, 0x00, 0x00, 0x60, 0x00, 0x00, 0x00, 0x00, 0x00, 0x00, 0x01, 0xE0, 0x00, 0x00, 0x00, 0x00, 
    0x00, 0x00, 0x07, 0xF0, 0x00, 0x00, 0x00, 0x00, 0x00, 0x00, 0x0E, 0x38, 0x00, 0x00, 0x00, 0x00, 
    0x00, 0x00, 0x0C, 0x18, 0x00, 0x00, 0x00, 0x00, 0x00, 0x00, 0x0C, 0x0C, 0x00, 0x00, 0x00, 0x00, 
    0x00, 0x00, 0x18, 0x0C, 0x00, 0x00, 0x00, 0x00, 0x00, 0x00, 0x0C, 0x0C, 0x00, 0x00, 0x00, 0x00, 
    0x00, 0x00, 0x0C, 0x18, 0x00, 0x00, 0x00, 0x00, 0x00, 0x00, 0x07, 0x38, 0x00, 0x00, 0x00, 0x00, 
    0x00, 0x00, 0x03, 0xF0, 0x00, 0x00, 0x00, 0x00, 0x00, 0x00, 0x00, 0x80, 0x00, 0x00, 0x00, 0x00, 
    0x00, 0x00, 0x00, 0x00, 0x00, 0x00, 0x00, 0x00, 0x00, 0x00, 0x00, 0x00, 0x00, 0x00, 0x00, 0x00, 
      },
  {
    0x00, 0x00, 0x00, 0x00, 0x00, 0x00, 0x00, 0x00, 0x00, 0x00, 0x00, 0x00, 0x00, 0x00, 0x00, 0x00, 
    0x00, 0x00, 0x00, 0x00, 0x00, 0x00, 0x00, 0x00, 0x00, 0x00, 0x00, 0x00, 0x03, 0xF0, 0x00, 0x00, 
    0x00, 0x00, 0x00, 0x00, 0x07, 0xF8, 0x00, 0x00, 0x00, 0x00, 0x00, 0x00, 0x0E, 0x1C, 0x00, 0x00, 
    0x00, 0x00, 0x00, 0x00, 0x0C, 0x0C, 0x00, 0x00, 0x00, 0x00, 0x00, 0x00, 0x0C, 0x0C, 0x00, 0x00, 
    0x00, 0x00, 0x00, 0x00, 0x0C, 0x0C, 0x00, 0x00, 0x00, 0x00, 0x00, 0x00, 0x0C, 0x0C, 0x00, 0x00, 
    0x00, 0x00, 0x00, 0x00, 0x06, 0x18, 0x00, 0x00, 0x00, 0x00, 0x00, 0x00, 0x03, 0xF8, 0x00, 0x00, 
    0x00, 0x00, 0x00, 0x00, 0x03, 0xE0, 0x00, 0x00, 0x00, 0x00, 0x00, 0x00, 0x03, 0x00, 0x00, 0x00, 
    0x00, 0x00, 0x00, 0x00, 0x03, 0x00, 0x00, 0x00, 0x00, 0x00, 0x00, 0x00, 0x06, 0x00, 0x00, 0x00, 
    0x00, 0x00, 0x00, 0x1F, 0xFE, 0x00, 0x00, 0x00, 0x00, 0x00, 0x00, 0xFF, 0xFF, 0x00, 0x00, 0x00, 
    0x07, 0xC0, 0x01, 0xE0, 0x07, 0x80, 0x00, 0x00, 0x0F, 0xF0, 0x07, 0x80, 0x01, 0xE0, 0x00, 0x00, 
    0x1C, 0x30, 0x0E, 0x00, 0x00, 0x70, 0x00, 0x00, 0x18, 0x18, 0x1C, 0x00, 0x00, 0x38, 0x00, 0x00, 
    0x18, 0x18, 0x18, 0x00, 0x00, 0x18, 0x00, 0x00, 0x18, 0x18, 0x30, 0x03, 0xF0, 0x0C, 0x00, 0x00, 
    0x18, 0x1E, 0x70, 0x07, 0xF8, 0x0E, 0x00, 0x00, 0x1C, 0x3F, 0xE0, 0x0E, 0x1C, 0x06, 0x00, 0x00, 
    0x0F, 0xE1, 0xE0, 0x0C, 0x0C, 0x06, 0x00, 0x00, 0x07, 0xC0, 0xC0, 0x18, 0x0C, 0x03, 0x00, 0x00, 
    0x00, 0x00, 0xC0, 0x18, 0x0E, 0x03, 0x00, 0x00, 0x00, 0x00, 0xC0, 0x1C, 0x0C, 0x03, 0x00, 0x00, 
    0x00, 0x00, 0xC0, 0x0C, 0x0C, 0x03, 0x00, 0x00, 0x00, 0x00, 0xC0, 0x0E, 0x1C, 0x03, 0x00, 0x00, 
    0x00, 0x00, 0xC0, 0x07, 0xF8, 0x03, 0x00, 0x00, 0x00, 0x00, 0xC0, 0x03, 0xE0, 0x03, 0x00, 0x00, 
    0x00, 0x00, 0xC0, 0x07, 0xE0, 0x03, 0x00, 0x00, 0x00, 0x00, 0xC0, 0x1F, 0xF8, 0x01, 0x00, 0x00, 
    0x00, 0x00, 0xC0, 0x3C, 0x3C, 0x00, 0x03, 0xE0, 0x00, 0x00, 0x60, 0x70, 0x0E, 0x01, 0x8F, 0xF0, 
    0x00, 0x00, 0x60, 0xE0, 0x07, 0x01, 0xFC, 0x38, 0x00, 0x00, 0x70, 0xC0, 0x03, 0x00, 0x78, 0x18, 
    0x00, 0x00, 0x30, 0xC0, 0x03, 0x00, 0x18, 0x18, 0x00, 0x00, 0x19, 0x80, 0x01, 0x80, 0x18, 0x18, 
    0x00, 0x00, 0x1D, 0x80, 0x01, 0x80, 0x18, 0x18, 0x00, 0x00, 0x0F, 0x80, 0x01, 0x80, 0x0C, 0x38, 
    0x00, 0x00, 0x07, 0x80, 0x01, 0x00, 0x0F, 0xF0, 0x00, 0x00, 0x01, 0x80, 0x00, 0x00, 0x03, 0xE0, 
    0x00, 0x00, 0x00, 0x00, 0x00, 0x00, 0x00, 0x00, 0x00, 0x00, 0x00, 0x60, 0x00, 0x00, 0x00, 0x00, 
    0x00, 0x00, 0x00, 0x60, 0x00, 0x00, 0x00, 0x00, 0x00, 0x00, 0x00, 0xC0, 0x00, 0x00, 0x00, 0x00, 
    0x00, 0x00, 0x00, 0xC0, 0x00, 0x00, 0x00, 0x00, 0x00, 0x00, 0x07, 0xC0, 0x00, 0x00, 0x00, 0x00, 
    0x00, 0x00, 0x1F, 0xC0, 0x00, 0x00, 0x00, 0x00, 0x00, 0x00, 0x18, 0x60, 0x00, 0x00, 0x00, 0x00, 
    0x00, 0x00, 0x30, 0x30, 0x00, 0x00, 0x00, 0x00, 0x00, 0x00, 0x30, 0x30, 0x00, 0x00, 0x00, 0x00, 
    0x00, 0x00, 0x30, 0x30, 0x00, 0x00, 0x00, 0x00, 0x00, 0x00, 0x30, 0x30, 0x00, 0x00, 0x00, 0x00, 
    0x00, 0x00, 0x38, 0x70, 0x00, 0x00, 0x00, 0x00, 0x00, 0x00, 0x1F, 0xE0, 0x00, 0x00, 0x00, 0x00, 
    0x00, 0x00, 0x0F, 0xC0, 0x00, 0x00, 0x00, 0x00, 0x00, 0x00, 0x00, 0x00, 0x00, 0x00, 0x00, 0x00, 
    0x00, 0x00, 0x00, 0x00, 0x00, 0x00, 0x00, 0x00, 0x00, 0x00, 0x00, 0x00, 0x00, 0x00, 0x00, 0x00, 
      },
  {
    0x00, 0x00, 0x00, 0x00, 0x00, 0x00, 0x00, 0x00, 0x00, 0x00, 0x00, 0x00, 0x00, 0x00, 0x00, 0x00, 
    0x00, 0x00, 0x00, 0x00, 0x00, 0x00, 0x00, 0x00, 0x00, 0x00, 0x00, 0x00, 0x00, 0xF8, 0x00, 0x00, 
    0x00, 0x00, 0x00, 0x00, 0x01, 0xFC, 0x00, 0x00, 0x00, 0x00, 0x00, 0x00, 0x03, 0x8E, 0x00, 0x00, 
    0x00, 0x00, 0x00, 0x00, 0x03, 0x06, 0x00, 0x00, 0x00, 0x00, 0x00, 0x00, 0x06, 0x03, 0x00, 0x00, 
    0x00, 0x00, 0x00, 0x00, 0x06, 0x03, 0x00, 0x00, 0x00, 0x00, 0x00, 0x00, 0x03, 0x06, 0x00, 0x00, 
    0x00, 0x00, 0x00, 0x00, 0x03, 0x06, 0x00, 0x00, 0x00, 0x00, 0x00, 0x00, 0x01, 0xFC, 0x00, 0x00, 
    0x00, 0x00, 0x00, 0x00, 0x01, 0xF8, 0x00, 0x00, 0x00, 0x00, 0x00, 0x00, 0x01, 0x80, 0x00, 0x00, 
    0x00, 0x00, 0x00, 0x00, 0x01, 0x80, 0x00, 0x00, 0x00, 0x00, 0x00, 0x00, 0x03, 0x00, 0x00, 0x00, 
    0x01, 0x80, 0x00, 0x1F, 0xFF, 0x00, 0x00, 0x00, 0x07, 0xE0, 0x00, 0xFF, 0xFF, 0x00, 0x00, 0x00, 
    0x0E, 0x70, 0x01, 0xE0, 0x07, 0x80, 0x00, 0x00, 0x1C, 0x18, 0x07, 0x80, 0x01, 0xE0, 0x00, 0x00, 
    0x18, 0x18, 0x0E, 0x00, 0x00, 0x70, 0x00, 0x00, 0x18, 0x18, 0x1C, 0x00, 0x00, 0x38, 0x00, 0x00, 
    0x18, 0x18, 0x18, 0x00, 0x00, 0x18, 0x00, 0x00, 0x1C, 0x1E, 0x30, 0x03, 0xE0, 0x0C, 0x00, 0x00, 
    0x0E, 0x7F, 0xF0, 0x07, 0xF8, 0x0E, 0x00, 0x00, 0x07, 0xE1, 0xE0, 0x0E, 0x1C, 0x06, 0x00, 0x00, 
    0x01, 0x80, 0xE0, 0x1C, 0x0C, 0x06, 0x00, 0x00, 0x00, 0x00, 0xC0, 0x18, 0x0C, 0x03, 0x00, 0x00, 
    0x00, 0x00, 0xC0, 0x18, 0x0C, 0x03, 0x00, 0x00, 0x00, 0x00, 0xC0, 0x18, 0x0C, 0x03, 0x00, 0x00, 
    0x00, 0x00, 0xC0, 0x0C, 0x0C, 0x03, 0x00, 0x00, 0x00, 0x00, 0xC0, 0x0E, 0x18, 0x03, 0x00, 0x00, 
    0x00, 0x00, 0xC0, 0x07, 0xF8, 0x03, 0x00, 0x00, 0x00, 0x00, 0xC0, 0x03, 0xE0, 0x03, 0x00, 0x00, 
    0x00, 0x00, 0xC0, 0x07, 0xE0, 0x03, 0x00, 0x00, 0x00, 0x00, 0xC0, 0x1F, 0xF8, 0x03, 0x00, 0x00, 
    0x00, 0x00, 0xC0, 0x3C, 0x3C, 0x03, 0x00, 0x00, 0x00, 0x00, 0x60, 0x70, 0x0E, 0x07, 0x01, 0x80, 
    0x00, 0x00, 0x60, 0xE0, 0x07, 0x07, 0x87, 0xE0, 0x00, 0x00, 0x70, 0xC0, 0x03, 0x03, 0xFE, 0x70, 
    0x00, 0x00, 0x30, 0xC0, 0x03, 0x00, 0x78, 0x38, 0x00, 0x00, 0x19, 0x80, 0x01, 0x80, 0x18, 0x18, 
    0x00, 0x00, 0x1D, 0x80, 0x01, 0x80, 0x18, 0x18, 0x00, 0x00, 0x0F, 0x80, 0x01, 0x80, 0x18, 0x18, 
    0x00, 0x00, 0x07, 0x80, 0x01, 0x00, 0x18, 0x38, 0x00, 0x00, 0x01, 0x00, 0x00, 0x00, 0x0E, 0x70, 
    0x00, 0x00, 0x00, 0x00, 0x00, 0x00, 0x07, 0xE0, 0x00, 0x00, 0x00, 0xC0, 0x00, 0x00, 0x01, 0x80, 
    0x00, 0x00, 0x00, 0xC0, 0x00, 0x00, 0x00, 0x00, 0x00, 0x00, 0x01, 0x80, 0x00, 0x00, 0x00, 0x00, 
    0x00, 0x00, 0x01, 0x80, 0x00, 0x00, 0x00, 0x00, 0x00, 0x00, 0x1F, 0x80, 0x00, 0x00, 0x00, 0x00, 
    0x00, 0x00, 0x3F, 0x80, 0x00, 0x00, 0x00, 0x00, 0x00, 0x00, 0x60, 0xC0, 0x00, 0x00, 0x00, 0x00, 
    0x00, 0x00, 0x60, 0xC0, 0x00, 0x00, 0x00, 0x00, 0x00, 0x00, 0xC0, 0x60, 0x00, 0x00, 0x00, 0x00, 
    0x00, 0x00, 0xC0, 0x60, 0x00, 0x00, 0x00, 0x00, 0x00, 0x00, 0x60, 0xC0, 0x00, 0x00, 0x00, 0x00, 
    0x00, 0x00, 0x71, 0xC0, 0x00, 0x00, 0x00, 0x00, 0x00, 0x00, 0x3F, 0x80, 0x00, 0x00, 0x00, 0x00, 
    0x00, 0x00, 0x1F, 0x00, 0x00, 0x00, 0x00, 0x00, 0x00, 0x00, 0x00, 0x00, 0x00, 0x00, 0x00, 0x00, 
    0x00, 0x00, 0x00, 0x00, 0x00, 0x00, 0x00, 0x00, 0x00, 0x00, 0x00, 0x00, 0x00, 0x00, 0x00, 0x00, 
      },
  {
    0x00, 0x00, 0x00, 0x00, 0x00, 0x00, 0x00, 0x00, 0x00, 0x00, 0x00, 0x00, 0x00, 0x00, 0x00, 0x00, 
    0x00, 0x00, 0x00, 0x00, 0x00, 0x00, 0x00, 0x00, 0x00, 0x00, 0x00, 0x00, 0x00, 0x3C, 0x00, 0x00, 
    0x00, 0x00, 0x00, 0x00, 0x00, 0xFE, 0x00, 0x00, 0x00, 0x00, 0x00, 0x00, 0x00, 0xC7, 0x00, 0x00, 
    0x00, 0x00, 0x00, 0x00, 0x01, 0x81, 0x80, 0x00, 0x00, 0x00, 0x00, 0x00, 0x01, 0x81, 0x80, 0x00, 
    0x00, 0x00, 0x00, 0x00, 0x01, 0x81, 0x80, 0x00, 0x00, 0x00, 0x00, 0x00, 0x01, 0x81, 0x80, 0x00, 
    0x00, 0x00, 0x00, 0x00, 0x01, 0x83, 0x80, 0x00, 0x00, 0x00, 0x00, 0x00, 0x00, 0xE7, 0x00, 0x00, 
    0x00, 0x00, 0x00, 0x00, 0x00, 0xFE, 0x00, 0x00, 0x00, 0x00, 0x00, 0x00, 0x00, 0xF8, 0x00, 0x00, 
    0x00, 0x00, 0x00, 0x00, 0x00, 0xC0, 0x00, 0x00, 0x03, 0xE0, 0x00, 0x00, 0x01, 0x80, 0x00, 0x00, 
    0x07, 0xF0, 0x00, 0x1F, 0xF9, 0x80, 0x00, 0x00, 0x0C, 0x38, 0x00, 0xFF, 0xFF, 0x00, 0x00, 0x00, 
    0x1C, 0x18, 0x01, 0xE0, 0x07, 0x80, 0x00, 0x00, 0x18, 0x0C, 0x07, 0x80, 0x01, 0xE0, 0x00, 0x00, 
    0x18, 0x0C, 0x0E, 0x00, 0x00, 0x70, 0x00, 0x00, 0x18, 0x1C, 0x1C, 0x00, 0x00, 0x38, 0x00, 0x00, 
    0x0C, 0x1E, 0x18, 0x00, 0x00, 0x18, 0x00, 0x00, 0x0F, 0xFF, 0xB0, 0x03, 0xE0, 0x0C, 0x00, 0x00, 
    0x03, 0xE1, 0xF0, 0x07, 0xF8, 0x0E, 0x00, 0x00, 0x00, 0x00, 0x60, 0x0E, 0x18, 0x06, 0x00, 0x00, 
    0x00, 0x00, 0x60, 0x1C, 0x0C, 0x06, 0x00, 0x00, 0x00, 0x00, 0xC0, 0x18, 0x0C, 0x03, 0x00, 0x00, 
    0x00, 0x00, 0xC0, 0x18, 0x0C, 0x03, 0x00, 0x00, 0x00, 0x00, 0xC0, 0x18, 0x0C, 0x03, 0x00, 0x00, 
    0x00, 0x00, 0xC0, 0x1C, 0x0C, 0x03, 0x00, 0x00, 0x00, 0x00, 0xC0, 0x0E, 0x38, 0x03, 0x00, 0x00, 
    0x00, 0x00, 0xC0, 0x07, 0xF8, 0x03, 0x00, 0x00, 0x00, 0x00, 0xC0, 0x03, 0xE0, 0x03, 0x00, 0x00, 
    0x00, 0x00, 0xC0, 0x07, 0xE0, 0x03, 0x00, 0x00, 0x00, 0x00, 0xC0, 0x1F, 0xF8, 0x03, 0x00, 0x00, 
    0x00, 0x00, 0xC0, 0x3C, 0x3C, 0x03, 0x00, 0x00, 0x00, 0x00, 0x60, 0x70, 0x0E, 0x06, 0x00, 0x00, 
    0x00, 0x00, 0x60, 0xE0, 0x07, 0x06, 0x00, 0x00, 0x00, 0x00, 0x70, 0xC0, 0x03, 0x0F, 0x87, 0xC0, 
    0x00, 0x00, 0x30, 0xC0, 0x03, 0x0D, 0xFF, 0xF0, 0x00, 0x00, 0x19, 0x80, 0x01, 0x98, 0x78, 0x30, 
    0x00, 0x00, 0x1D, 0x80, 0x01, 0x98, 0x38, 0x18, 0x00, 0x00, 0x0F, 0x80, 0x01, 0x80, 0x30, 0x18, 
    0x00, 0x00, 0x07, 0x80, 0x01, 0x00, 0x30, 0x18, 0x00, 0x00, 0x00, 0x00, 0x00, 0x00, 0x18, 0x38, 
    0x00, 0x00, 0x00, 0x80, 0x00, 0x00, 0x1C, 0x30, 0x00, 0x00, 0x01, 0x80, 0x00, 0x00, 0x0F, 0xE0, 
    0x00, 0x00, 0x01, 0x80, 0x00, 0x00, 0x07, 0xC0, 0x00, 0x00, 0x03, 0x00, 0x00, 0x00, 0x00, 0x00, 
    0x00, 0x00, 0x1F, 0x00, 0x00, 0x00, 0x00, 0x00, 0x00, 0x00, 0x7F, 0x00, 0x00, 0x00, 0x00, 0x00, 
    0x00, 0x00, 0xE7, 0x00, 0x00, 0x00, 0x00, 0x00, 0x00, 0x01, 0xC1, 0x80, 0x00, 0x00, 0x00, 0x00, 
    0x00, 0x01, 0x81, 0x80, 0x00, 0x00, 0x00, 0x00, 0x00, 0x01, 0x81, 0x80, 0x00, 0x00, 0x00, 0x00, 
    0x00, 0x01, 0x81, 0x80, 0x00, 0x00, 0x00, 0x00, 0x00, 0x01, 0x81, 0x80, 0x00, 0x00, 0x00, 0x00, 
    0x00, 0x00, 0xE3, 0x00, 0x00, 0x00, 0x00, 0x00, 0x00, 0x00, 0x7F, 0x00, 0x00, 0x00, 0x00, 0x00, 
    0x00, 0x00, 0x3C, 0x00, 0x00, 0x00, 0x00, 0x00, 0x00, 0x00, 0x00, 0x00, 0x00, 0x00, 0x00, 0x00, 
    0x00, 0x00, 0x00, 0x00, 0x00, 0x00, 0x00, 0x00, 0x00, 0x00, 0x00, 0x00, 0x00, 0x00, 0x00, 0x00, 
      },
  {
    0x00, 0x00, 0x00, 0x00, 0x00, 0x00, 0x00, 0x00, 0x00, 0x00, 0x00, 0x00, 0x00, 0x00, 0x00, 0x00, 
    0x00, 0x00, 0x00, 0x00, 0x00, 0x00, 0x00, 0x00, 0x00, 0x00, 0x00, 0x00, 0x00, 0x0C, 0x00, 0x00, 
    0x00, 0x00, 0x00, 0x00, 0x00, 0x3F, 0x00, 0x00, 0x00, 0x00, 0x00, 0x00, 0x00, 0x73, 0x80, 0x00, 
    0x00, 0x00, 0x00, 0x00, 0x00, 0xE0, 0xC0, 0x00, 0x00, 0x00, 0x00, 0x00, 0x00, 0xC0, 0xC0, 0x00, 
    0x00, 0x00, 0x00, 0x00, 0x00, 0xC0, 0xC0, 0x00, 0x00, 0x00, 0x00, 0x00, 0x00, 0xC0, 0xC0, 0x00, 
    0x00, 0x00, 0x00, 0x00, 0x00, 0xC0, 0xC0, 0x00, 0x00, 0x00, 0x00, 0x00, 0x00, 0x61, 0xC0, 0x00, 
    0x00, 0x00, 0x00, 0x00, 0x00, 0x7F, 0x80, 0x00, 0x00, 0x00, 0x00, 0x00, 0x00, 0x7E, 0x00, 0x00, 
    0x03, 0xF0, 0x00, 0x00, 0x00, 0x60, 0x00, 0x00, 0x07, 0xF8, 0x00, 0x00, 0x00, 0xC0, 0x00, 0x00, 
    0x0C, 0x18, 0x00, 0x1F, 0xF8, 0xC0, 0x00, 0x00, 0x0C, 0x0C, 0x00, 0xFF, 0xFF, 0x80, 0x00, 0x00, 
    0x18, 0x0C, 0x01, 0xE0, 0x07, 0x80, 0x00, 0x00, 0x18, 0x0C, 0x07, 0x80, 0x01, 0xE0, 0x00, 0x00, 
    0x0C, 0x0C, 0x0E, 0x00, 0x00, 0x70, 0x00, 0x00, 0x0E, 0x1E, 0x1C, 0x00, 0x00, 0x38, 0x00, 0x00, 
    0x07, 0xFF, 0x98, 0x00, 0x00, 0x18, 0x00, 0x00, 0x03, 0xE1, 0xF0, 0x03, 0xE0, 0x0C, 0x00, 0x00, 
    0x00, 0x00, 0x70, 0x07, 0xF0, 0x0E, 0x00, 0x00, 0x00, 0x00, 0x60, 0x0E, 0x38, 0x06, 0x00, 0x00, 
    0x00, 0x00, 0x60, 0x1C, 0x1C, 0x06, 0x00, 0x00, 0x00, 0x00, 0xC0, 0x18, 0x0C, 0x03, 0x00, 0x00, 
    0x00, 0x00, 0xC0, 0x18, 0x0C, 0x03, 0x00, 0x00, 0x00, 0x00, 0xC0, 0x18, 0x0C, 0x03, 0x00, 0x00, 
    0x00, 0x00, 0xC0, 0x1C, 0x1C, 0x03, 0x00, 0x00, 0x00, 0x00, 0xC0, 0x0E, 0x38, 0x03, 0x00, 0x00, 
    0x00, 0x00, 0xC0, 0x0F, 0xF0, 0x03, 0x00, 0x00, 0x00, 0x00, 0xC0, 0x03, 0xE0, 0x03, 0x00, 0x00, 
    0x00, 0x00, 0xC0, 0x07, 0xE0, 0x03, 0x00, 0x00, 0x00, 0x00, 0xC0, 0x1F, 0xF8, 0x03, 0x00, 0x00, 
    0x00, 0x00, 0xC0, 0x3C, 0x3C, 0x03, 0x00, 0x00, 0x00, 0x00, 0x60, 0x70, 0x0E, 0x06, 0x00, 0x00, 
    0x00, 0x00, 0x60, 0xE0, 0x07, 0x06, 0x00, 0x00, 0x00, 0x00, 0x70, 0xC0, 0x03, 0x0E, 0x00, 0x00, 
    0x00, 0x00, 0x30, 0xC0, 0x03, 0x0F, 0x87, 0xC0, 0x00, 0x00, 0x19, 0x80, 0x01, 0x99, 0xFF, 0xE0, 
    0x00, 0x00, 0x1D, 0x80, 0x01, 0xB8, 0x78, 0x70, 0x00, 0x00, 0x0F, 0x80, 0x01, 0xF0, 0x30, 0x30, 
    0x00, 0x00, 0x06, 0x80, 0x01, 0xE0, 0x30, 0x18, 0x00, 0x00, 0x00, 0x00, 0x00, 0x80, 0x30, 0x18, 
    0x00, 0x00, 0x01, 0x80, 0x00, 0x00, 0x30, 0x30, 0x00, 0x00, 0x03, 0x00, 0x00, 0x00, 0x18, 0x30, 
    0x00, 0x00, 0x03, 0x00, 0x00, 0x00, 0x1F, 0xE0, 0x00, 0x00, 0x06, 0x00, 0x00, 0x00, 0x0F, 0xC0, 
    0x00, 0x00, 0x7E, 0x00, 0x00, 0x00, 0x00, 0x00, 0x00, 0x01, 0xFE, 0x00, 0x00, 0x00, 0x00, 0x00, 
    0x00, 0x03, 0x86, 0x00, 0x00, 0x00, 0x00, 0x00, 0x00, 0x03, 0x03, 0x00, 0x00, 0x00, 0x00, 0x00, 
    0x00, 0x03, 0x03, 0x00, 0x00, 0x00, 0x00, 0x00, 0x00, 0x03, 0x03, 0x00, 0x00, 0x00, 0x00, 0x00, 
    0x00, 0x03, 0x03, 0x00, 0x00, 0x00, 0x00, 0x00, 0x00, 0x03, 0x07, 0x00, 0x00, 0x00, 0x00, 0x00, 
    0x00, 0x01, 0xCE, 0x00, 0x00, 0x00, 0x00, 0x00, 0x00, 0x00, 0xFC, 0x00, 0x00, 0x00, 0x00, 0x00, 
    0x00, 0x00, 0x30, 0x00, 0x00, 0x00, 0x00, 0x00, 0x00, 0x00, 0x00, 0x00, 0x00, 0x00, 0x00, 0x00, 
    0x00, 0x00, 0x00, 0x00, 0x00, 0x00, 0x00, 0x00, 0x00, 0x00, 0x00, 0x00, 0x00, 0x00, 0x00, 0x00, 
      },
  {
    0x00, 0x00, 0x00, 0x00, 0x00, 0x00, 0x00, 0x00, 0x00, 0x00, 0x00, 0x00, 0x00, 0x00, 0x00, 0x00, 
    0x00, 0x00, 0x00, 0x00, 0x00, 0x00, 0x00, 0x00, 0x00, 0x00, 0x00, 0x00, 0x00, 0x00, 0x00, 0x00, 
    0x00, 0x00, 0x00, 0x00, 0x00, 0x1F, 0x80, 0x00, 0x00, 0x00, 0x00, 0x00, 0x00, 0x3F, 0xC0, 0x00, 
    0x00, 0x00, 0x00, 0x00, 0x00, 0x30, 0xE0, 0x00, 0x00, 0x00, 0x00, 0x00, 0x00, 0x60, 0x60, 0x00, 
    0x00, 0x00, 0x00, 0x00, 0x00, 0x60, 0x30, 0x00, 0x00, 0x00, 0x00, 0x00, 0x00, 0x60, 0x30, 0x00, 
    0x00, 0x00, 0x00, 0x00, 0x00, 0x60, 0x60, 0x00, 0x00, 0x00, 0x00, 0x00, 0x00, 0x70, 0x60, 0x00, 
    0x00, 0xC0, 0x00, 0x00, 0x00, 0x3F, 0xC0, 0x00, 0x03, 0xF0, 0x00, 0x00, 0x00, 0x3F, 0x80, 0x00, 
    0x07, 0x38, 0x00, 0x00, 0x00, 0x30, 0x00, 0x00, 0x0E, 0x0C, 0x00, 0x00, 0x00, 0x60, 0x00, 0x00, 
    0x0C, 0x0C, 0x00, 0x1F, 0xF8, 0xE0, 0x00, 0x00, 0x0C, 0x0C, 0x00, 0xFF, 0xFF, 0xC0, 0x00, 0x00, 
    0x0C, 0x0C, 0x01, 0xE0, 0x07, 0xC0, 0x00, 0x00, 0x0C, 0x0C, 0x07, 0x80, 0x01, 0xE0, 0x00, 0x00, 
    0x0E, 0x1E, 0x0E, 0x00, 0x00, 0x70, 0x00, 0x00, 0x07, 0xFF, 0x9C, 0x00, 0x00, 0x38, 0x00, 0x00, 
    0x01, 0xF1, 0xF8, 0x00, 0x00, 0x18, 0x00, 0x00, 0x00, 0x00, 0xF0, 0x03, 0xE0, 0x0C, 0x00, 0x00, 
    0x00, 0x00, 0x70, 0x0F, 0xF0, 0x0E, 0x00, 0x00, 0x00, 0x00, 0x60, 0x0E, 0x38, 0x06, 0x00, 0x00, 
    0x00, 0x00, 0x60, 0x18, 0x1C, 0x06, 0x00, 0x00, 0x00, 0x00, 0xC0, 0x18, 0x0C, 0x03, 0x00, 0x00, 
    0x00, 0x00, 0xC0, 0x18, 0x0C, 0x03, 0x00, 0x00, 0x00, 0x00, 0xC0, 0x18, 0x0C, 0x03, 0x00, 0x00, 
    0x00, 0x00, 0xC0, 0x18, 0x1C, 0x03, 0x00, 0x00, 0x00, 0x00, 0xC0, 0x0C, 0x38, 0x03, 0x00, 0x00, 
    0x00, 0x00, 0xC0, 0x0F, 0xF0, 0x03, 0x00, 0x00, 0x00, 0x00, 0xC0, 0x03, 0xE0, 0x03, 0x00, 0x00, 
    0x00, 0x00, 0xC0, 0x07, 0xE0, 0x03, 0x00, 0x00, 0x00, 0x00, 0xC0, 0x1F, 0xF8, 0x03, 0x00, 0x00, 
    0x00, 0x00, 0xC0, 0x3C, 0x3C, 0x03, 0x00, 0x00, 0x00, 0x00, 0x60, 0x70, 0x0E, 0x06, 0x00, 0x00, 
    0x00, 0x00, 0x60, 0xE0, 0x07, 0x06, 0x00, 0x00, 0x00, 0x00, 0x70, 0xC0, 0x03, 0x0E, 0x00, 0x00, 
    0x00, 0x00, 0x30, 0xC0, 0x03, 0x0F, 0x00, 0x00, 0x00, 0x00, 0x19, 0x80, 0x01, 0x9F, 0x8F, 0x80, 
    0x00, 0x00, 0x1D, 0x80, 0x01, 0xB9, 0xFF, 0xE0, 0x00, 0x00, 0x0F, 0x80, 0x01, 0xF0, 0x78, 0x70, 
    0x00, 0x00, 0x00, 0x80, 0x01, 0xE0, 0x30, 0x30, 0x00, 0x00, 0x00, 0x00, 0x07, 0x80, 0x30, 0x30, 
    0x00, 0x00, 0x03, 0x00, 0x0F, 0x00, 0x30, 0x30, 0x00, 0x00, 0x07, 0x00, 0x00, 0x00, 0x30, 0x30, 
    0x00, 0x00, 0x06, 0x00, 0x00, 0x00, 0x30, 0x70, 0x00, 0x00, 0x0C, 0x00, 0x00, 0x00, 0x1C, 0xE0, 
    0x00, 0x01, 0xFC, 0x00, 0x00, 0x00, 0x0F, 0xC0, 0x00, 0x03, 0xFC, 0x00, 0x00, 0x00, 0x03, 0x00, 
    0x00, 0x06, 0x0E, 0x00, 0x00, 0x00, 0x00, 0x00, 0x00, 0x06, 0x06, 0x00, 0x00, 0x00, 0x00, 0x00, 
    0x00, 0x0C, 0x06, 0x00, 0x00, 0x00, 0x00, 0x00, 0x00, 0x0C, 0x06, 0x00, 0x00, 0x00, 0x00, 0x00, 
    0x00, 0x06, 0x06, 0x00, 0x00, 0x00, 0x00, 0x00, 0x00, 0x07, 0x0C, 0x00, 0x00, 0x00, 0x00, 0x00, 
    0x00, 0x03, 0xFC, 0x00, 0x00, 0x00, 0x00, 0x00, 0x00, 0x01, 0xF8, 0x00, 0x00, 0x00, 0x00, 0x00, 
    0x00, 0x00, 0x00, 0x00, 0x00, 0x00, 0x00, 0x00, 0x00, 0x00, 0x00, 0x00, 0x00, 0x00, 0x00, 0x00, 
    0x00, 0x00, 0x00, 0x00, 0x00, 0x00, 0x00, 0x00, 0x00, 0x00, 0x00, 0x00, 0x00, 0x00, 0x00, 0x00, 
      },
  {
    0x00, 0x00, 0x00, 0x00, 0x00, 0x00, 0x00, 0x00, 0x00, 0x00, 0x00, 0x00, 0x00, 0x00, 0x00, 0x00, 
    0x00, 0x00, 0x00, 0x00, 0x00, 0x00, 0x00, 0x00, 0x00, 0x00, 0x00, 0x00, 0x00, 0x00, 0x00, 0x00, 
    0x00, 0x00, 0x00, 0x00, 0x00, 0x07, 0x80, 0x00, 0x00, 0x00, 0x00, 0x00, 0x00, 0x0F, 0xE0, 0x00, 
    0x00, 0x00, 0x00, 0x00, 0x00, 0x1C, 0x70, 0x00, 0x00, 0x00, 0x00, 0x00, 0x00, 0x30, 0x30, 0x00, 
    0x00, 0x00, 0x00, 0x00, 0x00, 0x30, 0x38, 0x00, 0x00, 0x00, 0x00, 0x00, 0x00, 0x30, 0x18, 0x00, 
    0x00, 0x00, 0x00, 0x00, 0x00, 0x30, 0x30, 0x00, 0x00, 0xE0, 0x00, 0x00, 0x00, 0x30, 0x30, 0x00, 
    0x03, 0xF8, 0x00, 0x00, 0x00, 0x1C, 0x70, 0x00, 0x07, 0xBC, 0x00, 0x00, 0x00, 0x1F, 0xE0, 0x00, 
    0x06, 0x0C, 0x00, 0x00, 0x00, 0x1F, 0x80, 0x00, 0x0C, 0x06, 0x00, 0x00, 0x00, 0x30, 0x00, 0x00, 
    0x0C, 0x06, 0x00, 0x1F, 0xF8, 0x70, 0x00, 0x00, 0x0C, 0x06, 0x00, 0xFF, 0xFF, 0xE0, 0x00, 0x00, 
    0x0C, 0x0E, 0x01, 0xE0, 0x07, 0xC0, 0x00, 0x00, 0x06, 0x0E, 0x07, 0x80, 0x01, 0xE0, 0x00, 0x00, 
    0x03, 0xFF, 0x8E, 0x00, 0x00, 0x70, 0x00, 0x00, 0x01, 0xF1, 0xDC, 0x00, 0x00, 0x38, 0x00, 0x00, 
    0x00, 0x00, 0xF8, 0x00, 0x00, 0x18, 0x00, 0x00, 0x00, 0x00, 0x70, 0x03, 0xC0, 0x0C, 0x00, 0x00, 
    0x00, 0x00, 0x70, 0x0F, 0xF0, 0x0E, 0x00, 0x00, 0x00, 0x00, 0x60, 0x0E, 0x38, 0x06, 0x00, 0x00, 
    0x00, 0x00, 0x60, 0x18, 0x18, 0x06, 0x00, 0x00, 0x00, 0x00, 0xC0, 0x18, 0x0C, 0x03, 0x00, 0x00, 
    0x00, 0x00, 0xC0, 0x18, 0x0C, 0x03, 0x00, 0x00, 0x00, 0x00, 0xC0, 0x18, 0x0C, 0x03, 0x00, 0x00, 
    0x00, 0x00, 0xC0, 0x18, 0x1C, 0x03, 0x00, 0x00, 0x00, 0x00, 0xC0, 0x1C, 0x38, 0x03, 0x00, 0x00, 
    0x00, 0x00, 0xC0, 0x0F, 0xF0, 0x03, 0x00, 0x00, 0x00, 0x00, 0xC0, 0x07, 0xE0, 0x03, 0x00, 0x00, 
    0x00, 0x00, 0xC0, 0x07, 0xE0, 0x03, 0x00, 0x00, 0x00, 0x00, 0xC0, 0x1F, 0xF8, 0x03, 0x00, 0x00, 
    0x00, 0x00, 0xC0, 0x3C, 0x3C, 0x03, 0x00, 0x00, 0x00, 0x00, 0x60, 0x70, 0x0E, 0x06, 0x00, 0x00, 
    0x00, 0x00, 0x60, 0xE0, 0x07, 0x06, 0x00, 0x00, 0x00, 0x00, 0x70, 0xC0, 0x03, 0x0E, 0x00, 0x00, 
    0x00, 0x00, 0x30, 0xC0, 0x03, 0x0E, 0x00, 0x00, 0x00, 0x00, 0x19, 0x80, 0x01, 0x9F, 0x00, 0x00, 
    0x00, 0x00, 0x1D, 0x80, 0x01, 0xBB, 0x8F, 0x80, 0x00, 0x00, 0x0D, 0x80, 0x01, 0xF1, 0xFF, 0xC0, 
    0x00, 0x00, 0x00, 0x80, 0x01, 0xE0, 0x70, 0x60, 0x00, 0x00, 0x02, 0x00, 0x07, 0x80, 0x70, 0x30, 
    0x00, 0x00, 0x06, 0x00, 0x7F, 0x00, 0x60, 0x30, 0x00, 0x00, 0x0E, 0x00, 0x78, 0x00, 0x60, 0x30, 
    0x00, 0x00, 0x0C, 0x00, 0x00, 0x00, 0x60, 0x30, 0x00, 0x01, 0xF8, 0x00, 0x00, 0x00, 0x30, 0x60, 
    0x00, 0x07, 0xF8, 0x00, 0x00, 0x00, 0x3D, 0xE0, 0x00, 0x0E, 0x38, 0x00, 0x00, 0x00, 0x1F, 0xC0, 
    0x00, 0x0C, 0x1C, 0x00, 0x00, 0x00, 0x03, 0x00, 0x00, 0x0C, 0x0C, 0x00, 0x00, 0x00, 0x00, 0x00, 
    0x00, 0x18, 0x0C, 0x00, 0x00, 0x00, 0x00, 0x00, 0x00, 0x1C, 0x0C, 0x00, 0x00, 0x00, 0x00, 0x00, 
    0x00, 0x0C, 0x0C, 0x00, 0x00, 0x00, 0x00, 0x00, 0x00, 0x0E, 0x38, 0x00, 0x00, 0x00, 0x00, 0x00, 
    0x00, 0x07, 0xF0, 0x00, 0x00, 0x00, 0x00, 0x00, 0x00, 0x01, 0xE0, 0x00, 0x00, 0x00, 0x00, 0x00, 
    0x00, 0x00, 0x00, 0x00, 0x00, 0x00, 0x00, 0x00, 0x00, 0x00, 0x00, 0x00, 0x00, 0x00, 0x00, 0x00, 
    0x00, 0x00, 0x00, 0x00, 0x00, 0x00, 0x00, 0x00, 0x00, 0x00, 0x00, 0x00, 0x00, 0x00, 0x00, 0x00, 
      },
  {
    0x00, 0x00, 0x00, 0x00, 0x00, 0x00, 0x00, 0x00, 0x00, 0x00, 0x00, 0x00, 0x00, 0x00, 0x00, 0x00, 
    0x00, 0x00, 0x00, 0x00, 0x00, 0x00, 0x00, 0x00, 0x00, 0x00, 0x00, 0x00, 0x00, 0x00, 0x00, 0x00, 
    0x00, 0x00, 0x00, 0x00, 0x00, 0x01, 0x80, 0x00, 0x00, 0x00, 0x00, 0x00, 0x00, 0x07, 0xE0, 0x00, 
    0x00, 0x00, 0x00, 0x00, 0x00, 0x0E, 0x70, 0x00, 0x00, 0x00, 0x00, 0x00, 0x00, 0x1C, 0x18, 0x00, 
    0x00, 0x00, 0x00, 0x00, 0x00, 0x18, 0x18, 0x00, 0x00, 0x00, 0x00, 0x00, 0x00, 0x18, 0x0C, 0x00, 
    0x00, 0x40, 0x00, 0x00, 0x00, 0x18, 0x18, 0x00, 0x01, 0xF8, 0x00, 0x00, 0x00, 0x18, 0x18, 0x00, 
    0x03, 0xBC, 0x00, 0x00, 0x00, 0x1C, 0x38, 0x00, 0x06, 0x0E, 0x00, 0x00, 0x00, 0x0F, 0xF0, 0x00, 
    0x06, 0x06, 0x00, 0x00, 0x00, 0x1F, 0xE0, 0x00, 0x0C, 0x06, 0x00, 0x00, 0x00, 0x18, 0x00, 0x00, 
    0x0C, 0x06, 0x00, 0x1F, 0xF8, 0x30, 0x00, 0x00, 0x06, 0x06, 0x00, 0xFF, 0xFF, 0x70, 0x00, 0x00, 
    0x07, 0x0E, 0x01, 0xE0, 0x07, 0xE0, 0x00, 0x00, 0x03, 0xFF, 0x07, 0x80, 0x01, 0xE0, 0x00, 0x00, 
    0x01, 0xFB, 0xCE, 0x00, 0x00, 0x70, 0x00, 0x00, 0x00, 0x00, 0xFC, 0x00, 0x00, 0x38, 0x00, 0x00, 
    0x00, 0x00, 0x78, 0x00, 0x00, 0x18, 0x00, 0x00, 0x00, 0x00, 0x30, 0x03, 0xC0, 0x0C, 0x00, 0x00, 
    0x00, 0x00, 0x70, 0x0F, 0xF0, 0x0E, 0x00, 0x00, 0x00, 0x00, 0x60, 0x1C, 0x38, 0x06, 0x00, 0x00, 
    0x00, 0x00, 0x60, 0x18, 0x18, 0x06, 0x00, 0x00, 0x00, 0x00, 0xC0, 0x18, 0x1C, 0x03, 0x00, 0x00, 
    0x00, 0x00, 0xC0, 0x38, 0x0C, 0x03, 0x00, 0x00, 0x00, 0x00, 0xC0, 0x18, 0x0C, 0x03, 0x00, 0x00, 
    0x00, 0x00, 0xC0, 0x18, 0x18, 0x03, 0x00, 0x00, 0x00, 0x00, 0xC0, 0x1C, 0x38, 0x03, 0x00, 0x00, 
    0x00, 0x00, 0xC0, 0x0F, 0xF0, 0x03, 0x00, 0x00, 0x00, 0x00, 0xC0, 0x07, 0xE0, 0x03, 0x00, 0x00, 
    0x00, 0x00, 0xC0, 0x07, 0xE0, 0x03, 0x00, 0x00, 0x00, 0x00, 0xC0, 0x1F, 0xF8, 0x03, 0x00, 0x00, 
    0x00, 0x00, 0xC0, 0x3C, 0x3C, 0x03, 0x00, 0x00, 0x00, 0x00, 0x60, 0x70, 0x0E, 0x06, 0x00, 0x00, 
    0x00, 0x00, 0x60, 0xE0, 0x07, 0x06, 0x00, 0x00, 0x00, 0x00, 0x70, 0xC0, 0x03, 0x0E, 0x00, 0x00, 
    0x00, 0x00, 0x30, 0xC0, 0x03, 0x0C, 0x00, 0x00, 0x00, 0x00, 0x19, 0x80, 0x01, 0x9E, 0x00, 0x00, 
    0x00, 0x00, 0x1D, 0x80, 0x01, 0xBF, 0x00, 0x00, 0x00, 0x00, 0x09, 0x80, 0x01, 0xF3, 0xDF, 0x80, 
    0x00, 0x00, 0x00, 0x80, 0x01, 0xE0, 0xFF, 0xC0, 0x00, 0x00, 0x06, 0x00, 0x07, 0x80, 0x70, 0xE0, 
    0x00, 0x00, 0x0E, 0x03, 0xFF, 0x00, 0x60, 0x60, 0x00, 0x00, 0x0C, 0x07, 0xF8, 0x00, 0x60, 0x30, 
    0x00, 0x00, 0x18, 0x00, 0x00, 0x00, 0x60, 0x30, 0x00, 0x07, 0xF8, 0x00, 0x00, 0x00, 0x60, 0x60, 
    0x00, 0x0F, 0xF0, 0x00, 0x00, 0x00, 0x70, 0x60, 0x00, 0x1C, 0x38, 0x00, 0x00, 0x00, 0x3D, 0xC0, 
    0x00, 0x18, 0x18, 0x00, 0x00, 0x00, 0x1F, 0x80, 0x00, 0x18, 0x18, 0x00, 0x00, 0x00, 0x02, 0x00, 
    0x00, 0x30, 0x18, 0x00, 0x00, 0x00, 0x00, 0x00, 0x00, 0x18, 0x18, 0x00, 0x00, 0x00, 0x00, 0x00, 
    0x00, 0x18, 0x38, 0x00, 0x00, 0x00, 0x00, 0x00, 0x00, 0x0E, 0x70, 0x00, 0x00, 0x00, 0x00, 0x00, 
    0x00, 0x07, 0xE0, 0x00, 0x00, 0x00, 0x00, 0x00, 0x00, 0x01, 0x80, 0x00, 0x00, 0x00, 0x00, 0x00, 
    0x00, 0x00, 0x00, 0x00, 0x00, 0x00, 0x00, 0x00, 0x00, 0x00, 0x00, 0x00, 0x00, 0x00, 0x00, 0x00, 
    0x00, 0x00, 0x00, 0x00, 0x00, 0x00, 0x00, 0x00, 0x00, 0x00, 0x00, 0x00, 0x00, 0x00, 0x00, 0x00, 
      },
  {
    0x00, 0x00, 0x00, 0x00, 0x00, 0x00, 0x00, 0x00, 0x00, 0x00, 0x00, 0x00, 0x00, 0x00, 0x00, 0x00, 
    0x00, 0x00, 0x00, 0x00, 0x00, 0x00, 0x00, 0x00, 0x00, 0x00, 0x00, 0x00, 0x00, 0x00, 0x00, 0x00, 
    0x00, 0x00, 0x00, 0x00, 0x00, 0x00, 0x00, 0x00, 0x00, 0x00, 0x00, 0x00, 0x00, 0x03, 0xF0, 0x00, 
    0x00, 0x00, 0x00, 0x00, 0x00, 0x07, 0xF8, 0x00, 0x00, 0x00, 0x00, 0x00, 0x00, 0x0E, 0x1C, 0x00, 
    0x00, 0x00, 0x00, 0x00, 0x00, 0x0C, 0x0C, 0x00, 0x00, 0x00, 0x00, 0x00, 0x00, 0x18, 0x0C, 0x00, 
    0x01, 0xF8, 0x00, 0x00, 0x00, 0x18, 0x0C, 0x00, 0x03, 0xFC, 0x00, 0x00, 0x00, 0x0C, 0x0C, 0x00, 
    0x07, 0x0E, 0x00, 0x00, 0x00, 0x0C, 0x1C, 0x00, 0x06, 0x06, 0x00, 0x00, 0x00, 0x0F, 0x38, 0x00, 
    0x06, 0x03, 0x00, 0x00, 0x00, 0x0F, 0xF0, 0x00, 0x06, 0x03, 0x00, 0x00, 0x00, 0x1C, 0xC0, 0x00, 
    0x06, 0x06, 0x00, 0x1F, 0xF8, 0x18, 0x00, 0x00, 0x07, 0x06, 0x00, 0xFF, 0xFF, 0x30, 0x00, 0x00, 
    0x03, 0x9F, 0x01, 0xE0, 0x07, 0xF0, 0x00, 0x00, 0x01, 0xFF, 0x87, 0x80, 0x01, 0xE0, 0x00, 0x00, 
    0x00, 0x61, 0xEE, 0x00, 0x00, 0x70, 0x00, 0x00, 0x00, 0x00, 0x7C, 0x00, 0x00, 0x38, 0x00, 0x00, 
    0x00, 0x00, 0x38, 0x00, 0x00, 0x18, 0x00, 0x00, 0x00, 0x00, 0x30, 0x03, 0xC0, 0x0C, 0x00, 0x00, 
    0x00, 0x00, 0x70, 0x0F, 0xF0, 0x0E, 0x00, 0x00, 0x00, 0x00, 0x60, 0x1C, 0x38, 0x06, 0x00, 0x00, 
    0x00, 0x00, 0x60, 0x18, 0x18, 0x06, 0x00, 0x00, 0x00, 0x00, 0xC0, 0x38, 0x18, 0x03, 0x00, 0x00, 
    0x00, 0x00, 0xC0, 0x30, 0x0C, 0x03, 0x00, 0x00, 0x00, 0x00, 0xC0, 0x38, 0x1C, 0x03, 0x00, 0x00, 
    0x00, 0x00, 0xC0, 0x18, 0x18, 0x03, 0x00, 0x00, 0x00, 0x00, 0xC0, 0x1C, 0x38, 0x03, 0x00, 0x00, 
    0x00, 0x00, 0xC0, 0x0F, 0xF0, 0x03, 0x00, 0x00, 0x00, 0x00, 0xC0, 0x07, 0xE0, 0x03, 0x00, 0x00, 
    0x00, 0x00, 0xC0, 0x07, 0xE0, 0x03, 0x00, 0x00, 0x00, 0x00, 0xC0, 0x1F, 0xF8, 0x03, 0x00, 0x00, 
    0x00, 0x00, 0xC0, 0x3C, 0x3C, 0x03, 0x00, 0x00, 0x00, 0x00, 0x60, 0x70, 0x0E, 0x06, 0x00, 0x00, 
    0x00, 0x00, 0x60, 0xE0, 0x07, 0x06, 0x00, 0x00, 0x00, 0x00, 0x70, 0xC0, 0x03, 0x0E, 0x00, 0x00, 
    0x00, 0x00, 0x30, 0xC0, 0x03, 0x0C, 0x00, 0x00, 0x00, 0x00, 0x19, 0x80, 0x01, 0x9C, 0x00, 0x00, 
    0x00, 0x00, 0x19, 0x80, 0x01, 0xBE, 0x00, 0x00, 0x00, 0x00, 0x01, 0x80, 0x01, 0xF7, 0x86, 0x00, 
    0x00, 0x00, 0x04, 0x80, 0x01, 0xE1, 0xFF, 0x80, 0x00, 0x00, 0x0E, 0x00, 0x07, 0x80, 0xF9, 0xC0, 
    0x00, 0x00, 0x0C, 0x3F, 0xFF, 0x00, 0x60, 0xE0, 0x00, 0x00, 0x18, 0x1F, 0xF8, 0x00, 0x60, 0x60, 
    0x00, 0x03, 0x38, 0x00, 0x00, 0x00, 0xC0, 0x60, 0x00, 0x0F, 0xF0, 0x00, 0x00, 0x00, 0xC0, 0x60, 
    0x00, 0x1C, 0xF0, 0x00, 0x00, 0x00, 0x60, 0x60, 0x00, 0x38, 0x30, 0x00, 0x00, 0x00, 0x70, 0xE0, 
    0x00, 0x30, 0x30, 0x00, 0x00, 0x00, 0x3F, 0xC0, 0x00, 0x30, 0x18, 0x00, 0x00, 0x00, 0x1F, 0x80, 
    0x00, 0x30, 0x18, 0x00, 0x00, 0x00, 0x00, 0x00, 0x00, 0x30, 0x30, 0x00, 0x00, 0x00, 0x00, 0x00, 
    0x00, 0x38, 0x70, 0x00, 0x00, 0x00, 0x00, 0x00, 0x00, 0x1F, 0xE0, 0x00, 0x00, 0x00, 0x00, 0x00, 
    0x00, 0x0F, 0xC0, 0x00, 0x00, 0x00, 0x00, 0x00, 0x00, 0x00, 0x00, 0x00, 0x00, 0x00, 0x00, 0x00, 
    0x00, 0x00, 0x00, 0x00, 0x00, 0x00, 0x00, 0x00, 0x00, 0x00, 0x00, 0x00, 0x00, 0x00, 0x00, 0x00, 
    0x00, 0x00, 0x00, 0x00, 0x00, 0x00, 0x00, 0x00, 0x00, 0x00, 0x00, 0x00, 0x00, 0x00, 0x00, 0x00, 
      },
  {
    0x00, 0x00, 0x00, 0x00, 0x00, 0x00, 0x00, 0x00, 0x00, 0x00, 0x00, 0x00, 0x00, 0x00, 0x00, 0x00, 
    0x00, 0x00, 0x00, 0x00, 0x00, 0x00, 0x00, 0x00, 0x00, 0x00, 0x00, 0x00, 0x00, 0x00, 0x00, 0x00, 
    0x00, 0x00, 0x00, 0x00, 0x00, 0x00, 0x00, 0x00, 0x00, 0x00, 0x00, 0x00, 0x00, 0x01, 0xF0, 0x00, 
    0x00, 0x00, 0x00, 0x00, 0x00, 0x03, 0xF8, 0x00, 0x00, 0x00, 0x00, 0x00, 0x00, 0x07, 0x1C, 0x00, 
    0x00, 0x00, 0x00, 0x00, 0x00, 0x0E, 0x0E, 0x00, 0x00, 0xF8, 0x00, 0x00, 0x00, 0x0C, 0x06, 0x00, 
    0x01, 0xFC, 0x00, 0x00, 0x00, 0x0C, 0x06, 0x00, 0x03, 0x8E, 0x00, 0x00, 0x00, 0x0C, 0x06, 0x00, 
    0x07, 0x07, 0x00, 0x00, 0x00, 0x0E, 0x0E, 0x00, 0x06, 0x03, 0x00, 0x00, 0x00, 0x07, 0x1C, 0x00, 
    0x06, 0x03, 0x00, 0x00, 0x00, 0x07, 0xF8, 0x00, 0x06, 0x03, 0x00, 0x00, 0x00, 0x0F, 0xF0, 0x00, 
    0x07, 0x07, 0x00, 0x1F, 0xF8, 0x1C, 0x00, 0x00, 0x03, 0x8F, 0x00, 0xFF, 0xFF, 0x18, 0x00, 0x00, 
    0x01, 0xFF, 0x81, 0xE0, 0x07, 0xF0, 0x00, 0x00, 0x00, 0xF9, 0xC7, 0x80, 0x01, 0xE0, 0x00, 0x00, 
    0x00, 0x00, 0xEE, 0x00, 0x00, 0x70, 0x00, 0x00, 0x00, 0x00, 0x3C, 0x00, 0x00, 0x38, 0x00, 0x00, 
    0x00, 0x00, 0x38, 0x00, 0x00, 0x18, 0x00, 0x00, 0x00, 0x00, 0x30, 0x03, 0xC0, 0x0C, 0x00, 0x00, 
    0x00, 0x00, 0x70, 0x0F, 0xF0, 0x0E, 0x00, 0x00, 0x00, 0x00, 0x60, 0x1C, 0x38, 0x06, 0x00, 0x00, 
    0x00, 0x00, 0x60, 0x18, 0x18, 0x06, 0x00, 0x00, 0x00, 0x00, 0xC0, 0x38, 0x1C, 0x03, 0x00, 0x00, 
    0x00, 0x00, 0xC0, 0x30, 0x0C, 0x03, 0x00, 0x00, 0x00, 0x00, 0xC0, 0x38, 0x1C, 0x03, 0x00, 0x00, 
    0x00, 0x00, 0xC0, 0x18, 0x18, 0x03, 0x00, 0x00, 0x00, 0x00, 0xC0, 0x1C, 0x38, 0x03, 0x00, 0x00, 
    0x00, 0x00, 0xC0, 0x0F, 0xF0, 0x03, 0x00, 0x00, 0x00, 0x00, 0xC0, 0x07, 0xE0, 0x03, 0x00, 0x00, 
    0x00, 0x00, 0xC0, 0x07, 0xE0, 0x03, 0x00, 0x00, 0x00, 0x00, 0xC0, 0x1F, 0xF8, 0x03, 0x00, 0x00, 
    0x00, 0x00, 0xC0, 0x3C, 0x3C, 0x03, 0x00, 0x00, 0x00, 0x00, 0x60, 0x70, 0x0E, 0x06, 0x00, 0x00, 
    0x00, 0x00, 0x60, 0xE0, 0x07, 0x06, 0x00, 0x00, 0x00, 0x00, 0x70, 0xC0, 0x03, 0x0E, 0x00, 0x00, 
    0x00, 0x00, 0x30, 0xC0, 0x03, 0x0C, 0x00, 0x00, 0x00, 0x00, 0x19, 0x80, 0x01, 0x9C, 0x00, 0x00, 
    0x00, 0x00, 0x01, 0x80, 0x01, 0xBC, 0x00, 0x00, 0x00, 0x00, 0x01, 0x80, 0x01, 0xF7, 0x00, 0x00, 
    0x00, 0x00, 0x04, 0xC0, 0x01, 0xE3, 0x9F, 0x00, 0x00, 0x00, 0x0C, 0xE0, 0x07, 0x81, 0xFF, 0x80, 
    0x00, 0x00, 0x18, 0xFF, 0xFF, 0x00, 0xF1, 0xC0, 0x00, 0x00, 0x38, 0x1F, 0xF8, 0x00, 0xE0, 0xE0, 
    0x00, 0x0F, 0xF0, 0x00, 0x00, 0x00, 0xC0, 0x60, 0x00, 0x1F, 0xE0, 0x00, 0x00, 0x00, 0xC0, 0x60, 
    0x00, 0x38, 0xE0, 0x00, 0x00, 0x00, 0xC0, 0x60, 0x00, 0x70, 0x70, 0x00, 0x00, 0x00, 0xE0, 0xE0, 
    0x00, 0x60, 0x30, 0x00, 0x00, 0x00, 0x71, 0xC0, 0x00, 0x60, 0x30, 0x00, 0x00, 0x00, 0x3F, 0x80, 
    0x00, 0x60, 0x30, 0x00, 0x00, 0x00, 0x1F, 0x00, 0x00, 0x70, 0x70, 0x00, 0x00, 0x00, 0x00, 0x00, 
    0x00, 0x38, 0xE0, 0x00, 0x00, 0x00, 0x00, 0x00, 0x00, 0x1F, 0xC0, 0x00, 0x00, 0x00, 0x00, 0x00, 
    0x00, 0x0F, 0x80, 0x00, 0x00, 0x00, 0x00, 0x00, 0x00, 0x00, 0x00, 0x00, 0x00, 0x00, 0x00, 0x00, 
    0x00, 0x00, 0x00, 0x00, 0x00, 0x00, 0x00, 0x00, 0x00, 0x00, 0x00, 0x00, 0x00, 0x00, 0x00, 0x00, 
    0x00, 0x00, 0x00, 0x00, 0x00, 0x00, 0x00, 0x00, 0x00, 0x00, 0x00, 0x00, 0x00, 0x00, 0x00, 0x00, 
      },
  {
    0x00, 0x00, 0x00, 0x00, 0x00, 0x00, 0x00, 0x00, 0x00, 0x00, 0x00, 0x00, 0x00, 0x00, 0x00, 0x00, 
    0x00, 0x00, 0x00, 0x00, 0x00, 0x00, 0x00, 0x00, 0x00, 0x00, 0x00, 0x00, 0x00, 0x00, 0x00, 0x00, 
    0x00, 0x00, 0x00, 0x00, 0x00, 0x00, 0x00, 0x00, 0x00, 0x00, 0x00, 0x00, 0x00, 0x00, 0xF0, 0x00, 
    0x00, 0x00, 0x00, 0x00, 0x00, 0x01, 0xFC, 0x00, 0x00, 0x00, 0x00, 0x00, 0x00, 0x03, 0x9E, 0x00, 
    0x00, 0x70, 0x00, 0x00, 0x00, 0x06, 0x06, 0x00, 0x01, 0xFC, 0x00, 0x00, 0x00, 0x06, 0x07, 0x00, 
    0x03, 0xCE, 0x00, 0x00, 0x00, 0x06, 0x03, 0x00, 0x03, 0x07, 0x00, 0x00, 0x00, 0x06, 0x03, 0x00, 
    0x07, 0x03, 0x00, 0x00, 0x00, 0x06, 0x06, 0x00, 0x06, 0x03, 0x00, 0x00, 0x00, 0x07, 0x0E, 0x00, 
    0x06, 0x03, 0x00, 0x00, 0x00, 0x03, 0xFC, 0x00, 0x07, 0x03, 0x00, 0x00, 0x00, 0x07, 0xF8, 0x00, 
    0x03, 0x07, 0x00, 0x1F, 0xF8, 0x0E, 0x00, 0x00, 0x01, 0xFF, 0x80, 0xFF, 0xFF, 0x1C, 0x00, 0x00, 
    0x00, 0xFD, 0xC1, 0xE0, 0x07, 0xB8, 0x00, 0x00, 0x00, 0x00, 0xE7, 0x80, 0x01, 0xF0, 0x00, 0x00, 
    0x00, 0x00, 0x7E, 0x00, 0x00, 0x70, 0x00, 0x00, 0x00, 0x00, 0x3C, 0x00, 0x00, 0x38, 0x00, 0x00, 
    0x00, 0x00, 0x18, 0x00, 0x00, 0x18, 0x00, 0x00, 0x00, 0x00, 0x30, 0x03, 0xC0, 0x0C, 0x00, 0x00, 
    0x00, 0x00, 0x70, 0x0F, 0xF0, 0x0E, 0x00, 0x00, 0x00, 0x00, 0x60, 0x1C, 0x38, 0x06, 0x00, 0x00, 
    0x00, 0x00, 0x60, 0x18, 0x18, 0x06, 0x00, 0x00, 0x00, 0x00, 0xC0, 0x38, 0x1C, 0x03, 0x00, 0x00, 
    0x00, 0x00, 0xC0, 0x30, 0x0C, 0x03, 0x00, 0x00, 0x00, 0x00, 0xC0, 0x38, 0x1C, 0x03, 0x00, 0x00, 
    0x00, 0x00, 0xC0, 0x18, 0x18, 0x03, 0x00, 0x00, 0x00, 0x00, 0xC0, 0x1C, 0x38, 0x03, 0x00, 0x00, 
    0x00, 0x00, 0xC0, 0x0F, 0xF0, 0x03, 0x00, 0x00, 0x00, 0x00, 0xC0, 0x07, 0xE0, 0x03, 0x00, 0x00, 
    0x00, 0x00, 0xC0, 0x07, 0xE0, 0x03, 0x00, 0x00, 0x00, 0x00, 0xC0, 0x1F, 0xF8, 0x03, 0x00, 0x00, 
    0x00, 0x00, 0xC0, 0x3C, 0x3C, 0x03, 0x00, 0x00, 0x00, 0x00, 0x60, 0x70, 0x0E, 0x06, 0x00, 0x00, 
    0x00, 0x00, 0x60, 0xE0, 0x07, 0x06, 0x00, 0x00, 0x00, 0x00, 0x70, 0xC0, 0x03, 0x0E, 0x00, 0x00, 
    0x00, 0x00, 0x30, 0xC0, 0x03, 0x0C, 0x00, 0x00, 0x00, 0x00, 0x11, 0x80, 0x01, 0x98, 0x00, 0x00, 
    0x00, 0x00, 0x01, 0x80, 0x01, 0xBC, 0x00, 0x00, 0x00, 0x00, 0x03, 0x80, 0x01, 0xFE, 0x00, 0x00, 
    0x00, 0x00, 0x0F, 0x80, 0x01, 0xE7, 0x00, 0x00, 0x00, 0x00, 0x1D, 0xE0, 0x07, 0x83, 0xBF, 0x00, 
    0x00, 0x00, 0x38, 0xFF, 0xFF, 0x01, 0xFF, 0x80, 0x00, 0x00, 0x70, 0x1F, 0xF8, 0x00, 0xE0, 0xC0, 
    0x00, 0x1F, 0xE0, 0x00, 0x00, 0x00, 0xC0, 0xE0, 0x00, 0x3F, 0xC0, 0x00, 0x00, 0x00, 0xC0, 0x60, 
    0x00, 0x70, 0xE0, 0x00, 0x00, 0x00, 0xC0, 0x60, 0x00, 0x60, 0x60, 0x00, 0x00, 0x00, 0xC0, 0xE0, 
    0x00, 0xC0, 0x60, 0x00, 0x00, 0x00, 0xE0, 0xC0, 0x00, 0xC0, 0x60, 0x00, 0x00, 0x00, 0x73, 0xC0, 
    0x00, 0xE0, 0x60, 0x00, 0x00, 0x00, 0x3F, 0x80, 0x00, 0x60, 0x60, 0x00, 0x00, 0x00, 0x0E, 0x00, 
    0x00, 0x79, 0xC0, 0x00, 0x00, 0x00, 0x00, 0x00, 0x00, 0x3F, 0x80, 0x00, 0x00, 0x00, 0x00, 0x00, 
    0x00, 0x0F, 0x00, 0x00, 0x00, 0x00, 0x00, 0x00, 0x00, 0x00, 0x00, 0x00, 0x00, 0x00, 0x00, 0x00, 
    0x00, 0x00, 0x00, 0x00, 0x00, 0x00, 0x00, 0x00, 0x00, 0x00, 0x00, 0x00, 0x00, 0x00, 0x00, 0x00, 
    0x00, 0x00, 0x00, 0x00, 0x00, 0x00, 0x00, 0x00, 0x00, 0x00, 0x00, 0x00, 0x00, 0x00, 0x00, 0x00, 
      },
  {
    0x00, 0x00, 0x00, 0x00, 0x00, 0x00, 0x00, 0x00, 0x00, 0x00, 0x00, 0x00, 0x00, 0x00, 0x00, 0x00, 
    0x00, 0x00, 0x00, 0x00, 0x00, 0x00, 0x00, 0x00, 0x00, 0x00, 0x00, 0x00, 0x00, 0x00, 0x00, 0x00, 
    0x00, 0x00, 0x00, 0x00, 0x00, 0x00, 0x00, 0x00, 0x00, 0x00, 0x00, 0x00, 0x00, 0x00, 0x20, 0x00, 
    0x00, 0x00, 0x00, 0x00, 0x00, 0x01, 0xFC, 0x00, 0x00, 0x00, 0x00, 0x00, 0x00, 0x03, 0xDE, 0x00, 
    0x00, 0xFC, 0x00, 0x00, 0x00, 0x03, 0x07, 0x00, 0x01, 0xFE, 0x00, 0x00, 0x00, 0x06, 0x03, 0x00, 
    0x03, 0x87, 0x00, 0x00, 0x00, 0x06, 0x03, 0x00, 0x03, 0x03, 0x00, 0x00, 0x00, 0x06, 0x03, 0x00, 
    0x03, 0x03, 0x80, 0x00, 0x00, 0x06, 0x03, 0x00, 0x07, 0x01, 0x80, 0x00, 0x00, 0x03, 0x07, 0x00, 
    0x03, 0x03, 0x00, 0x00, 0x00, 0x03, 0xDE, 0x00, 0x03, 0x03, 0x00, 0x00, 0x00, 0x07, 0xFC, 0x00, 
    0x03, 0x87, 0x00, 0x1F, 0xF8, 0x0E, 0x30, 0x00, 0x01, 0xFF, 0x80, 0xFF, 0xFF, 0x0C, 0x00, 0x00, 
    0x00, 0x79, 0xC1, 0xE0, 0x07, 0x98, 0x00, 0x00, 0x00, 0x00, 0xE7, 0x80, 0x01, 0xF0, 0x00, 0x00, 
    0x00, 0x00, 0x3E, 0x00, 0x00, 0x70, 0x00, 0x00, 0x00, 0x00, 0x1C, 0x00, 0x00, 0x38, 0x00, 0x00, 
    0x00, 0x00, 0x18, 0x00, 0x00, 0x18, 0x00, 0x00, 0x00, 0x00, 0x30, 0x03, 0xC0, 0x0C, 0x00, 0x00, 
    0x00, 0x00, 0x70, 0x0F, 0xF0, 0x0E, 0x00, 0x00, 0x00, 0x00, 0x60, 0x1C, 0x38, 0x06, 0x00, 0x00, 
    0x00, 0x00, 0x60, 0x18, 0x18, 0x06, 0x00, 0x00, 0x00, 0x00, 0xC0, 0x38, 0x1C, 0x03, 0x00, 0x00, 
    0x00, 0x00, 0xC0, 0x30, 0x0C, 0x03, 0x00, 0x00, 0x00, 0x00, 0xC0, 0x38, 0x1C, 0x03, 0x00, 0x00, 
    0x00, 0x00, 0xC0, 0x18, 0x18, 0x03, 0x00, 0x00, 0x00, 0x00, 0xC0, 0x1C, 0x38, 0x03, 0x00, 0x00, 
    0x00, 0x00, 0xC0, 0x0F, 0xF0, 0x03, 0x00, 0x00, 0x00, 0x00, 0xC0, 0x07, 0xE0, 0x03, 0x00, 0x00, 
    0x00, 0x00, 0xC0, 0x07, 0xE0, 0x03, 0x00, 0x00, 0x00, 0x00, 0xC0, 0x1F, 0xF8, 0x03, 0x00, 0x00, 
    0x00, 0x00, 0xC0, 0x3C, 0x3C, 0x03, 0x00, 0x00, 0x00, 0x00, 0x60, 0x70, 0x0E, 0x06, 0x00, 0x00, 
    0x00, 0x00, 0x60, 0xE0, 0x07, 0x06, 0x00, 0x00, 0x00, 0x00, 0x70, 0xC0, 0x03, 0x0E, 0x00, 0x00, 
    0x00, 0x00, 0x30, 0xC0, 0x03, 0x0C, 0x00, 0x00, 0x00, 0x00, 0x01, 0x80, 0x01, 0x98, 0x00, 0x00, 
    0x00, 0x00, 0x0D, 0x80, 0x01, 0xB8, 0x00, 0x00, 0x00, 0x00, 0x0F, 0x80, 0x01, 0xFC, 0x00, 0x00, 
    0x00, 0x00, 0x0F, 0x80, 0x01, 0xE7, 0x00, 0x00, 0x00, 0x00, 0x19, 0xE0, 0x07, 0x83, 0x9E, 0x00, 
    0x00, 0x00, 0x30, 0xFF, 0xFF, 0x01, 0xFF, 0x80, 0x00, 0x0C, 0x70, 0x1F, 0xF8, 0x00, 0xE1, 0xC0, 
    0x00, 0x3F, 0xE0, 0x00, 0x00, 0x00, 0xC0, 0xC0, 0x00, 0x7B, 0xC0, 0x00, 0x00, 0x00, 0xC0, 0xC0, 
    0x00, 0xE0, 0xC0, 0x00, 0x00, 0x01, 0x80, 0xE0, 0x00, 0xC0, 0x60, 0x00, 0x00, 0x01, 0xC0, 0xC0, 
    0x00, 0xC0, 0x60, 0x00, 0x00, 0x00, 0xC0, 0xC0, 0x00, 0xC0, 0x60, 0x00, 0x00, 0x00, 0xE1, 0xC0, 
    0x00, 0xC0, 0x60, 0x00, 0x00, 0x00, 0x7F, 0x80, 0x00, 0xE0, 0xC0, 0x00, 0x00, 0x00, 0x3F, 0x00, 
    0x00, 0x7F, 0xC0, 0x00, 0x00, 0x00, 0x00, 0x00, 0x00, 0x3F, 0x80, 0x00, 0x00, 0x00, 0x00, 0x00, 
    0x00, 0x04, 0x00, 0x00, 0x00, 0x00, 0x00, 0x00, 0x00, 0x00, 0x00, 0x00, 0x00, 0x00, 0x00, 0x00, 
    0x00, 0x00, 0x00, 0x00, 0x00, 0x00, 0x00, 0x00, 0x00, 0x00, 0x00, 0x00, 0x00, 0x00, 0x00, 0x00, 
    0x00, 0x00, 0x00, 0x00, 0x00, 0x00, 0x00, 0x00, 0x00, 0x00, 0x00, 0x00, 0x00, 0x00, 0x00, 0x00, 
      },
  {
    0x00, 0x00, 0x00, 0x00, 0x00, 0x00, 0x00, 0x00, 0x00, 0x00, 0x00, 0x00, 0x00, 0x00, 0x00, 0x00, 
    0x00, 0x00, 0x00, 0x00, 0x00, 0x00, 0x00, 0x00, 0x00, 0x00, 0x00, 0x00, 0x00, 0x00, 0x00, 0x00, 
    0x00, 0x00, 0x00, 0x00, 0x00, 0x00, 0x00, 0x00, 0x00, 0x00, 0x00, 0x00, 0x00, 0x00, 0x00, 0x00, 
    0x00, 0x00, 0x00, 0x00, 0x00, 0x00, 0xFC, 0x00, 0x00, 0x30, 0x00, 0x00, 0x00, 0x01, 0xFE, 0x00, 
    0x00, 0xFE, 0x00, 0x00, 0x00, 0x03, 0x87, 0x00, 0x01, 0xEF, 0x00, 0x00, 0x00, 0x03, 0x03, 0x00, 
    0x03, 0x83, 0x00, 0x00, 0x00, 0x03, 0x03, 0x80, 0x03, 0x03, 0x80, 0x00, 0x00, 0x07, 0x01, 0x80, 
    0x03, 0x01, 0x80, 0x00, 0x00, 0x03, 0x03, 0x00, 0x03, 0x01, 0x80, 0x00, 0x00, 0x03, 0x03, 0x00, 
    0x03, 0x03, 0x80, 0x00, 0x00, 0x03, 0xCF, 0x00, 0x03, 0x83, 0x00, 0x00, 0x00, 0x03, 0xFE, 0x00, 
    0x01, 0xFF, 0x80, 0x1F, 0xF8, 0x07, 0x78, 0x00, 0x00, 0xFF, 0xC0, 0xFF, 0xFF, 0x0E, 0x00, 0x00, 
    0x00, 0x10, 0xE1, 0xE0, 0x07, 0x9C, 0x00, 0x00, 0x00, 0x00, 0x77, 0x80, 0x01, 0xF8, 0x00, 0x00, 
    0x00, 0x00, 0x3E, 0x00, 0x00, 0x70, 0x00, 0x00, 0x00, 0x00, 0x1C, 0x00, 0x00, 0x38, 0x00, 0x00, 
    0x00, 0x00, 0x18, 0x00, 0x00, 0x18, 0x00, 0x00, 0x00, 0x00, 0x30, 0x03, 0xC0, 0x0C, 0x00, 0x00, 
    0x00, 0x00, 0x70, 0x0F, 0xF0, 0x0E, 0x00, 0x00, 0x00, 0x00, 0x60, 0x1C, 0x38, 0x06, 0x00, 0x00, 
    0x00, 0x00, 0x60, 0x18, 0x18, 0x06, 0x00, 0x00, 0x00, 0x00, 0xC0, 0x38, 0x1C, 0x03, 0x00, 0x00, 
    0x00, 0x00, 0xC0, 0x30, 0x0C, 0x03, 0x00, 0x00, 0x00, 0x00, 0xC0, 0x38, 0x1C, 0x03, 0x00, 0x00, 
    0x00, 0x00, 0xC0, 0x18, 0x18, 0x03, 0x00, 0x00, 0x00, 0x00, 0xC0, 0x1C, 0x38, 0x03, 0x00, 0x00, 
    0x00, 0x00, 0xC0, 0x0F, 0xF0, 0x03, 0x00, 0x00, 0x00, 0x00, 0xC0, 0x07, 0xE0, 0x03, 0x00, 0x00, 
    0x00, 0x00, 0xC0, 0x07, 0xE0, 0x03, 0x00, 0x00, 0x00, 0x00, 0xC0, 0x1F, 0xF8, 0x03, 0x00, 0x00, 
    0x00, 0x00, 0xC0, 0x3C, 0x3C, 0x03, 0x00, 0x00, 0x00, 0x00, 0x60, 0x70, 0x0E, 0x06, 0x00, 0x00, 
    0x00, 0x00, 0x60, 0xE0, 0x07, 0x06, 0x00, 0x00, 0x00, 0x00, 0x70, 0xC0, 0x03, 0x0E, 0x00, 0x00, 
    0x00, 0x00, 0x30, 0xC0, 0x03, 0x0C, 0x00, 0x00, 0x00, 0x00, 0x19, 0x80, 0x01, 0x98, 0x00, 0x00, 
    0x00, 0x00, 0x1D, 0x80, 0x01, 0xB8, 0x00, 0x00, 0x00, 0x00, 0x0F, 0x80, 0x01, 0xFC, 0x00, 0x00, 
    0x00, 0x00, 0x1F, 0x80, 0x01, 0xEE, 0x00, 0x00, 0x00, 0x00, 0x39, 0xE0, 0x07, 0x87, 0x08, 0x00, 
    0x00, 0x00, 0x70, 0xFF, 0xFF, 0x03, 0xFF, 0x00, 0x00, 0x1E, 0xE0, 0x1F, 0xF8, 0x01, 0xF7, 0x80, 
    0x00, 0x7F, 0xC0, 0x00, 0x00, 0x00, 0xC1, 0xC0, 0x00, 0xF3, 0xC0, 0x00, 0x00, 0x01, 0xC0, 0xC0, 
    0x00, 0xC0, 0xC0, 0x00, 0x00, 0x01, 0x80, 0xC0, 0x00, 0xC0, 0xC0, 0x00, 0x00, 0x01, 0x80, 0xC0, 
    0x01, 0x80, 0xE0, 0x00, 0x00, 0x01, 0xC0, 0xC0, 0x01, 0xC0, 0xC0, 0x00, 0x00, 0x00, 0xC1, 0xC0, 
    0x00, 0xC0, 0xC0, 0x00, 0x00, 0x00, 0xF7, 0x80, 0x00, 0xE1, 0xC0, 0x00, 0x00, 0x00, 0x7F, 0x00, 
    0x00, 0x7F, 0x80, 0x00, 0x00, 0x00, 0x0C, 0x00, 0x00, 0x3F, 0x00, 0x00, 0x00, 0x00, 0x00, 0x00, 
    0x00, 0x00, 0x00, 0x00, 0x00, 0x00, 0x00, 0x00, 0x00, 0x00, 0x00, 0x00, 0x00, 0x00, 0x00, 0x00, 
    0x00, 0x00, 0x00, 0x00, 0x00, 0x00, 0x00, 0x00, 0x00, 0x00, 0x00, 0x00, 0x00, 0x00, 0x00, 0x00, 
    0x00, 0x00, 0x00, 0x00, 0x00, 0x00, 0x00, 0x00, 0x00, 0x00, 0x00, 0x00, 0x00, 0x00, 0x00, 0x00, 
      },
  {
    0x00, 0x00, 0x00, 0x00, 0x00, 0x00, 0x00, 0x00, 0x00, 0x00, 0x00, 0x00, 0x00, 0x00, 0x00, 0x00, 
    0x00, 0x00, 0x00, 0x00, 0x00, 0x00, 0x00, 0x00, 0x00, 0x00, 0x00, 0x00, 0x00, 0x00, 0x00, 0x00, 
    0x00, 0x00, 0x00, 0x00, 0x00, 0x00, 0x00, 0x00, 0x00, 0x00, 0x00, 0x00, 0x00, 0x00, 0x00, 0x00, 
    0x00, 0x00, 0x00, 0x00, 0x00, 0x00, 0x7C, 0x00, 0x00, 0x7C, 0x00, 0x00, 0x00, 0x01, 0xFE, 0x00, 
    0x00, 0xFE, 0x00, 0x00, 0x00, 0x01, 0x87, 0x00, 0x01, 0xC7, 0x00, 0x00, 0x00, 0x03, 0x03, 0x80, 
    0x03, 0x83, 0x80, 0x00, 0x00, 0x03, 0x01, 0x80, 0x03, 0x01, 0x80, 0x00, 0x00, 0x03, 0x01, 0x80, 
    0x03, 0x01, 0x80, 0x00, 0x00, 0x03, 0x01, 0x80, 0x03, 0x01, 0x80, 0x00, 0x00, 0x03, 0x03, 0x80, 
    0x03, 0x03, 0x80, 0x00, 0x00, 0x01, 0xC7, 0x00, 0x01, 0x83, 0x00, 0x00, 0x00, 0x03, 0xFE, 0x00, 
    0x01, 0xFF, 0x80, 0x1F, 0xF8, 0x07, 0x7C, 0x00, 0x00, 0x7D, 0xC0, 0xFF, 0xFF, 0x0E, 0x00, 0x00, 
    0x00, 0x00, 0xE1, 0xE0, 0x07, 0x9C, 0x00, 0x00, 0x00, 0x00, 0x77, 0x80, 0x01, 0xF8, 0x00, 0x00, 
    0x00, 0x00, 0x3E, 0x00, 0x00, 0x70, 0x00, 0x00, 0x00, 0x00, 0x1C, 0x00, 0x00, 0x38, 0x00, 0x00, 
    0x00, 0x00, 0x18, 0x00, 0x00, 0x18, 0x00, 0x00, 0x00, 0x00, 0x30, 0x03, 0xC0, 0x0C, 0x00, 0x00, 
    0x00, 0x00, 0x70, 0x0F, 0xF0, 0x0E, 0x00, 0x00, 0x00, 0x00, 0x60, 0x1C, 0x38, 0x06, 0x00, 0x00, 
    0x00, 0x00, 0x60, 0x18, 0x18, 0x06, 0x00, 0x00, 0x00, 0x00, 0xC0, 0x38, 0x1C, 0x03, 0x00, 0x00, 
    0x00, 0x00, 0xC0, 0x30, 0x0C, 0x03, 0x00, 0x00, 0x00, 0x00, 0xC0, 0x38, 0x1C, 0x03, 0x00, 0x00, 
    0x00, 0x00, 0xC0, 0x18, 0x18, 0x03, 0x00, 0x00, 0x00, 0x00, 0xC0, 0x1C, 0x38, 0x03, 0x00, 0x00, 
    0x00, 0x00, 0xC0, 0x0F, 0xF0, 0x03, 0x00, 0x00, 0x00, 0x00, 0xC0, 0x07, 0xE0, 0x03, 0x00, 0x00, 
    0x00, 0x00, 0xC0, 0x07, 0xE0, 0x03, 0x00, 0x00, 0x00, 0x00, 0xC0, 0x1F, 0xF8, 0x03, 0x00, 0x00, 
    0x00, 0x00, 0xC0, 0x3C, 0x3C, 0x03, 0x00, 0x00, 0x00, 0x00, 0x60, 0x70, 0x0E, 0x06, 0x00, 0x00, 
    0x00, 0x00, 0x60, 0xE0, 0x07, 0x06, 0x00, 0x00, 0x00, 0x00, 0x70, 0xC0, 0x03, 0x0E, 0x00, 0x00, 
    0x00, 0x00, 0x30, 0xC0, 0x03, 0x0C, 0x00, 0x00, 0x00, 0x00, 0x19, 0x80, 0x01, 0x98, 0x00, 0x00, 
    0x00, 0x00, 0x1D, 0x80, 0x01, 0xB8, 0x00, 0x00, 0x00, 0x00, 0x0F, 0x80, 0x01, 0xFC, 0x00, 0x00, 
    0x00, 0x00, 0x1F, 0x80, 0x01, 0xEE, 0x00, 0x00, 0x00, 0x00, 0x39, 0xE0, 0x07, 0x87, 0x00, 0x00, 
    0x00, 0x00, 0x70, 0xFF, 0xFF, 0x03, 0xBE, 0x00, 0x00, 0x3E, 0xE0, 0x1F, 0xF8, 0x01, 0xFF, 0x80, 
    0x00, 0x7F, 0xC0, 0x00, 0x00, 0x00, 0xC1, 0x80, 0x00, 0xE3, 0x80, 0x00, 0x00, 0x01, 0xC0, 0xC0, 
    0x01, 0xC0, 0xC0, 0x00, 0x00, 0x01, 0x80, 0xC0, 0x01, 0x80, 0xC0, 0x00, 0x00, 0x01, 0x80, 0xC0, 
    0x01, 0x80, 0xC0, 0x00, 0x00, 0x01, 0x80, 0xC0, 0x01, 0x80, 0xC0, 0x00, 0x00, 0x01, 0xC1, 0xC0, 
    0x01, 0xC0, 0xC0, 0x00, 0x00, 0x00, 0xE3, 0x80, 0x00, 0xE1, 0x80, 0x00, 0x00, 0x00, 0x7F, 0x00, 
    0x00, 0x7F, 0x80, 0x00, 0x00, 0x00, 0x3E, 0x00, 0x00, 0x3E, 0x00, 0x00, 0x00, 0x00, 0x00, 0x00, 
    0x00, 0x00, 0x00, 0x00, 0x00, 0x00, 0x00, 0x00, 0x00, 0x00, 0x00, 0x00, 0x00, 0x00, 0x00, 0x00, 
    0x00, 0x00, 0x00, 0x00, 0x00, 0x00, 0x00, 0x00, 0x00, 0x00, 0x00, 0x00, 0x00, 0x00, 0x00, 0x00, 
    0x00, 0x00, 0x00, 0x00, 0x00, 0x00, 0x00, 0x00, 0x00, 0x00, 0x00, 0x00, 0x00, 0x00, 0x00, 0x00, 
      },
  {
    0x00, 0x00, 0x00, 0x00, 0x00, 0x00, 0x00, 0x00, 0x00, 0x00, 0x00, 0x00, 0x00, 0x00, 0x00, 0x00, 
    0x00, 0x00, 0x00, 0x00, 0x00, 0x00, 0x00, 0x00, 0x00, 0x00, 0x00, 0x00, 0x00, 0x00, 0x00, 0x00, 
    0x00, 0x00, 0x00, 0x00, 0x00, 0x00, 0x00, 0x00, 0x00, 0x00, 0x00, 0x00, 0x00, 0x00, 0x00, 0x00, 
    0x00, 0x00, 0x00, 0x00, 0x00, 0x00, 0x7C, 0x00, 0x00, 0x7C, 0x00, 0x00, 0x00, 0x00, 0xFE, 0x00, 
    0x00, 0xFF, 0x00, 0x00, 0x00, 0x01, 0xC7, 0x00, 0x01, 0xC3, 0x00, 0x00, 0x00, 0x03, 0x83, 0x80, 
    0x03, 0x81, 0x80, 0x00, 0x00, 0x03, 0x01, 0x80, 0x03, 0x01, 0x80, 0x00, 0x00, 0x03, 0x01, 0x80, 
    0x03, 0x01, 0x80, 0x00, 0x00, 0x03, 0x01, 0x80, 0x03, 0x01, 0x80, 0x00, 0x00, 0x03, 0x81, 0x80, 
    0x03, 0x83, 0x80, 0x00, 0x00, 0x01, 0xC3, 0x00, 0x01, 0xC7, 0x80, 0x00, 0x00, 0x03, 0xFF, 0x00, 
    0x00, 0xFF, 0x80, 0x1F, 0xF8, 0x03, 0xFC, 0x00, 0x00, 0x7D, 0xC0, 0xFF, 0xFF, 0x06, 0x00, 0x00, 
    0x00, 0x00, 0x61, 0xE0, 0x07, 0x8C, 0x00, 0x00, 0x00, 0x00, 0x3F, 0x80, 0x01, 0xF8, 0x00, 0x00, 
    0x00, 0x00, 0x1E, 0x00, 0x00, 0x78, 0x00, 0x00, 0x00, 0x00, 0x1C, 0x00, 0x00, 0x38, 0x00, 0x00, 
    0x00, 0x00, 0x18, 0x00, 0x00, 0x18, 0x00, 0x00, 0x00, 0x00, 0x30, 0x03, 0xC0, 0x0C, 0x00, 0x00, 
    0x00, 0x00, 0x70, 0x0F, 0xF0, 0x0E, 0x00, 0x00, 0x00, 0x00, 0x60, 0x1C, 0x38, 0x06, 0x00, 0x00, 
    0x00, 0x00, 0x60, 0x18, 0x18, 0x06, 0x00, 0x00, 0x00, 0x00, 0xC0, 0x38, 0x1C, 0x03, 0x00, 0x00, 
    0x00, 0x00, 0xC0, 0x30, 0x0C, 0x03, 0x00, 0x00, 0x00, 0x00, 0xC0, 0x38, 0x1C, 0x03, 0x00, 0x00, 
    0x00, 0x00, 0xC0, 0x18, 0x18, 0x03, 0x00, 0x00, 0x00, 0x00, 0xC0, 0x1C, 0x38, 0x03, 0x00, 0x00, 
    0x00, 0x00, 0xC0, 0x0F, 0xF0, 0x03, 0x00, 0x00, 0x00, 0x00, 0xC0, 0x07, 0xE0, 0x03, 0x00, 0x00, 
    0x00, 0x00, 0xC0, 0x07, 0xE0, 0x03, 0x00, 0x00, 0x00, 0x00, 0xC0, 0x1F, 0xF8, 0x03, 0x00, 0x00, 
    0x00, 0x00, 0xC0, 0x3C, 0x3C, 0x03, 0x00, 0x00, 0x00, 0x00, 0x60, 0x70, 0x0E, 0x06, 0x00, 0x00, 
    0x00, 0x00, 0x60, 0xE0, 0x07, 0x06, 0x00, 0x00, 0x00, 0x00, 0x70, 0xC0, 0x03, 0x0E, 0x00, 0x00, 
    0x00, 0x00, 0x30, 0xC0, 0x03, 0x0C, 0x00, 0x00, 0x00, 0x00, 0x19, 0x80, 0x01, 0x98, 0x00, 0x00, 
    0x00, 0x00, 0x1D, 0x80, 0x01, 0xB8, 0x00, 0x00, 0x00, 0x00, 0x1F, 0x80, 0x01, 0xF8, 0x00, 0x00, 
    0x00, 0x00, 0x1F, 0x80, 0x01, 0xFC, 0x00, 0x00, 0x00, 0x00, 0x31, 0xE0, 0x07, 0x86, 0x00, 0x00, 
    0x00, 0x00, 0x60, 0xFF, 0xFF, 0x03, 0xBE, 0x00, 0x00, 0x3F, 0xC0, 0x1F, 0xF8, 0x01, 0xFF, 0x00, 
    0x00, 0xFF, 0xC0, 0x00, 0x00, 0x01, 0xE3, 0x80, 0x00, 0xC3, 0x80, 0x00, 0x00, 0x01, 0xC1, 0xC0, 
    0x01, 0x81, 0xC0, 0x00, 0x00, 0x01, 0x80, 0xC0, 0x01, 0x80, 0xC0, 0x00, 0x00, 0x01, 0x80, 0xC0, 
    0x01, 0x80, 0xC0, 0x00, 0x00, 0x01, 0x80, 0xC0, 0x01, 0x80, 0xC0, 0x00, 0x00, 0x01, 0x81, 0xC0, 
    0x01, 0xC1, 0xC0, 0x00, 0x00, 0x00, 0xC3, 0x80, 0x00, 0xE3, 0x80, 0x00, 0x00, 0x00, 0xFF, 0x00, 
    0x00, 0x7F, 0x00, 0x00, 0x00, 0x00, 0x3E, 0x00, 0x00, 0x3E, 0x00, 0x00, 0x00, 0x00, 0x00, 0x00, 
    0x00, 0x00, 0x00, 0x00, 0x00, 0x00, 0x00, 0x00, 0x00, 0x00, 0x00, 0x00, 0x00, 0x00, 0x00, 0x00, 
    0x00, 0x00, 0x00, 0x00, 0x00, 0x00, 0x00, 0x00, 0x00, 0x00, 0x00, 0x00, 0x00, 0x00, 0x00, 0x00, 
    0x00, 0x00, 0x00, 0x00, 0x00, 0x00, 0x00, 0x00, 0x00, 0x00, 0x00, 0x00, 0x00, 0x00, 0x00, 0x00, 
      },
  {
    0x00, 0x00, 0x00, 0x00, 0x00, 0x00, 0x00, 0x00, 0x00, 0x00, 0x00, 0x00, 0x00, 0x00, 0x00, 0x00, 
    0x00, 0x00, 0x00, 0x00, 0x00, 0x00, 0x00, 0x00, 0x00, 0x00, 0x00, 0x00, 0x00, 0x00, 0x00, 0x00, 
    0x00, 0x00, 0x00, 0x00, 0x00, 0x00, 0x00, 0x00, 0x00, 0x00, 0x00, 0x00, 0x00, 0x00, 0x00, 0x00, 
    0x00, 0x00, 0x00, 0x00, 0x00, 0x00, 0x3C, 0x00, 0x00, 0x7E, 0x00, 0x00, 0x00, 0x00, 0xFE, 0x00, 
    0x00, 0xFF, 0x00, 0x00, 0x00, 0x01, 0xC7, 0x00, 0x01, 0x83, 0x80, 0x00, 0x00, 0x01, 0x81, 0x80, 
    0x03, 0x81, 0x80, 0x00, 0x00, 0x03, 0x81, 0x80, 0x03, 0x01, 0x80, 0x00, 0x00, 0x03, 0x01, 0x80, 
    0x03, 0x01, 0x80, 0x00, 0x00, 0x03, 0x01, 0x80, 0x03, 0x01, 0x80, 0x00, 0x00, 0x03, 0x81, 0x80, 
    0x01, 0x83, 0x80, 0x00, 0x00, 0x01, 0xC3, 0x80, 0x01, 0xE7, 0x80, 0x00, 0x00, 0x01, 0xFF, 0x00, 
    0x00, 0xFF, 0xC0, 0x1F, 0xF8, 0x03, 0xFE, 0x00, 0x00, 0x3C, 0xE0, 0xFF, 0xFF, 0x07, 0x00, 0x00, 
    0x00, 0x00, 0x71, 0xE0, 0x07, 0x8E, 0x00, 0x00, 0x00, 0x00, 0x3F, 0x80, 0x01, 0xFC, 0x00, 0x00, 
    0x00, 0x00, 0x1E, 0x00, 0x00, 0x78, 0x00, 0x00, 0x00, 0x00, 0x1C, 0x00, 0x00, 0x38, 0x00, 0x00, 
    0x00, 0x00, 0x18, 0x00, 0x00, 0x18, 0x00, 0x00, 0x00, 0x00, 0x30, 0x03, 0xC0, 0x0C, 0x00, 0x00, 
    0x00, 0x00, 0x70, 0x0F, 0xF0, 0x0E, 0x00, 0x00, 0x00, 0x00, 0x60, 0x1C, 0x38, 0x06, 0x00, 0x00, 
    0x00, 0x00, 0x60, 0x18, 0x18, 0x06, 0x00, 0x00, 0x00, 0x00, 0xC0, 0x38, 0x1C, 0x03, 0x00, 0x00, 
    0x00, 0x00, 0xC0, 0x30, 0x0C, 0x03, 0x00, 0x00, 0x00, 0x00, 0xC0, 0x38, 0x1C, 0x03, 0x00, 0x00, 
    0x00, 0x00, 0xC0, 0x18, 0x18, 0x03, 0x00, 0x00, 0x00, 0x00, 0xC0, 0x1C, 0x38, 0x03, 0x00, 0x00, 
    0x00, 0x00, 0xC0, 0x0F, 0xF0, 0x03, 0x00, 0x00, 0x00, 0x00, 0xC0, 0x07, 0xE0, 0x03, 0x00, 0x00, 
    0x00, 0x00, 0xC0, 0x07, 0xE0, 0x03, 0x00, 0x00, 0x00, 0x00, 0xC0, 0x1F, 0xF8, 0x03, 0x00, 0x00, 
    0x00, 0x00, 0xC0, 0x3C, 0x3C, 0x03, 0x00, 0x00, 0x00, 0x00, 0x60, 0x70, 0x0E, 0x06, 0x00, 0x00, 
    0x00, 0x00, 0x60, 0xE0, 0x07, 0x06, 0x00, 0x00, 0x00, 0x00, 0x70, 0xC0, 0x03, 0x0E, 0x00, 0x00, 
    0x00, 0x00, 0x30, 0xC0, 0x03, 0x0C, 0x00, 0x00, 0x00, 0x00, 0x19, 0x80, 0x01, 0x98, 0x00, 0x00, 
    0x00, 0x00, 0x1D, 0x80, 0x01, 0xB8, 0x00, 0x00, 0x00, 0x00, 0x1F, 0x80, 0x01, 0xF8, 0x00, 0x00, 
    0x00, 0x00, 0x3F, 0x80, 0x01, 0xFC, 0x00, 0x00, 0x00, 0x00, 0x71, 0xE0, 0x07, 0x8E, 0x00, 0x00, 
    0x00, 0x00, 0xE0, 0xFF, 0xFF, 0x07, 0x3C, 0x00, 0x00, 0x7F, 0xC0, 0x1F, 0xF8, 0x03, 0xFF, 0x00, 
    0x00, 0xFF, 0x80, 0x00, 0x00, 0x01, 0xE7, 0x80, 0x01, 0xC3, 0x80, 0x00, 0x00, 0x01, 0xC1, 0x80, 
    0x01, 0x81, 0xC0, 0x00, 0x00, 0x01, 0x80, 0xC0, 0x01, 0x80, 0xC0, 0x00, 0x00, 0x01, 0x80, 0xC0, 
    0x01, 0x80, 0xC0, 0x00, 0x00, 0x01, 0x80, 0xC0, 0x01, 0x81, 0xC0, 0x00, 0x00, 0x01, 0x81, 0xC0, 
    0x01, 0x81, 0x80, 0x00, 0x00, 0x01, 0xC1, 0x80, 0x00, 0xE3, 0x80, 0x00, 0x00, 0x00, 0xFF, 0x00, 
    0x00, 0x7F, 0x00, 0x00, 0x00, 0x00, 0x7E, 0x00, 0x00, 0x3C, 0x00, 0x00, 0x00, 0x00, 0x00, 0x00, 
    0x00, 0x00, 0x00, 0x00, 0x00, 0x00, 0x00, 0x00, 0x00, 0x00, 0x00, 0x00, 0x00, 0x00, 0x00, 0x00, 
    0x00, 0x00, 0x00, 0x00, 0x00, 0x00, 0x00, 0x00, 0x00, 0x00, 0x00, 0x00, 0x00, 0x00, 0x00, 0x00, 
    0x00, 0x00, 0x00, 0x00, 0x00, 0x00, 0x00, 0x00, 0x00, 0x00, 0x00, 0x00, 0x00, 0x00, 0x00, 0x00, 
      },
  {
    0x00, 0x00, 0x00, 0x00, 0x00, 0x00, 0x00, 0x00, 0x00, 0x00, 0x00, 0x00, 0x00, 0x00, 0x00, 0x00, 
    0x00, 0x00, 0x00, 0x00, 0x00, 0x00, 0x00, 0x00, 0x00, 0x00, 0x00, 0x00, 0x00, 0x00, 0x00, 0x00, 
    0x00, 0x00, 0x00, 0x00, 0x00, 0x00, 0x00, 0x00, 0x00, 0x00, 0x00, 0x00, 0x00, 0x00, 0x00, 0x00, 
    0x00, 0x18, 0x00, 0x00, 0x00, 0x00, 0x3C, 0x00, 0x00, 0x7E, 0x00, 0x00, 0x00, 0x00, 0xFF, 0x00, 
    0x00, 0xEF, 0x00, 0x00, 0x00, 0x01, 0xE7, 0x00, 0x01, 0x83, 0x80, 0x00, 0x00, 0x01, 0x81, 0x80, 
    0x03, 0x81, 0x80, 0x00, 0x00, 0x01, 0x81, 0x80, 0x03, 0x01, 0x80, 0x00, 0x00, 0x03, 0x01, 0xC0, 
    0x03, 0x01, 0x80, 0x00, 0x00, 0x03, 0x01, 0xC0, 0x03, 0x81, 0x80, 0x00, 0x00, 0x01, 0x81, 0x80, 
    0x01, 0x83, 0x80, 0x00, 0x00, 0x01, 0xC3, 0x80, 0x01, 0xE7, 0x80, 0x00, 0x00, 0x01, 0xFF, 0x00, 
    0x00, 0xFF, 0xC0, 0x1F, 0xF8, 0x03, 0xFE, 0x00, 0x00, 0x18, 0xE0, 0xFF, 0xFF, 0x07, 0x00, 0x00, 
    0x00, 0x00, 0x71, 0xE0, 0x07, 0x8E, 0x00, 0x00, 0x00, 0x00, 0x3F, 0x80, 0x01, 0xFC, 0x00, 0x00, 
    0x00, 0x00, 0x1E, 0x00, 0x00, 0x78, 0x00, 0x00, 0x00, 0x00, 0x1C, 0x00, 0x00, 0x38, 0x00, 0x00, 
    0x00, 0x00, 0x18, 0x00, 0x00, 0x18, 0x00, 0x00, 0x00, 0x00, 0x30, 0x03, 0xC0, 0x0C, 0x00, 0x00, 
    0x00, 0x00, 0x70, 0x0F, 0xF0, 0x0E, 0x00, 0x00, 0x00, 0x00, 0x60, 0x1C, 0x38, 0x06, 0x00, 0x00, 
    0x00, 0x00, 0x60, 0x18, 0x18, 0x06, 0x00, 0x00, 0x00, 0x00, 0xC0, 0x38, 0x1C, 0x03, 0x00, 0x00, 
    0x00, 0x00, 0xC0, 0x30, 0x0C, 0x03, 0x00, 0x00, 0x00, 0x00, 0xC0, 0x38, 0x1C, 0x03, 0x00, 0x00, 
    0x00, 0x00, 0xC0, 0x18, 0x18, 0x03, 0x00, 0x00, 0x00, 0x00, 0xC0, 0x1C, 0x38, 0x03, 0x00, 0x00, 
    0x00, 0x00, 0xC0, 0x0F, 0xF0, 0x03, 0x00, 0x00, 0x00, 0x00, 0xC0, 0x07, 0xE0, 0x03, 0x00, 0x00, 
    0x00, 0x00, 0xC0, 0x07, 0xE0, 0x03, 0x00, 0x00, 0x00, 0x00, 0xC0, 0x1F, 0xF8, 0x03, 0x00, 0x00, 
    0x00, 0x00, 0xC0, 0x3C, 0x3C, 0x03, 0x00, 0x00, 0x00, 0x00, 0x60, 0x70, 0x0E, 0x06, 0x00, 0x00, 
    0x00, 0x00, 0x60, 0xE0, 0x07, 0x06, 0x00, 0x00, 0x00, 0x00, 0x70, 0xC0, 0x03, 0x0E, 0x00, 0x00, 
    0x00, 0x00, 0x30, 0xC0, 0x03, 0x0C, 0x00, 0x00, 0x00, 0x00, 0x19, 0x80, 0x01, 0x98, 0x00, 0x00, 
    0x00, 0x00, 0x1D, 0x80, 0x01, 0xB8, 0x00, 0x00, 0x00, 0x00, 0x1F, 0x80, 0x01, 0xF8, 0x00, 0x00, 
    0x00, 0x00, 0x3F, 0x80, 0x01, 0xFC, 0x00, 0x00, 0x00, 0x00, 0x71, 0xE0, 0x07, 0x8E, 0x00, 0x00, 
    0x00, 0x00, 0xE0, 0xFF, 0xFF, 0x07, 0x18, 0x00, 0x00, 0x7F, 0xC0, 0x1F, 0xF8, 0x03, 0xFF, 0x00, 
    0x00, 0xFF, 0x80, 0x00, 0x00, 0x01, 0xE7, 0x80, 0x01, 0xC3, 0x80, 0x00, 0x00, 0x01, 0xC1, 0x80, 
    0x01, 0x81, 0x80, 0x00, 0x00, 0x01, 0x81, 0xC0, 0x03, 0x80, 0xC0, 0x00, 0x00, 0x01, 0x80, 0xC0, 
    0x03, 0x00, 0xC0, 0x00, 0x00, 0x01, 0x80, 0xC0, 0x01, 0x81, 0x80, 0x00, 0x00, 0x01, 0x81, 0xC0, 
    0x01, 0x81, 0x80, 0x00, 0x00, 0x01, 0xC1, 0x80, 0x00, 0xE7, 0x80, 0x00, 0x00, 0x00, 0xF7, 0x00, 
    0x00, 0xFF, 0x00, 0x00, 0x00, 0x00, 0x7E, 0x00, 0x00, 0x3C, 0x00, 0x00, 0x00, 0x00, 0x18, 0x00, 
    0x00, 0x00, 0x00, 0x00, 0x00, 0x00, 0x00, 0x00, 0x00, 0x00, 0x00, 0x00, 0x00, 0x00, 0x00, 0x00, 
    0x00, 0x00, 0x00, 0x00, 0x00, 0x00, 0x00, 0x00, 0x00, 0x00, 0x00, 0x00, 0x00, 0x00, 0x00, 0x00, 
    0x00, 0x00, 0x00, 0x00, 0x00, 0x00, 0x00, 0x00, 0x00, 0x00, 0x00, 0x00, 0x00, 0x00, 0x00, 0x00, 
      },
  {
    0x00, 0x00, 0x00, 0x00, 0x00, 0x00, 0x00, 0x00, 0x00, 0x00, 0x00, 0x00, 0x00, 0x00, 0x00, 0x00, 
    0x00, 0x00, 0x00, 0x00, 0x00, 0x00, 0x00, 0x00, 0x00, 0x00, 0x00, 0x00, 0x00, 0x00, 0x00, 0x00, 
    0x00, 0x00, 0x00, 0x00, 0x00, 0x00, 0x00, 0x00, 0x00, 0x00, 0x00, 0x00, 0x00, 0x00, 0x00, 0x00, 
    0x00, 0x18, 0x00, 0x00, 0x00, 0x00, 0x1C, 0x00, 0x00, 0xFE, 0x00, 0x00, 0x00, 0x00, 0x7F, 0x00, 
    0x01, 0xE7, 0x00, 0x00, 0x00, 0x00, 0xE7, 0x80, 0x01, 0x83, 0x80, 0x00, 0x00, 0x01, 0x81, 0x80, 
    0x03, 0x81, 0x80, 0x00, 0x00, 0x01, 0x81, 0x80, 0x03, 0x01, 0xC0, 0x00, 0x00, 0x03, 0x80, 0xC0, 
    0x03, 0x01, 0xC0, 0x00, 0x00, 0x03, 0x80, 0xC0, 0x01, 0x81, 0x80, 0x00, 0x00, 0x01, 0x81, 0x80, 
    0x01, 0x83, 0x80, 0x00, 0x00, 0x01, 0xC3, 0x80, 0x00, 0xFF, 0x80, 0x00, 0x00, 0x01, 0xFF, 0x00, 
    0x00, 0x7F, 0xC0, 0x1F, 0xF8, 0x03, 0xFE, 0x00, 0x00, 0x18, 0xE0, 0xFF, 0xFF, 0x07, 0x18, 0x00, 
    0x00, 0x00, 0x71, 0xE0, 0x07, 0x8E, 0x00, 0x00, 0x00, 0x00, 0x3F, 0x80, 0x01, 0xFC, 0x00, 0x00, 
    0x00, 0x00, 0x1E, 0x00, 0x00, 0x78, 0x00, 0x00, 0x00, 0x00, 0x1C, 0x00, 0x00, 0x38, 0x00, 0x00, 
    0x00, 0x00, 0x18, 0x00, 0x00, 0x18, 0x00, 0x00, 0x00, 0x00, 0x30, 0x03, 0xC0, 0x0C, 0x00, 0x00, 
    0x00, 0x00, 0x70, 0x0F, 0xF0, 0x0E, 0x00, 0x00, 0x00, 0x00, 0x60, 0x1C, 0x38, 0x06, 0x00, 0x00, 
    0x00, 0x00, 0x60, 0x18, 0x18, 0x06, 0x00, 0x00, 0x00, 0x00, 0xC0, 0x38, 0x1C, 0x03, 0x00, 0x00, 
    0x00, 0x00, 0xC0, 0x30, 0x0C, 0x03, 0x00, 0x00, 0x00, 0x00, 0xC0, 0x38, 0x1C, 0x03, 0x00, 0x00, 
    0x00, 0x00, 0xC0, 0x18, 0x18, 0x03, 0x00, 0x00, 0x00, 0x00, 0xC0, 0x1C, 0x38, 0x03, 0x00, 0x00, 
    0x00, 0x00, 0xC0, 0x0F, 0xF0, 0x03, 0x00, 0x00, 0x00, 0x00, 0xC0, 0x07, 0xE0, 0x03, 0x00, 0x00, 
    0x00, 0x00, 0xC0, 0x07, 0xE0, 0x03, 0x00, 0x00, 0x00, 0x00, 0xC0, 0x1F, 0xF8, 0x03, 0x00, 0x00, 
    0x00, 0x00, 0xC0, 0x3C, 0x3C, 0x03, 0x00, 0x00, 0x00, 0x00, 0x60, 0x70, 0x0E, 0x06, 0x00, 0x00, 
    0x00, 0x00, 0x60, 0xE0, 0x07, 0x06, 0x00, 0x00, 0x00, 0x00, 0x70, 0xC0, 0x03, 0x0E, 0x00, 0x00, 
    0x00, 0x00, 0x30, 0xC0, 0x03, 0x0C, 0x00, 0x00, 0x00, 0x00, 0x19, 0x80, 0x01, 0x98, 0x00, 0x00, 
    0x00, 0x00, 0x1D, 0x80, 0x01, 0xB8, 0x00, 0x00, 0x00, 0x00, 0x1F, 0x80, 0x01, 0xF8, 0x00, 0x00, 
    0x00, 0x00, 0x3F, 0x80, 0x01, 0xFC, 0x00, 0x00, 0x00, 0x00, 0x71, 0xE0, 0x07, 0x8E, 0x00, 0x00, 
    0x00, 0x18, 0xE0, 0xFF, 0xFF, 0x07, 0x18, 0x00, 0x00, 0x7F, 0xC0, 0x1F, 0xF8, 0x03, 0xFE, 0x00, 
    0x00, 0xFF, 0x80, 0x00, 0x00, 0x01, 0xFF, 0x00, 0x01, 0xC3, 0x80, 0x00, 0x00, 0x01, 0xC1, 0x80, 
    0x01, 0x81, 0x80, 0x00, 0x00, 0x01, 0x81, 0x80, 0x03, 0x01, 0xC0, 0x00, 0x00, 0x03, 0x80, 0xC0, 
    0x03, 0x01, 0xC0, 0x00, 0x00, 0x03, 0x80, 0xC0, 0x01, 0x81, 0x80, 0x00, 0x00, 0x01, 0x81, 0xC0, 
    0x01, 0x81, 0x80, 0x00, 0x00, 0x01, 0xC1, 0x80, 0x01, 0xE7, 0x00, 0x00, 0x00, 0x00, 0xE7, 0x80, 
    0x00, 0xFE, 0x00, 0x00, 0x00, 0x00, 0x7F, 0x00, 0x00, 0x3C, 0x00, 0x00, 0x00, 0x00, 0x18, 0x00, 
    0x00, 0x00, 0x00, 0x00, 0x00, 0x00, 0x00, 0x00, 0x00, 0x00, 0x00, 0x00, 0x00, 0x00, 0x00, 0x00, 
    0x00, 0x00, 0x00, 0x00, 0x00, 0x00, 0x00, 0x00, 0x00, 0x00, 0x00, 0x00, 0x00, 0x00, 0x00, 0x00, 
    0x00, 0x00, 0x00, 0x00, 0x00, 0x00, 0x00, 0x00, 0x00, 0x00, 0x00, 0x00, 0x00, 0x00, 0x00, 0x00, 
      },
  {
    0x00, 0x00, 0x00, 0x00, 0x00, 0x00, 0x00, 0x00, 0x00, 0x00, 0x00, 0x00, 0x00, 0x00, 0x00, 0x00, 
    0x00, 0x00, 0x00, 0x00, 0x00, 0x00, 0x00, 0x00, 0x00, 0x00, 0x00, 0x00, 0x00, 0x00, 0x00, 0x00, 
    0x00, 0x00, 0x00, 0x00, 0x00, 0x00, 0x00, 0x00, 0x00, 0x00, 0x00, 0x00, 0x00, 0x00, 0x00, 0x00, 
    0x00, 0x38, 0x00, 0x00, 0x00, 0x00, 0x1C, 0x00, 0x00, 0xFE, 0x00, 0x00, 0x00, 0x00, 0x7F, 0x00, 
    0x01, 0xE7, 0x00, 0x00, 0x00, 0x00, 0xE7, 0x80, 0x01, 0x81, 0x80, 0x00, 0x00, 0x01, 0x81, 0x80, 
    0x03, 0x81, 0x80, 0x00, 0x00, 0x01, 0x81, 0xC0, 0x03, 0x01, 0xC0, 0x00, 0x00, 0x03, 0x80, 0xC0, 
    0x03, 0x01, 0xC0, 0x00, 0x00, 0x03, 0x80, 0xC0, 0x01, 0x81, 0x80, 0x00, 0x00, 0x01, 0x81, 0x80, 
    0x01, 0x83, 0x80, 0x00, 0x00, 0x01, 0xC1, 0x80, 0x00, 0xFF, 0x80, 0x00, 0x00, 0x01, 0xFF, 0x00, 
    0x00, 0x7F, 0xC0, 0x1F, 0xF8, 0x03, 0xFE, 0x00, 0x00, 0x18, 0xE0, 0xFF, 0xFF, 0x07, 0x18, 0x00, 
    0x00, 0x00, 0x71, 0xE0, 0x07, 0x8E, 0x00, 0x00, 0x00, 0x00, 0x3F, 0x80, 0x01, 0xFC, 0x00, 0x00, 
    0x00, 0x00, 0x1E, 0x00, 0x00, 0x78, 0x00, 0x00, 0x00, 0x00, 0x1C, 0x00, 0x00, 0x38, 0x00, 0x00, 
    0x00, 0x00, 0x18, 0x00, 0x00, 0x18, 0x00, 0x00, 0x00, 0x00, 0x30, 0x03, 0xC0, 0x0C, 0x00, 0x00, 
    0x00, 0x00, 0x70, 0x0F, 0xF0, 0x0E, 0x00, 0x00, 0x00, 0x00, 0x60, 0x1C, 0x38, 0x06, 0x00, 0x00, 
    0x00, 0x00, 0x60, 0x18, 0x18, 0x06, 0x00, 0x00, 0x00, 0x00, 0xC0, 0x38, 0x1C, 0x03, 0x00, 0x00, 
    0x00, 0x00, 0xC0, 0x30, 0x0C, 0x03, 0x00, 0x00, 0x00, 0x00, 0xC0, 0x38, 0x1C, 0x03, 0x00, 0x00, 
    0x00, 0x00, 0xC0, 0x18, 0x18, 0x03, 0x00, 0x00, 0x00, 0x00, 0xC0, 0x1C, 0x38, 0x03, 0x00, 0x00, 
    0x00, 0x00, 0xC0, 0x0F, 0xF0, 0x03, 0x00, 0x00, 0x00, 0x00, 0xC0, 0x07, 0xE0, 0x03, 0x00, 0x00, 
    0x00, 0x00, 0xC0, 0x07, 0xE0, 0x03, 0x00, 0x00, 0x00, 0x00, 0xC0, 0x1F, 0xF8, 0x03, 0x00, 0x00, 
    0x00, 0x00, 0xC0, 0x3C, 0x3C, 0x03, 0x00, 0x00, 0x00, 0x00, 0x60, 0x70, 0x0E, 0x06, 0x00, 0x00, 
    0x00, 0x00, 0x60, 0xE0, 0x07, 0x06, 0x00, 0x00, 0x00, 0x00, 0x70, 0xC0, 0x03, 0x0E, 0x00, 0x00, 
    0x00, 0x00, 0x30, 0xC0, 0x03, 0x0C, 0x00, 0x00, 0x00, 0x00, 0x19, 0x80, 0x01, 0x98, 0x00, 0x00, 
    0x00, 0x00, 0x1D, 0x80, 0x01, 0xB8, 0x00, 0x00, 0x00, 0x00, 0x1F, 0x80, 0x01, 0xF8, 0x00, 0x00, 
    0x00, 0x00, 0x3F, 0x80, 0x01, 0xFC, 0x00, 0x00, 0x00, 0x00, 0x71, 0xE0, 0x07, 0x8E, 0x00, 0x00, 
    0x00, 0x18, 0xE0, 0xFF, 0xFF, 0x07, 0x18, 0x00, 0x00, 0x7F, 0xC0, 0x1F, 0xF8, 0x03, 0xFE, 0x00, 
    0x00, 0xFF, 0x80, 0x00, 0x00, 0x01, 0xFF, 0x00, 0x01, 0x83, 0x80, 0x00, 0x00, 0x01, 0xC1, 0x80, 
    0x01, 0x81, 0x80, 0x00, 0x00, 0x01, 0x81, 0x80, 0x03, 0x01, 0xC0, 0x00, 0x00, 0x03, 0x80, 0xC0, 
    0x03, 0x01, 0xC0, 0x00, 0x00, 0x03, 0x80, 0xC0, 0x03, 0x81, 0x80, 0x00, 0x00, 0x01, 0x81, 0xC0, 
    0x01, 0x81, 0x80, 0x00, 0x00, 0x01, 0x81, 0x80, 0x01, 0xE7, 0x00, 0x00, 0x00, 0x00, 0xE7, 0x80, 
    0x00, 0xFE, 0x00, 0x00, 0x00, 0x00, 0x7F, 0x00, 0x00, 0x38, 0x00, 0x00, 0x00, 0x00, 0x1C, 0x00, 
    0x00, 0x00, 0x00, 0x00, 0x00, 0x00, 0x00, 0x00, 0x00, 0x00, 0x00, 0x00, 0x00, 0x00, 0x00, 0x00, 
    0x00, 0x00, 0x00, 0x00, 0x00, 0x00, 0x00, 0x00, 0x00, 0x00, 0x00, 0x00, 0x00, 0x00, 0x00, 0x00, 
    0x00, 0x00, 0x00, 0x00, 0x00, 0x00, 0x00, 0x00, 0x00, 0x00, 0x00, 0x00, 0x00, 0x00, 0x00, 0x00, 
      },
};

#endif
