#ifndef ANIMATION_CLOUD_NETWORK_H
#define ANIMATION_CLOUD_NETWORK_H

#include <pgmspace.h>

#define CLOUD_NETWORK_FRAMES 66
#define CLOUD_NETWORK_WIDTH  64
#define CLOUD_NETWORK_HEIGHT 64

const uint8_t cloud_network_frames[][512] PROGMEM = {
  {
    0x00, 0x00, 0x00, 0x00, 0x00, 0x00, 0x00, 0x00, 0x00, 0x00, 0x00, 0x00, 0x00, 0x00, 0x00, 0x00, 
    0x00, 0x00, 0x00, 0x00, 0x00, 0x00, 0x00, 0x00, 0x00, 0x00, 0x00, 0x00, 0x00, 0x00, 0x00, 0x00, 
    0x00, 0x00, 0x00, 0x00, 0x00, 0x00, 0x00, 0x00, 0x00, 0x00, 0x00, 0x00, 0x00, 0x00, 0x00, 0x00, 
    0x00, 0x00, 0x00, 0xFC, 0x00, 0x00, 0x00, 0x00, 0x00, 0x00, 0x03, 0xFF, 0x80, 0x00, 0x00, 0x00, 
    0x00, 0x00, 0x0F, 0xFF, 0xC0, 0x00, 0x00, 0x00, 0x00, 0x00, 0x1E, 0x00, 0xFE, 0x00, 0x00, 0x00, 
    0x00, 0x00, 0x3C, 0x00, 0x7F, 0xC0, 0x00, 0x00, 0x00, 0x00, 0x78, 0x00, 0x3F, 0xE0, 0x00, 0x00, 
    0x00, 0x00, 0x70, 0x00, 0x00, 0xF0, 0x00, 0x00, 0x00, 0x00, 0xE0, 0x00, 0x00, 0x38, 0x00, 0x00, 
    0x00, 0x00, 0xC0, 0x00, 0x00, 0x1C, 0x00, 0x00, 0x00, 0x00, 0xF0, 0x00, 0x00, 0x1E, 0x00, 0x00, 
    0x00, 0x03, 0xFC, 0x00, 0x00, 0x3F, 0xC0, 0x00, 0x00, 0x0F, 0xFC, 0x00, 0x00, 0x3F, 0xF0, 0x00, 
    0x00, 0x1E, 0x00, 0x00, 0x00, 0x00, 0x78, 0x00, 0x00, 0x1C, 0x00, 0x00, 0x00, 0x00, 0x38, 0x00, 
    0x00, 0x38, 0x00, 0x00, 0x00, 0x00, 0x1C, 0x00, 0x00, 0x30, 0x00, 0x00, 0x00, 0x00, 0x0C, 0x00, 
    0x00, 0x70, 0x00, 0x00, 0x00, 0x00, 0x0E, 0x00, 0x00, 0x70, 0x00, 0x00, 0x00, 0x00, 0x0E, 0x00, 
    0x00, 0x70, 0x00, 0x00, 0x00, 0x00, 0x0E, 0x00, 0x00, 0x70, 0x00, 0x00, 0x00, 0x00, 0x0E, 0x00, 
    0x00, 0x30, 0x00, 0x00, 0x00, 0x00, 0x0C, 0x00, 0x00, 0x38, 0x00, 0x00, 0x00, 0x00, 0x1C, 0x00, 
    0x00, 0x38, 0x00, 0x00, 0x00, 0x00, 0x1C, 0x00, 0x00, 0x1C, 0x00, 0x00, 0x00, 0x00, 0x38, 0x00, 
    0x00, 0x0F, 0x00, 0x00, 0x00, 0x00, 0xF0, 0x00, 0x00, 0x07, 0xFF, 0xFF, 0xFF, 0xFF, 0xE0, 0x00, 
    0x00, 0x01, 0xFF, 0xFF, 0xFF, 0xFF, 0x80, 0x00, 0x00, 0x00, 0x03, 0x01, 0x80, 0xC0, 0x00, 0x00, 
    0x00, 0x00, 0x03, 0x01, 0x80, 0xC0, 0x00, 0x00, 0x00, 0x00, 0x03, 0x01, 0x80, 0xC0, 0x00, 0x00, 
    0x00, 0x00, 0x03, 0x01, 0x80, 0xC0, 0x00, 0x00, 0x00, 0x00, 0x03, 0x01, 0x80, 0xC0, 0x00, 0x00, 
    0x00, 0x00, 0x03, 0x01, 0x80, 0xC0, 0x00, 0x00, 0x00, 0x00, 0x03, 0x01, 0x80, 0xC0, 0x00, 0x00, 
    0x00, 0x00, 0x03, 0x01, 0x80, 0xC0, 0x00, 0x00, 0x00, 0x00, 0x03, 0x01, 0x80, 0xC0, 0x00, 0x00, 
    0x00, 0x00, 0x03, 0x01, 0x80, 0xC0, 0x00, 0x00, 0x00, 0x0E, 0x03, 0x01, 0x80, 0xC0, 0x70, 0x00, 
    0x00, 0x3F, 0x03, 0x01, 0x80, 0xC0, 0xFC, 0x00, 0x00, 0x3F, 0x83, 0x01, 0x80, 0xC1, 0xFC, 0x00, 
    0x00, 0x71, 0xFF, 0x01, 0x80, 0xFF, 0x8E, 0x00, 0x00, 0x61, 0xFF, 0x01, 0x80, 0xFF, 0x86, 0x00, 
    0x00, 0x71, 0xFE, 0x01, 0x80, 0x7F, 0x8E, 0x00, 0x00, 0x3F, 0x80, 0x01, 0x80, 0x01, 0xFC, 0x00, 
    0x00, 0x3F, 0x00, 0x03, 0xC0, 0x00, 0xFC, 0x00, 0x00, 0x0E, 0x00, 0x07, 0xE0, 0x00, 0x70, 0x00, 
    0x00, 0x00, 0x00, 0x0E, 0x70, 0x00, 0x00, 0x00, 0x00, 0x00, 0x00, 0x0C, 0x30, 0x00, 0x00, 0x00, 
    0x00, 0x00, 0x00, 0x0C, 0x30, 0x00, 0x00, 0x00, 0x00, 0x00, 0x00, 0x0E, 0x70, 0x00, 0x00, 0x00, 
    0x00, 0x00, 0x00, 0x07, 0xE0, 0x00, 0x00, 0x00, 0x00, 0x00, 0x00, 0x03, 0xC0, 0x00, 0x00, 0x00, 
    0x00, 0x00, 0x00, 0x00, 0x00, 0x00, 0x00, 0x00, 0x00, 0x00, 0x00, 0x00, 0x00, 0x00, 0x00, 0x00, 
    0x00, 0x00, 0x00, 0x00, 0x00, 0x00, 0x00, 0x00, 0x00, 0x00, 0x00, 0x00, 0x00, 0x00, 0x00, 0x00, 
    0x00, 0x00, 0x00, 0x00, 0x00, 0x00, 0x00, 0x00, 0x00, 0x00, 0x00, 0x00, 0x00, 0x00, 0x00, 0x00, 
      },
  {
    0x00, 0x00, 0x00, 0x00, 0x00, 0x00, 0x00, 0x00, 0x00, 0x00, 0x00, 0x00, 0x00, 0x00, 0x00, 0x00, 
    0x00, 0x00, 0x00, 0x00, 0x00, 0x00, 0x00, 0x00, 0x00, 0x00, 0x00, 0x00, 0x00, 0x00, 0x00, 0x00, 
    0x00, 0x00, 0x00, 0x00, 0x00, 0x00, 0x00, 0x00, 0x00, 0x00, 0x00, 0x00, 0x00, 0x00, 0x00, 0x00, 
    0x00, 0x00, 0x00, 0xFC, 0x00, 0x00, 0x00, 0x00, 0x00, 0x00, 0x03, 0xFF, 0x80, 0x00, 0x00, 0x00, 
    0x00, 0x00, 0x0F, 0xFF, 0xC0, 0x00, 0x00, 0x00, 0x00, 0x00, 0x1E, 0x00, 0xFE, 0x00, 0x00, 0x00, 
    0x00, 0x00, 0x3C, 0x00, 0x7F, 0xC0, 0x00, 0x00, 0x00, 0x00, 0x78, 0x00, 0x3F, 0xE0, 0x00, 0x00, 
    0x00, 0x00, 0x70, 0x00, 0x00, 0xF0, 0x00, 0x00, 0x00, 0x00, 0xE0, 0x00, 0x00, 0x38, 0x00, 0x00, 
    0x00, 0x00, 0xC0, 0x00, 0x00, 0x1C, 0x00, 0x00, 0x00, 0x00, 0xF0, 0x00, 0x00, 0x1E, 0x00, 0x00, 
    0x00, 0x03, 0xFC, 0x00, 0x00, 0x3F, 0xC0, 0x00, 0x00, 0x0F, 0xFC, 0x00, 0x00, 0x3F, 0xF0, 0x00, 
    0x00, 0x1E, 0x00, 0x00, 0x00, 0x00, 0x78, 0x00, 0x00, 0x1C, 0x00, 0x00, 0x00, 0x00, 0x38, 0x00, 
    0x00, 0x38, 0x00, 0x00, 0x00, 0x00, 0x1C, 0x00, 0x00, 0x30, 0x00, 0x00, 0x00, 0x00, 0x0C, 0x00, 
    0x00, 0x70, 0x00, 0x00, 0x00, 0x00, 0x0E, 0x00, 0x00, 0x70, 0x00, 0x00, 0x00, 0x00, 0x0E, 0x00, 
    0x00, 0x70, 0x00, 0x00, 0x00, 0x00, 0x0E, 0x00, 0x00, 0x70, 0x00, 0x00, 0x00, 0x00, 0x0E, 0x00, 
    0x00, 0x30, 0x00, 0x00, 0x00, 0x00, 0x0C, 0x00, 0x00, 0x38, 0x00, 0x00, 0x00, 0x00, 0x1C, 0x00, 
    0x00, 0x38, 0x00, 0x00, 0x00, 0x00, 0x1C, 0x00, 0x00, 0x1C, 0x00, 0x00, 0x00, 0x00, 0x38, 0x00, 
    0x00, 0x0F, 0x00, 0x00, 0x00, 0x00, 0xF0, 0x00, 0x00, 0x07, 0xFF, 0xFF, 0xFF, 0xFF, 0xE0, 0x00, 
    0x00, 0x01, 0xFF, 0xFF, 0xFF, 0xFF, 0x80, 0x00, 0x00, 0x00, 0x03, 0x01, 0x80, 0xC0, 0x00, 0x00, 
    0x00, 0x00, 0x03, 0x01, 0x80, 0xC0, 0x00, 0x00, 0x00, 0x00, 0x03, 0x01, 0x80, 0xC0, 0x00, 0x00, 
    0x00, 0x00, 0x03, 0x01, 0x80, 0xC0, 0x00, 0x00, 0x00, 0x00, 0x03, 0x01, 0x80, 0xC0, 0x00, 0x00, 
    0x00, 0x00, 0x03, 0x01, 0x80, 0xC0, 0x00, 0x00, 0x00, 0x00, 0x03, 0x01, 0x80, 0xC0, 0x00, 0x00, 
    0x00, 0x00, 0x03, 0x01, 0x80, 0xC0, 0x00, 0x00, 0x00, 0x00, 0x03, 0x01, 0x80, 0xC0, 0x00, 0x00, 
    0x00, 0x00, 0x03, 0x01, 0x80, 0xC0, 0x00, 0x00, 0x00, 0x0E, 0x03, 0x01, 0x80, 0xC0, 0x70, 0x00, 
    0x00, 0x3F, 0x03, 0x01, 0x80, 0xC0, 0xFC, 0x00, 0x00, 0x3F, 0x83, 0x01, 0x80, 0xC1, 0xFC, 0x00, 
    0x00, 0x71, 0xFF, 0x01, 0x80, 0xFF, 0x8E, 0x00, 0x00, 0x61, 0xFF, 0x01, 0x80, 0xFF, 0x86, 0x00, 
    0x00, 0x71, 0xFE, 0x01, 0x80, 0x7F, 0x8E, 0x00, 0x00, 0x3F, 0x80, 0x01, 0x80, 0x01, 0xFC, 0x00, 
    0x00, 0x3F, 0x00, 0x03, 0xC0, 0x00, 0xFC, 0x00, 0x00, 0x0E, 0x00, 0x07, 0xE0, 0x00, 0x70, 0x00, 
    0x00, 0x00, 0x00, 0x0E, 0x70, 0x00, 0x00, 0x00, 0x00, 0x00, 0x00, 0x0C, 0x30, 0x00, 0x00, 0x00, 
    0x00, 0x00, 0x00, 0x0C, 0x30, 0x00, 0x00, 0x00, 0x00, 0x00, 0x00, 0x0E, 0x70, 0x00, 0x00, 0x00, 
    0x00, 0x00, 0x00, 0x07, 0xE0, 0x00, 0x00, 0x00, 0x00, 0x00, 0x00, 0x03, 0xC0, 0x00, 0x00, 0x00, 
    0x00, 0x00, 0x00, 0x00, 0x00, 0x00, 0x00, 0x00, 0x00, 0x00, 0x00, 0x00, 0x00, 0x00, 0x00, 0x00, 
    0x00, 0x00, 0x00, 0x00, 0x00, 0x00, 0x00, 0x00, 0x00, 0x00, 0x00, 0x00, 0x00, 0x00, 0x00, 0x00, 
    0x00, 0x00, 0x00, 0x00, 0x00, 0x00, 0x00, 0x00, 0x00, 0x00, 0x00, 0x00, 0x00, 0x00, 0x00, 0x00, 
      },
  {
    0x00, 0x00, 0x00, 0x00, 0x00, 0x00, 0x00, 0x00, 0x00, 0x00, 0x00, 0x00, 0x00, 0x00, 0x00, 0x00, 
    0x00, 0x00, 0x00, 0x00, 0x00, 0x00, 0x00, 0x00, 0x00, 0x00, 0x00, 0x00, 0x00, 0x00, 0x00, 0x00, 
    0x00, 0x00, 0x00, 0x00, 0x00, 0x00, 0x00, 0x00, 0x00, 0x00, 0x00, 0x00, 0x00, 0x00, 0x00, 0x00, 
    0x00, 0x00, 0x00, 0xFC, 0x00, 0x00, 0x00, 0x00, 0x00, 0x00, 0x03, 0xFF, 0x80, 0x00, 0x00, 0x00, 
    0x00, 0x00, 0x0F, 0xFF, 0xC0, 0x00, 0x00, 0x00, 0x00, 0x00, 0x1E, 0x00, 0xFE, 0x00, 0x00, 0x00, 
    0x00, 0x00, 0x3C, 0x00, 0x7F, 0xC0, 0x00, 0x00, 0x00, 0x00, 0x78, 0x00, 0x3F, 0xE0, 0x00, 0x00, 
    0x00, 0x00, 0x70, 0x00, 0x00, 0xF0, 0x00, 0x00, 0x00, 0x00, 0xE0, 0x00, 0x00, 0x38, 0x00, 0x00, 
    0x00, 0x00, 0xC0, 0x00, 0x00, 0x1C, 0x00, 0x00, 0x00, 0x00, 0xF0, 0x00, 0x00, 0x1E, 0x00, 0x00, 
    0x00, 0x03, 0xFC, 0x00, 0x00, 0x3F, 0xC0, 0x00, 0x00, 0x0F, 0xFC, 0x00, 0x00, 0x3F, 0xF0, 0x00, 
    0x00, 0x1E, 0x00, 0x00, 0x00, 0x00, 0x78, 0x00, 0x00, 0x1C, 0x00, 0x00, 0x00, 0x00, 0x38, 0x00, 
    0x00, 0x38, 0x00, 0x00, 0x00, 0x00, 0x1C, 0x00, 0x00, 0x30, 0x00, 0x00, 0x00, 0x00, 0x0C, 0x00, 
    0x00, 0x70, 0x00, 0x00, 0x00, 0x00, 0x0E, 0x00, 0x00, 0x70, 0x00, 0x08, 0x00, 0x00, 0x0E, 0x00, 
    0x00, 0x70, 0x00, 0x1C, 0x00, 0x00, 0x0E, 0x00, 0x00, 0x70, 0x00, 0x0E, 0x00, 0x00, 0x0E, 0x00, 
    0x00, 0x30, 0x00, 0x00, 0x00, 0x00, 0x0C, 0x00, 0x00, 0x38, 0x00, 0x00, 0x00, 0x00, 0x1C, 0x00, 
    0x00, 0x38, 0x00, 0x00, 0x00, 0x00, 0x1C, 0x00, 0x00, 0x1C, 0x00, 0x00, 0x00, 0x00, 0x38, 0x00, 
    0x00, 0x0F, 0x00, 0x00, 0x00, 0x00, 0xF0, 0x00, 0x00, 0x07, 0xFF, 0xFF, 0xFF, 0xFF, 0xE0, 0x00, 
    0x00, 0x01, 0xFF, 0xFF, 0xFF, 0xFF, 0x80, 0x00, 0x00, 0x00, 0x03, 0x01, 0x80, 0xC0, 0x00, 0x00, 
    0x00, 0x00, 0x03, 0x01, 0x80, 0xC0, 0x00, 0x00, 0x00, 0x00, 0x03, 0x01, 0x80, 0xC0, 0x00, 0x00, 
    0x00, 0x00, 0x03, 0x01, 0x80, 0xC0, 0x00, 0x00, 0x00, 0x00, 0x03, 0x01, 0x80, 0xC0, 0x00, 0x00, 
    0x00, 0x00, 0x03, 0x01, 0x80, 0xC0, 0x00, 0x00, 0x00, 0x00, 0x03, 0x01, 0x80, 0xC0, 0x00, 0x00, 
    0x00, 0x00, 0x03, 0x01, 0x80, 0xC0, 0x00, 0x00, 0x00, 0x00, 0x03, 0x01, 0x80, 0xC0, 0x00, 0x00, 
    0x00, 0x00, 0x03, 0x01, 0x80, 0xC0, 0x00, 0x00, 0x00, 0x0E, 0x03, 0x01, 0x80, 0xC0, 0x70, 0x00, 
    0x00, 0x3F, 0x03, 0x01, 0x80, 0xC0, 0xFC, 0x00, 0x00, 0x3F, 0x83, 0x01, 0x80, 0xC1, 0xFC, 0x00, 
    0x00, 0x71, 0xFF, 0x01, 0x80, 0xFF, 0x8E, 0x00, 0x00, 0x61, 0xFF, 0x01, 0x80, 0xFF, 0x86, 0x00, 
    0x00, 0x71, 0xFE, 0x01, 0x80, 0x7F, 0x8E, 0x00, 0x00, 0x3F, 0x80, 0x01, 0x80, 0x01, 0xFC, 0x00, 
    0x00, 0x3F, 0x00, 0x03, 0xC0, 0x00, 0xFC, 0x00, 0x00, 0x0E, 0x00, 0x07, 0xE0, 0x00, 0x70, 0x00, 
    0x00, 0x00, 0x00, 0x0E, 0x70, 0x00, 0x00, 0x00, 0x00, 0x00, 0x00, 0x0C, 0x30, 0x00, 0x00, 0x00, 
    0x00, 0x00, 0x00, 0x0C, 0x30, 0x00, 0x00, 0x00, 0x00, 0x00, 0x00, 0x0E, 0x70, 0x00, 0x00, 0x00, 
    0x00, 0x00, 0x00, 0x07, 0xE0, 0x00, 0x00, 0x00, 0x00, 0x00, 0x00, 0x03, 0xC0, 0x00, 0x00, 0x00, 
    0x00, 0x00, 0x00, 0x00, 0x00, 0x00, 0x00, 0x00, 0x00, 0x00, 0x00, 0x00, 0x00, 0x00, 0x00, 0x00, 
    0x00, 0x00, 0x00, 0x00, 0x00, 0x00, 0x00, 0x00, 0x00, 0x00, 0x00, 0x00, 0x00, 0x00, 0x00, 0x00, 
    0x00, 0x00, 0x00, 0x00, 0x00, 0x00, 0x00, 0x00, 0x00, 0x00, 0x00, 0x00, 0x00, 0x00, 0x00, 0x00, 
      },
  {
    0x00, 0x00, 0x00, 0x00, 0x00, 0x00, 0x00, 0x00, 0x00, 0x00, 0x00, 0x00, 0x00, 0x00, 0x00, 0x00, 
    0x00, 0x00, 0x00, 0x00, 0x00, 0x00, 0x00, 0x00, 0x00, 0x00, 0x00, 0x00, 0x00, 0x00, 0x00, 0x00, 
    0x00, 0x00, 0x00, 0x00, 0x00, 0x00, 0x00, 0x00, 0x00, 0x00, 0x00, 0x00, 0x00, 0x00, 0x00, 0x00, 
    0x00, 0x00, 0x00, 0xFC, 0x00, 0x00, 0x00, 0x00, 0x00, 0x00, 0x03, 0xFF, 0x80, 0x00, 0x00, 0x00, 
    0x00, 0x00, 0x0F, 0xFF, 0xC0, 0x00, 0x00, 0x00, 0x00, 0x00, 0x1E, 0x00, 0xFE, 0x00, 0x00, 0x00, 
    0x00, 0x00, 0x3C, 0x00, 0x7F, 0xC0, 0x00, 0x00, 0x00, 0x00, 0x78, 0x00, 0x3F, 0xE0, 0x00, 0x00, 
    0x00, 0x00, 0x70, 0x00, 0x00, 0xF0, 0x00, 0x00, 0x00, 0x00, 0xE0, 0x00, 0x00, 0x38, 0x00, 0x00, 
    0x00, 0x00, 0xC0, 0x00, 0x00, 0x1C, 0x00, 0x00, 0x00, 0x00, 0xF0, 0x00, 0x00, 0x1E, 0x00, 0x00, 
    0x00, 0x03, 0xFC, 0x00, 0x00, 0x3F, 0xC0, 0x00, 0x00, 0x0F, 0xFC, 0x00, 0x00, 0x3F, 0xF0, 0x00, 
    0x00, 0x1E, 0x00, 0x00, 0x00, 0x00, 0x78, 0x00, 0x00, 0x1C, 0x00, 0x00, 0x00, 0x00, 0x38, 0x00, 
    0x00, 0x38, 0x00, 0x00, 0x00, 0x00, 0x1C, 0x00, 0x00, 0x30, 0x00, 0x00, 0x00, 0x00, 0x0C, 0x00, 
    0x00, 0x70, 0x00, 0x00, 0x00, 0x00, 0x0E, 0x00, 0x00, 0x70, 0x00, 0x1C, 0x00, 0x00, 0x0E, 0x00, 
    0x00, 0x70, 0x00, 0x1E, 0x00, 0x00, 0x0E, 0x00, 0x00, 0x70, 0x00, 0x07, 0x00, 0x00, 0x0E, 0x00, 
    0x00, 0x30, 0x00, 0x00, 0x00, 0x00, 0x0C, 0x00, 0x00, 0x38, 0x00, 0x00, 0x00, 0x00, 0x1C, 0x00, 
    0x00, 0x38, 0x00, 0x00, 0x00, 0x00, 0x1C, 0x00, 0x00, 0x1C, 0x00, 0x00, 0x00, 0x00, 0x38, 0x00, 
    0x00, 0x0F, 0x00, 0x00, 0x00, 0x00, 0xF0, 0x00, 0x00, 0x07, 0xFF, 0xFF, 0xFF, 0xFF, 0xE0, 0x00, 
    0x00, 0x01, 0xFF, 0xFF, 0xFF, 0xFF, 0x80, 0x00, 0x00, 0x00, 0x03, 0x01, 0x80, 0xC0, 0x00, 0x00, 
    0x00, 0x00, 0x03, 0x01, 0x80, 0xC0, 0x00, 0x00, 0x00, 0x00, 0x03, 0x01, 0x80, 0xC0, 0x00, 0x00, 
    0x00, 0x00, 0x03, 0x01, 0x80, 0xC0, 0x00, 0x00, 0x00, 0x00, 0x03, 0x01, 0x80, 0xC0, 0x00, 0x00, 
    0x00, 0x00, 0x03, 0x01, 0x80, 0xC0, 0x00, 0x00, 0x00, 0x00, 0x03, 0x01, 0x80, 0xC0, 0x00, 0x00, 
    0x00, 0x00, 0x03, 0x01, 0x80, 0xC0, 0x00, 0x00, 0x00, 0x00, 0x03, 0x01, 0x80, 0xC0, 0x00, 0x00, 
    0x00, 0x00, 0x03, 0x01, 0x80, 0xC0, 0x00, 0x00, 0x00, 0x0E, 0x03, 0x01, 0x80, 0xC0, 0x70, 0x00, 
    0x00, 0x3F, 0x03, 0x01, 0x80, 0xC0, 0xFC, 0x00, 0x00, 0x3F, 0x83, 0x01, 0x80, 0xC1, 0xFC, 0x00, 
    0x00, 0x71, 0xFF, 0x01, 0x80, 0xFF, 0x8E, 0x00, 0x00, 0x61, 0xFF, 0x01, 0x80, 0xFF, 0x86, 0x00, 
    0x00, 0x71, 0xFE, 0x01, 0x80, 0x7F, 0x8E, 0x00, 0x00, 0x3F, 0x80, 0x01, 0x80, 0x01, 0xFC, 0x00, 
    0x00, 0x3F, 0x00, 0x03, 0xC0, 0x00, 0xFC, 0x00, 0x00, 0x0E, 0x00, 0x07, 0xE0, 0x00, 0x70, 0x00, 
    0x00, 0x00, 0x00, 0x0E, 0x70, 0x00, 0x00, 0x00, 0x00, 0x00, 0x00, 0x0C, 0x30, 0x00, 0x00, 0x00, 
    0x00, 0x00, 0x00, 0x0C, 0x30, 0x00, 0x00, 0x00, 0x00, 0x00, 0x00, 0x0E, 0x70, 0x00, 0x00, 0x00, 
    0x00, 0x00, 0x00, 0x07, 0xE0, 0x00, 0x00, 0x00, 0x00, 0x00, 0x00, 0x03, 0xC0, 0x00, 0x00, 0x00, 
    0x00, 0x00, 0x00, 0x00, 0x00, 0x00, 0x00, 0x00, 0x00, 0x00, 0x00, 0x00, 0x00, 0x00, 0x00, 0x00, 
    0x00, 0x00, 0x00, 0x00, 0x00, 0x00, 0x00, 0x00, 0x00, 0x00, 0x00, 0x00, 0x00, 0x00, 0x00, 0x00, 
    0x00, 0x00, 0x00, 0x00, 0x00, 0x00, 0x00, 0x00, 0x00, 0x00, 0x00, 0x00, 0x00, 0x00, 0x00, 0x00, 
      },
  {
    0x00, 0x00, 0x00, 0x00, 0x00, 0x00, 0x00, 0x00, 0x00, 0x00, 0x00, 0x00, 0x00, 0x00, 0x00, 0x00, 
    0x00, 0x00, 0x00, 0x00, 0x00, 0x00, 0x00, 0x00, 0x00, 0x00, 0x00, 0x00, 0x00, 0x00, 0x00, 0x00, 
    0x00, 0x00, 0x00, 0x00, 0x00, 0x00, 0x00, 0x00, 0x00, 0x00, 0x00, 0x00, 0x00, 0x00, 0x00, 0x00, 
    0x00, 0x00, 0x00, 0xFC, 0x00, 0x00, 0x00, 0x00, 0x00, 0x00, 0x03, 0xFF, 0x80, 0x00, 0x00, 0x00, 
    0x00, 0x00, 0x0F, 0xFF, 0xC0, 0x00, 0x00, 0x00, 0x00, 0x00, 0x1E, 0x00, 0xFE, 0x00, 0x00, 0x00, 
    0x00, 0x00, 0x3C, 0x00, 0x7F, 0xC0, 0x00, 0x00, 0x00, 0x00, 0x78, 0x00, 0x3F, 0xE0, 0x00, 0x00, 
    0x00, 0x00, 0x70, 0x00, 0x00, 0xF0, 0x00, 0x00, 0x00, 0x00, 0xE0, 0x00, 0x00, 0x38, 0x00, 0x00, 
    0x00, 0x00, 0xC0, 0x00, 0x00, 0x1C, 0x00, 0x00, 0x00, 0x00, 0xF0, 0x00, 0x00, 0x1E, 0x00, 0x00, 
    0x00, 0x03, 0xFC, 0x00, 0x00, 0x3F, 0xC0, 0x00, 0x00, 0x0F, 0xFC, 0x00, 0x00, 0x3F, 0xF0, 0x00, 
    0x00, 0x1E, 0x00, 0x00, 0x00, 0x00, 0x78, 0x00, 0x00, 0x1C, 0x00, 0x00, 0x00, 0x00, 0x38, 0x00, 
    0x00, 0x38, 0x00, 0x00, 0x00, 0x00, 0x1C, 0x00, 0x00, 0x30, 0x00, 0x00, 0x00, 0x00, 0x0C, 0x00, 
    0x00, 0x70, 0x00, 0x08, 0x00, 0x00, 0x0E, 0x00, 0x00, 0x70, 0x00, 0x1E, 0x00, 0x00, 0x0E, 0x00, 
    0x00, 0x70, 0x00, 0x0F, 0x00, 0x00, 0x0E, 0x00, 0x00, 0x70, 0x00, 0x07, 0x80, 0x00, 0x0E, 0x00, 
    0x00, 0x30, 0x00, 0x01, 0x00, 0x00, 0x0C, 0x00, 0x00, 0x38, 0x00, 0x00, 0x00, 0x00, 0x1C, 0x00, 
    0x00, 0x38, 0x00, 0x00, 0x00, 0x00, 0x1C, 0x00, 0x00, 0x1C, 0x00, 0x00, 0x00, 0x00, 0x38, 0x00, 
    0x00, 0x0F, 0x00, 0x00, 0x00, 0x00, 0xF0, 0x00, 0x00, 0x07, 0xFF, 0xFF, 0xFF, 0xFF, 0xE0, 0x00, 
    0x00, 0x01, 0xFF, 0xFF, 0xFF, 0xFF, 0x80, 0x00, 0x00, 0x00, 0x03, 0x01, 0x80, 0xC0, 0x00, 0x00, 
    0x00, 0x00, 0x03, 0x01, 0x80, 0xC0, 0x00, 0x00, 0x00, 0x00, 0x03, 0x01, 0x80, 0xC0, 0x00, 0x00, 
    0x00, 0x00, 0x03, 0x01, 0x80, 0xC0, 0x00, 0x00, 0x00, 0x00, 0x03, 0x01, 0x80, 0xC0, 0x00, 0x00, 
    0x00, 0x00, 0x03, 0x01, 0x80, 0xC0, 0x00, 0x00, 0x00, 0x00, 0x03, 0x01, 0x80, 0xC0, 0x00, 0x00, 
    0x00, 0x00, 0x03, 0x01, 0x80, 0xC0, 0x00, 0x00, 0x00, 0x00, 0x03, 0x01, 0x80, 0xC0, 0x00, 0x00, 
    0x00, 0x00, 0x03, 0x01, 0x80, 0xC0, 0x00, 0x00, 0x00, 0x0E, 0x03, 0x01, 0x80, 0xC0, 0x70, 0x00, 
    0x00, 0x3F, 0x03, 0x01, 0x80, 0xC0, 0xFC, 0x00, 0x00, 0x3F, 0x83, 0x01, 0x80, 0xC1, 0xFC, 0x00, 
    0x00, 0x71, 0xFF, 0x01, 0x80, 0xFF, 0x8E, 0x00, 0x00, 0x61, 0xFF, 0x01, 0x80, 0xFF, 0x86, 0x00, 
    0x00, 0x71, 0xFE, 0x01, 0x80, 0x7F, 0x8E, 0x00, 0x00, 0x3F, 0x80, 0x01, 0x80, 0x01, 0xFC, 0x00, 
    0x00, 0x3F, 0x00, 0x03, 0xC0, 0x00, 0xFC, 0x00, 0x00, 0x0E, 0x00, 0x07, 0xE0, 0x00, 0x70, 0x00, 
    0x00, 0x00, 0x00, 0x0E, 0x70, 0x00, 0x00, 0x00, 0x00, 0x00, 0x00, 0x0C, 0x30, 0x00, 0x00, 0x00, 
    0x00, 0x00, 0x00, 0x0C, 0x30, 0x00, 0x00, 0x00, 0x00, 0x00, 0x00, 0x0E, 0x70, 0x00, 0x00, 0x00, 
    0x00, 0x00, 0x00, 0x07, 0xE0, 0x00, 0x00, 0x00, 0x00, 0x00, 0x00, 0x03, 0xC0, 0x00, 0x00, 0x00, 
    0x00, 0x00, 0x00, 0x00, 0x00, 0x00, 0x00, 0x00, 0x00, 0x00, 0x00, 0x00, 0x00, 0x00, 0x00, 0x00, 
    0x00, 0x00, 0x00, 0x00, 0x00, 0x00, 0x00, 0x00, 0x00, 0x00, 0x00, 0x00, 0x00, 0x00, 0x00, 0x00, 
    0x00, 0x00, 0x00, 0x00, 0x00, 0x00, 0x00, 0x00, 0x00, 0x00, 0x00, 0x00, 0x00, 0x00, 0x00, 0x00, 
      },
  {
    0x00, 0x00, 0x00, 0x00, 0x00, 0x00, 0x00, 0x00, 0x00, 0x00, 0x00, 0x00, 0x00, 0x00, 0x00, 0x00, 
    0x00, 0x00, 0x00, 0x00, 0x00, 0x00, 0x00, 0x00, 0x00, 0x00, 0x00, 0x00, 0x00, 0x00, 0x00, 0x00, 
    0x00, 0x00, 0x00, 0x00, 0x00, 0x00, 0x00, 0x00, 0x00, 0x00, 0x00, 0x00, 0x00, 0x00, 0x00, 0x00, 
    0x00, 0x00, 0x00, 0xFC, 0x00, 0x00, 0x00, 0x00, 0x00, 0x00, 0x03, 0xFF, 0x80, 0x00, 0x00, 0x00, 
    0x00, 0x00, 0x0F, 0xFF, 0xC0, 0x00, 0x00, 0x00, 0x00, 0x00, 0x1E, 0x00, 0xFE, 0x00, 0x00, 0x00, 
    0x00, 0x00, 0x3C, 0x00, 0x7F, 0xC0, 0x00, 0x00, 0x00, 0x00, 0x78, 0x00, 0x3F, 0xE0, 0x00, 0x00, 
    0x00, 0x00, 0x70, 0x00, 0x00, 0xF0, 0x00, 0x00, 0x00, 0x00, 0xE0, 0x00, 0x00, 0x38, 0x00, 0x00, 
    0x00, 0x00, 0xC0, 0x00, 0x00, 0x1C, 0x00, 0x00, 0x00, 0x00, 0xF0, 0x00, 0x00, 0x1E, 0x00, 0x00, 
    0x00, 0x03, 0xFC, 0x00, 0x00, 0x3F, 0xC0, 0x00, 0x00, 0x0F, 0xFC, 0x00, 0x00, 0x3F, 0xF0, 0x00, 
    0x00, 0x1E, 0x00, 0x00, 0x00, 0x00, 0x78, 0x00, 0x00, 0x1C, 0x00, 0x00, 0x00, 0x00, 0x38, 0x00, 
    0x00, 0x38, 0x00, 0x00, 0x00, 0x00, 0x1C, 0x00, 0x00, 0x30, 0x00, 0x08, 0x00, 0x00, 0x0C, 0x00, 
    0x00, 0x70, 0x00, 0x1C, 0x00, 0x00, 0x0E, 0x00, 0x00, 0x70, 0x00, 0x0F, 0x00, 0x00, 0x0E, 0x00, 
    0x00, 0x70, 0x00, 0x07, 0x80, 0x00, 0x0E, 0x00, 0x00, 0x70, 0x00, 0x03, 0x80, 0x00, 0x0E, 0x00, 
    0x00, 0x30, 0x00, 0x00, 0x80, 0x00, 0x0C, 0x00, 0x00, 0x38, 0x00, 0x00, 0x00, 0x00, 0x1C, 0x00, 
    0x00, 0x38, 0x00, 0x00, 0x00, 0x00, 0x1C, 0x00, 0x00, 0x1C, 0x00, 0x00, 0x00, 0x00, 0x38, 0x00, 
    0x00, 0x0F, 0x00, 0x00, 0x00, 0x00, 0xF0, 0x00, 0x00, 0x07, 0xFF, 0xFF, 0xFF, 0xFF, 0xE0, 0x00, 
    0x00, 0x01, 0xFF, 0xFF, 0xFF, 0xFF, 0x80, 0x00, 0x00, 0x00, 0x03, 0x01, 0x80, 0xC0, 0x00, 0x00, 
    0x00, 0x00, 0x03, 0x01, 0x80, 0xC0, 0x00, 0x00, 0x00, 0x00, 0x03, 0x01, 0x80, 0xC0, 0x00, 0x00, 
    0x00, 0x00, 0x03, 0x01, 0x80, 0xC0, 0x00, 0x00, 0x00, 0x00, 0x03, 0x01, 0x80, 0xC0, 0x00, 0x00, 
    0x00, 0x00, 0x03, 0x01, 0x80, 0xC0, 0x00, 0x00, 0x00, 0x00, 0x03, 0x01, 0x80, 0xC0, 0x00, 0x00, 
    0x00, 0x00, 0x03, 0x01, 0x80, 0xC0, 0x00, 0x00, 0x00, 0x00, 0x03, 0x01, 0x80, 0xC0, 0x00, 0x00, 
    0x00, 0x00, 0x03, 0x01, 0x80, 0xC0, 0x00, 0x00, 0x00, 0x0E, 0x03, 0x01, 0x80, 0xC0, 0x70, 0x00, 
    0x00, 0x3F, 0x03, 0x01, 0x80, 0xC0, 0xFC, 0x00, 0x00, 0x3F, 0x83, 0x01, 0x80, 0xC1, 0xFC, 0x00, 
    0x00, 0x71, 0xFF, 0x01, 0x80, 0xFF, 0x8E, 0x00, 0x00, 0x61, 0xFF, 0x01, 0x80, 0xFF, 0x86, 0x00, 
    0x00, 0x71, 0xFE, 0x01, 0x80, 0x7F, 0x8E, 0x00, 0x00, 0x3F, 0x80, 0x01, 0x80, 0x01, 0xFC, 0x00, 
    0x00, 0x3F, 0x00, 0x03, 0xC0, 0x00, 0xFC, 0x00, 0x00, 0x0E, 0x00, 0x07, 0xE0, 0x00, 0x70, 0x00, 
    0x00, 0x00, 0x00, 0x0E, 0x70, 0x00, 0x00, 0x00, 0x00, 0x00, 0x00, 0x0C, 0x30, 0x00, 0x00, 0x00, 
    0x00, 0x00, 0x00, 0x0C, 0x30, 0x00, 0x00, 0x00, 0x00, 0x00, 0x00, 0x0E, 0x70, 0x00, 0x00, 0x00, 
    0x00, 0x00, 0x00, 0x07, 0xE0, 0x00, 0x00, 0x00, 0x00, 0x00, 0x00, 0x03, 0xC0, 0x00, 0x00, 0x00, 
    0x00, 0x00, 0x00, 0x00, 0x00, 0x00, 0x00, 0x00, 0x00, 0x00, 0x00, 0x00, 0x00, 0x00, 0x00, 0x00, 
    0x00, 0x00, 0x00, 0x00, 0x00, 0x00, 0x00, 0x00, 0x00, 0x00, 0x00, 0x00, 0x00, 0x00, 0x00, 0x00, 
    0x00, 0x00, 0x00, 0x00, 0x00, 0x00, 0x00, 0x00, 0x00, 0x00, 0x00, 0x00, 0x00, 0x00, 0x00, 0x00, 
      },
  {
    0x00, 0x00, 0x00, 0x00, 0x00, 0x00, 0x00, 0x00, 0x00, 0x00, 0x00, 0x00, 0x00, 0x00, 0x00, 0x00, 
    0x00, 0x00, 0x00, 0x00, 0x00, 0x00, 0x00, 0x00, 0x00, 0x00, 0x00, 0x00, 0x00, 0x00, 0x00, 0x00, 
    0x00, 0x00, 0x00, 0x00, 0x00, 0x00, 0x00, 0x00, 0x00, 0x00, 0x00, 0x00, 0x00, 0x00, 0x00, 0x00, 
    0x00, 0x00, 0x00, 0xFC, 0x00, 0x00, 0x00, 0x00, 0x00, 0x00, 0x03, 0xFF, 0x80, 0x00, 0x00, 0x00, 
    0x00, 0x00, 0x0F, 0xFF, 0xC0, 0x00, 0x00, 0x00, 0x00, 0x00, 0x1E, 0x00, 0xFE, 0x00, 0x00, 0x00, 
    0x00, 0x00, 0x3C, 0x00, 0x7F, 0xC0, 0x00, 0x00, 0x00, 0x00, 0x78, 0x00, 0x3F, 0xE0, 0x00, 0x00, 
    0x00, 0x00, 0x70, 0x00, 0x00, 0xF0, 0x00, 0x00, 0x00, 0x00, 0xE0, 0x00, 0x00, 0x38, 0x00, 0x00, 
    0x00, 0x00, 0xC0, 0x00, 0x00, 0x1C, 0x00, 0x00, 0x00, 0x00, 0xF0, 0x00, 0x00, 0x1E, 0x00, 0x00, 
    0x00, 0x03, 0xFC, 0x00, 0x00, 0x3F, 0xC0, 0x00, 0x00, 0x0F, 0xFC, 0x00, 0x00, 0x3F, 0xF0, 0x00, 
    0x00, 0x1E, 0x00, 0x00, 0x00, 0x00, 0x78, 0x00, 0x00, 0x1C, 0x00, 0x00, 0x00, 0x00, 0x38, 0x00, 
    0x00, 0x38, 0x00, 0x00, 0x00, 0x00, 0x1C, 0x00, 0x00, 0x30, 0x00, 0x1C, 0x00, 0x00, 0x0C, 0x00, 
    0x00, 0x70, 0x00, 0x1E, 0x00, 0x00, 0x0E, 0x00, 0x00, 0x70, 0x00, 0x07, 0xC0, 0x00, 0x0E, 0x00, 
    0x00, 0x70, 0x00, 0x03, 0xC0, 0x00, 0x0E, 0x00, 0x00, 0x70, 0x00, 0x01, 0xC0, 0x00, 0x0E, 0x00, 
    0x00, 0x30, 0x00, 0x00, 0x00, 0x00, 0x0C, 0x00, 0x00, 0x38, 0x00, 0x00, 0x00, 0x00, 0x1C, 0x00, 
    0x00, 0x38, 0x00, 0x00, 0x00, 0x00, 0x1C, 0x00, 0x00, 0x1C, 0x00, 0x00, 0x00, 0x00, 0x38, 0x00, 
    0x00, 0x0F, 0x00, 0x00, 0x00, 0x00, 0xF0, 0x00, 0x00, 0x07, 0xFF, 0xFF, 0xFF, 0xFF, 0xE0, 0x00, 
    0x00, 0x01, 0xFF, 0xFF, 0xFF, 0xFF, 0x80, 0x00, 0x00, 0x00, 0x03, 0x01, 0x80, 0xC0, 0x00, 0x00, 
    0x00, 0x00, 0x03, 0x01, 0x80, 0xC0, 0x00, 0x00, 0x00, 0x00, 0x03, 0x01, 0x80, 0xC0, 0x00, 0x00, 
    0x00, 0x00, 0x03, 0x01, 0x80, 0xC0, 0x00, 0x00, 0x00, 0x00, 0x03, 0x01, 0x80, 0xC0, 0x00, 0x00, 
    0x00, 0x00, 0x03, 0x01, 0x80, 0xC0, 0x00, 0x00, 0x00, 0x00, 0x03, 0x01, 0x80, 0xC0, 0x00, 0x00, 
    0x00, 0x00, 0x03, 0x01, 0x80, 0xC0, 0x00, 0x00, 0x00, 0x00, 0x03, 0x01, 0x80, 0xC0, 0x00, 0x00, 
    0x00, 0x00, 0x03, 0x01, 0x80, 0xC0, 0x00, 0x00, 0x00, 0x0E, 0x03, 0x01, 0x80, 0xC0, 0x70, 0x00, 
    0x00, 0x3F, 0x03, 0x01, 0x80, 0xC0, 0xFC, 0x00, 0x00, 0x3F, 0x83, 0x01, 0x80, 0xC1, 0xFC, 0x00, 
    0x00, 0x71, 0xFF, 0x01, 0x80, 0xFF, 0x8E, 0x00, 0x00, 0x61, 0xFF, 0x01, 0x80, 0xFF, 0x86, 0x00, 
    0x00, 0x71, 0xFE, 0x01, 0x80, 0x7F, 0x8E, 0x00, 0x00, 0x3F, 0x80, 0x01, 0x80, 0x01, 0xFC, 0x00, 
    0x00, 0x3F, 0x00, 0x03, 0xC0, 0x00, 0xFC, 0x00, 0x00, 0x0E, 0x00, 0x07, 0xE0, 0x00, 0x70, 0x00, 
    0x00, 0x00, 0x00, 0x0E, 0x70, 0x00, 0x00, 0x00, 0x00, 0x00, 0x00, 0x0C, 0x30, 0x00, 0x00, 0x00, 
    0x00, 0x00, 0x00, 0x0C, 0x30, 0x00, 0x00, 0x00, 0x00, 0x00, 0x00, 0x0E, 0x70, 0x00, 0x00, 0x00, 
    0x00, 0x00, 0x00, 0x07, 0xE0, 0x00, 0x00, 0x00, 0x00, 0x00, 0x00, 0x03, 0xC0, 0x00, 0x00, 0x00, 
    0x00, 0x00, 0x00, 0x00, 0x00, 0x00, 0x00, 0x00, 0x00, 0x00, 0x00, 0x00, 0x00, 0x00, 0x00, 0x00, 
    0x00, 0x00, 0x00, 0x00, 0x00, 0x00, 0x00, 0x00, 0x00, 0x00, 0x00, 0x00, 0x00, 0x00, 0x00, 0x00, 
    0x00, 0x00, 0x00, 0x00, 0x00, 0x00, 0x00, 0x00, 0x00, 0x00, 0x00, 0x00, 0x00, 0x00, 0x00, 0x00, 
      },
  {
    0x00, 0x00, 0x00, 0x00, 0x00, 0x00, 0x00, 0x00, 0x00, 0x00, 0x00, 0x00, 0x00, 0x00, 0x00, 0x00, 
    0x00, 0x00, 0x00, 0x00, 0x00, 0x00, 0x00, 0x00, 0x00, 0x00, 0x00, 0x00, 0x00, 0x00, 0x00, 0x00, 
    0x00, 0x00, 0x00, 0x00, 0x00, 0x00, 0x00, 0x00, 0x00, 0x00, 0x00, 0x00, 0x00, 0x00, 0x00, 0x00, 
    0x00, 0x00, 0x00, 0xFC, 0x00, 0x00, 0x00, 0x00, 0x00, 0x00, 0x03, 0xFF, 0x80, 0x00, 0x00, 0x00, 
    0x00, 0x00, 0x0F, 0xFF, 0xC0, 0x00, 0x00, 0x00, 0x00, 0x00, 0x1E, 0x00, 0xFE, 0x00, 0x00, 0x00, 
    0x00, 0x00, 0x3C, 0x00, 0x7F, 0xC0, 0x00, 0x00, 0x00, 0x00, 0x78, 0x00, 0x3F, 0xE0, 0x00, 0x00, 
    0x00, 0x00, 0x70, 0x00, 0x00, 0xF0, 0x00, 0x00, 0x00, 0x00, 0xE0, 0x00, 0x00, 0x38, 0x00, 0x00, 
    0x00, 0x00, 0xC0, 0x00, 0x00, 0x1C, 0x00, 0x00, 0x00, 0x00, 0xF0, 0x00, 0x00, 0x1E, 0x00, 0x00, 
    0x00, 0x03, 0xFC, 0x00, 0x00, 0x3F, 0xC0, 0x00, 0x00, 0x0F, 0xFC, 0x00, 0x00, 0x3F, 0xF0, 0x00, 
    0x00, 0x1E, 0x00, 0x00, 0x00, 0x00, 0x78, 0x00, 0x00, 0x1C, 0x00, 0x00, 0x00, 0x00, 0x38, 0x00, 
    0x00, 0x38, 0x00, 0x08, 0x00, 0x00, 0x1C, 0x00, 0x00, 0x30, 0x00, 0x1E, 0x00, 0x00, 0x0C, 0x00, 
    0x00, 0x70, 0x00, 0x0F, 0x60, 0x00, 0x0E, 0x00, 0x00, 0x70, 0x00, 0x07, 0xE0, 0x00, 0x0E, 0x00, 
    0x00, 0x70, 0x00, 0x01, 0xC0, 0x00, 0x0E, 0x00, 0x00, 0x70, 0x00, 0x00, 0x00, 0x00, 0x0E, 0x00, 
    0x00, 0x30, 0x00, 0x00, 0x00, 0x00, 0x0C, 0x00, 0x00, 0x38, 0x00, 0x00, 0x00, 0x00, 0x1C, 0x00, 
    0x00, 0x38, 0x00, 0x00, 0x00, 0x00, 0x1C, 0x00, 0x00, 0x1C, 0x00, 0x00, 0x00, 0x00, 0x38, 0x00, 
    0x00, 0x0F, 0x00, 0x00, 0x00, 0x00, 0xF0, 0x00, 0x00, 0x07, 0xFF, 0xFF, 0xFF, 0xFF, 0xE0, 0x00, 
    0x00, 0x01, 0xFF, 0xFF, 0xFF, 0xFF, 0x80, 0x00, 0x00, 0x00, 0x03, 0x01, 0x80, 0xC0, 0x00, 0x00, 
    0x00, 0x00, 0x03, 0x01, 0x80, 0xC0, 0x00, 0x00, 0x00, 0x00, 0x03, 0x01, 0x80, 0xC0, 0x00, 0x00, 
    0x00, 0x00, 0x03, 0x01, 0x80, 0xC0, 0x00, 0x00, 0x00, 0x00, 0x03, 0x01, 0x80, 0xC0, 0x00, 0x00, 
    0x00, 0x00, 0x03, 0x01, 0x80, 0xC0, 0x00, 0x00, 0x00, 0x00, 0x03, 0x01, 0x80, 0xC0, 0x00, 0x00, 
    0x00, 0x00, 0x03, 0x01, 0x80, 0xC0, 0x00, 0x00, 0x00, 0x00, 0x03, 0x01, 0x80, 0xC0, 0x00, 0x00, 
    0x00, 0x00, 0x03, 0x01, 0x80, 0xC0, 0x00, 0x00, 0x00, 0x0E, 0x03, 0x01, 0x80, 0xC0, 0x70, 0x00, 
    0x00, 0x3F, 0x03, 0x01, 0x80, 0xC0, 0xFC, 0x00, 0x00, 0x3F, 0x83, 0x01, 0x80, 0xC1, 0xFC, 0x00, 
    0x00, 0x71, 0xFF, 0x01, 0x80, 0xFF, 0x8E, 0x00, 0x00, 0x61, 0xFF, 0x01, 0x80, 0xFF, 0x86, 0x00, 
    0x00, 0x71, 0xFE, 0x01, 0x80, 0x7F, 0x8E, 0x00, 0x00, 0x3F, 0x80, 0x01, 0x80, 0x01, 0xFC, 0x00, 
    0x00, 0x3F, 0x00, 0x03, 0xC0, 0x00, 0xFC, 0x00, 0x00, 0x0E, 0x00, 0x07, 0xE0, 0x00, 0x70, 0x00, 
    0x00, 0x00, 0x00, 0x0E, 0x70, 0x00, 0x00, 0x00, 0x00, 0x00, 0x00, 0x0C, 0x30, 0x00, 0x00, 0x00, 
    0x00, 0x00, 0x00, 0x0C, 0x30, 0x00, 0x00, 0x00, 0x00, 0x00, 0x00, 0x0E, 0x70, 0x00, 0x00, 0x00, 
    0x00, 0x00, 0x00, 0x07, 0xE0, 0x00, 0x00, 0x00, 0x00, 0x00, 0x00, 0x03, 0xC0, 0x00, 0x00, 0x00, 
    0x00, 0x00, 0x00, 0x00, 0x00, 0x00, 0x00, 0x00, 0x00, 0x00, 0x00, 0x00, 0x00, 0x00, 0x00, 0x00, 
    0x00, 0x00, 0x00, 0x00, 0x00, 0x00, 0x00, 0x00, 0x00, 0x00, 0x00, 0x00, 0x00, 0x00, 0x00, 0x00, 
    0x00, 0x00, 0x00, 0x00, 0x00, 0x00, 0x00, 0x00, 0x00, 0x00, 0x00, 0x00, 0x00, 0x00, 0x00, 0x00, 
      },
  {
    0x00, 0x00, 0x00, 0x00, 0x00, 0x00, 0x00, 0x00, 0x00, 0x00, 0x00, 0x00, 0x00, 0x00, 0x00, 0x00, 
    0x00, 0x00, 0x00, 0x00, 0x00, 0x00, 0x00, 0x00, 0x00, 0x00, 0x00, 0x00, 0x00, 0x00, 0x00, 0x00, 
    0x00, 0x00, 0x00, 0x00, 0x00, 0x00, 0x00, 0x00, 0x00, 0x00, 0x00, 0x00, 0x00, 0x00, 0x00, 0x00, 
    0x00, 0x00, 0x00, 0xFC, 0x00, 0x00, 0x00, 0x00, 0x00, 0x00, 0x03, 0xFF, 0x80, 0x00, 0x00, 0x00, 
    0x00, 0x00, 0x0F, 0xFF, 0xC0, 0x00, 0x00, 0x00, 0x00, 0x00, 0x1E, 0x00, 0xFE, 0x00, 0x00, 0x00, 
    0x00, 0x00, 0x3C, 0x00, 0x7F, 0xC0, 0x00, 0x00, 0x00, 0x00, 0x78, 0x00, 0x3F, 0xE0, 0x00, 0x00, 
    0x00, 0x00, 0x70, 0x00, 0x00, 0xF0, 0x00, 0x00, 0x00, 0x00, 0xE0, 0x00, 0x00, 0x38, 0x00, 0x00, 
    0x00, 0x00, 0xC0, 0x00, 0x00, 0x1C, 0x00, 0x00, 0x00, 0x00, 0xF0, 0x00, 0x00, 0x1E, 0x00, 0x00, 
    0x00, 0x03, 0xFC, 0x00, 0x00, 0x3F, 0xC0, 0x00, 0x00, 0x0F, 0xFC, 0x00, 0x00, 0x3F, 0xF0, 0x00, 
    0x00, 0x1E, 0x00, 0x00, 0x00, 0x00, 0x78, 0x00, 0x00, 0x1C, 0x00, 0x00, 0x00, 0x00, 0x38, 0x00, 
    0x00, 0x38, 0x00, 0x1C, 0x00, 0x00, 0x1C, 0x00, 0x00, 0x30, 0x00, 0x1E, 0x30, 0x00, 0x0C, 0x00, 
    0x00, 0x70, 0x00, 0x07, 0xF0, 0x00, 0x0E, 0x00, 0x00, 0x70, 0x00, 0x03, 0xE0, 0x00, 0x0E, 0x00, 
    0x00, 0x70, 0x00, 0x01, 0xC0, 0x00, 0x0E, 0x00, 0x00, 0x70, 0x00, 0x00, 0x00, 0x00, 0x0E, 0x00, 
    0x00, 0x30, 0x00, 0x00, 0x00, 0x00, 0x0C, 0x00, 0x00, 0x38, 0x00, 0x00, 0x00, 0x00, 0x1C, 0x00, 
    0x00, 0x38, 0x00, 0x00, 0x00, 0x00, 0x1C, 0x00, 0x00, 0x1C, 0x00, 0x00, 0x00, 0x00, 0x38, 0x00, 
    0x00, 0x0F, 0x00, 0x00, 0x00, 0x00, 0xF0, 0x00, 0x00, 0x07, 0xFF, 0xFF, 0xFF, 0xFF, 0xE0, 0x00, 
    0x00, 0x01, 0xFF, 0xFF, 0xFF, 0xFF, 0x80, 0x00, 0x00, 0x00, 0x03, 0x01, 0x80, 0xC0, 0x00, 0x00, 
    0x00, 0x00, 0x03, 0x01, 0x80, 0xC0, 0x00, 0x00, 0x00, 0x00, 0x03, 0x01, 0x80, 0xC0, 0x00, 0x00, 
    0x00, 0x00, 0x03, 0x01, 0x80, 0xC0, 0x00, 0x00, 0x00, 0x00, 0x03, 0x01, 0x80, 0xC0, 0x00, 0x00, 
    0x00, 0x00, 0x03, 0x01, 0x80, 0xC0, 0x00, 0x00, 0x00, 0x00, 0x03, 0x01, 0x80, 0xC0, 0x00, 0x00, 
    0x00, 0x00, 0x03, 0x01, 0x80, 0xC0, 0x00, 0x00, 0x00, 0x00, 0x03, 0x01, 0x80, 0xC0, 0x00, 0x00, 
    0x00, 0x00, 0x03, 0x01, 0x80, 0xC0, 0x00, 0x00, 0x00, 0x0E, 0x03, 0x01, 0x80, 0xC0, 0x70, 0x00, 
    0x00, 0x3F, 0x03, 0x01, 0x80, 0xC0, 0xFC, 0x00, 0x00, 0x3F, 0x83, 0x01, 0x80, 0xC1, 0xFC, 0x00, 
    0x00, 0x71, 0xFF, 0x01, 0x80, 0xFF, 0x8E, 0x00, 0x00, 0x61, 0xFF, 0x01, 0x80, 0xFF, 0x86, 0x00, 
    0x00, 0x71, 0xFE, 0x01, 0x80, 0x7F, 0x8E, 0x00, 0x00, 0x3F, 0x80, 0x01, 0x80, 0x01, 0xFC, 0x00, 
    0x00, 0x3F, 0x00, 0x03, 0xC0, 0x00, 0xFC, 0x00, 0x00, 0x0E, 0x00, 0x07, 0xE0, 0x00, 0x70, 0x00, 
    0x00, 0x00, 0x00, 0x0E, 0x70, 0x00, 0x00, 0x00, 0x00, 0x00, 0x00, 0x0C, 0x30, 0x00, 0x00, 0x00, 
    0x00, 0x00, 0x00, 0x0C, 0x30, 0x00, 0x00, 0x00, 0x00, 0x00, 0x00, 0x0E, 0x70, 0x00, 0x00, 0x00, 
    0x00, 0x00, 0x00, 0x07, 0xE0, 0x00, 0x00, 0x00, 0x00, 0x00, 0x00, 0x03, 0xC0, 0x00, 0x00, 0x00, 
    0x00, 0x00, 0x00, 0x00, 0x00, 0x00, 0x00, 0x00, 0x00, 0x00, 0x00, 0x00, 0x00, 0x00, 0x00, 0x00, 
    0x00, 0x00, 0x00, 0x00, 0x00, 0x00, 0x00, 0x00, 0x00, 0x00, 0x00, 0x00, 0x00, 0x00, 0x00, 0x00, 
    0x00, 0x00, 0x00, 0x00, 0x00, 0x00, 0x00, 0x00, 0x00, 0x00, 0x00, 0x00, 0x00, 0x00, 0x00, 0x00, 
      },
  {
    0x00, 0x00, 0x00, 0x00, 0x00, 0x00, 0x00, 0x00, 0x00, 0x00, 0x00, 0x00, 0x00, 0x00, 0x00, 0x00, 
    0x00, 0x00, 0x00, 0x00, 0x00, 0x00, 0x00, 0x00, 0x00, 0x00, 0x00, 0x00, 0x00, 0x00, 0x00, 0x00, 
    0x00, 0x00, 0x00, 0x00, 0x00, 0x00, 0x00, 0x00, 0x00, 0x00, 0x00, 0x00, 0x00, 0x00, 0x00, 0x00, 
    0x00, 0x00, 0x00, 0xFC, 0x00, 0x00, 0x00, 0x00, 0x00, 0x00, 0x03, 0xFF, 0x80, 0x00, 0x00, 0x00, 
    0x00, 0x00, 0x0F, 0xFF, 0xC0, 0x00, 0x00, 0x00, 0x00, 0x00, 0x1E, 0x00, 0xFE, 0x00, 0x00, 0x00, 
    0x00, 0x00, 0x3C, 0x00, 0x7F, 0xC0, 0x00, 0x00, 0x00, 0x00, 0x78, 0x00, 0x3F, 0xE0, 0x00, 0x00, 
    0x00, 0x00, 0x70, 0x00, 0x00, 0xF0, 0x00, 0x00, 0x00, 0x00, 0xE0, 0x00, 0x00, 0x38, 0x00, 0x00, 
    0x00, 0x00, 0xC0, 0x00, 0x00, 0x1C, 0x00, 0x00, 0x00, 0x00, 0xF0, 0x00, 0x00, 0x1E, 0x00, 0x00, 
    0x00, 0x03, 0xFC, 0x00, 0x00, 0x3F, 0xC0, 0x00, 0x00, 0x0F, 0xFC, 0x00, 0x00, 0x3F, 0xF0, 0x00, 
    0x00, 0x1E, 0x00, 0x00, 0x00, 0x00, 0x78, 0x00, 0x00, 0x1C, 0x00, 0x00, 0x00, 0x00, 0x38, 0x00, 
    0x00, 0x38, 0x00, 0x1C, 0x18, 0x00, 0x1C, 0x00, 0x00, 0x30, 0x00, 0x0E, 0x38, 0x00, 0x0C, 0x00, 
    0x00, 0x70, 0x00, 0x07, 0xF0, 0x00, 0x0E, 0x00, 0x00, 0x70, 0x00, 0x03, 0xE0, 0x00, 0x0E, 0x00, 
    0x00, 0x70, 0x00, 0x01, 0xC0, 0x00, 0x0E, 0x00, 0x00, 0x70, 0x00, 0x00, 0x00, 0x00, 0x0E, 0x00, 
    0x00, 0x30, 0x00, 0x00, 0x00, 0x00, 0x0C, 0x00, 0x00, 0x38, 0x00, 0x00, 0x00, 0x00, 0x1C, 0x00, 
    0x00, 0x38, 0x00, 0x00, 0x00, 0x00, 0x1C, 0x00, 0x00, 0x1C, 0x00, 0x00, 0x00, 0x00, 0x38, 0x00, 
    0x00, 0x0F, 0x00, 0x00, 0x00, 0x00, 0xF0, 0x00, 0x00, 0x07, 0xFF, 0xFF, 0xFF, 0xFF, 0xE0, 0x00, 
    0x00, 0x01, 0xFF, 0xFF, 0xFF, 0xFF, 0x80, 0x00, 0x00, 0x00, 0x03, 0x01, 0x80, 0xC0, 0x00, 0x00, 
    0x00, 0x00, 0x03, 0x01, 0x80, 0xC0, 0x00, 0x00, 0x00, 0x00, 0x03, 0x01, 0x80, 0xC0, 0x00, 0x00, 
    0x00, 0x00, 0x03, 0x01, 0x80, 0xC0, 0x00, 0x00, 0x00, 0x00, 0x03, 0x01, 0x80, 0xC0, 0x00, 0x00, 
    0x00, 0x00, 0x03, 0x01, 0x80, 0xC0, 0x00, 0x00, 0x00, 0x00, 0x03, 0x01, 0x80, 0xC0, 0x00, 0x00, 
    0x00, 0x00, 0x03, 0x01, 0x80, 0xC0, 0x00, 0x00, 0x00, 0x00, 0x03, 0x01, 0x80, 0xC0, 0x00, 0x00, 
    0x00, 0x00, 0x03, 0x01, 0x80, 0xC0, 0x00, 0x00, 0x00, 0x0E, 0x03, 0x01, 0x80, 0xC0, 0x70, 0x00, 
    0x00, 0x3F, 0x03, 0x01, 0x80, 0xC0, 0xFC, 0x00, 0x00, 0x3F, 0x83, 0x01, 0x80, 0xC1, 0xFC, 0x00, 
    0x00, 0x71, 0xFF, 0x01, 0x80, 0xFF, 0x8E, 0x00, 0x00, 0x61, 0xFF, 0x01, 0x80, 0xFF, 0x86, 0x00, 
    0x00, 0x71, 0xFE, 0x01, 0x80, 0x7F, 0x8E, 0x00, 0x00, 0x3F, 0x80, 0x01, 0x80, 0x01, 0xFC, 0x00, 
    0x00, 0x3F, 0x00, 0x03, 0xC0, 0x00, 0xFC, 0x00, 0x00, 0x0E, 0x00, 0x07, 0xE0, 0x00, 0x70, 0x00, 
    0x00, 0x00, 0x00, 0x0E, 0x70, 0x00, 0x00, 0x00, 0x00, 0x00, 0x00, 0x0C, 0x30, 0x00, 0x00, 0x00, 
    0x00, 0x00, 0x00, 0x0C, 0x30, 0x00, 0x00, 0x00, 0x00, 0x00, 0x00, 0x0E, 0x70, 0x00, 0x00, 0x00, 
    0x00, 0x00, 0x00, 0x07, 0xE0, 0x00, 0x00, 0x00, 0x00, 0x00, 0x00, 0x03, 0xC0, 0x00, 0x00, 0x00, 
    0x00, 0x00, 0x00, 0x00, 0x00, 0x00, 0x00, 0x00, 0x00, 0x00, 0x00, 0x00, 0x00, 0x00, 0x00, 0x00, 
    0x00, 0x00, 0x00, 0x00, 0x00, 0x00, 0x00, 0x00, 0x00, 0x00, 0x00, 0x00, 0x00, 0x00, 0x00, 0x00, 
    0x00, 0x00, 0x00, 0x00, 0x00, 0x00, 0x00, 0x00, 0x00, 0x00, 0x00, 0x00, 0x00, 0x00, 0x00, 0x00, 
      },
  {
    0x00, 0x00, 0x00, 0x00, 0x00, 0x00, 0x00, 0x00, 0x00, 0x00, 0x00, 0x00, 0x00, 0x00, 0x00, 0x00, 
    0x00, 0x00, 0x00, 0x00, 0x00, 0x00, 0x00, 0x00, 0x00, 0x00, 0x00, 0x00, 0x00, 0x00, 0x00, 0x00, 
    0x00, 0x00, 0x00, 0x00, 0x00, 0x00, 0x00, 0x00, 0x00, 0x00, 0x00, 0x00, 0x00, 0x00, 0x00, 0x00, 
    0x00, 0x00, 0x00, 0xFC, 0x00, 0x00, 0x00, 0x00, 0x00, 0x00, 0x03, 0xFF, 0x80, 0x00, 0x00, 0x00, 
    0x00, 0x00, 0x0F, 0xFF, 0xC0, 0x00, 0x00, 0x00, 0x00, 0x00, 0x1E, 0x00, 0xFE, 0x00, 0x00, 0x00, 
    0x00, 0x00, 0x3C, 0x00, 0x7F, 0xC0, 0x00, 0x00, 0x00, 0x00, 0x78, 0x00, 0x3F, 0xE0, 0x00, 0x00, 
    0x00, 0x00, 0x70, 0x00, 0x00, 0xF0, 0x00, 0x00, 0x00, 0x00, 0xE0, 0x00, 0x00, 0x38, 0x00, 0x00, 
    0x00, 0x00, 0xC0, 0x00, 0x00, 0x1C, 0x00, 0x00, 0x00, 0x00, 0xF0, 0x00, 0x00, 0x1E, 0x00, 0x00, 
    0x00, 0x03, 0xFC, 0x00, 0x00, 0x3F, 0xC0, 0x00, 0x00, 0x0F, 0xFC, 0x00, 0x00, 0x3F, 0xF0, 0x00, 
    0x00, 0x1E, 0x00, 0x00, 0x00, 0x00, 0x78, 0x00, 0x00, 0x1C, 0x00, 0x00, 0x00, 0x00, 0x38, 0x00, 
    0x00, 0x38, 0x00, 0x0C, 0x18, 0x00, 0x1C, 0x00, 0x00, 0x30, 0x00, 0x1E, 0x38, 0x00, 0x0C, 0x00, 
    0x00, 0x70, 0x00, 0x0F, 0xF8, 0x00, 0x0E, 0x00, 0x00, 0x70, 0x00, 0x03, 0xE0, 0x00, 0x0E, 0x00, 
    0x00, 0x70, 0x00, 0x01, 0xC0, 0x00, 0x0E, 0x00, 0x00, 0x70, 0x00, 0x00, 0x00, 0x00, 0x0E, 0x00, 
    0x00, 0x30, 0x00, 0x00, 0x00, 0x00, 0x0C, 0x00, 0x00, 0x38, 0x00, 0x00, 0x00, 0x00, 0x1C, 0x00, 
    0x00, 0x38, 0x00, 0x00, 0x00, 0x00, 0x1C, 0x00, 0x00, 0x1C, 0x00, 0x00, 0x00, 0x00, 0x38, 0x00, 
    0x00, 0x0F, 0x00, 0x00, 0x00, 0x00, 0xF0, 0x00, 0x00, 0x07, 0xFF, 0xFF, 0xFF, 0xFF, 0xE0, 0x00, 
    0x00, 0x01, 0xFF, 0xFF, 0xFF, 0xFF, 0x80, 0x00, 0x00, 0x00, 0x03, 0x01, 0x80, 0xC0, 0x00, 0x00, 
    0x00, 0x00, 0x03, 0x01, 0x80, 0xC0, 0x00, 0x00, 0x00, 0x00, 0x03, 0x01, 0x80, 0xC0, 0x00, 0x00, 
    0x00, 0x00, 0x03, 0x01, 0x80, 0xC0, 0x00, 0x00, 0x00, 0x00, 0x03, 0x01, 0x80, 0xC0, 0x00, 0x00, 
    0x00, 0x00, 0x03, 0x01, 0x80, 0xC0, 0x00, 0x00, 0x00, 0x00, 0x03, 0x01, 0x80, 0xC0, 0x00, 0x00, 
    0x00, 0x00, 0x03, 0x01, 0x80, 0xC0, 0x00, 0x00, 0x00, 0x00, 0x03, 0x01, 0x80, 0xC0, 0x00, 0x00, 
    0x00, 0x00, 0x03, 0x01, 0x80, 0xC0, 0x00, 0x00, 0x00, 0x0E, 0x03, 0x01, 0x80, 0xC0, 0x70, 0x00, 
    0x00, 0x3F, 0x03, 0x01, 0x80, 0xC0, 0xFC, 0x00, 0x00, 0x3F, 0x83, 0x01, 0x80, 0xC1, 0xFC, 0x00, 
    0x00, 0x71, 0xFF, 0x01, 0x80, 0xFF, 0x8E, 0x00, 0x00, 0x61, 0xFF, 0x01, 0x80, 0xFF, 0x86, 0x00, 
    0x00, 0x71, 0xFE, 0x01, 0x80, 0x7F, 0x8E, 0x00, 0x00, 0x3F, 0x80, 0x01, 0x80, 0x01, 0xFC, 0x00, 
    0x00, 0x3F, 0x00, 0x03, 0xC0, 0x00, 0xFC, 0x00, 0x00, 0x0E, 0x00, 0x07, 0xE0, 0x00, 0x70, 0x00, 
    0x00, 0x00, 0x00, 0x0E, 0x70, 0x00, 0x00, 0x00, 0x00, 0x00, 0x00, 0x0C, 0x30, 0x00, 0x00, 0x00, 
    0x00, 0x00, 0x00, 0x0C, 0x30, 0x00, 0x00, 0x00, 0x00, 0x00, 0x00, 0x0E, 0x70, 0x00, 0x00, 0x00, 
    0x00, 0x00, 0x00, 0x07, 0xE0, 0x00, 0x00, 0x00, 0x00, 0x00, 0x00, 0x03, 0xC0, 0x00, 0x00, 0x00, 
    0x00, 0x00, 0x00, 0x00, 0x00, 0x00, 0x00, 0x00, 0x00, 0x00, 0x00, 0x00, 0x00, 0x00, 0x00, 0x00, 
    0x00, 0x00, 0x00, 0x00, 0x00, 0x00, 0x00, 0x00, 0x00, 0x00, 0x00, 0x00, 0x00, 0x00, 0x00, 0x00, 
    0x00, 0x00, 0x00, 0x00, 0x00, 0x00, 0x00, 0x00, 0x00, 0x00, 0x00, 0x00, 0x00, 0x00, 0x00, 0x00, 
      },
  {
    0x00, 0x00, 0x00, 0x00, 0x00, 0x00, 0x00, 0x00, 0x00, 0x00, 0x00, 0x00, 0x00, 0x00, 0x00, 0x00, 
    0x00, 0x00, 0x00, 0x00, 0x00, 0x00, 0x00, 0x00, 0x00, 0x00, 0x00, 0x00, 0x00, 0x00, 0x00, 0x00, 
    0x00, 0x00, 0x00, 0x00, 0x00, 0x00, 0x00, 0x00, 0x00, 0x00, 0x00, 0x00, 0x00, 0x00, 0x00, 0x00, 
    0x00, 0x00, 0x00, 0xFC, 0x00, 0x00, 0x00, 0x00, 0x00, 0x00, 0x03, 0xFF, 0x80, 0x00, 0x00, 0x00, 
    0x00, 0x00, 0x0F, 0xFF, 0xC0, 0x00, 0x00, 0x00, 0x00, 0x00, 0x1E, 0x00, 0xFE, 0x00, 0x00, 0x00, 
    0x00, 0x00, 0x3C, 0x00, 0x7F, 0xC0, 0x00, 0x00, 0x00, 0x00, 0x78, 0x00, 0x3F, 0xE0, 0x00, 0x00, 
    0x00, 0x00, 0x70, 0x00, 0x00, 0xF0, 0x00, 0x00, 0x00, 0x00, 0xE0, 0x00, 0x00, 0x38, 0x00, 0x00, 
    0x00, 0x00, 0xC0, 0x00, 0x00, 0x1C, 0x00, 0x00, 0x00, 0x00, 0xF0, 0x00, 0x00, 0x1E, 0x00, 0x00, 
    0x00, 0x03, 0xFC, 0x00, 0x00, 0x3F, 0xC0, 0x00, 0x00, 0x0F, 0xFC, 0x00, 0x00, 0x3F, 0xF0, 0x00, 
    0x00, 0x1E, 0x00, 0x00, 0x00, 0x00, 0x78, 0x00, 0x00, 0x1C, 0x00, 0x00, 0x00, 0x00, 0x38, 0x00, 
    0x00, 0x38, 0x00, 0x00, 0x00, 0x00, 0x1C, 0x00, 0x00, 0x30, 0x00, 0x1C, 0x98, 0x00, 0x0C, 0x00, 
    0x00, 0x70, 0x00, 0x0F, 0xF8, 0x00, 0x0E, 0x00, 0x00, 0x70, 0x00, 0x07, 0xF0, 0x00, 0x0E, 0x00, 
    0x00, 0x70, 0x00, 0x03, 0xE0, 0x00, 0x0E, 0x00, 0x00, 0x70, 0x00, 0x00, 0x80, 0x00, 0x0E, 0x00, 
    0x00, 0x30, 0x00, 0x00, 0x00, 0x00, 0x0C, 0x00, 0x00, 0x38, 0x00, 0x00, 0x00, 0x00, 0x1C, 0x00, 
    0x00, 0x38, 0x00, 0x00, 0x00, 0x00, 0x1C, 0x00, 0x00, 0x1C, 0x00, 0x00, 0x00, 0x00, 0x38, 0x00, 
    0x00, 0x0F, 0x00, 0x00, 0x00, 0x00, 0xF0, 0x00, 0x00, 0x07, 0xFF, 0xFF, 0xFF, 0xFF, 0xE0, 0x00, 
    0x00, 0x01, 0xFF, 0xFF, 0xFF, 0xFF, 0x80, 0x00, 0x00, 0x00, 0x03, 0x01, 0x80, 0xC0, 0x00, 0x00, 
    0x00, 0x00, 0x03, 0x01, 0x80, 0xC0, 0x00, 0x00, 0x00, 0x00, 0x03, 0x01, 0x80, 0xC0, 0x00, 0x00, 
    0x00, 0x00, 0x03, 0x01, 0x80, 0xC0, 0x00, 0x00, 0x00, 0x00, 0x03, 0x01, 0x80, 0xC0, 0x00, 0x00, 
    0x00, 0x00, 0x03, 0x01, 0x80, 0xC0, 0x00, 0x00, 0x00, 0x00, 0x03, 0x01, 0x80, 0xC0, 0x00, 0x00, 
    0x00, 0x00, 0x03, 0x01, 0x80, 0xC0, 0x00, 0x00, 0x00, 0x00, 0x03, 0x01, 0x80, 0xC0, 0x00, 0x00, 
    0x00, 0x00, 0x03, 0x01, 0x80, 0xC0, 0x00, 0x00, 0x00, 0x0E, 0x03, 0x01, 0x80, 0xC0, 0x70, 0x00, 
    0x00, 0x3F, 0x03, 0x01, 0x80, 0xC0, 0xFC, 0x00, 0x00, 0x3F, 0x83, 0x01, 0x80, 0xC1, 0xFC, 0x00, 
    0x00, 0x71, 0xFF, 0x01, 0x80, 0xFF, 0x8E, 0x00, 0x00, 0x61, 0xFF, 0x01, 0x80, 0xFF, 0x86, 0x00, 
    0x00, 0x71, 0xFE, 0x01, 0x80, 0x7F, 0x8E, 0x00, 0x00, 0x3F, 0x80, 0x01, 0x80, 0x01, 0xFC, 0x00, 
    0x00, 0x3F, 0x00, 0x03, 0xC0, 0x00, 0xFC, 0x00, 0x00, 0x0E, 0x00, 0x07, 0xE0, 0x00, 0x70, 0x00, 
    0x00, 0x00, 0x00, 0x0E, 0x70, 0x00, 0x00, 0x00, 0x00, 0x00, 0x00, 0x0C, 0x30, 0x00, 0x00, 0x00, 
    0x00, 0x00, 0x00, 0x0C, 0x30, 0x00, 0x00, 0x00, 0x00, 0x00, 0x00, 0x0E, 0x70, 0x00, 0x00, 0x00, 
    0x00, 0x00, 0x00, 0x07, 0xE0, 0x00, 0x00, 0x00, 0x00, 0x00, 0x00, 0x03, 0xC0, 0x00, 0x00, 0x00, 
    0x00, 0x00, 0x00, 0x00, 0x00, 0x00, 0x00, 0x00, 0x00, 0x00, 0x00, 0x00, 0x00, 0x00, 0x00, 0x00, 
    0x00, 0x00, 0x00, 0x00, 0x00, 0x00, 0x00, 0x00, 0x00, 0x00, 0x00, 0x00, 0x00, 0x00, 0x00, 0x00, 
    0x00, 0x00, 0x00, 0x00, 0x00, 0x00, 0x00, 0x00, 0x00, 0x00, 0x00, 0x00, 0x00, 0x00, 0x00, 0x00, 
      },
  {
    0x00, 0x00, 0x00, 0x00, 0x00, 0x00, 0x00, 0x00, 0x00, 0x00, 0x00, 0x00, 0x00, 0x00, 0x00, 0x00, 
    0x00, 0x00, 0x00, 0x00, 0x00, 0x00, 0x00, 0x00, 0x00, 0x00, 0x00, 0x00, 0x00, 0x00, 0x00, 0x00, 
    0x00, 0x00, 0x00, 0x00, 0x00, 0x00, 0x00, 0x00, 0x00, 0x00, 0x00, 0x00, 0x00, 0x00, 0x00, 0x00, 
    0x00, 0x00, 0x00, 0xFC, 0x00, 0x00, 0x00, 0x00, 0x00, 0x00, 0x03, 0xFF, 0x80, 0x00, 0x00, 0x00, 
    0x00, 0x00, 0x0F, 0xFF, 0xC0, 0x00, 0x00, 0x00, 0x00, 0x00, 0x1E, 0x00, 0xFE, 0x00, 0x00, 0x00, 
    0x00, 0x00, 0x3C, 0x00, 0x7F, 0xC0, 0x00, 0x00, 0x00, 0x00, 0x78, 0x00, 0x3F, 0xE0, 0x00, 0x00, 
    0x00, 0x00, 0x70, 0x00, 0x00, 0xF0, 0x00, 0x00, 0x00, 0x00, 0xE0, 0x00, 0x00, 0x38, 0x00, 0x00, 
    0x00, 0x00, 0xC0, 0x00, 0x00, 0x1C, 0x00, 0x00, 0x00, 0x00, 0xF0, 0x00, 0x00, 0x1E, 0x00, 0x00, 
    0x00, 0x03, 0xFC, 0x00, 0x00, 0x3F, 0xC0, 0x00, 0x00, 0x0F, 0xFC, 0x00, 0x00, 0x3F, 0xF0, 0x00, 
    0x00, 0x1E, 0x00, 0x00, 0x00, 0x00, 0x78, 0x00, 0x00, 0x1C, 0x00, 0x00, 0x00, 0x00, 0x38, 0x00, 
    0x00, 0x38, 0x00, 0x00, 0x00, 0x00, 0x1C, 0x00, 0x00, 0x30, 0x00, 0x09, 0x98, 0x00, 0x0C, 0x00, 
    0x00, 0x70, 0x00, 0x1F, 0xF8, 0x00, 0x0E, 0x00, 0x00, 0x70, 0x00, 0x0F, 0xF8, 0x00, 0x0E, 0x00, 
    0x00, 0x70, 0x00, 0x07, 0xE0, 0x00, 0x0E, 0x00, 0x00, 0x70, 0x00, 0x01, 0xC0, 0x00, 0x0E, 0x00, 
    0x00, 0x30, 0x00, 0x00, 0x00, 0x00, 0x0C, 0x00, 0x00, 0x38, 0x00, 0x00, 0x00, 0x00, 0x1C, 0x00, 
    0x00, 0x38, 0x00, 0x00, 0x00, 0x00, 0x1C, 0x00, 0x00, 0x1C, 0x00, 0x00, 0x00, 0x00, 0x38, 0x00, 
    0x00, 0x0F, 0x00, 0x00, 0x00, 0x00, 0xF0, 0x00, 0x00, 0x07, 0xFF, 0xFF, 0xFF, 0xFF, 0xE0, 0x00, 
    0x00, 0x01, 0xFF, 0xFF, 0xFF, 0xFF, 0x80, 0x00, 0x00, 0x00, 0x03, 0x01, 0x80, 0xC0, 0x00, 0x00, 
    0x00, 0x00, 0x03, 0x01, 0x80, 0xC0, 0x00, 0x00, 0x00, 0x00, 0x03, 0x01, 0x80, 0xC0, 0x00, 0x00, 
    0x00, 0x00, 0x03, 0x01, 0x80, 0xC0, 0x00, 0x00, 0x00, 0x00, 0x03, 0x01, 0x80, 0xC0, 0x00, 0x00, 
    0x00, 0x00, 0x03, 0x01, 0x80, 0xC0, 0x00, 0x00, 0x00, 0x00, 0x03, 0x01, 0x80, 0xC0, 0x00, 0x00, 
    0x00, 0x00, 0x03, 0x01, 0x80, 0xC0, 0x00, 0x00, 0x00, 0x00, 0x03, 0x01, 0x80, 0xC0, 0x00, 0x00, 
    0x00, 0x00, 0x03, 0x01, 0x80, 0xC0, 0x00, 0x00, 0x00, 0x0E, 0x03, 0x01, 0x80, 0xC0, 0x70, 0x00, 
    0x00, 0x3F, 0x03, 0x01, 0x80, 0xC0, 0xFC, 0x00, 0x00, 0x3F, 0x83, 0x01, 0x80, 0xC1, 0xFC, 0x00, 
    0x00, 0x71, 0xFF, 0x01, 0x80, 0xFF, 0x8E, 0x00, 0x00, 0x61, 0xFF, 0x01, 0x80, 0xFF, 0x86, 0x00, 
    0x00, 0x71, 0xFE, 0x01, 0x80, 0x7F, 0x8E, 0x00, 0x00, 0x3F, 0x80, 0x01, 0x80, 0x01, 0xFC, 0x00, 
    0x00, 0x3F, 0x00, 0x03, 0xC0, 0x00, 0xFC, 0x00, 0x00, 0x0E, 0x00, 0x07, 0xE0, 0x00, 0x70, 0x00, 
    0x00, 0x00, 0x00, 0x0E, 0x70, 0x00, 0x00, 0x00, 0x00, 0x00, 0x00, 0x0C, 0x30, 0x00, 0x00, 0x00, 
    0x00, 0x00, 0x00, 0x0C, 0x30, 0x00, 0x00, 0x00, 0x00, 0x00, 0x00, 0x0E, 0x70, 0x00, 0x00, 0x00, 
    0x00, 0x00, 0x00, 0x07, 0xE0, 0x00, 0x00, 0x00, 0x00, 0x00, 0x00, 0x03, 0xC0, 0x00, 0x00, 0x00, 
    0x00, 0x00, 0x00, 0x00, 0x00, 0x00, 0x00, 0x00, 0x00, 0x00, 0x00, 0x00, 0x00, 0x00, 0x00, 0x00, 
    0x00, 0x00, 0x00, 0x00, 0x00, 0x00, 0x00, 0x00, 0x00, 0x00, 0x00, 0x00, 0x00, 0x00, 0x00, 0x00, 
    0x00, 0x00, 0x00, 0x00, 0x00, 0x00, 0x00, 0x00, 0x00, 0x00, 0x00, 0x00, 0x00, 0x00, 0x00, 0x00, 
      },
  {
    0x00, 0x00, 0x00, 0x00, 0x00, 0x00, 0x00, 0x00, 0x00, 0x00, 0x00, 0x00, 0x00, 0x00, 0x00, 0x00, 
    0x00, 0x00, 0x00, 0x00, 0x00, 0x00, 0x00, 0x00, 0x00, 0x00, 0x00, 0x00, 0x00, 0x00, 0x00, 0x00, 
    0x00, 0x00, 0x00, 0x00, 0x00, 0x00, 0x00, 0x00, 0x00, 0x00, 0x00, 0x00, 0x00, 0x00, 0x00, 0x00, 
    0x00, 0x00, 0x00, 0xFC, 0x00, 0x00, 0x00, 0x00, 0x00, 0x00, 0x03, 0xFF, 0x80, 0x00, 0x00, 0x00, 
    0x00, 0x00, 0x0F, 0xFF, 0xC0, 0x00, 0x00, 0x00, 0x00, 0x00, 0x1E, 0x00, 0xFE, 0x00, 0x00, 0x00, 
    0x00, 0x00, 0x3C, 0x00, 0x7F, 0xC0, 0x00, 0x00, 0x00, 0x00, 0x78, 0x00, 0x3F, 0xE0, 0x00, 0x00, 
    0x00, 0x00, 0x70, 0x00, 0x00, 0xF0, 0x00, 0x00, 0x00, 0x00, 0xE0, 0x00, 0x00, 0x38, 0x00, 0x00, 
    0x00, 0x00, 0xC0, 0x00, 0x00, 0x1C, 0x00, 0x00, 0x00, 0x00, 0xF0, 0x00, 0x00, 0x1E, 0x00, 0x00, 
    0x00, 0x03, 0xFC, 0x00, 0x00, 0x3F, 0xC0, 0x00, 0x00, 0x0F, 0xFC, 0x00, 0x00, 0x3F, 0xF0, 0x00, 
    0x00, 0x1E, 0x00, 0x00, 0x00, 0x00, 0x78, 0x00, 0x00, 0x1C, 0x00, 0x00, 0x00, 0x00, 0x38, 0x00, 
    0x00, 0x38, 0x00, 0x00, 0x80, 0x00, 0x1C, 0x00, 0x00, 0x30, 0x00, 0x01, 0xC0, 0x00, 0x0C, 0x00, 
    0x00, 0x70, 0x00, 0x1D, 0xD8, 0x00, 0x0E, 0x00, 0x00, 0x70, 0x00, 0x1F, 0xF8, 0x00, 0x0E, 0x00, 
    0x00, 0x70, 0x00, 0x07, 0xF0, 0x00, 0x0E, 0x00, 0x00, 0x70, 0x00, 0x03, 0xE0, 0x00, 0x0E, 0x00, 
    0x00, 0x30, 0x00, 0x01, 0xC0, 0x00, 0x0C, 0x00, 0x00, 0x38, 0x00, 0x00, 0x00, 0x00, 0x1C, 0x00, 
    0x00, 0x38, 0x00, 0x00, 0x00, 0x00, 0x1C, 0x00, 0x00, 0x1C, 0x00, 0x00, 0x00, 0x00, 0x38, 0x00, 
    0x00, 0x0F, 0x00, 0x00, 0x00, 0x00, 0xF0, 0x00, 0x00, 0x07, 0xFF, 0xFF, 0xFF, 0xFF, 0xE0, 0x00, 
    0x00, 0x01, 0xFF, 0xFF, 0xFF, 0xFF, 0x80, 0x00, 0x00, 0x00, 0x03, 0x01, 0x80, 0xC0, 0x00, 0x00, 
    0x00, 0x00, 0x03, 0x01, 0x80, 0xC0, 0x00, 0x00, 0x00, 0x00, 0x03, 0x01, 0x80, 0xC0, 0x00, 0x00, 
    0x00, 0x00, 0x03, 0x01, 0x80, 0xC0, 0x00, 0x00, 0x00, 0x00, 0x03, 0x01, 0x80, 0xC0, 0x00, 0x00, 
    0x00, 0x00, 0x03, 0x01, 0x80, 0xC0, 0x00, 0x00, 0x00, 0x00, 0x03, 0x01, 0x80, 0xC0, 0x00, 0x00, 
    0x00, 0x00, 0x03, 0x01, 0x80, 0xC0, 0x00, 0x00, 0x00, 0x00, 0x03, 0x01, 0x80, 0xC0, 0x00, 0x00, 
    0x00, 0x00, 0x03, 0x01, 0x80, 0xC0, 0x00, 0x00, 0x00, 0x0E, 0x03, 0x01, 0x80, 0xC0, 0x70, 0x00, 
    0x00, 0x3F, 0x03, 0x01, 0x80, 0xC0, 0xFC, 0x00, 0x00, 0x3F, 0x83, 0x01, 0x80, 0xC1, 0xFC, 0x00, 
    0x00, 0x71, 0xFF, 0x01, 0x80, 0xFF, 0x8E, 0x00, 0x00, 0x61, 0xFF, 0x01, 0x80, 0xFF, 0x86, 0x00, 
    0x00, 0x71, 0xFE, 0x01, 0x80, 0x7F, 0x8E, 0x00, 0x00, 0x3F, 0x80, 0x01, 0x80, 0x01, 0xFC, 0x00, 
    0x00, 0x3F, 0x00, 0x03, 0xC0, 0x00, 0xFC, 0x00, 0x00, 0x0E, 0x00, 0x07, 0xE0, 0x00, 0x70, 0x00, 
    0x00, 0x00, 0x00, 0x0E, 0x70, 0x00, 0x00, 0x00, 0x00, 0x00, 0x00, 0x0C, 0x30, 0x00, 0x00, 0x00, 
    0x00, 0x00, 0x00, 0x0C, 0x30, 0x00, 0x00, 0x00, 0x00, 0x00, 0x00, 0x0E, 0x70, 0x00, 0x00, 0x00, 
    0x00, 0x00, 0x00, 0x07, 0xE0, 0x00, 0x00, 0x00, 0x00, 0x00, 0x00, 0x03, 0xC0, 0x00, 0x00, 0x00, 
    0x00, 0x00, 0x00, 0x00, 0x00, 0x00, 0x00, 0x00, 0x00, 0x00, 0x00, 0x00, 0x00, 0x00, 0x00, 0x00, 
    0x00, 0x00, 0x00, 0x00, 0x00, 0x00, 0x00, 0x00, 0x00, 0x00, 0x00, 0x00, 0x00, 0x00, 0x00, 0x00, 
    0x00, 0x00, 0x00, 0x00, 0x00, 0x00, 0x00, 0x00, 0x00, 0x00, 0x00, 0x00, 0x00, 0x00, 0x00, 0x00, 
      },
  {
    0x00, 0x00, 0x00, 0x00, 0x00, 0x00, 0x00, 0x00, 0x00, 0x00, 0x00, 0x00, 0x00, 0x00, 0x00, 0x00, 
    0x00, 0x00, 0x00, 0x00, 0x00, 0x00, 0x00, 0x00, 0x00, 0x00, 0x00, 0x00, 0x00, 0x00, 0x00, 0x00, 
    0x00, 0x00, 0x00, 0x00, 0x00, 0x00, 0x00, 0x00, 0x00, 0x00, 0x00, 0x00, 0x00, 0x00, 0x00, 0x00, 
    0x00, 0x00, 0x00, 0xFC, 0x00, 0x00, 0x00, 0x00, 0x00, 0x00, 0x03, 0xFF, 0x80, 0x00, 0x00, 0x00, 
    0x00, 0x00, 0x0F, 0xFF, 0xC0, 0x00, 0x00, 0x00, 0x00, 0x00, 0x1E, 0x00, 0xFE, 0x00, 0x00, 0x00, 
    0x00, 0x00, 0x3C, 0x00, 0x7F, 0xC0, 0x00, 0x00, 0x00, 0x00, 0x78, 0x00, 0x3F, 0xE0, 0x00, 0x00, 
    0x00, 0x00, 0x70, 0x00, 0x00, 0xF0, 0x00, 0x00, 0x00, 0x00, 0xE0, 0x00, 0x00, 0x38, 0x00, 0x00, 
    0x00, 0x00, 0xC0, 0x00, 0x00, 0x1C, 0x00, 0x00, 0x00, 0x00, 0xF0, 0x00, 0x00, 0x1E, 0x00, 0x00, 
    0x00, 0x03, 0xFC, 0x00, 0x00, 0x3F, 0xC0, 0x00, 0x00, 0x0F, 0xFC, 0x00, 0x00, 0x3F, 0xF0, 0x00, 
    0x00, 0x1E, 0x00, 0x00, 0x00, 0x00, 0x78, 0x00, 0x00, 0x1C, 0x00, 0x00, 0x00, 0x00, 0x38, 0x00, 
    0x00, 0x38, 0x00, 0x01, 0xC0, 0x00, 0x1C, 0x00, 0x00, 0x30, 0x00, 0x01, 0xC0, 0x00, 0x0C, 0x00, 
    0x00, 0x70, 0x00, 0x09, 0xC8, 0x00, 0x0E, 0x00, 0x00, 0x70, 0x00, 0x1D, 0xDC, 0x00, 0x0E, 0x00, 
    0x00, 0x70, 0x00, 0x0F, 0xF8, 0x00, 0x0E, 0x00, 0x00, 0x70, 0x00, 0x07, 0xF0, 0x00, 0x0E, 0x00, 
    0x00, 0x30, 0x00, 0x03, 0xE0, 0x00, 0x0C, 0x00, 0x00, 0x38, 0x00, 0x00, 0x80, 0x00, 0x1C, 0x00, 
    0x00, 0x38, 0x00, 0x00, 0x00, 0x00, 0x1C, 0x00, 0x00, 0x1C, 0x00, 0x00, 0x00, 0x00, 0x38, 0x00, 
    0x00, 0x0F, 0x00, 0x00, 0x00, 0x00, 0xF0, 0x00, 0x00, 0x07, 0xFF, 0xFF, 0xFF, 0xFF, 0xE0, 0x00, 
    0x00, 0x01, 0xFF, 0xFF, 0xFF, 0xFF, 0x80, 0x00, 0x00, 0x00, 0x03, 0x01, 0x80, 0xC0, 0x00, 0x00, 
    0x00, 0x00, 0x03, 0x01, 0x80, 0xC0, 0x00, 0x00, 0x00, 0x00, 0x03, 0x01, 0x80, 0xC0, 0x00, 0x00, 
    0x00, 0x00, 0x03, 0x01, 0x80, 0xC0, 0x00, 0x00, 0x00, 0x00, 0x03, 0x01, 0x80, 0xC0, 0x00, 0x00, 
    0x00, 0x00, 0x03, 0x01, 0x80, 0xC0, 0x00, 0x00, 0x00, 0x00, 0x03, 0x01, 0x80, 0xC0, 0x00, 0x00, 
    0x00, 0x00, 0x03, 0x01, 0x80, 0xC0, 0x00, 0x00, 0x00, 0x00, 0x03, 0x01, 0x80, 0xC0, 0x00, 0x00, 
    0x00, 0x00, 0x03, 0x01, 0x80, 0xC0, 0x00, 0x00, 0x00, 0x0E, 0x03, 0x01, 0x80, 0xC0, 0x70, 0x00, 
    0x00, 0x3F, 0x03, 0x01, 0x80, 0xC0, 0xFC, 0x00, 0x00, 0x3F, 0x83, 0x01, 0x80, 0xC1, 0xFC, 0x00, 
    0x00, 0x71, 0xFF, 0x01, 0x80, 0xFF, 0x8E, 0x00, 0x00, 0x61, 0xFF, 0x01, 0x80, 0xFF, 0x86, 0x00, 
    0x00, 0x71, 0xFE, 0x01, 0x80, 0x7F, 0x8E, 0x00, 0x00, 0x3F, 0x80, 0x01, 0x80, 0x01, 0xFC, 0x00, 
    0x00, 0x3F, 0x00, 0x03, 0xC0, 0x00, 0xFC, 0x00, 0x00, 0x0E, 0x00, 0x07, 0xE0, 0x00, 0x70, 0x00, 
    0x00, 0x00, 0x00, 0x0E, 0x70, 0x00, 0x00, 0x00, 0x00, 0x00, 0x00, 0x0C, 0x30, 0x00, 0x00, 0x00, 
    0x00, 0x00, 0x00, 0x0C, 0x30, 0x00, 0x00, 0x00, 0x00, 0x00, 0x00, 0x0E, 0x70, 0x00, 0x00, 0x00, 
    0x00, 0x00, 0x00, 0x07, 0xE0, 0x00, 0x00, 0x00, 0x00, 0x00, 0x00, 0x03, 0xC0, 0x00, 0x00, 0x00, 
    0x00, 0x00, 0x00, 0x00, 0x00, 0x00, 0x00, 0x00, 0x00, 0x00, 0x00, 0x00, 0x00, 0x00, 0x00, 0x00, 
    0x00, 0x00, 0x00, 0x00, 0x00, 0x00, 0x00, 0x00, 0x00, 0x00, 0x00, 0x00, 0x00, 0x00, 0x00, 0x00, 
    0x00, 0x00, 0x00, 0x00, 0x00, 0x00, 0x00, 0x00, 0x00, 0x00, 0x00, 0x00, 0x00, 0x00, 0x00, 0x00, 
      },
  {
    0x00, 0x00, 0x00, 0x00, 0x00, 0x00, 0x00, 0x00, 0x00, 0x00, 0x00, 0x00, 0x00, 0x00, 0x00, 0x00, 
    0x00, 0x00, 0x00, 0x00, 0x00, 0x00, 0x00, 0x00, 0x00, 0x00, 0x00, 0x00, 0x00, 0x00, 0x00, 0x00, 
    0x00, 0x00, 0x00, 0x00, 0x00, 0x00, 0x00, 0x00, 0x00, 0x00, 0x00, 0x00, 0x00, 0x00, 0x00, 0x00, 
    0x00, 0x00, 0x00, 0xFC, 0x00, 0x00, 0x00, 0x00, 0x00, 0x00, 0x03, 0xFF, 0x80, 0x00, 0x00, 0x00, 
    0x00, 0x00, 0x0F, 0xFF, 0xC0, 0x00, 0x00, 0x00, 0x00, 0x00, 0x1E, 0x00, 0xFE, 0x00, 0x00, 0x00, 
    0x00, 0x00, 0x3C, 0x00, 0x7F, 0xC0, 0x00, 0x00, 0x00, 0x00, 0x78, 0x00, 0x3F, 0xE0, 0x00, 0x00, 
    0x00, 0x00, 0x70, 0x00, 0x00, 0xF0, 0x00, 0x00, 0x00, 0x00, 0xE0, 0x00, 0x00, 0x38, 0x00, 0x00, 
    0x00, 0x00, 0xC0, 0x00, 0x00, 0x1C, 0x00, 0x00, 0x00, 0x00, 0xF0, 0x00, 0x00, 0x1E, 0x00, 0x00, 
    0x00, 0x03, 0xFC, 0x00, 0x00, 0x3F, 0xC0, 0x00, 0x00, 0x0F, 0xFC, 0x00, 0x00, 0x3F, 0xF0, 0x00, 
    0x00, 0x1E, 0x00, 0x00, 0x00, 0x00, 0x78, 0x00, 0x00, 0x1C, 0x00, 0x00, 0x80, 0x00, 0x38, 0x00, 
    0x00, 0x38, 0x00, 0x01, 0xC0, 0x00, 0x1C, 0x00, 0x00, 0x30, 0x00, 0x01, 0xC0, 0x00, 0x0C, 0x00, 
    0x00, 0x70, 0x00, 0x01, 0xC0, 0x00, 0x0E, 0x00, 0x00, 0x70, 0x00, 0x0D, 0xD8, 0x00, 0x0E, 0x00, 
    0x00, 0x70, 0x00, 0x1F, 0xF8, 0x00, 0x0E, 0x00, 0x00, 0x70, 0x00, 0x0F, 0xF8, 0x00, 0x0E, 0x00, 
    0x00, 0x30, 0x00, 0x03, 0xE0, 0x00, 0x0C, 0x00, 0x00, 0x38, 0x00, 0x01, 0xC0, 0x00, 0x1C, 0x00, 
    0x00, 0x38, 0x00, 0x00, 0x00, 0x00, 0x1C, 0x00, 0x00, 0x1C, 0x00, 0x00, 0x00, 0x00, 0x38, 0x00, 
    0x00, 0x0F, 0x00, 0x00, 0x00, 0x00, 0xF0, 0x00, 0x00, 0x07, 0xFF, 0xFF, 0xFF, 0xFF, 0xE0, 0x00, 
    0x00, 0x01, 0xFF, 0xFF, 0xFF, 0xFF, 0x80, 0x00, 0x00, 0x00, 0x03, 0x01, 0x80, 0xC0, 0x00, 0x00, 
    0x00, 0x00, 0x03, 0x01, 0x80, 0xC0, 0x00, 0x00, 0x00, 0x00, 0x03, 0x01, 0x80, 0xC0, 0x00, 0x00, 
    0x00, 0x00, 0x03, 0x01, 0x80, 0xC0, 0x00, 0x00, 0x00, 0x00, 0x03, 0x01, 0x80, 0xC0, 0x00, 0x00, 
    0x00, 0x00, 0x03, 0x01, 0x80, 0xC0, 0x00, 0x00, 0x00, 0x00, 0x03, 0x01, 0x80, 0xC0, 0x00, 0x00, 
    0x00, 0x00, 0x03, 0x01, 0x80, 0xC0, 0x00, 0x00, 0x00, 0x00, 0x03, 0x01, 0x80, 0xC0, 0x00, 0x00, 
    0x00, 0x00, 0x03, 0x01, 0x80, 0xC0, 0x00, 0x00, 0x00, 0x0E, 0x03, 0x01, 0x80, 0xC0, 0x70, 0x00, 
    0x00, 0x3F, 0x03, 0x01, 0x80, 0xC0, 0xFC, 0x00, 0x00, 0x3F, 0x83, 0x01, 0x80, 0xC1, 0xFC, 0x00, 
    0x00, 0x71, 0xFF, 0x01, 0x80, 0xFF, 0x8E, 0x00, 0x00, 0x61, 0xFF, 0x01, 0x80, 0xFF, 0x86, 0x00, 
    0x00, 0x71, 0xFE, 0x01, 0x80, 0x7F, 0x8E, 0x00, 0x00, 0x3F, 0x80, 0x01, 0x80, 0x01, 0xFC, 0x00, 
    0x00, 0x3F, 0x00, 0x03, 0xC0, 0x00, 0xFC, 0x00, 0x00, 0x0E, 0x00, 0x07, 0xE0, 0x00, 0x70, 0x00, 
    0x00, 0x00, 0x00, 0x0E, 0x70, 0x00, 0x00, 0x00, 0x00, 0x00, 0x00, 0x0C, 0x30, 0x00, 0x00, 0x00, 
    0x00, 0x00, 0x00, 0x0C, 0x30, 0x00, 0x00, 0x00, 0x00, 0x00, 0x00, 0x0E, 0x70, 0x00, 0x00, 0x00, 
    0x00, 0x00, 0x00, 0x07, 0xE0, 0x00, 0x00, 0x00, 0x00, 0x00, 0x00, 0x03, 0xC0, 0x00, 0x00, 0x00, 
    0x00, 0x00, 0x00, 0x00, 0x00, 0x00, 0x00, 0x00, 0x00, 0x00, 0x00, 0x00, 0x00, 0x00, 0x00, 0x00, 
    0x00, 0x00, 0x00, 0x00, 0x00, 0x00, 0x00, 0x00, 0x00, 0x00, 0x00, 0x00, 0x00, 0x00, 0x00, 0x00, 
    0x00, 0x00, 0x00, 0x00, 0x00, 0x00, 0x00, 0x00, 0x00, 0x00, 0x00, 0x00, 0x00, 0x00, 0x00, 0x00, 
      },
  {
    0x00, 0x00, 0x00, 0x00, 0x00, 0x00, 0x00, 0x00, 0x00, 0x00, 0x00, 0x00, 0x00, 0x00, 0x00, 0x00, 
    0x00, 0x00, 0x00, 0x00, 0x00, 0x00, 0x00, 0x00, 0x00, 0x00, 0x00, 0x00, 0x00, 0x00, 0x00, 0x00, 
    0x00, 0x00, 0x00, 0x00, 0x00, 0x00, 0x00, 0x00, 0x00, 0x00, 0x00, 0x00, 0x00, 0x00, 0x00, 0x00, 
    0x00, 0x00, 0x00, 0xFC, 0x00, 0x00, 0x00, 0x00, 0x00, 0x00, 0x03, 0xFF, 0x80, 0x00, 0x00, 0x00, 
    0x00, 0x00, 0x0F, 0xFF, 0xC0, 0x00, 0x00, 0x00, 0x00, 0x00, 0x1E, 0x00, 0xFE, 0x00, 0x00, 0x00, 
    0x00, 0x00, 0x3C, 0x00, 0x7F, 0xC0, 0x00, 0x00, 0x00, 0x00, 0x78, 0x00, 0x3F, 0xE0, 0x00, 0x00, 
    0x00, 0x00, 0x70, 0x00, 0x00, 0xF0, 0x00, 0x00, 0x00, 0x00, 0xE0, 0x00, 0x00, 0x38, 0x00, 0x00, 
    0x00, 0x00, 0xC0, 0x00, 0x00, 0x1C, 0x00, 0x00, 0x00, 0x00, 0xF0, 0x00, 0x00, 0x1E, 0x00, 0x00, 
    0x00, 0x03, 0xFC, 0x00, 0x00, 0x3F, 0xC0, 0x00, 0x00, 0x0F, 0xFC, 0x00, 0x00, 0x3F, 0xF0, 0x00, 
    0x00, 0x1E, 0x00, 0x00, 0x80, 0x00, 0x78, 0x00, 0x00, 0x1C, 0x00, 0x01, 0xC0, 0x00, 0x38, 0x00, 
    0x00, 0x38, 0x00, 0x01, 0xC0, 0x00, 0x1C, 0x00, 0x00, 0x30, 0x00, 0x01, 0xC0, 0x00, 0x0C, 0x00, 
    0x00, 0x70, 0x00, 0x01, 0xC0, 0x00, 0x0E, 0x00, 0x00, 0x70, 0x00, 0x09, 0xC8, 0x00, 0x0E, 0x00, 
    0x00, 0x70, 0x00, 0x1D, 0xDC, 0x00, 0x0E, 0x00, 0x00, 0x70, 0x00, 0x0F, 0xF8, 0x00, 0x0E, 0x00, 
    0x00, 0x30, 0x00, 0x07, 0xF0, 0x00, 0x0C, 0x00, 0x00, 0x38, 0x00, 0x03, 0xC0, 0x00, 0x1C, 0x00, 
    0x00, 0x38, 0x00, 0x00, 0x80, 0x00, 0x1C, 0x00, 0x00, 0x1C, 0x00, 0x00, 0x00, 0x00, 0x38, 0x00, 
    0x00, 0x0F, 0x00, 0x00, 0x00, 0x00, 0xF0, 0x00, 0x00, 0x07, 0xFF, 0xFF, 0xFF, 0xFF, 0xE0, 0x00, 
    0x00, 0x01, 0xFF, 0xFF, 0xFF, 0xFF, 0x80, 0x00, 0x00, 0x00, 0x03, 0x01, 0x80, 0xC0, 0x00, 0x00, 
    0x00, 0x00, 0x03, 0x01, 0x80, 0xC0, 0x00, 0x00, 0x00, 0x00, 0x03, 0x01, 0x80, 0xC0, 0x00, 0x00, 
    0x00, 0x00, 0x03, 0x01, 0x80, 0xC0, 0x00, 0x00, 0x00, 0x00, 0x03, 0x01, 0x80, 0xC0, 0x00, 0x00, 
    0x00, 0x00, 0x03, 0x01, 0x80, 0xC0, 0x00, 0x00, 0x00, 0x00, 0x03, 0x01, 0x80, 0xC0, 0x00, 0x00, 
    0x00, 0x00, 0x03, 0x01, 0x80, 0xC0, 0x00, 0x00, 0x00, 0x00, 0x03, 0x01, 0x80, 0xC0, 0x00, 0x00, 
    0x00, 0x00, 0x03, 0x01, 0x80, 0xC0, 0x00, 0x00, 0x00, 0x0E, 0x03, 0x01, 0x80, 0xC0, 0x70, 0x00, 
    0x00, 0x3F, 0x03, 0x01, 0x80, 0xC0, 0xFC, 0x00, 0x00, 0x3F, 0x83, 0x01, 0x80, 0xC1, 0xFC, 0x00, 
    0x00, 0x71, 0xFF, 0x01, 0x80, 0xFF, 0x8E, 0x00, 0x00, 0x61, 0xFF, 0x01, 0x80, 0xFF, 0x86, 0x00, 
    0x00, 0x71, 0xFE, 0x01, 0x80, 0x7F, 0x8E, 0x00, 0x00, 0x3F, 0x80, 0x01, 0x80, 0x01, 0xFC, 0x00, 
    0x00, 0x3F, 0x00, 0x03, 0xC0, 0x00, 0xFC, 0x00, 0x00, 0x0E, 0x00, 0x07, 0xE0, 0x00, 0x70, 0x00, 
    0x00, 0x00, 0x00, 0x0E, 0x70, 0x00, 0x00, 0x00, 0x00, 0x00, 0x00, 0x0C, 0x30, 0x00, 0x00, 0x00, 
    0x00, 0x00, 0x00, 0x0C, 0x30, 0x00, 0x00, 0x00, 0x00, 0x00, 0x00, 0x0E, 0x70, 0x00, 0x00, 0x00, 
    0x00, 0x00, 0x00, 0x07, 0xE0, 0x00, 0x00, 0x00, 0x00, 0x00, 0x00, 0x03, 0xC0, 0x00, 0x00, 0x00, 
    0x00, 0x00, 0x00, 0x00, 0x00, 0x00, 0x00, 0x00, 0x00, 0x00, 0x00, 0x00, 0x00, 0x00, 0x00, 0x00, 
    0x00, 0x00, 0x00, 0x00, 0x00, 0x00, 0x00, 0x00, 0x00, 0x00, 0x00, 0x00, 0x00, 0x00, 0x00, 0x00, 
    0x00, 0x00, 0x00, 0x00, 0x00, 0x00, 0x00, 0x00, 0x00, 0x00, 0x00, 0x00, 0x00, 0x00, 0x00, 0x00, 
      },
  {
    0x00, 0x00, 0x00, 0x00, 0x00, 0x00, 0x00, 0x00, 0x00, 0x00, 0x00, 0x00, 0x00, 0x00, 0x00, 0x00, 
    0x00, 0x00, 0x00, 0x00, 0x00, 0x00, 0x00, 0x00, 0x00, 0x00, 0x00, 0x00, 0x00, 0x00, 0x00, 0x00, 
    0x00, 0x00, 0x00, 0x00, 0x00, 0x00, 0x00, 0x00, 0x00, 0x00, 0x00, 0x00, 0x00, 0x00, 0x00, 0x00, 
    0x00, 0x00, 0x00, 0xFC, 0x00, 0x00, 0x00, 0x00, 0x00, 0x00, 0x03, 0xFF, 0x80, 0x00, 0x00, 0x00, 
    0x00, 0x00, 0x0F, 0xFF, 0xC0, 0x00, 0x00, 0x00, 0x00, 0x00, 0x1E, 0x00, 0xFE, 0x00, 0x00, 0x00, 
    0x00, 0x00, 0x3C, 0x00, 0x7F, 0xC0, 0x00, 0x00, 0x00, 0x00, 0x78, 0x00, 0x3F, 0xE0, 0x00, 0x00, 
    0x00, 0x00, 0x70, 0x00, 0x00, 0xF0, 0x00, 0x00, 0x00, 0x00, 0xE0, 0x00, 0x00, 0x38, 0x00, 0x00, 
    0x00, 0x00, 0xC0, 0x00, 0x00, 0x1C, 0x00, 0x00, 0x00, 0x00, 0xF0, 0x00, 0x00, 0x1E, 0x00, 0x00, 
    0x00, 0x03, 0xFC, 0x00, 0x00, 0x3F, 0xC0, 0x00, 0x00, 0x0F, 0xFC, 0x00, 0x80, 0x3F, 0xF0, 0x00, 
    0x00, 0x1E, 0x00, 0x01, 0xC0, 0x00, 0x78, 0x00, 0x00, 0x1C, 0x00, 0x01, 0xC0, 0x00, 0x38, 0x00, 
    0x00, 0x38, 0x00, 0x01, 0xC0, 0x00, 0x1C, 0x00, 0x00, 0x30, 0x00, 0x01, 0xC0, 0x00, 0x0C, 0x00, 
    0x00, 0x70, 0x00, 0x01, 0xC0, 0x00, 0x0E, 0x00, 0x00, 0x70, 0x00, 0x01, 0xC0, 0x00, 0x0E, 0x00, 
    0x00, 0x70, 0x00, 0x1D, 0xD8, 0x00, 0x0E, 0x00, 0x00, 0x70, 0x00, 0x0F, 0xF8, 0x00, 0x0E, 0x00, 
    0x00, 0x30, 0x00, 0x07, 0xF0, 0x00, 0x0C, 0x00, 0x00, 0x38, 0x00, 0x03, 0xE0, 0x00, 0x1C, 0x00, 
    0x00, 0x38, 0x00, 0x00, 0x80, 0x00, 0x1C, 0x00, 0x00, 0x1C, 0x00, 0x00, 0x00, 0x00, 0x38, 0x00, 
    0x00, 0x0F, 0x00, 0x00, 0x00, 0x00, 0xF0, 0x00, 0x00, 0x07, 0xFF, 0xFF, 0xFF, 0xFF, 0xE0, 0x00, 
    0x00, 0x01, 0xFF, 0xFF, 0xFF, 0xFF, 0x80, 0x00, 0x00, 0x00, 0x03, 0x01, 0x80, 0xC0, 0x00, 0x00, 
    0x00, 0x00, 0x03, 0x01, 0x80, 0xC0, 0x00, 0x00, 0x00, 0x00, 0x03, 0x01, 0x80, 0xC0, 0x00, 0x00, 
    0x00, 0x00, 0x03, 0x01, 0x80, 0xC0, 0x00, 0x00, 0x00, 0x00, 0x03, 0x01, 0x80, 0xC0, 0x00, 0x00, 
    0x00, 0x00, 0x03, 0x01, 0x80, 0xC0, 0x00, 0x00, 0x00, 0x00, 0x03, 0x01, 0x80, 0xC0, 0x00, 0x00, 
    0x00, 0x00, 0x03, 0x01, 0x80, 0xC0, 0x00, 0x00, 0x00, 0x00, 0x03, 0x01, 0x80, 0xC0, 0x00, 0x00, 
    0x00, 0x00, 0x03, 0x01, 0x80, 0xC0, 0x00, 0x00, 0x00, 0x0E, 0x03, 0x01, 0x80, 0xC0, 0x70, 0x00, 
    0x00, 0x3F, 0x03, 0x01, 0x80, 0xC0, 0xFC, 0x00, 0x00, 0x7F, 0x83, 0x01, 0x80, 0xC1, 0xFE, 0x00, 
    0x00, 0x71, 0xFF, 0x01, 0x80, 0xFF, 0x8E, 0x00, 0x00, 0x61, 0xFF, 0x01, 0x80, 0xFF, 0x86, 0x00, 
    0x00, 0x71, 0xFE, 0x01, 0x80, 0x7F, 0x8E, 0x00, 0x00, 0x3F, 0x80, 0x01, 0x80, 0x01, 0xFC, 0x00, 
    0x00, 0x3F, 0x00, 0x03, 0xC0, 0x00, 0xFC, 0x00, 0x00, 0x0E, 0x00, 0x07, 0xE0, 0x00, 0x70, 0x00, 
    0x00, 0x00, 0x00, 0x0E, 0x70, 0x00, 0x00, 0x00, 0x00, 0x00, 0x00, 0x0C, 0x30, 0x00, 0x00, 0x00, 
    0x00, 0x00, 0x00, 0x0C, 0x30, 0x00, 0x00, 0x00, 0x00, 0x00, 0x00, 0x0E, 0x70, 0x00, 0x00, 0x00, 
    0x00, 0x00, 0x00, 0x07, 0xE0, 0x00, 0x00, 0x00, 0x00, 0x00, 0x00, 0x03, 0xC0, 0x00, 0x00, 0x00, 
    0x00, 0x00, 0x00, 0x00, 0x00, 0x00, 0x00, 0x00, 0x00, 0x00, 0x00, 0x00, 0x00, 0x00, 0x00, 0x00, 
    0x00, 0x00, 0x00, 0x00, 0x00, 0x00, 0x00, 0x00, 0x00, 0x00, 0x00, 0x00, 0x00, 0x00, 0x00, 0x00, 
    0x00, 0x00, 0x00, 0x00, 0x00, 0x00, 0x00, 0x00, 0x00, 0x00, 0x00, 0x00, 0x00, 0x00, 0x00, 0x00, 
      },
  {
    0x00, 0x00, 0x00, 0x00, 0x00, 0x00, 0x00, 0x00, 0x00, 0x00, 0x00, 0x00, 0x00, 0x00, 0x00, 0x00, 
    0x00, 0x00, 0x00, 0x00, 0x00, 0x00, 0x00, 0x00, 0x00, 0x00, 0x00, 0x00, 0x00, 0x00, 0x00, 0x00, 
    0x00, 0x00, 0x00, 0x00, 0x00, 0x00, 0x00, 0x00, 0x00, 0x00, 0x00, 0x00, 0x00, 0x00, 0x00, 0x00, 
    0x00, 0x00, 0x00, 0xFC, 0x00, 0x00, 0x00, 0x00, 0x00, 0x00, 0x03, 0xFF, 0x80, 0x00, 0x00, 0x00, 
    0x00, 0x00, 0x0F, 0xFF, 0xC0, 0x00, 0x00, 0x00, 0x00, 0x00, 0x1E, 0x00, 0xFE, 0x00, 0x00, 0x00, 
    0x00, 0x00, 0x3C, 0x00, 0x7F, 0xC0, 0x00, 0x00, 0x00, 0x00, 0x78, 0x00, 0x3F, 0xE0, 0x00, 0x00, 
    0x00, 0x00, 0x70, 0x00, 0x00, 0xF0, 0x00, 0x00, 0x00, 0x00, 0xE0, 0x00, 0x00, 0x38, 0x00, 0x00, 
    0x00, 0x00, 0xC0, 0x00, 0x00, 0x1C, 0x00, 0x00, 0x00, 0x00, 0xF0, 0x00, 0x00, 0x1E, 0x00, 0x00, 
    0x00, 0x03, 0xFC, 0x00, 0x00, 0x3F, 0xC0, 0x00, 0x00, 0x0F, 0xFC, 0x01, 0x80, 0x3F, 0xF0, 0x00, 
    0x00, 0x1E, 0x00, 0x01, 0xC0, 0x00, 0x78, 0x00, 0x00, 0x1C, 0x00, 0x01, 0xC0, 0x00, 0x38, 0x00, 
    0x00, 0x38, 0x00, 0x01, 0xC0, 0x00, 0x1C, 0x00, 0x00, 0x30, 0x00, 0x01, 0xC0, 0x00, 0x0C, 0x00, 
    0x00, 0x70, 0x00, 0x01, 0xC0, 0x00, 0x0E, 0x00, 0x00, 0x70, 0x00, 0x09, 0xC8, 0x00, 0x0E, 0x00, 
    0x00, 0x70, 0x00, 0x1D, 0xF8, 0x00, 0x0E, 0x00, 0x00, 0x70, 0x00, 0x0F, 0xF8, 0x00, 0x0E, 0x00, 
    0x00, 0x30, 0x00, 0x07, 0xF0, 0x00, 0x0C, 0x00, 0x00, 0x38, 0x00, 0x01, 0xC0, 0x00, 0x1C, 0x00, 
    0x00, 0x38, 0x00, 0x00, 0x80, 0x00, 0x1C, 0x00, 0x00, 0x1C, 0x00, 0x00, 0x00, 0x00, 0x38, 0x00, 
    0x00, 0x0F, 0x00, 0x00, 0x00, 0x00, 0xF0, 0x00, 0x00, 0x07, 0xFF, 0xFF, 0xFF, 0xFF, 0xE0, 0x00, 
    0x00, 0x01, 0xFF, 0xFF, 0xFF, 0xFF, 0x80, 0x00, 0x00, 0x00, 0x03, 0x01, 0x80, 0xC0, 0x00, 0x00, 
    0x00, 0x00, 0x03, 0x01, 0x80, 0xC0, 0x00, 0x00, 0x00, 0x00, 0x03, 0x01, 0x80, 0xC0, 0x00, 0x00, 
    0x00, 0x00, 0x03, 0x01, 0x80, 0xC0, 0x00, 0x00, 0x00, 0x00, 0x03, 0x01, 0x80, 0xC0, 0x00, 0x00, 
    0x00, 0x00, 0x03, 0x01, 0x80, 0xC0, 0x00, 0x00, 0x00, 0x00, 0x03, 0x01, 0x80, 0xC0, 0x00, 0x00, 
    0x00, 0x00, 0x03, 0x01, 0x80, 0xC0, 0x00, 0x00, 0x00, 0x00, 0x03, 0x01, 0x80, 0xC0, 0x00, 0x00, 
    0x00, 0x00, 0x03, 0x01, 0x80, 0xC0, 0x00, 0x00, 0x00, 0x0E, 0x03, 0x01, 0x80, 0xC0, 0x70, 0x00, 
    0x00, 0x3F, 0x03, 0x01, 0x80, 0xC0, 0xFC, 0x00, 0x00, 0x7F, 0x83, 0x01, 0x80, 0xC1, 0xFE, 0x00, 
    0x00, 0x71, 0xFF, 0x01, 0x80, 0xFF, 0x8E, 0x00, 0x00, 0x61, 0xFF, 0x01, 0x80, 0xFF, 0x86, 0x00, 
    0x00, 0x71, 0xFE, 0x01, 0x80, 0x7F, 0x8E, 0x00, 0x00, 0x7F, 0x80, 0x01, 0x80, 0x01, 0xFE, 0x00, 
    0x00, 0x3F, 0x00, 0x03, 0xC0, 0x00, 0xFC, 0x00, 0x00, 0x0E, 0x00, 0x07, 0xE0, 0x00, 0x70, 0x00, 
    0x00, 0x00, 0x00, 0x0E, 0x70, 0x00, 0x00, 0x00, 0x00, 0x00, 0x00, 0x0C, 0x30, 0x00, 0x00, 0x00, 
    0x00, 0x00, 0x00, 0x0C, 0x30, 0x00, 0x00, 0x00, 0x00, 0x00, 0x00, 0x0E, 0x70, 0x00, 0x00, 0x00, 
    0x00, 0x00, 0x00, 0x07, 0xE0, 0x00, 0x00, 0x00, 0x00, 0x00, 0x00, 0x07, 0xE0, 0x00, 0x00, 0x00, 
    0x00, 0x00, 0x00, 0x00, 0x00, 0x00, 0x00, 0x00, 0x00, 0x00, 0x00, 0x00, 0x00, 0x00, 0x00, 0x00, 
    0x00, 0x00, 0x00, 0x00, 0x00, 0x00, 0x00, 0x00, 0x00, 0x00, 0x00, 0x00, 0x00, 0x00, 0x00, 0x00, 
    0x00, 0x00, 0x00, 0x00, 0x00, 0x00, 0x00, 0x00, 0x00, 0x00, 0x00, 0x00, 0x00, 0x00, 0x00, 0x00, 
      },
  {
    0x00, 0x00, 0x00, 0x00, 0x00, 0x00, 0x00, 0x00, 0x00, 0x00, 0x00, 0x00, 0x00, 0x00, 0x00, 0x00, 
    0x00, 0x00, 0x00, 0x00, 0x00, 0x00, 0x00, 0x00, 0x00, 0x00, 0x00, 0x00, 0x00, 0x00, 0x00, 0x00, 
    0x00, 0x00, 0x00, 0x00, 0x00, 0x00, 0x00, 0x00, 0x00, 0x00, 0x00, 0x00, 0x00, 0x00, 0x00, 0x00, 
    0x00, 0x00, 0x00, 0xFC, 0x00, 0x00, 0x00, 0x00, 0x00, 0x00, 0x03, 0xFF, 0x80, 0x00, 0x00, 0x00, 
    0x00, 0x00, 0x0F, 0xFF, 0xC0, 0x00, 0x00, 0x00, 0x00, 0x00, 0x1E, 0x00, 0xFE, 0x00, 0x00, 0x00, 
    0x00, 0x00, 0x3C, 0x00, 0x7F, 0xC0, 0x00, 0x00, 0x00, 0x00, 0x78, 0x00, 0x3F, 0xE0, 0x00, 0x00, 
    0x00, 0x00, 0x70, 0x00, 0x00, 0xF0, 0x00, 0x00, 0x00, 0x00, 0xE0, 0x00, 0x00, 0x38, 0x00, 0x00, 
    0x00, 0x00, 0xC0, 0x00, 0x00, 0x1C, 0x00, 0x00, 0x00, 0x00, 0xF0, 0x00, 0x00, 0x1E, 0x00, 0x00, 
    0x00, 0x03, 0xFC, 0x00, 0x80, 0x3F, 0xC0, 0x00, 0x00, 0x0F, 0xFC, 0x01, 0xC0, 0x3F, 0xF0, 0x00, 
    0x00, 0x1E, 0x00, 0x01, 0xC0, 0x00, 0x78, 0x00, 0x00, 0x1C, 0x00, 0x01, 0xC0, 0x00, 0x38, 0x00, 
    0x00, 0x38, 0x00, 0x01, 0xC0, 0x00, 0x1C, 0x00, 0x00, 0x30, 0x00, 0x01, 0xC0, 0x00, 0x0C, 0x00, 
    0x00, 0x70, 0x00, 0x01, 0xC0, 0x00, 0x0E, 0x00, 0x00, 0x70, 0x00, 0x1D, 0xD8, 0x00, 0x0E, 0x00, 
    0x00, 0x70, 0x00, 0x1F, 0xF8, 0x00, 0x0E, 0x00, 0x00, 0x70, 0x00, 0x07, 0xF0, 0x00, 0x0E, 0x00, 
    0x00, 0x30, 0x00, 0x03, 0xE0, 0x00, 0x0C, 0x00, 0x00, 0x38, 0x00, 0x01, 0xC0, 0x00, 0x1C, 0x00, 
    0x00, 0x38, 0x00, 0x00, 0x00, 0x00, 0x1C, 0x00, 0x00, 0x1C, 0x00, 0x00, 0x00, 0x00, 0x38, 0x00, 
    0x00, 0x0F, 0x00, 0x00, 0x00, 0x00, 0xF0, 0x00, 0x00, 0x07, 0xFF, 0xFF, 0xFF, 0xFF, 0xE0, 0x00, 
    0x00, 0x01, 0xFF, 0xFF, 0xFF, 0xFF, 0x80, 0x00, 0x00, 0x00, 0x03, 0x01, 0x80, 0xC0, 0x00, 0x00, 
    0x00, 0x00, 0x03, 0x01, 0x80, 0xC0, 0x00, 0x00, 0x00, 0x00, 0x03, 0x01, 0x80, 0xC0, 0x00, 0x00, 
    0x00, 0x00, 0x03, 0x01, 0x80, 0xC0, 0x00, 0x00, 0x00, 0x00, 0x03, 0x01, 0x80, 0xC0, 0x00, 0x00, 
    0x00, 0x00, 0x03, 0x01, 0x80, 0xC0, 0x00, 0x00, 0x00, 0x00, 0x03, 0x01, 0x80, 0xC0, 0x00, 0x00, 
    0x00, 0x00, 0x03, 0x01, 0x80, 0xC0, 0x00, 0x00, 0x00, 0x00, 0x03, 0x01, 0x80, 0xC0, 0x00, 0x00, 
    0x00, 0x00, 0x03, 0x01, 0x80, 0xC0, 0x00, 0x00, 0x00, 0x1E, 0x03, 0x01, 0x80, 0xC0, 0x78, 0x00, 
    0x00, 0x3F, 0x03, 0x01, 0x80, 0xC0, 0xFC, 0x00, 0x00, 0x7F, 0x83, 0x01, 0x80, 0xC1, 0xFE, 0x00, 
    0x00, 0x71, 0xFF, 0x01, 0x80, 0xFF, 0x8E, 0x00, 0x00, 0x61, 0xFF, 0x01, 0x80, 0xFF, 0x86, 0x00, 
    0x00, 0x71, 0xFE, 0x01, 0x80, 0x7F, 0x8E, 0x00, 0x00, 0x7F, 0x80, 0x01, 0x80, 0x01, 0xFE, 0x00, 
    0x00, 0x3F, 0x00, 0x07, 0xE0, 0x00, 0xFC, 0x00, 0x00, 0x0E, 0x00, 0x0F, 0xF0, 0x00, 0x70, 0x00, 
    0x00, 0x00, 0x00, 0x0E, 0x70, 0x00, 0x00, 0x00, 0x00, 0x00, 0x00, 0x0C, 0x30, 0x00, 0x00, 0x00, 
    0x00, 0x00, 0x00, 0x0C, 0x30, 0x00, 0x00, 0x00, 0x00, 0x00, 0x00, 0x0E, 0x70, 0x00, 0x00, 0x00, 
    0x00, 0x00, 0x00, 0x0F, 0xF0, 0x00, 0x00, 0x00, 0x00, 0x00, 0x00, 0x07, 0xE0, 0x00, 0x00, 0x00, 
    0x00, 0x00, 0x00, 0x00, 0x00, 0x00, 0x00, 0x00, 0x00, 0x00, 0x00, 0x00, 0x00, 0x00, 0x00, 0x00, 
    0x00, 0x00, 0x00, 0x00, 0x00, 0x00, 0x00, 0x00, 0x00, 0x00, 0x00, 0x00, 0x00, 0x00, 0x00, 0x00, 
    0x00, 0x00, 0x00, 0x00, 0x00, 0x00, 0x00, 0x00, 0x00, 0x00, 0x00, 0x00, 0x00, 0x00, 0x00, 0x00, 
      },
  {
    0x00, 0x00, 0x00, 0x00, 0x00, 0x00, 0x00, 0x00, 0x00, 0x00, 0x00, 0x00, 0x00, 0x00, 0x00, 0x00, 
    0x00, 0x00, 0x00, 0x00, 0x00, 0x00, 0x00, 0x00, 0x00, 0x00, 0x00, 0x00, 0x00, 0x00, 0x00, 0x00, 
    0x00, 0x00, 0x00, 0x00, 0x00, 0x00, 0x00, 0x00, 0x00, 0x00, 0x00, 0x00, 0x00, 0x00, 0x00, 0x00, 
    0x00, 0x00, 0x00, 0xFC, 0x00, 0x00, 0x00, 0x00, 0x00, 0x00, 0x03, 0xFF, 0x80, 0x00, 0x00, 0x00, 
    0x00, 0x00, 0x0F, 0xFF, 0xC0, 0x00, 0x00, 0x00, 0x00, 0x00, 0x1E, 0x00, 0xFE, 0x00, 0x00, 0x00, 
    0x00, 0x00, 0x3C, 0x00, 0x7F, 0xC0, 0x00, 0x00, 0x00, 0x00, 0x78, 0x00, 0x3F, 0xE0, 0x00, 0x00, 
    0x00, 0x00, 0x70, 0x00, 0x00, 0xF0, 0x00, 0x00, 0x00, 0x00, 0xE0, 0x00, 0x00, 0x38, 0x00, 0x00, 
    0x00, 0x00, 0xC0, 0x00, 0x00, 0x1C, 0x00, 0x00, 0x00, 0x00, 0xF0, 0x00, 0x00, 0x1E, 0x00, 0x00, 
    0x00, 0x03, 0xFC, 0x01, 0x80, 0x3F, 0xC0, 0x00, 0x00, 0x0F, 0xFC, 0x01, 0xC0, 0x3F, 0xF0, 0x00, 
    0x00, 0x1E, 0x00, 0x01, 0xC0, 0x00, 0x78, 0x00, 0x00, 0x1C, 0x00, 0x01, 0xC0, 0x00, 0x38, 0x00, 
    0x00, 0x38, 0x00, 0x01, 0xC0, 0x00, 0x1C, 0x00, 0x00, 0x30, 0x00, 0x01, 0xC0, 0x00, 0x0C, 0x00, 
    0x00, 0x70, 0x00, 0x09, 0xD8, 0x00, 0x0E, 0x00, 0x00, 0x70, 0x00, 0x1F, 0xF8, 0x00, 0x0E, 0x00, 
    0x00, 0x70, 0x00, 0x0F, 0xF8, 0x00, 0x0E, 0x00, 0x00, 0x70, 0x00, 0x07, 0xE0, 0x00, 0x0E, 0x00, 
    0x00, 0x30, 0x00, 0x01, 0xC0, 0x00, 0x0C, 0x00, 0x00, 0x38, 0x00, 0x00, 0x00, 0x00, 0x1C, 0x00, 
    0x00, 0x38, 0x00, 0x00, 0x00, 0x00, 0x1C, 0x00, 0x00, 0x1C, 0x00, 0x00, 0x00, 0x00, 0x38, 0x00, 
    0x00, 0x0F, 0x00, 0x00, 0x00, 0x00, 0xF0, 0x00, 0x00, 0x07, 0xFF, 0xFF, 0xFF, 0xFF, 0xE0, 0x00, 
    0x00, 0x01, 0xFF, 0xFF, 0xFF, 0xFF, 0x80, 0x00, 0x00, 0x00, 0x03, 0x01, 0x80, 0xC0, 0x00, 0x00, 
    0x00, 0x00, 0x03, 0x01, 0x80, 0xC0, 0x00, 0x00, 0x00, 0x00, 0x03, 0x01, 0x80, 0xC0, 0x00, 0x00, 
    0x00, 0x00, 0x03, 0x01, 0x80, 0xC0, 0x00, 0x00, 0x00, 0x00, 0x03, 0x01, 0x80, 0xC0, 0x00, 0x00, 
    0x00, 0x00, 0x03, 0x01, 0x80, 0xC0, 0x00, 0x00, 0x00, 0x00, 0x03, 0x01, 0x80, 0xC0, 0x00, 0x00, 
    0x00, 0x00, 0x03, 0x01, 0x80, 0xC0, 0x00, 0x00, 0x00, 0x00, 0x03, 0x01, 0x80, 0xC0, 0x00, 0x00, 
    0x00, 0x00, 0x03, 0x01, 0x80, 0xC0, 0x00, 0x00, 0x00, 0x1E, 0x03, 0x01, 0x80, 0xC0, 0x78, 0x00, 
    0x00, 0x3F, 0x83, 0x01, 0x80, 0xC1, 0xFC, 0x00, 0x00, 0x7F, 0x83, 0x01, 0x80, 0xC1, 0xFE, 0x00, 
    0x00, 0x71, 0xFF, 0x01, 0x80, 0xFF, 0x8E, 0x00, 0x00, 0x61, 0xFF, 0x01, 0x80, 0xFF, 0x86, 0x00, 
    0x00, 0x71, 0xFE, 0x01, 0x80, 0x7F, 0x8E, 0x00, 0x00, 0x7F, 0x80, 0x01, 0x80, 0x01, 0xFE, 0x00, 
    0x00, 0x3F, 0x00, 0x07, 0xE0, 0x00, 0xFC, 0x00, 0x00, 0x1E, 0x00, 0x0F, 0xF0, 0x00, 0x78, 0x00, 
    0x00, 0x00, 0x00, 0x0E, 0x70, 0x00, 0x00, 0x00, 0x00, 0x00, 0x00, 0x0C, 0x30, 0x00, 0x00, 0x00, 
    0x00, 0x00, 0x00, 0x0C, 0x30, 0x00, 0x00, 0x00, 0x00, 0x00, 0x00, 0x0E, 0x70, 0x00, 0x00, 0x00, 
    0x00, 0x00, 0x00, 0x0F, 0xF0, 0x00, 0x00, 0x00, 0x00, 0x00, 0x00, 0x07, 0xE0, 0x00, 0x00, 0x00, 
    0x00, 0x00, 0x00, 0x00, 0x00, 0x00, 0x00, 0x00, 0x00, 0x00, 0x00, 0x00, 0x00, 0x00, 0x00, 0x00, 
    0x00, 0x00, 0x00, 0x00, 0x00, 0x00, 0x00, 0x00, 0x00, 0x00, 0x00, 0x00, 0x00, 0x00, 0x00, 0x00, 
    0x00, 0x00, 0x00, 0x00, 0x00, 0x00, 0x00, 0x00, 0x00, 0x00, 0x00, 0x00, 0x00, 0x00, 0x00, 0x00, 
      },
  {
    0x00, 0x00, 0x00, 0x00, 0x00, 0x00, 0x00, 0x00, 0x00, 0x00, 0x00, 0x00, 0x00, 0x00, 0x00, 0x00, 
    0x00, 0x00, 0x00, 0x00, 0x00, 0x00, 0x00, 0x00, 0x00, 0x00, 0x00, 0x00, 0x00, 0x00, 0x00, 0x00, 
    0x00, 0x00, 0x00, 0x00, 0x00, 0x00, 0x00, 0x00, 0x00, 0x00, 0x00, 0x00, 0x00, 0x00, 0x00, 0x00, 
    0x00, 0x00, 0x00, 0xFC, 0x00, 0x00, 0x00, 0x00, 0x00, 0x00, 0x03, 0xFF, 0x80, 0x00, 0x00, 0x00, 
    0x00, 0x00, 0x0F, 0xFF, 0xC0, 0x00, 0x00, 0x00, 0x00, 0x00, 0x1E, 0x00, 0xFE, 0x00, 0x00, 0x00, 
    0x00, 0x00, 0x3C, 0x00, 0x7F, 0xC0, 0x00, 0x00, 0x00, 0x00, 0x78, 0x00, 0x3F, 0xE0, 0x00, 0x00, 
    0x00, 0x00, 0x70, 0x00, 0x00, 0xF0, 0x00, 0x00, 0x00, 0x00, 0xE0, 0x00, 0x00, 0x38, 0x00, 0x00, 
    0x00, 0x00, 0xC0, 0x00, 0x00, 0x1C, 0x00, 0x00, 0x00, 0x00, 0xF0, 0x00, 0x80, 0x1E, 0x00, 0x00, 
    0x00, 0x03, 0xFC, 0x01, 0xC0, 0x3F, 0xC0, 0x00, 0x00, 0x0F, 0xFC, 0x01, 0xC0, 0x3F, 0xF0, 0x00, 
    0x00, 0x1E, 0x00, 0x01, 0xC0, 0x00, 0x78, 0x00, 0x00, 0x1C, 0x00, 0x01, 0xC0, 0x00, 0x38, 0x00, 
    0x00, 0x38, 0x00, 0x01, 0xC0, 0x00, 0x1C, 0x00, 0x00, 0x30, 0x00, 0x01, 0xC0, 0x00, 0x0C, 0x00, 
    0x00, 0x70, 0x00, 0x1D, 0xD8, 0x00, 0x0E, 0x00, 0x00, 0x70, 0x00, 0x0F, 0xF8, 0x00, 0x0E, 0x00, 
    0x00, 0x70, 0x00, 0x07, 0xF0, 0x00, 0x0E, 0x00, 0x00, 0x70, 0x00, 0x03, 0xE0, 0x00, 0x0E, 0x00, 
    0x00, 0x30, 0x00, 0x00, 0x80, 0x00, 0x0C, 0x00, 0x00, 0x38, 0x00, 0x00, 0x00, 0x00, 0x1C, 0x00, 
    0x00, 0x38, 0x00, 0x00, 0x00, 0x00, 0x1C, 0x00, 0x00, 0x1C, 0x00, 0x00, 0x00, 0x00, 0x38, 0x00, 
    0x00, 0x0F, 0x00, 0x00, 0x00, 0x00, 0xF0, 0x00, 0x00, 0x07, 0xFF, 0xFF, 0xFF, 0xFF, 0xE0, 0x00, 
    0x00, 0x01, 0xFF, 0xFF, 0xFF, 0xFF, 0x80, 0x00, 0x00, 0x00, 0x03, 0x01, 0x80, 0xC0, 0x00, 0x00, 
    0x00, 0x00, 0x03, 0x01, 0x80, 0xC0, 0x00, 0x00, 0x00, 0x00, 0x03, 0x01, 0x80, 0xC0, 0x00, 0x00, 
    0x00, 0x00, 0x03, 0x01, 0x80, 0xC0, 0x00, 0x00, 0x00, 0x00, 0x03, 0x01, 0x80, 0xC0, 0x00, 0x00, 
    0x00, 0x00, 0x03, 0x01, 0x80, 0xC0, 0x00, 0x00, 0x00, 0x00, 0x03, 0x01, 0x80, 0xC0, 0x00, 0x00, 
    0x00, 0x00, 0x03, 0x01, 0x80, 0xC0, 0x00, 0x00, 0x00, 0x00, 0x03, 0x01, 0x80, 0xC0, 0x00, 0x00, 
    0x00, 0x00, 0x03, 0x01, 0x80, 0xC0, 0x00, 0x00, 0x00, 0x1F, 0x03, 0x01, 0x80, 0xC0, 0xF8, 0x00, 
    0x00, 0x3F, 0x83, 0x01, 0x80, 0xC1, 0xFC, 0x00, 0x00, 0x7B, 0x83, 0x01, 0x80, 0xC1, 0xDE, 0x00, 
    0x00, 0x61, 0xFF, 0x01, 0x80, 0xFF, 0x86, 0x00, 0x00, 0x61, 0xFF, 0x01, 0x80, 0xFF, 0x86, 0x00, 
    0x00, 0x71, 0xFE, 0x01, 0x80, 0x7F, 0x8E, 0x00, 0x00, 0x7F, 0x80, 0x01, 0x80, 0x01, 0xFE, 0x00, 
    0x00, 0x3F, 0x80, 0x07, 0xE0, 0x01, 0xFC, 0x00, 0x00, 0x1E, 0x00, 0x0F, 0xF0, 0x00, 0x78, 0x00, 
    0x00, 0x00, 0x00, 0x0E, 0x70, 0x00, 0x00, 0x00, 0x00, 0x00, 0x00, 0x1C, 0x38, 0x00, 0x00, 0x00, 
    0x00, 0x00, 0x00, 0x1C, 0x38, 0x00, 0x00, 0x00, 0x00, 0x00, 0x00, 0x0E, 0x70, 0x00, 0x00, 0x00, 
    0x00, 0x00, 0x00, 0x0F, 0xF0, 0x00, 0x00, 0x00, 0x00, 0x00, 0x00, 0x07, 0xE0, 0x00, 0x00, 0x00, 
    0x00, 0x00, 0x00, 0x01, 0x80, 0x00, 0x00, 0x00, 0x00, 0x00, 0x00, 0x00, 0x00, 0x00, 0x00, 0x00, 
    0x00, 0x00, 0x00, 0x00, 0x00, 0x00, 0x00, 0x00, 0x00, 0x00, 0x00, 0x00, 0x00, 0x00, 0x00, 0x00, 
    0x00, 0x00, 0x00, 0x00, 0x00, 0x00, 0x00, 0x00, 0x00, 0x00, 0x00, 0x00, 0x00, 0x00, 0x00, 0x00, 
      },
  {
    0x00, 0x00, 0x00, 0x00, 0x00, 0x00, 0x00, 0x00, 0x00, 0x00, 0x00, 0x00, 0x00, 0x00, 0x00, 0x00, 
    0x00, 0x00, 0x00, 0x00, 0x00, 0x00, 0x00, 0x00, 0x00, 0x00, 0x00, 0x00, 0x00, 0x00, 0x00, 0x00, 
    0x00, 0x00, 0x00, 0x00, 0x00, 0x00, 0x00, 0x00, 0x00, 0x00, 0x00, 0x00, 0x00, 0x00, 0x00, 0x00, 
    0x00, 0x00, 0x00, 0xFC, 0x00, 0x00, 0x00, 0x00, 0x00, 0x00, 0x03, 0xFF, 0x80, 0x00, 0x00, 0x00, 
    0x00, 0x00, 0x0F, 0xFF, 0xC0, 0x00, 0x00, 0x00, 0x00, 0x00, 0x1E, 0x00, 0xFE, 0x00, 0x00, 0x00, 
    0x00, 0x00, 0x3C, 0x00, 0x7F, 0xC0, 0x00, 0x00, 0x00, 0x00, 0x78, 0x00, 0x3F, 0xE0, 0x00, 0x00, 
    0x00, 0x00, 0x70, 0x00, 0x00, 0xF0, 0x00, 0x00, 0x00, 0x00, 0xE0, 0x00, 0x00, 0x38, 0x00, 0x00, 
    0x00, 0x00, 0xC0, 0x00, 0x80, 0x1C, 0x00, 0x00, 0x00, 0x00, 0xF0, 0x01, 0xC0, 0x1E, 0x00, 0x00, 
    0x00, 0x03, 0xFC, 0x01, 0xC0, 0x3F, 0xC0, 0x00, 0x00, 0x0F, 0xFC, 0x01, 0xC0, 0x3F, 0xF0, 0x00, 
    0x00, 0x1E, 0x00, 0x01, 0xC0, 0x00, 0x78, 0x00, 0x00, 0x1C, 0x00, 0x01, 0xC0, 0x00, 0x38, 0x00, 
    0x00, 0x38, 0x00, 0x01, 0xC0, 0x00, 0x1C, 0x00, 0x00, 0x30, 0x00, 0x1D, 0xD8, 0x00, 0x0C, 0x00, 
    0x00, 0x70, 0x00, 0x1F, 0xF8, 0x00, 0x0E, 0x00, 0x00, 0x70, 0x00, 0x07, 0xF0, 0x00, 0x0E, 0x00, 
    0x00, 0x70, 0x00, 0x03, 0xE0, 0x00, 0x0E, 0x00, 0x00, 0x70, 0x00, 0x01, 0xC0, 0x00, 0x0E, 0x00, 
    0x00, 0x30, 0x00, 0x00, 0x00, 0x00, 0x0C, 0x00, 0x00, 0x38, 0x00, 0x00, 0x00, 0x00, 0x1C, 0x00, 
    0x00, 0x38, 0x00, 0x00, 0x00, 0x00, 0x1C, 0x00, 0x00, 0x1C, 0x00, 0x00, 0x00, 0x00, 0x38, 0x00, 
    0x00, 0x0F, 0x00, 0x00, 0x00, 0x00, 0xF0, 0x00, 0x00, 0x07, 0xFF, 0xFF, 0xFF, 0xFF, 0xE0, 0x00, 
    0x00, 0x01, 0xFF, 0xFF, 0xFF, 0xFF, 0x80, 0x00, 0x00, 0x00, 0x03, 0x01, 0x80, 0xC0, 0x00, 0x00, 
    0x00, 0x00, 0x03, 0x01, 0x80, 0xC0, 0x00, 0x00, 0x00, 0x00, 0x03, 0x01, 0x80, 0xC0, 0x00, 0x00, 
    0x00, 0x00, 0x03, 0x01, 0x80, 0xC0, 0x00, 0x00, 0x00, 0x00, 0x03, 0x01, 0x80, 0xC0, 0x00, 0x00, 
    0x00, 0x00, 0x03, 0x01, 0x80, 0xC0, 0x00, 0x00, 0x00, 0x00, 0x03, 0x01, 0x80, 0xC0, 0x00, 0x00, 
    0x00, 0x00, 0x03, 0x01, 0x80, 0xC0, 0x00, 0x00, 0x00, 0x00, 0x03, 0x01, 0x80, 0xC0, 0x00, 0x00, 
    0x00, 0x00, 0x03, 0x01, 0x80, 0xC0, 0x00, 0x00, 0x00, 0x1F, 0x03, 0x01, 0x80, 0xC0, 0xF8, 0x00, 
    0x00, 0x3F, 0x83, 0x01, 0x80, 0xC1, 0xFC, 0x00, 0x00, 0x7B, 0x83, 0x01, 0x80, 0xC1, 0xDE, 0x00, 
    0x00, 0x61, 0xFF, 0x01, 0x80, 0xFF, 0x86, 0x00, 0x00, 0x61, 0xFF, 0x01, 0x80, 0xFF, 0x86, 0x00, 
    0x00, 0x61, 0xFE, 0x01, 0x80, 0x7F, 0x86, 0x00, 0x00, 0x7F, 0x80, 0x01, 0x80, 0x01, 0xFE, 0x00, 
    0x00, 0x3F, 0x80, 0x07, 0xE0, 0x01, 0xFC, 0x00, 0x00, 0x1F, 0x00, 0x0F, 0xF0, 0x00, 0xF8, 0x00, 
    0x00, 0x00, 0x00, 0x0E, 0x70, 0x00, 0x00, 0x00, 0x00, 0x00, 0x00, 0x1C, 0x38, 0x00, 0x00, 0x00, 
    0x00, 0x00, 0x00, 0x1C, 0x38, 0x00, 0x00, 0x00, 0x00, 0x00, 0x00, 0x0E, 0x70, 0x00, 0x00, 0x00, 
    0x00, 0x00, 0x00, 0x0F, 0xF0, 0x00, 0x00, 0x00, 0x00, 0x00, 0x00, 0x07, 0xE0, 0x00, 0x00, 0x00, 
    0x00, 0x00, 0x00, 0x01, 0x80, 0x00, 0x00, 0x00, 0x00, 0x00, 0x00, 0x00, 0x00, 0x00, 0x00, 0x00, 
    0x00, 0x00, 0x00, 0x00, 0x00, 0x00, 0x00, 0x00, 0x00, 0x00, 0x00, 0x00, 0x00, 0x00, 0x00, 0x00, 
    0x00, 0x00, 0x00, 0x00, 0x00, 0x00, 0x00, 0x00, 0x00, 0x00, 0x00, 0x00, 0x00, 0x00, 0x00, 0x00, 
      },
  {
    0x00, 0x00, 0x00, 0x00, 0x00, 0x00, 0x00, 0x00, 0x00, 0x00, 0x00, 0x00, 0x00, 0x00, 0x00, 0x00, 
    0x00, 0x00, 0x00, 0x00, 0x00, 0x00, 0x00, 0x00, 0x00, 0x00, 0x00, 0x00, 0x00, 0x00, 0x00, 0x00, 
    0x00, 0x00, 0x00, 0x00, 0x00, 0x00, 0x00, 0x00, 0x00, 0x00, 0x00, 0x00, 0x00, 0x00, 0x00, 0x00, 
    0x00, 0x00, 0x00, 0xFC, 0x00, 0x00, 0x00, 0x00, 0x00, 0x00, 0x03, 0xFF, 0x80, 0x00, 0x00, 0x00, 
    0x00, 0x00, 0x0F, 0xFF, 0xC0, 0x00, 0x00, 0x00, 0x00, 0x00, 0x1E, 0x00, 0xFE, 0x00, 0x00, 0x00, 
    0x00, 0x00, 0x3C, 0x00, 0x7F, 0xC0, 0x00, 0x00, 0x00, 0x00, 0x78, 0x00, 0x3F, 0xE0, 0x00, 0x00, 
    0x00, 0x00, 0x70, 0x00, 0x00, 0xF0, 0x00, 0x00, 0x00, 0x00, 0xE0, 0x00, 0x00, 0x38, 0x00, 0x00, 
    0x00, 0x00, 0xC0, 0x01, 0x80, 0x1C, 0x00, 0x00, 0x00, 0x00, 0xF0, 0x01, 0xC0, 0x1E, 0x00, 0x00, 
    0x00, 0x03, 0xFC, 0x01, 0xC0, 0x3F, 0xC0, 0x00, 0x00, 0x0F, 0xFC, 0x01, 0xC0, 0x3F, 0xF0, 0x00, 
    0x00, 0x1E, 0x00, 0x01, 0xC0, 0x00, 0x78, 0x00, 0x00, 0x1C, 0x00, 0x01, 0xC0, 0x00, 0x38, 0x00, 
    0x00, 0x38, 0x00, 0x09, 0xC8, 0x00, 0x1C, 0x00, 0x00, 0x30, 0x00, 0x1F, 0xFC, 0x00, 0x0C, 0x00, 
    0x00, 0x70, 0x00, 0x0F, 0xF8, 0x00, 0x0E, 0x00, 0x00, 0x70, 0x00, 0x07, 0xF0, 0x00, 0x0E, 0x00, 
    0x00, 0x70, 0x00, 0x01, 0xC0, 0x00, 0x0E, 0x00, 0x00, 0x70, 0x00, 0x00, 0x80, 0x00, 0x0E, 0x00, 
    0x00, 0x30, 0x00, 0x00, 0x00, 0x00, 0x0C, 0x00, 0x00, 0x38, 0x00, 0x00, 0x00, 0x00, 0x1C, 0x00, 
    0x00, 0x38, 0x00, 0x00, 0x00, 0x00, 0x1C, 0x00, 0x00, 0x1C, 0x00, 0x00, 0x00, 0x00, 0x38, 0x00, 
    0x00, 0x0F, 0x00, 0x00, 0x00, 0x00, 0xF0, 0x00, 0x00, 0x07, 0xFF, 0xFF, 0xFF, 0xFF, 0xE0, 0x00, 
    0x00, 0x01, 0xFF, 0xFF, 0xFF, 0xFF, 0x80, 0x00, 0x00, 0x00, 0x03, 0x01, 0x80, 0xC0, 0x00, 0x00, 
    0x00, 0x00, 0x03, 0x01, 0x80, 0xC0, 0x00, 0x00, 0x00, 0x00, 0x03, 0x01, 0x80, 0xC0, 0x00, 0x00, 
    0x00, 0x00, 0x03, 0x01, 0x80, 0xC0, 0x00, 0x00, 0x00, 0x00, 0x03, 0x01, 0x80, 0xC0, 0x00, 0x00, 
    0x00, 0x00, 0x03, 0x01, 0x80, 0xC0, 0x00, 0x00, 0x00, 0x00, 0x03, 0x01, 0x80, 0xC0, 0x00, 0x00, 
    0x00, 0x00, 0x03, 0x01, 0x80, 0xC0, 0x00, 0x00, 0x00, 0x00, 0x03, 0x01, 0x80, 0xC0, 0x00, 0x00, 
    0x00, 0x00, 0x03, 0x01, 0x80, 0xC0, 0x00, 0x00, 0x00, 0x1F, 0x03, 0x01, 0x80, 0xC0, 0xF8, 0x00, 
    0x00, 0x3F, 0x83, 0x01, 0x80, 0xC1, 0xFC, 0x00, 0x00, 0x7B, 0xC3, 0x01, 0x80, 0xC3, 0xDE, 0x00, 
    0x00, 0x61, 0xFF, 0x01, 0x80, 0xFF, 0x86, 0x00, 0x00, 0xE1, 0xFF, 0x01, 0x80, 0xFF, 0x87, 0x00, 
    0x00, 0x61, 0xFE, 0x01, 0x80, 0x7F, 0x86, 0x00, 0x00, 0x7B, 0xC0, 0x03, 0xC0, 0x03, 0xDE, 0x00, 
    0x00, 0x3F, 0x80, 0x07, 0xE0, 0x01, 0xFC, 0x00, 0x00, 0x1F, 0x00, 0x0F, 0xF0, 0x00, 0xF8, 0x00, 
    0x00, 0x00, 0x00, 0x1E, 0x78, 0x00, 0x00, 0x00, 0x00, 0x00, 0x00, 0x1C, 0x38, 0x00, 0x00, 0x00, 
    0x00, 0x00, 0x00, 0x1C, 0x38, 0x00, 0x00, 0x00, 0x00, 0x00, 0x00, 0x1E, 0x78, 0x00, 0x00, 0x00, 
    0x00, 0x00, 0x00, 0x0F, 0xF0, 0x00, 0x00, 0x00, 0x00, 0x00, 0x00, 0x07, 0xE0, 0x00, 0x00, 0x00, 
    0x00, 0x00, 0x00, 0x03, 0xC0, 0x00, 0x00, 0x00, 0x00, 0x00, 0x00, 0x00, 0x00, 0x00, 0x00, 0x00, 
    0x00, 0x00, 0x00, 0x00, 0x00, 0x00, 0x00, 0x00, 0x00, 0x00, 0x00, 0x00, 0x00, 0x00, 0x00, 0x00, 
    0x00, 0x00, 0x00, 0x00, 0x00, 0x00, 0x00, 0x00, 0x00, 0x00, 0x00, 0x00, 0x00, 0x00, 0x00, 0x00, 
      },
  {
    0x00, 0x00, 0x00, 0x00, 0x00, 0x00, 0x00, 0x00, 0x00, 0x00, 0x00, 0x00, 0x00, 0x00, 0x00, 0x00, 
    0x00, 0x00, 0x00, 0x00, 0x00, 0x00, 0x00, 0x00, 0x00, 0x00, 0x00, 0x00, 0x00, 0x00, 0x00, 0x00, 
    0x00, 0x00, 0x00, 0x00, 0x00, 0x00, 0x00, 0x00, 0x00, 0x00, 0x00, 0x00, 0x00, 0x00, 0x00, 0x00, 
    0x00, 0x00, 0x00, 0xFC, 0x00, 0x00, 0x00, 0x00, 0x00, 0x00, 0x03, 0xFF, 0x80, 0x00, 0x00, 0x00, 
    0x00, 0x00, 0x0F, 0xFF, 0xC0, 0x00, 0x00, 0x00, 0x00, 0x00, 0x1E, 0x00, 0xFE, 0x00, 0x00, 0x00, 
    0x00, 0x00, 0x3C, 0x00, 0x7F, 0xC0, 0x00, 0x00, 0x00, 0x00, 0x78, 0x00, 0x3F, 0xE0, 0x00, 0x00, 
    0x00, 0x00, 0x70, 0x00, 0x00, 0xF0, 0x00, 0x00, 0x00, 0x00, 0xE0, 0x00, 0x80, 0x38, 0x00, 0x00, 
    0x00, 0x00, 0xC0, 0x01, 0xC0, 0x1C, 0x00, 0x00, 0x00, 0x00, 0xF0, 0x01, 0xC0, 0x1E, 0x00, 0x00, 
    0x00, 0x03, 0xFC, 0x01, 0xC0, 0x3F, 0xC0, 0x00, 0x00, 0x0F, 0xFC, 0x01, 0xC0, 0x3F, 0xF0, 0x00, 
    0x00, 0x1E, 0x00, 0x01, 0xC0, 0x00, 0x78, 0x00, 0x00, 0x1C, 0x00, 0x01, 0xC0, 0x00, 0x38, 0x00, 
    0x00, 0x38, 0x00, 0x1D, 0xD8, 0x00, 0x1C, 0x00, 0x00, 0x30, 0x00, 0x1F, 0xF8, 0x00, 0x0C, 0x00, 
    0x00, 0x70, 0x00, 0x07, 0xF0, 0x00, 0x0E, 0x00, 0x00, 0x70, 0x00, 0x03, 0xE0, 0x00, 0x0E, 0x00, 
    0x00, 0x70, 0x00, 0x01, 0xC0, 0x00, 0x0E, 0x00, 0x00, 0x70, 0x00, 0x00, 0x00, 0x00, 0x0E, 0x00, 
    0x00, 0x30, 0x00, 0x00, 0x00, 0x00, 0x0C, 0x00, 0x00, 0x38, 0x00, 0x00, 0x00, 0x00, 0x1C, 0x00, 
    0x00, 0x38, 0x00, 0x00, 0x00, 0x00, 0x1C, 0x00, 0x00, 0x1C, 0x00, 0x00, 0x00, 0x00, 0x38, 0x00, 
    0x00, 0x0F, 0x00, 0x00, 0x00, 0x00, 0xF0, 0x00, 0x00, 0x07, 0xFF, 0xFF, 0xFF, 0xFF, 0xE0, 0x00, 
    0x00, 0x01, 0xFF, 0xFF, 0xFF, 0xFF, 0x80, 0x00, 0x00, 0x00, 0x03, 0x01, 0x80, 0xC0, 0x00, 0x00, 
    0x00, 0x00, 0x03, 0x01, 0x80, 0xC0, 0x00, 0x00, 0x00, 0x00, 0x03, 0x01, 0x80, 0xC0, 0x00, 0x00, 
    0x00, 0x00, 0x03, 0x01, 0x80, 0xC0, 0x00, 0x00, 0x00, 0x00, 0x03, 0x01, 0x80, 0xC0, 0x00, 0x00, 
    0x00, 0x00, 0x03, 0x01, 0x80, 0xC0, 0x00, 0x00, 0x00, 0x00, 0x03, 0x01, 0x80, 0xC0, 0x00, 0x00, 
    0x00, 0x00, 0x03, 0x01, 0x80, 0xC0, 0x00, 0x00, 0x00, 0x00, 0x03, 0x01, 0x80, 0xC0, 0x00, 0x00, 
    0x00, 0x00, 0x03, 0x01, 0x80, 0xC0, 0x00, 0x00, 0x00, 0x1F, 0x03, 0x01, 0x80, 0xC0, 0xF8, 0x00, 
    0x00, 0x7F, 0x83, 0x01, 0x80, 0xC1, 0xFC, 0x00, 0x00, 0x73, 0xC3, 0x01, 0x80, 0xC3, 0xCE, 0x00, 
    0x00, 0x61, 0xFF, 0x01, 0x80, 0xFF, 0x86, 0x00, 0x00, 0xE1, 0xFF, 0x01, 0x80, 0xFF, 0x87, 0x00, 
    0x00, 0x61, 0xFE, 0x01, 0x80, 0x7F, 0x86, 0x00, 0x00, 0x7B, 0xC0, 0x03, 0xC0, 0x03, 0xDE, 0x00, 
    0x00, 0x3F, 0x80, 0x07, 0xE0, 0x01, 0xFC, 0x00, 0x00, 0x1F, 0x00, 0x0F, 0xF0, 0x00, 0xF8, 0x00, 
    0x00, 0x00, 0x00, 0x1E, 0x78, 0x00, 0x00, 0x00, 0x00, 0x00, 0x00, 0x1C, 0x38, 0x00, 0x00, 0x00, 
    0x00, 0x00, 0x00, 0x1C, 0x38, 0x00, 0x00, 0x00, 0x00, 0x00, 0x00, 0x1C, 0x38, 0x00, 0x00, 0x00, 
    0x00, 0x00, 0x00, 0x0F, 0xF0, 0x00, 0x00, 0x00, 0x00, 0x00, 0x00, 0x07, 0xE0, 0x00, 0x00, 0x00, 
    0x00, 0x00, 0x00, 0x03, 0xC0, 0x00, 0x00, 0x00, 0x00, 0x00, 0x00, 0x00, 0x00, 0x00, 0x00, 0x00, 
    0x00, 0x00, 0x00, 0x00, 0x00, 0x00, 0x00, 0x00, 0x00, 0x00, 0x00, 0x00, 0x00, 0x00, 0x00, 0x00, 
    0x00, 0x00, 0x00, 0x00, 0x00, 0x00, 0x00, 0x00, 0x00, 0x00, 0x00, 0x00, 0x00, 0x00, 0x00, 0x00, 
      },
  {
    0x00, 0x00, 0x00, 0x00, 0x00, 0x00, 0x00, 0x00, 0x00, 0x00, 0x00, 0x00, 0x00, 0x00, 0x00, 0x00, 
    0x00, 0x00, 0x00, 0x00, 0x00, 0x00, 0x00, 0x00, 0x00, 0x00, 0x00, 0x00, 0x00, 0x00, 0x00, 0x00, 
    0x00, 0x00, 0x00, 0x00, 0x00, 0x00, 0x00, 0x00, 0x00, 0x00, 0x00, 0x00, 0x00, 0x00, 0x00, 0x00, 
    0x00, 0x00, 0x00, 0xFC, 0x00, 0x00, 0x00, 0x00, 0x00, 0x00, 0x03, 0xFF, 0x80, 0x00, 0x00, 0x00, 
    0x00, 0x00, 0x0F, 0xFF, 0xC0, 0x00, 0x00, 0x00, 0x00, 0x00, 0x1E, 0x00, 0xFE, 0x00, 0x00, 0x00, 
    0x00, 0x00, 0x3C, 0x00, 0x7F, 0xC0, 0x00, 0x00, 0x00, 0x00, 0x78, 0x00, 0x3F, 0xE0, 0x00, 0x00, 
    0x00, 0x00, 0x70, 0x00, 0x00, 0xF0, 0x00, 0x00, 0x00, 0x00, 0xE0, 0x00, 0x80, 0x38, 0x00, 0x00, 
    0x00, 0x00, 0xC0, 0x01, 0xC0, 0x1C, 0x00, 0x00, 0x00, 0x00, 0xF0, 0x01, 0xC0, 0x1E, 0x00, 0x00, 
    0x00, 0x03, 0xFC, 0x01, 0xC0, 0x3F, 0xC0, 0x00, 0x00, 0x0F, 0xFC, 0x01, 0xC0, 0x3F, 0xF0, 0x00, 
    0x00, 0x1E, 0x00, 0x01, 0xC0, 0x00, 0x78, 0x00, 0x00, 0x1C, 0x00, 0x01, 0xC0, 0x00, 0x38, 0x00, 
    0x00, 0x38, 0x00, 0x1D, 0xD8, 0x00, 0x1C, 0x00, 0x00, 0x30, 0x00, 0x0F, 0xF8, 0x00, 0x0C, 0x00, 
    0x00, 0x70, 0x00, 0x07, 0xF0, 0x00, 0x0E, 0x00, 0x00, 0x70, 0x00, 0x03, 0xE0, 0x00, 0x0E, 0x00, 
    0x00, 0x70, 0x00, 0x01, 0xC0, 0x00, 0x0E, 0x00, 0x00, 0x70, 0x00, 0x00, 0x00, 0x00, 0x0E, 0x00, 
    0x00, 0x30, 0x00, 0x00, 0x00, 0x00, 0x0C, 0x00, 0x00, 0x38, 0x00, 0x00, 0x00, 0x00, 0x1C, 0x00, 
    0x00, 0x38, 0x00, 0x00, 0x00, 0x00, 0x1C, 0x00, 0x00, 0x1C, 0x00, 0x00, 0x00, 0x00, 0x38, 0x00, 
    0x00, 0x0F, 0x00, 0x00, 0x00, 0x00, 0xF0, 0x00, 0x00, 0x07, 0xFF, 0xFF, 0xFF, 0xFF, 0xE0, 0x00, 
    0x00, 0x01, 0xFF, 0xFF, 0xFF, 0xFF, 0x80, 0x00, 0x00, 0x00, 0x03, 0x01, 0x80, 0xC0, 0x00, 0x00, 
    0x00, 0x00, 0x03, 0x01, 0x80, 0xC0, 0x00, 0x00, 0x00, 0x00, 0x03, 0x01, 0x80, 0xC0, 0x00, 0x00, 
    0x00, 0x00, 0x03, 0x01, 0x80, 0xC0, 0x00, 0x00, 0x00, 0x00, 0x03, 0x01, 0x80, 0xC0, 0x00, 0x00, 
    0x00, 0x00, 0x03, 0x01, 0x80, 0xC0, 0x00, 0x00, 0x00, 0x00, 0x03, 0x01, 0x80, 0xC0, 0x00, 0x00, 
    0x00, 0x00, 0x03, 0x01, 0x80, 0xC0, 0x00, 0x00, 0x00, 0x00, 0x03, 0x01, 0x80, 0xC0, 0x00, 0x00, 
    0x00, 0x00, 0x03, 0x01, 0x80, 0xC0, 0x00, 0x00, 0x00, 0x3F, 0x03, 0x01, 0x80, 0xC0, 0xFC, 0x00, 
    0x00, 0x7F, 0x83, 0x01, 0x80, 0xC1, 0xFE, 0x00, 0x00, 0x73, 0xC3, 0x01, 0x80, 0xC3, 0xCE, 0x00, 
    0x00, 0x61, 0xFF, 0x01, 0x80, 0xFF, 0x86, 0x00, 0x00, 0xE1, 0xFF, 0x01, 0x80, 0xFF, 0x87, 0x00, 
    0x00, 0x61, 0xFE, 0x01, 0x80, 0x7F, 0x86, 0x00, 0x00, 0x7B, 0xC0, 0x03, 0xC0, 0x03, 0xDE, 0x00, 
    0x00, 0x3F, 0x80, 0x07, 0xE0, 0x01, 0xFC, 0x00, 0x00, 0x1F, 0x00, 0x0F, 0xF0, 0x00, 0xF8, 0x00, 
    0x00, 0x00, 0x00, 0x1C, 0x38, 0x00, 0x00, 0x00, 0x00, 0x00, 0x00, 0x1C, 0x38, 0x00, 0x00, 0x00, 
    0x00, 0x00, 0x00, 0x1C, 0x38, 0x00, 0x00, 0x00, 0x00, 0x00, 0x00, 0x1C, 0x38, 0x00, 0x00, 0x00, 
    0x00, 0x00, 0x00, 0x0F, 0xF0, 0x00, 0x00, 0x00, 0x00, 0x00, 0x00, 0x07, 0xE0, 0x00, 0x00, 0x00, 
    0x00, 0x00, 0x00, 0x03, 0xC0, 0x00, 0x00, 0x00, 0x00, 0x00, 0x00, 0x00, 0x00, 0x00, 0x00, 0x00, 
    0x00, 0x00, 0x00, 0x00, 0x00, 0x00, 0x00, 0x00, 0x00, 0x00, 0x00, 0x00, 0x00, 0x00, 0x00, 0x00, 
    0x00, 0x00, 0x00, 0x00, 0x00, 0x00, 0x00, 0x00, 0x00, 0x00, 0x00, 0x00, 0x00, 0x00, 0x00, 0x00, 
      },
  {
    0x00, 0x00, 0x00, 0x00, 0x00, 0x00, 0x00, 0x00, 0x00, 0x00, 0x00, 0x00, 0x00, 0x00, 0x00, 0x00, 
    0x00, 0x00, 0x00, 0x00, 0x00, 0x00, 0x00, 0x00, 0x00, 0x00, 0x00, 0x00, 0x00, 0x00, 0x00, 0x00, 
    0x00, 0x00, 0x00, 0x00, 0x00, 0x00, 0x00, 0x00, 0x00, 0x00, 0x00, 0x00, 0x00, 0x00, 0x00, 0x00, 
    0x00, 0x00, 0x00, 0xFC, 0x00, 0x00, 0x00, 0x00, 0x00, 0x00, 0x03, 0xFF, 0x80, 0x00, 0x00, 0x00, 
    0x00, 0x00, 0x0F, 0xFF, 0xC0, 0x00, 0x00, 0x00, 0x00, 0x00, 0x1E, 0x00, 0xFE, 0x00, 0x00, 0x00, 
    0x00, 0x00, 0x3C, 0x00, 0x7F, 0xC0, 0x00, 0x00, 0x00, 0x00, 0x78, 0x00, 0x3F, 0xE0, 0x00, 0x00, 
    0x00, 0x00, 0x70, 0x00, 0x00, 0xF0, 0x00, 0x00, 0x00, 0x00, 0xE0, 0x00, 0x00, 0x38, 0x00, 0x00, 
    0x00, 0x00, 0xC0, 0x01, 0xC0, 0x1C, 0x00, 0x00, 0x00, 0x00, 0xF0, 0x01, 0xC0, 0x1E, 0x00, 0x00, 
    0x00, 0x03, 0xFC, 0x01, 0xC0, 0x3F, 0xC0, 0x00, 0x00, 0x0F, 0xFC, 0x01, 0xC0, 0x3F, 0xF0, 0x00, 
    0x00, 0x1E, 0x00, 0x01, 0xC0, 0x00, 0x78, 0x00, 0x00, 0x1C, 0x00, 0x01, 0xC0, 0x00, 0x38, 0x00, 
    0x00, 0x38, 0x00, 0x1D, 0xD8, 0x00, 0x1C, 0x00, 0x00, 0x30, 0x00, 0x1F, 0xF8, 0x00, 0x0C, 0x00, 
    0x00, 0x70, 0x00, 0x0F, 0xF0, 0x00, 0x0E, 0x00, 0x00, 0x70, 0x00, 0x03, 0xE0, 0x00, 0x0E, 0x00, 
    0x00, 0x70, 0x00, 0x01, 0xC0, 0x00, 0x0E, 0x00, 0x00, 0x70, 0x00, 0x00, 0x00, 0x00, 0x0E, 0x00, 
    0x00, 0x30, 0x00, 0x00, 0x00, 0x00, 0x0C, 0x00, 0x00, 0x38, 0x00, 0x00, 0x00, 0x00, 0x1C, 0x00, 
    0x00, 0x38, 0x00, 0x00, 0x00, 0x00, 0x1C, 0x00, 0x00, 0x1C, 0x00, 0x00, 0x00, 0x00, 0x38, 0x00, 
    0x00, 0x0F, 0x00, 0x00, 0x00, 0x00, 0xF0, 0x00, 0x00, 0x07, 0xFF, 0xFF, 0xFF, 0xFF, 0xE0, 0x00, 
    0x00, 0x01, 0xFF, 0xFF, 0xFF, 0xFF, 0x80, 0x00, 0x00, 0x00, 0x03, 0x01, 0x80, 0xC0, 0x00, 0x00, 
    0x00, 0x00, 0x03, 0x01, 0x80, 0xC0, 0x00, 0x00, 0x00, 0x00, 0x03, 0x01, 0x80, 0xC0, 0x00, 0x00, 
    0x00, 0x00, 0x03, 0x01, 0x80, 0xC0, 0x00, 0x00, 0x00, 0x00, 0x03, 0x01, 0x80, 0xC0, 0x00, 0x00, 
    0x00, 0x00, 0x03, 0x01, 0x80, 0xC0, 0x00, 0x00, 0x00, 0x00, 0x03, 0x01, 0x80, 0xC0, 0x00, 0x00, 
    0x00, 0x00, 0x03, 0x01, 0x80, 0xC0, 0x00, 0x00, 0x00, 0x00, 0x03, 0x01, 0x80, 0xC0, 0x00, 0x00, 
    0x00, 0x00, 0x03, 0x01, 0x80, 0xC0, 0x00, 0x00, 0x00, 0x3F, 0x03, 0x01, 0x80, 0xC0, 0xFC, 0x00, 
    0x00, 0x7F, 0x83, 0x01, 0x80, 0xC1, 0xFE, 0x00, 0x00, 0x73, 0xC3, 0x01, 0x80, 0xC3, 0xCE, 0x00, 
    0x00, 0xE1, 0xFF, 0x01, 0x80, 0xFF, 0x87, 0x00, 0x00, 0xE1, 0xFF, 0x01, 0x80, 0xFF, 0x87, 0x00, 
    0x00, 0xE1, 0xFE, 0x01, 0x80, 0x7F, 0x87, 0x00, 0x00, 0x7B, 0xC0, 0x03, 0xC0, 0x03, 0xDE, 0x00, 
    0x00, 0x7F, 0x80, 0x07, 0xE0, 0x01, 0xFE, 0x00, 0x00, 0x1F, 0x00, 0x0F, 0xF0, 0x00, 0xF8, 0x00, 
    0x00, 0x00, 0x00, 0x1C, 0x38, 0x00, 0x00, 0x00, 0x00, 0x00, 0x00, 0x1C, 0x38, 0x00, 0x00, 0x00, 
    0x00, 0x00, 0x00, 0x1C, 0x38, 0x00, 0x00, 0x00, 0x00, 0x00, 0x00, 0x1C, 0x38, 0x00, 0x00, 0x00, 
    0x00, 0x00, 0x00, 0x0F, 0xF0, 0x00, 0x00, 0x00, 0x00, 0x00, 0x00, 0x07, 0xE0, 0x00, 0x00, 0x00, 
    0x00, 0x00, 0x00, 0x03, 0xC0, 0x00, 0x00, 0x00, 0x00, 0x00, 0x00, 0x00, 0x00, 0x00, 0x00, 0x00, 
    0x00, 0x00, 0x00, 0x00, 0x00, 0x00, 0x00, 0x00, 0x00, 0x00, 0x00, 0x00, 0x00, 0x00, 0x00, 0x00, 
    0x00, 0x00, 0x00, 0x00, 0x00, 0x00, 0x00, 0x00, 0x00, 0x00, 0x00, 0x00, 0x00, 0x00, 0x00, 0x00, 
      },
  {
    0x00, 0x00, 0x00, 0x00, 0x00, 0x00, 0x00, 0x00, 0x00, 0x00, 0x00, 0x00, 0x00, 0x00, 0x00, 0x00, 
    0x00, 0x00, 0x00, 0x00, 0x00, 0x00, 0x00, 0x00, 0x00, 0x00, 0x00, 0x00, 0x00, 0x00, 0x00, 0x00, 
    0x00, 0x00, 0x00, 0x00, 0x00, 0x00, 0x00, 0x00, 0x00, 0x00, 0x00, 0x00, 0x00, 0x00, 0x00, 0x00, 
    0x00, 0x00, 0x00, 0xFC, 0x00, 0x00, 0x00, 0x00, 0x00, 0x00, 0x03, 0xFF, 0x80, 0x00, 0x00, 0x00, 
    0x00, 0x00, 0x0F, 0xFF, 0xC0, 0x00, 0x00, 0x00, 0x00, 0x00, 0x1E, 0x00, 0xFE, 0x00, 0x00, 0x00, 
    0x00, 0x00, 0x3C, 0x00, 0x7F, 0xC0, 0x00, 0x00, 0x00, 0x00, 0x78, 0x00, 0x3F, 0xE0, 0x00, 0x00, 
    0x00, 0x00, 0x70, 0x00, 0x00, 0xF0, 0x00, 0x00, 0x00, 0x00, 0xE0, 0x00, 0x00, 0x38, 0x00, 0x00, 
    0x00, 0x00, 0xC0, 0x00, 0x80, 0x1C, 0x00, 0x00, 0x00, 0x00, 0xF0, 0x01, 0xC0, 0x1E, 0x00, 0x00, 
    0x00, 0x03, 0xFC, 0x01, 0xC0, 0x3F, 0xC0, 0x00, 0x00, 0x0F, 0xFC, 0x01, 0xC0, 0x3F, 0xF0, 0x00, 
    0x00, 0x1E, 0x00, 0x01, 0xC0, 0x00, 0x78, 0x00, 0x00, 0x1C, 0x00, 0x01, 0xC0, 0x00, 0x38, 0x00, 
    0x00, 0x38, 0x00, 0x09, 0xC8, 0x00, 0x1C, 0x00, 0x00, 0x30, 0x00, 0x1D, 0xDC, 0x00, 0x0C, 0x00, 
    0x00, 0x70, 0x00, 0x0F, 0xF8, 0x00, 0x0E, 0x00, 0x00, 0x70, 0x00, 0x07, 0xF0, 0x00, 0x0E, 0x00, 
    0x00, 0x70, 0x00, 0x03, 0xE0, 0x00, 0x0E, 0x00, 0x00, 0x70, 0x00, 0x00, 0x80, 0x00, 0x0E, 0x00, 
    0x00, 0x30, 0x00, 0x00, 0x00, 0x00, 0x0C, 0x00, 0x00, 0x38, 0x00, 0x00, 0x00, 0x00, 0x1C, 0x00, 
    0x00, 0x38, 0x00, 0x00, 0x00, 0x00, 0x1C, 0x00, 0x00, 0x1C, 0x00, 0x00, 0x00, 0x00, 0x38, 0x00, 
    0x00, 0x0F, 0x00, 0x00, 0x00, 0x00, 0xF0, 0x00, 0x00, 0x07, 0xFF, 0xFF, 0xFF, 0xFF, 0xE0, 0x00, 
    0x00, 0x01, 0xFF, 0xFF, 0xFF, 0xFF, 0x80, 0x00, 0x00, 0x00, 0x03, 0x01, 0x80, 0xC0, 0x00, 0x00, 
    0x00, 0x00, 0x03, 0x01, 0x80, 0xC0, 0x00, 0x00, 0x00, 0x00, 0x03, 0x01, 0x80, 0xC0, 0x00, 0x00, 
    0x00, 0x00, 0x03, 0x01, 0x80, 0xC0, 0x00, 0x00, 0x00, 0x00, 0x03, 0x01, 0x80, 0xC0, 0x00, 0x00, 
    0x00, 0x00, 0x03, 0x01, 0x80, 0xC0, 0x00, 0x00, 0x00, 0x00, 0x03, 0x01, 0x80, 0xC0, 0x00, 0x00, 
    0x00, 0x00, 0x03, 0x01, 0x80, 0xC0, 0x00, 0x00, 0x00, 0x00, 0x03, 0x01, 0x80, 0xC0, 0x00, 0x00, 
    0x00, 0x00, 0x03, 0x01, 0x80, 0xC0, 0x00, 0x00, 0x00, 0x1F, 0x03, 0x01, 0x80, 0xC0, 0xF8, 0x00, 
    0x00, 0x7F, 0x83, 0x01, 0x80, 0xC1, 0xFE, 0x00, 0x00, 0x73, 0xC3, 0x01, 0x80, 0xC3, 0xCE, 0x00, 
    0x00, 0x61, 0xFF, 0x01, 0x80, 0xFF, 0x86, 0x00, 0x00, 0xE1, 0xFF, 0x01, 0x80, 0xFF, 0x87, 0x00, 
    0x00, 0x61, 0xFE, 0x01, 0x80, 0x7F, 0x86, 0x00, 0x00, 0x7B, 0xC0, 0x03, 0xC0, 0x03, 0xDE, 0x00, 
    0x00, 0x3F, 0x80, 0x07, 0xE0, 0x01, 0xFC, 0x00, 0x00, 0x1F, 0x00, 0x0F, 0xF0, 0x00, 0xF8, 0x00, 
    0x00, 0x00, 0x00, 0x1C, 0x38, 0x00, 0x00, 0x00, 0x00, 0x00, 0x00, 0x1C, 0x38, 0x00, 0x00, 0x00, 
    0x00, 0x00, 0x00, 0x1C, 0x38, 0x00, 0x00, 0x00, 0x00, 0x00, 0x00, 0x1C, 0x38, 0x00, 0x00, 0x00, 
    0x00, 0x00, 0x00, 0x0F, 0xF0, 0x00, 0x00, 0x00, 0x00, 0x00, 0x00, 0x07, 0xE0, 0x00, 0x00, 0x00, 
    0x00, 0x00, 0x00, 0x03, 0xC0, 0x00, 0x00, 0x00, 0x00, 0x00, 0x00, 0x00, 0x00, 0x00, 0x00, 0x00, 
    0x00, 0x00, 0x00, 0x00, 0x00, 0x00, 0x00, 0x00, 0x00, 0x00, 0x00, 0x00, 0x00, 0x00, 0x00, 0x00, 
    0x00, 0x00, 0x00, 0x00, 0x00, 0x00, 0x00, 0x00, 0x00, 0x00, 0x00, 0x00, 0x00, 0x00, 0x00, 0x00, 
      },
  {
    0x00, 0x00, 0x00, 0x00, 0x00, 0x00, 0x00, 0x00, 0x00, 0x00, 0x00, 0x00, 0x00, 0x00, 0x00, 0x00, 
    0x00, 0x00, 0x00, 0x00, 0x00, 0x00, 0x00, 0x00, 0x00, 0x00, 0x00, 0x00, 0x00, 0x00, 0x00, 0x00, 
    0x00, 0x00, 0x00, 0x00, 0x00, 0x00, 0x00, 0x00, 0x00, 0x00, 0x00, 0x00, 0x00, 0x00, 0x00, 0x00, 
    0x00, 0x00, 0x00, 0xFC, 0x00, 0x00, 0x00, 0x00, 0x00, 0x00, 0x03, 0xFF, 0x80, 0x00, 0x00, 0x00, 
    0x00, 0x00, 0x0F, 0xFF, 0xC0, 0x00, 0x00, 0x00, 0x00, 0x00, 0x1E, 0x00, 0xFE, 0x00, 0x00, 0x00, 
    0x00, 0x00, 0x3C, 0x00, 0x7F, 0xC0, 0x00, 0x00, 0x00, 0x00, 0x78, 0x00, 0x3F, 0xE0, 0x00, 0x00, 
    0x00, 0x00, 0x70, 0x00, 0x00, 0xF0, 0x00, 0x00, 0x00, 0x00, 0xE0, 0x00, 0x00, 0x38, 0x00, 0x00, 
    0x00, 0x00, 0xC0, 0x00, 0x00, 0x1C, 0x00, 0x00, 0x00, 0x00, 0xF0, 0x01, 0xC0, 0x1E, 0x00, 0x00, 
    0x00, 0x03, 0xFC, 0x01, 0xC0, 0x3F, 0xC0, 0x00, 0x00, 0x0F, 0xFC, 0x01, 0xC0, 0x3F, 0xF0, 0x00, 
    0x00, 0x1E, 0x00, 0x01, 0xC0, 0x00, 0x78, 0x00, 0x00, 0x1C, 0x00, 0x01, 0xC0, 0x00, 0x38, 0x00, 
    0x00, 0x38, 0x00, 0x01, 0xC0, 0x00, 0x1C, 0x00, 0x00, 0x30, 0x00, 0x09, 0xD8, 0x00, 0x0C, 0x00, 
    0x00, 0x70, 0x00, 0x1F, 0xF8, 0x00, 0x0E, 0x00, 0x00, 0x70, 0x00, 0x0F, 0xF8, 0x00, 0x0E, 0x00, 
    0x00, 0x70, 0x00, 0x03, 0xE0, 0x00, 0x0E, 0x00, 0x00, 0x70, 0x00, 0x01, 0xC0, 0x00, 0x0E, 0x00, 
    0x00, 0x30, 0x00, 0x00, 0x00, 0x00, 0x0C, 0x00, 0x00, 0x38, 0x00, 0x00, 0x00, 0x00, 0x1C, 0x00, 
    0x00, 0x38, 0x00, 0x00, 0x00, 0x00, 0x1C, 0x00, 0x00, 0x1C, 0x00, 0x00, 0x00, 0x00, 0x38, 0x00, 
    0x00, 0x0F, 0x00, 0x00, 0x00, 0x00, 0xF0, 0x00, 0x00, 0x07, 0xFF, 0xFF, 0xFF, 0xFF, 0xE0, 0x00, 
    0x00, 0x01, 0xFF, 0xFF, 0xFF, 0xFF, 0x80, 0x00, 0x00, 0x00, 0x03, 0x01, 0x80, 0xC0, 0x00, 0x00, 
    0x00, 0x00, 0x03, 0x01, 0x80, 0xC0, 0x00, 0x00, 0x00, 0x00, 0x03, 0x01, 0x80, 0xC0, 0x00, 0x00, 
    0x00, 0x00, 0x03, 0x01, 0x80, 0xC0, 0x00, 0x00, 0x00, 0x00, 0x03, 0x01, 0x80, 0xC0, 0x00, 0x00, 
    0x00, 0x00, 0x03, 0x01, 0x80, 0xC0, 0x00, 0x00, 0x00, 0x00, 0x03, 0x01, 0x80, 0xC0, 0x00, 0x00, 
    0x00, 0x00, 0x03, 0x01, 0x80, 0xC0, 0x00, 0x00, 0x00, 0x00, 0x03, 0x01, 0x80, 0xC0, 0x00, 0x00, 
    0x00, 0x00, 0x03, 0x01, 0x80, 0xC0, 0x00, 0x00, 0x00, 0x1F, 0x03, 0x01, 0x80, 0xC0, 0xF8, 0x00, 
    0x00, 0x3F, 0x83, 0x01, 0x80, 0xC1, 0xFC, 0x00, 0x00, 0x7B, 0xC3, 0x01, 0x80, 0xC3, 0xDE, 0x00, 
    0x00, 0x61, 0xFF, 0x01, 0x80, 0xFF, 0x86, 0x00, 0x00, 0x61, 0xFF, 0x01, 0x80, 0xFF, 0x86, 0x00, 
    0x00, 0x61, 0xFE, 0x01, 0x80, 0x7F, 0x86, 0x00, 0x00, 0x7B, 0x80, 0x03, 0xC0, 0x01, 0xDE, 0x00, 
    0x00, 0x3F, 0x80, 0x07, 0xE0, 0x01, 0xFC, 0x00, 0x00, 0x1F, 0x00, 0x0F, 0xF0, 0x00, 0xF8, 0x00, 
    0x00, 0x00, 0x00, 0x0E, 0x70, 0x00, 0x00, 0x00, 0x00, 0x00, 0x00, 0x1C, 0x38, 0x00, 0x00, 0x00, 
    0x00, 0x00, 0x00, 0x1C, 0x38, 0x00, 0x00, 0x00, 0x00, 0x00, 0x00, 0x0E, 0x70, 0x00, 0x00, 0x00, 
    0x00, 0x00, 0x00, 0x0F, 0xF0, 0x00, 0x00, 0x00, 0x00, 0x00, 0x00, 0x07, 0xE0, 0x00, 0x00, 0x00, 
    0x00, 0x00, 0x00, 0x03, 0xC0, 0x00, 0x00, 0x00, 0x00, 0x00, 0x00, 0x00, 0x00, 0x00, 0x00, 0x00, 
    0x00, 0x00, 0x00, 0x00, 0x00, 0x00, 0x00, 0x00, 0x00, 0x00, 0x00, 0x00, 0x00, 0x00, 0x00, 0x00, 
    0x00, 0x00, 0x00, 0x00, 0x00, 0x00, 0x00, 0x00, 0x00, 0x00, 0x00, 0x00, 0x00, 0x00, 0x00, 0x00, 
      },
  {
    0x00, 0x00, 0x00, 0x00, 0x00, 0x00, 0x00, 0x00, 0x00, 0x00, 0x00, 0x00, 0x00, 0x00, 0x00, 0x00, 
    0x00, 0x00, 0x00, 0x00, 0x00, 0x00, 0x00, 0x00, 0x00, 0x00, 0x00, 0x00, 0x00, 0x00, 0x00, 0x00, 
    0x00, 0x00, 0x00, 0x00, 0x00, 0x00, 0x00, 0x00, 0x00, 0x00, 0x00, 0x00, 0x00, 0x00, 0x00, 0x00, 
    0x00, 0x00, 0x00, 0xFC, 0x00, 0x00, 0x00, 0x00, 0x00, 0x00, 0x03, 0xFF, 0x80, 0x00, 0x00, 0x00, 
    0x00, 0x00, 0x0F, 0xFF, 0xC0, 0x00, 0x00, 0x00, 0x00, 0x00, 0x1E, 0x00, 0xFE, 0x00, 0x00, 0x00, 
    0x00, 0x00, 0x3C, 0x00, 0x7F, 0xC0, 0x00, 0x00, 0x00, 0x00, 0x78, 0x00, 0x3F, 0xE0, 0x00, 0x00, 
    0x00, 0x00, 0x70, 0x00, 0x00, 0xF0, 0x00, 0x00, 0x00, 0x00, 0xE0, 0x00, 0x00, 0x38, 0x00, 0x00, 
    0x00, 0x00, 0xC0, 0x00, 0x00, 0x1C, 0x00, 0x00, 0x00, 0x00, 0xF0, 0x00, 0x80, 0x1E, 0x00, 0x00, 
    0x00, 0x03, 0xFC, 0x01, 0xC0, 0x3F, 0xC0, 0x00, 0x00, 0x0F, 0xFC, 0x01, 0xC0, 0x3F, 0xF0, 0x00, 
    0x00, 0x1E, 0x00, 0x01, 0xC0, 0x00, 0x78, 0x00, 0x00, 0x1C, 0x00, 0x01, 0xC0, 0x00, 0x38, 0x00, 
    0x00, 0x38, 0x00, 0x01, 0xC0, 0x00, 0x1C, 0x00, 0x00, 0x30, 0x00, 0x01, 0xC0, 0x00, 0x0C, 0x00, 
    0x00, 0x70, 0x00, 0x1D, 0xD8, 0x00, 0x0E, 0x00, 0x00, 0x70, 0x00, 0x1F, 0xF8, 0x00, 0x0E, 0x00, 
    0x00, 0x70, 0x00, 0x07, 0xF0, 0x00, 0x0E, 0x00, 0x00, 0x70, 0x00, 0x03, 0xE0, 0x00, 0x0E, 0x00, 
    0x00, 0x30, 0x00, 0x01, 0xC0, 0x00, 0x0C, 0x00, 0x00, 0x38, 0x00, 0x00, 0x00, 0x00, 0x1C, 0x00, 
    0x00, 0x38, 0x00, 0x00, 0x00, 0x00, 0x1C, 0x00, 0x00, 0x1C, 0x00, 0x00, 0x00, 0x00, 0x38, 0x00, 
    0x00, 0x0F, 0x00, 0x00, 0x00, 0x00, 0xF0, 0x00, 0x00, 0x07, 0xFF, 0xFF, 0xFF, 0xFF, 0xE0, 0x00, 
    0x00, 0x01, 0xFF, 0xFF, 0xFF, 0xFF, 0x80, 0x00, 0x00, 0x00, 0x03, 0x01, 0x80, 0xC0, 0x00, 0x00, 
    0x00, 0x00, 0x03, 0x01, 0x80, 0xC0, 0x00, 0x00, 0x00, 0x00, 0x03, 0x01, 0x80, 0xC0, 0x00, 0x00, 
    0x00, 0x00, 0x03, 0x01, 0x80, 0xC0, 0x00, 0x00, 0x00, 0x00, 0x03, 0x01, 0x80, 0xC0, 0x00, 0x00, 
    0x00, 0x00, 0x03, 0x01, 0x80, 0xC0, 0x00, 0x00, 0x00, 0x00, 0x03, 0x01, 0x80, 0xC0, 0x00, 0x00, 
    0x00, 0x00, 0x03, 0x01, 0x80, 0xC0, 0x00, 0x00, 0x00, 0x00, 0x03, 0x01, 0x80, 0xC0, 0x00, 0x00, 
    0x00, 0x00, 0x03, 0x01, 0x80, 0xC0, 0x00, 0x00, 0x00, 0x1F, 0x03, 0x01, 0x80, 0xC0, 0xF8, 0x00, 
    0x00, 0x3F, 0x83, 0x01, 0x80, 0xC1, 0xFC, 0x00, 0x00, 0x7B, 0x83, 0x01, 0x80, 0xC1, 0xDE, 0x00, 
    0x00, 0x61, 0xFF, 0x01, 0x80, 0xFF, 0x86, 0x00, 0x00, 0x61, 0xFF, 0x01, 0x80, 0xFF, 0x86, 0x00, 
    0x00, 0x71, 0xFE, 0x01, 0x80, 0x7F, 0x8E, 0x00, 0x00, 0x7F, 0x80, 0x01, 0x80, 0x01, 0xFE, 0x00, 
    0x00, 0x3F, 0x80, 0x07, 0xE0, 0x01, 0xFC, 0x00, 0x00, 0x1E, 0x00, 0x0F, 0xF0, 0x00, 0x78, 0x00, 
    0x00, 0x00, 0x00, 0x0E, 0x70, 0x00, 0x00, 0x00, 0x00, 0x00, 0x00, 0x1C, 0x38, 0x00, 0x00, 0x00, 
    0x00, 0x00, 0x00, 0x1C, 0x38, 0x00, 0x00, 0x00, 0x00, 0x00, 0x00, 0x0E, 0x70, 0x00, 0x00, 0x00, 
    0x00, 0x00, 0x00, 0x0F, 0xF0, 0x00, 0x00, 0x00, 0x00, 0x00, 0x00, 0x07, 0xE0, 0x00, 0x00, 0x00, 
    0x00, 0x00, 0x00, 0x01, 0x80, 0x00, 0x00, 0x00, 0x00, 0x00, 0x00, 0x00, 0x00, 0x00, 0x00, 0x00, 
    0x00, 0x00, 0x00, 0x00, 0x00, 0x00, 0x00, 0x00, 0x00, 0x00, 0x00, 0x00, 0x00, 0x00, 0x00, 0x00, 
    0x00, 0x00, 0x00, 0x00, 0x00, 0x00, 0x00, 0x00, 0x00, 0x00, 0x00, 0x00, 0x00, 0x00, 0x00, 0x00, 
      },
  {
    0x00, 0x00, 0x00, 0x00, 0x00, 0x00, 0x00, 0x00, 0x00, 0x00, 0x00, 0x00, 0x00, 0x00, 0x00, 0x00, 
    0x00, 0x00, 0x00, 0x00, 0x00, 0x00, 0x00, 0x00, 0x00, 0x00, 0x00, 0x00, 0x00, 0x00, 0x00, 0x00, 
    0x00, 0x00, 0x00, 0x00, 0x00, 0x00, 0x00, 0x00, 0x00, 0x00, 0x00, 0x00, 0x00, 0x00, 0x00, 0x00, 
    0x00, 0x00, 0x00, 0xFC, 0x00, 0x00, 0x00, 0x00, 0x00, 0x00, 0x03, 0xFF, 0x80, 0x00, 0x00, 0x00, 
    0x00, 0x00, 0x0F, 0xFF, 0xC0, 0x00, 0x00, 0x00, 0x00, 0x00, 0x1E, 0x00, 0xFE, 0x00, 0x00, 0x00, 
    0x00, 0x00, 0x3C, 0x00, 0x7F, 0xC0, 0x00, 0x00, 0x00, 0x00, 0x78, 0x00, 0x3F, 0xE0, 0x00, 0x00, 
    0x00, 0x00, 0x70, 0x00, 0x00, 0xF0, 0x00, 0x00, 0x00, 0x00, 0xE0, 0x00, 0x00, 0x38, 0x00, 0x00, 
    0x00, 0x00, 0xC0, 0x00, 0x00, 0x1C, 0x00, 0x00, 0x00, 0x00, 0xF0, 0x00, 0x00, 0x1E, 0x00, 0x00, 
    0x00, 0x03, 0xFC, 0x00, 0x80, 0x3F, 0xC0, 0x00, 0x00, 0x0F, 0xFC, 0x01, 0xC0, 0x3F, 0xF0, 0x00, 
    0x00, 0x1E, 0x00, 0x01, 0xC0, 0x00, 0x78, 0x00, 0x00, 0x1C, 0x00, 0x01, 0xC0, 0x00, 0x38, 0x00, 
    0x00, 0x38, 0x00, 0x01, 0xC0, 0x00, 0x1C, 0x00, 0x00, 0x30, 0x00, 0x01, 0xC0, 0x00, 0x0C, 0x00, 
    0x00, 0x70, 0x00, 0x09, 0xC8, 0x00, 0x0E, 0x00, 0x00, 0x70, 0x00, 0x1D, 0xD8, 0x00, 0x0E, 0x00, 
    0x00, 0x70, 0x00, 0x0F, 0xF8, 0x00, 0x0E, 0x00, 0x00, 0x70, 0x00, 0x07, 0xF0, 0x00, 0x0E, 0x00, 
    0x00, 0x30, 0x00, 0x03, 0xC0, 0x00, 0x0C, 0x00, 0x00, 0x38, 0x00, 0x00, 0x80, 0x00, 0x1C, 0x00, 
    0x00, 0x38, 0x00, 0x00, 0x00, 0x00, 0x1C, 0x00, 0x00, 0x1C, 0x00, 0x00, 0x00, 0x00, 0x38, 0x00, 
    0x00, 0x0F, 0x00, 0x00, 0x00, 0x00, 0xF0, 0x00, 0x00, 0x07, 0xFF, 0xFF, 0xFF, 0xFF, 0xE0, 0x00, 
    0x00, 0x01, 0xFF, 0xFF, 0xFF, 0xFF, 0x80, 0x00, 0x00, 0x00, 0x03, 0x01, 0x80, 0xC0, 0x00, 0x00, 
    0x00, 0x00, 0x03, 0x01, 0x80, 0xC0, 0x00, 0x00, 0x00, 0x00, 0x03, 0x01, 0x80, 0xC0, 0x00, 0x00, 
    0x00, 0x00, 0x03, 0x01, 0x80, 0xC0, 0x00, 0x00, 0x00, 0x00, 0x03, 0x01, 0x80, 0xC0, 0x00, 0x00, 
    0x00, 0x00, 0x03, 0x01, 0x80, 0xC0, 0x00, 0x00, 0x00, 0x00, 0x03, 0x01, 0x80, 0xC0, 0x00, 0x00, 
    0x00, 0x00, 0x03, 0x01, 0x80, 0xC0, 0x00, 0x00, 0x00, 0x00, 0x03, 0x01, 0x80, 0xC0, 0x00, 0x00, 
    0x00, 0x00, 0x03, 0x01, 0x80, 0xC0, 0x00, 0x00, 0x00, 0x1E, 0x03, 0x01, 0x80, 0xC0, 0x78, 0x00, 
    0x00, 0x3F, 0x03, 0x01, 0x80, 0xC0, 0xFC, 0x00, 0x00, 0x7F, 0x83, 0x01, 0x80, 0xC1, 0xFE, 0x00, 
    0x00, 0x71, 0xFF, 0x01, 0x80, 0xFF, 0x8E, 0x00, 0x00, 0x61, 0xFF, 0x01, 0x80, 0xFF, 0x86, 0x00, 
    0x00, 0x71, 0xFE, 0x01, 0x80, 0x7F, 0x8E, 0x00, 0x00, 0x7F, 0x80, 0x01, 0x80, 0x01, 0xFE, 0x00, 
    0x00, 0x3F, 0x00, 0x07, 0xE0, 0x00, 0xFC, 0x00, 0x00, 0x1E, 0x00, 0x0F, 0xF0, 0x00, 0x78, 0x00, 
    0x00, 0x00, 0x00, 0x0E, 0x70, 0x00, 0x00, 0x00, 0x00, 0x00, 0x00, 0x0C, 0x30, 0x00, 0x00, 0x00, 
    0x00, 0x00, 0x00, 0x0C, 0x30, 0x00, 0x00, 0x00, 0x00, 0x00, 0x00, 0x0E, 0x70, 0x00, 0x00, 0x00, 
    0x00, 0x00, 0x00, 0x0F, 0xF0, 0x00, 0x00, 0x00, 0x00, 0x00, 0x00, 0x07, 0xE0, 0x00, 0x00, 0x00, 
    0x00, 0x00, 0x00, 0x00, 0x00, 0x00, 0x00, 0x00, 0x00, 0x00, 0x00, 0x00, 0x00, 0x00, 0x00, 0x00, 
    0x00, 0x00, 0x00, 0x00, 0x00, 0x00, 0x00, 0x00, 0x00, 0x00, 0x00, 0x00, 0x00, 0x00, 0x00, 0x00, 
    0x00, 0x00, 0x00, 0x00, 0x00, 0x00, 0x00, 0x00, 0x00, 0x00, 0x00, 0x00, 0x00, 0x00, 0x00, 0x00, 
      },
  {
    0x00, 0x00, 0x00, 0x00, 0x00, 0x00, 0x00, 0x00, 0x00, 0x00, 0x00, 0x00, 0x00, 0x00, 0x00, 0x00, 
    0x00, 0x00, 0x00, 0x00, 0x00, 0x00, 0x00, 0x00, 0x00, 0x00, 0x00, 0x00, 0x00, 0x00, 0x00, 0x00, 
    0x00, 0x00, 0x00, 0x00, 0x00, 0x00, 0x00, 0x00, 0x00, 0x00, 0x00, 0x00, 0x00, 0x00, 0x00, 0x00, 
    0x00, 0x00, 0x00, 0xFC, 0x00, 0x00, 0x00, 0x00, 0x00, 0x00, 0x03, 0xFF, 0x80, 0x00, 0x00, 0x00, 
    0x00, 0x00, 0x0F, 0xFF, 0xC0, 0x00, 0x00, 0x00, 0x00, 0x00, 0x1E, 0x00, 0xFE, 0x00, 0x00, 0x00, 
    0x00, 0x00, 0x3C, 0x00, 0x7F, 0xC0, 0x00, 0x00, 0x00, 0x00, 0x78, 0x00, 0x3F, 0xE0, 0x00, 0x00, 
    0x00, 0x00, 0x70, 0x00, 0x00, 0xF0, 0x00, 0x00, 0x00, 0x00, 0xE0, 0x00, 0x00, 0x38, 0x00, 0x00, 
    0x00, 0x00, 0xC0, 0x00, 0x00, 0x1C, 0x00, 0x00, 0x00, 0x00, 0xF0, 0x00, 0x00, 0x1E, 0x00, 0x00, 
    0x00, 0x03, 0xFC, 0x00, 0x00, 0x3F, 0xC0, 0x00, 0x00, 0x0F, 0xFC, 0x01, 0xC0, 0x3F, 0xF0, 0x00, 
    0x00, 0x1E, 0x00, 0x01, 0xC0, 0x00, 0x78, 0x00, 0x00, 0x1C, 0x00, 0x01, 0xC0, 0x00, 0x38, 0x00, 
    0x00, 0x38, 0x00, 0x01, 0xC0, 0x00, 0x1C, 0x00, 0x00, 0x30, 0x00, 0x01, 0xC0, 0x00, 0x0C, 0x00, 
    0x00, 0x70, 0x00, 0x01, 0xC0, 0x00, 0x0E, 0x00, 0x00, 0x70, 0x00, 0x0D, 0xD8, 0x00, 0x0E, 0x00, 
    0x00, 0x70, 0x00, 0x1F, 0xF8, 0x00, 0x0E, 0x00, 0x00, 0x70, 0x00, 0x0F, 0xF8, 0x00, 0x0E, 0x00, 
    0x00, 0x30, 0x00, 0x03, 0xE0, 0x00, 0x0C, 0x00, 0x00, 0x38, 0x00, 0x01, 0xC0, 0x00, 0x1C, 0x00, 
    0x00, 0x38, 0x00, 0x00, 0x00, 0x00, 0x1C, 0x00, 0x00, 0x1C, 0x00, 0x00, 0x00, 0x00, 0x38, 0x00, 
    0x00, 0x0F, 0x00, 0x00, 0x00, 0x00, 0xF0, 0x00, 0x00, 0x07, 0xFF, 0xFF, 0xFF, 0xFF, 0xE0, 0x00, 
    0x00, 0x01, 0xFF, 0xFF, 0xFF, 0xFF, 0x80, 0x00, 0x00, 0x00, 0x03, 0x01, 0x80, 0xC0, 0x00, 0x00, 
    0x00, 0x00, 0x03, 0x01, 0x80, 0xC0, 0x00, 0x00, 0x00, 0x00, 0x03, 0x01, 0x80, 0xC0, 0x00, 0x00, 
    0x00, 0x00, 0x03, 0x01, 0x80, 0xC0, 0x00, 0x00, 0x00, 0x00, 0x03, 0x01, 0x80, 0xC0, 0x00, 0x00, 
    0x00, 0x00, 0x03, 0x01, 0x80, 0xC0, 0x00, 0x00, 0x00, 0x00, 0x03, 0x01, 0x80, 0xC0, 0x00, 0x00, 
    0x00, 0x00, 0x03, 0x01, 0x80, 0xC0, 0x00, 0x00, 0x00, 0x00, 0x03, 0x01, 0x80, 0xC0, 0x00, 0x00, 
    0x00, 0x00, 0x03, 0x01, 0x80, 0xC0, 0x00, 0x00, 0x00, 0x0E, 0x03, 0x01, 0x80, 0xC0, 0x70, 0x00, 
    0x00, 0x3F, 0x03, 0x01, 0x80, 0xC0, 0xFC, 0x00, 0x00, 0x7F, 0x83, 0x01, 0x80, 0xC1, 0xFE, 0x00, 
    0x00, 0x71, 0xFF, 0x01, 0x80, 0xFF, 0x8E, 0x00, 0x00, 0x61, 0xFF, 0x01, 0x80, 0xFF, 0x86, 0x00, 
    0x00, 0x71, 0xFE, 0x01, 0x80, 0x7F, 0x8E, 0x00, 0x00, 0x7F, 0x80, 0x01, 0x80, 0x01, 0xFE, 0x00, 
    0x00, 0x3F, 0x00, 0x03, 0xC0, 0x00, 0xFC, 0x00, 0x00, 0x0E, 0x00, 0x07, 0xE0, 0x00, 0x70, 0x00, 
    0x00, 0x00, 0x00, 0x0E, 0x70, 0x00, 0x00, 0x00, 0x00, 0x00, 0x00, 0x0C, 0x30, 0x00, 0x00, 0x00, 
    0x00, 0x00, 0x00, 0x0C, 0x30, 0x00, 0x00, 0x00, 0x00, 0x00, 0x00, 0x0E, 0x70, 0x00, 0x00, 0x00, 
    0x00, 0x00, 0x00, 0x07, 0xE0, 0x00, 0x00, 0x00, 0x00, 0x00, 0x00, 0x03, 0xC0, 0x00, 0x00, 0x00, 
    0x00, 0x00, 0x00, 0x00, 0x00, 0x00, 0x00, 0x00, 0x00, 0x00, 0x00, 0x00, 0x00, 0x00, 0x00, 0x00, 
    0x00, 0x00, 0x00, 0x00, 0x00, 0x00, 0x00, 0x00, 0x00, 0x00, 0x00, 0x00, 0x00, 0x00, 0x00, 0x00, 
    0x00, 0x00, 0x00, 0x00, 0x00, 0x00, 0x00, 0x00, 0x00, 0x00, 0x00, 0x00, 0x00, 0x00, 0x00, 0x00, 
      },
  {
    0x00, 0x00, 0x00, 0x00, 0x00, 0x00, 0x00, 0x00, 0x00, 0x00, 0x00, 0x00, 0x00, 0x00, 0x00, 0x00, 
    0x00, 0x00, 0x00, 0x00, 0x00, 0x00, 0x00, 0x00, 0x00, 0x00, 0x00, 0x00, 0x00, 0x00, 0x00, 0x00, 
    0x00, 0x00, 0x00, 0x00, 0x00, 0x00, 0x00, 0x00, 0x00, 0x00, 0x00, 0x00, 0x00, 0x00, 0x00, 0x00, 
    0x00, 0x00, 0x00, 0xFC, 0x00, 0x00, 0x00, 0x00, 0x00, 0x00, 0x03, 0xFF, 0x80, 0x00, 0x00, 0x00, 
    0x00, 0x00, 0x0F, 0xFF, 0xC0, 0x00, 0x00, 0x00, 0x00, 0x00, 0x1E, 0x00, 0xFE, 0x00, 0x00, 0x00, 
    0x00, 0x00, 0x3C, 0x00, 0x7F, 0xC0, 0x00, 0x00, 0x00, 0x00, 0x78, 0x00, 0x3F, 0xE0, 0x00, 0x00, 
    0x00, 0x00, 0x70, 0x00, 0x00, 0xF0, 0x00, 0x00, 0x00, 0x00, 0xE0, 0x00, 0x00, 0x38, 0x00, 0x00, 
    0x00, 0x00, 0xC0, 0x00, 0x00, 0x1C, 0x00, 0x00, 0x00, 0x00, 0xF0, 0x00, 0x00, 0x1E, 0x00, 0x00, 
    0x00, 0x03, 0xFC, 0x00, 0x00, 0x3F, 0xC0, 0x00, 0x00, 0x0F, 0xFC, 0x00, 0x80, 0x3F, 0xF0, 0x00, 
    0x00, 0x1E, 0x00, 0x01, 0xC0, 0x00, 0x78, 0x00, 0x00, 0x1C, 0x00, 0x01, 0xC0, 0x00, 0x38, 0x00, 
    0x00, 0x38, 0x00, 0x01, 0xC0, 0x00, 0x1C, 0x00, 0x00, 0x30, 0x00, 0x01, 0xC0, 0x00, 0x0C, 0x00, 
    0x00, 0x70, 0x00, 0x01, 0xC0, 0x00, 0x0E, 0x00, 0x00, 0x70, 0x00, 0x09, 0xC8, 0x00, 0x0E, 0x00, 
    0x00, 0x70, 0x00, 0x1D, 0xDC, 0x00, 0x0E, 0x00, 0x00, 0x70, 0x00, 0x0F, 0xF8, 0x00, 0x0E, 0x00, 
    0x00, 0x30, 0x00, 0x07, 0xF0, 0x00, 0x0C, 0x00, 0x00, 0x38, 0x00, 0x03, 0xC0, 0x00, 0x1C, 0x00, 
    0x00, 0x38, 0x00, 0x00, 0x80, 0x00, 0x1C, 0x00, 0x00, 0x1C, 0x00, 0x00, 0x00, 0x00, 0x38, 0x00, 
    0x00, 0x0F, 0x00, 0x00, 0x00, 0x00, 0xF0, 0x00, 0x00, 0x07, 0xFF, 0xFF, 0xFF, 0xFF, 0xE0, 0x00, 
    0x00, 0x01, 0xFF, 0xFF, 0xFF, 0xFF, 0x80, 0x00, 0x00, 0x00, 0x03, 0x01, 0x80, 0xC0, 0x00, 0x00, 
    0x00, 0x00, 0x03, 0x01, 0x80, 0xC0, 0x00, 0x00, 0x00, 0x00, 0x03, 0x01, 0x80, 0xC0, 0x00, 0x00, 
    0x00, 0x00, 0x03, 0x01, 0x80, 0xC0, 0x00, 0x00, 0x00, 0x00, 0x03, 0x01, 0x80, 0xC0, 0x00, 0x00, 
    0x00, 0x00, 0x03, 0x01, 0x80, 0xC0, 0x00, 0x00, 0x00, 0x00, 0x03, 0x01, 0x80, 0xC0, 0x00, 0x00, 
    0x00, 0x00, 0x03, 0x01, 0x80, 0xC0, 0x00, 0x00, 0x00, 0x00, 0x03, 0x01, 0x80, 0xC0, 0x00, 0x00, 
    0x00, 0x00, 0x03, 0x01, 0x80, 0xC0, 0x00, 0x00, 0x00, 0x0E, 0x03, 0x01, 0x80, 0xC0, 0x70, 0x00, 
    0x00, 0x3F, 0x03, 0x01, 0x80, 0xC0, 0xFC, 0x00, 0x00, 0x3F, 0x83, 0x01, 0x80, 0xC1, 0xFC, 0x00, 
    0x00, 0x71, 0xFF, 0x01, 0x80, 0xFF, 0x8E, 0x00, 0x00, 0x61, 0xFF, 0x01, 0x80, 0xFF, 0x86, 0x00, 
    0x00, 0x71, 0xFE, 0x01, 0x80, 0x7F, 0x8E, 0x00, 0x00, 0x3F, 0x80, 0x01, 0x80, 0x01, 0xFC, 0x00, 
    0x00, 0x3F, 0x00, 0x03, 0xC0, 0x00, 0xFC, 0x00, 0x00, 0x0E, 0x00, 0x07, 0xE0, 0x00, 0x70, 0x00, 
    0x00, 0x00, 0x00, 0x0E, 0x70, 0x00, 0x00, 0x00, 0x00, 0x00, 0x00, 0x0C, 0x30, 0x00, 0x00, 0x00, 
    0x00, 0x00, 0x00, 0x0C, 0x30, 0x00, 0x00, 0x00, 0x00, 0x00, 0x00, 0x0E, 0x70, 0x00, 0x00, 0x00, 
    0x00, 0x00, 0x00, 0x07, 0xE0, 0x00, 0x00, 0x00, 0x00, 0x00, 0x00, 0x03, 0xC0, 0x00, 0x00, 0x00, 
    0x00, 0x00, 0x00, 0x00, 0x00, 0x00, 0x00, 0x00, 0x00, 0x00, 0x00, 0x00, 0x00, 0x00, 0x00, 0x00, 
    0x00, 0x00, 0x00, 0x00, 0x00, 0x00, 0x00, 0x00, 0x00, 0x00, 0x00, 0x00, 0x00, 0x00, 0x00, 0x00, 
    0x00, 0x00, 0x00, 0x00, 0x00, 0x00, 0x00, 0x00, 0x00, 0x00, 0x00, 0x00, 0x00, 0x00, 0x00, 0x00, 
      },
  {
    0x00, 0x00, 0x00, 0x00, 0x00, 0x00, 0x00, 0x00, 0x00, 0x00, 0x00, 0x00, 0x00, 0x00, 0x00, 0x00, 
    0x00, 0x00, 0x00, 0x00, 0x00, 0x00, 0x00, 0x00, 0x00, 0x00, 0x00, 0x00, 0x00, 0x00, 0x00, 0x00, 
    0x00, 0x00, 0x00, 0x00, 0x00, 0x00, 0x00, 0x00, 0x00, 0x00, 0x00, 0x00, 0x00, 0x00, 0x00, 0x00, 
    0x00, 0x00, 0x00, 0xFC, 0x00, 0x00, 0x00, 0x00, 0x00, 0x00, 0x03, 0xFF, 0x80, 0x00, 0x00, 0x00, 
    0x00, 0x00, 0x0F, 0xFF, 0xC0, 0x00, 0x00, 0x00, 0x00, 0x00, 0x1E, 0x00, 0xFE, 0x00, 0x00, 0x00, 
    0x00, 0x00, 0x3C, 0x00, 0x7F, 0xC0, 0x00, 0x00, 0x00, 0x00, 0x78, 0x00, 0x3F, 0xE0, 0x00, 0x00, 
    0x00, 0x00, 0x70, 0x00, 0x00, 0xF0, 0x00, 0x00, 0x00, 0x00, 0xE0, 0x00, 0x00, 0x38, 0x00, 0x00, 
    0x00, 0x00, 0xC0, 0x00, 0x00, 0x1C, 0x00, 0x00, 0x00, 0x00, 0xF0, 0x00, 0x00, 0x1E, 0x00, 0x00, 
    0x00, 0x03, 0xFC, 0x00, 0x00, 0x3F, 0xC0, 0x00, 0x00, 0x0F, 0xFC, 0x00, 0x80, 0x3F, 0xF0, 0x00, 
    0x00, 0x1E, 0x00, 0x01, 0xC0, 0x00, 0x78, 0x00, 0x00, 0x1C, 0x00, 0x01, 0xC0, 0x00, 0x38, 0x00, 
    0x00, 0x38, 0x00, 0x01, 0xC0, 0x00, 0x1C, 0x00, 0x00, 0x30, 0x00, 0x01, 0xC0, 0x00, 0x0C, 0x00, 
    0x00, 0x70, 0x00, 0x01, 0xC0, 0x00, 0x0E, 0x00, 0x00, 0x70, 0x00, 0x01, 0xC0, 0x00, 0x0E, 0x00, 
    0x00, 0x70, 0x00, 0x1D, 0xD8, 0x00, 0x0E, 0x00, 0x00, 0x70, 0x00, 0x0F, 0xF8, 0x00, 0x0E, 0x00, 
    0x00, 0x30, 0x00, 0x07, 0xF0, 0x00, 0x0C, 0x00, 0x00, 0x38, 0x00, 0x03, 0xE0, 0x00, 0x1C, 0x00, 
    0x00, 0x38, 0x00, 0x00, 0x80, 0x00, 0x1C, 0x00, 0x00, 0x1C, 0x00, 0x00, 0x00, 0x00, 0x38, 0x00, 
    0x00, 0x0F, 0x00, 0x00, 0x00, 0x00, 0xF0, 0x00, 0x00, 0x07, 0xFF, 0xFF, 0xFF, 0xFF, 0xE0, 0x00, 
    0x00, 0x01, 0xFF, 0xFF, 0xFF, 0xFF, 0x80, 0x00, 0x00, 0x00, 0x03, 0x01, 0x80, 0xC0, 0x00, 0x00, 
    0x00, 0x00, 0x03, 0x01, 0x80, 0xC0, 0x00, 0x00, 0x00, 0x00, 0x03, 0x01, 0x80, 0xC0, 0x00, 0x00, 
    0x00, 0x00, 0x03, 0x01, 0x80, 0xC0, 0x00, 0x00, 0x00, 0x00, 0x03, 0x01, 0x80, 0xC0, 0x00, 0x00, 
    0x00, 0x00, 0x03, 0x01, 0x80, 0xC0, 0x00, 0x00, 0x00, 0x00, 0x03, 0x01, 0x80, 0xC0, 0x00, 0x00, 
    0x00, 0x00, 0x03, 0x01, 0x80, 0xC0, 0x00, 0x00, 0x00, 0x00, 0x03, 0x01, 0x80, 0xC0, 0x00, 0x00, 
    0x00, 0x00, 0x03, 0x01, 0x80, 0xC0, 0x00, 0x00, 0x00, 0x0E, 0x03, 0x01, 0x80, 0xC0, 0x70, 0x00, 
    0x00, 0x3F, 0x03, 0x01, 0x80, 0xC0, 0xFC, 0x00, 0x00, 0x3F, 0x83, 0x01, 0x80, 0xC1, 0xFC, 0x00, 
    0x00, 0x71, 0xFF, 0x01, 0x80, 0xFF, 0x8E, 0x00, 0x00, 0x61, 0xFF, 0x01, 0x80, 0xFF, 0x86, 0x00, 
    0x00, 0x71, 0xFE, 0x01, 0x80, 0x7F, 0x8E, 0x00, 0x00, 0x3F, 0x80, 0x01, 0x80, 0x01, 0xFC, 0x00, 
    0x00, 0x3F, 0x00, 0x03, 0xC0, 0x00, 0xFC, 0x00, 0x00, 0x0E, 0x00, 0x07, 0xE0, 0x00, 0x70, 0x00, 
    0x00, 0x00, 0x00, 0x0E, 0x70, 0x00, 0x00, 0x00, 0x00, 0x00, 0x00, 0x0C, 0x30, 0x00, 0x00, 0x00, 
    0x00, 0x00, 0x00, 0x0C, 0x30, 0x00, 0x00, 0x00, 0x00, 0x00, 0x00, 0x0E, 0x70, 0x00, 0x00, 0x00, 
    0x00, 0x00, 0x00, 0x07, 0xE0, 0x00, 0x00, 0x00, 0x00, 0x00, 0x00, 0x03, 0xC0, 0x00, 0x00, 0x00, 
    0x00, 0x00, 0x00, 0x00, 0x00, 0x00, 0x00, 0x00, 0x00, 0x00, 0x00, 0x00, 0x00, 0x00, 0x00, 0x00, 
    0x00, 0x00, 0x00, 0x00, 0x00, 0x00, 0x00, 0x00, 0x00, 0x00, 0x00, 0x00, 0x00, 0x00, 0x00, 0x00, 
    0x00, 0x00, 0x00, 0x00, 0x00, 0x00, 0x00, 0x00, 0x00, 0x00, 0x00, 0x00, 0x00, 0x00, 0x00, 0x00, 
      },
  {
    0x00, 0x00, 0x00, 0x00, 0x00, 0x00, 0x00, 0x00, 0x00, 0x00, 0x00, 0x00, 0x00, 0x00, 0x00, 0x00, 
    0x00, 0x00, 0x00, 0x00, 0x00, 0x00, 0x00, 0x00, 0x00, 0x00, 0x00, 0x00, 0x00, 0x00, 0x00, 0x00, 
    0x00, 0x00, 0x00, 0x00, 0x00, 0x00, 0x00, 0x00, 0x00, 0x00, 0x00, 0x00, 0x00, 0x00, 0x00, 0x00, 
    0x00, 0x00, 0x00, 0xFC, 0x00, 0x00, 0x00, 0x00, 0x00, 0x00, 0x03, 0xFF, 0x80, 0x00, 0x00, 0x00, 
    0x00, 0x00, 0x0F, 0xFF, 0xC0, 0x00, 0x00, 0x00, 0x00, 0x00, 0x1E, 0x00, 0xFE, 0x00, 0x00, 0x00, 
    0x00, 0x00, 0x3C, 0x00, 0x7F, 0xC0, 0x00, 0x00, 0x00, 0x00, 0x78, 0x00, 0x3F, 0xE0, 0x00, 0x00, 
    0x00, 0x00, 0x70, 0x00, 0x00, 0xF0, 0x00, 0x00, 0x00, 0x00, 0xE0, 0x00, 0x00, 0x38, 0x00, 0x00, 
    0x00, 0x00, 0xC0, 0x00, 0x00, 0x1C, 0x00, 0x00, 0x00, 0x00, 0xF0, 0x00, 0x00, 0x1E, 0x00, 0x00, 
    0x00, 0x03, 0xFC, 0x00, 0x00, 0x3F, 0xC0, 0x00, 0x00, 0x0F, 0xFC, 0x01, 0x80, 0x3F, 0xF0, 0x00, 
    0x00, 0x1E, 0x00, 0x01, 0xC0, 0x00, 0x78, 0x00, 0x00, 0x1C, 0x00, 0x01, 0xC0, 0x00, 0x38, 0x00, 
    0x00, 0x38, 0x00, 0x01, 0xC0, 0x00, 0x1C, 0x00, 0x00, 0x30, 0x00, 0x01, 0xC0, 0x00, 0x0C, 0x00, 
    0x00, 0x70, 0x00, 0x01, 0xC0, 0x00, 0x0E, 0x00, 0x00, 0x70, 0x00, 0x09, 0xC8, 0x00, 0x0E, 0x00, 
    0x00, 0x70, 0x00, 0x1D, 0xF8, 0x00, 0x0E, 0x00, 0x00, 0x70, 0x00, 0x0F, 0xF8, 0x00, 0x0E, 0x00, 
    0x00, 0x30, 0x00, 0x07, 0xF0, 0x00, 0x0C, 0x00, 0x00, 0x38, 0x00, 0x01, 0xC0, 0x00, 0x1C, 0x00, 
    0x00, 0x38, 0x00, 0x00, 0x80, 0x00, 0x1C, 0x00, 0x00, 0x1C, 0x00, 0x00, 0x00, 0x00, 0x38, 0x00, 
    0x00, 0x0F, 0x00, 0x00, 0x00, 0x00, 0xF0, 0x00, 0x00, 0x07, 0xFF, 0xFF, 0xFF, 0xFF, 0xE0, 0x00, 
    0x00, 0x01, 0xFF, 0xFF, 0xFF, 0xFF, 0x80, 0x00, 0x00, 0x00, 0x03, 0x01, 0x80, 0xC0, 0x00, 0x00, 
    0x00, 0x00, 0x03, 0x01, 0x80, 0xC0, 0x00, 0x00, 0x00, 0x00, 0x03, 0x01, 0x80, 0xC0, 0x00, 0x00, 
    0x00, 0x00, 0x03, 0x01, 0x80, 0xC0, 0x00, 0x00, 0x00, 0x00, 0x03, 0x01, 0x80, 0xC0, 0x00, 0x00, 
    0x00, 0x00, 0x03, 0x01, 0x80, 0xC0, 0x00, 0x00, 0x00, 0x00, 0x03, 0x01, 0x80, 0xC0, 0x00, 0x00, 
    0x00, 0x00, 0x03, 0x01, 0x80, 0xC0, 0x00, 0x00, 0x00, 0x00, 0x03, 0x01, 0x80, 0xC0, 0x00, 0x00, 
    0x00, 0x00, 0x03, 0x01, 0x80, 0xC0, 0x00, 0x00, 0x00, 0x0E, 0x03, 0x01, 0x80, 0xC0, 0x70, 0x00, 
    0x00, 0x3F, 0x03, 0x01, 0x80, 0xC0, 0xFC, 0x00, 0x00, 0x3F, 0x83, 0x01, 0x80, 0xC1, 0xFC, 0x00, 
    0x00, 0x71, 0xFF, 0x01, 0x80, 0xFF, 0x8E, 0x00, 0x00, 0x61, 0xFF, 0x01, 0x80, 0xFF, 0x86, 0x00, 
    0x00, 0x71, 0xFE, 0x01, 0x80, 0x7F, 0x8E, 0x00, 0x00, 0x3F, 0x80, 0x01, 0x80, 0x01, 0xFC, 0x00, 
    0x00, 0x3F, 0x00, 0x03, 0xC0, 0x00, 0xFC, 0x00, 0x00, 0x0E, 0x00, 0x07, 0xE0, 0x00, 0x70, 0x00, 
    0x00, 0x00, 0x00, 0x0E, 0x70, 0x00, 0x00, 0x00, 0x00, 0x00, 0x00, 0x0C, 0x30, 0x00, 0x00, 0x00, 
    0x00, 0x00, 0x00, 0x0C, 0x30, 0x00, 0x00, 0x00, 0x00, 0x00, 0x00, 0x0E, 0x70, 0x00, 0x00, 0x00, 
    0x00, 0x00, 0x00, 0x07, 0xE0, 0x00, 0x00, 0x00, 0x00, 0x00, 0x00, 0x03, 0xC0, 0x00, 0x00, 0x00, 
    0x00, 0x00, 0x00, 0x00, 0x00, 0x00, 0x00, 0x00, 0x00, 0x00, 0x00, 0x00, 0x00, 0x00, 0x00, 0x00, 
    0x00, 0x00, 0x00, 0x00, 0x00, 0x00, 0x00, 0x00, 0x00, 0x00, 0x00, 0x00, 0x00, 0x00, 0x00, 0x00, 
    0x00, 0x00, 0x00, 0x00, 0x00, 0x00, 0x00, 0x00, 0x00, 0x00, 0x00, 0x00, 0x00, 0x00, 0x00, 0x00, 
      },
  {
    0x00, 0x00, 0x00, 0x00, 0x00, 0x00, 0x00, 0x00, 0x00, 0x00, 0x00, 0x00, 0x00, 0x00, 0x00, 0x00, 
    0x00, 0x00, 0x00, 0x00, 0x00, 0x00, 0x00, 0x00, 0x00, 0x00, 0x00, 0x00, 0x00, 0x00, 0x00, 0x00, 
    0x00, 0x00, 0x00, 0x00, 0x00, 0x00, 0x00, 0x00, 0x00, 0x00, 0x00, 0x00, 0x00, 0x00, 0x00, 0x00, 
    0x00, 0x00, 0x00, 0xFC, 0x00, 0x00, 0x00, 0x00, 0x00, 0x00, 0x03, 0xFF, 0x80, 0x00, 0x00, 0x00, 
    0x00, 0x00, 0x0F, 0xFF, 0xC0, 0x00, 0x00, 0x00, 0x00, 0x00, 0x1E, 0x00, 0xFE, 0x00, 0x00, 0x00, 
    0x00, 0x00, 0x3C, 0x00, 0x7F, 0xC0, 0x00, 0x00, 0x00, 0x00, 0x78, 0x00, 0x3F, 0xE0, 0x00, 0x00, 
    0x00, 0x00, 0x70, 0x00, 0x00, 0xF0, 0x00, 0x00, 0x00, 0x00, 0xE0, 0x00, 0x00, 0x38, 0x00, 0x00, 
    0x00, 0x00, 0xC0, 0x00, 0x00, 0x1C, 0x00, 0x00, 0x00, 0x00, 0xF0, 0x00, 0x00, 0x1E, 0x00, 0x00, 
    0x00, 0x03, 0xFC, 0x00, 0x80, 0x3F, 0xC0, 0x00, 0x00, 0x0F, 0xFC, 0x01, 0xC0, 0x3F, 0xF0, 0x00, 
    0x00, 0x1E, 0x00, 0x01, 0xC0, 0x00, 0x78, 0x00, 0x00, 0x1C, 0x00, 0x01, 0xC0, 0x00, 0x38, 0x00, 
    0x00, 0x38, 0x00, 0x01, 0xC0, 0x00, 0x1C, 0x00, 0x00, 0x30, 0x00, 0x01, 0xC0, 0x00, 0x0C, 0x00, 
    0x00, 0x70, 0x00, 0x01, 0xC0, 0x00, 0x0E, 0x00, 0x00, 0x70, 0x00, 0x1D, 0xD8, 0x00, 0x0E, 0x00, 
    0x00, 0x70, 0x00, 0x1F, 0xF8, 0x00, 0x0E, 0x00, 0x00, 0x70, 0x00, 0x07, 0xF0, 0x00, 0x0E, 0x00, 
    0x00, 0x30, 0x00, 0x03, 0xE0, 0x00, 0x0C, 0x00, 0x00, 0x38, 0x00, 0x01, 0xC0, 0x00, 0x1C, 0x00, 
    0x00, 0x38, 0x00, 0x00, 0x00, 0x00, 0x1C, 0x00, 0x00, 0x1C, 0x00, 0x00, 0x00, 0x00, 0x38, 0x00, 
    0x00, 0x0F, 0x00, 0x00, 0x00, 0x00, 0xF0, 0x00, 0x00, 0x07, 0xFF, 0xFF, 0xFF, 0xFF, 0xE0, 0x00, 
    0x00, 0x01, 0xFF, 0xFF, 0xFF, 0xFF, 0x80, 0x00, 0x00, 0x00, 0x03, 0x01, 0x80, 0xC0, 0x00, 0x00, 
    0x00, 0x00, 0x03, 0x01, 0x80, 0xC0, 0x00, 0x00, 0x00, 0x00, 0x03, 0x01, 0x80, 0xC0, 0x00, 0x00, 
    0x00, 0x00, 0x03, 0x01, 0x80, 0xC0, 0x00, 0x00, 0x00, 0x00, 0x03, 0x01, 0x80, 0xC0, 0x00, 0x00, 
    0x00, 0x00, 0x03, 0x01, 0x80, 0xC0, 0x00, 0x00, 0x00, 0x00, 0x03, 0x01, 0x80, 0xC0, 0x00, 0x00, 
    0x00, 0x00, 0x03, 0x01, 0x80, 0xC0, 0x00, 0x00, 0x00, 0x00, 0x03, 0x01, 0x80, 0xC0, 0x00, 0x00, 
    0x00, 0x00, 0x03, 0x01, 0x80, 0xC0, 0x00, 0x00, 0x00, 0x0E, 0x03, 0x01, 0x80, 0xC0, 0x70, 0x00, 
    0x00, 0x3F, 0x03, 0x01, 0x80, 0xC0, 0xFC, 0x00, 0x00, 0x3F, 0x83, 0x01, 0x80, 0xC1, 0xFC, 0x00, 
    0x00, 0x71, 0xFF, 0x01, 0x80, 0xFF, 0x8E, 0x00, 0x00, 0x61, 0xFF, 0x01, 0x80, 0xFF, 0x86, 0x00, 
    0x00, 0x71, 0xFE, 0x01, 0x80, 0x7F, 0x8E, 0x00, 0x00, 0x3F, 0x80, 0x01, 0x80, 0x01, 0xFC, 0x00, 
    0x00, 0x3F, 0x00, 0x03, 0xC0, 0x00, 0xFC, 0x00, 0x00, 0x0E, 0x00, 0x07, 0xE0, 0x00, 0x70, 0x00, 
    0x00, 0x00, 0x00, 0x0E, 0x70, 0x00, 0x00, 0x00, 0x00, 0x00, 0x00, 0x0C, 0x30, 0x00, 0x00, 0x00, 
    0x00, 0x00, 0x00, 0x0C, 0x30, 0x00, 0x00, 0x00, 0x00, 0x00, 0x00, 0x0E, 0x70, 0x00, 0x00, 0x00, 
    0x00, 0x00, 0x00, 0x07, 0xE0, 0x00, 0x00, 0x00, 0x00, 0x00, 0x00, 0x03, 0xC0, 0x00, 0x00, 0x00, 
    0x00, 0x00, 0x00, 0x00, 0x00, 0x00, 0x00, 0x00, 0x00, 0x00, 0x00, 0x00, 0x00, 0x00, 0x00, 0x00, 
    0x00, 0x00, 0x00, 0x00, 0x00, 0x00, 0x00, 0x00, 0x00, 0x00, 0x00, 0x00, 0x00, 0x00, 0x00, 0x00, 
    0x00, 0x00, 0x00, 0x00, 0x00, 0x00, 0x00, 0x00, 0x00, 0x00, 0x00, 0x00, 0x00, 0x00, 0x00, 0x00, 
      },
  {
    0x00, 0x00, 0x00, 0x00, 0x00, 0x00, 0x00, 0x00, 0x00, 0x00, 0x00, 0x00, 0x00, 0x00, 0x00, 0x00, 
    0x00, 0x00, 0x00, 0x00, 0x00, 0x00, 0x00, 0x00, 0x00, 0x00, 0x00, 0x00, 0x00, 0x00, 0x00, 0x00, 
    0x00, 0x00, 0x00, 0x00, 0x00, 0x00, 0x00, 0x00, 0x00, 0x00, 0x00, 0x00, 0x00, 0x00, 0x00, 0x00, 
    0x00, 0x00, 0x00, 0xFC, 0x00, 0x00, 0x00, 0x00, 0x00, 0x00, 0x03, 0xFF, 0x80, 0x00, 0x00, 0x00, 
    0x00, 0x00, 0x0F, 0xFF, 0xC0, 0x00, 0x00, 0x00, 0x00, 0x00, 0x1E, 0x00, 0xFE, 0x00, 0x00, 0x00, 
    0x00, 0x00, 0x3C, 0x00, 0x7F, 0xC0, 0x00, 0x00, 0x00, 0x00, 0x78, 0x00, 0x3F, 0xE0, 0x00, 0x00, 
    0x00, 0x00, 0x70, 0x00, 0x00, 0xF0, 0x00, 0x00, 0x00, 0x00, 0xE0, 0x00, 0x00, 0x38, 0x00, 0x00, 
    0x00, 0x00, 0xC0, 0x00, 0x00, 0x1C, 0x00, 0x00, 0x00, 0x00, 0xF0, 0x00, 0x00, 0x1E, 0x00, 0x00, 
    0x00, 0x03, 0xFC, 0x01, 0x80, 0x3F, 0xC0, 0x00, 0x00, 0x0F, 0xFC, 0x01, 0xC0, 0x3F, 0xF0, 0x00, 
    0x00, 0x1E, 0x00, 0x01, 0xC0, 0x00, 0x78, 0x00, 0x00, 0x1C, 0x00, 0x01, 0xC0, 0x00, 0x38, 0x00, 
    0x00, 0x38, 0x00, 0x01, 0xC0, 0x00, 0x1C, 0x00, 0x00, 0x30, 0x00, 0x01, 0xC0, 0x00, 0x0C, 0x00, 
    0x00, 0x70, 0x00, 0x09, 0xC8, 0x00, 0x0E, 0x00, 0x00, 0x70, 0x00, 0x1F, 0xF8, 0x00, 0x0E, 0x00, 
    0x00, 0x70, 0x00, 0x0F, 0xF8, 0x00, 0x0E, 0x00, 0x00, 0x70, 0x00, 0x07, 0xE0, 0x00, 0x0E, 0x00, 
    0x00, 0x30, 0x00, 0x01, 0xC0, 0x00, 0x0C, 0x00, 0x00, 0x38, 0x00, 0x00, 0x00, 0x00, 0x1C, 0x00, 
    0x00, 0x38, 0x00, 0x00, 0x00, 0x00, 0x1C, 0x00, 0x00, 0x1C, 0x00, 0x00, 0x00, 0x00, 0x38, 0x00, 
    0x00, 0x0F, 0x00, 0x00, 0x00, 0x00, 0xF0, 0x00, 0x00, 0x07, 0xFF, 0xFF, 0xFF, 0xFF, 0xE0, 0x00, 
    0x00, 0x01, 0xFF, 0xFF, 0xFF, 0xFF, 0x80, 0x00, 0x00, 0x00, 0x03, 0x01, 0x80, 0xC0, 0x00, 0x00, 
    0x00, 0x00, 0x03, 0x01, 0x80, 0xC0, 0x00, 0x00, 0x00, 0x00, 0x03, 0x01, 0x80, 0xC0, 0x00, 0x00, 
    0x00, 0x00, 0x03, 0x01, 0x80, 0xC0, 0x00, 0x00, 0x00, 0x00, 0x03, 0x01, 0x80, 0xC0, 0x00, 0x00, 
    0x00, 0x00, 0x03, 0x01, 0x80, 0xC0, 0x00, 0x00, 0x00, 0x00, 0x03, 0x01, 0x80, 0xC0, 0x00, 0x00, 
    0x00, 0x00, 0x03, 0x01, 0x80, 0xC0, 0x00, 0x00, 0x00, 0x00, 0x03, 0x01, 0x80, 0xC0, 0x00, 0x00, 
    0x00, 0x00, 0x03, 0x01, 0x80, 0xC0, 0x00, 0x00, 0x00, 0x0E, 0x03, 0x01, 0x80, 0xC0, 0x70, 0x00, 
    0x00, 0x3F, 0x03, 0x01, 0x80, 0xC0, 0xFC, 0x00, 0x00, 0x3F, 0x83, 0x01, 0x80, 0xC1, 0xFC, 0x00, 
    0x00, 0x71, 0xFF, 0x01, 0x80, 0xFF, 0x8E, 0x00, 0x00, 0x61, 0xFF, 0x01, 0x80, 0xFF, 0x86, 0x00, 
    0x00, 0x71, 0xFE, 0x01, 0x80, 0x7F, 0x8E, 0x00, 0x00, 0x3F, 0x80, 0x01, 0x80, 0x01, 0xFC, 0x00, 
    0x00, 0x3F, 0x00, 0x03, 0xC0, 0x00, 0xFC, 0x00, 0x00, 0x0E, 0x00, 0x07, 0xE0, 0x00, 0x70, 0x00, 
    0x00, 0x00, 0x00, 0x0E, 0x70, 0x00, 0x00, 0x00, 0x00, 0x00, 0x00, 0x0C, 0x30, 0x00, 0x00, 0x00, 
    0x00, 0x00, 0x00, 0x0C, 0x30, 0x00, 0x00, 0x00, 0x00, 0x00, 0x00, 0x0E, 0x70, 0x00, 0x00, 0x00, 
    0x00, 0x00, 0x00, 0x07, 0xE0, 0x00, 0x00, 0x00, 0x00, 0x00, 0x00, 0x03, 0xC0, 0x00, 0x00, 0x00, 
    0x00, 0x00, 0x00, 0x00, 0x00, 0x00, 0x00, 0x00, 0x00, 0x00, 0x00, 0x00, 0x00, 0x00, 0x00, 0x00, 
    0x00, 0x00, 0x00, 0x00, 0x00, 0x00, 0x00, 0x00, 0x00, 0x00, 0x00, 0x00, 0x00, 0x00, 0x00, 0x00, 
    0x00, 0x00, 0x00, 0x00, 0x00, 0x00, 0x00, 0x00, 0x00, 0x00, 0x00, 0x00, 0x00, 0x00, 0x00, 0x00, 
      },
  {
    0x00, 0x00, 0x00, 0x00, 0x00, 0x00, 0x00, 0x00, 0x00, 0x00, 0x00, 0x00, 0x00, 0x00, 0x00, 0x00, 
    0x00, 0x00, 0x00, 0x00, 0x00, 0x00, 0x00, 0x00, 0x00, 0x00, 0x00, 0x00, 0x00, 0x00, 0x00, 0x00, 
    0x00, 0x00, 0x00, 0x00, 0x00, 0x00, 0x00, 0x00, 0x00, 0x00, 0x00, 0x00, 0x00, 0x00, 0x00, 0x00, 
    0x00, 0x00, 0x00, 0xFC, 0x00, 0x00, 0x00, 0x00, 0x00, 0x00, 0x03, 0xFF, 0x80, 0x00, 0x00, 0x00, 
    0x00, 0x00, 0x0F, 0xFF, 0xC0, 0x00, 0x00, 0x00, 0x00, 0x00, 0x1E, 0x00, 0xFE, 0x00, 0x00, 0x00, 
    0x00, 0x00, 0x3C, 0x00, 0x7F, 0xC0, 0x00, 0x00, 0x00, 0x00, 0x78, 0x00, 0x3F, 0xE0, 0x00, 0x00, 
    0x00, 0x00, 0x70, 0x00, 0x00, 0xF0, 0x00, 0x00, 0x00, 0x00, 0xE0, 0x00, 0x00, 0x38, 0x00, 0x00, 
    0x00, 0x00, 0xC0, 0x00, 0x00, 0x1C, 0x00, 0x00, 0x00, 0x00, 0xF0, 0x00, 0x80, 0x1E, 0x00, 0x00, 
    0x00, 0x03, 0xFC, 0x01, 0xC0, 0x3F, 0xC0, 0x00, 0x00, 0x0F, 0xFC, 0x01, 0xC0, 0x3F, 0xF0, 0x00, 
    0x00, 0x1E, 0x00, 0x01, 0xC0, 0x00, 0x78, 0x00, 0x00, 0x1C, 0x00, 0x01, 0xC0, 0x00, 0x38, 0x00, 
    0x00, 0x38, 0x00, 0x01, 0xC0, 0x00, 0x1C, 0x00, 0x00, 0x30, 0x00, 0x01, 0xC0, 0x00, 0x0C, 0x00, 
    0x00, 0x70, 0x00, 0x1D, 0xD8, 0x00, 0x0E, 0x00, 0x00, 0x70, 0x00, 0x0F, 0xF8, 0x00, 0x0E, 0x00, 
    0x00, 0x70, 0x00, 0x07, 0xF0, 0x00, 0x0E, 0x00, 0x00, 0x70, 0x00, 0x03, 0xE0, 0x00, 0x0E, 0x00, 
    0x00, 0x30, 0x00, 0x00, 0x80, 0x00, 0x0C, 0x00, 0x00, 0x38, 0x00, 0x00, 0x00, 0x00, 0x1C, 0x00, 
    0x00, 0x38, 0x00, 0x00, 0x00, 0x00, 0x1C, 0x00, 0x00, 0x1C, 0x00, 0x00, 0x00, 0x00, 0x38, 0x00, 
    0x00, 0x0F, 0x00, 0x00, 0x00, 0x00, 0xF0, 0x00, 0x00, 0x07, 0xFF, 0xFF, 0xFF, 0xFF, 0xE0, 0x00, 
    0x00, 0x01, 0xFF, 0xFF, 0xFF, 0xFF, 0x80, 0x00, 0x00, 0x00, 0x03, 0x01, 0x80, 0xC0, 0x00, 0x00, 
    0x00, 0x00, 0x03, 0x01, 0x80, 0xC0, 0x00, 0x00, 0x00, 0x00, 0x03, 0x01, 0x80, 0xC0, 0x00, 0x00, 
    0x00, 0x00, 0x03, 0x01, 0x80, 0xC0, 0x00, 0x00, 0x00, 0x00, 0x03, 0x01, 0x80, 0xC0, 0x00, 0x00, 
    0x00, 0x00, 0x03, 0x01, 0x80, 0xC0, 0x00, 0x00, 0x00, 0x00, 0x03, 0x01, 0x80, 0xC0, 0x00, 0x00, 
    0x00, 0x00, 0x03, 0x01, 0x80, 0xC0, 0x00, 0x00, 0x00, 0x00, 0x03, 0x01, 0x80, 0xC0, 0x00, 0x00, 
    0x00, 0x00, 0x03, 0x01, 0x80, 0xC0, 0x00, 0x00, 0x00, 0x0E, 0x03, 0x01, 0x80, 0xC0, 0x70, 0x00, 
    0x00, 0x3F, 0x03, 0x01, 0x80, 0xC0, 0xFC, 0x00, 0x00, 0x3F, 0x83, 0x01, 0x80, 0xC1, 0xFC, 0x00, 
    0x00, 0x71, 0xFF, 0x01, 0x80, 0xFF, 0x8E, 0x00, 0x00, 0x61, 0xFF, 0x01, 0x80, 0xFF, 0x86, 0x00, 
    0x00, 0x71, 0xFE, 0x01, 0x80, 0x7F, 0x8E, 0x00, 0x00, 0x3F, 0x80, 0x01, 0x80, 0x01, 0xFC, 0x00, 
    0x00, 0x3F, 0x00, 0x03, 0xC0, 0x00, 0xFC, 0x00, 0x00, 0x0E, 0x00, 0x07, 0xE0, 0x00, 0x70, 0x00, 
    0x00, 0x00, 0x00, 0x0E, 0x70, 0x00, 0x00, 0x00, 0x00, 0x00, 0x00, 0x0C, 0x30, 0x00, 0x00, 0x00, 
    0x00, 0x00, 0x00, 0x0C, 0x30, 0x00, 0x00, 0x00, 0x00, 0x00, 0x00, 0x0E, 0x70, 0x00, 0x00, 0x00, 
    0x00, 0x00, 0x00, 0x07, 0xE0, 0x00, 0x00, 0x00, 0x00, 0x00, 0x00, 0x03, 0xC0, 0x00, 0x00, 0x00, 
    0x00, 0x00, 0x00, 0x00, 0x00, 0x00, 0x00, 0x00, 0x00, 0x00, 0x00, 0x00, 0x00, 0x00, 0x00, 0x00, 
    0x00, 0x00, 0x00, 0x00, 0x00, 0x00, 0x00, 0x00, 0x00, 0x00, 0x00, 0x00, 0x00, 0x00, 0x00, 0x00, 
    0x00, 0x00, 0x00, 0x00, 0x00, 0x00, 0x00, 0x00, 0x00, 0x00, 0x00, 0x00, 0x00, 0x00, 0x00, 0x00, 
      },
  {
    0x00, 0x00, 0x00, 0x00, 0x00, 0x00, 0x00, 0x00, 0x00, 0x00, 0x00, 0x00, 0x00, 0x00, 0x00, 0x00, 
    0x00, 0x00, 0x00, 0x00, 0x00, 0x00, 0x00, 0x00, 0x00, 0x00, 0x00, 0x00, 0x00, 0x00, 0x00, 0x00, 
    0x00, 0x00, 0x00, 0x00, 0x00, 0x00, 0x00, 0x00, 0x00, 0x00, 0x00, 0x00, 0x00, 0x00, 0x00, 0x00, 
    0x00, 0x00, 0x00, 0xFC, 0x00, 0x00, 0x00, 0x00, 0x00, 0x00, 0x03, 0xFF, 0x80, 0x00, 0x00, 0x00, 
    0x00, 0x00, 0x0F, 0xFF, 0xC0, 0x00, 0x00, 0x00, 0x00, 0x00, 0x1E, 0x00, 0xFE, 0x00, 0x00, 0x00, 
    0x00, 0x00, 0x3C, 0x00, 0x7F, 0xC0, 0x00, 0x00, 0x00, 0x00, 0x78, 0x00, 0x3F, 0xE0, 0x00, 0x00, 
    0x00, 0x00, 0x70, 0x00, 0x00, 0xF0, 0x00, 0x00, 0x00, 0x00, 0xE0, 0x00, 0x00, 0x38, 0x00, 0x00, 
    0x00, 0x00, 0xC0, 0x00, 0x80, 0x1C, 0x00, 0x00, 0x00, 0x00, 0xF0, 0x01, 0xC0, 0x1E, 0x00, 0x00, 
    0x00, 0x03, 0xFC, 0x01, 0xC0, 0x3F, 0xC0, 0x00, 0x00, 0x0F, 0xFC, 0x01, 0xC0, 0x3F, 0xF0, 0x00, 
    0x00, 0x1E, 0x00, 0x01, 0xC0, 0x00, 0x78, 0x00, 0x00, 0x1C, 0x00, 0x01, 0xC0, 0x00, 0x38, 0x00, 
    0x00, 0x38, 0x00, 0x01, 0xC0, 0x00, 0x1C, 0x00, 0x00, 0x30, 0x00, 0x1D, 0xD8, 0x00, 0x0C, 0x00, 
    0x00, 0x70, 0x00, 0x1F, 0xF8, 0x00, 0x0E, 0x00, 0x00, 0x70, 0x00, 0x0F, 0xF0, 0x00, 0x0E, 0x00, 
    0x00, 0x70, 0x00, 0x03, 0xE0, 0x00, 0x0E, 0x00, 0x00, 0x70, 0x00, 0x01, 0xC0, 0x00, 0x0E, 0x00, 
    0x00, 0x30, 0x00, 0x00, 0x00, 0x00, 0x0C, 0x00, 0x00, 0x38, 0x00, 0x00, 0x00, 0x00, 0x1C, 0x00, 
    0x00, 0x38, 0x00, 0x00, 0x00, 0x00, 0x1C, 0x00, 0x00, 0x1C, 0x00, 0x00, 0x00, 0x00, 0x38, 0x00, 
    0x00, 0x0F, 0x00, 0x00, 0x00, 0x00, 0xF0, 0x00, 0x00, 0x07, 0xFF, 0xFF, 0xFF, 0xFF, 0xE0, 0x00, 
    0x00, 0x01, 0xFF, 0xFF, 0xFF, 0xFF, 0x80, 0x00, 0x00, 0x00, 0x03, 0x01, 0x80, 0xC0, 0x00, 0x00, 
    0x00, 0x00, 0x03, 0x01, 0x80, 0xC0, 0x00, 0x00, 0x00, 0x00, 0x03, 0x01, 0x80, 0xC0, 0x00, 0x00, 
    0x00, 0x00, 0x03, 0x01, 0x80, 0xC0, 0x00, 0x00, 0x00, 0x00, 0x03, 0x01, 0x80, 0xC0, 0x00, 0x00, 
    0x00, 0x00, 0x03, 0x01, 0x80, 0xC0, 0x00, 0x00, 0x00, 0x00, 0x03, 0x01, 0x80, 0xC0, 0x00, 0x00, 
    0x00, 0x00, 0x03, 0x01, 0x80, 0xC0, 0x00, 0x00, 0x00, 0x00, 0x03, 0x01, 0x80, 0xC0, 0x00, 0x00, 
    0x00, 0x00, 0x03, 0x01, 0x80, 0xC0, 0x00, 0x00, 0x00, 0x0E, 0x03, 0x01, 0x80, 0xC0, 0x70, 0x00, 
    0x00, 0x3F, 0x03, 0x01, 0x80, 0xC0, 0xFC, 0x00, 0x00, 0x3F, 0x83, 0x01, 0x80, 0xC1, 0xFC, 0x00, 
    0x00, 0x71, 0xFF, 0x01, 0x80, 0xFF, 0x8E, 0x00, 0x00, 0x61, 0xFF, 0x01, 0x80, 0xFF, 0x86, 0x00, 
    0x00, 0x71, 0xFE, 0x01, 0x80, 0x7F, 0x8E, 0x00, 0x00, 0x3F, 0x80, 0x01, 0x80, 0x01, 0xFC, 0x00, 
    0x00, 0x3F, 0x00, 0x03, 0xC0, 0x00, 0xFC, 0x00, 0x00, 0x0E, 0x00, 0x07, 0xE0, 0x00, 0x70, 0x00, 
    0x00, 0x00, 0x00, 0x0E, 0x70, 0x00, 0x00, 0x00, 0x00, 0x00, 0x00, 0x0C, 0x30, 0x00, 0x00, 0x00, 
    0x00, 0x00, 0x00, 0x0C, 0x30, 0x00, 0x00, 0x00, 0x00, 0x00, 0x00, 0x0E, 0x70, 0x00, 0x00, 0x00, 
    0x00, 0x00, 0x00, 0x07, 0xE0, 0x00, 0x00, 0x00, 0x00, 0x00, 0x00, 0x03, 0xC0, 0x00, 0x00, 0x00, 
    0x00, 0x00, 0x00, 0x00, 0x00, 0x00, 0x00, 0x00, 0x00, 0x00, 0x00, 0x00, 0x00, 0x00, 0x00, 0x00, 
    0x00, 0x00, 0x00, 0x00, 0x00, 0x00, 0x00, 0x00, 0x00, 0x00, 0x00, 0x00, 0x00, 0x00, 0x00, 0x00, 
    0x00, 0x00, 0x00, 0x00, 0x00, 0x00, 0x00, 0x00, 0x00, 0x00, 0x00, 0x00, 0x00, 0x00, 0x00, 0x00, 
      },
  {
    0x00, 0x00, 0x00, 0x00, 0x00, 0x00, 0x00, 0x00, 0x00, 0x00, 0x00, 0x00, 0x00, 0x00, 0x00, 0x00, 
    0x00, 0x00, 0x00, 0x00, 0x00, 0x00, 0x00, 0x00, 0x00, 0x00, 0x00, 0x00, 0x00, 0x00, 0x00, 0x00, 
    0x00, 0x00, 0x00, 0x00, 0x00, 0x00, 0x00, 0x00, 0x00, 0x00, 0x00, 0x00, 0x00, 0x00, 0x00, 0x00, 
    0x00, 0x00, 0x00, 0xFC, 0x00, 0x00, 0x00, 0x00, 0x00, 0x00, 0x03, 0xFF, 0x80, 0x00, 0x00, 0x00, 
    0x00, 0x00, 0x0F, 0xFF, 0xC0, 0x00, 0x00, 0x00, 0x00, 0x00, 0x1E, 0x00, 0xFE, 0x00, 0x00, 0x00, 
    0x00, 0x00, 0x3C, 0x00, 0x7F, 0xC0, 0x00, 0x00, 0x00, 0x00, 0x78, 0x00, 0x3F, 0xE0, 0x00, 0x00, 
    0x00, 0x00, 0x70, 0x00, 0x00, 0xF0, 0x00, 0x00, 0x00, 0x00, 0xE0, 0x00, 0x00, 0x38, 0x00, 0x00, 
    0x00, 0x00, 0xC0, 0x01, 0x80, 0x1C, 0x00, 0x00, 0x00, 0x00, 0xF0, 0x01, 0xC0, 0x1E, 0x00, 0x00, 
    0x00, 0x03, 0xFC, 0x01, 0xC0, 0x3F, 0xC0, 0x00, 0x00, 0x0F, 0xFC, 0x01, 0xC0, 0x3F, 0xF0, 0x00, 
    0x00, 0x1E, 0x00, 0x01, 0xC0, 0x00, 0x78, 0x00, 0x00, 0x1C, 0x00, 0x01, 0xC0, 0x00, 0x38, 0x00, 
    0x00, 0x38, 0x00, 0x09, 0xC8, 0x00, 0x1C, 0x00, 0x00, 0x30, 0x00, 0x1D, 0xF8, 0x00, 0x0C, 0x00, 
    0x00, 0x70, 0x00, 0x0F, 0xF8, 0x00, 0x0E, 0x00, 0x00, 0x70, 0x00, 0x07, 0xF0, 0x00, 0x0E, 0x00, 
    0x00, 0x70, 0x00, 0x01, 0xC0, 0x00, 0x0E, 0x00, 0x00, 0x70, 0x00, 0x00, 0x80, 0x00, 0x0E, 0x00, 
    0x00, 0x30, 0x00, 0x00, 0x00, 0x00, 0x0C, 0x00, 0x00, 0x38, 0x00, 0x00, 0x00, 0x00, 0x1C, 0x00, 
    0x00, 0x38, 0x00, 0x00, 0x00, 0x00, 0x1C, 0x00, 0x00, 0x1C, 0x00, 0x00, 0x00, 0x00, 0x38, 0x00, 
    0x00, 0x0F, 0x00, 0x00, 0x00, 0x00, 0xF0, 0x00, 0x00, 0x07, 0xFF, 0xFF, 0xFF, 0xFF, 0xE0, 0x00, 
    0x00, 0x01, 0xFF, 0xFF, 0xFF, 0xFF, 0x80, 0x00, 0x00, 0x00, 0x03, 0x01, 0x80, 0xC0, 0x00, 0x00, 
    0x00, 0x00, 0x03, 0x01, 0x80, 0xC0, 0x00, 0x00, 0x00, 0x00, 0x03, 0x01, 0x80, 0xC0, 0x00, 0x00, 
    0x00, 0x00, 0x03, 0x01, 0x80, 0xC0, 0x00, 0x00, 0x00, 0x00, 0x03, 0x01, 0x80, 0xC0, 0x00, 0x00, 
    0x00, 0x00, 0x03, 0x01, 0x80, 0xC0, 0x00, 0x00, 0x00, 0x00, 0x03, 0x01, 0x80, 0xC0, 0x00, 0x00, 
    0x00, 0x00, 0x03, 0x01, 0x80, 0xC0, 0x00, 0x00, 0x00, 0x00, 0x03, 0x01, 0x80, 0xC0, 0x00, 0x00, 
    0x00, 0x00, 0x03, 0x01, 0x80, 0xC0, 0x00, 0x00, 0x00, 0x0E, 0x03, 0x01, 0x80, 0xC0, 0x70, 0x00, 
    0x00, 0x3F, 0x03, 0x01, 0x80, 0xC0, 0xFC, 0x00, 0x00, 0x3F, 0x83, 0x01, 0x80, 0xC1, 0xFC, 0x00, 
    0x00, 0x71, 0xFF, 0x01, 0x80, 0xFF, 0x8E, 0x00, 0x00, 0x61, 0xFF, 0x01, 0x80, 0xFF, 0x86, 0x00, 
    0x00, 0x71, 0xFE, 0x01, 0x80, 0x7F, 0x8E, 0x00, 0x00, 0x3F, 0x80, 0x01, 0x80, 0x01, 0xFC, 0x00, 
    0x00, 0x3F, 0x00, 0x03, 0xC0, 0x00, 0xFC, 0x00, 0x00, 0x0E, 0x00, 0x07, 0xE0, 0x00, 0x70, 0x00, 
    0x00, 0x00, 0x00, 0x0E, 0x70, 0x00, 0x00, 0x00, 0x00, 0x00, 0x00, 0x0C, 0x30, 0x00, 0x00, 0x00, 
    0x00, 0x00, 0x00, 0x0C, 0x30, 0x00, 0x00, 0x00, 0x00, 0x00, 0x00, 0x0E, 0x70, 0x00, 0x00, 0x00, 
    0x00, 0x00, 0x00, 0x07, 0xE0, 0x00, 0x00, 0x00, 0x00, 0x00, 0x00, 0x03, 0xC0, 0x00, 0x00, 0x00, 
    0x00, 0x00, 0x00, 0x00, 0x00, 0x00, 0x00, 0x00, 0x00, 0x00, 0x00, 0x00, 0x00, 0x00, 0x00, 0x00, 
    0x00, 0x00, 0x00, 0x00, 0x00, 0x00, 0x00, 0x00, 0x00, 0x00, 0x00, 0x00, 0x00, 0x00, 0x00, 0x00, 
    0x00, 0x00, 0x00, 0x00, 0x00, 0x00, 0x00, 0x00, 0x00, 0x00, 0x00, 0x00, 0x00, 0x00, 0x00, 0x00, 
      },
  {
    0x00, 0x00, 0x00, 0x00, 0x00, 0x00, 0x00, 0x00, 0x00, 0x00, 0x00, 0x00, 0x00, 0x00, 0x00, 0x00, 
    0x00, 0x00, 0x00, 0x00, 0x00, 0x00, 0x00, 0x00, 0x00, 0x00, 0x00, 0x00, 0x00, 0x00, 0x00, 0x00, 
    0x00, 0x00, 0x00, 0x00, 0x00, 0x00, 0x00, 0x00, 0x00, 0x00, 0x00, 0x00, 0x00, 0x00, 0x00, 0x00, 
    0x00, 0x00, 0x00, 0xFC, 0x00, 0x00, 0x00, 0x00, 0x00, 0x00, 0x03, 0xFF, 0x80, 0x00, 0x00, 0x00, 
    0x00, 0x00, 0x0F, 0xFF, 0xC0, 0x00, 0x00, 0x00, 0x00, 0x00, 0x1E, 0x00, 0xFE, 0x00, 0x00, 0x00, 
    0x00, 0x00, 0x3C, 0x00, 0x7F, 0xC0, 0x00, 0x00, 0x00, 0x00, 0x78, 0x00, 0x3F, 0xE0, 0x00, 0x00, 
    0x00, 0x00, 0x70, 0x00, 0x00, 0xF0, 0x00, 0x00, 0x00, 0x00, 0xE0, 0x00, 0x80, 0x38, 0x00, 0x00, 
    0x00, 0x00, 0xC0, 0x01, 0xC0, 0x1C, 0x00, 0x00, 0x00, 0x00, 0xF0, 0x01, 0xC0, 0x1E, 0x00, 0x00, 
    0x00, 0x03, 0xFC, 0x01, 0xC0, 0x3F, 0xC0, 0x00, 0x00, 0x0F, 0xFC, 0x01, 0xC0, 0x3F, 0xF0, 0x00, 
    0x00, 0x1E, 0x00, 0x01, 0xC0, 0x00, 0x78, 0x00, 0x00, 0x1C, 0x00, 0x01, 0xC0, 0x00, 0x38, 0x00, 
    0x00, 0x38, 0x00, 0x1D, 0xD8, 0x00, 0x1C, 0x00, 0x00, 0x30, 0x00, 0x1F, 0xF8, 0x00, 0x0C, 0x00, 
    0x00, 0x70, 0x00, 0x07, 0xF0, 0x00, 0x0E, 0x00, 0x00, 0x70, 0x00, 0x03, 0xE0, 0x00, 0x0E, 0x00, 
    0x00, 0x70, 0x00, 0x01, 0xC0, 0x00, 0x0E, 0x00, 0x00, 0x70, 0x00, 0x00, 0x00, 0x00, 0x0E, 0x00, 
    0x00, 0x30, 0x00, 0x00, 0x00, 0x00, 0x0C, 0x00, 0x00, 0x38, 0x00, 0x00, 0x00, 0x00, 0x1C, 0x00, 
    0x00, 0x38, 0x00, 0x00, 0x00, 0x00, 0x1C, 0x00, 0x00, 0x1C, 0x00, 0x00, 0x00, 0x00, 0x38, 0x00, 
    0x00, 0x0F, 0x00, 0x00, 0x00, 0x00, 0xF0, 0x00, 0x00, 0x07, 0xFF, 0xFF, 0xFF, 0xFF, 0xE0, 0x00, 
    0x00, 0x01, 0xFF, 0xFF, 0xFF, 0xFF, 0x80, 0x00, 0x00, 0x00, 0x03, 0x01, 0x80, 0xC0, 0x00, 0x00, 
    0x00, 0x00, 0x03, 0x01, 0x80, 0xC0, 0x00, 0x00, 0x00, 0x00, 0x03, 0x01, 0x80, 0xC0, 0x00, 0x00, 
    0x00, 0x00, 0x03, 0x01, 0x80, 0xC0, 0x00, 0x00, 0x00, 0x00, 0x03, 0x01, 0x80, 0xC0, 0x00, 0x00, 
    0x00, 0x00, 0x03, 0x01, 0x80, 0xC0, 0x00, 0x00, 0x00, 0x00, 0x03, 0x01, 0x80, 0xC0, 0x00, 0x00, 
    0x00, 0x00, 0x03, 0x01, 0x80, 0xC0, 0x00, 0x00, 0x00, 0x00, 0x03, 0x01, 0x80, 0xC0, 0x00, 0x00, 
    0x00, 0x00, 0x03, 0x01, 0x80, 0xC0, 0x00, 0x00, 0x00, 0x0E, 0x03, 0x01, 0x80, 0xC0, 0x70, 0x00, 
    0x00, 0x3F, 0x03, 0x01, 0x80, 0xC0, 0xFC, 0x00, 0x00, 0x3F, 0x83, 0x01, 0x80, 0xC1, 0xFC, 0x00, 
    0x00, 0x71, 0xFF, 0x01, 0x80, 0xFF, 0x8E, 0x00, 0x00, 0x61, 0xFF, 0x01, 0x80, 0xFF, 0x86, 0x00, 
    0x00, 0x71, 0xFE, 0x01, 0x80, 0x7F, 0x8E, 0x00, 0x00, 0x3F, 0x80, 0x01, 0x80, 0x01, 0xFC, 0x00, 
    0x00, 0x3F, 0x00, 0x03, 0xC0, 0x00, 0xFC, 0x00, 0x00, 0x0E, 0x00, 0x07, 0xE0, 0x00, 0x70, 0x00, 
    0x00, 0x00, 0x00, 0x0E, 0x70, 0x00, 0x00, 0x00, 0x00, 0x00, 0x00, 0x0C, 0x30, 0x00, 0x00, 0x00, 
    0x00, 0x00, 0x00, 0x0C, 0x30, 0x00, 0x00, 0x00, 0x00, 0x00, 0x00, 0x0E, 0x70, 0x00, 0x00, 0x00, 
    0x00, 0x00, 0x00, 0x07, 0xE0, 0x00, 0x00, 0x00, 0x00, 0x00, 0x00, 0x03, 0xC0, 0x00, 0x00, 0x00, 
    0x00, 0x00, 0x00, 0x00, 0x00, 0x00, 0x00, 0x00, 0x00, 0x00, 0x00, 0x00, 0x00, 0x00, 0x00, 0x00, 
    0x00, 0x00, 0x00, 0x00, 0x00, 0x00, 0x00, 0x00, 0x00, 0x00, 0x00, 0x00, 0x00, 0x00, 0x00, 0x00, 
    0x00, 0x00, 0x00, 0x00, 0x00, 0x00, 0x00, 0x00, 0x00, 0x00, 0x00, 0x00, 0x00, 0x00, 0x00, 0x00, 
      },
  {
    0x00, 0x00, 0x00, 0x00, 0x00, 0x00, 0x00, 0x00, 0x00, 0x00, 0x00, 0x00, 0x00, 0x00, 0x00, 0x00, 
    0x00, 0x00, 0x00, 0x00, 0x00, 0x00, 0x00, 0x00, 0x00, 0x00, 0x00, 0x00, 0x00, 0x00, 0x00, 0x00, 
    0x00, 0x00, 0x00, 0x00, 0x00, 0x00, 0x00, 0x00, 0x00, 0x00, 0x00, 0x00, 0x00, 0x00, 0x00, 0x00, 
    0x00, 0x00, 0x00, 0xFC, 0x00, 0x00, 0x00, 0x00, 0x00, 0x00, 0x03, 0xFF, 0x80, 0x00, 0x00, 0x00, 
    0x00, 0x00, 0x0F, 0xFF, 0xC0, 0x00, 0x00, 0x00, 0x00, 0x00, 0x1E, 0x00, 0xFE, 0x00, 0x00, 0x00, 
    0x00, 0x00, 0x3C, 0x00, 0x7F, 0xC0, 0x00, 0x00, 0x00, 0x00, 0x78, 0x00, 0x3F, 0xE0, 0x00, 0x00, 
    0x00, 0x00, 0x70, 0x00, 0x00, 0xF0, 0x00, 0x00, 0x00, 0x00, 0xE0, 0x00, 0x80, 0x38, 0x00, 0x00, 
    0x00, 0x00, 0xC0, 0x01, 0xC0, 0x1C, 0x00, 0x00, 0x00, 0x00, 0xF0, 0x01, 0xC0, 0x1E, 0x00, 0x00, 
    0x00, 0x03, 0xFC, 0x01, 0xC0, 0x3F, 0xC0, 0x00, 0x00, 0x0F, 0xFC, 0x01, 0xC0, 0x3F, 0xF0, 0x00, 
    0x00, 0x1E, 0x00, 0x01, 0xC0, 0x00, 0x78, 0x00, 0x00, 0x1C, 0x00, 0x01, 0xC0, 0x00, 0x38, 0x00, 
    0x00, 0x38, 0x00, 0x1D, 0xD8, 0x00, 0x1C, 0x00, 0x00, 0x30, 0x00, 0x0F, 0xF8, 0x00, 0x0C, 0x00, 
    0x00, 0x70, 0x00, 0x07, 0xF0, 0x00, 0x0E, 0x00, 0x00, 0x70, 0x00, 0x03, 0xE0, 0x00, 0x0E, 0x00, 
    0x00, 0x70, 0x00, 0x01, 0xC0, 0x00, 0x0E, 0x00, 0x00, 0x70, 0x00, 0x00, 0x00, 0x00, 0x0E, 0x00, 
    0x00, 0x30, 0x00, 0x00, 0x00, 0x00, 0x0C, 0x00, 0x00, 0x38, 0x00, 0x00, 0x00, 0x00, 0x1C, 0x00, 
    0x00, 0x38, 0x00, 0x00, 0x00, 0x00, 0x1C, 0x00, 0x00, 0x1C, 0x00, 0x00, 0x00, 0x00, 0x38, 0x00, 
    0x00, 0x0F, 0x00, 0x00, 0x00, 0x00, 0xF0, 0x00, 0x00, 0x07, 0xFF, 0xFF, 0xFF, 0xFF, 0xE0, 0x00, 
    0x00, 0x01, 0xFF, 0xFF, 0xFF, 0xFF, 0x80, 0x00, 0x00, 0x00, 0x03, 0x01, 0x80, 0xC0, 0x00, 0x00, 
    0x00, 0x00, 0x03, 0x01, 0x80, 0xC0, 0x00, 0x00, 0x00, 0x00, 0x03, 0x01, 0x80, 0xC0, 0x00, 0x00, 
    0x00, 0x00, 0x03, 0x01, 0x80, 0xC0, 0x00, 0x00, 0x00, 0x00, 0x03, 0x01, 0x80, 0xC0, 0x00, 0x00, 
    0x00, 0x00, 0x03, 0x01, 0x80, 0xC0, 0x00, 0x00, 0x00, 0x00, 0x03, 0x01, 0x80, 0xC0, 0x00, 0x00, 
    0x00, 0x00, 0x03, 0x01, 0x80, 0xC0, 0x00, 0x00, 0x00, 0x00, 0x03, 0x01, 0x80, 0xC0, 0x00, 0x00, 
    0x00, 0x00, 0x03, 0x01, 0x80, 0xC0, 0x00, 0x00, 0x00, 0x0E, 0x03, 0x01, 0x80, 0xC0, 0x70, 0x00, 
    0x00, 0x3F, 0x03, 0x01, 0x80, 0xC0, 0xFC, 0x00, 0x00, 0x3F, 0x83, 0x01, 0x80, 0xC1, 0xFC, 0x00, 
    0x00, 0x71, 0xFF, 0x01, 0x80, 0xFF, 0x8E, 0x00, 0x00, 0x61, 0xFF, 0x01, 0x80, 0xFF, 0x86, 0x00, 
    0x00, 0x71, 0xFE, 0x01, 0x80, 0x7F, 0x8E, 0x00, 0x00, 0x3F, 0x80, 0x01, 0x80, 0x01, 0xFC, 0x00, 
    0x00, 0x3F, 0x00, 0x03, 0xC0, 0x00, 0xFC, 0x00, 0x00, 0x0E, 0x00, 0x07, 0xE0, 0x00, 0x70, 0x00, 
    0x00, 0x00, 0x00, 0x0E, 0x70, 0x00, 0x00, 0x00, 0x00, 0x00, 0x00, 0x0C, 0x30, 0x00, 0x00, 0x00, 
    0x00, 0x00, 0x00, 0x0C, 0x30, 0x00, 0x00, 0x00, 0x00, 0x00, 0x00, 0x0E, 0x70, 0x00, 0x00, 0x00, 
    0x00, 0x00, 0x00, 0x07, 0xE0, 0x00, 0x00, 0x00, 0x00, 0x00, 0x00, 0x03, 0xC0, 0x00, 0x00, 0x00, 
    0x00, 0x00, 0x00, 0x00, 0x00, 0x00, 0x00, 0x00, 0x00, 0x00, 0x00, 0x00, 0x00, 0x00, 0x00, 0x00, 
    0x00, 0x00, 0x00, 0x00, 0x00, 0x00, 0x00, 0x00, 0x00, 0x00, 0x00, 0x00, 0x00, 0x00, 0x00, 0x00, 
    0x00, 0x00, 0x00, 0x00, 0x00, 0x00, 0x00, 0x00, 0x00, 0x00, 0x00, 0x00, 0x00, 0x00, 0x00, 0x00, 
      },
  {
    0x00, 0x00, 0x00, 0x00, 0x00, 0x00, 0x00, 0x00, 0x00, 0x00, 0x00, 0x00, 0x00, 0x00, 0x00, 0x00, 
    0x00, 0x00, 0x00, 0x00, 0x00, 0x00, 0x00, 0x00, 0x00, 0x00, 0x00, 0x00, 0x00, 0x00, 0x00, 0x00, 
    0x00, 0x00, 0x00, 0x00, 0x00, 0x00, 0x00, 0x00, 0x00, 0x00, 0x00, 0x00, 0x00, 0x00, 0x00, 0x00, 
    0x00, 0x00, 0x00, 0xFC, 0x00, 0x00, 0x00, 0x00, 0x00, 0x00, 0x03, 0xFF, 0x80, 0x00, 0x00, 0x00, 
    0x00, 0x00, 0x0F, 0xFF, 0xC0, 0x00, 0x00, 0x00, 0x00, 0x00, 0x1E, 0x00, 0xFE, 0x00, 0x00, 0x00, 
    0x00, 0x00, 0x3C, 0x00, 0x7F, 0xC0, 0x00, 0x00, 0x00, 0x00, 0x78, 0x00, 0x3F, 0xE0, 0x00, 0x00, 
    0x00, 0x00, 0x70, 0x00, 0x00, 0xF0, 0x00, 0x00, 0x00, 0x00, 0xE0, 0x00, 0x00, 0x38, 0x00, 0x00, 
    0x00, 0x00, 0xC0, 0x01, 0xC0, 0x1C, 0x00, 0x00, 0x00, 0x00, 0xF0, 0x01, 0xC0, 0x1E, 0x00, 0x00, 
    0x00, 0x03, 0xFC, 0x01, 0xC0, 0x3F, 0xC0, 0x00, 0x00, 0x0F, 0xFC, 0x01, 0xC0, 0x3F, 0xF0, 0x00, 
    0x00, 0x1E, 0x00, 0x01, 0xC0, 0x00, 0x78, 0x00, 0x00, 0x1C, 0x00, 0x01, 0xC0, 0x00, 0x38, 0x00, 
    0x00, 0x38, 0x00, 0x1D, 0xD8, 0x00, 0x1C, 0x00, 0x00, 0x30, 0x00, 0x1F, 0xF8, 0x00, 0x0C, 0x00, 
    0x00, 0x70, 0x00, 0x0F, 0xF0, 0x00, 0x0E, 0x00, 0x00, 0x70, 0x00, 0x03, 0xE0, 0x00, 0x0E, 0x00, 
    0x00, 0x70, 0x00, 0x01, 0xC0, 0x00, 0x0E, 0x00, 0x00, 0x70, 0x00, 0x00, 0x00, 0x00, 0x0E, 0x00, 
    0x00, 0x30, 0x00, 0x00, 0x00, 0x00, 0x0C, 0x00, 0x00, 0x38, 0x00, 0x00, 0x00, 0x00, 0x1C, 0x00, 
    0x00, 0x38, 0x00, 0x00, 0x00, 0x00, 0x1C, 0x00, 0x00, 0x1C, 0x00, 0x00, 0x00, 0x00, 0x38, 0x00, 
    0x00, 0x0F, 0x00, 0x00, 0x00, 0x00, 0xF0, 0x00, 0x00, 0x07, 0xFF, 0xFF, 0xFF, 0xFF, 0xE0, 0x00, 
    0x00, 0x01, 0xFF, 0xFF, 0xFF, 0xFF, 0x80, 0x00, 0x00, 0x00, 0x03, 0x01, 0x80, 0xC0, 0x00, 0x00, 
    0x00, 0x00, 0x03, 0x01, 0x80, 0xC0, 0x00, 0x00, 0x00, 0x00, 0x03, 0x01, 0x80, 0xC0, 0x00, 0x00, 
    0x00, 0x00, 0x03, 0x01, 0x80, 0xC0, 0x00, 0x00, 0x00, 0x00, 0x03, 0x01, 0x80, 0xC0, 0x00, 0x00, 
    0x00, 0x00, 0x03, 0x01, 0x80, 0xC0, 0x00, 0x00, 0x00, 0x00, 0x03, 0x01, 0x80, 0xC0, 0x00, 0x00, 
    0x00, 0x00, 0x03, 0x01, 0x80, 0xC0, 0x00, 0x00, 0x00, 0x00, 0x03, 0x01, 0x80, 0xC0, 0x00, 0x00, 
    0x00, 0x00, 0x03, 0x01, 0x80, 0xC0, 0x00, 0x00, 0x00, 0x0E, 0x03, 0x01, 0x80, 0xC0, 0x70, 0x00, 
    0x00, 0x3F, 0x03, 0x01, 0x80, 0xC0, 0xFC, 0x00, 0x00, 0x3F, 0x83, 0x01, 0x80, 0xC1, 0xFC, 0x00, 
    0x00, 0x71, 0xFF, 0x01, 0x80, 0xFF, 0x8E, 0x00, 0x00, 0x61, 0xFF, 0x01, 0x80, 0xFF, 0x86, 0x00, 
    0x00, 0x71, 0xFE, 0x01, 0x80, 0x7F, 0x8E, 0x00, 0x00, 0x3F, 0x80, 0x01, 0x80, 0x01, 0xFC, 0x00, 
    0x00, 0x3F, 0x00, 0x03, 0xC0, 0x00, 0xFC, 0x00, 0x00, 0x0E, 0x00, 0x07, 0xE0, 0x00, 0x70, 0x00, 
    0x00, 0x00, 0x00, 0x0E, 0x70, 0x00, 0x00, 0x00, 0x00, 0x00, 0x00, 0x0C, 0x30, 0x00, 0x00, 0x00, 
    0x00, 0x00, 0x00, 0x0C, 0x30, 0x00, 0x00, 0x00, 0x00, 0x00, 0x00, 0x0E, 0x70, 0x00, 0x00, 0x00, 
    0x00, 0x00, 0x00, 0x07, 0xE0, 0x00, 0x00, 0x00, 0x00, 0x00, 0x00, 0x03, 0xC0, 0x00, 0x00, 0x00, 
    0x00, 0x00, 0x00, 0x00, 0x00, 0x00, 0x00, 0x00, 0x00, 0x00, 0x00, 0x00, 0x00, 0x00, 0x00, 0x00, 
    0x00, 0x00, 0x00, 0x00, 0x00, 0x00, 0x00, 0x00, 0x00, 0x00, 0x00, 0x00, 0x00, 0x00, 0x00, 0x00, 
    0x00, 0x00, 0x00, 0x00, 0x00, 0x00, 0x00, 0x00, 0x00, 0x00, 0x00, 0x00, 0x00, 0x00, 0x00, 0x00, 
      },
  {
    0x00, 0x00, 0x00, 0x00, 0x00, 0x00, 0x00, 0x00, 0x00, 0x00, 0x00, 0x00, 0x00, 0x00, 0x00, 0x00, 
    0x00, 0x00, 0x00, 0x00, 0x00, 0x00, 0x00, 0x00, 0x00, 0x00, 0x00, 0x00, 0x00, 0x00, 0x00, 0x00, 
    0x00, 0x00, 0x00, 0x00, 0x00, 0x00, 0x00, 0x00, 0x00, 0x00, 0x00, 0x00, 0x00, 0x00, 0x00, 0x00, 
    0x00, 0x00, 0x00, 0xFC, 0x00, 0x00, 0x00, 0x00, 0x00, 0x00, 0x03, 0xFF, 0x80, 0x00, 0x00, 0x00, 
    0x00, 0x00, 0x0F, 0xFF, 0xC0, 0x00, 0x00, 0x00, 0x00, 0x00, 0x1E, 0x00, 0xFE, 0x00, 0x00, 0x00, 
    0x00, 0x00, 0x3C, 0x00, 0x7F, 0xC0, 0x00, 0x00, 0x00, 0x00, 0x78, 0x00, 0x3F, 0xE0, 0x00, 0x00, 
    0x00, 0x00, 0x70, 0x00, 0x00, 0xF0, 0x00, 0x00, 0x00, 0x00, 0xE0, 0x00, 0x00, 0x38, 0x00, 0x00, 
    0x00, 0x00, 0xC0, 0x00, 0x80, 0x1C, 0x00, 0x00, 0x00, 0x00, 0xF0, 0x01, 0xC0, 0x1E, 0x00, 0x00, 
    0x00, 0x03, 0xFC, 0x01, 0xC0, 0x3F, 0xC0, 0x00, 0x00, 0x0F, 0xFC, 0x01, 0xC0, 0x3F, 0xF0, 0x00, 
    0x00, 0x1E, 0x00, 0x01, 0xC0, 0x00, 0x78, 0x00, 0x00, 0x1C, 0x00, 0x01, 0xC0, 0x00, 0x38, 0x00, 
    0x00, 0x38, 0x00, 0x09, 0xC8, 0x00, 0x1C, 0x00, 0x00, 0x30, 0x00, 0x1D, 0xD8, 0x00, 0x0C, 0x00, 
    0x00, 0x70, 0x00, 0x0F, 0xF8, 0x00, 0x0E, 0x00, 0x00, 0x70, 0x00, 0x07, 0xF0, 0x00, 0x0E, 0x00, 
    0x00, 0x70, 0x00, 0x03, 0xC0, 0x00, 0x0E, 0x00, 0x00, 0x70, 0x00, 0x00, 0x80, 0x00, 0x0E, 0x00, 
    0x00, 0x30, 0x00, 0x00, 0x00, 0x00, 0x0C, 0x00, 0x00, 0x38, 0x00, 0x00, 0x00, 0x00, 0x1C, 0x00, 
    0x00, 0x38, 0x00, 0x00, 0x00, 0x00, 0x1C, 0x00, 0x00, 0x1C, 0x00, 0x00, 0x00, 0x00, 0x38, 0x00, 
    0x00, 0x0F, 0x00, 0x00, 0x00, 0x00, 0xF0, 0x00, 0x00, 0x07, 0xFF, 0xFF, 0xFF, 0xFF, 0xE0, 0x00, 
    0x00, 0x01, 0xFF, 0xFF, 0xFF, 0xFF, 0x80, 0x00, 0x00, 0x00, 0x03, 0x01, 0x80, 0xC0, 0x00, 0x00, 
    0x00, 0x00, 0x03, 0x01, 0x80, 0xC0, 0x00, 0x00, 0x00, 0x00, 0x03, 0x01, 0x80, 0xC0, 0x00, 0x00, 
    0x00, 0x00, 0x03, 0x01, 0x80, 0xC0, 0x00, 0x00, 0x00, 0x00, 0x03, 0x01, 0x80, 0xC0, 0x00, 0x00, 
    0x00, 0x00, 0x03, 0x01, 0x80, 0xC0, 0x00, 0x00, 0x00, 0x00, 0x03, 0x01, 0x80, 0xC0, 0x00, 0x00, 
    0x00, 0x00, 0x03, 0x01, 0x80, 0xC0, 0x00, 0x00, 0x00, 0x00, 0x03, 0x01, 0x80, 0xC0, 0x00, 0x00, 
    0x00, 0x00, 0x03, 0x01, 0x80, 0xC0, 0x00, 0x00, 0x00, 0x0E, 0x03, 0x01, 0x80, 0xC0, 0x70, 0x00, 
    0x00, 0x3F, 0x03, 0x01, 0x80, 0xC0, 0xFC, 0x00, 0x00, 0x3F, 0x83, 0x01, 0x80, 0xC1, 0xFC, 0x00, 
    0x00, 0x71, 0xFF, 0x01, 0x80, 0xFF, 0x8E, 0x00, 0x00, 0x61, 0xFF, 0x01, 0x80, 0xFF, 0x86, 0x00, 
    0x00, 0x71, 0xFE, 0x01, 0x80, 0x7F, 0x8E, 0x00, 0x00, 0x3F, 0x80, 0x01, 0x80, 0x01, 0xFC, 0x00, 
    0x00, 0x3F, 0x00, 0x03, 0xC0, 0x00, 0xFC, 0x00, 0x00, 0x0E, 0x00, 0x07, 0xE0, 0x00, 0x70, 0x00, 
    0x00, 0x00, 0x00, 0x0E, 0x70, 0x00, 0x00, 0x00, 0x00, 0x00, 0x00, 0x0C, 0x30, 0x00, 0x00, 0x00, 
    0x00, 0x00, 0x00, 0x0C, 0x30, 0x00, 0x00, 0x00, 0x00, 0x00, 0x00, 0x0E, 0x70, 0x00, 0x00, 0x00, 
    0x00, 0x00, 0x00, 0x07, 0xE0, 0x00, 0x00, 0x00, 0x00, 0x00, 0x00, 0x03, 0xC0, 0x00, 0x00, 0x00, 
    0x00, 0x00, 0x00, 0x00, 0x00, 0x00, 0x00, 0x00, 0x00, 0x00, 0x00, 0x00, 0x00, 0x00, 0x00, 0x00, 
    0x00, 0x00, 0x00, 0x00, 0x00, 0x00, 0x00, 0x00, 0x00, 0x00, 0x00, 0x00, 0x00, 0x00, 0x00, 0x00, 
    0x00, 0x00, 0x00, 0x00, 0x00, 0x00, 0x00, 0x00, 0x00, 0x00, 0x00, 0x00, 0x00, 0x00, 0x00, 0x00, 
      },
  {
    0x00, 0x00, 0x00, 0x00, 0x00, 0x00, 0x00, 0x00, 0x00, 0x00, 0x00, 0x00, 0x00, 0x00, 0x00, 0x00, 
    0x00, 0x00, 0x00, 0x00, 0x00, 0x00, 0x00, 0x00, 0x00, 0x00, 0x00, 0x00, 0x00, 0x00, 0x00, 0x00, 
    0x00, 0x00, 0x00, 0x00, 0x00, 0x00, 0x00, 0x00, 0x00, 0x00, 0x00, 0x00, 0x00, 0x00, 0x00, 0x00, 
    0x00, 0x00, 0x00, 0xFC, 0x00, 0x00, 0x00, 0x00, 0x00, 0x00, 0x03, 0xFF, 0x80, 0x00, 0x00, 0x00, 
    0x00, 0x00, 0x0F, 0xFF, 0xC0, 0x00, 0x00, 0x00, 0x00, 0x00, 0x1E, 0x00, 0xFE, 0x00, 0x00, 0x00, 
    0x00, 0x00, 0x3C, 0x00, 0x7F, 0xC0, 0x00, 0x00, 0x00, 0x00, 0x78, 0x00, 0x3F, 0xE0, 0x00, 0x00, 
    0x00, 0x00, 0x70, 0x00, 0x00, 0xF0, 0x00, 0x00, 0x00, 0x00, 0xE0, 0x00, 0x00, 0x38, 0x00, 0x00, 
    0x00, 0x00, 0xC0, 0x00, 0x00, 0x1C, 0x00, 0x00, 0x00, 0x00, 0xF0, 0x01, 0xC0, 0x1E, 0x00, 0x00, 
    0x00, 0x03, 0xFC, 0x01, 0xC0, 0x3F, 0xC0, 0x00, 0x00, 0x0F, 0xFC, 0x01, 0xC0, 0x3F, 0xF0, 0x00, 
    0x00, 0x1E, 0x00, 0x01, 0xC0, 0x00, 0x78, 0x00, 0x00, 0x1C, 0x00, 0x01, 0xC0, 0x00, 0x38, 0x00, 
    0x00, 0x38, 0x00, 0x01, 0xC0, 0x00, 0x1C, 0x00, 0x00, 0x30, 0x00, 0x0D, 0xD8, 0x00, 0x0C, 0x00, 
    0x00, 0x70, 0x00, 0x1F, 0xF8, 0x00, 0x0E, 0x00, 0x00, 0x70, 0x00, 0x0F, 0xF8, 0x00, 0x0E, 0x00, 
    0x00, 0x70, 0x00, 0x03, 0xE0, 0x00, 0x0E, 0x00, 0x00, 0x70, 0x00, 0x01, 0xC0, 0x00, 0x0E, 0x00, 
    0x00, 0x30, 0x00, 0x00, 0x00, 0x00, 0x0C, 0x00, 0x00, 0x38, 0x00, 0x00, 0x00, 0x00, 0x1C, 0x00, 
    0x00, 0x38, 0x00, 0x00, 0x00, 0x00, 0x1C, 0x00, 0x00, 0x1C, 0x00, 0x00, 0x00, 0x00, 0x38, 0x00, 
    0x00, 0x0F, 0x00, 0x00, 0x00, 0x00, 0xF0, 0x00, 0x00, 0x07, 0xFF, 0xFF, 0xFF, 0xFF, 0xE0, 0x00, 
    0x00, 0x01, 0xFF, 0xFF, 0xFF, 0xFF, 0x80, 0x00, 0x00, 0x00, 0x03, 0x01, 0x80, 0xC0, 0x00, 0x00, 
    0x00, 0x00, 0x03, 0x01, 0x80, 0xC0, 0x00, 0x00, 0x00, 0x00, 0x03, 0x01, 0x80, 0xC0, 0x00, 0x00, 
    0x00, 0x00, 0x03, 0x01, 0x80, 0xC0, 0x00, 0x00, 0x00, 0x00, 0x03, 0x01, 0x80, 0xC0, 0x00, 0x00, 
    0x00, 0x00, 0x03, 0x01, 0x80, 0xC0, 0x00, 0x00, 0x00, 0x00, 0x03, 0x01, 0x80, 0xC0, 0x00, 0x00, 
    0x00, 0x00, 0x03, 0x01, 0x80, 0xC0, 0x00, 0x00, 0x00, 0x00, 0x03, 0x01, 0x80, 0xC0, 0x00, 0x00, 
    0x00, 0x00, 0x03, 0x01, 0x80, 0xC0, 0x00, 0x00, 0x00, 0x0E, 0x03, 0x01, 0x80, 0xC0, 0x70, 0x00, 
    0x00, 0x3F, 0x03, 0x01, 0x80, 0xC0, 0xFC, 0x00, 0x00, 0x3F, 0x83, 0x01, 0x80, 0xC1, 0xFC, 0x00, 
    0x00, 0x71, 0xFF, 0x01, 0x80, 0xFF, 0x8E, 0x00, 0x00, 0x61, 0xFF, 0x01, 0x80, 0xFF, 0x86, 0x00, 
    0x00, 0x71, 0xFE, 0x01, 0x80, 0x7F, 0x8E, 0x00, 0x00, 0x3F, 0x80, 0x01, 0x80, 0x01, 0xFC, 0x00, 
    0x00, 0x3F, 0x00, 0x03, 0xC0, 0x00, 0xFC, 0x00, 0x00, 0x0E, 0x00, 0x07, 0xE0, 0x00, 0x70, 0x00, 
    0x00, 0x00, 0x00, 0x0E, 0x70, 0x00, 0x00, 0x00, 0x00, 0x00, 0x00, 0x0C, 0x30, 0x00, 0x00, 0x00, 
    0x00, 0x00, 0x00, 0x0C, 0x30, 0x00, 0x00, 0x00, 0x00, 0x00, 0x00, 0x0E, 0x70, 0x00, 0x00, 0x00, 
    0x00, 0x00, 0x00, 0x07, 0xE0, 0x00, 0x00, 0x00, 0x00, 0x00, 0x00, 0x03, 0xC0, 0x00, 0x00, 0x00, 
    0x00, 0x00, 0x00, 0x00, 0x00, 0x00, 0x00, 0x00, 0x00, 0x00, 0x00, 0x00, 0x00, 0x00, 0x00, 0x00, 
    0x00, 0x00, 0x00, 0x00, 0x00, 0x00, 0x00, 0x00, 0x00, 0x00, 0x00, 0x00, 0x00, 0x00, 0x00, 0x00, 
    0x00, 0x00, 0x00, 0x00, 0x00, 0x00, 0x00, 0x00, 0x00, 0x00, 0x00, 0x00, 0x00, 0x00, 0x00, 0x00, 
      },
  {
    0x00, 0x00, 0x00, 0x00, 0x00, 0x00, 0x00, 0x00, 0x00, 0x00, 0x00, 0x00, 0x00, 0x00, 0x00, 0x00, 
    0x00, 0x00, 0x00, 0x00, 0x00, 0x00, 0x00, 0x00, 0x00, 0x00, 0x00, 0x00, 0x00, 0x00, 0x00, 0x00, 
    0x00, 0x00, 0x00, 0x00, 0x00, 0x00, 0x00, 0x00, 0x00, 0x00, 0x00, 0x00, 0x00, 0x00, 0x00, 0x00, 
    0x00, 0x00, 0x00, 0xFC, 0x00, 0x00, 0x00, 0x00, 0x00, 0x00, 0x03, 0xFF, 0x80, 0x00, 0x00, 0x00, 
    0x00, 0x00, 0x0F, 0xFF, 0xC0, 0x00, 0x00, 0x00, 0x00, 0x00, 0x1E, 0x00, 0xFE, 0x00, 0x00, 0x00, 
    0x00, 0x00, 0x3C, 0x00, 0x7F, 0xC0, 0x00, 0x00, 0x00, 0x00, 0x78, 0x00, 0x3F, 0xE0, 0x00, 0x00, 
    0x00, 0x00, 0x70, 0x00, 0x00, 0xF0, 0x00, 0x00, 0x00, 0x00, 0xE0, 0x00, 0x00, 0x38, 0x00, 0x00, 
    0x00, 0x00, 0xC0, 0x00, 0x00, 0x1C, 0x00, 0x00, 0x00, 0x00, 0xF0, 0x00, 0x80, 0x1E, 0x00, 0x00, 
    0x00, 0x03, 0xFC, 0x01, 0xC0, 0x3F, 0xC0, 0x00, 0x00, 0x0F, 0xFC, 0x01, 0xC0, 0x3F, 0xF0, 0x00, 
    0x00, 0x1E, 0x00, 0x01, 0xC0, 0x00, 0x78, 0x00, 0x00, 0x1C, 0x00, 0x01, 0xC0, 0x00, 0x38, 0x00, 
    0x00, 0x38, 0x00, 0x01, 0xC0, 0x00, 0x1C, 0x00, 0x00, 0x30, 0x00, 0x01, 0xC0, 0x00, 0x0C, 0x00, 
    0x00, 0x70, 0x00, 0x1D, 0xD8, 0x00, 0x0E, 0x00, 0x00, 0x70, 0x00, 0x0F, 0xF8, 0x00, 0x0E, 0x00, 
    0x00, 0x70, 0x00, 0x07, 0xF0, 0x00, 0x0E, 0x00, 0x00, 0x70, 0x00, 0x03, 0xE0, 0x00, 0x0E, 0x00, 
    0x00, 0x30, 0x00, 0x01, 0xC0, 0x00, 0x0C, 0x00, 0x00, 0x38, 0x00, 0x00, 0x00, 0x00, 0x1C, 0x00, 
    0x00, 0x38, 0x00, 0x00, 0x00, 0x00, 0x1C, 0x00, 0x00, 0x1C, 0x00, 0x00, 0x00, 0x00, 0x38, 0x00, 
    0x00, 0x0F, 0x00, 0x00, 0x00, 0x00, 0xF0, 0x00, 0x00, 0x07, 0xFF, 0xFF, 0xFF, 0xFF, 0xE0, 0x00, 
    0x00, 0x01, 0xFF, 0xFF, 0xFF, 0xFF, 0x80, 0x00, 0x00, 0x00, 0x03, 0x01, 0x80, 0xC0, 0x00, 0x00, 
    0x00, 0x00, 0x03, 0x01, 0x80, 0xC0, 0x00, 0x00, 0x00, 0x00, 0x03, 0x01, 0x80, 0xC0, 0x00, 0x00, 
    0x00, 0x00, 0x03, 0x01, 0x80, 0xC0, 0x00, 0x00, 0x00, 0x00, 0x03, 0x01, 0x80, 0xC0, 0x00, 0x00, 
    0x00, 0x00, 0x03, 0x01, 0x80, 0xC0, 0x00, 0x00, 0x00, 0x00, 0x03, 0x01, 0x80, 0xC0, 0x00, 0x00, 
    0x00, 0x00, 0x03, 0x01, 0x80, 0xC0, 0x00, 0x00, 0x00, 0x00, 0x03, 0x01, 0x80, 0xC0, 0x00, 0x00, 
    0x00, 0x00, 0x03, 0x01, 0x80, 0xC0, 0x00, 0x00, 0x00, 0x0E, 0x03, 0x01, 0x80, 0xC0, 0x70, 0x00, 
    0x00, 0x3F, 0x03, 0x01, 0x80, 0xC0, 0xFC, 0x00, 0x00, 0x3F, 0x83, 0x01, 0x80, 0xC1, 0xFC, 0x00, 
    0x00, 0x71, 0xFF, 0x01, 0x80, 0xFF, 0x8E, 0x00, 0x00, 0x61, 0xFF, 0x01, 0x80, 0xFF, 0x86, 0x00, 
    0x00, 0x71, 0xFE, 0x01, 0x80, 0x7F, 0x8E, 0x00, 0x00, 0x3F, 0x80, 0x01, 0x80, 0x01, 0xFC, 0x00, 
    0x00, 0x3F, 0x00, 0x03, 0xC0, 0x00, 0xFC, 0x00, 0x00, 0x0E, 0x00, 0x07, 0xE0, 0x00, 0x70, 0x00, 
    0x00, 0x00, 0x00, 0x0E, 0x70, 0x00, 0x00, 0x00, 0x00, 0x00, 0x00, 0x0C, 0x30, 0x00, 0x00, 0x00, 
    0x00, 0x00, 0x00, 0x0C, 0x30, 0x00, 0x00, 0x00, 0x00, 0x00, 0x00, 0x0E, 0x70, 0x00, 0x00, 0x00, 
    0x00, 0x00, 0x00, 0x07, 0xE0, 0x00, 0x00, 0x00, 0x00, 0x00, 0x00, 0x03, 0xC0, 0x00, 0x00, 0x00, 
    0x00, 0x00, 0x00, 0x00, 0x00, 0x00, 0x00, 0x00, 0x00, 0x00, 0x00, 0x00, 0x00, 0x00, 0x00, 0x00, 
    0x00, 0x00, 0x00, 0x00, 0x00, 0x00, 0x00, 0x00, 0x00, 0x00, 0x00, 0x00, 0x00, 0x00, 0x00, 0x00, 
    0x00, 0x00, 0x00, 0x00, 0x00, 0x00, 0x00, 0x00, 0x00, 0x00, 0x00, 0x00, 0x00, 0x00, 0x00, 0x00, 
      },
  {
    0x00, 0x00, 0x00, 0x00, 0x00, 0x00, 0x00, 0x00, 0x00, 0x00, 0x00, 0x00, 0x00, 0x00, 0x00, 0x00, 
    0x00, 0x00, 0x00, 0x00, 0x00, 0x00, 0x00, 0x00, 0x00, 0x00, 0x00, 0x00, 0x00, 0x00, 0x00, 0x00, 
    0x00, 0x00, 0x00, 0x00, 0x00, 0x00, 0x00, 0x00, 0x00, 0x00, 0x00, 0x00, 0x00, 0x00, 0x00, 0x00, 
    0x00, 0x00, 0x00, 0xFC, 0x00, 0x00, 0x00, 0x00, 0x00, 0x00, 0x03, 0xFF, 0x80, 0x00, 0x00, 0x00, 
    0x00, 0x00, 0x0F, 0xFF, 0xC0, 0x00, 0x00, 0x00, 0x00, 0x00, 0x1E, 0x00, 0xFE, 0x00, 0x00, 0x00, 
    0x00, 0x00, 0x3C, 0x00, 0x7F, 0xC0, 0x00, 0x00, 0x00, 0x00, 0x78, 0x00, 0x3F, 0xE0, 0x00, 0x00, 
    0x00, 0x00, 0x70, 0x00, 0x00, 0xF0, 0x00, 0x00, 0x00, 0x00, 0xE0, 0x00, 0x00, 0x38, 0x00, 0x00, 
    0x00, 0x00, 0xC0, 0x00, 0x00, 0x1C, 0x00, 0x00, 0x00, 0x00, 0xF0, 0x00, 0x00, 0x1E, 0x00, 0x00, 
    0x00, 0x03, 0xFC, 0x00, 0x80, 0x3F, 0xC0, 0x00, 0x00, 0x0F, 0xFC, 0x01, 0xC0, 0x3F, 0xF0, 0x00, 
    0x00, 0x1E, 0x00, 0x01, 0xC0, 0x00, 0x78, 0x00, 0x00, 0x1C, 0x00, 0x01, 0xC0, 0x00, 0x38, 0x00, 
    0x00, 0x38, 0x00, 0x01, 0xC0, 0x00, 0x1C, 0x00, 0x00, 0x30, 0x00, 0x01, 0xC0, 0x00, 0x0C, 0x00, 
    0x00, 0x70, 0x00, 0x09, 0xC8, 0x00, 0x0E, 0x00, 0x00, 0x70, 0x00, 0x1D, 0xDC, 0x00, 0x0E, 0x00, 
    0x00, 0x70, 0x00, 0x0F, 0xF8, 0x00, 0x0E, 0x00, 0x00, 0x70, 0x00, 0x07, 0xF0, 0x00, 0x0E, 0x00, 
    0x00, 0x30, 0x00, 0x01, 0xC0, 0x00, 0x0C, 0x00, 0x00, 0x38, 0x00, 0x00, 0x80, 0x00, 0x1C, 0x00, 
    0x00, 0x38, 0x00, 0x00, 0x00, 0x00, 0x1C, 0x00, 0x00, 0x1C, 0x00, 0x00, 0x00, 0x00, 0x38, 0x00, 
    0x00, 0x0F, 0x00, 0x00, 0x00, 0x00, 0xF0, 0x00, 0x00, 0x07, 0xFF, 0xFF, 0xFF, 0xFF, 0xE0, 0x00, 
    0x00, 0x01, 0xFF, 0xFF, 0xFF, 0xFF, 0x80, 0x00, 0x00, 0x00, 0x03, 0x01, 0x80, 0xC0, 0x00, 0x00, 
    0x00, 0x00, 0x03, 0x01, 0x80, 0xC0, 0x00, 0x00, 0x00, 0x00, 0x03, 0x01, 0x80, 0xC0, 0x00, 0x00, 
    0x00, 0x00, 0x03, 0x01, 0x80, 0xC0, 0x00, 0x00, 0x00, 0x00, 0x03, 0x01, 0x80, 0xC0, 0x00, 0x00, 
    0x00, 0x00, 0x03, 0x01, 0x80, 0xC0, 0x00, 0x00, 0x00, 0x00, 0x03, 0x01, 0x80, 0xC0, 0x00, 0x00, 
    0x00, 0x00, 0x03, 0x01, 0x80, 0xC0, 0x00, 0x00, 0x00, 0x00, 0x03, 0x01, 0x80, 0xC0, 0x00, 0x00, 
    0x00, 0x00, 0x03, 0x01, 0x80, 0xC0, 0x00, 0x00, 0x00, 0x0E, 0x03, 0x01, 0x80, 0xC0, 0x70, 0x00, 
    0x00, 0x3F, 0x03, 0x01, 0x80, 0xC0, 0xFC, 0x00, 0x00, 0x3F, 0x83, 0x01, 0x80, 0xC1, 0xFC, 0x00, 
    0x00, 0x71, 0xFF, 0x01, 0x80, 0xFF, 0x8E, 0x00, 0x00, 0x61, 0xFF, 0x01, 0x80, 0xFF, 0x86, 0x00, 
    0x00, 0x71, 0xFE, 0x01, 0x80, 0x7F, 0x8E, 0x00, 0x00, 0x3F, 0x80, 0x01, 0x80, 0x01, 0xFC, 0x00, 
    0x00, 0x3F, 0x00, 0x03, 0xC0, 0x00, 0xFC, 0x00, 0x00, 0x0E, 0x00, 0x07, 0xE0, 0x00, 0x70, 0x00, 
    0x00, 0x00, 0x00, 0x0E, 0x70, 0x00, 0x00, 0x00, 0x00, 0x00, 0x00, 0x0C, 0x30, 0x00, 0x00, 0x00, 
    0x00, 0x00, 0x00, 0x0C, 0x30, 0x00, 0x00, 0x00, 0x00, 0x00, 0x00, 0x0E, 0x70, 0x00, 0x00, 0x00, 
    0x00, 0x00, 0x00, 0x07, 0xE0, 0x00, 0x00, 0x00, 0x00, 0x00, 0x00, 0x03, 0xC0, 0x00, 0x00, 0x00, 
    0x00, 0x00, 0x00, 0x00, 0x00, 0x00, 0x00, 0x00, 0x00, 0x00, 0x00, 0x00, 0x00, 0x00, 0x00, 0x00, 
    0x00, 0x00, 0x00, 0x00, 0x00, 0x00, 0x00, 0x00, 0x00, 0x00, 0x00, 0x00, 0x00, 0x00, 0x00, 0x00, 
    0x00, 0x00, 0x00, 0x00, 0x00, 0x00, 0x00, 0x00, 0x00, 0x00, 0x00, 0x00, 0x00, 0x00, 0x00, 0x00, 
      },
  {
    0x00, 0x00, 0x00, 0x00, 0x00, 0x00, 0x00, 0x00, 0x00, 0x00, 0x00, 0x00, 0x00, 0x00, 0x00, 0x00, 
    0x00, 0x00, 0x00, 0x00, 0x00, 0x00, 0x00, 0x00, 0x00, 0x00, 0x00, 0x00, 0x00, 0x00, 0x00, 0x00, 
    0x00, 0x00, 0x00, 0x00, 0x00, 0x00, 0x00, 0x00, 0x00, 0x00, 0x00, 0x00, 0x00, 0x00, 0x00, 0x00, 
    0x00, 0x00, 0x00, 0xFC, 0x00, 0x00, 0x00, 0x00, 0x00, 0x00, 0x03, 0xFF, 0x80, 0x00, 0x00, 0x00, 
    0x00, 0x00, 0x0F, 0xFF, 0xC0, 0x00, 0x00, 0x00, 0x00, 0x00, 0x1E, 0x00, 0xFE, 0x00, 0x00, 0x00, 
    0x00, 0x00, 0x3C, 0x00, 0x7F, 0xC0, 0x00, 0x00, 0x00, 0x00, 0x78, 0x00, 0x3F, 0xE0, 0x00, 0x00, 
    0x00, 0x00, 0x70, 0x00, 0x00, 0xF0, 0x00, 0x00, 0x00, 0x00, 0xE0, 0x00, 0x00, 0x38, 0x00, 0x00, 
    0x00, 0x00, 0xC0, 0x00, 0x00, 0x1C, 0x00, 0x00, 0x00, 0x00, 0xF0, 0x00, 0x00, 0x1E, 0x00, 0x00, 
    0x00, 0x03, 0xFC, 0x00, 0x00, 0x3F, 0xC0, 0x00, 0x00, 0x0F, 0xFC, 0x01, 0xC0, 0x3F, 0xF0, 0x00, 
    0x00, 0x1E, 0x00, 0x01, 0xC0, 0x00, 0x78, 0x00, 0x00, 0x1C, 0x00, 0x01, 0xC0, 0x00, 0x38, 0x00, 
    0x00, 0x38, 0x00, 0x01, 0xC0, 0x00, 0x1C, 0x00, 0x00, 0x30, 0x00, 0x01, 0xC0, 0x00, 0x0C, 0x00, 
    0x00, 0x70, 0x00, 0x01, 0xC0, 0x00, 0x0E, 0x00, 0x00, 0x70, 0x00, 0x0D, 0xD8, 0x00, 0x0E, 0x00, 
    0x00, 0x70, 0x00, 0x1F, 0xF8, 0x00, 0x0E, 0x00, 0x00, 0x70, 0x00, 0x0F, 0xF0, 0x00, 0x0E, 0x00, 
    0x00, 0x30, 0x00, 0x03, 0xE0, 0x00, 0x0C, 0x00, 0x00, 0x38, 0x00, 0x01, 0xC0, 0x00, 0x1C, 0x00, 
    0x00, 0x38, 0x00, 0x00, 0x00, 0x00, 0x1C, 0x00, 0x00, 0x1C, 0x00, 0x00, 0x00, 0x00, 0x38, 0x00, 
    0x00, 0x0F, 0x00, 0x00, 0x00, 0x00, 0xF0, 0x00, 0x00, 0x07, 0xFF, 0xFF, 0xFF, 0xFF, 0xE0, 0x00, 
    0x00, 0x01, 0xFF, 0xFF, 0xFF, 0xFF, 0x80, 0x00, 0x00, 0x00, 0x03, 0x01, 0x80, 0xC0, 0x00, 0x00, 
    0x00, 0x00, 0x03, 0x01, 0x80, 0xC0, 0x00, 0x00, 0x00, 0x00, 0x03, 0x01, 0x80, 0xC0, 0x00, 0x00, 
    0x00, 0x00, 0x03, 0x01, 0x80, 0xC0, 0x00, 0x00, 0x00, 0x00, 0x03, 0x01, 0x80, 0xC0, 0x00, 0x00, 
    0x00, 0x00, 0x03, 0x01, 0x80, 0xC0, 0x00, 0x00, 0x00, 0x00, 0x03, 0x01, 0x80, 0xC0, 0x00, 0x00, 
    0x00, 0x00, 0x03, 0x01, 0x80, 0xC0, 0x00, 0x00, 0x00, 0x00, 0x03, 0x01, 0x80, 0xC0, 0x00, 0x00, 
    0x00, 0x00, 0x03, 0x01, 0x80, 0xC0, 0x00, 0x00, 0x00, 0x0E, 0x03, 0x01, 0x80, 0xC0, 0x70, 0x00, 
    0x00, 0x3F, 0x03, 0x01, 0x80, 0xC0, 0xFC, 0x00, 0x00, 0x3F, 0x83, 0x01, 0x80, 0xC1, 0xFC, 0x00, 
    0x00, 0x71, 0xFF, 0x01, 0x80, 0xFF, 0x8E, 0x00, 0x00, 0x61, 0xFF, 0x01, 0x80, 0xFF, 0x86, 0x00, 
    0x00, 0x71, 0xFE, 0x01, 0x80, 0x7F, 0x8E, 0x00, 0x00, 0x3F, 0x80, 0x01, 0x80, 0x01, 0xFC, 0x00, 
    0x00, 0x3F, 0x00, 0x03, 0xC0, 0x00, 0xFC, 0x00, 0x00, 0x0E, 0x00, 0x07, 0xE0, 0x00, 0x70, 0x00, 
    0x00, 0x00, 0x00, 0x0E, 0x70, 0x00, 0x00, 0x00, 0x00, 0x00, 0x00, 0x0C, 0x30, 0x00, 0x00, 0x00, 
    0x00, 0x00, 0x00, 0x0C, 0x30, 0x00, 0x00, 0x00, 0x00, 0x00, 0x00, 0x0E, 0x70, 0x00, 0x00, 0x00, 
    0x00, 0x00, 0x00, 0x07, 0xE0, 0x00, 0x00, 0x00, 0x00, 0x00, 0x00, 0x03, 0xC0, 0x00, 0x00, 0x00, 
    0x00, 0x00, 0x00, 0x00, 0x00, 0x00, 0x00, 0x00, 0x00, 0x00, 0x00, 0x00, 0x00, 0x00, 0x00, 0x00, 
    0x00, 0x00, 0x00, 0x00, 0x00, 0x00, 0x00, 0x00, 0x00, 0x00, 0x00, 0x00, 0x00, 0x00, 0x00, 0x00, 
    0x00, 0x00, 0x00, 0x00, 0x00, 0x00, 0x00, 0x00, 0x00, 0x00, 0x00, 0x00, 0x00, 0x00, 0x00, 0x00, 
      },
  {
    0x00, 0x00, 0x00, 0x00, 0x00, 0x00, 0x00, 0x00, 0x00, 0x00, 0x00, 0x00, 0x00, 0x00, 0x00, 0x00, 
    0x00, 0x00, 0x00, 0x00, 0x00, 0x00, 0x00, 0x00, 0x00, 0x00, 0x00, 0x00, 0x00, 0x00, 0x00, 0x00, 
    0x00, 0x00, 0x00, 0x00, 0x00, 0x00, 0x00, 0x00, 0x00, 0x00, 0x00, 0x00, 0x00, 0x00, 0x00, 0x00, 
    0x00, 0x00, 0x00, 0xFC, 0x00, 0x00, 0x00, 0x00, 0x00, 0x00, 0x03, 0xFF, 0x80, 0x00, 0x00, 0x00, 
    0x00, 0x00, 0x0F, 0xFF, 0xC0, 0x00, 0x00, 0x00, 0x00, 0x00, 0x1E, 0x00, 0xFE, 0x00, 0x00, 0x00, 
    0x00, 0x00, 0x3C, 0x00, 0x7F, 0xC0, 0x00, 0x00, 0x00, 0x00, 0x78, 0x00, 0x3F, 0xE0, 0x00, 0x00, 
    0x00, 0x00, 0x70, 0x00, 0x00, 0xF0, 0x00, 0x00, 0x00, 0x00, 0xE0, 0x00, 0x00, 0x38, 0x00, 0x00, 
    0x00, 0x00, 0xC0, 0x00, 0x00, 0x1C, 0x00, 0x00, 0x00, 0x00, 0xF0, 0x00, 0x00, 0x1E, 0x00, 0x00, 
    0x00, 0x03, 0xFC, 0x00, 0x00, 0x3F, 0xC0, 0x00, 0x00, 0x0F, 0xFC, 0x00, 0x80, 0x3F, 0xF0, 0x00, 
    0x00, 0x1E, 0x00, 0x01, 0xC0, 0x00, 0x78, 0x00, 0x00, 0x1C, 0x00, 0x01, 0xC0, 0x00, 0x38, 0x00, 
    0x00, 0x38, 0x00, 0x01, 0xC0, 0x00, 0x1C, 0x00, 0x00, 0x30, 0x00, 0x01, 0xC0, 0x00, 0x0C, 0x00, 
    0x00, 0x70, 0x00, 0x01, 0xC0, 0x00, 0x0E, 0x00, 0x00, 0x70, 0x00, 0x09, 0xC8, 0x00, 0x0E, 0x00, 
    0x00, 0x70, 0x00, 0x1D, 0xD8, 0x00, 0x0E, 0x00, 0x00, 0x70, 0x00, 0x0F, 0xF8, 0x00, 0x0E, 0x00, 
    0x00, 0x30, 0x00, 0x07, 0xF0, 0x00, 0x0C, 0x00, 0x00, 0x38, 0x00, 0x03, 0xC0, 0x00, 0x1C, 0x00, 
    0x00, 0x38, 0x00, 0x00, 0x80, 0x00, 0x1C, 0x00, 0x00, 0x1C, 0x00, 0x00, 0x00, 0x00, 0x38, 0x00, 
    0x00, 0x0F, 0x00, 0x00, 0x00, 0x00, 0xF0, 0x00, 0x00, 0x07, 0xFF, 0xFF, 0xFF, 0xFF, 0xE0, 0x00, 
    0x00, 0x01, 0xFF, 0xFF, 0xFF, 0xFF, 0x80, 0x00, 0x00, 0x00, 0x03, 0x01, 0x80, 0xC0, 0x00, 0x00, 
    0x00, 0x00, 0x03, 0x01, 0x80, 0xC0, 0x00, 0x00, 0x00, 0x00, 0x03, 0x01, 0x80, 0xC0, 0x00, 0x00, 
    0x00, 0x00, 0x03, 0x01, 0x80, 0xC0, 0x00, 0x00, 0x00, 0x00, 0x03, 0x01, 0x80, 0xC0, 0x00, 0x00, 
    0x00, 0x00, 0x03, 0x01, 0x80, 0xC0, 0x00, 0x00, 0x00, 0x00, 0x03, 0x01, 0x80, 0xC0, 0x00, 0x00, 
    0x00, 0x00, 0x03, 0x01, 0x80, 0xC0, 0x00, 0x00, 0x00, 0x00, 0x03, 0x01, 0x80, 0xC0, 0x00, 0x00, 
    0x00, 0x00, 0x03, 0x01, 0x80, 0xC0, 0x00, 0x00, 0x00, 0x0E, 0x03, 0x01, 0x80, 0xC0, 0x70, 0x00, 
    0x00, 0x3F, 0x03, 0x01, 0x80, 0xC0, 0xFC, 0x00, 0x00, 0x3F, 0x83, 0x01, 0x80, 0xC1, 0xFC, 0x00, 
    0x00, 0x71, 0xFF, 0x01, 0x80, 0xFF, 0x8E, 0x00, 0x00, 0x61, 0xFF, 0x01, 0x80, 0xFF, 0x86, 0x00, 
    0x00, 0x71, 0xFE, 0x01, 0x80, 0x7F, 0x8E, 0x00, 0x00, 0x3F, 0x80, 0x01, 0x80, 0x01, 0xFC, 0x00, 
    0x00, 0x3F, 0x00, 0x03, 0xC0, 0x00, 0xFC, 0x00, 0x00, 0x0E, 0x00, 0x07, 0xE0, 0x00, 0x70, 0x00, 
    0x00, 0x00, 0x00, 0x0E, 0x70, 0x00, 0x00, 0x00, 0x00, 0x00, 0x00, 0x0C, 0x30, 0x00, 0x00, 0x00, 
    0x00, 0x00, 0x00, 0x0C, 0x30, 0x00, 0x00, 0x00, 0x00, 0x00, 0x00, 0x0E, 0x70, 0x00, 0x00, 0x00, 
    0x00, 0x00, 0x00, 0x07, 0xE0, 0x00, 0x00, 0x00, 0x00, 0x00, 0x00, 0x03, 0xC0, 0x00, 0x00, 0x00, 
    0x00, 0x00, 0x00, 0x00, 0x00, 0x00, 0x00, 0x00, 0x00, 0x00, 0x00, 0x00, 0x00, 0x00, 0x00, 0x00, 
    0x00, 0x00, 0x00, 0x00, 0x00, 0x00, 0x00, 0x00, 0x00, 0x00, 0x00, 0x00, 0x00, 0x00, 0x00, 0x00, 
    0x00, 0x00, 0x00, 0x00, 0x00, 0x00, 0x00, 0x00, 0x00, 0x00, 0x00, 0x00, 0x00, 0x00, 0x00, 0x00, 
      },
  {
    0x00, 0x00, 0x00, 0x00, 0x00, 0x00, 0x00, 0x00, 0x00, 0x00, 0x00, 0x00, 0x00, 0x00, 0x00, 0x00, 
    0x00, 0x00, 0x00, 0x00, 0x00, 0x00, 0x00, 0x00, 0x00, 0x00, 0x00, 0x00, 0x00, 0x00, 0x00, 0x00, 
    0x00, 0x00, 0x00, 0x00, 0x00, 0x00, 0x00, 0x00, 0x00, 0x00, 0x00, 0x00, 0x00, 0x00, 0x00, 0x00, 
    0x00, 0x00, 0x00, 0xFC, 0x00, 0x00, 0x00, 0x00, 0x00, 0x00, 0x03, 0xFF, 0x80, 0x00, 0x00, 0x00, 
    0x00, 0x00, 0x0F, 0xFF, 0xC0, 0x00, 0x00, 0x00, 0x00, 0x00, 0x1E, 0x00, 0xFE, 0x00, 0x00, 0x00, 
    0x00, 0x00, 0x3C, 0x00, 0x7F, 0xC0, 0x00, 0x00, 0x00, 0x00, 0x78, 0x00, 0x3F, 0xE0, 0x00, 0x00, 
    0x00, 0x00, 0x70, 0x00, 0x00, 0xF0, 0x00, 0x00, 0x00, 0x00, 0xE0, 0x00, 0x00, 0x38, 0x00, 0x00, 
    0x00, 0x00, 0xC0, 0x00, 0x00, 0x1C, 0x00, 0x00, 0x00, 0x00, 0xF0, 0x00, 0x00, 0x1E, 0x00, 0x00, 
    0x00, 0x03, 0xFC, 0x00, 0x00, 0x3F, 0xC0, 0x00, 0x00, 0x0F, 0xFC, 0x00, 0x80, 0x3F, 0xF0, 0x00, 
    0x00, 0x1E, 0x00, 0x01, 0xC0, 0x00, 0x78, 0x00, 0x00, 0x1C, 0x00, 0x01, 0xC0, 0x00, 0x38, 0x00, 
    0x00, 0x38, 0x00, 0x01, 0xC0, 0x00, 0x1C, 0x00, 0x00, 0x30, 0x00, 0x01, 0xC0, 0x00, 0x0C, 0x00, 
    0x00, 0x70, 0x00, 0x01, 0xC0, 0x00, 0x0E, 0x00, 0x00, 0x70, 0x00, 0x01, 0xC0, 0x00, 0x0E, 0x00, 
    0x00, 0x70, 0x00, 0x1D, 0xD8, 0x00, 0x0E, 0x00, 0x00, 0x70, 0x00, 0x0F, 0xF8, 0x00, 0x0E, 0x00, 
    0x00, 0x30, 0x00, 0x07, 0xF0, 0x00, 0x0C, 0x00, 0x00, 0x38, 0x00, 0x03, 0xE0, 0x00, 0x1C, 0x00, 
    0x00, 0x38, 0x00, 0x00, 0x80, 0x00, 0x1C, 0x00, 0x00, 0x1C, 0x00, 0x00, 0x00, 0x00, 0x38, 0x00, 
    0x00, 0x0F, 0x00, 0x00, 0x00, 0x00, 0xF0, 0x00, 0x00, 0x07, 0xFF, 0xFF, 0xFF, 0xFF, 0xE0, 0x00, 
    0x00, 0x01, 0xFF, 0xFF, 0xFF, 0xFF, 0x80, 0x00, 0x00, 0x00, 0x03, 0x01, 0x80, 0xC0, 0x00, 0x00, 
    0x00, 0x00, 0x03, 0x01, 0x80, 0xC0, 0x00, 0x00, 0x00, 0x00, 0x03, 0x01, 0x80, 0xC0, 0x00, 0x00, 
    0x00, 0x00, 0x03, 0x01, 0x80, 0xC0, 0x00, 0x00, 0x00, 0x00, 0x03, 0x01, 0x80, 0xC0, 0x00, 0x00, 
    0x00, 0x00, 0x03, 0x01, 0x80, 0xC0, 0x00, 0x00, 0x00, 0x00, 0x03, 0x01, 0x80, 0xC0, 0x00, 0x00, 
    0x00, 0x00, 0x03, 0x01, 0x80, 0xC0, 0x00, 0x00, 0x00, 0x00, 0x03, 0x01, 0x80, 0xC0, 0x00, 0x00, 
    0x00, 0x00, 0x03, 0x01, 0x80, 0xC0, 0x00, 0x00, 0x00, 0x0E, 0x03, 0x01, 0x80, 0xC0, 0x70, 0x00, 
    0x00, 0x3F, 0x03, 0x01, 0x80, 0xC0, 0xFC, 0x00, 0x00, 0x7F, 0x83, 0x01, 0x80, 0xC1, 0xFE, 0x00, 
    0x00, 0x71, 0xFF, 0x01, 0x80, 0xFF, 0x8E, 0x00, 0x00, 0x61, 0xFF, 0x01, 0x80, 0xFF, 0x86, 0x00, 
    0x00, 0x71, 0xFE, 0x01, 0x80, 0x7F, 0x8E, 0x00, 0x00, 0x3F, 0x80, 0x01, 0x80, 0x01, 0xFC, 0x00, 
    0x00, 0x3F, 0x00, 0x03, 0xC0, 0x00, 0xFC, 0x00, 0x00, 0x0E, 0x00, 0x07, 0xE0, 0x00, 0x70, 0x00, 
    0x00, 0x00, 0x00, 0x0E, 0x70, 0x00, 0x00, 0x00, 0x00, 0x00, 0x00, 0x0C, 0x30, 0x00, 0x00, 0x00, 
    0x00, 0x00, 0x00, 0x0C, 0x30, 0x00, 0x00, 0x00, 0x00, 0x00, 0x00, 0x0E, 0x70, 0x00, 0x00, 0x00, 
    0x00, 0x00, 0x00, 0x07, 0xE0, 0x00, 0x00, 0x00, 0x00, 0x00, 0x00, 0x03, 0xC0, 0x00, 0x00, 0x00, 
    0x00, 0x00, 0x00, 0x00, 0x00, 0x00, 0x00, 0x00, 0x00, 0x00, 0x00, 0x00, 0x00, 0x00, 0x00, 0x00, 
    0x00, 0x00, 0x00, 0x00, 0x00, 0x00, 0x00, 0x00, 0x00, 0x00, 0x00, 0x00, 0x00, 0x00, 0x00, 0x00, 
    0x00, 0x00, 0x00, 0x00, 0x00, 0x00, 0x00, 0x00, 0x00, 0x00, 0x00, 0x00, 0x00, 0x00, 0x00, 0x00, 
      },
  {
    0x00, 0x00, 0x00, 0x00, 0x00, 0x00, 0x00, 0x00, 0x00, 0x00, 0x00, 0x00, 0x00, 0x00, 0x00, 0x00, 
    0x00, 0x00, 0x00, 0x00, 0x00, 0x00, 0x00, 0x00, 0x00, 0x00, 0x00, 0x00, 0x00, 0x00, 0x00, 0x00, 
    0x00, 0x00, 0x00, 0x00, 0x00, 0x00, 0x00, 0x00, 0x00, 0x00, 0x00, 0x00, 0x00, 0x00, 0x00, 0x00, 
    0x00, 0x00, 0x00, 0xFC, 0x00, 0x00, 0x00, 0x00, 0x00, 0x00, 0x03, 0xFF, 0x80, 0x00, 0x00, 0x00, 
    0x00, 0x00, 0x0F, 0xFF, 0xC0, 0x00, 0x00, 0x00, 0x00, 0x00, 0x1E, 0x00, 0xFE, 0x00, 0x00, 0x00, 
    0x00, 0x00, 0x3C, 0x00, 0x7F, 0xC0, 0x00, 0x00, 0x00, 0x00, 0x78, 0x00, 0x3F, 0xE0, 0x00, 0x00, 
    0x00, 0x00, 0x70, 0x00, 0x00, 0xF0, 0x00, 0x00, 0x00, 0x00, 0xE0, 0x00, 0x00, 0x38, 0x00, 0x00, 
    0x00, 0x00, 0xC0, 0x00, 0x00, 0x1C, 0x00, 0x00, 0x00, 0x00, 0xF0, 0x00, 0x00, 0x1E, 0x00, 0x00, 
    0x00, 0x03, 0xFC, 0x00, 0x00, 0x3F, 0xC0, 0x00, 0x00, 0x0F, 0xFC, 0x00, 0x80, 0x3F, 0xF0, 0x00, 
    0x00, 0x1E, 0x00, 0x01, 0xC0, 0x00, 0x78, 0x00, 0x00, 0x1C, 0x00, 0x01, 0xC0, 0x00, 0x38, 0x00, 
    0x00, 0x38, 0x00, 0x01, 0xC0, 0x00, 0x1C, 0x00, 0x00, 0x30, 0x00, 0x01, 0xC0, 0x00, 0x0C, 0x00, 
    0x00, 0x70, 0x00, 0x01, 0xC0, 0x00, 0x0E, 0x00, 0x00, 0x70, 0x00, 0x09, 0xC8, 0x00, 0x0E, 0x00, 
    0x00, 0x70, 0x00, 0x1D, 0xDC, 0x00, 0x0E, 0x00, 0x00, 0x70, 0x00, 0x0F, 0xF8, 0x00, 0x0E, 0x00, 
    0x00, 0x30, 0x00, 0x07, 0xF0, 0x00, 0x0C, 0x00, 0x00, 0x38, 0x00, 0x01, 0xC0, 0x00, 0x1C, 0x00, 
    0x00, 0x38, 0x00, 0x00, 0x80, 0x00, 0x1C, 0x00, 0x00, 0x1C, 0x00, 0x00, 0x00, 0x00, 0x38, 0x00, 
    0x00, 0x0F, 0x00, 0x00, 0x00, 0x00, 0xF0, 0x00, 0x00, 0x07, 0xFF, 0xFF, 0xFF, 0xFF, 0xE0, 0x00, 
    0x00, 0x01, 0xFF, 0xFF, 0xFF, 0xFF, 0x80, 0x00, 0x00, 0x00, 0x03, 0x01, 0x80, 0xC0, 0x00, 0x00, 
    0x00, 0x00, 0x03, 0x01, 0x80, 0xC0, 0x00, 0x00, 0x00, 0x00, 0x03, 0x01, 0x80, 0xC0, 0x00, 0x00, 
    0x00, 0x00, 0x03, 0x01, 0x80, 0xC0, 0x00, 0x00, 0x00, 0x00, 0x03, 0x01, 0x80, 0xC0, 0x00, 0x00, 
    0x00, 0x00, 0x03, 0x01, 0x80, 0xC0, 0x00, 0x00, 0x00, 0x00, 0x03, 0x01, 0x80, 0xC0, 0x00, 0x00, 
    0x00, 0x00, 0x03, 0x01, 0x80, 0xC0, 0x00, 0x00, 0x00, 0x00, 0x03, 0x01, 0x80, 0xC0, 0x00, 0x00, 
    0x00, 0x00, 0x03, 0x01, 0x80, 0xC0, 0x00, 0x00, 0x00, 0x0E, 0x03, 0x01, 0x80, 0xC0, 0x70, 0x00, 
    0x00, 0x3F, 0x03, 0x01, 0x80, 0xC0, 0xFC, 0x00, 0x00, 0x7F, 0x83, 0x01, 0x80, 0xC1, 0xFE, 0x00, 
    0x00, 0x71, 0xFF, 0x01, 0x80, 0xFF, 0x8E, 0x00, 0x00, 0x61, 0xFF, 0x01, 0x80, 0xFF, 0x86, 0x00, 
    0x00, 0x71, 0xFE, 0x01, 0x80, 0x7F, 0x8E, 0x00, 0x00, 0x7F, 0x80, 0x01, 0x80, 0x01, 0xFE, 0x00, 
    0x00, 0x3F, 0x00, 0x03, 0xC0, 0x00, 0xFC, 0x00, 0x00, 0x0E, 0x00, 0x07, 0xE0, 0x00, 0x70, 0x00, 
    0x00, 0x00, 0x00, 0x0E, 0x70, 0x00, 0x00, 0x00, 0x00, 0x00, 0x00, 0x0C, 0x30, 0x00, 0x00, 0x00, 
    0x00, 0x00, 0x00, 0x0C, 0x30, 0x00, 0x00, 0x00, 0x00, 0x00, 0x00, 0x0E, 0x70, 0x00, 0x00, 0x00, 
    0x00, 0x00, 0x00, 0x07, 0xE0, 0x00, 0x00, 0x00, 0x00, 0x00, 0x00, 0x07, 0xE0, 0x00, 0x00, 0x00, 
    0x00, 0x00, 0x00, 0x00, 0x00, 0x00, 0x00, 0x00, 0x00, 0x00, 0x00, 0x00, 0x00, 0x00, 0x00, 0x00, 
    0x00, 0x00, 0x00, 0x00, 0x00, 0x00, 0x00, 0x00, 0x00, 0x00, 0x00, 0x00, 0x00, 0x00, 0x00, 0x00, 
    0x00, 0x00, 0x00, 0x00, 0x00, 0x00, 0x00, 0x00, 0x00, 0x00, 0x00, 0x00, 0x00, 0x00, 0x00, 0x00, 
      },
  {
    0x00, 0x00, 0x00, 0x00, 0x00, 0x00, 0x00, 0x00, 0x00, 0x00, 0x00, 0x00, 0x00, 0x00, 0x00, 0x00, 
    0x00, 0x00, 0x00, 0x00, 0x00, 0x00, 0x00, 0x00, 0x00, 0x00, 0x00, 0x00, 0x00, 0x00, 0x00, 0x00, 
    0x00, 0x00, 0x00, 0x00, 0x00, 0x00, 0x00, 0x00, 0x00, 0x00, 0x00, 0x00, 0x00, 0x00, 0x00, 0x00, 
    0x00, 0x00, 0x00, 0xFC, 0x00, 0x00, 0x00, 0x00, 0x00, 0x00, 0x03, 0xFF, 0x80, 0x00, 0x00, 0x00, 
    0x00, 0x00, 0x0F, 0xFF, 0xC0, 0x00, 0x00, 0x00, 0x00, 0x00, 0x1E, 0x00, 0xFE, 0x00, 0x00, 0x00, 
    0x00, 0x00, 0x3C, 0x00, 0x7F, 0xC0, 0x00, 0x00, 0x00, 0x00, 0x78, 0x00, 0x3F, 0xE0, 0x00, 0x00, 
    0x00, 0x00, 0x70, 0x00, 0x00, 0xF0, 0x00, 0x00, 0x00, 0x00, 0xE0, 0x00, 0x00, 0x38, 0x00, 0x00, 
    0x00, 0x00, 0xC0, 0x00, 0x00, 0x1C, 0x00, 0x00, 0x00, 0x00, 0xF0, 0x00, 0x00, 0x1E, 0x00, 0x00, 
    0x00, 0x03, 0xFC, 0x00, 0x00, 0x3F, 0xC0, 0x00, 0x00, 0x0F, 0xFC, 0x00, 0x00, 0x3F, 0xF0, 0x00, 
    0x00, 0x1E, 0x00, 0x01, 0x80, 0x00, 0x78, 0x00, 0x00, 0x1C, 0x00, 0x01, 0xC0, 0x00, 0x38, 0x00, 
    0x00, 0x38, 0x00, 0x01, 0xC0, 0x00, 0x1C, 0x00, 0x00, 0x30, 0x00, 0x01, 0xC0, 0x00, 0x0C, 0x00, 
    0x00, 0x70, 0x00, 0x01, 0xC0, 0x00, 0x0E, 0x00, 0x00, 0x70, 0x00, 0x1D, 0xD8, 0x00, 0x0E, 0x00, 
    0x00, 0x70, 0x00, 0x1F, 0xF8, 0x00, 0x0E, 0x00, 0x00, 0x70, 0x00, 0x0F, 0xF0, 0x00, 0x0E, 0x00, 
    0x00, 0x30, 0x00, 0x03, 0xE0, 0x00, 0x0C, 0x00, 0x00, 0x38, 0x00, 0x01, 0xC0, 0x00, 0x1C, 0x00, 
    0x00, 0x38, 0x00, 0x00, 0x00, 0x00, 0x1C, 0x00, 0x00, 0x1C, 0x00, 0x00, 0x00, 0x00, 0x38, 0x00, 
    0x00, 0x0F, 0x00, 0x00, 0x00, 0x00, 0xF0, 0x00, 0x00, 0x07, 0xFF, 0xFF, 0xFF, 0xFF, 0xE0, 0x00, 
    0x00, 0x01, 0xFF, 0xFF, 0xFF, 0xFF, 0x80, 0x00, 0x00, 0x00, 0x03, 0x01, 0x80, 0xC0, 0x00, 0x00, 
    0x00, 0x00, 0x03, 0x01, 0x80, 0xC0, 0x00, 0x00, 0x00, 0x00, 0x03, 0x01, 0x80, 0xC0, 0x00, 0x00, 
    0x00, 0x00, 0x03, 0x01, 0x80, 0xC0, 0x00, 0x00, 0x00, 0x00, 0x03, 0x01, 0x80, 0xC0, 0x00, 0x00, 
    0x00, 0x00, 0x03, 0x01, 0x80, 0xC0, 0x00, 0x00, 0x00, 0x00, 0x03, 0x01, 0x80, 0xC0, 0x00, 0x00, 
    0x00, 0x00, 0x03, 0x01, 0x80, 0xC0, 0x00, 0x00, 0x00, 0x00, 0x03, 0x01, 0x80, 0xC0, 0x00, 0x00, 
    0x00, 0x00, 0x03, 0x01, 0x80, 0xC0, 0x00, 0x00, 0x00, 0x1E, 0x03, 0x01, 0x80, 0xC0, 0x78, 0x00, 
    0x00, 0x3F, 0x03, 0x01, 0x80, 0xC0, 0xFC, 0x00, 0x00, 0x7F, 0x83, 0x01, 0x80, 0xC1, 0xFE, 0x00, 
    0x00, 0x71, 0xFF, 0x01, 0x80, 0xFF, 0x8E, 0x00, 0x00, 0x61, 0xFF, 0x01, 0x80, 0xFF, 0x86, 0x00, 
    0x00, 0x71, 0xFE, 0x01, 0x80, 0x7F, 0x8E, 0x00, 0x00, 0x7F, 0x80, 0x01, 0x80, 0x01, 0xFE, 0x00, 
    0x00, 0x3F, 0x00, 0x07, 0xE0, 0x00, 0xFC, 0x00, 0x00, 0x0E, 0x00, 0x0F, 0xF0, 0x00, 0x70, 0x00, 
    0x00, 0x00, 0x00, 0x0E, 0x70, 0x00, 0x00, 0x00, 0x00, 0x00, 0x00, 0x0C, 0x30, 0x00, 0x00, 0x00, 
    0x00, 0x00, 0x00, 0x0C, 0x30, 0x00, 0x00, 0x00, 0x00, 0x00, 0x00, 0x0E, 0x70, 0x00, 0x00, 0x00, 
    0x00, 0x00, 0x00, 0x0F, 0xF0, 0x00, 0x00, 0x00, 0x00, 0x00, 0x00, 0x07, 0xE0, 0x00, 0x00, 0x00, 
    0x00, 0x00, 0x00, 0x00, 0x00, 0x00, 0x00, 0x00, 0x00, 0x00, 0x00, 0x00, 0x00, 0x00, 0x00, 0x00, 
    0x00, 0x00, 0x00, 0x00, 0x00, 0x00, 0x00, 0x00, 0x00, 0x00, 0x00, 0x00, 0x00, 0x00, 0x00, 0x00, 
    0x00, 0x00, 0x00, 0x00, 0x00, 0x00, 0x00, 0x00, 0x00, 0x00, 0x00, 0x00, 0x00, 0x00, 0x00, 0x00, 
      },
  {
    0x00, 0x00, 0x00, 0x00, 0x00, 0x00, 0x00, 0x00, 0x00, 0x00, 0x00, 0x00, 0x00, 0x00, 0x00, 0x00, 
    0x00, 0x00, 0x00, 0x00, 0x00, 0x00, 0x00, 0x00, 0x00, 0x00, 0x00, 0x00, 0x00, 0x00, 0x00, 0x00, 
    0x00, 0x00, 0x00, 0x00, 0x00, 0x00, 0x00, 0x00, 0x00, 0x00, 0x00, 0x00, 0x00, 0x00, 0x00, 0x00, 
    0x00, 0x00, 0x00, 0xFC, 0x00, 0x00, 0x00, 0x00, 0x00, 0x00, 0x03, 0xFF, 0x80, 0x00, 0x00, 0x00, 
    0x00, 0x00, 0x0F, 0xFF, 0xC0, 0x00, 0x00, 0x00, 0x00, 0x00, 0x1E, 0x00, 0xFE, 0x00, 0x00, 0x00, 
    0x00, 0x00, 0x3C, 0x00, 0x7F, 0xC0, 0x00, 0x00, 0x00, 0x00, 0x78, 0x00, 0x3F, 0xE0, 0x00, 0x00, 
    0x00, 0x00, 0x70, 0x00, 0x00, 0xF0, 0x00, 0x00, 0x00, 0x00, 0xE0, 0x00, 0x00, 0x38, 0x00, 0x00, 
    0x00, 0x00, 0xC0, 0x00, 0x00, 0x1C, 0x00, 0x00, 0x00, 0x00, 0xF0, 0x00, 0x00, 0x1E, 0x00, 0x00, 
    0x00, 0x03, 0xFC, 0x00, 0x00, 0x3F, 0xC0, 0x00, 0x00, 0x0F, 0xFC, 0x00, 0x00, 0x3F, 0xF0, 0x00, 
    0x00, 0x1E, 0x00, 0x00, 0x80, 0x00, 0x78, 0x00, 0x00, 0x1C, 0x00, 0x01, 0xC0, 0x00, 0x38, 0x00, 
    0x00, 0x38, 0x00, 0x01, 0xC0, 0x00, 0x1C, 0x00, 0x00, 0x30, 0x00, 0x01, 0xC0, 0x00, 0x0C, 0x00, 
    0x00, 0x70, 0x00, 0x09, 0xC8, 0x00, 0x0E, 0x00, 0x00, 0x70, 0x00, 0x1D, 0xF8, 0x00, 0x0E, 0x00, 
    0x00, 0x70, 0x00, 0x0F, 0xF8, 0x00, 0x0E, 0x00, 0x00, 0x70, 0x00, 0x07, 0xF0, 0x00, 0x0E, 0x00, 
    0x00, 0x30, 0x00, 0x01, 0xC0, 0x00, 0x0C, 0x00, 0x00, 0x38, 0x00, 0x00, 0x80, 0x00, 0x1C, 0x00, 
    0x00, 0x38, 0x00, 0x00, 0x00, 0x00, 0x1C, 0x00, 0x00, 0x1C, 0x00, 0x00, 0x00, 0x00, 0x38, 0x00, 
    0x00, 0x0F, 0x00, 0x00, 0x00, 0x00, 0xF0, 0x00, 0x00, 0x07, 0xFF, 0xFF, 0xFF, 0xFF, 0xE0, 0x00, 
    0x00, 0x01, 0xFF, 0xFF, 0xFF, 0xFF, 0x80, 0x00, 0x00, 0x00, 0x03, 0x01, 0x80, 0xC0, 0x00, 0x00, 
    0x00, 0x00, 0x03, 0x01, 0x80, 0xC0, 0x00, 0x00, 0x00, 0x00, 0x03, 0x01, 0x80, 0xC0, 0x00, 0x00, 
    0x00, 0x00, 0x03, 0x01, 0x80, 0xC0, 0x00, 0x00, 0x00, 0x00, 0x03, 0x01, 0x80, 0xC0, 0x00, 0x00, 
    0x00, 0x00, 0x03, 0x01, 0x80, 0xC0, 0x00, 0x00, 0x00, 0x00, 0x03, 0x01, 0x80, 0xC0, 0x00, 0x00, 
    0x00, 0x00, 0x03, 0x01, 0x80, 0xC0, 0x00, 0x00, 0x00, 0x00, 0x03, 0x01, 0x80, 0xC0, 0x00, 0x00, 
    0x00, 0x00, 0x03, 0x01, 0x80, 0xC0, 0x00, 0x00, 0x00, 0x1E, 0x03, 0x01, 0x80, 0xC0, 0x78, 0x00, 
    0x00, 0x3F, 0x83, 0x01, 0x80, 0xC1, 0xFC, 0x00, 0x00, 0x7F, 0x83, 0x01, 0x80, 0xC1, 0xFE, 0x00, 
    0x00, 0x71, 0xFF, 0x01, 0x80, 0xFF, 0x8E, 0x00, 0x00, 0x61, 0xFF, 0x01, 0x80, 0xFF, 0x86, 0x00, 
    0x00, 0x71, 0xFE, 0x01, 0x80, 0x7F, 0x8E, 0x00, 0x00, 0x7F, 0x80, 0x01, 0x80, 0x01, 0xFE, 0x00, 
    0x00, 0x3F, 0x00, 0x07, 0xE0, 0x00, 0xFC, 0x00, 0x00, 0x1E, 0x00, 0x0F, 0xF0, 0x00, 0x78, 0x00, 
    0x00, 0x00, 0x00, 0x0E, 0x70, 0x00, 0x00, 0x00, 0x00, 0x00, 0x00, 0x0C, 0x30, 0x00, 0x00, 0x00, 
    0x00, 0x00, 0x00, 0x0C, 0x30, 0x00, 0x00, 0x00, 0x00, 0x00, 0x00, 0x0E, 0x70, 0x00, 0x00, 0x00, 
    0x00, 0x00, 0x00, 0x0F, 0xF0, 0x00, 0x00, 0x00, 0x00, 0x00, 0x00, 0x07, 0xE0, 0x00, 0x00, 0x00, 
    0x00, 0x00, 0x00, 0x00, 0x00, 0x00, 0x00, 0x00, 0x00, 0x00, 0x00, 0x00, 0x00, 0x00, 0x00, 0x00, 
    0x00, 0x00, 0x00, 0x00, 0x00, 0x00, 0x00, 0x00, 0x00, 0x00, 0x00, 0x00, 0x00, 0x00, 0x00, 0x00, 
    0x00, 0x00, 0x00, 0x00, 0x00, 0x00, 0x00, 0x00, 0x00, 0x00, 0x00, 0x00, 0x00, 0x00, 0x00, 0x00, 
      },
  {
    0x00, 0x00, 0x00, 0x00, 0x00, 0x00, 0x00, 0x00, 0x00, 0x00, 0x00, 0x00, 0x00, 0x00, 0x00, 0x00, 
    0x00, 0x00, 0x00, 0x00, 0x00, 0x00, 0x00, 0x00, 0x00, 0x00, 0x00, 0x00, 0x00, 0x00, 0x00, 0x00, 
    0x00, 0x00, 0x00, 0x00, 0x00, 0x00, 0x00, 0x00, 0x00, 0x00, 0x00, 0x00, 0x00, 0x00, 0x00, 0x00, 
    0x00, 0x00, 0x00, 0xFC, 0x00, 0x00, 0x00, 0x00, 0x00, 0x00, 0x03, 0xFF, 0x80, 0x00, 0x00, 0x00, 
    0x00, 0x00, 0x0F, 0xFF, 0xC0, 0x00, 0x00, 0x00, 0x00, 0x00, 0x1E, 0x00, 0xFE, 0x00, 0x00, 0x00, 
    0x00, 0x00, 0x3C, 0x00, 0x7F, 0xC0, 0x00, 0x00, 0x00, 0x00, 0x78, 0x00, 0x3F, 0xE0, 0x00, 0x00, 
    0x00, 0x00, 0x70, 0x00, 0x00, 0xF0, 0x00, 0x00, 0x00, 0x00, 0xE0, 0x00, 0x00, 0x38, 0x00, 0x00, 
    0x00, 0x00, 0xC0, 0x00, 0x00, 0x1C, 0x00, 0x00, 0x00, 0x00, 0xF0, 0x00, 0x00, 0x1E, 0x00, 0x00, 
    0x00, 0x03, 0xFC, 0x00, 0x00, 0x3F, 0xC0, 0x00, 0x00, 0x0F, 0xFC, 0x00, 0x00, 0x3F, 0xF0, 0x00, 
    0x00, 0x1E, 0x00, 0x00, 0x00, 0x00, 0x78, 0x00, 0x00, 0x1C, 0x00, 0x00, 0x80, 0x00, 0x38, 0x00, 
    0x00, 0x38, 0x00, 0x01, 0xC0, 0x00, 0x1C, 0x00, 0x00, 0x30, 0x00, 0x01, 0xC0, 0x00, 0x0C, 0x00, 
    0x00, 0x70, 0x00, 0x1D, 0xD8, 0x00, 0x0E, 0x00, 0x00, 0x70, 0x00, 0x0F, 0xF8, 0x00, 0x0E, 0x00, 
    0x00, 0x70, 0x00, 0x07, 0xF0, 0x00, 0x0E, 0x00, 0x00, 0x70, 0x00, 0x03, 0xE0, 0x00, 0x0E, 0x00, 
    0x00, 0x30, 0x00, 0x00, 0x80, 0x00, 0x0C, 0x00, 0x00, 0x38, 0x00, 0x00, 0x00, 0x00, 0x1C, 0x00, 
    0x00, 0x38, 0x00, 0x00, 0x00, 0x00, 0x1C, 0x00, 0x00, 0x1C, 0x00, 0x00, 0x00, 0x00, 0x38, 0x00, 
    0x00, 0x0F, 0x00, 0x00, 0x00, 0x00, 0xF0, 0x00, 0x00, 0x07, 0xFF, 0xFF, 0xFF, 0xFF, 0xE0, 0x00, 
    0x00, 0x01, 0xFF, 0xFF, 0xFF, 0xFF, 0x80, 0x00, 0x00, 0x00, 0x03, 0x01, 0x80, 0xC0, 0x00, 0x00, 
    0x00, 0x00, 0x03, 0x01, 0x80, 0xC0, 0x00, 0x00, 0x00, 0x00, 0x03, 0x01, 0x80, 0xC0, 0x00, 0x00, 
    0x00, 0x00, 0x03, 0x01, 0x80, 0xC0, 0x00, 0x00, 0x00, 0x00, 0x03, 0x01, 0x80, 0xC0, 0x00, 0x00, 
    0x00, 0x00, 0x03, 0x01, 0x80, 0xC0, 0x00, 0x00, 0x00, 0x00, 0x03, 0x01, 0x80, 0xC0, 0x00, 0x00, 
    0x00, 0x00, 0x03, 0x01, 0x80, 0xC0, 0x00, 0x00, 0x00, 0x00, 0x03, 0x01, 0x80, 0xC0, 0x00, 0x00, 
    0x00, 0x00, 0x03, 0x01, 0x80, 0xC0, 0x00, 0x00, 0x00, 0x1F, 0x03, 0x01, 0x80, 0xC0, 0xF8, 0x00, 
    0x00, 0x3F, 0x83, 0x01, 0x80, 0xC1, 0xFC, 0x00, 0x00, 0x7B, 0x83, 0x01, 0x80, 0xC1, 0xDE, 0x00, 
    0x00, 0x61, 0xFF, 0x01, 0x80, 0xFF, 0x86, 0x00, 0x00, 0x61, 0xFF, 0x01, 0x80, 0xFF, 0x86, 0x00, 
    0x00, 0x71, 0xFE, 0x01, 0x80, 0x7F, 0x8E, 0x00, 0x00, 0x7F, 0x80, 0x01, 0x80, 0x01, 0xFE, 0x00, 
    0x00, 0x3F, 0x80, 0x07, 0xE0, 0x01, 0xFC, 0x00, 0x00, 0x1E, 0x00, 0x0F, 0xF0, 0x00, 0x78, 0x00, 
    0x00, 0x00, 0x00, 0x0E, 0x70, 0x00, 0x00, 0x00, 0x00, 0x00, 0x00, 0x1C, 0x38, 0x00, 0x00, 0x00, 
    0x00, 0x00, 0x00, 0x1C, 0x38, 0x00, 0x00, 0x00, 0x00, 0x00, 0x00, 0x0E, 0x70, 0x00, 0x00, 0x00, 
    0x00, 0x00, 0x00, 0x0F, 0xF0, 0x00, 0x00, 0x00, 0x00, 0x00, 0x00, 0x07, 0xE0, 0x00, 0x00, 0x00, 
    0x00, 0x00, 0x00, 0x01, 0x80, 0x00, 0x00, 0x00, 0x00, 0x00, 0x00, 0x00, 0x00, 0x00, 0x00, 0x00, 
    0x00, 0x00, 0x00, 0x00, 0x00, 0x00, 0x00, 0x00, 0x00, 0x00, 0x00, 0x00, 0x00, 0x00, 0x00, 0x00, 
    0x00, 0x00, 0x00, 0x00, 0x00, 0x00, 0x00, 0x00, 0x00, 0x00, 0x00, 0x00, 0x00, 0x00, 0x00, 0x00, 
      },
  {
    0x00, 0x00, 0x00, 0x00, 0x00, 0x00, 0x00, 0x00, 0x00, 0x00, 0x00, 0x00, 0x00, 0x00, 0x00, 0x00, 
    0x00, 0x00, 0x00, 0x00, 0x00, 0x00, 0x00, 0x00, 0x00, 0x00, 0x00, 0x00, 0x00, 0x00, 0x00, 0x00, 
    0x00, 0x00, 0x00, 0x00, 0x00, 0x00, 0x00, 0x00, 0x00, 0x00, 0x00, 0x00, 0x00, 0x00, 0x00, 0x00, 
    0x00, 0x00, 0x00, 0xFC, 0x00, 0x00, 0x00, 0x00, 0x00, 0x00, 0x03, 0xFF, 0x80, 0x00, 0x00, 0x00, 
    0x00, 0x00, 0x0F, 0xFF, 0xC0, 0x00, 0x00, 0x00, 0x00, 0x00, 0x1E, 0x00, 0xFE, 0x00, 0x00, 0x00, 
    0x00, 0x00, 0x3C, 0x00, 0x7F, 0xC0, 0x00, 0x00, 0x00, 0x00, 0x78, 0x00, 0x3F, 0xE0, 0x00, 0x00, 
    0x00, 0x00, 0x70, 0x00, 0x00, 0xF0, 0x00, 0x00, 0x00, 0x00, 0xE0, 0x00, 0x00, 0x38, 0x00, 0x00, 
    0x00, 0x00, 0xC0, 0x00, 0x00, 0x1C, 0x00, 0x00, 0x00, 0x00, 0xF0, 0x00, 0x00, 0x1E, 0x00, 0x00, 
    0x00, 0x03, 0xFC, 0x00, 0x00, 0x3F, 0xC0, 0x00, 0x00, 0x0F, 0xFC, 0x00, 0x00, 0x3F, 0xF0, 0x00, 
    0x00, 0x1E, 0x00, 0x00, 0x00, 0x00, 0x78, 0x00, 0x00, 0x1C, 0x00, 0x00, 0x00, 0x00, 0x38, 0x00, 
    0x00, 0x38, 0x00, 0x01, 0xC0, 0x00, 0x1C, 0x00, 0x00, 0x30, 0x00, 0x1D, 0xD8, 0x00, 0x0C, 0x00, 
    0x00, 0x70, 0x00, 0x1F, 0xF8, 0x00, 0x0E, 0x00, 0x00, 0x70, 0x00, 0x0F, 0xF0, 0x00, 0x0E, 0x00, 
    0x00, 0x70, 0x00, 0x03, 0xE0, 0x00, 0x0E, 0x00, 0x00, 0x70, 0x00, 0x01, 0xC0, 0x00, 0x0E, 0x00, 
    0x00, 0x30, 0x00, 0x00, 0x00, 0x00, 0x0C, 0x00, 0x00, 0x38, 0x00, 0x00, 0x00, 0x00, 0x1C, 0x00, 
    0x00, 0x38, 0x00, 0x00, 0x00, 0x00, 0x1C, 0x00, 0x00, 0x1C, 0x00, 0x00, 0x00, 0x00, 0x38, 0x00, 
    0x00, 0x0F, 0x00, 0x00, 0x00, 0x00, 0xF0, 0x00, 0x00, 0x07, 0xFF, 0xFF, 0xFF, 0xFF, 0xE0, 0x00, 
    0x00, 0x01, 0xFF, 0xFF, 0xFF, 0xFF, 0x80, 0x00, 0x00, 0x00, 0x03, 0x01, 0x80, 0xC0, 0x00, 0x00, 
    0x00, 0x00, 0x03, 0x01, 0x80, 0xC0, 0x00, 0x00, 0x00, 0x00, 0x03, 0x01, 0x80, 0xC0, 0x00, 0x00, 
    0x00, 0x00, 0x03, 0x01, 0x80, 0xC0, 0x00, 0x00, 0x00, 0x00, 0x03, 0x01, 0x80, 0xC0, 0x00, 0x00, 
    0x00, 0x00, 0x03, 0x01, 0x80, 0xC0, 0x00, 0x00, 0x00, 0x00, 0x03, 0x01, 0x80, 0xC0, 0x00, 0x00, 
    0x00, 0x00, 0x03, 0x01, 0x80, 0xC0, 0x00, 0x00, 0x00, 0x00, 0x03, 0x01, 0x80, 0xC0, 0x00, 0x00, 
    0x00, 0x00, 0x03, 0x01, 0x80, 0xC0, 0x00, 0x00, 0x00, 0x1F, 0x03, 0x01, 0x80, 0xC0, 0xF8, 0x00, 
    0x00, 0x3F, 0x83, 0x01, 0x80, 0xC1, 0xFC, 0x00, 0x00, 0x7B, 0x83, 0x01, 0x80, 0xC1, 0xDE, 0x00, 
    0x00, 0x61, 0xFF, 0x01, 0x80, 0xFF, 0x86, 0x00, 0x00, 0x61, 0xFF, 0x01, 0x80, 0xFF, 0x86, 0x00, 
    0x00, 0x61, 0xFE, 0x01, 0x80, 0x7F, 0x86, 0x00, 0x00, 0x7F, 0x80, 0x01, 0x80, 0x01, 0xFE, 0x00, 
    0x00, 0x3F, 0x80, 0x07, 0xE0, 0x01, 0xFC, 0x00, 0x00, 0x1F, 0x00, 0x0F, 0xF0, 0x00, 0xF8, 0x00, 
    0x00, 0x00, 0x00, 0x0E, 0x70, 0x00, 0x00, 0x00, 0x00, 0x00, 0x00, 0x1C, 0x38, 0x00, 0x00, 0x00, 
    0x00, 0x00, 0x00, 0x1C, 0x38, 0x00, 0x00, 0x00, 0x00, 0x00, 0x00, 0x0E, 0x70, 0x00, 0x00, 0x00, 
    0x00, 0x00, 0x00, 0x0F, 0xF0, 0x00, 0x00, 0x00, 0x00, 0x00, 0x00, 0x07, 0xE0, 0x00, 0x00, 0x00, 
    0x00, 0x00, 0x00, 0x01, 0x80, 0x00, 0x00, 0x00, 0x00, 0x00, 0x00, 0x00, 0x00, 0x00, 0x00, 0x00, 
    0x00, 0x00, 0x00, 0x00, 0x00, 0x00, 0x00, 0x00, 0x00, 0x00, 0x00, 0x00, 0x00, 0x00, 0x00, 0x00, 
    0x00, 0x00, 0x00, 0x00, 0x00, 0x00, 0x00, 0x00, 0x00, 0x00, 0x00, 0x00, 0x00, 0x00, 0x00, 0x00, 
      },
  {
    0x00, 0x00, 0x00, 0x00, 0x00, 0x00, 0x00, 0x00, 0x00, 0x00, 0x00, 0x00, 0x00, 0x00, 0x00, 0x00, 
    0x00, 0x00, 0x00, 0x00, 0x00, 0x00, 0x00, 0x00, 0x00, 0x00, 0x00, 0x00, 0x00, 0x00, 0x00, 0x00, 
    0x00, 0x00, 0x00, 0x00, 0x00, 0x00, 0x00, 0x00, 0x00, 0x00, 0x00, 0x00, 0x00, 0x00, 0x00, 0x00, 
    0x00, 0x00, 0x00, 0xFC, 0x00, 0x00, 0x00, 0x00, 0x00, 0x00, 0x03, 0xFF, 0x80, 0x00, 0x00, 0x00, 
    0x00, 0x00, 0x0F, 0xFF, 0xC0, 0x00, 0x00, 0x00, 0x00, 0x00, 0x1E, 0x00, 0xFE, 0x00, 0x00, 0x00, 
    0x00, 0x00, 0x3C, 0x00, 0x7F, 0xC0, 0x00, 0x00, 0x00, 0x00, 0x78, 0x00, 0x3F, 0xE0, 0x00, 0x00, 
    0x00, 0x00, 0x70, 0x00, 0x00, 0xF0, 0x00, 0x00, 0x00, 0x00, 0xE0, 0x00, 0x00, 0x38, 0x00, 0x00, 
    0x00, 0x00, 0xC0, 0x00, 0x00, 0x1C, 0x00, 0x00, 0x00, 0x00, 0xF0, 0x00, 0x00, 0x1E, 0x00, 0x00, 
    0x00, 0x03, 0xFC, 0x00, 0x00, 0x3F, 0xC0, 0x00, 0x00, 0x0F, 0xFC, 0x00, 0x00, 0x3F, 0xF0, 0x00, 
    0x00, 0x1E, 0x00, 0x00, 0x00, 0x00, 0x78, 0x00, 0x00, 0x1C, 0x00, 0x00, 0x00, 0x00, 0x38, 0x00, 
    0x00, 0x38, 0x00, 0x08, 0x88, 0x00, 0x1C, 0x00, 0x00, 0x30, 0x00, 0x1D, 0xFC, 0x00, 0x0C, 0x00, 
    0x00, 0x70, 0x00, 0x0F, 0xF8, 0x00, 0x0E, 0x00, 0x00, 0x70, 0x00, 0x07, 0xF0, 0x00, 0x0E, 0x00, 
    0x00, 0x70, 0x00, 0x01, 0xC0, 0x00, 0x0E, 0x00, 0x00, 0x70, 0x00, 0x00, 0x80, 0x00, 0x0E, 0x00, 
    0x00, 0x30, 0x00, 0x00, 0x00, 0x00, 0x0C, 0x00, 0x00, 0x38, 0x00, 0x00, 0x00, 0x00, 0x1C, 0x00, 
    0x00, 0x38, 0x00, 0x00, 0x00, 0x00, 0x1C, 0x00, 0x00, 0x1C, 0x00, 0x00, 0x00, 0x00, 0x38, 0x00, 
    0x00, 0x0F, 0x00, 0x00, 0x00, 0x00, 0xF0, 0x00, 0x00, 0x07, 0xFF, 0xFF, 0xFF, 0xFF, 0xE0, 0x00, 
    0x00, 0x01, 0xFF, 0xFF, 0xFF, 0xFF, 0x80, 0x00, 0x00, 0x00, 0x03, 0x01, 0x80, 0xC0, 0x00, 0x00, 
    0x00, 0x00, 0x03, 0x01, 0x80, 0xC0, 0x00, 0x00, 0x00, 0x00, 0x03, 0x01, 0x80, 0xC0, 0x00, 0x00, 
    0x00, 0x00, 0x03, 0x01, 0x80, 0xC0, 0x00, 0x00, 0x00, 0x00, 0x03, 0x01, 0x80, 0xC0, 0x00, 0x00, 
    0x00, 0x00, 0x03, 0x01, 0x80, 0xC0, 0x00, 0x00, 0x00, 0x00, 0x03, 0x01, 0x80, 0xC0, 0x00, 0x00, 
    0x00, 0x00, 0x03, 0x01, 0x80, 0xC0, 0x00, 0x00, 0x00, 0x00, 0x03, 0x01, 0x80, 0xC0, 0x00, 0x00, 
    0x00, 0x00, 0x03, 0x01, 0x80, 0xC0, 0x00, 0x00, 0x00, 0x1F, 0x03, 0x01, 0x80, 0xC0, 0xF8, 0x00, 
    0x00, 0x3F, 0x83, 0x01, 0x80, 0xC1, 0xFC, 0x00, 0x00, 0x7B, 0xC3, 0x01, 0x80, 0xC3, 0xDE, 0x00, 
    0x00, 0x61, 0xFF, 0x01, 0x80, 0xFF, 0x86, 0x00, 0x00, 0xE1, 0xFF, 0x01, 0x80, 0xFF, 0x87, 0x00, 
    0x00, 0x61, 0xFE, 0x01, 0x80, 0x7F, 0x86, 0x00, 0x00, 0x7B, 0xC0, 0x03, 0xC0, 0x03, 0xDE, 0x00, 
    0x00, 0x3F, 0x80, 0x07, 0xE0, 0x01, 0xFC, 0x00, 0x00, 0x1F, 0x00, 0x0F, 0xF0, 0x00, 0xF8, 0x00, 
    0x00, 0x00, 0x00, 0x1E, 0x78, 0x00, 0x00, 0x00, 0x00, 0x00, 0x00, 0x1C, 0x38, 0x00, 0x00, 0x00, 
    0x00, 0x00, 0x00, 0x1C, 0x38, 0x00, 0x00, 0x00, 0x00, 0x00, 0x00, 0x1E, 0x78, 0x00, 0x00, 0x00, 
    0x00, 0x00, 0x00, 0x0F, 0xF0, 0x00, 0x00, 0x00, 0x00, 0x00, 0x00, 0x07, 0xE0, 0x00, 0x00, 0x00, 
    0x00, 0x00, 0x00, 0x03, 0xC0, 0x00, 0x00, 0x00, 0x00, 0x00, 0x00, 0x00, 0x00, 0x00, 0x00, 0x00, 
    0x00, 0x00, 0x00, 0x00, 0x00, 0x00, 0x00, 0x00, 0x00, 0x00, 0x00, 0x00, 0x00, 0x00, 0x00, 0x00, 
    0x00, 0x00, 0x00, 0x00, 0x00, 0x00, 0x00, 0x00, 0x00, 0x00, 0x00, 0x00, 0x00, 0x00, 0x00, 0x00, 
      },
  {
    0x00, 0x00, 0x00, 0x00, 0x00, 0x00, 0x00, 0x00, 0x00, 0x00, 0x00, 0x00, 0x00, 0x00, 0x00, 0x00, 
    0x00, 0x00, 0x00, 0x00, 0x00, 0x00, 0x00, 0x00, 0x00, 0x00, 0x00, 0x00, 0x00, 0x00, 0x00, 0x00, 
    0x00, 0x00, 0x00, 0x00, 0x00, 0x00, 0x00, 0x00, 0x00, 0x00, 0x00, 0x00, 0x00, 0x00, 0x00, 0x00, 
    0x00, 0x00, 0x00, 0xFC, 0x00, 0x00, 0x00, 0x00, 0x00, 0x00, 0x03, 0xFF, 0x80, 0x00, 0x00, 0x00, 
    0x00, 0x00, 0x0F, 0xFF, 0xC0, 0x00, 0x00, 0x00, 0x00, 0x00, 0x1E, 0x00, 0xFE, 0x00, 0x00, 0x00, 
    0x00, 0x00, 0x3C, 0x00, 0x7F, 0xC0, 0x00, 0x00, 0x00, 0x00, 0x78, 0x00, 0x3F, 0xE0, 0x00, 0x00, 
    0x00, 0x00, 0x70, 0x00, 0x00, 0xF0, 0x00, 0x00, 0x00, 0x00, 0xE0, 0x00, 0x00, 0x38, 0x00, 0x00, 
    0x00, 0x00, 0xC0, 0x00, 0x00, 0x1C, 0x00, 0x00, 0x00, 0x00, 0xF0, 0x00, 0x00, 0x1E, 0x00, 0x00, 
    0x00, 0x03, 0xFC, 0x00, 0x00, 0x3F, 0xC0, 0x00, 0x00, 0x0F, 0xFC, 0x00, 0x00, 0x3F, 0xF0, 0x00, 
    0x00, 0x1E, 0x00, 0x00, 0x00, 0x00, 0x78, 0x00, 0x00, 0x1C, 0x00, 0x00, 0x00, 0x00, 0x38, 0x00, 
    0x00, 0x38, 0x00, 0x1C, 0x18, 0x00, 0x1C, 0x00, 0x00, 0x30, 0x00, 0x1E, 0xF8, 0x00, 0x0C, 0x00, 
    0x00, 0x70, 0x00, 0x0F, 0xF0, 0x00, 0x0E, 0x00, 0x00, 0x70, 0x00, 0x03, 0xE0, 0x00, 0x0E, 0x00, 
    0x00, 0x70, 0x00, 0x01, 0xC0, 0x00, 0x0E, 0x00, 0x00, 0x70, 0x00, 0x00, 0x00, 0x00, 0x0E, 0x00, 
    0x00, 0x30, 0x00, 0x00, 0x00, 0x00, 0x0C, 0x00, 0x00, 0x38, 0x00, 0x00, 0x00, 0x00, 0x1C, 0x00, 
    0x00, 0x38, 0x00, 0x00, 0x00, 0x00, 0x1C, 0x00, 0x00, 0x1C, 0x00, 0x00, 0x00, 0x00, 0x38, 0x00, 
    0x00, 0x0F, 0x00, 0x00, 0x00, 0x00, 0xF0, 0x00, 0x00, 0x07, 0xFF, 0xFF, 0xFF, 0xFF, 0xE0, 0x00, 
    0x00, 0x01, 0xFF, 0xFF, 0xFF, 0xFF, 0x80, 0x00, 0x00, 0x00, 0x03, 0x01, 0x80, 0xC0, 0x00, 0x00, 
    0x00, 0x00, 0x03, 0x01, 0x80, 0xC0, 0x00, 0x00, 0x00, 0x00, 0x03, 0x01, 0x80, 0xC0, 0x00, 0x00, 
    0x00, 0x00, 0x03, 0x01, 0x80, 0xC0, 0x00, 0x00, 0x00, 0x00, 0x03, 0x01, 0x80, 0xC0, 0x00, 0x00, 
    0x00, 0x00, 0x03, 0x01, 0x80, 0xC0, 0x00, 0x00, 0x00, 0x00, 0x03, 0x01, 0x80, 0xC0, 0x00, 0x00, 
    0x00, 0x00, 0x03, 0x01, 0x80, 0xC0, 0x00, 0x00, 0x00, 0x00, 0x03, 0x01, 0x80, 0xC0, 0x00, 0x00, 
    0x00, 0x00, 0x03, 0x01, 0x80, 0xC0, 0x00, 0x00, 0x00, 0x1F, 0x03, 0x01, 0x80, 0xC0, 0xF8, 0x00, 
    0x00, 0x7F, 0x83, 0x01, 0x80, 0xC1, 0xFC, 0x00, 0x00, 0x73, 0xC3, 0x01, 0x80, 0xC3, 0xCE, 0x00, 
    0x00, 0x61, 0xFF, 0x01, 0x80, 0xFF, 0x86, 0x00, 0x00, 0xE1, 0xFF, 0x01, 0x80, 0xFF, 0x87, 0x00, 
    0x00, 0x61, 0xFE, 0x01, 0x80, 0x7F, 0x86, 0x00, 0x00, 0x7B, 0xC0, 0x03, 0xC0, 0x03, 0xDE, 0x00, 
    0x00, 0x3F, 0x80, 0x07, 0xE0, 0x01, 0xFC, 0x00, 0x00, 0x1F, 0x00, 0x0F, 0xF0, 0x00, 0xF8, 0x00, 
    0x00, 0x00, 0x00, 0x1E, 0x78, 0x00, 0x00, 0x00, 0x00, 0x00, 0x00, 0x1C, 0x38, 0x00, 0x00, 0x00, 
    0x00, 0x00, 0x00, 0x1C, 0x38, 0x00, 0x00, 0x00, 0x00, 0x00, 0x00, 0x1C, 0x38, 0x00, 0x00, 0x00, 
    0x00, 0x00, 0x00, 0x0F, 0xF0, 0x00, 0x00, 0x00, 0x00, 0x00, 0x00, 0x07, 0xE0, 0x00, 0x00, 0x00, 
    0x00, 0x00, 0x00, 0x03, 0xC0, 0x00, 0x00, 0x00, 0x00, 0x00, 0x00, 0x00, 0x00, 0x00, 0x00, 0x00, 
    0x00, 0x00, 0x00, 0x00, 0x00, 0x00, 0x00, 0x00, 0x00, 0x00, 0x00, 0x00, 0x00, 0x00, 0x00, 0x00, 
    0x00, 0x00, 0x00, 0x00, 0x00, 0x00, 0x00, 0x00, 0x00, 0x00, 0x00, 0x00, 0x00, 0x00, 0x00, 0x00, 
      },
  {
    0x00, 0x00, 0x00, 0x00, 0x00, 0x00, 0x00, 0x00, 0x00, 0x00, 0x00, 0x00, 0x00, 0x00, 0x00, 0x00, 
    0x00, 0x00, 0x00, 0x00, 0x00, 0x00, 0x00, 0x00, 0x00, 0x00, 0x00, 0x00, 0x00, 0x00, 0x00, 0x00, 
    0x00, 0x00, 0x00, 0x00, 0x00, 0x00, 0x00, 0x00, 0x00, 0x00, 0x00, 0x00, 0x00, 0x00, 0x00, 0x00, 
    0x00, 0x00, 0x00, 0xFC, 0x00, 0x00, 0x00, 0x00, 0x00, 0x00, 0x03, 0xFF, 0x80, 0x00, 0x00, 0x00, 
    0x00, 0x00, 0x0F, 0xFF, 0xC0, 0x00, 0x00, 0x00, 0x00, 0x00, 0x1E, 0x00, 0xFE, 0x00, 0x00, 0x00, 
    0x00, 0x00, 0x3C, 0x00, 0x7F, 0xC0, 0x00, 0x00, 0x00, 0x00, 0x78, 0x00, 0x3F, 0xE0, 0x00, 0x00, 
    0x00, 0x00, 0x70, 0x00, 0x00, 0xF0, 0x00, 0x00, 0x00, 0x00, 0xE0, 0x00, 0x00, 0x38, 0x00, 0x00, 
    0x00, 0x00, 0xC0, 0x00, 0x00, 0x1C, 0x00, 0x00, 0x00, 0x00, 0xF0, 0x00, 0x00, 0x1E, 0x00, 0x00, 
    0x00, 0x03, 0xFC, 0x00, 0x00, 0x3F, 0xC0, 0x00, 0x00, 0x0F, 0xFC, 0x00, 0x00, 0x3F, 0xF0, 0x00, 
    0x00, 0x1E, 0x00, 0x00, 0x00, 0x00, 0x78, 0x00, 0x00, 0x1C, 0x00, 0x00, 0x00, 0x00, 0x38, 0x00, 
    0x00, 0x38, 0x00, 0x1C, 0x18, 0x00, 0x1C, 0x00, 0x00, 0x30, 0x00, 0x0E, 0x38, 0x00, 0x0C, 0x00, 
    0x00, 0x70, 0x00, 0x07, 0xF0, 0x00, 0x0E, 0x00, 0x00, 0x70, 0x00, 0x03, 0xE0, 0x00, 0x0E, 0x00, 
    0x00, 0x70, 0x00, 0x01, 0xC0, 0x00, 0x0E, 0x00, 0x00, 0x70, 0x00, 0x00, 0x00, 0x00, 0x0E, 0x00, 
    0x00, 0x30, 0x00, 0x00, 0x00, 0x00, 0x0C, 0x00, 0x00, 0x38, 0x00, 0x00, 0x00, 0x00, 0x1C, 0x00, 
    0x00, 0x38, 0x00, 0x00, 0x00, 0x00, 0x1C, 0x00, 0x00, 0x1C, 0x00, 0x00, 0x00, 0x00, 0x38, 0x00, 
    0x00, 0x0F, 0x00, 0x00, 0x00, 0x00, 0xF0, 0x00, 0x00, 0x07, 0xFF, 0xFF, 0xFF, 0xFF, 0xE0, 0x00, 
    0x00, 0x01, 0xFF, 0xFF, 0xFF, 0xFF, 0x80, 0x00, 0x00, 0x00, 0x03, 0x01, 0x80, 0xC0, 0x00, 0x00, 
    0x00, 0x00, 0x03, 0x01, 0x80, 0xC0, 0x00, 0x00, 0x00, 0x00, 0x03, 0x01, 0x80, 0xC0, 0x00, 0x00, 
    0x00, 0x00, 0x03, 0x01, 0x80, 0xC0, 0x00, 0x00, 0x00, 0x00, 0x03, 0x01, 0x80, 0xC0, 0x00, 0x00, 
    0x00, 0x00, 0x03, 0x01, 0x80, 0xC0, 0x00, 0x00, 0x00, 0x00, 0x03, 0x01, 0x80, 0xC0, 0x00, 0x00, 
    0x00, 0x00, 0x03, 0x01, 0x80, 0xC0, 0x00, 0x00, 0x00, 0x00, 0x03, 0x01, 0x80, 0xC0, 0x00, 0x00, 
    0x00, 0x00, 0x03, 0x01, 0x80, 0xC0, 0x00, 0x00, 0x00, 0x3F, 0x03, 0x01, 0x80, 0xC0, 0xFC, 0x00, 
    0x00, 0x7F, 0x83, 0x01, 0x80, 0xC1, 0xFE, 0x00, 0x00, 0x73, 0xC3, 0x01, 0x80, 0xC3, 0xCE, 0x00, 
    0x00, 0x61, 0xFF, 0x01, 0x80, 0xFF, 0x86, 0x00, 0x00, 0xE1, 0xFF, 0x01, 0x80, 0xFF, 0x87, 0x00, 
    0x00, 0x61, 0xFE, 0x01, 0x80, 0x7F, 0x86, 0x00, 0x00, 0x7B, 0xC0, 0x03, 0xC0, 0x03, 0xDE, 0x00, 
    0x00, 0x3F, 0x80, 0x07, 0xE0, 0x01, 0xFC, 0x00, 0x00, 0x1F, 0x00, 0x0F, 0xF0, 0x00, 0xF8, 0x00, 
    0x00, 0x00, 0x00, 0x1C, 0x38, 0x00, 0x00, 0x00, 0x00, 0x00, 0x00, 0x1C, 0x38, 0x00, 0x00, 0x00, 
    0x00, 0x00, 0x00, 0x1C, 0x38, 0x00, 0x00, 0x00, 0x00, 0x00, 0x00, 0x1C, 0x38, 0x00, 0x00, 0x00, 
    0x00, 0x00, 0x00, 0x0F, 0xF0, 0x00, 0x00, 0x00, 0x00, 0x00, 0x00, 0x07, 0xE0, 0x00, 0x00, 0x00, 
    0x00, 0x00, 0x00, 0x03, 0xC0, 0x00, 0x00, 0x00, 0x00, 0x00, 0x00, 0x00, 0x00, 0x00, 0x00, 0x00, 
    0x00, 0x00, 0x00, 0x00, 0x00, 0x00, 0x00, 0x00, 0x00, 0x00, 0x00, 0x00, 0x00, 0x00, 0x00, 0x00, 
    0x00, 0x00, 0x00, 0x00, 0x00, 0x00, 0x00, 0x00, 0x00, 0x00, 0x00, 0x00, 0x00, 0x00, 0x00, 0x00, 
      },
  {
    0x00, 0x00, 0x00, 0x00, 0x00, 0x00, 0x00, 0x00, 0x00, 0x00, 0x00, 0x00, 0x00, 0x00, 0x00, 0x00, 
    0x00, 0x00, 0x00, 0x00, 0x00, 0x00, 0x00, 0x00, 0x00, 0x00, 0x00, 0x00, 0x00, 0x00, 0x00, 0x00, 
    0x00, 0x00, 0x00, 0x00, 0x00, 0x00, 0x00, 0x00, 0x00, 0x00, 0x00, 0x00, 0x00, 0x00, 0x00, 0x00, 
    0x00, 0x00, 0x00, 0xFC, 0x00, 0x00, 0x00, 0x00, 0x00, 0x00, 0x03, 0xFF, 0x80, 0x00, 0x00, 0x00, 
    0x00, 0x00, 0x0F, 0xFF, 0xC0, 0x00, 0x00, 0x00, 0x00, 0x00, 0x1E, 0x00, 0xFE, 0x00, 0x00, 0x00, 
    0x00, 0x00, 0x3C, 0x00, 0x7F, 0xC0, 0x00, 0x00, 0x00, 0x00, 0x78, 0x00, 0x3F, 0xE0, 0x00, 0x00, 
    0x00, 0x00, 0x70, 0x00, 0x00, 0xF0, 0x00, 0x00, 0x00, 0x00, 0xE0, 0x00, 0x00, 0x38, 0x00, 0x00, 
    0x00, 0x00, 0xC0, 0x00, 0x00, 0x1C, 0x00, 0x00, 0x00, 0x00, 0xF0, 0x00, 0x00, 0x1E, 0x00, 0x00, 
    0x00, 0x03, 0xFC, 0x00, 0x00, 0x3F, 0xC0, 0x00, 0x00, 0x0F, 0xFC, 0x00, 0x00, 0x3F, 0xF0, 0x00, 
    0x00, 0x1E, 0x00, 0x00, 0x00, 0x00, 0x78, 0x00, 0x00, 0x1C, 0x00, 0x00, 0x00, 0x00, 0x38, 0x00, 
    0x00, 0x38, 0x00, 0x1C, 0x10, 0x00, 0x1C, 0x00, 0x00, 0x30, 0x00, 0x1E, 0x38, 0x00, 0x0C, 0x00, 
    0x00, 0x70, 0x00, 0x0F, 0xF0, 0x00, 0x0E, 0x00, 0x00, 0x70, 0x00, 0x03, 0xE0, 0x00, 0x0E, 0x00, 
    0x00, 0x70, 0x00, 0x01, 0xC0, 0x00, 0x0E, 0x00, 0x00, 0x70, 0x00, 0x00, 0x00, 0x00, 0x0E, 0x00, 
    0x00, 0x30, 0x00, 0x00, 0x00, 0x00, 0x0C, 0x00, 0x00, 0x38, 0x00, 0x00, 0x00, 0x00, 0x1C, 0x00, 
    0x00, 0x38, 0x00, 0x00, 0x00, 0x00, 0x1C, 0x00, 0x00, 0x1C, 0x00, 0x00, 0x00, 0x00, 0x38, 0x00, 
    0x00, 0x0F, 0x00, 0x00, 0x00, 0x00, 0xF0, 0x00, 0x00, 0x07, 0xFF, 0xFF, 0xFF, 0xFF, 0xE0, 0x00, 
    0x00, 0x01, 0xFF, 0xFF, 0xFF, 0xFF, 0x80, 0x00, 0x00, 0x00, 0x03, 0x01, 0x80, 0xC0, 0x00, 0x00, 
    0x00, 0x00, 0x03, 0x01, 0x80, 0xC0, 0x00, 0x00, 0x00, 0x00, 0x03, 0x01, 0x80, 0xC0, 0x00, 0x00, 
    0x00, 0x00, 0x03, 0x01, 0x80, 0xC0, 0x00, 0x00, 0x00, 0x00, 0x03, 0x01, 0x80, 0xC0, 0x00, 0x00, 
    0x00, 0x00, 0x03, 0x01, 0x80, 0xC0, 0x00, 0x00, 0x00, 0x00, 0x03, 0x01, 0x80, 0xC0, 0x00, 0x00, 
    0x00, 0x00, 0x03, 0x01, 0x80, 0xC0, 0x00, 0x00, 0x00, 0x00, 0x03, 0x01, 0x80, 0xC0, 0x00, 0x00, 
    0x00, 0x00, 0x03, 0x01, 0x80, 0xC0, 0x00, 0x00, 0x00, 0x3F, 0x03, 0x01, 0x80, 0xC0, 0xFC, 0x00, 
    0x00, 0x7F, 0x83, 0x01, 0x80, 0xC1, 0xFE, 0x00, 0x00, 0x73, 0xC3, 0x01, 0x80, 0xC3, 0xCE, 0x00, 
    0x00, 0xE1, 0xFF, 0x01, 0x80, 0xFF, 0x87, 0x00, 0x00, 0xE1, 0xFF, 0x01, 0x80, 0xFF, 0x87, 0x00, 
    0x00, 0xE1, 0xFE, 0x01, 0x80, 0x7F, 0x87, 0x00, 0x00, 0x7B, 0xC0, 0x03, 0xC0, 0x03, 0xDE, 0x00, 
    0x00, 0x7F, 0x80, 0x07, 0xE0, 0x01, 0xFE, 0x00, 0x00, 0x1F, 0x00, 0x0F, 0xF0, 0x00, 0xF8, 0x00, 
    0x00, 0x00, 0x00, 0x1C, 0x38, 0x00, 0x00, 0x00, 0x00, 0x00, 0x00, 0x1C, 0x38, 0x00, 0x00, 0x00, 
    0x00, 0x00, 0x00, 0x1C, 0x38, 0x00, 0x00, 0x00, 0x00, 0x00, 0x00, 0x1C, 0x38, 0x00, 0x00, 0x00, 
    0x00, 0x00, 0x00, 0x0F, 0xF0, 0x00, 0x00, 0x00, 0x00, 0x00, 0x00, 0x07, 0xE0, 0x00, 0x00, 0x00, 
    0x00, 0x00, 0x00, 0x03, 0xC0, 0x00, 0x00, 0x00, 0x00, 0x00, 0x00, 0x00, 0x00, 0x00, 0x00, 0x00, 
    0x00, 0x00, 0x00, 0x00, 0x00, 0x00, 0x00, 0x00, 0x00, 0x00, 0x00, 0x00, 0x00, 0x00, 0x00, 0x00, 
    0x00, 0x00, 0x00, 0x00, 0x00, 0x00, 0x00, 0x00, 0x00, 0x00, 0x00, 0x00, 0x00, 0x00, 0x00, 0x00, 
      },
  {
    0x00, 0x00, 0x00, 0x00, 0x00, 0x00, 0x00, 0x00, 0x00, 0x00, 0x00, 0x00, 0x00, 0x00, 0x00, 0x00, 
    0x00, 0x00, 0x00, 0x00, 0x00, 0x00, 0x00, 0x00, 0x00, 0x00, 0x00, 0x00, 0x00, 0x00, 0x00, 0x00, 
    0x00, 0x00, 0x00, 0x00, 0x00, 0x00, 0x00, 0x00, 0x00, 0x00, 0x00, 0x00, 0x00, 0x00, 0x00, 0x00, 
    0x00, 0x00, 0x00, 0xFC, 0x00, 0x00, 0x00, 0x00, 0x00, 0x00, 0x03, 0xFF, 0x80, 0x00, 0x00, 0x00, 
    0x00, 0x00, 0x0F, 0xFF, 0xC0, 0x00, 0x00, 0x00, 0x00, 0x00, 0x1E, 0x00, 0xFE, 0x00, 0x00, 0x00, 
    0x00, 0x00, 0x3C, 0x00, 0x7F, 0xC0, 0x00, 0x00, 0x00, 0x00, 0x78, 0x00, 0x3F, 0xE0, 0x00, 0x00, 
    0x00, 0x00, 0x70, 0x00, 0x00, 0xF0, 0x00, 0x00, 0x00, 0x00, 0xE0, 0x00, 0x00, 0x38, 0x00, 0x00, 
    0x00, 0x00, 0xC0, 0x00, 0x00, 0x1C, 0x00, 0x00, 0x00, 0x00, 0xF0, 0x00, 0x00, 0x1E, 0x00, 0x00, 
    0x00, 0x03, 0xFC, 0x00, 0x00, 0x3F, 0xC0, 0x00, 0x00, 0x0F, 0xFC, 0x00, 0x00, 0x3F, 0xF0, 0x00, 
    0x00, 0x1E, 0x00, 0x00, 0x00, 0x00, 0x78, 0x00, 0x00, 0x1C, 0x00, 0x00, 0x00, 0x00, 0x38, 0x00, 
    0x00, 0x38, 0x00, 0x08, 0x00, 0x00, 0x1C, 0x00, 0x00, 0x30, 0x00, 0x1C, 0x00, 0x00, 0x0C, 0x00, 
    0x00, 0x70, 0x00, 0x0F, 0x70, 0x00, 0x0E, 0x00, 0x00, 0x70, 0x00, 0x07, 0xF0, 0x00, 0x0E, 0x00, 
    0x00, 0x70, 0x00, 0x01, 0xC0, 0x00, 0x0E, 0x00, 0x00, 0x70, 0x00, 0x00, 0x80, 0x00, 0x0E, 0x00, 
    0x00, 0x30, 0x00, 0x00, 0x00, 0x00, 0x0C, 0x00, 0x00, 0x38, 0x00, 0x00, 0x00, 0x00, 0x1C, 0x00, 
    0x00, 0x38, 0x00, 0x00, 0x00, 0x00, 0x1C, 0x00, 0x00, 0x1C, 0x00, 0x00, 0x00, 0x00, 0x38, 0x00, 
    0x00, 0x0F, 0x00, 0x00, 0x00, 0x00, 0xF0, 0x00, 0x00, 0x07, 0xFF, 0xFF, 0xFF, 0xFF, 0xE0, 0x00, 
    0x00, 0x01, 0xFF, 0xFF, 0xFF, 0xFF, 0x80, 0x00, 0x00, 0x00, 0x03, 0x01, 0x80, 0xC0, 0x00, 0x00, 
    0x00, 0x00, 0x03, 0x01, 0x80, 0xC0, 0x00, 0x00, 0x00, 0x00, 0x03, 0x01, 0x80, 0xC0, 0x00, 0x00, 
    0x00, 0x00, 0x03, 0x01, 0x80, 0xC0, 0x00, 0x00, 0x00, 0x00, 0x03, 0x01, 0x80, 0xC0, 0x00, 0x00, 
    0x00, 0x00, 0x03, 0x01, 0x80, 0xC0, 0x00, 0x00, 0x00, 0x00, 0x03, 0x01, 0x80, 0xC0, 0x00, 0x00, 
    0x00, 0x00, 0x03, 0x01, 0x80, 0xC0, 0x00, 0x00, 0x00, 0x00, 0x03, 0x01, 0x80, 0xC0, 0x00, 0x00, 
    0x00, 0x00, 0x03, 0x01, 0x80, 0xC0, 0x00, 0x00, 0x00, 0x1F, 0x03, 0x01, 0x80, 0xC0, 0xF8, 0x00, 
    0x00, 0x7F, 0x83, 0x01, 0x80, 0xC1, 0xFE, 0x00, 0x00, 0x73, 0xC3, 0x01, 0x80, 0xC3, 0xCE, 0x00, 
    0x00, 0x61, 0xFF, 0x01, 0x80, 0xFF, 0x86, 0x00, 0x00, 0xE1, 0xFF, 0x01, 0x80, 0xFF, 0x87, 0x00, 
    0x00, 0x61, 0xFE, 0x01, 0x80, 0x7F, 0x86, 0x00, 0x00, 0x7B, 0xC0, 0x03, 0xC0, 0x03, 0xDE, 0x00, 
    0x00, 0x3F, 0x80, 0x07, 0xE0, 0x01, 0xFC, 0x00, 0x00, 0x1F, 0x00, 0x0F, 0xF0, 0x00, 0xF8, 0x00, 
    0x00, 0x00, 0x00, 0x1C, 0x38, 0x00, 0x00, 0x00, 0x00, 0x00, 0x00, 0x1C, 0x38, 0x00, 0x00, 0x00, 
    0x00, 0x00, 0x00, 0x1C, 0x38, 0x00, 0x00, 0x00, 0x00, 0x00, 0x00, 0x1C, 0x38, 0x00, 0x00, 0x00, 
    0x00, 0x00, 0x00, 0x0F, 0xF0, 0x00, 0x00, 0x00, 0x00, 0x00, 0x00, 0x07, 0xE0, 0x00, 0x00, 0x00, 
    0x00, 0x00, 0x00, 0x03, 0xC0, 0x00, 0x00, 0x00, 0x00, 0x00, 0x00, 0x00, 0x00, 0x00, 0x00, 0x00, 
    0x00, 0x00, 0x00, 0x00, 0x00, 0x00, 0x00, 0x00, 0x00, 0x00, 0x00, 0x00, 0x00, 0x00, 0x00, 0x00, 
    0x00, 0x00, 0x00, 0x00, 0x00, 0x00, 0x00, 0x00, 0x00, 0x00, 0x00, 0x00, 0x00, 0x00, 0x00, 0x00, 
      },
  {
    0x00, 0x00, 0x00, 0x00, 0x00, 0x00, 0x00, 0x00, 0x00, 0x00, 0x00, 0x00, 0x00, 0x00, 0x00, 0x00, 
    0x00, 0x00, 0x00, 0x00, 0x00, 0x00, 0x00, 0x00, 0x00, 0x00, 0x00, 0x00, 0x00, 0x00, 0x00, 0x00, 
    0x00, 0x00, 0x00, 0x00, 0x00, 0x00, 0x00, 0x00, 0x00, 0x00, 0x00, 0x00, 0x00, 0x00, 0x00, 0x00, 
    0x00, 0x00, 0x00, 0xFC, 0x00, 0x00, 0x00, 0x00, 0x00, 0x00, 0x03, 0xFF, 0x80, 0x00, 0x00, 0x00, 
    0x00, 0x00, 0x0F, 0xFF, 0xC0, 0x00, 0x00, 0x00, 0x00, 0x00, 0x1E, 0x00, 0xFE, 0x00, 0x00, 0x00, 
    0x00, 0x00, 0x3C, 0x00, 0x7F, 0xC0, 0x00, 0x00, 0x00, 0x00, 0x78, 0x00, 0x3F, 0xE0, 0x00, 0x00, 
    0x00, 0x00, 0x70, 0x00, 0x00, 0xF0, 0x00, 0x00, 0x00, 0x00, 0xE0, 0x00, 0x00, 0x38, 0x00, 0x00, 
    0x00, 0x00, 0xC0, 0x00, 0x00, 0x1C, 0x00, 0x00, 0x00, 0x00, 0xF0, 0x00, 0x00, 0x1E, 0x00, 0x00, 
    0x00, 0x03, 0xFC, 0x00, 0x00, 0x3F, 0xC0, 0x00, 0x00, 0x0F, 0xFC, 0x00, 0x00, 0x3F, 0xF0, 0x00, 
    0x00, 0x1E, 0x00, 0x00, 0x00, 0x00, 0x78, 0x00, 0x00, 0x1C, 0x00, 0x00, 0x00, 0x00, 0x38, 0x00, 
    0x00, 0x38, 0x00, 0x00, 0x00, 0x00, 0x1C, 0x00, 0x00, 0x30, 0x00, 0x0C, 0x00, 0x00, 0x0C, 0x00, 
    0x00, 0x70, 0x00, 0x1E, 0x00, 0x00, 0x0E, 0x00, 0x00, 0x70, 0x00, 0x0F, 0xC0, 0x00, 0x0E, 0x00, 
    0x00, 0x70, 0x00, 0x03, 0xE0, 0x00, 0x0E, 0x00, 0x00, 0x70, 0x00, 0x01, 0xC0, 0x00, 0x0E, 0x00, 
    0x00, 0x30, 0x00, 0x00, 0x00, 0x00, 0x0C, 0x00, 0x00, 0x38, 0x00, 0x00, 0x00, 0x00, 0x1C, 0x00, 
    0x00, 0x38, 0x00, 0x00, 0x00, 0x00, 0x1C, 0x00, 0x00, 0x1C, 0x00, 0x00, 0x00, 0x00, 0x38, 0x00, 
    0x00, 0x0F, 0x00, 0x00, 0x00, 0x00, 0xF0, 0x00, 0x00, 0x07, 0xFF, 0xFF, 0xFF, 0xFF, 0xE0, 0x00, 
    0x00, 0x01, 0xFF, 0xFF, 0xFF, 0xFF, 0x80, 0x00, 0x00, 0x00, 0x03, 0x01, 0x80, 0xC0, 0x00, 0x00, 
    0x00, 0x00, 0x03, 0x01, 0x80, 0xC0, 0x00, 0x00, 0x00, 0x00, 0x03, 0x01, 0x80, 0xC0, 0x00, 0x00, 
    0x00, 0x00, 0x03, 0x01, 0x80, 0xC0, 0x00, 0x00, 0x00, 0x00, 0x03, 0x01, 0x80, 0xC0, 0x00, 0x00, 
    0x00, 0x00, 0x03, 0x01, 0x80, 0xC0, 0x00, 0x00, 0x00, 0x00, 0x03, 0x01, 0x80, 0xC0, 0x00, 0x00, 
    0x00, 0x00, 0x03, 0x01, 0x80, 0xC0, 0x00, 0x00, 0x00, 0x00, 0x03, 0x01, 0x80, 0xC0, 0x00, 0x00, 
    0x00, 0x00, 0x03, 0x01, 0x80, 0xC0, 0x00, 0x00, 0x00, 0x1F, 0x03, 0x01, 0x80, 0xC0, 0xF8, 0x00, 
    0x00, 0x3F, 0x83, 0x01, 0x80, 0xC1, 0xFC, 0x00, 0x00, 0x7B, 0xC3, 0x01, 0x80, 0xC3, 0xDE, 0x00, 
    0x00, 0x61, 0xFF, 0x01, 0x80, 0xFF, 0x86, 0x00, 0x00, 0x61, 0xFF, 0x01, 0x80, 0xFF, 0x86, 0x00, 
    0x00, 0x61, 0xFE, 0x01, 0x80, 0x7F, 0x86, 0x00, 0x00, 0x7B, 0x80, 0x03, 0xC0, 0x01, 0xDE, 0x00, 
    0x00, 0x3F, 0x80, 0x07, 0xE0, 0x01, 0xFC, 0x00, 0x00, 0x1F, 0x00, 0x0F, 0xF0, 0x00, 0xF8, 0x00, 
    0x00, 0x00, 0x00, 0x0E, 0x70, 0x00, 0x00, 0x00, 0x00, 0x00, 0x00, 0x1C, 0x38, 0x00, 0x00, 0x00, 
    0x00, 0x00, 0x00, 0x1C, 0x38, 0x00, 0x00, 0x00, 0x00, 0x00, 0x00, 0x0E, 0x70, 0x00, 0x00, 0x00, 
    0x00, 0x00, 0x00, 0x0F, 0xF0, 0x00, 0x00, 0x00, 0x00, 0x00, 0x00, 0x07, 0xE0, 0x00, 0x00, 0x00, 
    0x00, 0x00, 0x00, 0x03, 0xC0, 0x00, 0x00, 0x00, 0x00, 0x00, 0x00, 0x00, 0x00, 0x00, 0x00, 0x00, 
    0x00, 0x00, 0x00, 0x00, 0x00, 0x00, 0x00, 0x00, 0x00, 0x00, 0x00, 0x00, 0x00, 0x00, 0x00, 0x00, 
    0x00, 0x00, 0x00, 0x00, 0x00, 0x00, 0x00, 0x00, 0x00, 0x00, 0x00, 0x00, 0x00, 0x00, 0x00, 0x00, 
      },
  {
    0x00, 0x00, 0x00, 0x00, 0x00, 0x00, 0x00, 0x00, 0x00, 0x00, 0x00, 0x00, 0x00, 0x00, 0x00, 0x00, 
    0x00, 0x00, 0x00, 0x00, 0x00, 0x00, 0x00, 0x00, 0x00, 0x00, 0x00, 0x00, 0x00, 0x00, 0x00, 0x00, 
    0x00, 0x00, 0x00, 0x00, 0x00, 0x00, 0x00, 0x00, 0x00, 0x00, 0x00, 0x00, 0x00, 0x00, 0x00, 0x00, 
    0x00, 0x00, 0x00, 0xFC, 0x00, 0x00, 0x00, 0x00, 0x00, 0x00, 0x03, 0xFF, 0x80, 0x00, 0x00, 0x00, 
    0x00, 0x00, 0x0F, 0xFF, 0xC0, 0x00, 0x00, 0x00, 0x00, 0x00, 0x1E, 0x00, 0xFE, 0x00, 0x00, 0x00, 
    0x00, 0x00, 0x3C, 0x00, 0x7F, 0xC0, 0x00, 0x00, 0x00, 0x00, 0x78, 0x00, 0x3F, 0xE0, 0x00, 0x00, 
    0x00, 0x00, 0x70, 0x00, 0x00, 0xF0, 0x00, 0x00, 0x00, 0x00, 0xE0, 0x00, 0x00, 0x38, 0x00, 0x00, 
    0x00, 0x00, 0xC0, 0x00, 0x00, 0x1C, 0x00, 0x00, 0x00, 0x00, 0xF0, 0x00, 0x00, 0x1E, 0x00, 0x00, 
    0x00, 0x03, 0xFC, 0x00, 0x00, 0x3F, 0xC0, 0x00, 0x00, 0x0F, 0xFC, 0x00, 0x00, 0x3F, 0xF0, 0x00, 
    0x00, 0x1E, 0x00, 0x00, 0x00, 0x00, 0x78, 0x00, 0x00, 0x1C, 0x00, 0x00, 0x00, 0x00, 0x38, 0x00, 
    0x00, 0x38, 0x00, 0x00, 0x00, 0x00, 0x1C, 0x00, 0x00, 0x30, 0x00, 0x00, 0x00, 0x00, 0x0C, 0x00, 
    0x00, 0x70, 0x00, 0x1C, 0x00, 0x00, 0x0E, 0x00, 0x00, 0x70, 0x00, 0x0E, 0x00, 0x00, 0x0E, 0x00, 
    0x00, 0x70, 0x00, 0x07, 0x80, 0x00, 0x0E, 0x00, 0x00, 0x70, 0x00, 0x03, 0xC0, 0x00, 0x0E, 0x00, 
    0x00, 0x30, 0x00, 0x00, 0x80, 0x00, 0x0C, 0x00, 0x00, 0x38, 0x00, 0x00, 0x00, 0x00, 0x1C, 0x00, 
    0x00, 0x38, 0x00, 0x00, 0x00, 0x00, 0x1C, 0x00, 0x00, 0x1C, 0x00, 0x00, 0x00, 0x00, 0x38, 0x00, 
    0x00, 0x0F, 0x00, 0x00, 0x00, 0x00, 0xF0, 0x00, 0x00, 0x07, 0xFF, 0xFF, 0xFF, 0xFF, 0xE0, 0x00, 
    0x00, 0x01, 0xFF, 0xFF, 0xFF, 0xFF, 0x80, 0x00, 0x00, 0x00, 0x03, 0x01, 0x80, 0xC0, 0x00, 0x00, 
    0x00, 0x00, 0x03, 0x01, 0x80, 0xC0, 0x00, 0x00, 0x00, 0x00, 0x03, 0x01, 0x80, 0xC0, 0x00, 0x00, 
    0x00, 0x00, 0x03, 0x01, 0x80, 0xC0, 0x00, 0x00, 0x00, 0x00, 0x03, 0x01, 0x80, 0xC0, 0x00, 0x00, 
    0x00, 0x00, 0x03, 0x01, 0x80, 0xC0, 0x00, 0x00, 0x00, 0x00, 0x03, 0x01, 0x80, 0xC0, 0x00, 0x00, 
    0x00, 0x00, 0x03, 0x01, 0x80, 0xC0, 0x00, 0x00, 0x00, 0x00, 0x03, 0x01, 0x80, 0xC0, 0x00, 0x00, 
    0x00, 0x00, 0x03, 0x01, 0x80, 0xC0, 0x00, 0x00, 0x00, 0x1F, 0x03, 0x01, 0x80, 0xC0, 0xF8, 0x00, 
    0x00, 0x3F, 0x83, 0x01, 0x80, 0xC1, 0xFC, 0x00, 0x00, 0x7B, 0x83, 0x01, 0x80, 0xC1, 0xDE, 0x00, 
    0x00, 0x61, 0xFF, 0x01, 0x80, 0xFF, 0x86, 0x00, 0x00, 0x61, 0xFF, 0x01, 0x80, 0xFF, 0x86, 0x00, 
    0x00, 0x71, 0xFE, 0x01, 0x80, 0x7F, 0x8E, 0x00, 0x00, 0x7F, 0x80, 0x01, 0x80, 0x01, 0xFE, 0x00, 
    0x00, 0x3F, 0x80, 0x07, 0xE0, 0x01, 0xFC, 0x00, 0x00, 0x1E, 0x00, 0x0F, 0xF0, 0x00, 0x78, 0x00, 
    0x00, 0x00, 0x00, 0x0E, 0x70, 0x00, 0x00, 0x00, 0x00, 0x00, 0x00, 0x1C, 0x38, 0x00, 0x00, 0x00, 
    0x00, 0x00, 0x00, 0x1C, 0x38, 0x00, 0x00, 0x00, 0x00, 0x00, 0x00, 0x0E, 0x70, 0x00, 0x00, 0x00, 
    0x00, 0x00, 0x00, 0x0F, 0xF0, 0x00, 0x00, 0x00, 0x00, 0x00, 0x00, 0x07, 0xE0, 0x00, 0x00, 0x00, 
    0x00, 0x00, 0x00, 0x01, 0x80, 0x00, 0x00, 0x00, 0x00, 0x00, 0x00, 0x00, 0x00, 0x00, 0x00, 0x00, 
    0x00, 0x00, 0x00, 0x00, 0x00, 0x00, 0x00, 0x00, 0x00, 0x00, 0x00, 0x00, 0x00, 0x00, 0x00, 0x00, 
    0x00, 0x00, 0x00, 0x00, 0x00, 0x00, 0x00, 0x00, 0x00, 0x00, 0x00, 0x00, 0x00, 0x00, 0x00, 0x00, 
      },
  {
    0x00, 0x00, 0x00, 0x00, 0x00, 0x00, 0x00, 0x00, 0x00, 0x00, 0x00, 0x00, 0x00, 0x00, 0x00, 0x00, 
    0x00, 0x00, 0x00, 0x00, 0x00, 0x00, 0x00, 0x00, 0x00, 0x00, 0x00, 0x00, 0x00, 0x00, 0x00, 0x00, 
    0x00, 0x00, 0x00, 0x00, 0x00, 0x00, 0x00, 0x00, 0x00, 0x00, 0x00, 0x00, 0x00, 0x00, 0x00, 0x00, 
    0x00, 0x00, 0x00, 0xFC, 0x00, 0x00, 0x00, 0x00, 0x00, 0x00, 0x03, 0xFF, 0x80, 0x00, 0x00, 0x00, 
    0x00, 0x00, 0x0F, 0xFF, 0xC0, 0x00, 0x00, 0x00, 0x00, 0x00, 0x1E, 0x00, 0xFE, 0x00, 0x00, 0x00, 
    0x00, 0x00, 0x3C, 0x00, 0x7F, 0xC0, 0x00, 0x00, 0x00, 0x00, 0x78, 0x00, 0x3F, 0xE0, 0x00, 0x00, 
    0x00, 0x00, 0x70, 0x00, 0x00, 0xF0, 0x00, 0x00, 0x00, 0x00, 0xE0, 0x00, 0x00, 0x38, 0x00, 0x00, 
    0x00, 0x00, 0xC0, 0x00, 0x00, 0x1C, 0x00, 0x00, 0x00, 0x00, 0xF0, 0x00, 0x00, 0x1E, 0x00, 0x00, 
    0x00, 0x03, 0xFC, 0x00, 0x00, 0x3F, 0xC0, 0x00, 0x00, 0x0F, 0xFC, 0x00, 0x00, 0x3F, 0xF0, 0x00, 
    0x00, 0x1E, 0x00, 0x00, 0x00, 0x00, 0x78, 0x00, 0x00, 0x1C, 0x00, 0x00, 0x00, 0x00, 0x38, 0x00, 
    0x00, 0x38, 0x00, 0x00, 0x00, 0x00, 0x1C, 0x00, 0x00, 0x30, 0x00, 0x00, 0x00, 0x00, 0x0C, 0x00, 
    0x00, 0x70, 0x00, 0x08, 0x00, 0x00, 0x0E, 0x00, 0x00, 0x70, 0x00, 0x1C, 0x00, 0x00, 0x0E, 0x00, 
    0x00, 0x70, 0x00, 0x0F, 0x00, 0x00, 0x0E, 0x00, 0x00, 0x70, 0x00, 0x07, 0x80, 0x00, 0x0E, 0x00, 
    0x00, 0x30, 0x00, 0x01, 0x00, 0x00, 0x0C, 0x00, 0x00, 0x38, 0x00, 0x00, 0x00, 0x00, 0x1C, 0x00, 
    0x00, 0x38, 0x00, 0x00, 0x00, 0x00, 0x1C, 0x00, 0x00, 0x1C, 0x00, 0x00, 0x00, 0x00, 0x38, 0x00, 
    0x00, 0x0F, 0x00, 0x00, 0x00, 0x00, 0xF0, 0x00, 0x00, 0x07, 0xFF, 0xFF, 0xFF, 0xFF, 0xE0, 0x00, 
    0x00, 0x01, 0xFF, 0xFF, 0xFF, 0xFF, 0x80, 0x00, 0x00, 0x00, 0x03, 0x01, 0x80, 0xC0, 0x00, 0x00, 
    0x00, 0x00, 0x03, 0x01, 0x80, 0xC0, 0x00, 0x00, 0x00, 0x00, 0x03, 0x01, 0x80, 0xC0, 0x00, 0x00, 
    0x00, 0x00, 0x03, 0x01, 0x80, 0xC0, 0x00, 0x00, 0x00, 0x00, 0x03, 0x01, 0x80, 0xC0, 0x00, 0x00, 
    0x00, 0x00, 0x03, 0x01, 0x80, 0xC0, 0x00, 0x00, 0x00, 0x00, 0x03, 0x01, 0x80, 0xC0, 0x00, 0x00, 
    0x00, 0x00, 0x03, 0x01, 0x80, 0xC0, 0x00, 0x00, 0x00, 0x00, 0x03, 0x01, 0x80, 0xC0, 0x00, 0x00, 
    0x00, 0x00, 0x03, 0x01, 0x80, 0xC0, 0x00, 0x00, 0x00, 0x1E, 0x03, 0x01, 0x80, 0xC0, 0x78, 0x00, 
    0x00, 0x3F, 0x03, 0x01, 0x80, 0xC0, 0xFC, 0x00, 0x00, 0x7F, 0x83, 0x01, 0x80, 0xC1, 0xFE, 0x00, 
    0x00, 0x71, 0xFF, 0x01, 0x80, 0xFF, 0x8E, 0x00, 0x00, 0x61, 0xFF, 0x01, 0x80, 0xFF, 0x86, 0x00, 
    0x00, 0x71, 0xFE, 0x01, 0x80, 0x7F, 0x8E, 0x00, 0x00, 0x7F, 0x80, 0x01, 0x80, 0x01, 0xFE, 0x00, 
    0x00, 0x3F, 0x00, 0x07, 0xE0, 0x00, 0xFC, 0x00, 0x00, 0x1E, 0x00, 0x0F, 0xF0, 0x00, 0x78, 0x00, 
    0x00, 0x00, 0x00, 0x0E, 0x70, 0x00, 0x00, 0x00, 0x00, 0x00, 0x00, 0x0C, 0x30, 0x00, 0x00, 0x00, 
    0x00, 0x00, 0x00, 0x0C, 0x30, 0x00, 0x00, 0x00, 0x00, 0x00, 0x00, 0x0E, 0x70, 0x00, 0x00, 0x00, 
    0x00, 0x00, 0x00, 0x0F, 0xF0, 0x00, 0x00, 0x00, 0x00, 0x00, 0x00, 0x07, 0xE0, 0x00, 0x00, 0x00, 
    0x00, 0x00, 0x00, 0x00, 0x00, 0x00, 0x00, 0x00, 0x00, 0x00, 0x00, 0x00, 0x00, 0x00, 0x00, 0x00, 
    0x00, 0x00, 0x00, 0x00, 0x00, 0x00, 0x00, 0x00, 0x00, 0x00, 0x00, 0x00, 0x00, 0x00, 0x00, 0x00, 
    0x00, 0x00, 0x00, 0x00, 0x00, 0x00, 0x00, 0x00, 0x00, 0x00, 0x00, 0x00, 0x00, 0x00, 0x00, 0x00, 
      },
  {
    0x00, 0x00, 0x00, 0x00, 0x00, 0x00, 0x00, 0x00, 0x00, 0x00, 0x00, 0x00, 0x00, 0x00, 0x00, 0x00, 
    0x00, 0x00, 0x00, 0x00, 0x00, 0x00, 0x00, 0x00, 0x00, 0x00, 0x00, 0x00, 0x00, 0x00, 0x00, 0x00, 
    0x00, 0x00, 0x00, 0x00, 0x00, 0x00, 0x00, 0x00, 0x00, 0x00, 0x00, 0x00, 0x00, 0x00, 0x00, 0x00, 
    0x00, 0x00, 0x00, 0xFC, 0x00, 0x00, 0x00, 0x00, 0x00, 0x00, 0x03, 0xFF, 0x80, 0x00, 0x00, 0x00, 
    0x00, 0x00, 0x0F, 0xFF, 0xC0, 0x00, 0x00, 0x00, 0x00, 0x00, 0x1E, 0x00, 0xFE, 0x00, 0x00, 0x00, 
    0x00, 0x00, 0x3C, 0x00, 0x7F, 0xC0, 0x00, 0x00, 0x00, 0x00, 0x78, 0x00, 0x3F, 0xE0, 0x00, 0x00, 
    0x00, 0x00, 0x70, 0x00, 0x00, 0xF0, 0x00, 0x00, 0x00, 0x00, 0xE0, 0x00, 0x00, 0x38, 0x00, 0x00, 
    0x00, 0x00, 0xC0, 0x00, 0x00, 0x1C, 0x00, 0x00, 0x00, 0x00, 0xF0, 0x00, 0x00, 0x1E, 0x00, 0x00, 
    0x00, 0x03, 0xFC, 0x00, 0x00, 0x3F, 0xC0, 0x00, 0x00, 0x0F, 0xFC, 0x00, 0x00, 0x3F, 0xF0, 0x00, 
    0x00, 0x1E, 0x00, 0x00, 0x00, 0x00, 0x78, 0x00, 0x00, 0x1C, 0x00, 0x00, 0x00, 0x00, 0x38, 0x00, 
    0x00, 0x38, 0x00, 0x00, 0x00, 0x00, 0x1C, 0x00, 0x00, 0x30, 0x00, 0x00, 0x00, 0x00, 0x0C, 0x00, 
    0x00, 0x70, 0x00, 0x00, 0x00, 0x00, 0x0E, 0x00, 0x00, 0x70, 0x00, 0x1C, 0x00, 0x00, 0x0E, 0x00, 
    0x00, 0x70, 0x00, 0x1E, 0x00, 0x00, 0x0E, 0x00, 0x00, 0x70, 0x00, 0x0F, 0x00, 0x00, 0x0E, 0x00, 
    0x00, 0x30, 0x00, 0x02, 0x00, 0x00, 0x0C, 0x00, 0x00, 0x38, 0x00, 0x00, 0x00, 0x00, 0x1C, 0x00, 
    0x00, 0x38, 0x00, 0x00, 0x00, 0x00, 0x1C, 0x00, 0x00, 0x1C, 0x00, 0x00, 0x00, 0x00, 0x38, 0x00, 
    0x00, 0x0F, 0x00, 0x00, 0x00, 0x00, 0xF0, 0x00, 0x00, 0x07, 0xFF, 0xFF, 0xFF, 0xFF, 0xE0, 0x00, 
    0x00, 0x01, 0xFF, 0xFF, 0xFF, 0xFF, 0x80, 0x00, 0x00, 0x00, 0x03, 0x01, 0x80, 0xC0, 0x00, 0x00, 
    0x00, 0x00, 0x03, 0x01, 0x80, 0xC0, 0x00, 0x00, 0x00, 0x00, 0x03, 0x01, 0x80, 0xC0, 0x00, 0x00, 
    0x00, 0x00, 0x03, 0x01, 0x80, 0xC0, 0x00, 0x00, 0x00, 0x00, 0x03, 0x01, 0x80, 0xC0, 0x00, 0x00, 
    0x00, 0x00, 0x03, 0x01, 0x80, 0xC0, 0x00, 0x00, 0x00, 0x00, 0x03, 0x01, 0x80, 0xC0, 0x00, 0x00, 
    0x00, 0x00, 0x03, 0x01, 0x80, 0xC0, 0x00, 0x00, 0x00, 0x00, 0x03, 0x01, 0x80, 0xC0, 0x00, 0x00, 
    0x00, 0x00, 0x03, 0x01, 0x80, 0xC0, 0x00, 0x00, 0x00, 0x0E, 0x03, 0x01, 0x80, 0xC0, 0x70, 0x00, 
    0x00, 0x3F, 0x03, 0x01, 0x80, 0xC0, 0xFC, 0x00, 0x00, 0x7F, 0x83, 0x01, 0x80, 0xC1, 0xFE, 0x00, 
    0x00, 0x71, 0xFF, 0x01, 0x80, 0xFF, 0x8E, 0x00, 0x00, 0x61, 0xFF, 0x01, 0x80, 0xFF, 0x86, 0x00, 
    0x00, 0x71, 0xFE, 0x01, 0x80, 0x7F, 0x8E, 0x00, 0x00, 0x7F, 0x80, 0x01, 0x80, 0x01, 0xFE, 0x00, 
    0x00, 0x3F, 0x00, 0x03, 0xC0, 0x00, 0xFC, 0x00, 0x00, 0x0E, 0x00, 0x07, 0xE0, 0x00, 0x70, 0x00, 
    0x00, 0x00, 0x00, 0x0E, 0x70, 0x00, 0x00, 0x00, 0x00, 0x00, 0x00, 0x0C, 0x30, 0x00, 0x00, 0x00, 
    0x00, 0x00, 0x00, 0x0C, 0x30, 0x00, 0x00, 0x00, 0x00, 0x00, 0x00, 0x0E, 0x70, 0x00, 0x00, 0x00, 
    0x00, 0x00, 0x00, 0x07, 0xE0, 0x00, 0x00, 0x00, 0x00, 0x00, 0x00, 0x03, 0xC0, 0x00, 0x00, 0x00, 
    0x00, 0x00, 0x00, 0x00, 0x00, 0x00, 0x00, 0x00, 0x00, 0x00, 0x00, 0x00, 0x00, 0x00, 0x00, 0x00, 
    0x00, 0x00, 0x00, 0x00, 0x00, 0x00, 0x00, 0x00, 0x00, 0x00, 0x00, 0x00, 0x00, 0x00, 0x00, 0x00, 
    0x00, 0x00, 0x00, 0x00, 0x00, 0x00, 0x00, 0x00, 0x00, 0x00, 0x00, 0x00, 0x00, 0x00, 0x00, 0x00, 
      },
  {
    0x00, 0x00, 0x00, 0x00, 0x00, 0x00, 0x00, 0x00, 0x00, 0x00, 0x00, 0x00, 0x00, 0x00, 0x00, 0x00, 
    0x00, 0x00, 0x00, 0x00, 0x00, 0x00, 0x00, 0x00, 0x00, 0x00, 0x00, 0x00, 0x00, 0x00, 0x00, 0x00, 
    0x00, 0x00, 0x00, 0x00, 0x00, 0x00, 0x00, 0x00, 0x00, 0x00, 0x00, 0x00, 0x00, 0x00, 0x00, 0x00, 
    0x00, 0x00, 0x00, 0xFC, 0x00, 0x00, 0x00, 0x00, 0x00, 0x00, 0x03, 0xFF, 0x80, 0x00, 0x00, 0x00, 
    0x00, 0x00, 0x0F, 0xFF, 0xC0, 0x00, 0x00, 0x00, 0x00, 0x00, 0x1E, 0x00, 0xFE, 0x00, 0x00, 0x00, 
    0x00, 0x00, 0x3C, 0x00, 0x7F, 0xC0, 0x00, 0x00, 0x00, 0x00, 0x78, 0x00, 0x3F, 0xE0, 0x00, 0x00, 
    0x00, 0x00, 0x70, 0x00, 0x00, 0xF0, 0x00, 0x00, 0x00, 0x00, 0xE0, 0x00, 0x00, 0x38, 0x00, 0x00, 
    0x00, 0x00, 0xC0, 0x00, 0x00, 0x1C, 0x00, 0x00, 0x00, 0x00, 0xF0, 0x00, 0x00, 0x1E, 0x00, 0x00, 
    0x00, 0x03, 0xFC, 0x00, 0x00, 0x3F, 0xC0, 0x00, 0x00, 0x0F, 0xFC, 0x00, 0x00, 0x3F, 0xF0, 0x00, 
    0x00, 0x1E, 0x00, 0x00, 0x00, 0x00, 0x78, 0x00, 0x00, 0x1C, 0x00, 0x00, 0x00, 0x00, 0x38, 0x00, 
    0x00, 0x38, 0x00, 0x00, 0x00, 0x00, 0x1C, 0x00, 0x00, 0x30, 0x00, 0x00, 0x00, 0x00, 0x0C, 0x00, 
    0x00, 0x70, 0x00, 0x00, 0x00, 0x00, 0x0E, 0x00, 0x00, 0x70, 0x00, 0x08, 0x00, 0x00, 0x0E, 0x00, 
    0x00, 0x70, 0x00, 0x1C, 0x00, 0x00, 0x0E, 0x00, 0x00, 0x70, 0x00, 0x0E, 0x00, 0x00, 0x0E, 0x00, 
    0x00, 0x30, 0x00, 0x00, 0x00, 0x00, 0x0C, 0x00, 0x00, 0x38, 0x00, 0x00, 0x00, 0x00, 0x1C, 0x00, 
    0x00, 0x38, 0x00, 0x00, 0x00, 0x00, 0x1C, 0x00, 0x00, 0x1C, 0x00, 0x00, 0x00, 0x00, 0x38, 0x00, 
    0x00, 0x0F, 0x00, 0x00, 0x00, 0x00, 0xF0, 0x00, 0x00, 0x07, 0xFF, 0xFF, 0xFF, 0xFF, 0xE0, 0x00, 
    0x00, 0x01, 0xFF, 0xFF, 0xFF, 0xFF, 0x80, 0x00, 0x00, 0x00, 0x03, 0x01, 0x80, 0xC0, 0x00, 0x00, 
    0x00, 0x00, 0x03, 0x01, 0x80, 0xC0, 0x00, 0x00, 0x00, 0x00, 0x03, 0x01, 0x80, 0xC0, 0x00, 0x00, 
    0x00, 0x00, 0x03, 0x01, 0x80, 0xC0, 0x00, 0x00, 0x00, 0x00, 0x03, 0x01, 0x80, 0xC0, 0x00, 0x00, 
    0x00, 0x00, 0x03, 0x01, 0x80, 0xC0, 0x00, 0x00, 0x00, 0x00, 0x03, 0x01, 0x80, 0xC0, 0x00, 0x00, 
    0x00, 0x00, 0x03, 0x01, 0x80, 0xC0, 0x00, 0x00, 0x00, 0x00, 0x03, 0x01, 0x80, 0xC0, 0x00, 0x00, 
    0x00, 0x00, 0x03, 0x01, 0x80, 0xC0, 0x00, 0x00, 0x00, 0x0E, 0x03, 0x01, 0x80, 0xC0, 0x70, 0x00, 
    0x00, 0x3F, 0x03, 0x01, 0x80, 0xC0, 0xFC, 0x00, 0x00, 0x3F, 0x83, 0x01, 0x80, 0xC1, 0xFC, 0x00, 
    0x00, 0x71, 0xFF, 0x01, 0x80, 0xFF, 0x8E, 0x00, 0x00, 0x61, 0xFF, 0x01, 0x80, 0xFF, 0x86, 0x00, 
    0x00, 0x71, 0xFE, 0x01, 0x80, 0x7F, 0x8E, 0x00, 0x00, 0x3F, 0x80, 0x01, 0x80, 0x01, 0xFC, 0x00, 
    0x00, 0x3F, 0x00, 0x03, 0xC0, 0x00, 0xFC, 0x00, 0x00, 0x0E, 0x00, 0x07, 0xE0, 0x00, 0x70, 0x00, 
    0x00, 0x00, 0x00, 0x0E, 0x70, 0x00, 0x00, 0x00, 0x00, 0x00, 0x00, 0x0C, 0x30, 0x00, 0x00, 0x00, 
    0x00, 0x00, 0x00, 0x0C, 0x30, 0x00, 0x00, 0x00, 0x00, 0x00, 0x00, 0x0E, 0x70, 0x00, 0x00, 0x00, 
    0x00, 0x00, 0x00, 0x07, 0xE0, 0x00, 0x00, 0x00, 0x00, 0x00, 0x00, 0x03, 0xC0, 0x00, 0x00, 0x00, 
    0x00, 0x00, 0x00, 0x00, 0x00, 0x00, 0x00, 0x00, 0x00, 0x00, 0x00, 0x00, 0x00, 0x00, 0x00, 0x00, 
    0x00, 0x00, 0x00, 0x00, 0x00, 0x00, 0x00, 0x00, 0x00, 0x00, 0x00, 0x00, 0x00, 0x00, 0x00, 0x00, 
    0x00, 0x00, 0x00, 0x00, 0x00, 0x00, 0x00, 0x00, 0x00, 0x00, 0x00, 0x00, 0x00, 0x00, 0x00, 0x00, 
      },
  {
    0x00, 0x00, 0x00, 0x00, 0x00, 0x00, 0x00, 0x00, 0x00, 0x00, 0x00, 0x00, 0x00, 0x00, 0x00, 0x00, 
    0x00, 0x00, 0x00, 0x00, 0x00, 0x00, 0x00, 0x00, 0x00, 0x00, 0x00, 0x00, 0x00, 0x00, 0x00, 0x00, 
    0x00, 0x00, 0x00, 0x00, 0x00, 0x00, 0x00, 0x00, 0x00, 0x00, 0x00, 0x00, 0x00, 0x00, 0x00, 0x00, 
    0x00, 0x00, 0x00, 0xFC, 0x00, 0x00, 0x00, 0x00, 0x00, 0x00, 0x03, 0xFF, 0x80, 0x00, 0x00, 0x00, 
    0x00, 0x00, 0x0F, 0xFF, 0xC0, 0x00, 0x00, 0x00, 0x00, 0x00, 0x1E, 0x00, 0xFE, 0x00, 0x00, 0x00, 
    0x00, 0x00, 0x3C, 0x00, 0x7F, 0xC0, 0x00, 0x00, 0x00, 0x00, 0x78, 0x00, 0x3F, 0xE0, 0x00, 0x00, 
    0x00, 0x00, 0x70, 0x00, 0x00, 0xF0, 0x00, 0x00, 0x00, 0x00, 0xE0, 0x00, 0x00, 0x38, 0x00, 0x00, 
    0x00, 0x00, 0xC0, 0x00, 0x00, 0x1C, 0x00, 0x00, 0x00, 0x00, 0xF0, 0x00, 0x00, 0x1E, 0x00, 0x00, 
    0x00, 0x03, 0xFC, 0x00, 0x00, 0x3F, 0xC0, 0x00, 0x00, 0x0F, 0xFC, 0x00, 0x00, 0x3F, 0xF0, 0x00, 
    0x00, 0x1E, 0x00, 0x00, 0x00, 0x00, 0x78, 0x00, 0x00, 0x1C, 0x00, 0x00, 0x00, 0x00, 0x38, 0x00, 
    0x00, 0x38, 0x00, 0x00, 0x00, 0x00, 0x1C, 0x00, 0x00, 0x30, 0x00, 0x00, 0x00, 0x00, 0x0C, 0x00, 
    0x00, 0x70, 0x00, 0x00, 0x00, 0x00, 0x0E, 0x00, 0x00, 0x70, 0x00, 0x00, 0x00, 0x00, 0x0E, 0x00, 
    0x00, 0x70, 0x00, 0x00, 0x00, 0x00, 0x0E, 0x00, 0x00, 0x70, 0x00, 0x00, 0x00, 0x00, 0x0E, 0x00, 
    0x00, 0x30, 0x00, 0x00, 0x00, 0x00, 0x0C, 0x00, 0x00, 0x38, 0x00, 0x00, 0x00, 0x00, 0x1C, 0x00, 
    0x00, 0x38, 0x00, 0x00, 0x00, 0x00, 0x1C, 0x00, 0x00, 0x1C, 0x00, 0x00, 0x00, 0x00, 0x38, 0x00, 
    0x00, 0x0F, 0x00, 0x00, 0x00, 0x00, 0xF0, 0x00, 0x00, 0x07, 0xFF, 0xFF, 0xFF, 0xFF, 0xE0, 0x00, 
    0x00, 0x01, 0xFF, 0xFF, 0xFF, 0xFF, 0x80, 0x00, 0x00, 0x00, 0x03, 0x01, 0x80, 0xC0, 0x00, 0x00, 
    0x00, 0x00, 0x03, 0x01, 0x80, 0xC0, 0x00, 0x00, 0x00, 0x00, 0x03, 0x01, 0x80, 0xC0, 0x00, 0x00, 
    0x00, 0x00, 0x03, 0x01, 0x80, 0xC0, 0x00, 0x00, 0x00, 0x00, 0x03, 0x01, 0x80, 0xC0, 0x00, 0x00, 
    0x00, 0x00, 0x03, 0x01, 0x80, 0xC0, 0x00, 0x00, 0x00, 0x00, 0x03, 0x01, 0x80, 0xC0, 0x00, 0x00, 
    0x00, 0x00, 0x03, 0x01, 0x80, 0xC0, 0x00, 0x00, 0x00, 0x00, 0x03, 0x01, 0x80, 0xC0, 0x00, 0x00, 
    0x00, 0x00, 0x03, 0x01, 0x80, 0xC0, 0x00, 0x00, 0x00, 0x0E, 0x03, 0x01, 0x80, 0xC0, 0x70, 0x00, 
    0x00, 0x3F, 0x03, 0x01, 0x80, 0xC0, 0xFC, 0x00, 0x00, 0x3F, 0x83, 0x01, 0x80, 0xC1, 0xFC, 0x00, 
    0x00, 0x71, 0xFF, 0x01, 0x80, 0xFF, 0x8E, 0x00, 0x00, 0x61, 0xFF, 0x01, 0x80, 0xFF, 0x86, 0x00, 
    0x00, 0x71, 0xFE, 0x01, 0x80, 0x7F, 0x8E, 0x00, 0x00, 0x3F, 0x80, 0x01, 0x80, 0x01, 0xFC, 0x00, 
    0x00, 0x3F, 0x00, 0x03, 0xC0, 0x00, 0xFC, 0x00, 0x00, 0x0E, 0x00, 0x07, 0xE0, 0x00, 0x70, 0x00, 
    0x00, 0x00, 0x00, 0x0E, 0x70, 0x00, 0x00, 0x00, 0x00, 0x00, 0x00, 0x0C, 0x30, 0x00, 0x00, 0x00, 
    0x00, 0x00, 0x00, 0x0C, 0x30, 0x00, 0x00, 0x00, 0x00, 0x00, 0x00, 0x0E, 0x70, 0x00, 0x00, 0x00, 
    0x00, 0x00, 0x00, 0x07, 0xE0, 0x00, 0x00, 0x00, 0x00, 0x00, 0x00, 0x03, 0xC0, 0x00, 0x00, 0x00, 
    0x00, 0x00, 0x00, 0x00, 0x00, 0x00, 0x00, 0x00, 0x00, 0x00, 0x00, 0x00, 0x00, 0x00, 0x00, 0x00, 
    0x00, 0x00, 0x00, 0x00, 0x00, 0x00, 0x00, 0x00, 0x00, 0x00, 0x00, 0x00, 0x00, 0x00, 0x00, 0x00, 
    0x00, 0x00, 0x00, 0x00, 0x00, 0x00, 0x00, 0x00, 0x00, 0x00, 0x00, 0x00, 0x00, 0x00, 0x00, 0x00, 
      },
};

#endif
