#ifndef ANIMATION_FINGERPRINT_SCAN_H
#define ANIMATION_FINGERPRINT_SCAN_H

#include <pgmspace.h>

#define FINGERPRINT_SCAN_FRAMES 60
#define FINGERPRINT_SCAN_WIDTH  64
#define FINGERPRINT_SCAN_HEIGHT 64

const uint8_t fingerprint_scan_frames[][512] PROGMEM = {
  {
    0x00, 0x00, 0x00, 0x00, 0x00, 0x00, 0x00, 0x00, 0x00, 0x00, 0x00, 0x00, 0x00, 0x00, 0x00, 0x00, 
    0x00, 0x00, 0x00, 0x00, 0x00, 0x00, 0x00, 0x00, 0x00, 0x00, 0x00, 0x00, 0x00, 0x00, 0x00, 0x00, 
    0x00, 0x00, 0x00, 0x00, 0x00, 0x00, 0x00, 0x00, 0x00, 0x00, 0x00, 0x00, 0x00, 0x00, 0x00, 0x00, 
    0x00, 0x00, 0x00, 0x00, 0x00, 0x00, 0x00, 0x00, 0x01, 0xFE, 0x00, 0x00, 0x00, 0x00, 0x7F, 0x80, 
    0x01, 0xFE, 0x00, 0x00, 0x00, 0x00, 0x7F, 0xC0, 0x01, 0x80, 0x00, 0x00, 0x00, 0x00, 0x01, 0xC0, 
    0x01, 0x80, 0x00, 0x00, 0x00, 0x00, 0x01, 0xC0, 0x01, 0x80, 0x00, 0x00, 0x00, 0x00, 0x01, 0xC0, 
    0x01, 0x80, 0x00, 0x00, 0x00, 0x00, 0x01, 0xC0, 0x01, 0x80, 0x00, 0x1E, 0x00, 0x00, 0x01, 0xC0, 
    0x01, 0x80, 0x00, 0x7E, 0x0F, 0x00, 0x01, 0xC0, 0x00, 0x00, 0x00, 0xF0, 0x07, 0x00, 0x00, 0x00, 
    0x00, 0x00, 0x00, 0x40, 0x00, 0x00, 0x00, 0x00, 0x00, 0x00, 0x00, 0x00, 0x00, 0x00, 0x00, 0x00, 
    0x00, 0x00, 0x18, 0x00, 0x00, 0x08, 0x00, 0x00, 0x00, 0x00, 0x1C, 0x0E, 0x38, 0x1C, 0x00, 0x00, 
    0x00, 0x00, 0x38, 0x3E, 0x3C, 0x0E, 0x00, 0x00, 0x00, 0x00, 0x70, 0x78, 0x1F, 0x0E, 0x00, 0x00, 
    0x00, 0x00, 0x60, 0xE0, 0x07, 0x87, 0x00, 0x00, 0x00, 0x00, 0xE1, 0xC0, 0x03, 0x83, 0x00, 0x00, 
    0x00, 0x00, 0xE1, 0x80, 0x01, 0xC3, 0x80, 0x00, 0x00, 0x00, 0xC1, 0x87, 0xE0, 0xC3, 0x80, 0x00, 
    0x00, 0x00, 0xC0, 0x0F, 0xF0, 0xE1, 0x80, 0x00, 0x00, 0x00, 0xC0, 0x0E, 0x38, 0x61, 0x80, 0x00, 
    0x00, 0x00, 0x00, 0x1C, 0x18, 0x61, 0x80, 0x00, 0x00, 0x00, 0x07, 0x1C, 0x18, 0x61, 0x80, 0x00, 
    0x00, 0x00, 0x07, 0x1C, 0x18, 0x61, 0x80, 0x00, 0x00, 0x7F, 0xFF, 0xFF, 0xFF, 0xFF, 0xFF, 0x00, 
    0x00, 0x7F, 0xFF, 0xFF, 0xFF, 0xFF, 0xFF, 0x00, 0x00, 0x01, 0xC7, 0x1C, 0x18, 0x71, 0xC0, 0x00, 
    0x00, 0x01, 0xC7, 0x1C, 0x18, 0x61, 0x80, 0x00, 0x00, 0x01, 0xC7, 0x1C, 0x18, 0x01, 0x80, 0x00, 
    0x00, 0x01, 0xC7, 0x08, 0x18, 0x00, 0x00, 0x00, 0x00, 0x01, 0xC7, 0x00, 0x18, 0x00, 0x00, 0x00, 
    0x00, 0x01, 0xC7, 0x00, 0x18, 0x00, 0x00, 0x00, 0x00, 0x01, 0xC7, 0x00, 0x18, 0x00, 0x00, 0x00, 
    0x00, 0x01, 0xC7, 0x00, 0x08, 0x61, 0x80, 0x00, 0x00, 0x01, 0xC7, 0x1C, 0x00, 0x61, 0x80, 0x00, 
    0x00, 0x01, 0xC7, 0x1C, 0x00, 0x61, 0x80, 0x00, 0x00, 0x01, 0xC7, 0x1C, 0x00, 0x60, 0x00, 0x00, 
    0x00, 0x01, 0xC0, 0x1C, 0x00, 0x60, 0x00, 0x00, 0x00, 0x01, 0xC0, 0x1C, 0x18, 0x60, 0x00, 0x00, 
    0x00, 0x01, 0xC0, 0x1C, 0x18, 0x60, 0x00, 0x00, 0x00, 0x00, 0xF8, 0x1C, 0x18, 0x61, 0x80, 0x00, 
    0x00, 0x00, 0x78, 0x1C, 0x1C, 0x61, 0x80, 0x00, 0x01, 0x80, 0x00, 0x1C, 0x1F, 0xE1, 0x81, 0x80, 
    0x01, 0x80, 0x00, 0x1C, 0x0F, 0xC1, 0x81, 0xC0, 0x01, 0x80, 0x00, 0x00, 0x03, 0x00, 0x01, 0xC0, 
    0x01, 0x80, 0x00, 0x00, 0x00, 0x00, 0x01, 0xC0, 0x01, 0x80, 0x00, 0x00, 0x00, 0x00, 0x01, 0xC0, 
    0x01, 0x80, 0x00, 0x00, 0x00, 0x00, 0x01, 0xC0, 0x01, 0xFE, 0x00, 0x00, 0x00, 0x00, 0x7F, 0xC0, 
    0x01, 0xFF, 0x00, 0x00, 0x00, 0x00, 0x7F, 0xC0, 0x00, 0x00, 0x00, 0x00, 0x00, 0x00, 0x00, 0x00, 
    0x00, 0x00, 0x00, 0x00, 0x00, 0x00, 0x00, 0x00, 0x00, 0x00, 0x00, 0x00, 0x00, 0x00, 0x00, 0x00, 
    0x00, 0x00, 0x00, 0x00, 0x00, 0x00, 0x00, 0x00, 0x00, 0x00, 0x00, 0x00, 0x00, 0x00, 0x00, 0x00, 
    0x00, 0x00, 0x00, 0x00, 0x00, 0x00, 0x00, 0x00, 0x00, 0x00, 0x00, 0x00, 0x00, 0x00, 0x00, 0x00, 
      },
  {
    0x00, 0x00, 0x00, 0x00, 0x00, 0x00, 0x00, 0x00, 0x00, 0x00, 0x00, 0x00, 0x00, 0x00, 0x00, 0x00, 
    0x00, 0x00, 0x00, 0x00, 0x00, 0x00, 0x00, 0x00, 0x00, 0x00, 0x00, 0x00, 0x00, 0x00, 0x00, 0x00, 
    0x00, 0x00, 0x00, 0x00, 0x00, 0x00, 0x00, 0x00, 0x00, 0x00, 0x00, 0x00, 0x00, 0x00, 0x00, 0x00, 
    0x00, 0x00, 0x00, 0x00, 0x00, 0x00, 0x00, 0x00, 0x01, 0xFE, 0x00, 0x00, 0x00, 0x00, 0x7F, 0x80, 
    0x01, 0xFE, 0x00, 0x00, 0x00, 0x00, 0x7F, 0xC0, 0x01, 0x80, 0x00, 0x00, 0x00, 0x00, 0x01, 0xC0, 
    0x01, 0x80, 0x00, 0x00, 0x00, 0x00, 0x01, 0xC0, 0x01, 0x80, 0x00, 0x00, 0x00, 0x00, 0x01, 0xC0, 
    0x01, 0x80, 0x00, 0x00, 0x00, 0x00, 0x01, 0xC0, 0x01, 0x80, 0x00, 0x1E, 0x00, 0x00, 0x01, 0xC0, 
    0x01, 0x80, 0x00, 0x7E, 0x0F, 0x00, 0x01, 0xC0, 0x00, 0x00, 0x00, 0xF0, 0x07, 0x00, 0x00, 0x00, 
    0x00, 0x00, 0x00, 0x40, 0x00, 0x00, 0x00, 0x00, 0x00, 0x00, 0x00, 0x00, 0x00, 0x00, 0x00, 0x00, 
    0x00, 0x00, 0x18, 0x00, 0x00, 0x08, 0x00, 0x00, 0x00, 0x00, 0x1C, 0x0E, 0x38, 0x1C, 0x00, 0x00, 
    0x00, 0x00, 0x38, 0x3E, 0x3C, 0x0E, 0x00, 0x00, 0x00, 0x00, 0x70, 0x78, 0x1F, 0x0E, 0x00, 0x00, 
    0x00, 0x00, 0x60, 0xE0, 0x07, 0x87, 0x00, 0x00, 0x00, 0x00, 0xE1, 0xC0, 0x03, 0x83, 0x00, 0x00, 
    0x00, 0x00, 0xE1, 0x80, 0x01, 0xC3, 0x80, 0x00, 0x00, 0x00, 0xC1, 0x87, 0xE0, 0xC3, 0x80, 0x00, 
    0x00, 0x00, 0xC0, 0x0F, 0xF0, 0xE1, 0x80, 0x00, 0x00, 0x00, 0xC0, 0x0E, 0x38, 0x61, 0x80, 0x00, 
    0x00, 0x00, 0x00, 0x1C, 0x18, 0x61, 0x80, 0x00, 0x00, 0x00, 0x07, 0x1C, 0x18, 0x61, 0x80, 0x00, 
    0x00, 0x00, 0x07, 0x1C, 0x18, 0x61, 0x80, 0x00, 0x00, 0x7F, 0xFF, 0xFF, 0xFF, 0xFF, 0xFF, 0x00, 
    0x00, 0x7F, 0xFF, 0xFF, 0xFF, 0xFF, 0xFF, 0x00, 0x00, 0x01, 0xC7, 0x1C, 0x18, 0x71, 0xC0, 0x00, 
    0x00, 0x01, 0xC7, 0x1C, 0x18, 0x61, 0x80, 0x00, 0x00, 0x01, 0xC7, 0x1C, 0x18, 0x01, 0x80, 0x00, 
    0x00, 0x01, 0xC7, 0x08, 0x18, 0x00, 0x00, 0x00, 0x00, 0x01, 0xC7, 0x00, 0x18, 0x00, 0x00, 0x00, 
    0x00, 0x01, 0xC7, 0x00, 0x18, 0x00, 0x00, 0x00, 0x00, 0x01, 0xC7, 0x00, 0x18, 0x00, 0x00, 0x00, 
    0x00, 0x01, 0xC7, 0x00, 0x08, 0x61, 0x80, 0x00, 0x00, 0x01, 0xC7, 0x1C, 0x00, 0x61, 0x80, 0x00, 
    0x00, 0x01, 0xC7, 0x1C, 0x00, 0x61, 0x80, 0x00, 0x00, 0x01, 0xC7, 0x1C, 0x00, 0x60, 0x00, 0x00, 
    0x00, 0x01, 0xC0, 0x1C, 0x00, 0x60, 0x00, 0x00, 0x00, 0x01, 0xC0, 0x1C, 0x18, 0x60, 0x00, 0x00, 
    0x00, 0x01, 0xC0, 0x1C, 0x18, 0x60, 0x00, 0x00, 0x00, 0x00, 0xF8, 0x1C, 0x18, 0x61, 0x80, 0x00, 
    0x00, 0x00, 0x78, 0x1C, 0x1C, 0x61, 0x80, 0x00, 0x01, 0x80, 0x00, 0x1C, 0x1F, 0xE1, 0x81, 0x80, 
    0x01, 0x80, 0x00, 0x1C, 0x0F, 0xC1, 0x81, 0x80, 0x01, 0x80, 0x00, 0x00, 0x03, 0x00, 0x01, 0x80, 
    0x01, 0x80, 0x00, 0x00, 0x00, 0x00, 0x01, 0x80, 0x01, 0x80, 0x00, 0x00, 0x00, 0x00, 0x01, 0x80, 
    0x01, 0x80, 0x00, 0x00, 0x00, 0x00, 0x01, 0x80, 0x01, 0xFE, 0x00, 0x00, 0x00, 0x00, 0x7F, 0x80, 
    0x01, 0xFF, 0x00, 0x00, 0x00, 0x00, 0x7F, 0x80, 0x00, 0x00, 0x00, 0x00, 0x00, 0x00, 0x00, 0x00, 
    0x00, 0x00, 0x00, 0x00, 0x00, 0x00, 0x00, 0x00, 0x00, 0x00, 0x00, 0x00, 0x00, 0x00, 0x00, 0x00, 
    0x00, 0x00, 0x00, 0x00, 0x00, 0x00, 0x00, 0x00, 0x00, 0x00, 0x00, 0x00, 0x00, 0x00, 0x00, 0x00, 
    0x00, 0x00, 0x00, 0x00, 0x00, 0x00, 0x00, 0x00, 0x00, 0x00, 0x00, 0x00, 0x00, 0x00, 0x00, 0x00, 
      },
  {
    0x00, 0x00, 0x00, 0x00, 0x00, 0x00, 0x00, 0x00, 0x00, 0x00, 0x00, 0x00, 0x00, 0x00, 0x00, 0x00, 
    0x00, 0x00, 0x00, 0x00, 0x00, 0x00, 0x00, 0x00, 0x00, 0x00, 0x00, 0x00, 0x00, 0x00, 0x00, 0x00, 
    0x00, 0x00, 0x00, 0x00, 0x00, 0x00, 0x00, 0x00, 0x00, 0x00, 0x00, 0x00, 0x00, 0x00, 0x00, 0x00, 
    0x00, 0x00, 0x00, 0x00, 0x00, 0x00, 0x00, 0x00, 0x01, 0xFE, 0x00, 0x00, 0x00, 0x00, 0x7F, 0x80, 
    0x01, 0xFE, 0x00, 0x00, 0x00, 0x00, 0x7F, 0xC0, 0x01, 0x80, 0x00, 0x00, 0x00, 0x00, 0x01, 0xC0, 
    0x01, 0x80, 0x00, 0x00, 0x00, 0x00, 0x01, 0xC0, 0x01, 0x80, 0x00, 0x00, 0x00, 0x00, 0x01, 0xC0, 
    0x01, 0x80, 0x00, 0x00, 0x00, 0x00, 0x01, 0xC0, 0x01, 0x80, 0x00, 0x1E, 0x00, 0x00, 0x01, 0xC0, 
    0x01, 0x80, 0x00, 0x7E, 0x0F, 0x00, 0x01, 0xC0, 0x00, 0x00, 0x00, 0xF0, 0x07, 0x00, 0x00, 0x00, 
    0x00, 0x00, 0x00, 0x40, 0x00, 0x00, 0x00, 0x00, 0x00, 0x00, 0x00, 0x00, 0x00, 0x00, 0x00, 0x00, 
    0x00, 0x00, 0x18, 0x00, 0x00, 0x08, 0x00, 0x00, 0x00, 0x00, 0x1C, 0x0E, 0x38, 0x1C, 0x00, 0x00, 
    0x00, 0x00, 0x38, 0x3E, 0x3C, 0x0E, 0x00, 0x00, 0x00, 0x00, 0x70, 0x78, 0x1F, 0x0E, 0x00, 0x00, 
    0x00, 0x00, 0x60, 0xE0, 0x07, 0x87, 0x00, 0x00, 0x00, 0x00, 0xE1, 0xC0, 0x03, 0x83, 0x00, 0x00, 
    0x00, 0x00, 0xE1, 0x80, 0x01, 0xC3, 0x80, 0x00, 0x00, 0x00, 0xC1, 0x87, 0xE0, 0xC3, 0x80, 0x00, 
    0x00, 0x00, 0xC0, 0x0F, 0xF0, 0xE1, 0x80, 0x00, 0x00, 0x00, 0xC0, 0x0E, 0x38, 0x61, 0x80, 0x00, 
    0x00, 0x00, 0x00, 0x1C, 0x18, 0x61, 0x80, 0x00, 0x00, 0x00, 0x07, 0x1C, 0x18, 0x61, 0x80, 0x00, 
    0x00, 0x00, 0x07, 0x1C, 0x18, 0x61, 0x80, 0x00, 0x00, 0x7F, 0xFF, 0xFF, 0xFF, 0xFF, 0xFF, 0x00, 
    0x00, 0x7F, 0xFF, 0xFF, 0xFF, 0xFF, 0xFF, 0x00, 0x00, 0x01, 0xC7, 0x1C, 0x18, 0x71, 0xC0, 0x00, 
    0x00, 0x01, 0xC7, 0x1C, 0x18, 0x61, 0x80, 0x00, 0x00, 0x01, 0xC7, 0x1C, 0x18, 0x01, 0x80, 0x00, 
    0x00, 0x01, 0xC7, 0x08, 0x18, 0x00, 0x00, 0x00, 0x00, 0x01, 0xC7, 0x00, 0x18, 0x00, 0x00, 0x00, 
    0x00, 0x01, 0xC7, 0x00, 0x18, 0x00, 0x00, 0x00, 0x00, 0x01, 0xC7, 0x00, 0x18, 0x00, 0x00, 0x00, 
    0x00, 0x01, 0xC7, 0x00, 0x08, 0x61, 0x80, 0x00, 0x00, 0x01, 0xC7, 0x1C, 0x00, 0x61, 0x80, 0x00, 
    0x00, 0x01, 0xC7, 0x1C, 0x00, 0x61, 0x80, 0x00, 0x00, 0x01, 0xC7, 0x1C, 0x00, 0x60, 0x00, 0x00, 
    0x00, 0x01, 0xC0, 0x1C, 0x00, 0x60, 0x00, 0x00, 0x00, 0x01, 0xC0, 0x1C, 0x18, 0x60, 0x00, 0x00, 
    0x00, 0x01, 0xC0, 0x1C, 0x18, 0x60, 0x00, 0x00, 0x00, 0x00, 0xF8, 0x1C, 0x18, 0x61, 0x80, 0x00, 
    0x00, 0x80, 0x78, 0x1C, 0x1C, 0x61, 0x81, 0x80, 0x01, 0xC0, 0x00, 0x1C, 0x1F, 0xE1, 0x81, 0x80, 
    0x01, 0xC0, 0x00, 0x1C, 0x0F, 0xC1, 0x81, 0x80, 0x01, 0xC0, 0x00, 0x00, 0x03, 0x00, 0x01, 0x80, 
    0x01, 0xC0, 0x00, 0x00, 0x00, 0x00, 0x01, 0x80, 0x01, 0xC0, 0x00, 0x00, 0x00, 0x00, 0x01, 0x80, 
    0x01, 0xC0, 0x00, 0x00, 0x00, 0x00, 0x7F, 0x80, 0x01, 0xFF, 0x00, 0x00, 0x00, 0x00, 0xFF, 0x80, 
    0x01, 0xFF, 0x00, 0x00, 0x00, 0x00, 0x7F, 0x00, 0x00, 0x00, 0x00, 0x00, 0x00, 0x00, 0x00, 0x00, 
    0x00, 0x00, 0x00, 0x00, 0x00, 0x00, 0x00, 0x00, 0x00, 0x00, 0x00, 0x00, 0x00, 0x00, 0x00, 0x00, 
    0x00, 0x00, 0x00, 0x00, 0x00, 0x00, 0x00, 0x00, 0x00, 0x00, 0x00, 0x00, 0x00, 0x00, 0x00, 0x00, 
    0x00, 0x00, 0x00, 0x00, 0x00, 0x00, 0x00, 0x00, 0x00, 0x00, 0x00, 0x00, 0x00, 0x00, 0x00, 0x00, 
      },
  {
    0x00, 0x00, 0x00, 0x00, 0x00, 0x00, 0x00, 0x00, 0x00, 0x00, 0x00, 0x00, 0x00, 0x00, 0x00, 0x00, 
    0x00, 0x00, 0x00, 0x00, 0x00, 0x00, 0x00, 0x00, 0x00, 0x00, 0x00, 0x00, 0x00, 0x00, 0x00, 0x00, 
    0x00, 0x00, 0x00, 0x00, 0x00, 0x00, 0x00, 0x00, 0x00, 0x00, 0x00, 0x00, 0x00, 0x00, 0x00, 0x00, 
    0x00, 0x00, 0x00, 0x00, 0x00, 0x00, 0x00, 0x00, 0x01, 0xFE, 0x00, 0x00, 0x00, 0x00, 0x7F, 0x80, 
    0x01, 0xFE, 0x00, 0x00, 0x00, 0x00, 0x7F, 0x80, 0x01, 0x80, 0x00, 0x00, 0x00, 0x00, 0x01, 0x80, 
    0x01, 0x80, 0x00, 0x00, 0x00, 0x00, 0x01, 0x80, 0x01, 0x80, 0x00, 0x00, 0x00, 0x00, 0x01, 0x80, 
    0x01, 0x80, 0x00, 0x00, 0x00, 0x00, 0x01, 0x80, 0x01, 0x80, 0x00, 0x1E, 0x00, 0x00, 0x01, 0x80, 
    0x01, 0x80, 0x00, 0x7E, 0x0F, 0x00, 0x01, 0x80, 0x00, 0x00, 0x00, 0xF0, 0x07, 0x00, 0x01, 0x80, 
    0x00, 0x00, 0x00, 0x40, 0x00, 0x00, 0x00, 0x00, 0x00, 0x00, 0x00, 0x00, 0x00, 0x00, 0x00, 0x00, 
    0x00, 0x00, 0x18, 0x00, 0x00, 0x08, 0x00, 0x00, 0x00, 0x00, 0x1C, 0x0E, 0x38, 0x1C, 0x00, 0x00, 
    0x00, 0x00, 0x38, 0x3E, 0x3C, 0x0E, 0x00, 0x00, 0x00, 0x00, 0x70, 0x78, 0x1F, 0x0E, 0x00, 0x00, 
    0x00, 0x00, 0x60, 0xE0, 0x07, 0x87, 0x00, 0x00, 0x00, 0x00, 0xE1, 0xC0, 0x03, 0x83, 0x00, 0x00, 
    0x00, 0x00, 0xE1, 0x80, 0x01, 0xC3, 0x80, 0x00, 0x00, 0x00, 0xC1, 0x87, 0xE0, 0xC3, 0x80, 0x00, 
    0x00, 0x00, 0xC0, 0x0F, 0xF0, 0xE1, 0x80, 0x00, 0x00, 0x00, 0xC0, 0x0E, 0x38, 0x61, 0x80, 0x00, 
    0x00, 0x00, 0x00, 0x1C, 0x18, 0x61, 0x80, 0x00, 0x00, 0x00, 0x07, 0x1C, 0x18, 0x61, 0x80, 0x00, 
    0x00, 0x00, 0x07, 0x1C, 0x18, 0x61, 0x80, 0x00, 0x00, 0x7F, 0xFF, 0xFF, 0xFF, 0xFF, 0xFF, 0x00, 
    0x00, 0x7F, 0xFF, 0xFF, 0xFF, 0xFF, 0xFF, 0x00, 0x00, 0x01, 0xC7, 0x1C, 0x18, 0x71, 0xC0, 0x00, 
    0x00, 0x01, 0xC7, 0x1C, 0x18, 0x61, 0x80, 0x00, 0x00, 0x01, 0xC7, 0x1C, 0x18, 0x01, 0x80, 0x00, 
    0x00, 0x01, 0xC7, 0x08, 0x18, 0x00, 0x00, 0x00, 0x00, 0x01, 0xC7, 0x00, 0x18, 0x00, 0x00, 0x00, 
    0x00, 0x01, 0xC7, 0x00, 0x18, 0x00, 0x00, 0x00, 0x00, 0x01, 0xC7, 0x00, 0x18, 0x00, 0x00, 0x00, 
    0x00, 0x01, 0xC7, 0x00, 0x08, 0x61, 0x80, 0x00, 0x00, 0x01, 0xC7, 0x1C, 0x00, 0x61, 0x80, 0x00, 
    0x00, 0x01, 0xC7, 0x1C, 0x00, 0x61, 0x80, 0x00, 0x00, 0x01, 0xC7, 0x1C, 0x00, 0x60, 0x00, 0x00, 
    0x00, 0x01, 0xC0, 0x1C, 0x00, 0x60, 0x00, 0x00, 0x00, 0x01, 0xC0, 0x1C, 0x18, 0x60, 0x00, 0x00, 
    0x00, 0x01, 0xC0, 0x1C, 0x18, 0x60, 0x00, 0x00, 0x00, 0x00, 0xF8, 0x1C, 0x18, 0x61, 0x80, 0x00, 
    0x00, 0xC0, 0x78, 0x1C, 0x1C, 0x61, 0x83, 0x00, 0x01, 0xC0, 0x00, 0x1C, 0x1F, 0xE1, 0x83, 0x80, 
    0x01, 0xC0, 0x00, 0x1C, 0x0F, 0xC1, 0x83, 0x80, 0x01, 0xC0, 0x00, 0x00, 0x03, 0x00, 0x03, 0x80, 
    0x01, 0xC0, 0x00, 0x00, 0x00, 0x00, 0x03, 0x80, 0x01, 0xC0, 0x00, 0x00, 0x00, 0x00, 0x03, 0x80, 
    0x01, 0xFE, 0x00, 0x00, 0x00, 0x00, 0xFF, 0x80, 0x00, 0xFF, 0x00, 0x00, 0x00, 0x00, 0xFF, 0x80, 
    0x00, 0xFF, 0x00, 0x00, 0x00, 0x00, 0x7E, 0x00, 0x00, 0x00, 0x00, 0x00, 0x00, 0x00, 0x00, 0x00, 
    0x00, 0x00, 0x00, 0x00, 0x00, 0x00, 0x00, 0x00, 0x00, 0x00, 0x00, 0x00, 0x00, 0x00, 0x00, 0x00, 
    0x00, 0x00, 0x00, 0x00, 0x00, 0x00, 0x00, 0x00, 0x00, 0x00, 0x00, 0x00, 0x00, 0x00, 0x00, 0x00, 
    0x00, 0x00, 0x00, 0x00, 0x00, 0x00, 0x00, 0x00, 0x00, 0x00, 0x00, 0x00, 0x00, 0x00, 0x00, 0x00, 
      },
  {
    0x00, 0x00, 0x00, 0x00, 0x00, 0x00, 0x00, 0x00, 0x00, 0x00, 0x00, 0x00, 0x00, 0x00, 0x00, 0x00, 
    0x00, 0x00, 0x00, 0x00, 0x00, 0x00, 0x00, 0x00, 0x00, 0x00, 0x00, 0x00, 0x00, 0x00, 0x00, 0x00, 
    0x00, 0x00, 0x00, 0x00, 0x00, 0x00, 0x00, 0x00, 0x00, 0x00, 0x00, 0x00, 0x00, 0x00, 0x00, 0x00, 
    0x00, 0x00, 0x00, 0x00, 0x00, 0x00, 0x00, 0x00, 0x00, 0xFF, 0x00, 0x00, 0x00, 0x00, 0x7F, 0x00, 
    0x01, 0xFF, 0x00, 0x00, 0x00, 0x00, 0xFF, 0x80, 0x01, 0xFE, 0x00, 0x00, 0x00, 0x00, 0x7F, 0x80, 
    0x01, 0xC0, 0x00, 0x00, 0x00, 0x00, 0x01, 0x80, 0x01, 0xC0, 0x00, 0x00, 0x00, 0x00, 0x03, 0x80, 
    0x01, 0xC0, 0x00, 0x00, 0x00, 0x00, 0x03, 0x80, 0x01, 0xC0, 0x00, 0x1E, 0x00, 0x00, 0x03, 0x80, 
    0x01, 0xC0, 0x00, 0x7E, 0x0F, 0x00, 0x03, 0x80, 0x00, 0x80, 0x00, 0xF0, 0x07, 0x00, 0x01, 0x80, 
    0x00, 0x00, 0x00, 0x40, 0x00, 0x00, 0x00, 0x00, 0x00, 0x00, 0x00, 0x00, 0x00, 0x00, 0x00, 0x00, 
    0x00, 0x00, 0x18, 0x00, 0x00, 0x08, 0x00, 0x00, 0x00, 0x00, 0x1C, 0x0E, 0x38, 0x1C, 0x00, 0x00, 
    0x00, 0x00, 0x38, 0x3E, 0x3C, 0x0E, 0x00, 0x00, 0x00, 0x00, 0x70, 0x78, 0x1F, 0x0E, 0x00, 0x00, 
    0x00, 0x00, 0x60, 0xE0, 0x07, 0x87, 0x00, 0x00, 0x00, 0x00, 0xE1, 0xC0, 0x03, 0x83, 0x00, 0x00, 
    0x00, 0x00, 0xE1, 0x80, 0x01, 0xC3, 0x80, 0x00, 0x00, 0x00, 0xC1, 0x87, 0xE0, 0xC3, 0x80, 0x00, 
    0x00, 0x00, 0xC0, 0x0F, 0xF0, 0xE1, 0x80, 0x00, 0x00, 0x00, 0xC0, 0x0E, 0x38, 0x61, 0x80, 0x00, 
    0x00, 0x00, 0x00, 0x1C, 0x18, 0x61, 0x80, 0x00, 0x00, 0x00, 0x07, 0x1C, 0x18, 0x61, 0x80, 0x00, 
    0x00, 0x00, 0x07, 0x1C, 0x18, 0x61, 0x80, 0x00, 0x00, 0x7F, 0xFF, 0xFF, 0xFF, 0xFF, 0xFF, 0x00, 
    0x00, 0x7F, 0xFF, 0xFF, 0xFF, 0xFF, 0xFF, 0x00, 0x00, 0x01, 0xC7, 0x1C, 0x18, 0x71, 0xC0, 0x00, 
    0x00, 0x01, 0xC7, 0x1C, 0x18, 0x61, 0x80, 0x00, 0x00, 0x01, 0xC7, 0x1C, 0x18, 0x01, 0x80, 0x00, 
    0x00, 0x01, 0xC7, 0x08, 0x18, 0x00, 0x00, 0x00, 0x00, 0x01, 0xC7, 0x00, 0x18, 0x00, 0x00, 0x00, 
    0x00, 0x01, 0xC7, 0x00, 0x18, 0x00, 0x00, 0x00, 0x00, 0x01, 0xC7, 0x00, 0x18, 0x00, 0x00, 0x00, 
    0x00, 0x01, 0xC7, 0x00, 0x08, 0x61, 0x80, 0x00, 0x00, 0x01, 0xC7, 0x1C, 0x00, 0x61, 0x80, 0x00, 
    0x00, 0x01, 0xC7, 0x1C, 0x00, 0x61, 0x80, 0x00, 0x00, 0x01, 0xC7, 0x1C, 0x00, 0x60, 0x00, 0x00, 
    0x00, 0x01, 0xC0, 0x1C, 0x00, 0x60, 0x00, 0x00, 0x00, 0x01, 0xC0, 0x1C, 0x18, 0x60, 0x00, 0x00, 
    0x00, 0x01, 0xC0, 0x1C, 0x18, 0x60, 0x00, 0x00, 0x00, 0x00, 0xF8, 0x1C, 0x18, 0x61, 0x80, 0x00, 
    0x00, 0xC0, 0x78, 0x1C, 0x1C, 0x61, 0x83, 0x00, 0x00, 0xC0, 0x00, 0x1C, 0x1F, 0xE1, 0x83, 0x00, 
    0x00, 0xC0, 0x00, 0x1C, 0x0F, 0xC1, 0x83, 0x00, 0x00, 0xC0, 0x00, 0x00, 0x03, 0x00, 0x03, 0x00, 
    0x00, 0xC0, 0x00, 0x00, 0x00, 0x00, 0x03, 0x00, 0x00, 0xC0, 0x00, 0x00, 0x00, 0x00, 0x03, 0x00, 
    0x00, 0xFF, 0x00, 0x00, 0x00, 0x00, 0xFF, 0x00, 0x00, 0xFF, 0x00, 0x00, 0x00, 0x00, 0xFF, 0x00, 
    0x00, 0x00, 0x00, 0x00, 0x00, 0x00, 0x00, 0x00, 0x00, 0x00, 0x00, 0x00, 0x00, 0x00, 0x00, 0x00, 
    0x00, 0x00, 0x00, 0x00, 0x00, 0x00, 0x00, 0x00, 0x00, 0x00, 0x00, 0x00, 0x00, 0x00, 0x00, 0x00, 
    0x00, 0x00, 0x00, 0x00, 0x00, 0x00, 0x00, 0x00, 0x00, 0x00, 0x00, 0x00, 0x00, 0x00, 0x00, 0x00, 
    0x00, 0x00, 0x00, 0x00, 0x00, 0x00, 0x00, 0x00, 0x00, 0x00, 0x00, 0x00, 0x00, 0x00, 0x00, 0x00, 
      },
  {
    0x00, 0x00, 0x00, 0x00, 0x00, 0x00, 0x00, 0x00, 0x00, 0x00, 0x00, 0x00, 0x00, 0x00, 0x00, 0x00, 
    0x00, 0x00, 0x00, 0x00, 0x00, 0x00, 0x00, 0x00, 0x00, 0x00, 0x00, 0x00, 0x00, 0x00, 0x00, 0x00, 
    0x00, 0x00, 0x00, 0x00, 0x00, 0x00, 0x00, 0x00, 0x00, 0x00, 0x00, 0x00, 0x00, 0x00, 0x00, 0x00, 
    0x00, 0x00, 0x00, 0x00, 0x00, 0x00, 0x00, 0x00, 0x00, 0x7E, 0x00, 0x00, 0x00, 0x00, 0x00, 0x00, 
    0x00, 0xFF, 0x00, 0x00, 0x00, 0x00, 0xFF, 0x00, 0x00, 0xFF, 0x00, 0x00, 0x00, 0x00, 0xFF, 0x80, 
    0x00, 0xC0, 0x00, 0x00, 0x00, 0x00, 0x03, 0x80, 0x00, 0xC0, 0x00, 0x00, 0x00, 0x00, 0x03, 0x80, 
    0x00, 0xC0, 0x00, 0x00, 0x00, 0x00, 0x03, 0x80, 0x00, 0xC0, 0x00, 0x1E, 0x00, 0x00, 0x03, 0x80, 
    0x00, 0xC0, 0x00, 0x7E, 0x0F, 0x00, 0x03, 0x80, 0x00, 0xC0, 0x00, 0xF0, 0x07, 0x00, 0x03, 0x00, 
    0x00, 0x00, 0x00, 0x40, 0x00, 0x00, 0x00, 0x00, 0x00, 0x00, 0x00, 0x00, 0x00, 0x00, 0x00, 0x00, 
    0x00, 0x00, 0x18, 0x00, 0x00, 0x08, 0x00, 0x00, 0x00, 0x00, 0x1C, 0x0E, 0x38, 0x1C, 0x00, 0x00, 
    0x00, 0x00, 0x38, 0x3E, 0x3C, 0x0E, 0x00, 0x00, 0x00, 0x00, 0x70, 0x78, 0x1F, 0x0E, 0x00, 0x00, 
    0x00, 0x00, 0x60, 0xE0, 0x07, 0x87, 0x00, 0x00, 0x00, 0x00, 0xE1, 0xC0, 0x03, 0x83, 0x00, 0x00, 
    0x00, 0x00, 0xE1, 0x80, 0x01, 0xC3, 0x80, 0x00, 0x00, 0x00, 0xC1, 0x87, 0xE0, 0xC3, 0x80, 0x00, 
    0x00, 0x00, 0xC0, 0x0F, 0xF0, 0xE1, 0x80, 0x00, 0x00, 0x00, 0xC0, 0x0E, 0x38, 0x61, 0x80, 0x00, 
    0x00, 0x00, 0x00, 0x1C, 0x18, 0x61, 0x80, 0x00, 0x00, 0x00, 0x07, 0x1C, 0x18, 0x61, 0x80, 0x00, 
    0x00, 0x00, 0x07, 0x1C, 0x18, 0x61, 0x80, 0x00, 0x00, 0x7F, 0xFF, 0xFF, 0xFF, 0xFF, 0xFF, 0x00, 
    0x00, 0x7F, 0xFF, 0xFF, 0xFF, 0xFF, 0xFF, 0x00, 0x00, 0x01, 0xC7, 0x1C, 0x18, 0x71, 0xC0, 0x00, 
    0x00, 0x01, 0xC7, 0x1C, 0x18, 0x61, 0x80, 0x00, 0x00, 0x01, 0xC7, 0x1C, 0x18, 0x01, 0x80, 0x00, 
    0x00, 0x01, 0xC7, 0x08, 0x18, 0x00, 0x00, 0x00, 0x00, 0x01, 0xC7, 0x00, 0x18, 0x00, 0x00, 0x00, 
    0x00, 0x01, 0xC7, 0x00, 0x18, 0x00, 0x00, 0x00, 0x00, 0x01, 0xC7, 0x00, 0x18, 0x00, 0x00, 0x00, 
    0x00, 0x01, 0xC7, 0x00, 0x08, 0x61, 0x80, 0x00, 0x00, 0x01, 0xC7, 0x1C, 0x00, 0x61, 0x80, 0x00, 
    0x00, 0x01, 0xC7, 0x1C, 0x00, 0x61, 0x80, 0x00, 0x00, 0x01, 0xC7, 0x1C, 0x00, 0x60, 0x00, 0x00, 
    0x00, 0x01, 0xC0, 0x1C, 0x00, 0x60, 0x00, 0x00, 0x00, 0x01, 0xC0, 0x1C, 0x18, 0x60, 0x00, 0x00, 
    0x00, 0x01, 0xC0, 0x1C, 0x18, 0x60, 0x00, 0x00, 0x00, 0x40, 0xF8, 0x1C, 0x18, 0x61, 0x82, 0x00, 
    0x00, 0xC0, 0x78, 0x1C, 0x1C, 0x61, 0x83, 0x00, 0x00, 0xC0, 0x00, 0x1C, 0x1F, 0xE1, 0x83, 0x00, 
    0x00, 0xC0, 0x00, 0x1C, 0x0F, 0xC1, 0x83, 0x00, 0x00, 0xC0, 0x00, 0x00, 0x03, 0x00, 0x03, 0x00, 
    0x00, 0xC0, 0x00, 0x00, 0x00, 0x00, 0x03, 0x00, 0x00, 0xE0, 0x00, 0x00, 0x00, 0x00, 0x03, 0x00, 
    0x00, 0xFF, 0x80, 0x00, 0x00, 0x00, 0xFF, 0x00, 0x00, 0xFF, 0x80, 0x00, 0x00, 0x00, 0xFF, 0x00, 
    0x00, 0x00, 0x00, 0x00, 0x00, 0x00, 0x00, 0x00, 0x00, 0x00, 0x00, 0x00, 0x00, 0x00, 0x00, 0x00, 
    0x00, 0x00, 0x00, 0x00, 0x00, 0x00, 0x00, 0x00, 0x00, 0x00, 0x00, 0x00, 0x00, 0x00, 0x00, 0x00, 
    0x00, 0x00, 0x00, 0x00, 0x00, 0x00, 0x00, 0x00, 0x00, 0x00, 0x00, 0x00, 0x00, 0x00, 0x00, 0x00, 
    0x00, 0x00, 0x00, 0x00, 0x00, 0x00, 0x00, 0x00, 0x00, 0x00, 0x00, 0x00, 0x00, 0x00, 0x00, 0x00, 
      },
  {
    0x00, 0x00, 0x00, 0x00, 0x00, 0x00, 0x00, 0x00, 0x00, 0x00, 0x00, 0x00, 0x00, 0x00, 0x00, 0x00, 
    0x00, 0x00, 0x00, 0x00, 0x00, 0x00, 0x00, 0x00, 0x00, 0x00, 0x00, 0x00, 0x00, 0x00, 0x00, 0x00, 
    0x00, 0x00, 0x00, 0x00, 0x00, 0x00, 0x00, 0x00, 0x00, 0x00, 0x00, 0x00, 0x00, 0x00, 0x00, 0x00, 
    0x00, 0x00, 0x00, 0x00, 0x00, 0x00, 0x00, 0x00, 0x00, 0x00, 0x00, 0x00, 0x00, 0x00, 0x00, 0x00, 
    0x00, 0xFF, 0x00, 0x00, 0x00, 0x00, 0xFF, 0x00, 0x00, 0xFF, 0x00, 0x00, 0x00, 0x00, 0xFF, 0x00, 
    0x00, 0xC0, 0x00, 0x00, 0x00, 0x00, 0x03, 0x00, 0x00, 0xC0, 0x00, 0x00, 0x00, 0x00, 0x03, 0x00, 
    0x00, 0xC0, 0x00, 0x00, 0x00, 0x00, 0x03, 0x00, 0x00, 0xC0, 0x00, 0x1E, 0x00, 0x00, 0x03, 0x00, 
    0x00, 0xC0, 0x00, 0x7E, 0x0F, 0x00, 0x03, 0x00, 0x00, 0xC0, 0x00, 0xF0, 0x07, 0x00, 0x03, 0x00, 
    0x00, 0x00, 0x00, 0x40, 0x00, 0x00, 0x00, 0x00, 0x00, 0x00, 0x00, 0x00, 0x00, 0x00, 0x00, 0x00, 
    0x00, 0x00, 0x18, 0x00, 0x00, 0x08, 0x00, 0x00, 0x00, 0x00, 0x1C, 0x0E, 0x38, 0x1C, 0x00, 0x00, 
    0x00, 0x00, 0x38, 0x3E, 0x3C, 0x0E, 0x00, 0x00, 0x00, 0x00, 0x70, 0x78, 0x1F, 0x0E, 0x00, 0x00, 
    0x00, 0x00, 0x60, 0xE0, 0x07, 0x87, 0x00, 0x00, 0x00, 0x00, 0xE1, 0xC0, 0x03, 0x83, 0x00, 0x00, 
    0x00, 0x00, 0xE1, 0x80, 0x01, 0xC3, 0x80, 0x00, 0x00, 0x00, 0xC1, 0x87, 0xE0, 0xC3, 0x80, 0x00, 
    0x00, 0x00, 0xC0, 0x0F, 0xF0, 0xE1, 0x80, 0x00, 0x00, 0x00, 0xC0, 0x0E, 0x38, 0x61, 0x80, 0x00, 
    0x00, 0x00, 0x00, 0x1C, 0x18, 0x61, 0x80, 0x00, 0x00, 0x00, 0x07, 0x1C, 0x18, 0x61, 0x80, 0x00, 
    0x00, 0x00, 0x07, 0x1C, 0x18, 0x61, 0x80, 0x00, 0x00, 0x7F, 0xFF, 0xFF, 0xFF, 0xFF, 0xFF, 0x00, 
    0x00, 0x7F, 0xFF, 0xFF, 0xFF, 0xFF, 0xFF, 0x00, 0x00, 0x01, 0xC7, 0x1C, 0x18, 0x71, 0xC0, 0x00, 
    0x00, 0x01, 0xC7, 0x1C, 0x18, 0x61, 0x80, 0x00, 0x00, 0x01, 0xC7, 0x1C, 0x18, 0x01, 0x80, 0x00, 
    0x00, 0x01, 0xC7, 0x08, 0x18, 0x00, 0x00, 0x00, 0x00, 0x01, 0xC7, 0x00, 0x18, 0x00, 0x00, 0x00, 
    0x00, 0x01, 0xC7, 0x00, 0x18, 0x00, 0x00, 0x00, 0x00, 0x01, 0xC7, 0x00, 0x18, 0x00, 0x00, 0x00, 
    0x00, 0x01, 0xC7, 0x00, 0x08, 0x61, 0x80, 0x00, 0x00, 0x01, 0xC7, 0x1C, 0x00, 0x61, 0x80, 0x00, 
    0x00, 0x01, 0xC7, 0x1C, 0x00, 0x61, 0x80, 0x00, 0x00, 0x01, 0xC7, 0x1C, 0x00, 0x60, 0x00, 0x00, 
    0x00, 0x01, 0xC0, 0x1C, 0x00, 0x60, 0x00, 0x00, 0x00, 0x01, 0xC0, 0x1C, 0x18, 0x60, 0x00, 0x00, 
    0x00, 0x01, 0xC0, 0x1C, 0x18, 0x60, 0x00, 0x00, 0x00, 0x40, 0xF8, 0x1C, 0x18, 0x61, 0x82, 0x00, 
    0x00, 0xE0, 0x78, 0x1C, 0x1C, 0x61, 0x83, 0x00, 0x00, 0xE0, 0x00, 0x1C, 0x1F, 0xE1, 0x83, 0x00, 
    0x00, 0xE0, 0x00, 0x1C, 0x0F, 0xC1, 0x83, 0x00, 0x00, 0xE0, 0x00, 0x00, 0x03, 0x00, 0x03, 0x00, 
    0x00, 0xE0, 0x00, 0x00, 0x00, 0x00, 0x03, 0x00, 0x00, 0xFF, 0x00, 0x00, 0x00, 0x00, 0xFF, 0x00, 
    0x00, 0xFF, 0x80, 0x00, 0x00, 0x01, 0xFF, 0x00, 0x00, 0x7F, 0x00, 0x00, 0x00, 0x00, 0xFE, 0x00, 
    0x00, 0x00, 0x00, 0x00, 0x00, 0x00, 0x00, 0x00, 0x00, 0x00, 0x00, 0x00, 0x00, 0x00, 0x00, 0x00, 
    0x00, 0x00, 0x00, 0x00, 0x00, 0x00, 0x00, 0x00, 0x00, 0x00, 0x00, 0x00, 0x00, 0x00, 0x00, 0x00, 
    0x00, 0x00, 0x00, 0x00, 0x00, 0x00, 0x00, 0x00, 0x00, 0x00, 0x00, 0x00, 0x00, 0x00, 0x00, 0x00, 
    0x00, 0x00, 0x00, 0x00, 0x00, 0x00, 0x00, 0x00, 0x00, 0x00, 0x00, 0x00, 0x00, 0x00, 0x00, 0x00, 
      },
  {
    0x00, 0x00, 0x00, 0x00, 0x00, 0x00, 0x00, 0x00, 0x00, 0x00, 0x00, 0x00, 0x00, 0x00, 0x00, 0x00, 
    0x00, 0x00, 0x00, 0x00, 0x00, 0x00, 0x00, 0x00, 0x00, 0x00, 0x00, 0x00, 0x00, 0x00, 0x00, 0x00, 
    0x00, 0x00, 0x00, 0x00, 0x00, 0x00, 0x00, 0x00, 0x00, 0x00, 0x00, 0x00, 0x00, 0x00, 0x00, 0x00, 
    0x00, 0x00, 0x00, 0x00, 0x00, 0x00, 0x00, 0x00, 0x00, 0x00, 0x00, 0x00, 0x00, 0x00, 0x00, 0x00, 
    0x00, 0x7F, 0x00, 0x00, 0x00, 0x00, 0xFE, 0x00, 0x00, 0xFF, 0x80, 0x00, 0x00, 0x01, 0xFF, 0x00, 
    0x00, 0xFE, 0x00, 0x00, 0x00, 0x00, 0xFF, 0x00, 0x00, 0xC0, 0x00, 0x00, 0x00, 0x00, 0x03, 0x00, 
    0x00, 0xE0, 0x00, 0x00, 0x00, 0x00, 0x07, 0x00, 0x00, 0xE0, 0x00, 0x1E, 0x00, 0x00, 0x07, 0x00, 
    0x00, 0xE0, 0x00, 0x7E, 0x0F, 0x00, 0x07, 0x00, 0x00, 0xE0, 0x00, 0xF0, 0x07, 0x00, 0x03, 0x00, 
    0x00, 0x40, 0x00, 0x40, 0x00, 0x00, 0x02, 0x00, 0x00, 0x00, 0x00, 0x00, 0x00, 0x00, 0x00, 0x00, 
    0x00, 0x00, 0x18, 0x00, 0x00, 0x08, 0x00, 0x00, 0x00, 0x00, 0x1C, 0x0E, 0x38, 0x1C, 0x00, 0x00, 
    0x00, 0x00, 0x38, 0x3E, 0x3C, 0x0E, 0x00, 0x00, 0x00, 0x00, 0x70, 0x78, 0x1F, 0x0E, 0x00, 0x00, 
    0x00, 0x00, 0x60, 0xE0, 0x07, 0x87, 0x00, 0x00, 0x00, 0x00, 0xE1, 0xC0, 0x03, 0x83, 0x00, 0x00, 
    0x00, 0x00, 0xE1, 0x80, 0x01, 0xC3, 0x80, 0x00, 0x00, 0x00, 0xC1, 0x87, 0xE0, 0xC3, 0x80, 0x00, 
    0x00, 0x00, 0xC0, 0x0F, 0xF0, 0xE1, 0x80, 0x00, 0x00, 0x00, 0xC0, 0x0E, 0x38, 0x61, 0x80, 0x00, 
    0x00, 0x00, 0x00, 0x1C, 0x18, 0x61, 0x80, 0x00, 0x00, 0x00, 0x07, 0x1C, 0x18, 0x61, 0x80, 0x00, 
    0x00, 0x00, 0x07, 0x1C, 0x18, 0x61, 0x80, 0x00, 0x00, 0x7F, 0xFF, 0xFF, 0xFF, 0xFF, 0xFF, 0x00, 
    0x00, 0x7F, 0xFF, 0xFF, 0xFF, 0xFF, 0xFF, 0x00, 0x00, 0x01, 0xC7, 0x1C, 0x18, 0x71, 0xC0, 0x00, 
    0x00, 0x01, 0xC7, 0x1C, 0x18, 0x61, 0x80, 0x00, 0x00, 0x01, 0xC7, 0x1C, 0x18, 0x01, 0x80, 0x00, 
    0x00, 0x01, 0xC7, 0x08, 0x18, 0x00, 0x00, 0x00, 0x00, 0x01, 0xC7, 0x00, 0x18, 0x00, 0x00, 0x00, 
    0x00, 0x01, 0xC7, 0x00, 0x18, 0x00, 0x00, 0x00, 0x00, 0x01, 0xC7, 0x00, 0x18, 0x00, 0x00, 0x00, 
    0x00, 0x01, 0xC7, 0x00, 0x08, 0x61, 0x80, 0x00, 0x00, 0x01, 0xC7, 0x1C, 0x00, 0x61, 0x80, 0x00, 
    0x00, 0x01, 0xC7, 0x1C, 0x00, 0x61, 0x80, 0x00, 0x00, 0x01, 0xC7, 0x1C, 0x00, 0x60, 0x00, 0x00, 
    0x00, 0x01, 0xC0, 0x1C, 0x00, 0x60, 0x00, 0x00, 0x00, 0x01, 0xC0, 0x1C, 0x18, 0x60, 0x00, 0x00, 
    0x00, 0x01, 0xC0, 0x1C, 0x18, 0x60, 0x00, 0x00, 0x00, 0x60, 0xF8, 0x1C, 0x18, 0x61, 0x82, 0x00, 
    0x00, 0xE0, 0x78, 0x1C, 0x1C, 0x61, 0x87, 0x00, 0x00, 0xE0, 0x00, 0x1C, 0x1F, 0xE1, 0x87, 0x00, 
    0x00, 0xE0, 0x00, 0x1C, 0x0F, 0xC1, 0x87, 0x00, 0x00, 0xE0, 0x00, 0x00, 0x03, 0x00, 0x07, 0x00, 
    0x00, 0xE0, 0x00, 0x00, 0x00, 0x00, 0x07, 0x00, 0x00, 0xFF, 0x00, 0x00, 0x00, 0x00, 0xFF, 0x00, 
    0x00, 0xFF, 0x80, 0x00, 0x00, 0x01, 0xFF, 0x00, 0x00, 0x7F, 0x00, 0x00, 0x00, 0x00, 0xFE, 0x00, 
    0x00, 0x00, 0x00, 0x00, 0x00, 0x00, 0x00, 0x00, 0x00, 0x00, 0x00, 0x00, 0x00, 0x00, 0x00, 0x00, 
    0x00, 0x00, 0x00, 0x00, 0x00, 0x00, 0x00, 0x00, 0x00, 0x00, 0x00, 0x00, 0x00, 0x00, 0x00, 0x00, 
    0x00, 0x00, 0x00, 0x00, 0x00, 0x00, 0x00, 0x00, 0x00, 0x00, 0x00, 0x00, 0x00, 0x00, 0x00, 0x00, 
    0x00, 0x00, 0x00, 0x00, 0x00, 0x00, 0x00, 0x00, 0x00, 0x00, 0x00, 0x00, 0x00, 0x00, 0x00, 0x00, 
      },
  {
    0x00, 0x00, 0x00, 0x00, 0x00, 0x00, 0x00, 0x00, 0x00, 0x00, 0x00, 0x00, 0x00, 0x00, 0x00, 0x00, 
    0x00, 0x00, 0x00, 0x00, 0x00, 0x00, 0x00, 0x00, 0x00, 0x00, 0x00, 0x00, 0x00, 0x00, 0x00, 0x00, 
    0x00, 0x00, 0x00, 0x00, 0x00, 0x00, 0x00, 0x00, 0x00, 0x00, 0x00, 0x00, 0x00, 0x00, 0x00, 0x00, 
    0x00, 0x00, 0x00, 0x00, 0x00, 0x00, 0x00, 0x00, 0x00, 0x00, 0x00, 0x00, 0x00, 0x00, 0x00, 0x00, 
    0x00, 0x7F, 0x00, 0x00, 0x00, 0x00, 0xFE, 0x00, 0x00, 0xFF, 0x80, 0x00, 0x00, 0x01, 0xFF, 0x00, 
    0x00, 0xFF, 0x00, 0x00, 0x00, 0x00, 0xFF, 0x00, 0x00, 0xE0, 0x00, 0x00, 0x00, 0x00, 0x07, 0x00, 
    0x00, 0xE0, 0x00, 0x00, 0x00, 0x00, 0x07, 0x00, 0x00, 0xE0, 0x00, 0x1E, 0x00, 0x00, 0x07, 0x00, 
    0x00, 0xE0, 0x00, 0x7E, 0x0F, 0x00, 0x07, 0x00, 0x00, 0xE0, 0x00, 0xF0, 0x07, 0x00, 0x07, 0x00, 
    0x00, 0x40, 0x00, 0x40, 0x00, 0x00, 0x02, 0x00, 0x00, 0x00, 0x00, 0x00, 0x00, 0x00, 0x00, 0x00, 
    0x00, 0x00, 0x18, 0x00, 0x00, 0x08, 0x00, 0x00, 0x00, 0x00, 0x1C, 0x0E, 0x38, 0x1C, 0x00, 0x00, 
    0x00, 0x00, 0x38, 0x3E, 0x3C, 0x0E, 0x00, 0x00, 0x00, 0x00, 0x70, 0x78, 0x1F, 0x0E, 0x00, 0x00, 
    0x00, 0x00, 0x60, 0xE0, 0x07, 0x87, 0x00, 0x00, 0x00, 0x00, 0xE1, 0xC0, 0x03, 0x83, 0x00, 0x00, 
    0x00, 0x00, 0xE1, 0x80, 0x01, 0xC3, 0x80, 0x00, 0x00, 0x00, 0xC1, 0x87, 0xE0, 0xC3, 0x80, 0x00, 
    0x00, 0x00, 0xC0, 0x0F, 0xF0, 0xE1, 0x80, 0x00, 0x00, 0x00, 0xC0, 0x0E, 0x38, 0x61, 0x80, 0x00, 
    0x00, 0x00, 0x00, 0x1C, 0x18, 0x61, 0x80, 0x00, 0x00, 0x00, 0x07, 0x1C, 0x18, 0x61, 0x80, 0x00, 
    0x00, 0x00, 0x07, 0x1C, 0x18, 0x61, 0x80, 0x00, 0x00, 0x7F, 0xFF, 0xFF, 0xFF, 0xFF, 0xFF, 0x00, 
    0x00, 0x7F, 0xFF, 0xFF, 0xFF, 0xFF, 0xFF, 0x00, 0x00, 0x01, 0xC7, 0x1C, 0x18, 0x71, 0xC0, 0x00, 
    0x00, 0x01, 0xC7, 0x1C, 0x18, 0x61, 0x80, 0x00, 0x00, 0x01, 0xC7, 0x1C, 0x18, 0x01, 0x80, 0x00, 
    0x00, 0x01, 0xC7, 0x08, 0x18, 0x00, 0x00, 0x00, 0x00, 0x01, 0xC7, 0x00, 0x18, 0x00, 0x00, 0x00, 
    0x00, 0x01, 0xC7, 0x00, 0x18, 0x00, 0x00, 0x00, 0x00, 0x01, 0xC7, 0x00, 0x18, 0x00, 0x00, 0x00, 
    0x00, 0x01, 0xC7, 0x00, 0x08, 0x61, 0x80, 0x00, 0x00, 0x01, 0xC7, 0x1C, 0x00, 0x61, 0x80, 0x00, 
    0x00, 0x01, 0xC7, 0x1C, 0x00, 0x61, 0x80, 0x00, 0x00, 0x01, 0xC7, 0x1C, 0x00, 0x60, 0x00, 0x00, 
    0x00, 0x01, 0xC0, 0x1C, 0x00, 0x60, 0x00, 0x00, 0x00, 0x01, 0xC0, 0x1C, 0x18, 0x60, 0x00, 0x00, 
    0x00, 0x01, 0xC0, 0x1C, 0x18, 0x60, 0x00, 0x00, 0x00, 0x60, 0xF8, 0x1C, 0x18, 0x61, 0x82, 0x00, 
    0x00, 0x60, 0x78, 0x1C, 0x1C, 0x61, 0x87, 0x00, 0x00, 0x60, 0x00, 0x1C, 0x1F, 0xE1, 0x87, 0x00, 
    0x00, 0x60, 0x00, 0x1C, 0x0F, 0xC1, 0x87, 0x00, 0x00, 0x60, 0x00, 0x00, 0x03, 0x00, 0x07, 0x00, 
    0x00, 0x60, 0x00, 0x00, 0x00, 0x00, 0x07, 0x00, 0x00, 0x7F, 0x80, 0x00, 0x00, 0x00, 0xFF, 0x00, 
    0x00, 0x7F, 0x80, 0x00, 0x00, 0x01, 0xFF, 0x00, 0x00, 0x3F, 0x00, 0x00, 0x00, 0x00, 0xFE, 0x00, 
    0x00, 0x00, 0x00, 0x00, 0x00, 0x00, 0x00, 0x00, 0x00, 0x00, 0x00, 0x00, 0x00, 0x00, 0x00, 0x00, 
    0x00, 0x00, 0x00, 0x00, 0x00, 0x00, 0x00, 0x00, 0x00, 0x00, 0x00, 0x00, 0x00, 0x00, 0x00, 0x00, 
    0x00, 0x00, 0x00, 0x00, 0x00, 0x00, 0x00, 0x00, 0x00, 0x00, 0x00, 0x00, 0x00, 0x00, 0x00, 0x00, 
    0x00, 0x00, 0x00, 0x00, 0x00, 0x00, 0x00, 0x00, 0x00, 0x00, 0x00, 0x00, 0x00, 0x00, 0x00, 0x00, 
      },
  {
    0x00, 0x00, 0x00, 0x00, 0x00, 0x00, 0x00, 0x00, 0x00, 0x00, 0x00, 0x00, 0x00, 0x00, 0x00, 0x00, 
    0x00, 0x00, 0x00, 0x00, 0x00, 0x00, 0x00, 0x00, 0x00, 0x00, 0x00, 0x00, 0x00, 0x00, 0x00, 0x00, 
    0x00, 0x00, 0x00, 0x00, 0x00, 0x00, 0x00, 0x00, 0x00, 0x00, 0x00, 0x00, 0x00, 0x00, 0x00, 0x00, 
    0x00, 0x00, 0x00, 0x00, 0x00, 0x00, 0x00, 0x00, 0x00, 0x00, 0x00, 0x00, 0x00, 0x00, 0x00, 0x00, 
    0x00, 0x00, 0x00, 0x00, 0x00, 0x00, 0xFC, 0x00, 0x00, 0x7F, 0x80, 0x00, 0x00, 0x01, 0xFE, 0x00, 
    0x00, 0x7F, 0x80, 0x00, 0x00, 0x01, 0xFF, 0x00, 0x00, 0x60, 0x00, 0x00, 0x00, 0x00, 0x07, 0x00, 
    0x00, 0x60, 0x00, 0x00, 0x00, 0x00, 0x07, 0x00, 0x00, 0x60, 0x00, 0x1E, 0x00, 0x00, 0x07, 0x00, 
    0x00, 0x60, 0x00, 0x7E, 0x0F, 0x00, 0x07, 0x00, 0x00, 0x60, 0x00, 0xF0, 0x07, 0x00, 0x07, 0x00, 
    0x00, 0x60, 0x00, 0x40, 0x00, 0x00, 0x06, 0x00, 0x00, 0x00, 0x00, 0x00, 0x00, 0x00, 0x00, 0x00, 
    0x00, 0x00, 0x18, 0x00, 0x00, 0x08, 0x00, 0x00, 0x00, 0x00, 0x1C, 0x0E, 0x38, 0x1C, 0x00, 0x00, 
    0x00, 0x00, 0x38, 0x3E, 0x3C, 0x0E, 0x00, 0x00, 0x00, 0x00, 0x70, 0x78, 0x1F, 0x0E, 0x00, 0x00, 
    0x00, 0x00, 0x60, 0xE0, 0x07, 0x87, 0x00, 0x00, 0x00, 0x00, 0xE1, 0xC0, 0x03, 0x83, 0x00, 0x00, 
    0x00, 0x00, 0xE1, 0x80, 0x01, 0xC3, 0x80, 0x00, 0x00, 0x00, 0xC1, 0x87, 0xE0, 0xC3, 0x80, 0x00, 
    0x00, 0x00, 0xC0, 0x0F, 0xF0, 0xE1, 0x80, 0x00, 0x00, 0x00, 0xC0, 0x0E, 0x38, 0x61, 0x80, 0x00, 
    0x00, 0x00, 0x00, 0x1C, 0x18, 0x61, 0x80, 0x00, 0x00, 0x00, 0x07, 0x1C, 0x18, 0x61, 0x80, 0x00, 
    0x00, 0x00, 0x07, 0x1C, 0x18, 0x61, 0x80, 0x00, 0x00, 0x7F, 0xFF, 0xFF, 0xFF, 0xFF, 0xFF, 0x00, 
    0x00, 0x7F, 0xFF, 0xFF, 0xFF, 0xFF, 0xFF, 0x00, 0x00, 0x01, 0xC7, 0x1C, 0x18, 0x71, 0xC0, 0x00, 
    0x00, 0x01, 0xC7, 0x1C, 0x18, 0x61, 0x80, 0x00, 0x00, 0x01, 0xC7, 0x1C, 0x18, 0x01, 0x80, 0x00, 
    0x00, 0x01, 0xC7, 0x08, 0x18, 0x00, 0x00, 0x00, 0x00, 0x01, 0xC7, 0x00, 0x18, 0x00, 0x00, 0x00, 
    0x00, 0x01, 0xC7, 0x00, 0x18, 0x00, 0x00, 0x00, 0x00, 0x01, 0xC7, 0x00, 0x18, 0x00, 0x00, 0x00, 
    0x00, 0x01, 0xC7, 0x00, 0x08, 0x61, 0x80, 0x00, 0x00, 0x01, 0xC7, 0x1C, 0x00, 0x61, 0x80, 0x00, 
    0x00, 0x01, 0xC7, 0x1C, 0x00, 0x61, 0x80, 0x00, 0x00, 0x01, 0xC7, 0x1C, 0x00, 0x60, 0x00, 0x00, 
    0x00, 0x01, 0xC0, 0x1C, 0x00, 0x60, 0x00, 0x00, 0x00, 0x01, 0xC0, 0x1C, 0x18, 0x60, 0x00, 0x00, 
    0x00, 0x01, 0xC0, 0x1C, 0x18, 0x60, 0x00, 0x00, 0x00, 0x60, 0xF8, 0x1C, 0x18, 0x61, 0x82, 0x00, 
    0x00, 0x60, 0x78, 0x1C, 0x1C, 0x61, 0x87, 0x00, 0x00, 0x60, 0x00, 0x1C, 0x1F, 0xE1, 0x87, 0x00, 
    0x00, 0x60, 0x00, 0x1C, 0x0F, 0xC1, 0x87, 0x00, 0x00, 0x60, 0x00, 0x00, 0x03, 0x00, 0x07, 0x00, 
    0x00, 0x60, 0x00, 0x00, 0x00, 0x00, 0x07, 0x00, 0x00, 0x7F, 0x80, 0x00, 0x00, 0x00, 0xFF, 0x00, 
    0x00, 0x7F, 0x80, 0x00, 0x00, 0x01, 0xFF, 0x00, 0x00, 0x00, 0x00, 0x00, 0x00, 0x00, 0xFE, 0x00, 
    0x00, 0x00, 0x00, 0x00, 0x00, 0x00, 0x00, 0x00, 0x00, 0x00, 0x00, 0x00, 0x00, 0x00, 0x00, 0x00, 
    0x00, 0x00, 0x00, 0x00, 0x00, 0x00, 0x00, 0x00, 0x00, 0x00, 0x00, 0x00, 0x00, 0x00, 0x00, 0x00, 
    0x00, 0x00, 0x00, 0x00, 0x00, 0x00, 0x00, 0x00, 0x00, 0x00, 0x00, 0x00, 0x00, 0x00, 0x00, 0x00, 
    0x00, 0x00, 0x00, 0x00, 0x00, 0x00, 0x00, 0x00, 0x00, 0x00, 0x00, 0x00, 0x00, 0x00, 0x00, 0x00, 
      },
  {
    0x00, 0x00, 0x00, 0x00, 0x00, 0x00, 0x00, 0x00, 0x00, 0x00, 0x00, 0x00, 0x00, 0x00, 0x00, 0x00, 
    0x00, 0x00, 0x00, 0x00, 0x00, 0x00, 0x00, 0x00, 0x00, 0x00, 0x00, 0x00, 0x00, 0x00, 0x00, 0x00, 
    0x00, 0x00, 0x00, 0x00, 0x00, 0x00, 0x00, 0x00, 0x00, 0x00, 0x00, 0x00, 0x00, 0x00, 0x00, 0x00, 
    0x00, 0x00, 0x00, 0x00, 0x00, 0x00, 0x00, 0x00, 0x00, 0x00, 0x00, 0x00, 0x00, 0x00, 0x00, 0x00, 
    0x00, 0x00, 0x00, 0x00, 0x00, 0x00, 0x00, 0x00, 0x00, 0x7F, 0x80, 0x00, 0x00, 0x01, 0xFE, 0x00, 
    0x00, 0x7F, 0x80, 0x00, 0x00, 0x01, 0xFE, 0x00, 0x00, 0x60, 0x00, 0x00, 0x00, 0x00, 0x06, 0x00, 
    0x00, 0x60, 0x00, 0x00, 0x00, 0x00, 0x06, 0x00, 0x00, 0x60, 0x00, 0x1E, 0x00, 0x00, 0x06, 0x00, 
    0x00, 0x60, 0x00, 0x7E, 0x0F, 0x00, 0x06, 0x00, 0x00, 0x60, 0x00, 0xF0, 0x07, 0x00, 0x06, 0x00, 
    0x00, 0x60, 0x00, 0x40, 0x00, 0x00, 0x06, 0x00, 0x00, 0x00, 0x00, 0x00, 0x00, 0x00, 0x00, 0x00, 
    0x00, 0x00, 0x18, 0x00, 0x00, 0x08, 0x00, 0x00, 0x00, 0x00, 0x1C, 0x0E, 0x38, 0x1C, 0x00, 0x00, 
    0x00, 0x00, 0x38, 0x3E, 0x3C, 0x0E, 0x00, 0x00, 0x00, 0x00, 0x70, 0x78, 0x1F, 0x0E, 0x00, 0x00, 
    0x00, 0x00, 0x60, 0xE0, 0x07, 0x87, 0x00, 0x00, 0x00, 0x00, 0xE1, 0xC0, 0x03, 0x83, 0x00, 0x00, 
    0x00, 0x00, 0xE1, 0x80, 0x01, 0xC3, 0x80, 0x00, 0x00, 0x00, 0xC1, 0x87, 0xE0, 0xC3, 0x80, 0x00, 
    0x00, 0x00, 0xC0, 0x0F, 0xF0, 0xE1, 0x80, 0x00, 0x00, 0x00, 0xC0, 0x0E, 0x38, 0x61, 0x80, 0x00, 
    0x00, 0x00, 0x00, 0x1C, 0x18, 0x61, 0x80, 0x00, 0x00, 0x00, 0x07, 0x1C, 0x18, 0x61, 0x80, 0x00, 
    0x00, 0x00, 0x07, 0x1C, 0x18, 0x61, 0x80, 0x00, 0x00, 0x7F, 0xFF, 0xFF, 0xFF, 0xFF, 0xFF, 0x00, 
    0x00, 0x7F, 0xFF, 0xFF, 0xFF, 0xFF, 0xFF, 0x00, 0x00, 0x01, 0xC7, 0x1C, 0x18, 0x71, 0xC0, 0x00, 
    0x00, 0x01, 0xC7, 0x1C, 0x18, 0x61, 0x80, 0x00, 0x00, 0x01, 0xC7, 0x1C, 0x18, 0x01, 0x80, 0x00, 
    0x00, 0x01, 0xC7, 0x08, 0x18, 0x00, 0x00, 0x00, 0x00, 0x01, 0xC7, 0x00, 0x18, 0x00, 0x00, 0x00, 
    0x00, 0x01, 0xC7, 0x00, 0x18, 0x00, 0x00, 0x00, 0x00, 0x01, 0xC7, 0x00, 0x18, 0x00, 0x00, 0x00, 
    0x00, 0x01, 0xC7, 0x00, 0x08, 0x61, 0x80, 0x00, 0x00, 0x01, 0xC7, 0x1C, 0x00, 0x61, 0x80, 0x00, 
    0x00, 0x01, 0xC7, 0x1C, 0x00, 0x61, 0x80, 0x00, 0x00, 0x01, 0xC7, 0x1C, 0x00, 0x60, 0x00, 0x00, 
    0x00, 0x01, 0xC0, 0x1C, 0x00, 0x60, 0x00, 0x00, 0x00, 0x01, 0xC0, 0x1C, 0x18, 0x60, 0x00, 0x00, 
    0x00, 0x01, 0xC0, 0x1C, 0x18, 0x60, 0x00, 0x00, 0x00, 0x60, 0xF8, 0x1C, 0x18, 0x61, 0x82, 0x00, 
    0x00, 0x60, 0x78, 0x1C, 0x1C, 0x61, 0x87, 0x00, 0x00, 0x60, 0x00, 0x1C, 0x1F, 0xE1, 0x87, 0x00, 
    0x00, 0x60, 0x00, 0x1C, 0x0F, 0xC1, 0x87, 0x00, 0x00, 0x60, 0x00, 0x00, 0x03, 0x00, 0x07, 0x00, 
    0x00, 0x60, 0x00, 0x00, 0x00, 0x00, 0x07, 0x00, 0x00, 0x7F, 0x80, 0x00, 0x00, 0x00, 0xFF, 0x00, 
    0x00, 0x7F, 0x80, 0x00, 0x00, 0x01, 0xFF, 0x00, 0x00, 0x00, 0x00, 0x00, 0x00, 0x00, 0xFE, 0x00, 
    0x00, 0x00, 0x00, 0x00, 0x00, 0x00, 0x00, 0x00, 0x00, 0x00, 0x00, 0x00, 0x00, 0x00, 0x00, 0x00, 
    0x00, 0x00, 0x00, 0x00, 0x00, 0x00, 0x00, 0x00, 0x00, 0x00, 0x00, 0x00, 0x00, 0x00, 0x00, 0x00, 
    0x00, 0x00, 0x00, 0x00, 0x00, 0x00, 0x00, 0x00, 0x00, 0x00, 0x00, 0x00, 0x00, 0x00, 0x00, 0x00, 
    0x00, 0x00, 0x00, 0x00, 0x00, 0x00, 0x00, 0x00, 0x00, 0x00, 0x00, 0x00, 0x00, 0x00, 0x00, 0x00, 
      },
  {
    0x00, 0x00, 0x00, 0x00, 0x00, 0x00, 0x00, 0x00, 0x00, 0x00, 0x00, 0x00, 0x00, 0x00, 0x00, 0x00, 
    0x00, 0x00, 0x00, 0x00, 0x00, 0x00, 0x00, 0x00, 0x00, 0x00, 0x00, 0x00, 0x00, 0x00, 0x00, 0x00, 
    0x00, 0x00, 0x00, 0x00, 0x00, 0x00, 0x00, 0x00, 0x00, 0x00, 0x00, 0x00, 0x00, 0x00, 0x00, 0x00, 
    0x00, 0x00, 0x00, 0x00, 0x00, 0x00, 0x00, 0x00, 0x00, 0x00, 0x00, 0x00, 0x00, 0x00, 0x00, 0x00, 
    0x00, 0x00, 0x00, 0x00, 0x00, 0x00, 0x00, 0x00, 0x00, 0x7F, 0x80, 0x00, 0x00, 0x01, 0xFE, 0x00, 
    0x00, 0x7F, 0x80, 0x00, 0x00, 0x01, 0xFE, 0x00, 0x00, 0x60, 0x00, 0x00, 0x00, 0x00, 0x06, 0x00, 
    0x00, 0x60, 0x00, 0x00, 0x00, 0x00, 0x06, 0x00, 0x00, 0x60, 0x00, 0x1E, 0x00, 0x00, 0x06, 0x00, 
    0x00, 0x60, 0x00, 0x7E, 0x0F, 0x00, 0x06, 0x00, 0x00, 0x60, 0x00, 0xF0, 0x07, 0x00, 0x06, 0x00, 
    0x00, 0x60, 0x00, 0x40, 0x00, 0x00, 0x06, 0x00, 0x00, 0x00, 0x00, 0x00, 0x00, 0x00, 0x00, 0x00, 
    0x00, 0x00, 0x18, 0x00, 0x00, 0x08, 0x00, 0x00, 0x00, 0x00, 0x1C, 0x0E, 0x38, 0x1C, 0x00, 0x00, 
    0x00, 0x00, 0x38, 0x3E, 0x3C, 0x0E, 0x00, 0x00, 0x00, 0x00, 0x70, 0x78, 0x1F, 0x0E, 0x00, 0x00, 
    0x00, 0x00, 0x60, 0xE0, 0x07, 0x87, 0x00, 0x00, 0x00, 0x00, 0xE1, 0xC0, 0x03, 0x83, 0x00, 0x00, 
    0x00, 0x00, 0xE1, 0x80, 0x01, 0xC3, 0x80, 0x00, 0x00, 0x00, 0xC1, 0x87, 0xE0, 0xC3, 0x80, 0x00, 
    0x00, 0x00, 0xC0, 0x0F, 0xF0, 0xE1, 0x80, 0x00, 0x00, 0x00, 0xC0, 0x0E, 0x38, 0x61, 0x80, 0x00, 
    0x00, 0x00, 0x00, 0x1C, 0x18, 0x61, 0x80, 0x00, 0x00, 0x00, 0x07, 0x1C, 0x18, 0x61, 0x80, 0x00, 
    0x00, 0x00, 0x07, 0x1C, 0x18, 0x61, 0x80, 0x00, 0x00, 0x7F, 0xFF, 0xFF, 0xFF, 0xFF, 0xFF, 0x00, 
    0x00, 0x7F, 0xFF, 0xFF, 0xFF, 0xFF, 0xFF, 0x00, 0x00, 0x01, 0xC7, 0x1C, 0x18, 0x71, 0xC0, 0x00, 
    0x00, 0x01, 0xC7, 0x1C, 0x18, 0x61, 0x80, 0x00, 0x00, 0x01, 0xC7, 0x1C, 0x18, 0x01, 0x80, 0x00, 
    0x00, 0x01, 0xC7, 0x08, 0x18, 0x00, 0x00, 0x00, 0x00, 0x01, 0xC7, 0x00, 0x18, 0x00, 0x00, 0x00, 
    0x00, 0x01, 0xC7, 0x00, 0x18, 0x00, 0x00, 0x00, 0x00, 0x01, 0xC7, 0x00, 0x18, 0x00, 0x00, 0x00, 
    0x00, 0x01, 0xC7, 0x00, 0x08, 0x61, 0x80, 0x00, 0x00, 0x01, 0xC7, 0x1C, 0x00, 0x61, 0x80, 0x00, 
    0x00, 0x01, 0xC7, 0x1C, 0x00, 0x61, 0x80, 0x00, 0x00, 0x01, 0xC7, 0x1C, 0x00, 0x60, 0x00, 0x00, 
    0x00, 0x01, 0xC0, 0x1C, 0x00, 0x60, 0x00, 0x00, 0x00, 0x01, 0xC0, 0x1C, 0x18, 0x60, 0x00, 0x00, 
    0x00, 0x01, 0xC0, 0x1C, 0x18, 0x60, 0x00, 0x00, 0x00, 0x60, 0xF8, 0x1C, 0x18, 0x61, 0x82, 0x00, 
    0x00, 0x60, 0x78, 0x1C, 0x1C, 0x61, 0x87, 0x00, 0x00, 0x60, 0x00, 0x1C, 0x1F, 0xE1, 0x87, 0x00, 
    0x00, 0x60, 0x00, 0x1C, 0x0F, 0xC1, 0x87, 0x00, 0x00, 0x60, 0x00, 0x00, 0x03, 0x00, 0x07, 0x00, 
    0x00, 0x60, 0x00, 0x00, 0x00, 0x00, 0x07, 0x00, 0x00, 0x7F, 0x80, 0x00, 0x00, 0x00, 0xFF, 0x00, 
    0x00, 0x7F, 0x80, 0x00, 0x00, 0x01, 0xFF, 0x00, 0x00, 0x00, 0x00, 0x00, 0x00, 0x00, 0xFE, 0x00, 
    0x00, 0x00, 0x00, 0x00, 0x00, 0x00, 0x00, 0x00, 0x00, 0x00, 0x00, 0x00, 0x00, 0x00, 0x00, 0x00, 
    0x00, 0x00, 0x00, 0x00, 0x00, 0x00, 0x00, 0x00, 0x00, 0x00, 0x00, 0x00, 0x00, 0x00, 0x00, 0x00, 
    0x00, 0x00, 0x00, 0x00, 0x00, 0x00, 0x00, 0x00, 0x00, 0x00, 0x00, 0x00, 0x00, 0x00, 0x00, 0x00, 
    0x00, 0x00, 0x00, 0x00, 0x00, 0x00, 0x00, 0x00, 0x00, 0x00, 0x00, 0x00, 0x00, 0x00, 0x00, 0x00, 
      },
  {
    0x00, 0x00, 0x00, 0x00, 0x00, 0x00, 0x00, 0x00, 0x00, 0x00, 0x00, 0x00, 0x00, 0x00, 0x00, 0x00, 
    0x00, 0x00, 0x00, 0x00, 0x00, 0x00, 0x00, 0x00, 0x00, 0x00, 0x00, 0x00, 0x00, 0x00, 0x00, 0x00, 
    0x00, 0x00, 0x00, 0x00, 0x00, 0x00, 0x00, 0x00, 0x00, 0x00, 0x00, 0x00, 0x00, 0x00, 0x00, 0x00, 
    0x00, 0x00, 0x00, 0x00, 0x00, 0x00, 0x00, 0x00, 0x00, 0x00, 0x00, 0x00, 0x00, 0x00, 0x00, 0x00, 
    0x00, 0x00, 0x00, 0x00, 0x00, 0x00, 0x00, 0x00, 0x00, 0x7F, 0x80, 0x00, 0x00, 0x01, 0xFE, 0x00, 
    0x00, 0x7F, 0x80, 0x00, 0x00, 0x01, 0xFE, 0x00, 0x00, 0x60, 0x00, 0x00, 0x00, 0x00, 0x06, 0x00, 
    0x00, 0x60, 0x00, 0x00, 0x00, 0x00, 0x06, 0x00, 0x00, 0x60, 0x00, 0x1E, 0x00, 0x00, 0x06, 0x00, 
    0x00, 0x60, 0x00, 0x7E, 0x0F, 0x00, 0x06, 0x00, 0x00, 0x60, 0x00, 0xF0, 0x07, 0x00, 0x06, 0x00, 
    0x00, 0x60, 0x00, 0x40, 0x00, 0x00, 0x06, 0x00, 0x00, 0x00, 0x00, 0x00, 0x00, 0x00, 0x00, 0x00, 
    0x00, 0x00, 0x18, 0x00, 0x00, 0x08, 0x00, 0x00, 0x00, 0x00, 0x1C, 0x0E, 0x38, 0x1C, 0x00, 0x00, 
    0x00, 0x00, 0x38, 0x3E, 0x3C, 0x0E, 0x00, 0x00, 0x00, 0x00, 0x70, 0x78, 0x1F, 0x0E, 0x00, 0x00, 
    0x00, 0x00, 0x60, 0xE0, 0x07, 0x87, 0x00, 0x00, 0x00, 0x00, 0xE1, 0xC0, 0x03, 0x83, 0x00, 0x00, 
    0x00, 0x00, 0xE1, 0x80, 0x01, 0xC3, 0x80, 0x00, 0x00, 0x00, 0xC1, 0x87, 0xE0, 0xC3, 0x80, 0x00, 
    0x00, 0x00, 0xC0, 0x0F, 0xF0, 0xE1, 0x80, 0x00, 0x00, 0x00, 0xC0, 0x0E, 0x38, 0x61, 0x80, 0x00, 
    0x00, 0x00, 0x00, 0x1C, 0x18, 0x61, 0x80, 0x00, 0x00, 0x00, 0x07, 0x1C, 0x18, 0x61, 0x80, 0x00, 
    0x00, 0x00, 0x07, 0x1C, 0x18, 0x61, 0x80, 0x00, 0x00, 0x7F, 0xFF, 0xFF, 0xFF, 0xFF, 0xFF, 0x00, 
    0x00, 0x7F, 0xFF, 0xFF, 0xFF, 0xFF, 0xFF, 0x00, 0x00, 0x01, 0xC7, 0x1C, 0x18, 0x71, 0xC0, 0x00, 
    0x00, 0x01, 0xC7, 0x1C, 0x18, 0x61, 0x80, 0x00, 0x00, 0x01, 0xC7, 0x1C, 0x18, 0x01, 0x80, 0x00, 
    0x00, 0x01, 0xC7, 0x08, 0x18, 0x00, 0x00, 0x00, 0x00, 0x01, 0xC7, 0x00, 0x18, 0x00, 0x00, 0x00, 
    0x00, 0x01, 0xC7, 0x00, 0x18, 0x00, 0x00, 0x00, 0x00, 0x01, 0xC7, 0x00, 0x18, 0x00, 0x00, 0x00, 
    0x00, 0x01, 0xC7, 0x00, 0x08, 0x61, 0x80, 0x00, 0x00, 0x01, 0xC7, 0x1C, 0x00, 0x61, 0x80, 0x00, 
    0x00, 0x01, 0xC7, 0x1C, 0x00, 0x61, 0x80, 0x00, 0x00, 0x01, 0xC7, 0x1C, 0x00, 0x60, 0x00, 0x00, 
    0x00, 0x01, 0xC0, 0x1C, 0x00, 0x60, 0x00, 0x00, 0x00, 0x01, 0xC0, 0x1C, 0x18, 0x60, 0x00, 0x00, 
    0x00, 0x01, 0xC0, 0x1C, 0x18, 0x60, 0x00, 0x00, 0x00, 0x60, 0xF8, 0x1C, 0x18, 0x61, 0x82, 0x00, 
    0x00, 0x60, 0x78, 0x1C, 0x1C, 0x61, 0x87, 0x00, 0x00, 0x60, 0x00, 0x1C, 0x1F, 0xE1, 0x87, 0x00, 
    0x00, 0x60, 0x00, 0x1C, 0x0F, 0xC1, 0x87, 0x00, 0x00, 0x60, 0x00, 0x00, 0x03, 0x00, 0x07, 0x00, 
    0x00, 0x60, 0x00, 0x00, 0x00, 0x00, 0x07, 0x00, 0x00, 0x7F, 0x80, 0x00, 0x00, 0x00, 0xFF, 0x00, 
    0x00, 0x7F, 0x80, 0x00, 0x00, 0x01, 0xFF, 0x00, 0x00, 0x00, 0x00, 0x00, 0x00, 0x00, 0xFE, 0x00, 
    0x00, 0x00, 0x00, 0x00, 0x00, 0x00, 0x00, 0x00, 0x00, 0x00, 0x00, 0x00, 0x00, 0x00, 0x00, 0x00, 
    0x00, 0x00, 0x00, 0x00, 0x00, 0x00, 0x00, 0x00, 0x00, 0x00, 0x00, 0x00, 0x00, 0x00, 0x00, 0x00, 
    0x00, 0x00, 0x00, 0x00, 0x00, 0x00, 0x00, 0x00, 0x00, 0x00, 0x00, 0x00, 0x00, 0x00, 0x00, 0x00, 
    0x00, 0x00, 0x00, 0x00, 0x00, 0x00, 0x00, 0x00, 0x00, 0x00, 0x00, 0x00, 0x00, 0x00, 0x00, 0x00, 
      },
  {
    0x00, 0x00, 0x00, 0x00, 0x00, 0x00, 0x00, 0x00, 0x00, 0x00, 0x00, 0x00, 0x00, 0x00, 0x00, 0x00, 
    0x00, 0x00, 0x00, 0x00, 0x00, 0x00, 0x00, 0x00, 0x00, 0x00, 0x00, 0x00, 0x00, 0x00, 0x00, 0x00, 
    0x00, 0x00, 0x00, 0x00, 0x00, 0x00, 0x00, 0x00, 0x00, 0x00, 0x00, 0x00, 0x00, 0x00, 0x00, 0x00, 
    0x00, 0x00, 0x00, 0x00, 0x00, 0x00, 0x00, 0x00, 0x00, 0x00, 0x00, 0x00, 0x00, 0x00, 0x00, 0x00, 
    0x00, 0x00, 0x00, 0x00, 0x00, 0x00, 0x00, 0x00, 0x00, 0x7F, 0x80, 0x00, 0x00, 0x01, 0xFE, 0x00, 
    0x00, 0x7F, 0x80, 0x00, 0x00, 0x01, 0xFE, 0x00, 0x00, 0x60, 0x00, 0x00, 0x00, 0x00, 0x06, 0x00, 
    0x00, 0x60, 0x00, 0x00, 0x00, 0x00, 0x06, 0x00, 0x00, 0x60, 0x00, 0x1E, 0x00, 0x00, 0x06, 0x00, 
    0x00, 0x60, 0x00, 0x7E, 0x0F, 0x00, 0x06, 0x00, 0x00, 0x60, 0x00, 0xF0, 0x07, 0x00, 0x06, 0x00, 
    0x00, 0x60, 0x00, 0x40, 0x00, 0x00, 0x06, 0x00, 0x00, 0x00, 0x00, 0x00, 0x00, 0x00, 0x00, 0x00, 
    0x00, 0x00, 0x18, 0x00, 0x00, 0x08, 0x00, 0x00, 0x00, 0x00, 0x1C, 0x0E, 0x38, 0x1C, 0x00, 0x00, 
    0x00, 0x00, 0x38, 0x3E, 0x3C, 0x0E, 0x00, 0x00, 0x00, 0x00, 0x70, 0x78, 0x1F, 0x0E, 0x00, 0x00, 
    0x00, 0x00, 0x60, 0xE0, 0x07, 0x87, 0x00, 0x00, 0x00, 0x00, 0xE1, 0xC0, 0x03, 0x83, 0x00, 0x00, 
    0x00, 0x00, 0xE1, 0x80, 0x01, 0xC3, 0x80, 0x00, 0x00, 0x00, 0xC1, 0x87, 0xE0, 0xC3, 0x80, 0x00, 
    0x00, 0x00, 0xC0, 0x0F, 0xF0, 0xE1, 0x80, 0x00, 0x00, 0x3F, 0xFF, 0xFF, 0xFF, 0xFF, 0xFE, 0x00, 
    0x00, 0x3F, 0xFF, 0xFF, 0xFF, 0xFF, 0xFE, 0x00, 0x00, 0x00, 0x07, 0x1C, 0x18, 0x61, 0x80, 0x00, 
    0x00, 0x00, 0x07, 0x1C, 0x18, 0x61, 0x80, 0x00, 0x00, 0x00, 0x87, 0x1C, 0x18, 0x61, 0x80, 0x00, 
    0x00, 0x01, 0xC7, 0x1C, 0x18, 0x61, 0x80, 0x00, 0x00, 0x01, 0xC7, 0x1C, 0x18, 0x61, 0x80, 0x00, 
    0x00, 0x01, 0xC7, 0x1C, 0x18, 0x61, 0x80, 0x00, 0x00, 0x01, 0xC7, 0x1C, 0x18, 0x01, 0x80, 0x00, 
    0x00, 0x01, 0xC7, 0x08, 0x18, 0x00, 0x00, 0x00, 0x00, 0x01, 0xC7, 0x00, 0x18, 0x00, 0x00, 0x00, 
    0x00, 0x01, 0xC7, 0x00, 0x18, 0x00, 0x00, 0x00, 0x00, 0x01, 0xC7, 0x00, 0x18, 0x00, 0x00, 0x00, 
    0x00, 0x01, 0xC7, 0x00, 0x08, 0x61, 0x80, 0x00, 0x00, 0x01, 0xC7, 0x1C, 0x00, 0x61, 0x80, 0x00, 
    0x00, 0x01, 0xC7, 0x1C, 0x00, 0x61, 0x80, 0x00, 0x00, 0x01, 0xC7, 0x1C, 0x00, 0x60, 0x00, 0x00, 
    0x00, 0x01, 0xC0, 0x1C, 0x00, 0x60, 0x00, 0x00, 0x00, 0x01, 0xC0, 0x1C, 0x18, 0x60, 0x00, 0x00, 
    0x00, 0x01, 0xC0, 0x1C, 0x18, 0x60, 0x00, 0x00, 0x00, 0x60, 0xF8, 0x1C, 0x18, 0x61, 0x82, 0x00, 
    0x00, 0x60, 0x78, 0x1C, 0x1C, 0x61, 0x87, 0x00, 0x00, 0x60, 0x00, 0x1C, 0x1F, 0xE1, 0x87, 0x00, 
    0x00, 0x60, 0x00, 0x1C, 0x0F, 0xC1, 0x87, 0x00, 0x00, 0x60, 0x00, 0x00, 0x03, 0x00, 0x07, 0x00, 
    0x00, 0x60, 0x00, 0x00, 0x00, 0x00, 0x07, 0x00, 0x00, 0x7F, 0x80, 0x00, 0x00, 0x00, 0xFF, 0x00, 
    0x00, 0x7F, 0x80, 0x00, 0x00, 0x01, 0xFF, 0x00, 0x00, 0x00, 0x00, 0x00, 0x00, 0x00, 0xFE, 0x00, 
    0x00, 0x00, 0x00, 0x00, 0x00, 0x00, 0x00, 0x00, 0x00, 0x00, 0x00, 0x00, 0x00, 0x00, 0x00, 0x00, 
    0x00, 0x00, 0x00, 0x00, 0x00, 0x00, 0x00, 0x00, 0x00, 0x00, 0x00, 0x00, 0x00, 0x00, 0x00, 0x00, 
    0x00, 0x00, 0x00, 0x00, 0x00, 0x00, 0x00, 0x00, 0x00, 0x00, 0x00, 0x00, 0x00, 0x00, 0x00, 0x00, 
    0x00, 0x00, 0x00, 0x00, 0x00, 0x00, 0x00, 0x00, 0x00, 0x00, 0x00, 0x00, 0x00, 0x00, 0x00, 0x00, 
      },
  {
    0x00, 0x00, 0x00, 0x00, 0x00, 0x00, 0x00, 0x00, 0x00, 0x00, 0x00, 0x00, 0x00, 0x00, 0x00, 0x00, 
    0x00, 0x00, 0x00, 0x00, 0x00, 0x00, 0x00, 0x00, 0x00, 0x00, 0x00, 0x00, 0x00, 0x00, 0x00, 0x00, 
    0x00, 0x00, 0x00, 0x00, 0x00, 0x00, 0x00, 0x00, 0x00, 0x00, 0x00, 0x00, 0x00, 0x00, 0x00, 0x00, 
    0x00, 0x00, 0x00, 0x00, 0x00, 0x00, 0x00, 0x00, 0x00, 0x00, 0x00, 0x00, 0x00, 0x00, 0x00, 0x00, 
    0x00, 0x00, 0x00, 0x00, 0x00, 0x00, 0x00, 0x00, 0x00, 0x7F, 0x80, 0x00, 0x00, 0x01, 0xFE, 0x00, 
    0x00, 0x7F, 0x80, 0x00, 0x00, 0x01, 0xFE, 0x00, 0x00, 0x60, 0x00, 0x00, 0x00, 0x00, 0x06, 0x00, 
    0x00, 0x60, 0x00, 0x00, 0x00, 0x00, 0x06, 0x00, 0x00, 0x60, 0x00, 0x1E, 0x00, 0x00, 0x06, 0x00, 
    0x00, 0x60, 0x00, 0x7E, 0x0F, 0x00, 0x06, 0x00, 0x00, 0x60, 0x00, 0xF0, 0x07, 0x00, 0x06, 0x00, 
    0x00, 0x60, 0x00, 0x40, 0x00, 0x00, 0x06, 0x00, 0x00, 0x00, 0x00, 0x00, 0x00, 0x00, 0x00, 0x00, 
    0x00, 0x00, 0x18, 0x00, 0x00, 0x08, 0x00, 0x00, 0x00, 0x00, 0x1C, 0x0E, 0x38, 0x1C, 0x00, 0x00, 
    0x00, 0x00, 0x38, 0x3E, 0x3C, 0x0E, 0x00, 0x00, 0x00, 0x00, 0x70, 0x78, 0x1F, 0x0E, 0x00, 0x00, 
    0x00, 0x00, 0x70, 0xF0, 0x07, 0x87, 0x00, 0x00, 0x00, 0x1F, 0xFF, 0xFF, 0xFF, 0xFF, 0xF8, 0x00, 
    0x00, 0x1F, 0xFF, 0xFF, 0xFF, 0xFF, 0xF8, 0x00, 0x00, 0x00, 0xC1, 0x87, 0xE0, 0xE3, 0x80, 0x00, 
    0x00, 0x00, 0xC0, 0x0F, 0xF0, 0xE1, 0x80, 0x00, 0x00, 0x00, 0xC0, 0x0E, 0x38, 0x61, 0x80, 0x00, 
    0x00, 0x00, 0x00, 0x1C, 0x18, 0x61, 0x80, 0x00, 0x00, 0x00, 0x07, 0x1C, 0x18, 0x61, 0x80, 0x00, 
    0x00, 0x00, 0x07, 0x1C, 0x18, 0x61, 0x80, 0x00, 0x00, 0x00, 0x87, 0x1C, 0x18, 0x61, 0x80, 0x00, 
    0x00, 0x01, 0xC7, 0x1C, 0x18, 0x61, 0x80, 0x00, 0x00, 0x01, 0xC7, 0x1C, 0x18, 0x61, 0x80, 0x00, 
    0x00, 0x01, 0xC7, 0x1C, 0x18, 0x61, 0x80, 0x00, 0x00, 0x01, 0xC7, 0x1C, 0x18, 0x01, 0x80, 0x00, 
    0x00, 0x01, 0xC7, 0x08, 0x18, 0x00, 0x00, 0x00, 0x00, 0x01, 0xC7, 0x00, 0x18, 0x00, 0x00, 0x00, 
    0x00, 0x01, 0xC7, 0x00, 0x18, 0x00, 0x00, 0x00, 0x00, 0x01, 0xC7, 0x00, 0x18, 0x00, 0x00, 0x00, 
    0x00, 0x01, 0xC7, 0x00, 0x08, 0x61, 0x80, 0x00, 0x00, 0x01, 0xC7, 0x1C, 0x00, 0x61, 0x80, 0x00, 
    0x00, 0x01, 0xC7, 0x1C, 0x00, 0x61, 0x80, 0x00, 0x00, 0x01, 0xC7, 0x1C, 0x00, 0x60, 0x00, 0x00, 
    0x00, 0x01, 0xC0, 0x1C, 0x00, 0x60, 0x00, 0x00, 0x00, 0x01, 0xC0, 0x1C, 0x18, 0x60, 0x00, 0x00, 
    0x00, 0x01, 0xC0, 0x1C, 0x18, 0x60, 0x00, 0x00, 0x00, 0x60, 0xF8, 0x1C, 0x18, 0x61, 0x82, 0x00, 
    0x00, 0x60, 0x78, 0x1C, 0x1C, 0x61, 0x87, 0x00, 0x00, 0x60, 0x00, 0x1C, 0x1F, 0xE1, 0x87, 0x00, 
    0x00, 0x60, 0x00, 0x1C, 0x0F, 0xC1, 0x87, 0x00, 0x00, 0x60, 0x00, 0x00, 0x03, 0x00, 0x07, 0x00, 
    0x00, 0x60, 0x00, 0x00, 0x00, 0x00, 0x07, 0x00, 0x00, 0x7F, 0x80, 0x00, 0x00, 0x00, 0xFF, 0x00, 
    0x00, 0x7F, 0x80, 0x00, 0x00, 0x01, 0xFF, 0x00, 0x00, 0x00, 0x00, 0x00, 0x00, 0x00, 0xFE, 0x00, 
    0x00, 0x00, 0x00, 0x00, 0x00, 0x00, 0x00, 0x00, 0x00, 0x00, 0x00, 0x00, 0x00, 0x00, 0x00, 0x00, 
    0x00, 0x00, 0x00, 0x00, 0x00, 0x00, 0x00, 0x00, 0x00, 0x00, 0x00, 0x00, 0x00, 0x00, 0x00, 0x00, 
    0x00, 0x00, 0x00, 0x00, 0x00, 0x00, 0x00, 0x00, 0x00, 0x00, 0x00, 0x00, 0x00, 0x00, 0x00, 0x00, 
    0x00, 0x00, 0x00, 0x00, 0x00, 0x00, 0x00, 0x00, 0x00, 0x00, 0x00, 0x00, 0x00, 0x00, 0x00, 0x00, 
      },
  {
    0x00, 0x00, 0x00, 0x00, 0x00, 0x00, 0x00, 0x00, 0x00, 0x00, 0x00, 0x00, 0x00, 0x00, 0x00, 0x00, 
    0x00, 0x00, 0x00, 0x00, 0x00, 0x00, 0x00, 0x00, 0x00, 0x00, 0x00, 0x00, 0x00, 0x00, 0x00, 0x00, 
    0x00, 0x00, 0x00, 0x00, 0x00, 0x00, 0x00, 0x00, 0x00, 0x00, 0x00, 0x00, 0x00, 0x00, 0x00, 0x00, 
    0x00, 0x00, 0x00, 0x00, 0x00, 0x00, 0x00, 0x00, 0x00, 0x00, 0x00, 0x00, 0x00, 0x00, 0x00, 0x00, 
    0x00, 0x00, 0x00, 0x00, 0x00, 0x00, 0x00, 0x00, 0x00, 0x7F, 0x80, 0x00, 0x00, 0x01, 0xFE, 0x00, 
    0x00, 0x7F, 0x80, 0x00, 0x00, 0x01, 0xFE, 0x00, 0x00, 0x60, 0x00, 0x00, 0x00, 0x00, 0x06, 0x00, 
    0x00, 0x60, 0x00, 0x00, 0x00, 0x00, 0x06, 0x00, 0x00, 0x60, 0x00, 0x1E, 0x00, 0x00, 0x06, 0x00, 
    0x00, 0x60, 0x00, 0x7E, 0x0F, 0x00, 0x06, 0x00, 0x00, 0x60, 0x00, 0xF0, 0x07, 0x00, 0x06, 0x00, 
    0x00, 0x60, 0x00, 0x40, 0x00, 0x00, 0x06, 0x00, 0x00, 0x00, 0x00, 0x00, 0x00, 0x00, 0x00, 0x00, 
    0x00, 0x00, 0x18, 0x00, 0x00, 0x08, 0x00, 0x00, 0x00, 0x0F, 0xFF, 0xFF, 0xFF, 0xFF, 0xF0, 0x00, 
    0x00, 0x0F, 0xFF, 0xFF, 0xFF, 0xFF, 0xF0, 0x00, 0x00, 0x07, 0xFF, 0xFF, 0xFF, 0xFF, 0xF0, 0x00, 
    0x00, 0x00, 0x60, 0xE0, 0x07, 0x87, 0x00, 0x00, 0x00, 0x00, 0xE1, 0xC0, 0x03, 0x83, 0x00, 0x00, 
    0x00, 0x00, 0xE1, 0x80, 0x01, 0xC3, 0x80, 0x00, 0x00, 0x00, 0xC1, 0x87, 0xE0, 0xC3, 0x80, 0x00, 
    0x00, 0x00, 0xC0, 0x0F, 0xF0, 0xE1, 0x80, 0x00, 0x00, 0x00, 0xC0, 0x0E, 0x38, 0x61, 0x80, 0x00, 
    0x00, 0x00, 0x00, 0x1C, 0x18, 0x61, 0x80, 0x00, 0x00, 0x00, 0x07, 0x1C, 0x18, 0x61, 0x80, 0x00, 
    0x00, 0x00, 0x07, 0x1C, 0x18, 0x61, 0x80, 0x00, 0x00, 0x00, 0x87, 0x1C, 0x18, 0x61, 0x80, 0x00, 
    0x00, 0x01, 0xC7, 0x1C, 0x18, 0x61, 0x80, 0x00, 0x00, 0x01, 0xC7, 0x1C, 0x18, 0x61, 0x80, 0x00, 
    0x00, 0x01, 0xC7, 0x1C, 0x18, 0x61, 0x80, 0x00, 0x00, 0x01, 0xC7, 0x1C, 0x18, 0x01, 0x80, 0x00, 
    0x00, 0x01, 0xC7, 0x08, 0x18, 0x00, 0x00, 0x00, 0x00, 0x01, 0xC7, 0x00, 0x18, 0x00, 0x00, 0x00, 
    0x00, 0x01, 0xC7, 0x00, 0x18, 0x00, 0x00, 0x00, 0x00, 0x01, 0xC7, 0x00, 0x18, 0x00, 0x00, 0x00, 
    0x00, 0x01, 0xC7, 0x00, 0x08, 0x61, 0x80, 0x00, 0x00, 0x01, 0xC7, 0x1C, 0x00, 0x61, 0x80, 0x00, 
    0x00, 0x01, 0xC7, 0x1C, 0x00, 0x61, 0x80, 0x00, 0x00, 0x01, 0xC7, 0x1C, 0x00, 0x60, 0x00, 0x00, 
    0x00, 0x01, 0xC0, 0x1C, 0x00, 0x60, 0x00, 0x00, 0x00, 0x01, 0xC0, 0x1C, 0x18, 0x60, 0x00, 0x00, 
    0x00, 0x01, 0xC0, 0x1C, 0x18, 0x60, 0x00, 0x00, 0x00, 0x60, 0xF8, 0x1C, 0x18, 0x61, 0x82, 0x00, 
    0x00, 0x60, 0x78, 0x1C, 0x1C, 0x61, 0x87, 0x00, 0x00, 0x60, 0x00, 0x1C, 0x1F, 0xE1, 0x87, 0x00, 
    0x00, 0x60, 0x00, 0x1C, 0x0F, 0xC1, 0x87, 0x00, 0x00, 0x60, 0x00, 0x00, 0x03, 0x00, 0x07, 0x00, 
    0x00, 0x60, 0x00, 0x00, 0x00, 0x00, 0x07, 0x00, 0x00, 0x7F, 0x80, 0x00, 0x00, 0x00, 0xFF, 0x00, 
    0x00, 0x7F, 0x80, 0x00, 0x00, 0x01, 0xFF, 0x00, 0x00, 0x00, 0x00, 0x00, 0x00, 0x00, 0xFE, 0x00, 
    0x00, 0x00, 0x00, 0x00, 0x00, 0x00, 0x00, 0x00, 0x00, 0x00, 0x00, 0x00, 0x00, 0x00, 0x00, 0x00, 
    0x00, 0x00, 0x00, 0x00, 0x00, 0x00, 0x00, 0x00, 0x00, 0x00, 0x00, 0x00, 0x00, 0x00, 0x00, 0x00, 
    0x00, 0x00, 0x00, 0x00, 0x00, 0x00, 0x00, 0x00, 0x00, 0x00, 0x00, 0x00, 0x00, 0x00, 0x00, 0x00, 
    0x00, 0x00, 0x00, 0x00, 0x00, 0x00, 0x00, 0x00, 0x00, 0x00, 0x00, 0x00, 0x00, 0x00, 0x00, 0x00, 
      },
  {
    0x00, 0x00, 0x00, 0x00, 0x00, 0x00, 0x00, 0x00, 0x00, 0x00, 0x00, 0x00, 0x00, 0x00, 0x00, 0x00, 
    0x00, 0x00, 0x00, 0x00, 0x00, 0x00, 0x00, 0x00, 0x00, 0x00, 0x00, 0x00, 0x00, 0x00, 0x00, 0x00, 
    0x00, 0x00, 0x00, 0x00, 0x00, 0x00, 0x00, 0x00, 0x00, 0x00, 0x00, 0x00, 0x00, 0x00, 0x00, 0x00, 
    0x00, 0x00, 0x00, 0x00, 0x00, 0x00, 0x00, 0x00, 0x00, 0x00, 0x00, 0x00, 0x00, 0x00, 0x00, 0x00, 
    0x00, 0x00, 0x00, 0x00, 0x00, 0x00, 0x00, 0x00, 0x00, 0x7F, 0x80, 0x00, 0x00, 0x01, 0xFE, 0x00, 
    0x00, 0x7F, 0x80, 0x00, 0x00, 0x01, 0xFE, 0x00, 0x00, 0x60, 0x00, 0x00, 0x00, 0x00, 0x06, 0x00, 
    0x00, 0x60, 0x00, 0x00, 0x00, 0x00, 0x06, 0x00, 0x00, 0x60, 0x00, 0x1E, 0x00, 0x00, 0x06, 0x00, 
    0x00, 0x60, 0x00, 0x7E, 0x0F, 0x00, 0x06, 0x00, 0x00, 0x60, 0x00, 0xF0, 0x07, 0x00, 0x06, 0x00, 
    0x00, 0x60, 0x00, 0xC0, 0x02, 0x00, 0x06, 0x00, 0x00, 0x07, 0xFF, 0xFF, 0xFF, 0xFF, 0xF0, 0x00, 
    0x00, 0x07, 0xFF, 0xFF, 0xFF, 0xFF, 0xE0, 0x00, 0x00, 0x00, 0x1C, 0x0E, 0x38, 0x1C, 0x00, 0x00, 
    0x00, 0x00, 0x38, 0x3E, 0x3C, 0x0E, 0x00, 0x00, 0x00, 0x00, 0x70, 0x78, 0x1F, 0x0E, 0x00, 0x00, 
    0x00, 0x00, 0x60, 0xE0, 0x07, 0x87, 0x00, 0x00, 0x00, 0x00, 0xE1, 0xC0, 0x03, 0x83, 0x00, 0x00, 
    0x00, 0x00, 0xE1, 0x80, 0x01, 0xC3, 0x80, 0x00, 0x00, 0x00, 0xC1, 0x87, 0xE0, 0xC3, 0x80, 0x00, 
    0x00, 0x00, 0xC0, 0x0F, 0xF0, 0xE1, 0x80, 0x00, 0x00, 0x00, 0xC0, 0x0E, 0x38, 0x61, 0x80, 0x00, 
    0x00, 0x00, 0x00, 0x1C, 0x18, 0x61, 0x80, 0x00, 0x00, 0x00, 0x07, 0x1C, 0x18, 0x61, 0x80, 0x00, 
    0x00, 0x00, 0x07, 0x1C, 0x18, 0x61, 0x80, 0x00, 0x00, 0x00, 0x87, 0x1C, 0x18, 0x61, 0x80, 0x00, 
    0x00, 0x01, 0xC7, 0x1C, 0x18, 0x61, 0x80, 0x00, 0x00, 0x01, 0xC7, 0x1C, 0x18, 0x61, 0x80, 0x00, 
    0x00, 0x01, 0xC7, 0x1C, 0x18, 0x61, 0x80, 0x00, 0x00, 0x01, 0xC7, 0x1C, 0x18, 0x01, 0x80, 0x00, 
    0x00, 0x01, 0xC7, 0x08, 0x18, 0x00, 0x00, 0x00, 0x00, 0x01, 0xC7, 0x00, 0x18, 0x00, 0x00, 0x00, 
    0x00, 0x01, 0xC7, 0x00, 0x18, 0x00, 0x00, 0x00, 0x00, 0x01, 0xC7, 0x00, 0x18, 0x00, 0x00, 0x00, 
    0x00, 0x01, 0xC7, 0x00, 0x08, 0x61, 0x80, 0x00, 0x00, 0x01, 0xC7, 0x1C, 0x00, 0x61, 0x80, 0x00, 
    0x00, 0x01, 0xC7, 0x1C, 0x00, 0x61, 0x80, 0x00, 0x00, 0x01, 0xC7, 0x1C, 0x00, 0x60, 0x00, 0x00, 
    0x00, 0x01, 0xC0, 0x1C, 0x00, 0x60, 0x00, 0x00, 0x00, 0x01, 0xC0, 0x1C, 0x18, 0x60, 0x00, 0x00, 
    0x00, 0x01, 0xC0, 0x1C, 0x18, 0x60, 0x00, 0x00, 0x00, 0x60, 0xF8, 0x1C, 0x18, 0x61, 0x82, 0x00, 
    0x00, 0x60, 0x78, 0x1C, 0x1C, 0x61, 0x87, 0x00, 0x00, 0x60, 0x00, 0x1C, 0x1F, 0xE1, 0x87, 0x00, 
    0x00, 0x60, 0x00, 0x1C, 0x0F, 0xC1, 0x87, 0x00, 0x00, 0x60, 0x00, 0x00, 0x03, 0x00, 0x07, 0x00, 
    0x00, 0x60, 0x00, 0x00, 0x00, 0x00, 0x07, 0x00, 0x00, 0x7F, 0x80, 0x00, 0x00, 0x00, 0xFF, 0x00, 
    0x00, 0x7F, 0x80, 0x00, 0x00, 0x01, 0xFF, 0x00, 0x00, 0x00, 0x00, 0x00, 0x00, 0x00, 0xFE, 0x00, 
    0x00, 0x00, 0x00, 0x00, 0x00, 0x00, 0x00, 0x00, 0x00, 0x00, 0x00, 0x00, 0x00, 0x00, 0x00, 0x00, 
    0x00, 0x00, 0x00, 0x00, 0x00, 0x00, 0x00, 0x00, 0x00, 0x00, 0x00, 0x00, 0x00, 0x00, 0x00, 0x00, 
    0x00, 0x00, 0x00, 0x00, 0x00, 0x00, 0x00, 0x00, 0x00, 0x00, 0x00, 0x00, 0x00, 0x00, 0x00, 0x00, 
    0x00, 0x00, 0x00, 0x00, 0x00, 0x00, 0x00, 0x00, 0x00, 0x00, 0x00, 0x00, 0x00, 0x00, 0x00, 0x00, 
      },
  {
    0x00, 0x00, 0x00, 0x00, 0x00, 0x00, 0x00, 0x00, 0x00, 0x00, 0x00, 0x00, 0x00, 0x00, 0x00, 0x00, 
    0x00, 0x00, 0x00, 0x00, 0x00, 0x00, 0x00, 0x00, 0x00, 0x00, 0x00, 0x00, 0x00, 0x00, 0x00, 0x00, 
    0x00, 0x00, 0x00, 0x00, 0x00, 0x00, 0x00, 0x00, 0x00, 0x00, 0x00, 0x00, 0x00, 0x00, 0x00, 0x00, 
    0x00, 0x00, 0x00, 0x00, 0x00, 0x00, 0x00, 0x00, 0x00, 0x00, 0x00, 0x00, 0x00, 0x00, 0x00, 0x00, 
    0x00, 0x00, 0x00, 0x00, 0x00, 0x00, 0x00, 0x00, 0x00, 0x7F, 0x80, 0x00, 0x00, 0x01, 0xFE, 0x00, 
    0x00, 0x7F, 0x80, 0x00, 0x00, 0x01, 0xFE, 0x00, 0x00, 0x60, 0x00, 0x00, 0x00, 0x00, 0x06, 0x00, 
    0x00, 0x60, 0x00, 0x00, 0x00, 0x00, 0x06, 0x00, 0x00, 0x60, 0x00, 0x1E, 0x00, 0x00, 0x06, 0x00, 
    0x00, 0x60, 0x00, 0x7E, 0x0F, 0x00, 0x06, 0x00, 0x00, 0x67, 0xFF, 0xFF, 0xFF, 0xFF, 0xE6, 0x00, 
    0x00, 0x67, 0xFF, 0xFF, 0xFF, 0xFF, 0xE6, 0x00, 0x00, 0x03, 0xEB, 0xFF, 0xFF, 0xE3, 0xC0, 0x00, 
    0x00, 0x00, 0x08, 0x00, 0x00, 0x00, 0x00, 0x00, 0x00, 0x00, 0x1C, 0x0E, 0x38, 0x1C, 0x00, 0x00, 
    0x00, 0x00, 0x38, 0x3E, 0x3C, 0x0E, 0x00, 0x00, 0x00, 0x00, 0x70, 0x78, 0x1F, 0x0E, 0x00, 0x00, 
    0x00, 0x00, 0x60, 0xE0, 0x07, 0x87, 0x00, 0x00, 0x00, 0x00, 0xE1, 0xC0, 0x03, 0x83, 0x00, 0x00, 
    0x00, 0x00, 0xE1, 0x80, 0x01, 0xC3, 0x80, 0x00, 0x00, 0x00, 0xC1, 0x87, 0xE0, 0xC3, 0x80, 0x00, 
    0x00, 0x00, 0xC0, 0x0F, 0xF0, 0xE1, 0x80, 0x00, 0x00, 0x00, 0xC0, 0x0E, 0x38, 0x61, 0x80, 0x00, 
    0x00, 0x00, 0x00, 0x1C, 0x18, 0x61, 0x80, 0x00, 0x00, 0x00, 0x07, 0x1C, 0x18, 0x61, 0x80, 0x00, 
    0x00, 0x00, 0x07, 0x1C, 0x18, 0x61, 0x80, 0x00, 0x00, 0x00, 0x87, 0x1C, 0x18, 0x61, 0x80, 0x00, 
    0x00, 0x01, 0xC7, 0x1C, 0x18, 0x61, 0x80, 0x00, 0x00, 0x01, 0xC7, 0x1C, 0x18, 0x61, 0x80, 0x00, 
    0x00, 0x01, 0xC7, 0x1C, 0x18, 0x61, 0x80, 0x00, 0x00, 0x01, 0xC7, 0x1C, 0x18, 0x01, 0x80, 0x00, 
    0x00, 0x01, 0xC7, 0x08, 0x18, 0x00, 0x00, 0x00, 0x00, 0x01, 0xC7, 0x00, 0x18, 0x00, 0x00, 0x00, 
    0x00, 0x01, 0xC7, 0x00, 0x18, 0x00, 0x00, 0x00, 0x00, 0x01, 0xC7, 0x00, 0x18, 0x00, 0x00, 0x00, 
    0x00, 0x01, 0xC7, 0x00, 0x08, 0x61, 0x80, 0x00, 0x00, 0x01, 0xC7, 0x1C, 0x00, 0x61, 0x80, 0x00, 
    0x00, 0x01, 0xC7, 0x1C, 0x00, 0x61, 0x80, 0x00, 0x00, 0x01, 0xC7, 0x1C, 0x00, 0x60, 0x00, 0x00, 
    0x00, 0x01, 0xC0, 0x1C, 0x00, 0x60, 0x00, 0x00, 0x00, 0x01, 0xC0, 0x1C, 0x18, 0x60, 0x00, 0x00, 
    0x00, 0x01, 0xC0, 0x1C, 0x18, 0x60, 0x00, 0x00, 0x00, 0x60, 0xF8, 0x1C, 0x18, 0x61, 0x82, 0x00, 
    0x00, 0x60, 0x78, 0x1C, 0x1C, 0x61, 0x87, 0x00, 0x00, 0x60, 0x00, 0x1C, 0x1F, 0xE1, 0x87, 0x00, 
    0x00, 0x60, 0x00, 0x1C, 0x0F, 0xC1, 0x87, 0x00, 0x00, 0x60, 0x00, 0x00, 0x03, 0x00, 0x07, 0x00, 
    0x00, 0x60, 0x00, 0x00, 0x00, 0x00, 0x07, 0x00, 0x00, 0x7F, 0x80, 0x00, 0x00, 0x00, 0xFF, 0x00, 
    0x00, 0x7F, 0x80, 0x00, 0x00, 0x01, 0xFF, 0x00, 0x00, 0x00, 0x00, 0x00, 0x00, 0x00, 0xFE, 0x00, 
    0x00, 0x00, 0x00, 0x00, 0x00, 0x00, 0x00, 0x00, 0x00, 0x00, 0x00, 0x00, 0x00, 0x00, 0x00, 0x00, 
    0x00, 0x00, 0x00, 0x00, 0x00, 0x00, 0x00, 0x00, 0x00, 0x00, 0x00, 0x00, 0x00, 0x00, 0x00, 0x00, 
    0x00, 0x00, 0x00, 0x00, 0x00, 0x00, 0x00, 0x00, 0x00, 0x00, 0x00, 0x00, 0x00, 0x00, 0x00, 0x00, 
    0x00, 0x00, 0x00, 0x00, 0x00, 0x00, 0x00, 0x00, 0x00, 0x00, 0x00, 0x00, 0x00, 0x00, 0x00, 0x00, 
      },
  {
    0x00, 0x00, 0x00, 0x00, 0x00, 0x00, 0x00, 0x00, 0x00, 0x00, 0x00, 0x00, 0x00, 0x00, 0x00, 0x00, 
    0x00, 0x00, 0x00, 0x00, 0x00, 0x00, 0x00, 0x00, 0x00, 0x00, 0x00, 0x00, 0x00, 0x00, 0x00, 0x00, 
    0x00, 0x00, 0x00, 0x00, 0x00, 0x00, 0x00, 0x00, 0x00, 0x00, 0x00, 0x00, 0x00, 0x00, 0x00, 0x00, 
    0x00, 0x00, 0x00, 0x00, 0x00, 0x00, 0x00, 0x00, 0x00, 0x00, 0x00, 0x00, 0x00, 0x00, 0x00, 0x00, 
    0x00, 0x00, 0x00, 0x00, 0x00, 0x00, 0x00, 0x00, 0x00, 0x7F, 0x80, 0x00, 0x00, 0x01, 0xFE, 0x00, 
    0x00, 0x7F, 0x80, 0x00, 0x00, 0x01, 0xFE, 0x00, 0x00, 0x60, 0x00, 0x00, 0x00, 0x00, 0x06, 0x00, 
    0x00, 0x60, 0x00, 0x00, 0x00, 0x00, 0x06, 0x00, 0x00, 0x60, 0x00, 0x1E, 0x00, 0x00, 0x06, 0x00, 
    0x00, 0x60, 0x00, 0x7E, 0x0F, 0x00, 0x06, 0x00, 0x00, 0x67, 0xFF, 0xFF, 0xFF, 0xFF, 0xE6, 0x00, 
    0x00, 0x67, 0xFF, 0xFF, 0xFF, 0xFF, 0xE6, 0x00, 0x00, 0x00, 0x00, 0x00, 0x00, 0x00, 0x00, 0x00, 
    0x00, 0x00, 0x18, 0x00, 0x00, 0x08, 0x00, 0x00, 0x00, 0x00, 0x1C, 0x0E, 0x38, 0x1C, 0x00, 0x00, 
    0x00, 0x00, 0x38, 0x3E, 0x3C, 0x0E, 0x00, 0x00, 0x00, 0x00, 0x70, 0x78, 0x1F, 0x0E, 0x00, 0x00, 
    0x00, 0x00, 0x60, 0xE0, 0x07, 0x87, 0x00, 0x00, 0x00, 0x00, 0xE1, 0xC0, 0x03, 0x83, 0x00, 0x00, 
    0x00, 0x00, 0xE1, 0x80, 0x01, 0xC3, 0x80, 0x00, 0x00, 0x00, 0xC1, 0x87, 0xE0, 0xC3, 0x80, 0x00, 
    0x00, 0x00, 0xC0, 0x0F, 0xF0, 0xE1, 0x80, 0x00, 0x00, 0x00, 0xC0, 0x0E, 0x38, 0x61, 0x80, 0x00, 
    0x00, 0x00, 0x00, 0x1C, 0x18, 0x61, 0x80, 0x00, 0x00, 0x00, 0x07, 0x1C, 0x18, 0x61, 0x80, 0x00, 
    0x00, 0x00, 0x07, 0x1C, 0x18, 0x61, 0x80, 0x00, 0x00, 0x00, 0x87, 0x1C, 0x18, 0x61, 0x80, 0x00, 
    0x00, 0x01, 0xC7, 0x1C, 0x18, 0x61, 0x80, 0x00, 0x00, 0x01, 0xC7, 0x1C, 0x18, 0x61, 0x80, 0x00, 
    0x00, 0x01, 0xC7, 0x1C, 0x18, 0x61, 0x80, 0x00, 0x00, 0x01, 0xC7, 0x1C, 0x18, 0x01, 0x80, 0x00, 
    0x00, 0x01, 0xC7, 0x08, 0x18, 0x00, 0x00, 0x00, 0x00, 0x01, 0xC7, 0x00, 0x18, 0x00, 0x00, 0x00, 
    0x00, 0x01, 0xC7, 0x00, 0x18, 0x00, 0x00, 0x00, 0x00, 0x01, 0xC7, 0x00, 0x18, 0x00, 0x00, 0x00, 
    0x00, 0x01, 0xC7, 0x00, 0x08, 0x61, 0x80, 0x00, 0x00, 0x01, 0xC7, 0x1C, 0x00, 0x61, 0x80, 0x00, 
    0x00, 0x01, 0xC7, 0x1C, 0x00, 0x61, 0x80, 0x00, 0x00, 0x01, 0xC7, 0x1C, 0x00, 0x60, 0x00, 0x00, 
    0x00, 0x01, 0xC0, 0x1C, 0x00, 0x60, 0x00, 0x00, 0x00, 0x01, 0xC0, 0x1C, 0x18, 0x60, 0x00, 0x00, 
    0x00, 0x01, 0xC0, 0x1C, 0x18, 0x60, 0x00, 0x00, 0x00, 0x60, 0xF8, 0x1C, 0x18, 0x61, 0x82, 0x00, 
    0x00, 0x60, 0x78, 0x1C, 0x1C, 0x61, 0x87, 0x00, 0x00, 0x60, 0x00, 0x1C, 0x1F, 0xE1, 0x87, 0x00, 
    0x00, 0x60, 0x00, 0x1C, 0x0F, 0xC1, 0x87, 0x00, 0x00, 0x60, 0x00, 0x00, 0x03, 0x00, 0x07, 0x00, 
    0x00, 0x60, 0x00, 0x00, 0x00, 0x00, 0x07, 0x00, 0x00, 0x7F, 0x80, 0x00, 0x00, 0x00, 0xFF, 0x00, 
    0x00, 0x7F, 0x80, 0x00, 0x00, 0x01, 0xFF, 0x00, 0x00, 0x00, 0x00, 0x00, 0x00, 0x00, 0xFE, 0x00, 
    0x00, 0x00, 0x00, 0x00, 0x00, 0x00, 0x00, 0x00, 0x00, 0x00, 0x00, 0x00, 0x00, 0x00, 0x00, 0x00, 
    0x00, 0x00, 0x00, 0x00, 0x00, 0x00, 0x00, 0x00, 0x00, 0x00, 0x00, 0x00, 0x00, 0x00, 0x00, 0x00, 
    0x00, 0x00, 0x00, 0x00, 0x00, 0x00, 0x00, 0x00, 0x00, 0x00, 0x00, 0x00, 0x00, 0x00, 0x00, 0x00, 
    0x00, 0x00, 0x00, 0x00, 0x00, 0x00, 0x00, 0x00, 0x00, 0x00, 0x00, 0x00, 0x00, 0x00, 0x00, 0x00, 
      },
  {
    0x00, 0x00, 0x00, 0x00, 0x00, 0x00, 0x00, 0x00, 0x00, 0x00, 0x00, 0x00, 0x00, 0x00, 0x00, 0x00, 
    0x00, 0x00, 0x00, 0x00, 0x00, 0x00, 0x00, 0x00, 0x00, 0x00, 0x00, 0x00, 0x00, 0x00, 0x00, 0x00, 
    0x00, 0x00, 0x00, 0x00, 0x00, 0x00, 0x00, 0x00, 0x00, 0x00, 0x00, 0x00, 0x00, 0x00, 0x00, 0x00, 
    0x00, 0x00, 0x00, 0x00, 0x00, 0x00, 0x00, 0x00, 0x00, 0x00, 0x00, 0x00, 0x00, 0x00, 0x00, 0x00, 
    0x00, 0x00, 0x00, 0x00, 0x00, 0x00, 0x00, 0x00, 0x00, 0x7F, 0x80, 0x00, 0x00, 0x01, 0xFE, 0x00, 
    0x00, 0x7F, 0x80, 0x00, 0x00, 0x01, 0xFE, 0x00, 0x00, 0x60, 0x00, 0x00, 0x00, 0x00, 0x06, 0x00, 
    0x00, 0x60, 0x00, 0x00, 0x00, 0x00, 0x06, 0x00, 0x00, 0x60, 0x00, 0x1E, 0x00, 0x00, 0x06, 0x00, 
    0x00, 0x60, 0x00, 0x7E, 0x0F, 0x00, 0x06, 0x00, 0x00, 0x60, 0x00, 0xF8, 0x0F, 0x00, 0x06, 0x00, 
    0x00, 0x67, 0xFF, 0xFF, 0xFF, 0xFF, 0xE6, 0x00, 0x00, 0x07, 0xFF, 0xFF, 0xFF, 0xFF, 0xE0, 0x00, 
    0x00, 0x00, 0x18, 0x00, 0x00, 0x08, 0x00, 0x00, 0x00, 0x00, 0x1C, 0x0E, 0x38, 0x1C, 0x00, 0x00, 
    0x00, 0x00, 0x38, 0x3E, 0x3C, 0x0E, 0x00, 0x00, 0x00, 0x00, 0x70, 0x78, 0x1F, 0x0E, 0x00, 0x00, 
    0x00, 0x00, 0x60, 0xE0, 0x07, 0x87, 0x00, 0x00, 0x00, 0x00, 0xE1, 0xC0, 0x03, 0x83, 0x00, 0x00, 
    0x00, 0x00, 0xE1, 0x80, 0x01, 0xC3, 0x80, 0x00, 0x00, 0x00, 0xC1, 0x87, 0xE0, 0xC3, 0x80, 0x00, 
    0x00, 0x00, 0xC0, 0x0F, 0xF0, 0xE1, 0x80, 0x00, 0x00, 0x00, 0xC0, 0x0E, 0x38, 0x61, 0x80, 0x00, 
    0x00, 0x00, 0x00, 0x1C, 0x18, 0x61, 0x80, 0x00, 0x00, 0x00, 0x07, 0x1C, 0x18, 0x61, 0x80, 0x00, 
    0x00, 0x00, 0x07, 0x1C, 0x18, 0x61, 0x80, 0x00, 0x00, 0x00, 0x87, 0x1C, 0x18, 0x61, 0x80, 0x00, 
    0x00, 0x01, 0xC7, 0x1C, 0x18, 0x61, 0x80, 0x00, 0x00, 0x01, 0xC7, 0x1C, 0x18, 0x61, 0x80, 0x00, 
    0x00, 0x01, 0xC7, 0x1C, 0x18, 0x61, 0x80, 0x00, 0x00, 0x01, 0xC7, 0x1C, 0x18, 0x01, 0x80, 0x00, 
    0x00, 0x01, 0xC7, 0x08, 0x18, 0x00, 0x00, 0x00, 0x00, 0x01, 0xC7, 0x00, 0x18, 0x00, 0x00, 0x00, 
    0x00, 0x01, 0xC7, 0x00, 0x18, 0x00, 0x00, 0x00, 0x00, 0x01, 0xC7, 0x00, 0x18, 0x00, 0x00, 0x00, 
    0x00, 0x01, 0xC7, 0x00, 0x08, 0x61, 0x80, 0x00, 0x00, 0x01, 0xC7, 0x1C, 0x00, 0x61, 0x80, 0x00, 
    0x00, 0x01, 0xC7, 0x1C, 0x00, 0x61, 0x80, 0x00, 0x00, 0x01, 0xC7, 0x1C, 0x00, 0x60, 0x00, 0x00, 
    0x00, 0x01, 0xC0, 0x1C, 0x00, 0x60, 0x00, 0x00, 0x00, 0x01, 0xC0, 0x1C, 0x18, 0x60, 0x00, 0x00, 
    0x00, 0x01, 0xC0, 0x1C, 0x18, 0x60, 0x00, 0x00, 0x00, 0x60, 0xF8, 0x1C, 0x18, 0x61, 0x82, 0x00, 
    0x00, 0x60, 0x78, 0x1C, 0x1C, 0x61, 0x87, 0x00, 0x00, 0x60, 0x00, 0x1C, 0x1F, 0xE1, 0x87, 0x00, 
    0x00, 0x60, 0x00, 0x1C, 0x0F, 0xC1, 0x87, 0x00, 0x00, 0x60, 0x00, 0x00, 0x03, 0x00, 0x07, 0x00, 
    0x00, 0x60, 0x00, 0x00, 0x00, 0x00, 0x07, 0x00, 0x00, 0x7F, 0x80, 0x00, 0x00, 0x00, 0xFF, 0x00, 
    0x00, 0x7F, 0x80, 0x00, 0x00, 0x01, 0xFF, 0x00, 0x00, 0x00, 0x00, 0x00, 0x00, 0x00, 0xFE, 0x00, 
    0x00, 0x00, 0x00, 0x00, 0x00, 0x00, 0x00, 0x00, 0x00, 0x00, 0x00, 0x00, 0x00, 0x00, 0x00, 0x00, 
    0x00, 0x00, 0x00, 0x00, 0x00, 0x00, 0x00, 0x00, 0x00, 0x00, 0x00, 0x00, 0x00, 0x00, 0x00, 0x00, 
    0x00, 0x00, 0x00, 0x00, 0x00, 0x00, 0x00, 0x00, 0x00, 0x00, 0x00, 0x00, 0x00, 0x00, 0x00, 0x00, 
    0x00, 0x00, 0x00, 0x00, 0x00, 0x00, 0x00, 0x00, 0x00, 0x00, 0x00, 0x00, 0x00, 0x00, 0x00, 0x00, 
      },
  {
    0x00, 0x00, 0x00, 0x00, 0x00, 0x00, 0x00, 0x00, 0x00, 0x00, 0x00, 0x00, 0x00, 0x00, 0x00, 0x00, 
    0x00, 0x00, 0x00, 0x00, 0x00, 0x00, 0x00, 0x00, 0x00, 0x00, 0x00, 0x00, 0x00, 0x00, 0x00, 0x00, 
    0x00, 0x00, 0x00, 0x00, 0x00, 0x00, 0x00, 0x00, 0x00, 0x00, 0x00, 0x00, 0x00, 0x00, 0x00, 0x00, 
    0x00, 0x00, 0x00, 0x00, 0x00, 0x00, 0x00, 0x00, 0x00, 0x00, 0x00, 0x00, 0x00, 0x00, 0x00, 0x00, 
    0x00, 0x00, 0x00, 0x00, 0x00, 0x00, 0x00, 0x00, 0x00, 0x7F, 0x80, 0x00, 0x00, 0x01, 0xFE, 0x00, 
    0x00, 0x7F, 0x80, 0x00, 0x00, 0x01, 0xFE, 0x00, 0x00, 0x60, 0x00, 0x00, 0x00, 0x00, 0x06, 0x00, 
    0x00, 0x60, 0x00, 0x00, 0x00, 0x00, 0x06, 0x00, 0x00, 0x60, 0x00, 0x1E, 0x00, 0x00, 0x06, 0x00, 
    0x00, 0x60, 0x00, 0x7E, 0x0F, 0x00, 0x06, 0x00, 0x00, 0x60, 0x00, 0xF0, 0x07, 0x00, 0x06, 0x00, 
    0x00, 0x60, 0x00, 0xC0, 0x02, 0x00, 0x06, 0x00, 0x00, 0x07, 0xFF, 0xFF, 0xFF, 0xFF, 0xE0, 0x00, 
    0x00, 0x07, 0xFF, 0xFF, 0xFF, 0xFF, 0xE0, 0x00, 0x00, 0x00, 0x1C, 0x0E, 0x38, 0x1C, 0x00, 0x00, 
    0x00, 0x00, 0x38, 0x3E, 0x3C, 0x0E, 0x00, 0x00, 0x00, 0x00, 0x70, 0x78, 0x1F, 0x0E, 0x00, 0x00, 
    0x00, 0x00, 0x60, 0xE0, 0x07, 0x87, 0x00, 0x00, 0x00, 0x00, 0xE1, 0xC0, 0x03, 0x83, 0x00, 0x00, 
    0x00, 0x00, 0xE1, 0x80, 0x01, 0xC3, 0x80, 0x00, 0x00, 0x00, 0xC1, 0x87, 0xE0, 0xC3, 0x80, 0x00, 
    0x00, 0x00, 0xC0, 0x0F, 0xF0, 0xE1, 0x80, 0x00, 0x00, 0x00, 0xC0, 0x0E, 0x38, 0x61, 0x80, 0x00, 
    0x00, 0x00, 0x00, 0x1C, 0x18, 0x61, 0x80, 0x00, 0x00, 0x00, 0x07, 0x1C, 0x18, 0x61, 0x80, 0x00, 
    0x00, 0x00, 0x07, 0x1C, 0x18, 0x61, 0x80, 0x00, 0x00, 0x00, 0x87, 0x1C, 0x18, 0x61, 0x80, 0x00, 
    0x00, 0x01, 0xC7, 0x1C, 0x18, 0x61, 0x80, 0x00, 0x00, 0x01, 0xC7, 0x1C, 0x18, 0x61, 0x80, 0x00, 
    0x00, 0x01, 0xC7, 0x1C, 0x18, 0x61, 0x80, 0x00, 0x00, 0x01, 0xC7, 0x1C, 0x18, 0x01, 0x80, 0x00, 
    0x00, 0x01, 0xC7, 0x08, 0x18, 0x00, 0x00, 0x00, 0x00, 0x01, 0xC7, 0x00, 0x18, 0x00, 0x00, 0x00, 
    0x00, 0x01, 0xC7, 0x00, 0x18, 0x00, 0x00, 0x00, 0x00, 0x01, 0xC7, 0x00, 0x18, 0x00, 0x00, 0x00, 
    0x00, 0x01, 0xC7, 0x00, 0x08, 0x61, 0x80, 0x00, 0x00, 0x01, 0xC7, 0x1C, 0x00, 0x61, 0x80, 0x00, 
    0x00, 0x01, 0xC7, 0x1C, 0x00, 0x61, 0x80, 0x00, 0x00, 0x01, 0xC7, 0x1C, 0x00, 0x60, 0x00, 0x00, 
    0x00, 0x01, 0xC0, 0x1C, 0x00, 0x60, 0x00, 0x00, 0x00, 0x01, 0xC0, 0x1C, 0x18, 0x60, 0x00, 0x00, 
    0x00, 0x01, 0xC0, 0x1C, 0x18, 0x60, 0x00, 0x00, 0x00, 0x60, 0xF8, 0x1C, 0x18, 0x61, 0x82, 0x00, 
    0x00, 0x60, 0x78, 0x1C, 0x1C, 0x61, 0x87, 0x00, 0x00, 0x60, 0x00, 0x1C, 0x1F, 0xE1, 0x87, 0x00, 
    0x00, 0x60, 0x00, 0x1C, 0x0F, 0xC1, 0x87, 0x00, 0x00, 0x60, 0x00, 0x00, 0x03, 0x00, 0x07, 0x00, 
    0x00, 0x60, 0x00, 0x00, 0x00, 0x00, 0x07, 0x00, 0x00, 0x7F, 0x80, 0x00, 0x00, 0x00, 0xFF, 0x00, 
    0x00, 0x7F, 0x80, 0x00, 0x00, 0x01, 0xFF, 0x00, 0x00, 0x00, 0x00, 0x00, 0x00, 0x00, 0xFE, 0x00, 
    0x00, 0x00, 0x00, 0x00, 0x00, 0x00, 0x00, 0x00, 0x00, 0x00, 0x00, 0x00, 0x00, 0x00, 0x00, 0x00, 
    0x00, 0x00, 0x00, 0x00, 0x00, 0x00, 0x00, 0x00, 0x00, 0x00, 0x00, 0x00, 0x00, 0x00, 0x00, 0x00, 
    0x00, 0x00, 0x00, 0x00, 0x00, 0x00, 0x00, 0x00, 0x00, 0x00, 0x00, 0x00, 0x00, 0x00, 0x00, 0x00, 
    0x00, 0x00, 0x00, 0x00, 0x00, 0x00, 0x00, 0x00, 0x00, 0x00, 0x00, 0x00, 0x00, 0x00, 0x00, 0x00, 
      },
  {
    0x00, 0x00, 0x00, 0x00, 0x00, 0x00, 0x00, 0x00, 0x00, 0x00, 0x00, 0x00, 0x00, 0x00, 0x00, 0x00, 
    0x00, 0x00, 0x00, 0x00, 0x00, 0x00, 0x00, 0x00, 0x00, 0x00, 0x00, 0x00, 0x00, 0x00, 0x00, 0x00, 
    0x00, 0x00, 0x00, 0x00, 0x00, 0x00, 0x00, 0x00, 0x00, 0x00, 0x00, 0x00, 0x00, 0x00, 0x00, 0x00, 
    0x00, 0x00, 0x00, 0x00, 0x00, 0x00, 0x00, 0x00, 0x00, 0x00, 0x00, 0x00, 0x00, 0x00, 0x00, 0x00, 
    0x00, 0x00, 0x00, 0x00, 0x00, 0x00, 0x00, 0x00, 0x00, 0x7F, 0x80, 0x00, 0x00, 0x01, 0xFE, 0x00, 
    0x00, 0x7F, 0x80, 0x00, 0x00, 0x01, 0xFE, 0x00, 0x00, 0x60, 0x00, 0x00, 0x00, 0x00, 0x06, 0x00, 
    0x00, 0x60, 0x00, 0x00, 0x00, 0x00, 0x06, 0x00, 0x00, 0x60, 0x00, 0x1E, 0x00, 0x00, 0x06, 0x00, 
    0x00, 0x60, 0x00, 0x7E, 0x0F, 0x00, 0x06, 0x00, 0x00, 0x60, 0x00, 0xF0, 0x07, 0x00, 0x06, 0x00, 
    0x00, 0x60, 0x00, 0x40, 0x00, 0x00, 0x06, 0x00, 0x00, 0x00, 0x00, 0x00, 0x00, 0x00, 0x00, 0x00, 
    0x00, 0x07, 0xFF, 0xFF, 0xFF, 0xFF, 0xE0, 0x00, 0x00, 0x07, 0xFF, 0xFF, 0xFF, 0xFF, 0xE0, 0x00, 
    0x00, 0x00, 0x38, 0x3E, 0x3E, 0x0E, 0x00, 0x00, 0x00, 0x00, 0x70, 0x78, 0x1F, 0x0E, 0x00, 0x00, 
    0x00, 0x00, 0x60, 0xE0, 0x07, 0x87, 0x00, 0x00, 0x00, 0x00, 0xE1, 0xC0, 0x03, 0x83, 0x00, 0x00, 
    0x00, 0x00, 0xE1, 0x80, 0x01, 0xC3, 0x80, 0x00, 0x00, 0x00, 0xC1, 0x87, 0xE0, 0xC3, 0x80, 0x00, 
    0x00, 0x00, 0xC0, 0x0F, 0xF0, 0xE1, 0x80, 0x00, 0x00, 0x00, 0xC0, 0x0E, 0x38, 0x61, 0x80, 0x00, 
    0x00, 0x00, 0x00, 0x1C, 0x18, 0x61, 0x80, 0x00, 0x00, 0x00, 0x07, 0x1C, 0x18, 0x61, 0x80, 0x00, 
    0x00, 0x00, 0x07, 0x1C, 0x18, 0x61, 0x80, 0x00, 0x00, 0x00, 0x87, 0x1C, 0x18, 0x61, 0x80, 0x00, 
    0x00, 0x01, 0xC7, 0x1C, 0x18, 0x61, 0x80, 0x00, 0x00, 0x01, 0xC7, 0x1C, 0x18, 0x61, 0x80, 0x00, 
    0x00, 0x01, 0xC7, 0x1C, 0x18, 0x61, 0x80, 0x00, 0x00, 0x01, 0xC7, 0x1C, 0x18, 0x01, 0x80, 0x00, 
    0x00, 0x01, 0xC7, 0x08, 0x18, 0x00, 0x00, 0x00, 0x00, 0x01, 0xC7, 0x00, 0x18, 0x00, 0x00, 0x00, 
    0x00, 0x01, 0xC7, 0x00, 0x18, 0x00, 0x00, 0x00, 0x00, 0x01, 0xC7, 0x00, 0x18, 0x00, 0x00, 0x00, 
    0x00, 0x01, 0xC7, 0x00, 0x08, 0x61, 0x80, 0x00, 0x00, 0x01, 0xC7, 0x1C, 0x00, 0x61, 0x80, 0x00, 
    0x00, 0x01, 0xC7, 0x1C, 0x00, 0x61, 0x80, 0x00, 0x00, 0x01, 0xC7, 0x1C, 0x00, 0x60, 0x00, 0x00, 
    0x00, 0x01, 0xC0, 0x1C, 0x00, 0x60, 0x00, 0x00, 0x00, 0x01, 0xC0, 0x1C, 0x18, 0x60, 0x00, 0x00, 
    0x00, 0x01, 0xC0, 0x1C, 0x18, 0x60, 0x00, 0x00, 0x00, 0x60, 0xF8, 0x1C, 0x18, 0x61, 0x82, 0x00, 
    0x00, 0x60, 0x78, 0x1C, 0x1C, 0x61, 0x87, 0x00, 0x00, 0x60, 0x00, 0x1C, 0x1F, 0xE1, 0x87, 0x00, 
    0x00, 0x60, 0x00, 0x1C, 0x0F, 0xC1, 0x87, 0x00, 0x00, 0x60, 0x00, 0x00, 0x03, 0x00, 0x07, 0x00, 
    0x00, 0x60, 0x00, 0x00, 0x00, 0x00, 0x07, 0x00, 0x00, 0x7F, 0x80, 0x00, 0x00, 0x00, 0xFF, 0x00, 
    0x00, 0x7F, 0x80, 0x00, 0x00, 0x01, 0xFF, 0x00, 0x00, 0x00, 0x00, 0x00, 0x00, 0x00, 0xFE, 0x00, 
    0x00, 0x00, 0x00, 0x00, 0x00, 0x00, 0x00, 0x00, 0x00, 0x00, 0x00, 0x00, 0x00, 0x00, 0x00, 0x00, 
    0x00, 0x00, 0x00, 0x00, 0x00, 0x00, 0x00, 0x00, 0x00, 0x00, 0x00, 0x00, 0x00, 0x00, 0x00, 0x00, 
    0x00, 0x00, 0x00, 0x00, 0x00, 0x00, 0x00, 0x00, 0x00, 0x00, 0x00, 0x00, 0x00, 0x00, 0x00, 0x00, 
    0x00, 0x00, 0x00, 0x00, 0x00, 0x00, 0x00, 0x00, 0x00, 0x00, 0x00, 0x00, 0x00, 0x00, 0x00, 0x00, 
      },
  {
    0x00, 0x00, 0x00, 0x00, 0x00, 0x00, 0x00, 0x00, 0x00, 0x00, 0x00, 0x00, 0x00, 0x00, 0x00, 0x00, 
    0x00, 0x00, 0x00, 0x00, 0x00, 0x00, 0x00, 0x00, 0x00, 0x00, 0x00, 0x00, 0x00, 0x00, 0x00, 0x00, 
    0x00, 0x00, 0x00, 0x00, 0x00, 0x00, 0x00, 0x00, 0x00, 0x00, 0x00, 0x00, 0x00, 0x00, 0x00, 0x00, 
    0x00, 0x00, 0x00, 0x00, 0x00, 0x00, 0x00, 0x00, 0x00, 0x00, 0x00, 0x00, 0x00, 0x00, 0x00, 0x00, 
    0x00, 0x00, 0x00, 0x00, 0x00, 0x00, 0x00, 0x00, 0x00, 0x7F, 0x80, 0x00, 0x00, 0x01, 0xFE, 0x00, 
    0x00, 0x7F, 0x80, 0x00, 0x00, 0x01, 0xFE, 0x00, 0x00, 0x60, 0x00, 0x00, 0x00, 0x00, 0x06, 0x00, 
    0x00, 0x60, 0x00, 0x00, 0x00, 0x00, 0x06, 0x00, 0x00, 0x60, 0x00, 0x1E, 0x00, 0x00, 0x06, 0x00, 
    0x00, 0x60, 0x00, 0x7E, 0x0F, 0x00, 0x06, 0x00, 0x00, 0x60, 0x00, 0xF0, 0x07, 0x00, 0x06, 0x00, 
    0x00, 0x60, 0x00, 0x40, 0x00, 0x00, 0x06, 0x00, 0x00, 0x00, 0x00, 0x00, 0x00, 0x00, 0x00, 0x00, 
    0x00, 0x00, 0x18, 0x00, 0x00, 0x08, 0x00, 0x00, 0x00, 0x07, 0xFF, 0xFF, 0xFF, 0xFF, 0xE0, 0x00, 
    0x00, 0x07, 0xFF, 0xFF, 0xFF, 0xFF, 0xE0, 0x00, 0x00, 0x00, 0x70, 0x78, 0x1F, 0x0E, 0x00, 0x00, 
    0x00, 0x00, 0x60, 0xE0, 0x07, 0x87, 0x00, 0x00, 0x00, 0x00, 0xE1, 0xC0, 0x03, 0x83, 0x00, 0x00, 
    0x00, 0x00, 0xE1, 0x80, 0x01, 0xC3, 0x80, 0x00, 0x00, 0x00, 0xC1, 0x87, 0xE0, 0xC3, 0x80, 0x00, 
    0x00, 0x00, 0xC0, 0x0F, 0xF0, 0xE1, 0x80, 0x00, 0x00, 0x00, 0xC0, 0x0E, 0x38, 0x61, 0x80, 0x00, 
    0x00, 0x00, 0x00, 0x1C, 0x18, 0x61, 0x80, 0x00, 0x00, 0x00, 0x07, 0x1C, 0x18, 0x61, 0x80, 0x00, 
    0x00, 0x00, 0x07, 0x1C, 0x18, 0x61, 0x80, 0x00, 0x00, 0x00, 0x87, 0x1C, 0x18, 0x61, 0x80, 0x00, 
    0x00, 0x01, 0xC7, 0x1C, 0x18, 0x61, 0x80, 0x00, 0x00, 0x01, 0xC7, 0x1C, 0x18, 0x61, 0x80, 0x00, 
    0x00, 0x01, 0xC7, 0x1C, 0x18, 0x61, 0x80, 0x00, 0x00, 0x01, 0xC7, 0x1C, 0x18, 0x01, 0x80, 0x00, 
    0x00, 0x01, 0xC7, 0x08, 0x18, 0x00, 0x00, 0x00, 0x00, 0x01, 0xC7, 0x00, 0x18, 0x00, 0x00, 0x00, 
    0x00, 0x01, 0xC7, 0x00, 0x18, 0x00, 0x00, 0x00, 0x00, 0x01, 0xC7, 0x00, 0x18, 0x00, 0x00, 0x00, 
    0x00, 0x01, 0xC7, 0x00, 0x08, 0x61, 0x80, 0x00, 0x00, 0x01, 0xC7, 0x1C, 0x00, 0x61, 0x80, 0x00, 
    0x00, 0x01, 0xC7, 0x1C, 0x00, 0x61, 0x80, 0x00, 0x00, 0x01, 0xC7, 0x1C, 0x00, 0x60, 0x00, 0x00, 
    0x00, 0x01, 0xC0, 0x1C, 0x00, 0x60, 0x00, 0x00, 0x00, 0x01, 0xC0, 0x1C, 0x18, 0x60, 0x00, 0x00, 
    0x00, 0x01, 0xC0, 0x1C, 0x18, 0x60, 0x00, 0x00, 0x00, 0x60, 0xF8, 0x1C, 0x18, 0x61, 0x82, 0x00, 
    0x00, 0x60, 0x78, 0x1C, 0x1C, 0x61, 0x87, 0x00, 0x00, 0x60, 0x00, 0x1C, 0x1F, 0xE1, 0x87, 0x00, 
    0x00, 0x60, 0x00, 0x1C, 0x0F, 0xC1, 0x87, 0x00, 0x00, 0x60, 0x00, 0x00, 0x03, 0x00, 0x07, 0x00, 
    0x00, 0x60, 0x00, 0x00, 0x00, 0x00, 0x07, 0x00, 0x00, 0x7F, 0x80, 0x00, 0x00, 0x00, 0xFF, 0x00, 
    0x00, 0x7F, 0x80, 0x00, 0x00, 0x01, 0xFF, 0x00, 0x00, 0x00, 0x00, 0x00, 0x00, 0x00, 0xFE, 0x00, 
    0x00, 0x00, 0x00, 0x00, 0x00, 0x00, 0x00, 0x00, 0x00, 0x00, 0x00, 0x00, 0x00, 0x00, 0x00, 0x00, 
    0x00, 0x00, 0x00, 0x00, 0x00, 0x00, 0x00, 0x00, 0x00, 0x00, 0x00, 0x00, 0x00, 0x00, 0x00, 0x00, 
    0x00, 0x00, 0x00, 0x00, 0x00, 0x00, 0x00, 0x00, 0x00, 0x00, 0x00, 0x00, 0x00, 0x00, 0x00, 0x00, 
    0x00, 0x00, 0x00, 0x00, 0x00, 0x00, 0x00, 0x00, 0x00, 0x00, 0x00, 0x00, 0x00, 0x00, 0x00, 0x00, 
      },
  {
    0x00, 0x00, 0x00, 0x00, 0x00, 0x00, 0x00, 0x00, 0x00, 0x00, 0x00, 0x00, 0x00, 0x00, 0x00, 0x00, 
    0x00, 0x00, 0x00, 0x00, 0x00, 0x00, 0x00, 0x00, 0x00, 0x00, 0x00, 0x00, 0x00, 0x00, 0x00, 0x00, 
    0x00, 0x00, 0x00, 0x00, 0x00, 0x00, 0x00, 0x00, 0x00, 0x00, 0x00, 0x00, 0x00, 0x00, 0x00, 0x00, 
    0x00, 0x00, 0x00, 0x00, 0x00, 0x00, 0x00, 0x00, 0x00, 0x00, 0x00, 0x00, 0x00, 0x00, 0x00, 0x00, 
    0x00, 0x00, 0x00, 0x00, 0x00, 0x00, 0x00, 0x00, 0x00, 0x7F, 0x80, 0x00, 0x00, 0x01, 0xFE, 0x00, 
    0x00, 0x7F, 0x80, 0x00, 0x00, 0x01, 0xFE, 0x00, 0x00, 0x60, 0x00, 0x00, 0x00, 0x00, 0x06, 0x00, 
    0x00, 0x60, 0x00, 0x00, 0x00, 0x00, 0x06, 0x00, 0x00, 0x60, 0x00, 0x1E, 0x00, 0x00, 0x06, 0x00, 
    0x00, 0x60, 0x00, 0x7E, 0x0F, 0x00, 0x06, 0x00, 0x00, 0x60, 0x00, 0xF0, 0x07, 0x00, 0x06, 0x00, 
    0x00, 0x60, 0x00, 0x40, 0x00, 0x00, 0x06, 0x00, 0x00, 0x00, 0x00, 0x00, 0x00, 0x00, 0x00, 0x00, 
    0x00, 0x00, 0x18, 0x00, 0x00, 0x08, 0x00, 0x00, 0x00, 0x00, 0x1C, 0x0E, 0x38, 0x1C, 0x00, 0x00, 
    0x00, 0x07, 0xFF, 0xFF, 0xFF, 0xFF, 0xE0, 0x00, 0x00, 0x07, 0xFF, 0xFF, 0xFF, 0xFF, 0xE0, 0x00, 
    0x00, 0x00, 0x70, 0xE0, 0x07, 0x87, 0x00, 0x00, 0x00, 0x00, 0xE1, 0xC0, 0x03, 0x83, 0x00, 0x00, 
    0x00, 0x00, 0xE1, 0x80, 0x01, 0xC3, 0x80, 0x00, 0x00, 0x00, 0xC1, 0x87, 0xE0, 0xC3, 0x80, 0x00, 
    0x00, 0x00, 0xC0, 0x0F, 0xF0, 0xE1, 0x80, 0x00, 0x00, 0x00, 0xC0, 0x0E, 0x38, 0x61, 0x80, 0x00, 
    0x00, 0x00, 0x00, 0x1C, 0x18, 0x61, 0x80, 0x00, 0x00, 0x00, 0x07, 0x1C, 0x18, 0x61, 0x80, 0x00, 
    0x00, 0x00, 0x07, 0x1C, 0x18, 0x61, 0x80, 0x00, 0x00, 0x00, 0x87, 0x1C, 0x18, 0x61, 0x80, 0x00, 
    0x00, 0x01, 0xC7, 0x1C, 0x18, 0x61, 0x80, 0x00, 0x00, 0x01, 0xC7, 0x1C, 0x18, 0x61, 0x80, 0x00, 
    0x00, 0x01, 0xC7, 0x1C, 0x18, 0x61, 0x80, 0x00, 0x00, 0x01, 0xC7, 0x1C, 0x18, 0x01, 0x80, 0x00, 
    0x00, 0x01, 0xC7, 0x08, 0x18, 0x00, 0x00, 0x00, 0x00, 0x01, 0xC7, 0x00, 0x18, 0x00, 0x00, 0x00, 
    0x00, 0x01, 0xC7, 0x00, 0x18, 0x00, 0x00, 0x00, 0x00, 0x01, 0xC7, 0x00, 0x18, 0x00, 0x00, 0x00, 
    0x00, 0x01, 0xC7, 0x00, 0x08, 0x61, 0x80, 0x00, 0x00, 0x01, 0xC7, 0x1C, 0x00, 0x61, 0x80, 0x00, 
    0x00, 0x01, 0xC7, 0x1C, 0x00, 0x61, 0x80, 0x00, 0x00, 0x01, 0xC7, 0x1C, 0x00, 0x60, 0x00, 0x00, 
    0x00, 0x01, 0xC0, 0x1C, 0x00, 0x60, 0x00, 0x00, 0x00, 0x01, 0xC0, 0x1C, 0x18, 0x60, 0x00, 0x00, 
    0x00, 0x01, 0xC0, 0x1C, 0x18, 0x60, 0x00, 0x00, 0x00, 0x60, 0xF8, 0x1C, 0x18, 0x61, 0x82, 0x00, 
    0x00, 0x60, 0x78, 0x1C, 0x1C, 0x61, 0x87, 0x00, 0x00, 0x60, 0x00, 0x1C, 0x1F, 0xE1, 0x87, 0x00, 
    0x00, 0x60, 0x00, 0x1C, 0x0F, 0xC1, 0x87, 0x00, 0x00, 0x60, 0x00, 0x00, 0x03, 0x00, 0x07, 0x00, 
    0x00, 0x60, 0x00, 0x00, 0x00, 0x00, 0x07, 0x00, 0x00, 0x7F, 0x80, 0x00, 0x00, 0x00, 0xFF, 0x00, 
    0x00, 0x7F, 0x80, 0x00, 0x00, 0x01, 0xFF, 0x00, 0x00, 0x00, 0x00, 0x00, 0x00, 0x00, 0xFE, 0x00, 
    0x00, 0x00, 0x00, 0x00, 0x00, 0x00, 0x00, 0x00, 0x00, 0x00, 0x00, 0x00, 0x00, 0x00, 0x00, 0x00, 
    0x00, 0x00, 0x00, 0x00, 0x00, 0x00, 0x00, 0x00, 0x00, 0x00, 0x00, 0x00, 0x00, 0x00, 0x00, 0x00, 
    0x00, 0x00, 0x00, 0x00, 0x00, 0x00, 0x00, 0x00, 0x00, 0x00, 0x00, 0x00, 0x00, 0x00, 0x00, 0x00, 
    0x00, 0x00, 0x00, 0x00, 0x00, 0x00, 0x00, 0x00, 0x00, 0x00, 0x00, 0x00, 0x00, 0x00, 0x00, 0x00, 
      },
  {
    0x00, 0x00, 0x00, 0x00, 0x00, 0x00, 0x00, 0x00, 0x00, 0x00, 0x00, 0x00, 0x00, 0x00, 0x00, 0x00, 
    0x00, 0x00, 0x00, 0x00, 0x00, 0x00, 0x00, 0x00, 0x00, 0x00, 0x00, 0x00, 0x00, 0x00, 0x00, 0x00, 
    0x00, 0x00, 0x00, 0x00, 0x00, 0x00, 0x00, 0x00, 0x00, 0x00, 0x00, 0x00, 0x00, 0x00, 0x00, 0x00, 
    0x00, 0x00, 0x00, 0x00, 0x00, 0x00, 0x00, 0x00, 0x00, 0x00, 0x00, 0x00, 0x00, 0x00, 0x00, 0x00, 
    0x00, 0x00, 0x00, 0x00, 0x00, 0x00, 0x00, 0x00, 0x00, 0x7F, 0x80, 0x00, 0x00, 0x01, 0xFE, 0x00, 
    0x00, 0x7F, 0x80, 0x00, 0x00, 0x01, 0xFE, 0x00, 0x00, 0x60, 0x00, 0x00, 0x00, 0x00, 0x06, 0x00, 
    0x00, 0x60, 0x00, 0x00, 0x00, 0x00, 0x06, 0x00, 0x00, 0x60, 0x00, 0x1E, 0x00, 0x00, 0x06, 0x00, 
    0x00, 0x60, 0x00, 0x7E, 0x0F, 0x00, 0x06, 0x00, 0x00, 0x60, 0x00, 0xF0, 0x07, 0x00, 0x06, 0x00, 
    0x00, 0x60, 0x00, 0x40, 0x00, 0x00, 0x06, 0x00, 0x00, 0x00, 0x00, 0x00, 0x00, 0x00, 0x00, 0x00, 
    0x00, 0x00, 0x18, 0x00, 0x00, 0x08, 0x00, 0x00, 0x00, 0x00, 0x1C, 0x0E, 0x38, 0x1C, 0x00, 0x00, 
    0x00, 0x00, 0x38, 0x3E, 0x3C, 0x0E, 0x00, 0x00, 0x00, 0x07, 0xFF, 0xFF, 0xFF, 0xFF, 0xE0, 0x00, 
    0x00, 0x07, 0xFF, 0xFF, 0xFF, 0xFF, 0xE0, 0x00, 0x00, 0x00, 0xE1, 0xC0, 0x03, 0x83, 0x00, 0x00, 
    0x00, 0x00, 0xE1, 0x80, 0x01, 0xC3, 0x00, 0x00, 0x00, 0x00, 0xC1, 0x87, 0xE0, 0xC3, 0x80, 0x00, 
    0x00, 0x00, 0xC0, 0x0F, 0xF0, 0xE1, 0x80, 0x00, 0x00, 0x00, 0xC0, 0x0E, 0x38, 0x61, 0x80, 0x00, 
    0x00, 0x00, 0x00, 0x1C, 0x18, 0x61, 0x80, 0x00, 0x00, 0x00, 0x07, 0x1C, 0x18, 0x61, 0x80, 0x00, 
    0x00, 0x00, 0x07, 0x1C, 0x18, 0x61, 0x80, 0x00, 0x00, 0x00, 0x87, 0x1C, 0x18, 0x61, 0x80, 0x00, 
    0x00, 0x01, 0xC7, 0x1C, 0x18, 0x61, 0x80, 0x00, 0x00, 0x01, 0xC7, 0x1C, 0x18, 0x61, 0x80, 0x00, 
    0x00, 0x01, 0xC7, 0x1C, 0x18, 0x61, 0x80, 0x00, 0x00, 0x01, 0xC7, 0x1C, 0x18, 0x01, 0x80, 0x00, 
    0x00, 0x01, 0xC7, 0x08, 0x18, 0x00, 0x00, 0x00, 0x00, 0x01, 0xC7, 0x00, 0x18, 0x00, 0x00, 0x00, 
    0x00, 0x01, 0xC7, 0x00, 0x18, 0x00, 0x00, 0x00, 0x00, 0x01, 0xC7, 0x00, 0x18, 0x00, 0x00, 0x00, 
    0x00, 0x01, 0xC7, 0x00, 0x08, 0x61, 0x80, 0x00, 0x00, 0x01, 0xC7, 0x1C, 0x00, 0x61, 0x80, 0x00, 
    0x00, 0x01, 0xC7, 0x1C, 0x00, 0x61, 0x80, 0x00, 0x00, 0x01, 0xC7, 0x1C, 0x00, 0x60, 0x00, 0x00, 
    0x00, 0x01, 0xC0, 0x1C, 0x00, 0x60, 0x00, 0x00, 0x00, 0x01, 0xC0, 0x1C, 0x18, 0x60, 0x00, 0x00, 
    0x00, 0x01, 0xC0, 0x1C, 0x18, 0x60, 0x00, 0x00, 0x00, 0x60, 0xF8, 0x1C, 0x18, 0x61, 0x82, 0x00, 
    0x00, 0x60, 0x78, 0x1C, 0x1C, 0x61, 0x87, 0x00, 0x00, 0x60, 0x00, 0x1C, 0x1F, 0xE1, 0x87, 0x00, 
    0x00, 0x60, 0x00, 0x1C, 0x0F, 0xC1, 0x87, 0x00, 0x00, 0x60, 0x00, 0x00, 0x03, 0x00, 0x07, 0x00, 
    0x00, 0x60, 0x00, 0x00, 0x00, 0x00, 0x07, 0x00, 0x00, 0x7F, 0x80, 0x00, 0x00, 0x00, 0xFF, 0x00, 
    0x00, 0x7F, 0x80, 0x00, 0x00, 0x01, 0xFF, 0x00, 0x00, 0x00, 0x00, 0x00, 0x00, 0x00, 0xFE, 0x00, 
    0x00, 0x00, 0x00, 0x00, 0x00, 0x00, 0x00, 0x00, 0x00, 0x00, 0x00, 0x00, 0x00, 0x00, 0x00, 0x00, 
    0x00, 0x00, 0x00, 0x00, 0x00, 0x00, 0x00, 0x00, 0x00, 0x00, 0x00, 0x00, 0x00, 0x00, 0x00, 0x00, 
    0x00, 0x00, 0x00, 0x00, 0x00, 0x00, 0x00, 0x00, 0x00, 0x00, 0x00, 0x00, 0x00, 0x00, 0x00, 0x00, 
    0x00, 0x00, 0x00, 0x00, 0x00, 0x00, 0x00, 0x00, 0x00, 0x00, 0x00, 0x00, 0x00, 0x00, 0x00, 0x00, 
      },
  {
    0x00, 0x00, 0x00, 0x00, 0x00, 0x00, 0x00, 0x00, 0x00, 0x00, 0x00, 0x00, 0x00, 0x00, 0x00, 0x00, 
    0x00, 0x00, 0x00, 0x00, 0x00, 0x00, 0x00, 0x00, 0x00, 0x00, 0x00, 0x00, 0x00, 0x00, 0x00, 0x00, 
    0x00, 0x00, 0x00, 0x00, 0x00, 0x00, 0x00, 0x00, 0x00, 0x00, 0x00, 0x00, 0x00, 0x00, 0x00, 0x00, 
    0x00, 0x00, 0x00, 0x00, 0x00, 0x00, 0x00, 0x00, 0x00, 0x00, 0x00, 0x00, 0x00, 0x00, 0x00, 0x00, 
    0x00, 0x00, 0x00, 0x00, 0x00, 0x00, 0x00, 0x00, 0x00, 0x7F, 0x80, 0x00, 0x00, 0x01, 0xFE, 0x00, 
    0x00, 0x7F, 0x80, 0x00, 0x00, 0x01, 0xFE, 0x00, 0x00, 0x60, 0x00, 0x00, 0x00, 0x00, 0x06, 0x00, 
    0x00, 0x60, 0x00, 0x00, 0x00, 0x00, 0x06, 0x00, 0x00, 0x60, 0x00, 0x1E, 0x00, 0x00, 0x06, 0x00, 
    0x00, 0x60, 0x00, 0x7E, 0x0F, 0x00, 0x06, 0x00, 0x00, 0x60, 0x00, 0xF0, 0x07, 0x00, 0x06, 0x00, 
    0x00, 0x60, 0x00, 0x40, 0x00, 0x00, 0x06, 0x00, 0x00, 0x00, 0x00, 0x00, 0x00, 0x00, 0x00, 0x00, 
    0x00, 0x00, 0x18, 0x00, 0x00, 0x08, 0x00, 0x00, 0x00, 0x00, 0x1C, 0x0E, 0x38, 0x1C, 0x00, 0x00, 
    0x00, 0x00, 0x38, 0x3E, 0x3C, 0x0E, 0x00, 0x00, 0x00, 0x00, 0x70, 0x7C, 0x1F, 0x0E, 0x00, 0x00, 
    0x00, 0x07, 0xFF, 0xFF, 0xFF, 0xFF, 0xE0, 0x00, 0x00, 0x07, 0xFF, 0xFF, 0xFF, 0xFF, 0xE0, 0x00, 
    0x00, 0x00, 0xE3, 0x80, 0x01, 0xC3, 0x80, 0x00, 0x00, 0x00, 0xC1, 0x83, 0xE0, 0xC3, 0x80, 0x00, 
    0x00, 0x00, 0xC0, 0x0F, 0xF0, 0xE1, 0x80, 0x00, 0x00, 0x00, 0xC0, 0x0E, 0x38, 0x61, 0x80, 0x00, 
    0x00, 0x00, 0x00, 0x1C, 0x18, 0x61, 0x80, 0x00, 0x00, 0x00, 0x07, 0x1C, 0x18, 0x61, 0x80, 0x00, 
    0x00, 0x00, 0x07, 0x1C, 0x18, 0x61, 0x80, 0x00, 0x00, 0x00, 0x87, 0x1C, 0x18, 0x61, 0x80, 0x00, 
    0x00, 0x01, 0xC7, 0x1C, 0x18, 0x61, 0x80, 0x00, 0x00, 0x01, 0xC7, 0x1C, 0x18, 0x61, 0x80, 0x00, 
    0x00, 0x01, 0xC7, 0x1C, 0x18, 0x61, 0x80, 0x00, 0x00, 0x01, 0xC7, 0x1C, 0x18, 0x01, 0x80, 0x00, 
    0x00, 0x01, 0xC7, 0x08, 0x18, 0x00, 0x00, 0x00, 0x00, 0x01, 0xC7, 0x00, 0x18, 0x00, 0x00, 0x00, 
    0x00, 0x01, 0xC7, 0x00, 0x18, 0x00, 0x00, 0x00, 0x00, 0x01, 0xC7, 0x00, 0x18, 0x00, 0x00, 0x00, 
    0x00, 0x01, 0xC7, 0x00, 0x08, 0x61, 0x80, 0x00, 0x00, 0x01, 0xC7, 0x1C, 0x00, 0x61, 0x80, 0x00, 
    0x00, 0x01, 0xC7, 0x1C, 0x00, 0x61, 0x80, 0x00, 0x00, 0x01, 0xC7, 0x1C, 0x00, 0x60, 0x00, 0x00, 
    0x00, 0x01, 0xC0, 0x1C, 0x00, 0x60, 0x00, 0x00, 0x00, 0x01, 0xC0, 0x1C, 0x18, 0x60, 0x00, 0x00, 
    0x00, 0x01, 0xC0, 0x1C, 0x18, 0x60, 0x00, 0x00, 0x00, 0x60, 0xF8, 0x1C, 0x18, 0x61, 0x82, 0x00, 
    0x00, 0x60, 0x78, 0x1C, 0x1C, 0x61, 0x87, 0x00, 0x00, 0x60, 0x00, 0x1C, 0x1F, 0xE1, 0x87, 0x00, 
    0x00, 0x60, 0x00, 0x1C, 0x0F, 0xC1, 0x87, 0x00, 0x00, 0x60, 0x00, 0x00, 0x03, 0x00, 0x07, 0x00, 
    0x00, 0x60, 0x00, 0x00, 0x00, 0x00, 0x07, 0x00, 0x00, 0x7F, 0x80, 0x00, 0x00, 0x00, 0xFF, 0x00, 
    0x00, 0x7F, 0x80, 0x00, 0x00, 0x01, 0xFF, 0x00, 0x00, 0x00, 0x00, 0x00, 0x00, 0x00, 0xFE, 0x00, 
    0x00, 0x00, 0x00, 0x00, 0x00, 0x00, 0x00, 0x00, 0x00, 0x00, 0x00, 0x00, 0x00, 0x00, 0x00, 0x00, 
    0x00, 0x00, 0x00, 0x00, 0x00, 0x00, 0x00, 0x00, 0x00, 0x00, 0x00, 0x00, 0x00, 0x00, 0x00, 0x00, 
    0x00, 0x00, 0x00, 0x00, 0x00, 0x00, 0x00, 0x00, 0x00, 0x00, 0x00, 0x00, 0x00, 0x00, 0x00, 0x00, 
    0x00, 0x00, 0x00, 0x00, 0x00, 0x00, 0x00, 0x00, 0x00, 0x00, 0x00, 0x00, 0x00, 0x00, 0x00, 0x00, 
      },
  {
    0x00, 0x00, 0x00, 0x00, 0x00, 0x00, 0x00, 0x00, 0x00, 0x00, 0x00, 0x00, 0x00, 0x00, 0x00, 0x00, 
    0x00, 0x00, 0x00, 0x00, 0x00, 0x00, 0x00, 0x00, 0x00, 0x00, 0x00, 0x00, 0x00, 0x00, 0x00, 0x00, 
    0x00, 0x00, 0x00, 0x00, 0x00, 0x00, 0x00, 0x00, 0x00, 0x00, 0x00, 0x00, 0x00, 0x00, 0x00, 0x00, 
    0x00, 0x00, 0x00, 0x00, 0x00, 0x00, 0x00, 0x00, 0x00, 0x00, 0x00, 0x00, 0x00, 0x00, 0x00, 0x00, 
    0x00, 0x00, 0x00, 0x00, 0x00, 0x00, 0x00, 0x00, 0x00, 0x7F, 0x80, 0x00, 0x00, 0x01, 0xFE, 0x00, 
    0x00, 0x7F, 0x80, 0x00, 0x00, 0x01, 0xFE, 0x00, 0x00, 0x60, 0x00, 0x00, 0x00, 0x00, 0x06, 0x00, 
    0x00, 0x60, 0x00, 0x00, 0x00, 0x00, 0x06, 0x00, 0x00, 0x60, 0x00, 0x1E, 0x00, 0x00, 0x06, 0x00, 
    0x00, 0x60, 0x00, 0x7E, 0x0F, 0x00, 0x06, 0x00, 0x00, 0x60, 0x00, 0xF0, 0x07, 0x00, 0x06, 0x00, 
    0x00, 0x60, 0x00, 0x40, 0x00, 0x00, 0x06, 0x00, 0x00, 0x00, 0x00, 0x00, 0x00, 0x00, 0x00, 0x00, 
    0x00, 0x00, 0x18, 0x00, 0x00, 0x08, 0x00, 0x00, 0x00, 0x00, 0x1C, 0x0E, 0x38, 0x1C, 0x00, 0x00, 
    0x00, 0x00, 0x38, 0x3E, 0x3C, 0x0E, 0x00, 0x00, 0x00, 0x00, 0x70, 0x78, 0x1F, 0x0E, 0x00, 0x00, 
    0x00, 0x00, 0x70, 0xF0, 0x07, 0x87, 0x00, 0x00, 0x00, 0x07, 0xFF, 0xFF, 0xFF, 0xFF, 0xE0, 0x00, 
    0x00, 0x07, 0xFF, 0xFF, 0xFF, 0xFF, 0xE0, 0x00, 0x00, 0x00, 0xC1, 0x87, 0xE0, 0xE3, 0x80, 0x00, 
    0x00, 0x00, 0xC0, 0x0F, 0xF0, 0xE1, 0x80, 0x00, 0x00, 0x00, 0xC0, 0x0E, 0x38, 0x61, 0x80, 0x00, 
    0x00, 0x00, 0x00, 0x1C, 0x18, 0x61, 0x80, 0x00, 0x00, 0x00, 0x07, 0x1C, 0x18, 0x61, 0x80, 0x00, 
    0x00, 0x00, 0x07, 0x1C, 0x18, 0x61, 0x80, 0x00, 0x00, 0x00, 0x87, 0x1C, 0x18, 0x61, 0x80, 0x00, 
    0x00, 0x01, 0xC7, 0x1C, 0x18, 0x61, 0x80, 0x00, 0x00, 0x01, 0xC7, 0x1C, 0x18, 0x61, 0x80, 0x00, 
    0x00, 0x01, 0xC7, 0x1C, 0x18, 0x61, 0x80, 0x00, 0x00, 0x01, 0xC7, 0x1C, 0x18, 0x01, 0x80, 0x00, 
    0x00, 0x01, 0xC7, 0x08, 0x18, 0x00, 0x00, 0x00, 0x00, 0x01, 0xC7, 0x00, 0x18, 0x00, 0x00, 0x00, 
    0x00, 0x01, 0xC7, 0x00, 0x18, 0x00, 0x00, 0x00, 0x00, 0x01, 0xC7, 0x00, 0x18, 0x00, 0x00, 0x00, 
    0x00, 0x01, 0xC7, 0x00, 0x08, 0x61, 0x80, 0x00, 0x00, 0x01, 0xC7, 0x1C, 0x00, 0x61, 0x80, 0x00, 
    0x00, 0x01, 0xC7, 0x1C, 0x00, 0x61, 0x80, 0x00, 0x00, 0x01, 0xC7, 0x1C, 0x00, 0x60, 0x00, 0x00, 
    0x00, 0x01, 0xC0, 0x1C, 0x00, 0x60, 0x00, 0x00, 0x00, 0x01, 0xC0, 0x1C, 0x18, 0x60, 0x00, 0x00, 
    0x00, 0x01, 0xC0, 0x1C, 0x18, 0x60, 0x00, 0x00, 0x00, 0x60, 0xF8, 0x1C, 0x18, 0x61, 0x82, 0x00, 
    0x00, 0x60, 0x78, 0x1C, 0x1C, 0x61, 0x87, 0x00, 0x00, 0x60, 0x00, 0x1C, 0x1F, 0xE1, 0x87, 0x00, 
    0x00, 0x60, 0x00, 0x1C, 0x0F, 0xC1, 0x87, 0x00, 0x00, 0x60, 0x00, 0x00, 0x03, 0x00, 0x07, 0x00, 
    0x00, 0x60, 0x00, 0x00, 0x00, 0x00, 0x07, 0x00, 0x00, 0x7F, 0x80, 0x00, 0x00, 0x00, 0xFF, 0x00, 
    0x00, 0x7F, 0x80, 0x00, 0x00, 0x01, 0xFF, 0x00, 0x00, 0x00, 0x00, 0x00, 0x00, 0x00, 0xFE, 0x00, 
    0x00, 0x00, 0x00, 0x00, 0x00, 0x00, 0x00, 0x00, 0x00, 0x00, 0x00, 0x00, 0x00, 0x00, 0x00, 0x00, 
    0x00, 0x00, 0x00, 0x00, 0x00, 0x00, 0x00, 0x00, 0x00, 0x00, 0x00, 0x00, 0x00, 0x00, 0x00, 0x00, 
    0x00, 0x00, 0x00, 0x00, 0x00, 0x00, 0x00, 0x00, 0x00, 0x00, 0x00, 0x00, 0x00, 0x00, 0x00, 0x00, 
    0x00, 0x00, 0x00, 0x00, 0x00, 0x00, 0x00, 0x00, 0x00, 0x00, 0x00, 0x00, 0x00, 0x00, 0x00, 0x00, 
      },
  {
    0x00, 0x00, 0x00, 0x00, 0x00, 0x00, 0x00, 0x00, 0x00, 0x00, 0x00, 0x00, 0x00, 0x00, 0x00, 0x00, 
    0x00, 0x00, 0x00, 0x00, 0x00, 0x00, 0x00, 0x00, 0x00, 0x00, 0x00, 0x00, 0x00, 0x00, 0x00, 0x00, 
    0x00, 0x00, 0x00, 0x00, 0x00, 0x00, 0x00, 0x00, 0x00, 0x00, 0x00, 0x00, 0x00, 0x00, 0x00, 0x00, 
    0x00, 0x00, 0x00, 0x00, 0x00, 0x00, 0x00, 0x00, 0x00, 0x00, 0x00, 0x00, 0x00, 0x00, 0x00, 0x00, 
    0x00, 0x00, 0x00, 0x00, 0x00, 0x00, 0x00, 0x00, 0x00, 0x7F, 0x80, 0x00, 0x00, 0x01, 0xFE, 0x00, 
    0x00, 0x7F, 0x80, 0x00, 0x00, 0x01, 0xFE, 0x00, 0x00, 0x60, 0x00, 0x00, 0x00, 0x00, 0x06, 0x00, 
    0x00, 0x60, 0x00, 0x00, 0x00, 0x00, 0x06, 0x00, 0x00, 0x60, 0x00, 0x1E, 0x00, 0x00, 0x06, 0x00, 
    0x00, 0x60, 0x00, 0x7E, 0x0F, 0x00, 0x06, 0x00, 0x00, 0x60, 0x00, 0xF0, 0x07, 0x00, 0x06, 0x00, 
    0x00, 0x60, 0x00, 0x40, 0x00, 0x00, 0x06, 0x00, 0x00, 0x00, 0x00, 0x00, 0x00, 0x00, 0x00, 0x00, 
    0x00, 0x00, 0x18, 0x00, 0x00, 0x08, 0x00, 0x00, 0x00, 0x00, 0x1C, 0x0E, 0x38, 0x1C, 0x00, 0x00, 
    0x00, 0x00, 0x38, 0x3E, 0x3C, 0x0E, 0x00, 0x00, 0x00, 0x00, 0x70, 0x78, 0x1F, 0x0E, 0x00, 0x00, 
    0x00, 0x00, 0x60, 0xE0, 0x07, 0x87, 0x00, 0x00, 0x00, 0x00, 0xE1, 0xC0, 0x03, 0x83, 0x00, 0x00, 
    0x00, 0x07, 0xFF, 0xFF, 0xFF, 0xFF, 0xE0, 0x00, 0x00, 0x07, 0xFF, 0xFF, 0xFF, 0xFF, 0xE0, 0x00, 
    0x00, 0x01, 0xC0, 0x0F, 0xF0, 0xE3, 0x80, 0x00, 0x00, 0x00, 0xC0, 0x0E, 0x38, 0x61, 0x80, 0x00, 
    0x00, 0x00, 0x00, 0x1C, 0x18, 0x61, 0x80, 0x00, 0x00, 0x00, 0x07, 0x1C, 0x18, 0x61, 0x80, 0x00, 
    0x00, 0x00, 0x07, 0x1C, 0x18, 0x61, 0x80, 0x00, 0x00, 0x00, 0x87, 0x1C, 0x18, 0x61, 0x80, 0x00, 
    0x00, 0x01, 0xC7, 0x1C, 0x18, 0x61, 0x80, 0x00, 0x00, 0x01, 0xC7, 0x1C, 0x18, 0x61, 0x80, 0x00, 
    0x00, 0x01, 0xC7, 0x1C, 0x18, 0x61, 0x80, 0x00, 0x00, 0x01, 0xC7, 0x1C, 0x18, 0x01, 0x80, 0x00, 
    0x00, 0x01, 0xC7, 0x08, 0x18, 0x00, 0x00, 0x00, 0x00, 0x01, 0xC7, 0x00, 0x18, 0x00, 0x00, 0x00, 
    0x00, 0x01, 0xC7, 0x00, 0x18, 0x00, 0x00, 0x00, 0x00, 0x01, 0xC7, 0x00, 0x18, 0x00, 0x00, 0x00, 
    0x00, 0x01, 0xC7, 0x00, 0x08, 0x61, 0x80, 0x00, 0x00, 0x01, 0xC7, 0x1C, 0x00, 0x61, 0x80, 0x00, 
    0x00, 0x01, 0xC7, 0x1C, 0x00, 0x61, 0x80, 0x00, 0x00, 0x01, 0xC7, 0x1C, 0x00, 0x60, 0x00, 0x00, 
    0x00, 0x01, 0xC0, 0x1C, 0x00, 0x60, 0x00, 0x00, 0x00, 0x01, 0xC0, 0x1C, 0x18, 0x60, 0x00, 0x00, 
    0x00, 0x01, 0xC0, 0x1C, 0x18, 0x60, 0x00, 0x00, 0x00, 0x60, 0xF8, 0x1C, 0x18, 0x61, 0x82, 0x00, 
    0x00, 0x60, 0x78, 0x1C, 0x1C, 0x61, 0x87, 0x00, 0x00, 0x60, 0x00, 0x1C, 0x1F, 0xE1, 0x87, 0x00, 
    0x00, 0x60, 0x00, 0x1C, 0x0F, 0xC1, 0x87, 0x00, 0x00, 0x60, 0x00, 0x00, 0x03, 0x00, 0x07, 0x00, 
    0x00, 0x60, 0x00, 0x00, 0x00, 0x00, 0x07, 0x00, 0x00, 0x7F, 0x80, 0x00, 0x00, 0x00, 0xFF, 0x00, 
    0x00, 0x7F, 0x80, 0x00, 0x00, 0x01, 0xFF, 0x00, 0x00, 0x00, 0x00, 0x00, 0x00, 0x00, 0xFE, 0x00, 
    0x00, 0x00, 0x00, 0x00, 0x00, 0x00, 0x00, 0x00, 0x00, 0x00, 0x00, 0x00, 0x00, 0x00, 0x00, 0x00, 
    0x00, 0x00, 0x00, 0x00, 0x00, 0x00, 0x00, 0x00, 0x00, 0x00, 0x00, 0x00, 0x00, 0x00, 0x00, 0x00, 
    0x00, 0x00, 0x00, 0x00, 0x00, 0x00, 0x00, 0x00, 0x00, 0x00, 0x00, 0x00, 0x00, 0x00, 0x00, 0x00, 
    0x00, 0x00, 0x00, 0x00, 0x00, 0x00, 0x00, 0x00, 0x00, 0x00, 0x00, 0x00, 0x00, 0x00, 0x00, 0x00, 
      },
  {
    0x00, 0x00, 0x00, 0x00, 0x00, 0x00, 0x00, 0x00, 0x00, 0x00, 0x00, 0x00, 0x00, 0x00, 0x00, 0x00, 
    0x00, 0x00, 0x00, 0x00, 0x00, 0x00, 0x00, 0x00, 0x00, 0x00, 0x00, 0x00, 0x00, 0x00, 0x00, 0x00, 
    0x00, 0x00, 0x00, 0x00, 0x00, 0x00, 0x00, 0x00, 0x00, 0x00, 0x00, 0x00, 0x00, 0x00, 0x00, 0x00, 
    0x00, 0x00, 0x00, 0x00, 0x00, 0x00, 0x00, 0x00, 0x00, 0x00, 0x00, 0x00, 0x00, 0x00, 0x00, 0x00, 
    0x00, 0x00, 0x00, 0x00, 0x00, 0x00, 0x00, 0x00, 0x00, 0x7F, 0x80, 0x00, 0x00, 0x01, 0xFE, 0x00, 
    0x00, 0x7F, 0x80, 0x00, 0x00, 0x01, 0xFE, 0x00, 0x00, 0x60, 0x00, 0x00, 0x00, 0x00, 0x06, 0x00, 
    0x00, 0x60, 0x00, 0x00, 0x00, 0x00, 0x06, 0x00, 0x00, 0x60, 0x00, 0x1E, 0x00, 0x00, 0x06, 0x00, 
    0x00, 0x60, 0x00, 0x7E, 0x0F, 0x00, 0x06, 0x00, 0x00, 0x60, 0x00, 0xF0, 0x07, 0x00, 0x06, 0x00, 
    0x00, 0x60, 0x00, 0x40, 0x00, 0x00, 0x06, 0x00, 0x00, 0x00, 0x00, 0x00, 0x00, 0x00, 0x00, 0x00, 
    0x00, 0x00, 0x18, 0x00, 0x00, 0x08, 0x00, 0x00, 0x00, 0x00, 0x1C, 0x0E, 0x38, 0x1C, 0x00, 0x00, 
    0x00, 0x00, 0x38, 0x3E, 0x3C, 0x0E, 0x00, 0x00, 0x00, 0x00, 0x70, 0x78, 0x1F, 0x0E, 0x00, 0x00, 
    0x00, 0x00, 0x60, 0xE0, 0x07, 0x87, 0x00, 0x00, 0x00, 0x00, 0xE1, 0xC0, 0x03, 0x83, 0x00, 0x00, 
    0x00, 0x00, 0xE1, 0x80, 0x01, 0xC3, 0x80, 0x00, 0x00, 0x07, 0xFF, 0xFF, 0xFF, 0xFF, 0xE0, 0x00, 
    0x00, 0x07, 0xFF, 0xFF, 0xFF, 0xFF, 0xE0, 0x00, 0x00, 0x01, 0xC0, 0x0E, 0x38, 0x61, 0x80, 0x00, 
    0x00, 0x00, 0x00, 0x1C, 0x18, 0x61, 0x80, 0x00, 0x00, 0x00, 0x07, 0x1C, 0x18, 0x61, 0x80, 0x00, 
    0x00, 0x00, 0x07, 0x1C, 0x18, 0x61, 0x80, 0x00, 0x00, 0x00, 0x87, 0x1C, 0x18, 0x61, 0x80, 0x00, 
    0x00, 0x01, 0xC7, 0x1C, 0x18, 0x61, 0x80, 0x00, 0x00, 0x01, 0xC7, 0x1C, 0x18, 0x61, 0x80, 0x00, 
    0x00, 0x01, 0xC7, 0x1C, 0x18, 0x61, 0x80, 0x00, 0x00, 0x01, 0xC7, 0x1C, 0x18, 0x01, 0x80, 0x00, 
    0x00, 0x01, 0xC7, 0x08, 0x18, 0x00, 0x00, 0x00, 0x00, 0x01, 0xC7, 0x00, 0x18, 0x00, 0x00, 0x00, 
    0x00, 0x01, 0xC7, 0x00, 0x18, 0x00, 0x00, 0x00, 0x00, 0x01, 0xC7, 0x00, 0x18, 0x00, 0x00, 0x00, 
    0x00, 0x01, 0xC7, 0x00, 0x08, 0x61, 0x80, 0x00, 0x00, 0x01, 0xC7, 0x1C, 0x00, 0x61, 0x80, 0x00, 
    0x00, 0x01, 0xC7, 0x1C, 0x00, 0x61, 0x80, 0x00, 0x00, 0x01, 0xC7, 0x1C, 0x00, 0x60, 0x00, 0x00, 
    0x00, 0x01, 0xC0, 0x1C, 0x00, 0x60, 0x00, 0x00, 0x00, 0x01, 0xC0, 0x1C, 0x18, 0x60, 0x00, 0x00, 
    0x00, 0x01, 0xC0, 0x1C, 0x18, 0x60, 0x00, 0x00, 0x00, 0x60, 0xF8, 0x1C, 0x18, 0x61, 0x82, 0x00, 
    0x00, 0x60, 0x78, 0x1C, 0x1C, 0x61, 0x87, 0x00, 0x00, 0x60, 0x00, 0x1C, 0x1F, 0xE1, 0x87, 0x00, 
    0x00, 0x60, 0x00, 0x1C, 0x0F, 0xC1, 0x87, 0x00, 0x00, 0x60, 0x00, 0x00, 0x03, 0x00, 0x07, 0x00, 
    0x00, 0x60, 0x00, 0x00, 0x00, 0x00, 0x07, 0x00, 0x00, 0x7F, 0x80, 0x00, 0x00, 0x00, 0xFF, 0x00, 
    0x00, 0x7F, 0x80, 0x00, 0x00, 0x01, 0xFF, 0x00, 0x00, 0x00, 0x00, 0x00, 0x00, 0x00, 0xFE, 0x00, 
    0x00, 0x00, 0x00, 0x00, 0x00, 0x00, 0x00, 0x00, 0x00, 0x00, 0x00, 0x00, 0x00, 0x00, 0x00, 0x00, 
    0x00, 0x00, 0x00, 0x00, 0x00, 0x00, 0x00, 0x00, 0x00, 0x00, 0x00, 0x00, 0x00, 0x00, 0x00, 0x00, 
    0x00, 0x00, 0x00, 0x00, 0x00, 0x00, 0x00, 0x00, 0x00, 0x00, 0x00, 0x00, 0x00, 0x00, 0x00, 0x00, 
    0x00, 0x00, 0x00, 0x00, 0x00, 0x00, 0x00, 0x00, 0x00, 0x00, 0x00, 0x00, 0x00, 0x00, 0x00, 0x00, 
      },
  {
    0x00, 0x00, 0x00, 0x00, 0x00, 0x00, 0x00, 0x00, 0x00, 0x00, 0x00, 0x00, 0x00, 0x00, 0x00, 0x00, 
    0x00, 0x00, 0x00, 0x00, 0x00, 0x00, 0x00, 0x00, 0x00, 0x00, 0x00, 0x00, 0x00, 0x00, 0x00, 0x00, 
    0x00, 0x00, 0x00, 0x00, 0x00, 0x00, 0x00, 0x00, 0x00, 0x00, 0x00, 0x00, 0x00, 0x00, 0x00, 0x00, 
    0x00, 0x00, 0x00, 0x00, 0x00, 0x00, 0x00, 0x00, 0x00, 0x00, 0x00, 0x00, 0x00, 0x00, 0x00, 0x00, 
    0x00, 0x00, 0x00, 0x00, 0x00, 0x00, 0x00, 0x00, 0x00, 0x7F, 0x80, 0x00, 0x00, 0x01, 0xFE, 0x00, 
    0x00, 0x7F, 0x80, 0x00, 0x00, 0x01, 0xFE, 0x00, 0x00, 0x60, 0x00, 0x00, 0x00, 0x00, 0x06, 0x00, 
    0x00, 0x60, 0x00, 0x00, 0x00, 0x00, 0x06, 0x00, 0x00, 0x60, 0x00, 0x1E, 0x00, 0x00, 0x06, 0x00, 
    0x00, 0x60, 0x00, 0x7E, 0x0F, 0x00, 0x06, 0x00, 0x00, 0x60, 0x00, 0xF0, 0x07, 0x00, 0x06, 0x00, 
    0x00, 0x60, 0x00, 0x40, 0x00, 0x00, 0x06, 0x00, 0x00, 0x00, 0x00, 0x00, 0x00, 0x00, 0x00, 0x00, 
    0x00, 0x00, 0x18, 0x00, 0x00, 0x08, 0x00, 0x00, 0x00, 0x00, 0x1C, 0x0E, 0x38, 0x1C, 0x00, 0x00, 
    0x00, 0x00, 0x38, 0x3E, 0x3C, 0x0E, 0x00, 0x00, 0x00, 0x00, 0x70, 0x78, 0x1F, 0x0E, 0x00, 0x00, 
    0x00, 0x00, 0x60, 0xE0, 0x07, 0x87, 0x00, 0x00, 0x00, 0x00, 0xE1, 0xC0, 0x03, 0x83, 0x00, 0x00, 
    0x00, 0x00, 0xE1, 0x80, 0x01, 0xC3, 0x00, 0x00, 0x00, 0x00, 0xC1, 0x87, 0xE0, 0xE3, 0x80, 0x00, 
    0x00, 0x07, 0xFF, 0xFF, 0xFF, 0xFF, 0xE0, 0x00, 0x00, 0x07, 0xFF, 0xFF, 0xFF, 0xFF, 0xE0, 0x00, 
    0x00, 0x00, 0x02, 0x1C, 0x38, 0x61, 0x80, 0x00, 0x00, 0x00, 0x07, 0x1C, 0x18, 0x61, 0x80, 0x00, 
    0x00, 0x00, 0x07, 0x1C, 0x18, 0x61, 0x80, 0x00, 0x00, 0x00, 0x87, 0x1C, 0x18, 0x61, 0x80, 0x00, 
    0x00, 0x01, 0xC7, 0x1C, 0x18, 0x61, 0x80, 0x00, 0x00, 0x01, 0xC7, 0x1C, 0x18, 0x61, 0x80, 0x00, 
    0x00, 0x01, 0xC7, 0x1C, 0x18, 0x61, 0x80, 0x00, 0x00, 0x01, 0xC7, 0x1C, 0x18, 0x01, 0x80, 0x00, 
    0x00, 0x01, 0xC7, 0x08, 0x18, 0x00, 0x00, 0x00, 0x00, 0x01, 0xC7, 0x00, 0x18, 0x00, 0x00, 0x00, 
    0x00, 0x01, 0xC7, 0x00, 0x18, 0x00, 0x00, 0x00, 0x00, 0x01, 0xC7, 0x00, 0x18, 0x00, 0x00, 0x00, 
    0x00, 0x01, 0xC7, 0x00, 0x08, 0x61, 0x80, 0x00, 0x00, 0x01, 0xC7, 0x1C, 0x00, 0x61, 0x80, 0x00, 
    0x00, 0x01, 0xC7, 0x1C, 0x00, 0x61, 0x80, 0x00, 0x00, 0x01, 0xC7, 0x1C, 0x00, 0x60, 0x00, 0x00, 
    0x00, 0x01, 0xC0, 0x1C, 0x00, 0x60, 0x00, 0x00, 0x00, 0x01, 0xC0, 0x1C, 0x18, 0x60, 0x00, 0x00, 
    0x00, 0x01, 0xC0, 0x1C, 0x18, 0x60, 0x00, 0x00, 0x00, 0x60, 0xF8, 0x1C, 0x18, 0x61, 0x82, 0x00, 
    0x00, 0x60, 0x78, 0x1C, 0x1C, 0x61, 0x87, 0x00, 0x00, 0x60, 0x00, 0x1C, 0x1F, 0xE1, 0x87, 0x00, 
    0x00, 0x60, 0x00, 0x1C, 0x0F, 0xC1, 0x87, 0x00, 0x00, 0x60, 0x00, 0x00, 0x03, 0x00, 0x07, 0x00, 
    0x00, 0x60, 0x00, 0x00, 0x00, 0x00, 0x07, 0x00, 0x00, 0x7F, 0x80, 0x00, 0x00, 0x00, 0xFF, 0x00, 
    0x00, 0x7F, 0x80, 0x00, 0x00, 0x01, 0xFF, 0x00, 0x00, 0x00, 0x00, 0x00, 0x00, 0x00, 0xFE, 0x00, 
    0x00, 0x00, 0x00, 0x00, 0x00, 0x00, 0x00, 0x00, 0x00, 0x00, 0x00, 0x00, 0x00, 0x00, 0x00, 0x00, 
    0x00, 0x00, 0x00, 0x00, 0x00, 0x00, 0x00, 0x00, 0x00, 0x00, 0x00, 0x00, 0x00, 0x00, 0x00, 0x00, 
    0x00, 0x00, 0x00, 0x00, 0x00, 0x00, 0x00, 0x00, 0x00, 0x00, 0x00, 0x00, 0x00, 0x00, 0x00, 0x00, 
    0x00, 0x00, 0x00, 0x00, 0x00, 0x00, 0x00, 0x00, 0x00, 0x00, 0x00, 0x00, 0x00, 0x00, 0x00, 0x00, 
      },
  {
    0x00, 0x00, 0x00, 0x00, 0x00, 0x00, 0x00, 0x00, 0x00, 0x00, 0x00, 0x00, 0x00, 0x00, 0x00, 0x00, 
    0x00, 0x00, 0x00, 0x00, 0x00, 0x00, 0x00, 0x00, 0x00, 0x00, 0x00, 0x00, 0x00, 0x00, 0x00, 0x00, 
    0x00, 0x00, 0x00, 0x00, 0x00, 0x00, 0x00, 0x00, 0x00, 0x00, 0x00, 0x00, 0x00, 0x00, 0x00, 0x00, 
    0x00, 0x00, 0x00, 0x00, 0x00, 0x00, 0x00, 0x00, 0x00, 0x00, 0x00, 0x00, 0x00, 0x00, 0x00, 0x00, 
    0x00, 0x00, 0x00, 0x00, 0x00, 0x00, 0x00, 0x00, 0x00, 0x7F, 0x80, 0x00, 0x00, 0x01, 0xFE, 0x00, 
    0x00, 0x7F, 0x80, 0x00, 0x00, 0x01, 0xFE, 0x00, 0x00, 0x60, 0x00, 0x00, 0x00, 0x00, 0x06, 0x00, 
    0x00, 0x60, 0x00, 0x00, 0x00, 0x00, 0x06, 0x00, 0x00, 0x60, 0x00, 0x1E, 0x00, 0x00, 0x06, 0x00, 
    0x00, 0x60, 0x00, 0x7E, 0x0F, 0x00, 0x06, 0x00, 0x00, 0x60, 0x00, 0xF0, 0x07, 0x00, 0x06, 0x00, 
    0x00, 0x60, 0x00, 0x40, 0x00, 0x00, 0x06, 0x00, 0x00, 0x00, 0x00, 0x00, 0x00, 0x00, 0x00, 0x00, 
    0x00, 0x00, 0x18, 0x00, 0x00, 0x08, 0x00, 0x00, 0x00, 0x00, 0x1C, 0x0E, 0x38, 0x1C, 0x00, 0x00, 
    0x00, 0x00, 0x38, 0x3E, 0x3C, 0x0E, 0x00, 0x00, 0x00, 0x00, 0x70, 0x78, 0x1F, 0x0E, 0x00, 0x00, 
    0x00, 0x00, 0x60, 0xE0, 0x07, 0x87, 0x00, 0x00, 0x00, 0x00, 0xE1, 0xC0, 0x03, 0x83, 0x00, 0x00, 
    0x00, 0x00, 0xE1, 0x80, 0x01, 0xC3, 0x80, 0x00, 0x00, 0x00, 0xC1, 0x87, 0xE0, 0xC3, 0x80, 0x00, 
    0x00, 0x00, 0xC0, 0x0F, 0xF0, 0xE1, 0x80, 0x00, 0x00, 0x07, 0xFF, 0xFF, 0xFF, 0xFF, 0xE0, 0x00, 
    0x00, 0x07, 0xFF, 0xFF, 0xFF, 0xFF, 0xE0, 0x00, 0x00, 0x00, 0x07, 0x1C, 0x18, 0x61, 0x80, 0x00, 
    0x00, 0x00, 0x07, 0x1C, 0x18, 0x61, 0x80, 0x00, 0x00, 0x00, 0x87, 0x1C, 0x18, 0x61, 0x80, 0x00, 
    0x00, 0x01, 0xC7, 0x1C, 0x18, 0x61, 0x80, 0x00, 0x00, 0x01, 0xC7, 0x1C, 0x18, 0x61, 0x80, 0x00, 
    0x00, 0x01, 0xC7, 0x1C, 0x18, 0x61, 0x80, 0x00, 0x00, 0x01, 0xC7, 0x1C, 0x18, 0x01, 0x80, 0x00, 
    0x00, 0x01, 0xC7, 0x08, 0x18, 0x00, 0x00, 0x00, 0x00, 0x01, 0xC7, 0x00, 0x18, 0x00, 0x00, 0x00, 
    0x00, 0x01, 0xC7, 0x00, 0x18, 0x00, 0x00, 0x00, 0x00, 0x01, 0xC7, 0x00, 0x18, 0x00, 0x00, 0x00, 
    0x00, 0x01, 0xC7, 0x00, 0x08, 0x61, 0x80, 0x00, 0x00, 0x01, 0xC7, 0x1C, 0x00, 0x61, 0x80, 0x00, 
    0x00, 0x01, 0xC7, 0x1C, 0x00, 0x61, 0x80, 0x00, 0x00, 0x01, 0xC7, 0x1C, 0x00, 0x60, 0x00, 0x00, 
    0x00, 0x01, 0xC0, 0x1C, 0x00, 0x60, 0x00, 0x00, 0x00, 0x01, 0xC0, 0x1C, 0x18, 0x60, 0x00, 0x00, 
    0x00, 0x01, 0xC0, 0x1C, 0x18, 0x60, 0x00, 0x00, 0x00, 0x60, 0xF8, 0x1C, 0x18, 0x61, 0x82, 0x00, 
    0x00, 0x60, 0x78, 0x1C, 0x1C, 0x61, 0x87, 0x00, 0x00, 0x60, 0x00, 0x1C, 0x1F, 0xE1, 0x87, 0x00, 
    0x00, 0x60, 0x00, 0x1C, 0x0F, 0xC1, 0x87, 0x00, 0x00, 0x60, 0x00, 0x00, 0x03, 0x00, 0x07, 0x00, 
    0x00, 0x60, 0x00, 0x00, 0x00, 0x00, 0x07, 0x00, 0x00, 0x7F, 0x80, 0x00, 0x00, 0x00, 0xFF, 0x00, 
    0x00, 0x7F, 0x80, 0x00, 0x00, 0x01, 0xFF, 0x00, 0x00, 0x00, 0x00, 0x00, 0x00, 0x00, 0xFE, 0x00, 
    0x00, 0x00, 0x00, 0x00, 0x00, 0x00, 0x00, 0x00, 0x00, 0x00, 0x00, 0x00, 0x00, 0x00, 0x00, 0x00, 
    0x00, 0x00, 0x00, 0x00, 0x00, 0x00, 0x00, 0x00, 0x00, 0x00, 0x00, 0x00, 0x00, 0x00, 0x00, 0x00, 
    0x00, 0x00, 0x00, 0x00, 0x00, 0x00, 0x00, 0x00, 0x00, 0x00, 0x00, 0x00, 0x00, 0x00, 0x00, 0x00, 
    0x00, 0x00, 0x00, 0x00, 0x00, 0x00, 0x00, 0x00, 0x00, 0x00, 0x00, 0x00, 0x00, 0x00, 0x00, 0x00, 
      },
  {
    0x00, 0x00, 0x00, 0x00, 0x00, 0x00, 0x00, 0x00, 0x00, 0x00, 0x00, 0x00, 0x00, 0x00, 0x00, 0x00, 
    0x00, 0x00, 0x00, 0x00, 0x00, 0x00, 0x00, 0x00, 0x00, 0x00, 0x00, 0x00, 0x00, 0x00, 0x00, 0x00, 
    0x00, 0x00, 0x00, 0x00, 0x00, 0x00, 0x00, 0x00, 0x00, 0x00, 0x00, 0x00, 0x00, 0x00, 0x00, 0x00, 
    0x00, 0x00, 0x00, 0x00, 0x00, 0x00, 0x00, 0x00, 0x00, 0x00, 0x00, 0x00, 0x00, 0x00, 0x00, 0x00, 
    0x00, 0x00, 0x00, 0x00, 0x00, 0x00, 0x00, 0x00, 0x00, 0x7F, 0x80, 0x00, 0x00, 0x01, 0xFE, 0x00, 
    0x00, 0x7F, 0x80, 0x00, 0x00, 0x01, 0xFE, 0x00, 0x00, 0x60, 0x00, 0x00, 0x00, 0x00, 0x06, 0x00, 
    0x00, 0x60, 0x00, 0x00, 0x00, 0x00, 0x06, 0x00, 0x00, 0x60, 0x00, 0x1E, 0x00, 0x00, 0x06, 0x00, 
    0x00, 0x60, 0x00, 0x7E, 0x0F, 0x00, 0x06, 0x00, 0x00, 0x60, 0x00, 0xF0, 0x07, 0x00, 0x06, 0x00, 
    0x00, 0x60, 0x00, 0x40, 0x00, 0x00, 0x06, 0x00, 0x00, 0x00, 0x00, 0x00, 0x00, 0x00, 0x00, 0x00, 
    0x00, 0x00, 0x18, 0x00, 0x00, 0x08, 0x00, 0x00, 0x00, 0x00, 0x1C, 0x0E, 0x38, 0x1C, 0x00, 0x00, 
    0x00, 0x00, 0x38, 0x3E, 0x3C, 0x0E, 0x00, 0x00, 0x00, 0x00, 0x70, 0x78, 0x1F, 0x0E, 0x00, 0x00, 
    0x00, 0x00, 0x60, 0xE0, 0x07, 0x87, 0x00, 0x00, 0x00, 0x00, 0xE1, 0xC0, 0x03, 0x83, 0x00, 0x00, 
    0x00, 0x00, 0xE1, 0x80, 0x01, 0xC3, 0x80, 0x00, 0x00, 0x00, 0xC1, 0x87, 0xE0, 0xC3, 0x80, 0x00, 
    0x00, 0x00, 0xC0, 0x0F, 0xF0, 0xE1, 0x80, 0x00, 0x00, 0x00, 0xC0, 0x0E, 0x38, 0x61, 0x80, 0x00, 
    0x00, 0x07, 0xFF, 0xFF, 0xFF, 0xFF, 0xE0, 0x00, 0x00, 0x07, 0xFF, 0xFF, 0xFF, 0xFF, 0xE0, 0x00, 
    0x00, 0x00, 0x07, 0x1C, 0x18, 0x61, 0xC0, 0x00, 0x00, 0x00, 0x87, 0x1C, 0x18, 0x61, 0x80, 0x00, 
    0x00, 0x01, 0xC7, 0x1C, 0x18, 0x61, 0x80, 0x00, 0x00, 0x01, 0xC7, 0x1C, 0x18, 0x61, 0x80, 0x00, 
    0x00, 0x01, 0xC7, 0x1C, 0x18, 0x61, 0x80, 0x00, 0x00, 0x01, 0xC7, 0x1C, 0x18, 0x01, 0x80, 0x00, 
    0x00, 0x01, 0xC7, 0x08, 0x18, 0x00, 0x00, 0x00, 0x00, 0x01, 0xC7, 0x00, 0x18, 0x00, 0x00, 0x00, 
    0x00, 0x01, 0xC7, 0x00, 0x18, 0x00, 0x00, 0x00, 0x00, 0x01, 0xC7, 0x00, 0x18, 0x00, 0x00, 0x00, 
    0x00, 0x01, 0xC7, 0x00, 0x08, 0x61, 0x80, 0x00, 0x00, 0x01, 0xC7, 0x1C, 0x00, 0x61, 0x80, 0x00, 
    0x00, 0x01, 0xC7, 0x1C, 0x00, 0x61, 0x80, 0x00, 0x00, 0x01, 0xC7, 0x1C, 0x00, 0x60, 0x00, 0x00, 
    0x00, 0x01, 0xC0, 0x1C, 0x00, 0x60, 0x00, 0x00, 0x00, 0x01, 0xC0, 0x1C, 0x18, 0x60, 0x00, 0x00, 
    0x00, 0x01, 0xC0, 0x1C, 0x18, 0x60, 0x00, 0x00, 0x00, 0x60, 0xF8, 0x1C, 0x18, 0x61, 0x82, 0x00, 
    0x00, 0x60, 0x78, 0x1C, 0x1C, 0x61, 0x87, 0x00, 0x00, 0x60, 0x00, 0x1C, 0x1F, 0xE1, 0x87, 0x00, 
    0x00, 0x60, 0x00, 0x1C, 0x0F, 0xC1, 0x87, 0x00, 0x00, 0x60, 0x00, 0x00, 0x03, 0x00, 0x07, 0x00, 
    0x00, 0x60, 0x00, 0x00, 0x00, 0x00, 0x07, 0x00, 0x00, 0x7F, 0x80, 0x00, 0x00, 0x00, 0xFF, 0x00, 
    0x00, 0x7F, 0x80, 0x00, 0x00, 0x01, 0xFF, 0x00, 0x00, 0x00, 0x00, 0x00, 0x00, 0x00, 0xFE, 0x00, 
    0x00, 0x00, 0x00, 0x00, 0x00, 0x00, 0x00, 0x00, 0x00, 0x00, 0x00, 0x00, 0x00, 0x00, 0x00, 0x00, 
    0x00, 0x00, 0x00, 0x00, 0x00, 0x00, 0x00, 0x00, 0x00, 0x00, 0x00, 0x00, 0x00, 0x00, 0x00, 0x00, 
    0x00, 0x00, 0x00, 0x00, 0x00, 0x00, 0x00, 0x00, 0x00, 0x00, 0x00, 0x00, 0x00, 0x00, 0x00, 0x00, 
    0x00, 0x00, 0x00, 0x00, 0x00, 0x00, 0x00, 0x00, 0x00, 0x00, 0x00, 0x00, 0x00, 0x00, 0x00, 0x00, 
      },
  {
    0x00, 0x00, 0x00, 0x00, 0x00, 0x00, 0x00, 0x00, 0x00, 0x00, 0x00, 0x00, 0x00, 0x00, 0x00, 0x00, 
    0x00, 0x00, 0x00, 0x00, 0x00, 0x00, 0x00, 0x00, 0x00, 0x00, 0x00, 0x00, 0x00, 0x00, 0x00, 0x00, 
    0x00, 0x00, 0x00, 0x00, 0x00, 0x00, 0x00, 0x00, 0x00, 0x00, 0x00, 0x00, 0x00, 0x00, 0x00, 0x00, 
    0x00, 0x00, 0x00, 0x00, 0x00, 0x00, 0x00, 0x00, 0x00, 0x00, 0x00, 0x00, 0x00, 0x00, 0x00, 0x00, 
    0x00, 0x00, 0x00, 0x00, 0x00, 0x00, 0x00, 0x00, 0x00, 0x7F, 0x80, 0x00, 0x00, 0x01, 0xFE, 0x00, 
    0x00, 0x7F, 0x80, 0x00, 0x00, 0x01, 0xFE, 0x00, 0x00, 0x60, 0x00, 0x00, 0x00, 0x00, 0x06, 0x00, 
    0x00, 0x60, 0x00, 0x00, 0x00, 0x00, 0x06, 0x00, 0x00, 0x60, 0x00, 0x1E, 0x00, 0x00, 0x06, 0x00, 
    0x00, 0x60, 0x00, 0x7E, 0x0F, 0x00, 0x06, 0x00, 0x00, 0x60, 0x00, 0xF0, 0x07, 0x00, 0x06, 0x00, 
    0x00, 0x60, 0x00, 0x40, 0x00, 0x00, 0x06, 0x00, 0x00, 0x00, 0x00, 0x00, 0x00, 0x00, 0x00, 0x00, 
    0x00, 0x00, 0x18, 0x00, 0x00, 0x08, 0x00, 0x00, 0x00, 0x00, 0x1C, 0x0E, 0x38, 0x1C, 0x00, 0x00, 
    0x00, 0x00, 0x38, 0x3E, 0x3C, 0x0E, 0x00, 0x00, 0x00, 0x00, 0x70, 0x78, 0x1F, 0x0E, 0x00, 0x00, 
    0x00, 0x00, 0x60, 0xE0, 0x07, 0x87, 0x00, 0x00, 0x00, 0x00, 0xE1, 0xC0, 0x03, 0x83, 0x00, 0x00, 
    0x00, 0x00, 0xE1, 0x80, 0x01, 0xC3, 0x80, 0x00, 0x00, 0x00, 0xC1, 0x87, 0xE0, 0xC3, 0x80, 0x00, 
    0x00, 0x00, 0xC0, 0x0F, 0xF0, 0xE1, 0x80, 0x00, 0x00, 0x00, 0xC0, 0x0E, 0x38, 0x61, 0x80, 0x00, 
    0x00, 0x00, 0x00, 0x1C, 0x18, 0x61, 0x80, 0x00, 0x00, 0x07, 0xFF, 0xFF, 0xFF, 0xFF, 0xE0, 0x00, 
    0x00, 0x07, 0xFF, 0xFF, 0xFF, 0xFF, 0xE0, 0x00, 0x00, 0x01, 0x87, 0x1C, 0x18, 0x71, 0xC0, 0x00, 
    0x00, 0x01, 0xC7, 0x1C, 0x18, 0x61, 0x80, 0x00, 0x00, 0x01, 0xC7, 0x1C, 0x18, 0x61, 0x80, 0x00, 
    0x00, 0x01, 0xC7, 0x1C, 0x18, 0x61, 0x80, 0x00, 0x00, 0x01, 0xC7, 0x1C, 0x18, 0x01, 0x80, 0x00, 
    0x00, 0x01, 0xC7, 0x08, 0x18, 0x00, 0x00, 0x00, 0x00, 0x01, 0xC7, 0x00, 0x18, 0x00, 0x00, 0x00, 
    0x00, 0x01, 0xC7, 0x00, 0x18, 0x00, 0x00, 0x00, 0x00, 0x01, 0xC7, 0x00, 0x18, 0x00, 0x00, 0x00, 
    0x00, 0x01, 0xC7, 0x00, 0x08, 0x61, 0x80, 0x00, 0x00, 0x01, 0xC7, 0x1C, 0x00, 0x61, 0x80, 0x00, 
    0x00, 0x01, 0xC7, 0x1C, 0x00, 0x61, 0x80, 0x00, 0x00, 0x01, 0xC7, 0x1C, 0x00, 0x60, 0x00, 0x00, 
    0x00, 0x01, 0xC0, 0x1C, 0x00, 0x60, 0x00, 0x00, 0x00, 0x01, 0xC0, 0x1C, 0x18, 0x60, 0x00, 0x00, 
    0x00, 0x01, 0xC0, 0x1C, 0x18, 0x60, 0x00, 0x00, 0x00, 0x60, 0xF8, 0x1C, 0x18, 0x61, 0x82, 0x00, 
    0x00, 0x60, 0x78, 0x1C, 0x1C, 0x61, 0x87, 0x00, 0x00, 0x60, 0x00, 0x1C, 0x1F, 0xE1, 0x87, 0x00, 
    0x00, 0x60, 0x00, 0x1C, 0x0F, 0xC1, 0x87, 0x00, 0x00, 0x60, 0x00, 0x00, 0x03, 0x00, 0x07, 0x00, 
    0x00, 0x60, 0x00, 0x00, 0x00, 0x00, 0x07, 0x00, 0x00, 0x7F, 0x80, 0x00, 0x00, 0x00, 0xFF, 0x00, 
    0x00, 0x7F, 0x80, 0x00, 0x00, 0x01, 0xFF, 0x00, 0x00, 0x00, 0x00, 0x00, 0x00, 0x00, 0xFE, 0x00, 
    0x00, 0x00, 0x00, 0x00, 0x00, 0x00, 0x00, 0x00, 0x00, 0x00, 0x00, 0x00, 0x00, 0x00, 0x00, 0x00, 
    0x00, 0x00, 0x00, 0x00, 0x00, 0x00, 0x00, 0x00, 0x00, 0x00, 0x00, 0x00, 0x00, 0x00, 0x00, 0x00, 
    0x00, 0x00, 0x00, 0x00, 0x00, 0x00, 0x00, 0x00, 0x00, 0x00, 0x00, 0x00, 0x00, 0x00, 0x00, 0x00, 
    0x00, 0x00, 0x00, 0x00, 0x00, 0x00, 0x00, 0x00, 0x00, 0x00, 0x00, 0x00, 0x00, 0x00, 0x00, 0x00, 
      },
  {
    0x00, 0x00, 0x00, 0x00, 0x00, 0x00, 0x00, 0x00, 0x00, 0x00, 0x00, 0x00, 0x00, 0x00, 0x00, 0x00, 
    0x00, 0x00, 0x00, 0x00, 0x00, 0x00, 0x00, 0x00, 0x00, 0x00, 0x00, 0x00, 0x00, 0x00, 0x00, 0x00, 
    0x00, 0x00, 0x00, 0x00, 0x00, 0x00, 0x00, 0x00, 0x00, 0x00, 0x00, 0x00, 0x00, 0x00, 0x00, 0x00, 
    0x00, 0x00, 0x00, 0x00, 0x00, 0x00, 0x00, 0x00, 0x00, 0x00, 0x00, 0x00, 0x00, 0x00, 0x00, 0x00, 
    0x00, 0x00, 0x00, 0x00, 0x00, 0x00, 0x00, 0x00, 0x00, 0x7F, 0x80, 0x00, 0x00, 0x01, 0xFE, 0x00, 
    0x00, 0x7F, 0x80, 0x00, 0x00, 0x01, 0xFE, 0x00, 0x00, 0x60, 0x00, 0x00, 0x00, 0x00, 0x06, 0x00, 
    0x00, 0x60, 0x00, 0x00, 0x00, 0x00, 0x06, 0x00, 0x00, 0x60, 0x00, 0x1E, 0x00, 0x00, 0x06, 0x00, 
    0x00, 0x60, 0x00, 0x7E, 0x0F, 0x00, 0x06, 0x00, 0x00, 0x60, 0x00, 0xF0, 0x07, 0x00, 0x06, 0x00, 
    0x00, 0x60, 0x00, 0x40, 0x00, 0x00, 0x06, 0x00, 0x00, 0x00, 0x00, 0x00, 0x00, 0x00, 0x00, 0x00, 
    0x00, 0x00, 0x18, 0x00, 0x00, 0x08, 0x00, 0x00, 0x00, 0x00, 0x1C, 0x0E, 0x38, 0x1C, 0x00, 0x00, 
    0x00, 0x00, 0x38, 0x3E, 0x3C, 0x0E, 0x00, 0x00, 0x00, 0x00, 0x70, 0x78, 0x1F, 0x0E, 0x00, 0x00, 
    0x00, 0x00, 0x60, 0xE0, 0x07, 0x87, 0x00, 0x00, 0x00, 0x00, 0xE1, 0xC0, 0x03, 0x83, 0x00, 0x00, 
    0x00, 0x00, 0xE1, 0x80, 0x01, 0xC3, 0x80, 0x00, 0x00, 0x00, 0xC1, 0x87, 0xE0, 0xC3, 0x80, 0x00, 
    0x00, 0x00, 0xC0, 0x0F, 0xF0, 0xE1, 0x80, 0x00, 0x00, 0x00, 0xC0, 0x0E, 0x38, 0x61, 0x80, 0x00, 
    0x00, 0x00, 0x00, 0x1C, 0x18, 0x61, 0x80, 0x00, 0x00, 0x00, 0x07, 0x1C, 0x18, 0x61, 0x80, 0x00, 
    0x00, 0x07, 0xFF, 0xFF, 0xFF, 0xFF, 0xE0, 0x00, 0x00, 0x07, 0xFF, 0xFF, 0xFF, 0xFF, 0xE0, 0x00, 
    0x00, 0x01, 0xC7, 0x1C, 0x18, 0x61, 0xC0, 0x00, 0x00, 0x01, 0xC7, 0x1C, 0x18, 0x61, 0x80, 0x00, 
    0x00, 0x01, 0xC7, 0x1C, 0x18, 0x61, 0x80, 0x00, 0x00, 0x01, 0xC7, 0x1C, 0x18, 0x01, 0x80, 0x00, 
    0x00, 0x01, 0xC7, 0x08, 0x18, 0x00, 0x00, 0x00, 0x00, 0x01, 0xC7, 0x00, 0x18, 0x00, 0x00, 0x00, 
    0x00, 0x01, 0xC7, 0x00, 0x18, 0x00, 0x00, 0x00, 0x00, 0x01, 0xC7, 0x00, 0x18, 0x00, 0x00, 0x00, 
    0x00, 0x01, 0xC7, 0x00, 0x08, 0x61, 0x80, 0x00, 0x00, 0x01, 0xC7, 0x1C, 0x00, 0x61, 0x80, 0x00, 
    0x00, 0x01, 0xC7, 0x1C, 0x00, 0x61, 0x80, 0x00, 0x00, 0x01, 0xC7, 0x1C, 0x00, 0x60, 0x00, 0x00, 
    0x00, 0x01, 0xC0, 0x1C, 0x00, 0x60, 0x00, 0x00, 0x00, 0x01, 0xC0, 0x1C, 0x18, 0x60, 0x00, 0x00, 
    0x00, 0x01, 0xC0, 0x1C, 0x18, 0x60, 0x00, 0x00, 0x00, 0x60, 0xF8, 0x1C, 0x18, 0x61, 0x82, 0x00, 
    0x00, 0x60, 0x78, 0x1C, 0x1C, 0x61, 0x87, 0x00, 0x00, 0x60, 0x00, 0x1C, 0x1F, 0xE1, 0x87, 0x00, 
    0x00, 0x60, 0x00, 0x1C, 0x0F, 0xC1, 0x87, 0x00, 0x00, 0x60, 0x00, 0x00, 0x03, 0x00, 0x07, 0x00, 
    0x00, 0x60, 0x00, 0x00, 0x00, 0x00, 0x07, 0x00, 0x00, 0x7F, 0x80, 0x00, 0x00, 0x00, 0xFF, 0x00, 
    0x00, 0x7F, 0x80, 0x00, 0x00, 0x01, 0xFF, 0x00, 0x00, 0x00, 0x00, 0x00, 0x00, 0x00, 0xFE, 0x00, 
    0x00, 0x00, 0x00, 0x00, 0x00, 0x00, 0x00, 0x00, 0x00, 0x00, 0x00, 0x00, 0x00, 0x00, 0x00, 0x00, 
    0x00, 0x00, 0x00, 0x00, 0x00, 0x00, 0x00, 0x00, 0x00, 0x00, 0x00, 0x00, 0x00, 0x00, 0x00, 0x00, 
    0x00, 0x00, 0x00, 0x00, 0x00, 0x00, 0x00, 0x00, 0x00, 0x00, 0x00, 0x00, 0x00, 0x00, 0x00, 0x00, 
    0x00, 0x00, 0x00, 0x00, 0x00, 0x00, 0x00, 0x00, 0x00, 0x00, 0x00, 0x00, 0x00, 0x00, 0x00, 0x00, 
      },
  {
    0x00, 0x00, 0x00, 0x00, 0x00, 0x00, 0x00, 0x00, 0x00, 0x00, 0x00, 0x00, 0x00, 0x00, 0x00, 0x00, 
    0x00, 0x00, 0x00, 0x00, 0x00, 0x00, 0x00, 0x00, 0x00, 0x00, 0x00, 0x00, 0x00, 0x00, 0x00, 0x00, 
    0x00, 0x00, 0x00, 0x00, 0x00, 0x00, 0x00, 0x00, 0x00, 0x00, 0x00, 0x00, 0x00, 0x00, 0x00, 0x00, 
    0x00, 0x00, 0x00, 0x00, 0x00, 0x00, 0x00, 0x00, 0x00, 0x00, 0x00, 0x00, 0x00, 0x00, 0x00, 0x00, 
    0x00, 0x00, 0x00, 0x00, 0x00, 0x00, 0x00, 0x00, 0x00, 0x7F, 0x80, 0x00, 0x00, 0x01, 0xFE, 0x00, 
    0x00, 0x7F, 0x80, 0x00, 0x00, 0x01, 0xFE, 0x00, 0x00, 0x60, 0x00, 0x00, 0x00, 0x00, 0x06, 0x00, 
    0x00, 0x60, 0x00, 0x00, 0x00, 0x00, 0x06, 0x00, 0x00, 0x60, 0x00, 0x1E, 0x00, 0x00, 0x06, 0x00, 
    0x00, 0x60, 0x00, 0x7E, 0x0F, 0x00, 0x06, 0x00, 0x00, 0x60, 0x00, 0xF0, 0x07, 0x00, 0x06, 0x00, 
    0x00, 0x60, 0x00, 0x40, 0x00, 0x00, 0x06, 0x00, 0x00, 0x00, 0x00, 0x00, 0x00, 0x00, 0x00, 0x00, 
    0x00, 0x00, 0x18, 0x00, 0x00, 0x08, 0x00, 0x00, 0x00, 0x00, 0x1C, 0x0E, 0x38, 0x1C, 0x00, 0x00, 
    0x00, 0x00, 0x38, 0x3E, 0x3C, 0x0E, 0x00, 0x00, 0x00, 0x00, 0x70, 0x78, 0x1F, 0x0E, 0x00, 0x00, 
    0x00, 0x00, 0x60, 0xE0, 0x07, 0x87, 0x00, 0x00, 0x00, 0x00, 0xE1, 0xC0, 0x03, 0x83, 0x00, 0x00, 
    0x00, 0x00, 0xE1, 0x80, 0x01, 0xC3, 0x80, 0x00, 0x00, 0x00, 0xC1, 0x87, 0xE0, 0xC3, 0x80, 0x00, 
    0x00, 0x00, 0xC0, 0x0F, 0xF0, 0xE1, 0x80, 0x00, 0x00, 0x00, 0xC0, 0x0E, 0x38, 0x61, 0x80, 0x00, 
    0x00, 0x00, 0x00, 0x1C, 0x18, 0x61, 0x80, 0x00, 0x00, 0x00, 0x07, 0x1C, 0x18, 0x61, 0x80, 0x00, 
    0x00, 0x00, 0x07, 0x1C, 0x18, 0x61, 0x80, 0x00, 0x00, 0x07, 0xFF, 0xFF, 0xFF, 0xFF, 0xE0, 0x00, 
    0x00, 0x07, 0xFF, 0xFF, 0xFF, 0xFF, 0xE0, 0x00, 0x00, 0x01, 0xC7, 0x1C, 0x1C, 0x71, 0xC0, 0x00, 
    0x00, 0x01, 0xC7, 0x1C, 0x18, 0x61, 0x80, 0x00, 0x00, 0x01, 0xC7, 0x1C, 0x18, 0x01, 0x80, 0x00, 
    0x00, 0x01, 0xC7, 0x08, 0x18, 0x00, 0x00, 0x00, 0x00, 0x01, 0xC7, 0x00, 0x18, 0x00, 0x00, 0x00, 
    0x00, 0x01, 0xC7, 0x00, 0x18, 0x00, 0x00, 0x00, 0x00, 0x01, 0xC7, 0x00, 0x18, 0x00, 0x00, 0x00, 
    0x00, 0x01, 0xC7, 0x00, 0x08, 0x61, 0x80, 0x00, 0x00, 0x01, 0xC7, 0x1C, 0x00, 0x61, 0x80, 0x00, 
    0x00, 0x01, 0xC7, 0x1C, 0x00, 0x61, 0x80, 0x00, 0x00, 0x01, 0xC7, 0x1C, 0x00, 0x60, 0x00, 0x00, 
    0x00, 0x01, 0xC0, 0x1C, 0x00, 0x60, 0x00, 0x00, 0x00, 0x01, 0xC0, 0x1C, 0x18, 0x60, 0x00, 0x00, 
    0x00, 0x01, 0xC0, 0x1C, 0x18, 0x60, 0x00, 0x00, 0x00, 0x60, 0xF8, 0x1C, 0x18, 0x61, 0x82, 0x00, 
    0x00, 0x60, 0x78, 0x1C, 0x1C, 0x61, 0x87, 0x00, 0x00, 0x60, 0x00, 0x1C, 0x1F, 0xE1, 0x87, 0x00, 
    0x00, 0x60, 0x00, 0x1C, 0x0F, 0xC1, 0x87, 0x00, 0x00, 0x60, 0x00, 0x00, 0x03, 0x00, 0x07, 0x00, 
    0x00, 0x60, 0x00, 0x00, 0x00, 0x00, 0x07, 0x00, 0x00, 0x7F, 0x80, 0x00, 0x00, 0x00, 0xFF, 0x00, 
    0x00, 0x7F, 0x80, 0x00, 0x00, 0x01, 0xFF, 0x00, 0x00, 0x00, 0x00, 0x00, 0x00, 0x00, 0xFE, 0x00, 
    0x00, 0x00, 0x00, 0x00, 0x00, 0x00, 0x00, 0x00, 0x00, 0x00, 0x00, 0x00, 0x00, 0x00, 0x00, 0x00, 
    0x00, 0x00, 0x00, 0x00, 0x00, 0x00, 0x00, 0x00, 0x00, 0x00, 0x00, 0x00, 0x00, 0x00, 0x00, 0x00, 
    0x00, 0x00, 0x00, 0x00, 0x00, 0x00, 0x00, 0x00, 0x00, 0x00, 0x00, 0x00, 0x00, 0x00, 0x00, 0x00, 
    0x00, 0x00, 0x00, 0x00, 0x00, 0x00, 0x00, 0x00, 0x00, 0x00, 0x00, 0x00, 0x00, 0x00, 0x00, 0x00, 
      },
  {
    0x00, 0x00, 0x00, 0x00, 0x00, 0x00, 0x00, 0x00, 0x00, 0x00, 0x00, 0x00, 0x00, 0x00, 0x00, 0x00, 
    0x00, 0x00, 0x00, 0x00, 0x00, 0x00, 0x00, 0x00, 0x00, 0x00, 0x00, 0x00, 0x00, 0x00, 0x00, 0x00, 
    0x00, 0x00, 0x00, 0x00, 0x00, 0x00, 0x00, 0x00, 0x00, 0x00, 0x00, 0x00, 0x00, 0x00, 0x00, 0x00, 
    0x00, 0x00, 0x00, 0x00, 0x00, 0x00, 0x00, 0x00, 0x00, 0x00, 0x00, 0x00, 0x00, 0x00, 0x00, 0x00, 
    0x00, 0x00, 0x00, 0x00, 0x00, 0x00, 0x00, 0x00, 0x00, 0x7F, 0x80, 0x00, 0x00, 0x01, 0xFE, 0x00, 
    0x00, 0x7F, 0x80, 0x00, 0x00, 0x01, 0xFE, 0x00, 0x00, 0x60, 0x00, 0x00, 0x00, 0x00, 0x06, 0x00, 
    0x00, 0x60, 0x00, 0x00, 0x00, 0x00, 0x06, 0x00, 0x00, 0x60, 0x00, 0x1E, 0x00, 0x00, 0x06, 0x00, 
    0x00, 0x60, 0x00, 0x7E, 0x0F, 0x00, 0x06, 0x00, 0x00, 0x60, 0x00, 0xF0, 0x07, 0x00, 0x06, 0x00, 
    0x00, 0x60, 0x00, 0x40, 0x00, 0x00, 0x06, 0x00, 0x00, 0x00, 0x00, 0x00, 0x00, 0x00, 0x00, 0x00, 
    0x00, 0x00, 0x18, 0x00, 0x00, 0x08, 0x00, 0x00, 0x00, 0x00, 0x1C, 0x0E, 0x38, 0x1C, 0x00, 0x00, 
    0x00, 0x00, 0x38, 0x3E, 0x3C, 0x0E, 0x00, 0x00, 0x00, 0x00, 0x70, 0x78, 0x1F, 0x0E, 0x00, 0x00, 
    0x00, 0x00, 0x60, 0xE0, 0x07, 0x87, 0x00, 0x00, 0x00, 0x00, 0xE1, 0xC0, 0x03, 0x83, 0x00, 0x00, 
    0x00, 0x00, 0xE1, 0x80, 0x01, 0xC3, 0x80, 0x00, 0x00, 0x00, 0xC1, 0x87, 0xE0, 0xC3, 0x80, 0x00, 
    0x00, 0x00, 0xC0, 0x0F, 0xF0, 0xE1, 0x80, 0x00, 0x00, 0x00, 0xC0, 0x0E, 0x38, 0x61, 0x80, 0x00, 
    0x00, 0x00, 0x00, 0x1C, 0x18, 0x61, 0x80, 0x00, 0x00, 0x00, 0x07, 0x1C, 0x18, 0x61, 0x80, 0x00, 
    0x00, 0x00, 0x07, 0x1C, 0x18, 0x61, 0x80, 0x00, 0x00, 0x00, 0x87, 0x1C, 0x18, 0x61, 0x80, 0x00, 
    0x00, 0x07, 0xFF, 0xFF, 0xFF, 0xFF, 0xE0, 0x00, 0x00, 0x07, 0xFF, 0xFF, 0xFF, 0xFF, 0xE0, 0x00, 
    0x00, 0x01, 0xC7, 0x1C, 0x1C, 0x71, 0xC0, 0x00, 0x00, 0x01, 0xC7, 0x1C, 0x18, 0x01, 0x80, 0x00, 
    0x00, 0x01, 0xC7, 0x08, 0x18, 0x00, 0x00, 0x00, 0x00, 0x01, 0xC7, 0x00, 0x18, 0x00, 0x00, 0x00, 
    0x00, 0x01, 0xC7, 0x00, 0x18, 0x00, 0x00, 0x00, 0x00, 0x01, 0xC7, 0x00, 0x18, 0x00, 0x00, 0x00, 
    0x00, 0x01, 0xC7, 0x00, 0x08, 0x61, 0x80, 0x00, 0x00, 0x01, 0xC7, 0x1C, 0x00, 0x61, 0x80, 0x00, 
    0x00, 0x01, 0xC7, 0x1C, 0x00, 0x61, 0x80, 0x00, 0x00, 0x01, 0xC7, 0x1C, 0x00, 0x60, 0x00, 0x00, 
    0x00, 0x01, 0xC0, 0x1C, 0x00, 0x60, 0x00, 0x00, 0x00, 0x01, 0xC0, 0x1C, 0x18, 0x60, 0x00, 0x00, 
    0x00, 0x01, 0xC0, 0x1C, 0x18, 0x60, 0x00, 0x00, 0x00, 0x60, 0xF8, 0x1C, 0x18, 0x61, 0x82, 0x00, 
    0x00, 0x60, 0x78, 0x1C, 0x1C, 0x61, 0x87, 0x00, 0x00, 0x60, 0x00, 0x1C, 0x1F, 0xE1, 0x87, 0x00, 
    0x00, 0x60, 0x00, 0x1C, 0x0F, 0xC1, 0x87, 0x00, 0x00, 0x60, 0x00, 0x00, 0x03, 0x00, 0x07, 0x00, 
    0x00, 0x60, 0x00, 0x00, 0x00, 0x00, 0x07, 0x00, 0x00, 0x7F, 0x80, 0x00, 0x00, 0x00, 0xFF, 0x00, 
    0x00, 0x7F, 0x80, 0x00, 0x00, 0x01, 0xFF, 0x00, 0x00, 0x00, 0x00, 0x00, 0x00, 0x00, 0xFE, 0x00, 
    0x00, 0x00, 0x00, 0x00, 0x00, 0x00, 0x00, 0x00, 0x00, 0x00, 0x00, 0x00, 0x00, 0x00, 0x00, 0x00, 
    0x00, 0x00, 0x00, 0x00, 0x00, 0x00, 0x00, 0x00, 0x00, 0x00, 0x00, 0x00, 0x00, 0x00, 0x00, 0x00, 
    0x00, 0x00, 0x00, 0x00, 0x00, 0x00, 0x00, 0x00, 0x00, 0x00, 0x00, 0x00, 0x00, 0x00, 0x00, 0x00, 
    0x00, 0x00, 0x00, 0x00, 0x00, 0x00, 0x00, 0x00, 0x00, 0x00, 0x00, 0x00, 0x00, 0x00, 0x00, 0x00, 
      },
  {
    0x00, 0x00, 0x00, 0x00, 0x00, 0x00, 0x00, 0x00, 0x00, 0x00, 0x00, 0x00, 0x00, 0x00, 0x00, 0x00, 
    0x00, 0x00, 0x00, 0x00, 0x00, 0x00, 0x00, 0x00, 0x00, 0x00, 0x00, 0x00, 0x00, 0x00, 0x00, 0x00, 
    0x00, 0x00, 0x00, 0x00, 0x00, 0x00, 0x00, 0x00, 0x00, 0x00, 0x00, 0x00, 0x00, 0x00, 0x00, 0x00, 
    0x00, 0x00, 0x00, 0x00, 0x00, 0x00, 0x00, 0x00, 0x00, 0x00, 0x00, 0x00, 0x00, 0x00, 0x00, 0x00, 
    0x00, 0x00, 0x00, 0x00, 0x00, 0x00, 0x00, 0x00, 0x00, 0x7F, 0x80, 0x00, 0x00, 0x01, 0xFE, 0x00, 
    0x00, 0x7F, 0x80, 0x00, 0x00, 0x01, 0xFE, 0x00, 0x00, 0x60, 0x00, 0x00, 0x00, 0x00, 0x06, 0x00, 
    0x00, 0x60, 0x00, 0x00, 0x00, 0x00, 0x06, 0x00, 0x00, 0x60, 0x00, 0x1E, 0x00, 0x00, 0x06, 0x00, 
    0x00, 0x60, 0x00, 0x7E, 0x0F, 0x00, 0x06, 0x00, 0x00, 0x60, 0x00, 0xF0, 0x07, 0x00, 0x06, 0x00, 
    0x00, 0x60, 0x00, 0x40, 0x00, 0x00, 0x06, 0x00, 0x00, 0x00, 0x00, 0x00, 0x00, 0x00, 0x00, 0x00, 
    0x00, 0x00, 0x18, 0x00, 0x00, 0x08, 0x00, 0x00, 0x00, 0x00, 0x1C, 0x0E, 0x38, 0x1C, 0x00, 0x00, 
    0x00, 0x00, 0x38, 0x3E, 0x3C, 0x0E, 0x00, 0x00, 0x00, 0x00, 0x70, 0x78, 0x1F, 0x0E, 0x00, 0x00, 
    0x00, 0x00, 0x60, 0xE0, 0x07, 0x87, 0x00, 0x00, 0x00, 0x00, 0xE1, 0xC0, 0x03, 0x83, 0x00, 0x00, 
    0x00, 0x00, 0xE1, 0x80, 0x01, 0xC3, 0x80, 0x00, 0x00, 0x00, 0xC1, 0x87, 0xE0, 0xC3, 0x80, 0x00, 
    0x00, 0x00, 0xC0, 0x0F, 0xF0, 0xE1, 0x80, 0x00, 0x00, 0x00, 0xC0, 0x0E, 0x38, 0x61, 0x80, 0x00, 
    0x00, 0x00, 0x00, 0x1C, 0x18, 0x61, 0x80, 0x00, 0x00, 0x00, 0x07, 0x1C, 0x18, 0x61, 0x80, 0x00, 
    0x00, 0x00, 0x07, 0x1C, 0x18, 0x61, 0x80, 0x00, 0x00, 0x00, 0x87, 0x1C, 0x18, 0x61, 0x80, 0x00, 
    0x00, 0x01, 0xC7, 0x1C, 0x18, 0x61, 0x80, 0x00, 0x00, 0x07, 0xFF, 0xFF, 0xFF, 0xFF, 0xE0, 0x00, 
    0x00, 0x07, 0xFF, 0xFF, 0xFF, 0xFF, 0xE0, 0x00, 0x00, 0x01, 0xC7, 0x1C, 0x1C, 0x21, 0x80, 0x00, 
    0x00, 0x01, 0xC7, 0x08, 0x18, 0x00, 0x00, 0x00, 0x00, 0x01, 0xC7, 0x00, 0x18, 0x00, 0x00, 0x00, 
    0x00, 0x01, 0xC7, 0x00, 0x18, 0x00, 0x00, 0x00, 0x00, 0x01, 0xC7, 0x00, 0x18, 0x00, 0x00, 0x00, 
    0x00, 0x01, 0xC7, 0x00, 0x08, 0x61, 0x80, 0x00, 0x00, 0x01, 0xC7, 0x1C, 0x00, 0x61, 0x80, 0x00, 
    0x00, 0x01, 0xC7, 0x1C, 0x00, 0x61, 0x80, 0x00, 0x00, 0x01, 0xC7, 0x1C, 0x00, 0x60, 0x00, 0x00, 
    0x00, 0x01, 0xC0, 0x1C, 0x00, 0x60, 0x00, 0x00, 0x00, 0x01, 0xC0, 0x1C, 0x18, 0x60, 0x00, 0x00, 
    0x00, 0x01, 0xC0, 0x1C, 0x18, 0x60, 0x00, 0x00, 0x00, 0x60, 0xF8, 0x1C, 0x18, 0x61, 0x82, 0x00, 
    0x00, 0x60, 0x78, 0x1C, 0x1C, 0x61, 0x87, 0x00, 0x00, 0x60, 0x00, 0x1C, 0x1F, 0xE1, 0x87, 0x00, 
    0x00, 0x60, 0x00, 0x1C, 0x0F, 0xC1, 0x87, 0x00, 0x00, 0x60, 0x00, 0x00, 0x03, 0x00, 0x07, 0x00, 
    0x00, 0x60, 0x00, 0x00, 0x00, 0x00, 0x07, 0x00, 0x00, 0x7F, 0x80, 0x00, 0x00, 0x00, 0xFF, 0x00, 
    0x00, 0x7F, 0x80, 0x00, 0x00, 0x01, 0xFF, 0x00, 0x00, 0x00, 0x00, 0x00, 0x00, 0x00, 0xFE, 0x00, 
    0x00, 0x00, 0x00, 0x00, 0x00, 0x00, 0x00, 0x00, 0x00, 0x00, 0x00, 0x00, 0x00, 0x00, 0x00, 0x00, 
    0x00, 0x00, 0x00, 0x00, 0x00, 0x00, 0x00, 0x00, 0x00, 0x00, 0x00, 0x00, 0x00, 0x00, 0x00, 0x00, 
    0x00, 0x00, 0x00, 0x00, 0x00, 0x00, 0x00, 0x00, 0x00, 0x00, 0x00, 0x00, 0x00, 0x00, 0x00, 0x00, 
    0x00, 0x00, 0x00, 0x00, 0x00, 0x00, 0x00, 0x00, 0x00, 0x00, 0x00, 0x00, 0x00, 0x00, 0x00, 0x00, 
      },
  {
    0x00, 0x00, 0x00, 0x00, 0x00, 0x00, 0x00, 0x00, 0x00, 0x00, 0x00, 0x00, 0x00, 0x00, 0x00, 0x00, 
    0x00, 0x00, 0x00, 0x00, 0x00, 0x00, 0x00, 0x00, 0x00, 0x00, 0x00, 0x00, 0x00, 0x00, 0x00, 0x00, 
    0x00, 0x00, 0x00, 0x00, 0x00, 0x00, 0x00, 0x00, 0x00, 0x00, 0x00, 0x00, 0x00, 0x00, 0x00, 0x00, 
    0x00, 0x00, 0x00, 0x00, 0x00, 0x00, 0x00, 0x00, 0x00, 0x00, 0x00, 0x00, 0x00, 0x00, 0x00, 0x00, 
    0x00, 0x00, 0x00, 0x00, 0x00, 0x00, 0x00, 0x00, 0x00, 0x7F, 0x80, 0x00, 0x00, 0x01, 0xFE, 0x00, 
    0x00, 0x7F, 0x80, 0x00, 0x00, 0x01, 0xFE, 0x00, 0x00, 0x60, 0x00, 0x00, 0x00, 0x00, 0x06, 0x00, 
    0x00, 0x60, 0x00, 0x00, 0x00, 0x00, 0x06, 0x00, 0x00, 0x60, 0x00, 0x1E, 0x00, 0x00, 0x06, 0x00, 
    0x00, 0x60, 0x00, 0x7E, 0x0F, 0x00, 0x06, 0x00, 0x00, 0x60, 0x00, 0xF0, 0x07, 0x00, 0x06, 0x00, 
    0x00, 0x60, 0x00, 0x40, 0x00, 0x00, 0x06, 0x00, 0x00, 0x00, 0x00, 0x00, 0x00, 0x00, 0x00, 0x00, 
    0x00, 0x00, 0x18, 0x00, 0x00, 0x08, 0x00, 0x00, 0x00, 0x00, 0x1C, 0x0E, 0x38, 0x1C, 0x00, 0x00, 
    0x00, 0x00, 0x38, 0x3E, 0x3C, 0x0E, 0x00, 0x00, 0x00, 0x00, 0x70, 0x78, 0x1F, 0x0E, 0x00, 0x00, 
    0x00, 0x00, 0x60, 0xE0, 0x07, 0x87, 0x00, 0x00, 0x00, 0x00, 0xE1, 0xC0, 0x03, 0x83, 0x00, 0x00, 
    0x00, 0x00, 0xE1, 0x80, 0x01, 0xC3, 0x80, 0x00, 0x00, 0x00, 0xC1, 0x87, 0xE0, 0xC3, 0x80, 0x00, 
    0x00, 0x00, 0xC0, 0x0F, 0xF0, 0xE1, 0x80, 0x00, 0x00, 0x00, 0xC0, 0x0E, 0x38, 0x61, 0x80, 0x00, 
    0x00, 0x00, 0x00, 0x1C, 0x18, 0x61, 0x80, 0x00, 0x00, 0x00, 0x07, 0x1C, 0x18, 0x61, 0x80, 0x00, 
    0x00, 0x00, 0x07, 0x1C, 0x18, 0x61, 0x80, 0x00, 0x00, 0x00, 0x87, 0x1C, 0x18, 0x61, 0x80, 0x00, 
    0x00, 0x01, 0xC7, 0x1C, 0x18, 0x61, 0x80, 0x00, 0x00, 0x01, 0xC7, 0x1C, 0x18, 0x61, 0x80, 0x00, 
    0x00, 0x07, 0xFF, 0xFF, 0xFF, 0xFF, 0xE0, 0x00, 0x00, 0x07, 0xFF, 0xFF, 0xFF, 0xFF, 0xE0, 0x00, 
    0x00, 0x01, 0xC7, 0x1C, 0x1C, 0x00, 0x00, 0x00, 0x00, 0x01, 0xC7, 0x00, 0x18, 0x00, 0x00, 0x00, 
    0x00, 0x01, 0xC7, 0x00, 0x18, 0x00, 0x00, 0x00, 0x00, 0x01, 0xC7, 0x00, 0x18, 0x00, 0x00, 0x00, 
    0x00, 0x01, 0xC7, 0x00, 0x08, 0x61, 0x80, 0x00, 0x00, 0x01, 0xC7, 0x1C, 0x00, 0x61, 0x80, 0x00, 
    0x00, 0x01, 0xC7, 0x1C, 0x00, 0x61, 0x80, 0x00, 0x00, 0x01, 0xC7, 0x1C, 0x00, 0x60, 0x00, 0x00, 
    0x00, 0x01, 0xC0, 0x1C, 0x00, 0x60, 0x00, 0x00, 0x00, 0x01, 0xC0, 0x1C, 0x18, 0x60, 0x00, 0x00, 
    0x00, 0x01, 0xC0, 0x1C, 0x18, 0x60, 0x00, 0x00, 0x00, 0x60, 0xF8, 0x1C, 0x18, 0x61, 0x82, 0x00, 
    0x00, 0x60, 0x78, 0x1C, 0x1C, 0x61, 0x87, 0x00, 0x00, 0x60, 0x00, 0x1C, 0x1F, 0xE1, 0x87, 0x00, 
    0x00, 0x60, 0x00, 0x1C, 0x0F, 0xC1, 0x87, 0x00, 0x00, 0x60, 0x00, 0x00, 0x03, 0x00, 0x07, 0x00, 
    0x00, 0x60, 0x00, 0x00, 0x00, 0x00, 0x07, 0x00, 0x00, 0x7F, 0x80, 0x00, 0x00, 0x00, 0xFF, 0x00, 
    0x00, 0x7F, 0x80, 0x00, 0x00, 0x01, 0xFF, 0x00, 0x00, 0x00, 0x00, 0x00, 0x00, 0x00, 0xFE, 0x00, 
    0x00, 0x00, 0x00, 0x00, 0x00, 0x00, 0x00, 0x00, 0x00, 0x00, 0x00, 0x00, 0x00, 0x00, 0x00, 0x00, 
    0x00, 0x00, 0x00, 0x00, 0x00, 0x00, 0x00, 0x00, 0x00, 0x00, 0x00, 0x00, 0x00, 0x00, 0x00, 0x00, 
    0x00, 0x00, 0x00, 0x00, 0x00, 0x00, 0x00, 0x00, 0x00, 0x00, 0x00, 0x00, 0x00, 0x00, 0x00, 0x00, 
    0x00, 0x00, 0x00, 0x00, 0x00, 0x00, 0x00, 0x00, 0x00, 0x00, 0x00, 0x00, 0x00, 0x00, 0x00, 0x00, 
      },
  {
    0x00, 0x00, 0x00, 0x00, 0x00, 0x00, 0x00, 0x00, 0x00, 0x00, 0x00, 0x00, 0x00, 0x00, 0x00, 0x00, 
    0x00, 0x00, 0x00, 0x00, 0x00, 0x00, 0x00, 0x00, 0x00, 0x00, 0x00, 0x00, 0x00, 0x00, 0x00, 0x00, 
    0x00, 0x00, 0x00, 0x00, 0x00, 0x00, 0x00, 0x00, 0x00, 0x00, 0x00, 0x00, 0x00, 0x00, 0x00, 0x00, 
    0x00, 0x00, 0x00, 0x00, 0x00, 0x00, 0x00, 0x00, 0x00, 0x00, 0x00, 0x00, 0x00, 0x00, 0x00, 0x00, 
    0x00, 0x00, 0x00, 0x00, 0x00, 0x00, 0x00, 0x00, 0x00, 0x7F, 0x80, 0x00, 0x00, 0x01, 0xFE, 0x00, 
    0x00, 0x7F, 0x80, 0x00, 0x00, 0x01, 0xFE, 0x00, 0x00, 0x60, 0x00, 0x00, 0x00, 0x00, 0x06, 0x00, 
    0x00, 0x60, 0x00, 0x00, 0x00, 0x00, 0x06, 0x00, 0x00, 0x60, 0x00, 0x1E, 0x00, 0x00, 0x06, 0x00, 
    0x00, 0x60, 0x00, 0x7E, 0x0F, 0x00, 0x06, 0x00, 0x00, 0x60, 0x00, 0xF0, 0x07, 0x00, 0x06, 0x00, 
    0x00, 0x60, 0x00, 0x40, 0x00, 0x00, 0x06, 0x00, 0x00, 0x00, 0x00, 0x00, 0x00, 0x00, 0x00, 0x00, 
    0x00, 0x00, 0x18, 0x00, 0x00, 0x08, 0x00, 0x00, 0x00, 0x00, 0x1C, 0x0E, 0x38, 0x1C, 0x00, 0x00, 
    0x00, 0x00, 0x38, 0x3E, 0x3C, 0x0E, 0x00, 0x00, 0x00, 0x00, 0x70, 0x78, 0x1F, 0x0E, 0x00, 0x00, 
    0x00, 0x00, 0x60, 0xE0, 0x07, 0x87, 0x00, 0x00, 0x00, 0x00, 0xE1, 0xC0, 0x03, 0x83, 0x00, 0x00, 
    0x00, 0x00, 0xE1, 0x80, 0x01, 0xC3, 0x80, 0x00, 0x00, 0x00, 0xC1, 0x87, 0xE0, 0xC3, 0x80, 0x00, 
    0x00, 0x00, 0xC0, 0x0F, 0xF0, 0xE1, 0x80, 0x00, 0x00, 0x00, 0xC0, 0x0E, 0x38, 0x61, 0x80, 0x00, 
    0x00, 0x00, 0x00, 0x1C, 0x18, 0x61, 0x80, 0x00, 0x00, 0x00, 0x07, 0x1C, 0x18, 0x61, 0x80, 0x00, 
    0x00, 0x00, 0x07, 0x1C, 0x18, 0x61, 0x80, 0x00, 0x00, 0x00, 0x87, 0x1C, 0x18, 0x61, 0x80, 0x00, 
    0x00, 0x01, 0xC7, 0x1C, 0x18, 0x61, 0x80, 0x00, 0x00, 0x01, 0xC7, 0x1C, 0x18, 0x61, 0x80, 0x00, 
    0x00, 0x01, 0xC7, 0x1C, 0x18, 0x61, 0x80, 0x00, 0x00, 0x07, 0xFF, 0xFF, 0xFF, 0xFF, 0xE0, 0x00, 
    0x00, 0x07, 0xFF, 0xFF, 0xFF, 0xFF, 0xE0, 0x00, 0x00, 0x03, 0xFF, 0xFF, 0xFF, 0xFF, 0xC0, 0x00, 
    0x00, 0x01, 0xC7, 0x00, 0x18, 0x00, 0x00, 0x00, 0x00, 0x01, 0xC7, 0x00, 0x18, 0x00, 0x00, 0x00, 
    0x00, 0x01, 0xC7, 0x00, 0x08, 0x61, 0x80, 0x00, 0x00, 0x01, 0xC7, 0x1C, 0x00, 0x61, 0x80, 0x00, 
    0x00, 0x01, 0xC7, 0x1C, 0x00, 0x61, 0x80, 0x00, 0x00, 0x01, 0xC7, 0x1C, 0x00, 0x60, 0x00, 0x00, 
    0x00, 0x01, 0xC0, 0x1C, 0x00, 0x60, 0x00, 0x00, 0x00, 0x01, 0xC0, 0x1C, 0x18, 0x60, 0x00, 0x00, 
    0x00, 0x01, 0xC0, 0x1C, 0x18, 0x60, 0x00, 0x00, 0x00, 0x60, 0xF8, 0x1C, 0x18, 0x61, 0x82, 0x00, 
    0x00, 0x60, 0x78, 0x1C, 0x1C, 0x61, 0x87, 0x00, 0x00, 0x60, 0x00, 0x1C, 0x1F, 0xE1, 0x87, 0x00, 
    0x00, 0x60, 0x00, 0x1C, 0x0F, 0xC1, 0x87, 0x00, 0x00, 0x60, 0x00, 0x00, 0x03, 0x00, 0x07, 0x00, 
    0x00, 0x60, 0x00, 0x00, 0x00, 0x00, 0x07, 0x00, 0x00, 0x7F, 0x80, 0x00, 0x00, 0x00, 0xFF, 0x00, 
    0x00, 0x7F, 0x80, 0x00, 0x00, 0x01, 0xFF, 0x00, 0x00, 0x00, 0x00, 0x00, 0x00, 0x00, 0xFE, 0x00, 
    0x00, 0x00, 0x00, 0x00, 0x00, 0x00, 0x00, 0x00, 0x00, 0x00, 0x00, 0x00, 0x00, 0x00, 0x00, 0x00, 
    0x00, 0x00, 0x00, 0x00, 0x00, 0x00, 0x00, 0x00, 0x00, 0x00, 0x00, 0x00, 0x00, 0x00, 0x00, 0x00, 
    0x00, 0x00, 0x00, 0x00, 0x00, 0x00, 0x00, 0x00, 0x00, 0x00, 0x00, 0x00, 0x00, 0x00, 0x00, 0x00, 
    0x00, 0x00, 0x00, 0x00, 0x00, 0x00, 0x00, 0x00, 0x00, 0x00, 0x00, 0x00, 0x00, 0x00, 0x00, 0x00, 
      },
  {
    0x00, 0x00, 0x00, 0x00, 0x00, 0x00, 0x00, 0x00, 0x00, 0x00, 0x00, 0x00, 0x00, 0x00, 0x00, 0x00, 
    0x00, 0x00, 0x00, 0x00, 0x00, 0x00, 0x00, 0x00, 0x00, 0x00, 0x00, 0x00, 0x00, 0x00, 0x00, 0x00, 
    0x00, 0x00, 0x00, 0x00, 0x00, 0x00, 0x00, 0x00, 0x00, 0x00, 0x00, 0x00, 0x00, 0x00, 0x00, 0x00, 
    0x00, 0x00, 0x00, 0x00, 0x00, 0x00, 0x00, 0x00, 0x00, 0x00, 0x00, 0x00, 0x00, 0x00, 0x00, 0x00, 
    0x00, 0x00, 0x00, 0x00, 0x00, 0x00, 0x00, 0x00, 0x00, 0x7F, 0x80, 0x00, 0x00, 0x01, 0xFE, 0x00, 
    0x00, 0x7F, 0x80, 0x00, 0x00, 0x01, 0xFE, 0x00, 0x00, 0x60, 0x00, 0x00, 0x00, 0x00, 0x06, 0x00, 
    0x00, 0x60, 0x00, 0x00, 0x00, 0x00, 0x06, 0x00, 0x00, 0x60, 0x00, 0x1E, 0x00, 0x00, 0x06, 0x00, 
    0x00, 0x60, 0x00, 0x7E, 0x0F, 0x00, 0x06, 0x00, 0x00, 0x60, 0x00, 0xF0, 0x07, 0x00, 0x06, 0x00, 
    0x00, 0x60, 0x00, 0x40, 0x00, 0x00, 0x06, 0x00, 0x00, 0x00, 0x00, 0x00, 0x00, 0x00, 0x00, 0x00, 
    0x00, 0x00, 0x18, 0x00, 0x00, 0x08, 0x00, 0x00, 0x00, 0x00, 0x1C, 0x0E, 0x38, 0x1C, 0x00, 0x00, 
    0x00, 0x00, 0x38, 0x3E, 0x3C, 0x0E, 0x00, 0x00, 0x00, 0x00, 0x70, 0x78, 0x1F, 0x0E, 0x00, 0x00, 
    0x00, 0x00, 0x60, 0xE0, 0x07, 0x87, 0x00, 0x00, 0x00, 0x00, 0xE1, 0xC0, 0x03, 0x83, 0x00, 0x00, 
    0x00, 0x00, 0xE1, 0x80, 0x01, 0xC3, 0x80, 0x00, 0x00, 0x00, 0xC1, 0x87, 0xE0, 0xC3, 0x80, 0x00, 
    0x00, 0x00, 0xC0, 0x0F, 0xF0, 0xE1, 0x80, 0x00, 0x00, 0x00, 0xC0, 0x0E, 0x38, 0x61, 0x80, 0x00, 
    0x00, 0x00, 0x00, 0x1C, 0x18, 0x61, 0x80, 0x00, 0x00, 0x00, 0x07, 0x1C, 0x18, 0x61, 0x80, 0x00, 
    0x00, 0x00, 0x07, 0x1C, 0x18, 0x61, 0x80, 0x00, 0x00, 0x00, 0x87, 0x1C, 0x18, 0x61, 0x80, 0x00, 
    0x00, 0x01, 0xC7, 0x1C, 0x18, 0x61, 0x80, 0x00, 0x00, 0x01, 0xC7, 0x1C, 0x18, 0x61, 0x80, 0x00, 
    0x00, 0x01, 0xC7, 0x1C, 0x18, 0x61, 0x80, 0x00, 0x00, 0x01, 0xC7, 0x1C, 0x18, 0x01, 0x80, 0x00, 
    0x00, 0x03, 0xFF, 0xFF, 0xFF, 0xFF, 0xE0, 0x00, 0x00, 0x07, 0xFF, 0xFF, 0xFF, 0xFF, 0xE0, 0x00, 
    0x00, 0x03, 0xFF, 0xFF, 0xFF, 0xFE, 0x40, 0x00, 0x00, 0x01, 0xC7, 0x00, 0x18, 0x00, 0x00, 0x00, 
    0x00, 0x01, 0xC7, 0x00, 0x08, 0x61, 0x80, 0x00, 0x00, 0x01, 0xC7, 0x1C, 0x00, 0x61, 0x80, 0x00, 
    0x00, 0x01, 0xC7, 0x1C, 0x00, 0x61, 0x80, 0x00, 0x00, 0x01, 0xC7, 0x1C, 0x00, 0x60, 0x00, 0x00, 
    0x00, 0x01, 0xC0, 0x1C, 0x00, 0x60, 0x00, 0x00, 0x00, 0x01, 0xC0, 0x1C, 0x18, 0x60, 0x00, 0x00, 
    0x00, 0x01, 0xC0, 0x1C, 0x18, 0x60, 0x00, 0x00, 0x00, 0x60, 0xF8, 0x1C, 0x18, 0x61, 0x82, 0x00, 
    0x00, 0x60, 0x78, 0x1C, 0x1C, 0x61, 0x87, 0x00, 0x00, 0x60, 0x00, 0x1C, 0x1F, 0xE1, 0x87, 0x00, 
    0x00, 0x60, 0x00, 0x1C, 0x0F, 0xC1, 0x87, 0x00, 0x00, 0x60, 0x00, 0x00, 0x03, 0x00, 0x07, 0x00, 
    0x00, 0x60, 0x00, 0x00, 0x00, 0x00, 0x07, 0x00, 0x00, 0x7F, 0x80, 0x00, 0x00, 0x00, 0xFF, 0x00, 
    0x00, 0x7F, 0x80, 0x00, 0x00, 0x01, 0xFF, 0x00, 0x00, 0x00, 0x00, 0x00, 0x00, 0x00, 0xFE, 0x00, 
    0x00, 0x00, 0x00, 0x00, 0x00, 0x00, 0x00, 0x00, 0x00, 0x00, 0x00, 0x00, 0x00, 0x00, 0x00, 0x00, 
    0x00, 0x00, 0x00, 0x00, 0x00, 0x00, 0x00, 0x00, 0x00, 0x00, 0x00, 0x00, 0x00, 0x00, 0x00, 0x00, 
    0x00, 0x00, 0x00, 0x00, 0x00, 0x00, 0x00, 0x00, 0x00, 0x00, 0x00, 0x00, 0x00, 0x00, 0x00, 0x00, 
    0x00, 0x00, 0x00, 0x00, 0x00, 0x00, 0x00, 0x00, 0x00, 0x00, 0x00, 0x00, 0x00, 0x00, 0x00, 0x00, 
      },
  {
    0x00, 0x00, 0x00, 0x00, 0x00, 0x00, 0x00, 0x00, 0x00, 0x00, 0x00, 0x00, 0x00, 0x00, 0x00, 0x00, 
    0x00, 0x00, 0x00, 0x00, 0x00, 0x00, 0x00, 0x00, 0x00, 0x00, 0x00, 0x00, 0x00, 0x00, 0x00, 0x00, 
    0x00, 0x00, 0x00, 0x00, 0x00, 0x00, 0x00, 0x00, 0x00, 0x00, 0x00, 0x00, 0x00, 0x00, 0x00, 0x00, 
    0x00, 0x00, 0x00, 0x00, 0x00, 0x00, 0x00, 0x00, 0x00, 0x00, 0x00, 0x00, 0x00, 0x00, 0x00, 0x00, 
    0x00, 0x00, 0x00, 0x00, 0x00, 0x00, 0x00, 0x00, 0x00, 0x7F, 0x80, 0x00, 0x00, 0x01, 0xFE, 0x00, 
    0x00, 0x7F, 0x80, 0x00, 0x00, 0x01, 0xFE, 0x00, 0x00, 0x60, 0x00, 0x00, 0x00, 0x00, 0x06, 0x00, 
    0x00, 0x60, 0x00, 0x00, 0x00, 0x00, 0x06, 0x00, 0x00, 0x60, 0x00, 0x1E, 0x00, 0x00, 0x06, 0x00, 
    0x00, 0x60, 0x00, 0x7E, 0x0F, 0x00, 0x06, 0x00, 0x00, 0x60, 0x00, 0xF0, 0x07, 0x00, 0x06, 0x00, 
    0x00, 0x60, 0x00, 0x40, 0x00, 0x00, 0x06, 0x00, 0x00, 0x00, 0x00, 0x00, 0x00, 0x00, 0x00, 0x00, 
    0x00, 0x00, 0x18, 0x00, 0x00, 0x08, 0x00, 0x00, 0x00, 0x00, 0x1C, 0x0E, 0x38, 0x1C, 0x00, 0x00, 
    0x00, 0x00, 0x38, 0x3E, 0x3C, 0x0E, 0x00, 0x00, 0x00, 0x00, 0x70, 0x78, 0x1F, 0x0E, 0x00, 0x00, 
    0x00, 0x00, 0x60, 0xE0, 0x07, 0x87, 0x00, 0x00, 0x00, 0x00, 0xE1, 0xC0, 0x03, 0x83, 0x00, 0x00, 
    0x00, 0x00, 0xE1, 0x80, 0x01, 0xC3, 0x80, 0x00, 0x00, 0x00, 0xC1, 0x87, 0xE0, 0xC3, 0x80, 0x00, 
    0x00, 0x00, 0xC0, 0x0F, 0xF0, 0xE1, 0x80, 0x00, 0x00, 0x00, 0xC0, 0x0E, 0x38, 0x61, 0x80, 0x00, 
    0x00, 0x00, 0x00, 0x1C, 0x18, 0x61, 0x80, 0x00, 0x00, 0x00, 0x07, 0x1C, 0x18, 0x61, 0x80, 0x00, 
    0x00, 0x00, 0x07, 0x1C, 0x18, 0x61, 0x80, 0x00, 0x00, 0x00, 0x87, 0x1C, 0x18, 0x61, 0x80, 0x00, 
    0x00, 0x01, 0xC7, 0x1C, 0x18, 0x61, 0x80, 0x00, 0x00, 0x01, 0xC7, 0x1C, 0x18, 0x61, 0x80, 0x00, 
    0x00, 0x01, 0xC7, 0x1C, 0x18, 0x61, 0x80, 0x00, 0x00, 0x01, 0xC7, 0x1C, 0x18, 0x01, 0x80, 0x00, 
    0x00, 0x01, 0xC7, 0x08, 0x18, 0x00, 0x00, 0x00, 0x00, 0x03, 0xFF, 0xFF, 0xFF, 0xFF, 0xE0, 0x00, 
    0x00, 0x07, 0xFF, 0xFF, 0xFF, 0xFF, 0xE0, 0x00, 0x00, 0x03, 0xFF, 0xF7, 0xFF, 0xFF, 0xC0, 0x00, 
    0x00, 0x01, 0xC7, 0x00, 0x08, 0x61, 0x80, 0x00, 0x00, 0x01, 0xC7, 0x1C, 0x00, 0x61, 0x80, 0x00, 
    0x00, 0x01, 0xC7, 0x1C, 0x00, 0x61, 0x80, 0x00, 0x00, 0x01, 0xC7, 0x1C, 0x00, 0x60, 0x00, 0x00, 
    0x00, 0x01, 0xC0, 0x1C, 0x00, 0x60, 0x00, 0x00, 0x00, 0x01, 0xC0, 0x1C, 0x18, 0x60, 0x00, 0x00, 
    0x00, 0x01, 0xC0, 0x1C, 0x18, 0x60, 0x00, 0x00, 0x00, 0x60, 0xF8, 0x1C, 0x18, 0x61, 0x82, 0x00, 
    0x00, 0x60, 0x78, 0x1C, 0x1C, 0x61, 0x87, 0x00, 0x00, 0x60, 0x00, 0x1C, 0x1F, 0xE1, 0x87, 0x00, 
    0x00, 0x60, 0x00, 0x1C, 0x0F, 0xC1, 0x87, 0x00, 0x00, 0x60, 0x00, 0x00, 0x03, 0x00, 0x07, 0x00, 
    0x00, 0x60, 0x00, 0x00, 0x00, 0x00, 0x07, 0x00, 0x00, 0x7F, 0x80, 0x00, 0x00, 0x00, 0xFF, 0x00, 
    0x00, 0x7F, 0x80, 0x00, 0x00, 0x01, 0xFF, 0x00, 0x00, 0x00, 0x00, 0x00, 0x00, 0x00, 0xFE, 0x00, 
    0x00, 0x00, 0x00, 0x00, 0x00, 0x00, 0x00, 0x00, 0x00, 0x00, 0x00, 0x00, 0x00, 0x00, 0x00, 0x00, 
    0x00, 0x00, 0x00, 0x00, 0x00, 0x00, 0x00, 0x00, 0x00, 0x00, 0x00, 0x00, 0x00, 0x00, 0x00, 0x00, 
    0x00, 0x00, 0x00, 0x00, 0x00, 0x00, 0x00, 0x00, 0x00, 0x00, 0x00, 0x00, 0x00, 0x00, 0x00, 0x00, 
    0x00, 0x00, 0x00, 0x00, 0x00, 0x00, 0x00, 0x00, 0x00, 0x00, 0x00, 0x00, 0x00, 0x00, 0x00, 0x00, 
      },
  {
    0x00, 0x00, 0x00, 0x00, 0x00, 0x00, 0x00, 0x00, 0x00, 0x00, 0x00, 0x00, 0x00, 0x00, 0x00, 0x00, 
    0x00, 0x00, 0x00, 0x00, 0x00, 0x00, 0x00, 0x00, 0x00, 0x00, 0x00, 0x00, 0x00, 0x00, 0x00, 0x00, 
    0x00, 0x00, 0x00, 0x00, 0x00, 0x00, 0x00, 0x00, 0x00, 0x00, 0x00, 0x00, 0x00, 0x00, 0x00, 0x00, 
    0x00, 0x00, 0x00, 0x00, 0x00, 0x00, 0x00, 0x00, 0x00, 0x00, 0x00, 0x00, 0x00, 0x00, 0x00, 0x00, 
    0x00, 0x00, 0x00, 0x00, 0x00, 0x00, 0x00, 0x00, 0x00, 0x7F, 0x80, 0x00, 0x00, 0x01, 0xFE, 0x00, 
    0x00, 0x7F, 0x80, 0x00, 0x00, 0x01, 0xFE, 0x00, 0x00, 0x60, 0x00, 0x00, 0x00, 0x00, 0x06, 0x00, 
    0x00, 0x60, 0x00, 0x00, 0x00, 0x00, 0x06, 0x00, 0x00, 0x60, 0x00, 0x1E, 0x00, 0x00, 0x06, 0x00, 
    0x00, 0x60, 0x00, 0x7E, 0x0F, 0x00, 0x06, 0x00, 0x00, 0x60, 0x00, 0xF0, 0x07, 0x00, 0x06, 0x00, 
    0x00, 0x60, 0x00, 0x40, 0x00, 0x00, 0x06, 0x00, 0x00, 0x00, 0x00, 0x00, 0x00, 0x00, 0x00, 0x00, 
    0x00, 0x00, 0x18, 0x00, 0x00, 0x08, 0x00, 0x00, 0x00, 0x00, 0x1C, 0x0E, 0x38, 0x1C, 0x00, 0x00, 
    0x00, 0x00, 0x38, 0x3E, 0x3C, 0x0E, 0x00, 0x00, 0x00, 0x00, 0x70, 0x78, 0x1F, 0x0E, 0x00, 0x00, 
    0x00, 0x00, 0x60, 0xE0, 0x07, 0x87, 0x00, 0x00, 0x00, 0x00, 0xE1, 0xC0, 0x03, 0x83, 0x00, 0x00, 
    0x00, 0x00, 0xE1, 0x80, 0x01, 0xC3, 0x80, 0x00, 0x00, 0x00, 0xC1, 0x87, 0xE0, 0xC3, 0x80, 0x00, 
    0x00, 0x00, 0xC0, 0x0F, 0xF0, 0xE1, 0x80, 0x00, 0x00, 0x00, 0xC0, 0x0E, 0x38, 0x61, 0x80, 0x00, 
    0x00, 0x00, 0x00, 0x1C, 0x18, 0x61, 0x80, 0x00, 0x00, 0x00, 0x07, 0x1C, 0x18, 0x61, 0x80, 0x00, 
    0x00, 0x00, 0x07, 0x1C, 0x18, 0x61, 0x80, 0x00, 0x00, 0x00, 0x87, 0x1C, 0x18, 0x61, 0x80, 0x00, 
    0x00, 0x01, 0xC7, 0x1C, 0x18, 0x61, 0x80, 0x00, 0x00, 0x01, 0xC7, 0x1C, 0x18, 0x61, 0x80, 0x00, 
    0x00, 0x01, 0xC7, 0x1C, 0x18, 0x61, 0x80, 0x00, 0x00, 0x01, 0xC7, 0x1C, 0x18, 0x01, 0x80, 0x00, 
    0x00, 0x01, 0xC7, 0x08, 0x18, 0x00, 0x00, 0x00, 0x00, 0x01, 0xC7, 0x00, 0x18, 0x00, 0x00, 0x00, 
    0x00, 0x03, 0xFF, 0xFF, 0xFF, 0xFF, 0xE0, 0x00, 0x00, 0x07, 0xFF, 0xFF, 0xFF, 0xFF, 0xE0, 0x00, 
    0x00, 0x03, 0xFF, 0xFF, 0xFF, 0xFF, 0xC0, 0x00, 0x00, 0x01, 0xC7, 0x18, 0x00, 0x61, 0x80, 0x00, 
    0x00, 0x01, 0xC7, 0x1C, 0x00, 0x61, 0x80, 0x00, 0x00, 0x01, 0xC7, 0x1C, 0x00, 0x60, 0x00, 0x00, 
    0x00, 0x01, 0xC0, 0x1C, 0x00, 0x60, 0x00, 0x00, 0x00, 0x01, 0xC0, 0x1C, 0x18, 0x60, 0x00, 0x00, 
    0x00, 0x01, 0xC0, 0x1C, 0x18, 0x60, 0x00, 0x00, 0x00, 0x60, 0xF8, 0x1C, 0x18, 0x61, 0x82, 0x00, 
    0x00, 0x60, 0x78, 0x1C, 0x1C, 0x61, 0x87, 0x00, 0x00, 0x60, 0x00, 0x1C, 0x1F, 0xE1, 0x87, 0x00, 
    0x00, 0x60, 0x00, 0x1C, 0x0F, 0xC1, 0x87, 0x00, 0x00, 0x60, 0x00, 0x00, 0x03, 0x00, 0x07, 0x00, 
    0x00, 0x60, 0x00, 0x00, 0x00, 0x00, 0x07, 0x00, 0x00, 0x7F, 0x80, 0x00, 0x00, 0x00, 0xFF, 0x00, 
    0x00, 0x7F, 0x80, 0x00, 0x00, 0x01, 0xFF, 0x00, 0x00, 0x00, 0x00, 0x00, 0x00, 0x00, 0xFE, 0x00, 
    0x00, 0x00, 0x00, 0x00, 0x00, 0x00, 0x00, 0x00, 0x00, 0x00, 0x00, 0x00, 0x00, 0x00, 0x00, 0x00, 
    0x00, 0x00, 0x00, 0x00, 0x00, 0x00, 0x00, 0x00, 0x00, 0x00, 0x00, 0x00, 0x00, 0x00, 0x00, 0x00, 
    0x00, 0x00, 0x00, 0x00, 0x00, 0x00, 0x00, 0x00, 0x00, 0x00, 0x00, 0x00, 0x00, 0x00, 0x00, 0x00, 
    0x00, 0x00, 0x00, 0x00, 0x00, 0x00, 0x00, 0x00, 0x00, 0x00, 0x00, 0x00, 0x00, 0x00, 0x00, 0x00, 
      },
  {
    0x00, 0x00, 0x00, 0x00, 0x00, 0x00, 0x00, 0x00, 0x00, 0x00, 0x00, 0x00, 0x00, 0x00, 0x00, 0x00, 
    0x00, 0x00, 0x00, 0x00, 0x00, 0x00, 0x00, 0x00, 0x00, 0x00, 0x00, 0x00, 0x00, 0x00, 0x00, 0x00, 
    0x00, 0x00, 0x00, 0x00, 0x00, 0x00, 0x00, 0x00, 0x00, 0x00, 0x00, 0x00, 0x00, 0x00, 0x00, 0x00, 
    0x00, 0x00, 0x00, 0x00, 0x00, 0x00, 0x00, 0x00, 0x00, 0x00, 0x00, 0x00, 0x00, 0x00, 0x00, 0x00, 
    0x00, 0x00, 0x00, 0x00, 0x00, 0x00, 0x00, 0x00, 0x00, 0x7F, 0x80, 0x00, 0x00, 0x01, 0xFE, 0x00, 
    0x00, 0x7F, 0x80, 0x00, 0x00, 0x01, 0xFE, 0x00, 0x00, 0x60, 0x00, 0x00, 0x00, 0x00, 0x06, 0x00, 
    0x00, 0x60, 0x00, 0x00, 0x00, 0x00, 0x06, 0x00, 0x00, 0x60, 0x00, 0x1E, 0x00, 0x00, 0x06, 0x00, 
    0x00, 0x60, 0x00, 0x7E, 0x0F, 0x00, 0x06, 0x00, 0x00, 0x60, 0x00, 0xF0, 0x07, 0x00, 0x06, 0x00, 
    0x00, 0x60, 0x00, 0x40, 0x00, 0x00, 0x06, 0x00, 0x00, 0x00, 0x00, 0x00, 0x00, 0x00, 0x00, 0x00, 
    0x00, 0x00, 0x18, 0x00, 0x00, 0x08, 0x00, 0x00, 0x00, 0x00, 0x1C, 0x0E, 0x38, 0x1C, 0x00, 0x00, 
    0x00, 0x00, 0x38, 0x3E, 0x3C, 0x0E, 0x00, 0x00, 0x00, 0x00, 0x70, 0x78, 0x1F, 0x0E, 0x00, 0x00, 
    0x00, 0x00, 0x60, 0xE0, 0x07, 0x87, 0x00, 0x00, 0x00, 0x00, 0xE1, 0xC0, 0x03, 0x83, 0x00, 0x00, 
    0x00, 0x00, 0xE1, 0x80, 0x01, 0xC3, 0x80, 0x00, 0x00, 0x00, 0xC1, 0x87, 0xE0, 0xC3, 0x80, 0x00, 
    0x00, 0x00, 0xC0, 0x0F, 0xF0, 0xE1, 0x80, 0x00, 0x00, 0x00, 0xC0, 0x0E, 0x38, 0x61, 0x80, 0x00, 
    0x00, 0x00, 0x00, 0x1C, 0x18, 0x61, 0x80, 0x00, 0x00, 0x00, 0x07, 0x1C, 0x18, 0x61, 0x80, 0x00, 
    0x00, 0x00, 0x07, 0x1C, 0x18, 0x61, 0x80, 0x00, 0x00, 0x00, 0x87, 0x1C, 0x18, 0x61, 0x80, 0x00, 
    0x00, 0x01, 0xC7, 0x1C, 0x18, 0x61, 0x80, 0x00, 0x00, 0x01, 0xC7, 0x1C, 0x18, 0x61, 0x80, 0x00, 
    0x00, 0x01, 0xC7, 0x1C, 0x18, 0x61, 0x80, 0x00, 0x00, 0x01, 0xC7, 0x1C, 0x18, 0x01, 0x80, 0x00, 
    0x00, 0x01, 0xC7, 0x08, 0x18, 0x00, 0x00, 0x00, 0x00, 0x01, 0xC7, 0x00, 0x18, 0x00, 0x00, 0x00, 
    0x00, 0x01, 0xC7, 0x00, 0x18, 0x00, 0x00, 0x00, 0x00, 0x03, 0xFF, 0xFF, 0xFF, 0xFF, 0xE0, 0x00, 
    0x00, 0x07, 0xFF, 0xFF, 0xFF, 0xFF, 0xE0, 0x00, 0x00, 0x03, 0xFF, 0xFF, 0xFF, 0xFF, 0xC0, 0x00, 
    0x00, 0x01, 0xC7, 0x1C, 0x00, 0x61, 0x80, 0x00, 0x00, 0x01, 0xC7, 0x1C, 0x00, 0x60, 0x00, 0x00, 
    0x00, 0x01, 0xC0, 0x1C, 0x00, 0x60, 0x00, 0x00, 0x00, 0x01, 0xC0, 0x1C, 0x18, 0x60, 0x00, 0x00, 
    0x00, 0x01, 0xC0, 0x1C, 0x18, 0x60, 0x00, 0x00, 0x00, 0x60, 0xF8, 0x1C, 0x18, 0x61, 0x82, 0x00, 
    0x00, 0x60, 0x78, 0x1C, 0x1C, 0x61, 0x87, 0x00, 0x00, 0x60, 0x00, 0x1C, 0x1F, 0xE1, 0x87, 0x00, 
    0x00, 0x60, 0x00, 0x1C, 0x0F, 0xC1, 0x87, 0x00, 0x00, 0x60, 0x00, 0x00, 0x03, 0x00, 0x07, 0x00, 
    0x00, 0x60, 0x00, 0x00, 0x00, 0x00, 0x07, 0x00, 0x00, 0x7F, 0x80, 0x00, 0x00, 0x00, 0xFF, 0x00, 
    0x00, 0x7F, 0x80, 0x00, 0x00, 0x01, 0xFF, 0x00, 0x00, 0x00, 0x00, 0x00, 0x00, 0x00, 0xFE, 0x00, 
    0x00, 0x00, 0x00, 0x00, 0x00, 0x00, 0x00, 0x00, 0x00, 0x00, 0x00, 0x00, 0x00, 0x00, 0x00, 0x00, 
    0x00, 0x00, 0x00, 0x00, 0x00, 0x00, 0x00, 0x00, 0x00, 0x00, 0x00, 0x00, 0x00, 0x00, 0x00, 0x00, 
    0x00, 0x00, 0x00, 0x00, 0x00, 0x00, 0x00, 0x00, 0x00, 0x00, 0x00, 0x00, 0x00, 0x00, 0x00, 0x00, 
    0x00, 0x00, 0x00, 0x00, 0x00, 0x00, 0x00, 0x00, 0x00, 0x00, 0x00, 0x00, 0x00, 0x00, 0x00, 0x00, 
      },
  {
    0x00, 0x00, 0x00, 0x00, 0x00, 0x00, 0x00, 0x00, 0x00, 0x00, 0x00, 0x00, 0x00, 0x00, 0x00, 0x00, 
    0x00, 0x00, 0x00, 0x00, 0x00, 0x00, 0x00, 0x00, 0x00, 0x00, 0x00, 0x00, 0x00, 0x00, 0x00, 0x00, 
    0x00, 0x00, 0x00, 0x00, 0x00, 0x00, 0x00, 0x00, 0x00, 0x00, 0x00, 0x00, 0x00, 0x00, 0x00, 0x00, 
    0x00, 0x00, 0x00, 0x00, 0x00, 0x00, 0x00, 0x00, 0x00, 0x00, 0x00, 0x00, 0x00, 0x00, 0x00, 0x00, 
    0x00, 0x00, 0x00, 0x00, 0x00, 0x00, 0x00, 0x00, 0x00, 0x7F, 0x80, 0x00, 0x00, 0x01, 0xFE, 0x00, 
    0x00, 0x7F, 0x80, 0x00, 0x00, 0x01, 0xFE, 0x00, 0x00, 0x60, 0x00, 0x00, 0x00, 0x00, 0x06, 0x00, 
    0x00, 0x60, 0x00, 0x00, 0x00, 0x00, 0x06, 0x00, 0x00, 0x60, 0x00, 0x1E, 0x00, 0x00, 0x06, 0x00, 
    0x00, 0x60, 0x00, 0x7E, 0x0F, 0x00, 0x06, 0x00, 0x00, 0x60, 0x00, 0xF0, 0x07, 0x00, 0x06, 0x00, 
    0x00, 0x60, 0x00, 0x40, 0x00, 0x00, 0x06, 0x00, 0x00, 0x00, 0x00, 0x00, 0x00, 0x00, 0x00, 0x00, 
    0x00, 0x00, 0x18, 0x00, 0x00, 0x08, 0x00, 0x00, 0x00, 0x00, 0x1C, 0x0E, 0x38, 0x1C, 0x00, 0x00, 
    0x00, 0x00, 0x38, 0x3E, 0x3C, 0x0E, 0x00, 0x00, 0x00, 0x00, 0x70, 0x78, 0x1F, 0x0E, 0x00, 0x00, 
    0x00, 0x00, 0x60, 0xE0, 0x07, 0x87, 0x00, 0x00, 0x00, 0x00, 0xE1, 0xC0, 0x03, 0x83, 0x00, 0x00, 
    0x00, 0x00, 0xE1, 0x80, 0x01, 0xC3, 0x80, 0x00, 0x00, 0x00, 0xC1, 0x87, 0xE0, 0xC3, 0x80, 0x00, 
    0x00, 0x00, 0xC0, 0x0F, 0xF0, 0xE1, 0x80, 0x00, 0x00, 0x00, 0xC0, 0x0E, 0x38, 0x61, 0x80, 0x00, 
    0x00, 0x00, 0x00, 0x1C, 0x18, 0x61, 0x80, 0x00, 0x00, 0x00, 0x07, 0x1C, 0x18, 0x61, 0x80, 0x00, 
    0x00, 0x00, 0x07, 0x1C, 0x18, 0x61, 0x80, 0x00, 0x00, 0x00, 0x87, 0x1C, 0x18, 0x61, 0x80, 0x00, 
    0x00, 0x01, 0xC7, 0x1C, 0x18, 0x61, 0x80, 0x00, 0x00, 0x01, 0xC7, 0x1C, 0x18, 0x61, 0x80, 0x00, 
    0x00, 0x01, 0xC7, 0x1C, 0x18, 0x61, 0x80, 0x00, 0x00, 0x01, 0xC7, 0x1C, 0x18, 0x01, 0x80, 0x00, 
    0x00, 0x01, 0xC7, 0x08, 0x18, 0x00, 0x00, 0x00, 0x00, 0x01, 0xC7, 0x00, 0x18, 0x00, 0x00, 0x00, 
    0x00, 0x01, 0xC7, 0x00, 0x18, 0x00, 0x00, 0x00, 0x00, 0x01, 0xC7, 0x00, 0x18, 0x00, 0x00, 0x00, 
    0x00, 0x03, 0xFF, 0xFF, 0xFF, 0xFF, 0xE0, 0x00, 0x00, 0x07, 0xFF, 0xFF, 0xFF, 0xFF, 0xE0, 0x00, 
    0x00, 0x03, 0xFF, 0xFF, 0xFF, 0xFF, 0xC0, 0x00, 0x00, 0x01, 0xC7, 0x1C, 0x00, 0x60, 0x00, 0x00, 
    0x00, 0x01, 0xC0, 0x1C, 0x00, 0x60, 0x00, 0x00, 0x00, 0x01, 0xC0, 0x1C, 0x18, 0x60, 0x00, 0x00, 
    0x00, 0x01, 0xC0, 0x1C, 0x18, 0x60, 0x00, 0x00, 0x00, 0x60, 0xF8, 0x1C, 0x18, 0x61, 0x82, 0x00, 
    0x00, 0x60, 0x78, 0x1C, 0x1C, 0x61, 0x87, 0x00, 0x00, 0x60, 0x00, 0x1C, 0x1F, 0xE1, 0x87, 0x00, 
    0x00, 0x60, 0x00, 0x1C, 0x0F, 0xC1, 0x87, 0x00, 0x00, 0x60, 0x00, 0x00, 0x03, 0x00, 0x07, 0x00, 
    0x00, 0x60, 0x00, 0x00, 0x00, 0x00, 0x07, 0x00, 0x00, 0x7F, 0x80, 0x00, 0x00, 0x00, 0xFF, 0x00, 
    0x00, 0x7F, 0x80, 0x00, 0x00, 0x01, 0xFF, 0x00, 0x00, 0x00, 0x00, 0x00, 0x00, 0x00, 0xFE, 0x00, 
    0x00, 0x00, 0x00, 0x00, 0x00, 0x00, 0x00, 0x00, 0x00, 0x00, 0x00, 0x00, 0x00, 0x00, 0x00, 0x00, 
    0x00, 0x00, 0x00, 0x00, 0x00, 0x00, 0x00, 0x00, 0x00, 0x00, 0x00, 0x00, 0x00, 0x00, 0x00, 0x00, 
    0x00, 0x00, 0x00, 0x00, 0x00, 0x00, 0x00, 0x00, 0x00, 0x00, 0x00, 0x00, 0x00, 0x00, 0x00, 0x00, 
    0x00, 0x00, 0x00, 0x00, 0x00, 0x00, 0x00, 0x00, 0x00, 0x00, 0x00, 0x00, 0x00, 0x00, 0x00, 0x00, 
      },
  {
    0x00, 0x00, 0x00, 0x00, 0x00, 0x00, 0x00, 0x00, 0x00, 0x00, 0x00, 0x00, 0x00, 0x00, 0x00, 0x00, 
    0x00, 0x00, 0x00, 0x00, 0x00, 0x00, 0x00, 0x00, 0x00, 0x00, 0x00, 0x00, 0x00, 0x00, 0x00, 0x00, 
    0x00, 0x00, 0x00, 0x00, 0x00, 0x00, 0x00, 0x00, 0x00, 0x00, 0x00, 0x00, 0x00, 0x00, 0x00, 0x00, 
    0x00, 0x00, 0x00, 0x00, 0x00, 0x00, 0x00, 0x00, 0x00, 0x00, 0x00, 0x00, 0x00, 0x00, 0x00, 0x00, 
    0x00, 0x00, 0x00, 0x00, 0x00, 0x00, 0x00, 0x00, 0x00, 0x7F, 0x80, 0x00, 0x00, 0x01, 0xFE, 0x00, 
    0x00, 0x7F, 0x80, 0x00, 0x00, 0x01, 0xFE, 0x00, 0x00, 0x60, 0x00, 0x00, 0x00, 0x00, 0x06, 0x00, 
    0x00, 0x60, 0x00, 0x00, 0x00, 0x00, 0x06, 0x00, 0x00, 0x60, 0x00, 0x1E, 0x00, 0x00, 0x06, 0x00, 
    0x00, 0x60, 0x00, 0x7E, 0x0F, 0x00, 0x06, 0x00, 0x00, 0x60, 0x00, 0xF0, 0x07, 0x00, 0x06, 0x00, 
    0x00, 0x60, 0x00, 0x40, 0x00, 0x00, 0x06, 0x00, 0x00, 0x00, 0x00, 0x00, 0x00, 0x00, 0x00, 0x00, 
    0x00, 0x00, 0x18, 0x00, 0x00, 0x08, 0x00, 0x00, 0x00, 0x00, 0x1C, 0x0E, 0x38, 0x1C, 0x00, 0x00, 
    0x00, 0x00, 0x38, 0x3E, 0x3C, 0x0E, 0x00, 0x00, 0x00, 0x00, 0x70, 0x78, 0x1F, 0x0E, 0x00, 0x00, 
    0x00, 0x00, 0x60, 0xE0, 0x07, 0x87, 0x00, 0x00, 0x00, 0x00, 0xE1, 0xC0, 0x03, 0x83, 0x00, 0x00, 
    0x00, 0x00, 0xE1, 0x80, 0x01, 0xC3, 0x80, 0x00, 0x00, 0x00, 0xC1, 0x87, 0xE0, 0xC3, 0x80, 0x00, 
    0x00, 0x00, 0xC0, 0x0F, 0xF0, 0xE1, 0x80, 0x00, 0x00, 0x00, 0xC0, 0x0E, 0x38, 0x61, 0x80, 0x00, 
    0x00, 0x00, 0x00, 0x1C, 0x18, 0x61, 0x80, 0x00, 0x00, 0x00, 0x07, 0x1C, 0x18, 0x61, 0x80, 0x00, 
    0x00, 0x00, 0x07, 0x1C, 0x18, 0x61, 0x80, 0x00, 0x00, 0x00, 0x87, 0x1C, 0x18, 0x61, 0x80, 0x00, 
    0x00, 0x01, 0xC7, 0x1C, 0x18, 0x61, 0x80, 0x00, 0x00, 0x01, 0xC7, 0x1C, 0x18, 0x61, 0x80, 0x00, 
    0x00, 0x01, 0xC7, 0x1C, 0x18, 0x61, 0x80, 0x00, 0x00, 0x01, 0xC7, 0x1C, 0x18, 0x01, 0x80, 0x00, 
    0x00, 0x01, 0xC7, 0x08, 0x18, 0x00, 0x00, 0x00, 0x00, 0x01, 0xC7, 0x00, 0x18, 0x00, 0x00, 0x00, 
    0x00, 0x01, 0xC7, 0x00, 0x18, 0x00, 0x00, 0x00, 0x00, 0x01, 0xC7, 0x00, 0x18, 0x00, 0x00, 0x00, 
    0x00, 0x01, 0xC7, 0x00, 0x08, 0x61, 0x80, 0x00, 0x00, 0x03, 0xFF, 0xFF, 0xFF, 0xFF, 0xE0, 0x00, 
    0x00, 0x07, 0xFF, 0xFF, 0xFF, 0xFF, 0xE0, 0x00, 0x00, 0x03, 0xFF, 0xFF, 0xFF, 0xFF, 0xC0, 0x00, 
    0x00, 0x01, 0xC0, 0x1C, 0x00, 0x60, 0x00, 0x00, 0x00, 0x01, 0xC0, 0x1C, 0x18, 0x60, 0x00, 0x00, 
    0x00, 0x01, 0xC0, 0x1C, 0x18, 0x60, 0x00, 0x00, 0x00, 0x60, 0xF8, 0x1C, 0x18, 0x61, 0x82, 0x00, 
    0x00, 0x60, 0x78, 0x1C, 0x1C, 0x61, 0x87, 0x00, 0x00, 0x60, 0x00, 0x1C, 0x1F, 0xE1, 0x87, 0x00, 
    0x00, 0x60, 0x00, 0x1C, 0x0F, 0xC1, 0x87, 0x00, 0x00, 0x60, 0x00, 0x00, 0x03, 0x00, 0x07, 0x00, 
    0x00, 0x60, 0x00, 0x00, 0x00, 0x00, 0x07, 0x00, 0x00, 0x7F, 0x80, 0x00, 0x00, 0x00, 0xFF, 0x00, 
    0x00, 0x7F, 0x80, 0x00, 0x00, 0x01, 0xFF, 0x00, 0x00, 0x00, 0x00, 0x00, 0x00, 0x00, 0xFE, 0x00, 
    0x00, 0x00, 0x00, 0x00, 0x00, 0x00, 0x00, 0x00, 0x00, 0x00, 0x00, 0x00, 0x00, 0x00, 0x00, 0x00, 
    0x00, 0x00, 0x00, 0x00, 0x00, 0x00, 0x00, 0x00, 0x00, 0x00, 0x00, 0x00, 0x00, 0x00, 0x00, 0x00, 
    0x00, 0x00, 0x00, 0x00, 0x00, 0x00, 0x00, 0x00, 0x00, 0x00, 0x00, 0x00, 0x00, 0x00, 0x00, 0x00, 
    0x00, 0x00, 0x00, 0x00, 0x00, 0x00, 0x00, 0x00, 0x00, 0x00, 0x00, 0x00, 0x00, 0x00, 0x00, 0x00, 
      },
  {
    0x00, 0x00, 0x00, 0x00, 0x00, 0x00, 0x00, 0x00, 0x00, 0x00, 0x00, 0x00, 0x00, 0x00, 0x00, 0x00, 
    0x00, 0x00, 0x00, 0x00, 0x00, 0x00, 0x00, 0x00, 0x00, 0x00, 0x00, 0x00, 0x00, 0x00, 0x00, 0x00, 
    0x00, 0x00, 0x00, 0x00, 0x00, 0x00, 0x00, 0x00, 0x00, 0x00, 0x00, 0x00, 0x00, 0x00, 0x00, 0x00, 
    0x00, 0x00, 0x00, 0x00, 0x00, 0x00, 0x00, 0x00, 0x00, 0x00, 0x00, 0x00, 0x00, 0x00, 0x00, 0x00, 
    0x00, 0x00, 0x00, 0x00, 0x00, 0x00, 0x00, 0x00, 0x00, 0x7F, 0x80, 0x00, 0x00, 0x01, 0xFE, 0x00, 
    0x00, 0x7F, 0x80, 0x00, 0x00, 0x01, 0xFE, 0x00, 0x00, 0x60, 0x00, 0x00, 0x00, 0x00, 0x06, 0x00, 
    0x00, 0x60, 0x00, 0x00, 0x00, 0x00, 0x06, 0x00, 0x00, 0x60, 0x00, 0x1E, 0x00, 0x00, 0x06, 0x00, 
    0x00, 0x60, 0x00, 0x7E, 0x0F, 0x00, 0x06, 0x00, 0x00, 0x60, 0x00, 0xF0, 0x07, 0x00, 0x06, 0x00, 
    0x00, 0x60, 0x00, 0x40, 0x00, 0x00, 0x06, 0x00, 0x00, 0x00, 0x00, 0x00, 0x00, 0x00, 0x00, 0x00, 
    0x00, 0x00, 0x18, 0x00, 0x00, 0x08, 0x00, 0x00, 0x00, 0x00, 0x1C, 0x0E, 0x38, 0x1C, 0x00, 0x00, 
    0x00, 0x00, 0x38, 0x3E, 0x3C, 0x0E, 0x00, 0x00, 0x00, 0x00, 0x70, 0x78, 0x1F, 0x0E, 0x00, 0x00, 
    0x00, 0x00, 0x60, 0xE0, 0x07, 0x87, 0x00, 0x00, 0x00, 0x00, 0xE1, 0xC0, 0x03, 0x83, 0x00, 0x00, 
    0x00, 0x00, 0xE1, 0x80, 0x01, 0xC3, 0x80, 0x00, 0x00, 0x00, 0xC1, 0x87, 0xE0, 0xC3, 0x80, 0x00, 
    0x00, 0x00, 0xC0, 0x0F, 0xF0, 0xE1, 0x80, 0x00, 0x00, 0x00, 0xC0, 0x0E, 0x38, 0x61, 0x80, 0x00, 
    0x00, 0x00, 0x00, 0x1C, 0x18, 0x61, 0x80, 0x00, 0x00, 0x00, 0x07, 0x1C, 0x18, 0x61, 0x80, 0x00, 
    0x00, 0x00, 0x07, 0x1C, 0x18, 0x61, 0x80, 0x00, 0x00, 0x00, 0x87, 0x1C, 0x18, 0x61, 0x80, 0x00, 
    0x00, 0x01, 0xC7, 0x1C, 0x18, 0x61, 0x80, 0x00, 0x00, 0x01, 0xC7, 0x1C, 0x18, 0x61, 0x80, 0x00, 
    0x00, 0x01, 0xC7, 0x1C, 0x18, 0x61, 0x80, 0x00, 0x00, 0x01, 0xC7, 0x1C, 0x18, 0x01, 0x80, 0x00, 
    0x00, 0x01, 0xC7, 0x08, 0x18, 0x00, 0x00, 0x00, 0x00, 0x01, 0xC7, 0x00, 0x18, 0x00, 0x00, 0x00, 
    0x00, 0x01, 0xC7, 0x00, 0x18, 0x00, 0x00, 0x00, 0x00, 0x01, 0xC7, 0x00, 0x18, 0x00, 0x00, 0x00, 
    0x00, 0x01, 0xC7, 0x00, 0x18, 0x61, 0x80, 0x00, 0x00, 0x01, 0xC7, 0x18, 0x00, 0x61, 0x80, 0x00, 
    0x00, 0x03, 0xFF, 0xFF, 0xFF, 0xFF, 0xC0, 0x00, 0x00, 0x07, 0xFF, 0xFF, 0xFF, 0xFF, 0xE0, 0x00, 
    0x00, 0x03, 0xFF, 0xFF, 0xFF, 0xFF, 0xC0, 0x00, 0x00, 0x01, 0xC0, 0x1C, 0x18, 0x60, 0x00, 0x00, 
    0x00, 0x01, 0xC0, 0x1C, 0x18, 0x60, 0x00, 0x00, 0x00, 0x60, 0xF8, 0x1C, 0x18, 0x61, 0x82, 0x00, 
    0x00, 0x60, 0x78, 0x1C, 0x1C, 0x61, 0x87, 0x00, 0x00, 0x60, 0x00, 0x1C, 0x1F, 0xE1, 0x87, 0x00, 
    0x00, 0x60, 0x00, 0x1C, 0x0F, 0xC1, 0x87, 0x00, 0x00, 0x60, 0x00, 0x00, 0x03, 0x00, 0x07, 0x00, 
    0x00, 0x60, 0x00, 0x00, 0x00, 0x00, 0x07, 0x00, 0x00, 0x7F, 0x80, 0x00, 0x00, 0x00, 0xFF, 0x00, 
    0x00, 0x7F, 0x80, 0x00, 0x00, 0x01, 0xFF, 0x00, 0x00, 0x00, 0x00, 0x00, 0x00, 0x00, 0xFE, 0x00, 
    0x00, 0x00, 0x00, 0x00, 0x00, 0x00, 0x00, 0x00, 0x00, 0x00, 0x00, 0x00, 0x00, 0x00, 0x00, 0x00, 
    0x00, 0x00, 0x00, 0x00, 0x00, 0x00, 0x00, 0x00, 0x00, 0x00, 0x00, 0x00, 0x00, 0x00, 0x00, 0x00, 
    0x00, 0x00, 0x00, 0x00, 0x00, 0x00, 0x00, 0x00, 0x00, 0x00, 0x00, 0x00, 0x00, 0x00, 0x00, 0x00, 
    0x00, 0x00, 0x00, 0x00, 0x00, 0x00, 0x00, 0x00, 0x00, 0x00, 0x00, 0x00, 0x00, 0x00, 0x00, 0x00, 
      },
  {
    0x00, 0x00, 0x00, 0x00, 0x00, 0x00, 0x00, 0x00, 0x00, 0x00, 0x00, 0x00, 0x00, 0x00, 0x00, 0x00, 
    0x00, 0x00, 0x00, 0x00, 0x00, 0x00, 0x00, 0x00, 0x00, 0x00, 0x00, 0x00, 0x00, 0x00, 0x00, 0x00, 
    0x00, 0x00, 0x00, 0x00, 0x00, 0x00, 0x00, 0x00, 0x00, 0x00, 0x00, 0x00, 0x00, 0x00, 0x00, 0x00, 
    0x00, 0x00, 0x00, 0x00, 0x00, 0x00, 0x00, 0x00, 0x00, 0x00, 0x00, 0x00, 0x00, 0x00, 0x00, 0x00, 
    0x00, 0x00, 0x00, 0x00, 0x00, 0x00, 0x00, 0x00, 0x00, 0x7F, 0x80, 0x00, 0x00, 0x01, 0xFE, 0x00, 
    0x00, 0x7F, 0x80, 0x00, 0x00, 0x01, 0xFE, 0x00, 0x00, 0x60, 0x00, 0x00, 0x00, 0x00, 0x06, 0x00, 
    0x00, 0x60, 0x00, 0x00, 0x00, 0x00, 0x06, 0x00, 0x00, 0x60, 0x00, 0x1E, 0x00, 0x00, 0x06, 0x00, 
    0x00, 0x60, 0x00, 0x7E, 0x0F, 0x00, 0x06, 0x00, 0x00, 0x60, 0x00, 0xF0, 0x07, 0x00, 0x06, 0x00, 
    0x00, 0x60, 0x00, 0x40, 0x00, 0x00, 0x06, 0x00, 0x00, 0x00, 0x00, 0x00, 0x00, 0x00, 0x00, 0x00, 
    0x00, 0x00, 0x18, 0x00, 0x00, 0x08, 0x00, 0x00, 0x00, 0x00, 0x1C, 0x0E, 0x38, 0x1C, 0x00, 0x00, 
    0x00, 0x00, 0x38, 0x3E, 0x3C, 0x0E, 0x00, 0x00, 0x00, 0x00, 0x70, 0x78, 0x1F, 0x0E, 0x00, 0x00, 
    0x00, 0x00, 0x60, 0xE0, 0x07, 0x87, 0x00, 0x00, 0x00, 0x00, 0xE1, 0xC0, 0x03, 0x83, 0x00, 0x00, 
    0x00, 0x00, 0xE1, 0x80, 0x01, 0xC3, 0x80, 0x00, 0x00, 0x00, 0xC1, 0x87, 0xE0, 0xC3, 0x80, 0x00, 
    0x00, 0x00, 0xC0, 0x0F, 0xF0, 0xE1, 0x80, 0x00, 0x00, 0x00, 0xC0, 0x0E, 0x38, 0x61, 0x80, 0x00, 
    0x00, 0x00, 0x00, 0x1C, 0x18, 0x61, 0x80, 0x00, 0x00, 0x00, 0x07, 0x1C, 0x18, 0x61, 0x80, 0x00, 
    0x00, 0x00, 0x07, 0x1C, 0x18, 0x61, 0x80, 0x00, 0x00, 0x00, 0x87, 0x1C, 0x18, 0x61, 0x80, 0x00, 
    0x00, 0x01, 0xC7, 0x1C, 0x18, 0x61, 0x80, 0x00, 0x00, 0x01, 0xC7, 0x1C, 0x18, 0x61, 0x80, 0x00, 
    0x00, 0x01, 0xC7, 0x1C, 0x18, 0x61, 0x80, 0x00, 0x00, 0x01, 0xC7, 0x1C, 0x18, 0x01, 0x80, 0x00, 
    0x00, 0x01, 0xC7, 0x08, 0x18, 0x00, 0x00, 0x00, 0x00, 0x01, 0xC7, 0x00, 0x18, 0x00, 0x00, 0x00, 
    0x00, 0x01, 0xC7, 0x00, 0x18, 0x00, 0x00, 0x00, 0x00, 0x01, 0xC7, 0x00, 0x18, 0x00, 0x00, 0x00, 
    0x00, 0x01, 0xC7, 0x00, 0x08, 0x61, 0x80, 0x00, 0x00, 0x01, 0xC7, 0x1C, 0x00, 0x61, 0x80, 0x00, 
    0x00, 0x01, 0xC7, 0x1C, 0x00, 0x61, 0x80, 0x00, 0x00, 0x03, 0xFF, 0xFF, 0xFF, 0xFF, 0xC0, 0x00, 
    0x00, 0x07, 0xFF, 0xFF, 0xFF, 0xFF, 0xE0, 0x00, 0x00, 0x03, 0xFF, 0xFF, 0xFF, 0xFF, 0xC0, 0x00, 
    0x00, 0x00, 0xC0, 0x1C, 0x18, 0x60, 0x00, 0x00, 0x00, 0x60, 0xF8, 0x1C, 0x18, 0x61, 0x82, 0x00, 
    0x00, 0x60, 0x78, 0x1C, 0x1C, 0x61, 0x87, 0x00, 0x00, 0x60, 0x00, 0x1C, 0x1F, 0xE1, 0x87, 0x00, 
    0x00, 0x60, 0x00, 0x1C, 0x0F, 0xC1, 0x87, 0x00, 0x00, 0x60, 0x00, 0x00, 0x03, 0x00, 0x07, 0x00, 
    0x00, 0x60, 0x00, 0x00, 0x00, 0x00, 0x07, 0x00, 0x00, 0x7F, 0x80, 0x00, 0x00, 0x00, 0xFF, 0x00, 
    0x00, 0x7F, 0x80, 0x00, 0x00, 0x01, 0xFF, 0x00, 0x00, 0x00, 0x00, 0x00, 0x00, 0x00, 0xFE, 0x00, 
    0x00, 0x00, 0x00, 0x00, 0x00, 0x00, 0x00, 0x00, 0x00, 0x00, 0x00, 0x00, 0x00, 0x00, 0x00, 0x00, 
    0x00, 0x00, 0x00, 0x00, 0x00, 0x00, 0x00, 0x00, 0x00, 0x00, 0x00, 0x00, 0x00, 0x00, 0x00, 0x00, 
    0x00, 0x00, 0x00, 0x00, 0x00, 0x00, 0x00, 0x00, 0x00, 0x00, 0x00, 0x00, 0x00, 0x00, 0x00, 0x00, 
    0x00, 0x00, 0x00, 0x00, 0x00, 0x00, 0x00, 0x00, 0x00, 0x00, 0x00, 0x00, 0x00, 0x00, 0x00, 0x00, 
      },
  {
    0x00, 0x00, 0x00, 0x00, 0x00, 0x00, 0x00, 0x00, 0x00, 0x00, 0x00, 0x00, 0x00, 0x00, 0x00, 0x00, 
    0x00, 0x00, 0x00, 0x00, 0x00, 0x00, 0x00, 0x00, 0x00, 0x00, 0x00, 0x00, 0x00, 0x00, 0x00, 0x00, 
    0x00, 0x00, 0x00, 0x00, 0x00, 0x00, 0x00, 0x00, 0x00, 0x00, 0x00, 0x00, 0x00, 0x00, 0x00, 0x00, 
    0x00, 0x00, 0x00, 0x00, 0x00, 0x00, 0x00, 0x00, 0x00, 0x00, 0x00, 0x00, 0x00, 0x00, 0x00, 0x00, 
    0x00, 0x00, 0x00, 0x00, 0x00, 0x00, 0x00, 0x00, 0x00, 0x7F, 0x80, 0x00, 0x00, 0x01, 0xFE, 0x00, 
    0x00, 0x7F, 0x80, 0x00, 0x00, 0x01, 0xFE, 0x00, 0x00, 0x60, 0x00, 0x00, 0x00, 0x00, 0x06, 0x00, 
    0x00, 0x60, 0x00, 0x00, 0x00, 0x00, 0x06, 0x00, 0x00, 0x60, 0x00, 0x1E, 0x00, 0x00, 0x06, 0x00, 
    0x00, 0x60, 0x00, 0x7E, 0x0F, 0x00, 0x06, 0x00, 0x00, 0x60, 0x00, 0xF0, 0x07, 0x00, 0x06, 0x00, 
    0x00, 0x60, 0x00, 0x40, 0x00, 0x00, 0x06, 0x00, 0x00, 0x00, 0x00, 0x00, 0x00, 0x00, 0x00, 0x00, 
    0x00, 0x00, 0x18, 0x00, 0x00, 0x08, 0x00, 0x00, 0x00, 0x00, 0x1C, 0x0E, 0x38, 0x1C, 0x00, 0x00, 
    0x00, 0x00, 0x38, 0x3E, 0x3C, 0x0E, 0x00, 0x00, 0x00, 0x00, 0x70, 0x78, 0x1F, 0x0E, 0x00, 0x00, 
    0x00, 0x00, 0x60, 0xE0, 0x07, 0x87, 0x00, 0x00, 0x00, 0x00, 0xE1, 0xC0, 0x03, 0x83, 0x00, 0x00, 
    0x00, 0x00, 0xE1, 0x80, 0x01, 0xC3, 0x80, 0x00, 0x00, 0x00, 0xC1, 0x87, 0xE0, 0xC3, 0x80, 0x00, 
    0x00, 0x00, 0xC0, 0x0F, 0xF0, 0xE1, 0x80, 0x00, 0x00, 0x00, 0xC0, 0x0E, 0x38, 0x61, 0x80, 0x00, 
    0x00, 0x00, 0x00, 0x1C, 0x18, 0x61, 0x80, 0x00, 0x00, 0x00, 0x07, 0x1C, 0x18, 0x61, 0x80, 0x00, 
    0x00, 0x00, 0x07, 0x1C, 0x18, 0x61, 0x80, 0x00, 0x00, 0x00, 0x87, 0x1C, 0x18, 0x61, 0x80, 0x00, 
    0x00, 0x01, 0xC7, 0x1C, 0x18, 0x61, 0x80, 0x00, 0x00, 0x01, 0xC7, 0x1C, 0x18, 0x61, 0x80, 0x00, 
    0x00, 0x01, 0xC7, 0x1C, 0x18, 0x61, 0x80, 0x00, 0x00, 0x01, 0xC7, 0x1C, 0x18, 0x01, 0x80, 0x00, 
    0x00, 0x01, 0xC7, 0x08, 0x18, 0x00, 0x00, 0x00, 0x00, 0x01, 0xC7, 0x00, 0x18, 0x00, 0x00, 0x00, 
    0x00, 0x01, 0xC7, 0x00, 0x18, 0x00, 0x00, 0x00, 0x00, 0x01, 0xC7, 0x00, 0x18, 0x00, 0x00, 0x00, 
    0x00, 0x01, 0xC7, 0x00, 0x08, 0x61, 0x80, 0x00, 0x00, 0x01, 0xC7, 0x1C, 0x00, 0x61, 0x80, 0x00, 
    0x00, 0x01, 0xC7, 0x1C, 0x00, 0x61, 0x80, 0x00, 0x00, 0x01, 0xC6, 0x1C, 0x00, 0x60, 0x00, 0x00, 
    0x00, 0x03, 0xFF, 0xFF, 0xFF, 0xFF, 0xC0, 0x00, 0x00, 0x07, 0xFF, 0xFF, 0xFF, 0xFF, 0xE0, 0x00, 
    0x00, 0x03, 0xFF, 0xFF, 0xFF, 0xFF, 0xC0, 0x00, 0x00, 0x60, 0xF8, 0x1C, 0x18, 0x61, 0x82, 0x00, 
    0x00, 0x60, 0x78, 0x1C, 0x1C, 0x61, 0x87, 0x00, 0x00, 0x60, 0x00, 0x1C, 0x1F, 0xE1, 0x87, 0x00, 
    0x00, 0x60, 0x00, 0x1C, 0x0F, 0xC1, 0x87, 0x00, 0x00, 0x60, 0x00, 0x00, 0x03, 0x00, 0x07, 0x00, 
    0x00, 0x60, 0x00, 0x00, 0x00, 0x00, 0x07, 0x00, 0x00, 0x7F, 0x80, 0x00, 0x00, 0x00, 0xFF, 0x00, 
    0x00, 0x7F, 0x80, 0x00, 0x00, 0x01, 0xFF, 0x00, 0x00, 0x00, 0x00, 0x00, 0x00, 0x00, 0xFE, 0x00, 
    0x00, 0x00, 0x00, 0x00, 0x00, 0x00, 0x00, 0x00, 0x00, 0x00, 0x00, 0x00, 0x00, 0x00, 0x00, 0x00, 
    0x00, 0x00, 0x00, 0x00, 0x00, 0x00, 0x00, 0x00, 0x00, 0x00, 0x00, 0x00, 0x00, 0x00, 0x00, 0x00, 
    0x00, 0x00, 0x00, 0x00, 0x00, 0x00, 0x00, 0x00, 0x00, 0x00, 0x00, 0x00, 0x00, 0x00, 0x00, 0x00, 
    0x00, 0x00, 0x00, 0x00, 0x00, 0x00, 0x00, 0x00, 0x00, 0x00, 0x00, 0x00, 0x00, 0x00, 0x00, 0x00, 
      },
  {
    0x00, 0x00, 0x00, 0x00, 0x00, 0x00, 0x00, 0x00, 0x00, 0x00, 0x00, 0x00, 0x00, 0x00, 0x00, 0x00, 
    0x00, 0x00, 0x00, 0x00, 0x00, 0x00, 0x00, 0x00, 0x00, 0x00, 0x00, 0x00, 0x00, 0x00, 0x00, 0x00, 
    0x00, 0x00, 0x00, 0x00, 0x00, 0x00, 0x00, 0x00, 0x00, 0x00, 0x00, 0x00, 0x00, 0x00, 0x00, 0x00, 
    0x00, 0x00, 0x00, 0x00, 0x00, 0x00, 0x00, 0x00, 0x00, 0x00, 0x00, 0x00, 0x00, 0x00, 0x00, 0x00, 
    0x00, 0x00, 0x00, 0x00, 0x00, 0x00, 0x00, 0x00, 0x00, 0x7F, 0x80, 0x00, 0x00, 0x01, 0xFE, 0x00, 
    0x00, 0x7F, 0x80, 0x00, 0x00, 0x01, 0xFE, 0x00, 0x00, 0x60, 0x00, 0x00, 0x00, 0x00, 0x06, 0x00, 
    0x00, 0x60, 0x00, 0x00, 0x00, 0x00, 0x06, 0x00, 0x00, 0x60, 0x00, 0x1E, 0x00, 0x00, 0x06, 0x00, 
    0x00, 0x60, 0x00, 0x7E, 0x0F, 0x00, 0x06, 0x00, 0x00, 0x60, 0x00, 0xF0, 0x07, 0x00, 0x06, 0x00, 
    0x00, 0x60, 0x00, 0x40, 0x00, 0x00, 0x06, 0x00, 0x00, 0x00, 0x00, 0x00, 0x00, 0x00, 0x00, 0x00, 
    0x00, 0x00, 0x18, 0x00, 0x00, 0x08, 0x00, 0x00, 0x00, 0x00, 0x1C, 0x0E, 0x38, 0x1C, 0x00, 0x00, 
    0x00, 0x00, 0x38, 0x3E, 0x3C, 0x0E, 0x00, 0x00, 0x00, 0x00, 0x70, 0x78, 0x1F, 0x0E, 0x00, 0x00, 
    0x00, 0x00, 0x60, 0xE0, 0x07, 0x87, 0x00, 0x00, 0x00, 0x00, 0xE1, 0xC0, 0x03, 0x83, 0x00, 0x00, 
    0x00, 0x00, 0xE1, 0x80, 0x01, 0xC3, 0x80, 0x00, 0x00, 0x00, 0xC1, 0x87, 0xE0, 0xC3, 0x80, 0x00, 
    0x00, 0x00, 0xC0, 0x0F, 0xF0, 0xE1, 0x80, 0x00, 0x00, 0x00, 0xC0, 0x0E, 0x38, 0x61, 0x80, 0x00, 
    0x00, 0x00, 0x00, 0x1C, 0x18, 0x61, 0x80, 0x00, 0x00, 0x00, 0x07, 0x1C, 0x18, 0x61, 0x80, 0x00, 
    0x00, 0x00, 0x07, 0x1C, 0x18, 0x61, 0x80, 0x00, 0x00, 0x00, 0x87, 0x1C, 0x18, 0x61, 0x80, 0x00, 
    0x00, 0x01, 0xC7, 0x1C, 0x18, 0x61, 0x80, 0x00, 0x00, 0x01, 0xC7, 0x1C, 0x18, 0x61, 0x80, 0x00, 
    0x00, 0x01, 0xC7, 0x1C, 0x18, 0x61, 0x80, 0x00, 0x00, 0x01, 0xC7, 0x1C, 0x18, 0x01, 0x80, 0x00, 
    0x00, 0x01, 0xC7, 0x08, 0x18, 0x00, 0x00, 0x00, 0x00, 0x01, 0xC7, 0x00, 0x18, 0x00, 0x00, 0x00, 
    0x00, 0x01, 0xC7, 0x00, 0x18, 0x00, 0x00, 0x00, 0x00, 0x01, 0xC7, 0x00, 0x18, 0x00, 0x00, 0x00, 
    0x00, 0x01, 0xC7, 0x00, 0x08, 0x61, 0x80, 0x00, 0x00, 0x01, 0xC7, 0x1C, 0x00, 0x61, 0x80, 0x00, 
    0x00, 0x01, 0xC7, 0x1C, 0x00, 0x61, 0x80, 0x00, 0x00, 0x01, 0xC7, 0x1C, 0x00, 0x60, 0x00, 0x00, 
    0x00, 0x01, 0xC0, 0x1C, 0x00, 0x60, 0x00, 0x00, 0x00, 0x03, 0xFF, 0xFF, 0xFF, 0xFF, 0xC0, 0x00, 
    0x00, 0x07, 0xFF, 0xFF, 0xFF, 0xFF, 0xE0, 0x00, 0x00, 0x63, 0xFF, 0xFF, 0xFF, 0xFF, 0xC2, 0x00, 
    0x00, 0x60, 0x78, 0x1C, 0x1C, 0x61, 0x87, 0x00, 0x00, 0x60, 0x00, 0x1C, 0x1F, 0xE1, 0x87, 0x00, 
    0x00, 0x60, 0x00, 0x1C, 0x0F, 0xC1, 0x87, 0x00, 0x00, 0x60, 0x00, 0x00, 0x03, 0x00, 0x07, 0x00, 
    0x00, 0x60, 0x00, 0x00, 0x00, 0x00, 0x07, 0x00, 0x00, 0x7F, 0x80, 0x00, 0x00, 0x00, 0xFF, 0x00, 
    0x00, 0x7F, 0x80, 0x00, 0x00, 0x01, 0xFF, 0x00, 0x00, 0x00, 0x00, 0x00, 0x00, 0x00, 0xFE, 0x00, 
    0x00, 0x00, 0x00, 0x00, 0x00, 0x00, 0x00, 0x00, 0x00, 0x00, 0x00, 0x00, 0x00, 0x00, 0x00, 0x00, 
    0x00, 0x00, 0x00, 0x00, 0x00, 0x00, 0x00, 0x00, 0x00, 0x00, 0x00, 0x00, 0x00, 0x00, 0x00, 0x00, 
    0x00, 0x00, 0x00, 0x00, 0x00, 0x00, 0x00, 0x00, 0x00, 0x00, 0x00, 0x00, 0x00, 0x00, 0x00, 0x00, 
    0x00, 0x00, 0x00, 0x00, 0x00, 0x00, 0x00, 0x00, 0x00, 0x00, 0x00, 0x00, 0x00, 0x00, 0x00, 0x00, 
      },
  {
    0x00, 0x00, 0x00, 0x00, 0x00, 0x00, 0x00, 0x00, 0x00, 0x00, 0x00, 0x00, 0x00, 0x00, 0x00, 0x00, 
    0x00, 0x00, 0x00, 0x00, 0x00, 0x00, 0x00, 0x00, 0x00, 0x00, 0x00, 0x00, 0x00, 0x00, 0x00, 0x00, 
    0x00, 0x00, 0x00, 0x00, 0x00, 0x00, 0x00, 0x00, 0x00, 0x00, 0x00, 0x00, 0x00, 0x00, 0x00, 0x00, 
    0x00, 0x00, 0x00, 0x00, 0x00, 0x00, 0x00, 0x00, 0x00, 0x00, 0x00, 0x00, 0x00, 0x00, 0x00, 0x00, 
    0x00, 0x00, 0x00, 0x00, 0x00, 0x00, 0x00, 0x00, 0x00, 0x7F, 0x80, 0x00, 0x00, 0x01, 0xFE, 0x00, 
    0x00, 0x7F, 0x80, 0x00, 0x00, 0x01, 0xFE, 0x00, 0x00, 0x60, 0x00, 0x00, 0x00, 0x00, 0x06, 0x00, 
    0x00, 0x60, 0x00, 0x00, 0x00, 0x00, 0x06, 0x00, 0x00, 0x60, 0x00, 0x1E, 0x00, 0x00, 0x06, 0x00, 
    0x00, 0x60, 0x00, 0x7E, 0x0F, 0x00, 0x06, 0x00, 0x00, 0x60, 0x00, 0xF0, 0x07, 0x00, 0x06, 0x00, 
    0x00, 0x60, 0x00, 0x40, 0x00, 0x00, 0x06, 0x00, 0x00, 0x00, 0x00, 0x00, 0x00, 0x00, 0x00, 0x00, 
    0x00, 0x00, 0x18, 0x00, 0x00, 0x08, 0x00, 0x00, 0x00, 0x00, 0x1C, 0x0E, 0x38, 0x1C, 0x00, 0x00, 
    0x00, 0x00, 0x38, 0x3E, 0x3C, 0x0E, 0x00, 0x00, 0x00, 0x00, 0x70, 0x78, 0x1F, 0x0E, 0x00, 0x00, 
    0x00, 0x00, 0x60, 0xE0, 0x07, 0x87, 0x00, 0x00, 0x00, 0x00, 0xE1, 0xC0, 0x03, 0x83, 0x00, 0x00, 
    0x00, 0x00, 0xE1, 0x80, 0x01, 0xC3, 0x80, 0x00, 0x00, 0x00, 0xC1, 0x87, 0xE0, 0xC3, 0x80, 0x00, 
    0x00, 0x00, 0xC0, 0x0F, 0xF0, 0xE1, 0x80, 0x00, 0x00, 0x00, 0xC0, 0x0E, 0x38, 0x61, 0x80, 0x00, 
    0x00, 0x00, 0x00, 0x1C, 0x18, 0x61, 0x80, 0x00, 0x00, 0x00, 0x07, 0x1C, 0x18, 0x61, 0x80, 0x00, 
    0x00, 0x00, 0x07, 0x1C, 0x18, 0x61, 0x80, 0x00, 0x00, 0x00, 0x87, 0x1C, 0x18, 0x61, 0x80, 0x00, 
    0x00, 0x01, 0xC7, 0x1C, 0x18, 0x61, 0x80, 0x00, 0x00, 0x01, 0xC7, 0x1C, 0x18, 0x61, 0x80, 0x00, 
    0x00, 0x01, 0xC7, 0x1C, 0x18, 0x61, 0x80, 0x00, 0x00, 0x01, 0xC7, 0x1C, 0x18, 0x01, 0x80, 0x00, 
    0x00, 0x01, 0xC7, 0x08, 0x18, 0x00, 0x00, 0x00, 0x00, 0x01, 0xC7, 0x00, 0x18, 0x00, 0x00, 0x00, 
    0x00, 0x01, 0xC7, 0x00, 0x18, 0x00, 0x00, 0x00, 0x00, 0x01, 0xC7, 0x00, 0x18, 0x00, 0x00, 0x00, 
    0x00, 0x01, 0xC7, 0x00, 0x08, 0x61, 0x80, 0x00, 0x00, 0x01, 0xC7, 0x1C, 0x00, 0x61, 0x80, 0x00, 
    0x00, 0x01, 0xC7, 0x1C, 0x00, 0x61, 0x80, 0x00, 0x00, 0x01, 0xC7, 0x1C, 0x00, 0x60, 0x00, 0x00, 
    0x00, 0x01, 0xC0, 0x1C, 0x00, 0x60, 0x00, 0x00, 0x00, 0x01, 0xC0, 0x1C, 0x18, 0x60, 0x00, 0x00, 
    0x00, 0x03, 0xFF, 0xFF, 0xFF, 0xFF, 0xC0, 0x00, 0x00, 0x67, 0xFF, 0xFF, 0xFF, 0xFF, 0xE2, 0x00, 
    0x00, 0x63, 0xFF, 0xFF, 0xFF, 0xFF, 0xE7, 0x00, 0x00, 0x60, 0x00, 0x1C, 0x1F, 0xE1, 0x87, 0x00, 
    0x00, 0x60, 0x00, 0x1C, 0x0F, 0xC1, 0x87, 0x00, 0x00, 0x60, 0x00, 0x00, 0x03, 0x00, 0x07, 0x00, 
    0x00, 0x60, 0x00, 0x00, 0x00, 0x00, 0x07, 0x00, 0x00, 0x7F, 0x80, 0x00, 0x00, 0x00, 0xFF, 0x00, 
    0x00, 0x7F, 0x80, 0x00, 0x00, 0x01, 0xFF, 0x00, 0x00, 0x00, 0x00, 0x00, 0x00, 0x00, 0xFE, 0x00, 
    0x00, 0x00, 0x00, 0x00, 0x00, 0x00, 0x00, 0x00, 0x00, 0x00, 0x00, 0x00, 0x00, 0x00, 0x00, 0x00, 
    0x00, 0x00, 0x00, 0x00, 0x00, 0x00, 0x00, 0x00, 0x00, 0x00, 0x00, 0x00, 0x00, 0x00, 0x00, 0x00, 
    0x00, 0x00, 0x00, 0x00, 0x00, 0x00, 0x00, 0x00, 0x00, 0x00, 0x00, 0x00, 0x00, 0x00, 0x00, 0x00, 
    0x00, 0x00, 0x00, 0x00, 0x00, 0x00, 0x00, 0x00, 0x00, 0x00, 0x00, 0x00, 0x00, 0x00, 0x00, 0x00, 
      },
  {
    0x00, 0x00, 0x00, 0x00, 0x00, 0x00, 0x00, 0x00, 0x00, 0x00, 0x00, 0x00, 0x00, 0x00, 0x00, 0x00, 
    0x00, 0x00, 0x00, 0x00, 0x00, 0x00, 0x00, 0x00, 0x00, 0x00, 0x00, 0x00, 0x00, 0x00, 0x00, 0x00, 
    0x00, 0x00, 0x00, 0x00, 0x00, 0x00, 0x00, 0x00, 0x00, 0x00, 0x00, 0x00, 0x00, 0x00, 0x00, 0x00, 
    0x00, 0x00, 0x00, 0x00, 0x00, 0x00, 0x00, 0x00, 0x00, 0x00, 0x00, 0x00, 0x00, 0x00, 0x00, 0x00, 
    0x00, 0x00, 0x00, 0x00, 0x00, 0x00, 0x00, 0x00, 0x00, 0x7F, 0x80, 0x00, 0x00, 0x01, 0xFE, 0x00, 
    0x00, 0x7F, 0x80, 0x00, 0x00, 0x01, 0xFE, 0x00, 0x00, 0x60, 0x00, 0x00, 0x00, 0x00, 0x06, 0x00, 
    0x00, 0x60, 0x00, 0x00, 0x00, 0x00, 0x06, 0x00, 0x00, 0x60, 0x00, 0x1E, 0x00, 0x00, 0x06, 0x00, 
    0x00, 0x60, 0x00, 0x7E, 0x0F, 0x00, 0x06, 0x00, 0x00, 0x60, 0x00, 0xF0, 0x07, 0x00, 0x06, 0x00, 
    0x00, 0x60, 0x00, 0x40, 0x00, 0x00, 0x06, 0x00, 0x00, 0x00, 0x00, 0x00, 0x00, 0x00, 0x00, 0x00, 
    0x00, 0x00, 0x18, 0x00, 0x00, 0x08, 0x00, 0x00, 0x00, 0x00, 0x1C, 0x0E, 0x38, 0x1C, 0x00, 0x00, 
    0x00, 0x00, 0x38, 0x3E, 0x3C, 0x0E, 0x00, 0x00, 0x00, 0x00, 0x70, 0x78, 0x1F, 0x0E, 0x00, 0x00, 
    0x00, 0x00, 0x60, 0xE0, 0x07, 0x87, 0x00, 0x00, 0x00, 0x00, 0xE1, 0xC0, 0x03, 0x83, 0x00, 0x00, 
    0x00, 0x00, 0xE1, 0x80, 0x01, 0xC3, 0x80, 0x00, 0x00, 0x00, 0xC1, 0x87, 0xE0, 0xC3, 0x80, 0x00, 
    0x00, 0x00, 0xC0, 0x0F, 0xF0, 0xE1, 0x80, 0x00, 0x00, 0x00, 0xC0, 0x0E, 0x38, 0x61, 0x80, 0x00, 
    0x00, 0x00, 0x00, 0x1C, 0x18, 0x61, 0x80, 0x00, 0x00, 0x00, 0x07, 0x1C, 0x18, 0x61, 0x80, 0x00, 
    0x00, 0x00, 0x07, 0x1C, 0x18, 0x61, 0x80, 0x00, 0x00, 0x00, 0x87, 0x1C, 0x18, 0x61, 0x80, 0x00, 
    0x00, 0x01, 0xC7, 0x1C, 0x18, 0x61, 0x80, 0x00, 0x00, 0x01, 0xC7, 0x1C, 0x18, 0x61, 0x80, 0x00, 
    0x00, 0x01, 0xC7, 0x1C, 0x18, 0x61, 0x80, 0x00, 0x00, 0x01, 0xC7, 0x1C, 0x18, 0x01, 0x80, 0x00, 
    0x00, 0x01, 0xC7, 0x08, 0x18, 0x00, 0x00, 0x00, 0x00, 0x01, 0xC7, 0x00, 0x18, 0x00, 0x00, 0x00, 
    0x00, 0x01, 0xC7, 0x00, 0x18, 0x00, 0x00, 0x00, 0x00, 0x01, 0xC7, 0x00, 0x18, 0x00, 0x00, 0x00, 
    0x00, 0x01, 0xC7, 0x00, 0x08, 0x61, 0x80, 0x00, 0x00, 0x01, 0xC7, 0x1C, 0x00, 0x61, 0x80, 0x00, 
    0x00, 0x01, 0xC7, 0x1C, 0x00, 0x61, 0x80, 0x00, 0x00, 0x01, 0xC7, 0x1C, 0x00, 0x60, 0x00, 0x00, 
    0x00, 0x01, 0xC0, 0x1C, 0x00, 0x60, 0x00, 0x00, 0x00, 0x01, 0xC0, 0x1C, 0x18, 0x60, 0x00, 0x00, 
    0x00, 0x00, 0xC0, 0x1C, 0x18, 0x60, 0x00, 0x00, 0x00, 0x63, 0xFF, 0xFF, 0xFF, 0xFF, 0xC2, 0x00, 
    0x00, 0x67, 0xFF, 0xFF, 0xFF, 0xFF, 0xE7, 0x00, 0x00, 0x63, 0xFF, 0xFF, 0xFF, 0xFF, 0xE7, 0x00, 
    0x00, 0x60, 0x00, 0x1C, 0x0F, 0xC1, 0x87, 0x00, 0x00, 0x60, 0x00, 0x00, 0x03, 0x00, 0x07, 0x00, 
    0x00, 0x60, 0x00, 0x00, 0x00, 0x00, 0x07, 0x00, 0x00, 0x7F, 0x80, 0x00, 0x00, 0x00, 0xFF, 0x00, 
    0x00, 0x7F, 0x80, 0x00, 0x00, 0x01, 0xFF, 0x00, 0x00, 0x00, 0x00, 0x00, 0x00, 0x00, 0xFE, 0x00, 
    0x00, 0x00, 0x00, 0x00, 0x00, 0x00, 0x00, 0x00, 0x00, 0x00, 0x00, 0x00, 0x00, 0x00, 0x00, 0x00, 
    0x00, 0x00, 0x00, 0x00, 0x00, 0x00, 0x00, 0x00, 0x00, 0x00, 0x00, 0x00, 0x00, 0x00, 0x00, 0x00, 
    0x00, 0x00, 0x00, 0x00, 0x00, 0x00, 0x00, 0x00, 0x00, 0x00, 0x00, 0x00, 0x00, 0x00, 0x00, 0x00, 
    0x00, 0x00, 0x00, 0x00, 0x00, 0x00, 0x00, 0x00, 0x00, 0x00, 0x00, 0x00, 0x00, 0x00, 0x00, 0x00, 
      },
  {
    0x00, 0x00, 0x00, 0x00, 0x00, 0x00, 0x00, 0x00, 0x00, 0x00, 0x00, 0x00, 0x00, 0x00, 0x00, 0x00, 
    0x00, 0x00, 0x00, 0x00, 0x00, 0x00, 0x00, 0x00, 0x00, 0x00, 0x00, 0x00, 0x00, 0x00, 0x00, 0x00, 
    0x00, 0x00, 0x00, 0x00, 0x00, 0x00, 0x00, 0x00, 0x00, 0x00, 0x00, 0x00, 0x00, 0x00, 0x00, 0x00, 
    0x00, 0x00, 0x00, 0x00, 0x00, 0x00, 0x00, 0x00, 0x00, 0x00, 0x00, 0x00, 0x00, 0x00, 0x00, 0x00, 
    0x00, 0x00, 0x00, 0x00, 0x00, 0x00, 0x00, 0x00, 0x00, 0x7F, 0x80, 0x00, 0x00, 0x01, 0xFE, 0x00, 
    0x00, 0x7F, 0x80, 0x00, 0x00, 0x01, 0xFE, 0x00, 0x00, 0x60, 0x00, 0x00, 0x00, 0x00, 0x06, 0x00, 
    0x00, 0x60, 0x00, 0x00, 0x00, 0x00, 0x06, 0x00, 0x00, 0x60, 0x00, 0x1E, 0x00, 0x00, 0x06, 0x00, 
    0x00, 0x60, 0x00, 0x7E, 0x0F, 0x00, 0x06, 0x00, 0x00, 0x60, 0x00, 0xF0, 0x07, 0x00, 0x06, 0x00, 
    0x00, 0x60, 0x00, 0x40, 0x00, 0x00, 0x06, 0x00, 0x00, 0x00, 0x00, 0x00, 0x00, 0x00, 0x00, 0x00, 
    0x00, 0x00, 0x18, 0x00, 0x00, 0x08, 0x00, 0x00, 0x00, 0x00, 0x1C, 0x0E, 0x38, 0x1C, 0x00, 0x00, 
    0x00, 0x00, 0x38, 0x3E, 0x3C, 0x0E, 0x00, 0x00, 0x00, 0x00, 0x70, 0x78, 0x1F, 0x0E, 0x00, 0x00, 
    0x00, 0x00, 0x60, 0xE0, 0x07, 0x87, 0x00, 0x00, 0x00, 0x00, 0xE1, 0xC0, 0x03, 0x83, 0x00, 0x00, 
    0x00, 0x00, 0xE1, 0x80, 0x01, 0xC3, 0x80, 0x00, 0x00, 0x00, 0xC1, 0x87, 0xE0, 0xC3, 0x80, 0x00, 
    0x00, 0x00, 0xC0, 0x0F, 0xF0, 0xE1, 0x80, 0x00, 0x00, 0x00, 0xC0, 0x0E, 0x38, 0x61, 0x80, 0x00, 
    0x00, 0x00, 0x00, 0x1C, 0x18, 0x61, 0x80, 0x00, 0x00, 0x00, 0x07, 0x1C, 0x18, 0x61, 0x80, 0x00, 
    0x00, 0x00, 0x07, 0x1C, 0x18, 0x61, 0x80, 0x00, 0x00, 0x00, 0x87, 0x1C, 0x18, 0x61, 0x80, 0x00, 
    0x00, 0x01, 0xC7, 0x1C, 0x18, 0x61, 0x80, 0x00, 0x00, 0x01, 0xC7, 0x1C, 0x18, 0x61, 0x80, 0x00, 
    0x00, 0x01, 0xC7, 0x1C, 0x18, 0x61, 0x80, 0x00, 0x00, 0x01, 0xC7, 0x1C, 0x18, 0x01, 0x80, 0x00, 
    0x00, 0x01, 0xC7, 0x08, 0x18, 0x00, 0x00, 0x00, 0x00, 0x01, 0xC7, 0x00, 0x18, 0x00, 0x00, 0x00, 
    0x00, 0x01, 0xC7, 0x00, 0x18, 0x00, 0x00, 0x00, 0x00, 0x01, 0xC7, 0x00, 0x18, 0x00, 0x00, 0x00, 
    0x00, 0x01, 0xC7, 0x00, 0x08, 0x61, 0x80, 0x00, 0x00, 0x01, 0xC7, 0x1C, 0x00, 0x61, 0x80, 0x00, 
    0x00, 0x01, 0xC7, 0x1C, 0x00, 0x61, 0x80, 0x00, 0x00, 0x01, 0xC7, 0x1C, 0x00, 0x60, 0x00, 0x00, 
    0x00, 0x01, 0xC0, 0x1C, 0x00, 0x60, 0x00, 0x00, 0x00, 0x01, 0xC0, 0x1C, 0x18, 0x60, 0x00, 0x00, 
    0x00, 0x00, 0xC0, 0x1C, 0x18, 0x60, 0x00, 0x00, 0x00, 0x67, 0xFF, 0xFF, 0xFF, 0xFF, 0xE2, 0x00, 
    0x00, 0x67, 0xFF, 0xFF, 0xFF, 0xFF, 0xE7, 0x00, 0x00, 0x63, 0xFF, 0xFF, 0xFF, 0xFF, 0xC7, 0x00, 
    0x00, 0x60, 0x00, 0x1C, 0x0F, 0xC1, 0x87, 0x00, 0x00, 0x60, 0x00, 0x00, 0x03, 0x00, 0x07, 0x00, 
    0x00, 0x60, 0x00, 0x00, 0x00, 0x00, 0x07, 0x00, 0x00, 0x7F, 0x80, 0x00, 0x00, 0x00, 0xFF, 0x00, 
    0x00, 0x7F, 0x80, 0x00, 0x00, 0x01, 0xFF, 0x00, 0x00, 0x00, 0x00, 0x00, 0x00, 0x00, 0xFE, 0x00, 
    0x00, 0x00, 0x00, 0x00, 0x00, 0x00, 0x00, 0x00, 0x00, 0x00, 0x00, 0x00, 0x00, 0x00, 0x00, 0x00, 
    0x00, 0x00, 0x00, 0x00, 0x00, 0x00, 0x00, 0x00, 0x00, 0x00, 0x00, 0x00, 0x00, 0x00, 0x00, 0x00, 
    0x00, 0x00, 0x00, 0x00, 0x00, 0x00, 0x00, 0x00, 0x00, 0x00, 0x00, 0x00, 0x00, 0x00, 0x00, 0x00, 
    0x00, 0x00, 0x00, 0x00, 0x00, 0x00, 0x00, 0x00, 0x00, 0x00, 0x00, 0x00, 0x00, 0x00, 0x00, 0x00, 
      },
  {
    0x00, 0x00, 0x00, 0x00, 0x00, 0x00, 0x00, 0x00, 0x00, 0x00, 0x00, 0x00, 0x00, 0x00, 0x00, 0x00, 
    0x00, 0x00, 0x00, 0x00, 0x00, 0x00, 0x00, 0x00, 0x00, 0x00, 0x00, 0x00, 0x00, 0x00, 0x00, 0x00, 
    0x00, 0x00, 0x00, 0x00, 0x00, 0x00, 0x00, 0x00, 0x00, 0x00, 0x00, 0x00, 0x00, 0x00, 0x00, 0x00, 
    0x00, 0x00, 0x00, 0x00, 0x00, 0x00, 0x00, 0x00, 0x00, 0x00, 0x00, 0x00, 0x00, 0x00, 0x00, 0x00, 
    0x00, 0x00, 0x00, 0x00, 0x00, 0x00, 0xFC, 0x00, 0x00, 0x7F, 0x80, 0x00, 0x00, 0x01, 0xFF, 0x00, 
    0x00, 0x7F, 0x80, 0x00, 0x00, 0x01, 0xFF, 0x00, 0x00, 0x60, 0x00, 0x00, 0x00, 0x00, 0x07, 0x00, 
    0x00, 0x60, 0x00, 0x00, 0x00, 0x00, 0x07, 0x00, 0x00, 0x60, 0x00, 0x1E, 0x00, 0x00, 0x07, 0x00, 
    0x00, 0x60, 0x00, 0x7E, 0x0F, 0x00, 0x07, 0x00, 0x00, 0x60, 0x00, 0xF0, 0x07, 0x00, 0x07, 0x00, 
    0x00, 0x60, 0x00, 0x40, 0x00, 0x00, 0x06, 0x00, 0x00, 0x00, 0x00, 0x00, 0x00, 0x00, 0x00, 0x00, 
    0x00, 0x00, 0x18, 0x00, 0x00, 0x08, 0x00, 0x00, 0x00, 0x00, 0x1C, 0x0E, 0x38, 0x1C, 0x00, 0x00, 
    0x00, 0x00, 0x38, 0x3E, 0x3C, 0x0E, 0x00, 0x00, 0x00, 0x00, 0x70, 0x78, 0x1F, 0x0E, 0x00, 0x00, 
    0x00, 0x00, 0x60, 0xE0, 0x07, 0x87, 0x00, 0x00, 0x00, 0x00, 0xE1, 0xC0, 0x03, 0x83, 0x00, 0x00, 
    0x00, 0x00, 0xE1, 0x80, 0x01, 0xC3, 0x80, 0x00, 0x00, 0x00, 0xC1, 0x87, 0xE0, 0xC3, 0x80, 0x00, 
    0x00, 0x00, 0xC0, 0x0F, 0xF0, 0xE1, 0x80, 0x00, 0x00, 0x00, 0xC0, 0x0E, 0x38, 0x61, 0x80, 0x00, 
    0x00, 0x00, 0x00, 0x1C, 0x18, 0x61, 0x80, 0x00, 0x00, 0x00, 0x07, 0x1C, 0x18, 0x61, 0x80, 0x00, 
    0x00, 0x00, 0x07, 0x1C, 0x18, 0x61, 0x80, 0x00, 0x00, 0x00, 0x87, 0x1C, 0x18, 0x61, 0x80, 0x00, 
    0x00, 0x01, 0xC7, 0x1C, 0x18, 0x61, 0x80, 0x00, 0x00, 0x01, 0xC7, 0x1C, 0x18, 0x61, 0x80, 0x00, 
    0x00, 0x01, 0xC7, 0x1C, 0x18, 0x61, 0x80, 0x00, 0x00, 0x01, 0xC7, 0x1C, 0x18, 0x01, 0x80, 0x00, 
    0x00, 0x01, 0xC7, 0x08, 0x18, 0x00, 0x00, 0x00, 0x00, 0x01, 0xC7, 0x00, 0x18, 0x00, 0x00, 0x00, 
    0x00, 0x01, 0xC7, 0x00, 0x18, 0x00, 0x00, 0x00, 0x00, 0x01, 0xC7, 0x00, 0x18, 0x00, 0x00, 0x00, 
    0x00, 0x01, 0xC7, 0x00, 0x08, 0x61, 0x80, 0x00, 0x00, 0x01, 0xC7, 0x1C, 0x00, 0x61, 0x80, 0x00, 
    0x00, 0x01, 0xC7, 0x1C, 0x00, 0x61, 0x80, 0x00, 0x00, 0x01, 0xC7, 0x1C, 0x00, 0x60, 0x00, 0x00, 
    0x00, 0x01, 0xC0, 0x1C, 0x00, 0x60, 0x00, 0x00, 0x00, 0x01, 0xC0, 0x1C, 0x18, 0x60, 0x00, 0x00, 
    0x00, 0x07, 0xFF, 0xFF, 0xFF, 0xFF, 0xE0, 0x00, 0x00, 0x67, 0xFF, 0xFF, 0xFF, 0xFF, 0xE2, 0x00, 
    0x00, 0xE0, 0x78, 0x1C, 0x1C, 0xE1, 0xC7, 0x00, 0x00, 0xE0, 0x00, 0x1C, 0x1F, 0xE1, 0x87, 0x00, 
    0x00, 0xE0, 0x00, 0x1C, 0x0F, 0xC1, 0x87, 0x00, 0x00, 0xE0, 0x00, 0x00, 0x03, 0x00, 0x07, 0x00, 
    0x00, 0xE0, 0x00, 0x00, 0x00, 0x00, 0x03, 0x00, 0x00, 0xFF, 0x80, 0x00, 0x00, 0x00, 0xFF, 0x00, 
    0x00, 0x7F, 0x80, 0x00, 0x00, 0x01, 0xFF, 0x00, 0x00, 0x3F, 0x00, 0x00, 0x00, 0x00, 0xFE, 0x00, 
    0x00, 0x00, 0x00, 0x00, 0x00, 0x00, 0x00, 0x00, 0x00, 0x00, 0x00, 0x00, 0x00, 0x00, 0x00, 0x00, 
    0x00, 0x00, 0x00, 0x00, 0x00, 0x00, 0x00, 0x00, 0x00, 0x00, 0x00, 0x00, 0x00, 0x00, 0x00, 0x00, 
    0x00, 0x00, 0x00, 0x00, 0x00, 0x00, 0x00, 0x00, 0x00, 0x00, 0x00, 0x00, 0x00, 0x00, 0x00, 0x00, 
    0x00, 0x00, 0x00, 0x00, 0x00, 0x00, 0x00, 0x00, 0x00, 0x00, 0x00, 0x00, 0x00, 0x00, 0x00, 0x00, 
      },
  {
    0x00, 0x00, 0x00, 0x00, 0x00, 0x00, 0x00, 0x00, 0x00, 0x00, 0x00, 0x00, 0x00, 0x00, 0x00, 0x00, 
    0x00, 0x00, 0x00, 0x00, 0x00, 0x00, 0x00, 0x00, 0x00, 0x00, 0x00, 0x00, 0x00, 0x00, 0x00, 0x00, 
    0x00, 0x00, 0x00, 0x00, 0x00, 0x00, 0x00, 0x00, 0x00, 0x00, 0x00, 0x00, 0x00, 0x00, 0x00, 0x00, 
    0x00, 0x00, 0x00, 0x00, 0x00, 0x00, 0x00, 0x00, 0x00, 0x00, 0x00, 0x00, 0x00, 0x00, 0x00, 0x00, 
    0x00, 0x7F, 0x00, 0x00, 0x00, 0x00, 0xFE, 0x00, 0x00, 0xFF, 0x80, 0x00, 0x00, 0x01, 0xFF, 0x00, 
    0x00, 0xFF, 0x80, 0x00, 0x00, 0x00, 0xFF, 0x00, 0x00, 0xE0, 0x00, 0x00, 0x00, 0x00, 0x03, 0x00, 
    0x00, 0xE0, 0x00, 0x00, 0x00, 0x00, 0x07, 0x00, 0x00, 0xE0, 0x00, 0x1E, 0x00, 0x00, 0x07, 0x00, 
    0x00, 0xE0, 0x00, 0x7E, 0x0F, 0x00, 0x07, 0x00, 0x00, 0xE0, 0x00, 0xF0, 0x07, 0x00, 0x07, 0x00, 
    0x00, 0x60, 0x00, 0x40, 0x00, 0x00, 0x02, 0x00, 0x00, 0x00, 0x00, 0x00, 0x00, 0x00, 0x00, 0x00, 
    0x00, 0x00, 0x18, 0x00, 0x00, 0x08, 0x00, 0x00, 0x00, 0x00, 0x1C, 0x0E, 0x38, 0x1C, 0x00, 0x00, 
    0x00, 0x00, 0x38, 0x3E, 0x3C, 0x0E, 0x00, 0x00, 0x00, 0x00, 0x70, 0x78, 0x1F, 0x0E, 0x00, 0x00, 
    0x00, 0x00, 0x60, 0xE0, 0x07, 0x87, 0x00, 0x00, 0x00, 0x00, 0xE1, 0xC0, 0x03, 0x83, 0x00, 0x00, 
    0x00, 0x00, 0xE1, 0x80, 0x01, 0xC3, 0x80, 0x00, 0x00, 0x00, 0xC1, 0x87, 0xE0, 0xC3, 0x80, 0x00, 
    0x00, 0x00, 0xC0, 0x0F, 0xF0, 0xE1, 0x80, 0x00, 0x00, 0x00, 0xC0, 0x0E, 0x38, 0x61, 0x80, 0x00, 
    0x00, 0x00, 0x00, 0x1C, 0x18, 0x61, 0x80, 0x00, 0x00, 0x00, 0x07, 0x1C, 0x18, 0x61, 0x80, 0x00, 
    0x00, 0x00, 0x07, 0x1C, 0x18, 0x61, 0x80, 0x00, 0x00, 0x00, 0x87, 0x1C, 0x18, 0x61, 0x80, 0x00, 
    0x00, 0x01, 0xC7, 0x1C, 0x18, 0x61, 0x80, 0x00, 0x00, 0x01, 0xC7, 0x1C, 0x18, 0x61, 0x80, 0x00, 
    0x00, 0x01, 0xC7, 0x1C, 0x18, 0x61, 0x80, 0x00, 0x00, 0x01, 0xC7, 0x1C, 0x18, 0x01, 0x80, 0x00, 
    0x00, 0x01, 0xC7, 0x08, 0x18, 0x00, 0x00, 0x00, 0x00, 0x01, 0xC7, 0x00, 0x18, 0x00, 0x00, 0x00, 
    0x00, 0x01, 0xC7, 0x00, 0x18, 0x00, 0x00, 0x00, 0x00, 0x01, 0xC7, 0x00, 0x18, 0x00, 0x00, 0x00, 
    0x00, 0x01, 0xC7, 0x00, 0x08, 0x61, 0x80, 0x00, 0x00, 0x01, 0xC7, 0x1C, 0x00, 0x61, 0x80, 0x00, 
    0x00, 0x01, 0xC7, 0x1C, 0x00, 0x61, 0x80, 0x00, 0x00, 0x01, 0xC7, 0x1C, 0x00, 0x60, 0x00, 0x00, 
    0x00, 0x0F, 0xFF, 0xFF, 0xFF, 0xFF, 0xF0, 0x00, 0x00, 0x0F, 0xFF, 0xFF, 0xFF, 0xFF, 0xF0, 0x00, 
    0x00, 0x01, 0xE0, 0x1C, 0x1C, 0x71, 0x80, 0x00, 0x00, 0x40, 0xF8, 0x1C, 0x18, 0x61, 0x82, 0x00, 
    0x00, 0xE0, 0x78, 0x1C, 0x1C, 0x61, 0x83, 0x00, 0x00, 0xE0, 0x00, 0x1C, 0x1F, 0xE1, 0x83, 0x00, 
    0x00, 0xE0, 0x00, 0x1C, 0x0F, 0xC1, 0x83, 0x00, 0x00, 0xE0, 0x00, 0x00, 0x03, 0x00, 0x03, 0x00, 
    0x00, 0xE0, 0x00, 0x00, 0x00, 0x00, 0x03, 0x00, 0x00, 0xFF, 0x00, 0x00, 0x00, 0x00, 0x07, 0x00, 
    0x00, 0xFF, 0x80, 0x00, 0x00, 0x01, 0xFF, 0x00, 0x00, 0x7F, 0x00, 0x00, 0x00, 0x00, 0xFF, 0x00, 
    0x00, 0x00, 0x00, 0x00, 0x00, 0x00, 0x00, 0x00, 0x00, 0x00, 0x00, 0x00, 0x00, 0x00, 0x00, 0x00, 
    0x00, 0x00, 0x00, 0x00, 0x00, 0x00, 0x00, 0x00, 0x00, 0x00, 0x00, 0x00, 0x00, 0x00, 0x00, 0x00, 
    0x00, 0x00, 0x00, 0x00, 0x00, 0x00, 0x00, 0x00, 0x00, 0x00, 0x00, 0x00, 0x00, 0x00, 0x00, 0x00, 
    0x00, 0x00, 0x00, 0x00, 0x00, 0x00, 0x00, 0x00, 0x00, 0x00, 0x00, 0x00, 0x00, 0x00, 0x00, 0x00, 
      },
  {
    0x00, 0x00, 0x00, 0x00, 0x00, 0x00, 0x00, 0x00, 0x00, 0x00, 0x00, 0x00, 0x00, 0x00, 0x00, 0x00, 
    0x00, 0x00, 0x00, 0x00, 0x00, 0x00, 0x00, 0x00, 0x00, 0x00, 0x00, 0x00, 0x00, 0x00, 0x00, 0x00, 
    0x00, 0x00, 0x00, 0x00, 0x00, 0x00, 0x00, 0x00, 0x00, 0x00, 0x00, 0x00, 0x00, 0x00, 0x00, 0x00, 
    0x00, 0x00, 0x00, 0x00, 0x00, 0x00, 0x00, 0x00, 0x00, 0x00, 0x00, 0x00, 0x00, 0x00, 0x00, 0x00, 
    0x00, 0xFF, 0x00, 0x00, 0x00, 0x00, 0xFF, 0x00, 0x00, 0xFF, 0x80, 0x00, 0x00, 0x00, 0xFF, 0x00, 
    0x00, 0xE0, 0x00, 0x00, 0x00, 0x00, 0x03, 0x00, 0x00, 0xC0, 0x00, 0x00, 0x00, 0x00, 0x03, 0x00, 
    0x00, 0xC0, 0x00, 0x00, 0x00, 0x00, 0x03, 0x00, 0x00, 0xC0, 0x00, 0x1E, 0x00, 0x00, 0x03, 0x00, 
    0x00, 0xC0, 0x00, 0x7E, 0x0F, 0x00, 0x03, 0x00, 0x00, 0xC0, 0x00, 0xF0, 0x07, 0x00, 0x03, 0x00, 
    0x00, 0x40, 0x00, 0x40, 0x00, 0x00, 0x00, 0x00, 0x00, 0x00, 0x00, 0x00, 0x00, 0x00, 0x00, 0x00, 
    0x00, 0x00, 0x18, 0x00, 0x00, 0x08, 0x00, 0x00, 0x00, 0x00, 0x1C, 0x0E, 0x38, 0x1C, 0x00, 0x00, 
    0x00, 0x00, 0x38, 0x3E, 0x3C, 0x0E, 0x00, 0x00, 0x00, 0x00, 0x70, 0x78, 0x1F, 0x0E, 0x00, 0x00, 
    0x00, 0x00, 0x60, 0xE0, 0x07, 0x87, 0x00, 0x00, 0x00, 0x00, 0xE1, 0xC0, 0x03, 0x83, 0x00, 0x00, 
    0x00, 0x00, 0xE1, 0x80, 0x01, 0xC3, 0x80, 0x00, 0x00, 0x00, 0xC1, 0x87, 0xE0, 0xC3, 0x80, 0x00, 
    0x00, 0x00, 0xC0, 0x0F, 0xF0, 0xE1, 0x80, 0x00, 0x00, 0x00, 0xC0, 0x0E, 0x38, 0x61, 0x80, 0x00, 
    0x00, 0x00, 0x00, 0x1C, 0x18, 0x61, 0x80, 0x00, 0x00, 0x00, 0x07, 0x1C, 0x18, 0x61, 0x80, 0x00, 
    0x00, 0x00, 0x07, 0x1C, 0x18, 0x61, 0x80, 0x00, 0x00, 0x00, 0x87, 0x1C, 0x18, 0x61, 0x80, 0x00, 
    0x00, 0x01, 0xC7, 0x1C, 0x18, 0x61, 0x80, 0x00, 0x00, 0x01, 0xC7, 0x1C, 0x18, 0x61, 0x80, 0x00, 
    0x00, 0x01, 0xC7, 0x1C, 0x18, 0x61, 0x80, 0x00, 0x00, 0x01, 0xC7, 0x1C, 0x18, 0x01, 0x80, 0x00, 
    0x00, 0x01, 0xC7, 0x08, 0x18, 0x00, 0x00, 0x00, 0x00, 0x01, 0xC7, 0x00, 0x18, 0x00, 0x00, 0x00, 
    0x00, 0x01, 0xC7, 0x00, 0x18, 0x00, 0x00, 0x00, 0x00, 0x01, 0xC7, 0x00, 0x18, 0x00, 0x00, 0x00, 
    0x00, 0x01, 0xC7, 0x00, 0x08, 0x61, 0x80, 0x00, 0x00, 0x0F, 0xFF, 0xFF, 0xFF, 0xFF, 0xF8, 0x00, 
    0x00, 0x1F, 0xFF, 0xFF, 0xFF, 0xFF, 0xF8, 0x00, 0x00, 0x01, 0xC7, 0x1C, 0x00, 0x70, 0x00, 0x00, 
    0x00, 0x01, 0xC0, 0x1C, 0x00, 0x60, 0x00, 0x00, 0x00, 0x01, 0xC0, 0x1C, 0x18, 0x60, 0x00, 0x00, 
    0x00, 0x01, 0xC0, 0x1C, 0x18, 0x60, 0x00, 0x00, 0x00, 0x00, 0xF8, 0x1C, 0x18, 0x61, 0x80, 0x00, 
    0x00, 0xC0, 0x78, 0x1C, 0x1C, 0x61, 0x83, 0x00, 0x00, 0xC0, 0x00, 0x1C, 0x1F, 0xE1, 0x83, 0x00, 
    0x00, 0xC0, 0x00, 0x1C, 0x0F, 0xC1, 0x83, 0x00, 0x00, 0xC0, 0x00, 0x00, 0x03, 0x00, 0x03, 0x00, 
    0x00, 0xC0, 0x00, 0x00, 0x00, 0x00, 0x03, 0x00, 0x00, 0xC0, 0x00, 0x00, 0x00, 0x00, 0x03, 0x00, 
    0x00, 0xFF, 0x80, 0x00, 0x00, 0x00, 0xFF, 0x00, 0x00, 0xFF, 0x00, 0x00, 0x00, 0x00, 0xFF, 0x00, 
    0x00, 0x00, 0x00, 0x00, 0x00, 0x00, 0x00, 0x00, 0x00, 0x00, 0x00, 0x00, 0x00, 0x00, 0x00, 0x00, 
    0x00, 0x00, 0x00, 0x00, 0x00, 0x00, 0x00, 0x00, 0x00, 0x00, 0x00, 0x00, 0x00, 0x00, 0x00, 0x00, 
    0x00, 0x00, 0x00, 0x00, 0x00, 0x00, 0x00, 0x00, 0x00, 0x00, 0x00, 0x00, 0x00, 0x00, 0x00, 0x00, 
    0x00, 0x00, 0x00, 0x00, 0x00, 0x00, 0x00, 0x00, 0x00, 0x00, 0x00, 0x00, 0x00, 0x00, 0x00, 0x00, 
      },
  {
    0x00, 0x00, 0x00, 0x00, 0x00, 0x00, 0x00, 0x00, 0x00, 0x00, 0x00, 0x00, 0x00, 0x00, 0x00, 0x00, 
    0x00, 0x00, 0x00, 0x00, 0x00, 0x00, 0x00, 0x00, 0x00, 0x00, 0x00, 0x00, 0x00, 0x00, 0x00, 0x00, 
    0x00, 0x00, 0x00, 0x00, 0x00, 0x00, 0x00, 0x00, 0x00, 0x00, 0x00, 0x00, 0x00, 0x00, 0x00, 0x00, 
    0x00, 0x00, 0x00, 0x00, 0x00, 0x00, 0x00, 0x00, 0x00, 0x00, 0x00, 0x00, 0x00, 0x00, 0x7F, 0x00, 
    0x00, 0xFF, 0x00, 0x00, 0x00, 0x00, 0xFF, 0x80, 0x00, 0xFF, 0x00, 0x00, 0x00, 0x00, 0x7F, 0x80, 
    0x00, 0xC0, 0x00, 0x00, 0x00, 0x00, 0x03, 0x80, 0x00, 0xC0, 0x00, 0x00, 0x00, 0x00, 0x03, 0x80, 
    0x00, 0xC0, 0x00, 0x00, 0x00, 0x00, 0x03, 0x80, 0x00, 0xC0, 0x00, 0x1E, 0x00, 0x00, 0x03, 0x80, 
    0x00, 0xC0, 0x00, 0x7E, 0x0F, 0x00, 0x03, 0x80, 0x00, 0xC0, 0x00, 0xF0, 0x07, 0x00, 0x01, 0x80, 
    0x00, 0x00, 0x00, 0x40, 0x00, 0x00, 0x00, 0x00, 0x00, 0x00, 0x00, 0x00, 0x00, 0x00, 0x00, 0x00, 
    0x00, 0x00, 0x18, 0x00, 0x00, 0x08, 0x00, 0x00, 0x00, 0x00, 0x1C, 0x0E, 0x38, 0x1C, 0x00, 0x00, 
    0x00, 0x00, 0x38, 0x3E, 0x3C, 0x0E, 0x00, 0x00, 0x00, 0x00, 0x70, 0x78, 0x1F, 0x0E, 0x00, 0x00, 
    0x00, 0x00, 0x60, 0xE0, 0x07, 0x87, 0x00, 0x00, 0x00, 0x00, 0xE1, 0xC0, 0x03, 0x83, 0x00, 0x00, 
    0x00, 0x00, 0xE1, 0x80, 0x01, 0xC3, 0x80, 0x00, 0x00, 0x00, 0xC1, 0x87, 0xE0, 0xC3, 0x80, 0x00, 
    0x00, 0x00, 0xC0, 0x0F, 0xF0, 0xE1, 0x80, 0x00, 0x00, 0x00, 0xC0, 0x0E, 0x38, 0x61, 0x80, 0x00, 
    0x00, 0x00, 0x00, 0x1C, 0x18, 0x61, 0x80, 0x00, 0x00, 0x00, 0x07, 0x1C, 0x18, 0x61, 0x80, 0x00, 
    0x00, 0x00, 0x07, 0x1C, 0x18, 0x61, 0x80, 0x00, 0x00, 0x00, 0x87, 0x1C, 0x18, 0x61, 0x80, 0x00, 
    0x00, 0x01, 0xC7, 0x1C, 0x18, 0x61, 0x80, 0x00, 0x00, 0x01, 0xC7, 0x1C, 0x18, 0x61, 0x80, 0x00, 
    0x00, 0x01, 0xC7, 0x1C, 0x18, 0x61, 0x80, 0x00, 0x00, 0x01, 0xC7, 0x1C, 0x18, 0x01, 0x80, 0x00, 
    0x00, 0x01, 0xC7, 0x08, 0x18, 0x00, 0x00, 0x00, 0x00, 0x1F, 0xFF, 0xFF, 0xFF, 0xFF, 0xF8, 0x00, 
    0x00, 0x3F, 0xFF, 0xFF, 0xFF, 0xFF, 0xFC, 0x00, 0x00, 0x1F, 0xFF, 0xFF, 0xFF, 0xFF, 0xF8, 0x00, 
    0x00, 0x01, 0xC7, 0x00, 0x08, 0x61, 0x80, 0x00, 0x00, 0x01, 0xC7, 0x1C, 0x00, 0x61, 0x80, 0x00, 
    0x00, 0x01, 0xC7, 0x1C, 0x00, 0x61, 0x80, 0x00, 0x00, 0x01, 0xC7, 0x1C, 0x00, 0x60, 0x00, 0x00, 
    0x00, 0x01, 0xC0, 0x1C, 0x00, 0x60, 0x00, 0x00, 0x00, 0x01, 0xC0, 0x1C, 0x18, 0x60, 0x00, 0x00, 
    0x00, 0x01, 0xC0, 0x1C, 0x18, 0x60, 0x00, 0x00, 0x00, 0x00, 0xF8, 0x1C, 0x18, 0x61, 0x80, 0x00, 
    0x00, 0xC0, 0x78, 0x1C, 0x1C, 0x61, 0x81, 0x00, 0x00, 0xC0, 0x00, 0x1C, 0x1F, 0xE1, 0x83, 0x80, 
    0x00, 0xC0, 0x00, 0x1C, 0x0F, 0xC1, 0x83, 0x80, 0x00, 0xC0, 0x00, 0x00, 0x03, 0x00, 0x03, 0x80, 
    0x00, 0xC0, 0x00, 0x00, 0x00, 0x00, 0x03, 0x80, 0x00, 0xC0, 0x00, 0x00, 0x00, 0x00, 0x01, 0x80, 
    0x00, 0xFF, 0x00, 0x00, 0x00, 0x00, 0x7F, 0x80, 0x00, 0xFF, 0x00, 0x00, 0x00, 0x00, 0xFF, 0x80, 
    0x00, 0xFE, 0x00, 0x00, 0x00, 0x00, 0x7F, 0x00, 0x00, 0x00, 0x00, 0x00, 0x00, 0x00, 0x00, 0x00, 
    0x00, 0x00, 0x00, 0x00, 0x00, 0x00, 0x00, 0x00, 0x00, 0x00, 0x00, 0x00, 0x00, 0x00, 0x00, 0x00, 
    0x00, 0x00, 0x00, 0x00, 0x00, 0x00, 0x00, 0x00, 0x00, 0x00, 0x00, 0x00, 0x00, 0x00, 0x00, 0x00, 
    0x00, 0x00, 0x00, 0x00, 0x00, 0x00, 0x00, 0x00, 0x00, 0x00, 0x00, 0x00, 0x00, 0x00, 0x00, 0x00, 
      },
  {
    0x00, 0x00, 0x00, 0x00, 0x00, 0x00, 0x00, 0x00, 0x00, 0x00, 0x00, 0x00, 0x00, 0x00, 0x00, 0x00, 
    0x00, 0x00, 0x00, 0x00, 0x00, 0x00, 0x00, 0x00, 0x00, 0x00, 0x00, 0x00, 0x00, 0x00, 0x00, 0x00, 
    0x00, 0x00, 0x00, 0x00, 0x00, 0x00, 0x00, 0x00, 0x00, 0x00, 0x00, 0x00, 0x00, 0x00, 0x00, 0x00, 
    0x00, 0x00, 0x00, 0x00, 0x00, 0x00, 0x00, 0x00, 0x00, 0xFE, 0x00, 0x00, 0x00, 0x00, 0x7F, 0x80, 
    0x01, 0xFF, 0x00, 0x00, 0x00, 0x00, 0x7F, 0x80, 0x01, 0xFE, 0x00, 0x00, 0x00, 0x00, 0x3F, 0x80, 
    0x01, 0xC0, 0x00, 0x00, 0x00, 0x00, 0x01, 0x80, 0x01, 0xC0, 0x00, 0x00, 0x00, 0x00, 0x01, 0x80, 
    0x01, 0xC0, 0x00, 0x00, 0x00, 0x00, 0x01, 0x80, 0x01, 0xC0, 0x00, 0x1E, 0x00, 0x00, 0x01, 0x80, 
    0x01, 0xC0, 0x00, 0x7E, 0x0F, 0x00, 0x01, 0x80, 0x00, 0x80, 0x00, 0xF0, 0x07, 0x00, 0x01, 0x80, 
    0x00, 0x00, 0x00, 0x40, 0x00, 0x00, 0x00, 0x00, 0x00, 0x00, 0x00, 0x00, 0x00, 0x00, 0x00, 0x00, 
    0x00, 0x00, 0x18, 0x00, 0x00, 0x08, 0x00, 0x00, 0x00, 0x00, 0x1C, 0x0E, 0x38, 0x1C, 0x00, 0x00, 
    0x00, 0x00, 0x38, 0x3E, 0x3C, 0x0E, 0x00, 0x00, 0x00, 0x00, 0x70, 0x78, 0x1F, 0x0E, 0x00, 0x00, 
    0x00, 0x00, 0x60, 0xE0, 0x07, 0x87, 0x00, 0x00, 0x00, 0x00, 0xE1, 0xC0, 0x03, 0x83, 0x00, 0x00, 
    0x00, 0x00, 0xE1, 0x80, 0x01, 0xC3, 0x80, 0x00, 0x00, 0x00, 0xC1, 0x87, 0xE0, 0xC3, 0x80, 0x00, 
    0x00, 0x00, 0xC0, 0x0F, 0xF0, 0xE1, 0x80, 0x00, 0x00, 0x00, 0xC0, 0x0E, 0x38, 0x61, 0x80, 0x00, 
    0x00, 0x00, 0x00, 0x1C, 0x18, 0x61, 0x80, 0x00, 0x00, 0x00, 0x07, 0x1C, 0x18, 0x61, 0x80, 0x00, 
    0x00, 0x00, 0x07, 0x1C, 0x18, 0x61, 0x80, 0x00, 0x00, 0x00, 0x87, 0x1C, 0x18, 0x61, 0x80, 0x00, 
    0x00, 0x01, 0xC7, 0x1C, 0x18, 0x61, 0x80, 0x00, 0x00, 0x01, 0xC7, 0x1C, 0x18, 0x61, 0x80, 0x00, 
    0x00, 0x3F, 0xFF, 0xFF, 0xFF, 0xFF, 0xFC, 0x00, 0x00, 0x7F, 0xFF, 0xFF, 0xFF, 0xFF, 0xFE, 0x00, 
    0x00, 0x3F, 0xFF, 0xFF, 0xFF, 0xFF, 0xFC, 0x00, 0x00, 0x01, 0xC7, 0x00, 0x18, 0x00, 0x00, 0x00, 
    0x00, 0x01, 0xC7, 0x00, 0x18, 0x00, 0x00, 0x00, 0x00, 0x01, 0xC7, 0x00, 0x18, 0x00, 0x00, 0x00, 
    0x00, 0x01, 0xC7, 0x00, 0x08, 0x61, 0x80, 0x00, 0x00, 0x01, 0xC7, 0x1C, 0x00, 0x61, 0x80, 0x00, 
    0x00, 0x01, 0xC7, 0x1C, 0x00, 0x61, 0x80, 0x00, 0x00, 0x01, 0xC7, 0x1C, 0x00, 0x60, 0x00, 0x00, 
    0x00, 0x01, 0xC0, 0x1C, 0x00, 0x60, 0x00, 0x00, 0x00, 0x01, 0xC0, 0x1C, 0x18, 0x60, 0x00, 0x00, 
    0x00, 0x01, 0xC0, 0x1C, 0x18, 0x60, 0x00, 0x00, 0x00, 0x00, 0xF8, 0x1C, 0x18, 0x61, 0x80, 0x00, 
    0x00, 0x80, 0x78, 0x1C, 0x1C, 0x61, 0x80, 0x00, 0x01, 0xC0, 0x00, 0x1C, 0x1F, 0xE1, 0x81, 0x80, 
    0x01, 0xC0, 0x00, 0x1C, 0x0F, 0xC1, 0x81, 0x80, 0x01, 0xC0, 0x00, 0x00, 0x03, 0x00, 0x01, 0x80, 
    0x01, 0xC0, 0x00, 0x00, 0x00, 0x00, 0x01, 0x80, 0x01, 0xC0, 0x00, 0x00, 0x00, 0x00, 0x01, 0x80, 
    0x01, 0xC0, 0x00, 0x00, 0x00, 0x00, 0x01, 0x80, 0x01, 0xFF, 0x00, 0x00, 0x00, 0x00, 0x7F, 0x80, 
    0x00, 0xFF, 0x00, 0x00, 0x00, 0x00, 0x7F, 0x80, 0x00, 0x00, 0x00, 0x00, 0x00, 0x00, 0x00, 0x00, 
    0x00, 0x00, 0x00, 0x00, 0x00, 0x00, 0x00, 0x00, 0x00, 0x00, 0x00, 0x00, 0x00, 0x00, 0x00, 0x00, 
    0x00, 0x00, 0x00, 0x00, 0x00, 0x00, 0x00, 0x00, 0x00, 0x00, 0x00, 0x00, 0x00, 0x00, 0x00, 0x00, 
    0x00, 0x00, 0x00, 0x00, 0x00, 0x00, 0x00, 0x00, 0x00, 0x00, 0x00, 0x00, 0x00, 0x00, 0x00, 0x00, 
      },
  {
    0x00, 0x00, 0x00, 0x00, 0x00, 0x00, 0x00, 0x00, 0x00, 0x00, 0x00, 0x00, 0x00, 0x00, 0x00, 0x00, 
    0x00, 0x00, 0x00, 0x00, 0x00, 0x00, 0x00, 0x00, 0x00, 0x00, 0x00, 0x00, 0x00, 0x00, 0x00, 0x00, 
    0x00, 0x00, 0x00, 0x00, 0x00, 0x00, 0x00, 0x00, 0x00, 0x00, 0x00, 0x00, 0x00, 0x00, 0x00, 0x00, 
    0x00, 0x00, 0x00, 0x00, 0x00, 0x00, 0x00, 0x00, 0x01, 0xFF, 0x00, 0x00, 0x00, 0x00, 0x7F, 0x80, 
    0x01, 0xFF, 0x00, 0x00, 0x00, 0x00, 0x7F, 0x80, 0x01, 0xC0, 0x00, 0x00, 0x00, 0x00, 0x01, 0x80, 
    0x01, 0x80, 0x00, 0x00, 0x00, 0x00, 0x01, 0x80, 0x01, 0xC0, 0x00, 0x00, 0x00, 0x00, 0x01, 0x80, 
    0x01, 0xC0, 0x00, 0x00, 0x00, 0x00, 0x01, 0x80, 0x01, 0xC0, 0x00, 0x1E, 0x00, 0x00, 0x01, 0x80, 
    0x01, 0x80, 0x00, 0x7E, 0x0F, 0x00, 0x01, 0x80, 0x00, 0x80, 0x00, 0xF0, 0x07, 0x00, 0x00, 0x80, 
    0x00, 0x00, 0x00, 0x40, 0x00, 0x00, 0x00, 0x00, 0x00, 0x00, 0x00, 0x00, 0x00, 0x00, 0x00, 0x00, 
    0x00, 0x00, 0x18, 0x00, 0x00, 0x08, 0x00, 0x00, 0x00, 0x00, 0x1C, 0x0E, 0x38, 0x1C, 0x00, 0x00, 
    0x00, 0x00, 0x38, 0x3E, 0x3C, 0x0E, 0x00, 0x00, 0x00, 0x00, 0x70, 0x78, 0x1F, 0x0E, 0x00, 0x00, 
    0x00, 0x00, 0x60, 0xE0, 0x07, 0x87, 0x00, 0x00, 0x00, 0x00, 0xE1, 0xC0, 0x03, 0x83, 0x00, 0x00, 
    0x00, 0x00, 0xE1, 0x80, 0x01, 0xC3, 0x80, 0x00, 0x00, 0x00, 0xC1, 0x87, 0xE0, 0xC3, 0x80, 0x00, 
    0x00, 0x00, 0xC0, 0x0F, 0xF0, 0xE1, 0x80, 0x00, 0x00, 0x00, 0xC0, 0x0E, 0x38, 0x61, 0x80, 0x00, 
    0x00, 0x00, 0x00, 0x1C, 0x18, 0x61, 0x80, 0x00, 0x00, 0x00, 0x07, 0x1C, 0x18, 0x61, 0x80, 0x00, 
    0x00, 0x00, 0x07, 0x1C, 0x18, 0x61, 0x80, 0x00, 0x00, 0x00, 0x87, 0x1C, 0x18, 0x61, 0x80, 0x00, 
    0x00, 0x7F, 0xFF, 0xFF, 0xFF, 0xFF, 0xFE, 0x00, 0x00, 0x7F, 0xFF, 0xFF, 0xFF, 0xFF, 0xFF, 0x00, 
    0x00, 0x3F, 0xFF, 0xFF, 0xFF, 0xFF, 0xFE, 0x00, 0x00, 0x01, 0xC7, 0x1C, 0x18, 0x01, 0x80, 0x00, 
    0x00, 0x01, 0xC7, 0x08, 0x18, 0x00, 0x00, 0x00, 0x00, 0x01, 0xC7, 0x00, 0x18, 0x00, 0x00, 0x00, 
    0x00, 0x01, 0xC7, 0x00, 0x18, 0x00, 0x00, 0x00, 0x00, 0x01, 0xC7, 0x00, 0x18, 0x00, 0x00, 0x00, 
    0x00, 0x01, 0xC7, 0x00, 0x08, 0x61, 0x80, 0x00, 0x00, 0x01, 0xC7, 0x1C, 0x00, 0x61, 0x80, 0x00, 
    0x00, 0x01, 0xC7, 0x1C, 0x00, 0x61, 0x80, 0x00, 0x00, 0x01, 0xC7, 0x1C, 0x00, 0x60, 0x00, 0x00, 
    0x00, 0x01, 0xC0, 0x1C, 0x00, 0x60, 0x00, 0x00, 0x00, 0x01, 0xC0, 0x1C, 0x18, 0x60, 0x00, 0x00, 
    0x00, 0x01, 0xC0, 0x1C, 0x18, 0x60, 0x00, 0x00, 0x00, 0x00, 0xF8, 0x1C, 0x18, 0x61, 0x80, 0x00, 
    0x00, 0x00, 0x78, 0x1C, 0x1C, 0x61, 0x80, 0x00, 0x01, 0x80, 0x00, 0x1C, 0x1F, 0xE1, 0x81, 0x80, 
    0x01, 0xC0, 0x00, 0x1C, 0x0F, 0xC1, 0x81, 0x80, 0x01, 0xC0, 0x00, 0x00, 0x03, 0x00, 0x01, 0x80, 
    0x01, 0xC0, 0x00, 0x00, 0x00, 0x00, 0x01, 0x80, 0x01, 0xC0, 0x00, 0x00, 0x00, 0x00, 0x01, 0x80, 
    0x01, 0xC0, 0x00, 0x00, 0x00, 0x00, 0x01, 0x80, 0x01, 0xFF, 0x00, 0x00, 0x00, 0x00, 0x7F, 0x80, 
    0x01, 0xFF, 0x00, 0x00, 0x00, 0x00, 0x7F, 0x80, 0x00, 0x00, 0x00, 0x00, 0x00, 0x00, 0x00, 0x00, 
    0x00, 0x00, 0x00, 0x00, 0x00, 0x00, 0x00, 0x00, 0x00, 0x00, 0x00, 0x00, 0x00, 0x00, 0x00, 0x00, 
    0x00, 0x00, 0x00, 0x00, 0x00, 0x00, 0x00, 0x00, 0x00, 0x00, 0x00, 0x00, 0x00, 0x00, 0x00, 0x00, 
    0x00, 0x00, 0x00, 0x00, 0x00, 0x00, 0x00, 0x00, 0x00, 0x00, 0x00, 0x00, 0x00, 0x00, 0x00, 0x00, 
      },
  {
    0x00, 0x00, 0x00, 0x00, 0x00, 0x00, 0x00, 0x00, 0x00, 0x00, 0x00, 0x00, 0x00, 0x00, 0x00, 0x00, 
    0x00, 0x00, 0x00, 0x00, 0x00, 0x00, 0x00, 0x00, 0x00, 0x00, 0x00, 0x00, 0x00, 0x00, 0x00, 0x00, 
    0x00, 0x00, 0x00, 0x00, 0x00, 0x00, 0x00, 0x00, 0x00, 0x00, 0x00, 0x00, 0x00, 0x00, 0x00, 0x00, 
    0x00, 0x00, 0x00, 0x00, 0x00, 0x00, 0x00, 0x00, 0x01, 0xFE, 0x00, 0x00, 0x00, 0x00, 0x7F, 0x80, 
    0x01, 0xFF, 0x00, 0x00, 0x00, 0x00, 0x7F, 0xC0, 0x01, 0xC0, 0x00, 0x00, 0x00, 0x00, 0x01, 0xC0, 
    0x01, 0x80, 0x00, 0x00, 0x00, 0x00, 0x01, 0xC0, 0x01, 0x80, 0x00, 0x00, 0x00, 0x00, 0x01, 0xC0, 
    0x01, 0x80, 0x00, 0x00, 0x00, 0x00, 0x01, 0xC0, 0x01, 0x80, 0x00, 0x1E, 0x00, 0x00, 0x01, 0xC0, 
    0x01, 0x80, 0x00, 0x7E, 0x0F, 0x00, 0x01, 0x80, 0x00, 0x00, 0x00, 0xF0, 0x07, 0x00, 0x00, 0x00, 
    0x00, 0x00, 0x00, 0x40, 0x00, 0x00, 0x00, 0x00, 0x00, 0x00, 0x00, 0x00, 0x00, 0x00, 0x00, 0x00, 
    0x00, 0x00, 0x18, 0x00, 0x00, 0x08, 0x00, 0x00, 0x00, 0x00, 0x1C, 0x0E, 0x38, 0x1C, 0x00, 0x00, 
    0x00, 0x00, 0x38, 0x3E, 0x3C, 0x0E, 0x00, 0x00, 0x00, 0x00, 0x70, 0x78, 0x1F, 0x0E, 0x00, 0x00, 
    0x00, 0x00, 0x60, 0xE0, 0x07, 0x87, 0x00, 0x00, 0x00, 0x00, 0xE1, 0xC0, 0x03, 0x83, 0x00, 0x00, 
    0x00, 0x00, 0xE1, 0x80, 0x01, 0xC3, 0x80, 0x00, 0x00, 0x00, 0xC1, 0x87, 0xE0, 0xC3, 0x80, 0x00, 
    0x00, 0x00, 0xC0, 0x0F, 0xF0, 0xE1, 0x80, 0x00, 0x00, 0x00, 0xC0, 0x0E, 0x38, 0x61, 0x80, 0x00, 
    0x00, 0x00, 0x00, 0x1C, 0x18, 0x61, 0x80, 0x00, 0x00, 0x00, 0x07, 0x1C, 0x18, 0x61, 0x80, 0x00, 
    0x00, 0x00, 0x07, 0x1C, 0x18, 0x61, 0x80, 0x00, 0x00, 0x7F, 0xFF, 0xFF, 0xFF, 0xFF, 0xFE, 0x00, 
    0x00, 0x7F, 0xFF, 0xFF, 0xFF, 0xFF, 0xFF, 0x00, 0x00, 0x3F, 0xFF, 0xFF, 0xFF, 0xFF, 0xFE, 0x00, 
    0x00, 0x01, 0xC7, 0x1C, 0x18, 0x61, 0x80, 0x00, 0x00, 0x01, 0xC7, 0x1C, 0x18, 0x01, 0x80, 0x00, 
    0x00, 0x01, 0xC7, 0x08, 0x18, 0x00, 0x00, 0x00, 0x00, 0x01, 0xC7, 0x00, 0x18, 0x00, 0x00, 0x00, 
    0x00, 0x01, 0xC7, 0x00, 0x18, 0x00, 0x00, 0x00, 0x00, 0x01, 0xC7, 0x00, 0x18, 0x00, 0x00, 0x00, 
    0x00, 0x01, 0xC7, 0x00, 0x08, 0x61, 0x80, 0x00, 0x00, 0x01, 0xC7, 0x1C, 0x00, 0x61, 0x80, 0x00, 
    0x00, 0x01, 0xC7, 0x1C, 0x00, 0x61, 0x80, 0x00, 0x00, 0x01, 0xC7, 0x1C, 0x00, 0x60, 0x00, 0x00, 
    0x00, 0x01, 0xC0, 0x1C, 0x00, 0x60, 0x00, 0x00, 0x00, 0x01, 0xC0, 0x1C, 0x18, 0x60, 0x00, 0x00, 
    0x00, 0x01, 0xC0, 0x1C, 0x18, 0x60, 0x00, 0x00, 0x00, 0x00, 0xF8, 0x1C, 0x18, 0x61, 0x80, 0x00, 
    0x00, 0x00, 0x78, 0x1C, 0x1C, 0x61, 0x80, 0x00, 0x01, 0x80, 0x00, 0x1C, 0x1F, 0xE1, 0x81, 0x80, 
    0x01, 0x80, 0x00, 0x1C, 0x0F, 0xC1, 0x81, 0xC0, 0x01, 0x80, 0x00, 0x00, 0x03, 0x00, 0x01, 0xC0, 
    0x01, 0x80, 0x00, 0x00, 0x00, 0x00, 0x01, 0xC0, 0x01, 0x80, 0x00, 0x00, 0x00, 0x00, 0x01, 0xC0, 
    0x01, 0x80, 0x00, 0x00, 0x00, 0x00, 0x01, 0xC0, 0x01, 0xFE, 0x00, 0x00, 0x00, 0x00, 0x7F, 0xC0, 
    0x01, 0xFF, 0x00, 0x00, 0x00, 0x00, 0x7F, 0x80, 0x00, 0x00, 0x00, 0x00, 0x00, 0x00, 0x00, 0x00, 
    0x00, 0x00, 0x00, 0x00, 0x00, 0x00, 0x00, 0x00, 0x00, 0x00, 0x00, 0x00, 0x00, 0x00, 0x00, 0x00, 
    0x00, 0x00, 0x00, 0x00, 0x00, 0x00, 0x00, 0x00, 0x00, 0x00, 0x00, 0x00, 0x00, 0x00, 0x00, 0x00, 
    0x00, 0x00, 0x00, 0x00, 0x00, 0x00, 0x00, 0x00, 0x00, 0x00, 0x00, 0x00, 0x00, 0x00, 0x00, 0x00, 
      },
  {
    0x00, 0x00, 0x00, 0x00, 0x00, 0x00, 0x00, 0x00, 0x00, 0x00, 0x00, 0x00, 0x00, 0x00, 0x00, 0x00, 
    0x00, 0x00, 0x00, 0x00, 0x00, 0x00, 0x00, 0x00, 0x00, 0x00, 0x00, 0x00, 0x00, 0x00, 0x00, 0x00, 
    0x00, 0x00, 0x00, 0x00, 0x00, 0x00, 0x00, 0x00, 0x00, 0x00, 0x00, 0x00, 0x00, 0x00, 0x00, 0x00, 
    0x00, 0x00, 0x00, 0x00, 0x00, 0x00, 0x00, 0x00, 0x01, 0xFE, 0x00, 0x00, 0x00, 0x00, 0x7F, 0x80, 
    0x01, 0xFE, 0x00, 0x00, 0x00, 0x00, 0x7F, 0xC0, 0x01, 0x80, 0x00, 0x00, 0x00, 0x00, 0x01, 0xC0, 
    0x01, 0x80, 0x00, 0x00, 0x00, 0x00, 0x01, 0xC0, 0x01, 0x80, 0x00, 0x00, 0x00, 0x00, 0x01, 0xC0, 
    0x01, 0x80, 0x00, 0x00, 0x00, 0x00, 0x01, 0xC0, 0x01, 0x80, 0x00, 0x1E, 0x00, 0x00, 0x01, 0xC0, 
    0x01, 0x80, 0x00, 0x7E, 0x0F, 0x00, 0x01, 0xC0, 0x00, 0x00, 0x00, 0xF0, 0x07, 0x00, 0x00, 0x00, 
    0x00, 0x00, 0x00, 0x40, 0x00, 0x00, 0x00, 0x00, 0x00, 0x00, 0x00, 0x00, 0x00, 0x00, 0x00, 0x00, 
    0x00, 0x00, 0x18, 0x00, 0x00, 0x08, 0x00, 0x00, 0x00, 0x00, 0x1C, 0x0E, 0x38, 0x1C, 0x00, 0x00, 
    0x00, 0x00, 0x38, 0x3E, 0x3C, 0x0E, 0x00, 0x00, 0x00, 0x00, 0x70, 0x78, 0x1F, 0x0E, 0x00, 0x00, 
    0x00, 0x00, 0x60, 0xE0, 0x07, 0x87, 0x00, 0x00, 0x00, 0x00, 0xE1, 0xC0, 0x03, 0x83, 0x00, 0x00, 
    0x00, 0x00, 0xE1, 0x80, 0x01, 0xC3, 0x80, 0x00, 0x00, 0x00, 0xC1, 0x87, 0xE0, 0xC3, 0x80, 0x00, 
    0x00, 0x00, 0xC0, 0x0F, 0xF0, 0xE1, 0x80, 0x00, 0x00, 0x00, 0xC0, 0x0E, 0x38, 0x61, 0x80, 0x00, 
    0x00, 0x00, 0x00, 0x1C, 0x18, 0x61, 0x80, 0x00, 0x00, 0x00, 0x07, 0x1C, 0x18, 0x61, 0x80, 0x00, 
    0x00, 0x00, 0x07, 0x1C, 0x18, 0x61, 0x80, 0x00, 0x00, 0x7F, 0xFF, 0xFF, 0xFF, 0xFF, 0xFF, 0x00, 
    0x00, 0x7F, 0xFF, 0xFF, 0xFF, 0xFF, 0xFF, 0x00, 0x00, 0x01, 0xC7, 0x1C, 0x18, 0x71, 0xC0, 0x00, 
    0x00, 0x01, 0xC7, 0x1C, 0x18, 0x61, 0x80, 0x00, 0x00, 0x01, 0xC7, 0x1C, 0x18, 0x01, 0x80, 0x00, 
    0x00, 0x01, 0xC7, 0x08, 0x18, 0x00, 0x00, 0x00, 0x00, 0x01, 0xC7, 0x00, 0x18, 0x00, 0x00, 0x00, 
    0x00, 0x01, 0xC7, 0x00, 0x18, 0x00, 0x00, 0x00, 0x00, 0x01, 0xC7, 0x00, 0x18, 0x00, 0x00, 0x00, 
    0x00, 0x01, 0xC7, 0x00, 0x08, 0x61, 0x80, 0x00, 0x00, 0x01, 0xC7, 0x1C, 0x00, 0x61, 0x80, 0x00, 
    0x00, 0x01, 0xC7, 0x1C, 0x00, 0x61, 0x80, 0x00, 0x00, 0x01, 0xC7, 0x1C, 0x00, 0x60, 0x00, 0x00, 
    0x00, 0x01, 0xC0, 0x1C, 0x00, 0x60, 0x00, 0x00, 0x00, 0x01, 0xC0, 0x1C, 0x18, 0x60, 0x00, 0x00, 
    0x00, 0x01, 0xC0, 0x1C, 0x18, 0x60, 0x00, 0x00, 0x00, 0x00, 0xF8, 0x1C, 0x18, 0x61, 0x80, 0x00, 
    0x00, 0x00, 0x78, 0x1C, 0x1C, 0x61, 0x80, 0x00, 0x01, 0x80, 0x00, 0x1C, 0x1F, 0xE1, 0x81, 0x80, 
    0x01, 0x80, 0x00, 0x1C, 0x0F, 0xC1, 0x81, 0xC0, 0x01, 0x80, 0x00, 0x00, 0x03, 0x00, 0x01, 0xC0, 
    0x01, 0x80, 0x00, 0x00, 0x00, 0x00, 0x01, 0xC0, 0x01, 0x80, 0x00, 0x00, 0x00, 0x00, 0x01, 0xC0, 
    0x01, 0x80, 0x00, 0x00, 0x00, 0x00, 0x01, 0xC0, 0x01, 0xFE, 0x00, 0x00, 0x00, 0x00, 0x7F, 0xC0, 
    0x01, 0xFF, 0x00, 0x00, 0x00, 0x00, 0x7F, 0xC0, 0x00, 0x00, 0x00, 0x00, 0x00, 0x00, 0x00, 0x00, 
    0x00, 0x00, 0x00, 0x00, 0x00, 0x00, 0x00, 0x00, 0x00, 0x00, 0x00, 0x00, 0x00, 0x00, 0x00, 0x00, 
    0x00, 0x00, 0x00, 0x00, 0x00, 0x00, 0x00, 0x00, 0x00, 0x00, 0x00, 0x00, 0x00, 0x00, 0x00, 0x00, 
    0x00, 0x00, 0x00, 0x00, 0x00, 0x00, 0x00, 0x00, 0x00, 0x00, 0x00, 0x00, 0x00, 0x00, 0x00, 0x00, 
      },
};

#endif
