#ifndef ANIMATION_LINE_CHART_H
#define ANIMATION_LINE_CHART_H

#include <pgmspace.h>

#define LINE_CHART_FRAMES 40
#define LINE_CHART_WIDTH  64
#define LINE_CHART_HEIGHT 64

const uint8_t line_chart_frames[][512] PROGMEM = {
  {
    0x00, 0x00, 0x00, 0x00, 0x00, 0x00, 0x00, 0x00, 0x00, 0x00, 0x00, 0x00, 0x00, 0x00, 0x00, 0x00, 
    0x00, 0x00, 0x00, 0x00, 0x00, 0x00, 0x00, 0x00, 0x00, 0x00, 0x00, 0x00, 0x00, 0x00, 0x00, 0x00, 
    0x00, 0x00, 0x00, 0x00, 0x00, 0x00, 0x00, 0x00, 0x00, 0x00, 0x00, 0x00, 0x00, 0x00, 0x00, 0x00, 
    0x00, 0x00, 0x00, 0x00, 0x00, 0x00, 0x00, 0x00, 0x00, 0x00, 0x00, 0x00, 0x00, 0x00, 0x00, 0x00, 
    0x00, 0x00, 0x00, 0x00, 0x00, 0x00, 0x00, 0x00, 0x00, 0x00, 0x00, 0x00, 0x00, 0x00, 0x00, 0x00, 
    0x00, 0x00, 0x00, 0x00, 0x00, 0x00, 0x00, 0x00, 0x00, 0x80, 0x00, 0x00, 0x00, 0x00, 0x00, 0x00, 
    0x01, 0x80, 0x00, 0x00, 0x00, 0x00, 0x70, 0x00, 0x01, 0x80, 0x00, 0x00, 0x00, 0x01, 0xF8, 0x00, 
    0x01, 0x80, 0x00, 0x00, 0x00, 0x03, 0x9C, 0x00, 0x01, 0x80, 0x00, 0x00, 0x00, 0x03, 0x0C, 0x00, 
    0x01, 0x80, 0x00, 0x00, 0x00, 0x03, 0x0C, 0x00, 0x01, 0x80, 0x00, 0x00, 0x07, 0x87, 0x0C, 0x00, 
    0x01, 0x80, 0x00, 0x00, 0x0F, 0xFF, 0xDC, 0x00, 0x01, 0x80, 0x00, 0x00, 0x1C, 0xFD, 0xF8, 0x00, 
    0x01, 0x80, 0x00, 0x00, 0x18, 0x60, 0x60, 0x00, 0x01, 0x81, 0xE0, 0x00, 0x18, 0x60, 0x00, 0x00, 
    0x01, 0x83, 0xF0, 0x00, 0x1C, 0x60, 0x00, 0x00, 0x01, 0x87, 0x38, 0x00, 0x1F, 0xE0, 0x00, 0x00, 
    0x01, 0x86, 0x18, 0x00, 0x3F, 0xC0, 0x00, 0x00, 0x01, 0x86, 0x18, 0x00, 0x71, 0x00, 0x00, 0x00, 
    0x01, 0x86, 0x38, 0x00, 0xE0, 0x00, 0x00, 0x00, 0x01, 0x83, 0xFE, 0x01, 0xC0, 0x00, 0x00, 0x00, 
    0x01, 0x81, 0xE7, 0xFF, 0x80, 0x00, 0x00, 0x00, 0x01, 0x80, 0x03, 0xFF, 0x00, 0x00, 0x00, 0x00, 
    0x01, 0x80, 0x00, 0xC3, 0x00, 0x00, 0x00, 0x00, 0x01, 0x80, 0x00, 0xC3, 0x00, 0x00, 0x00, 0x00, 
    0x01, 0x80, 0x00, 0xC3, 0x00, 0x00, 0x00, 0x00, 0x01, 0x80, 0x00, 0xE7, 0x00, 0x00, 0x00, 0x00, 
    0x01, 0x80, 0x00, 0x7E, 0x00, 0x00, 0x00, 0x00, 0x01, 0x80, 0x00, 0x3C, 0x00, 0x00, 0x00, 0x00, 
    0x01, 0x80, 0x00, 0x00, 0x00, 0x00, 0x00, 0x00, 0x01, 0x80, 0x00, 0x00, 0x00, 0x00, 0x00, 0x00, 
    0x01, 0x80, 0x00, 0x00, 0x00, 0x00, 0x00, 0x00, 0x01, 0x80, 0x00, 0x00, 0x00, 0x00, 0x00, 0x00, 
    0x01, 0x80, 0x00, 0x00, 0x00, 0x00, 0x00, 0x00, 0x01, 0x80, 0x00, 0x00, 0x00, 0x00, 0x00, 0x00, 
    0x01, 0x80, 0x00, 0x00, 0x00, 0x00, 0x00, 0x00, 0x01, 0x80, 0x00, 0x00, 0x00, 0x00, 0x00, 0x00, 
    0x01, 0x80, 0x00, 0x00, 0x00, 0x00, 0x00, 0x00, 0x01, 0xFF, 0xFF, 0xFF, 0xFF, 0xFF, 0xFF, 0x00, 
    0x01, 0xFF, 0xFF, 0xFF, 0xFF, 0xFF, 0xFF, 0x80, 0x00, 0x00, 0x00, 0x00, 0x00, 0x00, 0x00, 0x00, 
    0x00, 0x00, 0x00, 0x00, 0x00, 0x00, 0x00, 0x00, 0x00, 0x00, 0x00, 0x00, 0x00, 0x00, 0x00, 0x00, 
    0x00, 0x00, 0x00, 0x00, 0x00, 0x00, 0x00, 0x00, 0x00, 0x01, 0xE0, 0x3C, 0x07, 0x80, 0xF0, 0x00, 
    0x00, 0x00, 0xC0, 0x18, 0x03, 0x80, 0x70, 0x00, 0x00, 0x00, 0x00, 0x00, 0x00, 0x00, 0x00, 0x00, 
    0x00, 0x00, 0x00, 0x00, 0x00, 0x00, 0x00, 0x00, 0x00, 0x00, 0x00, 0x00, 0x00, 0x00, 0x00, 0x00, 
    0x00, 0x00, 0x00, 0x00, 0x00, 0x00, 0x00, 0x00, 0x00, 0x00, 0x00, 0x00, 0x00, 0x00, 0x00, 0x00, 
    0x00, 0x00, 0x00, 0x00, 0x00, 0x00, 0x00, 0x00, 0x00, 0x00, 0x00, 0x00, 0x00, 0x00, 0x00, 0x00, 
    0x00, 0x00, 0x00, 0x00, 0x00, 0x00, 0x00, 0x00, 0x00, 0x00, 0x00, 0x00, 0x00, 0x00, 0x00, 0x00, 
    0x00, 0x00, 0x00, 0x00, 0x00, 0x00, 0x00, 0x00, 0x00, 0x00, 0x00, 0x00, 0x00, 0x00, 0x00, 0x00, 
      },
  {
    0x00, 0x00, 0x00, 0x00, 0x00, 0x00, 0x00, 0x00, 0x00, 0x00, 0x00, 0x00, 0x00, 0x00, 0x00, 0x00, 
    0x00, 0x00, 0x00, 0x00, 0x00, 0x00, 0x00, 0x00, 0x00, 0x00, 0x00, 0x00, 0x00, 0x00, 0x00, 0x00, 
    0x00, 0x00, 0x00, 0x00, 0x00, 0x00, 0x00, 0x00, 0x00, 0x00, 0x00, 0x00, 0x00, 0x00, 0x00, 0x00, 
    0x00, 0x00, 0x00, 0x00, 0x00, 0x00, 0x00, 0x00, 0x00, 0x00, 0x00, 0x00, 0x00, 0x00, 0x00, 0x00, 
    0x00, 0x00, 0x00, 0x00, 0x00, 0x00, 0x00, 0x00, 0x00, 0x00, 0x00, 0x00, 0x00, 0x00, 0x00, 0x00, 
    0x00, 0x00, 0x00, 0x00, 0x00, 0x00, 0x00, 0x00, 0x00, 0x80, 0x00, 0x00, 0x00, 0x00, 0x00, 0x00, 
    0x01, 0x80, 0x00, 0x00, 0x00, 0x00, 0x60, 0x00, 0x01, 0x80, 0x00, 0x00, 0x00, 0x01, 0xF8, 0x00, 
    0x01, 0x80, 0x00, 0x00, 0x00, 0x01, 0xDC, 0x00, 0x01, 0x80, 0x00, 0x00, 0x00, 0x03, 0x0C, 0x00, 
    0x01, 0x80, 0x00, 0x00, 0x00, 0x03, 0x0C, 0x00, 0x01, 0x80, 0x00, 0x00, 0x07, 0x87, 0x0C, 0x00, 
    0x01, 0x80, 0x00, 0x00, 0x0F, 0xDF, 0x9C, 0x00, 0x01, 0x80, 0x00, 0x00, 0x1C, 0xFD, 0xF8, 0x00, 
    0x01, 0x80, 0x00, 0x00, 0x18, 0x70, 0x70, 0x00, 0x01, 0x81, 0xE0, 0x00, 0x18, 0x60, 0x00, 0x00, 
    0x01, 0x83, 0xF0, 0x00, 0x18, 0x60, 0x00, 0x00, 0x01, 0x87, 0x38, 0x00, 0x1F, 0xE0, 0x00, 0x00, 
    0x01, 0x86, 0x18, 0x00, 0x3F, 0xC0, 0x00, 0x00, 0x01, 0x86, 0x18, 0x00, 0x73, 0x00, 0x00, 0x00, 
    0x01, 0x86, 0x18, 0x00, 0xE0, 0x00, 0x00, 0x00, 0x01, 0x83, 0xFE, 0x19, 0xC0, 0x00, 0x00, 0x00, 
    0x01, 0x81, 0xE7, 0xFF, 0x80, 0x00, 0x00, 0x00, 0x01, 0x80, 0xC3, 0xF7, 0x00, 0x00, 0x00, 0x00, 
    0x01, 0x80, 0x00, 0xC3, 0x00, 0x00, 0x00, 0x00, 0x01, 0x80, 0x00, 0xC3, 0x00, 0x00, 0x00, 0x00, 
    0x01, 0x80, 0x00, 0xC3, 0x00, 0x00, 0x00, 0x00, 0x01, 0x80, 0x00, 0xE7, 0x00, 0x00, 0x00, 0x00, 
    0x01, 0x80, 0x00, 0x7E, 0x00, 0x00, 0x00, 0x00, 0x01, 0x80, 0x00, 0x1C, 0x00, 0x00, 0x00, 0x00, 
    0x01, 0x80, 0x00, 0x00, 0x00, 0x00, 0x00, 0x00, 0x01, 0x80, 0x00, 0x00, 0x00, 0x00, 0x00, 0x00, 
    0x01, 0x80, 0x00, 0x00, 0x00, 0x00, 0x00, 0x00, 0x01, 0x80, 0x00, 0x00, 0x00, 0x00, 0x00, 0x00, 
    0x01, 0x80, 0x00, 0x00, 0x00, 0x00, 0x00, 0x00, 0x01, 0x80, 0x00, 0x00, 0x00, 0x00, 0x00, 0x00, 
    0x01, 0x80, 0x00, 0x00, 0x00, 0x00, 0x00, 0x00, 0x01, 0x80, 0x00, 0x00, 0x00, 0x00, 0x00, 0x00, 
    0x01, 0x80, 0x00, 0x00, 0x00, 0x00, 0x00, 0x00, 0x01, 0xFF, 0xFF, 0xFF, 0xFF, 0xFF, 0xFF, 0x00, 
    0x01, 0xFF, 0xFF, 0xFF, 0xFF, 0xFF, 0xFF, 0x80, 0x00, 0x00, 0x00, 0x00, 0x00, 0x00, 0x00, 0x00, 
    0x00, 0x00, 0x00, 0x00, 0x00, 0x00, 0x00, 0x00, 0x00, 0x00, 0x00, 0x00, 0x00, 0x00, 0x00, 0x00, 
    0x00, 0x00, 0x00, 0x00, 0x00, 0x00, 0x00, 0x00, 0x00, 0x01, 0xE0, 0x3C, 0x07, 0x80, 0xF0, 0x00, 
    0x00, 0x00, 0xC0, 0x18, 0x03, 0x80, 0x70, 0x00, 0x00, 0x00, 0x00, 0x00, 0x00, 0x00, 0x00, 0x00, 
    0x00, 0x00, 0x00, 0x00, 0x00, 0x00, 0x00, 0x00, 0x00, 0x00, 0x00, 0x00, 0x00, 0x00, 0x00, 0x00, 
    0x00, 0x00, 0x00, 0x00, 0x00, 0x00, 0x00, 0x00, 0x00, 0x00, 0x00, 0x00, 0x00, 0x00, 0x00, 0x00, 
    0x00, 0x00, 0x00, 0x00, 0x00, 0x00, 0x00, 0x00, 0x00, 0x00, 0x00, 0x00, 0x00, 0x00, 0x00, 0x00, 
    0x00, 0x00, 0x00, 0x00, 0x00, 0x00, 0x00, 0x00, 0x00, 0x00, 0x00, 0x00, 0x00, 0x00, 0x00, 0x00, 
    0x00, 0x00, 0x00, 0x00, 0x00, 0x00, 0x00, 0x00, 0x00, 0x00, 0x00, 0x00, 0x00, 0x00, 0x00, 0x00, 
      },
  {
    0x00, 0x00, 0x00, 0x00, 0x00, 0x00, 0x00, 0x00, 0x00, 0x00, 0x00, 0x00, 0x00, 0x00, 0x00, 0x00, 
    0x00, 0x00, 0x00, 0x00, 0x00, 0x00, 0x00, 0x00, 0x00, 0x00, 0x00, 0x00, 0x00, 0x00, 0x00, 0x00, 
    0x00, 0x00, 0x00, 0x00, 0x00, 0x00, 0x00, 0x00, 0x00, 0x00, 0x00, 0x00, 0x00, 0x00, 0x00, 0x00, 
    0x00, 0x00, 0x00, 0x00, 0x00, 0x00, 0x00, 0x00, 0x00, 0x00, 0x00, 0x00, 0x00, 0x00, 0x00, 0x00, 
    0x00, 0x00, 0x00, 0x00, 0x00, 0x00, 0x00, 0x00, 0x00, 0x00, 0x00, 0x00, 0x00, 0x00, 0x00, 0x00, 
    0x00, 0x00, 0x00, 0x00, 0x00, 0x00, 0x00, 0x00, 0x00, 0x80, 0x00, 0x00, 0x00, 0x00, 0x00, 0x00, 
    0x01, 0x80, 0x00, 0x00, 0x00, 0x00, 0x00, 0x00, 0x01, 0x80, 0x00, 0x00, 0x00, 0x00, 0xF0, 0x00, 
    0x01, 0x80, 0x00, 0x00, 0x00, 0x01, 0xF8, 0x00, 0x01, 0x80, 0x00, 0x00, 0x00, 0x03, 0x8C, 0x00, 
    0x01, 0x80, 0x00, 0x00, 0x00, 0x03, 0x0C, 0x00, 0x01, 0x80, 0x00, 0x00, 0x00, 0x03, 0x0C, 0x00, 
    0x01, 0x80, 0x00, 0x00, 0x07, 0xCF, 0x8C, 0x00, 0x01, 0x80, 0x00, 0x00, 0x0F, 0xFF, 0xFC, 0x00, 
    0x01, 0x80, 0x00, 0x00, 0x18, 0x78, 0xF8, 0x00, 0x01, 0x80, 0xC0, 0x00, 0x18, 0x60, 0x20, 0x00, 
    0x01, 0x83, 0xF0, 0x00, 0x18, 0x60, 0x00, 0x00, 0x01, 0x87, 0x38, 0x00, 0x1C, 0xE0, 0x00, 0x00, 
    0x01, 0x86, 0x18, 0x00, 0x3F, 0xC0, 0x00, 0x00, 0x01, 0x86, 0x18, 0x00, 0x7F, 0x80, 0x00, 0x00, 
    0x01, 0x86, 0x18, 0x00, 0xE0, 0x00, 0x00, 0x00, 0x01, 0x87, 0x3E, 0x3F, 0xC0, 0x00, 0x00, 0x00, 
    0x01, 0x83, 0xFF, 0xFF, 0x00, 0x00, 0x00, 0x00, 0x01, 0x80, 0xC1, 0xE7, 0x00, 0x00, 0x00, 0x00, 
    0x01, 0x80, 0x00, 0xC3, 0x00, 0x00, 0x00, 0x00, 0x01, 0x80, 0x00, 0xC3, 0x00, 0x00, 0x00, 0x00, 
    0x01, 0x80, 0x00, 0xE3, 0x00, 0x00, 0x00, 0x00, 0x01, 0x80, 0x00, 0x7E, 0x00, 0x00, 0x00, 0x00, 
    0x01, 0x80, 0x00, 0x3C, 0x00, 0x00, 0x00, 0x00, 0x01, 0x80, 0x00, 0x08, 0x00, 0x00, 0x00, 0x00, 
    0x01, 0x80, 0x00, 0x00, 0x00, 0x00, 0x00, 0x00, 0x01, 0x80, 0x00, 0x00, 0x00, 0x00, 0x00, 0x00, 
    0x01, 0x80, 0x00, 0x00, 0x00, 0x00, 0x00, 0x00, 0x01, 0x80, 0x00, 0x00, 0x00, 0x00, 0x00, 0x00, 
    0x01, 0x80, 0x00, 0x00, 0x00, 0x00, 0x00, 0x00, 0x01, 0x80, 0x00, 0x00, 0x00, 0x00, 0x00, 0x00, 
    0x01, 0x80, 0x00, 0x00, 0x00, 0x00, 0x00, 0x00, 0x01, 0x80, 0x00, 0x00, 0x00, 0x00, 0x00, 0x00, 
    0x01, 0x80, 0x00, 0x00, 0x00, 0x00, 0x00, 0x00, 0x01, 0xFF, 0xFF, 0xFF, 0xFF, 0xFF, 0xFF, 0x00, 
    0x01, 0xFF, 0xFF, 0xFF, 0xFF, 0xFF, 0xFF, 0x80, 0x00, 0x00, 0x00, 0x00, 0x00, 0x00, 0x00, 0x00, 
    0x00, 0x00, 0x00, 0x00, 0x00, 0x00, 0x00, 0x00, 0x00, 0x00, 0x00, 0x00, 0x00, 0x00, 0x00, 0x00, 
    0x00, 0x00, 0x00, 0x00, 0x00, 0x00, 0x00, 0x00, 0x00, 0x01, 0xE0, 0x3C, 0x07, 0x80, 0xF0, 0x00, 
    0x00, 0x00, 0xC0, 0x18, 0x03, 0x80, 0x70, 0x00, 0x00, 0x00, 0x00, 0x00, 0x00, 0x00, 0x00, 0x00, 
    0x00, 0x00, 0x00, 0x00, 0x00, 0x00, 0x00, 0x00, 0x00, 0x00, 0x00, 0x00, 0x00, 0x00, 0x00, 0x00, 
    0x00, 0x00, 0x00, 0x00, 0x00, 0x00, 0x00, 0x00, 0x00, 0x00, 0x00, 0x00, 0x00, 0x00, 0x00, 0x00, 
    0x00, 0x00, 0x00, 0x00, 0x00, 0x00, 0x00, 0x00, 0x00, 0x00, 0x00, 0x00, 0x00, 0x00, 0x00, 0x00, 
    0x00, 0x00, 0x00, 0x00, 0x00, 0x00, 0x00, 0x00, 0x00, 0x00, 0x00, 0x00, 0x00, 0x00, 0x00, 0x00, 
    0x00, 0x00, 0x00, 0x00, 0x00, 0x00, 0x00, 0x00, 0x00, 0x00, 0x00, 0x00, 0x00, 0x00, 0x00, 0x00, 
      },
  {
    0x00, 0x00, 0x00, 0x00, 0x00, 0x00, 0x00, 0x00, 0x00, 0x00, 0x00, 0x00, 0x00, 0x00, 0x00, 0x00, 
    0x00, 0x00, 0x00, 0x00, 0x00, 0x00, 0x00, 0x00, 0x00, 0x00, 0x00, 0x00, 0x00, 0x00, 0x00, 0x00, 
    0x00, 0x00, 0x00, 0x00, 0x00, 0x00, 0x00, 0x00, 0x00, 0x00, 0x00, 0x00, 0x00, 0x00, 0x00, 0x00, 
    0x00, 0x00, 0x00, 0x00, 0x00, 0x00, 0x00, 0x00, 0x00, 0x00, 0x00, 0x00, 0x00, 0x00, 0x00, 0x00, 
    0x00, 0x00, 0x00, 0x00, 0x00, 0x00, 0x00, 0x00, 0x00, 0x00, 0x00, 0x00, 0x00, 0x00, 0x00, 0x00, 
    0x00, 0x00, 0x00, 0x00, 0x00, 0x00, 0x00, 0x00, 0x00, 0x80, 0x00, 0x00, 0x00, 0x00, 0x00, 0x00, 
    0x01, 0x80, 0x00, 0x00, 0x00, 0x00, 0x00, 0x00, 0x01, 0x80, 0x00, 0x00, 0x00, 0x00, 0x00, 0x00, 
    0x01, 0x80, 0x00, 0x00, 0x00, 0x00, 0xF0, 0x00, 0x01, 0x80, 0x00, 0x00, 0x00, 0x01, 0xF8, 0x00, 
    0x01, 0x80, 0x00, 0x00, 0x00, 0x03, 0x9C, 0x00, 0x01, 0x80, 0x00, 0x00, 0x00, 0x03, 0x0C, 0x00, 
    0x01, 0x80, 0x00, 0x00, 0x00, 0x03, 0x0C, 0x00, 0x01, 0x80, 0x00, 0x00, 0x07, 0xCF, 0x8C, 0x00, 
    0x01, 0x80, 0x00, 0x00, 0x0F, 0xFF, 0xFC, 0x00, 0x01, 0x80, 0x00, 0x00, 0x18, 0x78, 0xF8, 0x00, 
    0x01, 0x81, 0xE0, 0x00, 0x18, 0x60, 0x20, 0x00, 0x01, 0x83, 0xF0, 0x00, 0x18, 0x60, 0x00, 0x00, 
    0x01, 0x87, 0x38, 0x00, 0x1C, 0xE0, 0x00, 0x00, 0x01, 0x86, 0x18, 0x00, 0x7F, 0xC0, 0x00, 0x00, 
    0x01, 0x86, 0x18, 0x3F, 0xF7, 0x80, 0x00, 0x00, 0x01, 0x86, 0x1F, 0xFF, 0xC0, 0x00, 0x00, 0x00, 
    0x01, 0x87, 0xFF, 0xE3, 0x00, 0x00, 0x00, 0x00, 0x01, 0x83, 0xF0, 0xC3, 0x00, 0x00, 0x00, 0x00, 
    0x01, 0x80, 0xC0, 0xC3, 0x00, 0x00, 0x00, 0x00, 0x01, 0x80, 0x00, 0xE3, 0x00, 0x00, 0x00, 0x00, 
    0x01, 0x80, 0x00, 0x7E, 0x00, 0x00, 0x00, 0x00, 0x01, 0x80, 0x00, 0x3C, 0x00, 0x00, 0x00, 0x00, 
    0x01, 0x80, 0x00, 0x00, 0x00, 0x00, 0x00, 0x00, 0x01, 0x80, 0x00, 0x00, 0x00, 0x00, 0x00, 0x00, 
    0x01, 0x80, 0x00, 0x00, 0x00, 0x00, 0x00, 0x00, 0x01, 0x80, 0x00, 0x00, 0x00, 0x00, 0x00, 0x00, 
    0x01, 0x80, 0x00, 0x00, 0x00, 0x00, 0x00, 0x00, 0x01, 0x80, 0x00, 0x00, 0x00, 0x00, 0x00, 0x00, 
    0x01, 0x80, 0x00, 0x00, 0x00, 0x00, 0x00, 0x00, 0x01, 0x80, 0x00, 0x00, 0x00, 0x00, 0x00, 0x00, 
    0x01, 0x80, 0x00, 0x00, 0x00, 0x00, 0x00, 0x00, 0x01, 0x80, 0x00, 0x00, 0x00, 0x00, 0x00, 0x00, 
    0x01, 0x80, 0x00, 0x00, 0x00, 0x00, 0x00, 0x00, 0x01, 0xFF, 0xFF, 0xFF, 0xFF, 0xFF, 0xFF, 0x00, 
    0x01, 0xFF, 0xFF, 0xFF, 0xFF, 0xFF, 0xFF, 0x80, 0x00, 0x00, 0x00, 0x00, 0x00, 0x00, 0x00, 0x00, 
    0x00, 0x00, 0x00, 0x00, 0x00, 0x00, 0x00, 0x00, 0x00, 0x00, 0x00, 0x00, 0x00, 0x00, 0x00, 0x00, 
    0x00, 0x00, 0x00, 0x00, 0x00, 0x00, 0x00, 0x00, 0x00, 0x01, 0xE0, 0x3C, 0x07, 0x80, 0xF0, 0x00, 
    0x00, 0x00, 0xC0, 0x18, 0x03, 0x80, 0x70, 0x00, 0x00, 0x00, 0x00, 0x00, 0x00, 0x00, 0x00, 0x00, 
    0x00, 0x00, 0x00, 0x00, 0x00, 0x00, 0x00, 0x00, 0x00, 0x00, 0x00, 0x00, 0x00, 0x00, 0x00, 0x00, 
    0x00, 0x00, 0x00, 0x00, 0x00, 0x00, 0x00, 0x00, 0x00, 0x00, 0x00, 0x00, 0x00, 0x00, 0x00, 0x00, 
    0x00, 0x00, 0x00, 0x00, 0x00, 0x00, 0x00, 0x00, 0x00, 0x00, 0x00, 0x00, 0x00, 0x00, 0x00, 0x00, 
    0x00, 0x00, 0x00, 0x00, 0x00, 0x00, 0x00, 0x00, 0x00, 0x00, 0x00, 0x00, 0x00, 0x00, 0x00, 0x00, 
    0x00, 0x00, 0x00, 0x00, 0x00, 0x00, 0x00, 0x00, 0x00, 0x00, 0x00, 0x00, 0x00, 0x00, 0x00, 0x00, 
      },
  {
    0x00, 0x00, 0x00, 0x00, 0x00, 0x00, 0x00, 0x00, 0x00, 0x00, 0x00, 0x00, 0x00, 0x00, 0x00, 0x00, 
    0x00, 0x00, 0x00, 0x00, 0x00, 0x00, 0x00, 0x00, 0x00, 0x00, 0x00, 0x00, 0x00, 0x00, 0x00, 0x00, 
    0x00, 0x00, 0x00, 0x00, 0x00, 0x00, 0x00, 0x00, 0x00, 0x00, 0x00, 0x00, 0x00, 0x00, 0x00, 0x00, 
    0x00, 0x00, 0x00, 0x00, 0x00, 0x00, 0x00, 0x00, 0x00, 0x00, 0x00, 0x00, 0x00, 0x00, 0x00, 0x00, 
    0x00, 0x00, 0x00, 0x00, 0x00, 0x00, 0x00, 0x00, 0x00, 0x00, 0x00, 0x00, 0x00, 0x00, 0x00, 0x00, 
    0x00, 0x00, 0x00, 0x00, 0x00, 0x00, 0x00, 0x00, 0x00, 0x80, 0x00, 0x00, 0x00, 0x00, 0x00, 0x00, 
    0x01, 0x80, 0x00, 0x00, 0x00, 0x00, 0x00, 0x00, 0x01, 0x80, 0x00, 0x00, 0x00, 0x00, 0x00, 0x00, 
    0x01, 0x80, 0x00, 0x00, 0x00, 0x00, 0x00, 0x00, 0x01, 0x80, 0x00, 0x00, 0x00, 0x00, 0xF8, 0x00, 
    0x01, 0x80, 0x00, 0x00, 0x00, 0x01, 0xFC, 0x00, 0x01, 0x80, 0x00, 0x00, 0x00, 0x03, 0x0C, 0x00, 
    0x01, 0x80, 0x00, 0x00, 0x00, 0x03, 0x0C, 0x00, 0x01, 0x80, 0x00, 0x00, 0x07, 0x83, 0x0C, 0x00, 
    0x01, 0x80, 0x00, 0x00, 0x0F, 0xDF, 0x9C, 0x00, 0x01, 0x80, 0x00, 0x00, 0x1C, 0xFD, 0xF8, 0x00, 
    0x01, 0x80, 0xC0, 0x00, 0x18, 0x70, 0xF0, 0x00, 0x01, 0x83, 0xF0, 0x00, 0x18, 0x60, 0x00, 0x00, 
    0x01, 0x87, 0xF8, 0x00, 0x18, 0x60, 0x00, 0x00, 0x01, 0x86, 0x18, 0x18, 0x7F, 0xE0, 0x00, 0x00, 
    0x01, 0x86, 0x18, 0x7F, 0xFF, 0xC0, 0x00, 0x00, 0x01, 0x86, 0x1F, 0xE7, 0x83, 0x00, 0x00, 0x00, 
    0x01, 0x87, 0x3F, 0xC3, 0x00, 0x00, 0x00, 0x00, 0x01, 0x83, 0xF0, 0xC3, 0x00, 0x00, 0x00, 0x00, 
    0x01, 0x81, 0xE0, 0xC3, 0x00, 0x00, 0x00, 0x00, 0x01, 0x80, 0x00, 0xF7, 0x00, 0x00, 0x00, 0x00, 
    0x01, 0x80, 0x00, 0x7E, 0x00, 0x00, 0x00, 0x00, 0x01, 0x80, 0x00, 0x18, 0x00, 0x00, 0x00, 0x00, 
    0x01, 0x80, 0x00, 0x00, 0x00, 0x00, 0x00, 0x00, 0x01, 0x80, 0x00, 0x00, 0x00, 0x00, 0x00, 0x00, 
    0x01, 0x80, 0x00, 0x00, 0x00, 0x00, 0x00, 0x00, 0x01, 0x80, 0x00, 0x00, 0x00, 0x00, 0x00, 0x00, 
    0x01, 0x80, 0x00, 0x00, 0x00, 0x00, 0x00, 0x00, 0x01, 0x80, 0x00, 0x00, 0x00, 0x00, 0x00, 0x00, 
    0x01, 0x80, 0x00, 0x00, 0x00, 0x00, 0x00, 0x00, 0x01, 0x80, 0x00, 0x00, 0x00, 0x00, 0x00, 0x00, 
    0x01, 0x80, 0x00, 0x00, 0x00, 0x00, 0x00, 0x00, 0x01, 0x80, 0x00, 0x00, 0x00, 0x00, 0x00, 0x00, 
    0x01, 0x80, 0x00, 0x00, 0x00, 0x00, 0x00, 0x00, 0x01, 0xFF, 0xFF, 0xFF, 0xFF, 0xFF, 0xFF, 0x00, 
    0x01, 0xFF, 0xFF, 0xFF, 0xFF, 0xFF, 0xFF, 0x80, 0x00, 0x00, 0x00, 0x00, 0x00, 0x00, 0x00, 0x00, 
    0x00, 0x00, 0x00, 0x00, 0x00, 0x00, 0x00, 0x00, 0x00, 0x00, 0x00, 0x00, 0x00, 0x00, 0x00, 0x00, 
    0x00, 0x00, 0x00, 0x00, 0x00, 0x00, 0x00, 0x00, 0x00, 0x01, 0xE0, 0x3C, 0x07, 0x80, 0xF0, 0x00, 
    0x00, 0x00, 0xC0, 0x18, 0x03, 0x80, 0x70, 0x00, 0x00, 0x00, 0x00, 0x00, 0x00, 0x00, 0x00, 0x00, 
    0x00, 0x00, 0x00, 0x00, 0x00, 0x00, 0x00, 0x00, 0x00, 0x00, 0x00, 0x00, 0x00, 0x00, 0x00, 0x00, 
    0x00, 0x00, 0x00, 0x00, 0x00, 0x00, 0x00, 0x00, 0x00, 0x00, 0x00, 0x00, 0x00, 0x00, 0x00, 0x00, 
    0x00, 0x00, 0x00, 0x00, 0x00, 0x00, 0x00, 0x00, 0x00, 0x00, 0x00, 0x00, 0x00, 0x00, 0x00, 0x00, 
    0x00, 0x00, 0x00, 0x00, 0x00, 0x00, 0x00, 0x00, 0x00, 0x00, 0x00, 0x00, 0x00, 0x00, 0x00, 0x00, 
    0x00, 0x00, 0x00, 0x00, 0x00, 0x00, 0x00, 0x00, 0x00, 0x00, 0x00, 0x00, 0x00, 0x00, 0x00, 0x00, 
      },
  {
    0x00, 0x00, 0x00, 0x00, 0x00, 0x00, 0x00, 0x00, 0x00, 0x00, 0x00, 0x00, 0x00, 0x00, 0x00, 0x00, 
    0x00, 0x00, 0x00, 0x00, 0x00, 0x00, 0x00, 0x00, 0x00, 0x00, 0x00, 0x00, 0x00, 0x00, 0x00, 0x00, 
    0x00, 0x00, 0x00, 0x00, 0x00, 0x00, 0x00, 0x00, 0x00, 0x00, 0x00, 0x00, 0x00, 0x00, 0x00, 0x00, 
    0x00, 0x00, 0x00, 0x00, 0x00, 0x00, 0x00, 0x00, 0x00, 0x00, 0x00, 0x00, 0x00, 0x00, 0x00, 0x00, 
    0x00, 0x00, 0x00, 0x00, 0x00, 0x00, 0x00, 0x00, 0x00, 0x00, 0x00, 0x00, 0x00, 0x00, 0x00, 0x00, 
    0x00, 0x00, 0x00, 0x00, 0x00, 0x00, 0x00, 0x00, 0x00, 0x80, 0x00, 0x00, 0x00, 0x00, 0x00, 0x00, 
    0x01, 0x80, 0x00, 0x00, 0x00, 0x00, 0x00, 0x00, 0x01, 0x80, 0x00, 0x00, 0x00, 0x00, 0x00, 0x00, 
    0x01, 0x80, 0x00, 0x00, 0x00, 0x00, 0x00, 0x00, 0x01, 0x80, 0x00, 0x00, 0x00, 0x00, 0x00, 0x00, 
    0x01, 0x80, 0x00, 0x00, 0x00, 0x00, 0xF0, 0x00, 0x01, 0x80, 0x00, 0x00, 0x00, 0x01, 0xF8, 0x00, 
    0x01, 0x80, 0x00, 0x00, 0x00, 0x03, 0x9C, 0x00, 0x01, 0x80, 0x00, 0x00, 0x00, 0x03, 0x0C, 0x00, 
    0x01, 0x80, 0x00, 0x00, 0x00, 0x03, 0x0C, 0x00, 0x01, 0x80, 0x00, 0x00, 0x07, 0xCF, 0x8C, 0x00, 
    0x01, 0x80, 0x00, 0x00, 0x0F, 0xFF, 0xFC, 0x00, 0x01, 0x80, 0x00, 0x00, 0x18, 0x78, 0xF8, 0x00, 
    0x01, 0x83, 0xF0, 0x3E, 0x18, 0x60, 0x60, 0x00, 0x01, 0x87, 0xF8, 0xFF, 0xF8, 0x60, 0x00, 0x00, 
    0x01, 0x86, 0x19, 0xC3, 0xFC, 0xE0, 0x00, 0x00, 0x01, 0x86, 0x1F, 0xC3, 0x3F, 0xC0, 0x00, 0x00, 
    0x01, 0x86, 0x1E, 0xC3, 0x07, 0x80, 0x00, 0x00, 0x01, 0x87, 0x3C, 0xE7, 0x00, 0x00, 0x00, 0x00, 
    0x01, 0x83, 0xF0, 0x7E, 0x00, 0x00, 0x00, 0x00, 0x01, 0x81, 0xE0, 0x3C, 0x00, 0x00, 0x00, 0x00, 
    0x01, 0x80, 0x00, 0x00, 0x00, 0x00, 0x00, 0x00, 0x01, 0x80, 0x00, 0x00, 0x00, 0x00, 0x00, 0x00, 
    0x01, 0x80, 0x00, 0x00, 0x00, 0x00, 0x00, 0x00, 0x01, 0x80, 0x00, 0x00, 0x00, 0x00, 0x00, 0x00, 
    0x01, 0x80, 0x00, 0x00, 0x00, 0x00, 0x00, 0x00, 0x01, 0x80, 0x00, 0x00, 0x00, 0x00, 0x00, 0x00, 
    0x01, 0x80, 0x00, 0x00, 0x00, 0x00, 0x00, 0x00, 0x01, 0x80, 0x00, 0x00, 0x00, 0x00, 0x00, 0x00, 
    0x01, 0x80, 0x00, 0x00, 0x00, 0x00, 0x00, 0x00, 0x01, 0x80, 0x00, 0x00, 0x00, 0x00, 0x00, 0x00, 
    0x01, 0x80, 0x00, 0x00, 0x00, 0x00, 0x00, 0x00, 0x01, 0x80, 0x00, 0x00, 0x00, 0x00, 0x00, 0x00, 
    0x01, 0x80, 0x00, 0x00, 0x00, 0x00, 0x00, 0x00, 0x01, 0xFF, 0xFF, 0xFF, 0xFF, 0xFF, 0xFF, 0x00, 
    0x01, 0xFF, 0xFF, 0xFF, 0xFF, 0xFF, 0xFF, 0x80, 0x00, 0x00, 0x00, 0x00, 0x00, 0x00, 0x00, 0x00, 
    0x00, 0x00, 0x00, 0x00, 0x00, 0x00, 0x00, 0x00, 0x00, 0x00, 0x00, 0x00, 0x00, 0x00, 0x00, 0x00, 
    0x00, 0x00, 0x00, 0x00, 0x00, 0x00, 0x00, 0x00, 0x00, 0x01, 0xE0, 0x3C, 0x07, 0x80, 0xF0, 0x00, 
    0x00, 0x00, 0xC0, 0x18, 0x03, 0x80, 0x70, 0x00, 0x00, 0x00, 0x00, 0x00, 0x00, 0x00, 0x00, 0x00, 
    0x00, 0x00, 0x00, 0x00, 0x00, 0x00, 0x00, 0x00, 0x00, 0x00, 0x00, 0x00, 0x00, 0x00, 0x00, 0x00, 
    0x00, 0x00, 0x00, 0x00, 0x00, 0x00, 0x00, 0x00, 0x00, 0x00, 0x00, 0x00, 0x00, 0x00, 0x00, 0x00, 
    0x00, 0x00, 0x00, 0x00, 0x00, 0x00, 0x00, 0x00, 0x00, 0x00, 0x00, 0x00, 0x00, 0x00, 0x00, 0x00, 
    0x00, 0x00, 0x00, 0x00, 0x00, 0x00, 0x00, 0x00, 0x00, 0x00, 0x00, 0x00, 0x00, 0x00, 0x00, 0x00, 
    0x00, 0x00, 0x00, 0x00, 0x00, 0x00, 0x00, 0x00, 0x00, 0x00, 0x00, 0x00, 0x00, 0x00, 0x00, 0x00, 
      },
  {
    0x00, 0x00, 0x00, 0x00, 0x00, 0x00, 0x00, 0x00, 0x00, 0x00, 0x00, 0x00, 0x00, 0x00, 0x00, 0x00, 
    0x00, 0x00, 0x00, 0x00, 0x00, 0x00, 0x00, 0x00, 0x00, 0x00, 0x00, 0x00, 0x00, 0x00, 0x00, 0x00, 
    0x00, 0x00, 0x00, 0x00, 0x00, 0x00, 0x00, 0x00, 0x00, 0x00, 0x00, 0x00, 0x00, 0x00, 0x00, 0x00, 
    0x00, 0x00, 0x00, 0x00, 0x00, 0x00, 0x00, 0x00, 0x00, 0x00, 0x00, 0x00, 0x00, 0x00, 0x00, 0x00, 
    0x00, 0x00, 0x00, 0x00, 0x00, 0x00, 0x00, 0x00, 0x00, 0x00, 0x00, 0x00, 0x00, 0x00, 0x00, 0x00, 
    0x00, 0x00, 0x00, 0x00, 0x00, 0x00, 0x00, 0x00, 0x00, 0x80, 0x00, 0x00, 0x00, 0x00, 0x00, 0x00, 
    0x01, 0x80, 0x00, 0x00, 0x00, 0x00, 0x00, 0x00, 0x01, 0x80, 0x00, 0x00, 0x00, 0x00, 0x00, 0x00, 
    0x01, 0x80, 0x00, 0x00, 0x00, 0x00, 0x00, 0x00, 0x01, 0x80, 0x00, 0x00, 0x00, 0x00, 0x00, 0x00, 
    0x01, 0x80, 0x00, 0x00, 0x00, 0x00, 0x00, 0x00, 0x01, 0x80, 0x00, 0x00, 0x00, 0x00, 0x70, 0x00, 
    0x01, 0x80, 0x00, 0x00, 0x00, 0x01, 0xF8, 0x00, 0x01, 0x80, 0x00, 0x00, 0x00, 0x03, 0x9C, 0x00, 
    0x01, 0x80, 0x00, 0x00, 0x00, 0x03, 0x0C, 0x00, 0x01, 0x80, 0x00, 0x00, 0x00, 0x03, 0x0C, 0x00, 
    0x01, 0x80, 0x00, 0x00, 0x07, 0xC7, 0x0C, 0x00, 0x01, 0x80, 0x00, 0x7E, 0x0F, 0xFF, 0xFC, 0x00, 
    0x01, 0x80, 0xC0, 0xFF, 0x18, 0x78, 0xF8, 0x00, 0x01, 0x83, 0xF1, 0xC3, 0xD8, 0x60, 0x60, 0x00, 
    0x01, 0x87, 0x3B, 0xC3, 0xF8, 0x60, 0x00, 0x00, 0x01, 0x86, 0x1F, 0xC3, 0x3C, 0xE0, 0x00, 0x00, 
    0x01, 0x86, 0x1E, 0xE7, 0x0F, 0xC0, 0x00, 0x00, 0x01, 0x86, 0x1C, 0x7E, 0x07, 0x80, 0x00, 0x00, 
    0x01, 0x87, 0x38, 0x3C, 0x00, 0x00, 0x00, 0x00, 0x01, 0x83, 0xF0, 0x00, 0x00, 0x00, 0x00, 0x00, 
    0x01, 0x80, 0xC0, 0x00, 0x00, 0x00, 0x00, 0x00, 0x01, 0x80, 0x00, 0x00, 0x00, 0x00, 0x00, 0x00, 
    0x01, 0x80, 0x00, 0x00, 0x00, 0x00, 0x00, 0x00, 0x01, 0x80, 0x00, 0x00, 0x00, 0x00, 0x00, 0x00, 
    0x01, 0x80, 0x00, 0x00, 0x00, 0x00, 0x00, 0x00, 0x01, 0x80, 0x00, 0x00, 0x00, 0x00, 0x00, 0x00, 
    0x01, 0x80, 0x00, 0x00, 0x00, 0x00, 0x00, 0x00, 0x01, 0x80, 0x00, 0x00, 0x00, 0x00, 0x00, 0x00, 
    0x01, 0x80, 0x00, 0x00, 0x00, 0x00, 0x00, 0x00, 0x01, 0x80, 0x00, 0x00, 0x00, 0x00, 0x00, 0x00, 
    0x01, 0x80, 0x00, 0x00, 0x00, 0x00, 0x00, 0x00, 0x01, 0x80, 0x00, 0x00, 0x00, 0x00, 0x00, 0x00, 
    0x01, 0x80, 0x00, 0x00, 0x00, 0x00, 0x00, 0x00, 0x01, 0xFF, 0xFF, 0xFF, 0xFF, 0xFF, 0xFF, 0x00, 
    0x01, 0xFF, 0xFF, 0xFF, 0xFF, 0xFF, 0xFF, 0x80, 0x00, 0x00, 0x00, 0x00, 0x00, 0x00, 0x00, 0x00, 
    0x00, 0x00, 0x00, 0x00, 0x00, 0x00, 0x00, 0x00, 0x00, 0x00, 0x00, 0x00, 0x00, 0x00, 0x00, 0x00, 
    0x00, 0x00, 0x00, 0x00, 0x00, 0x00, 0x00, 0x00, 0x00, 0x01, 0xE0, 0x3C, 0x07, 0x80, 0xF0, 0x00, 
    0x00, 0x00, 0xC0, 0x18, 0x03, 0x80, 0x70, 0x00, 0x00, 0x00, 0x00, 0x00, 0x00, 0x00, 0x00, 0x00, 
    0x00, 0x00, 0x00, 0x00, 0x00, 0x00, 0x00, 0x00, 0x00, 0x00, 0x00, 0x00, 0x00, 0x00, 0x00, 0x00, 
    0x00, 0x00, 0x00, 0x00, 0x00, 0x00, 0x00, 0x00, 0x00, 0x00, 0x00, 0x00, 0x00, 0x00, 0x00, 0x00, 
    0x00, 0x00, 0x00, 0x00, 0x00, 0x00, 0x00, 0x00, 0x00, 0x00, 0x00, 0x00, 0x00, 0x00, 0x00, 0x00, 
    0x00, 0x00, 0x00, 0x00, 0x00, 0x00, 0x00, 0x00, 0x00, 0x00, 0x00, 0x00, 0x00, 0x00, 0x00, 0x00, 
    0x00, 0x00, 0x00, 0x00, 0x00, 0x00, 0x00, 0x00, 0x00, 0x00, 0x00, 0x00, 0x00, 0x00, 0x00, 0x00, 
      },
  {
    0x00, 0x00, 0x00, 0x00, 0x00, 0x00, 0x00, 0x00, 0x00, 0x00, 0x00, 0x00, 0x00, 0x00, 0x00, 0x00, 
    0x00, 0x00, 0x00, 0x00, 0x00, 0x00, 0x00, 0x00, 0x00, 0x00, 0x00, 0x00, 0x00, 0x00, 0x00, 0x00, 
    0x00, 0x00, 0x00, 0x00, 0x00, 0x00, 0x00, 0x00, 0x00, 0x00, 0x00, 0x00, 0x00, 0x00, 0x00, 0x00, 
    0x00, 0x00, 0x00, 0x00, 0x00, 0x00, 0x00, 0x00, 0x00, 0x00, 0x00, 0x00, 0x00, 0x00, 0x00, 0x00, 
    0x00, 0x00, 0x00, 0x00, 0x00, 0x00, 0x00, 0x00, 0x00, 0x00, 0x00, 0x00, 0x00, 0x00, 0x00, 0x00, 
    0x00, 0x00, 0x00, 0x00, 0x00, 0x00, 0x00, 0x00, 0x00, 0x80, 0x00, 0x00, 0x00, 0x00, 0x00, 0x00, 
    0x01, 0x80, 0x00, 0x00, 0x00, 0x00, 0x00, 0x00, 0x01, 0x80, 0x00, 0x00, 0x00, 0x00, 0x00, 0x00, 
    0x01, 0x80, 0x00, 0x00, 0x00, 0x00, 0x00, 0x00, 0x01, 0x80, 0x00, 0x00, 0x00, 0x00, 0x00, 0x00, 
    0x01, 0x80, 0x00, 0x00, 0x00, 0x00, 0x00, 0x00, 0x01, 0x80, 0x00, 0x00, 0x00, 0x00, 0x00, 0x00, 
    0x01, 0x80, 0x00, 0x00, 0x00, 0x00, 0xF0, 0x00, 0x01, 0x80, 0x00, 0x00, 0x00, 0x01, 0xF8, 0x00, 
    0x01, 0x80, 0x00, 0x00, 0x00, 0x03, 0x9C, 0x00, 0x01, 0x80, 0x00, 0x00, 0x00, 0x03, 0x0C, 0x00, 
    0x01, 0x80, 0x00, 0x7E, 0x00, 0x03, 0x0C, 0x00, 0x01, 0x80, 0x00, 0xFF, 0x0F, 0xCF, 0x0C, 0x00, 
    0x01, 0x80, 0x00, 0xC3, 0x8F, 0xFF, 0xFC, 0x00, 0x01, 0x81, 0xE1, 0xC3, 0xD8, 0x78, 0xF8, 0x00, 
    0x01, 0x83, 0xF3, 0xC3, 0xF8, 0x60, 0x60, 0x00, 0x01, 0x87, 0x3F, 0xE7, 0x78, 0x60, 0x00, 0x00, 
    0x01, 0x86, 0x1E, 0x7E, 0x1C, 0xE0, 0x00, 0x00, 0x01, 0x86, 0x1C, 0x3C, 0x0F, 0xC0, 0x00, 0x00, 
    0x01, 0x86, 0x18, 0x00, 0x07, 0x80, 0x00, 0x00, 0x01, 0x83, 0xF0, 0x00, 0x00, 0x00, 0x00, 0x00, 
    0x01, 0x81, 0xE0, 0x00, 0x00, 0x00, 0x00, 0x00, 0x01, 0x80, 0xC0, 0x00, 0x00, 0x00, 0x00, 0x00, 
    0x01, 0x80, 0x00, 0x00, 0x00, 0x00, 0x00, 0x00, 0x01, 0x80, 0x00, 0x00, 0x00, 0x00, 0x00, 0x00, 
    0x01, 0x80, 0x00, 0x00, 0x00, 0x00, 0x00, 0x00, 0x01, 0x80, 0x00, 0x00, 0x00, 0x00, 0x00, 0x00, 
    0x01, 0x80, 0x00, 0x00, 0x00, 0x00, 0x00, 0x00, 0x01, 0x80, 0x00, 0x00, 0x00, 0x00, 0x00, 0x00, 
    0x01, 0x80, 0x00, 0x00, 0x00, 0x00, 0x00, 0x00, 0x01, 0x80, 0x00, 0x00, 0x00, 0x00, 0x00, 0x00, 
    0x01, 0x80, 0x00, 0x00, 0x00, 0x00, 0x00, 0x00, 0x01, 0x80, 0x00, 0x00, 0x00, 0x00, 0x00, 0x00, 
    0x01, 0x80, 0x00, 0x00, 0x00, 0x00, 0x00, 0x00, 0x01, 0xFF, 0xFF, 0xFF, 0xFF, 0xFF, 0xFF, 0x00, 
    0x01, 0xFF, 0xFF, 0xFF, 0xFF, 0xFF, 0xFF, 0x80, 0x00, 0x00, 0x00, 0x00, 0x00, 0x00, 0x00, 0x00, 
    0x00, 0x00, 0x00, 0x00, 0x00, 0x00, 0x00, 0x00, 0x00, 0x00, 0x00, 0x00, 0x00, 0x00, 0x00, 0x00, 
    0x00, 0x00, 0x00, 0x00, 0x00, 0x00, 0x00, 0x00, 0x00, 0x01, 0xE0, 0x3C, 0x07, 0x80, 0xF0, 0x00, 
    0x00, 0x00, 0xC0, 0x18, 0x03, 0x80, 0x70, 0x00, 0x00, 0x00, 0x00, 0x00, 0x00, 0x00, 0x00, 0x00, 
    0x00, 0x00, 0x00, 0x00, 0x00, 0x00, 0x00, 0x00, 0x00, 0x00, 0x00, 0x00, 0x00, 0x00, 0x00, 0x00, 
    0x00, 0x00, 0x00, 0x00, 0x00, 0x00, 0x00, 0x00, 0x00, 0x00, 0x00, 0x00, 0x00, 0x00, 0x00, 0x00, 
    0x00, 0x00, 0x00, 0x00, 0x00, 0x00, 0x00, 0x00, 0x00, 0x00, 0x00, 0x00, 0x00, 0x00, 0x00, 0x00, 
    0x00, 0x00, 0x00, 0x00, 0x00, 0x00, 0x00, 0x00, 0x00, 0x00, 0x00, 0x00, 0x00, 0x00, 0x00, 0x00, 
    0x00, 0x00, 0x00, 0x00, 0x00, 0x00, 0x00, 0x00, 0x00, 0x00, 0x00, 0x00, 0x00, 0x00, 0x00, 0x00, 
      },
  {
    0x00, 0x00, 0x00, 0x00, 0x00, 0x00, 0x00, 0x00, 0x00, 0x00, 0x00, 0x00, 0x00, 0x00, 0x00, 0x00, 
    0x00, 0x00, 0x00, 0x00, 0x00, 0x00, 0x00, 0x00, 0x00, 0x00, 0x00, 0x00, 0x00, 0x00, 0x00, 0x00, 
    0x00, 0x00, 0x00, 0x00, 0x00, 0x00, 0x00, 0x00, 0x00, 0x00, 0x00, 0x00, 0x00, 0x00, 0x00, 0x00, 
    0x00, 0x00, 0x00, 0x00, 0x00, 0x00, 0x00, 0x00, 0x00, 0x00, 0x00, 0x00, 0x00, 0x00, 0x00, 0x00, 
    0x00, 0x00, 0x00, 0x00, 0x00, 0x00, 0x00, 0x00, 0x00, 0x00, 0x00, 0x00, 0x00, 0x00, 0x00, 0x00, 
    0x00, 0x00, 0x00, 0x00, 0x00, 0x00, 0x00, 0x00, 0x00, 0x80, 0x00, 0x00, 0x00, 0x00, 0x00, 0x00, 
    0x01, 0x80, 0x00, 0x00, 0x00, 0x00, 0x00, 0x00, 0x01, 0x80, 0x00, 0x00, 0x00, 0x00, 0x00, 0x00, 
    0x01, 0x80, 0x00, 0x00, 0x00, 0x00, 0x00, 0x00, 0x01, 0x80, 0x00, 0x00, 0x00, 0x00, 0x00, 0x00, 
    0x01, 0x80, 0x00, 0x00, 0x00, 0x00, 0x00, 0x00, 0x01, 0x80, 0x00, 0x00, 0x00, 0x00, 0x00, 0x00, 
    0x01, 0x80, 0x00, 0x00, 0x00, 0x00, 0x00, 0x00, 0x01, 0x80, 0x00, 0x00, 0x00, 0x00, 0xF0, 0x00, 
    0x01, 0x80, 0x00, 0x00, 0x00, 0x01, 0xF8, 0x00, 0x01, 0x80, 0x00, 0x3C, 0x00, 0x03, 0x8C, 0x00, 
    0x01, 0x80, 0x00, 0x7F, 0x00, 0x03, 0x0C, 0x00, 0x01, 0x80, 0x00, 0xC3, 0x03, 0x03, 0x0C, 0x00, 
    0x01, 0x80, 0x01, 0xC3, 0x8F, 0xCF, 0x8C, 0x00, 0x01, 0x80, 0x01, 0xC3, 0xDC, 0xFF, 0xFC, 0x00, 
    0x01, 0x83, 0xF3, 0xE7, 0xF8, 0x70, 0xF8, 0x00, 0x01, 0x87, 0xFF, 0x7E, 0x78, 0x60, 0x20, 0x00, 
    0x01, 0x86, 0x1E, 0x3C, 0x38, 0x60, 0x00, 0x00, 0x01, 0x86, 0x1C, 0x00, 0x1C, 0xE0, 0x00, 0x00, 
    0x01, 0x86, 0x1C, 0x00, 0x0F, 0xC0, 0x00, 0x00, 0x01, 0x87, 0x38, 0x00, 0x03, 0x00, 0x00, 0x00, 
    0x01, 0x83, 0xF0, 0x00, 0x00, 0x00, 0x00, 0x00, 0x01, 0x81, 0xE0, 0x00, 0x00, 0x00, 0x00, 0x00, 
    0x01, 0x80, 0x00, 0x00, 0x00, 0x00, 0x00, 0x00, 0x01, 0x80, 0x00, 0x00, 0x00, 0x00, 0x00, 0x00, 
    0x01, 0x80, 0x00, 0x00, 0x00, 0x00, 0x00, 0x00, 0x01, 0x80, 0x00, 0x00, 0x00, 0x00, 0x00, 0x00, 
    0x01, 0x80, 0x00, 0x00, 0x00, 0x00, 0x00, 0x00, 0x01, 0x80, 0x00, 0x00, 0x00, 0x00, 0x00, 0x00, 
    0x01, 0x80, 0x00, 0x00, 0x00, 0x00, 0x00, 0x00, 0x01, 0x80, 0x00, 0x00, 0x00, 0x00, 0x00, 0x00, 
    0x01, 0x80, 0x00, 0x00, 0x00, 0x00, 0x00, 0x00, 0x01, 0x80, 0x00, 0x00, 0x00, 0x00, 0x00, 0x00, 
    0x01, 0x80, 0x00, 0x00, 0x00, 0x00, 0x00, 0x00, 0x01, 0xFF, 0xFF, 0xFF, 0xFF, 0xFF, 0xFF, 0x00, 
    0x01, 0xFF, 0xFF, 0xFF, 0xFF, 0xFF, 0xFF, 0x80, 0x00, 0x00, 0x00, 0x00, 0x00, 0x00, 0x00, 0x00, 
    0x00, 0x00, 0x00, 0x00, 0x00, 0x00, 0x00, 0x00, 0x00, 0x00, 0x00, 0x00, 0x00, 0x00, 0x00, 0x00, 
    0x00, 0x00, 0x00, 0x00, 0x00, 0x00, 0x00, 0x00, 0x00, 0x01, 0xE0, 0x3C, 0x07, 0x80, 0xF0, 0x00, 
    0x00, 0x00, 0xC0, 0x18, 0x03, 0x80, 0x70, 0x00, 0x00, 0x00, 0x00, 0x00, 0x00, 0x00, 0x00, 0x00, 
    0x00, 0x00, 0x00, 0x00, 0x00, 0x00, 0x00, 0x00, 0x00, 0x00, 0x00, 0x00, 0x00, 0x00, 0x00, 0x00, 
    0x00, 0x00, 0x00, 0x00, 0x00, 0x00, 0x00, 0x00, 0x00, 0x00, 0x00, 0x00, 0x00, 0x00, 0x00, 0x00, 
    0x00, 0x00, 0x00, 0x00, 0x00, 0x00, 0x00, 0x00, 0x00, 0x00, 0x00, 0x00, 0x00, 0x00, 0x00, 0x00, 
    0x00, 0x00, 0x00, 0x00, 0x00, 0x00, 0x00, 0x00, 0x00, 0x00, 0x00, 0x00, 0x00, 0x00, 0x00, 0x00, 
    0x00, 0x00, 0x00, 0x00, 0x00, 0x00, 0x00, 0x00, 0x00, 0x00, 0x00, 0x00, 0x00, 0x00, 0x00, 0x00, 
      },
  {
    0x00, 0x00, 0x00, 0x00, 0x00, 0x00, 0x00, 0x00, 0x00, 0x00, 0x00, 0x00, 0x00, 0x00, 0x00, 0x00, 
    0x00, 0x00, 0x00, 0x00, 0x00, 0x00, 0x00, 0x00, 0x00, 0x00, 0x00, 0x00, 0x00, 0x00, 0x00, 0x00, 
    0x00, 0x00, 0x00, 0x00, 0x00, 0x00, 0x00, 0x00, 0x00, 0x00, 0x00, 0x00, 0x00, 0x00, 0x00, 0x00, 
    0x00, 0x00, 0x00, 0x00, 0x00, 0x00, 0x00, 0x00, 0x00, 0x00, 0x00, 0x00, 0x00, 0x00, 0x00, 0x00, 
    0x00, 0x00, 0x00, 0x00, 0x00, 0x00, 0x00, 0x00, 0x00, 0x00, 0x00, 0x00, 0x00, 0x00, 0x00, 0x00, 
    0x00, 0x00, 0x00, 0x00, 0x00, 0x00, 0x00, 0x00, 0x00, 0x80, 0x00, 0x00, 0x00, 0x00, 0x00, 0x00, 
    0x01, 0x80, 0x00, 0x00, 0x00, 0x00, 0x00, 0x00, 0x01, 0x80, 0x00, 0x00, 0x00, 0x00, 0x00, 0x00, 
    0x01, 0x80, 0x00, 0x00, 0x00, 0x00, 0x00, 0x00, 0x01, 0x80, 0x00, 0x00, 0x00, 0x00, 0x00, 0x00, 
    0x01, 0x80, 0x00, 0x00, 0x00, 0x00, 0x00, 0x00, 0x01, 0x80, 0x00, 0x00, 0x00, 0x00, 0x00, 0x00, 
    0x01, 0x80, 0x00, 0x00, 0x00, 0x00, 0x00, 0x00, 0x01, 0x80, 0x00, 0x00, 0x00, 0x00, 0x70, 0x00, 
    0x01, 0x80, 0x00, 0x18, 0x00, 0x01, 0xF8, 0x00, 0x01, 0x80, 0x00, 0x7E, 0x00, 0x01, 0x9C, 0x00, 
    0x01, 0x80, 0x00, 0xE7, 0x00, 0x03, 0x0C, 0x00, 0x01, 0x80, 0x00, 0xC3, 0x80, 0x03, 0x0C, 0x00, 
    0x01, 0x80, 0x01, 0xC3, 0x87, 0xC7, 0x0C, 0x00, 0x01, 0x80, 0x03, 0xC3, 0xCF, 0xFF, 0xDC, 0x00, 
    0x01, 0x81, 0xE3, 0xE7, 0x78, 0x79, 0xF8, 0x00, 0x01, 0x83, 0xF7, 0x7E, 0x78, 0x60, 0x60, 0x00, 
    0x01, 0x87, 0x1E, 0x18, 0x38, 0x60, 0x00, 0x00, 0x01, 0x86, 0x1C, 0x00, 0x1C, 0xE0, 0x00, 0x00, 
    0x01, 0x86, 0x1C, 0x00, 0x0F, 0xC0, 0x00, 0x00, 0x01, 0x87, 0x38, 0x00, 0x07, 0x80, 0x00, 0x00, 
    0x01, 0x83, 0xF0, 0x00, 0x00, 0x00, 0x00, 0x00, 0x01, 0x81, 0xE0, 0x00, 0x00, 0x00, 0x00, 0x00, 
    0x01, 0x80, 0x00, 0x00, 0x00, 0x00, 0x00, 0x00, 0x01, 0x80, 0x00, 0x00, 0x00, 0x00, 0x00, 0x00, 
    0x01, 0x80, 0x00, 0x00, 0x00, 0x00, 0x00, 0x00, 0x01, 0x80, 0x00, 0x00, 0x00, 0x00, 0x00, 0x00, 
    0x01, 0x80, 0x00, 0x00, 0x00, 0x00, 0x00, 0x00, 0x01, 0x80, 0x00, 0x00, 0x00, 0x00, 0x00, 0x00, 
    0x01, 0x80, 0x00, 0x00, 0x00, 0x00, 0x00, 0x00, 0x01, 0x80, 0x00, 0x00, 0x00, 0x00, 0x00, 0x00, 
    0x01, 0x80, 0x00, 0x00, 0x00, 0x00, 0x00, 0x00, 0x01, 0x80, 0x00, 0x00, 0x00, 0x00, 0x00, 0x00, 
    0x01, 0x80, 0x00, 0x00, 0x00, 0x00, 0x00, 0x00, 0x01, 0xFF, 0xFF, 0xFF, 0xFF, 0xFF, 0xFF, 0x00, 
    0x01, 0xFF, 0xFF, 0xFF, 0xFF, 0xFF, 0xFF, 0x80, 0x00, 0x00, 0x00, 0x00, 0x00, 0x00, 0x00, 0x00, 
    0x00, 0x00, 0x00, 0x00, 0x00, 0x00, 0x00, 0x00, 0x00, 0x00, 0x00, 0x00, 0x00, 0x00, 0x00, 0x00, 
    0x00, 0x00, 0x00, 0x00, 0x00, 0x00, 0x00, 0x00, 0x00, 0x01, 0xE0, 0x3C, 0x07, 0x80, 0xF0, 0x00, 
    0x00, 0x00, 0xC0, 0x18, 0x03, 0x80, 0x70, 0x00, 0x00, 0x00, 0x00, 0x00, 0x00, 0x00, 0x00, 0x00, 
    0x00, 0x00, 0x00, 0x00, 0x00, 0x00, 0x00, 0x00, 0x00, 0x00, 0x00, 0x00, 0x00, 0x00, 0x00, 0x00, 
    0x00, 0x00, 0x00, 0x00, 0x00, 0x00, 0x00, 0x00, 0x00, 0x00, 0x00, 0x00, 0x00, 0x00, 0x00, 0x00, 
    0x00, 0x00, 0x00, 0x00, 0x00, 0x00, 0x00, 0x00, 0x00, 0x00, 0x00, 0x00, 0x00, 0x00, 0x00, 0x00, 
    0x00, 0x00, 0x00, 0x00, 0x00, 0x00, 0x00, 0x00, 0x00, 0x00, 0x00, 0x00, 0x00, 0x00, 0x00, 0x00, 
    0x00, 0x00, 0x00, 0x00, 0x00, 0x00, 0x00, 0x00, 0x00, 0x00, 0x00, 0x00, 0x00, 0x00, 0x00, 0x00, 
      },
  {
    0x00, 0x00, 0x00, 0x00, 0x00, 0x00, 0x00, 0x00, 0x00, 0x00, 0x00, 0x00, 0x00, 0x00, 0x00, 0x00, 
    0x00, 0x00, 0x00, 0x00, 0x00, 0x00, 0x00, 0x00, 0x00, 0x00, 0x00, 0x00, 0x00, 0x00, 0x00, 0x00, 
    0x00, 0x00, 0x00, 0x00, 0x00, 0x00, 0x00, 0x00, 0x00, 0x00, 0x00, 0x00, 0x00, 0x00, 0x00, 0x00, 
    0x00, 0x00, 0x00, 0x00, 0x00, 0x00, 0x00, 0x00, 0x00, 0x00, 0x00, 0x00, 0x00, 0x00, 0x00, 0x00, 
    0x00, 0x00, 0x00, 0x00, 0x00, 0x00, 0x00, 0x00, 0x00, 0x00, 0x00, 0x00, 0x00, 0x00, 0x00, 0x00, 
    0x00, 0x00, 0x00, 0x00, 0x00, 0x00, 0x00, 0x00, 0x00, 0x80, 0x00, 0x00, 0x00, 0x00, 0x00, 0x00, 
    0x01, 0x80, 0x00, 0x00, 0x00, 0x00, 0x00, 0x00, 0x01, 0x80, 0x00, 0x00, 0x00, 0x00, 0x00, 0x00, 
    0x01, 0x80, 0x00, 0x00, 0x00, 0x00, 0x00, 0x00, 0x01, 0x80, 0x00, 0x00, 0x00, 0x00, 0x00, 0x00, 
    0x01, 0x80, 0x00, 0x00, 0x00, 0x00, 0x00, 0x00, 0x01, 0x80, 0x00, 0x00, 0x00, 0x00, 0x00, 0x00, 
    0x01, 0x80, 0x00, 0x00, 0x00, 0x00, 0x00, 0x00, 0x01, 0x80, 0x00, 0x00, 0x00, 0x00, 0x00, 0x00, 
    0x01, 0x80, 0x00, 0x3C, 0x00, 0x00, 0xF0, 0x00, 0x01, 0x80, 0x00, 0x7E, 0x00, 0x01, 0xF8, 0x00, 
    0x01, 0x80, 0x00, 0xE3, 0x00, 0x03, 0x8C, 0x00, 0x01, 0x80, 0x01, 0xC3, 0x80, 0x03, 0x0C, 0x00, 
    0x01, 0x80, 0x01, 0xC3, 0xC3, 0x83, 0x0C, 0x00, 0x01, 0x80, 0x03, 0xE7, 0xCF, 0xCF, 0x8C, 0x00, 
    0x01, 0x81, 0xE3, 0x7E, 0x7C, 0xFF, 0xFC, 0x00, 0x01, 0x83, 0xF7, 0x3C, 0x78, 0x70, 0xF0, 0x00, 
    0x01, 0x87, 0x3E, 0x00, 0x38, 0x60, 0x20, 0x00, 0x01, 0x86, 0x1C, 0x00, 0x18, 0x60, 0x00, 0x00, 
    0x01, 0x86, 0x1C, 0x00, 0x1E, 0xE0, 0x00, 0x00, 0x01, 0x86, 0x18, 0x00, 0x0F, 0xC0, 0x00, 0x00, 
    0x01, 0x87, 0xF8, 0x00, 0x03, 0x00, 0x00, 0x00, 0x01, 0x83, 0xF0, 0x00, 0x00, 0x00, 0x00, 0x00, 
    0x01, 0x80, 0xC0, 0x00, 0x00, 0x00, 0x00, 0x00, 0x01, 0x80, 0x00, 0x00, 0x00, 0x00, 0x00, 0x00, 
    0x01, 0x80, 0x00, 0x00, 0x00, 0x00, 0x00, 0x00, 0x01, 0x80, 0x00, 0x00, 0x00, 0x00, 0x00, 0x00, 
    0x01, 0x80, 0x00, 0x00, 0x00, 0x00, 0x00, 0x00, 0x01, 0x80, 0x00, 0x00, 0x00, 0x00, 0x00, 0x00, 
    0x01, 0x80, 0x00, 0x00, 0x00, 0x00, 0x00, 0x00, 0x01, 0x80, 0x00, 0x00, 0x00, 0x00, 0x00, 0x00, 
    0x01, 0x80, 0x00, 0x00, 0x00, 0x00, 0x00, 0x00, 0x01, 0x80, 0x00, 0x00, 0x00, 0x00, 0x00, 0x00, 
    0x01, 0x80, 0x00, 0x00, 0x00, 0x00, 0x00, 0x00, 0x01, 0xFF, 0xFF, 0xFF, 0xFF, 0xFF, 0xFF, 0x00, 
    0x01, 0xFF, 0xFF, 0xFF, 0xFF, 0xFF, 0xFF, 0x80, 0x00, 0x00, 0x00, 0x00, 0x00, 0x00, 0x00, 0x00, 
    0x00, 0x00, 0x00, 0x00, 0x00, 0x00, 0x00, 0x00, 0x00, 0x00, 0x00, 0x00, 0x00, 0x00, 0x00, 0x00, 
    0x00, 0x00, 0x00, 0x00, 0x00, 0x00, 0x00, 0x00, 0x00, 0x01, 0xE0, 0x3C, 0x07, 0x80, 0xF0, 0x00, 
    0x00, 0x00, 0xC0, 0x18, 0x03, 0x80, 0x70, 0x00, 0x00, 0x00, 0x00, 0x00, 0x00, 0x00, 0x00, 0x00, 
    0x00, 0x00, 0x00, 0x00, 0x00, 0x00, 0x00, 0x00, 0x00, 0x00, 0x00, 0x00, 0x00, 0x00, 0x00, 0x00, 
    0x00, 0x00, 0x00, 0x00, 0x00, 0x00, 0x00, 0x00, 0x00, 0x00, 0x00, 0x00, 0x00, 0x00, 0x00, 0x00, 
    0x00, 0x00, 0x00, 0x00, 0x00, 0x00, 0x00, 0x00, 0x00, 0x00, 0x00, 0x00, 0x00, 0x00, 0x00, 0x00, 
    0x00, 0x00, 0x00, 0x00, 0x00, 0x00, 0x00, 0x00, 0x00, 0x00, 0x00, 0x00, 0x00, 0x00, 0x00, 0x00, 
    0x00, 0x00, 0x00, 0x00, 0x00, 0x00, 0x00, 0x00, 0x00, 0x00, 0x00, 0x00, 0x00, 0x00, 0x00, 0x00, 
      },
  {
    0x00, 0x00, 0x00, 0x00, 0x00, 0x00, 0x00, 0x00, 0x00, 0x00, 0x00, 0x00, 0x00, 0x00, 0x00, 0x00, 
    0x00, 0x00, 0x00, 0x00, 0x00, 0x00, 0x00, 0x00, 0x00, 0x00, 0x00, 0x00, 0x00, 0x00, 0x00, 0x00, 
    0x00, 0x00, 0x00, 0x00, 0x00, 0x00, 0x00, 0x00, 0x00, 0x00, 0x00, 0x00, 0x00, 0x00, 0x00, 0x00, 
    0x00, 0x00, 0x00, 0x00, 0x00, 0x00, 0x00, 0x00, 0x00, 0x00, 0x00, 0x00, 0x00, 0x00, 0x00, 0x00, 
    0x00, 0x00, 0x00, 0x00, 0x00, 0x00, 0x00, 0x00, 0x00, 0x00, 0x00, 0x00, 0x00, 0x00, 0x00, 0x00, 
    0x00, 0x00, 0x00, 0x00, 0x00, 0x00, 0x00, 0x00, 0x00, 0x80, 0x00, 0x00, 0x00, 0x00, 0x00, 0x00, 
    0x01, 0x80, 0x00, 0x00, 0x00, 0x00, 0x00, 0x00, 0x01, 0x80, 0x00, 0x00, 0x00, 0x00, 0x00, 0x00, 
    0x01, 0x80, 0x00, 0x00, 0x00, 0x00, 0x00, 0x00, 0x01, 0x80, 0x00, 0x00, 0x00, 0x00, 0x00, 0x00, 
    0x01, 0x80, 0x00, 0x00, 0x00, 0x00, 0x00, 0x00, 0x01, 0x80, 0x00, 0x00, 0x00, 0x00, 0x00, 0x00, 
    0x01, 0x80, 0x00, 0x00, 0x00, 0x00, 0x00, 0x00, 0x01, 0x80, 0x00, 0x00, 0x00, 0x00, 0x00, 0x00, 
    0x01, 0x80, 0x00, 0x7E, 0x00, 0x00, 0xF0, 0x00, 0x01, 0x80, 0x00, 0x7F, 0x00, 0x01, 0xF8, 0x00, 
    0x01, 0x80, 0x00, 0xC3, 0x00, 0x03, 0x9C, 0x00, 0x01, 0x80, 0x01, 0xC3, 0x80, 0x03, 0x0C, 0x00, 
    0x01, 0x80, 0x01, 0xC3, 0xC3, 0x03, 0x0C, 0x00, 0x01, 0x80, 0x03, 0xE7, 0xCF, 0xCF, 0x8C, 0x00, 
    0x01, 0x80, 0xC3, 0x7E, 0x7E, 0xFF, 0xFC, 0x00, 0x01, 0x83, 0xF6, 0x3C, 0x78, 0x78, 0xF8, 0x00, 
    0x01, 0x87, 0x3E, 0x00, 0x38, 0x60, 0x20, 0x00, 0x01, 0x86, 0x1C, 0x00, 0x18, 0x60, 0x00, 0x00, 
    0x01, 0x86, 0x1C, 0x00, 0x1C, 0xE0, 0x00, 0x00, 0x01, 0x86, 0x18, 0x00, 0x0F, 0xC0, 0x00, 0x00, 
    0x01, 0x87, 0x38, 0x00, 0x03, 0x80, 0x00, 0x00, 0x01, 0x83, 0xF0, 0x00, 0x00, 0x00, 0x00, 0x00, 
    0x01, 0x80, 0xC0, 0x00, 0x00, 0x00, 0x00, 0x00, 0x01, 0x80, 0x00, 0x00, 0x00, 0x00, 0x00, 0x00, 
    0x01, 0x80, 0x00, 0x00, 0x00, 0x00, 0x00, 0x00, 0x01, 0x80, 0x00, 0x00, 0x00, 0x00, 0x00, 0x00, 
    0x01, 0x80, 0x00, 0x00, 0x00, 0x00, 0x00, 0x00, 0x01, 0x80, 0x00, 0x00, 0x00, 0x00, 0x00, 0x00, 
    0x01, 0x80, 0x00, 0x00, 0x00, 0x00, 0x00, 0x00, 0x01, 0x80, 0x00, 0x00, 0x00, 0x00, 0x00, 0x00, 
    0x01, 0x80, 0x00, 0x00, 0x00, 0x00, 0x00, 0x00, 0x01, 0x80, 0x00, 0x00, 0x00, 0x00, 0x00, 0x00, 
    0x01, 0x80, 0x00, 0x00, 0x00, 0x00, 0x00, 0x00, 0x01, 0xFF, 0xFF, 0xFF, 0xFF, 0xFF, 0xFF, 0x00, 
    0x01, 0xFF, 0xFF, 0xFF, 0xFF, 0xFF, 0xFF, 0x80, 0x00, 0x00, 0x00, 0x00, 0x00, 0x00, 0x00, 0x00, 
    0x00, 0x00, 0x00, 0x00, 0x00, 0x00, 0x00, 0x00, 0x00, 0x00, 0x00, 0x00, 0x00, 0x00, 0x00, 0x00, 
    0x00, 0x00, 0x00, 0x00, 0x00, 0x00, 0x00, 0x00, 0x00, 0x01, 0xE0, 0x3C, 0x07, 0x80, 0xF0, 0x00, 
    0x00, 0x00, 0xC0, 0x18, 0x03, 0x80, 0x70, 0x00, 0x00, 0x00, 0x00, 0x00, 0x00, 0x00, 0x00, 0x00, 
    0x00, 0x00, 0x00, 0x00, 0x00, 0x00, 0x00, 0x00, 0x00, 0x00, 0x00, 0x00, 0x00, 0x00, 0x00, 0x00, 
    0x00, 0x00, 0x00, 0x00, 0x00, 0x00, 0x00, 0x00, 0x00, 0x00, 0x00, 0x00, 0x00, 0x00, 0x00, 0x00, 
    0x00, 0x00, 0x00, 0x00, 0x00, 0x00, 0x00, 0x00, 0x00, 0x00, 0x00, 0x00, 0x00, 0x00, 0x00, 0x00, 
    0x00, 0x00, 0x00, 0x00, 0x00, 0x00, 0x00, 0x00, 0x00, 0x00, 0x00, 0x00, 0x00, 0x00, 0x00, 0x00, 
    0x00, 0x00, 0x00, 0x00, 0x00, 0x00, 0x00, 0x00, 0x00, 0x00, 0x00, 0x00, 0x00, 0x00, 0x00, 0x00, 
      },
  {
    0x00, 0x00, 0x00, 0x00, 0x00, 0x00, 0x00, 0x00, 0x00, 0x00, 0x00, 0x00, 0x00, 0x00, 0x00, 0x00, 
    0x00, 0x00, 0x00, 0x00, 0x00, 0x00, 0x00, 0x00, 0x00, 0x00, 0x00, 0x00, 0x00, 0x00, 0x00, 0x00, 
    0x00, 0x00, 0x00, 0x00, 0x00, 0x00, 0x00, 0x00, 0x00, 0x00, 0x00, 0x00, 0x00, 0x00, 0x00, 0x00, 
    0x00, 0x00, 0x00, 0x00, 0x00, 0x00, 0x00, 0x00, 0x00, 0x00, 0x00, 0x00, 0x00, 0x00, 0x00, 0x00, 
    0x00, 0x00, 0x00, 0x00, 0x00, 0x00, 0x00, 0x00, 0x00, 0x00, 0x00, 0x00, 0x00, 0x00, 0x00, 0x00, 
    0x00, 0x00, 0x00, 0x00, 0x00, 0x00, 0x00, 0x00, 0x00, 0x80, 0x00, 0x00, 0x00, 0x00, 0x00, 0x00, 
    0x01, 0x80, 0x00, 0x00, 0x00, 0x00, 0x00, 0x00, 0x01, 0x80, 0x00, 0x00, 0x00, 0x00, 0x00, 0x00, 
    0x01, 0x80, 0x00, 0x00, 0x00, 0x00, 0x00, 0x00, 0x01, 0x80, 0x00, 0x00, 0x00, 0x00, 0x00, 0x00, 
    0x01, 0x80, 0x00, 0x00, 0x00, 0x00, 0x00, 0x00, 0x01, 0x80, 0x00, 0x00, 0x00, 0x00, 0x00, 0x00, 
    0x01, 0x80, 0x00, 0x00, 0x00, 0x00, 0x00, 0x00, 0x01, 0x80, 0x00, 0x00, 0x00, 0x00, 0x00, 0x00, 
    0x01, 0x80, 0x00, 0x7E, 0x00, 0x00, 0xF0, 0x00, 0x01, 0x80, 0x00, 0x7F, 0x00, 0x01, 0xF8, 0x00, 
    0x01, 0x80, 0x00, 0xC3, 0x00, 0x03, 0x9C, 0x00, 0x01, 0x80, 0x01, 0xC3, 0x80, 0x03, 0x0C, 0x00, 
    0x01, 0x80, 0x01, 0xC3, 0xC3, 0x03, 0x0C, 0x00, 0x01, 0x80, 0x03, 0xE7, 0xCF, 0xCF, 0x8C, 0x00, 
    0x01, 0x80, 0xC3, 0x7E, 0x7E, 0xFF, 0xFC, 0x00, 0x01, 0x83, 0xF6, 0x3C, 0x78, 0x78, 0xF8, 0x00, 
    0x01, 0x87, 0x3E, 0x00, 0x38, 0x60, 0x60, 0x00, 0x01, 0x86, 0x1C, 0x00, 0x18, 0x60, 0x00, 0x00, 
    0x01, 0x86, 0x1C, 0x00, 0x1C, 0xE0, 0x00, 0x00, 0x01, 0x86, 0x18, 0x00, 0x0F, 0xC0, 0x00, 0x00, 
    0x01, 0x87, 0x38, 0x00, 0x03, 0x80, 0x00, 0x00, 0x01, 0x83, 0xF0, 0x00, 0x00, 0x00, 0x00, 0x00, 
    0x01, 0x80, 0xC0, 0x00, 0x00, 0x00, 0x00, 0x00, 0x01, 0x80, 0x00, 0x00, 0x00, 0x00, 0x00, 0x00, 
    0x01, 0x80, 0x00, 0x00, 0x00, 0x00, 0x00, 0x00, 0x01, 0x80, 0x00, 0x00, 0x00, 0x00, 0x00, 0x00, 
    0x01, 0x80, 0x00, 0x00, 0x00, 0x00, 0x00, 0x00, 0x01, 0x80, 0x00, 0x00, 0x00, 0x00, 0x00, 0x00, 
    0x01, 0x80, 0x00, 0x00, 0x00, 0x00, 0x00, 0x00, 0x01, 0x80, 0x00, 0x00, 0x00, 0x00, 0x00, 0x00, 
    0x01, 0x80, 0x00, 0x00, 0x00, 0x00, 0x00, 0x00, 0x01, 0x80, 0x00, 0x00, 0x00, 0x00, 0x00, 0x00, 
    0x01, 0x80, 0x00, 0x00, 0x00, 0x00, 0x00, 0x00, 0x01, 0xFF, 0xFF, 0xFF, 0xFF, 0xFF, 0xFF, 0x00, 
    0x01, 0xFF, 0xFF, 0xFF, 0xFF, 0xFF, 0xFF, 0x80, 0x00, 0x00, 0x00, 0x00, 0x00, 0x00, 0x00, 0x00, 
    0x00, 0x00, 0x00, 0x00, 0x00, 0x00, 0x00, 0x00, 0x00, 0x00, 0x00, 0x00, 0x00, 0x00, 0x00, 0x00, 
    0x00, 0x00, 0x00, 0x00, 0x00, 0x00, 0x00, 0x00, 0x00, 0x01, 0xE0, 0x3C, 0x07, 0x80, 0xF0, 0x00, 
    0x00, 0x00, 0xC0, 0x18, 0x03, 0x80, 0x70, 0x00, 0x00, 0x00, 0x00, 0x00, 0x00, 0x00, 0x00, 0x00, 
    0x00, 0x00, 0x00, 0x00, 0x00, 0x00, 0x00, 0x00, 0x00, 0x00, 0x00, 0x00, 0x00, 0x00, 0x00, 0x00, 
    0x00, 0x00, 0x00, 0x00, 0x00, 0x00, 0x00, 0x00, 0x00, 0x00, 0x00, 0x00, 0x00, 0x00, 0x00, 0x00, 
    0x00, 0x00, 0x00, 0x00, 0x00, 0x00, 0x00, 0x00, 0x00, 0x00, 0x00, 0x00, 0x00, 0x00, 0x00, 0x00, 
    0x00, 0x00, 0x00, 0x00, 0x00, 0x00, 0x00, 0x00, 0x00, 0x00, 0x00, 0x00, 0x00, 0x00, 0x00, 0x00, 
    0x00, 0x00, 0x00, 0x00, 0x00, 0x00, 0x00, 0x00, 0x00, 0x00, 0x00, 0x00, 0x00, 0x00, 0x00, 0x00, 
      },
  {
    0x00, 0x00, 0x00, 0x00, 0x00, 0x00, 0x00, 0x00, 0x00, 0x00, 0x00, 0x00, 0x00, 0x00, 0x00, 0x00, 
    0x00, 0x00, 0x00, 0x00, 0x00, 0x00, 0x00, 0x00, 0x00, 0x00, 0x00, 0x00, 0x00, 0x00, 0x00, 0x00, 
    0x00, 0x00, 0x00, 0x00, 0x00, 0x00, 0x00, 0x00, 0x00, 0x00, 0x00, 0x00, 0x00, 0x00, 0x00, 0x00, 
    0x00, 0x00, 0x00, 0x00, 0x00, 0x00, 0x00, 0x00, 0x00, 0x00, 0x00, 0x00, 0x00, 0x00, 0x00, 0x00, 
    0x00, 0x00, 0x00, 0x00, 0x00, 0x00, 0x00, 0x00, 0x00, 0x00, 0x00, 0x00, 0x00, 0x00, 0x00, 0x00, 
    0x00, 0x00, 0x00, 0x00, 0x00, 0x00, 0x00, 0x00, 0x00, 0x80, 0x00, 0x00, 0x00, 0x00, 0x00, 0x00, 
    0x01, 0x80, 0x00, 0x00, 0x00, 0x00, 0x00, 0x00, 0x01, 0x80, 0x00, 0x00, 0x00, 0x00, 0x00, 0x00, 
    0x01, 0x80, 0x00, 0x00, 0x00, 0x00, 0x00, 0x00, 0x01, 0x80, 0x00, 0x00, 0x00, 0x00, 0x00, 0x00, 
    0x01, 0x80, 0x00, 0x00, 0x00, 0x00, 0x00, 0x00, 0x01, 0x80, 0x00, 0x00, 0x00, 0x00, 0x00, 0x00, 
    0x01, 0x80, 0x00, 0x00, 0x00, 0x00, 0x00, 0x00, 0x01, 0x80, 0x00, 0x18, 0x00, 0x00, 0x00, 0x00, 
    0x01, 0x80, 0x00, 0x7E, 0x00, 0x00, 0xF0, 0x00, 0x01, 0x80, 0x00, 0xF7, 0x00, 0x01, 0xF8, 0x00, 
    0x01, 0x80, 0x00, 0xC3, 0x00, 0x03, 0x8C, 0x00, 0x01, 0x80, 0x01, 0xC3, 0x80, 0x03, 0x0C, 0x00, 
    0x01, 0x80, 0x01, 0xC3, 0xC3, 0x03, 0x0C, 0x00, 0x01, 0x80, 0x03, 0xE7, 0xCF, 0xCF, 0x8C, 0x00, 
    0x01, 0x81, 0xE3, 0x7E, 0x7C, 0xFF, 0xFC, 0x00, 0x01, 0x83, 0xF6, 0x1C, 0x78, 0x70, 0xF8, 0x00, 
    0x01, 0x87, 0x3E, 0x00, 0x38, 0x60, 0x20, 0x00, 0x01, 0x86, 0x1C, 0x00, 0x18, 0x60, 0x00, 0x00, 
    0x01, 0x86, 0x1C, 0x00, 0x1C, 0xE0, 0x00, 0x00, 0x01, 0x86, 0x18, 0x00, 0x0F, 0xC0, 0x00, 0x00, 
    0x01, 0x87, 0xF8, 0x00, 0x03, 0x00, 0x00, 0x00, 0x01, 0x83, 0xF0, 0x00, 0x00, 0x00, 0x00, 0x00, 
    0x01, 0x80, 0xC0, 0x00, 0x00, 0x00, 0x00, 0x00, 0x01, 0x80, 0x00, 0x00, 0x00, 0x00, 0x00, 0x00, 
    0x01, 0x80, 0x00, 0x00, 0x00, 0x00, 0x00, 0x00, 0x01, 0x80, 0x00, 0x00, 0x00, 0x00, 0x00, 0x00, 
    0x01, 0x80, 0x00, 0x00, 0x00, 0x00, 0x00, 0x00, 0x01, 0x80, 0x00, 0x00, 0x00, 0x00, 0x00, 0x00, 
    0x01, 0x80, 0x00, 0x00, 0x00, 0x00, 0x00, 0x00, 0x01, 0x80, 0x00, 0x00, 0x00, 0x00, 0x00, 0x00, 
    0x01, 0x80, 0x00, 0x00, 0x00, 0x00, 0x00, 0x00, 0x01, 0x80, 0x00, 0x00, 0x00, 0x00, 0x00, 0x00, 
    0x01, 0x80, 0x00, 0x00, 0x00, 0x00, 0x00, 0x00, 0x01, 0xFF, 0xFF, 0xFF, 0xFF, 0xFF, 0xFF, 0x00, 
    0x01, 0xFF, 0xFF, 0xFF, 0xFF, 0xFF, 0xFF, 0x80, 0x00, 0x00, 0x00, 0x00, 0x00, 0x00, 0x00, 0x00, 
    0x00, 0x00, 0x00, 0x00, 0x00, 0x00, 0x00, 0x00, 0x00, 0x00, 0x00, 0x00, 0x00, 0x00, 0x00, 0x00, 
    0x00, 0x00, 0x00, 0x00, 0x00, 0x00, 0x00, 0x00, 0x00, 0x01, 0xE0, 0x3C, 0x07, 0x80, 0xF0, 0x00, 
    0x00, 0x00, 0xC0, 0x18, 0x03, 0x80, 0x70, 0x00, 0x00, 0x00, 0x00, 0x00, 0x00, 0x00, 0x00, 0x00, 
    0x00, 0x00, 0x00, 0x00, 0x00, 0x00, 0x00, 0x00, 0x00, 0x00, 0x00, 0x00, 0x00, 0x00, 0x00, 0x00, 
    0x00, 0x00, 0x00, 0x00, 0x00, 0x00, 0x00, 0x00, 0x00, 0x00, 0x00, 0x00, 0x00, 0x00, 0x00, 0x00, 
    0x00, 0x00, 0x00, 0x00, 0x00, 0x00, 0x00, 0x00, 0x00, 0x00, 0x00, 0x00, 0x00, 0x00, 0x00, 0x00, 
    0x00, 0x00, 0x00, 0x00, 0x00, 0x00, 0x00, 0x00, 0x00, 0x00, 0x00, 0x00, 0x00, 0x00, 0x00, 0x00, 
    0x00, 0x00, 0x00, 0x00, 0x00, 0x00, 0x00, 0x00, 0x00, 0x00, 0x00, 0x00, 0x00, 0x00, 0x00, 0x00, 
      },
  {
    0x00, 0x00, 0x00, 0x00, 0x00, 0x00, 0x00, 0x00, 0x00, 0x00, 0x00, 0x00, 0x00, 0x00, 0x00, 0x00, 
    0x00, 0x00, 0x00, 0x00, 0x00, 0x00, 0x00, 0x00, 0x00, 0x00, 0x00, 0x00, 0x00, 0x00, 0x00, 0x00, 
    0x00, 0x00, 0x00, 0x00, 0x00, 0x00, 0x00, 0x00, 0x00, 0x00, 0x00, 0x00, 0x00, 0x00, 0x00, 0x00, 
    0x00, 0x00, 0x00, 0x00, 0x00, 0x00, 0x00, 0x00, 0x00, 0x00, 0x00, 0x00, 0x00, 0x00, 0x00, 0x00, 
    0x00, 0x00, 0x00, 0x00, 0x00, 0x00, 0x00, 0x00, 0x00, 0x00, 0x00, 0x00, 0x00, 0x00, 0x00, 0x00, 
    0x00, 0x00, 0x00, 0x00, 0x00, 0x00, 0x00, 0x00, 0x00, 0x80, 0x00, 0x00, 0x00, 0x00, 0x00, 0x00, 
    0x01, 0x80, 0x00, 0x00, 0x00, 0x00, 0x00, 0x00, 0x01, 0x80, 0x00, 0x00, 0x00, 0x00, 0x00, 0x00, 
    0x01, 0x80, 0x00, 0x00, 0x00, 0x00, 0x00, 0x00, 0x01, 0x80, 0x00, 0x00, 0x00, 0x00, 0x00, 0x00, 
    0x01, 0x80, 0x00, 0x00, 0x00, 0x00, 0x00, 0x00, 0x01, 0x80, 0x00, 0x00, 0x00, 0x00, 0x00, 0x00, 
    0x01, 0x80, 0x00, 0x00, 0x00, 0x00, 0x00, 0x00, 0x01, 0x80, 0x00, 0x3C, 0x00, 0x00, 0x60, 0x00, 
    0x01, 0x80, 0x00, 0x7E, 0x00, 0x01, 0xF8, 0x00, 0x01, 0x80, 0x00, 0xE7, 0x00, 0x01, 0x9C, 0x00, 
    0x01, 0x80, 0x00, 0xC3, 0x80, 0x03, 0x0C, 0x00, 0x01, 0x80, 0x01, 0xC3, 0x80, 0x03, 0x0C, 0x00, 
    0x01, 0x80, 0x03, 0xE3, 0xC7, 0x87, 0x0C, 0x00, 0x01, 0x80, 0xC3, 0xFE, 0xEF, 0xFF, 0xDC, 0x00, 
    0x01, 0x83, 0xF7, 0x3C, 0x78, 0x79, 0xF8, 0x00, 0x01, 0x87, 0xBE, 0x00, 0x38, 0x60, 0x60, 0x00, 
    0x01, 0x86, 0x1C, 0x00, 0x38, 0x60, 0x00, 0x00, 0x01, 0x86, 0x1C, 0x00, 0x1C, 0xE0, 0x00, 0x00, 
    0x01, 0x86, 0x18, 0x00, 0x0F, 0xC0, 0x00, 0x00, 0x01, 0x87, 0x38, 0x00, 0x07, 0x80, 0x00, 0x00, 
    0x01, 0x83, 0xF0, 0x00, 0x00, 0x00, 0x00, 0x00, 0x01, 0x80, 0xE0, 0x00, 0x00, 0x00, 0x00, 0x00, 
    0x01, 0x80, 0x00, 0x00, 0x00, 0x00, 0x00, 0x00, 0x01, 0x80, 0x00, 0x00, 0x00, 0x00, 0x00, 0x00, 
    0x01, 0x80, 0x00, 0x00, 0x00, 0x00, 0x00, 0x00, 0x01, 0x80, 0x00, 0x00, 0x00, 0x00, 0x00, 0x00, 
    0x01, 0x80, 0x00, 0x00, 0x00, 0x00, 0x00, 0x00, 0x01, 0x80, 0x00, 0x00, 0x00, 0x00, 0x00, 0x00, 
    0x01, 0x80, 0x00, 0x00, 0x00, 0x00, 0x00, 0x00, 0x01, 0x80, 0x00, 0x00, 0x00, 0x00, 0x00, 0x00, 
    0x01, 0x80, 0x00, 0x00, 0x00, 0x00, 0x00, 0x00, 0x01, 0x80, 0x00, 0x00, 0x00, 0x00, 0x00, 0x00, 
    0x01, 0x80, 0x00, 0x00, 0x00, 0x00, 0x00, 0x00, 0x01, 0xFF, 0xFF, 0xFF, 0xFF, 0xFF, 0xFF, 0x00, 
    0x01, 0xFF, 0xFF, 0xFF, 0xFF, 0xFF, 0xFF, 0x80, 0x00, 0x00, 0x00, 0x00, 0x00, 0x00, 0x00, 0x00, 
    0x00, 0x00, 0x00, 0x00, 0x00, 0x00, 0x00, 0x00, 0x00, 0x00, 0x00, 0x00, 0x00, 0x00, 0x00, 0x00, 
    0x00, 0x00, 0x00, 0x00, 0x00, 0x00, 0x00, 0x00, 0x00, 0x01, 0xE0, 0x3C, 0x07, 0x80, 0xF0, 0x00, 
    0x00, 0x00, 0xC0, 0x18, 0x03, 0x80, 0x70, 0x00, 0x00, 0x00, 0x00, 0x00, 0x00, 0x00, 0x00, 0x00, 
    0x00, 0x00, 0x00, 0x00, 0x00, 0x00, 0x00, 0x00, 0x00, 0x00, 0x00, 0x00, 0x00, 0x00, 0x00, 0x00, 
    0x00, 0x00, 0x00, 0x00, 0x00, 0x00, 0x00, 0x00, 0x00, 0x00, 0x00, 0x00, 0x00, 0x00, 0x00, 0x00, 
    0x00, 0x00, 0x00, 0x00, 0x00, 0x00, 0x00, 0x00, 0x00, 0x00, 0x00, 0x00, 0x00, 0x00, 0x00, 0x00, 
    0x00, 0x00, 0x00, 0x00, 0x00, 0x00, 0x00, 0x00, 0x00, 0x00, 0x00, 0x00, 0x00, 0x00, 0x00, 0x00, 
    0x00, 0x00, 0x00, 0x00, 0x00, 0x00, 0x00, 0x00, 0x00, 0x00, 0x00, 0x00, 0x00, 0x00, 0x00, 0x00, 
      },
  {
    0x00, 0x00, 0x00, 0x00, 0x00, 0x00, 0x00, 0x00, 0x00, 0x00, 0x00, 0x00, 0x00, 0x00, 0x00, 0x00, 
    0x00, 0x00, 0x00, 0x00, 0x00, 0x00, 0x00, 0x00, 0x00, 0x00, 0x00, 0x00, 0x00, 0x00, 0x00, 0x00, 
    0x00, 0x00, 0x00, 0x00, 0x00, 0x00, 0x00, 0x00, 0x00, 0x00, 0x00, 0x00, 0x00, 0x00, 0x00, 0x00, 
    0x00, 0x00, 0x00, 0x00, 0x00, 0x00, 0x00, 0x00, 0x00, 0x00, 0x00, 0x00, 0x00, 0x00, 0x00, 0x00, 
    0x00, 0x00, 0x00, 0x00, 0x00, 0x00, 0x00, 0x00, 0x00, 0x00, 0x00, 0x00, 0x00, 0x00, 0x00, 0x00, 
    0x00, 0x00, 0x00, 0x00, 0x00, 0x00, 0x00, 0x00, 0x00, 0x80, 0x00, 0x00, 0x00, 0x00, 0x00, 0x00, 
    0x01, 0x80, 0x00, 0x00, 0x00, 0x00, 0x00, 0x00, 0x01, 0x80, 0x00, 0x00, 0x00, 0x00, 0x00, 0x00, 
    0x01, 0x80, 0x00, 0x00, 0x00, 0x00, 0x00, 0x00, 0x01, 0x80, 0x00, 0x00, 0x00, 0x00, 0x00, 0x00, 
    0x01, 0x80, 0x00, 0x00, 0x00, 0x00, 0x00, 0x00, 0x01, 0x80, 0x00, 0x00, 0x00, 0x00, 0x00, 0x00, 
    0x01, 0x80, 0x00, 0x18, 0x00, 0x00, 0x00, 0x00, 0x01, 0x80, 0x00, 0x7E, 0x00, 0x00, 0xF0, 0x00, 
    0x01, 0x80, 0x00, 0xF7, 0x00, 0x01, 0xFC, 0x00, 0x01, 0x80, 0x00, 0xC3, 0x00, 0x03, 0x8C, 0x00, 
    0x01, 0x80, 0x01, 0xC3, 0x80, 0x03, 0x0C, 0x00, 0x01, 0x80, 0x01, 0xC3, 0xC3, 0x03, 0x0C, 0x00, 
    0x01, 0x80, 0x03, 0xE7, 0xCF, 0xCF, 0x8C, 0x00, 0x01, 0x81, 0xE3, 0x7E, 0x7C, 0xFF, 0xFC, 0x00, 
    0x01, 0x83, 0xF6, 0x1C, 0x78, 0x70, 0xF0, 0x00, 0x01, 0x87, 0x3E, 0x00, 0x38, 0x60, 0x00, 0x00, 
    0x01, 0x86, 0x1C, 0x00, 0x18, 0x60, 0x00, 0x00, 0x01, 0x86, 0x1C, 0x00, 0x1E, 0xE0, 0x00, 0x00, 
    0x01, 0x87, 0x18, 0x00, 0x0F, 0xC0, 0x00, 0x00, 0x01, 0x83, 0xF0, 0x00, 0x03, 0x00, 0x00, 0x00, 
    0x01, 0x81, 0xE0, 0x00, 0x00, 0x00, 0x00, 0x00, 0x01, 0x80, 0x00, 0x00, 0x00, 0x00, 0x00, 0x00, 
    0x01, 0x80, 0x00, 0x00, 0x00, 0x00, 0x00, 0x00, 0x01, 0x80, 0x00, 0x00, 0x00, 0x00, 0x00, 0x00, 
    0x01, 0x80, 0x00, 0x00, 0x00, 0x00, 0x00, 0x00, 0x01, 0x80, 0x00, 0x00, 0x00, 0x00, 0x00, 0x00, 
    0x01, 0x80, 0x00, 0x00, 0x00, 0x00, 0x00, 0x00, 0x01, 0x80, 0x00, 0x00, 0x00, 0x00, 0x00, 0x00, 
    0x01, 0x80, 0x00, 0x00, 0x00, 0x00, 0x00, 0x00, 0x01, 0x80, 0x00, 0x00, 0x00, 0x00, 0x00, 0x00, 
    0x01, 0x80, 0x00, 0x00, 0x00, 0x00, 0x00, 0x00, 0x01, 0x80, 0x00, 0x00, 0x00, 0x00, 0x00, 0x00, 
    0x01, 0x80, 0x00, 0x00, 0x00, 0x00, 0x00, 0x00, 0x01, 0xFF, 0xFF, 0xFF, 0xFF, 0xFF, 0xFF, 0x00, 
    0x01, 0xFF, 0xFF, 0xFF, 0xFF, 0xFF, 0xFF, 0x80, 0x00, 0x00, 0x00, 0x00, 0x00, 0x00, 0x00, 0x00, 
    0x00, 0x00, 0x00, 0x00, 0x00, 0x00, 0x00, 0x00, 0x00, 0x00, 0x00, 0x00, 0x00, 0x00, 0x00, 0x00, 
    0x00, 0x00, 0x00, 0x00, 0x00, 0x00, 0x00, 0x00, 0x00, 0x01, 0xE0, 0x3C, 0x07, 0x80, 0xF0, 0x00, 
    0x00, 0x00, 0xC0, 0x18, 0x03, 0x80, 0x70, 0x00, 0x00, 0x00, 0x00, 0x00, 0x00, 0x00, 0x00, 0x00, 
    0x00, 0x00, 0x00, 0x00, 0x00, 0x00, 0x00, 0x00, 0x00, 0x00, 0x00, 0x00, 0x00, 0x00, 0x00, 0x00, 
    0x00, 0x00, 0x00, 0x00, 0x00, 0x00, 0x00, 0x00, 0x00, 0x00, 0x00, 0x00, 0x00, 0x00, 0x00, 0x00, 
    0x00, 0x00, 0x00, 0x00, 0x00, 0x00, 0x00, 0x00, 0x00, 0x00, 0x00, 0x00, 0x00, 0x00, 0x00, 0x00, 
    0x00, 0x00, 0x00, 0x00, 0x00, 0x00, 0x00, 0x00, 0x00, 0x00, 0x00, 0x00, 0x00, 0x00, 0x00, 0x00, 
    0x00, 0x00, 0x00, 0x00, 0x00, 0x00, 0x00, 0x00, 0x00, 0x00, 0x00, 0x00, 0x00, 0x00, 0x00, 0x00, 
      },
  {
    0x00, 0x00, 0x00, 0x00, 0x00, 0x00, 0x00, 0x00, 0x00, 0x00, 0x00, 0x00, 0x00, 0x00, 0x00, 0x00, 
    0x00, 0x00, 0x00, 0x00, 0x00, 0x00, 0x00, 0x00, 0x00, 0x00, 0x00, 0x00, 0x00, 0x00, 0x00, 0x00, 
    0x00, 0x00, 0x00, 0x00, 0x00, 0x00, 0x00, 0x00, 0x00, 0x00, 0x00, 0x00, 0x00, 0x00, 0x00, 0x00, 
    0x00, 0x00, 0x00, 0x00, 0x00, 0x00, 0x00, 0x00, 0x00, 0x00, 0x00, 0x00, 0x00, 0x00, 0x00, 0x00, 
    0x00, 0x00, 0x00, 0x00, 0x00, 0x00, 0x00, 0x00, 0x00, 0x00, 0x00, 0x00, 0x00, 0x00, 0x00, 0x00, 
    0x00, 0x00, 0x00, 0x00, 0x00, 0x00, 0x00, 0x00, 0x00, 0x80, 0x00, 0x00, 0x00, 0x00, 0x00, 0x00, 
    0x01, 0x80, 0x00, 0x00, 0x00, 0x00, 0x00, 0x00, 0x01, 0x80, 0x00, 0x00, 0x00, 0x00, 0x00, 0x00, 
    0x01, 0x80, 0x00, 0x00, 0x00, 0x00, 0x00, 0x00, 0x01, 0x80, 0x00, 0x00, 0x00, 0x00, 0x00, 0x00, 
    0x01, 0x80, 0x00, 0x00, 0x00, 0x00, 0x00, 0x00, 0x01, 0x80, 0x00, 0x3C, 0x00, 0x00, 0x70, 0x00, 
    0x01, 0x80, 0x00, 0x7E, 0x00, 0x01, 0xF8, 0x00, 0x01, 0x80, 0x00, 0xE7, 0x00, 0x03, 0x9C, 0x00, 
    0x01, 0x80, 0x00, 0xC3, 0x80, 0x03, 0x0C, 0x00, 0x01, 0x80, 0x01, 0xC3, 0x80, 0x03, 0x0C, 0x00, 
    0x01, 0x80, 0x03, 0xC3, 0xC7, 0xC7, 0x0C, 0x00, 0x01, 0x81, 0xE3, 0xFE, 0xEF, 0xFF, 0xFC, 0x00, 
    0x01, 0x83, 0xF6, 0x3E, 0x78, 0x78, 0xF8, 0x00, 0x01, 0x87, 0x3E, 0x08, 0x38, 0x60, 0x60, 0x00, 
    0x01, 0x86, 0x1C, 0x00, 0x38, 0x60, 0x00, 0x00, 0x01, 0x86, 0x1C, 0x00, 0x1C, 0xE0, 0x00, 0x00, 
    0x01, 0x86, 0x18, 0x00, 0x0F, 0xC0, 0x00, 0x00, 0x01, 0x83, 0xF0, 0x00, 0x07, 0x80, 0x00, 0x00, 
    0x01, 0x81, 0xE0, 0x00, 0x00, 0x00, 0x00, 0x00, 0x01, 0x80, 0x00, 0x00, 0x00, 0x00, 0x00, 0x00, 
    0x01, 0x80, 0x00, 0x00, 0x00, 0x00, 0x00, 0x00, 0x01, 0x80, 0x00, 0x00, 0x00, 0x00, 0x00, 0x00, 
    0x01, 0x80, 0x00, 0x00, 0x00, 0x00, 0x00, 0x00, 0x01, 0x80, 0x00, 0x00, 0x00, 0x00, 0x00, 0x00, 
    0x01, 0x80, 0x00, 0x00, 0x00, 0x00, 0x00, 0x00, 0x01, 0x80, 0x00, 0x00, 0x00, 0x00, 0x00, 0x00, 
    0x01, 0x80, 0x00, 0x00, 0x00, 0x00, 0x00, 0x00, 0x01, 0x80, 0x00, 0x00, 0x00, 0x00, 0x00, 0x00, 
    0x01, 0x80, 0x00, 0x00, 0x00, 0x00, 0x00, 0x00, 0x01, 0x80, 0x00, 0x00, 0x00, 0x00, 0x00, 0x00, 
    0x01, 0x80, 0x00, 0x00, 0x00, 0x00, 0x00, 0x00, 0x01, 0x80, 0x00, 0x00, 0x00, 0x00, 0x00, 0x00, 
    0x01, 0x80, 0x00, 0x00, 0x00, 0x00, 0x00, 0x00, 0x01, 0xFF, 0xFF, 0xFF, 0xFF, 0xFF, 0xFF, 0x00, 
    0x01, 0xFF, 0xFF, 0xFF, 0xFF, 0xFF, 0xFF, 0x80, 0x00, 0x00, 0x00, 0x00, 0x00, 0x00, 0x00, 0x00, 
    0x00, 0x00, 0x00, 0x00, 0x00, 0x00, 0x00, 0x00, 0x00, 0x00, 0x00, 0x00, 0x00, 0x00, 0x00, 0x00, 
    0x00, 0x00, 0x00, 0x00, 0x00, 0x00, 0x00, 0x00, 0x00, 0x01, 0xE0, 0x3C, 0x07, 0x80, 0xF0, 0x00, 
    0x00, 0x00, 0xC0, 0x18, 0x03, 0x80, 0x70, 0x00, 0x00, 0x00, 0x00, 0x00, 0x00, 0x00, 0x00, 0x00, 
    0x00, 0x00, 0x00, 0x00, 0x00, 0x00, 0x00, 0x00, 0x00, 0x00, 0x00, 0x00, 0x00, 0x00, 0x00, 0x00, 
    0x00, 0x00, 0x00, 0x00, 0x00, 0x00, 0x00, 0x00, 0x00, 0x00, 0x00, 0x00, 0x00, 0x00, 0x00, 0x00, 
    0x00, 0x00, 0x00, 0x00, 0x00, 0x00, 0x00, 0x00, 0x00, 0x00, 0x00, 0x00, 0x00, 0x00, 0x00, 0x00, 
    0x00, 0x00, 0x00, 0x00, 0x00, 0x00, 0x00, 0x00, 0x00, 0x00, 0x00, 0x00, 0x00, 0x00, 0x00, 0x00, 
    0x00, 0x00, 0x00, 0x00, 0x00, 0x00, 0x00, 0x00, 0x00, 0x00, 0x00, 0x00, 0x00, 0x00, 0x00, 0x00, 
      },
  {
    0x00, 0x00, 0x00, 0x00, 0x00, 0x00, 0x00, 0x00, 0x00, 0x00, 0x00, 0x00, 0x00, 0x00, 0x00, 0x00, 
    0x00, 0x00, 0x00, 0x00, 0x00, 0x00, 0x00, 0x00, 0x00, 0x00, 0x00, 0x00, 0x00, 0x00, 0x00, 0x00, 
    0x00, 0x00, 0x00, 0x00, 0x00, 0x00, 0x00, 0x00, 0x00, 0x00, 0x00, 0x00, 0x00, 0x00, 0x00, 0x00, 
    0x00, 0x00, 0x00, 0x00, 0x00, 0x00, 0x00, 0x00, 0x00, 0x00, 0x00, 0x00, 0x00, 0x00, 0x00, 0x00, 
    0x00, 0x00, 0x00, 0x00, 0x00, 0x00, 0x00, 0x00, 0x00, 0x00, 0x00, 0x00, 0x00, 0x00, 0x00, 0x00, 
    0x00, 0x00, 0x00, 0x00, 0x00, 0x00, 0x00, 0x00, 0x00, 0x80, 0x00, 0x00, 0x00, 0x00, 0x00, 0x00, 
    0x01, 0x80, 0x00, 0x00, 0x00, 0x00, 0x00, 0x00, 0x01, 0x80, 0x00, 0x00, 0x00, 0x00, 0x00, 0x00, 
    0x01, 0x80, 0x00, 0x00, 0x00, 0x00, 0x00, 0x00, 0x01, 0x80, 0x00, 0x00, 0x00, 0x00, 0x00, 0x00, 
    0x01, 0x80, 0x00, 0x7E, 0x00, 0x00, 0xF8, 0x00, 0x01, 0x80, 0x00, 0x7F, 0x00, 0x01, 0xFC, 0x00, 
    0x01, 0x80, 0x00, 0xC3, 0x00, 0x03, 0x0C, 0x00, 0x01, 0x80, 0x01, 0xC3, 0x80, 0x03, 0x0C, 0x00, 
    0x01, 0x80, 0x01, 0xC3, 0xC7, 0x83, 0x0C, 0x00, 0x01, 0x81, 0xE3, 0xE7, 0xCF, 0xDF, 0x9C, 0x00, 
    0x01, 0x83, 0xF7, 0x7E, 0x7C, 0xFD, 0xF8, 0x00, 0x01, 0x87, 0x3E, 0x3C, 0x78, 0x70, 0x70, 0x00, 
    0x01, 0x86, 0x1C, 0x00, 0x38, 0x60, 0x00, 0x00, 0x01, 0x86, 0x1C, 0x00, 0x18, 0x60, 0x00, 0x00, 
    0x01, 0x86, 0x18, 0x00, 0x0F, 0xE0, 0x00, 0x00, 0x01, 0x83, 0xF0, 0x00, 0x0F, 0xC0, 0x00, 0x00, 
    0x01, 0x81, 0xE0, 0x00, 0x03, 0x00, 0x00, 0x00, 0x01, 0x80, 0xC0, 0x00, 0x00, 0x00, 0x00, 0x00, 
    0x01, 0x80, 0x00, 0x00, 0x00, 0x00, 0x00, 0x00, 0x01, 0x80, 0x00, 0x00, 0x00, 0x00, 0x00, 0x00, 
    0x01, 0x80, 0x00, 0x00, 0x00, 0x00, 0x00, 0x00, 0x01, 0x80, 0x00, 0x00, 0x00, 0x00, 0x00, 0x00, 
    0x01, 0x80, 0x00, 0x00, 0x00, 0x00, 0x00, 0x00, 0x01, 0x80, 0x00, 0x00, 0x00, 0x00, 0x00, 0x00, 
    0x01, 0x80, 0x00, 0x00, 0x00, 0x00, 0x00, 0x00, 0x01, 0x80, 0x00, 0x00, 0x00, 0x00, 0x00, 0x00, 
    0x01, 0x80, 0x00, 0x00, 0x00, 0x00, 0x00, 0x00, 0x01, 0x80, 0x00, 0x00, 0x00, 0x00, 0x00, 0x00, 
    0x01, 0x80, 0x00, 0x00, 0x00, 0x00, 0x00, 0x00, 0x01, 0x80, 0x00, 0x00, 0x00, 0x00, 0x00, 0x00, 
    0x01, 0x80, 0x00, 0x00, 0x00, 0x00, 0x00, 0x00, 0x01, 0x80, 0x00, 0x00, 0x00, 0x00, 0x00, 0x00, 
    0x01, 0x80, 0x00, 0x00, 0x00, 0x00, 0x00, 0x00, 0x01, 0xFF, 0xFF, 0xFF, 0xFF, 0xFF, 0xFF, 0x00, 
    0x01, 0xFF, 0xFF, 0xFF, 0xFF, 0xFF, 0xFF, 0x80, 0x00, 0x00, 0x00, 0x00, 0x00, 0x00, 0x00, 0x00, 
    0x00, 0x00, 0x00, 0x00, 0x00, 0x00, 0x00, 0x00, 0x00, 0x00, 0x00, 0x00, 0x00, 0x00, 0x00, 0x00, 
    0x00, 0x00, 0x00, 0x00, 0x00, 0x00, 0x00, 0x00, 0x00, 0x01, 0xE0, 0x3C, 0x07, 0x80, 0xF0, 0x00, 
    0x00, 0x00, 0xC0, 0x18, 0x03, 0x80, 0x70, 0x00, 0x00, 0x00, 0x00, 0x00, 0x00, 0x00, 0x00, 0x00, 
    0x00, 0x00, 0x00, 0x00, 0x00, 0x00, 0x00, 0x00, 0x00, 0x00, 0x00, 0x00, 0x00, 0x00, 0x00, 0x00, 
    0x00, 0x00, 0x00, 0x00, 0x00, 0x00, 0x00, 0x00, 0x00, 0x00, 0x00, 0x00, 0x00, 0x00, 0x00, 0x00, 
    0x00, 0x00, 0x00, 0x00, 0x00, 0x00, 0x00, 0x00, 0x00, 0x00, 0x00, 0x00, 0x00, 0x00, 0x00, 0x00, 
    0x00, 0x00, 0x00, 0x00, 0x00, 0x00, 0x00, 0x00, 0x00, 0x00, 0x00, 0x00, 0x00, 0x00, 0x00, 0x00, 
    0x00, 0x00, 0x00, 0x00, 0x00, 0x00, 0x00, 0x00, 0x00, 0x00, 0x00, 0x00, 0x00, 0x00, 0x00, 0x00, 
      },
  {
    0x00, 0x00, 0x00, 0x00, 0x00, 0x00, 0x00, 0x00, 0x00, 0x00, 0x00, 0x00, 0x00, 0x00, 0x00, 0x00, 
    0x00, 0x00, 0x00, 0x00, 0x00, 0x00, 0x00, 0x00, 0x00, 0x00, 0x00, 0x00, 0x00, 0x00, 0x00, 0x00, 
    0x00, 0x00, 0x00, 0x00, 0x00, 0x00, 0x00, 0x00, 0x00, 0x00, 0x00, 0x00, 0x00, 0x00, 0x00, 0x00, 
    0x00, 0x00, 0x00, 0x00, 0x00, 0x00, 0x00, 0x00, 0x00, 0x00, 0x00, 0x00, 0x00, 0x00, 0x00, 0x00, 
    0x00, 0x00, 0x00, 0x00, 0x00, 0x00, 0x00, 0x00, 0x00, 0x00, 0x00, 0x00, 0x00, 0x00, 0x00, 0x00, 
    0x00, 0x00, 0x00, 0x00, 0x00, 0x00, 0x00, 0x00, 0x00, 0x80, 0x00, 0x00, 0x00, 0x00, 0x00, 0x00, 
    0x01, 0x80, 0x00, 0x00, 0x00, 0x00, 0x00, 0x00, 0x01, 0x80, 0x00, 0x00, 0x00, 0x00, 0x00, 0x00, 
    0x01, 0x80, 0x00, 0x00, 0x00, 0x00, 0x60, 0x00, 0x01, 0x80, 0x00, 0x7E, 0x00, 0x01, 0xF8, 0x00, 
    0x01, 0x80, 0x00, 0x7F, 0x00, 0x01, 0xDC, 0x00, 0x01, 0x80, 0x00, 0xC3, 0x00, 0x03, 0x0C, 0x00, 
    0x01, 0x80, 0x01, 0xC3, 0x80, 0x03, 0x0C, 0x00, 0x01, 0x80, 0x03, 0xC3, 0xC7, 0x87, 0x0C, 0x00, 
    0x01, 0x83, 0xF3, 0xE7, 0xCF, 0xDF, 0x9C, 0x00, 0x01, 0x83, 0xFF, 0x7E, 0x7C, 0xFD, 0xF8, 0x00, 
    0x01, 0x86, 0x1E, 0x3C, 0x78, 0x70, 0x70, 0x00, 0x01, 0x86, 0x1C, 0x00, 0x38, 0x60, 0x00, 0x00, 
    0x01, 0x86, 0x1C, 0x00, 0x18, 0x60, 0x00, 0x00, 0x01, 0x87, 0x38, 0x00, 0x0F, 0xE0, 0x00, 0x00, 
    0x01, 0x83, 0xF0, 0x00, 0x0F, 0xC0, 0x00, 0x00, 0x01, 0x81, 0xE0, 0x00, 0x03, 0x00, 0x00, 0x00, 
    0x01, 0x80, 0x00, 0x00, 0x00, 0x00, 0x00, 0x00, 0x01, 0x80, 0x00, 0x00, 0x00, 0x00, 0x00, 0x00, 
    0x01, 0x80, 0x00, 0x00, 0x00, 0x00, 0x00, 0x00, 0x01, 0x80, 0x00, 0x00, 0x00, 0x00, 0x00, 0x00, 
    0x01, 0x80, 0x00, 0x00, 0x00, 0x00, 0x00, 0x00, 0x01, 0x80, 0x00, 0x00, 0x00, 0x00, 0x00, 0x00, 
    0x01, 0x80, 0x00, 0x00, 0x00, 0x00, 0x00, 0x00, 0x01, 0x80, 0x00, 0x00, 0x00, 0x00, 0x00, 0x00, 
    0x01, 0x80, 0x00, 0x00, 0x00, 0x00, 0x00, 0x00, 0x01, 0x80, 0x00, 0x00, 0x00, 0x00, 0x00, 0x00, 
    0x01, 0x80, 0x00, 0x00, 0x00, 0x00, 0x00, 0x00, 0x01, 0x80, 0x00, 0x00, 0x00, 0x00, 0x00, 0x00, 
    0x01, 0x80, 0x00, 0x00, 0x00, 0x00, 0x00, 0x00, 0x01, 0x80, 0x00, 0x00, 0x00, 0x00, 0x00, 0x00, 
    0x01, 0x80, 0x00, 0x00, 0x00, 0x00, 0x00, 0x00, 0x01, 0x80, 0x00, 0x00, 0x00, 0x00, 0x00, 0x00, 
    0x01, 0x80, 0x00, 0x00, 0x00, 0x00, 0x00, 0x00, 0x01, 0xFF, 0xFF, 0xFF, 0xFF, 0xFF, 0xFF, 0x00, 
    0x01, 0xFF, 0xFF, 0xFF, 0xFF, 0xFF, 0xFF, 0x80, 0x00, 0x00, 0x00, 0x00, 0x00, 0x00, 0x00, 0x00, 
    0x00, 0x00, 0x00, 0x00, 0x00, 0x00, 0x00, 0x00, 0x00, 0x00, 0x00, 0x00, 0x00, 0x00, 0x00, 0x00, 
    0x00, 0x00, 0x00, 0x00, 0x00, 0x00, 0x00, 0x00, 0x00, 0x01, 0xE0, 0x3C, 0x07, 0x80, 0xF0, 0x00, 
    0x00, 0x00, 0xC0, 0x18, 0x03, 0x80, 0x70, 0x00, 0x00, 0x00, 0x00, 0x00, 0x00, 0x00, 0x00, 0x00, 
    0x00, 0x00, 0x00, 0x00, 0x00, 0x00, 0x00, 0x00, 0x00, 0x00, 0x00, 0x00, 0x00, 0x00, 0x00, 0x00, 
    0x00, 0x00, 0x00, 0x00, 0x00, 0x00, 0x00, 0x00, 0x00, 0x00, 0x00, 0x00, 0x00, 0x00, 0x00, 0x00, 
    0x00, 0x00, 0x00, 0x00, 0x00, 0x00, 0x00, 0x00, 0x00, 0x00, 0x00, 0x00, 0x00, 0x00, 0x00, 0x00, 
    0x00, 0x00, 0x00, 0x00, 0x00, 0x00, 0x00, 0x00, 0x00, 0x00, 0x00, 0x00, 0x00, 0x00, 0x00, 0x00, 
    0x00, 0x00, 0x00, 0x00, 0x00, 0x00, 0x00, 0x00, 0x00, 0x00, 0x00, 0x00, 0x00, 0x00, 0x00, 0x00, 
      },
  {
    0x00, 0x00, 0x00, 0x00, 0x00, 0x00, 0x00, 0x00, 0x00, 0x00, 0x00, 0x00, 0x00, 0x00, 0x00, 0x00, 
    0x00, 0x00, 0x00, 0x00, 0x00, 0x00, 0x00, 0x00, 0x00, 0x00, 0x00, 0x00, 0x00, 0x00, 0x00, 0x00, 
    0x00, 0x00, 0x00, 0x00, 0x00, 0x00, 0x00, 0x00, 0x00, 0x00, 0x00, 0x00, 0x00, 0x00, 0x00, 0x00, 
    0x00, 0x00, 0x00, 0x00, 0x00, 0x00, 0x00, 0x00, 0x00, 0x00, 0x00, 0x00, 0x00, 0x00, 0x00, 0x00, 
    0x00, 0x00, 0x00, 0x00, 0x00, 0x00, 0x00, 0x00, 0x00, 0x00, 0x00, 0x00, 0x00, 0x00, 0x00, 0x00, 
    0x00, 0x00, 0x00, 0x00, 0x00, 0x00, 0x00, 0x00, 0x00, 0x80, 0x00, 0x00, 0x00, 0x00, 0x60, 0x00, 
    0x01, 0x80, 0x00, 0x3C, 0x00, 0x01, 0xF8, 0x00, 0x01, 0x80, 0x00, 0x7E, 0x00, 0x01, 0xDC, 0x00, 
    0x01, 0x80, 0x00, 0xE7, 0x00, 0x03, 0x0C, 0x00, 0x01, 0x80, 0x01, 0xC3, 0x80, 0x03, 0x0C, 0x00, 
    0x01, 0x81, 0xE1, 0xC3, 0xC3, 0x87, 0x0C, 0x00, 0x01, 0x83, 0xF3, 0xC3, 0xCF, 0xDF, 0x9C, 0x00, 
    0x01, 0x87, 0x3F, 0x7E, 0x7C, 0xFD, 0xF8, 0x00, 0x01, 0x86, 0x1E, 0x3E, 0x78, 0x70, 0x70, 0x00, 
    0x01, 0x86, 0x1C, 0x08, 0x38, 0x60, 0x00, 0x00, 0x01, 0x86, 0x18, 0x00, 0x18, 0x60, 0x00, 0x00, 
    0x01, 0x83, 0xF8, 0x00, 0x1E, 0xE0, 0x00, 0x00, 0x01, 0x83, 0xF0, 0x00, 0x0F, 0xC0, 0x00, 0x00, 
    0x01, 0x80, 0xC0, 0x00, 0x03, 0x00, 0x00, 0x00, 0x01, 0x80, 0x00, 0x00, 0x00, 0x00, 0x00, 0x00, 
    0x01, 0x80, 0x00, 0x00, 0x00, 0x00, 0x00, 0x00, 0x01, 0x80, 0x00, 0x00, 0x00, 0x00, 0x00, 0x00, 
    0x01, 0x80, 0x00, 0x00, 0x00, 0x00, 0x00, 0x00, 0x01, 0x80, 0x00, 0x00, 0x00, 0x00, 0x00, 0x00, 
    0x01, 0x80, 0x00, 0x00, 0x00, 0x00, 0x00, 0x00, 0x01, 0x80, 0x00, 0x00, 0x00, 0x00, 0x00, 0x00, 
    0x01, 0x80, 0x00, 0x00, 0x00, 0x00, 0x00, 0x00, 0x01, 0x80, 0x00, 0x00, 0x00, 0x00, 0x00, 0x00, 
    0x01, 0x80, 0x00, 0x00, 0x00, 0x00, 0x00, 0x00, 0x01, 0x80, 0x00, 0x00, 0x00, 0x00, 0x00, 0x00, 
    0x01, 0x80, 0x00, 0x00, 0x00, 0x00, 0x00, 0x00, 0x01, 0x80, 0x00, 0x00, 0x00, 0x00, 0x00, 0x00, 
    0x01, 0x80, 0x00, 0x00, 0x00, 0x00, 0x00, 0x00, 0x01, 0x80, 0x00, 0x00, 0x00, 0x00, 0x00, 0x00, 
    0x01, 0x80, 0x00, 0x00, 0x00, 0x00, 0x00, 0x00, 0x01, 0x80, 0x00, 0x00, 0x00, 0x00, 0x00, 0x00, 
    0x01, 0x80, 0x00, 0x00, 0x00, 0x00, 0x00, 0x00, 0x01, 0x80, 0x00, 0x00, 0x00, 0x00, 0x00, 0x00, 
    0x01, 0x80, 0x00, 0x00, 0x00, 0x00, 0x00, 0x00, 0x01, 0xFF, 0xFF, 0xFF, 0xFF, 0xFF, 0xFF, 0x00, 
    0x01, 0xFF, 0xFF, 0xFF, 0xFF, 0xFF, 0xFF, 0x80, 0x00, 0x00, 0x00, 0x00, 0x00, 0x00, 0x00, 0x00, 
    0x00, 0x00, 0x00, 0x00, 0x00, 0x00, 0x00, 0x00, 0x00, 0x00, 0x00, 0x00, 0x00, 0x00, 0x00, 0x00, 
    0x00, 0x00, 0x00, 0x00, 0x00, 0x00, 0x00, 0x00, 0x00, 0x01, 0xE0, 0x3C, 0x07, 0x80, 0xF0, 0x00, 
    0x00, 0x00, 0xC0, 0x18, 0x03, 0x80, 0x70, 0x00, 0x00, 0x00, 0x00, 0x00, 0x00, 0x00, 0x00, 0x00, 
    0x00, 0x00, 0x00, 0x00, 0x00, 0x00, 0x00, 0x00, 0x00, 0x00, 0x00, 0x00, 0x00, 0x00, 0x00, 0x00, 
    0x00, 0x00, 0x00, 0x00, 0x00, 0x00, 0x00, 0x00, 0x00, 0x00, 0x00, 0x00, 0x00, 0x00, 0x00, 0x00, 
    0x00, 0x00, 0x00, 0x00, 0x00, 0x00, 0x00, 0x00, 0x00, 0x00, 0x00, 0x00, 0x00, 0x00, 0x00, 0x00, 
    0x00, 0x00, 0x00, 0x00, 0x00, 0x00, 0x00, 0x00, 0x00, 0x00, 0x00, 0x00, 0x00, 0x00, 0x00, 0x00, 
    0x00, 0x00, 0x00, 0x00, 0x00, 0x00, 0x00, 0x00, 0x00, 0x00, 0x00, 0x00, 0x00, 0x00, 0x00, 0x00, 
      },
  {
    0x00, 0x00, 0x00, 0x00, 0x00, 0x00, 0x00, 0x00, 0x00, 0x00, 0x00, 0x00, 0x00, 0x00, 0x00, 0x00, 
    0x00, 0x00, 0x00, 0x00, 0x00, 0x00, 0x00, 0x00, 0x00, 0x00, 0x00, 0x00, 0x00, 0x00, 0x00, 0x00, 
    0x00, 0x00, 0x00, 0x00, 0x00, 0x00, 0x00, 0x00, 0x00, 0x00, 0x00, 0x00, 0x00, 0x00, 0x00, 0x00, 
    0x00, 0x00, 0x00, 0x00, 0x00, 0x00, 0x00, 0x00, 0x00, 0x00, 0x00, 0x00, 0x00, 0x00, 0x00, 0x00, 
    0x00, 0x00, 0x00, 0x00, 0x00, 0x00, 0x00, 0x00, 0x00, 0x00, 0x00, 0x00, 0x00, 0x00, 0x70, 0x00, 
    0x00, 0x00, 0x00, 0x3C, 0x00, 0x01, 0xF8, 0x00, 0x00, 0x80, 0x00, 0x7E, 0x00, 0x03, 0x9C, 0x00, 
    0x01, 0x80, 0x00, 0xE7, 0x00, 0x03, 0x0C, 0x00, 0x01, 0x80, 0x01, 0xC3, 0x80, 0x03, 0x0C, 0x00, 
    0x01, 0x83, 0xF3, 0xC3, 0x83, 0x87, 0x0C, 0x00, 0x01, 0x87, 0xF3, 0xC3, 0xCF, 0xDF, 0xDC, 0x00, 
    0x01, 0x86, 0x1E, 0x7F, 0xFC, 0xFD, 0xF8, 0x00, 0x01, 0x86, 0x1E, 0x7E, 0x78, 0x70, 0x60, 0x00, 
    0x01, 0x86, 0x1C, 0x18, 0x38, 0x60, 0x00, 0x00, 0x01, 0x87, 0x38, 0x00, 0x18, 0x60, 0x00, 0x00, 
    0x01, 0x83, 0xF0, 0x00, 0x1E, 0xE0, 0x00, 0x00, 0x01, 0x81, 0xE0, 0x00, 0x0F, 0xC0, 0x00, 0x00, 
    0x01, 0x80, 0x00, 0x00, 0x03, 0x00, 0x00, 0x00, 0x01, 0x80, 0x00, 0x00, 0x00, 0x00, 0x00, 0x00, 
    0x01, 0x80, 0x00, 0x00, 0x00, 0x00, 0x00, 0x00, 0x01, 0x80, 0x00, 0x00, 0x00, 0x00, 0x00, 0x00, 
    0x01, 0x80, 0x00, 0x00, 0x00, 0x00, 0x00, 0x00, 0x01, 0x80, 0x00, 0x00, 0x00, 0x00, 0x00, 0x00, 
    0x01, 0x80, 0x00, 0x00, 0x00, 0x00, 0x00, 0x00, 0x01, 0x80, 0x00, 0x00, 0x00, 0x00, 0x00, 0x00, 
    0x01, 0x80, 0x00, 0x00, 0x00, 0x00, 0x00, 0x00, 0x01, 0x80, 0x00, 0x00, 0x00, 0x00, 0x00, 0x00, 
    0x01, 0x80, 0x00, 0x00, 0x00, 0x00, 0x00, 0x00, 0x01, 0x80, 0x00, 0x00, 0x00, 0x00, 0x00, 0x00, 
    0x01, 0x80, 0x00, 0x00, 0x00, 0x00, 0x00, 0x00, 0x01, 0x80, 0x00, 0x00, 0x00, 0x00, 0x00, 0x00, 
    0x01, 0x80, 0x00, 0x00, 0x00, 0x00, 0x00, 0x00, 0x01, 0x80, 0x00, 0x00, 0x00, 0x00, 0x00, 0x00, 
    0x01, 0x80, 0x00, 0x00, 0x00, 0x00, 0x00, 0x00, 0x01, 0x80, 0x00, 0x00, 0x00, 0x00, 0x00, 0x00, 
    0x01, 0x80, 0x00, 0x00, 0x00, 0x00, 0x00, 0x00, 0x01, 0x80, 0x00, 0x00, 0x00, 0x00, 0x00, 0x00, 
    0x01, 0x80, 0x00, 0x00, 0x00, 0x00, 0x00, 0x00, 0x01, 0x80, 0x00, 0x00, 0x00, 0x00, 0x00, 0x00, 
    0x01, 0x80, 0x00, 0x00, 0x00, 0x00, 0x00, 0x00, 0x01, 0xFF, 0xFF, 0xFF, 0xFF, 0xFF, 0xFF, 0x00, 
    0x01, 0xFF, 0xFF, 0xFF, 0xFF, 0xFF, 0xFF, 0x80, 0x00, 0x00, 0x00, 0x00, 0x00, 0x00, 0x00, 0x00, 
    0x00, 0x00, 0x00, 0x00, 0x00, 0x00, 0x00, 0x00, 0x00, 0x00, 0x00, 0x00, 0x00, 0x00, 0x00, 0x00, 
    0x00, 0x00, 0x00, 0x00, 0x00, 0x00, 0x00, 0x00, 0x00, 0x01, 0xE0, 0x3C, 0x07, 0x80, 0xF0, 0x00, 
    0x00, 0x00, 0xC0, 0x18, 0x03, 0x80, 0x70, 0x00, 0x00, 0x00, 0x00, 0x00, 0x00, 0x00, 0x00, 0x00, 
    0x00, 0x00, 0x00, 0x00, 0x00, 0x00, 0x00, 0x00, 0x00, 0x00, 0x00, 0x00, 0x00, 0x00, 0x00, 0x00, 
    0x00, 0x00, 0x00, 0x00, 0x00, 0x00, 0x00, 0x00, 0x00, 0x00, 0x00, 0x00, 0x00, 0x00, 0x00, 0x00, 
    0x00, 0x00, 0x00, 0x00, 0x00, 0x00, 0x00, 0x00, 0x00, 0x00, 0x00, 0x00, 0x00, 0x00, 0x00, 0x00, 
    0x00, 0x00, 0x00, 0x00, 0x00, 0x00, 0x00, 0x00, 0x00, 0x00, 0x00, 0x00, 0x00, 0x00, 0x00, 0x00, 
    0x00, 0x00, 0x00, 0x00, 0x00, 0x00, 0x00, 0x00, 0x00, 0x00, 0x00, 0x00, 0x00, 0x00, 0x00, 0x00, 
      },
  {
    0x00, 0x00, 0x00, 0x00, 0x00, 0x00, 0x00, 0x00, 0x00, 0x00, 0x00, 0x00, 0x00, 0x00, 0x00, 0x00, 
    0x00, 0x00, 0x00, 0x00, 0x00, 0x00, 0x00, 0x00, 0x00, 0x00, 0x00, 0x00, 0x00, 0x00, 0x00, 0x00, 
    0x00, 0x00, 0x00, 0x00, 0x00, 0x00, 0x00, 0x00, 0x00, 0x00, 0x00, 0x00, 0x00, 0x00, 0x00, 0x00, 
    0x00, 0x00, 0x00, 0x00, 0x00, 0x00, 0x00, 0x00, 0x00, 0x00, 0x00, 0x00, 0x00, 0x00, 0x70, 0x00, 
    0x00, 0x00, 0x00, 0x18, 0x00, 0x01, 0xF8, 0x00, 0x00, 0x00, 0x00, 0x7E, 0x00, 0x01, 0x9C, 0x00, 
    0x00, 0x00, 0x00, 0xFF, 0x00, 0x03, 0x0C, 0x00, 0x00, 0x80, 0xC1, 0xC3, 0x00, 0x03, 0x0C, 0x00, 
    0x01, 0x83, 0xF1, 0xC3, 0x83, 0x07, 0x0C, 0x00, 0x01, 0x87, 0x3B, 0xC3, 0xCF, 0xDF, 0xDC, 0x00, 
    0x01, 0x86, 0x1E, 0xE7, 0xFE, 0xFD, 0xF8, 0x00, 0x01, 0x86, 0x1E, 0x7E, 0x78, 0x70, 0x60, 0x00, 
    0x01, 0x86, 0x1C, 0x1C, 0x38, 0x60, 0x00, 0x00, 0x01, 0x87, 0x38, 0x00, 0x18, 0x60, 0x00, 0x00, 
    0x01, 0x83, 0xF0, 0x00, 0x1C, 0xE0, 0x00, 0x00, 0x01, 0x80, 0xC0, 0x00, 0x0F, 0xC0, 0x00, 0x00, 
    0x01, 0x80, 0x00, 0x00, 0x03, 0x80, 0x00, 0x00, 0x01, 0x80, 0x00, 0x00, 0x00, 0x00, 0x00, 0x00, 
    0x01, 0x80, 0x00, 0x00, 0x00, 0x00, 0x00, 0x00, 0x01, 0x80, 0x00, 0x00, 0x00, 0x00, 0x00, 0x00, 
    0x01, 0x80, 0x00, 0x00, 0x00, 0x00, 0x00, 0x00, 0x01, 0x80, 0x00, 0x00, 0x00, 0x00, 0x00, 0x00, 
    0x01, 0x80, 0x00, 0x00, 0x00, 0x00, 0x00, 0x00, 0x01, 0x80, 0x00, 0x00, 0x00, 0x00, 0x00, 0x00, 
    0x01, 0x80, 0x00, 0x00, 0x00, 0x00, 0x00, 0x00, 0x01, 0x80, 0x00, 0x00, 0x00, 0x00, 0x00, 0x00, 
    0x01, 0x80, 0x00, 0x00, 0x00, 0x00, 0x00, 0x00, 0x01, 0x80, 0x00, 0x00, 0x00, 0x00, 0x00, 0x00, 
    0x01, 0x80, 0x00, 0x00, 0x00, 0x00, 0x00, 0x00, 0x01, 0x80, 0x00, 0x00, 0x00, 0x00, 0x00, 0x00, 
    0x01, 0x80, 0x00, 0x00, 0x00, 0x00, 0x00, 0x00, 0x01, 0x80, 0x00, 0x00, 0x00, 0x00, 0x00, 0x00, 
    0x01, 0x80, 0x00, 0x00, 0x00, 0x00, 0x00, 0x00, 0x01, 0x80, 0x00, 0x00, 0x00, 0x00, 0x00, 0x00, 
    0x01, 0x80, 0x00, 0x00, 0x00, 0x00, 0x00, 0x00, 0x01, 0x80, 0x00, 0x00, 0x00, 0x00, 0x00, 0x00, 
    0x01, 0x80, 0x00, 0x00, 0x00, 0x00, 0x00, 0x00, 0x01, 0x80, 0x00, 0x00, 0x00, 0x00, 0x00, 0x00, 
    0x01, 0x80, 0x00, 0x00, 0x00, 0x00, 0x00, 0x00, 0x01, 0x80, 0x00, 0x00, 0x00, 0x00, 0x00, 0x00, 
    0x01, 0x80, 0x00, 0x00, 0x00, 0x00, 0x00, 0x00, 0x01, 0xFF, 0xFF, 0xFF, 0xFF, 0xFF, 0xFF, 0x00, 
    0x01, 0xFF, 0xFF, 0xFF, 0xFF, 0xFF, 0xFF, 0x80, 0x00, 0x00, 0x00, 0x00, 0x00, 0x00, 0x00, 0x00, 
    0x00, 0x00, 0x00, 0x00, 0x00, 0x00, 0x00, 0x00, 0x00, 0x00, 0x00, 0x00, 0x00, 0x00, 0x00, 0x00, 
    0x00, 0x00, 0x00, 0x00, 0x00, 0x00, 0x00, 0x00, 0x00, 0x01, 0xE0, 0x3C, 0x07, 0x80, 0xF0, 0x00, 
    0x00, 0x00, 0xC0, 0x18, 0x03, 0x80, 0x70, 0x00, 0x00, 0x00, 0x00, 0x00, 0x00, 0x00, 0x00, 0x00, 
    0x00, 0x00, 0x00, 0x00, 0x00, 0x00, 0x00, 0x00, 0x00, 0x00, 0x00, 0x00, 0x00, 0x00, 0x00, 0x00, 
    0x00, 0x00, 0x00, 0x00, 0x00, 0x00, 0x00, 0x00, 0x00, 0x00, 0x00, 0x00, 0x00, 0x00, 0x00, 0x00, 
    0x00, 0x00, 0x00, 0x00, 0x00, 0x00, 0x00, 0x00, 0x00, 0x00, 0x00, 0x00, 0x00, 0x00, 0x00, 0x00, 
    0x00, 0x00, 0x00, 0x00, 0x00, 0x00, 0x00, 0x00, 0x00, 0x00, 0x00, 0x00, 0x00, 0x00, 0x00, 0x00, 
    0x00, 0x00, 0x00, 0x00, 0x00, 0x00, 0x00, 0x00, 0x00, 0x00, 0x00, 0x00, 0x00, 0x00, 0x00, 0x00, 
      },
  {
    0x00, 0x00, 0x00, 0x00, 0x00, 0x00, 0x00, 0x00, 0x00, 0x00, 0x00, 0x00, 0x00, 0x00, 0x00, 0x00, 
    0x00, 0x00, 0x00, 0x00, 0x00, 0x00, 0x00, 0x00, 0x00, 0x00, 0x00, 0x00, 0x00, 0x00, 0x00, 0x00, 
    0x00, 0x00, 0x00, 0x00, 0x00, 0x00, 0x00, 0x00, 0x00, 0x00, 0x00, 0x00, 0x00, 0x00, 0x00, 0x00, 
    0x00, 0x00, 0x00, 0x00, 0x00, 0x00, 0xF8, 0x00, 0x00, 0x00, 0x00, 0x3C, 0x00, 0x01, 0xFC, 0x00, 
    0x00, 0x00, 0x00, 0x7E, 0x00, 0x03, 0x8C, 0x00, 0x00, 0x00, 0xC0, 0xE7, 0x00, 0x03, 0x0C, 0x00, 
    0x00, 0x03, 0xF1, 0xC3, 0x80, 0x03, 0x0C, 0x00, 0x00, 0x87, 0x3B, 0xC3, 0xC7, 0x8F, 0x8C, 0x00, 
    0x01, 0x86, 0x1F, 0xC3, 0xCF, 0xFF, 0xF8, 0x00, 0x01, 0x86, 0x1E, 0x7E, 0x7C, 0xF8, 0xF0, 0x00, 
    0x01, 0x86, 0x1C, 0x3E, 0x78, 0x60, 0x00, 0x00, 0x01, 0x87, 0x38, 0x18, 0x38, 0x60, 0x00, 0x00, 
    0x01, 0x83, 0xF0, 0x00, 0x1C, 0x60, 0x00, 0x00, 0x01, 0x80, 0xC0, 0x00, 0x0F, 0xC0, 0x00, 0x00, 
    0x01, 0x80, 0x00, 0x00, 0x07, 0x80, 0x00, 0x00, 0x01, 0x80, 0x00, 0x00, 0x01, 0x00, 0x00, 0x00, 
    0x01, 0x80, 0x00, 0x00, 0x00, 0x00, 0x00, 0x00, 0x01, 0x80, 0x00, 0x00, 0x00, 0x00, 0x00, 0x00, 
    0x01, 0x80, 0x00, 0x00, 0x00, 0x00, 0x00, 0x00, 0x01, 0x80, 0x00, 0x00, 0x00, 0x00, 0x00, 0x00, 
    0x01, 0x80, 0x00, 0x00, 0x00, 0x00, 0x00, 0x00, 0x01, 0x80, 0x00, 0x00, 0x00, 0x00, 0x00, 0x00, 
    0x01, 0x80, 0x00, 0x00, 0x00, 0x00, 0x00, 0x00, 0x01, 0x80, 0x00, 0x00, 0x00, 0x00, 0x00, 0x00, 
    0x01, 0x80, 0x00, 0x00, 0x00, 0x00, 0x00, 0x00, 0x01, 0x80, 0x00, 0x00, 0x00, 0x00, 0x00, 0x00, 
    0x01, 0x80, 0x00, 0x00, 0x00, 0x00, 0x00, 0x00, 0x01, 0x80, 0x00, 0x00, 0x00, 0x00, 0x00, 0x00, 
    0x01, 0x80, 0x00, 0x00, 0x00, 0x00, 0x00, 0x00, 0x01, 0x80, 0x00, 0x00, 0x00, 0x00, 0x00, 0x00, 
    0x01, 0x80, 0x00, 0x00, 0x00, 0x00, 0x00, 0x00, 0x01, 0x80, 0x00, 0x00, 0x00, 0x00, 0x00, 0x00, 
    0x01, 0x80, 0x00, 0x00, 0x00, 0x00, 0x00, 0x00, 0x01, 0x80, 0x00, 0x00, 0x00, 0x00, 0x00, 0x00, 
    0x01, 0x80, 0x00, 0x00, 0x00, 0x00, 0x00, 0x00, 0x01, 0x80, 0x00, 0x00, 0x00, 0x00, 0x00, 0x00, 
    0x01, 0x80, 0x00, 0x00, 0x00, 0x00, 0x00, 0x00, 0x01, 0x80, 0x00, 0x00, 0x00, 0x00, 0x00, 0x00, 
    0x01, 0x80, 0x00, 0x00, 0x00, 0x00, 0x00, 0x00, 0x01, 0x80, 0x00, 0x00, 0x00, 0x00, 0x00, 0x00, 
    0x01, 0x80, 0x00, 0x00, 0x00, 0x00, 0x00, 0x00, 0x01, 0xFF, 0xFF, 0xFF, 0xFF, 0xFF, 0xFF, 0x00, 
    0x01, 0xFF, 0xFF, 0xFF, 0xFF, 0xFF, 0xFF, 0x80, 0x00, 0x00, 0x00, 0x00, 0x00, 0x00, 0x00, 0x00, 
    0x00, 0x00, 0x00, 0x00, 0x00, 0x00, 0x00, 0x00, 0x00, 0x00, 0x00, 0x00, 0x00, 0x00, 0x00, 0x00, 
    0x00, 0x00, 0x00, 0x00, 0x00, 0x00, 0x00, 0x00, 0x00, 0x01, 0xE0, 0x3C, 0x07, 0x80, 0xF0, 0x00, 
    0x00, 0x00, 0xC0, 0x18, 0x03, 0x80, 0x70, 0x00, 0x00, 0x00, 0x00, 0x00, 0x00, 0x00, 0x00, 0x00, 
    0x00, 0x00, 0x00, 0x00, 0x00, 0x00, 0x00, 0x00, 0x00, 0x00, 0x00, 0x00, 0x00, 0x00, 0x00, 0x00, 
    0x00, 0x00, 0x00, 0x00, 0x00, 0x00, 0x00, 0x00, 0x00, 0x00, 0x00, 0x00, 0x00, 0x00, 0x00, 0x00, 
    0x00, 0x00, 0x00, 0x00, 0x00, 0x00, 0x00, 0x00, 0x00, 0x00, 0x00, 0x00, 0x00, 0x00, 0x00, 0x00, 
    0x00, 0x00, 0x00, 0x00, 0x00, 0x00, 0x00, 0x00, 0x00, 0x00, 0x00, 0x00, 0x00, 0x00, 0x00, 0x00, 
    0x00, 0x00, 0x00, 0x00, 0x00, 0x00, 0x00, 0x00, 0x00, 0x00, 0x00, 0x00, 0x00, 0x00, 0x00, 0x00, 
      },
  {
    0x00, 0x00, 0x00, 0x00, 0x00, 0x00, 0x00, 0x00, 0x00, 0x00, 0x00, 0x00, 0x00, 0x00, 0x00, 0x00, 
    0x00, 0x00, 0x00, 0x00, 0x00, 0x00, 0x00, 0x00, 0x00, 0x00, 0x00, 0x00, 0x00, 0x00, 0x00, 0x00, 
    0x00, 0x00, 0x00, 0x00, 0x00, 0x00, 0x00, 0x00, 0x00, 0x00, 0x00, 0x00, 0x00, 0x00, 0xF0, 0x00, 
    0x00, 0x00, 0x00, 0x18, 0x00, 0x01, 0xF8, 0x00, 0x00, 0x00, 0x00, 0x7E, 0x00, 0x03, 0x8C, 0x00, 
    0x00, 0x00, 0x00, 0xE7, 0x00, 0x03, 0x0C, 0x00, 0x00, 0x03, 0xF1, 0xC3, 0x80, 0x03, 0x0C, 0x00, 
    0x00, 0x07, 0xFB, 0xC3, 0x83, 0x87, 0x8C, 0x00, 0x00, 0x86, 0x1F, 0xC3, 0xCF, 0xDF, 0xFC, 0x00, 
    0x01, 0x86, 0x1E, 0xE7, 0xFC, 0xF8, 0xF8, 0x00, 0x01, 0x86, 0x1C, 0x7E, 0x78, 0x70, 0x20, 0x00, 
    0x01, 0x87, 0x38, 0x18, 0x38, 0x60, 0x00, 0x00, 0x01, 0x83, 0xF0, 0x00, 0x18, 0x60, 0x00, 0x00, 
    0x01, 0x81, 0xE0, 0x00, 0x1F, 0xE0, 0x00, 0x00, 0x01, 0x80, 0x00, 0x00, 0x0F, 0xC0, 0x00, 0x00, 
    0x01, 0x80, 0x00, 0x00, 0x03, 0x00, 0x00, 0x00, 0x01, 0x80, 0x00, 0x00, 0x00, 0x00, 0x00, 0x00, 
    0x01, 0x80, 0x00, 0x00, 0x00, 0x00, 0x00, 0x00, 0x01, 0x80, 0x00, 0x00, 0x00, 0x00, 0x00, 0x00, 
    0x01, 0x80, 0x00, 0x00, 0x00, 0x00, 0x00, 0x00, 0x01, 0x80, 0x00, 0x00, 0x00, 0x00, 0x00, 0x00, 
    0x01, 0x80, 0x00, 0x00, 0x00, 0x00, 0x00, 0x00, 0x01, 0x80, 0x00, 0x00, 0x00, 0x00, 0x00, 0x00, 
    0x01, 0x80, 0x00, 0x00, 0x00, 0x00, 0x00, 0x00, 0x01, 0x80, 0x00, 0x00, 0x00, 0x00, 0x00, 0x00, 
    0x01, 0x80, 0x00, 0x00, 0x00, 0x00, 0x00, 0x00, 0x01, 0x80, 0x00, 0x00, 0x00, 0x00, 0x00, 0x00, 
    0x01, 0x80, 0x00, 0x00, 0x00, 0x00, 0x00, 0x00, 0x01, 0x80, 0x00, 0x00, 0x00, 0x00, 0x00, 0x00, 
    0x01, 0x80, 0x00, 0x00, 0x00, 0x00, 0x00, 0x00, 0x01, 0x80, 0x00, 0x00, 0x00, 0x00, 0x00, 0x00, 
    0x01, 0x80, 0x00, 0x00, 0x00, 0x00, 0x00, 0x00, 0x01, 0x80, 0x00, 0x00, 0x00, 0x00, 0x00, 0x00, 
    0x01, 0x80, 0x00, 0x00, 0x00, 0x00, 0x00, 0x00, 0x01, 0x80, 0x00, 0x00, 0x00, 0x00, 0x00, 0x00, 
    0x01, 0x80, 0x00, 0x00, 0x00, 0x00, 0x00, 0x00, 0x01, 0x80, 0x00, 0x00, 0x00, 0x00, 0x00, 0x00, 
    0x01, 0x80, 0x00, 0x00, 0x00, 0x00, 0x00, 0x00, 0x01, 0x80, 0x00, 0x00, 0x00, 0x00, 0x00, 0x00, 
    0x01, 0x80, 0x00, 0x00, 0x00, 0x00, 0x00, 0x00, 0x01, 0x80, 0x00, 0x00, 0x00, 0x00, 0x00, 0x00, 
    0x01, 0x80, 0x00, 0x00, 0x00, 0x00, 0x00, 0x00, 0x01, 0xFF, 0xFF, 0xFF, 0xFF, 0xFF, 0xFF, 0x00, 
    0x01, 0xFF, 0xFF, 0xFF, 0xFF, 0xFF, 0xFF, 0x80, 0x00, 0x00, 0x00, 0x00, 0x00, 0x00, 0x00, 0x00, 
    0x00, 0x00, 0x00, 0x00, 0x00, 0x00, 0x00, 0x00, 0x00, 0x00, 0x00, 0x00, 0x00, 0x00, 0x00, 0x00, 
    0x00, 0x00, 0x00, 0x00, 0x00, 0x00, 0x00, 0x00, 0x00, 0x01, 0xE0, 0x3C, 0x07, 0x80, 0xF0, 0x00, 
    0x00, 0x00, 0xC0, 0x18, 0x03, 0x80, 0x70, 0x00, 0x00, 0x00, 0x00, 0x00, 0x00, 0x00, 0x00, 0x00, 
    0x00, 0x00, 0x00, 0x00, 0x00, 0x00, 0x00, 0x00, 0x00, 0x00, 0x00, 0x00, 0x00, 0x00, 0x00, 0x00, 
    0x00, 0x00, 0x00, 0x00, 0x00, 0x00, 0x00, 0x00, 0x00, 0x00, 0x00, 0x00, 0x00, 0x00, 0x00, 0x00, 
    0x00, 0x00, 0x00, 0x00, 0x00, 0x00, 0x00, 0x00, 0x00, 0x00, 0x00, 0x00, 0x00, 0x00, 0x00, 0x00, 
    0x00, 0x00, 0x00, 0x00, 0x00, 0x00, 0x00, 0x00, 0x00, 0x00, 0x00, 0x00, 0x00, 0x00, 0x00, 0x00, 
    0x00, 0x00, 0x00, 0x00, 0x00, 0x00, 0x00, 0x00, 0x00, 0x00, 0x00, 0x00, 0x00, 0x00, 0x00, 0x00, 
      },
  {
    0x00, 0x00, 0x00, 0x00, 0x00, 0x00, 0x00, 0x00, 0x00, 0x00, 0x00, 0x00, 0x00, 0x00, 0x00, 0x00, 
    0x00, 0x00, 0x00, 0x00, 0x00, 0x00, 0x00, 0x00, 0x00, 0x00, 0x00, 0x00, 0x00, 0x00, 0x00, 0x00, 
    0x00, 0x00, 0x00, 0x00, 0x00, 0x00, 0xF8, 0x00, 0x00, 0x00, 0x00, 0x18, 0x00, 0x01, 0xFC, 0x00, 
    0x00, 0x00, 0x00, 0x7E, 0x00, 0x03, 0x8C, 0x00, 0x00, 0x01, 0xE0, 0xE7, 0x00, 0x03, 0x0C, 0x00, 
    0x00, 0x03, 0xF1, 0xC3, 0x80, 0x03, 0x0C, 0x00, 0x00, 0x07, 0x3B, 0xC3, 0x87, 0x8F, 0x9C, 0x00, 
    0x00, 0x06, 0x1F, 0xC3, 0xCF, 0xFF, 0xF8, 0x00, 0x00, 0x86, 0x1E, 0xE7, 0xFC, 0xF8, 0xF0, 0x00, 
    0x01, 0x86, 0x1C, 0x7E, 0x78, 0x60, 0x00, 0x00, 0x01, 0x83, 0xF0, 0x18, 0x38, 0x60, 0x00, 0x00, 
    0x01, 0x81, 0xE0, 0x00, 0x1C, 0x60, 0x00, 0x00, 0x01, 0x80, 0xC0, 0x00, 0x0F, 0xE0, 0x00, 0x00, 
    0x01, 0x80, 0x00, 0x00, 0x07, 0xC0, 0x00, 0x00, 0x01, 0x80, 0x00, 0x00, 0x01, 0x00, 0x00, 0x00, 
    0x01, 0x80, 0x00, 0x00, 0x00, 0x00, 0x00, 0x00, 0x01, 0x80, 0x00, 0x00, 0x00, 0x00, 0x00, 0x00, 
    0x01, 0x80, 0x00, 0x00, 0x00, 0x00, 0x00, 0x00, 0x01, 0x80, 0x00, 0x00, 0x00, 0x00, 0x00, 0x00, 
    0x01, 0x80, 0x00, 0x00, 0x00, 0x00, 0x00, 0x00, 0x01, 0x80, 0x00, 0x00, 0x00, 0x00, 0x00, 0x00, 
    0x01, 0x80, 0x00, 0x00, 0x00, 0x00, 0x00, 0x00, 0x01, 0x80, 0x00, 0x00, 0x00, 0x00, 0x00, 0x00, 
    0x01, 0x80, 0x00, 0x00, 0x00, 0x00, 0x00, 0x00, 0x01, 0x80, 0x00, 0x00, 0x00, 0x00, 0x00, 0x00, 
    0x01, 0x80, 0x00, 0x00, 0x00, 0x00, 0x00, 0x00, 0x01, 0x80, 0x00, 0x00, 0x00, 0x00, 0x00, 0x00, 
    0x01, 0x80, 0x00, 0x00, 0x00, 0x00, 0x00, 0x00, 0x01, 0x80, 0x00, 0x00, 0x00, 0x00, 0x00, 0x00, 
    0x01, 0x80, 0x00, 0x00, 0x00, 0x00, 0x00, 0x00, 0x01, 0x80, 0x00, 0x00, 0x00, 0x00, 0x00, 0x00, 
    0x01, 0x80, 0x00, 0x00, 0x00, 0x00, 0x00, 0x00, 0x01, 0x80, 0x00, 0x00, 0x00, 0x00, 0x00, 0x00, 
    0x01, 0x80, 0x00, 0x00, 0x00, 0x00, 0x00, 0x00, 0x01, 0x80, 0x00, 0x00, 0x00, 0x00, 0x00, 0x00, 
    0x01, 0x80, 0x00, 0x00, 0x00, 0x00, 0x00, 0x00, 0x01, 0x80, 0x00, 0x00, 0x00, 0x00, 0x00, 0x00, 
    0x01, 0x80, 0x00, 0x00, 0x00, 0x00, 0x00, 0x00, 0x01, 0x80, 0x00, 0x00, 0x00, 0x00, 0x00, 0x00, 
    0x01, 0x80, 0x00, 0x00, 0x00, 0x00, 0x00, 0x00, 0x01, 0x80, 0x00, 0x00, 0x00, 0x00, 0x00, 0x00, 
    0x01, 0x80, 0x00, 0x00, 0x00, 0x00, 0x00, 0x00, 0x01, 0xFF, 0xFF, 0xFF, 0xFF, 0xFF, 0xFF, 0x00, 
    0x01, 0xFF, 0xFF, 0xFF, 0xFF, 0xFF, 0xFF, 0x80, 0x00, 0x00, 0x00, 0x00, 0x00, 0x00, 0x00, 0x00, 
    0x00, 0x00, 0x00, 0x00, 0x00, 0x00, 0x00, 0x00, 0x00, 0x00, 0x00, 0x00, 0x00, 0x00, 0x00, 0x00, 
    0x00, 0x00, 0x00, 0x00, 0x00, 0x00, 0x00, 0x00, 0x00, 0x01, 0xE0, 0x3C, 0x07, 0x80, 0xF0, 0x00, 
    0x00, 0x00, 0xC0, 0x18, 0x03, 0x80, 0x70, 0x00, 0x00, 0x00, 0x00, 0x00, 0x00, 0x00, 0x00, 0x00, 
    0x00, 0x00, 0x00, 0x00, 0x00, 0x00, 0x00, 0x00, 0x00, 0x00, 0x00, 0x00, 0x00, 0x00, 0x00, 0x00, 
    0x00, 0x00, 0x00, 0x00, 0x00, 0x00, 0x00, 0x00, 0x00, 0x00, 0x00, 0x00, 0x00, 0x00, 0x00, 0x00, 
    0x00, 0x00, 0x00, 0x00, 0x00, 0x00, 0x00, 0x00, 0x00, 0x00, 0x00, 0x00, 0x00, 0x00, 0x00, 0x00, 
    0x00, 0x00, 0x00, 0x00, 0x00, 0x00, 0x00, 0x00, 0x00, 0x00, 0x00, 0x00, 0x00, 0x00, 0x00, 0x00, 
    0x00, 0x00, 0x00, 0x00, 0x00, 0x00, 0x00, 0x00, 0x00, 0x00, 0x00, 0x00, 0x00, 0x00, 0x00, 0x00, 
      },
  {
    0x00, 0x00, 0x00, 0x00, 0x00, 0x00, 0x00, 0x00, 0x00, 0x00, 0x00, 0x00, 0x00, 0x00, 0x00, 0x00, 
    0x00, 0x00, 0x00, 0x00, 0x00, 0x00, 0x00, 0x00, 0x00, 0x00, 0x00, 0x00, 0x00, 0x00, 0x70, 0x00, 
    0x00, 0x00, 0x00, 0x00, 0x00, 0x01, 0xF8, 0x00, 0x00, 0x00, 0x00, 0x3C, 0x00, 0x01, 0x9C, 0x00, 
    0x00, 0x00, 0x00, 0x7E, 0x00, 0x03, 0x0C, 0x00, 0x00, 0x03, 0xF0, 0xE7, 0x00, 0x03, 0x0C, 0x00, 
    0x00, 0x07, 0xF1, 0xC3, 0x80, 0x03, 0x0C, 0x00, 0x00, 0x06, 0x1F, 0xC3, 0xC7, 0xCF, 0xDC, 0x00, 
    0x00, 0x06, 0x1E, 0xC3, 0xCF, 0xFD, 0xF8, 0x00, 0x00, 0x86, 0x1C, 0x7E, 0x78, 0x70, 0x60, 0x00, 
    0x01, 0x87, 0x38, 0x3E, 0x78, 0x60, 0x00, 0x00, 0x01, 0x83, 0xF0, 0x08, 0x38, 0x60, 0x00, 0x00, 
    0x01, 0x81, 0xE0, 0x00, 0x1C, 0xE0, 0x00, 0x00, 0x01, 0x80, 0x00, 0x00, 0x0F, 0xC0, 0x00, 0x00, 
    0x01, 0x80, 0x00, 0x00, 0x07, 0x80, 0x00, 0x00, 0x01, 0x80, 0x00, 0x00, 0x00, 0x00, 0x00, 0x00, 
    0x01, 0x80, 0x00, 0x00, 0x00, 0x00, 0x00, 0x00, 0x01, 0x80, 0x00, 0x00, 0x00, 0x00, 0x00, 0x00, 
    0x01, 0x80, 0x00, 0x00, 0x00, 0x00, 0x00, 0x00, 0x01, 0x80, 0x00, 0x00, 0x00, 0x00, 0x00, 0x00, 
    0x01, 0x80, 0x00, 0x00, 0x00, 0x00, 0x00, 0x00, 0x01, 0x80, 0x00, 0x00, 0x00, 0x00, 0x00, 0x00, 
    0x01, 0x80, 0x00, 0x00, 0x00, 0x00, 0x00, 0x00, 0x01, 0x80, 0x00, 0x00, 0x00, 0x00, 0x00, 0x00, 
    0x01, 0x80, 0x00, 0x00, 0x00, 0x00, 0x00, 0x00, 0x01, 0x80, 0x00, 0x00, 0x00, 0x00, 0x00, 0x00, 
    0x01, 0x80, 0x00, 0x00, 0x00, 0x00, 0x00, 0x00, 0x01, 0x80, 0x00, 0x00, 0x00, 0x00, 0x00, 0x00, 
    0x01, 0x80, 0x00, 0x00, 0x00, 0x00, 0x00, 0x00, 0x01, 0x80, 0x00, 0x00, 0x00, 0x00, 0x00, 0x00, 
    0x01, 0x80, 0x00, 0x00, 0x00, 0x00, 0x00, 0x00, 0x01, 0x80, 0x00, 0x00, 0x00, 0x00, 0x00, 0x00, 
    0x01, 0x80, 0x00, 0x00, 0x00, 0x00, 0x00, 0x00, 0x01, 0x80, 0x00, 0x00, 0x00, 0x00, 0x00, 0x00, 
    0x01, 0x80, 0x00, 0x00, 0x00, 0x00, 0x00, 0x00, 0x01, 0x80, 0x00, 0x00, 0x00, 0x00, 0x00, 0x00, 
    0x01, 0x80, 0x00, 0x00, 0x00, 0x00, 0x00, 0x00, 0x01, 0x80, 0x00, 0x00, 0x00, 0x00, 0x00, 0x00, 
    0x01, 0x80, 0x00, 0x00, 0x00, 0x00, 0x00, 0x00, 0x01, 0x80, 0x00, 0x00, 0x00, 0x00, 0x00, 0x00, 
    0x01, 0x80, 0x00, 0x00, 0x00, 0x00, 0x00, 0x00, 0x01, 0x80, 0x00, 0x00, 0x00, 0x00, 0x00, 0x00, 
    0x01, 0x80, 0x00, 0x00, 0x00, 0x00, 0x00, 0x00, 0x01, 0xFF, 0xFF, 0xFF, 0xFF, 0xFF, 0xFF, 0x00, 
    0x01, 0xFF, 0xFF, 0xFF, 0xFF, 0xFF, 0xFF, 0x80, 0x00, 0x00, 0x00, 0x00, 0x00, 0x00, 0x00, 0x00, 
    0x00, 0x00, 0x00, 0x00, 0x00, 0x00, 0x00, 0x00, 0x00, 0x00, 0x00, 0x00, 0x00, 0x00, 0x00, 0x00, 
    0x00, 0x00, 0x00, 0x00, 0x00, 0x00, 0x00, 0x00, 0x00, 0x01, 0xE0, 0x3C, 0x07, 0x80, 0xF0, 0x00, 
    0x00, 0x00, 0xC0, 0x18, 0x03, 0x80, 0x70, 0x00, 0x00, 0x00, 0x00, 0x00, 0x00, 0x00, 0x00, 0x00, 
    0x00, 0x00, 0x00, 0x00, 0x00, 0x00, 0x00, 0x00, 0x00, 0x00, 0x00, 0x00, 0x00, 0x00, 0x00, 0x00, 
    0x00, 0x00, 0x00, 0x00, 0x00, 0x00, 0x00, 0x00, 0x00, 0x00, 0x00, 0x00, 0x00, 0x00, 0x00, 0x00, 
    0x00, 0x00, 0x00, 0x00, 0x00, 0x00, 0x00, 0x00, 0x00, 0x00, 0x00, 0x00, 0x00, 0x00, 0x00, 0x00, 
    0x00, 0x00, 0x00, 0x00, 0x00, 0x00, 0x00, 0x00, 0x00, 0x00, 0x00, 0x00, 0x00, 0x00, 0x00, 0x00, 
    0x00, 0x00, 0x00, 0x00, 0x00, 0x00, 0x00, 0x00, 0x00, 0x00, 0x00, 0x00, 0x00, 0x00, 0x00, 0x00, 
      },
  {
    0x00, 0x00, 0x00, 0x00, 0x00, 0x00, 0x00, 0x00, 0x00, 0x00, 0x00, 0x00, 0x00, 0x00, 0x00, 0x00, 
    0x00, 0x00, 0x00, 0x00, 0x00, 0x00, 0x00, 0x00, 0x00, 0x00, 0x00, 0x00, 0x00, 0x00, 0xF0, 0x00, 
    0x00, 0x00, 0x00, 0x00, 0x00, 0x01, 0xF8, 0x00, 0x00, 0x00, 0x00, 0x3C, 0x00, 0x03, 0x8C, 0x00, 
    0x00, 0x01, 0xE0, 0x7E, 0x00, 0x03, 0x0C, 0x00, 0x00, 0x03, 0xF1, 0xC3, 0x00, 0x03, 0x0C, 0x00, 
    0x00, 0x07, 0x3B, 0xC3, 0x83, 0x07, 0x8C, 0x00, 0x00, 0x06, 0x1F, 0xC3, 0xCF, 0xDF, 0xFC, 0x00, 
    0x00, 0x06, 0x1E, 0xE7, 0xFC, 0xFC, 0xF8, 0x00, 0x00, 0x86, 0x1C, 0x7E, 0x78, 0x70, 0x20, 0x00, 
    0x01, 0x87, 0xF8, 0x3C, 0x38, 0x60, 0x00, 0x00, 0x01, 0x83, 0xF0, 0x00, 0x18, 0x60, 0x00, 0x00, 
    0x01, 0x80, 0xC0, 0x00, 0x1C, 0xE0, 0x00, 0x00, 0x01, 0x80, 0x00, 0x00, 0x0F, 0xC0, 0x00, 0x00, 
    0x01, 0x80, 0x00, 0x00, 0x03, 0x00, 0x00, 0x00, 0x01, 0x80, 0x00, 0x00, 0x00, 0x00, 0x00, 0x00, 
    0x01, 0x80, 0x00, 0x00, 0x00, 0x00, 0x00, 0x00, 0x01, 0x80, 0x00, 0x00, 0x00, 0x00, 0x00, 0x00, 
    0x01, 0x80, 0x00, 0x00, 0x00, 0x00, 0x00, 0x00, 0x01, 0x80, 0x00, 0x00, 0x00, 0x00, 0x00, 0x00, 
    0x01, 0x80, 0x00, 0x00, 0x00, 0x00, 0x00, 0x00, 0x01, 0x80, 0x00, 0x00, 0x00, 0x00, 0x00, 0x00, 
    0x01, 0x80, 0x00, 0x00, 0x00, 0x00, 0x00, 0x00, 0x01, 0x80, 0x00, 0x00, 0x00, 0x00, 0x00, 0x00, 
    0x01, 0x80, 0x00, 0x00, 0x00, 0x00, 0x00, 0x00, 0x01, 0x80, 0x00, 0x00, 0x00, 0x00, 0x00, 0x00, 
    0x01, 0x80, 0x00, 0x00, 0x00, 0x00, 0x00, 0x00, 0x01, 0x80, 0x00, 0x00, 0x00, 0x00, 0x00, 0x00, 
    0x01, 0x80, 0x00, 0x00, 0x00, 0x00, 0x00, 0x00, 0x01, 0x80, 0x00, 0x00, 0x00, 0x00, 0x00, 0x00, 
    0x01, 0x80, 0x00, 0x00, 0x00, 0x00, 0x00, 0x00, 0x01, 0x80, 0x00, 0x00, 0x00, 0x00, 0x00, 0x00, 
    0x01, 0x80, 0x00, 0x00, 0x00, 0x00, 0x00, 0x00, 0x01, 0x80, 0x00, 0x00, 0x00, 0x00, 0x00, 0x00, 
    0x01, 0x80, 0x00, 0x00, 0x00, 0x00, 0x00, 0x00, 0x01, 0x80, 0x00, 0x00, 0x00, 0x00, 0x00, 0x00, 
    0x01, 0x80, 0x00, 0x00, 0x00, 0x00, 0x00, 0x00, 0x01, 0x80, 0x00, 0x00, 0x00, 0x00, 0x00, 0x00, 
    0x01, 0x80, 0x00, 0x00, 0x00, 0x00, 0x00, 0x00, 0x01, 0x80, 0x00, 0x00, 0x00, 0x00, 0x00, 0x00, 
    0x01, 0x80, 0x00, 0x00, 0x00, 0x00, 0x00, 0x00, 0x01, 0x80, 0x00, 0x00, 0x00, 0x00, 0x00, 0x00, 
    0x01, 0x80, 0x00, 0x00, 0x00, 0x00, 0x00, 0x00, 0x01, 0xFF, 0xFF, 0xFF, 0xFF, 0xFF, 0xFF, 0x00, 
    0x01, 0xFF, 0xFF, 0xFF, 0xFF, 0xFF, 0xFF, 0x80, 0x00, 0x00, 0x00, 0x00, 0x00, 0x00, 0x00, 0x00, 
    0x00, 0x00, 0x00, 0x00, 0x00, 0x00, 0x00, 0x00, 0x00, 0x00, 0x00, 0x00, 0x00, 0x00, 0x00, 0x00, 
    0x00, 0x00, 0x00, 0x00, 0x00, 0x00, 0x00, 0x00, 0x00, 0x01, 0xE0, 0x3C, 0x07, 0x80, 0xF0, 0x00, 
    0x00, 0x00, 0xC0, 0x18, 0x03, 0x80, 0x70, 0x00, 0x00, 0x00, 0x00, 0x00, 0x00, 0x00, 0x00, 0x00, 
    0x00, 0x00, 0x00, 0x00, 0x00, 0x00, 0x00, 0x00, 0x00, 0x00, 0x00, 0x00, 0x00, 0x00, 0x00, 0x00, 
    0x00, 0x00, 0x00, 0x00, 0x00, 0x00, 0x00, 0x00, 0x00, 0x00, 0x00, 0x00, 0x00, 0x00, 0x00, 0x00, 
    0x00, 0x00, 0x00, 0x00, 0x00, 0x00, 0x00, 0x00, 0x00, 0x00, 0x00, 0x00, 0x00, 0x00, 0x00, 0x00, 
    0x00, 0x00, 0x00, 0x00, 0x00, 0x00, 0x00, 0x00, 0x00, 0x00, 0x00, 0x00, 0x00, 0x00, 0x00, 0x00, 
    0x00, 0x00, 0x00, 0x00, 0x00, 0x00, 0x00, 0x00, 0x00, 0x00, 0x00, 0x00, 0x00, 0x00, 0x00, 0x00, 
      },
  {
    0x00, 0x00, 0x00, 0x00, 0x00, 0x00, 0x00, 0x00, 0x00, 0x00, 0x00, 0x00, 0x00, 0x00, 0x00, 0x00, 
    0x00, 0x00, 0x00, 0x00, 0x00, 0x00, 0x00, 0x00, 0x00, 0x00, 0x00, 0x00, 0x00, 0x00, 0xF0, 0x00, 
    0x00, 0x00, 0x00, 0x00, 0x00, 0x01, 0xF8, 0x00, 0x00, 0x00, 0x00, 0x3C, 0x00, 0x03, 0x8C, 0x00, 
    0x00, 0x01, 0xE0, 0x7F, 0x00, 0x03, 0x0C, 0x00, 0x00, 0x03, 0xF1, 0xC3, 0x00, 0x03, 0x0C, 0x00, 
    0x00, 0x07, 0x3B, 0xC3, 0x83, 0x07, 0x8C, 0x00, 0x00, 0x06, 0x1F, 0xC3, 0xCF, 0xDF, 0xFC, 0x00, 
    0x00, 0x06, 0x1E, 0xE7, 0xFC, 0xF8, 0xF8, 0x00, 0x00, 0x86, 0x1C, 0x7E, 0x78, 0x70, 0x20, 0x00, 
    0x01, 0x87, 0xF8, 0x3C, 0x38, 0x60, 0x00, 0x00, 0x01, 0x83, 0xF0, 0x00, 0x18, 0x60, 0x00, 0x00, 
    0x01, 0x80, 0xC0, 0x00, 0x1C, 0xE0, 0x00, 0x00, 0x01, 0x80, 0x00, 0x00, 0x0F, 0xC0, 0x00, 0x00, 
    0x01, 0x80, 0x00, 0x00, 0x03, 0x00, 0x00, 0x00, 0x01, 0x80, 0x00, 0x00, 0x00, 0x00, 0x00, 0x00, 
    0x01, 0x80, 0x00, 0x00, 0x00, 0x00, 0x00, 0x00, 0x01, 0x80, 0x00, 0x00, 0x00, 0x00, 0x00, 0x00, 
    0x01, 0x80, 0x00, 0x00, 0x00, 0x00, 0x00, 0x00, 0x01, 0x80, 0x00, 0x00, 0x00, 0x00, 0x00, 0x00, 
    0x01, 0x80, 0x00, 0x00, 0x00, 0x00, 0x00, 0x00, 0x01, 0x80, 0x00, 0x00, 0x00, 0x00, 0x00, 0x00, 
    0x01, 0x80, 0x00, 0x00, 0x00, 0x00, 0x00, 0x00, 0x01, 0x80, 0x00, 0x00, 0x00, 0x00, 0x00, 0x00, 
    0x01, 0x80, 0x00, 0x00, 0x00, 0x00, 0x00, 0x00, 0x01, 0x80, 0x00, 0x00, 0x00, 0x00, 0x00, 0x00, 
    0x01, 0x80, 0x00, 0x00, 0x00, 0x00, 0x00, 0x00, 0x01, 0x80, 0x00, 0x00, 0x00, 0x00, 0x00, 0x00, 
    0x01, 0x80, 0x00, 0x00, 0x00, 0x00, 0x00, 0x00, 0x01, 0x80, 0x00, 0x00, 0x00, 0x00, 0x00, 0x00, 
    0x01, 0x80, 0x00, 0x00, 0x00, 0x00, 0x00, 0x00, 0x01, 0x80, 0x00, 0x00, 0x00, 0x00, 0x00, 0x00, 
    0x01, 0x80, 0x00, 0x00, 0x00, 0x00, 0x00, 0x00, 0x01, 0x80, 0x00, 0x00, 0x00, 0x00, 0x00, 0x00, 
    0x01, 0x80, 0x00, 0x00, 0x00, 0x00, 0x00, 0x00, 0x01, 0x80, 0x00, 0x00, 0x00, 0x00, 0x00, 0x00, 
    0x01, 0x80, 0x00, 0x00, 0x00, 0x00, 0x00, 0x00, 0x01, 0x80, 0x00, 0x00, 0x00, 0x00, 0x00, 0x00, 
    0x01, 0x80, 0x00, 0x00, 0x00, 0x00, 0x00, 0x00, 0x01, 0x80, 0x00, 0x00, 0x00, 0x00, 0x00, 0x00, 
    0x01, 0x80, 0x00, 0x00, 0x00, 0x00, 0x00, 0x00, 0x01, 0x80, 0x00, 0x00, 0x00, 0x00, 0x00, 0x00, 
    0x01, 0x80, 0x00, 0x00, 0x00, 0x00, 0x00, 0x00, 0x01, 0xFF, 0xFF, 0xFF, 0xFF, 0xFF, 0xFF, 0x00, 
    0x01, 0xFF, 0xFF, 0xFF, 0xFF, 0xFF, 0xFF, 0x80, 0x00, 0x00, 0x00, 0x00, 0x00, 0x00, 0x00, 0x00, 
    0x00, 0x00, 0x00, 0x00, 0x00, 0x00, 0x00, 0x00, 0x00, 0x00, 0x00, 0x00, 0x00, 0x00, 0x00, 0x00, 
    0x00, 0x00, 0x00, 0x00, 0x00, 0x00, 0x00, 0x00, 0x00, 0x01, 0xE0, 0x3C, 0x07, 0x80, 0xF0, 0x00, 
    0x00, 0x00, 0xC0, 0x18, 0x03, 0x80, 0x70, 0x00, 0x00, 0x00, 0x00, 0x00, 0x00, 0x00, 0x00, 0x00, 
    0x00, 0x00, 0x00, 0x00, 0x00, 0x00, 0x00, 0x00, 0x00, 0x00, 0x00, 0x00, 0x00, 0x00, 0x00, 0x00, 
    0x00, 0x00, 0x00, 0x00, 0x00, 0x00, 0x00, 0x00, 0x00, 0x00, 0x00, 0x00, 0x00, 0x00, 0x00, 0x00, 
    0x00, 0x00, 0x00, 0x00, 0x00, 0x00, 0x00, 0x00, 0x00, 0x00, 0x00, 0x00, 0x00, 0x00, 0x00, 0x00, 
    0x00, 0x00, 0x00, 0x00, 0x00, 0x00, 0x00, 0x00, 0x00, 0x00, 0x00, 0x00, 0x00, 0x00, 0x00, 0x00, 
    0x00, 0x00, 0x00, 0x00, 0x00, 0x00, 0x00, 0x00, 0x00, 0x00, 0x00, 0x00, 0x00, 0x00, 0x00, 0x00, 
      },
  {
    0x00, 0x00, 0x00, 0x00, 0x00, 0x00, 0x00, 0x00, 0x00, 0x00, 0x00, 0x00, 0x00, 0x00, 0x00, 0x00, 
    0x00, 0x00, 0x00, 0x00, 0x00, 0x00, 0x00, 0x00, 0x00, 0x00, 0x00, 0x00, 0x00, 0x00, 0x70, 0x00, 
    0x00, 0x00, 0x00, 0x00, 0x00, 0x01, 0xF8, 0x00, 0x00, 0x00, 0x00, 0x00, 0x00, 0x01, 0x9C, 0x00, 
    0x00, 0x00, 0x00, 0x7E, 0x00, 0x03, 0x0C, 0x00, 0x00, 0x01, 0xE0, 0xFF, 0x00, 0x03, 0x0C, 0x00, 
    0x00, 0x03, 0xF1, 0xC3, 0x80, 0x07, 0x0C, 0x00, 0x00, 0x06, 0x1B, 0xC3, 0x87, 0xCF, 0xDC, 0x00, 
    0x00, 0x06, 0x1F, 0xC3, 0xCF, 0xFD, 0xF8, 0x00, 0x00, 0x86, 0x1E, 0xE7, 0xF8, 0x70, 0x60, 0x00, 
    0x01, 0x87, 0x38, 0x7E, 0x78, 0x60, 0x00, 0x00, 0x01, 0x83, 0xF0, 0x3C, 0x38, 0x60, 0x00, 0x00, 
    0x01, 0x81, 0xE0, 0x00, 0x1C, 0xE0, 0x00, 0x00, 0x01, 0x80, 0x00, 0x00, 0x0F, 0xC0, 0x00, 0x00, 
    0x01, 0x80, 0x00, 0x00, 0x07, 0x80, 0x00, 0x00, 0x01, 0x80, 0x00, 0x00, 0x00, 0x00, 0x00, 0x00, 
    0x01, 0x80, 0x00, 0x00, 0x00, 0x00, 0x00, 0x00, 0x01, 0x80, 0x00, 0x00, 0x00, 0x00, 0x00, 0x00, 
    0x01, 0x80, 0x00, 0x00, 0x00, 0x00, 0x00, 0x00, 0x01, 0x80, 0x00, 0x00, 0x00, 0x00, 0x00, 0x00, 
    0x01, 0x80, 0x00, 0x00, 0x00, 0x00, 0x00, 0x00, 0x01, 0x80, 0x00, 0x00, 0x00, 0x00, 0x00, 0x00, 
    0x01, 0x80, 0x00, 0x00, 0x00, 0x00, 0x00, 0x00, 0x01, 0x80, 0x00, 0x00, 0x00, 0x00, 0x00, 0x00, 
    0x01, 0x80, 0x00, 0x00, 0x00, 0x00, 0x00, 0x00, 0x01, 0x80, 0x00, 0x00, 0x00, 0x00, 0x00, 0x00, 
    0x01, 0x80, 0x00, 0x00, 0x00, 0x00, 0x00, 0x00, 0x01, 0x80, 0x00, 0x00, 0x00, 0x00, 0x00, 0x00, 
    0x01, 0x80, 0x00, 0x00, 0x00, 0x00, 0x00, 0x00, 0x01, 0x80, 0x00, 0x00, 0x00, 0x00, 0x00, 0x00, 
    0x01, 0x80, 0x00, 0x00, 0x00, 0x00, 0x00, 0x00, 0x01, 0x80, 0x00, 0x00, 0x00, 0x00, 0x00, 0x00, 
    0x01, 0x80, 0x00, 0x00, 0x00, 0x00, 0x00, 0x00, 0x01, 0x80, 0x00, 0x00, 0x00, 0x00, 0x00, 0x00, 
    0x01, 0x80, 0x00, 0x00, 0x00, 0x00, 0x00, 0x00, 0x01, 0x80, 0x00, 0x00, 0x00, 0x00, 0x00, 0x00, 
    0x01, 0x80, 0x00, 0x00, 0x00, 0x00, 0x00, 0x00, 0x01, 0x80, 0x00, 0x00, 0x00, 0x00, 0x00, 0x00, 
    0x01, 0x80, 0x00, 0x00, 0x00, 0x00, 0x00, 0x00, 0x01, 0x80, 0x00, 0x00, 0x00, 0x00, 0x00, 0x00, 
    0x01, 0x80, 0x00, 0x00, 0x00, 0x00, 0x00, 0x00, 0x01, 0x80, 0x00, 0x00, 0x00, 0x00, 0x00, 0x00, 
    0x01, 0x80, 0x00, 0x00, 0x00, 0x00, 0x00, 0x00, 0x01, 0xFF, 0xFF, 0xFF, 0xFF, 0xFF, 0xFF, 0x00, 
    0x01, 0xFF, 0xFF, 0xFF, 0xFF, 0xFF, 0xFF, 0x80, 0x00, 0x00, 0x00, 0x00, 0x00, 0x00, 0x00, 0x00, 
    0x00, 0x00, 0x00, 0x00, 0x00, 0x00, 0x00, 0x00, 0x00, 0x00, 0x00, 0x00, 0x00, 0x00, 0x00, 0x00, 
    0x00, 0x00, 0x00, 0x00, 0x00, 0x00, 0x00, 0x00, 0x00, 0x01, 0xE0, 0x3C, 0x07, 0x80, 0xF0, 0x00, 
    0x00, 0x00, 0xC0, 0x18, 0x03, 0x80, 0x70, 0x00, 0x00, 0x00, 0x00, 0x00, 0x00, 0x00, 0x00, 0x00, 
    0x00, 0x00, 0x00, 0x00, 0x00, 0x00, 0x00, 0x00, 0x00, 0x00, 0x00, 0x00, 0x00, 0x00, 0x00, 0x00, 
    0x00, 0x00, 0x00, 0x00, 0x00, 0x00, 0x00, 0x00, 0x00, 0x00, 0x00, 0x00, 0x00, 0x00, 0x00, 0x00, 
    0x00, 0x00, 0x00, 0x00, 0x00, 0x00, 0x00, 0x00, 0x00, 0x00, 0x00, 0x00, 0x00, 0x00, 0x00, 0x00, 
    0x00, 0x00, 0x00, 0x00, 0x00, 0x00, 0x00, 0x00, 0x00, 0x00, 0x00, 0x00, 0x00, 0x00, 0x00, 0x00, 
    0x00, 0x00, 0x00, 0x00, 0x00, 0x00, 0x00, 0x00, 0x00, 0x00, 0x00, 0x00, 0x00, 0x00, 0x00, 0x00, 
      },
  {
    0x00, 0x00, 0x00, 0x00, 0x00, 0x00, 0x00, 0x00, 0x00, 0x00, 0x00, 0x00, 0x00, 0x00, 0x00, 0x00, 
    0x00, 0x00, 0x00, 0x00, 0x00, 0x00, 0x00, 0x00, 0x00, 0x00, 0x00, 0x00, 0x00, 0x00, 0x00, 0x00, 
    0x00, 0x00, 0x00, 0x00, 0x00, 0x00, 0xF8, 0x00, 0x00, 0x00, 0x00, 0x00, 0x00, 0x01, 0xFC, 0x00, 
    0x00, 0x00, 0x00, 0x18, 0x00, 0x03, 0x0C, 0x00, 0x00, 0x01, 0xE0, 0x7E, 0x00, 0x03, 0x0C, 0x00, 
    0x00, 0x03, 0xF0, 0xE7, 0x00, 0x03, 0x0C, 0x00, 0x00, 0x07, 0x39, 0xC3, 0x87, 0x8F, 0x9C, 0x00, 
    0x00, 0x06, 0x1F, 0xC3, 0xCF, 0xFF, 0xF8, 0x00, 0x00, 0x86, 0x1E, 0xC3, 0xFC, 0xF8, 0xF0, 0x00, 
    0x01, 0x86, 0x1C, 0xE7, 0x78, 0x60, 0x00, 0x00, 0x01, 0x87, 0xF8, 0x7E, 0x38, 0x60, 0x00, 0x00, 
    0x01, 0x83, 0xF0, 0x18, 0x1C, 0x60, 0x00, 0x00, 0x01, 0x80, 0xC0, 0x00, 0x0F, 0xC0, 0x00, 0x00, 
    0x01, 0x80, 0x00, 0x00, 0x07, 0x80, 0x00, 0x00, 0x01, 0x80, 0x00, 0x00, 0x01, 0x00, 0x00, 0x00, 
    0x01, 0x80, 0x00, 0x00, 0x00, 0x00, 0x00, 0x00, 0x01, 0x80, 0x00, 0x00, 0x00, 0x00, 0x00, 0x00, 
    0x01, 0x80, 0x00, 0x00, 0x00, 0x00, 0x00, 0x00, 0x01, 0x80, 0x00, 0x00, 0x00, 0x00, 0x00, 0x00, 
    0x01, 0x80, 0x00, 0x00, 0x00, 0x00, 0x00, 0x00, 0x01, 0x80, 0x00, 0x00, 0x00, 0x00, 0x00, 0x00, 
    0x01, 0x80, 0x00, 0x00, 0x00, 0x00, 0x00, 0x00, 0x01, 0x80, 0x00, 0x00, 0x00, 0x00, 0x00, 0x00, 
    0x01, 0x80, 0x00, 0x00, 0x00, 0x00, 0x00, 0x00, 0x01, 0x80, 0x00, 0x00, 0x00, 0x00, 0x00, 0x00, 
    0x01, 0x80, 0x00, 0x00, 0x00, 0x00, 0x00, 0x00, 0x01, 0x80, 0x00, 0x00, 0x00, 0x00, 0x00, 0x00, 
    0x01, 0x80, 0x00, 0x00, 0x00, 0x00, 0x00, 0x00, 0x01, 0x80, 0x00, 0x00, 0x00, 0x00, 0x00, 0x00, 
    0x01, 0x80, 0x00, 0x00, 0x00, 0x00, 0x00, 0x00, 0x01, 0x80, 0x00, 0x00, 0x00, 0x00, 0x00, 0x00, 
    0x01, 0x80, 0x00, 0x00, 0x00, 0x00, 0x00, 0x00, 0x01, 0x80, 0x00, 0x00, 0x00, 0x00, 0x00, 0x00, 
    0x01, 0x80, 0x00, 0x00, 0x00, 0x00, 0x00, 0x00, 0x01, 0x80, 0x00, 0x00, 0x00, 0x00, 0x00, 0x00, 
    0x01, 0x80, 0x00, 0x00, 0x00, 0x00, 0x00, 0x00, 0x01, 0x80, 0x00, 0x00, 0x00, 0x00, 0x00, 0x00, 
    0x01, 0x80, 0x00, 0x00, 0x00, 0x00, 0x00, 0x00, 0x01, 0x80, 0x00, 0x00, 0x00, 0x00, 0x00, 0x00, 
    0x01, 0x80, 0x00, 0x00, 0x00, 0x00, 0x00, 0x00, 0x01, 0x80, 0x00, 0x00, 0x00, 0x00, 0x00, 0x00, 
    0x01, 0x80, 0x00, 0x00, 0x00, 0x00, 0x00, 0x00, 0x01, 0xFF, 0xFF, 0xFF, 0xFF, 0xFF, 0xFF, 0x00, 
    0x01, 0xFF, 0xFF, 0xFF, 0xFF, 0xFF, 0xFF, 0x80, 0x00, 0x00, 0x00, 0x00, 0x00, 0x00, 0x00, 0x00, 
    0x00, 0x00, 0x00, 0x00, 0x00, 0x00, 0x00, 0x00, 0x00, 0x00, 0x00, 0x00, 0x00, 0x00, 0x00, 0x00, 
    0x00, 0x00, 0x00, 0x00, 0x00, 0x00, 0x00, 0x00, 0x00, 0x01, 0xE0, 0x3C, 0x07, 0x80, 0xF0, 0x00, 
    0x00, 0x00, 0xC0, 0x18, 0x03, 0x80, 0x70, 0x00, 0x00, 0x00, 0x00, 0x00, 0x00, 0x00, 0x00, 0x00, 
    0x00, 0x00, 0x00, 0x00, 0x00, 0x00, 0x00, 0x00, 0x00, 0x00, 0x00, 0x00, 0x00, 0x00, 0x00, 0x00, 
    0x00, 0x00, 0x00, 0x00, 0x00, 0x00, 0x00, 0x00, 0x00, 0x00, 0x00, 0x00, 0x00, 0x00, 0x00, 0x00, 
    0x00, 0x00, 0x00, 0x00, 0x00, 0x00, 0x00, 0x00, 0x00, 0x00, 0x00, 0x00, 0x00, 0x00, 0x00, 0x00, 
    0x00, 0x00, 0x00, 0x00, 0x00, 0x00, 0x00, 0x00, 0x00, 0x00, 0x00, 0x00, 0x00, 0x00, 0x00, 0x00, 
    0x00, 0x00, 0x00, 0x00, 0x00, 0x00, 0x00, 0x00, 0x00, 0x00, 0x00, 0x00, 0x00, 0x00, 0x00, 0x00, 
      },
  {
    0x00, 0x00, 0x00, 0x00, 0x00, 0x00, 0x00, 0x00, 0x00, 0x00, 0x00, 0x00, 0x00, 0x00, 0x00, 0x00, 
    0x00, 0x00, 0x00, 0x00, 0x00, 0x00, 0x00, 0x00, 0x00, 0x00, 0x00, 0x00, 0x00, 0x00, 0x00, 0x00, 
    0x00, 0x00, 0x00, 0x00, 0x00, 0x00, 0x70, 0x00, 0x00, 0x00, 0x00, 0x00, 0x00, 0x01, 0xF8, 0x00, 
    0x00, 0x00, 0x00, 0x00, 0x00, 0x01, 0x9C, 0x00, 0x00, 0x00, 0x00, 0x00, 0x00, 0x03, 0x0C, 0x00, 
    0x00, 0x00, 0xC0, 0x3C, 0x00, 0x03, 0x0C, 0x00, 0x00, 0x03, 0xF0, 0x7E, 0x00, 0x07, 0x0C, 0x00, 
    0x00, 0x07, 0x38, 0xE7, 0x0F, 0xCF, 0xDC, 0x00, 0x00, 0x86, 0x1B, 0xC3, 0x8F, 0xFD, 0xF8, 0x00, 
    0x01, 0x86, 0x1F, 0xC3, 0xF8, 0x70, 0x60, 0x00, 0x01, 0x86, 0x1E, 0xC3, 0x78, 0x60, 0x00, 0x00, 
    0x01, 0x87, 0x38, 0x7F, 0x38, 0x60, 0x00, 0x00, 0x01, 0x83, 0xF0, 0x7E, 0x1C, 0xE0, 0x00, 0x00, 
    0x01, 0x80, 0xC0, 0x18, 0x0F, 0xC0, 0x00, 0x00, 0x01, 0x80, 0x00, 0x00, 0x07, 0x80, 0x00, 0x00, 
    0x01, 0x80, 0x00, 0x00, 0x00, 0x00, 0x00, 0x00, 0x01, 0x80, 0x00, 0x00, 0x00, 0x00, 0x00, 0x00, 
    0x01, 0x80, 0x00, 0x00, 0x00, 0x00, 0x00, 0x00, 0x01, 0x80, 0x00, 0x00, 0x00, 0x00, 0x00, 0x00, 
    0x01, 0x80, 0x00, 0x00, 0x00, 0x00, 0x00, 0x00, 0x01, 0x80, 0x00, 0x00, 0x00, 0x00, 0x00, 0x00, 
    0x01, 0x80, 0x00, 0x00, 0x00, 0x00, 0x00, 0x00, 0x01, 0x80, 0x00, 0x00, 0x00, 0x00, 0x00, 0x00, 
    0x01, 0x80, 0x00, 0x00, 0x00, 0x00, 0x00, 0x00, 0x01, 0x80, 0x00, 0x00, 0x00, 0x00, 0x00, 0x00, 
    0x01, 0x80, 0x00, 0x00, 0x00, 0x00, 0x00, 0x00, 0x01, 0x80, 0x00, 0x00, 0x00, 0x00, 0x00, 0x00, 
    0x01, 0x80, 0x00, 0x00, 0x00, 0x00, 0x00, 0x00, 0x01, 0x80, 0x00, 0x00, 0x00, 0x00, 0x00, 0x00, 
    0x01, 0x80, 0x00, 0x00, 0x00, 0x00, 0x00, 0x00, 0x01, 0x80, 0x00, 0x00, 0x00, 0x00, 0x00, 0x00, 
    0x01, 0x80, 0x00, 0x00, 0x00, 0x00, 0x00, 0x00, 0x01, 0x80, 0x00, 0x00, 0x00, 0x00, 0x00, 0x00, 
    0x01, 0x80, 0x00, 0x00, 0x00, 0x00, 0x00, 0x00, 0x01, 0x80, 0x00, 0x00, 0x00, 0x00, 0x00, 0x00, 
    0x01, 0x80, 0x00, 0x00, 0x00, 0x00, 0x00, 0x00, 0x01, 0x80, 0x00, 0x00, 0x00, 0x00, 0x00, 0x00, 
    0x01, 0x80, 0x00, 0x00, 0x00, 0x00, 0x00, 0x00, 0x01, 0x80, 0x00, 0x00, 0x00, 0x00, 0x00, 0x00, 
    0x01, 0x80, 0x00, 0x00, 0x00, 0x00, 0x00, 0x00, 0x01, 0x80, 0x00, 0x00, 0x00, 0x00, 0x00, 0x00, 
    0x01, 0x80, 0x00, 0x00, 0x00, 0x00, 0x00, 0x00, 0x01, 0xFF, 0xFF, 0xFF, 0xFF, 0xFF, 0xFF, 0x00, 
    0x01, 0xFF, 0xFF, 0xFF, 0xFF, 0xFF, 0xFF, 0x80, 0x00, 0x00, 0x00, 0x00, 0x00, 0x00, 0x00, 0x00, 
    0x00, 0x00, 0x00, 0x00, 0x00, 0x00, 0x00, 0x00, 0x00, 0x00, 0x00, 0x00, 0x00, 0x00, 0x00, 0x00, 
    0x00, 0x00, 0x00, 0x00, 0x00, 0x00, 0x00, 0x00, 0x00, 0x01, 0xE0, 0x3C, 0x07, 0x80, 0xF0, 0x00, 
    0x00, 0x00, 0xC0, 0x18, 0x03, 0x80, 0x70, 0x00, 0x00, 0x00, 0x00, 0x00, 0x00, 0x00, 0x00, 0x00, 
    0x00, 0x00, 0x00, 0x00, 0x00, 0x00, 0x00, 0x00, 0x00, 0x00, 0x00, 0x00, 0x00, 0x00, 0x00, 0x00, 
    0x00, 0x00, 0x00, 0x00, 0x00, 0x00, 0x00, 0x00, 0x00, 0x00, 0x00, 0x00, 0x00, 0x00, 0x00, 0x00, 
    0x00, 0x00, 0x00, 0x00, 0x00, 0x00, 0x00, 0x00, 0x00, 0x00, 0x00, 0x00, 0x00, 0x00, 0x00, 0x00, 
    0x00, 0x00, 0x00, 0x00, 0x00, 0x00, 0x00, 0x00, 0x00, 0x00, 0x00, 0x00, 0x00, 0x00, 0x00, 0x00, 
    0x00, 0x00, 0x00, 0x00, 0x00, 0x00, 0x00, 0x00, 0x00, 0x00, 0x00, 0x00, 0x00, 0x00, 0x00, 0x00, 
      },
  {
    0x00, 0x00, 0x00, 0x00, 0x00, 0x00, 0x00, 0x00, 0x00, 0x00, 0x00, 0x00, 0x00, 0x00, 0x00, 0x00, 
    0x00, 0x00, 0x00, 0x00, 0x00, 0x00, 0x00, 0x00, 0x00, 0x00, 0x00, 0x00, 0x00, 0x00, 0x00, 0x00, 
    0x00, 0x00, 0x00, 0x00, 0x00, 0x00, 0x00, 0x00, 0x00, 0x00, 0x00, 0x00, 0x00, 0x00, 0x00, 0x00, 
    0x00, 0x00, 0x00, 0x00, 0x00, 0x00, 0xF8, 0x00, 0x00, 0x00, 0x00, 0x00, 0x00, 0x01, 0xFC, 0x00, 
    0x00, 0x00, 0x00, 0x00, 0x00, 0x03, 0x8C, 0x00, 0x00, 0x00, 0x00, 0x00, 0x00, 0x03, 0x0C, 0x00, 
    0x00, 0x00, 0x00, 0x00, 0x00, 0x03, 0x0C, 0x00, 0x00, 0x81, 0xE0, 0x00, 0x07, 0x8F, 0x8C, 0x00, 
    0x01, 0x83, 0xF0, 0x3C, 0x0F, 0xFF, 0xF8, 0x00, 0x01, 0x86, 0x18, 0x7F, 0x1C, 0xF8, 0xF0, 0x00, 
    0x01, 0x86, 0x1B, 0xE7, 0xD8, 0x60, 0x00, 0x00, 0x01, 0x86, 0x1F, 0xC3, 0xF8, 0x60, 0x00, 0x00, 
    0x01, 0x87, 0x3E, 0xC3, 0x7C, 0x60, 0x00, 0x00, 0x01, 0x83, 0xF0, 0xE3, 0x1F, 0xE0, 0x00, 0x00, 
    0x01, 0x81, 0xE0, 0x7E, 0x07, 0xC0, 0x00, 0x00, 0x01, 0x80, 0x00, 0x3C, 0x01, 0x00, 0x00, 0x00, 
    0x01, 0x80, 0x00, 0x08, 0x00, 0x00, 0x00, 0x00, 0x01, 0x80, 0x00, 0x00, 0x00, 0x00, 0x00, 0x00, 
    0x01, 0x80, 0x00, 0x00, 0x00, 0x00, 0x00, 0x00, 0x01, 0x80, 0x00, 0x00, 0x00, 0x00, 0x00, 0x00, 
    0x01, 0x80, 0x00, 0x00, 0x00, 0x00, 0x00, 0x00, 0x01, 0x80, 0x00, 0x00, 0x00, 0x00, 0x00, 0x00, 
    0x01, 0x80, 0x00, 0x00, 0x00, 0x00, 0x00, 0x00, 0x01, 0x80, 0x00, 0x00, 0x00, 0x00, 0x00, 0x00, 
    0x01, 0x80, 0x00, 0x00, 0x00, 0x00, 0x00, 0x00, 0x01, 0x80, 0x00, 0x00, 0x00, 0x00, 0x00, 0x00, 
    0x01, 0x80, 0x00, 0x00, 0x00, 0x00, 0x00, 0x00, 0x01, 0x80, 0x00, 0x00, 0x00, 0x00, 0x00, 0x00, 
    0x01, 0x80, 0x00, 0x00, 0x00, 0x00, 0x00, 0x00, 0x01, 0x80, 0x00, 0x00, 0x00, 0x00, 0x00, 0x00, 
    0x01, 0x80, 0x00, 0x00, 0x00, 0x00, 0x00, 0x00, 0x01, 0x80, 0x00, 0x00, 0x00, 0x00, 0x00, 0x00, 
    0x01, 0x80, 0x00, 0x00, 0x00, 0x00, 0x00, 0x00, 0x01, 0x80, 0x00, 0x00, 0x00, 0x00, 0x00, 0x00, 
    0x01, 0x80, 0x00, 0x00, 0x00, 0x00, 0x00, 0x00, 0x01, 0x80, 0x00, 0x00, 0x00, 0x00, 0x00, 0x00, 
    0x01, 0x80, 0x00, 0x00, 0x00, 0x00, 0x00, 0x00, 0x01, 0x80, 0x00, 0x00, 0x00, 0x00, 0x00, 0x00, 
    0x01, 0x80, 0x00, 0x00, 0x00, 0x00, 0x00, 0x00, 0x01, 0x80, 0x00, 0x00, 0x00, 0x00, 0x00, 0x00, 
    0x01, 0x80, 0x00, 0x00, 0x00, 0x00, 0x00, 0x00, 0x01, 0xFF, 0xFF, 0xFF, 0xFF, 0xFF, 0xFF, 0x00, 
    0x01, 0xFF, 0xFF, 0xFF, 0xFF, 0xFF, 0xFF, 0x80, 0x00, 0x00, 0x00, 0x00, 0x00, 0x00, 0x00, 0x00, 
    0x00, 0x00, 0x00, 0x00, 0x00, 0x00, 0x00, 0x00, 0x00, 0x00, 0x00, 0x00, 0x00, 0x00, 0x00, 0x00, 
    0x00, 0x00, 0x00, 0x00, 0x00, 0x00, 0x00, 0x00, 0x00, 0x01, 0xE0, 0x3C, 0x07, 0x80, 0xF0, 0x00, 
    0x00, 0x00, 0xC0, 0x18, 0x03, 0x80, 0x70, 0x00, 0x00, 0x00, 0x00, 0x00, 0x00, 0x00, 0x00, 0x00, 
    0x00, 0x00, 0x00, 0x00, 0x00, 0x00, 0x00, 0x00, 0x00, 0x00, 0x00, 0x00, 0x00, 0x00, 0x00, 0x00, 
    0x00, 0x00, 0x00, 0x00, 0x00, 0x00, 0x00, 0x00, 0x00, 0x00, 0x00, 0x00, 0x00, 0x00, 0x00, 0x00, 
    0x00, 0x00, 0x00, 0x00, 0x00, 0x00, 0x00, 0x00, 0x00, 0x00, 0x00, 0x00, 0x00, 0x00, 0x00, 0x00, 
    0x00, 0x00, 0x00, 0x00, 0x00, 0x00, 0x00, 0x00, 0x00, 0x00, 0x00, 0x00, 0x00, 0x00, 0x00, 0x00, 
    0x00, 0x00, 0x00, 0x00, 0x00, 0x00, 0x00, 0x00, 0x00, 0x00, 0x00, 0x00, 0x00, 0x00, 0x00, 0x00, 
      },
  {
    0x00, 0x00, 0x00, 0x00, 0x00, 0x00, 0x00, 0x00, 0x00, 0x00, 0x00, 0x00, 0x00, 0x00, 0x00, 0x00, 
    0x00, 0x00, 0x00, 0x00, 0x00, 0x00, 0x00, 0x00, 0x00, 0x00, 0x00, 0x00, 0x00, 0x00, 0x00, 0x00, 
    0x00, 0x00, 0x00, 0x00, 0x00, 0x00, 0x00, 0x00, 0x00, 0x00, 0x00, 0x00, 0x00, 0x00, 0x00, 0x00, 
    0x00, 0x00, 0x00, 0x00, 0x00, 0x00, 0x00, 0x00, 0x00, 0x00, 0x00, 0x00, 0x00, 0x00, 0xF8, 0x00, 
    0x00, 0x00, 0x00, 0x00, 0x00, 0x01, 0xFC, 0x00, 0x00, 0x00, 0x00, 0x00, 0x00, 0x03, 0x0C, 0x00, 
    0x00, 0x00, 0x00, 0x00, 0x00, 0x03, 0x0C, 0x00, 0x00, 0x80, 0x00, 0x00, 0x00, 0x03, 0x0C, 0x00, 
    0x01, 0x81, 0xE0, 0x00, 0x07, 0xCF, 0x9C, 0x00, 0x01, 0x83, 0xF0, 0x00, 0x0F, 0xFD, 0xF8, 0x00, 
    0x01, 0x87, 0x38, 0x3C, 0x18, 0x70, 0xF0, 0x00, 0x01, 0x86, 0x18, 0xFF, 0x98, 0x60, 0x00, 0x00, 
    0x01, 0x86, 0x1F, 0xE3, 0xF8, 0x60, 0x00, 0x00, 0x01, 0x86, 0x1F, 0xC3, 0xFC, 0xE0, 0x00, 0x00, 
    0x01, 0x83, 0xF8, 0xC3, 0x1F, 0xC0, 0x00, 0x00, 0x01, 0x81, 0xE0, 0xE3, 0x07, 0x80, 0x00, 0x00, 
    0x01, 0x80, 0x80, 0x7E, 0x00, 0x00, 0x00, 0x00, 0x01, 0x80, 0x00, 0x3C, 0x00, 0x00, 0x00, 0x00, 
    0x01, 0x80, 0x00, 0x00, 0x00, 0x00, 0x00, 0x00, 0x01, 0x80, 0x00, 0x00, 0x00, 0x00, 0x00, 0x00, 
    0x01, 0x80, 0x00, 0x00, 0x00, 0x00, 0x00, 0x00, 0x01, 0x80, 0x00, 0x00, 0x00, 0x00, 0x00, 0x00, 
    0x01, 0x80, 0x00, 0x00, 0x00, 0x00, 0x00, 0x00, 0x01, 0x80, 0x00, 0x00, 0x00, 0x00, 0x00, 0x00, 
    0x01, 0x80, 0x00, 0x00, 0x00, 0x00, 0x00, 0x00, 0x01, 0x80, 0x00, 0x00, 0x00, 0x00, 0x00, 0x00, 
    0x01, 0x80, 0x00, 0x00, 0x00, 0x00, 0x00, 0x00, 0x01, 0x80, 0x00, 0x00, 0x00, 0x00, 0x00, 0x00, 
    0x01, 0x80, 0x00, 0x00, 0x00, 0x00, 0x00, 0x00, 0x01, 0x80, 0x00, 0x00, 0x00, 0x00, 0x00, 0x00, 
    0x01, 0x80, 0x00, 0x00, 0x00, 0x00, 0x00, 0x00, 0x01, 0x80, 0x00, 0x00, 0x00, 0x00, 0x00, 0x00, 
    0x01, 0x80, 0x00, 0x00, 0x00, 0x00, 0x00, 0x00, 0x01, 0x80, 0x00, 0x00, 0x00, 0x00, 0x00, 0x00, 
    0x01, 0x80, 0x00, 0x00, 0x00, 0x00, 0x00, 0x00, 0x01, 0x80, 0x00, 0x00, 0x00, 0x00, 0x00, 0x00, 
    0x01, 0x80, 0x00, 0x00, 0x00, 0x00, 0x00, 0x00, 0x01, 0x80, 0x00, 0x00, 0x00, 0x00, 0x00, 0x00, 
    0x01, 0x80, 0x00, 0x00, 0x00, 0x00, 0x00, 0x00, 0x01, 0x80, 0x00, 0x00, 0x00, 0x00, 0x00, 0x00, 
    0x01, 0x80, 0x00, 0x00, 0x00, 0x00, 0x00, 0x00, 0x01, 0xFF, 0xFF, 0xFF, 0xFF, 0xFF, 0xFF, 0x00, 
    0x01, 0xFF, 0xFF, 0xFF, 0xFF, 0xFF, 0xFF, 0x80, 0x00, 0x00, 0x00, 0x00, 0x00, 0x00, 0x00, 0x00, 
    0x00, 0x00, 0x00, 0x00, 0x00, 0x00, 0x00, 0x00, 0x00, 0x00, 0x00, 0x00, 0x00, 0x00, 0x00, 0x00, 
    0x00, 0x00, 0x00, 0x00, 0x00, 0x00, 0x00, 0x00, 0x00, 0x01, 0xE0, 0x3C, 0x07, 0x80, 0xF0, 0x00, 
    0x00, 0x00, 0xC0, 0x18, 0x03, 0x80, 0x70, 0x00, 0x00, 0x00, 0x00, 0x00, 0x00, 0x00, 0x00, 0x00, 
    0x00, 0x00, 0x00, 0x00, 0x00, 0x00, 0x00, 0x00, 0x00, 0x00, 0x00, 0x00, 0x00, 0x00, 0x00, 0x00, 
    0x00, 0x00, 0x00, 0x00, 0x00, 0x00, 0x00, 0x00, 0x00, 0x00, 0x00, 0x00, 0x00, 0x00, 0x00, 0x00, 
    0x00, 0x00, 0x00, 0x00, 0x00, 0x00, 0x00, 0x00, 0x00, 0x00, 0x00, 0x00, 0x00, 0x00, 0x00, 0x00, 
    0x00, 0x00, 0x00, 0x00, 0x00, 0x00, 0x00, 0x00, 0x00, 0x00, 0x00, 0x00, 0x00, 0x00, 0x00, 0x00, 
    0x00, 0x00, 0x00, 0x00, 0x00, 0x00, 0x00, 0x00, 0x00, 0x00, 0x00, 0x00, 0x00, 0x00, 0x00, 0x00, 
      },
  {
    0x00, 0x00, 0x00, 0x00, 0x00, 0x00, 0x00, 0x00, 0x00, 0x00, 0x00, 0x00, 0x00, 0x00, 0x00, 0x00, 
    0x00, 0x00, 0x00, 0x00, 0x00, 0x00, 0x00, 0x00, 0x00, 0x00, 0x00, 0x00, 0x00, 0x00, 0x00, 0x00, 
    0x00, 0x00, 0x00, 0x00, 0x00, 0x00, 0x00, 0x00, 0x00, 0x00, 0x00, 0x00, 0x00, 0x00, 0x00, 0x00, 
    0x00, 0x00, 0x00, 0x00, 0x00, 0x00, 0x00, 0x00, 0x00, 0x00, 0x00, 0x00, 0x00, 0x00, 0x00, 0x00, 
    0x00, 0x00, 0x00, 0x00, 0x00, 0x00, 0x20, 0x00, 0x00, 0x00, 0x00, 0x00, 0x00, 0x01, 0xF8, 0x00, 
    0x00, 0x00, 0x00, 0x00, 0x00, 0x01, 0xFC, 0x00, 0x00, 0x80, 0x00, 0x00, 0x00, 0x03, 0x0C, 0x00, 
    0x01, 0x80, 0x00, 0x00, 0x00, 0x03, 0x0C, 0x00, 0x01, 0x80, 0x00, 0x00, 0x01, 0x03, 0x0C, 0x00, 
    0x01, 0x80, 0x00, 0x00, 0x0F, 0xCF, 0x9C, 0x00, 0x01, 0x81, 0xE0, 0x00, 0x0F, 0xFD, 0xF8, 0x00, 
    0x01, 0x83, 0xF0, 0x00, 0x18, 0x70, 0x70, 0x00, 0x01, 0x87, 0x38, 0x00, 0x18, 0x60, 0x00, 0x00, 
    0x01, 0x86, 0x18, 0x00, 0x18, 0x60, 0x00, 0x00, 0x01, 0x86, 0x18, 0x3C, 0xFC, 0xE0, 0x00, 0x00, 
    0x01, 0x86, 0x1F, 0xFF, 0xFF, 0xC0, 0x00, 0x00, 0x01, 0x83, 0xFF, 0xE3, 0x03, 0x80, 0x00, 0x00, 
    0x01, 0x83, 0xE0, 0xC3, 0x00, 0x00, 0x00, 0x00, 0x01, 0x80, 0xC0, 0xC3, 0x00, 0x00, 0x00, 0x00, 
    0x01, 0x80, 0x00, 0xE7, 0x00, 0x00, 0x00, 0x00, 0x01, 0x80, 0x00, 0x7E, 0x00, 0x00, 0x00, 0x00, 
    0x01, 0x80, 0x00, 0x3C, 0x00, 0x00, 0x00, 0x00, 0x01, 0x80, 0x00, 0x00, 0x00, 0x00, 0x00, 0x00, 
    0x01, 0x80, 0x00, 0x00, 0x00, 0x00, 0x00, 0x00, 0x01, 0x80, 0x00, 0x00, 0x00, 0x00, 0x00, 0x00, 
    0x01, 0x80, 0x00, 0x00, 0x00, 0x00, 0x00, 0x00, 0x01, 0x80, 0x00, 0x00, 0x00, 0x00, 0x00, 0x00, 
    0x01, 0x80, 0x00, 0x00, 0x00, 0x00, 0x00, 0x00, 0x01, 0x80, 0x00, 0x00, 0x00, 0x00, 0x00, 0x00, 
    0x01, 0x80, 0x00, 0x00, 0x00, 0x00, 0x00, 0x00, 0x01, 0x80, 0x00, 0x00, 0x00, 0x00, 0x00, 0x00, 
    0x01, 0x80, 0x00, 0x00, 0x00, 0x00, 0x00, 0x00, 0x01, 0x80, 0x00, 0x00, 0x00, 0x00, 0x00, 0x00, 
    0x01, 0x80, 0x00, 0x00, 0x00, 0x00, 0x00, 0x00, 0x01, 0x80, 0x00, 0x00, 0x00, 0x00, 0x00, 0x00, 
    0x01, 0x80, 0x00, 0x00, 0x00, 0x00, 0x00, 0x00, 0x01, 0x80, 0x00, 0x00, 0x00, 0x00, 0x00, 0x00, 
    0x01, 0x80, 0x00, 0x00, 0x00, 0x00, 0x00, 0x00, 0x01, 0x80, 0x00, 0x00, 0x00, 0x00, 0x00, 0x00, 
    0x01, 0x80, 0x00, 0x00, 0x00, 0x00, 0x00, 0x00, 0x01, 0xFF, 0xFF, 0xFF, 0xFF, 0xFF, 0xFF, 0x00, 
    0x01, 0xFF, 0xFF, 0xFF, 0xFF, 0xFF, 0xFF, 0x80, 0x00, 0x00, 0x00, 0x00, 0x00, 0x00, 0x00, 0x00, 
    0x00, 0x00, 0x00, 0x00, 0x00, 0x00, 0x00, 0x00, 0x00, 0x00, 0x00, 0x00, 0x00, 0x00, 0x00, 0x00, 
    0x00, 0x00, 0x00, 0x00, 0x00, 0x00, 0x00, 0x00, 0x00, 0x01, 0xE0, 0x3C, 0x07, 0x80, 0xF0, 0x00, 
    0x00, 0x00, 0xC0, 0x18, 0x03, 0x80, 0x70, 0x00, 0x00, 0x00, 0x00, 0x00, 0x00, 0x00, 0x00, 0x00, 
    0x00, 0x00, 0x00, 0x00, 0x00, 0x00, 0x00, 0x00, 0x00, 0x00, 0x00, 0x00, 0x00, 0x00, 0x00, 0x00, 
    0x00, 0x00, 0x00, 0x00, 0x00, 0x00, 0x00, 0x00, 0x00, 0x00, 0x00, 0x00, 0x00, 0x00, 0x00, 0x00, 
    0x00, 0x00, 0x00, 0x00, 0x00, 0x00, 0x00, 0x00, 0x00, 0x00, 0x00, 0x00, 0x00, 0x00, 0x00, 0x00, 
    0x00, 0x00, 0x00, 0x00, 0x00, 0x00, 0x00, 0x00, 0x00, 0x00, 0x00, 0x00, 0x00, 0x00, 0x00, 0x00, 
    0x00, 0x00, 0x00, 0x00, 0x00, 0x00, 0x00, 0x00, 0x00, 0x00, 0x00, 0x00, 0x00, 0x00, 0x00, 0x00, 
      },
  {
    0x00, 0x00, 0x00, 0x00, 0x00, 0x00, 0x00, 0x00, 0x00, 0x00, 0x00, 0x00, 0x00, 0x00, 0x00, 0x00, 
    0x00, 0x00, 0x00, 0x00, 0x00, 0x00, 0x00, 0x00, 0x00, 0x00, 0x00, 0x00, 0x00, 0x00, 0x00, 0x00, 
    0x00, 0x00, 0x00, 0x00, 0x00, 0x00, 0x00, 0x00, 0x00, 0x00, 0x00, 0x00, 0x00, 0x00, 0x00, 0x00, 
    0x00, 0x00, 0x00, 0x00, 0x00, 0x00, 0x00, 0x00, 0x00, 0x00, 0x00, 0x00, 0x00, 0x00, 0x00, 0x00, 
    0x00, 0x00, 0x00, 0x00, 0x00, 0x00, 0x00, 0x00, 0x00, 0x00, 0x00, 0x00, 0x00, 0x00, 0x00, 0x00, 
    0x00, 0x00, 0x00, 0x00, 0x00, 0x00, 0xF8, 0x00, 0x00, 0x80, 0x00, 0x00, 0x00, 0x01, 0xFC, 0x00, 
    0x01, 0x80, 0x00, 0x00, 0x00, 0x03, 0x8C, 0x00, 0x01, 0x80, 0x00, 0x00, 0x00, 0x03, 0x0C, 0x00, 
    0x01, 0x80, 0x00, 0x00, 0x00, 0x03, 0x0C, 0x00, 0x01, 0x80, 0x00, 0x00, 0x07, 0xCF, 0x8C, 0x00, 
    0x01, 0x80, 0x00, 0x00, 0x0F, 0xFF, 0xF8, 0x00, 0x01, 0x81, 0xE0, 0x00, 0x18, 0x78, 0xF0, 0x00, 
    0x01, 0x83, 0xF0, 0x00, 0x18, 0x60, 0x00, 0x00, 0x01, 0x87, 0x38, 0x00, 0x18, 0x60, 0x00, 0x00, 
    0x01, 0x86, 0x18, 0x00, 0x1C, 0xE0, 0x00, 0x00, 0x01, 0x86, 0x18, 0x00, 0x7F, 0xC0, 0x00, 0x00, 
    0x01, 0x86, 0x1C, 0x3D, 0xF7, 0x80, 0x00, 0x00, 0x01, 0x83, 0xFF, 0xFF, 0xC0, 0x00, 0x00, 0x00, 
    0x01, 0x83, 0xE3, 0xE7, 0x00, 0x00, 0x00, 0x00, 0x01, 0x80, 0xC0, 0xC3, 0x00, 0x00, 0x00, 0x00, 
    0x01, 0x80, 0x00, 0xC3, 0x00, 0x00, 0x00, 0x00, 0x01, 0x80, 0x00, 0xC3, 0x00, 0x00, 0x00, 0x00, 
    0x01, 0x80, 0x00, 0x7E, 0x00, 0x00, 0x00, 0x00, 0x01, 0x80, 0x00, 0x3C, 0x00, 0x00, 0x00, 0x00, 
    0x01, 0x80, 0x00, 0x08, 0x00, 0x00, 0x00, 0x00, 0x01, 0x80, 0x00, 0x00, 0x00, 0x00, 0x00, 0x00, 
    0x01, 0x80, 0x00, 0x00, 0x00, 0x00, 0x00, 0x00, 0x01, 0x80, 0x00, 0x00, 0x00, 0x00, 0x00, 0x00, 
    0x01, 0x80, 0x00, 0x00, 0x00, 0x00, 0x00, 0x00, 0x01, 0x80, 0x00, 0x00, 0x00, 0x00, 0x00, 0x00, 
    0x01, 0x80, 0x00, 0x00, 0x00, 0x00, 0x00, 0x00, 0x01, 0x80, 0x00, 0x00, 0x00, 0x00, 0x00, 0x00, 
    0x01, 0x80, 0x00, 0x00, 0x00, 0x00, 0x00, 0x00, 0x01, 0x80, 0x00, 0x00, 0x00, 0x00, 0x00, 0x00, 
    0x01, 0x80, 0x00, 0x00, 0x00, 0x00, 0x00, 0x00, 0x01, 0x80, 0x00, 0x00, 0x00, 0x00, 0x00, 0x00, 
    0x01, 0x80, 0x00, 0x00, 0x00, 0x00, 0x00, 0x00, 0x01, 0x80, 0x00, 0x00, 0x00, 0x00, 0x00, 0x00, 
    0x01, 0x80, 0x00, 0x00, 0x00, 0x00, 0x00, 0x00, 0x01, 0xFF, 0xFF, 0xFF, 0xFF, 0xFF, 0xFF, 0x00, 
    0x01, 0xFF, 0xFF, 0xFF, 0xFF, 0xFF, 0xFF, 0x80, 0x00, 0x00, 0x00, 0x00, 0x00, 0x00, 0x00, 0x00, 
    0x00, 0x00, 0x00, 0x00, 0x00, 0x00, 0x00, 0x00, 0x00, 0x00, 0x00, 0x00, 0x00, 0x00, 0x00, 0x00, 
    0x00, 0x00, 0x00, 0x00, 0x00, 0x00, 0x00, 0x00, 0x00, 0x01, 0xE0, 0x3C, 0x07, 0x80, 0xF0, 0x00, 
    0x00, 0x00, 0xC0, 0x18, 0x03, 0x80, 0x70, 0x00, 0x00, 0x00, 0x00, 0x00, 0x00, 0x00, 0x00, 0x00, 
    0x00, 0x00, 0x00, 0x00, 0x00, 0x00, 0x00, 0x00, 0x00, 0x00, 0x00, 0x00, 0x00, 0x00, 0x00, 0x00, 
    0x00, 0x00, 0x00, 0x00, 0x00, 0x00, 0x00, 0x00, 0x00, 0x00, 0x00, 0x00, 0x00, 0x00, 0x00, 0x00, 
    0x00, 0x00, 0x00, 0x00, 0x00, 0x00, 0x00, 0x00, 0x00, 0x00, 0x00, 0x00, 0x00, 0x00, 0x00, 0x00, 
    0x00, 0x00, 0x00, 0x00, 0x00, 0x00, 0x00, 0x00, 0x00, 0x00, 0x00, 0x00, 0x00, 0x00, 0x00, 0x00, 
    0x00, 0x00, 0x00, 0x00, 0x00, 0x00, 0x00, 0x00, 0x00, 0x00, 0x00, 0x00, 0x00, 0x00, 0x00, 0x00, 
      },
  {
    0x00, 0x00, 0x00, 0x00, 0x00, 0x00, 0x00, 0x00, 0x00, 0x00, 0x00, 0x00, 0x00, 0x00, 0x00, 0x00, 
    0x00, 0x00, 0x00, 0x00, 0x00, 0x00, 0x00, 0x00, 0x00, 0x00, 0x00, 0x00, 0x00, 0x00, 0x00, 0x00, 
    0x00, 0x00, 0x00, 0x00, 0x00, 0x00, 0x00, 0x00, 0x00, 0x00, 0x00, 0x00, 0x00, 0x00, 0x00, 0x00, 
    0x00, 0x00, 0x00, 0x00, 0x00, 0x00, 0x00, 0x00, 0x00, 0x00, 0x00, 0x00, 0x00, 0x00, 0x00, 0x00, 
    0x00, 0x00, 0x00, 0x00, 0x00, 0x00, 0x00, 0x00, 0x00, 0x00, 0x00, 0x00, 0x00, 0x00, 0x00, 0x00, 
    0x00, 0x00, 0x00, 0x00, 0x00, 0x00, 0x00, 0x00, 0x00, 0x80, 0x00, 0x00, 0x00, 0x00, 0xF8, 0x00, 
    0x01, 0x80, 0x00, 0x00, 0x00, 0x01, 0xFC, 0x00, 0x01, 0x80, 0x00, 0x00, 0x00, 0x03, 0x8C, 0x00, 
    0x01, 0x80, 0x00, 0x00, 0x00, 0x03, 0x0C, 0x00, 0x01, 0x80, 0x00, 0x00, 0x00, 0x03, 0x0C, 0x00, 
    0x01, 0x80, 0x00, 0x00, 0x0F, 0xCF, 0x8C, 0x00, 0x01, 0x80, 0x00, 0x00, 0x0F, 0xFF, 0xF8, 0x00, 
    0x01, 0x80, 0x00, 0x00, 0x18, 0x70, 0xF0, 0x00, 0x01, 0x83, 0xF0, 0x00, 0x18, 0x60, 0x00, 0x00, 
    0x01, 0x83, 0xF0, 0x00, 0x18, 0x60, 0x00, 0x00, 0x01, 0x86, 0x18, 0x00, 0x1C, 0xE0, 0x00, 0x00, 
    0x01, 0x86, 0x18, 0x00, 0x3F, 0xC0, 0x00, 0x00, 0x01, 0x86, 0x18, 0x00, 0x77, 0x80, 0x00, 0x00, 
    0x01, 0x87, 0x3C, 0x01, 0xE0, 0x00, 0x00, 0x00, 0x01, 0x83, 0xFF, 0x7F, 0x80, 0x00, 0x00, 0x00, 
    0x01, 0x81, 0xE3, 0xFF, 0x00, 0x00, 0x00, 0x00, 0x01, 0x80, 0x00, 0xC3, 0x00, 0x00, 0x00, 0x00, 
    0x01, 0x80, 0x00, 0xC3, 0x00, 0x00, 0x00, 0x00, 0x01, 0x80, 0x00, 0xC3, 0x00, 0x00, 0x00, 0x00, 
    0x01, 0x80, 0x00, 0xE7, 0x00, 0x00, 0x00, 0x00, 0x01, 0x80, 0x00, 0x7E, 0x00, 0x00, 0x00, 0x00, 
    0x01, 0x80, 0x00, 0x3C, 0x00, 0x00, 0x00, 0x00, 0x01, 0x80, 0x00, 0x00, 0x00, 0x00, 0x00, 0x00, 
    0x01, 0x80, 0x00, 0x00, 0x00, 0x00, 0x00, 0x00, 0x01, 0x80, 0x00, 0x00, 0x00, 0x00, 0x00, 0x00, 
    0x01, 0x80, 0x00, 0x00, 0x00, 0x00, 0x00, 0x00, 0x01, 0x80, 0x00, 0x00, 0x00, 0x00, 0x00, 0x00, 
    0x01, 0x80, 0x00, 0x00, 0x00, 0x00, 0x00, 0x00, 0x01, 0x80, 0x00, 0x00, 0x00, 0x00, 0x00, 0x00, 
    0x01, 0x80, 0x00, 0x00, 0x00, 0x00, 0x00, 0x00, 0x01, 0x80, 0x00, 0x00, 0x00, 0x00, 0x00, 0x00, 
    0x01, 0x80, 0x00, 0x00, 0x00, 0x00, 0x00, 0x00, 0x01, 0x80, 0x00, 0x00, 0x00, 0x00, 0x00, 0x00, 
    0x01, 0x80, 0x00, 0x00, 0x00, 0x00, 0x00, 0x00, 0x01, 0xFF, 0xFF, 0xFF, 0xFF, 0xFF, 0xFF, 0x00, 
    0x01, 0xFF, 0xFF, 0xFF, 0xFF, 0xFF, 0xFF, 0x80, 0x00, 0x00, 0x00, 0x00, 0x00, 0x00, 0x00, 0x00, 
    0x00, 0x00, 0x00, 0x00, 0x00, 0x00, 0x00, 0x00, 0x00, 0x00, 0x00, 0x00, 0x00, 0x00, 0x00, 0x00, 
    0x00, 0x00, 0x00, 0x00, 0x00, 0x00, 0x00, 0x00, 0x00, 0x01, 0xE0, 0x3C, 0x07, 0x80, 0xF0, 0x00, 
    0x00, 0x00, 0xC0, 0x18, 0x03, 0x80, 0x70, 0x00, 0x00, 0x00, 0x00, 0x00, 0x00, 0x00, 0x00, 0x00, 
    0x00, 0x00, 0x00, 0x00, 0x00, 0x00, 0x00, 0x00, 0x00, 0x00, 0x00, 0x00, 0x00, 0x00, 0x00, 0x00, 
    0x00, 0x00, 0x00, 0x00, 0x00, 0x00, 0x00, 0x00, 0x00, 0x00, 0x00, 0x00, 0x00, 0x00, 0x00, 0x00, 
    0x00, 0x00, 0x00, 0x00, 0x00, 0x00, 0x00, 0x00, 0x00, 0x00, 0x00, 0x00, 0x00, 0x00, 0x00, 0x00, 
    0x00, 0x00, 0x00, 0x00, 0x00, 0x00, 0x00, 0x00, 0x00, 0x00, 0x00, 0x00, 0x00, 0x00, 0x00, 0x00, 
    0x00, 0x00, 0x00, 0x00, 0x00, 0x00, 0x00, 0x00, 0x00, 0x00, 0x00, 0x00, 0x00, 0x00, 0x00, 0x00, 
      },
  {
    0x00, 0x00, 0x00, 0x00, 0x00, 0x00, 0x00, 0x00, 0x00, 0x00, 0x00, 0x00, 0x00, 0x00, 0x00, 0x00, 
    0x00, 0x00, 0x00, 0x00, 0x00, 0x00, 0x00, 0x00, 0x00, 0x00, 0x00, 0x00, 0x00, 0x00, 0x00, 0x00, 
    0x00, 0x00, 0x00, 0x00, 0x00, 0x00, 0x00, 0x00, 0x00, 0x00, 0x00, 0x00, 0x00, 0x00, 0x00, 0x00, 
    0x00, 0x00, 0x00, 0x00, 0x00, 0x00, 0x00, 0x00, 0x00, 0x00, 0x00, 0x00, 0x00, 0x00, 0x00, 0x00, 
    0x00, 0x00, 0x00, 0x00, 0x00, 0x00, 0x00, 0x00, 0x00, 0x00, 0x00, 0x00, 0x00, 0x00, 0x00, 0x00, 
    0x00, 0x00, 0x00, 0x00, 0x00, 0x00, 0x00, 0x00, 0x00, 0x80, 0x00, 0x00, 0x00, 0x00, 0x60, 0x00, 
    0x01, 0x80, 0x00, 0x00, 0x00, 0x01, 0xF8, 0x00, 0x01, 0x80, 0x00, 0x00, 0x00, 0x01, 0xDC, 0x00, 
    0x01, 0x80, 0x00, 0x00, 0x00, 0x03, 0x0C, 0x00, 0x01, 0x80, 0x00, 0x00, 0x00, 0x03, 0x0C, 0x00, 
    0x01, 0x80, 0x00, 0x00, 0x03, 0x87, 0x0C, 0x00, 0x01, 0x80, 0x00, 0x00, 0x0F, 0xDF, 0x9C, 0x00, 
    0x01, 0x80, 0x00, 0x00, 0x1C, 0xFD, 0xF8, 0x00, 0x01, 0x80, 0x00, 0x00, 0x18, 0x70, 0x70, 0x00, 
    0x01, 0x81, 0xE0, 0x00, 0x18, 0x60, 0x00, 0x00, 0x01, 0x83, 0xF0, 0x00, 0x18, 0x60, 0x00, 0x00, 
    0x01, 0x86, 0x18, 0x00, 0x1F, 0xE0, 0x00, 0x00, 0x01, 0x86, 0x18, 0x00, 0x3F, 0xC0, 0x00, 0x00, 
    0x01, 0x86, 0x18, 0x00, 0x73, 0x00, 0x00, 0x00, 0x01, 0x87, 0x3C, 0x00, 0xE0, 0x00, 0x00, 0x00, 
    0x01, 0x83, 0xFE, 0x19, 0xC0, 0x00, 0x00, 0x00, 0x01, 0x81, 0xE7, 0xFF, 0x80, 0x00, 0x00, 0x00, 
    0x01, 0x80, 0x01, 0xE7, 0x00, 0x00, 0x00, 0x00, 0x01, 0x80, 0x00, 0xC3, 0x00, 0x00, 0x00, 0x00, 
    0x01, 0x80, 0x00, 0xC3, 0x00, 0x00, 0x00, 0x00, 0x01, 0x80, 0x00, 0xC3, 0x00, 0x00, 0x00, 0x00, 
    0x01, 0x80, 0x00, 0xE7, 0x00, 0x00, 0x00, 0x00, 0x01, 0x80, 0x00, 0x7E, 0x00, 0x00, 0x00, 0x00, 
    0x01, 0x80, 0x00, 0x18, 0x00, 0x00, 0x00, 0x00, 0x01, 0x80, 0x00, 0x00, 0x00, 0x00, 0x00, 0x00, 
    0x01, 0x80, 0x00, 0x00, 0x00, 0x00, 0x00, 0x00, 0x01, 0x80, 0x00, 0x00, 0x00, 0x00, 0x00, 0x00, 
    0x01, 0x80, 0x00, 0x00, 0x00, 0x00, 0x00, 0x00, 0x01, 0x80, 0x00, 0x00, 0x00, 0x00, 0x00, 0x00, 
    0x01, 0x80, 0x00, 0x00, 0x00, 0x00, 0x00, 0x00, 0x01, 0x80, 0x00, 0x00, 0x00, 0x00, 0x00, 0x00, 
    0x01, 0x80, 0x00, 0x00, 0x00, 0x00, 0x00, 0x00, 0x01, 0x80, 0x00, 0x00, 0x00, 0x00, 0x00, 0x00, 
    0x01, 0x80, 0x00, 0x00, 0x00, 0x00, 0x00, 0x00, 0x01, 0xFF, 0xFF, 0xFF, 0xFF, 0xFF, 0xFF, 0x00, 
    0x01, 0xFF, 0xFF, 0xFF, 0xFF, 0xFF, 0xFF, 0x80, 0x00, 0x00, 0x00, 0x00, 0x00, 0x00, 0x00, 0x00, 
    0x00, 0x00, 0x00, 0x00, 0x00, 0x00, 0x00, 0x00, 0x00, 0x00, 0x00, 0x00, 0x00, 0x00, 0x00, 0x00, 
    0x00, 0x00, 0x00, 0x00, 0x00, 0x00, 0x00, 0x00, 0x00, 0x01, 0xE0, 0x3C, 0x07, 0x80, 0xF0, 0x00, 
    0x00, 0x00, 0xC0, 0x18, 0x03, 0x80, 0x70, 0x00, 0x00, 0x00, 0x00, 0x00, 0x00, 0x00, 0x00, 0x00, 
    0x00, 0x00, 0x00, 0x00, 0x00, 0x00, 0x00, 0x00, 0x00, 0x00, 0x00, 0x00, 0x00, 0x00, 0x00, 0x00, 
    0x00, 0x00, 0x00, 0x00, 0x00, 0x00, 0x00, 0x00, 0x00, 0x00, 0x00, 0x00, 0x00, 0x00, 0x00, 0x00, 
    0x00, 0x00, 0x00, 0x00, 0x00, 0x00, 0x00, 0x00, 0x00, 0x00, 0x00, 0x00, 0x00, 0x00, 0x00, 0x00, 
    0x00, 0x00, 0x00, 0x00, 0x00, 0x00, 0x00, 0x00, 0x00, 0x00, 0x00, 0x00, 0x00, 0x00, 0x00, 0x00, 
    0x00, 0x00, 0x00, 0x00, 0x00, 0x00, 0x00, 0x00, 0x00, 0x00, 0x00, 0x00, 0x00, 0x00, 0x00, 0x00, 
      },
  {
    0x00, 0x00, 0x00, 0x00, 0x00, 0x00, 0x00, 0x00, 0x00, 0x00, 0x00, 0x00, 0x00, 0x00, 0x00, 0x00, 
    0x00, 0x00, 0x00, 0x00, 0x00, 0x00, 0x00, 0x00, 0x00, 0x00, 0x00, 0x00, 0x00, 0x00, 0x00, 0x00, 
    0x00, 0x00, 0x00, 0x00, 0x00, 0x00, 0x00, 0x00, 0x00, 0x00, 0x00, 0x00, 0x00, 0x00, 0x00, 0x00, 
    0x00, 0x00, 0x00, 0x00, 0x00, 0x00, 0x00, 0x00, 0x00, 0x00, 0x00, 0x00, 0x00, 0x00, 0x00, 0x00, 
    0x00, 0x00, 0x00, 0x00, 0x00, 0x00, 0x00, 0x00, 0x00, 0x00, 0x00, 0x00, 0x00, 0x00, 0x00, 0x00, 
    0x00, 0x00, 0x00, 0x00, 0x00, 0x00, 0x00, 0x00, 0x00, 0x80, 0x00, 0x00, 0x00, 0x00, 0x00, 0x00, 
    0x01, 0x80, 0x00, 0x00, 0x00, 0x00, 0xF0, 0x00, 0x01, 0x80, 0x00, 0x00, 0x00, 0x01, 0xFC, 0x00, 
    0x01, 0x80, 0x00, 0x00, 0x00, 0x03, 0x8C, 0x00, 0x01, 0x80, 0x00, 0x00, 0x00, 0x03, 0x0C, 0x00, 
    0x01, 0x80, 0x00, 0x00, 0x00, 0x03, 0x0C, 0x00, 0x01, 0x80, 0x00, 0x00, 0x07, 0xCF, 0x8C, 0x00, 
    0x01, 0x80, 0x00, 0x00, 0x0F, 0xFF, 0xF8, 0x00, 0x01, 0x80, 0x00, 0x00, 0x18, 0x78, 0xF0, 0x00, 
    0x01, 0x80, 0xC0, 0x00, 0x18, 0x60, 0x00, 0x00, 0x01, 0x83, 0xF0, 0x00, 0x18, 0x60, 0x00, 0x00, 
    0x01, 0x87, 0x38, 0x00, 0x1C, 0xE0, 0x00, 0x00, 0x01, 0x86, 0x18, 0x00, 0x1F, 0xC0, 0x00, 0x00, 
    0x01, 0x86, 0x18, 0x00, 0x3F, 0x80, 0x00, 0x00, 0x01, 0x86, 0x18, 0x00, 0x70, 0x00, 0x00, 0x00, 
    0x01, 0x87, 0x3C, 0x00, 0xE0, 0x00, 0x00, 0x00, 0x01, 0x83, 0xFF, 0x19, 0xC0, 0x00, 0x00, 0x00, 
    0x01, 0x80, 0xC7, 0xFF, 0x80, 0x00, 0x00, 0x00, 0x01, 0x80, 0x01, 0xE7, 0x00, 0x00, 0x00, 0x00, 
    0x01, 0x80, 0x00, 0xC3, 0x00, 0x00, 0x00, 0x00, 0x01, 0x80, 0x00, 0xC3, 0x00, 0x00, 0x00, 0x00, 
    0x01, 0x80, 0x00, 0xC3, 0x00, 0x00, 0x00, 0x00, 0x01, 0x80, 0x00, 0xE7, 0x00, 0x00, 0x00, 0x00, 
    0x01, 0x80, 0x00, 0x7E, 0x00, 0x00, 0x00, 0x00, 0x01, 0x80, 0x00, 0x18, 0x00, 0x00, 0x00, 0x00, 
    0x01, 0x80, 0x00, 0x00, 0x00, 0x00, 0x00, 0x00, 0x01, 0x80, 0x00, 0x00, 0x00, 0x00, 0x00, 0x00, 
    0x01, 0x80, 0x00, 0x00, 0x00, 0x00, 0x00, 0x00, 0x01, 0x80, 0x00, 0x00, 0x00, 0x00, 0x00, 0x00, 
    0x01, 0x80, 0x00, 0x00, 0x00, 0x00, 0x00, 0x00, 0x01, 0x80, 0x00, 0x00, 0x00, 0x00, 0x00, 0x00, 
    0x01, 0x80, 0x00, 0x00, 0x00, 0x00, 0x00, 0x00, 0x01, 0x80, 0x00, 0x00, 0x00, 0x00, 0x00, 0x00, 
    0x01, 0x80, 0x00, 0x00, 0x00, 0x00, 0x00, 0x00, 0x01, 0xFF, 0xFF, 0xFF, 0xFF, 0xFF, 0xFF, 0x00, 
    0x01, 0xFF, 0xFF, 0xFF, 0xFF, 0xFF, 0xFF, 0x80, 0x00, 0x00, 0x00, 0x00, 0x00, 0x00, 0x00, 0x00, 
    0x00, 0x00, 0x00, 0x00, 0x00, 0x00, 0x00, 0x00, 0x00, 0x00, 0x00, 0x00, 0x00, 0x00, 0x00, 0x00, 
    0x00, 0x00, 0x00, 0x00, 0x00, 0x00, 0x00, 0x00, 0x00, 0x01, 0xE0, 0x3C, 0x07, 0x80, 0xF0, 0x00, 
    0x00, 0x00, 0xC0, 0x18, 0x03, 0x80, 0x70, 0x00, 0x00, 0x00, 0x00, 0x00, 0x00, 0x00, 0x00, 0x00, 
    0x00, 0x00, 0x00, 0x00, 0x00, 0x00, 0x00, 0x00, 0x00, 0x00, 0x00, 0x00, 0x00, 0x00, 0x00, 0x00, 
    0x00, 0x00, 0x00, 0x00, 0x00, 0x00, 0x00, 0x00, 0x00, 0x00, 0x00, 0x00, 0x00, 0x00, 0x00, 0x00, 
    0x00, 0x00, 0x00, 0x00, 0x00, 0x00, 0x00, 0x00, 0x00, 0x00, 0x00, 0x00, 0x00, 0x00, 0x00, 0x00, 
    0x00, 0x00, 0x00, 0x00, 0x00, 0x00, 0x00, 0x00, 0x00, 0x00, 0x00, 0x00, 0x00, 0x00, 0x00, 0x00, 
    0x00, 0x00, 0x00, 0x00, 0x00, 0x00, 0x00, 0x00, 0x00, 0x00, 0x00, 0x00, 0x00, 0x00, 0x00, 0x00, 
      },
  {
    0x00, 0x00, 0x00, 0x00, 0x00, 0x00, 0x00, 0x00, 0x00, 0x00, 0x00, 0x00, 0x00, 0x00, 0x00, 0x00, 
    0x00, 0x00, 0x00, 0x00, 0x00, 0x00, 0x00, 0x00, 0x00, 0x00, 0x00, 0x00, 0x00, 0x00, 0x00, 0x00, 
    0x00, 0x00, 0x00, 0x00, 0x00, 0x00, 0x00, 0x00, 0x00, 0x00, 0x00, 0x00, 0x00, 0x00, 0x00, 0x00, 
    0x00, 0x00, 0x00, 0x00, 0x00, 0x00, 0x00, 0x00, 0x00, 0x00, 0x00, 0x00, 0x00, 0x00, 0x00, 0x00, 
    0x00, 0x00, 0x00, 0x00, 0x00, 0x00, 0x00, 0x00, 0x00, 0x00, 0x00, 0x00, 0x00, 0x00, 0x00, 0x00, 
    0x00, 0x00, 0x00, 0x00, 0x00, 0x00, 0x00, 0x00, 0x00, 0x80, 0x00, 0x00, 0x00, 0x00, 0x00, 0x00, 
    0x01, 0x80, 0x00, 0x00, 0x00, 0x00, 0xF0, 0x00, 0x01, 0x80, 0x00, 0x00, 0x00, 0x01, 0xF8, 0x00, 
    0x01, 0x80, 0x00, 0x00, 0x00, 0x03, 0x8C, 0x00, 0x01, 0x80, 0x00, 0x00, 0x00, 0x03, 0x0C, 0x00, 
    0x01, 0x80, 0x00, 0x00, 0x00, 0x03, 0x0C, 0x00, 0x01, 0x80, 0x00, 0x00, 0x07, 0xCF, 0x8C, 0x00, 
    0x01, 0x80, 0x00, 0x00, 0x0F, 0xFF, 0xFC, 0x00, 0x01, 0x80, 0x00, 0x00, 0x1C, 0x78, 0xF8, 0x00, 
    0x01, 0x80, 0x00, 0x00, 0x18, 0x60, 0x20, 0x00, 0x01, 0x83, 0xF0, 0x00, 0x18, 0x60, 0x00, 0x00, 
    0x01, 0x83, 0xF0, 0x00, 0x1C, 0xE0, 0x00, 0x00, 0x01, 0x86, 0x18, 0x00, 0x1F, 0xC0, 0x00, 0x00, 
    0x01, 0x86, 0x18, 0x00, 0x3F, 0x80, 0x00, 0x00, 0x01, 0x86, 0x18, 0x00, 0x70, 0x00, 0x00, 0x00, 
    0x01, 0x87, 0x3C, 0x00, 0xE0, 0x00, 0x00, 0x00, 0x01, 0x83, 0xFE, 0x01, 0xC0, 0x00, 0x00, 0x00, 
    0x01, 0x81, 0xE7, 0xBF, 0x80, 0x00, 0x00, 0x00, 0x01, 0x80, 0x03, 0xFF, 0x00, 0x00, 0x00, 0x00, 
    0x01, 0x80, 0x00, 0xC3, 0x00, 0x00, 0x00, 0x00, 0x01, 0x80, 0x00, 0xC3, 0x00, 0x00, 0x00, 0x00, 
    0x01, 0x80, 0x00, 0xC3, 0x00, 0x00, 0x00, 0x00, 0x01, 0x80, 0x00, 0xE7, 0x00, 0x00, 0x00, 0x00, 
    0x01, 0x80, 0x00, 0x7E, 0x00, 0x00, 0x00, 0x00, 0x01, 0x80, 0x00, 0x3C, 0x00, 0x00, 0x00, 0x00, 
    0x01, 0x80, 0x00, 0x00, 0x00, 0x00, 0x00, 0x00, 0x01, 0x80, 0x00, 0x00, 0x00, 0x00, 0x00, 0x00, 
    0x01, 0x80, 0x00, 0x00, 0x00, 0x00, 0x00, 0x00, 0x01, 0x80, 0x00, 0x00, 0x00, 0x00, 0x00, 0x00, 
    0x01, 0x80, 0x00, 0x00, 0x00, 0x00, 0x00, 0x00, 0x01, 0x80, 0x00, 0x00, 0x00, 0x00, 0x00, 0x00, 
    0x01, 0x80, 0x00, 0x00, 0x00, 0x00, 0x00, 0x00, 0x01, 0x80, 0x00, 0x00, 0x00, 0x00, 0x00, 0x00, 
    0x01, 0x80, 0x00, 0x00, 0x00, 0x00, 0x00, 0x00, 0x01, 0xFF, 0xFF, 0xFF, 0xFF, 0xFF, 0xFF, 0x00, 
    0x01, 0xFF, 0xFF, 0xFF, 0xFF, 0xFF, 0xFF, 0x80, 0x00, 0x00, 0x00, 0x00, 0x00, 0x00, 0x00, 0x00, 
    0x00, 0x00, 0x00, 0x00, 0x00, 0x00, 0x00, 0x00, 0x00, 0x00, 0x00, 0x00, 0x00, 0x00, 0x00, 0x00, 
    0x00, 0x00, 0x00, 0x00, 0x00, 0x00, 0x00, 0x00, 0x00, 0x01, 0xE0, 0x3C, 0x07, 0x80, 0xF0, 0x00, 
    0x00, 0x00, 0xC0, 0x18, 0x03, 0x80, 0x70, 0x00, 0x00, 0x00, 0x00, 0x00, 0x00, 0x00, 0x00, 0x00, 
    0x00, 0x00, 0x00, 0x00, 0x00, 0x00, 0x00, 0x00, 0x00, 0x00, 0x00, 0x00, 0x00, 0x00, 0x00, 0x00, 
    0x00, 0x00, 0x00, 0x00, 0x00, 0x00, 0x00, 0x00, 0x00, 0x00, 0x00, 0x00, 0x00, 0x00, 0x00, 0x00, 
    0x00, 0x00, 0x00, 0x00, 0x00, 0x00, 0x00, 0x00, 0x00, 0x00, 0x00, 0x00, 0x00, 0x00, 0x00, 0x00, 
    0x00, 0x00, 0x00, 0x00, 0x00, 0x00, 0x00, 0x00, 0x00, 0x00, 0x00, 0x00, 0x00, 0x00, 0x00, 0x00, 
    0x00, 0x00, 0x00, 0x00, 0x00, 0x00, 0x00, 0x00, 0x00, 0x00, 0x00, 0x00, 0x00, 0x00, 0x00, 0x00, 
      },
  {
    0x00, 0x00, 0x00, 0x00, 0x00, 0x00, 0x00, 0x00, 0x00, 0x00, 0x00, 0x00, 0x00, 0x00, 0x00, 0x00, 
    0x00, 0x00, 0x00, 0x00, 0x00, 0x00, 0x00, 0x00, 0x00, 0x00, 0x00, 0x00, 0x00, 0x00, 0x00, 0x00, 
    0x00, 0x00, 0x00, 0x00, 0x00, 0x00, 0x00, 0x00, 0x00, 0x00, 0x00, 0x00, 0x00, 0x00, 0x00, 0x00, 
    0x00, 0x00, 0x00, 0x00, 0x00, 0x00, 0x00, 0x00, 0x00, 0x00, 0x00, 0x00, 0x00, 0x00, 0x00, 0x00, 
    0x00, 0x00, 0x00, 0x00, 0x00, 0x00, 0x00, 0x00, 0x00, 0x00, 0x00, 0x00, 0x00, 0x00, 0x00, 0x00, 
    0x00, 0x00, 0x00, 0x00, 0x00, 0x00, 0x00, 0x00, 0x00, 0x80, 0x00, 0x00, 0x00, 0x00, 0x00, 0x00, 
    0x01, 0x80, 0x00, 0x00, 0x00, 0x00, 0xF0, 0x00, 0x01, 0x80, 0x00, 0x00, 0x00, 0x01, 0xF8, 0x00, 
    0x01, 0x80, 0x00, 0x00, 0x00, 0x03, 0x9C, 0x00, 0x01, 0x80, 0x00, 0x00, 0x00, 0x03, 0x0C, 0x00, 
    0x01, 0x80, 0x00, 0x00, 0x00, 0x03, 0x0C, 0x00, 0x01, 0x80, 0x00, 0x00, 0x07, 0x87, 0x8C, 0x00, 
    0x01, 0x80, 0x00, 0x00, 0x0F, 0xFF, 0xFC, 0x00, 0x01, 0x80, 0x00, 0x00, 0x1C, 0x78, 0xF8, 0x00, 
    0x01, 0x80, 0x00, 0x00, 0x18, 0x60, 0x20, 0x00, 0x01, 0x81, 0xE0, 0x00, 0x18, 0x60, 0x00, 0x00, 
    0x01, 0x83, 0xF0, 0x00, 0x1C, 0x60, 0x00, 0x00, 0x01, 0x86, 0x18, 0x00, 0x1F, 0xC0, 0x00, 0x00, 
    0x01, 0x86, 0x18, 0x00, 0x3F, 0x80, 0x00, 0x00, 0x01, 0x86, 0x18, 0x00, 0x70, 0x00, 0x00, 0x00, 
    0x01, 0x87, 0x38, 0x00, 0xE0, 0x00, 0x00, 0x00, 0x01, 0x83, 0xFE, 0x01, 0xC0, 0x00, 0x00, 0x00, 
    0x01, 0x81, 0xE7, 0x3F, 0x80, 0x00, 0x00, 0x00, 0x01, 0x80, 0x03, 0xFF, 0x00, 0x00, 0x00, 0x00, 
    0x01, 0x80, 0x00, 0xE3, 0x00, 0x00, 0x00, 0x00, 0x01, 0x80, 0x00, 0xC3, 0x00, 0x00, 0x00, 0x00, 
    0x01, 0x80, 0x00, 0xC3, 0x00, 0x00, 0x00, 0x00, 0x01, 0x80, 0x00, 0xE3, 0x00, 0x00, 0x00, 0x00, 
    0x01, 0x80, 0x00, 0x7E, 0x00, 0x00, 0x00, 0x00, 0x01, 0x80, 0x00, 0x3C, 0x00, 0x00, 0x00, 0x00, 
    0x01, 0x80, 0x00, 0x00, 0x00, 0x00, 0x00, 0x00, 0x01, 0x80, 0x00, 0x00, 0x00, 0x00, 0x00, 0x00, 
    0x01, 0x80, 0x00, 0x00, 0x00, 0x00, 0x00, 0x00, 0x01, 0x80, 0x00, 0x00, 0x00, 0x00, 0x00, 0x00, 
    0x01, 0x80, 0x00, 0x00, 0x00, 0x00, 0x00, 0x00, 0x01, 0x80, 0x00, 0x00, 0x00, 0x00, 0x00, 0x00, 
    0x01, 0x80, 0x00, 0x00, 0x00, 0x00, 0x00, 0x00, 0x01, 0x80, 0x00, 0x00, 0x00, 0x00, 0x00, 0x00, 
    0x01, 0x80, 0x00, 0x00, 0x00, 0x00, 0x00, 0x00, 0x01, 0xFF, 0xFF, 0xFF, 0xFF, 0xFF, 0xFF, 0x00, 
    0x01, 0xFF, 0xFF, 0xFF, 0xFF, 0xFF, 0xFF, 0x80, 0x00, 0x00, 0x00, 0x00, 0x00, 0x00, 0x00, 0x00, 
    0x00, 0x00, 0x00, 0x00, 0x00, 0x00, 0x00, 0x00, 0x00, 0x00, 0x00, 0x00, 0x00, 0x00, 0x00, 0x00, 
    0x00, 0x00, 0x00, 0x00, 0x00, 0x00, 0x00, 0x00, 0x00, 0x01, 0xE0, 0x3C, 0x07, 0x80, 0xF0, 0x00, 
    0x00, 0x00, 0xC0, 0x18, 0x03, 0x80, 0x70, 0x00, 0x00, 0x00, 0x00, 0x00, 0x00, 0x00, 0x00, 0x00, 
    0x00, 0x00, 0x00, 0x00, 0x00, 0x00, 0x00, 0x00, 0x00, 0x00, 0x00, 0x00, 0x00, 0x00, 0x00, 0x00, 
    0x00, 0x00, 0x00, 0x00, 0x00, 0x00, 0x00, 0x00, 0x00, 0x00, 0x00, 0x00, 0x00, 0x00, 0x00, 0x00, 
    0x00, 0x00, 0x00, 0x00, 0x00, 0x00, 0x00, 0x00, 0x00, 0x00, 0x00, 0x00, 0x00, 0x00, 0x00, 0x00, 
    0x00, 0x00, 0x00, 0x00, 0x00, 0x00, 0x00, 0x00, 0x00, 0x00, 0x00, 0x00, 0x00, 0x00, 0x00, 0x00, 
    0x00, 0x00, 0x00, 0x00, 0x00, 0x00, 0x00, 0x00, 0x00, 0x00, 0x00, 0x00, 0x00, 0x00, 0x00, 0x00, 
      },
};

#endif
