#ifndef ANIMATION_LAPTOP_H
#define ANIMATION_LAPTOP_H

#include <pgmspace.h>

#define LAPTOP_FRAMES 47
#define LAPTOP_WIDTH  64
#define LAPTOP_HEIGHT 64

const uint8_t laptop_frames[][512] PROGMEM = {
  {
    0x00, 0x00, 0x00, 0x00, 0x00, 0x00, 0x00, 0x00, 0x00, 0x00, 0x00, 0x00, 0x00, 0x00, 0x00, 0x00, 
    0x00, 0x00, 0x00, 0x00, 0x00, 0x00, 0x00, 0x00, 0x00, 0x00, 0x00, 0x00, 0x00, 0x00, 0x00, 0x00, 
    0x00, 0x00, 0x00, 0x00, 0x00, 0x00, 0x00, 0x00, 0x00, 0x00, 0x00, 0x00, 0x00, 0x00, 0x00, 0x00, 
    0x00, 0x00, 0x00, 0x00, 0x00, 0x00, 0x00, 0x00, 0x00, 0x00, 0x00, 0x00, 0x00, 0x00, 0x00, 0x00, 
    0x00, 0x00, 0x00, 0x00, 0x00, 0x00, 0x00, 0x00, 0x00, 0x00, 0x00, 0x00, 0x00, 0x00, 0x00, 0x00, 
    0x00, 0x00, 0x00, 0x00, 0x00, 0x00, 0x00, 0x00, 0x00, 0x00, 0x00, 0x00, 0x00, 0x00, 0x00, 0x00, 
    0x00, 0x00, 0x00, 0x00, 0x00, 0x00, 0x00, 0x00, 0x00, 0x00, 0x00, 0x00, 0x00, 0x00, 0x00, 0x00, 
    0x00, 0x3F, 0xFF, 0xFF, 0xFF, 0xFF, 0xFC, 0x00, 0x00, 0x3F, 0xFF, 0xFF, 0xFF, 0xFF, 0xFC, 0x00, 
    0x00, 0x3F, 0xFF, 0xFF, 0xFF, 0xFF, 0xFC, 0x00, 0x00, 0x30, 0x00, 0x00, 0x00, 0x00, 0x0C, 0x00, 
    0x00, 0x30, 0x00, 0x00, 0x00, 0x00, 0x0C, 0x00, 0x00, 0x30, 0x00, 0x00, 0x00, 0x00, 0x0C, 0x00, 
    0x00, 0x30, 0x00, 0x00, 0x00, 0x00, 0x0C, 0x00, 0x00, 0x30, 0x00, 0x00, 0x00, 0x07, 0x0C, 0x00, 
    0x00, 0x30, 0x00, 0x00, 0x00, 0x0F, 0x0C, 0x00, 0x00, 0x30, 0x00, 0x00, 0x00, 0x1E, 0x0C, 0x00, 
    0x00, 0x30, 0x00, 0x00, 0x00, 0x3C, 0x0C, 0x00, 0x00, 0x30, 0x00, 0x00, 0x00, 0x78, 0x0C, 0x00, 
    0x00, 0x30, 0x00, 0x00, 0x00, 0xF0, 0x0C, 0x00, 0x00, 0x30, 0x00, 0x00, 0x01, 0xE0, 0x0C, 0x00, 
    0x00, 0x30, 0x00, 0x40, 0x03, 0xC0, 0x0C, 0x00, 0x00, 0x30, 0x00, 0xE0, 0x07, 0x80, 0x0C, 0x00, 
    0x00, 0x30, 0x01, 0xF0, 0x0F, 0x00, 0x0C, 0x00, 0x00, 0x30, 0x03, 0xB8, 0x1E, 0x00, 0x0C, 0x00, 
    0x00, 0x30, 0x07, 0x1C, 0x38, 0x00, 0x0C, 0x00, 0x00, 0x30, 0x0E, 0x0E, 0x70, 0x00, 0x0C, 0x00, 
    0x00, 0x30, 0x1C, 0x07, 0xE0, 0x00, 0x0C, 0x00, 0x00, 0x30, 0x38, 0x03, 0xC0, 0x00, 0x0C, 0x00, 
    0x00, 0x30, 0x70, 0x01, 0x80, 0x00, 0x0C, 0x00, 0x00, 0x30, 0xE0, 0x00, 0x00, 0x00, 0x0C, 0x00, 
    0x00, 0x30, 0x40, 0x00, 0x00, 0x00, 0x0C, 0x00, 0x00, 0x30, 0x00, 0x00, 0x00, 0x00, 0x0C, 0x00, 
    0x00, 0x30, 0x00, 0x00, 0x00, 0x00, 0x0C, 0x00, 0x00, 0x30, 0x00, 0x00, 0x00, 0x00, 0x0C, 0x00, 
    0x00, 0x30, 0x00, 0x00, 0x00, 0x00, 0x0C, 0x00, 0x03, 0xFF, 0xFF, 0x00, 0x00, 0xFF, 0xFF, 0xC0, 
    0x03, 0xFF, 0xFF, 0xFF, 0xFF, 0xFF, 0xFF, 0xC0, 0x03, 0x80, 0x03, 0xFF, 0xFF, 0xC0, 0x01, 0xC0, 
    0x03, 0x00, 0x01, 0xFF, 0xFF, 0x80, 0x00, 0xC0, 0x03, 0x80, 0x00, 0x00, 0x00, 0x00, 0x01, 0xC0, 
    0x01, 0xC0, 0x00, 0x00, 0x00, 0x00, 0x03, 0x80, 0x01, 0xFF, 0xFF, 0xFF, 0xFF, 0xFF, 0xFF, 0x80, 
    0x00, 0xFF, 0xFF, 0xFF, 0xFF, 0xFF, 0xFF, 0x00, 0x00, 0x1F, 0xFF, 0xFF, 0xFF, 0xFF, 0xF8, 0x00, 
    0x00, 0x00, 0x00, 0x00, 0x00, 0x00, 0x00, 0x00, 0x00, 0x00, 0x00, 0x00, 0x00, 0x00, 0x00, 0x00, 
    0x00, 0x00, 0x00, 0x00, 0x00, 0x00, 0x00, 0x00, 0x00, 0x00, 0x00, 0x00, 0x00, 0x00, 0x00, 0x00, 
    0x00, 0x00, 0x00, 0x00, 0x00, 0x00, 0x00, 0x00, 0x00, 0x00, 0x00, 0x00, 0x00, 0x00, 0x00, 0x00, 
    0x00, 0x00, 0x00, 0x00, 0x00, 0x00, 0x00, 0x00, 0x00, 0x00, 0x00, 0x00, 0x00, 0x00, 0x00, 0x00, 
    0x00, 0x00, 0x00, 0x00, 0x00, 0x00, 0x00, 0x00, 0x00, 0x00, 0x00, 0x00, 0x00, 0x00, 0x00, 0x00, 
    0x00, 0x00, 0x00, 0x00, 0x00, 0x00, 0x00, 0x00, 0x00, 0x00, 0x00, 0x00, 0x00, 0x00, 0x00, 0x00, 
      },
  {
    0x00, 0x00, 0x00, 0x00, 0x00, 0x00, 0x00, 0x00, 0x00, 0x00, 0x00, 0x00, 0x00, 0x00, 0x00, 0x00, 
    0x00, 0x00, 0x00, 0x00, 0x00, 0x00, 0x00, 0x00, 0x00, 0x00, 0x00, 0x00, 0x00, 0x00, 0x00, 0x00, 
    0x00, 0x00, 0x00, 0x00, 0x00, 0x00, 0x00, 0x00, 0x00, 0x00, 0x00, 0x00, 0x00, 0x00, 0x00, 0x00, 
    0x00, 0x00, 0x00, 0x00, 0x00, 0x00, 0x00, 0x00, 0x00, 0x00, 0x00, 0x00, 0x00, 0x00, 0x00, 0x00, 
    0x00, 0x00, 0x00, 0x00, 0x00, 0x00, 0x00, 0x00, 0x00, 0x00, 0x00, 0x00, 0x00, 0x00, 0x00, 0x00, 
    0x00, 0x00, 0x00, 0x00, 0x00, 0x00, 0x00, 0x00, 0x00, 0x00, 0x00, 0x00, 0x00, 0x00, 0x00, 0x00, 
    0x00, 0x00, 0x00, 0x00, 0x00, 0x00, 0x00, 0x00, 0x00, 0x00, 0x00, 0x00, 0x00, 0x00, 0x00, 0x00, 
    0x00, 0x3F, 0xFF, 0xFF, 0xFF, 0xFF, 0xFC, 0x00, 0x00, 0x3F, 0xFF, 0xFF, 0xFF, 0xFF, 0xFC, 0x00, 
    0x00, 0x3F, 0xFF, 0xFF, 0xFF, 0xFF, 0xFC, 0x00, 0x00, 0x30, 0x00, 0x00, 0x00, 0x00, 0x0C, 0x00, 
    0x00, 0x30, 0x00, 0x00, 0x00, 0x00, 0x0C, 0x00, 0x00, 0x30, 0x00, 0x00, 0x00, 0x00, 0x0C, 0x00, 
    0x00, 0x30, 0x00, 0x00, 0x00, 0x00, 0x0C, 0x00, 0x00, 0x30, 0x00, 0x00, 0x00, 0x07, 0x0C, 0x00, 
    0x00, 0x30, 0x00, 0x00, 0x00, 0x0F, 0x0C, 0x00, 0x00, 0x30, 0x00, 0x00, 0x00, 0x1E, 0x0C, 0x00, 
    0x00, 0x30, 0x00, 0x00, 0x00, 0x3C, 0x0C, 0x00, 0x00, 0x30, 0x00, 0x00, 0x00, 0x78, 0x0C, 0x00, 
    0x00, 0x30, 0x00, 0x00, 0x00, 0xF0, 0x0C, 0x00, 0x00, 0x30, 0x00, 0x00, 0x01, 0xE0, 0x0C, 0x00, 
    0x00, 0x30, 0x00, 0x40, 0x03, 0xC0, 0x0C, 0x00, 0x00, 0x30, 0x00, 0xE0, 0x07, 0x80, 0x0C, 0x00, 
    0x00, 0x30, 0x01, 0xF0, 0x0F, 0x00, 0x0C, 0x00, 0x00, 0x30, 0x03, 0xB8, 0x1E, 0x00, 0x0C, 0x00, 
    0x00, 0x30, 0x07, 0x1C, 0x38, 0x00, 0x0C, 0x00, 0x00, 0x30, 0x0E, 0x0E, 0x70, 0x00, 0x0C, 0x00, 
    0x00, 0x30, 0x1C, 0x07, 0xE0, 0x00, 0x0C, 0x00, 0x00, 0x30, 0x38, 0x03, 0xC0, 0x00, 0x0C, 0x00, 
    0x00, 0x30, 0x70, 0x01, 0x80, 0x00, 0x0C, 0x00, 0x00, 0x30, 0xE0, 0x00, 0x00, 0x00, 0x0C, 0x00, 
    0x00, 0x30, 0x40, 0x00, 0x00, 0x00, 0x0C, 0x00, 0x00, 0x30, 0x00, 0x00, 0x00, 0x00, 0x0C, 0x00, 
    0x00, 0x30, 0x00, 0x00, 0x00, 0x00, 0x0C, 0x00, 0x00, 0x30, 0x00, 0x00, 0x00, 0x00, 0x0C, 0x00, 
    0x00, 0x30, 0x00, 0x00, 0x00, 0x00, 0x0C, 0x00, 0x03, 0xFF, 0xFF, 0x00, 0x00, 0xFF, 0xFF, 0xC0, 
    0x03, 0xFF, 0xFF, 0xFF, 0xFF, 0xFF, 0xFF, 0xC0, 0x03, 0x80, 0x03, 0xFF, 0xFF, 0xC0, 0x01, 0xC0, 
    0x03, 0x00, 0x01, 0xFF, 0xFF, 0x80, 0x00, 0xC0, 0x03, 0x80, 0x00, 0x00, 0x00, 0x00, 0x01, 0xC0, 
    0x01, 0xC0, 0x00, 0x00, 0x00, 0x00, 0x03, 0x80, 0x01, 0xFF, 0xFF, 0xFF, 0xFF, 0xFF, 0xFF, 0x80, 
    0x00, 0xFF, 0xFF, 0xFF, 0xFF, 0xFF, 0xFF, 0x00, 0x00, 0x1F, 0xFF, 0xFF, 0xFF, 0xFF, 0xF8, 0x00, 
    0x00, 0x00, 0x00, 0x00, 0x00, 0x00, 0x00, 0x00, 0x00, 0x00, 0x00, 0x00, 0x00, 0x00, 0x00, 0x00, 
    0x00, 0x00, 0x00, 0x00, 0x00, 0x00, 0x00, 0x00, 0x00, 0x00, 0x00, 0x00, 0x00, 0x00, 0x00, 0x00, 
    0x00, 0x00, 0x00, 0x00, 0x00, 0x00, 0x00, 0x00, 0x00, 0x00, 0x00, 0x00, 0x00, 0x00, 0x00, 0x00, 
    0x00, 0x00, 0x00, 0x00, 0x00, 0x00, 0x00, 0x00, 0x00, 0x00, 0x00, 0x00, 0x00, 0x00, 0x00, 0x00, 
    0x00, 0x00, 0x00, 0x00, 0x00, 0x00, 0x00, 0x00, 0x00, 0x00, 0x00, 0x00, 0x00, 0x00, 0x00, 0x00, 
    0x00, 0x00, 0x00, 0x00, 0x00, 0x00, 0x00, 0x00, 0x00, 0x00, 0x00, 0x00, 0x00, 0x00, 0x00, 0x00, 
      },
  {
    0x00, 0x00, 0x00, 0x00, 0x00, 0x00, 0x00, 0x00, 0x00, 0x00, 0x00, 0x00, 0x00, 0x00, 0x00, 0x00, 
    0x00, 0x00, 0x00, 0x00, 0x00, 0x00, 0x00, 0x00, 0x00, 0x00, 0x00, 0x00, 0x00, 0x00, 0x00, 0x00, 
    0x00, 0x00, 0x00, 0x00, 0x00, 0x00, 0x00, 0x00, 0x00, 0x00, 0x00, 0x00, 0x00, 0x00, 0x00, 0x00, 
    0x00, 0x00, 0x00, 0x00, 0x00, 0x00, 0x00, 0x00, 0x00, 0x00, 0x00, 0x00, 0x00, 0x00, 0x00, 0x00, 
    0x00, 0x00, 0x00, 0x00, 0x00, 0x00, 0x00, 0x00, 0x00, 0x00, 0x00, 0x00, 0x00, 0x00, 0x00, 0x00, 
    0x00, 0x00, 0x00, 0x00, 0x00, 0x00, 0x00, 0x00, 0x00, 0x00, 0x00, 0x00, 0x00, 0x00, 0x00, 0x00, 
    0x00, 0x00, 0x00, 0x00, 0x00, 0x00, 0x00, 0x00, 0x00, 0x00, 0x00, 0x00, 0x00, 0x00, 0x00, 0x00, 
    0x00, 0x3F, 0xFF, 0xFF, 0xFF, 0xFF, 0xFC, 0x00, 0x00, 0x3F, 0xFF, 0xFF, 0xFF, 0xFF, 0xFC, 0x00, 
    0x00, 0x3F, 0xFF, 0xFF, 0xFF, 0xFF, 0xFC, 0x00, 0x00, 0x30, 0x00, 0x00, 0x00, 0x00, 0x0C, 0x00, 
    0x00, 0x30, 0x00, 0x00, 0x00, 0x00, 0x0C, 0x00, 0x00, 0x30, 0x00, 0x00, 0x00, 0x00, 0x0C, 0x00, 
    0x00, 0x30, 0x00, 0x00, 0x00, 0x00, 0x0C, 0x00, 0x00, 0x30, 0x00, 0x00, 0x00, 0x03, 0x0C, 0x00, 
    0x00, 0x30, 0x00, 0x00, 0x00, 0x0F, 0x0C, 0x00, 0x00, 0x30, 0x00, 0x00, 0x00, 0x1E, 0x0C, 0x00, 
    0x00, 0x30, 0x00, 0x00, 0x00, 0x3C, 0x0C, 0x00, 0x00, 0x30, 0x00, 0x00, 0x00, 0x78, 0x0C, 0x00, 
    0x00, 0x30, 0x00, 0x00, 0x00, 0xF0, 0x0C, 0x00, 0x00, 0x30, 0x00, 0x00, 0x01, 0xE0, 0x0C, 0x00, 
    0x00, 0x30, 0x00, 0x40, 0x03, 0xC0, 0x0C, 0x00, 0x00, 0x30, 0x00, 0xE0, 0x07, 0x80, 0x0C, 0x00, 
    0x00, 0x30, 0x01, 0xF0, 0x0F, 0x00, 0x0C, 0x00, 0x00, 0x30, 0x03, 0xB8, 0x1E, 0x00, 0x0C, 0x00, 
    0x00, 0x30, 0x07, 0x1C, 0x3C, 0x00, 0x0C, 0x00, 0x00, 0x30, 0x0E, 0x0E, 0x78, 0x00, 0x0C, 0x00, 
    0x00, 0x30, 0x1C, 0x07, 0xE0, 0x00, 0x0C, 0x00, 0x00, 0x30, 0x38, 0x03, 0xC0, 0x00, 0x0C, 0x00, 
    0x00, 0x30, 0x70, 0x01, 0x80, 0x00, 0x0C, 0x00, 0x00, 0x30, 0xE0, 0x00, 0x00, 0x00, 0x0C, 0x00, 
    0x00, 0x30, 0x40, 0x00, 0x00, 0x00, 0x0C, 0x00, 0x00, 0x30, 0x00, 0x00, 0x00, 0x00, 0x0C, 0x00, 
    0x00, 0x30, 0x00, 0x00, 0x00, 0x00, 0x0C, 0x00, 0x00, 0x30, 0x00, 0x00, 0x00, 0x00, 0x0C, 0x00, 
    0x00, 0x30, 0x00, 0x00, 0x00, 0x00, 0x0C, 0x00, 0x03, 0xFF, 0xFF, 0x00, 0x00, 0xFF, 0xFF, 0xC0, 
    0x03, 0xFF, 0xFF, 0xFF, 0xFF, 0xFF, 0xFF, 0xC0, 0x03, 0x80, 0x03, 0xFF, 0xFF, 0xC0, 0x01, 0xC0, 
    0x03, 0x00, 0x01, 0xFF, 0xFF, 0x80, 0x01, 0xC0, 0x03, 0x80, 0x00, 0x00, 0x00, 0x00, 0x01, 0xC0, 
    0x01, 0xC0, 0x00, 0x00, 0x00, 0x00, 0x03, 0x80, 0x01, 0xFF, 0xFF, 0xFF, 0xFF, 0xFF, 0xFF, 0x80, 
    0x00, 0xFF, 0xFF, 0xFF, 0xFF, 0xFF, 0xFF, 0x00, 0x00, 0x1F, 0xFF, 0xFF, 0xFF, 0xFF, 0xF8, 0x00, 
    0x00, 0x00, 0x00, 0x00, 0x00, 0x00, 0x00, 0x00, 0x00, 0x00, 0x00, 0x00, 0x00, 0x00, 0x00, 0x00, 
    0x00, 0x00, 0x00, 0x00, 0x00, 0x00, 0x00, 0x00, 0x00, 0x00, 0x00, 0x00, 0x00, 0x00, 0x00, 0x00, 
    0x00, 0x00, 0x00, 0x00, 0x00, 0x00, 0x00, 0x00, 0x00, 0x00, 0x00, 0x00, 0x00, 0x00, 0x00, 0x00, 
    0x00, 0x00, 0x00, 0x00, 0x00, 0x00, 0x00, 0x00, 0x00, 0x00, 0x00, 0x00, 0x00, 0x00, 0x00, 0x00, 
    0x00, 0x00, 0x00, 0x00, 0x00, 0x00, 0x00, 0x00, 0x00, 0x00, 0x00, 0x00, 0x00, 0x00, 0x00, 0x00, 
    0x00, 0x00, 0x00, 0x00, 0x00, 0x00, 0x00, 0x00, 0x00, 0x00, 0x00, 0x00, 0x00, 0x00, 0x00, 0x00, 
      },
  {
    0x00, 0x00, 0x00, 0x00, 0x00, 0x00, 0x00, 0x00, 0x00, 0x00, 0x00, 0x00, 0x00, 0x00, 0x00, 0x00, 
    0x00, 0x00, 0x00, 0x00, 0x00, 0x00, 0x00, 0x00, 0x00, 0x00, 0x00, 0x00, 0x00, 0x00, 0x00, 0x00, 
    0x00, 0x00, 0x00, 0x00, 0x00, 0x00, 0x00, 0x00, 0x00, 0x00, 0x00, 0x00, 0x00, 0x00, 0x00, 0x00, 
    0x00, 0x00, 0x00, 0x00, 0x00, 0x00, 0x00, 0x00, 0x00, 0x00, 0x00, 0x00, 0x00, 0x00, 0x00, 0x00, 
    0x00, 0x00, 0x00, 0x00, 0x00, 0x00, 0x00, 0x00, 0x00, 0x00, 0x00, 0x00, 0x00, 0x00, 0x00, 0x00, 
    0x00, 0x00, 0x00, 0x00, 0x00, 0x00, 0x00, 0x00, 0x00, 0x00, 0x00, 0x00, 0x00, 0x00, 0x00, 0x00, 
    0x00, 0x00, 0x00, 0x00, 0x00, 0x00, 0x00, 0x00, 0x00, 0x00, 0x00, 0x00, 0x00, 0x00, 0x00, 0x00, 
    0x00, 0x1F, 0xFF, 0xFF, 0xFF, 0xFF, 0xFC, 0x00, 0x00, 0x3F, 0xFF, 0xFF, 0xFF, 0xFF, 0xFE, 0x00, 
    0x00, 0x3F, 0xFF, 0xFF, 0xFF, 0xFF, 0xFE, 0x00, 0x00, 0x30, 0x00, 0x00, 0x00, 0x00, 0x0E, 0x00, 
    0x00, 0x38, 0x00, 0x00, 0x00, 0x00, 0x0E, 0x00, 0x00, 0x38, 0x00, 0x00, 0x00, 0x00, 0x0E, 0x00, 
    0x00, 0x38, 0x00, 0x00, 0x00, 0x00, 0x0E, 0x00, 0x00, 0x38, 0x00, 0x00, 0x00, 0x03, 0x0E, 0x00, 
    0x00, 0x38, 0x00, 0x00, 0x00, 0x07, 0x0E, 0x00, 0x00, 0x38, 0x00, 0x00, 0x00, 0x0E, 0x0E, 0x00, 
    0x00, 0x38, 0x00, 0x00, 0x00, 0x3C, 0x0E, 0x00, 0x00, 0x38, 0x00, 0x00, 0x00, 0x78, 0x0E, 0x00, 
    0x00, 0x38, 0x00, 0x00, 0x00, 0xF0, 0x0E, 0x00, 0x00, 0x38, 0x00, 0x00, 0x01, 0xE0, 0x0E, 0x00, 
    0x00, 0x38, 0x00, 0x40, 0x03, 0xC0, 0x0E, 0x00, 0x00, 0x38, 0x00, 0xF0, 0x07, 0x80, 0x0E, 0x00, 
    0x00, 0x38, 0x01, 0xF0, 0x0F, 0x00, 0x0E, 0x00, 0x00, 0x38, 0x03, 0xB8, 0x1E, 0x00, 0x0E, 0x00, 
    0x00, 0x38, 0x07, 0x1C, 0x3C, 0x00, 0x0E, 0x00, 0x00, 0x38, 0x0E, 0x0E, 0x78, 0x00, 0x0E, 0x00, 
    0x00, 0x38, 0x1C, 0x07, 0xF0, 0x00, 0x0E, 0x00, 0x00, 0x38, 0x38, 0x03, 0xE0, 0x00, 0x0E, 0x00, 
    0x00, 0x38, 0x70, 0x01, 0x80, 0x00, 0x0E, 0x00, 0x00, 0x38, 0xE0, 0x00, 0x00, 0x00, 0x0E, 0x00, 
    0x00, 0x38, 0x40, 0x00, 0x00, 0x00, 0x0E, 0x00, 0x00, 0x38, 0x00, 0x00, 0x00, 0x00, 0x0E, 0x00, 
    0x00, 0x38, 0x00, 0x00, 0x00, 0x00, 0x0E, 0x00, 0x00, 0x38, 0x00, 0x00, 0x00, 0x00, 0x0E, 0x00, 
    0x00, 0x38, 0x00, 0x00, 0x00, 0x00, 0x0E, 0x00, 0x03, 0xFF, 0xFF, 0x00, 0x00, 0xFF, 0xFF, 0x80, 
    0x03, 0xFF, 0xFF, 0xFF, 0xFF, 0xFF, 0xFF, 0xC0, 0x03, 0x80, 0x03, 0xFF, 0xFF, 0xC0, 0x01, 0xC0, 
    0x03, 0x00, 0x01, 0xFF, 0xFF, 0x00, 0x01, 0xC0, 0x03, 0x80, 0x00, 0x00, 0x00, 0x00, 0x01, 0xC0, 
    0x01, 0xC0, 0x00, 0x00, 0x00, 0x00, 0x03, 0x80, 0x01, 0xFF, 0xFF, 0xFF, 0xFF, 0xFF, 0xFF, 0x80, 
    0x00, 0xFF, 0xFF, 0xFF, 0xFF, 0xFF, 0xFF, 0x00, 0x00, 0x1F, 0xFF, 0xFF, 0xFF, 0xFF, 0xF8, 0x00, 
    0x00, 0x00, 0x00, 0x00, 0x00, 0x00, 0x00, 0x00, 0x00, 0x00, 0x00, 0x00, 0x00, 0x00, 0x00, 0x00, 
    0x00, 0x00, 0x00, 0x00, 0x00, 0x00, 0x00, 0x00, 0x00, 0x00, 0x00, 0x00, 0x00, 0x00, 0x00, 0x00, 
    0x00, 0x00, 0x00, 0x00, 0x00, 0x00, 0x00, 0x00, 0x00, 0x00, 0x00, 0x00, 0x00, 0x00, 0x00, 0x00, 
    0x00, 0x00, 0x00, 0x00, 0x00, 0x00, 0x00, 0x00, 0x00, 0x00, 0x00, 0x00, 0x00, 0x00, 0x00, 0x00, 
    0x00, 0x00, 0x00, 0x00, 0x00, 0x00, 0x00, 0x00, 0x00, 0x00, 0x00, 0x00, 0x00, 0x00, 0x00, 0x00, 
    0x00, 0x00, 0x00, 0x00, 0x00, 0x00, 0x00, 0x00, 0x00, 0x00, 0x00, 0x00, 0x00, 0x00, 0x00, 0x00, 
      },
  {
    0x00, 0x00, 0x00, 0x00, 0x00, 0x00, 0x00, 0x00, 0x00, 0x00, 0x00, 0x00, 0x00, 0x00, 0x00, 0x00, 
    0x00, 0x00, 0x00, 0x00, 0x00, 0x00, 0x00, 0x00, 0x00, 0x00, 0x00, 0x00, 0x00, 0x00, 0x00, 0x00, 
    0x00, 0x00, 0x00, 0x00, 0x00, 0x00, 0x00, 0x00, 0x00, 0x00, 0x00, 0x00, 0x00, 0x00, 0x00, 0x00, 
    0x00, 0x00, 0x00, 0x00, 0x00, 0x00, 0x00, 0x00, 0x00, 0x00, 0x00, 0x00, 0x00, 0x00, 0x00, 0x00, 
    0x00, 0x00, 0x00, 0x00, 0x00, 0x00, 0x00, 0x00, 0x00, 0x00, 0x00, 0x00, 0x00, 0x00, 0x00, 0x00, 
    0x00, 0x00, 0x00, 0x00, 0x00, 0x00, 0x00, 0x00, 0x00, 0x00, 0x00, 0x00, 0x00, 0x00, 0x00, 0x00, 
    0x00, 0x00, 0x00, 0x00, 0x00, 0x00, 0x00, 0x00, 0x00, 0x00, 0x00, 0x00, 0x00, 0x00, 0x00, 0x00, 
    0x00, 0x1F, 0xFF, 0xFF, 0xFF, 0xFF, 0xFC, 0x00, 0x00, 0x3F, 0xFF, 0xFF, 0xFF, 0xFF, 0xFE, 0x00, 
    0x00, 0x3F, 0xFF, 0xFF, 0xFF, 0xFF, 0xFE, 0x00, 0x00, 0x38, 0x00, 0x00, 0x00, 0x00, 0x0E, 0x00, 
    0x00, 0x38, 0x00, 0x00, 0x00, 0x00, 0x0E, 0x00, 0x00, 0x38, 0x00, 0x00, 0x00, 0x00, 0x0E, 0x00, 
    0x00, 0x38, 0x00, 0x00, 0x00, 0x00, 0x0E, 0x00, 0x00, 0x38, 0x00, 0x00, 0x00, 0x03, 0x0E, 0x00, 
    0x00, 0x38, 0x00, 0x00, 0x00, 0x07, 0x0E, 0x00, 0x00, 0x38, 0x00, 0x00, 0x00, 0x0E, 0x0E, 0x00, 
    0x00, 0x38, 0x00, 0x00, 0x00, 0x1C, 0x0E, 0x00, 0x00, 0x38, 0x00, 0x00, 0x00, 0x38, 0x0E, 0x00, 
    0x00, 0x38, 0x00, 0x00, 0x00, 0x70, 0x0E, 0x00, 0x00, 0x38, 0x00, 0x00, 0x00, 0xE0, 0x0E, 0x00, 
    0x00, 0x38, 0x00, 0x60, 0x01, 0xC0, 0x0E, 0x00, 0x00, 0x38, 0x00, 0xF0, 0x07, 0x80, 0x0E, 0x00, 
    0x00, 0x38, 0x01, 0xF8, 0x0F, 0x00, 0x0E, 0x00, 0x00, 0x38, 0x03, 0xBC, 0x1E, 0x00, 0x0E, 0x00, 
    0x00, 0x38, 0x07, 0x1E, 0x3C, 0x00, 0x0E, 0x00, 0x00, 0x38, 0x0E, 0x0E, 0x78, 0x00, 0x0E, 0x00, 
    0x00, 0x38, 0x1C, 0x07, 0xF0, 0x00, 0x0E, 0x00, 0x00, 0x38, 0x38, 0x03, 0xE0, 0x00, 0x0E, 0x00, 
    0x00, 0x38, 0x70, 0x01, 0xC0, 0x00, 0x0E, 0x00, 0x00, 0x38, 0xE0, 0x00, 0x00, 0x00, 0x0E, 0x00, 
    0x00, 0x38, 0x40, 0x00, 0x00, 0x00, 0x0E, 0x00, 0x00, 0x38, 0x00, 0x00, 0x00, 0x00, 0x0E, 0x00, 
    0x00, 0x38, 0x00, 0x00, 0x00, 0x00, 0x0E, 0x00, 0x00, 0x38, 0x00, 0x00, 0x00, 0x00, 0x0E, 0x00, 
    0x00, 0x38, 0x00, 0x00, 0x00, 0x00, 0x0E, 0x00, 0x03, 0xFF, 0xFF, 0x00, 0x01, 0xFF, 0xFF, 0x80, 
    0x03, 0xFF, 0xFF, 0xFF, 0xFF, 0xFF, 0xFF, 0x80, 0x03, 0x80, 0x03, 0xFF, 0xFF, 0xC0, 0x01, 0x80, 
    0x03, 0x00, 0x01, 0xFF, 0xFF, 0x00, 0x01, 0x80, 0x03, 0x80, 0x00, 0x00, 0x00, 0x00, 0x01, 0x80, 
    0x01, 0xC0, 0x00, 0x00, 0x00, 0x00, 0x03, 0x80, 0x01, 0xFF, 0xFF, 0xFF, 0xFF, 0xFF, 0xFF, 0x00, 
    0x00, 0xFF, 0xFF, 0xFF, 0xFF, 0xFF, 0xFE, 0x00, 0x00, 0x1F, 0xFF, 0xFF, 0xFF, 0xFF, 0xF8, 0x00, 
    0x00, 0x00, 0x00, 0x00, 0x00, 0x00, 0x00, 0x00, 0x00, 0x00, 0x00, 0x00, 0x00, 0x00, 0x00, 0x00, 
    0x00, 0x00, 0x00, 0x00, 0x00, 0x00, 0x00, 0x00, 0x00, 0x00, 0x00, 0x00, 0x00, 0x00, 0x00, 0x00, 
    0x00, 0x00, 0x00, 0x00, 0x00, 0x00, 0x00, 0x00, 0x00, 0x00, 0x00, 0x00, 0x00, 0x00, 0x00, 0x00, 
    0x00, 0x00, 0x00, 0x00, 0x00, 0x00, 0x00, 0x00, 0x00, 0x00, 0x00, 0x00, 0x00, 0x00, 0x00, 0x00, 
    0x00, 0x00, 0x00, 0x00, 0x00, 0x00, 0x00, 0x00, 0x00, 0x00, 0x00, 0x00, 0x00, 0x00, 0x00, 0x00, 
    0x00, 0x00, 0x00, 0x00, 0x00, 0x00, 0x00, 0x00, 0x00, 0x00, 0x00, 0x00, 0x00, 0x00, 0x00, 0x00, 
      },
  {
    0x00, 0x00, 0x00, 0x00, 0x00, 0x00, 0x00, 0x00, 0x00, 0x00, 0x00, 0x00, 0x00, 0x00, 0x00, 0x00, 
    0x00, 0x00, 0x00, 0x00, 0x00, 0x00, 0x00, 0x00, 0x00, 0x00, 0x00, 0x00, 0x00, 0x00, 0x00, 0x00, 
    0x00, 0x00, 0x00, 0x00, 0x00, 0x00, 0x00, 0x00, 0x00, 0x00, 0x00, 0x00, 0x00, 0x00, 0x00, 0x00, 
    0x00, 0x00, 0x00, 0x00, 0x00, 0x00, 0x00, 0x00, 0x00, 0x00, 0x00, 0x00, 0x00, 0x00, 0x00, 0x00, 
    0x00, 0x00, 0x00, 0x00, 0x00, 0x00, 0x00, 0x00, 0x00, 0x00, 0x00, 0x00, 0x00, 0x00, 0x00, 0x00, 
    0x00, 0x00, 0x00, 0x00, 0x00, 0x00, 0x00, 0x00, 0x00, 0x00, 0x00, 0x00, 0x00, 0x00, 0x00, 0x00, 
    0x00, 0x00, 0x00, 0x00, 0x00, 0x00, 0x00, 0x00, 0x00, 0x00, 0x00, 0x00, 0x00, 0x00, 0x00, 0x00, 
    0x00, 0x1F, 0xFF, 0xFF, 0xFF, 0xFF, 0xFC, 0x00, 0x00, 0x1F, 0xFF, 0xFF, 0xFF, 0xFF, 0xFE, 0x00, 
    0x00, 0x1F, 0xFF, 0xFF, 0xFF, 0xFF, 0xFE, 0x00, 0x00, 0x18, 0x00, 0x00, 0x00, 0x00, 0x06, 0x00, 
    0x00, 0x18, 0x00, 0x00, 0x00, 0x00, 0x0E, 0x00, 0x00, 0x18, 0x00, 0x00, 0x00, 0x00, 0x0E, 0x00, 
    0x00, 0x18, 0x00, 0x00, 0x00, 0x00, 0x0E, 0x00, 0x00, 0x18, 0x00, 0x00, 0x00, 0x03, 0x0E, 0x00, 
    0x00, 0x18, 0x00, 0x00, 0x00, 0x07, 0x0E, 0x00, 0x00, 0x18, 0x00, 0x00, 0x00, 0x0E, 0x0E, 0x00, 
    0x00, 0x18, 0x00, 0x00, 0x00, 0x1C, 0x0E, 0x00, 0x00, 0x18, 0x00, 0x00, 0x00, 0x38, 0x0E, 0x00, 
    0x00, 0x18, 0x00, 0x00, 0x00, 0x70, 0x0E, 0x00, 0x00, 0x18, 0x00, 0x00, 0x00, 0xE0, 0x0E, 0x00, 
    0x00, 0x18, 0x00, 0x60, 0x01, 0xC0, 0x0E, 0x00, 0x00, 0x18, 0x00, 0xF0, 0x03, 0x80, 0x0E, 0x00, 
    0x00, 0x18, 0x01, 0xF8, 0x07, 0x00, 0x0E, 0x00, 0x00, 0x18, 0x03, 0xDC, 0x0E, 0x00, 0x0E, 0x00, 
    0x00, 0x18, 0x07, 0x9E, 0x1C, 0x00, 0x0E, 0x00, 0x00, 0x18, 0x0F, 0x0F, 0x38, 0x00, 0x0E, 0x00, 
    0x00, 0x18, 0x1E, 0x07, 0xF0, 0x00, 0x0E, 0x00, 0x00, 0x18, 0x3C, 0x03, 0xE0, 0x00, 0x0E, 0x00, 
    0x00, 0x18, 0x78, 0x01, 0xC0, 0x00, 0x0E, 0x00, 0x00, 0x18, 0x70, 0x00, 0x00, 0x00, 0x0E, 0x00, 
    0x00, 0x18, 0x60, 0x00, 0x00, 0x00, 0x0E, 0x00, 0x00, 0x18, 0x00, 0x00, 0x00, 0x00, 0x0E, 0x00, 
    0x00, 0x18, 0x00, 0x00, 0x00, 0x00, 0x0E, 0x00, 0x00, 0x18, 0x00, 0x00, 0x00, 0x00, 0x0E, 0x00, 
    0x00, 0x18, 0x00, 0x00, 0x00, 0x00, 0x0E, 0x00, 0x03, 0xFF, 0xFF, 0x00, 0x01, 0xFF, 0xFF, 0x80, 
    0x03, 0xFF, 0xFF, 0xFF, 0xFF, 0xFF, 0xFF, 0x80, 0x03, 0x80, 0x03, 0xFF, 0xFF, 0x80, 0x03, 0x80, 
    0x03, 0x00, 0x01, 0xFF, 0xFF, 0x00, 0x01, 0x80, 0x03, 0x80, 0x00, 0x00, 0x00, 0x00, 0x03, 0x80, 
    0x01, 0xC0, 0x00, 0x00, 0x00, 0x00, 0x03, 0x80, 0x01, 0xFF, 0xFF, 0xFF, 0xFF, 0xFF, 0xFF, 0x00, 
    0x00, 0xFF, 0xFF, 0xFF, 0xFF, 0xFF, 0xFE, 0x00, 0x00, 0x1F, 0xFF, 0xFF, 0xFF, 0xFF, 0xF8, 0x00, 
    0x00, 0x00, 0x00, 0x00, 0x00, 0x00, 0x00, 0x00, 0x00, 0x00, 0x00, 0x00, 0x00, 0x00, 0x00, 0x00, 
    0x00, 0x00, 0x00, 0x00, 0x00, 0x00, 0x00, 0x00, 0x00, 0x00, 0x00, 0x00, 0x00, 0x00, 0x00, 0x00, 
    0x00, 0x00, 0x00, 0x00, 0x00, 0x00, 0x00, 0x00, 0x00, 0x00, 0x00, 0x00, 0x00, 0x00, 0x00, 0x00, 
    0x00, 0x00, 0x00, 0x00, 0x00, 0x00, 0x00, 0x00, 0x00, 0x00, 0x00, 0x00, 0x00, 0x00, 0x00, 0x00, 
    0x00, 0x00, 0x00, 0x00, 0x00, 0x00, 0x00, 0x00, 0x00, 0x00, 0x00, 0x00, 0x00, 0x00, 0x00, 0x00, 
    0x00, 0x00, 0x00, 0x00, 0x00, 0x00, 0x00, 0x00, 0x00, 0x00, 0x00, 0x00, 0x00, 0x00, 0x00, 0x00, 
      },
  {
    0x00, 0x00, 0x00, 0x00, 0x00, 0x00, 0x00, 0x00, 0x00, 0x00, 0x00, 0x00, 0x00, 0x00, 0x00, 0x00, 
    0x00, 0x00, 0x00, 0x00, 0x00, 0x00, 0x00, 0x00, 0x00, 0x00, 0x00, 0x00, 0x00, 0x00, 0x00, 0x00, 
    0x00, 0x00, 0x00, 0x00, 0x00, 0x00, 0x00, 0x00, 0x00, 0x00, 0x00, 0x00, 0x00, 0x00, 0x00, 0x00, 
    0x00, 0x00, 0x00, 0x00, 0x00, 0x00, 0x00, 0x00, 0x00, 0x00, 0x00, 0x00, 0x00, 0x00, 0x00, 0x00, 
    0x00, 0x00, 0x00, 0x00, 0x00, 0x00, 0x00, 0x00, 0x00, 0x00, 0x00, 0x00, 0x00, 0x00, 0x00, 0x00, 
    0x00, 0x00, 0x00, 0x00, 0x00, 0x00, 0x00, 0x00, 0x00, 0x00, 0x00, 0x00, 0x00, 0x00, 0x00, 0x00, 
    0x00, 0x00, 0x00, 0x00, 0x00, 0x00, 0x00, 0x00, 0x00, 0x00, 0x00, 0x00, 0x00, 0x00, 0x00, 0x00, 
    0x00, 0x1F, 0xFF, 0xFF, 0xFF, 0xFF, 0xFE, 0x00, 0x00, 0x1F, 0xFF, 0xFF, 0xFF, 0xFF, 0xFE, 0x00, 
    0x00, 0x1F, 0xFF, 0xFF, 0xFF, 0xFF, 0xFE, 0x00, 0x00, 0x18, 0x00, 0x00, 0x00, 0x00, 0x06, 0x00, 
    0x00, 0x18, 0x00, 0x00, 0x00, 0x00, 0x06, 0x00, 0x00, 0x18, 0x00, 0x00, 0x00, 0x00, 0x06, 0x00, 
    0x00, 0x18, 0x00, 0x00, 0x00, 0x00, 0x06, 0x00, 0x00, 0x18, 0x00, 0x00, 0x00, 0x03, 0x86, 0x00, 
    0x00, 0x18, 0x00, 0x00, 0x00, 0x07, 0x86, 0x00, 0x00, 0x18, 0x00, 0x00, 0x00, 0x0F, 0x06, 0x00, 
    0x00, 0x18, 0x00, 0x00, 0x00, 0x1E, 0x06, 0x00, 0x00, 0x18, 0x00, 0x00, 0x00, 0x3C, 0x06, 0x00, 
    0x00, 0x18, 0x00, 0x00, 0x00, 0x70, 0x06, 0x00, 0x00, 0x18, 0x00, 0x00, 0x00, 0xE0, 0x06, 0x00, 
    0x00, 0x18, 0x00, 0x20, 0x01, 0xC0, 0x06, 0x00, 0x00, 0x18, 0x00, 0xF0, 0x03, 0x80, 0x06, 0x00, 
    0x00, 0x18, 0x01, 0xF8, 0x07, 0x00, 0x06, 0x00, 0x00, 0x18, 0x03, 0xDC, 0x0E, 0x00, 0x06, 0x00, 
    0x00, 0x18, 0x07, 0x8E, 0x1C, 0x00, 0x06, 0x00, 0x00, 0x18, 0x0F, 0x07, 0x38, 0x00, 0x06, 0x00, 
    0x00, 0x18, 0x1E, 0x03, 0xF0, 0x00, 0x06, 0x00, 0x00, 0x18, 0x3C, 0x01, 0xE0, 0x00, 0x06, 0x00, 
    0x00, 0x18, 0x38, 0x00, 0xC0, 0x00, 0x06, 0x00, 0x00, 0x18, 0x70, 0x00, 0x00, 0x00, 0x06, 0x00, 
    0x00, 0x18, 0x60, 0x00, 0x00, 0x00, 0x06, 0x00, 0x00, 0x18, 0x00, 0x00, 0x00, 0x00, 0x06, 0x00, 
    0x00, 0x18, 0x00, 0x00, 0x00, 0x00, 0x06, 0x00, 0x00, 0x18, 0x00, 0x00, 0x00, 0x00, 0x06, 0x00, 
    0x00, 0x18, 0x00, 0x00, 0x00, 0x00, 0x06, 0x00, 0x03, 0xFF, 0xFE, 0x00, 0x01, 0xFF, 0xFF, 0x00, 
    0x03, 0xFF, 0xFF, 0xFF, 0xFF, 0xFF, 0xFF, 0x80, 0x03, 0x80, 0x07, 0xFF, 0xFF, 0x80, 0x03, 0x80, 
    0x03, 0x00, 0x01, 0xFF, 0xFF, 0x00, 0x03, 0x80, 0x03, 0x80, 0x00, 0x00, 0x00, 0x00, 0x03, 0x00, 
    0x01, 0xC0, 0x00, 0x00, 0x00, 0x00, 0x07, 0x00, 0x01, 0xFF, 0xFF, 0xFF, 0xFF, 0xFF, 0xFE, 0x00, 
    0x00, 0xFF, 0xFF, 0xFF, 0xFF, 0xFF, 0xFE, 0x00, 0x00, 0x1F, 0xFF, 0xFF, 0xFF, 0xFF, 0xF0, 0x00, 
    0x00, 0x00, 0x00, 0x00, 0x00, 0x00, 0x00, 0x00, 0x00, 0x00, 0x00, 0x00, 0x00, 0x00, 0x00, 0x00, 
    0x00, 0x00, 0x00, 0x00, 0x00, 0x00, 0x00, 0x00, 0x00, 0x00, 0x00, 0x00, 0x00, 0x00, 0x00, 0x00, 
    0x00, 0x00, 0x00, 0x00, 0x00, 0x00, 0x00, 0x00, 0x00, 0x00, 0x00, 0x00, 0x00, 0x00, 0x00, 0x00, 
    0x00, 0x00, 0x00, 0x00, 0x00, 0x00, 0x00, 0x00, 0x00, 0x00, 0x00, 0x00, 0x00, 0x00, 0x00, 0x00, 
    0x00, 0x00, 0x00, 0x00, 0x00, 0x00, 0x00, 0x00, 0x00, 0x00, 0x00, 0x00, 0x00, 0x00, 0x00, 0x00, 
    0x00, 0x00, 0x00, 0x00, 0x00, 0x00, 0x00, 0x00, 0x00, 0x00, 0x00, 0x00, 0x00, 0x00, 0x00, 0x00, 
      },
  {
    0x00, 0x00, 0x00, 0x00, 0x00, 0x00, 0x00, 0x00, 0x00, 0x00, 0x00, 0x00, 0x00, 0x00, 0x00, 0x00, 
    0x00, 0x00, 0x00, 0x00, 0x00, 0x00, 0x00, 0x00, 0x00, 0x00, 0x00, 0x00, 0x00, 0x00, 0x00, 0x00, 
    0x00, 0x00, 0x00, 0x00, 0x00, 0x00, 0x00, 0x00, 0x00, 0x00, 0x00, 0x00, 0x00, 0x00, 0x00, 0x00, 
    0x00, 0x00, 0x00, 0x00, 0x00, 0x00, 0x00, 0x00, 0x00, 0x00, 0x00, 0x00, 0x00, 0x00, 0x00, 0x00, 
    0x00, 0x00, 0x00, 0x00, 0x00, 0x00, 0x00, 0x00, 0x00, 0x00, 0x00, 0x00, 0x00, 0x00, 0x00, 0x00, 
    0x00, 0x00, 0x00, 0x00, 0x00, 0x00, 0x00, 0x00, 0x00, 0x00, 0x00, 0x00, 0x00, 0x00, 0x00, 0x00, 
    0x00, 0x00, 0x00, 0x00, 0x00, 0x00, 0x00, 0x00, 0x00, 0x00, 0x00, 0x00, 0x00, 0x00, 0x00, 0x00, 
    0x00, 0x0F, 0xFF, 0xFF, 0xFF, 0xFF, 0xFE, 0x00, 0x00, 0x1F, 0xFF, 0xFF, 0xFF, 0xFF, 0xFE, 0x00, 
    0x00, 0x1F, 0xFF, 0xFF, 0xFF, 0xFF, 0xFE, 0x00, 0x00, 0x1C, 0x00, 0x00, 0x00, 0x00, 0x06, 0x00, 
    0x00, 0x1C, 0x00, 0x00, 0x00, 0x00, 0x06, 0x00, 0x00, 0x1C, 0x00, 0x00, 0x00, 0x00, 0x06, 0x00, 
    0x00, 0x1C, 0x00, 0x00, 0x00, 0x00, 0x06, 0x00, 0x00, 0x1C, 0x00, 0x00, 0x00, 0x01, 0x86, 0x00, 
    0x00, 0x1C, 0x00, 0x00, 0x00, 0x07, 0x86, 0x00, 0x00, 0x1C, 0x00, 0x00, 0x00, 0x0F, 0x06, 0x00, 
    0x00, 0x1C, 0x00, 0x00, 0x00, 0x1E, 0x06, 0x00, 0x00, 0x1C, 0x00, 0x00, 0x00, 0x3C, 0x06, 0x00, 
    0x00, 0x1C, 0x00, 0x00, 0x00, 0x78, 0x06, 0x00, 0x00, 0x1C, 0x00, 0x00, 0x00, 0xF0, 0x06, 0x00, 
    0x00, 0x1C, 0x00, 0x20, 0x01, 0xE0, 0x06, 0x00, 0x00, 0x1C, 0x00, 0x70, 0x03, 0xC0, 0x06, 0x00, 
    0x00, 0x1C, 0x00, 0xF8, 0x07, 0x80, 0x06, 0x00, 0x00, 0x1C, 0x01, 0xDC, 0x0F, 0x00, 0x06, 0x00, 
    0x00, 0x1C, 0x03, 0x8E, 0x1E, 0x00, 0x06, 0x00, 0x00, 0x1C, 0x07, 0x07, 0x3C, 0x00, 0x06, 0x00, 
    0x00, 0x1C, 0x0E, 0x03, 0xF8, 0x00, 0x06, 0x00, 0x00, 0x1C, 0x1C, 0x01, 0xF0, 0x00, 0x06, 0x00, 
    0x00, 0x1C, 0x38, 0x00, 0xC0, 0x00, 0x06, 0x00, 0x00, 0x1C, 0x70, 0x00, 0x00, 0x00, 0x06, 0x00, 
    0x00, 0x1C, 0x20, 0x00, 0x00, 0x00, 0x06, 0x00, 0x00, 0x1C, 0x00, 0x00, 0x00, 0x00, 0x06, 0x00, 
    0x00, 0x1C, 0x00, 0x00, 0x00, 0x00, 0x06, 0x00, 0x00, 0x1C, 0x00, 0x00, 0x00, 0x00, 0x06, 0x00, 
    0x00, 0x1C, 0x00, 0x00, 0x00, 0x00, 0x06, 0x00, 0x03, 0xFF, 0xFE, 0x00, 0x03, 0xFF, 0xFF, 0x00, 
    0x03, 0xFF, 0xFF, 0xFF, 0xFF, 0xFF, 0xFF, 0x00, 0x03, 0x80, 0x07, 0xFF, 0xFF, 0x00, 0x03, 0x00, 
    0x03, 0x00, 0x03, 0xFF, 0xFE, 0x00, 0x03, 0x00, 0x03, 0x80, 0x00, 0x00, 0x00, 0x00, 0x07, 0x00, 
    0x01, 0xC0, 0x00, 0x00, 0x00, 0x00, 0x07, 0x00, 0x01, 0xFF, 0xFF, 0xFF, 0xFF, 0xFF, 0xFE, 0x00, 
    0x00, 0xFF, 0xFF, 0xFF, 0xFF, 0xFF, 0xFC, 0x00, 0x00, 0x1F, 0xFF, 0xFF, 0xFF, 0xFF, 0xE0, 0x00, 
    0x00, 0x00, 0x00, 0x00, 0x00, 0x00, 0x00, 0x00, 0x00, 0x00, 0x00, 0x00, 0x00, 0x00, 0x00, 0x00, 
    0x00, 0x00, 0x00, 0x00, 0x00, 0x00, 0x00, 0x00, 0x00, 0x00, 0x00, 0x00, 0x00, 0x00, 0x00, 0x00, 
    0x00, 0x00, 0x00, 0x00, 0x00, 0x00, 0x00, 0x00, 0x00, 0x00, 0x00, 0x00, 0x00, 0x00, 0x00, 0x00, 
    0x00, 0x00, 0x00, 0x00, 0x00, 0x00, 0x00, 0x00, 0x00, 0x00, 0x00, 0x00, 0x00, 0x00, 0x00, 0x00, 
    0x00, 0x00, 0x00, 0x00, 0x00, 0x00, 0x00, 0x00, 0x00, 0x00, 0x00, 0x00, 0x00, 0x00, 0x00, 0x00, 
    0x00, 0x00, 0x00, 0x00, 0x00, 0x00, 0x00, 0x00, 0x00, 0x00, 0x00, 0x00, 0x00, 0x00, 0x00, 0x00, 
      },
  {
    0x00, 0x00, 0x00, 0x00, 0x00, 0x00, 0x00, 0x00, 0x00, 0x00, 0x00, 0x00, 0x00, 0x00, 0x00, 0x00, 
    0x00, 0x00, 0x00, 0x00, 0x00, 0x00, 0x00, 0x00, 0x00, 0x00, 0x00, 0x00, 0x00, 0x00, 0x00, 0x00, 
    0x00, 0x00, 0x00, 0x00, 0x00, 0x00, 0x00, 0x00, 0x00, 0x00, 0x00, 0x00, 0x00, 0x00, 0x00, 0x00, 
    0x00, 0x00, 0x00, 0x00, 0x00, 0x00, 0x00, 0x00, 0x00, 0x00, 0x00, 0x00, 0x00, 0x00, 0x00, 0x00, 
    0x00, 0x00, 0x00, 0x00, 0x00, 0x00, 0x00, 0x00, 0x00, 0x00, 0x00, 0x00, 0x00, 0x00, 0x00, 0x00, 
    0x00, 0x00, 0x00, 0x00, 0x00, 0x00, 0x00, 0x00, 0x00, 0x00, 0x00, 0x00, 0x00, 0x00, 0x00, 0x00, 
    0x00, 0x00, 0x00, 0x00, 0x00, 0x00, 0x00, 0x00, 0x00, 0x00, 0x00, 0x00, 0x00, 0x00, 0x00, 0x00, 
    0x00, 0x0F, 0xFF, 0xFF, 0xFF, 0xFF, 0xFE, 0x00, 0x00, 0x0F, 0xFF, 0xFF, 0xFF, 0xFF, 0xFE, 0x00, 
    0x00, 0x0F, 0xFF, 0xFF, 0xFF, 0xFF, 0xFE, 0x00, 0x00, 0x0C, 0x00, 0x00, 0x00, 0x00, 0x06, 0x00, 
    0x00, 0x0C, 0x00, 0x00, 0x00, 0x00, 0x06, 0x00, 0x00, 0x0C, 0x00, 0x00, 0x00, 0x00, 0x06, 0x00, 
    0x00, 0x0C, 0x00, 0x00, 0x00, 0x00, 0x06, 0x00, 0x00, 0x0C, 0x00, 0x00, 0x00, 0x01, 0x86, 0x00, 
    0x00, 0x0C, 0x00, 0x00, 0x00, 0x03, 0x86, 0x00, 0x00, 0x0C, 0x00, 0x00, 0x00, 0x07, 0x06, 0x00, 
    0x00, 0x0C, 0x00, 0x00, 0x00, 0x0E, 0x06, 0x00, 0x00, 0x0C, 0x00, 0x00, 0x00, 0x1C, 0x06, 0x00, 
    0x00, 0x0C, 0x00, 0x00, 0x00, 0x38, 0x06, 0x00, 0x00, 0x0C, 0x00, 0x00, 0x00, 0x70, 0x06, 0x00, 
    0x00, 0x0C, 0x00, 0x30, 0x00, 0xE0, 0x06, 0x00, 0x00, 0x0C, 0x00, 0x78, 0x01, 0xC0, 0x06, 0x00, 
    0x00, 0x0C, 0x00, 0xFC, 0x03, 0x80, 0x06, 0x00, 0x00, 0x0C, 0x01, 0xEE, 0x07, 0x00, 0x06, 0x00, 
    0x00, 0x0C, 0x03, 0xCF, 0x0E, 0x00, 0x06, 0x00, 0x00, 0x0C, 0x07, 0x87, 0x9C, 0x00, 0x06, 0x00, 
    0x00, 0x0C, 0x0F, 0x03, 0xF8, 0x00, 0x06, 0x00, 0x00, 0x0C, 0x1E, 0x01, 0xF0, 0x00, 0x06, 0x00, 
    0x00, 0x0C, 0x3C, 0x00, 0xE0, 0x00, 0x06, 0x00, 0x00, 0x0C, 0x38, 0x00, 0x00, 0x00, 0x06, 0x00, 
    0x00, 0x0C, 0x20, 0x00, 0x00, 0x00, 0x06, 0x00, 0x00, 0x0C, 0x00, 0x00, 0x00, 0x00, 0x06, 0x00, 
    0x00, 0x0C, 0x00, 0x00, 0x00, 0x00, 0x06, 0x00, 0x00, 0x0C, 0x00, 0x00, 0x00, 0x00, 0x06, 0x00, 
    0x00, 0x0C, 0x00, 0x00, 0x00, 0x00, 0x06, 0x00, 0x03, 0xFF, 0xFE, 0x00, 0x07, 0xFF, 0xFE, 0x00, 
    0x03, 0xFF, 0xFF, 0xFF, 0xFF, 0xFF, 0xFE, 0x00, 0x03, 0x80, 0x0F, 0xFF, 0xFF, 0x00, 0x06, 0x00, 
    0x03, 0x00, 0x03, 0xFF, 0xFC, 0x00, 0x06, 0x00, 0x03, 0x80, 0x00, 0x00, 0x00, 0x00, 0x06, 0x00, 
    0x01, 0xC0, 0x00, 0x00, 0x00, 0x00, 0x0E, 0x00, 0x01, 0xFF, 0xFF, 0xFF, 0xFF, 0xFF, 0xFC, 0x00, 
    0x00, 0xFF, 0xFF, 0xFF, 0xFF, 0xFF, 0xF8, 0x00, 0x00, 0x1F, 0xFF, 0xFF, 0xFF, 0xFF, 0xE0, 0x00, 
    0x00, 0x00, 0x00, 0x00, 0x00, 0x00, 0x00, 0x00, 0x00, 0x00, 0x00, 0x00, 0x00, 0x00, 0x00, 0x00, 
    0x00, 0x00, 0x00, 0x00, 0x00, 0x00, 0x00, 0x00, 0x00, 0x00, 0x00, 0x00, 0x00, 0x00, 0x00, 0x00, 
    0x00, 0x00, 0x00, 0x00, 0x00, 0x00, 0x00, 0x00, 0x00, 0x00, 0x00, 0x00, 0x00, 0x00, 0x00, 0x00, 
    0x00, 0x00, 0x00, 0x00, 0x00, 0x00, 0x00, 0x00, 0x00, 0x00, 0x00, 0x00, 0x00, 0x00, 0x00, 0x00, 
    0x00, 0x00, 0x00, 0x00, 0x00, 0x00, 0x00, 0x00, 0x00, 0x00, 0x00, 0x00, 0x00, 0x00, 0x00, 0x00, 
    0x00, 0x00, 0x00, 0x00, 0x00, 0x00, 0x00, 0x00, 0x00, 0x00, 0x00, 0x00, 0x00, 0x00, 0x00, 0x00, 
      },
  {
    0x00, 0x00, 0x00, 0x00, 0x00, 0x00, 0x00, 0x00, 0x00, 0x00, 0x00, 0x00, 0x00, 0x00, 0x00, 0x00, 
    0x00, 0x00, 0x00, 0x00, 0x00, 0x00, 0x00, 0x00, 0x00, 0x00, 0x00, 0x00, 0x00, 0x00, 0x00, 0x00, 
    0x00, 0x00, 0x00, 0x00, 0x00, 0x00, 0x00, 0x00, 0x00, 0x00, 0x00, 0x00, 0x00, 0x00, 0x00, 0x00, 
    0x00, 0x00, 0x00, 0x00, 0x00, 0x00, 0x00, 0x00, 0x00, 0x00, 0x00, 0x00, 0x00, 0x00, 0x00, 0x00, 
    0x00, 0x00, 0x00, 0x00, 0x00, 0x00, 0x00, 0x00, 0x00, 0x00, 0x00, 0x00, 0x00, 0x00, 0x00, 0x00, 
    0x00, 0x00, 0x00, 0x00, 0x00, 0x00, 0x00, 0x00, 0x00, 0x00, 0x00, 0x00, 0x00, 0x00, 0x00, 0x00, 
    0x00, 0x00, 0x00, 0x00, 0x00, 0x00, 0x00, 0x00, 0x00, 0x00, 0x00, 0x00, 0x00, 0x00, 0x00, 0x00, 
    0x00, 0x0F, 0xFF, 0xFF, 0xFF, 0xFF, 0xFE, 0x00, 0x00, 0x0F, 0xFF, 0xFF, 0xFF, 0xFF, 0xFF, 0x00, 
    0x00, 0x0F, 0xFF, 0xFF, 0xFF, 0xFF, 0xFF, 0x00, 0x00, 0x0C, 0x00, 0x00, 0x00, 0x00, 0x07, 0x00, 
    0x00, 0x0C, 0x00, 0x00, 0x00, 0x00, 0x07, 0x00, 0x00, 0x0C, 0x00, 0x00, 0x00, 0x00, 0x07, 0x00, 
    0x00, 0x0C, 0x00, 0x00, 0x00, 0x00, 0x07, 0x00, 0x00, 0x0C, 0x00, 0x00, 0x00, 0x01, 0xC7, 0x00, 
    0x00, 0x0C, 0x00, 0x00, 0x00, 0x03, 0xC7, 0x00, 0x00, 0x0C, 0x00, 0x00, 0x00, 0x07, 0x87, 0x00, 
    0x00, 0x0C, 0x00, 0x00, 0x00, 0x0F, 0x07, 0x00, 0x00, 0x0C, 0x00, 0x00, 0x00, 0x1E, 0x07, 0x00, 
    0x00, 0x0C, 0x00, 0x00, 0x00, 0x3C, 0x07, 0x00, 0x00, 0x0C, 0x00, 0x00, 0x00, 0x78, 0x07, 0x00, 
    0x00, 0x0C, 0x00, 0x10, 0x00, 0xF0, 0x07, 0x00, 0x00, 0x0C, 0x00, 0x38, 0x01, 0xC0, 0x07, 0x00, 
    0x00, 0x0C, 0x00, 0x7C, 0x03, 0x80, 0x07, 0x00, 0x00, 0x0C, 0x00, 0xEE, 0x07, 0x00, 0x07, 0x00, 
    0x00, 0x0C, 0x01, 0xC7, 0x0E, 0x00, 0x07, 0x00, 0x00, 0x0C, 0x03, 0x83, 0x9C, 0x00, 0x07, 0x00, 
    0x00, 0x0C, 0x07, 0x01, 0xF8, 0x00, 0x07, 0x00, 0x00, 0x0C, 0x0E, 0x00, 0xF0, 0x00, 0x07, 0x00, 
    0x00, 0x0C, 0x1C, 0x00, 0x60, 0x00, 0x07, 0x00, 0x00, 0x0C, 0x38, 0x00, 0x00, 0x00, 0x07, 0x00, 
    0x00, 0x0C, 0x30, 0x00, 0x00, 0x00, 0x07, 0x00, 0x00, 0x0C, 0x00, 0x00, 0x00, 0x00, 0x07, 0x00, 
    0x00, 0x0C, 0x00, 0x00, 0x00, 0x00, 0x07, 0x00, 0x00, 0x0C, 0x00, 0x00, 0x00, 0x00, 0x07, 0x00, 
    0x00, 0x0C, 0x00, 0x00, 0x00, 0x00, 0x07, 0x00, 0x03, 0xFF, 0xFC, 0x00, 0x07, 0xFF, 0xFF, 0x00, 
    0x03, 0xFF, 0xFF, 0xFF, 0xFF, 0xFF, 0xFF, 0x00, 0x03, 0x80, 0x0F, 0xFF, 0xFE, 0x00, 0x0F, 0x00, 
    0x03, 0x00, 0x07, 0xFF, 0xFC, 0x00, 0x0F, 0x00, 0x03, 0x80, 0x00, 0x00, 0x00, 0x00, 0x0F, 0x00, 
    0x01, 0xC0, 0x00, 0x00, 0x00, 0x00, 0x1E, 0x00, 0x01, 0xFF, 0xFF, 0xFF, 0xFF, 0xFF, 0xFE, 0x00, 
    0x00, 0xFF, 0xFF, 0xFF, 0xFF, 0xFF, 0xFC, 0x00, 0x00, 0x1F, 0xFF, 0xFF, 0xFF, 0xFF, 0xF8, 0x00, 
    0x00, 0x00, 0x00, 0x00, 0x00, 0x00, 0x00, 0x00, 0x00, 0x00, 0x00, 0x00, 0x00, 0x00, 0x00, 0x00, 
    0x00, 0x00, 0x00, 0x00, 0x00, 0x00, 0x00, 0x00, 0x00, 0x00, 0x00, 0x00, 0x00, 0x00, 0x00, 0x00, 
    0x00, 0x00, 0x00, 0x00, 0x00, 0x00, 0x00, 0x00, 0x00, 0x00, 0x00, 0x00, 0x00, 0x00, 0x00, 0x00, 
    0x00, 0x00, 0x00, 0x00, 0x00, 0x00, 0x00, 0x00, 0x00, 0x00, 0x00, 0x00, 0x00, 0x00, 0x00, 0x00, 
    0x00, 0x00, 0x00, 0x00, 0x00, 0x00, 0x00, 0x00, 0x00, 0x00, 0x00, 0x00, 0x00, 0x00, 0x00, 0x00, 
    0x00, 0x00, 0x00, 0x00, 0x00, 0x00, 0x00, 0x00, 0x00, 0x00, 0x00, 0x00, 0x00, 0x00, 0x00, 0x00, 
      },
  {
    0x00, 0x00, 0x00, 0x00, 0x00, 0x00, 0x00, 0x00, 0x00, 0x00, 0x00, 0x00, 0x00, 0x00, 0x00, 0x00, 
    0x00, 0x00, 0x00, 0x00, 0x00, 0x00, 0x00, 0x00, 0x00, 0x00, 0x00, 0x00, 0x00, 0x00, 0x00, 0x00, 
    0x00, 0x00, 0x00, 0x00, 0x00, 0x00, 0x00, 0x00, 0x00, 0x00, 0x00, 0x00, 0x00, 0x00, 0x00, 0x00, 
    0x00, 0x00, 0x00, 0x00, 0x00, 0x00, 0x00, 0x00, 0x00, 0x00, 0x00, 0x00, 0x00, 0x00, 0x00, 0x00, 
    0x00, 0x00, 0x00, 0x00, 0x00, 0x00, 0x00, 0x00, 0x00, 0x00, 0x00, 0x00, 0x00, 0x00, 0x00, 0x00, 
    0x00, 0x00, 0x00, 0x00, 0x00, 0x00, 0x00, 0x00, 0x00, 0x00, 0x00, 0x00, 0x00, 0x00, 0x00, 0x00, 
    0x00, 0x00, 0x00, 0x00, 0x00, 0x00, 0x00, 0x00, 0x00, 0x00, 0x00, 0x00, 0x00, 0x00, 0x00, 0x00, 
    0x00, 0x07, 0xFF, 0xFF, 0xFF, 0xFF, 0xFE, 0x00, 0x00, 0x0F, 0xFF, 0xFF, 0xFF, 0xFF, 0xFF, 0x00, 
    0x00, 0x0F, 0xFF, 0xFF, 0xFF, 0xFF, 0xFF, 0x00, 0x00, 0x0E, 0x00, 0x00, 0x00, 0x00, 0x07, 0x00, 
    0x00, 0x0E, 0x00, 0x00, 0x00, 0x00, 0x07, 0x00, 0x00, 0x0E, 0x00, 0x00, 0x00, 0x00, 0x07, 0x00, 
    0x00, 0x0E, 0x00, 0x00, 0x07, 0x00, 0x07, 0x00, 0x00, 0x0E, 0x00, 0x00, 0x07, 0x80, 0xC7, 0x00, 
    0x00, 0x0E, 0x00, 0x00, 0x07, 0x01, 0xC7, 0x00, 0x00, 0x0E, 0x00, 0x00, 0x02, 0x03, 0x87, 0x00, 
    0x00, 0x0E, 0x00, 0x00, 0x00, 0x07, 0x07, 0x00, 0x00, 0x0E, 0x00, 0x00, 0x00, 0x0E, 0x07, 0x00, 
    0x00, 0x0E, 0x00, 0x00, 0x00, 0x1C, 0x07, 0x00, 0x00, 0x0E, 0x00, 0x00, 0x00, 0x38, 0x07, 0x00, 
    0x00, 0x0E, 0x00, 0x18, 0x00, 0x70, 0x07, 0x00, 0x00, 0x0E, 0x00, 0x3C, 0x01, 0xE0, 0x07, 0x00, 
    0x00, 0x0E, 0x00, 0x7E, 0x03, 0xC0, 0x07, 0x00, 0x00, 0x0E, 0x00, 0xEF, 0x07, 0x80, 0x07, 0x00, 
    0x00, 0x0E, 0x01, 0xC7, 0x8F, 0x00, 0x07, 0x00, 0x00, 0x0E, 0x03, 0x83, 0x9E, 0x00, 0x07, 0x00, 
    0x00, 0x0E, 0x07, 0x01, 0xFC, 0x00, 0x07, 0x00, 0x00, 0x0E, 0x0E, 0x00, 0xF8, 0x00, 0x07, 0x00, 
    0x00, 0x0E, 0x1C, 0x00, 0x70, 0x00, 0x07, 0x00, 0x00, 0x0E, 0x38, 0x00, 0x00, 0x00, 0x07, 0x00, 
    0x00, 0x0E, 0x10, 0x00, 0x00, 0x00, 0x07, 0x00, 0x00, 0x0E, 0x00, 0x00, 0x00, 0x00, 0x07, 0x00, 
    0x00, 0x0E, 0x00, 0x00, 0x00, 0x00, 0x07, 0x00, 0x00, 0x0E, 0x00, 0x00, 0x00, 0x00, 0x07, 0x00, 
    0x00, 0x0E, 0x00, 0x00, 0x00, 0x00, 0x07, 0x00, 0x03, 0xFF, 0xFC, 0x00, 0x0F, 0xFF, 0xFF, 0x00, 
    0x03, 0xFF, 0xFF, 0xFF, 0xFF, 0xFF, 0xFF, 0x00, 0x03, 0x80, 0x1F, 0xFF, 0xFC, 0x00, 0x1F, 0x00, 
    0x03, 0x00, 0x07, 0xFF, 0xF8, 0x00, 0x1F, 0x00, 0x03, 0x80, 0x00, 0x00, 0x00, 0x00, 0x1F, 0x00, 
    0x01, 0xC0, 0x00, 0x00, 0x00, 0x00, 0x3E, 0x00, 0x01, 0xFF, 0xFF, 0xFF, 0xFF, 0xFF, 0xFE, 0x00, 
    0x00, 0xFF, 0xFF, 0xFF, 0xFF, 0xFF, 0xFC, 0x00, 0x00, 0x1F, 0xFF, 0xFF, 0xFF, 0xFF, 0xF8, 0x00, 
    0x00, 0x00, 0x00, 0x00, 0x00, 0x00, 0x00, 0x00, 0x00, 0x00, 0x00, 0x00, 0x00, 0x00, 0x00, 0x00, 
    0x00, 0x00, 0x00, 0x00, 0x00, 0x00, 0x00, 0x00, 0x00, 0x00, 0x00, 0x00, 0x00, 0x00, 0x00, 0x00, 
    0x00, 0x00, 0x00, 0x00, 0x00, 0x00, 0x00, 0x00, 0x00, 0x00, 0x00, 0x00, 0x00, 0x00, 0x00, 0x00, 
    0x00, 0x00, 0x00, 0x00, 0x00, 0x00, 0x00, 0x00, 0x00, 0x00, 0x00, 0x00, 0x00, 0x00, 0x00, 0x00, 
    0x00, 0x00, 0x00, 0x00, 0x00, 0x00, 0x00, 0x00, 0x00, 0x00, 0x00, 0x00, 0x00, 0x00, 0x00, 0x00, 
    0x00, 0x00, 0x00, 0x00, 0x00, 0x00, 0x00, 0x00, 0x00, 0x00, 0x00, 0x00, 0x00, 0x00, 0x00, 0x00, 
      },
  {
    0x00, 0x00, 0x00, 0x00, 0x00, 0x00, 0x00, 0x00, 0x00, 0x00, 0x00, 0x00, 0x00, 0x00, 0x00, 0x00, 
    0x00, 0x00, 0x00, 0x00, 0x00, 0x00, 0x00, 0x00, 0x00, 0x00, 0x00, 0x00, 0x00, 0x00, 0x00, 0x00, 
    0x00, 0x00, 0x00, 0x00, 0x00, 0x00, 0x00, 0x00, 0x00, 0x00, 0x00, 0x00, 0x00, 0x00, 0x00, 0x00, 
    0x00, 0x00, 0x00, 0x00, 0x00, 0x00, 0x00, 0x00, 0x00, 0x00, 0x00, 0x00, 0x00, 0x00, 0x00, 0x00, 
    0x00, 0x00, 0x00, 0x00, 0x00, 0x00, 0x00, 0x00, 0x00, 0x00, 0x00, 0x00, 0x00, 0x00, 0x00, 0x00, 
    0x00, 0x00, 0x00, 0x00, 0x00, 0x00, 0x00, 0x00, 0x00, 0x00, 0x00, 0x00, 0x00, 0x00, 0x00, 0x00, 
    0x00, 0x00, 0x00, 0x00, 0x00, 0x00, 0x00, 0x00, 0x00, 0x00, 0x00, 0x00, 0x00, 0x00, 0x00, 0x00, 
    0x00, 0x07, 0xFF, 0xFF, 0xFF, 0xFF, 0xFE, 0x00, 0x00, 0x0F, 0xFF, 0xFF, 0xFF, 0xFF, 0xFF, 0x00, 
    0x00, 0x0F, 0xFF, 0xFF, 0xFF, 0xFF, 0xFF, 0x00, 0x00, 0x0E, 0x00, 0x00, 0x00, 0x00, 0x03, 0x00, 
    0x00, 0x0E, 0x00, 0x00, 0x00, 0x00, 0x03, 0x00, 0x00, 0x0E, 0x00, 0x00, 0x03, 0x00, 0x03, 0x00, 
    0x00, 0x0E, 0x00, 0x00, 0x07, 0x80, 0x03, 0x00, 0x00, 0x0E, 0x00, 0x00, 0x0F, 0xC0, 0xE3, 0x00, 
    0x00, 0x0E, 0x00, 0x00, 0x07, 0x81, 0xC3, 0x00, 0x00, 0x0E, 0x00, 0x00, 0x03, 0x03, 0x83, 0x00, 
    0x00, 0x0E, 0x00, 0x00, 0x00, 0x07, 0x03, 0x00, 0x00, 0x0E, 0x00, 0x00, 0x00, 0x0E, 0x03, 0x00, 
    0x00, 0x0E, 0x00, 0x00, 0x00, 0x1C, 0x03, 0x00, 0x00, 0x0E, 0x00, 0x00, 0x00, 0x38, 0x03, 0x00, 
    0x00, 0x0E, 0x00, 0x08, 0x00, 0x70, 0x03, 0x00, 0x00, 0x0E, 0x00, 0x3C, 0x00, 0xE0, 0x03, 0x00, 
    0x00, 0x0E, 0x00, 0x7E, 0x01, 0xC0, 0x03, 0x00, 0x00, 0x0E, 0x00, 0xF7, 0x03, 0x80, 0x03, 0x00, 
    0x00, 0x0E, 0x01, 0xE3, 0x87, 0x00, 0x03, 0x00, 0x00, 0x0E, 0x03, 0xC1, 0xCE, 0x00, 0x03, 0x00, 
    0x00, 0x0E, 0x07, 0x80, 0xFC, 0x00, 0x03, 0x00, 0x00, 0x0E, 0x0F, 0x00, 0xF8, 0x00, 0x03, 0x00, 
    0x00, 0x0E, 0x0E, 0x00, 0x70, 0x00, 0x03, 0x00, 0x00, 0x0E, 0x1C, 0x00, 0x00, 0x00, 0x03, 0x00, 
    0x00, 0x0E, 0x18, 0x00, 0x00, 0x00, 0x03, 0x00, 0x00, 0x0E, 0x00, 0x00, 0x00, 0x00, 0x03, 0x00, 
    0x00, 0x0E, 0x00, 0x00, 0x00, 0x00, 0x03, 0x00, 0x00, 0x0E, 0x00, 0x00, 0x00, 0x00, 0x03, 0x00, 
    0x00, 0x0E, 0x00, 0x00, 0x00, 0x00, 0x03, 0x00, 0x03, 0xFF, 0xF8, 0x00, 0x1F, 0xFF, 0xFF, 0x00, 
    0x03, 0xFF, 0xFF, 0xFF, 0xFF, 0xFF, 0xFF, 0x00, 0x03, 0x80, 0x1F, 0xFF, 0xF8, 0x00, 0x3B, 0x00, 
    0x03, 0x00, 0x0F, 0xFF, 0xF0, 0x00, 0x3B, 0x00, 0x03, 0x80, 0x00, 0x00, 0x00, 0x00, 0x37, 0x00, 
    0x01, 0xC0, 0x00, 0x00, 0x00, 0x00, 0x77, 0x00, 0x01, 0xFF, 0xFF, 0xFF, 0xFF, 0xFF, 0xFE, 0x00, 
    0x00, 0xFF, 0xFF, 0xFF, 0xFF, 0xFF, 0xFC, 0x00, 0x00, 0x1F, 0xFF, 0xFF, 0xFF, 0xFF, 0xF8, 0x00, 
    0x00, 0x00, 0x00, 0x00, 0x00, 0x00, 0x00, 0x00, 0x00, 0x00, 0x00, 0x00, 0x00, 0x00, 0x00, 0x00, 
    0x00, 0x00, 0x00, 0x00, 0x00, 0x00, 0x00, 0x00, 0x00, 0x00, 0x00, 0x00, 0x00, 0x00, 0x00, 0x00, 
    0x00, 0x00, 0x00, 0x00, 0x00, 0x00, 0x00, 0x00, 0x00, 0x00, 0x00, 0x00, 0x00, 0x00, 0x00, 0x00, 
    0x00, 0x00, 0x00, 0x00, 0x00, 0x00, 0x00, 0x00, 0x00, 0x00, 0x00, 0x00, 0x00, 0x00, 0x00, 0x00, 
    0x00, 0x00, 0x00, 0x00, 0x00, 0x00, 0x00, 0x00, 0x00, 0x00, 0x00, 0x00, 0x00, 0x00, 0x00, 0x00, 
    0x00, 0x00, 0x00, 0x00, 0x00, 0x00, 0x00, 0x00, 0x00, 0x00, 0x00, 0x00, 0x00, 0x00, 0x00, 0x00, 
      },
  {
    0x00, 0x00, 0x00, 0x00, 0x00, 0x00, 0x00, 0x00, 0x00, 0x00, 0x00, 0x00, 0x00, 0x00, 0x00, 0x00, 
    0x00, 0x00, 0x00, 0x00, 0x00, 0x00, 0x00, 0x00, 0x00, 0x00, 0x00, 0x00, 0x00, 0x00, 0x00, 0x00, 
    0x00, 0x00, 0x00, 0x00, 0x00, 0x00, 0x00, 0x00, 0x00, 0x00, 0x00, 0x00, 0x00, 0x00, 0x00, 0x00, 
    0x00, 0x00, 0x00, 0x00, 0x00, 0x00, 0x00, 0x00, 0x00, 0x00, 0x00, 0x00, 0x00, 0x00, 0x00, 0x00, 
    0x00, 0x00, 0x00, 0x00, 0x00, 0x00, 0x00, 0x00, 0x00, 0x00, 0x00, 0x00, 0x00, 0x00, 0x00, 0x00, 
    0x00, 0x00, 0x00, 0x00, 0x00, 0x00, 0x00, 0x00, 0x00, 0x00, 0x00, 0x00, 0x00, 0x00, 0x00, 0x00, 
    0x00, 0x00, 0x00, 0x00, 0x00, 0x00, 0x00, 0x00, 0x00, 0x00, 0x00, 0x00, 0x00, 0x00, 0x00, 0x00, 
    0x00, 0x07, 0xFF, 0xFF, 0xFF, 0xFF, 0xFF, 0x00, 0x00, 0x07, 0xFF, 0xFF, 0xFF, 0xFF, 0xFF, 0x00, 
    0x00, 0x07, 0xFF, 0xFF, 0xFC, 0x7F, 0xFF, 0x00, 0x00, 0x06, 0x00, 0x00, 0x01, 0x00, 0x03, 0x00, 
    0x00, 0x06, 0x00, 0x00, 0x03, 0x80, 0x03, 0x00, 0x00, 0x06, 0x00, 0x00, 0x03, 0x80, 0x03, 0x00, 
    0x00, 0x06, 0x00, 0x00, 0x0F, 0xE0, 0x03, 0x00, 0x00, 0x06, 0x00, 0x00, 0x1F, 0xF0, 0x63, 0x00, 
    0x00, 0x06, 0x00, 0x00, 0x1F, 0xF1, 0xE3, 0x00, 0x00, 0x06, 0x00, 0x00, 0x07, 0xC3, 0xC3, 0x00, 
    0x00, 0x06, 0x00, 0x00, 0x03, 0x87, 0x83, 0x00, 0x00, 0x06, 0x00, 0x00, 0x03, 0x8F, 0x03, 0x00, 
    0x00, 0x06, 0x00, 0x00, 0x00, 0x1E, 0x03, 0x00, 0x00, 0x06, 0x00, 0x00, 0x00, 0x3C, 0x03, 0x00, 
    0x00, 0x06, 0x00, 0x08, 0x00, 0x78, 0x03, 0x00, 0x00, 0x06, 0x00, 0x1C, 0x00, 0xF0, 0x03, 0x00, 
    0x00, 0x06, 0x00, 0x3E, 0x01, 0xE0, 0x03, 0x00, 0x00, 0x06, 0x00, 0x77, 0x03, 0xC0, 0x03, 0x00, 
    0x00, 0x06, 0x00, 0xE3, 0x87, 0x80, 0x03, 0x00, 0x00, 0x06, 0x01, 0xC1, 0xCF, 0x00, 0x03, 0x00, 
    0x00, 0x06, 0x03, 0x80, 0xFE, 0x00, 0x03, 0x00, 0x00, 0x06, 0x07, 0x00, 0x78, 0x00, 0x03, 0x00, 
    0x00, 0x06, 0x0E, 0x00, 0x30, 0x00, 0x03, 0x00, 0x00, 0x06, 0x1C, 0x00, 0x00, 0x00, 0x03, 0x00, 
    0x00, 0x06, 0x08, 0x00, 0x00, 0x00, 0x03, 0x00, 0x00, 0x06, 0x00, 0x00, 0x00, 0x00, 0x03, 0x00, 
    0x00, 0x06, 0x00, 0x00, 0x00, 0x00, 0x03, 0x00, 0x00, 0x06, 0x00, 0x00, 0x00, 0x00, 0x03, 0x00, 
    0x00, 0x06, 0x00, 0x00, 0x00, 0x00, 0x03, 0x00, 0x03, 0xFF, 0xF0, 0x00, 0x1F, 0xFF, 0xFF, 0x00, 
    0x03, 0xFF, 0xFF, 0xFF, 0xFF, 0xFF, 0xFF, 0x00, 0x03, 0x80, 0x3F, 0xFF, 0xF8, 0x00, 0x73, 0x00, 
    0x03, 0x00, 0x1F, 0xFF, 0xE0, 0x00, 0x73, 0x00, 0x03, 0x80, 0x00, 0x00, 0x00, 0x00, 0x73, 0x00, 
    0x01, 0xC0, 0x00, 0x00, 0x00, 0x00, 0xE7, 0x00, 0x01, 0xFF, 0xFF, 0xFF, 0xFF, 0xFF, 0xFE, 0x00, 
    0x00, 0xFF, 0xFF, 0xFF, 0xFF, 0xFF, 0xFE, 0x00, 0x00, 0x1F, 0xFF, 0xFF, 0xFF, 0xFF, 0xF8, 0x00, 
    0x00, 0x00, 0x00, 0x00, 0x00, 0x00, 0x00, 0x00, 0x00, 0x00, 0x00, 0x00, 0x00, 0x00, 0x00, 0x00, 
    0x00, 0x00, 0x00, 0x00, 0x00, 0x00, 0x00, 0x00, 0x00, 0x00, 0x00, 0x00, 0x00, 0x00, 0x00, 0x00, 
    0x00, 0x00, 0x00, 0x00, 0x00, 0x00, 0x00, 0x00, 0x00, 0x00, 0x00, 0x00, 0x00, 0x00, 0x00, 0x00, 
    0x00, 0x00, 0x00, 0x00, 0x00, 0x00, 0x00, 0x00, 0x00, 0x00, 0x00, 0x00, 0x00, 0x00, 0x00, 0x00, 
    0x00, 0x00, 0x00, 0x00, 0x00, 0x00, 0x00, 0x00, 0x00, 0x00, 0x00, 0x00, 0x00, 0x00, 0x00, 0x00, 
    0x00, 0x00, 0x00, 0x00, 0x00, 0x00, 0x00, 0x00, 0x00, 0x00, 0x00, 0x00, 0x00, 0x00, 0x00, 0x00, 
      },
  {
    0x00, 0x00, 0x00, 0x00, 0x00, 0x00, 0x00, 0x00, 0x00, 0x00, 0x00, 0x00, 0x00, 0x00, 0x00, 0x00, 
    0x00, 0x00, 0x00, 0x00, 0x00, 0x00, 0x00, 0x00, 0x00, 0x00, 0x00, 0x00, 0x00, 0x00, 0x00, 0x00, 
    0x00, 0x00, 0x00, 0x00, 0x00, 0x00, 0x00, 0x00, 0x00, 0x00, 0x00, 0x00, 0x00, 0x00, 0x00, 0x00, 
    0x00, 0x00, 0x00, 0x00, 0x00, 0x00, 0x00, 0x00, 0x00, 0x00, 0x00, 0x00, 0x00, 0x00, 0x00, 0x00, 
    0x00, 0x00, 0x00, 0x00, 0x00, 0x00, 0x00, 0x00, 0x00, 0x00, 0x00, 0x00, 0x00, 0x00, 0x00, 0x00, 
    0x00, 0x00, 0x00, 0x00, 0x00, 0x00, 0x00, 0x00, 0x00, 0x00, 0x00, 0x00, 0x00, 0x00, 0x00, 0x00, 
    0x00, 0x00, 0x00, 0x00, 0x00, 0x00, 0x00, 0x00, 0x00, 0x00, 0x00, 0x00, 0x00, 0x00, 0x00, 0x00, 
    0x00, 0x07, 0xFF, 0xFF, 0xFF, 0xFF, 0xFF, 0x00, 0x00, 0x07, 0xFF, 0xFF, 0xFF, 0xFF, 0xFF, 0x00, 
    0x00, 0x07, 0xFF, 0xFF, 0xFF, 0xFF, 0xFF, 0x00, 0x00, 0x06, 0x00, 0x00, 0x03, 0x80, 0x03, 0x00, 
    0x00, 0x06, 0x00, 0x00, 0x03, 0xC0, 0x03, 0x00, 0x00, 0x06, 0x00, 0x00, 0x07, 0xC0, 0x03, 0x00, 
    0x00, 0x06, 0x00, 0x00, 0x1F, 0xF8, 0x03, 0x00, 0x00, 0x06, 0x00, 0x00, 0x3E, 0xFC, 0x63, 0x00, 
    0x00, 0x06, 0x00, 0x00, 0x3F, 0xFC, 0xE3, 0x00, 0x00, 0x06, 0x00, 0x00, 0x0F, 0xF1, 0xC3, 0x00, 
    0x00, 0x06, 0x00, 0x00, 0x03, 0xC3, 0x83, 0x00, 0x00, 0x06, 0x00, 0x00, 0x03, 0xC7, 0x03, 0x00, 
    0x00, 0x06, 0x00, 0x00, 0x03, 0x8E, 0x03, 0x00, 0x00, 0x06, 0x00, 0x00, 0x01, 0x9C, 0x03, 0x00, 
    0x00, 0x06, 0x00, 0x0C, 0x00, 0x38, 0x03, 0x00, 0x00, 0x06, 0x00, 0x1E, 0x00, 0x70, 0x03, 0x00, 
    0x00, 0x06, 0x00, 0x3F, 0x00, 0xE0, 0x03, 0x00, 0x00, 0x06, 0x00, 0x77, 0x81, 0xC0, 0x03, 0x00, 
    0x00, 0x06, 0x00, 0xF3, 0xC7, 0x80, 0x03, 0x00, 0x00, 0x06, 0x01, 0xE1, 0xEF, 0x00, 0x03, 0x00, 
    0x00, 0x06, 0x03, 0xC0, 0xFE, 0x00, 0x03, 0x00, 0x00, 0x06, 0x07, 0x80, 0x7C, 0x00, 0x03, 0x00, 
    0x00, 0x06, 0x0F, 0x00, 0x38, 0x00, 0x03, 0x00, 0x00, 0x06, 0x0E, 0x00, 0x00, 0x00, 0x03, 0x00, 
    0x00, 0x06, 0x08, 0x00, 0x00, 0x00, 0x03, 0x00, 0x00, 0x06, 0x00, 0x00, 0x00, 0x00, 0x03, 0x00, 
    0x00, 0x06, 0x00, 0x00, 0x00, 0x00, 0x03, 0x00, 0x00, 0x06, 0x00, 0x00, 0x00, 0x00, 0x03, 0x00, 
    0x00, 0x06, 0x00, 0x00, 0x00, 0x00, 0x03, 0x00, 0x03, 0xFF, 0xF0, 0x00, 0x3F, 0xFF, 0xFF, 0x00, 
    0x03, 0xFF, 0xFF, 0xFF, 0xFF, 0xFF, 0xFF, 0x00, 0x03, 0x80, 0x3F, 0xFF, 0xF0, 0x00, 0xE3, 0x00, 
    0x03, 0x00, 0x1F, 0xFF, 0xE0, 0x00, 0x63, 0x00, 0x03, 0x80, 0x00, 0x00, 0x00, 0x00, 0xE3, 0x00, 
    0x01, 0xC0, 0x00, 0x00, 0x00, 0x00, 0xE7, 0x00, 0x01, 0xFF, 0xFF, 0xFF, 0xFF, 0xFF, 0xFF, 0x00, 
    0x00, 0xFF, 0xFF, 0xFF, 0xFF, 0xFF, 0xFE, 0x00, 0x00, 0x1F, 0xFF, 0xFF, 0xFF, 0xFF, 0xF8, 0x00, 
    0x00, 0x00, 0x00, 0x00, 0x00, 0x00, 0x00, 0x00, 0x00, 0x00, 0x00, 0x00, 0x00, 0x00, 0x00, 0x00, 
    0x00, 0x00, 0x00, 0x00, 0x00, 0x00, 0x00, 0x00, 0x00, 0x00, 0x00, 0x00, 0x00, 0x00, 0x00, 0x00, 
    0x00, 0x00, 0x00, 0x00, 0x00, 0x00, 0x00, 0x00, 0x00, 0x00, 0x00, 0x00, 0x00, 0x00, 0x00, 0x00, 
    0x00, 0x00, 0x00, 0x00, 0x00, 0x00, 0x00, 0x00, 0x00, 0x00, 0x00, 0x00, 0x00, 0x00, 0x00, 0x00, 
    0x00, 0x00, 0x00, 0x00, 0x00, 0x00, 0x00, 0x00, 0x00, 0x00, 0x00, 0x00, 0x00, 0x00, 0x00, 0x00, 
    0x00, 0x00, 0x00, 0x00, 0x00, 0x00, 0x00, 0x00, 0x00, 0x00, 0x00, 0x00, 0x00, 0x00, 0x00, 0x00, 
      },
  {
    0x00, 0x00, 0x00, 0x00, 0x00, 0x00, 0x00, 0x00, 0x00, 0x00, 0x00, 0x00, 0x00, 0x00, 0x00, 0x00, 
    0x00, 0x00, 0x00, 0x00, 0x00, 0x00, 0x00, 0x00, 0x00, 0x00, 0x00, 0x00, 0x00, 0x00, 0x00, 0x00, 
    0x00, 0x00, 0x00, 0x00, 0x00, 0x00, 0x00, 0x00, 0x00, 0x00, 0x00, 0x00, 0x00, 0x00, 0x00, 0x00, 
    0x00, 0x00, 0x00, 0x00, 0x00, 0x00, 0x00, 0x00, 0x00, 0x00, 0x00, 0x00, 0x00, 0x00, 0x00, 0x00, 
    0x00, 0x00, 0x00, 0x00, 0x00, 0x00, 0x00, 0x00, 0x00, 0x00, 0x00, 0x00, 0x00, 0x00, 0x00, 0x00, 
    0x00, 0x00, 0x00, 0x00, 0x00, 0x00, 0x00, 0x00, 0x00, 0x00, 0x00, 0x00, 0x00, 0x00, 0x00, 0x00, 
    0x00, 0x00, 0x00, 0x00, 0x00, 0x00, 0x00, 0x00, 0x00, 0x00, 0x00, 0x00, 0x00, 0x00, 0x00, 0x00, 
    0x00, 0x03, 0xFF, 0xFF, 0xFF, 0xFF, 0xFF, 0x00, 0x00, 0x07, 0xFF, 0xFF, 0xFF, 0xFF, 0xFF, 0x00, 
    0x00, 0x07, 0xFF, 0xFF, 0xFF, 0xFF, 0xFF, 0x00, 0x00, 0x06, 0x00, 0x00, 0x01, 0xC0, 0x03, 0x00, 
    0x00, 0x07, 0x00, 0x00, 0x03, 0xC0, 0x03, 0x00, 0x00, 0x07, 0x00, 0x00, 0x07, 0xE0, 0x03, 0x00, 
    0x00, 0x07, 0x00, 0x00, 0x1F, 0xF8, 0x03, 0x00, 0x00, 0x07, 0x00, 0x00, 0x7E, 0x7E, 0x73, 0x00, 
    0x00, 0x07, 0x00, 0x00, 0x7E, 0x7E, 0xE3, 0x00, 0x00, 0x07, 0x00, 0x00, 0x1F, 0xF9, 0xC3, 0x00, 
    0x00, 0x07, 0x00, 0x00, 0x07, 0xE3, 0x83, 0x00, 0x00, 0x07, 0x00, 0x00, 0x03, 0xC7, 0x03, 0x00, 
    0x00, 0x07, 0x00, 0x00, 0x01, 0xCE, 0x03, 0x00, 0x00, 0x07, 0x00, 0x00, 0x01, 0xDC, 0x03, 0x00, 
    0x00, 0x07, 0x00, 0x0C, 0x01, 0xB8, 0x03, 0x00, 0x00, 0x07, 0x00, 0x1E, 0x00, 0x70, 0x03, 0x00, 
    0x00, 0x07, 0x00, 0x3F, 0x00, 0xE0, 0x03, 0x00, 0x00, 0x07, 0x00, 0x7B, 0x81, 0xC0, 0x03, 0x00, 
    0x00, 0x07, 0x00, 0xF1, 0xC3, 0x80, 0x03, 0x00, 0x00, 0x07, 0x01, 0xE0, 0xE7, 0x00, 0x03, 0x00, 
    0x00, 0x07, 0x03, 0xC0, 0x7E, 0x00, 0x03, 0x00, 0x00, 0x07, 0x07, 0x80, 0x7C, 0x00, 0x03, 0x00, 
    0x00, 0x07, 0x0F, 0x00, 0x38, 0x00, 0x03, 0x00, 0x00, 0x07, 0x0E, 0x00, 0x00, 0x00, 0x03, 0x00, 
    0x00, 0x07, 0x0C, 0x00, 0x00, 0x00, 0x03, 0x00, 0x00, 0x07, 0x00, 0x00, 0x00, 0x00, 0x03, 0x00, 
    0x00, 0x07, 0x00, 0x00, 0x00, 0x00, 0x03, 0x00, 0x00, 0x07, 0x00, 0x00, 0x00, 0x00, 0x03, 0x00, 
    0x00, 0x07, 0x00, 0x00, 0x00, 0x00, 0x03, 0x00, 0x03, 0xFF, 0xF0, 0x00, 0x7F, 0xFF, 0xFF, 0x00, 
    0x03, 0xFF, 0xFF, 0xFF, 0xFF, 0xFF, 0xFF, 0x00, 0x03, 0x80, 0x7F, 0xFF, 0xF0, 0x00, 0xE3, 0x00, 
    0x03, 0x00, 0x3F, 0xFF, 0xC0, 0x00, 0xC3, 0x00, 0x03, 0x80, 0x00, 0x00, 0x00, 0x00, 0xC3, 0x00, 
    0x01, 0xC0, 0x00, 0x00, 0x00, 0x01, 0xC7, 0x00, 0x01, 0xFF, 0xFF, 0xFF, 0xFF, 0xFF, 0xFF, 0x00, 
    0x00, 0xFF, 0xFF, 0xFF, 0xFF, 0xFF, 0xFE, 0x00, 0x00, 0x1F, 0xFF, 0xFF, 0xFF, 0xFF, 0xF8, 0x00, 
    0x00, 0x00, 0x00, 0x00, 0x00, 0x00, 0x00, 0x00, 0x00, 0x00, 0x00, 0x00, 0x00, 0x00, 0x00, 0x00, 
    0x00, 0x00, 0x00, 0x00, 0x00, 0x00, 0x00, 0x00, 0x00, 0x00, 0x00, 0x00, 0x00, 0x00, 0x00, 0x00, 
    0x00, 0x00, 0x00, 0x00, 0x00, 0x00, 0x00, 0x00, 0x00, 0x00, 0x00, 0x00, 0x00, 0x00, 0x00, 0x00, 
    0x00, 0x00, 0x00, 0x00, 0x00, 0x00, 0x00, 0x00, 0x00, 0x00, 0x00, 0x00, 0x00, 0x00, 0x00, 0x00, 
    0x00, 0x00, 0x00, 0x00, 0x00, 0x00, 0x00, 0x00, 0x00, 0x00, 0x00, 0x00, 0x00, 0x00, 0x00, 0x00, 
    0x00, 0x00, 0x00, 0x00, 0x00, 0x00, 0x00, 0x00, 0x00, 0x00, 0x00, 0x00, 0x00, 0x00, 0x00, 0x00, 
      },
  {
    0x00, 0x00, 0x00, 0x00, 0x00, 0x00, 0x00, 0x00, 0x00, 0x00, 0x00, 0x00, 0x00, 0x00, 0x00, 0x00, 
    0x00, 0x00, 0x00, 0x00, 0x00, 0x00, 0x00, 0x00, 0x00, 0x00, 0x00, 0x00, 0x00, 0x00, 0x00, 0x00, 
    0x00, 0x00, 0x00, 0x00, 0x00, 0x00, 0x00, 0x00, 0x00, 0x00, 0x00, 0x00, 0x00, 0x00, 0x00, 0x00, 
    0x00, 0x00, 0x00, 0x00, 0x00, 0x00, 0x00, 0x00, 0x00, 0x00, 0x00, 0x00, 0x00, 0x00, 0x00, 0x00, 
    0x00, 0x00, 0x00, 0x00, 0x00, 0x00, 0x00, 0x00, 0x00, 0x00, 0x00, 0x00, 0x00, 0x00, 0x00, 0x00, 
    0x00, 0x00, 0x00, 0x00, 0x00, 0x00, 0x00, 0x00, 0x00, 0x00, 0x00, 0x00, 0x00, 0x00, 0x00, 0x00, 
    0x00, 0x00, 0x00, 0x00, 0x00, 0x00, 0x00, 0x00, 0x00, 0x00, 0x00, 0x00, 0x00, 0x00, 0x00, 0x00, 
    0x00, 0x03, 0xFF, 0xFF, 0xFF, 0xFF, 0xFF, 0x00, 0x00, 0x07, 0xFF, 0xFF, 0xFF, 0xFF, 0xFF, 0x00, 
    0x00, 0x07, 0xFF, 0xFF, 0xFF, 0xFF, 0xFF, 0x00, 0x00, 0x07, 0x00, 0x00, 0x01, 0xC0, 0x03, 0x00, 
    0x00, 0x07, 0x00, 0x00, 0x03, 0xC0, 0x03, 0x00, 0x00, 0x07, 0x00, 0x00, 0x03, 0xE0, 0x03, 0x00, 
    0x00, 0x07, 0x00, 0x00, 0x1F, 0xFC, 0x03, 0x00, 0x00, 0x07, 0x00, 0x00, 0x7F, 0x7E, 0x73, 0x00, 
    0x00, 0x07, 0x00, 0x00, 0x7F, 0x7E, 0xF3, 0x00, 0x00, 0x07, 0x00, 0x00, 0x1F, 0xFD, 0xE3, 0x00, 
    0x00, 0x07, 0x00, 0x00, 0x03, 0xE3, 0xC3, 0x00, 0x00, 0x07, 0x00, 0x00, 0x03, 0xC7, 0x83, 0x00, 
    0x00, 0x07, 0x00, 0x00, 0x01, 0xCF, 0x03, 0x00, 0x00, 0x07, 0x00, 0x00, 0x01, 0xDE, 0x03, 0x00, 
    0x00, 0x07, 0x00, 0x04, 0x01, 0xBC, 0x03, 0x00, 0x00, 0x07, 0x00, 0x0E, 0x00, 0x70, 0x03, 0x00, 
    0x00, 0x07, 0x00, 0x1F, 0x00, 0xE0, 0x03, 0x00, 0x00, 0x07, 0x00, 0x3B, 0x81, 0xC0, 0x03, 0x00, 
    0x00, 0x07, 0x00, 0x71, 0xC3, 0x80, 0x03, 0x00, 0x00, 0x07, 0x00, 0xE0, 0xE7, 0x00, 0x03, 0x00, 
    0x00, 0x07, 0x01, 0xC0, 0x7E, 0x00, 0x03, 0x00, 0x00, 0x07, 0x03, 0x80, 0x3C, 0x00, 0x03, 0x00, 
    0x00, 0x07, 0x07, 0x00, 0x18, 0x00, 0x03, 0x00, 0x00, 0x07, 0x0E, 0x00, 0x00, 0x00, 0x03, 0x00, 
    0x00, 0x07, 0x0C, 0x00, 0x00, 0x00, 0x03, 0x00, 0x00, 0x07, 0x00, 0x00, 0x00, 0x00, 0x03, 0x00, 
    0x00, 0x07, 0x00, 0x00, 0x00, 0x00, 0x03, 0x00, 0x00, 0x07, 0x00, 0x00, 0x00, 0x00, 0x03, 0x00, 
    0x00, 0x07, 0x00, 0x00, 0x00, 0x00, 0x03, 0x00, 0x03, 0xFF, 0xE0, 0x00, 0x7F, 0xFF, 0xFF, 0x00, 
    0x03, 0xFF, 0xFF, 0xFF, 0xFF, 0xFF, 0xFF, 0x00, 0x03, 0x80, 0x7F, 0xFF, 0xE0, 0x00, 0xC3, 0x80, 
    0x03, 0x00, 0x3F, 0xFF, 0xC0, 0x00, 0xC3, 0x80, 0x03, 0x80, 0x00, 0x00, 0x00, 0x01, 0xC3, 0x00, 
    0x01, 0xC0, 0x00, 0x00, 0x00, 0x01, 0x83, 0x00, 0x01, 0xFF, 0xFF, 0xFF, 0xFF, 0xFF, 0xFF, 0x00, 
    0x00, 0xFF, 0xFF, 0xFF, 0xFF, 0xFF, 0xFE, 0x00, 0x00, 0x1F, 0xFF, 0xFF, 0xFF, 0xFF, 0xF8, 0x00, 
    0x00, 0x00, 0x00, 0x00, 0x00, 0x00, 0x00, 0x00, 0x00, 0x00, 0x00, 0x00, 0x00, 0x00, 0x00, 0x00, 
    0x00, 0x00, 0x00, 0x00, 0x00, 0x00, 0x00, 0x00, 0x00, 0x00, 0x00, 0x00, 0x00, 0x00, 0x00, 0x00, 
    0x00, 0x00, 0x00, 0x00, 0x00, 0x00, 0x00, 0x00, 0x00, 0x00, 0x00, 0x00, 0x00, 0x00, 0x00, 0x00, 
    0x00, 0x00, 0x00, 0x00, 0x00, 0x00, 0x00, 0x00, 0x00, 0x00, 0x00, 0x00, 0x00, 0x00, 0x00, 0x00, 
    0x00, 0x00, 0x00, 0x00, 0x00, 0x00, 0x00, 0x00, 0x00, 0x00, 0x00, 0x00, 0x00, 0x00, 0x00, 0x00, 
    0x00, 0x00, 0x00, 0x00, 0x00, 0x00, 0x00, 0x00, 0x00, 0x00, 0x00, 0x00, 0x00, 0x00, 0x00, 0x00, 
      },
  {
    0x00, 0x00, 0x00, 0x00, 0x00, 0x00, 0x00, 0x00, 0x00, 0x00, 0x00, 0x00, 0x00, 0x00, 0x00, 0x00, 
    0x00, 0x00, 0x00, 0x00, 0x00, 0x00, 0x00, 0x00, 0x00, 0x00, 0x00, 0x00, 0x00, 0x00, 0x00, 0x00, 
    0x00, 0x00, 0x00, 0x00, 0x00, 0x00, 0x00, 0x00, 0x00, 0x00, 0x00, 0x00, 0x00, 0x00, 0x00, 0x00, 
    0x00, 0x00, 0x00, 0x00, 0x00, 0x00, 0x00, 0x00, 0x00, 0x00, 0x00, 0x00, 0x00, 0x00, 0x00, 0x00, 
    0x00, 0x00, 0x00, 0x00, 0x00, 0x00, 0x00, 0x00, 0x00, 0x00, 0x00, 0x00, 0x00, 0x00, 0x00, 0x00, 
    0x00, 0x00, 0x00, 0x00, 0x00, 0x00, 0x00, 0x00, 0x00, 0x00, 0x00, 0x00, 0x00, 0x00, 0x00, 0x00, 
    0x00, 0x00, 0x00, 0x00, 0x00, 0x00, 0x00, 0x00, 0x00, 0x00, 0x00, 0x00, 0x00, 0x00, 0x00, 0x00, 
    0x00, 0x03, 0xFF, 0xFF, 0xFF, 0xFF, 0xFF, 0x00, 0x00, 0x07, 0xFF, 0xFF, 0xFF, 0xFF, 0xFF, 0x80, 
    0x00, 0x07, 0xFF, 0xFF, 0xFF, 0xFF, 0xFF, 0x80, 0x00, 0x07, 0x00, 0x00, 0x01, 0xC0, 0x03, 0x80, 
    0x00, 0x07, 0x00, 0x00, 0x01, 0xE0, 0x03, 0x80, 0x00, 0x07, 0x00, 0x00, 0x03, 0xE0, 0x03, 0x80, 
    0x00, 0x07, 0x00, 0x00, 0x1F, 0xFC, 0x03, 0x80, 0x00, 0x07, 0x00, 0x00, 0x3F, 0x7F, 0x73, 0x80, 
    0x00, 0x07, 0x00, 0x00, 0x3F, 0x7E, 0x73, 0x80, 0x00, 0x07, 0x00, 0x00, 0x1F, 0xFD, 0xE3, 0x80, 
    0x00, 0x07, 0x00, 0x00, 0x03, 0xE3, 0xC3, 0x80, 0x00, 0x07, 0x00, 0x00, 0x01, 0xE7, 0x83, 0x80, 
    0x00, 0x07, 0x00, 0x00, 0x01, 0xCF, 0x03, 0x80, 0x00, 0x07, 0x00, 0x00, 0x01, 0xDE, 0x03, 0x80, 
    0x00, 0x07, 0x00, 0x04, 0x01, 0xFC, 0x03, 0x80, 0x00, 0x07, 0x00, 0x0E, 0x00, 0x78, 0x03, 0x80, 
    0x00, 0x07, 0x00, 0x1F, 0x00, 0xF0, 0x03, 0x80, 0x00, 0x07, 0x00, 0x3B, 0x81, 0xE0, 0x03, 0x80, 
    0x00, 0x07, 0x00, 0x71, 0xC3, 0xC0, 0x03, 0x80, 0x00, 0x07, 0x00, 0xE0, 0xE7, 0x80, 0x03, 0x80, 
    0x00, 0x07, 0x01, 0xC0, 0x7E, 0x00, 0x03, 0x80, 0x00, 0x07, 0x03, 0x80, 0x3C, 0x00, 0x03, 0x80, 
    0x00, 0x07, 0x07, 0x00, 0x18, 0x00, 0x03, 0x80, 0x00, 0x07, 0x0E, 0x00, 0x00, 0x00, 0x03, 0x80, 
    0x00, 0x07, 0x04, 0x00, 0x00, 0x00, 0x03, 0x80, 0x00, 0x07, 0x00, 0x00, 0x00, 0x00, 0x03, 0x80, 
    0x00, 0x07, 0x00, 0x00, 0x00, 0x00, 0x03, 0x80, 0x00, 0x07, 0x00, 0x00, 0x00, 0x00, 0x03, 0x80, 
    0x00, 0x07, 0x00, 0x00, 0x00, 0x00, 0x03, 0x80, 0x03, 0xFF, 0xE0, 0x00, 0x7F, 0xFF, 0xFF, 0x80, 
    0x03, 0xFF, 0xFF, 0xFF, 0xFF, 0xFF, 0xFF, 0x80, 0x03, 0x80, 0x7F, 0xFF, 0xE0, 0x01, 0xC3, 0x80, 
    0x03, 0x00, 0x3F, 0xFF, 0xC0, 0x01, 0xC3, 0x80, 0x03, 0x80, 0x00, 0x00, 0x00, 0x01, 0xC3, 0x00, 
    0x01, 0xC0, 0x00, 0x00, 0x00, 0x03, 0x83, 0x00, 0x01, 0xFF, 0xFF, 0xFF, 0xFF, 0xFF, 0xFF, 0x00, 
    0x00, 0xFF, 0xFF, 0xFF, 0xFF, 0xFF, 0xFE, 0x00, 0x00, 0x1F, 0xFF, 0xFF, 0xFF, 0xFF, 0xFC, 0x00, 
    0x00, 0x00, 0x00, 0x00, 0x00, 0x00, 0x00, 0x00, 0x00, 0x00, 0x00, 0x00, 0x00, 0x00, 0x00, 0x00, 
    0x00, 0x00, 0x00, 0x00, 0x00, 0x00, 0x00, 0x00, 0x00, 0x00, 0x00, 0x00, 0x00, 0x00, 0x00, 0x00, 
    0x00, 0x00, 0x00, 0x00, 0x00, 0x00, 0x00, 0x00, 0x00, 0x00, 0x00, 0x00, 0x00, 0x00, 0x00, 0x00, 
    0x00, 0x00, 0x00, 0x00, 0x00, 0x00, 0x00, 0x00, 0x00, 0x00, 0x00, 0x00, 0x00, 0x00, 0x00, 0x00, 
    0x00, 0x00, 0x00, 0x00, 0x00, 0x00, 0x00, 0x00, 0x00, 0x00, 0x00, 0x00, 0x00, 0x00, 0x00, 0x00, 
    0x00, 0x00, 0x00, 0x00, 0x00, 0x00, 0x00, 0x00, 0x00, 0x00, 0x00, 0x00, 0x00, 0x00, 0x00, 0x00, 
      },
  {
    0x00, 0x00, 0x00, 0x00, 0x00, 0x00, 0x00, 0x00, 0x00, 0x00, 0x00, 0x00, 0x00, 0x00, 0x00, 0x00, 
    0x00, 0x00, 0x00, 0x00, 0x00, 0x00, 0x00, 0x00, 0x00, 0x00, 0x00, 0x00, 0x00, 0x00, 0x00, 0x00, 
    0x00, 0x00, 0x00, 0x00, 0x00, 0x00, 0x00, 0x00, 0x00, 0x00, 0x00, 0x00, 0x00, 0x00, 0x00, 0x00, 
    0x00, 0x00, 0x00, 0x00, 0x00, 0x00, 0x00, 0x00, 0x00, 0x00, 0x00, 0x00, 0x00, 0x00, 0x00, 0x00, 
    0x00, 0x00, 0x00, 0x00, 0x00, 0x00, 0x00, 0x00, 0x00, 0x00, 0x00, 0x00, 0x00, 0x00, 0x00, 0x00, 
    0x00, 0x00, 0x00, 0x00, 0x00, 0x00, 0x00, 0x00, 0x00, 0x00, 0x00, 0x00, 0x00, 0x00, 0x00, 0x00, 
    0x00, 0x00, 0x00, 0x00, 0x00, 0x00, 0x00, 0x00, 0x00, 0x00, 0x00, 0x00, 0x00, 0x00, 0x00, 0x00, 
    0x00, 0x03, 0xFF, 0xFF, 0xFF, 0xFF, 0xFF, 0x00, 0x00, 0x07, 0xFF, 0xFF, 0xFF, 0xFF, 0xFF, 0x80, 
    0x00, 0x07, 0xFF, 0xFF, 0xFF, 0xFF, 0xFF, 0x80, 0x00, 0x07, 0x00, 0x00, 0x01, 0xC0, 0x03, 0x80, 
    0x00, 0x07, 0x00, 0x00, 0x01, 0xE0, 0x03, 0x80, 0x00, 0x07, 0x00, 0x00, 0x03, 0xF0, 0x03, 0x80, 
    0x00, 0x07, 0x00, 0x00, 0x1F, 0xFC, 0x03, 0x80, 0x00, 0x07, 0x00, 0x00, 0x3F, 0x7F, 0x33, 0x80, 
    0x00, 0x07, 0x00, 0x00, 0x3F, 0x3F, 0x73, 0x80, 0x00, 0x07, 0x00, 0x00, 0x1F, 0xFC, 0xE3, 0x80, 
    0x00, 0x07, 0x00, 0x00, 0x03, 0xF1, 0xC3, 0x80, 0x00, 0x07, 0x00, 0x00, 0x01, 0xE7, 0x83, 0x80, 
    0x00, 0x07, 0x00, 0x00, 0x01, 0xCF, 0x03, 0x80, 0x00, 0x07, 0x00, 0x00, 0x01, 0xDE, 0x03, 0x80, 
    0x00, 0x07, 0x00, 0x04, 0x00, 0xFC, 0x03, 0x80, 0x00, 0x07, 0x00, 0x0F, 0x00, 0x78, 0x03, 0x80, 
    0x00, 0x07, 0x00, 0x1F, 0x00, 0xF0, 0x03, 0x80, 0x00, 0x07, 0x00, 0x3B, 0x81, 0xE0, 0x03, 0x80, 
    0x00, 0x07, 0x00, 0x71, 0xC3, 0xC0, 0x03, 0x80, 0x00, 0x07, 0x00, 0xE0, 0xE7, 0x80, 0x03, 0x80, 
    0x00, 0x07, 0x01, 0xC0, 0x7F, 0x00, 0x03, 0x80, 0x00, 0x07, 0x03, 0x80, 0x3E, 0x00, 0x03, 0x80, 
    0x00, 0x07, 0x07, 0x00, 0x18, 0x00, 0x03, 0x80, 0x00, 0x07, 0x0E, 0x00, 0x00, 0x00, 0x03, 0x80, 
    0x00, 0x07, 0x04, 0x00, 0x00, 0x00, 0x03, 0x80, 0x00, 0x07, 0x00, 0x00, 0x00, 0x00, 0x03, 0x80, 
    0x00, 0x07, 0x00, 0x00, 0x00, 0x00, 0x03, 0x80, 0x00, 0x07, 0x00, 0x00, 0x00, 0x00, 0x03, 0x80, 
    0x00, 0x07, 0x00, 0x00, 0x00, 0x00, 0x03, 0x80, 0x03, 0xFF, 0xE0, 0x00, 0xFF, 0xFF, 0xFF, 0x80, 
    0x03, 0xFF, 0xFF, 0xFF, 0xFF, 0xFF, 0xFF, 0x80, 0x03, 0x80, 0x7F, 0xFF, 0xE0, 0x01, 0xC3, 0x80, 
    0x03, 0x00, 0x3F, 0xFF, 0x80, 0x01, 0x83, 0x80, 0x03, 0x80, 0x00, 0x00, 0x00, 0x01, 0x83, 0x00, 
    0x01, 0xC0, 0x00, 0x00, 0x00, 0x03, 0x83, 0x00, 0x01, 0xFF, 0xFF, 0xFF, 0xFF, 0xFF, 0xFF, 0x00, 
    0x00, 0xFF, 0xFF, 0xFF, 0xFF, 0xFF, 0xFE, 0x00, 0x00, 0x1F, 0xFF, 0xFF, 0xFF, 0xFF, 0xFC, 0x00, 
    0x00, 0x00, 0x00, 0x00, 0x00, 0x00, 0x00, 0x00, 0x00, 0x00, 0x00, 0x00, 0x00, 0x00, 0x00, 0x00, 
    0x00, 0x00, 0x00, 0x00, 0x00, 0x00, 0x00, 0x00, 0x00, 0x00, 0x00, 0x00, 0x00, 0x00, 0x00, 0x00, 
    0x00, 0x00, 0x00, 0x00, 0x00, 0x00, 0x00, 0x00, 0x00, 0x00, 0x00, 0x00, 0x00, 0x00, 0x00, 0x00, 
    0x00, 0x00, 0x00, 0x00, 0x00, 0x00, 0x00, 0x00, 0x00, 0x00, 0x00, 0x00, 0x00, 0x00, 0x00, 0x00, 
    0x00, 0x00, 0x00, 0x00, 0x00, 0x00, 0x00, 0x00, 0x00, 0x00, 0x00, 0x00, 0x00, 0x00, 0x00, 0x00, 
    0x00, 0x00, 0x00, 0x00, 0x00, 0x00, 0x00, 0x00, 0x00, 0x00, 0x00, 0x00, 0x00, 0x00, 0x00, 0x00, 
      },
  {
    0x00, 0x00, 0x00, 0x00, 0x00, 0x00, 0x00, 0x00, 0x00, 0x00, 0x00, 0x00, 0x00, 0x00, 0x00, 0x00, 
    0x00, 0x00, 0x00, 0x00, 0x00, 0x00, 0x00, 0x00, 0x00, 0x00, 0x00, 0x00, 0x00, 0x00, 0x00, 0x00, 
    0x00, 0x00, 0x00, 0x00, 0x00, 0x00, 0x00, 0x00, 0x00, 0x00, 0x00, 0x00, 0x00, 0x00, 0x00, 0x00, 
    0x00, 0x00, 0x00, 0x00, 0x00, 0x00, 0x00, 0x00, 0x00, 0x00, 0x00, 0x00, 0x00, 0x00, 0x00, 0x00, 
    0x00, 0x00, 0x00, 0x00, 0x00, 0x00, 0x00, 0x00, 0x00, 0x00, 0x00, 0x00, 0x00, 0x00, 0x00, 0x00, 
    0x00, 0x00, 0x00, 0x00, 0x00, 0x00, 0x00, 0x00, 0x00, 0x00, 0x00, 0x00, 0x00, 0x00, 0x00, 0x00, 
    0x00, 0x00, 0x00, 0x00, 0x00, 0x00, 0x00, 0x00, 0x00, 0x00, 0x00, 0x00, 0x00, 0x00, 0x00, 0x00, 
    0x00, 0x03, 0xFF, 0xFF, 0xFF, 0xFF, 0xFF, 0x00, 0x00, 0x03, 0xFF, 0xFF, 0xFF, 0xFF, 0xFF, 0x80, 
    0x00, 0x03, 0xFF, 0xFF, 0xFF, 0xFF, 0xFF, 0x80, 0x00, 0x03, 0x00, 0x00, 0x01, 0xC0, 0x03, 0x80, 
    0x00, 0x03, 0x00, 0x00, 0x01, 0xE0, 0x03, 0x80, 0x00, 0x03, 0x00, 0x00, 0x03, 0xF0, 0x03, 0x80, 
    0x00, 0x03, 0x00, 0x00, 0x0F, 0xFC, 0x03, 0x80, 0x00, 0x03, 0x00, 0x00, 0x3F, 0x3F, 0x33, 0x80, 
    0x00, 0x03, 0x00, 0x00, 0x3F, 0x3F, 0x73, 0x80, 0x00, 0x03, 0x00, 0x00, 0x1F, 0xFC, 0xE3, 0x80, 
    0x00, 0x03, 0x00, 0x00, 0x03, 0xF1, 0xC3, 0x80, 0x00, 0x03, 0x00, 0x00, 0x01, 0xE7, 0x83, 0x80, 
    0x00, 0x03, 0x00, 0x00, 0x01, 0xCF, 0x03, 0x80, 0x00, 0x03, 0x00, 0x00, 0x01, 0xCE, 0x03, 0x80, 
    0x00, 0x03, 0x00, 0x06, 0x00, 0xFC, 0x03, 0x80, 0x00, 0x03, 0x00, 0x0F, 0x00, 0x78, 0x03, 0x80, 
    0x00, 0x03, 0x00, 0x1F, 0x80, 0xF0, 0x03, 0x80, 0x00, 0x03, 0x00, 0x3B, 0x81, 0xE0, 0x03, 0x80, 
    0x00, 0x03, 0x00, 0x71, 0xC3, 0xC0, 0x03, 0x80, 0x00, 0x03, 0x00, 0xE0, 0xE7, 0x80, 0x03, 0x80, 
    0x00, 0x03, 0x01, 0xC0, 0x7F, 0x00, 0x03, 0x80, 0x00, 0x03, 0x03, 0x80, 0x3E, 0x00, 0x03, 0x80, 
    0x00, 0x03, 0x07, 0x00, 0x1C, 0x00, 0x03, 0x80, 0x00, 0x03, 0x0E, 0x00, 0x00, 0x00, 0x03, 0x80, 
    0x00, 0x03, 0x04, 0x00, 0x00, 0x00, 0x03, 0x80, 0x00, 0x03, 0x00, 0x00, 0x00, 0x00, 0x03, 0x80, 
    0x00, 0x03, 0x00, 0x00, 0x00, 0x00, 0x03, 0x80, 0x00, 0x03, 0x00, 0x00, 0x00, 0x00, 0x03, 0x80, 
    0x00, 0x03, 0x00, 0x00, 0x00, 0x00, 0x03, 0x80, 0x03, 0xFF, 0xE0, 0x00, 0xFF, 0xFF, 0xFF, 0x80, 
    0x03, 0xFF, 0xFF, 0xFF, 0xFF, 0xFF, 0xFF, 0x80, 0x03, 0x80, 0x7F, 0xFF, 0xE0, 0x01, 0x83, 0x80, 
    0x03, 0x00, 0x3F, 0xFF, 0x80, 0x01, 0x83, 0x80, 0x03, 0x80, 0x00, 0x00, 0x00, 0x01, 0x83, 0x00, 
    0x01, 0xC0, 0x00, 0x00, 0x00, 0x03, 0x83, 0x00, 0x01, 0xFF, 0xFF, 0xFF, 0xFF, 0xFF, 0xFF, 0x00, 
    0x00, 0xFF, 0xFF, 0xFF, 0xFF, 0xFF, 0xFE, 0x00, 0x00, 0x1F, 0xFF, 0xFF, 0xFF, 0xFF, 0xFC, 0x00, 
    0x00, 0x00, 0x00, 0x00, 0x00, 0x00, 0x00, 0x00, 0x00, 0x00, 0x00, 0x00, 0x00, 0x00, 0x00, 0x00, 
    0x00, 0x00, 0x00, 0x00, 0x00, 0x00, 0x00, 0x00, 0x00, 0x00, 0x00, 0x00, 0x00, 0x00, 0x00, 0x00, 
    0x00, 0x00, 0x00, 0x00, 0x00, 0x00, 0x00, 0x00, 0x00, 0x00, 0x00, 0x00, 0x00, 0x00, 0x00, 0x00, 
    0x00, 0x00, 0x00, 0x00, 0x00, 0x00, 0x00, 0x00, 0x00, 0x00, 0x00, 0x00, 0x00, 0x00, 0x00, 0x00, 
    0x00, 0x00, 0x00, 0x00, 0x00, 0x00, 0x00, 0x00, 0x00, 0x00, 0x00, 0x00, 0x00, 0x00, 0x00, 0x00, 
    0x00, 0x00, 0x00, 0x00, 0x00, 0x00, 0x00, 0x00, 0x00, 0x00, 0x00, 0x00, 0x00, 0x00, 0x00, 0x00, 
      },
  {
    0x00, 0x00, 0x00, 0x00, 0x00, 0x00, 0x00, 0x00, 0x00, 0x00, 0x00, 0x00, 0x00, 0x00, 0x00, 0x00, 
    0x00, 0x00, 0x00, 0x00, 0x00, 0x00, 0x00, 0x00, 0x00, 0x00, 0x00, 0x00, 0x00, 0x00, 0x00, 0x00, 
    0x00, 0x00, 0x00, 0x00, 0x00, 0x00, 0x00, 0x00, 0x00, 0x00, 0x00, 0x00, 0x00, 0x00, 0x00, 0x00, 
    0x00, 0x00, 0x00, 0x00, 0x00, 0x00, 0x00, 0x00, 0x00, 0x00, 0x00, 0x00, 0x00, 0x00, 0x00, 0x00, 
    0x00, 0x00, 0x00, 0x00, 0x00, 0x00, 0x00, 0x00, 0x00, 0x00, 0x00, 0x00, 0x00, 0x00, 0x00, 0x00, 
    0x00, 0x00, 0x00, 0x00, 0x00, 0x00, 0x00, 0x00, 0x00, 0x00, 0x00, 0x00, 0x00, 0x00, 0x00, 0x00, 
    0x00, 0x00, 0x00, 0x00, 0x00, 0x00, 0x00, 0x00, 0x00, 0x00, 0x00, 0x00, 0x00, 0x00, 0x00, 0x00, 
    0x00, 0x03, 0xFF, 0xFF, 0xFF, 0xFF, 0xFF, 0x00, 0x00, 0x03, 0xFF, 0xFF, 0xFF, 0xFF, 0xFF, 0x80, 
    0x00, 0x03, 0xFF, 0xFF, 0xFF, 0xFF, 0xFF, 0x80, 0x00, 0x03, 0x00, 0x00, 0x01, 0xC0, 0x03, 0x80, 
    0x00, 0x03, 0x00, 0x00, 0x01, 0xE0, 0x03, 0x80, 0x00, 0x03, 0x00, 0x00, 0x03, 0xF0, 0x03, 0x80, 
    0x00, 0x03, 0x00, 0x00, 0x0F, 0xFC, 0x03, 0x80, 0x00, 0x03, 0x00, 0x00, 0x3F, 0x3F, 0x33, 0x80, 
    0x00, 0x03, 0x00, 0x00, 0x3F, 0x3F, 0x73, 0x80, 0x00, 0x03, 0x00, 0x00, 0x1F, 0xFC, 0xE3, 0x80, 
    0x00, 0x03, 0x00, 0x00, 0x03, 0xF1, 0xC3, 0x80, 0x00, 0x03, 0x00, 0x00, 0x01, 0xE3, 0x83, 0x80, 
    0x00, 0x03, 0x00, 0x00, 0x01, 0xCF, 0x03, 0x80, 0x00, 0x03, 0x00, 0x00, 0x01, 0xCE, 0x03, 0x80, 
    0x00, 0x03, 0x00, 0x06, 0x00, 0xFC, 0x03, 0x80, 0x00, 0x03, 0x00, 0x0F, 0x00, 0x78, 0x03, 0x80, 
    0x00, 0x03, 0x00, 0x1F, 0x80, 0xF0, 0x03, 0x80, 0x00, 0x03, 0x00, 0x3B, 0x81, 0xE0, 0x03, 0x80, 
    0x00, 0x03, 0x00, 0x71, 0xC3, 0xC0, 0x03, 0x80, 0x00, 0x03, 0x00, 0xE0, 0xE7, 0x80, 0x03, 0x80, 
    0x00, 0x03, 0x01, 0xC0, 0x7F, 0x00, 0x03, 0x80, 0x00, 0x03, 0x03, 0x80, 0x3E, 0x00, 0x03, 0x80, 
    0x00, 0x03, 0x07, 0x00, 0x1C, 0x00, 0x03, 0x80, 0x00, 0x03, 0x0E, 0x00, 0x00, 0x00, 0x03, 0x80, 
    0x00, 0x03, 0x04, 0x00, 0x00, 0x00, 0x03, 0x80, 0x00, 0x03, 0x00, 0x00, 0x00, 0x00, 0x03, 0x80, 
    0x00, 0x03, 0x00, 0x00, 0x00, 0x00, 0x03, 0x80, 0x00, 0x03, 0x00, 0x00, 0x00, 0x00, 0x03, 0x80, 
    0x00, 0x03, 0x00, 0x00, 0x00, 0x00, 0x03, 0x80, 0x03, 0xFF, 0xE0, 0x00, 0xFF, 0xFF, 0xFF, 0x80, 
    0x03, 0xFF, 0xFF, 0xFF, 0xFF, 0xFF, 0xFF, 0x80, 0x03, 0x80, 0x7F, 0xFF, 0xC0, 0x01, 0x83, 0x80, 
    0x03, 0x00, 0x3F, 0xFF, 0x80, 0x01, 0x83, 0x80, 0x03, 0x80, 0x00, 0x00, 0x00, 0x01, 0x83, 0x00, 
    0x01, 0xC0, 0x00, 0x00, 0x00, 0x03, 0x83, 0x00, 0x01, 0xFF, 0xFF, 0xFF, 0xFF, 0xFF, 0xFF, 0x00, 
    0x00, 0xFF, 0xFF, 0xFF, 0xFF, 0xFF, 0xFE, 0x00, 0x00, 0x1F, 0xFF, 0xFF, 0xFF, 0xFF, 0xFC, 0x00, 
    0x00, 0x00, 0x00, 0x00, 0x00, 0x00, 0x00, 0x00, 0x00, 0x00, 0x00, 0x00, 0x00, 0x00, 0x00, 0x00, 
    0x00, 0x00, 0x00, 0x00, 0x00, 0x00, 0x00, 0x00, 0x00, 0x00, 0x00, 0x00, 0x00, 0x00, 0x00, 0x00, 
    0x00, 0x00, 0x00, 0x00, 0x00, 0x00, 0x00, 0x00, 0x00, 0x00, 0x00, 0x00, 0x00, 0x00, 0x00, 0x00, 
    0x00, 0x00, 0x00, 0x00, 0x00, 0x00, 0x00, 0x00, 0x00, 0x00, 0x00, 0x00, 0x00, 0x00, 0x00, 0x00, 
    0x00, 0x00, 0x00, 0x00, 0x00, 0x00, 0x00, 0x00, 0x00, 0x00, 0x00, 0x00, 0x00, 0x00, 0x00, 0x00, 
    0x00, 0x00, 0x00, 0x00, 0x00, 0x00, 0x00, 0x00, 0x00, 0x00, 0x00, 0x00, 0x00, 0x00, 0x00, 0x00, 
      },
  {
    0x00, 0x00, 0x00, 0x00, 0x00, 0x00, 0x00, 0x00, 0x00, 0x00, 0x00, 0x00, 0x00, 0x00, 0x00, 0x00, 
    0x00, 0x00, 0x00, 0x00, 0x00, 0x00, 0x00, 0x00, 0x00, 0x00, 0x00, 0x00, 0x00, 0x00, 0x00, 0x00, 
    0x00, 0x00, 0x00, 0x00, 0x00, 0x00, 0x00, 0x00, 0x00, 0x00, 0x00, 0x00, 0x00, 0x00, 0x00, 0x00, 
    0x00, 0x00, 0x00, 0x00, 0x00, 0x00, 0x00, 0x00, 0x00, 0x00, 0x00, 0x00, 0x00, 0x00, 0x00, 0x00, 
    0x00, 0x00, 0x00, 0x00, 0x00, 0x00, 0x00, 0x00, 0x00, 0x00, 0x00, 0x00, 0x00, 0x00, 0x00, 0x00, 
    0x00, 0x00, 0x00, 0x00, 0x00, 0x00, 0x00, 0x00, 0x00, 0x00, 0x00, 0x00, 0x00, 0x00, 0x00, 0x00, 
    0x00, 0x00, 0x00, 0x00, 0x00, 0x00, 0x00, 0x00, 0x00, 0x00, 0x00, 0x00, 0x00, 0x00, 0x00, 0x00, 
    0x00, 0x03, 0xFF, 0xFF, 0xFF, 0xFF, 0xFF, 0x00, 0x00, 0x03, 0xFF, 0xFF, 0xFF, 0xFF, 0xFF, 0x80, 
    0x00, 0x03, 0xFF, 0xFF, 0xFF, 0xFF, 0xFF, 0x80, 0x00, 0x03, 0x00, 0x00, 0x01, 0xC0, 0x03, 0x80, 
    0x00, 0x03, 0x00, 0x00, 0x01, 0xE0, 0x03, 0x80, 0x00, 0x03, 0x00, 0x00, 0x03, 0xF0, 0x03, 0x80, 
    0x00, 0x03, 0x00, 0x00, 0x0F, 0xFC, 0x03, 0x80, 0x00, 0x03, 0x00, 0x00, 0x3F, 0x3F, 0x33, 0x80, 
    0x00, 0x03, 0x00, 0x00, 0x3F, 0x3F, 0x73, 0x80, 0x00, 0x03, 0x00, 0x00, 0x1F, 0xFC, 0xE3, 0x80, 
    0x00, 0x03, 0x00, 0x00, 0x03, 0xF1, 0xC3, 0x80, 0x00, 0x03, 0x00, 0x00, 0x01, 0xE3, 0x83, 0x80, 
    0x00, 0x03, 0x00, 0x00, 0x01, 0xCF, 0x03, 0x80, 0x00, 0x03, 0x00, 0x00, 0x01, 0xCE, 0x03, 0x80, 
    0x00, 0x03, 0x00, 0x06, 0x00, 0xFC, 0x03, 0x80, 0x00, 0x03, 0x00, 0x0F, 0x00, 0x78, 0x03, 0x80, 
    0x00, 0x03, 0x00, 0x1F, 0x80, 0xF0, 0x03, 0x80, 0x00, 0x03, 0x00, 0x3B, 0x81, 0xE0, 0x03, 0x80, 
    0x00, 0x03, 0x00, 0x71, 0xC3, 0xC0, 0x03, 0x80, 0x00, 0x03, 0x00, 0xE0, 0xE7, 0x80, 0x03, 0x80, 
    0x00, 0x03, 0x01, 0xC0, 0x7F, 0x00, 0x03, 0x80, 0x00, 0x03, 0x03, 0x80, 0x3E, 0x00, 0x03, 0x80, 
    0x00, 0x03, 0x07, 0x00, 0x1C, 0x00, 0x03, 0x80, 0x00, 0x03, 0x0E, 0x00, 0x00, 0x00, 0x03, 0x80, 
    0x00, 0x03, 0x04, 0x00, 0x00, 0x00, 0x03, 0x80, 0x00, 0x03, 0x00, 0x00, 0x00, 0x00, 0x03, 0x80, 
    0x00, 0x03, 0x00, 0x00, 0x00, 0x00, 0x03, 0x80, 0x00, 0x03, 0x00, 0x00, 0x00, 0x00, 0x03, 0x80, 
    0x00, 0x03, 0x00, 0x00, 0x00, 0x00, 0x03, 0x80, 0x03, 0xFF, 0xE0, 0x00, 0xFF, 0xFF, 0xFF, 0x80, 
    0x03, 0xFF, 0xFF, 0xFF, 0xFF, 0xFF, 0xFF, 0x80, 0x03, 0x80, 0x7F, 0xFF, 0xC0, 0x01, 0x83, 0x80, 
    0x03, 0x00, 0x3F, 0xFF, 0x80, 0x01, 0x83, 0x80, 0x03, 0x80, 0x00, 0x00, 0x00, 0x01, 0x83, 0x00, 
    0x01, 0xC0, 0x00, 0x00, 0x00, 0x03, 0x83, 0x00, 0x01, 0xFF, 0xFF, 0xFF, 0xFF, 0xFF, 0xFF, 0x00, 
    0x00, 0xFF, 0xFF, 0xFF, 0xFF, 0xFF, 0xFE, 0x00, 0x00, 0x1F, 0xFF, 0xFF, 0xFF, 0xFF, 0xFC, 0x00, 
    0x00, 0x00, 0x00, 0x00, 0x00, 0x00, 0x00, 0x00, 0x00, 0x00, 0x00, 0x00, 0x00, 0x00, 0x00, 0x00, 
    0x00, 0x00, 0x00, 0x00, 0x00, 0x00, 0x00, 0x00, 0x00, 0x00, 0x00, 0x00, 0x00, 0x00, 0x00, 0x00, 
    0x00, 0x00, 0x00, 0x00, 0x00, 0x00, 0x00, 0x00, 0x00, 0x00, 0x00, 0x00, 0x00, 0x00, 0x00, 0x00, 
    0x00, 0x00, 0x00, 0x00, 0x00, 0x00, 0x00, 0x00, 0x00, 0x00, 0x00, 0x00, 0x00, 0x00, 0x00, 0x00, 
    0x00, 0x00, 0x00, 0x00, 0x00, 0x00, 0x00, 0x00, 0x00, 0x00, 0x00, 0x00, 0x00, 0x00, 0x00, 0x00, 
    0x00, 0x00, 0x00, 0x00, 0x00, 0x00, 0x00, 0x00, 0x00, 0x00, 0x00, 0x00, 0x00, 0x00, 0x00, 0x00, 
      },
  {
    0x00, 0x00, 0x00, 0x00, 0x00, 0x00, 0x00, 0x00, 0x00, 0x00, 0x00, 0x00, 0x00, 0x00, 0x00, 0x00, 
    0x00, 0x00, 0x00, 0x00, 0x00, 0x00, 0x00, 0x00, 0x00, 0x00, 0x00, 0x00, 0x00, 0x00, 0x00, 0x00, 
    0x00, 0x00, 0x00, 0x00, 0x00, 0x00, 0x00, 0x00, 0x00, 0x00, 0x00, 0x00, 0x00, 0x00, 0x00, 0x00, 
    0x00, 0x00, 0x00, 0x00, 0x00, 0x00, 0x00, 0x00, 0x00, 0x00, 0x00, 0x00, 0x00, 0x00, 0x00, 0x00, 
    0x00, 0x00, 0x00, 0x00, 0x00, 0x00, 0x00, 0x00, 0x00, 0x00, 0x00, 0x00, 0x00, 0x00, 0x00, 0x00, 
    0x00, 0x00, 0x00, 0x00, 0x00, 0x00, 0x00, 0x00, 0x00, 0x00, 0x00, 0x00, 0x00, 0x00, 0x00, 0x00, 
    0x00, 0x00, 0x00, 0x00, 0x00, 0x00, 0x00, 0x00, 0x00, 0x00, 0x00, 0x00, 0x00, 0x00, 0x00, 0x00, 
    0x00, 0x03, 0xFF, 0xFF, 0xFF, 0xFF, 0xFF, 0x00, 0x00, 0x03, 0xFF, 0xFF, 0xFF, 0xFF, 0xFF, 0x80, 
    0x00, 0x03, 0xFF, 0xFF, 0xFF, 0xFF, 0xFF, 0x80, 0x00, 0x03, 0x00, 0x00, 0x01, 0xC0, 0x03, 0x80, 
    0x00, 0x03, 0x00, 0x00, 0x01, 0xE0, 0x03, 0x80, 0x00, 0x03, 0x00, 0x00, 0x03, 0xF0, 0x03, 0x80, 
    0x00, 0x03, 0x00, 0x00, 0x0F, 0xFC, 0x03, 0x80, 0x00, 0x03, 0x00, 0x00, 0x3F, 0x3F, 0x33, 0x80, 
    0x00, 0x03, 0x00, 0x00, 0x3F, 0x3F, 0x73, 0x80, 0x00, 0x03, 0x00, 0x00, 0x1F, 0xFC, 0xE3, 0x80, 
    0x00, 0x03, 0x00, 0x00, 0x03, 0xF1, 0xC3, 0x80, 0x00, 0x03, 0x00, 0x00, 0x01, 0xE3, 0x83, 0x80, 
    0x00, 0x03, 0x00, 0x00, 0x01, 0xCF, 0x03, 0x80, 0x00, 0x03, 0x00, 0x00, 0x01, 0xCE, 0x03, 0x80, 
    0x00, 0x03, 0x00, 0x06, 0x00, 0xFC, 0x03, 0x80, 0x00, 0x03, 0x00, 0x0F, 0x00, 0x78, 0x03, 0x80, 
    0x00, 0x03, 0x00, 0x1F, 0x80, 0xF0, 0x03, 0x80, 0x00, 0x03, 0x00, 0x3B, 0x81, 0xE0, 0x03, 0x80, 
    0x00, 0x03, 0x00, 0x71, 0xC3, 0xC0, 0x03, 0x80, 0x00, 0x03, 0x00, 0xE0, 0xE7, 0x80, 0x03, 0x80, 
    0x00, 0x03, 0x01, 0xC0, 0x7F, 0x00, 0x03, 0x80, 0x00, 0x03, 0x03, 0x80, 0x3E, 0x00, 0x03, 0x80, 
    0x00, 0x03, 0x07, 0x00, 0x1C, 0x00, 0x03, 0x80, 0x00, 0x03, 0x0E, 0x00, 0x00, 0x00, 0x03, 0x80, 
    0x00, 0x03, 0x04, 0x00, 0x00, 0x00, 0x03, 0x80, 0x00, 0x03, 0x00, 0x00, 0x00, 0x00, 0x03, 0x80, 
    0x00, 0x03, 0x00, 0x00, 0x00, 0x00, 0x03, 0x80, 0x00, 0x03, 0x00, 0x00, 0x00, 0x00, 0x03, 0x80, 
    0x00, 0x03, 0x00, 0x00, 0x00, 0x00, 0x03, 0x80, 0x03, 0xFF, 0xE0, 0x00, 0xFF, 0xFF, 0xFF, 0x80, 
    0x03, 0xFF, 0xFF, 0xFF, 0xFF, 0xFF, 0xFF, 0x80, 0x03, 0x80, 0x7F, 0xFF, 0xC0, 0x01, 0x83, 0x80, 
    0x03, 0x00, 0x3F, 0xFF, 0x80, 0x01, 0x83, 0x80, 0x03, 0x80, 0x00, 0x00, 0x00, 0x01, 0x83, 0x80, 
    0x01, 0xC0, 0x00, 0x00, 0x00, 0x03, 0x83, 0x00, 0x01, 0xFF, 0xFF, 0xFF, 0xFF, 0xFF, 0xFF, 0x00, 
    0x00, 0xFF, 0xFF, 0xFF, 0xFF, 0xFF, 0xFE, 0x00, 0x00, 0x1F, 0xFF, 0xFF, 0xFF, 0xFF, 0xFC, 0x00, 
    0x00, 0x00, 0x00, 0x00, 0x00, 0x00, 0x00, 0x00, 0x00, 0x00, 0x00, 0x00, 0x00, 0x00, 0x00, 0x00, 
    0x00, 0x00, 0x00, 0x00, 0x00, 0x00, 0x00, 0x00, 0x00, 0x00, 0x00, 0x00, 0x00, 0x00, 0x00, 0x00, 
    0x00, 0x00, 0x00, 0x00, 0x00, 0x00, 0x00, 0x00, 0x00, 0x00, 0x00, 0x00, 0x00, 0x00, 0x00, 0x00, 
    0x00, 0x00, 0x00, 0x00, 0x00, 0x00, 0x00, 0x00, 0x00, 0x00, 0x00, 0x00, 0x00, 0x00, 0x00, 0x00, 
    0x00, 0x00, 0x00, 0x00, 0x00, 0x00, 0x00, 0x00, 0x00, 0x00, 0x00, 0x00, 0x00, 0x00, 0x00, 0x00, 
    0x00, 0x00, 0x00, 0x00, 0x00, 0x00, 0x00, 0x00, 0x00, 0x00, 0x00, 0x00, 0x00, 0x00, 0x00, 0x00, 
      },
  {
    0x00, 0x00, 0x00, 0x00, 0x00, 0x00, 0x00, 0x00, 0x00, 0x00, 0x00, 0x00, 0x00, 0x00, 0x00, 0x00, 
    0x00, 0x00, 0x00, 0x00, 0x00, 0x00, 0x00, 0x00, 0x00, 0x00, 0x00, 0x00, 0x00, 0x00, 0x00, 0x00, 
    0x00, 0x00, 0x00, 0x00, 0x00, 0x00, 0x00, 0x00, 0x00, 0x00, 0x00, 0x00, 0x00, 0x00, 0x00, 0x00, 
    0x00, 0x00, 0x00, 0x00, 0x00, 0x00, 0x00, 0x00, 0x00, 0x00, 0x00, 0x00, 0x00, 0x00, 0x00, 0x00, 
    0x00, 0x00, 0x00, 0x00, 0x00, 0x00, 0x00, 0x00, 0x00, 0x00, 0x00, 0x00, 0x00, 0x00, 0x00, 0x00, 
    0x00, 0x00, 0x00, 0x00, 0x00, 0x00, 0x00, 0x00, 0x00, 0x00, 0x00, 0x00, 0x00, 0x00, 0x00, 0x00, 
    0x00, 0x00, 0x00, 0x00, 0x00, 0x00, 0x00, 0x00, 0x00, 0x00, 0x00, 0x00, 0x00, 0x00, 0x00, 0x00, 
    0x00, 0x03, 0xFF, 0xFF, 0xFF, 0xFF, 0xFF, 0x00, 0x00, 0x03, 0xFF, 0xFF, 0xFF, 0xFF, 0xFF, 0x80, 
    0x00, 0x03, 0xFF, 0xFF, 0xFF, 0xFF, 0xFF, 0x80, 0x00, 0x03, 0x00, 0x00, 0x01, 0xC0, 0x03, 0x80, 
    0x00, 0x03, 0x00, 0x00, 0x01, 0xE0, 0x03, 0x80, 0x00, 0x03, 0x00, 0x00, 0x03, 0xF0, 0x03, 0x80, 
    0x00, 0x03, 0x00, 0x00, 0x0F, 0xFC, 0x03, 0x80, 0x00, 0x03, 0x00, 0x00, 0x3F, 0x3F, 0x33, 0x80, 
    0x00, 0x03, 0x00, 0x00, 0x3F, 0x3F, 0x73, 0x80, 0x00, 0x03, 0x00, 0x00, 0x1F, 0xFC, 0xE3, 0x80, 
    0x00, 0x03, 0x00, 0x00, 0x03, 0xF1, 0xC3, 0x80, 0x00, 0x03, 0x00, 0x00, 0x01, 0xE3, 0x83, 0x80, 
    0x00, 0x03, 0x00, 0x00, 0x01, 0xCF, 0x03, 0x80, 0x00, 0x03, 0x00, 0x00, 0x01, 0xCE, 0x03, 0x80, 
    0x00, 0x03, 0x00, 0x06, 0x00, 0xFC, 0x03, 0x80, 0x00, 0x03, 0x00, 0x0F, 0x00, 0x78, 0x03, 0x80, 
    0x00, 0x03, 0x00, 0x1F, 0x80, 0xF0, 0x03, 0x80, 0x00, 0x03, 0x00, 0x3B, 0x81, 0xE0, 0x03, 0x80, 
    0x00, 0x03, 0x00, 0x71, 0xC3, 0xC0, 0x03, 0x80, 0x00, 0x03, 0x00, 0xE0, 0xE7, 0x80, 0x03, 0x80, 
    0x00, 0x03, 0x01, 0xC0, 0x7F, 0x00, 0x03, 0x80, 0x00, 0x03, 0x03, 0x80, 0x3E, 0x00, 0x03, 0x80, 
    0x00, 0x03, 0x07, 0x00, 0x1C, 0x00, 0x03, 0x80, 0x00, 0x03, 0x0E, 0x00, 0x00, 0x00, 0x03, 0x80, 
    0x00, 0x03, 0x04, 0x00, 0x00, 0x00, 0x03, 0x80, 0x00, 0x03, 0x00, 0x00, 0x00, 0x00, 0x03, 0x80, 
    0x00, 0x03, 0x00, 0x00, 0x00, 0x00, 0x03, 0x80, 0x00, 0x03, 0x00, 0x00, 0x00, 0x00, 0x03, 0x80, 
    0x00, 0x03, 0x00, 0x00, 0x00, 0x00, 0x03, 0x80, 0x03, 0xFF, 0xE0, 0x00, 0xFF, 0xFF, 0xFF, 0x80, 
    0x03, 0xFF, 0xFF, 0xFF, 0xFF, 0xFF, 0xFF, 0x80, 0x03, 0x80, 0x7F, 0xFF, 0xC0, 0x01, 0x83, 0x80, 
    0x03, 0x00, 0x3F, 0xFF, 0x80, 0x01, 0x83, 0x80, 0x03, 0x80, 0x00, 0x00, 0x00, 0x01, 0x83, 0x80, 
    0x01, 0xC0, 0x00, 0x00, 0x00, 0x03, 0x83, 0x00, 0x01, 0xFF, 0xFF, 0xFF, 0xFF, 0xFF, 0xFF, 0x00, 
    0x00, 0xFF, 0xFF, 0xFF, 0xFF, 0xFF, 0xFE, 0x00, 0x00, 0x1F, 0xFF, 0xFF, 0xFF, 0xFF, 0xFC, 0x00, 
    0x00, 0x00, 0x00, 0x00, 0x00, 0x00, 0x00, 0x00, 0x00, 0x00, 0x00, 0x00, 0x00, 0x00, 0x00, 0x00, 
    0x00, 0x00, 0x00, 0x00, 0x00, 0x00, 0x00, 0x00, 0x00, 0x00, 0x00, 0x00, 0x00, 0x00, 0x00, 0x00, 
    0x00, 0x00, 0x00, 0x00, 0x00, 0x00, 0x00, 0x00, 0x00, 0x00, 0x00, 0x00, 0x00, 0x00, 0x00, 0x00, 
    0x00, 0x00, 0x00, 0x00, 0x00, 0x00, 0x00, 0x00, 0x00, 0x00, 0x00, 0x00, 0x00, 0x00, 0x00, 0x00, 
    0x00, 0x00, 0x00, 0x00, 0x00, 0x00, 0x00, 0x00, 0x00, 0x00, 0x00, 0x00, 0x00, 0x00, 0x00, 0x00, 
    0x00, 0x00, 0x00, 0x00, 0x00, 0x00, 0x00, 0x00, 0x00, 0x00, 0x00, 0x00, 0x00, 0x00, 0x00, 0x00, 
      },
  {
    0x00, 0x00, 0x00, 0x00, 0x00, 0x00, 0x00, 0x00, 0x00, 0x00, 0x00, 0x00, 0x00, 0x00, 0x00, 0x00, 
    0x00, 0x00, 0x00, 0x00, 0x00, 0x00, 0x00, 0x00, 0x00, 0x00, 0x00, 0x00, 0x00, 0x00, 0x00, 0x00, 
    0x00, 0x00, 0x00, 0x00, 0x00, 0x00, 0x00, 0x00, 0x00, 0x00, 0x00, 0x00, 0x00, 0x00, 0x00, 0x00, 
    0x00, 0x00, 0x00, 0x00, 0x00, 0x00, 0x00, 0x00, 0x00, 0x00, 0x00, 0x00, 0x00, 0x00, 0x00, 0x00, 
    0x00, 0x00, 0x00, 0x00, 0x00, 0x00, 0x00, 0x00, 0x00, 0x00, 0x00, 0x00, 0x00, 0x00, 0x00, 0x00, 
    0x00, 0x00, 0x00, 0x00, 0x00, 0x00, 0x00, 0x00, 0x00, 0x00, 0x00, 0x00, 0x00, 0x00, 0x00, 0x00, 
    0x00, 0x00, 0x00, 0x00, 0x00, 0x00, 0x00, 0x00, 0x00, 0x00, 0x00, 0x00, 0x00, 0x00, 0x00, 0x00, 
    0x00, 0x03, 0xFF, 0xFF, 0xFF, 0xFF, 0xFF, 0x00, 0x00, 0x03, 0xFF, 0xFF, 0xFF, 0xFF, 0xFF, 0x80, 
    0x00, 0x03, 0xFF, 0xFF, 0xFF, 0xFF, 0xFF, 0x80, 0x00, 0x03, 0x00, 0x00, 0x01, 0xC0, 0x03, 0x80, 
    0x00, 0x03, 0x00, 0x00, 0x01, 0xE0, 0x03, 0x80, 0x00, 0x03, 0x00, 0x00, 0x03, 0xF0, 0x03, 0x80, 
    0x00, 0x03, 0x00, 0x00, 0x0F, 0xFC, 0x03, 0x80, 0x00, 0x03, 0x00, 0x00, 0x3F, 0x3F, 0x33, 0x80, 
    0x00, 0x03, 0x00, 0x00, 0x3F, 0x3F, 0x73, 0x80, 0x00, 0x03, 0x00, 0x00, 0x1F, 0xFC, 0xE3, 0x80, 
    0x00, 0x03, 0x00, 0x00, 0x03, 0xF1, 0xC3, 0x80, 0x00, 0x03, 0x00, 0x00, 0x01, 0xE3, 0x83, 0x80, 
    0x00, 0x03, 0x00, 0x00, 0x01, 0xCF, 0x03, 0x80, 0x00, 0x03, 0x00, 0x00, 0x01, 0xCE, 0x03, 0x80, 
    0x00, 0x03, 0x00, 0x06, 0x00, 0xFC, 0x03, 0x80, 0x00, 0x03, 0x00, 0x0F, 0x00, 0x78, 0x03, 0x80, 
    0x00, 0x03, 0x00, 0x1F, 0x80, 0xF0, 0x03, 0x80, 0x00, 0x03, 0x00, 0x3B, 0x81, 0xE0, 0x03, 0x80, 
    0x00, 0x03, 0x00, 0x71, 0xC3, 0xC0, 0x03, 0x80, 0x00, 0x03, 0x00, 0xE0, 0xE7, 0x80, 0x03, 0x80, 
    0x00, 0x03, 0x01, 0xC0, 0x7F, 0x00, 0x03, 0x80, 0x00, 0x03, 0x03, 0x80, 0x3E, 0x00, 0x03, 0x80, 
    0x00, 0x03, 0x07, 0x00, 0x1C, 0x00, 0x03, 0x80, 0x00, 0x03, 0x0E, 0x00, 0x00, 0x00, 0x03, 0x80, 
    0x00, 0x03, 0x04, 0x00, 0x00, 0x00, 0x03, 0x80, 0x00, 0x03, 0x00, 0x00, 0x00, 0x00, 0x03, 0x80, 
    0x00, 0x03, 0x00, 0x00, 0x00, 0x00, 0x03, 0x80, 0x00, 0x03, 0x00, 0x00, 0x00, 0x00, 0x03, 0x80, 
    0x00, 0x03, 0x00, 0x00, 0x00, 0x00, 0x03, 0x80, 0x03, 0xFF, 0xE0, 0x00, 0xFF, 0xFF, 0xFF, 0x80, 
    0x03, 0xFF, 0xFF, 0xFF, 0xFF, 0xFF, 0xFF, 0x80, 0x03, 0x80, 0x7F, 0xFF, 0xC0, 0x01, 0x83, 0x80, 
    0x03, 0x00, 0x3F, 0xFF, 0x80, 0x01, 0x83, 0x80, 0x03, 0x80, 0x00, 0x00, 0x00, 0x01, 0x83, 0x80, 
    0x01, 0xC0, 0x00, 0x00, 0x00, 0x03, 0x83, 0x00, 0x01, 0xFF, 0xFF, 0xFF, 0xFF, 0xFF, 0xFF, 0x00, 
    0x00, 0xFF, 0xFF, 0xFF, 0xFF, 0xFF, 0xFE, 0x00, 0x00, 0x1F, 0xFF, 0xFF, 0xFF, 0xFF, 0xFC, 0x00, 
    0x00, 0x00, 0x00, 0x00, 0x00, 0x00, 0x00, 0x00, 0x00, 0x00, 0x00, 0x00, 0x00, 0x00, 0x00, 0x00, 
    0x00, 0x00, 0x00, 0x00, 0x00, 0x00, 0x00, 0x00, 0x00, 0x00, 0x00, 0x00, 0x00, 0x00, 0x00, 0x00, 
    0x00, 0x00, 0x00, 0x00, 0x00, 0x00, 0x00, 0x00, 0x00, 0x00, 0x00, 0x00, 0x00, 0x00, 0x00, 0x00, 
    0x00, 0x00, 0x00, 0x00, 0x00, 0x00, 0x00, 0x00, 0x00, 0x00, 0x00, 0x00, 0x00, 0x00, 0x00, 0x00, 
    0x00, 0x00, 0x00, 0x00, 0x00, 0x00, 0x00, 0x00, 0x00, 0x00, 0x00, 0x00, 0x00, 0x00, 0x00, 0x00, 
    0x00, 0x00, 0x00, 0x00, 0x00, 0x00, 0x00, 0x00, 0x00, 0x00, 0x00, 0x00, 0x00, 0x00, 0x00, 0x00, 
      },
  {
    0x00, 0x00, 0x00, 0x00, 0x00, 0x00, 0x00, 0x00, 0x00, 0x00, 0x00, 0x00, 0x00, 0x00, 0x00, 0x00, 
    0x00, 0x00, 0x00, 0x00, 0x00, 0x00, 0x00, 0x00, 0x00, 0x00, 0x00, 0x00, 0x00, 0x00, 0x00, 0x00, 
    0x00, 0x00, 0x00, 0x00, 0x00, 0x00, 0x00, 0x00, 0x00, 0x00, 0x00, 0x00, 0x00, 0x00, 0x00, 0x00, 
    0x00, 0x00, 0x00, 0x00, 0x00, 0x00, 0x00, 0x00, 0x00, 0x00, 0x00, 0x00, 0x00, 0x00, 0x00, 0x00, 
    0x00, 0x00, 0x00, 0x00, 0x00, 0x00, 0x00, 0x00, 0x00, 0x00, 0x00, 0x00, 0x00, 0x00, 0x00, 0x00, 
    0x00, 0x00, 0x00, 0x00, 0x00, 0x00, 0x00, 0x00, 0x00, 0x00, 0x00, 0x00, 0x00, 0x00, 0x00, 0x00, 
    0x00, 0x00, 0x00, 0x00, 0x00, 0x00, 0x00, 0x00, 0x00, 0x00, 0x00, 0x00, 0x00, 0x00, 0x00, 0x00, 
    0x00, 0x03, 0xFF, 0xFF, 0xFF, 0xFF, 0xFF, 0x00, 0x00, 0x03, 0xFF, 0xFF, 0xFF, 0xFF, 0xFF, 0x80, 
    0x00, 0x03, 0xFF, 0xFF, 0xFF, 0xFF, 0xFF, 0x80, 0x00, 0x03, 0x00, 0x00, 0x01, 0xC0, 0x03, 0x80, 
    0x00, 0x03, 0x00, 0x00, 0x01, 0xE0, 0x03, 0x80, 0x00, 0x03, 0x00, 0x00, 0x03, 0xF0, 0x03, 0x80, 
    0x00, 0x03, 0x00, 0x00, 0x0F, 0xFC, 0x03, 0x80, 0x00, 0x03, 0x00, 0x00, 0x3F, 0x3F, 0x33, 0x80, 
    0x00, 0x03, 0x00, 0x00, 0x3F, 0x3F, 0x73, 0x80, 0x00, 0x03, 0x00, 0x00, 0x1F, 0xFC, 0xE3, 0x80, 
    0x00, 0x03, 0x00, 0x00, 0x03, 0xF1, 0xC3, 0x80, 0x00, 0x03, 0x00, 0x00, 0x01, 0xE3, 0x83, 0x80, 
    0x00, 0x03, 0x00, 0x00, 0x01, 0xCF, 0x03, 0x80, 0x00, 0x03, 0x00, 0x00, 0x01, 0xCE, 0x03, 0x80, 
    0x00, 0x03, 0x00, 0x06, 0x00, 0xFC, 0x03, 0x80, 0x00, 0x03, 0x00, 0x0F, 0x00, 0x78, 0x03, 0x80, 
    0x00, 0x03, 0x00, 0x1F, 0x80, 0xF0, 0x03, 0x80, 0x00, 0x03, 0x00, 0x3B, 0x81, 0xE0, 0x03, 0x80, 
    0x00, 0x03, 0x00, 0x71, 0xC3, 0xC0, 0x03, 0x80, 0x00, 0x03, 0x00, 0xE0, 0xE7, 0x80, 0x03, 0x80, 
    0x00, 0x03, 0x01, 0xC0, 0x7F, 0x00, 0x03, 0x80, 0x00, 0x03, 0x03, 0x80, 0x3E, 0x00, 0x03, 0x80, 
    0x00, 0x03, 0x07, 0x00, 0x1C, 0x00, 0x03, 0x80, 0x00, 0x03, 0x0E, 0x00, 0x00, 0x00, 0x03, 0x80, 
    0x00, 0x03, 0x04, 0x00, 0x00, 0x00, 0x03, 0x80, 0x00, 0x03, 0x00, 0x00, 0x00, 0x00, 0x03, 0x80, 
    0x00, 0x03, 0x00, 0x00, 0x00, 0x00, 0x03, 0x80, 0x00, 0x03, 0x00, 0x00, 0x00, 0x00, 0x03, 0x80, 
    0x00, 0x03, 0x00, 0x00, 0x00, 0x00, 0x03, 0x80, 0x03, 0xFF, 0xE0, 0x00, 0xFF, 0xFF, 0xFF, 0x80, 
    0x03, 0xFF, 0xFF, 0xFF, 0xFF, 0xFF, 0xFF, 0x80, 0x03, 0x80, 0x7F, 0xFF, 0xC0, 0x01, 0x83, 0x80, 
    0x03, 0x00, 0x3F, 0xFF, 0x80, 0x01, 0x83, 0x80, 0x03, 0x80, 0x00, 0x00, 0x00, 0x01, 0x83, 0x80, 
    0x01, 0xC0, 0x00, 0x00, 0x00, 0x03, 0x83, 0x00, 0x01, 0xFF, 0xFF, 0xFF, 0xFF, 0xFF, 0xFF, 0x00, 
    0x00, 0xFF, 0xFF, 0xFF, 0xFF, 0xFF, 0xFE, 0x00, 0x00, 0x1F, 0xFF, 0xFF, 0xFF, 0xFF, 0xFC, 0x00, 
    0x00, 0x00, 0x00, 0x00, 0x00, 0x00, 0x00, 0x00, 0x00, 0x00, 0x00, 0x00, 0x00, 0x00, 0x00, 0x00, 
    0x00, 0x00, 0x00, 0x00, 0x00, 0x00, 0x00, 0x00, 0x00, 0x00, 0x00, 0x00, 0x00, 0x00, 0x00, 0x00, 
    0x00, 0x00, 0x00, 0x00, 0x00, 0x00, 0x00, 0x00, 0x00, 0x00, 0x00, 0x00, 0x00, 0x00, 0x00, 0x00, 
    0x00, 0x00, 0x00, 0x00, 0x00, 0x00, 0x00, 0x00, 0x00, 0x00, 0x00, 0x00, 0x00, 0x00, 0x00, 0x00, 
    0x00, 0x00, 0x00, 0x00, 0x00, 0x00, 0x00, 0x00, 0x00, 0x00, 0x00, 0x00, 0x00, 0x00, 0x00, 0x00, 
    0x00, 0x00, 0x00, 0x00, 0x00, 0x00, 0x00, 0x00, 0x00, 0x00, 0x00, 0x00, 0x00, 0x00, 0x00, 0x00, 
      },
  {
    0x00, 0x00, 0x00, 0x00, 0x00, 0x00, 0x00, 0x00, 0x00, 0x00, 0x00, 0x00, 0x00, 0x00, 0x00, 0x00, 
    0x00, 0x00, 0x00, 0x00, 0x00, 0x00, 0x00, 0x00, 0x00, 0x00, 0x00, 0x00, 0x00, 0x00, 0x00, 0x00, 
    0x00, 0x00, 0x00, 0x00, 0x00, 0x00, 0x00, 0x00, 0x00, 0x00, 0x00, 0x00, 0x00, 0x00, 0x00, 0x00, 
    0x00, 0x00, 0x00, 0x00, 0x00, 0x00, 0x00, 0x00, 0x00, 0x00, 0x00, 0x00, 0x00, 0x00, 0x00, 0x00, 
    0x00, 0x00, 0x00, 0x00, 0x00, 0x00, 0x00, 0x00, 0x00, 0x00, 0x00, 0x00, 0x00, 0x00, 0x00, 0x00, 
    0x00, 0x00, 0x00, 0x00, 0x00, 0x00, 0x00, 0x00, 0x00, 0x00, 0x00, 0x00, 0x00, 0x00, 0x00, 0x00, 
    0x00, 0x00, 0x00, 0x00, 0x00, 0x00, 0x00, 0x00, 0x00, 0x00, 0x00, 0x00, 0x00, 0x00, 0x00, 0x00, 
    0x00, 0x03, 0xFF, 0xFF, 0xFF, 0xFF, 0xFF, 0x00, 0x00, 0x03, 0xFF, 0xFF, 0xFF, 0xFF, 0xFF, 0x80, 
    0x00, 0x03, 0xFF, 0xFF, 0xFF, 0xFF, 0xFF, 0x80, 0x00, 0x03, 0x00, 0x00, 0x01, 0xC0, 0x03, 0x80, 
    0x00, 0x03, 0x00, 0x00, 0x01, 0xE0, 0x03, 0x80, 0x00, 0x03, 0x00, 0x00, 0x03, 0xF0, 0x03, 0x80, 
    0x00, 0x03, 0x00, 0x00, 0x0F, 0xFC, 0x03, 0x80, 0x00, 0x03, 0x00, 0x00, 0x3F, 0x3F, 0x33, 0x80, 
    0x00, 0x03, 0x00, 0x00, 0x3F, 0x3F, 0x73, 0x80, 0x00, 0x03, 0x00, 0x00, 0x1F, 0xFC, 0xE3, 0x80, 
    0x00, 0x03, 0x00, 0x00, 0x03, 0xF1, 0xC3, 0x80, 0x00, 0x03, 0x00, 0x00, 0x01, 0xE7, 0x83, 0x80, 
    0x00, 0x03, 0x00, 0x00, 0x01, 0xCF, 0x03, 0x80, 0x00, 0x03, 0x00, 0x00, 0x01, 0xCE, 0x03, 0x80, 
    0x00, 0x03, 0x00, 0x06, 0x00, 0xFC, 0x03, 0x80, 0x00, 0x03, 0x00, 0x0F, 0x00, 0x78, 0x03, 0x80, 
    0x00, 0x03, 0x00, 0x1F, 0x80, 0xF0, 0x03, 0x80, 0x00, 0x03, 0x00, 0x3B, 0x81, 0xE0, 0x03, 0x80, 
    0x00, 0x03, 0x00, 0x71, 0xC3, 0xC0, 0x03, 0x80, 0x00, 0x03, 0x00, 0xE0, 0xE7, 0x80, 0x03, 0x80, 
    0x00, 0x03, 0x01, 0xC0, 0x7F, 0x00, 0x03, 0x80, 0x00, 0x03, 0x03, 0x80, 0x3E, 0x00, 0x03, 0x80, 
    0x00, 0x03, 0x07, 0x00, 0x1C, 0x00, 0x03, 0x80, 0x00, 0x03, 0x0E, 0x00, 0x00, 0x00, 0x03, 0x80, 
    0x00, 0x03, 0x04, 0x00, 0x00, 0x00, 0x03, 0x80, 0x00, 0x03, 0x00, 0x00, 0x00, 0x00, 0x03, 0x80, 
    0x00, 0x03, 0x00, 0x00, 0x00, 0x00, 0x03, 0x80, 0x00, 0x03, 0x00, 0x00, 0x00, 0x00, 0x03, 0x80, 
    0x00, 0x03, 0x00, 0x00, 0x00, 0x00, 0x03, 0x80, 0x03, 0xFF, 0xE0, 0x00, 0xFF, 0xFF, 0xFF, 0x80, 
    0x03, 0xFF, 0xFF, 0xFF, 0xFF, 0xFF, 0xFF, 0x80, 0x03, 0x80, 0x7F, 0xFF, 0xC0, 0x01, 0x83, 0x80, 
    0x03, 0x00, 0x3F, 0xFF, 0x80, 0x01, 0x83, 0x80, 0x03, 0x80, 0x00, 0x00, 0x00, 0x01, 0x83, 0x80, 
    0x01, 0xC0, 0x00, 0x00, 0x00, 0x03, 0x83, 0x00, 0x01, 0xFF, 0xFF, 0xFF, 0xFF, 0xFF, 0xFF, 0x00, 
    0x00, 0xFF, 0xFF, 0xFF, 0xFF, 0xFF, 0xFE, 0x00, 0x00, 0x1F, 0xFF, 0xFF, 0xFF, 0xFF, 0xFC, 0x00, 
    0x00, 0x00, 0x00, 0x00, 0x00, 0x00, 0x00, 0x00, 0x00, 0x00, 0x00, 0x00, 0x00, 0x00, 0x00, 0x00, 
    0x00, 0x00, 0x00, 0x00, 0x00, 0x00, 0x00, 0x00, 0x00, 0x00, 0x00, 0x00, 0x00, 0x00, 0x00, 0x00, 
    0x00, 0x00, 0x00, 0x00, 0x00, 0x00, 0x00, 0x00, 0x00, 0x00, 0x00, 0x00, 0x00, 0x00, 0x00, 0x00, 
    0x00, 0x00, 0x00, 0x00, 0x00, 0x00, 0x00, 0x00, 0x00, 0x00, 0x00, 0x00, 0x00, 0x00, 0x00, 0x00, 
    0x00, 0x00, 0x00, 0x00, 0x00, 0x00, 0x00, 0x00, 0x00, 0x00, 0x00, 0x00, 0x00, 0x00, 0x00, 0x00, 
    0x00, 0x00, 0x00, 0x00, 0x00, 0x00, 0x00, 0x00, 0x00, 0x00, 0x00, 0x00, 0x00, 0x00, 0x00, 0x00, 
      },
  {
    0x00, 0x00, 0x00, 0x00, 0x00, 0x00, 0x00, 0x00, 0x00, 0x00, 0x00, 0x00, 0x00, 0x00, 0x00, 0x00, 
    0x00, 0x00, 0x00, 0x00, 0x00, 0x00, 0x00, 0x00, 0x00, 0x00, 0x00, 0x00, 0x00, 0x00, 0x00, 0x00, 
    0x00, 0x00, 0x00, 0x00, 0x00, 0x00, 0x00, 0x00, 0x00, 0x00, 0x00, 0x00, 0x00, 0x00, 0x00, 0x00, 
    0x00, 0x00, 0x00, 0x00, 0x00, 0x00, 0x00, 0x00, 0x00, 0x00, 0x00, 0x00, 0x00, 0x00, 0x00, 0x00, 
    0x00, 0x00, 0x00, 0x00, 0x00, 0x00, 0x00, 0x00, 0x00, 0x00, 0x00, 0x00, 0x00, 0x00, 0x00, 0x00, 
    0x00, 0x00, 0x00, 0x00, 0x00, 0x00, 0x00, 0x00, 0x00, 0x00, 0x00, 0x00, 0x00, 0x00, 0x00, 0x00, 
    0x00, 0x00, 0x00, 0x00, 0x00, 0x00, 0x00, 0x00, 0x00, 0x00, 0x00, 0x00, 0x00, 0x00, 0x00, 0x00, 
    0x00, 0x03, 0xFF, 0xFF, 0xFF, 0xFF, 0xFF, 0x00, 0x00, 0x03, 0xFF, 0xFF, 0xFF, 0xFF, 0xFF, 0x80, 
    0x00, 0x03, 0xFF, 0xFF, 0xFF, 0xFF, 0xFF, 0x80, 0x00, 0x03, 0x00, 0x00, 0x01, 0xC0, 0x03, 0x80, 
    0x00, 0x03, 0x00, 0x00, 0x01, 0xE0, 0x03, 0x80, 0x00, 0x03, 0x00, 0x00, 0x03, 0xF0, 0x03, 0x80, 
    0x00, 0x03, 0x00, 0x00, 0x0F, 0xFC, 0x03, 0x80, 0x00, 0x03, 0x00, 0x00, 0x3F, 0x3F, 0x33, 0x80, 
    0x00, 0x03, 0x00, 0x00, 0x3F, 0x3F, 0x73, 0x80, 0x00, 0x03, 0x00, 0x00, 0x1F, 0xFC, 0xE3, 0x80, 
    0x00, 0x03, 0x00, 0x00, 0x03, 0xF1, 0xC3, 0x80, 0x00, 0x03, 0x00, 0x00, 0x01, 0xE7, 0x83, 0x80, 
    0x00, 0x03, 0x00, 0x00, 0x01, 0xCF, 0x03, 0x80, 0x00, 0x03, 0x00, 0x00, 0x01, 0xCE, 0x03, 0x80, 
    0x00, 0x03, 0x00, 0x06, 0x00, 0xFC, 0x03, 0x80, 0x00, 0x03, 0x00, 0x0F, 0x00, 0x78, 0x03, 0x80, 
    0x00, 0x03, 0x00, 0x1F, 0x80, 0xF0, 0x03, 0x80, 0x00, 0x03, 0x00, 0x3B, 0x81, 0xE0, 0x03, 0x80, 
    0x00, 0x03, 0x00, 0x71, 0xC3, 0xC0, 0x03, 0x80, 0x00, 0x03, 0x00, 0xE0, 0xE7, 0x80, 0x03, 0x80, 
    0x00, 0x03, 0x01, 0xC0, 0x7F, 0x00, 0x03, 0x80, 0x00, 0x03, 0x03, 0x80, 0x3E, 0x00, 0x03, 0x80, 
    0x00, 0x03, 0x07, 0x00, 0x1C, 0x00, 0x03, 0x80, 0x00, 0x03, 0x0E, 0x00, 0x00, 0x00, 0x03, 0x80, 
    0x00, 0x03, 0x04, 0x00, 0x00, 0x00, 0x03, 0x80, 0x00, 0x03, 0x00, 0x00, 0x00, 0x00, 0x03, 0x80, 
    0x00, 0x03, 0x00, 0x00, 0x00, 0x00, 0x03, 0x80, 0x00, 0x03, 0x00, 0x00, 0x00, 0x00, 0x03, 0x80, 
    0x00, 0x03, 0x00, 0x00, 0x00, 0x00, 0x03, 0x80, 0x03, 0xFF, 0xE0, 0x00, 0xFF, 0xFF, 0xFF, 0x80, 
    0x03, 0xFF, 0xFF, 0xFF, 0xFF, 0xFF, 0xFF, 0x80, 0x03, 0x80, 0x7F, 0xFF, 0xC0, 0x01, 0x83, 0x80, 
    0x03, 0x00, 0x3F, 0xFF, 0x80, 0x01, 0x83, 0x80, 0x03, 0x80, 0x00, 0x00, 0x00, 0x01, 0x83, 0x80, 
    0x01, 0xC0, 0x00, 0x00, 0x00, 0x03, 0x83, 0x00, 0x01, 0xFF, 0xFF, 0xFF, 0xFF, 0xFF, 0xFF, 0x00, 
    0x00, 0xFF, 0xFF, 0xFF, 0xFF, 0xFF, 0xFE, 0x00, 0x00, 0x1F, 0xFF, 0xFF, 0xFF, 0xFF, 0xFC, 0x00, 
    0x00, 0x00, 0x00, 0x00, 0x00, 0x00, 0x00, 0x00, 0x00, 0x00, 0x00, 0x00, 0x00, 0x00, 0x00, 0x00, 
    0x00, 0x00, 0x00, 0x00, 0x00, 0x00, 0x00, 0x00, 0x00, 0x00, 0x00, 0x00, 0x00, 0x00, 0x00, 0x00, 
    0x00, 0x00, 0x00, 0x00, 0x00, 0x00, 0x00, 0x00, 0x00, 0x00, 0x00, 0x00, 0x00, 0x00, 0x00, 0x00, 
    0x00, 0x00, 0x00, 0x00, 0x00, 0x00, 0x00, 0x00, 0x00, 0x00, 0x00, 0x00, 0x00, 0x00, 0x00, 0x00, 
    0x00, 0x00, 0x00, 0x00, 0x00, 0x00, 0x00, 0x00, 0x00, 0x00, 0x00, 0x00, 0x00, 0x00, 0x00, 0x00, 
    0x00, 0x00, 0x00, 0x00, 0x00, 0x00, 0x00, 0x00, 0x00, 0x00, 0x00, 0x00, 0x00, 0x00, 0x00, 0x00, 
      },
  {
    0x00, 0x00, 0x00, 0x00, 0x00, 0x00, 0x00, 0x00, 0x00, 0x00, 0x00, 0x00, 0x00, 0x00, 0x00, 0x00, 
    0x00, 0x00, 0x00, 0x00, 0x00, 0x00, 0x00, 0x00, 0x00, 0x00, 0x00, 0x00, 0x00, 0x00, 0x00, 0x00, 
    0x00, 0x00, 0x00, 0x00, 0x00, 0x00, 0x00, 0x00, 0x00, 0x00, 0x00, 0x00, 0x00, 0x00, 0x00, 0x00, 
    0x00, 0x00, 0x00, 0x00, 0x00, 0x00, 0x00, 0x00, 0x00, 0x00, 0x00, 0x00, 0x00, 0x00, 0x00, 0x00, 
    0x00, 0x00, 0x00, 0x00, 0x00, 0x00, 0x00, 0x00, 0x00, 0x00, 0x00, 0x00, 0x00, 0x00, 0x00, 0x00, 
    0x00, 0x00, 0x00, 0x00, 0x00, 0x00, 0x00, 0x00, 0x00, 0x00, 0x00, 0x00, 0x00, 0x00, 0x00, 0x00, 
    0x00, 0x00, 0x00, 0x00, 0x00, 0x00, 0x00, 0x00, 0x00, 0x00, 0x00, 0x00, 0x00, 0x00, 0x00, 0x00, 
    0x00, 0x03, 0xFF, 0xFF, 0xFF, 0xFF, 0xFF, 0x00, 0x00, 0x03, 0xFF, 0xFF, 0xFF, 0xFF, 0xFF, 0x80, 
    0x00, 0x03, 0xFF, 0xFF, 0xFF, 0xFF, 0xFF, 0x80, 0x00, 0x03, 0x00, 0x00, 0x01, 0xC0, 0x03, 0x80, 
    0x00, 0x03, 0x00, 0x00, 0x01, 0xE0, 0x03, 0x80, 0x00, 0x03, 0x00, 0x00, 0x03, 0xF0, 0x03, 0x80, 
    0x00, 0x03, 0x00, 0x00, 0x0F, 0xFC, 0x03, 0x80, 0x00, 0x03, 0x00, 0x00, 0x3F, 0x3F, 0x33, 0x80, 
    0x00, 0x03, 0x00, 0x00, 0x3F, 0x3F, 0x73, 0x80, 0x00, 0x03, 0x00, 0x00, 0x1F, 0xFC, 0xE3, 0x80, 
    0x00, 0x03, 0x00, 0x00, 0x03, 0xF1, 0xC3, 0x80, 0x00, 0x03, 0x00, 0x00, 0x01, 0xE7, 0x83, 0x80, 
    0x00, 0x03, 0x00, 0x00, 0x01, 0xCF, 0x03, 0x80, 0x00, 0x03, 0x00, 0x00, 0x01, 0xCE, 0x03, 0x80, 
    0x00, 0x03, 0x00, 0x06, 0x00, 0xFC, 0x03, 0x80, 0x00, 0x03, 0x00, 0x0F, 0x00, 0x78, 0x03, 0x80, 
    0x00, 0x03, 0x00, 0x1F, 0x80, 0xF0, 0x03, 0x80, 0x00, 0x03, 0x00, 0x3B, 0x81, 0xE0, 0x03, 0x80, 
    0x00, 0x03, 0x00, 0x71, 0xC3, 0xC0, 0x03, 0x80, 0x00, 0x03, 0x00, 0xE0, 0xE7, 0x80, 0x03, 0x80, 
    0x00, 0x03, 0x01, 0xC0, 0x7F, 0x00, 0x03, 0x80, 0x00, 0x03, 0x03, 0x80, 0x3E, 0x00, 0x03, 0x80, 
    0x00, 0x03, 0x07, 0x00, 0x1C, 0x00, 0x03, 0x80, 0x00, 0x03, 0x0E, 0x00, 0x00, 0x00, 0x03, 0x80, 
    0x00, 0x03, 0x04, 0x00, 0x00, 0x00, 0x03, 0x80, 0x00, 0x03, 0x00, 0x00, 0x00, 0x00, 0x03, 0x80, 
    0x00, 0x03, 0x00, 0x00, 0x00, 0x00, 0x03, 0x80, 0x00, 0x03, 0x00, 0x00, 0x00, 0x00, 0x03, 0x80, 
    0x00, 0x03, 0x00, 0x00, 0x00, 0x00, 0x03, 0x80, 0x03, 0xFF, 0xE0, 0x00, 0xFF, 0xFF, 0xFF, 0x80, 
    0x03, 0xFF, 0xFF, 0xFF, 0xFF, 0xFF, 0xFF, 0x80, 0x03, 0x80, 0x7F, 0xFF, 0xC0, 0x01, 0x83, 0x80, 
    0x03, 0x00, 0x3F, 0xFF, 0x80, 0x01, 0x83, 0x80, 0x03, 0x80, 0x00, 0x00, 0x00, 0x01, 0x83, 0x80, 
    0x01, 0xC0, 0x00, 0x00, 0x00, 0x03, 0x83, 0x00, 0x01, 0xFF, 0xFF, 0xFF, 0xFF, 0xFF, 0xFF, 0x00, 
    0x00, 0xFF, 0xFF, 0xFF, 0xFF, 0xFF, 0xFE, 0x00, 0x00, 0x1F, 0xFF, 0xFF, 0xFF, 0xFF, 0xFC, 0x00, 
    0x00, 0x00, 0x00, 0x00, 0x00, 0x00, 0x00, 0x00, 0x00, 0x00, 0x00, 0x00, 0x00, 0x00, 0x00, 0x00, 
    0x00, 0x00, 0x00, 0x00, 0x00, 0x00, 0x00, 0x00, 0x00, 0x00, 0x00, 0x00, 0x00, 0x00, 0x00, 0x00, 
    0x00, 0x00, 0x00, 0x00, 0x00, 0x00, 0x00, 0x00, 0x00, 0x00, 0x00, 0x00, 0x00, 0x00, 0x00, 0x00, 
    0x00, 0x00, 0x00, 0x00, 0x00, 0x00, 0x00, 0x00, 0x00, 0x00, 0x00, 0x00, 0x00, 0x00, 0x00, 0x00, 
    0x00, 0x00, 0x00, 0x00, 0x00, 0x00, 0x00, 0x00, 0x00, 0x00, 0x00, 0x00, 0x00, 0x00, 0x00, 0x00, 
    0x00, 0x00, 0x00, 0x00, 0x00, 0x00, 0x00, 0x00, 0x00, 0x00, 0x00, 0x00, 0x00, 0x00, 0x00, 0x00, 
      },
  {
    0x00, 0x00, 0x00, 0x00, 0x00, 0x00, 0x00, 0x00, 0x00, 0x00, 0x00, 0x00, 0x00, 0x00, 0x00, 0x00, 
    0x00, 0x00, 0x00, 0x00, 0x00, 0x00, 0x00, 0x00, 0x00, 0x00, 0x00, 0x00, 0x00, 0x00, 0x00, 0x00, 
    0x00, 0x00, 0x00, 0x00, 0x00, 0x00, 0x00, 0x00, 0x00, 0x00, 0x00, 0x00, 0x00, 0x00, 0x00, 0x00, 
    0x00, 0x00, 0x00, 0x00, 0x00, 0x00, 0x00, 0x00, 0x00, 0x00, 0x00, 0x00, 0x00, 0x00, 0x00, 0x00, 
    0x00, 0x00, 0x00, 0x00, 0x00, 0x00, 0x00, 0x00, 0x00, 0x00, 0x00, 0x00, 0x00, 0x00, 0x00, 0x00, 
    0x00, 0x00, 0x00, 0x00, 0x00, 0x00, 0x00, 0x00, 0x00, 0x00, 0x00, 0x00, 0x00, 0x00, 0x00, 0x00, 
    0x00, 0x00, 0x00, 0x00, 0x00, 0x00, 0x00, 0x00, 0x00, 0x00, 0x00, 0x00, 0x00, 0x00, 0x00, 0x00, 
    0x00, 0x03, 0xFF, 0xFF, 0xFF, 0xFF, 0xFF, 0x00, 0x00, 0x03, 0xFF, 0xFF, 0xFF, 0xFF, 0xFF, 0x80, 
    0x00, 0x03, 0xFF, 0xFF, 0xFF, 0xFF, 0xFF, 0x80, 0x00, 0x03, 0x00, 0x00, 0x01, 0xC0, 0x03, 0x80, 
    0x00, 0x03, 0x00, 0x00, 0x01, 0xE0, 0x03, 0x80, 0x00, 0x03, 0x00, 0x00, 0x03, 0xF0, 0x03, 0x80, 
    0x00, 0x03, 0x00, 0x00, 0x0F, 0xFC, 0x03, 0x80, 0x00, 0x03, 0x00, 0x00, 0x3F, 0x3F, 0x33, 0x80, 
    0x00, 0x03, 0x00, 0x00, 0x3F, 0x3F, 0x73, 0x80, 0x00, 0x03, 0x00, 0x00, 0x1F, 0xFC, 0xE3, 0x80, 
    0x00, 0x03, 0x00, 0x00, 0x03, 0xF1, 0xC3, 0x80, 0x00, 0x03, 0x00, 0x00, 0x01, 0xE7, 0x83, 0x80, 
    0x00, 0x03, 0x00, 0x00, 0x01, 0xCF, 0x03, 0x80, 0x00, 0x03, 0x00, 0x00, 0x01, 0xCE, 0x03, 0x80, 
    0x00, 0x03, 0x00, 0x06, 0x00, 0xFC, 0x03, 0x80, 0x00, 0x03, 0x00, 0x0F, 0x00, 0x78, 0x03, 0x80, 
    0x00, 0x03, 0x00, 0x1F, 0x80, 0xF0, 0x03, 0x80, 0x00, 0x03, 0x00, 0x3B, 0x81, 0xE0, 0x03, 0x80, 
    0x00, 0x03, 0x00, 0x71, 0xC3, 0xC0, 0x03, 0x80, 0x00, 0x03, 0x00, 0xE0, 0xE7, 0x80, 0x03, 0x80, 
    0x00, 0x03, 0x01, 0xC0, 0x7F, 0x00, 0x03, 0x80, 0x00, 0x03, 0x03, 0x80, 0x3E, 0x00, 0x03, 0x80, 
    0x00, 0x03, 0x07, 0x00, 0x1C, 0x00, 0x03, 0x80, 0x00, 0x03, 0x0E, 0x00, 0x00, 0x00, 0x03, 0x80, 
    0x00, 0x03, 0x04, 0x00, 0x00, 0x00, 0x03, 0x80, 0x00, 0x03, 0x00, 0x00, 0x00, 0x00, 0x03, 0x80, 
    0x00, 0x03, 0x00, 0x00, 0x00, 0x00, 0x03, 0x80, 0x00, 0x03, 0x00, 0x00, 0x00, 0x00, 0x03, 0x80, 
    0x00, 0x03, 0x00, 0x00, 0x00, 0x00, 0x03, 0x80, 0x03, 0xFF, 0xE0, 0x00, 0xFF, 0xFF, 0xFF, 0x80, 
    0x03, 0xFF, 0xFF, 0xFF, 0xFF, 0xFF, 0xFF, 0x80, 0x03, 0x80, 0x7F, 0xFF, 0xC0, 0x01, 0x83, 0x80, 
    0x03, 0x00, 0x3F, 0xFF, 0x80, 0x01, 0x83, 0x80, 0x03, 0x80, 0x00, 0x00, 0x00, 0x01, 0x83, 0x80, 
    0x01, 0xC0, 0x00, 0x00, 0x00, 0x03, 0x83, 0x00, 0x01, 0xFF, 0xFF, 0xFF, 0xFF, 0xFF, 0xFF, 0x00, 
    0x00, 0xFF, 0xFF, 0xFF, 0xFF, 0xFF, 0xFE, 0x00, 0x00, 0x1F, 0xFF, 0xFF, 0xFF, 0xFF, 0xFC, 0x00, 
    0x00, 0x00, 0x00, 0x00, 0x00, 0x00, 0x00, 0x00, 0x00, 0x00, 0x00, 0x00, 0x00, 0x00, 0x00, 0x00, 
    0x00, 0x00, 0x00, 0x00, 0x00, 0x00, 0x00, 0x00, 0x00, 0x00, 0x00, 0x00, 0x00, 0x00, 0x00, 0x00, 
    0x00, 0x00, 0x00, 0x00, 0x00, 0x00, 0x00, 0x00, 0x00, 0x00, 0x00, 0x00, 0x00, 0x00, 0x00, 0x00, 
    0x00, 0x00, 0x00, 0x00, 0x00, 0x00, 0x00, 0x00, 0x00, 0x00, 0x00, 0x00, 0x00, 0x00, 0x00, 0x00, 
    0x00, 0x00, 0x00, 0x00, 0x00, 0x00, 0x00, 0x00, 0x00, 0x00, 0x00, 0x00, 0x00, 0x00, 0x00, 0x00, 
    0x00, 0x00, 0x00, 0x00, 0x00, 0x00, 0x00, 0x00, 0x00, 0x00, 0x00, 0x00, 0x00, 0x00, 0x00, 0x00, 
      },
  {
    0x00, 0x00, 0x00, 0x00, 0x00, 0x00, 0x00, 0x00, 0x00, 0x00, 0x00, 0x00, 0x00, 0x00, 0x00, 0x00, 
    0x00, 0x00, 0x00, 0x00, 0x00, 0x00, 0x00, 0x00, 0x00, 0x00, 0x00, 0x00, 0x00, 0x00, 0x00, 0x00, 
    0x00, 0x00, 0x00, 0x00, 0x00, 0x00, 0x00, 0x00, 0x00, 0x00, 0x00, 0x00, 0x00, 0x00, 0x00, 0x00, 
    0x00, 0x00, 0x00, 0x00, 0x00, 0x00, 0x00, 0x00, 0x00, 0x00, 0x00, 0x00, 0x00, 0x00, 0x00, 0x00, 
    0x00, 0x00, 0x00, 0x00, 0x00, 0x00, 0x00, 0x00, 0x00, 0x00, 0x00, 0x00, 0x00, 0x00, 0x00, 0x00, 
    0x00, 0x00, 0x00, 0x00, 0x00, 0x00, 0x00, 0x00, 0x00, 0x00, 0x00, 0x00, 0x00, 0x00, 0x00, 0x00, 
    0x00, 0x00, 0x00, 0x00, 0x00, 0x00, 0x00, 0x00, 0x00, 0x00, 0x00, 0x00, 0x00, 0x00, 0x00, 0x00, 
    0x00, 0x03, 0xFF, 0xFF, 0xFF, 0xFF, 0xFF, 0x00, 0x00, 0x03, 0xFF, 0xFF, 0xFF, 0xFF, 0xFF, 0x80, 
    0x00, 0x03, 0xFF, 0xFF, 0xFF, 0xFF, 0xFF, 0x80, 0x00, 0x03, 0x00, 0x00, 0x01, 0xC0, 0x03, 0x80, 
    0x00, 0x03, 0x00, 0x00, 0x01, 0xE0, 0x03, 0x80, 0x00, 0x03, 0x00, 0x00, 0x03, 0xF0, 0x03, 0x80, 
    0x00, 0x03, 0x00, 0x00, 0x0F, 0xFC, 0x03, 0x80, 0x00, 0x03, 0x00, 0x00, 0x3F, 0x3F, 0x33, 0x80, 
    0x00, 0x03, 0x00, 0x00, 0x3F, 0x3F, 0x73, 0x80, 0x00, 0x03, 0x00, 0x00, 0x1F, 0xFC, 0xE3, 0x80, 
    0x00, 0x03, 0x00, 0x00, 0x03, 0xF1, 0xC3, 0x80, 0x00, 0x03, 0x00, 0x00, 0x01, 0xE7, 0x83, 0x80, 
    0x00, 0x03, 0x00, 0x00, 0x01, 0xCF, 0x03, 0x80, 0x00, 0x03, 0x00, 0x00, 0x01, 0xCE, 0x03, 0x80, 
    0x00, 0x03, 0x00, 0x06, 0x00, 0xFC, 0x03, 0x80, 0x00, 0x03, 0x00, 0x0F, 0x00, 0x78, 0x03, 0x80, 
    0x00, 0x03, 0x00, 0x1F, 0x80, 0xF0, 0x03, 0x80, 0x00, 0x03, 0x00, 0x3B, 0x81, 0xE0, 0x03, 0x80, 
    0x00, 0x03, 0x00, 0x71, 0xC3, 0xC0, 0x03, 0x80, 0x00, 0x03, 0x00, 0xE0, 0xE7, 0x80, 0x03, 0x80, 
    0x00, 0x03, 0x01, 0xC0, 0x7F, 0x00, 0x03, 0x80, 0x00, 0x03, 0x03, 0x80, 0x3E, 0x00, 0x03, 0x80, 
    0x00, 0x03, 0x07, 0x00, 0x1C, 0x00, 0x03, 0x80, 0x00, 0x03, 0x0E, 0x00, 0x00, 0x00, 0x03, 0x80, 
    0x00, 0x03, 0x04, 0x00, 0x00, 0x00, 0x03, 0x80, 0x00, 0x03, 0x00, 0x00, 0x00, 0x00, 0x03, 0x80, 
    0x00, 0x03, 0x00, 0x00, 0x00, 0x00, 0x03, 0x80, 0x00, 0x03, 0x00, 0x00, 0x00, 0x00, 0x03, 0x80, 
    0x00, 0x03, 0x00, 0x00, 0x00, 0x00, 0x03, 0x80, 0x03, 0xFF, 0xE0, 0x00, 0xFF, 0xFF, 0xFF, 0x80, 
    0x03, 0xFF, 0xFF, 0xFF, 0xFF, 0xFF, 0xFF, 0x80, 0x03, 0x80, 0x7F, 0xFF, 0xC0, 0x01, 0x83, 0x80, 
    0x03, 0x00, 0x3F, 0xFF, 0x80, 0x01, 0x83, 0x80, 0x03, 0x80, 0x00, 0x00, 0x00, 0x01, 0x83, 0x00, 
    0x01, 0xC0, 0x00, 0x00, 0x00, 0x03, 0x83, 0x00, 0x01, 0xFF, 0xFF, 0xFF, 0xFF, 0xFF, 0xFF, 0x00, 
    0x00, 0xFF, 0xFF, 0xFF, 0xFF, 0xFF, 0xFE, 0x00, 0x00, 0x1F, 0xFF, 0xFF, 0xFF, 0xFF, 0xFC, 0x00, 
    0x00, 0x00, 0x00, 0x00, 0x00, 0x00, 0x00, 0x00, 0x00, 0x00, 0x00, 0x00, 0x00, 0x00, 0x00, 0x00, 
    0x00, 0x00, 0x00, 0x00, 0x00, 0x00, 0x00, 0x00, 0x00, 0x00, 0x00, 0x00, 0x00, 0x00, 0x00, 0x00, 
    0x00, 0x00, 0x00, 0x00, 0x00, 0x00, 0x00, 0x00, 0x00, 0x00, 0x00, 0x00, 0x00, 0x00, 0x00, 0x00, 
    0x00, 0x00, 0x00, 0x00, 0x00, 0x00, 0x00, 0x00, 0x00, 0x00, 0x00, 0x00, 0x00, 0x00, 0x00, 0x00, 
    0x00, 0x00, 0x00, 0x00, 0x00, 0x00, 0x00, 0x00, 0x00, 0x00, 0x00, 0x00, 0x00, 0x00, 0x00, 0x00, 
    0x00, 0x00, 0x00, 0x00, 0x00, 0x00, 0x00, 0x00, 0x00, 0x00, 0x00, 0x00, 0x00, 0x00, 0x00, 0x00, 
      },
  {
    0x00, 0x00, 0x00, 0x00, 0x00, 0x00, 0x00, 0x00, 0x00, 0x00, 0x00, 0x00, 0x00, 0x00, 0x00, 0x00, 
    0x00, 0x00, 0x00, 0x00, 0x00, 0x00, 0x00, 0x00, 0x00, 0x00, 0x00, 0x00, 0x00, 0x00, 0x00, 0x00, 
    0x00, 0x00, 0x00, 0x00, 0x00, 0x00, 0x00, 0x00, 0x00, 0x00, 0x00, 0x00, 0x00, 0x00, 0x00, 0x00, 
    0x00, 0x00, 0x00, 0x00, 0x00, 0x00, 0x00, 0x00, 0x00, 0x00, 0x00, 0x00, 0x00, 0x00, 0x00, 0x00, 
    0x00, 0x00, 0x00, 0x00, 0x00, 0x00, 0x00, 0x00, 0x00, 0x00, 0x00, 0x00, 0x00, 0x00, 0x00, 0x00, 
    0x00, 0x00, 0x00, 0x00, 0x00, 0x00, 0x00, 0x00, 0x00, 0x00, 0x00, 0x00, 0x00, 0x00, 0x00, 0x00, 
    0x00, 0x00, 0x00, 0x00, 0x00, 0x00, 0x00, 0x00, 0x00, 0x00, 0x00, 0x00, 0x00, 0x00, 0x00, 0x00, 
    0x00, 0x03, 0xFF, 0xFF, 0xFF, 0xFF, 0xFF, 0x00, 0x00, 0x03, 0xFF, 0xFF, 0xFF, 0xFF, 0xFF, 0x80, 
    0x00, 0x03, 0xFF, 0xFF, 0xFF, 0xFF, 0xFF, 0x80, 0x00, 0x03, 0x00, 0x00, 0x01, 0xC0, 0x03, 0x80, 
    0x00, 0x03, 0x00, 0x00, 0x01, 0xE0, 0x03, 0x80, 0x00, 0x03, 0x00, 0x00, 0x03, 0xF0, 0x03, 0x80, 
    0x00, 0x03, 0x00, 0x00, 0x0F, 0xFC, 0x03, 0x80, 0x00, 0x03, 0x00, 0x00, 0x3F, 0x3F, 0x33, 0x80, 
    0x00, 0x03, 0x00, 0x00, 0x3F, 0x3F, 0x73, 0x80, 0x00, 0x03, 0x00, 0x00, 0x1F, 0xFC, 0xE3, 0x80, 
    0x00, 0x03, 0x00, 0x00, 0x03, 0xF1, 0xC3, 0x80, 0x00, 0x03, 0x00, 0x00, 0x01, 0xE7, 0x83, 0x80, 
    0x00, 0x03, 0x00, 0x00, 0x01, 0xCF, 0x03, 0x80, 0x00, 0x03, 0x00, 0x00, 0x01, 0xCE, 0x03, 0x80, 
    0x00, 0x03, 0x00, 0x06, 0x00, 0xFC, 0x03, 0x80, 0x00, 0x03, 0x00, 0x0F, 0x00, 0x78, 0x03, 0x80, 
    0x00, 0x03, 0x00, 0x1F, 0x80, 0xF0, 0x03, 0x80, 0x00, 0x03, 0x00, 0x3B, 0x81, 0xE0, 0x03, 0x80, 
    0x00, 0x03, 0x00, 0x71, 0xC3, 0xC0, 0x03, 0x80, 0x00, 0x03, 0x00, 0xE0, 0xE7, 0x80, 0x03, 0x80, 
    0x00, 0x03, 0x01, 0xC0, 0x7F, 0x00, 0x03, 0x80, 0x00, 0x03, 0x03, 0x80, 0x3E, 0x00, 0x03, 0x80, 
    0x00, 0x03, 0x07, 0x00, 0x1C, 0x00, 0x03, 0x80, 0x00, 0x03, 0x0E, 0x00, 0x00, 0x00, 0x03, 0x80, 
    0x00, 0x03, 0x04, 0x00, 0x00, 0x00, 0x03, 0x80, 0x00, 0x03, 0x00, 0x00, 0x00, 0x00, 0x03, 0x80, 
    0x00, 0x03, 0x00, 0x00, 0x00, 0x00, 0x03, 0x80, 0x00, 0x03, 0x00, 0x00, 0x00, 0x00, 0x03, 0x80, 
    0x00, 0x03, 0x00, 0x00, 0x00, 0x00, 0x03, 0x80, 0x03, 0xFF, 0xE0, 0x00, 0xFF, 0xFF, 0xFF, 0x80, 
    0x03, 0xFF, 0xFF, 0xFF, 0xFF, 0xFF, 0xFF, 0x80, 0x03, 0x80, 0x7F, 0xFF, 0xC0, 0x01, 0x83, 0x80, 
    0x03, 0x00, 0x3F, 0xFF, 0x80, 0x01, 0x83, 0x80, 0x03, 0x80, 0x00, 0x00, 0x00, 0x01, 0x83, 0x00, 
    0x01, 0xC0, 0x00, 0x00, 0x00, 0x03, 0x83, 0x00, 0x01, 0xFF, 0xFF, 0xFF, 0xFF, 0xFF, 0xFF, 0x00, 
    0x00, 0xFF, 0xFF, 0xFF, 0xFF, 0xFF, 0xFE, 0x00, 0x00, 0x1F, 0xFF, 0xFF, 0xFF, 0xFF, 0xFC, 0x00, 
    0x00, 0x00, 0x00, 0x00, 0x00, 0x00, 0x00, 0x00, 0x00, 0x00, 0x00, 0x00, 0x00, 0x00, 0x00, 0x00, 
    0x00, 0x00, 0x00, 0x00, 0x00, 0x00, 0x00, 0x00, 0x00, 0x00, 0x00, 0x00, 0x00, 0x00, 0x00, 0x00, 
    0x00, 0x00, 0x00, 0x00, 0x00, 0x00, 0x00, 0x00, 0x00, 0x00, 0x00, 0x00, 0x00, 0x00, 0x00, 0x00, 
    0x00, 0x00, 0x00, 0x00, 0x00, 0x00, 0x00, 0x00, 0x00, 0x00, 0x00, 0x00, 0x00, 0x00, 0x00, 0x00, 
    0x00, 0x00, 0x00, 0x00, 0x00, 0x00, 0x00, 0x00, 0x00, 0x00, 0x00, 0x00, 0x00, 0x00, 0x00, 0x00, 
    0x00, 0x00, 0x00, 0x00, 0x00, 0x00, 0x00, 0x00, 0x00, 0x00, 0x00, 0x00, 0x00, 0x00, 0x00, 0x00, 
      },
  {
    0x00, 0x00, 0x00, 0x00, 0x00, 0x00, 0x00, 0x00, 0x00, 0x00, 0x00, 0x00, 0x00, 0x00, 0x00, 0x00, 
    0x00, 0x00, 0x00, 0x00, 0x00, 0x00, 0x00, 0x00, 0x00, 0x00, 0x00, 0x00, 0x00, 0x00, 0x00, 0x00, 
    0x00, 0x00, 0x00, 0x00, 0x00, 0x00, 0x00, 0x00, 0x00, 0x00, 0x00, 0x00, 0x00, 0x00, 0x00, 0x00, 
    0x00, 0x00, 0x00, 0x00, 0x00, 0x00, 0x00, 0x00, 0x00, 0x00, 0x00, 0x00, 0x00, 0x00, 0x00, 0x00, 
    0x00, 0x00, 0x00, 0x00, 0x00, 0x00, 0x00, 0x00, 0x00, 0x00, 0x00, 0x00, 0x00, 0x00, 0x00, 0x00, 
    0x00, 0x00, 0x00, 0x00, 0x00, 0x00, 0x00, 0x00, 0x00, 0x00, 0x00, 0x00, 0x00, 0x00, 0x00, 0x00, 
    0x00, 0x00, 0x00, 0x00, 0x00, 0x00, 0x00, 0x00, 0x00, 0x00, 0x00, 0x00, 0x00, 0x00, 0x00, 0x00, 
    0x00, 0x03, 0xFF, 0xFF, 0xFF, 0xFF, 0xFF, 0x00, 0x00, 0x03, 0xFF, 0xFF, 0xFF, 0xFF, 0xFF, 0x80, 
    0x00, 0x03, 0xFF, 0xFF, 0xFF, 0xFF, 0xFF, 0x80, 0x00, 0x03, 0x00, 0x00, 0x01, 0xC0, 0x03, 0x80, 
    0x00, 0x03, 0x00, 0x00, 0x01, 0xE0, 0x03, 0x80, 0x00, 0x03, 0x00, 0x00, 0x03, 0xF0, 0x03, 0x80, 
    0x00, 0x03, 0x00, 0x00, 0x0F, 0xFC, 0x03, 0x80, 0x00, 0x03, 0x00, 0x00, 0x3F, 0x3F, 0x33, 0x80, 
    0x00, 0x03, 0x00, 0x00, 0x3F, 0x3F, 0x73, 0x80, 0x00, 0x03, 0x00, 0x00, 0x1F, 0xFC, 0xE3, 0x80, 
    0x00, 0x03, 0x00, 0x00, 0x03, 0xF1, 0xC3, 0x80, 0x00, 0x03, 0x00, 0x00, 0x01, 0xE7, 0x83, 0x80, 
    0x00, 0x03, 0x00, 0x00, 0x01, 0xCF, 0x03, 0x80, 0x00, 0x03, 0x00, 0x00, 0x01, 0xCE, 0x03, 0x80, 
    0x00, 0x03, 0x00, 0x06, 0x00, 0xFC, 0x03, 0x80, 0x00, 0x03, 0x00, 0x0F, 0x00, 0x78, 0x03, 0x80, 
    0x00, 0x03, 0x00, 0x1F, 0x80, 0xF0, 0x03, 0x80, 0x00, 0x03, 0x00, 0x3B, 0x81, 0xE0, 0x03, 0x80, 
    0x00, 0x03, 0x00, 0x71, 0xC3, 0xC0, 0x03, 0x80, 0x00, 0x03, 0x00, 0xE0, 0xE7, 0x80, 0x03, 0x80, 
    0x00, 0x03, 0x01, 0xC0, 0x7F, 0x00, 0x03, 0x80, 0x00, 0x03, 0x03, 0x80, 0x3E, 0x00, 0x03, 0x80, 
    0x00, 0x03, 0x07, 0x00, 0x1C, 0x00, 0x03, 0x80, 0x00, 0x03, 0x0E, 0x00, 0x00, 0x00, 0x03, 0x80, 
    0x00, 0x03, 0x04, 0x00, 0x00, 0x00, 0x03, 0x80, 0x00, 0x03, 0x00, 0x00, 0x00, 0x00, 0x03, 0x80, 
    0x00, 0x03, 0x00, 0x00, 0x00, 0x00, 0x03, 0x80, 0x00, 0x03, 0x00, 0x00, 0x00, 0x00, 0x03, 0x80, 
    0x00, 0x03, 0x00, 0x00, 0x00, 0x00, 0x03, 0x80, 0x03, 0xFF, 0xE0, 0x00, 0xFF, 0xFF, 0xFF, 0x80, 
    0x03, 0xFF, 0xFF, 0xFF, 0xFF, 0xFF, 0xFF, 0x80, 0x03, 0x80, 0x7F, 0xFF, 0xC0, 0x01, 0x83, 0x80, 
    0x03, 0x00, 0x3F, 0xFF, 0x80, 0x01, 0x83, 0x80, 0x03, 0x80, 0x00, 0x00, 0x00, 0x01, 0x83, 0x00, 
    0x01, 0xC0, 0x00, 0x00, 0x00, 0x03, 0x83, 0x00, 0x01, 0xFF, 0xFF, 0xFF, 0xFF, 0xFF, 0xFF, 0x00, 
    0x00, 0xFF, 0xFF, 0xFF, 0xFF, 0xFF, 0xFE, 0x00, 0x00, 0x1F, 0xFF, 0xFF, 0xFF, 0xFF, 0xFC, 0x00, 
    0x00, 0x00, 0x00, 0x00, 0x00, 0x00, 0x00, 0x00, 0x00, 0x00, 0x00, 0x00, 0x00, 0x00, 0x00, 0x00, 
    0x00, 0x00, 0x00, 0x00, 0x00, 0x00, 0x00, 0x00, 0x00, 0x00, 0x00, 0x00, 0x00, 0x00, 0x00, 0x00, 
    0x00, 0x00, 0x00, 0x00, 0x00, 0x00, 0x00, 0x00, 0x00, 0x00, 0x00, 0x00, 0x00, 0x00, 0x00, 0x00, 
    0x00, 0x00, 0x00, 0x00, 0x00, 0x00, 0x00, 0x00, 0x00, 0x00, 0x00, 0x00, 0x00, 0x00, 0x00, 0x00, 
    0x00, 0x00, 0x00, 0x00, 0x00, 0x00, 0x00, 0x00, 0x00, 0x00, 0x00, 0x00, 0x00, 0x00, 0x00, 0x00, 
    0x00, 0x00, 0x00, 0x00, 0x00, 0x00, 0x00, 0x00, 0x00, 0x00, 0x00, 0x00, 0x00, 0x00, 0x00, 0x00, 
      },
  {
    0x00, 0x00, 0x00, 0x00, 0x00, 0x00, 0x00, 0x00, 0x00, 0x00, 0x00, 0x00, 0x00, 0x00, 0x00, 0x00, 
    0x00, 0x00, 0x00, 0x00, 0x00, 0x00, 0x00, 0x00, 0x00, 0x00, 0x00, 0x00, 0x00, 0x00, 0x00, 0x00, 
    0x00, 0x00, 0x00, 0x00, 0x00, 0x00, 0x00, 0x00, 0x00, 0x00, 0x00, 0x00, 0x00, 0x00, 0x00, 0x00, 
    0x00, 0x00, 0x00, 0x00, 0x00, 0x00, 0x00, 0x00, 0x00, 0x00, 0x00, 0x00, 0x00, 0x00, 0x00, 0x00, 
    0x00, 0x00, 0x00, 0x00, 0x00, 0x00, 0x00, 0x00, 0x00, 0x00, 0x00, 0x00, 0x00, 0x00, 0x00, 0x00, 
    0x00, 0x00, 0x00, 0x00, 0x00, 0x00, 0x00, 0x00, 0x00, 0x00, 0x00, 0x00, 0x00, 0x00, 0x00, 0x00, 
    0x00, 0x00, 0x00, 0x00, 0x00, 0x00, 0x00, 0x00, 0x00, 0x00, 0x00, 0x00, 0x00, 0x00, 0x00, 0x00, 
    0x00, 0x03, 0xFF, 0xFF, 0xFF, 0xFF, 0xFF, 0x00, 0x00, 0x07, 0xFF, 0xFF, 0xFF, 0xFF, 0xFF, 0x00, 
    0x00, 0x07, 0xFF, 0xFF, 0xFF, 0xFF, 0xFF, 0x00, 0x00, 0x07, 0x00, 0x00, 0x01, 0xC0, 0x03, 0x00, 
    0x00, 0x07, 0x00, 0x00, 0x01, 0xE0, 0x03, 0x00, 0x00, 0x07, 0x00, 0x00, 0x03, 0xE0, 0x03, 0x00, 
    0x00, 0x07, 0x00, 0x00, 0x1F, 0xFC, 0x03, 0x00, 0x00, 0x07, 0x00, 0x00, 0x3F, 0x7F, 0x73, 0x00, 
    0x00, 0x07, 0x00, 0x00, 0x3F, 0x7F, 0x73, 0x00, 0x00, 0x07, 0x00, 0x00, 0x1F, 0xFC, 0xE3, 0x00, 
    0x00, 0x07, 0x00, 0x00, 0x03, 0xF3, 0xC3, 0x00, 0x00, 0x07, 0x00, 0x00, 0x01, 0xE7, 0x83, 0x00, 
    0x00, 0x07, 0x00, 0x00, 0x01, 0xCF, 0x03, 0x00, 0x00, 0x07, 0x00, 0x00, 0x01, 0xDE, 0x03, 0x00, 
    0x00, 0x07, 0x00, 0x04, 0x00, 0xFC, 0x03, 0x00, 0x00, 0x07, 0x00, 0x0E, 0x00, 0x78, 0x03, 0x00, 
    0x00, 0x07, 0x00, 0x1F, 0x00, 0xF0, 0x03, 0x00, 0x00, 0x07, 0x00, 0x3B, 0x81, 0xE0, 0x03, 0x00, 
    0x00, 0x07, 0x00, 0x71, 0xC3, 0xC0, 0x03, 0x00, 0x00, 0x07, 0x00, 0xE0, 0xE7, 0x80, 0x03, 0x00, 
    0x00, 0x07, 0x01, 0xC0, 0x7F, 0x00, 0x03, 0x00, 0x00, 0x07, 0x03, 0x80, 0x3E, 0x00, 0x03, 0x00, 
    0x00, 0x07, 0x07, 0x00, 0x18, 0x00, 0x03, 0x00, 0x00, 0x07, 0x0E, 0x00, 0x00, 0x00, 0x03, 0x00, 
    0x00, 0x07, 0x04, 0x00, 0x00, 0x00, 0x03, 0x00, 0x00, 0x07, 0x00, 0x00, 0x00, 0x00, 0x03, 0x00, 
    0x00, 0x07, 0x00, 0x00, 0x00, 0x00, 0x03, 0x00, 0x00, 0x07, 0x00, 0x00, 0x00, 0x00, 0x03, 0x00, 
    0x00, 0x07, 0x00, 0x00, 0x00, 0x00, 0x03, 0x00, 0x03, 0xFF, 0xE0, 0x00, 0x7F, 0xFF, 0xFF, 0x00, 
    0x03, 0xFF, 0xFF, 0xFF, 0xFF, 0xFF, 0xFF, 0x00, 0x03, 0x80, 0x7F, 0xFF, 0xE0, 0x01, 0xC3, 0x80, 
    0x03, 0x00, 0x3F, 0xFF, 0xC0, 0x01, 0xC3, 0x00, 0x03, 0x80, 0x00, 0x00, 0x00, 0x01, 0xC3, 0x00, 
    0x01, 0xC0, 0x00, 0x00, 0x00, 0x03, 0x83, 0x00, 0x01, 0xFF, 0xFF, 0xFF, 0xFF, 0xFF, 0xFF, 0x00, 
    0x00, 0xFF, 0xFF, 0xFF, 0xFF, 0xFF, 0xFE, 0x00, 0x00, 0x1F, 0xFF, 0xFF, 0xFF, 0xFF, 0xF8, 0x00, 
    0x00, 0x00, 0x00, 0x00, 0x00, 0x00, 0x00, 0x00, 0x00, 0x00, 0x00, 0x00, 0x00, 0x00, 0x00, 0x00, 
    0x00, 0x00, 0x00, 0x00, 0x00, 0x00, 0x00, 0x00, 0x00, 0x00, 0x00, 0x00, 0x00, 0x00, 0x00, 0x00, 
    0x00, 0x00, 0x00, 0x00, 0x00, 0x00, 0x00, 0x00, 0x00, 0x00, 0x00, 0x00, 0x00, 0x00, 0x00, 0x00, 
    0x00, 0x00, 0x00, 0x00, 0x00, 0x00, 0x00, 0x00, 0x00, 0x00, 0x00, 0x00, 0x00, 0x00, 0x00, 0x00, 
    0x00, 0x00, 0x00, 0x00, 0x00, 0x00, 0x00, 0x00, 0x00, 0x00, 0x00, 0x00, 0x00, 0x00, 0x00, 0x00, 
    0x00, 0x00, 0x00, 0x00, 0x00, 0x00, 0x00, 0x00, 0x00, 0x00, 0x00, 0x00, 0x00, 0x00, 0x00, 0x00, 
      },
  {
    0x00, 0x00, 0x00, 0x00, 0x00, 0x00, 0x00, 0x00, 0x00, 0x00, 0x00, 0x00, 0x00, 0x00, 0x00, 0x00, 
    0x00, 0x00, 0x00, 0x00, 0x00, 0x00, 0x00, 0x00, 0x00, 0x00, 0x00, 0x00, 0x00, 0x00, 0x00, 0x00, 
    0x00, 0x00, 0x00, 0x00, 0x00, 0x00, 0x00, 0x00, 0x00, 0x00, 0x00, 0x00, 0x00, 0x00, 0x00, 0x00, 
    0x00, 0x00, 0x00, 0x00, 0x00, 0x00, 0x00, 0x00, 0x00, 0x00, 0x00, 0x00, 0x00, 0x00, 0x00, 0x00, 
    0x00, 0x00, 0x00, 0x00, 0x00, 0x00, 0x00, 0x00, 0x00, 0x00, 0x00, 0x00, 0x00, 0x00, 0x00, 0x00, 
    0x00, 0x00, 0x00, 0x00, 0x00, 0x00, 0x00, 0x00, 0x00, 0x00, 0x00, 0x00, 0x00, 0x00, 0x00, 0x00, 
    0x00, 0x00, 0x00, 0x00, 0x00, 0x00, 0x00, 0x00, 0x00, 0x00, 0x00, 0x00, 0x00, 0x00, 0x00, 0x00, 
    0x00, 0x07, 0xFF, 0xFF, 0xFF, 0xFF, 0xFF, 0x00, 0x00, 0x07, 0xFF, 0xFF, 0xFF, 0xFF, 0xFF, 0x00, 
    0x00, 0x07, 0xFF, 0xFF, 0xFF, 0xFF, 0xFF, 0x00, 0x00, 0x06, 0x00, 0x00, 0x01, 0xC0, 0x03, 0x00, 
    0x00, 0x06, 0x00, 0x00, 0x03, 0xC0, 0x03, 0x00, 0x00, 0x06, 0x00, 0x00, 0x03, 0xE0, 0x03, 0x00, 
    0x00, 0x06, 0x00, 0x00, 0x1F, 0xFC, 0x03, 0x00, 0x00, 0x06, 0x00, 0x00, 0x7F, 0x7E, 0x73, 0x00, 
    0x00, 0x06, 0x00, 0x00, 0x7F, 0x7E, 0xF3, 0x00, 0x00, 0x06, 0x00, 0x00, 0x1F, 0xFD, 0xE3, 0x00, 
    0x00, 0x06, 0x00, 0x00, 0x07, 0xE3, 0xC3, 0x00, 0x00, 0x06, 0x00, 0x00, 0x03, 0xC7, 0x83, 0x00, 
    0x00, 0x06, 0x00, 0x00, 0x01, 0xCF, 0x03, 0x00, 0x00, 0x06, 0x00, 0x00, 0x01, 0xDE, 0x03, 0x00, 
    0x00, 0x06, 0x00, 0x04, 0x01, 0xB8, 0x03, 0x00, 0x00, 0x06, 0x00, 0x0E, 0x00, 0x70, 0x03, 0x00, 
    0x00, 0x06, 0x00, 0x1F, 0x00, 0xE0, 0x03, 0x00, 0x00, 0x06, 0x00, 0x3B, 0x81, 0xC0, 0x03, 0x00, 
    0x00, 0x06, 0x00, 0x71, 0xC3, 0x80, 0x03, 0x00, 0x00, 0x06, 0x00, 0xE0, 0xE7, 0x00, 0x03, 0x00, 
    0x00, 0x06, 0x01, 0xC0, 0x7E, 0x00, 0x03, 0x00, 0x00, 0x06, 0x03, 0x80, 0x3C, 0x00, 0x03, 0x00, 
    0x00, 0x06, 0x07, 0x00, 0x18, 0x00, 0x03, 0x00, 0x00, 0x06, 0x0E, 0x00, 0x00, 0x00, 0x03, 0x00, 
    0x00, 0x06, 0x0C, 0x00, 0x00, 0x00, 0x03, 0x00, 0x00, 0x06, 0x00, 0x00, 0x00, 0x00, 0x03, 0x00, 
    0x00, 0x06, 0x00, 0x00, 0x00, 0x00, 0x03, 0x00, 0x00, 0x06, 0x00, 0x00, 0x00, 0x00, 0x03, 0x00, 
    0x00, 0x06, 0x00, 0x00, 0x00, 0x00, 0x03, 0x00, 0x03, 0xFF, 0xE0, 0x00, 0x7F, 0xFF, 0xFF, 0x00, 
    0x03, 0xFF, 0xFF, 0xFF, 0xFF, 0xFF, 0xFF, 0x00, 0x03, 0x80, 0x7F, 0xFF, 0xE0, 0x00, 0xE3, 0x00, 
    0x03, 0x00, 0x3F, 0xFF, 0xC0, 0x00, 0xC3, 0x00, 0x03, 0x80, 0x00, 0x00, 0x00, 0x00, 0xC3, 0x00, 
    0x01, 0xC0, 0x00, 0x00, 0x00, 0x01, 0xC7, 0x00, 0x01, 0xFF, 0xFF, 0xFF, 0xFF, 0xFF, 0xFF, 0x00, 
    0x00, 0xFF, 0xFF, 0xFF, 0xFF, 0xFF, 0xFE, 0x00, 0x00, 0x1F, 0xFF, 0xFF, 0xFF, 0xFF, 0xF8, 0x00, 
    0x00, 0x00, 0x00, 0x00, 0x00, 0x00, 0x00, 0x00, 0x00, 0x00, 0x00, 0x00, 0x00, 0x00, 0x00, 0x00, 
    0x00, 0x00, 0x00, 0x00, 0x00, 0x00, 0x00, 0x00, 0x00, 0x00, 0x00, 0x00, 0x00, 0x00, 0x00, 0x00, 
    0x00, 0x00, 0x00, 0x00, 0x00, 0x00, 0x00, 0x00, 0x00, 0x00, 0x00, 0x00, 0x00, 0x00, 0x00, 0x00, 
    0x00, 0x00, 0x00, 0x00, 0x00, 0x00, 0x00, 0x00, 0x00, 0x00, 0x00, 0x00, 0x00, 0x00, 0x00, 0x00, 
    0x00, 0x00, 0x00, 0x00, 0x00, 0x00, 0x00, 0x00, 0x00, 0x00, 0x00, 0x00, 0x00, 0x00, 0x00, 0x00, 
    0x00, 0x00, 0x00, 0x00, 0x00, 0x00, 0x00, 0x00, 0x00, 0x00, 0x00, 0x00, 0x00, 0x00, 0x00, 0x00, 
      },
  {
    0x00, 0x00, 0x00, 0x00, 0x00, 0x00, 0x00, 0x00, 0x00, 0x00, 0x00, 0x00, 0x00, 0x00, 0x00, 0x00, 
    0x00, 0x00, 0x00, 0x00, 0x00, 0x00, 0x00, 0x00, 0x00, 0x00, 0x00, 0x00, 0x00, 0x00, 0x00, 0x00, 
    0x00, 0x00, 0x00, 0x00, 0x00, 0x00, 0x00, 0x00, 0x00, 0x00, 0x00, 0x00, 0x00, 0x00, 0x00, 0x00, 
    0x00, 0x00, 0x00, 0x00, 0x00, 0x00, 0x00, 0x00, 0x00, 0x00, 0x00, 0x00, 0x00, 0x00, 0x00, 0x00, 
    0x00, 0x00, 0x00, 0x00, 0x00, 0x00, 0x00, 0x00, 0x00, 0x00, 0x00, 0x00, 0x00, 0x00, 0x00, 0x00, 
    0x00, 0x00, 0x00, 0x00, 0x00, 0x00, 0x00, 0x00, 0x00, 0x00, 0x00, 0x00, 0x00, 0x00, 0x00, 0x00, 
    0x00, 0x00, 0x00, 0x00, 0x00, 0x00, 0x00, 0x00, 0x00, 0x00, 0x00, 0x00, 0x00, 0x00, 0x00, 0x00, 
    0x00, 0x07, 0xFF, 0xFF, 0xFF, 0xFF, 0xFF, 0x00, 0x00, 0x07, 0xFF, 0xFF, 0xFF, 0xFF, 0xFF, 0x00, 
    0x00, 0x07, 0xFF, 0xFF, 0xFF, 0xFF, 0xFF, 0x00, 0x00, 0x06, 0x00, 0x00, 0x01, 0xC0, 0x03, 0x00, 
    0x00, 0x06, 0x00, 0x00, 0x03, 0xC0, 0x03, 0x00, 0x00, 0x06, 0x00, 0x00, 0x07, 0xE0, 0x03, 0x00, 
    0x00, 0x06, 0x00, 0x00, 0x1F, 0xF8, 0x03, 0x00, 0x00, 0x06, 0x00, 0x00, 0x7E, 0x7E, 0x63, 0x00, 
    0x00, 0x06, 0x00, 0x00, 0x7E, 0x7E, 0xE3, 0x00, 0x00, 0x06, 0x00, 0x00, 0x1F, 0xF9, 0xC3, 0x00, 
    0x00, 0x06, 0x00, 0x00, 0x07, 0xE3, 0x83, 0x00, 0x00, 0x06, 0x00, 0x00, 0x03, 0xC7, 0x03, 0x00, 
    0x00, 0x06, 0x00, 0x00, 0x03, 0xCE, 0x03, 0x00, 0x00, 0x06, 0x00, 0x00, 0x01, 0x9C, 0x03, 0x00, 
    0x00, 0x06, 0x00, 0x0C, 0x01, 0xB8, 0x03, 0x00, 0x00, 0x06, 0x00, 0x1E, 0x00, 0x70, 0x03, 0x00, 
    0x00, 0x06, 0x00, 0x3F, 0x00, 0xE0, 0x03, 0x00, 0x00, 0x06, 0x00, 0x7B, 0x81, 0xC0, 0x03, 0x00, 
    0x00, 0x06, 0x00, 0xF3, 0xC3, 0x80, 0x03, 0x00, 0x00, 0x06, 0x01, 0xE1, 0xE7, 0x00, 0x03, 0x00, 
    0x00, 0x06, 0x03, 0xC0, 0xFE, 0x00, 0x03, 0x00, 0x00, 0x06, 0x07, 0x80, 0x7C, 0x00, 0x03, 0x00, 
    0x00, 0x06, 0x0F, 0x00, 0x38, 0x00, 0x03, 0x00, 0x00, 0x06, 0x0E, 0x00, 0x00, 0x00, 0x03, 0x00, 
    0x00, 0x06, 0x0C, 0x00, 0x00, 0x00, 0x03, 0x00, 0x00, 0x06, 0x00, 0x00, 0x00, 0x00, 0x03, 0x00, 
    0x00, 0x06, 0x00, 0x00, 0x00, 0x00, 0x03, 0x00, 0x00, 0x06, 0x00, 0x00, 0x00, 0x00, 0x03, 0x00, 
    0x00, 0x06, 0x00, 0x00, 0x00, 0x00, 0x03, 0x00, 0x03, 0xFF, 0xF0, 0x00, 0x3F, 0xFF, 0xFF, 0x00, 
    0x03, 0xFF, 0xFF, 0xFF, 0xFF, 0xFF, 0xFF, 0x00, 0x03, 0x80, 0x3F, 0xFF, 0xF0, 0x00, 0xE3, 0x00, 
    0x03, 0x00, 0x1F, 0xFF, 0xE0, 0x00, 0x63, 0x00, 0x03, 0x80, 0x00, 0x00, 0x00, 0x00, 0xE3, 0x00, 
    0x01, 0xC0, 0x00, 0x00, 0x00, 0x00, 0xC7, 0x00, 0x01, 0xFF, 0xFF, 0xFF, 0xFF, 0xFF, 0xFE, 0x00, 
    0x00, 0xFF, 0xFF, 0xFF, 0xFF, 0xFF, 0xFE, 0x00, 0x00, 0x1F, 0xFF, 0xFF, 0xFF, 0xFF, 0xF8, 0x00, 
    0x00, 0x00, 0x00, 0x00, 0x00, 0x00, 0x00, 0x00, 0x00, 0x00, 0x00, 0x00, 0x00, 0x00, 0x00, 0x00, 
    0x00, 0x00, 0x00, 0x00, 0x00, 0x00, 0x00, 0x00, 0x00, 0x00, 0x00, 0x00, 0x00, 0x00, 0x00, 0x00, 
    0x00, 0x00, 0x00, 0x00, 0x00, 0x00, 0x00, 0x00, 0x00, 0x00, 0x00, 0x00, 0x00, 0x00, 0x00, 0x00, 
    0x00, 0x00, 0x00, 0x00, 0x00, 0x00, 0x00, 0x00, 0x00, 0x00, 0x00, 0x00, 0x00, 0x00, 0x00, 0x00, 
    0x00, 0x00, 0x00, 0x00, 0x00, 0x00, 0x00, 0x00, 0x00, 0x00, 0x00, 0x00, 0x00, 0x00, 0x00, 0x00, 
    0x00, 0x00, 0x00, 0x00, 0x00, 0x00, 0x00, 0x00, 0x00, 0x00, 0x00, 0x00, 0x00, 0x00, 0x00, 0x00, 
      },
  {
    0x00, 0x00, 0x00, 0x00, 0x00, 0x00, 0x00, 0x00, 0x00, 0x00, 0x00, 0x00, 0x00, 0x00, 0x00, 0x00, 
    0x00, 0x00, 0x00, 0x00, 0x00, 0x00, 0x00, 0x00, 0x00, 0x00, 0x00, 0x00, 0x00, 0x00, 0x00, 0x00, 
    0x00, 0x00, 0x00, 0x00, 0x00, 0x00, 0x00, 0x00, 0x00, 0x00, 0x00, 0x00, 0x00, 0x00, 0x00, 0x00, 
    0x00, 0x00, 0x00, 0x00, 0x00, 0x00, 0x00, 0x00, 0x00, 0x00, 0x00, 0x00, 0x00, 0x00, 0x00, 0x00, 
    0x00, 0x00, 0x00, 0x00, 0x00, 0x00, 0x00, 0x00, 0x00, 0x00, 0x00, 0x00, 0x00, 0x00, 0x00, 0x00, 
    0x00, 0x00, 0x00, 0x00, 0x00, 0x00, 0x00, 0x00, 0x00, 0x00, 0x00, 0x00, 0x00, 0x00, 0x00, 0x00, 
    0x00, 0x00, 0x00, 0x00, 0x00, 0x00, 0x00, 0x00, 0x00, 0x00, 0x00, 0x00, 0x00, 0x00, 0x00, 0x00, 
    0x00, 0x07, 0xFF, 0xFF, 0xFF, 0xFF, 0xFE, 0x00, 0x00, 0x0F, 0xFF, 0xFF, 0xFF, 0xFF, 0xFF, 0x00, 
    0x00, 0x0F, 0xFF, 0xFF, 0xFF, 0xFF, 0xFF, 0x00, 0x00, 0x0E, 0x00, 0x00, 0x03, 0x80, 0x03, 0x00, 
    0x00, 0x0E, 0x00, 0x00, 0x03, 0xC0, 0x03, 0x00, 0x00, 0x0E, 0x00, 0x00, 0x07, 0xE0, 0x03, 0x00, 
    0x00, 0x0E, 0x00, 0x00, 0x1F, 0xF8, 0x03, 0x00, 0x00, 0x0E, 0x00, 0x00, 0x7E, 0x7E, 0x63, 0x00, 
    0x00, 0x0E, 0x00, 0x00, 0x7E, 0x7E, 0xE3, 0x00, 0x00, 0x0E, 0x00, 0x00, 0x3F, 0xF9, 0xC3, 0x00, 
    0x00, 0x0E, 0x00, 0x00, 0x07, 0xE3, 0x83, 0x00, 0x00, 0x0E, 0x00, 0x00, 0x03, 0xC7, 0x03, 0x00, 
    0x00, 0x0E, 0x00, 0x00, 0x03, 0x8E, 0x03, 0x00, 0x00, 0x0E, 0x00, 0x00, 0x03, 0x9C, 0x03, 0x00, 
    0x00, 0x0E, 0x00, 0x0C, 0x01, 0xB8, 0x03, 0x00, 0x00, 0x0E, 0x00, 0x1E, 0x00, 0xF0, 0x03, 0x00, 
    0x00, 0x0E, 0x00, 0x3F, 0x01, 0xE0, 0x03, 0x00, 0x00, 0x0E, 0x00, 0x77, 0x83, 0xC0, 0x03, 0x00, 
    0x00, 0x0E, 0x00, 0xE3, 0x87, 0x80, 0x03, 0x00, 0x00, 0x0E, 0x01, 0xC1, 0xCF, 0x00, 0x03, 0x00, 
    0x00, 0x0E, 0x03, 0x80, 0xFE, 0x00, 0x03, 0x00, 0x00, 0x0E, 0x07, 0x00, 0x7C, 0x00, 0x03, 0x00, 
    0x00, 0x0E, 0x0E, 0x00, 0x38, 0x00, 0x03, 0x00, 0x00, 0x0E, 0x1C, 0x00, 0x00, 0x00, 0x03, 0x00, 
    0x00, 0x0E, 0x08, 0x00, 0x00, 0x00, 0x03, 0x00, 0x00, 0x0E, 0x00, 0x00, 0x00, 0x00, 0x03, 0x00, 
    0x00, 0x0E, 0x00, 0x00, 0x00, 0x00, 0x03, 0x00, 0x00, 0x0E, 0x00, 0x00, 0x00, 0x00, 0x03, 0x00, 
    0x00, 0x0E, 0x00, 0x00, 0x00, 0x00, 0x03, 0x00, 0x03, 0xFF, 0xF0, 0x00, 0x3F, 0xFF, 0xFF, 0x00, 
    0x03, 0xFF, 0xFF, 0xFF, 0xFF, 0xFF, 0xFF, 0x00, 0x03, 0x80, 0x3F, 0xFF, 0xF0, 0x00, 0x73, 0x00, 
    0x03, 0x00, 0x1F, 0xFF, 0xE0, 0x00, 0x73, 0x00, 0x03, 0x80, 0x00, 0x00, 0x00, 0x00, 0x67, 0x00, 
    0x01, 0xC0, 0x00, 0x00, 0x00, 0x00, 0xE7, 0x00, 0x01, 0xFF, 0xFF, 0xFF, 0xFF, 0xFF, 0xFE, 0x00, 
    0x00, 0xFF, 0xFF, 0xFF, 0xFF, 0xFF, 0xFE, 0x00, 0x00, 0x1F, 0xFF, 0xFF, 0xFF, 0xFF, 0xF8, 0x00, 
    0x00, 0x00, 0x00, 0x00, 0x00, 0x00, 0x00, 0x00, 0x00, 0x00, 0x00, 0x00, 0x00, 0x00, 0x00, 0x00, 
    0x00, 0x00, 0x00, 0x00, 0x00, 0x00, 0x00, 0x00, 0x00, 0x00, 0x00, 0x00, 0x00, 0x00, 0x00, 0x00, 
    0x00, 0x00, 0x00, 0x00, 0x00, 0x00, 0x00, 0x00, 0x00, 0x00, 0x00, 0x00, 0x00, 0x00, 0x00, 0x00, 
    0x00, 0x00, 0x00, 0x00, 0x00, 0x00, 0x00, 0x00, 0x00, 0x00, 0x00, 0x00, 0x00, 0x00, 0x00, 0x00, 
    0x00, 0x00, 0x00, 0x00, 0x00, 0x00, 0x00, 0x00, 0x00, 0x00, 0x00, 0x00, 0x00, 0x00, 0x00, 0x00, 
    0x00, 0x00, 0x00, 0x00, 0x00, 0x00, 0x00, 0x00, 0x00, 0x00, 0x00, 0x00, 0x00, 0x00, 0x00, 0x00, 
      },
  {
    0x00, 0x00, 0x00, 0x00, 0x00, 0x00, 0x00, 0x00, 0x00, 0x00, 0x00, 0x00, 0x00, 0x00, 0x00, 0x00, 
    0x00, 0x00, 0x00, 0x00, 0x00, 0x00, 0x00, 0x00, 0x00, 0x00, 0x00, 0x00, 0x00, 0x00, 0x00, 0x00, 
    0x00, 0x00, 0x00, 0x00, 0x00, 0x00, 0x00, 0x00, 0x00, 0x00, 0x00, 0x00, 0x00, 0x00, 0x00, 0x00, 
    0x00, 0x00, 0x00, 0x00, 0x00, 0x00, 0x00, 0x00, 0x00, 0x00, 0x00, 0x00, 0x00, 0x00, 0x00, 0x00, 
    0x00, 0x00, 0x00, 0x00, 0x00, 0x00, 0x00, 0x00, 0x00, 0x00, 0x00, 0x00, 0x00, 0x00, 0x00, 0x00, 
    0x00, 0x00, 0x00, 0x00, 0x00, 0x00, 0x00, 0x00, 0x00, 0x00, 0x00, 0x00, 0x00, 0x00, 0x00, 0x00, 
    0x00, 0x00, 0x00, 0x00, 0x00, 0x00, 0x00, 0x00, 0x00, 0x00, 0x00, 0x00, 0x00, 0x00, 0x00, 0x00, 
    0x00, 0x07, 0xFF, 0xFF, 0xFF, 0xFF, 0xFE, 0x00, 0x00, 0x0F, 0xFF, 0xFF, 0xFF, 0xFF, 0xFF, 0x00, 
    0x00, 0x0F, 0xFF, 0xFF, 0xFF, 0xFF, 0xFF, 0x00, 0x00, 0x0E, 0x00, 0x00, 0x03, 0x80, 0x07, 0x00, 
    0x00, 0x0E, 0x00, 0x00, 0x07, 0xC0, 0x07, 0x00, 0x00, 0x0E, 0x00, 0x00, 0x07, 0xC0, 0x07, 0x00, 
    0x00, 0x0E, 0x00, 0x00, 0x3F, 0xF8, 0x07, 0x00, 0x00, 0x0E, 0x00, 0x00, 0xFE, 0xFC, 0xE7, 0x00, 
    0x00, 0x0E, 0x00, 0x00, 0xFE, 0xFD, 0xE7, 0x00, 0x00, 0x0E, 0x00, 0x00, 0x3F, 0xFB, 0xC7, 0x00, 
    0x00, 0x0E, 0x00, 0x00, 0x07, 0xC7, 0x87, 0x00, 0x00, 0x0E, 0x00, 0x00, 0x07, 0xCF, 0x07, 0x00, 
    0x00, 0x0E, 0x00, 0x00, 0x03, 0x9E, 0x07, 0x00, 0x00, 0x0E, 0x00, 0x00, 0x03, 0xBC, 0x07, 0x00, 
    0x00, 0x0E, 0x00, 0x08, 0x03, 0x78, 0x07, 0x00, 0x00, 0x0E, 0x00, 0x1C, 0x00, 0xF0, 0x07, 0x00, 
    0x00, 0x0E, 0x00, 0x3E, 0x01, 0xE0, 0x07, 0x00, 0x00, 0x0E, 0x00, 0x77, 0x03, 0x80, 0x07, 0x00, 
    0x00, 0x0E, 0x00, 0xE3, 0x87, 0x00, 0x07, 0x00, 0x00, 0x0E, 0x01, 0xC1, 0xCE, 0x00, 0x07, 0x00, 
    0x00, 0x0E, 0x03, 0x80, 0xFC, 0x00, 0x07, 0x00, 0x00, 0x0E, 0x07, 0x00, 0x78, 0x00, 0x07, 0x00, 
    0x00, 0x0E, 0x0E, 0x00, 0x30, 0x00, 0x07, 0x00, 0x00, 0x0E, 0x1C, 0x00, 0x00, 0x00, 0x07, 0x00, 
    0x00, 0x0E, 0x08, 0x00, 0x00, 0x00, 0x07, 0x00, 0x00, 0x0E, 0x00, 0x00, 0x00, 0x00, 0x07, 0x00, 
    0x00, 0x0E, 0x00, 0x00, 0x00, 0x00, 0x07, 0x00, 0x00, 0x0E, 0x00, 0x00, 0x00, 0x00, 0x07, 0x00, 
    0x00, 0x0E, 0x00, 0x00, 0x00, 0x00, 0x07, 0x00, 0x03, 0xFF, 0xF8, 0x00, 0x1F, 0xFF, 0xFF, 0x00, 
    0x03, 0xFF, 0xFF, 0xFF, 0xFF, 0xFF, 0xFF, 0x00, 0x03, 0x80, 0x3F, 0xFF, 0xF8, 0x00, 0x37, 0x00, 
    0x03, 0x00, 0x1F, 0xFF, 0xF0, 0x00, 0x33, 0x00, 0x03, 0x80, 0x00, 0x00, 0x00, 0x00, 0x77, 0x00, 
    0x01, 0xC0, 0x00, 0x00, 0x00, 0x00, 0x76, 0x00, 0x01, 0xFF, 0xFF, 0xFF, 0xFF, 0xFF, 0xFE, 0x00, 
    0x00, 0xFF, 0xFF, 0xFF, 0xFF, 0xFF, 0xFC, 0x00, 0x00, 0x1F, 0xFF, 0xFF, 0xFF, 0xFF, 0xF8, 0x00, 
    0x00, 0x00, 0x00, 0x00, 0x00, 0x00, 0x00, 0x00, 0x00, 0x00, 0x00, 0x00, 0x00, 0x00, 0x00, 0x00, 
    0x00, 0x00, 0x00, 0x00, 0x00, 0x00, 0x00, 0x00, 0x00, 0x00, 0x00, 0x00, 0x00, 0x00, 0x00, 0x00, 
    0x00, 0x00, 0x00, 0x00, 0x00, 0x00, 0x00, 0x00, 0x00, 0x00, 0x00, 0x00, 0x00, 0x00, 0x00, 0x00, 
    0x00, 0x00, 0x00, 0x00, 0x00, 0x00, 0x00, 0x00, 0x00, 0x00, 0x00, 0x00, 0x00, 0x00, 0x00, 0x00, 
    0x00, 0x00, 0x00, 0x00, 0x00, 0x00, 0x00, 0x00, 0x00, 0x00, 0x00, 0x00, 0x00, 0x00, 0x00, 0x00, 
    0x00, 0x00, 0x00, 0x00, 0x00, 0x00, 0x00, 0x00, 0x00, 0x00, 0x00, 0x00, 0x00, 0x00, 0x00, 0x00, 
      },
  {
    0x00, 0x00, 0x00, 0x00, 0x00, 0x00, 0x00, 0x00, 0x00, 0x00, 0x00, 0x00, 0x00, 0x00, 0x00, 0x00, 
    0x00, 0x00, 0x00, 0x00, 0x00, 0x00, 0x00, 0x00, 0x00, 0x00, 0x00, 0x00, 0x00, 0x00, 0x00, 0x00, 
    0x00, 0x00, 0x00, 0x00, 0x00, 0x00, 0x00, 0x00, 0x00, 0x00, 0x00, 0x00, 0x00, 0x00, 0x00, 0x00, 
    0x00, 0x00, 0x00, 0x00, 0x00, 0x00, 0x00, 0x00, 0x00, 0x00, 0x00, 0x00, 0x00, 0x00, 0x00, 0x00, 
    0x00, 0x00, 0x00, 0x00, 0x00, 0x00, 0x00, 0x00, 0x00, 0x00, 0x00, 0x00, 0x00, 0x00, 0x00, 0x00, 
    0x00, 0x00, 0x00, 0x00, 0x00, 0x00, 0x00, 0x00, 0x00, 0x00, 0x00, 0x00, 0x00, 0x00, 0x00, 0x00, 
    0x00, 0x00, 0x00, 0x00, 0x00, 0x00, 0x00, 0x00, 0x00, 0x00, 0x00, 0x00, 0x00, 0x00, 0x00, 0x00, 
    0x00, 0x0F, 0xFF, 0xFF, 0xFF, 0xFF, 0xFE, 0x00, 0x00, 0x0F, 0xFF, 0xFF, 0xFF, 0xFF, 0xFF, 0x00, 
    0x00, 0x0F, 0xFF, 0xFF, 0xFF, 0xFF, 0xFF, 0x00, 0x00, 0x0C, 0x00, 0x00, 0x03, 0x80, 0x07, 0x00, 
    0x00, 0x0C, 0x00, 0x00, 0x07, 0x80, 0x07, 0x00, 0x00, 0x0C, 0x00, 0x00, 0x0F, 0xC0, 0x07, 0x00, 
    0x00, 0x0C, 0x00, 0x00, 0x3F, 0xF0, 0x07, 0x00, 0x00, 0x0C, 0x00, 0x00, 0xFC, 0xFC, 0xC7, 0x00, 
    0x00, 0x0C, 0x00, 0x00, 0xFC, 0xFD, 0xC7, 0x00, 0x00, 0x0C, 0x00, 0x00, 0x3F, 0xF3, 0x87, 0x00, 
    0x00, 0x0C, 0x00, 0x00, 0x0F, 0xC7, 0x07, 0x00, 0x00, 0x0C, 0x00, 0x00, 0x07, 0x8E, 0x07, 0x00, 
    0x00, 0x0C, 0x00, 0x00, 0x03, 0x9C, 0x07, 0x00, 0x00, 0x0C, 0x00, 0x00, 0x03, 0xB8, 0x07, 0x00, 
    0x00, 0x0C, 0x00, 0x18, 0x03, 0x70, 0x07, 0x00, 0x00, 0x0C, 0x00, 0x3C, 0x00, 0xE0, 0x07, 0x00, 
    0x00, 0x0C, 0x00, 0x7E, 0x01, 0xC0, 0x07, 0x00, 0x00, 0x0C, 0x00, 0xF7, 0x03, 0x80, 0x07, 0x00, 
    0x00, 0x0C, 0x01, 0xE3, 0x87, 0x00, 0x07, 0x00, 0x00, 0x0C, 0x03, 0xC3, 0xCE, 0x00, 0x07, 0x00, 
    0x00, 0x0C, 0x07, 0x81, 0xFC, 0x00, 0x07, 0x00, 0x00, 0x0C, 0x0F, 0x00, 0xF8, 0x00, 0x07, 0x00, 
    0x00, 0x0C, 0x1E, 0x00, 0x70, 0x00, 0x07, 0x00, 0x00, 0x0C, 0x1C, 0x00, 0x00, 0x00, 0x07, 0x00, 
    0x00, 0x0C, 0x18, 0x00, 0x00, 0x00, 0x07, 0x00, 0x00, 0x0C, 0x00, 0x00, 0x00, 0x00, 0x07, 0x00, 
    0x00, 0x0C, 0x00, 0x00, 0x00, 0x00, 0x07, 0x00, 0x00, 0x0C, 0x00, 0x00, 0x00, 0x00, 0x07, 0x00, 
    0x00, 0x0C, 0x00, 0x00, 0x00, 0x00, 0x07, 0x00, 0x03, 0xFF, 0xF8, 0x00, 0x1F, 0xFF, 0xFF, 0x00, 
    0x03, 0xFF, 0xFF, 0xFF, 0xFF, 0xFF, 0xFF, 0x00, 0x03, 0x80, 0x1F, 0xFF, 0xF8, 0x00, 0x3F, 0x00, 
    0x03, 0x00, 0x0F, 0xFF, 0xF0, 0x00, 0x3F, 0x00, 0x03, 0x80, 0x00, 0x00, 0x00, 0x00, 0x3F, 0x00, 
    0x01, 0xC0, 0x00, 0x00, 0x00, 0x00, 0x76, 0x00, 0x01, 0xFF, 0xFF, 0xFF, 0xFF, 0xFF, 0xFE, 0x00, 
    0x00, 0xFF, 0xFF, 0xFF, 0xFF, 0xFF, 0xFC, 0x00, 0x00, 0x1F, 0xFF, 0xFF, 0xFF, 0xFF, 0xF8, 0x00, 
    0x00, 0x00, 0x00, 0x00, 0x00, 0x00, 0x00, 0x00, 0x00, 0x00, 0x00, 0x00, 0x00, 0x00, 0x00, 0x00, 
    0x00, 0x00, 0x00, 0x00, 0x00, 0x00, 0x00, 0x00, 0x00, 0x00, 0x00, 0x00, 0x00, 0x00, 0x00, 0x00, 
    0x00, 0x00, 0x00, 0x00, 0x00, 0x00, 0x00, 0x00, 0x00, 0x00, 0x00, 0x00, 0x00, 0x00, 0x00, 0x00, 
    0x00, 0x00, 0x00, 0x00, 0x00, 0x00, 0x00, 0x00, 0x00, 0x00, 0x00, 0x00, 0x00, 0x00, 0x00, 0x00, 
    0x00, 0x00, 0x00, 0x00, 0x00, 0x00, 0x00, 0x00, 0x00, 0x00, 0x00, 0x00, 0x00, 0x00, 0x00, 0x00, 
    0x00, 0x00, 0x00, 0x00, 0x00, 0x00, 0x00, 0x00, 0x00, 0x00, 0x00, 0x00, 0x00, 0x00, 0x00, 0x00, 
      },
  {
    0x00, 0x00, 0x00, 0x00, 0x00, 0x00, 0x00, 0x00, 0x00, 0x00, 0x00, 0x00, 0x00, 0x00, 0x00, 0x00, 
    0x00, 0x00, 0x00, 0x00, 0x00, 0x00, 0x00, 0x00, 0x00, 0x00, 0x00, 0x00, 0x00, 0x00, 0x00, 0x00, 
    0x00, 0x00, 0x00, 0x00, 0x00, 0x00, 0x00, 0x00, 0x00, 0x00, 0x00, 0x00, 0x00, 0x00, 0x00, 0x00, 
    0x00, 0x00, 0x00, 0x00, 0x00, 0x00, 0x00, 0x00, 0x00, 0x00, 0x00, 0x00, 0x00, 0x00, 0x00, 0x00, 
    0x00, 0x00, 0x00, 0x00, 0x00, 0x00, 0x00, 0x00, 0x00, 0x00, 0x00, 0x00, 0x00, 0x00, 0x00, 0x00, 
    0x00, 0x00, 0x00, 0x00, 0x00, 0x00, 0x00, 0x00, 0x00, 0x00, 0x00, 0x00, 0x00, 0x00, 0x00, 0x00, 
    0x00, 0x00, 0x00, 0x00, 0x00, 0x00, 0x00, 0x00, 0x00, 0x00, 0x00, 0x00, 0x00, 0x00, 0x00, 0x00, 
    0x00, 0x0F, 0xFF, 0xFF, 0xFF, 0xFF, 0xFE, 0x00, 0x00, 0x0F, 0xFF, 0xFF, 0xFF, 0xFF, 0xFE, 0x00, 
    0x00, 0x0F, 0xFF, 0xFF, 0xFF, 0xFF, 0xFE, 0x00, 0x00, 0x0C, 0x00, 0x00, 0x07, 0x00, 0x06, 0x00, 
    0x00, 0x0C, 0x00, 0x00, 0x07, 0x80, 0x06, 0x00, 0x00, 0x0C, 0x00, 0x00, 0x0F, 0x80, 0x06, 0x00, 
    0x00, 0x0C, 0x00, 0x00, 0x3F, 0xF0, 0x06, 0x00, 0x00, 0x0C, 0x00, 0x00, 0xFD, 0xF8, 0xC6, 0x00, 
    0x00, 0x0C, 0x00, 0x00, 0xFD, 0xF9, 0xC6, 0x00, 0x00, 0x0C, 0x00, 0x00, 0x3F, 0xE3, 0x86, 0x00, 
    0x00, 0x0C, 0x00, 0x00, 0x0F, 0x87, 0x06, 0x00, 0x00, 0x0C, 0x00, 0x00, 0x07, 0x8E, 0x06, 0x00, 
    0x00, 0x0C, 0x00, 0x00, 0x07, 0x1C, 0x06, 0x00, 0x00, 0x0C, 0x00, 0x00, 0x07, 0x38, 0x06, 0x00, 
    0x00, 0x0C, 0x00, 0x18, 0x00, 0x70, 0x06, 0x00, 0x00, 0x0C, 0x00, 0x3C, 0x00, 0xE0, 0x06, 0x00, 
    0x00, 0x0C, 0x00, 0x7E, 0x03, 0xC0, 0x06, 0x00, 0x00, 0x0C, 0x00, 0xEF, 0x07, 0x80, 0x06, 0x00, 
    0x00, 0x0C, 0x01, 0xC7, 0x0F, 0x00, 0x06, 0x00, 0x00, 0x0C, 0x03, 0x83, 0x9E, 0x00, 0x06, 0x00, 
    0x00, 0x0C, 0x07, 0x01, 0xFC, 0x00, 0x06, 0x00, 0x00, 0x0C, 0x0E, 0x00, 0xF8, 0x00, 0x06, 0x00, 
    0x00, 0x0C, 0x1C, 0x00, 0x70, 0x00, 0x06, 0x00, 0x00, 0x0C, 0x38, 0x00, 0x00, 0x00, 0x06, 0x00, 
    0x00, 0x0C, 0x10, 0x00, 0x00, 0x00, 0x06, 0x00, 0x00, 0x0C, 0x00, 0x00, 0x00, 0x00, 0x06, 0x00, 
    0x00, 0x0C, 0x00, 0x00, 0x00, 0x00, 0x06, 0x00, 0x00, 0x0C, 0x00, 0x00, 0x00, 0x00, 0x06, 0x00, 
    0x00, 0x0C, 0x00, 0x00, 0x00, 0x00, 0x06, 0x00, 0x03, 0xFF, 0xF8, 0x00, 0x0F, 0xFF, 0xFE, 0x00, 
    0x03, 0xFF, 0xFF, 0xFF, 0xFF, 0xFF, 0xFF, 0x00, 0x03, 0x80, 0x1F, 0xFF, 0xFC, 0x00, 0x1F, 0x00, 
    0x03, 0x00, 0x0F, 0xFF, 0xF8, 0x00, 0x1F, 0x00, 0x03, 0x80, 0x00, 0x00, 0x00, 0x00, 0x1E, 0x00, 
    0x01, 0xC0, 0x00, 0x00, 0x00, 0x00, 0x3E, 0x00, 0x01, 0xFF, 0xFF, 0xFF, 0xFF, 0xFF, 0xFE, 0x00, 
    0x00, 0xFF, 0xFF, 0xFF, 0xFF, 0xFF, 0xFC, 0x00, 0x00, 0x1F, 0xFF, 0xFF, 0xFF, 0xFF, 0xF0, 0x00, 
    0x00, 0x00, 0x00, 0x00, 0x00, 0x00, 0x00, 0x00, 0x00, 0x00, 0x00, 0x00, 0x00, 0x00, 0x00, 0x00, 
    0x00, 0x00, 0x00, 0x00, 0x00, 0x00, 0x00, 0x00, 0x00, 0x00, 0x00, 0x00, 0x00, 0x00, 0x00, 0x00, 
    0x00, 0x00, 0x00, 0x00, 0x00, 0x00, 0x00, 0x00, 0x00, 0x00, 0x00, 0x00, 0x00, 0x00, 0x00, 0x00, 
    0x00, 0x00, 0x00, 0x00, 0x00, 0x00, 0x00, 0x00, 0x00, 0x00, 0x00, 0x00, 0x00, 0x00, 0x00, 0x00, 
    0x00, 0x00, 0x00, 0x00, 0x00, 0x00, 0x00, 0x00, 0x00, 0x00, 0x00, 0x00, 0x00, 0x00, 0x00, 0x00, 
    0x00, 0x00, 0x00, 0x00, 0x00, 0x00, 0x00, 0x00, 0x00, 0x00, 0x00, 0x00, 0x00, 0x00, 0x00, 0x00, 
      },
  {
    0x00, 0x00, 0x00, 0x00, 0x00, 0x00, 0x00, 0x00, 0x00, 0x00, 0x00, 0x00, 0x00, 0x00, 0x00, 0x00, 
    0x00, 0x00, 0x00, 0x00, 0x00, 0x00, 0x00, 0x00, 0x00, 0x00, 0x00, 0x00, 0x00, 0x00, 0x00, 0x00, 
    0x00, 0x00, 0x00, 0x00, 0x00, 0x00, 0x00, 0x00, 0x00, 0x00, 0x00, 0x00, 0x00, 0x00, 0x00, 0x00, 
    0x00, 0x00, 0x00, 0x00, 0x00, 0x00, 0x00, 0x00, 0x00, 0x00, 0x00, 0x00, 0x00, 0x00, 0x00, 0x00, 
    0x00, 0x00, 0x00, 0x00, 0x00, 0x00, 0x00, 0x00, 0x00, 0x00, 0x00, 0x00, 0x00, 0x00, 0x00, 0x00, 
    0x00, 0x00, 0x00, 0x00, 0x00, 0x00, 0x00, 0x00, 0x00, 0x00, 0x00, 0x00, 0x00, 0x00, 0x00, 0x00, 
    0x00, 0x00, 0x00, 0x00, 0x00, 0x00, 0x00, 0x00, 0x00, 0x00, 0x00, 0x00, 0x00, 0x00, 0x00, 0x00, 
    0x00, 0x0F, 0xFF, 0xFF, 0xFF, 0xFF, 0xFE, 0x00, 0x00, 0x1F, 0xFF, 0xFF, 0xFF, 0xFF, 0xFE, 0x00, 
    0x00, 0x1F, 0xFF, 0xFF, 0xFF, 0xFF, 0xFE, 0x00, 0x00, 0x1C, 0x00, 0x00, 0x07, 0x00, 0x06, 0x00, 
    0x00, 0x1C, 0x00, 0x00, 0x07, 0x00, 0x06, 0x00, 0x00, 0x1C, 0x00, 0x00, 0x0F, 0x00, 0x06, 0x00, 
    0x00, 0x1C, 0x00, 0x00, 0x3F, 0xE0, 0x06, 0x00, 0x00, 0x1C, 0x00, 0x00, 0x7F, 0xF1, 0xC6, 0x00, 
    0x00, 0x1C, 0x00, 0x00, 0x7F, 0xF3, 0xC6, 0x00, 0x00, 0x1C, 0x00, 0x00, 0x1F, 0xC7, 0x86, 0x00, 
    0x00, 0x1C, 0x00, 0x00, 0x07, 0x0F, 0x06, 0x00, 0x00, 0x1C, 0x00, 0x00, 0x07, 0x1E, 0x06, 0x00, 
    0x00, 0x1C, 0x00, 0x00, 0x07, 0x3C, 0x06, 0x00, 0x00, 0x1C, 0x00, 0x00, 0x00, 0x78, 0x06, 0x00, 
    0x00, 0x1C, 0x00, 0x10, 0x00, 0xF0, 0x06, 0x00, 0x00, 0x1C, 0x00, 0x38, 0x01, 0xE0, 0x06, 0x00, 
    0x00, 0x1C, 0x00, 0x7C, 0x03, 0x80, 0x06, 0x00, 0x00, 0x1C, 0x00, 0xEE, 0x07, 0x00, 0x06, 0x00, 
    0x00, 0x1C, 0x01, 0xC7, 0x0E, 0x00, 0x06, 0x00, 0x00, 0x1C, 0x03, 0x83, 0x9C, 0x00, 0x06, 0x00, 
    0x00, 0x1C, 0x07, 0x01, 0xF8, 0x00, 0x06, 0x00, 0x00, 0x1C, 0x0E, 0x00, 0xF0, 0x00, 0x06, 0x00, 
    0x00, 0x1C, 0x1C, 0x00, 0x60, 0x00, 0x06, 0x00, 0x00, 0x1C, 0x38, 0x00, 0x00, 0x00, 0x06, 0x00, 
    0x00, 0x1C, 0x10, 0x00, 0x00, 0x00, 0x06, 0x00, 0x00, 0x1C, 0x00, 0x00, 0x00, 0x00, 0x06, 0x00, 
    0x00, 0x1C, 0x00, 0x00, 0x00, 0x00, 0x06, 0x00, 0x00, 0x1C, 0x00, 0x00, 0x00, 0x00, 0x06, 0x00, 
    0x00, 0x1C, 0x00, 0x00, 0x00, 0x00, 0x06, 0x00, 0x03, 0xFF, 0xFC, 0x00, 0x0F, 0xFF, 0xFE, 0x00, 
    0x03, 0xFF, 0xFF, 0xFF, 0xFF, 0xFF, 0xFE, 0x00, 0x03, 0x80, 0x1F, 0xFF, 0xFC, 0x00, 0x1E, 0x00, 
    0x03, 0x00, 0x07, 0xFF, 0xF8, 0x00, 0x1E, 0x00, 0x03, 0x80, 0x00, 0x00, 0x00, 0x00, 0x1E, 0x00, 
    0x01, 0xC0, 0x00, 0x00, 0x00, 0x00, 0x3E, 0x00, 0x01, 0xFF, 0xFF, 0xFF, 0xFF, 0xFF, 0xFE, 0x00, 
    0x00, 0xFF, 0xFF, 0xFF, 0xFF, 0xFF, 0xFC, 0x00, 0x00, 0x1F, 0xFF, 0xFF, 0xFF, 0xFF, 0xF0, 0x00, 
    0x00, 0x00, 0x00, 0x00, 0x00, 0x00, 0x00, 0x00, 0x00, 0x00, 0x00, 0x00, 0x00, 0x00, 0x00, 0x00, 
    0x00, 0x00, 0x00, 0x00, 0x00, 0x00, 0x00, 0x00, 0x00, 0x00, 0x00, 0x00, 0x00, 0x00, 0x00, 0x00, 
    0x00, 0x00, 0x00, 0x00, 0x00, 0x00, 0x00, 0x00, 0x00, 0x00, 0x00, 0x00, 0x00, 0x00, 0x00, 0x00, 
    0x00, 0x00, 0x00, 0x00, 0x00, 0x00, 0x00, 0x00, 0x00, 0x00, 0x00, 0x00, 0x00, 0x00, 0x00, 0x00, 
    0x00, 0x00, 0x00, 0x00, 0x00, 0x00, 0x00, 0x00, 0x00, 0x00, 0x00, 0x00, 0x00, 0x00, 0x00, 0x00, 
    0x00, 0x00, 0x00, 0x00, 0x00, 0x00, 0x00, 0x00, 0x00, 0x00, 0x00, 0x00, 0x00, 0x00, 0x00, 0x00, 
      },
  {
    0x00, 0x00, 0x00, 0x00, 0x00, 0x00, 0x00, 0x00, 0x00, 0x00, 0x00, 0x00, 0x00, 0x00, 0x00, 0x00, 
    0x00, 0x00, 0x00, 0x00, 0x00, 0x00, 0x00, 0x00, 0x00, 0x00, 0x00, 0x00, 0x00, 0x00, 0x00, 0x00, 
    0x00, 0x00, 0x00, 0x00, 0x00, 0x00, 0x00, 0x00, 0x00, 0x00, 0x00, 0x00, 0x00, 0x00, 0x00, 0x00, 
    0x00, 0x00, 0x00, 0x00, 0x00, 0x00, 0x00, 0x00, 0x00, 0x00, 0x00, 0x00, 0x00, 0x00, 0x00, 0x00, 
    0x00, 0x00, 0x00, 0x00, 0x00, 0x00, 0x00, 0x00, 0x00, 0x00, 0x00, 0x00, 0x00, 0x00, 0x00, 0x00, 
    0x00, 0x00, 0x00, 0x00, 0x00, 0x00, 0x00, 0x00, 0x00, 0x00, 0x00, 0x00, 0x00, 0x00, 0x00, 0x00, 
    0x00, 0x00, 0x00, 0x00, 0x00, 0x00, 0x00, 0x00, 0x00, 0x00, 0x00, 0x00, 0x00, 0x00, 0x00, 0x00, 
    0x00, 0x0F, 0xFF, 0xFF, 0xFF, 0xFF, 0xFE, 0x00, 0x00, 0x1F, 0xFF, 0xFF, 0xFF, 0xFF, 0xFE, 0x00, 
    0x00, 0x1F, 0xFF, 0xFF, 0xFF, 0xFF, 0xFE, 0x00, 0x00, 0x1C, 0x00, 0x00, 0x00, 0x00, 0x06, 0x00, 
    0x00, 0x1C, 0x00, 0x00, 0x06, 0x00, 0x06, 0x00, 0x00, 0x1C, 0x00, 0x00, 0x06, 0x00, 0x06, 0x00, 
    0x00, 0x1C, 0x00, 0x00, 0x1F, 0x80, 0x06, 0x00, 0x00, 0x1C, 0x00, 0x00, 0x3F, 0x81, 0x86, 0x00, 
    0x00, 0x1C, 0x00, 0x00, 0x1F, 0x83, 0x86, 0x00, 0x00, 0x1C, 0x00, 0x00, 0x0F, 0x07, 0x06, 0x00, 
    0x00, 0x1C, 0x00, 0x00, 0x06, 0x0E, 0x06, 0x00, 0x00, 0x1C, 0x00, 0x00, 0x00, 0x1C, 0x06, 0x00, 
    0x00, 0x1C, 0x00, 0x00, 0x00, 0x38, 0x06, 0x00, 0x00, 0x1C, 0x00, 0x00, 0x00, 0x70, 0x06, 0x00, 
    0x00, 0x1C, 0x00, 0x30, 0x00, 0xE0, 0x06, 0x00, 0x00, 0x1C, 0x00, 0x78, 0x01, 0xC0, 0x06, 0x00, 
    0x00, 0x1C, 0x00, 0xFC, 0x03, 0x80, 0x06, 0x00, 0x00, 0x1C, 0x01, 0xEE, 0x07, 0x00, 0x06, 0x00, 
    0x00, 0x1C, 0x03, 0xC7, 0x0E, 0x00, 0x06, 0x00, 0x00, 0x1C, 0x07, 0x87, 0x9C, 0x00, 0x06, 0x00, 
    0x00, 0x1C, 0x0F, 0x03, 0xF8, 0x00, 0x06, 0x00, 0x00, 0x1C, 0x1E, 0x01, 0xF0, 0x00, 0x06, 0x00, 
    0x00, 0x1C, 0x3C, 0x00, 0xE0, 0x00, 0x06, 0x00, 0x00, 0x1C, 0x38, 0x00, 0x00, 0x00, 0x06, 0x00, 
    0x00, 0x1C, 0x30, 0x00, 0x00, 0x00, 0x06, 0x00, 0x00, 0x1C, 0x00, 0x00, 0x00, 0x00, 0x06, 0x00, 
    0x00, 0x1C, 0x00, 0x00, 0x00, 0x00, 0x06, 0x00, 0x00, 0x1C, 0x00, 0x00, 0x00, 0x00, 0x06, 0x00, 
    0x00, 0x1C, 0x00, 0x00, 0x00, 0x00, 0x06, 0x00, 0x03, 0xFF, 0xFC, 0x00, 0x07, 0xFF, 0xFE, 0x00, 
    0x03, 0xFF, 0xFF, 0xFF, 0xFF, 0xFF, 0xFE, 0x00, 0x03, 0x80, 0x0F, 0xFF, 0xFE, 0x00, 0x0E, 0x00, 
    0x03, 0x00, 0x07, 0xFF, 0xFC, 0x00, 0x0E, 0x00, 0x03, 0x80, 0x00, 0x00, 0x00, 0x00, 0x0E, 0x00, 
    0x01, 0xC0, 0x00, 0x00, 0x00, 0x00, 0x1E, 0x00, 0x01, 0xFF, 0xFF, 0xFF, 0xFF, 0xFF, 0xFC, 0x00, 
    0x00, 0xFF, 0xFF, 0xFF, 0xFF, 0xFF, 0xFC, 0x00, 0x00, 0x1F, 0xFF, 0xFF, 0xFF, 0xFF, 0xF0, 0x00, 
    0x00, 0x00, 0x00, 0x00, 0x00, 0x00, 0x00, 0x00, 0x00, 0x00, 0x00, 0x00, 0x00, 0x00, 0x00, 0x00, 
    0x00, 0x00, 0x00, 0x00, 0x00, 0x00, 0x00, 0x00, 0x00, 0x00, 0x00, 0x00, 0x00, 0x00, 0x00, 0x00, 
    0x00, 0x00, 0x00, 0x00, 0x00, 0x00, 0x00, 0x00, 0x00, 0x00, 0x00, 0x00, 0x00, 0x00, 0x00, 0x00, 
    0x00, 0x00, 0x00, 0x00, 0x00, 0x00, 0x00, 0x00, 0x00, 0x00, 0x00, 0x00, 0x00, 0x00, 0x00, 0x00, 
    0x00, 0x00, 0x00, 0x00, 0x00, 0x00, 0x00, 0x00, 0x00, 0x00, 0x00, 0x00, 0x00, 0x00, 0x00, 0x00, 
    0x00, 0x00, 0x00, 0x00, 0x00, 0x00, 0x00, 0x00, 0x00, 0x00, 0x00, 0x00, 0x00, 0x00, 0x00, 0x00, 
      },
  {
    0x00, 0x00, 0x00, 0x00, 0x00, 0x00, 0x00, 0x00, 0x00, 0x00, 0x00, 0x00, 0x00, 0x00, 0x00, 0x00, 
    0x00, 0x00, 0x00, 0x00, 0x00, 0x00, 0x00, 0x00, 0x00, 0x00, 0x00, 0x00, 0x00, 0x00, 0x00, 0x00, 
    0x00, 0x00, 0x00, 0x00, 0x00, 0x00, 0x00, 0x00, 0x00, 0x00, 0x00, 0x00, 0x00, 0x00, 0x00, 0x00, 
    0x00, 0x00, 0x00, 0x00, 0x00, 0x00, 0x00, 0x00, 0x00, 0x00, 0x00, 0x00, 0x00, 0x00, 0x00, 0x00, 
    0x00, 0x00, 0x00, 0x00, 0x00, 0x00, 0x00, 0x00, 0x00, 0x00, 0x00, 0x00, 0x00, 0x00, 0x00, 0x00, 
    0x00, 0x00, 0x00, 0x00, 0x00, 0x00, 0x00, 0x00, 0x00, 0x00, 0x00, 0x00, 0x00, 0x00, 0x00, 0x00, 
    0x00, 0x00, 0x00, 0x00, 0x00, 0x00, 0x00, 0x00, 0x00, 0x00, 0x00, 0x00, 0x00, 0x00, 0x00, 0x00, 
    0x00, 0x1F, 0xFF, 0xFF, 0xFF, 0xFF, 0xFE, 0x00, 0x00, 0x1F, 0xFF, 0xFF, 0xFF, 0xFF, 0xFE, 0x00, 
    0x00, 0x1F, 0xFF, 0xFF, 0xFF, 0xFF, 0xFE, 0x00, 0x00, 0x18, 0x00, 0x00, 0x00, 0x00, 0x06, 0x00, 
    0x00, 0x18, 0x00, 0x00, 0x00, 0x00, 0x06, 0x00, 0x00, 0x18, 0x00, 0x00, 0x04, 0x00, 0x06, 0x00, 
    0x00, 0x18, 0x00, 0x00, 0x0E, 0x00, 0x06, 0x00, 0x00, 0x18, 0x00, 0x00, 0x1F, 0x01, 0x86, 0x00, 
    0x00, 0x18, 0x00, 0x00, 0x0F, 0x03, 0x86, 0x00, 0x00, 0x18, 0x00, 0x00, 0x06, 0x07, 0x06, 0x00, 
    0x00, 0x18, 0x00, 0x00, 0x00, 0x0E, 0x06, 0x00, 0x00, 0x18, 0x00, 0x00, 0x00, 0x1C, 0x06, 0x00, 
    0x00, 0x18, 0x00, 0x00, 0x00, 0x38, 0x06, 0x00, 0x00, 0x18, 0x00, 0x00, 0x00, 0xF0, 0x06, 0x00, 
    0x00, 0x18, 0x00, 0x30, 0x01, 0xE0, 0x06, 0x00, 0x00, 0x18, 0x00, 0x78, 0x03, 0xC0, 0x06, 0x00, 
    0x00, 0x18, 0x00, 0xFC, 0x07, 0x80, 0x06, 0x00, 0x00, 0x18, 0x01, 0xDE, 0x0F, 0x00, 0x06, 0x00, 
    0x00, 0x18, 0x03, 0x8E, 0x1E, 0x00, 0x06, 0x00, 0x00, 0x18, 0x07, 0x07, 0x3C, 0x00, 0x06, 0x00, 
    0x00, 0x18, 0x0E, 0x03, 0xF8, 0x00, 0x06, 0x00, 0x00, 0x18, 0x1C, 0x01, 0xF0, 0x00, 0x06, 0x00, 
    0x00, 0x18, 0x38, 0x00, 0xE0, 0x00, 0x06, 0x00, 0x00, 0x18, 0x70, 0x00, 0x00, 0x00, 0x06, 0x00, 
    0x00, 0x18, 0x20, 0x00, 0x00, 0x00, 0x06, 0x00, 0x00, 0x18, 0x00, 0x00, 0x00, 0x00, 0x06, 0x00, 
    0x00, 0x18, 0x00, 0x00, 0x00, 0x00, 0x06, 0x00, 0x00, 0x18, 0x00, 0x00, 0x00, 0x00, 0x06, 0x00, 
    0x00, 0x18, 0x00, 0x00, 0x00, 0x00, 0x06, 0x00, 0x03, 0xFF, 0xFC, 0x00, 0x07, 0xFF, 0xFE, 0x00, 
    0x03, 0xFF, 0xFF, 0xFF, 0xFF, 0xFF, 0xFE, 0x00, 0x03, 0x80, 0x0F, 0xFF, 0xFE, 0x00, 0x0E, 0x00, 
    0x03, 0x00, 0x07, 0xFF, 0xFC, 0x00, 0x06, 0x00, 0x03, 0x80, 0x00, 0x00, 0x00, 0x00, 0x0E, 0x00, 
    0x01, 0xC0, 0x00, 0x00, 0x00, 0x00, 0x0E, 0x00, 0x01, 0xFF, 0xFF, 0xFF, 0xFF, 0xFF, 0xFC, 0x00, 
    0x00, 0xFF, 0xFF, 0xFF, 0xFF, 0xFF, 0xF8, 0x00, 0x00, 0x1F, 0xFF, 0xFF, 0xFF, 0xFF, 0xE0, 0x00, 
    0x00, 0x00, 0x00, 0x00, 0x00, 0x00, 0x00, 0x00, 0x00, 0x00, 0x00, 0x00, 0x00, 0x00, 0x00, 0x00, 
    0x00, 0x00, 0x00, 0x00, 0x00, 0x00, 0x00, 0x00, 0x00, 0x00, 0x00, 0x00, 0x00, 0x00, 0x00, 0x00, 
    0x00, 0x00, 0x00, 0x00, 0x00, 0x00, 0x00, 0x00, 0x00, 0x00, 0x00, 0x00, 0x00, 0x00, 0x00, 0x00, 
    0x00, 0x00, 0x00, 0x00, 0x00, 0x00, 0x00, 0x00, 0x00, 0x00, 0x00, 0x00, 0x00, 0x00, 0x00, 0x00, 
    0x00, 0x00, 0x00, 0x00, 0x00, 0x00, 0x00, 0x00, 0x00, 0x00, 0x00, 0x00, 0x00, 0x00, 0x00, 0x00, 
    0x00, 0x00, 0x00, 0x00, 0x00, 0x00, 0x00, 0x00, 0x00, 0x00, 0x00, 0x00, 0x00, 0x00, 0x00, 0x00, 
      },
  {
    0x00, 0x00, 0x00, 0x00, 0x00, 0x00, 0x00, 0x00, 0x00, 0x00, 0x00, 0x00, 0x00, 0x00, 0x00, 0x00, 
    0x00, 0x00, 0x00, 0x00, 0x00, 0x00, 0x00, 0x00, 0x00, 0x00, 0x00, 0x00, 0x00, 0x00, 0x00, 0x00, 
    0x00, 0x00, 0x00, 0x00, 0x00, 0x00, 0x00, 0x00, 0x00, 0x00, 0x00, 0x00, 0x00, 0x00, 0x00, 0x00, 
    0x00, 0x00, 0x00, 0x00, 0x00, 0x00, 0x00, 0x00, 0x00, 0x00, 0x00, 0x00, 0x00, 0x00, 0x00, 0x00, 
    0x00, 0x00, 0x00, 0x00, 0x00, 0x00, 0x00, 0x00, 0x00, 0x00, 0x00, 0x00, 0x00, 0x00, 0x00, 0x00, 
    0x00, 0x00, 0x00, 0x00, 0x00, 0x00, 0x00, 0x00, 0x00, 0x00, 0x00, 0x00, 0x00, 0x00, 0x00, 0x00, 
    0x00, 0x00, 0x00, 0x00, 0x00, 0x00, 0x00, 0x00, 0x00, 0x00, 0x00, 0x00, 0x00, 0x00, 0x00, 0x00, 
    0x00, 0x1F, 0xFF, 0xFF, 0xFF, 0xFF, 0xFC, 0x00, 0x00, 0x1F, 0xFF, 0xFF, 0xFF, 0xFF, 0xFE, 0x00, 
    0x00, 0x1F, 0xFF, 0xFF, 0xFF, 0xFF, 0xFE, 0x00, 0x00, 0x18, 0x00, 0x00, 0x00, 0x00, 0x06, 0x00, 
    0x00, 0x18, 0x00, 0x00, 0x00, 0x00, 0x0E, 0x00, 0x00, 0x18, 0x00, 0x00, 0x00, 0x00, 0x0E, 0x00, 
    0x00, 0x18, 0x00, 0x00, 0x0E, 0x00, 0x0E, 0x00, 0x00, 0x18, 0x00, 0x00, 0x1E, 0x03, 0x8E, 0x00, 
    0x00, 0x18, 0x00, 0x00, 0x0E, 0x07, 0x8E, 0x00, 0x00, 0x18, 0x00, 0x00, 0x00, 0x0F, 0x0E, 0x00, 
    0x00, 0x18, 0x00, 0x00, 0x00, 0x1E, 0x0E, 0x00, 0x00, 0x18, 0x00, 0x00, 0x00, 0x3C, 0x0E, 0x00, 
    0x00, 0x18, 0x00, 0x00, 0x00, 0x78, 0x0E, 0x00, 0x00, 0x18, 0x00, 0x00, 0x00, 0xF0, 0x0E, 0x00, 
    0x00, 0x18, 0x00, 0x20, 0x01, 0xE0, 0x0E, 0x00, 0x00, 0x18, 0x00, 0x70, 0x03, 0xC0, 0x0E, 0x00, 
    0x00, 0x18, 0x00, 0xF8, 0x07, 0x80, 0x0E, 0x00, 0x00, 0x18, 0x01, 0xDC, 0x0E, 0x00, 0x0E, 0x00, 
    0x00, 0x18, 0x03, 0x8E, 0x1C, 0x00, 0x0E, 0x00, 0x00, 0x18, 0x07, 0x07, 0x38, 0x00, 0x0E, 0x00, 
    0x00, 0x18, 0x0E, 0x03, 0xF0, 0x00, 0x0E, 0x00, 0x00, 0x18, 0x1C, 0x01, 0xE0, 0x00, 0x0E, 0x00, 
    0x00, 0x18, 0x38, 0x00, 0xC0, 0x00, 0x0E, 0x00, 0x00, 0x18, 0x70, 0x00, 0x00, 0x00, 0x0E, 0x00, 
    0x00, 0x18, 0x20, 0x00, 0x00, 0x00, 0x0E, 0x00, 0x00, 0x18, 0x00, 0x00, 0x00, 0x00, 0x0E, 0x00, 
    0x00, 0x18, 0x00, 0x00, 0x00, 0x00, 0x0E, 0x00, 0x00, 0x18, 0x00, 0x00, 0x00, 0x00, 0x0E, 0x00, 
    0x00, 0x18, 0x00, 0x00, 0x00, 0x00, 0x0E, 0x00, 0x03, 0xFF, 0xFE, 0x00, 0x03, 0xFF, 0xFE, 0x00, 
    0x03, 0xFF, 0xFF, 0xFF, 0xFF, 0xFF, 0xFF, 0x00, 0x03, 0x80, 0x07, 0xFF, 0xFF, 0x00, 0x07, 0x00, 
    0x03, 0x00, 0x03, 0xFF, 0xFE, 0x00, 0x07, 0x00, 0x03, 0x80, 0x00, 0x00, 0x00, 0x00, 0x06, 0x00, 
    0x01, 0xC0, 0x00, 0x00, 0x00, 0x00, 0x0E, 0x00, 0x01, 0xFF, 0xFF, 0xFF, 0xFF, 0xFF, 0xFC, 0x00, 
    0x00, 0xFF, 0xFF, 0xFF, 0xFF, 0xFF, 0xF8, 0x00, 0x00, 0x1F, 0xFF, 0xFF, 0xFF, 0xFF, 0xE0, 0x00, 
    0x00, 0x00, 0x00, 0x00, 0x00, 0x00, 0x00, 0x00, 0x00, 0x00, 0x00, 0x00, 0x00, 0x00, 0x00, 0x00, 
    0x00, 0x00, 0x00, 0x00, 0x00, 0x00, 0x00, 0x00, 0x00, 0x00, 0x00, 0x00, 0x00, 0x00, 0x00, 0x00, 
    0x00, 0x00, 0x00, 0x00, 0x00, 0x00, 0x00, 0x00, 0x00, 0x00, 0x00, 0x00, 0x00, 0x00, 0x00, 0x00, 
    0x00, 0x00, 0x00, 0x00, 0x00, 0x00, 0x00, 0x00, 0x00, 0x00, 0x00, 0x00, 0x00, 0x00, 0x00, 0x00, 
    0x00, 0x00, 0x00, 0x00, 0x00, 0x00, 0x00, 0x00, 0x00, 0x00, 0x00, 0x00, 0x00, 0x00, 0x00, 0x00, 
    0x00, 0x00, 0x00, 0x00, 0x00, 0x00, 0x00, 0x00, 0x00, 0x00, 0x00, 0x00, 0x00, 0x00, 0x00, 0x00, 
      },
  {
    0x00, 0x00, 0x00, 0x00, 0x00, 0x00, 0x00, 0x00, 0x00, 0x00, 0x00, 0x00, 0x00, 0x00, 0x00, 0x00, 
    0x00, 0x00, 0x00, 0x00, 0x00, 0x00, 0x00, 0x00, 0x00, 0x00, 0x00, 0x00, 0x00, 0x00, 0x00, 0x00, 
    0x00, 0x00, 0x00, 0x00, 0x00, 0x00, 0x00, 0x00, 0x00, 0x00, 0x00, 0x00, 0x00, 0x00, 0x00, 0x00, 
    0x00, 0x00, 0x00, 0x00, 0x00, 0x00, 0x00, 0x00, 0x00, 0x00, 0x00, 0x00, 0x00, 0x00, 0x00, 0x00, 
    0x00, 0x00, 0x00, 0x00, 0x00, 0x00, 0x00, 0x00, 0x00, 0x00, 0x00, 0x00, 0x00, 0x00, 0x00, 0x00, 
    0x00, 0x00, 0x00, 0x00, 0x00, 0x00, 0x00, 0x00, 0x00, 0x00, 0x00, 0x00, 0x00, 0x00, 0x00, 0x00, 
    0x00, 0x00, 0x00, 0x00, 0x00, 0x00, 0x00, 0x00, 0x00, 0x00, 0x00, 0x00, 0x00, 0x00, 0x00, 0x00, 
    0x00, 0x1F, 0xFF, 0xFF, 0xFF, 0xFF, 0xFC, 0x00, 0x00, 0x3F, 0xFF, 0xFF, 0xFF, 0xFF, 0xFE, 0x00, 
    0x00, 0x3F, 0xFF, 0xFF, 0xFF, 0xFF, 0xFE, 0x00, 0x00, 0x38, 0x00, 0x00, 0x00, 0x00, 0x0E, 0x00, 
    0x00, 0x38, 0x00, 0x00, 0x00, 0x00, 0x0E, 0x00, 0x00, 0x38, 0x00, 0x00, 0x00, 0x00, 0x0E, 0x00, 
    0x00, 0x38, 0x00, 0x00, 0x00, 0x00, 0x0E, 0x00, 0x00, 0x38, 0x00, 0x00, 0x00, 0x03, 0x0E, 0x00, 
    0x00, 0x38, 0x00, 0x00, 0x00, 0x07, 0x0E, 0x00, 0x00, 0x38, 0x00, 0x00, 0x00, 0x0E, 0x0E, 0x00, 
    0x00, 0x38, 0x00, 0x00, 0x00, 0x1C, 0x0E, 0x00, 0x00, 0x38, 0x00, 0x00, 0x00, 0x38, 0x0E, 0x00, 
    0x00, 0x38, 0x00, 0x00, 0x00, 0x70, 0x0E, 0x00, 0x00, 0x38, 0x00, 0x00, 0x00, 0xE0, 0x0E, 0x00, 
    0x00, 0x38, 0x00, 0x60, 0x01, 0xC0, 0x0E, 0x00, 0x00, 0x38, 0x00, 0xF0, 0x03, 0x80, 0x0E, 0x00, 
    0x00, 0x38, 0x01, 0xF8, 0x07, 0x00, 0x0E, 0x00, 0x00, 0x38, 0x03, 0xDC, 0x0E, 0x00, 0x0E, 0x00, 
    0x00, 0x38, 0x07, 0x8E, 0x1C, 0x00, 0x0E, 0x00, 0x00, 0x38, 0x0F, 0x07, 0x38, 0x00, 0x0E, 0x00, 
    0x00, 0x38, 0x1E, 0x07, 0xF0, 0x00, 0x0E, 0x00, 0x00, 0x38, 0x3C, 0x03, 0xE0, 0x00, 0x0E, 0x00, 
    0x00, 0x38, 0x78, 0x01, 0xC0, 0x00, 0x0E, 0x00, 0x00, 0x38, 0x70, 0x00, 0x00, 0x00, 0x0E, 0x00, 
    0x00, 0x38, 0x60, 0x00, 0x00, 0x00, 0x0E, 0x00, 0x00, 0x38, 0x00, 0x00, 0x00, 0x00, 0x0E, 0x00, 
    0x00, 0x38, 0x00, 0x00, 0x00, 0x00, 0x0E, 0x00, 0x00, 0x38, 0x00, 0x00, 0x00, 0x00, 0x0E, 0x00, 
    0x00, 0x38, 0x00, 0x00, 0x00, 0x00, 0x0E, 0x00, 0x03, 0xFF, 0xFE, 0x00, 0x03, 0xFF, 0xFF, 0x00, 
    0x03, 0xFF, 0xFF, 0xFF, 0xFF, 0xFF, 0xFF, 0x00, 0x03, 0x80, 0x07, 0xFF, 0xFF, 0x00, 0x03, 0x00, 
    0x03, 0x00, 0x03, 0xFF, 0xFE, 0x00, 0x03, 0x00, 0x03, 0x80, 0x00, 0x00, 0x00, 0x00, 0x07, 0x00, 
    0x01, 0xC0, 0x00, 0x00, 0x00, 0x00, 0x07, 0x00, 0x01, 0xFF, 0xFF, 0xFF, 0xFF, 0xFF, 0xFE, 0x00, 
    0x00, 0xFF, 0xFF, 0xFF, 0xFF, 0xFF, 0xFC, 0x00, 0x00, 0x1F, 0xFF, 0xFF, 0xFF, 0xFF, 0xE0, 0x00, 
    0x00, 0x00, 0x00, 0x00, 0x00, 0x00, 0x00, 0x00, 0x00, 0x00, 0x00, 0x00, 0x00, 0x00, 0x00, 0x00, 
    0x00, 0x00, 0x00, 0x00, 0x00, 0x00, 0x00, 0x00, 0x00, 0x00, 0x00, 0x00, 0x00, 0x00, 0x00, 0x00, 
    0x00, 0x00, 0x00, 0x00, 0x00, 0x00, 0x00, 0x00, 0x00, 0x00, 0x00, 0x00, 0x00, 0x00, 0x00, 0x00, 
    0x00, 0x00, 0x00, 0x00, 0x00, 0x00, 0x00, 0x00, 0x00, 0x00, 0x00, 0x00, 0x00, 0x00, 0x00, 0x00, 
    0x00, 0x00, 0x00, 0x00, 0x00, 0x00, 0x00, 0x00, 0x00, 0x00, 0x00, 0x00, 0x00, 0x00, 0x00, 0x00, 
    0x00, 0x00, 0x00, 0x00, 0x00, 0x00, 0x00, 0x00, 0x00, 0x00, 0x00, 0x00, 0x00, 0x00, 0x00, 0x00, 
      },
  {
    0x00, 0x00, 0x00, 0x00, 0x00, 0x00, 0x00, 0x00, 0x00, 0x00, 0x00, 0x00, 0x00, 0x00, 0x00, 0x00, 
    0x00, 0x00, 0x00, 0x00, 0x00, 0x00, 0x00, 0x00, 0x00, 0x00, 0x00, 0x00, 0x00, 0x00, 0x00, 0x00, 
    0x00, 0x00, 0x00, 0x00, 0x00, 0x00, 0x00, 0x00, 0x00, 0x00, 0x00, 0x00, 0x00, 0x00, 0x00, 0x00, 
    0x00, 0x00, 0x00, 0x00, 0x00, 0x00, 0x00, 0x00, 0x00, 0x00, 0x00, 0x00, 0x00, 0x00, 0x00, 0x00, 
    0x00, 0x00, 0x00, 0x00, 0x00, 0x00, 0x00, 0x00, 0x00, 0x00, 0x00, 0x00, 0x00, 0x00, 0x00, 0x00, 
    0x00, 0x00, 0x00, 0x00, 0x00, 0x00, 0x00, 0x00, 0x00, 0x00, 0x00, 0x00, 0x00, 0x00, 0x00, 0x00, 
    0x00, 0x00, 0x00, 0x00, 0x00, 0x00, 0x00, 0x00, 0x00, 0x00, 0x00, 0x00, 0x00, 0x00, 0x00, 0x00, 
    0x00, 0x1F, 0xFF, 0xFF, 0xFF, 0xFF, 0xFC, 0x00, 0x00, 0x3F, 0xFF, 0xFF, 0xFF, 0xFF, 0xFE, 0x00, 
    0x00, 0x3F, 0xFF, 0xFF, 0xFF, 0xFF, 0xFE, 0x00, 0x00, 0x38, 0x00, 0x00, 0x00, 0x00, 0x0E, 0x00, 
    0x00, 0x38, 0x00, 0x00, 0x00, 0x00, 0x0E, 0x00, 0x00, 0x38, 0x00, 0x00, 0x00, 0x00, 0x0E, 0x00, 
    0x00, 0x38, 0x00, 0x00, 0x00, 0x00, 0x0E, 0x00, 0x00, 0x38, 0x00, 0x00, 0x00, 0x03, 0x0E, 0x00, 
    0x00, 0x38, 0x00, 0x00, 0x00, 0x07, 0x0E, 0x00, 0x00, 0x38, 0x00, 0x00, 0x00, 0x0E, 0x0E, 0x00, 
    0x00, 0x38, 0x00, 0x00, 0x00, 0x1C, 0x0E, 0x00, 0x00, 0x38, 0x00, 0x00, 0x00, 0x38, 0x0E, 0x00, 
    0x00, 0x38, 0x00, 0x00, 0x00, 0x70, 0x0E, 0x00, 0x00, 0x38, 0x00, 0x00, 0x00, 0xE0, 0x0E, 0x00, 
    0x00, 0x38, 0x00, 0x60, 0x01, 0xC0, 0x0E, 0x00, 0x00, 0x38, 0x00, 0xF0, 0x03, 0x80, 0x0E, 0x00, 
    0x00, 0x38, 0x01, 0xF8, 0x0F, 0x00, 0x0E, 0x00, 0x00, 0x38, 0x03, 0xBC, 0x1E, 0x00, 0x0E, 0x00, 
    0x00, 0x38, 0x07, 0x1E, 0x3C, 0x00, 0x0E, 0x00, 0x00, 0x38, 0x0E, 0x0E, 0x78, 0x00, 0x0E, 0x00, 
    0x00, 0x38, 0x1C, 0x07, 0xF0, 0x00, 0x0E, 0x00, 0x00, 0x38, 0x38, 0x03, 0xE0, 0x00, 0x0E, 0x00, 
    0x00, 0x38, 0x70, 0x01, 0xC0, 0x00, 0x0E, 0x00, 0x00, 0x38, 0xE0, 0x00, 0x00, 0x00, 0x0E, 0x00, 
    0x00, 0x38, 0x40, 0x00, 0x00, 0x00, 0x0E, 0x00, 0x00, 0x38, 0x00, 0x00, 0x00, 0x00, 0x0E, 0x00, 
    0x00, 0x38, 0x00, 0x00, 0x00, 0x00, 0x0E, 0x00, 0x00, 0x38, 0x00, 0x00, 0x00, 0x00, 0x0E, 0x00, 
    0x00, 0x38, 0x00, 0x00, 0x00, 0x00, 0x0E, 0x00, 0x03, 0xFF, 0xFF, 0x00, 0x01, 0xFF, 0xFF, 0x00, 
    0x03, 0xFF, 0xFF, 0xFF, 0xFF, 0xFF, 0xFF, 0x80, 0x03, 0x80, 0x07, 0xFF, 0xFF, 0x80, 0x03, 0x80, 
    0x03, 0x00, 0x01, 0xFF, 0xFF, 0x00, 0x03, 0x80, 0x03, 0x80, 0x00, 0x00, 0x00, 0x00, 0x03, 0x80, 
    0x01, 0xC0, 0x00, 0x00, 0x00, 0x00, 0x07, 0x00, 0x01, 0xFF, 0xFF, 0xFF, 0xFF, 0xFF, 0xFF, 0x00, 
    0x00, 0xFF, 0xFF, 0xFF, 0xFF, 0xFF, 0xFE, 0x00, 0x00, 0x1F, 0xFF, 0xFF, 0xFF, 0xFF, 0xF0, 0x00, 
    0x00, 0x00, 0x00, 0x00, 0x00, 0x00, 0x00, 0x00, 0x00, 0x00, 0x00, 0x00, 0x00, 0x00, 0x00, 0x00, 
    0x00, 0x00, 0x00, 0x00, 0x00, 0x00, 0x00, 0x00, 0x00, 0x00, 0x00, 0x00, 0x00, 0x00, 0x00, 0x00, 
    0x00, 0x00, 0x00, 0x00, 0x00, 0x00, 0x00, 0x00, 0x00, 0x00, 0x00, 0x00, 0x00, 0x00, 0x00, 0x00, 
    0x00, 0x00, 0x00, 0x00, 0x00, 0x00, 0x00, 0x00, 0x00, 0x00, 0x00, 0x00, 0x00, 0x00, 0x00, 0x00, 
    0x00, 0x00, 0x00, 0x00, 0x00, 0x00, 0x00, 0x00, 0x00, 0x00, 0x00, 0x00, 0x00, 0x00, 0x00, 0x00, 
    0x00, 0x00, 0x00, 0x00, 0x00, 0x00, 0x00, 0x00, 0x00, 0x00, 0x00, 0x00, 0x00, 0x00, 0x00, 0x00, 
      },
  {
    0x00, 0x00, 0x00, 0x00, 0x00, 0x00, 0x00, 0x00, 0x00, 0x00, 0x00, 0x00, 0x00, 0x00, 0x00, 0x00, 
    0x00, 0x00, 0x00, 0x00, 0x00, 0x00, 0x00, 0x00, 0x00, 0x00, 0x00, 0x00, 0x00, 0x00, 0x00, 0x00, 
    0x00, 0x00, 0x00, 0x00, 0x00, 0x00, 0x00, 0x00, 0x00, 0x00, 0x00, 0x00, 0x00, 0x00, 0x00, 0x00, 
    0x00, 0x00, 0x00, 0x00, 0x00, 0x00, 0x00, 0x00, 0x00, 0x00, 0x00, 0x00, 0x00, 0x00, 0x00, 0x00, 
    0x00, 0x00, 0x00, 0x00, 0x00, 0x00, 0x00, 0x00, 0x00, 0x00, 0x00, 0x00, 0x00, 0x00, 0x00, 0x00, 
    0x00, 0x00, 0x00, 0x00, 0x00, 0x00, 0x00, 0x00, 0x00, 0x00, 0x00, 0x00, 0x00, 0x00, 0x00, 0x00, 
    0x00, 0x00, 0x00, 0x00, 0x00, 0x00, 0x00, 0x00, 0x00, 0x00, 0x00, 0x00, 0x00, 0x00, 0x00, 0x00, 
    0x00, 0x1F, 0xFF, 0xFF, 0xFF, 0xFF, 0xFC, 0x00, 0x00, 0x3F, 0xFF, 0xFF, 0xFF, 0xFF, 0xFE, 0x00, 
    0x00, 0x3F, 0xFF, 0xFF, 0xFF, 0xFF, 0xFE, 0x00, 0x00, 0x30, 0x00, 0x00, 0x00, 0x00, 0x0E, 0x00, 
    0x00, 0x38, 0x00, 0x00, 0x00, 0x00, 0x0E, 0x00, 0x00, 0x38, 0x00, 0x00, 0x00, 0x00, 0x0E, 0x00, 
    0x00, 0x38, 0x00, 0x00, 0x00, 0x00, 0x0E, 0x00, 0x00, 0x38, 0x00, 0x00, 0x00, 0x03, 0x0E, 0x00, 
    0x00, 0x38, 0x00, 0x00, 0x00, 0x0F, 0x0E, 0x00, 0x00, 0x38, 0x00, 0x00, 0x00, 0x1E, 0x0E, 0x00, 
    0x00, 0x38, 0x00, 0x00, 0x00, 0x3C, 0x0E, 0x00, 0x00, 0x38, 0x00, 0x00, 0x00, 0x78, 0x0E, 0x00, 
    0x00, 0x38, 0x00, 0x00, 0x00, 0xF0, 0x0E, 0x00, 0x00, 0x38, 0x00, 0x00, 0x01, 0xE0, 0x0E, 0x00, 
    0x00, 0x38, 0x00, 0x40, 0x03, 0xC0, 0x0E, 0x00, 0x00, 0x38, 0x00, 0xE0, 0x07, 0x80, 0x0E, 0x00, 
    0x00, 0x38, 0x01, 0xF0, 0x0F, 0x00, 0x0E, 0x00, 0x00, 0x38, 0x03, 0xB8, 0x1E, 0x00, 0x0E, 0x00, 
    0x00, 0x38, 0x07, 0x1C, 0x3C, 0x00, 0x0E, 0x00, 0x00, 0x38, 0x0E, 0x0E, 0x78, 0x00, 0x0E, 0x00, 
    0x00, 0x38, 0x1C, 0x07, 0xF0, 0x00, 0x0E, 0x00, 0x00, 0x38, 0x38, 0x03, 0xE0, 0x00, 0x0E, 0x00, 
    0x00, 0x38, 0x70, 0x01, 0x80, 0x00, 0x0E, 0x00, 0x00, 0x38, 0xE0, 0x00, 0x00, 0x00, 0x0E, 0x00, 
    0x00, 0x38, 0x40, 0x00, 0x00, 0x00, 0x0E, 0x00, 0x00, 0x38, 0x00, 0x00, 0x00, 0x00, 0x0E, 0x00, 
    0x00, 0x38, 0x00, 0x00, 0x00, 0x00, 0x0E, 0x00, 0x00, 0x38, 0x00, 0x00, 0x00, 0x00, 0x0E, 0x00, 
    0x00, 0x38, 0x00, 0x00, 0x00, 0x00, 0x0E, 0x00, 0x03, 0xFF, 0xFF, 0x00, 0x01, 0xFF, 0xFF, 0x80, 
    0x03, 0xFF, 0xFF, 0xFF, 0xFF, 0xFF, 0xFF, 0x80, 0x03, 0x80, 0x03, 0xFF, 0xFF, 0x80, 0x01, 0x80, 
    0x03, 0x00, 0x01, 0xFF, 0xFF, 0x00, 0x01, 0x80, 0x03, 0x80, 0x00, 0x00, 0x00, 0x00, 0x01, 0x80, 
    0x01, 0xC0, 0x00, 0x00, 0x00, 0x00, 0x03, 0x80, 0x01, 0xFF, 0xFF, 0xFF, 0xFF, 0xFF, 0xFF, 0x00, 
    0x00, 0xFF, 0xFF, 0xFF, 0xFF, 0xFF, 0xFE, 0x00, 0x00, 0x1F, 0xFF, 0xFF, 0xFF, 0xFF, 0xF8, 0x00, 
    0x00, 0x00, 0x00, 0x00, 0x00, 0x00, 0x00, 0x00, 0x00, 0x00, 0x00, 0x00, 0x00, 0x00, 0x00, 0x00, 
    0x00, 0x00, 0x00, 0x00, 0x00, 0x00, 0x00, 0x00, 0x00, 0x00, 0x00, 0x00, 0x00, 0x00, 0x00, 0x00, 
    0x00, 0x00, 0x00, 0x00, 0x00, 0x00, 0x00, 0x00, 0x00, 0x00, 0x00, 0x00, 0x00, 0x00, 0x00, 0x00, 
    0x00, 0x00, 0x00, 0x00, 0x00, 0x00, 0x00, 0x00, 0x00, 0x00, 0x00, 0x00, 0x00, 0x00, 0x00, 0x00, 
    0x00, 0x00, 0x00, 0x00, 0x00, 0x00, 0x00, 0x00, 0x00, 0x00, 0x00, 0x00, 0x00, 0x00, 0x00, 0x00, 
    0x00, 0x00, 0x00, 0x00, 0x00, 0x00, 0x00, 0x00, 0x00, 0x00, 0x00, 0x00, 0x00, 0x00, 0x00, 0x00, 
      },
  {
    0x00, 0x00, 0x00, 0x00, 0x00, 0x00, 0x00, 0x00, 0x00, 0x00, 0x00, 0x00, 0x00, 0x00, 0x00, 0x00, 
    0x00, 0x00, 0x00, 0x00, 0x00, 0x00, 0x00, 0x00, 0x00, 0x00, 0x00, 0x00, 0x00, 0x00, 0x00, 0x00, 
    0x00, 0x00, 0x00, 0x00, 0x00, 0x00, 0x00, 0x00, 0x00, 0x00, 0x00, 0x00, 0x00, 0x00, 0x00, 0x00, 
    0x00, 0x00, 0x00, 0x00, 0x00, 0x00, 0x00, 0x00, 0x00, 0x00, 0x00, 0x00, 0x00, 0x00, 0x00, 0x00, 
    0x00, 0x00, 0x00, 0x00, 0x00, 0x00, 0x00, 0x00, 0x00, 0x00, 0x00, 0x00, 0x00, 0x00, 0x00, 0x00, 
    0x00, 0x00, 0x00, 0x00, 0x00, 0x00, 0x00, 0x00, 0x00, 0x00, 0x00, 0x00, 0x00, 0x00, 0x00, 0x00, 
    0x00, 0x00, 0x00, 0x00, 0x00, 0x00, 0x00, 0x00, 0x00, 0x00, 0x00, 0x00, 0x00, 0x00, 0x00, 0x00, 
    0x00, 0x3F, 0xFF, 0xFF, 0xFF, 0xFF, 0xFC, 0x00, 0x00, 0x3F, 0xFF, 0xFF, 0xFF, 0xFF, 0xFC, 0x00, 
    0x00, 0x3F, 0xFF, 0xFF, 0xFF, 0xFF, 0xFC, 0x00, 0x00, 0x30, 0x00, 0x00, 0x00, 0x00, 0x0C, 0x00, 
    0x00, 0x30, 0x00, 0x00, 0x00, 0x00, 0x0C, 0x00, 0x00, 0x30, 0x00, 0x00, 0x00, 0x00, 0x0C, 0x00, 
    0x00, 0x30, 0x00, 0x00, 0x00, 0x00, 0x0C, 0x00, 0x00, 0x30, 0x00, 0x00, 0x00, 0x07, 0x0C, 0x00, 
    0x00, 0x30, 0x00, 0x00, 0x00, 0x0F, 0x0C, 0x00, 0x00, 0x30, 0x00, 0x00, 0x00, 0x1E, 0x0C, 0x00, 
    0x00, 0x30, 0x00, 0x00, 0x00, 0x3C, 0x0C, 0x00, 0x00, 0x30, 0x00, 0x00, 0x00, 0x78, 0x0C, 0x00, 
    0x00, 0x30, 0x00, 0x00, 0x00, 0xF0, 0x0C, 0x00, 0x00, 0x30, 0x00, 0x00, 0x01, 0xE0, 0x0C, 0x00, 
    0x00, 0x30, 0x00, 0x40, 0x03, 0xC0, 0x0C, 0x00, 0x00, 0x30, 0x00, 0xE0, 0x07, 0x80, 0x0C, 0x00, 
    0x00, 0x30, 0x01, 0xF0, 0x0F, 0x00, 0x0C, 0x00, 0x00, 0x30, 0x03, 0xB8, 0x1E, 0x00, 0x0C, 0x00, 
    0x00, 0x30, 0x07, 0x1C, 0x38, 0x00, 0x0C, 0x00, 0x00, 0x30, 0x0E, 0x0E, 0x70, 0x00, 0x0C, 0x00, 
    0x00, 0x30, 0x1C, 0x07, 0xE0, 0x00, 0x0C, 0x00, 0x00, 0x30, 0x38, 0x03, 0xC0, 0x00, 0x0C, 0x00, 
    0x00, 0x30, 0x70, 0x01, 0x80, 0x00, 0x0C, 0x00, 0x00, 0x30, 0xE0, 0x00, 0x00, 0x00, 0x0C, 0x00, 
    0x00, 0x30, 0x40, 0x00, 0x00, 0x00, 0x0C, 0x00, 0x00, 0x30, 0x00, 0x00, 0x00, 0x00, 0x0C, 0x00, 
    0x00, 0x30, 0x00, 0x00, 0x00, 0x00, 0x0C, 0x00, 0x00, 0x30, 0x00, 0x00, 0x00, 0x00, 0x0C, 0x00, 
    0x00, 0x30, 0x00, 0x00, 0x00, 0x00, 0x0C, 0x00, 0x03, 0xFF, 0xFF, 0x00, 0x00, 0xFF, 0xFF, 0xC0, 
    0x03, 0xFF, 0xFF, 0xFF, 0xFF, 0xFF, 0xFF, 0xC0, 0x03, 0x80, 0x03, 0xFF, 0xFF, 0xC0, 0x01, 0xC0, 
    0x03, 0x00, 0x01, 0xFF, 0xFF, 0x80, 0x00, 0xC0, 0x03, 0x80, 0x00, 0x00, 0x00, 0x00, 0x01, 0xC0, 
    0x01, 0xC0, 0x00, 0x00, 0x00, 0x00, 0x03, 0x80, 0x01, 0xFF, 0xFF, 0xFF, 0xFF, 0xFF, 0xFF, 0x80, 
    0x00, 0xFF, 0xFF, 0xFF, 0xFF, 0xFF, 0xFF, 0x00, 0x00, 0x1F, 0xFF, 0xFF, 0xFF, 0xFF, 0xF8, 0x00, 
    0x00, 0x00, 0x00, 0x00, 0x00, 0x00, 0x00, 0x00, 0x00, 0x00, 0x00, 0x00, 0x00, 0x00, 0x00, 0x00, 
    0x00, 0x00, 0x00, 0x00, 0x00, 0x00, 0x00, 0x00, 0x00, 0x00, 0x00, 0x00, 0x00, 0x00, 0x00, 0x00, 
    0x00, 0x00, 0x00, 0x00, 0x00, 0x00, 0x00, 0x00, 0x00, 0x00, 0x00, 0x00, 0x00, 0x00, 0x00, 0x00, 
    0x00, 0x00, 0x00, 0x00, 0x00, 0x00, 0x00, 0x00, 0x00, 0x00, 0x00, 0x00, 0x00, 0x00, 0x00, 0x00, 
    0x00, 0x00, 0x00, 0x00, 0x00, 0x00, 0x00, 0x00, 0x00, 0x00, 0x00, 0x00, 0x00, 0x00, 0x00, 0x00, 
    0x00, 0x00, 0x00, 0x00, 0x00, 0x00, 0x00, 0x00, 0x00, 0x00, 0x00, 0x00, 0x00, 0x00, 0x00, 0x00, 
      },
};

#endif
