#ifndef ANIMATION_MONITOR_H
#define ANIMATION_MONITOR_H

#include <pgmspace.h>

#define MONITOR_FRAMES 57
#define MONITOR_WIDTH  64
#define MONITOR_HEIGHT 64

const uint8_t monitor_frames[][512] PROGMEM = {
  {
    0x00, 0x00, 0x00, 0x00, 0x00, 0x00, 0x00, 0x00, 0x00, 0x00, 0x00, 0x00, 0x00, 0x00, 0x00, 0x00, 
    0x00, 0x00, 0x00, 0x00, 0x00, 0x00, 0x00, 0x00, 0x00, 0x00, 0x00, 0x00, 0x00, 0x00, 0x00, 0x00, 
    0x00, 0x00, 0x00, 0x00, 0x00, 0x00, 0x00, 0x00, 0x00, 0x00, 0x00, 0x00, 0x00, 0x00, 0x00, 0x00, 
    0x00, 0x00, 0x00, 0x00, 0x00, 0x00, 0x00, 0x00, 0x00, 0x00, 0x00, 0x00, 0x00, 0x00, 0x00, 0x00, 
    0x00, 0x00, 0x00, 0x00, 0x00, 0x00, 0x00, 0x00, 0x00, 0x00, 0x00, 0x00, 0x00, 0x00, 0x00, 0x00, 
    0x00, 0x00, 0x00, 0x00, 0x00, 0x00, 0x00, 0x00, 0x00, 0x3F, 0xFF, 0xFF, 0xFF, 0xFF, 0xFC, 0x00, 
    0x00, 0x7F, 0xFF, 0xFF, 0xFF, 0xFF, 0xFE, 0x00, 0x00, 0xE0, 0x00, 0x00, 0x00, 0x00, 0x07, 0x00, 
    0x00, 0xC0, 0x00, 0x00, 0x00, 0x00, 0x03, 0x00, 0x00, 0xC0, 0x00, 0x00, 0x00, 0x00, 0x03, 0x00, 
    0x00, 0xC3, 0xFF, 0xE0, 0xFF, 0xFF, 0xC3, 0x00, 0x00, 0xC7, 0xFF, 0xE1, 0xFF, 0xFF, 0xE3, 0x00, 
    0x00, 0xC7, 0xFF, 0xE1, 0xFF, 0xFF, 0xE3, 0x00, 0x00, 0xC7, 0x80, 0xE1, 0x80, 0x00, 0xE3, 0x00, 
    0x00, 0xC7, 0xC1, 0xE1, 0x80, 0x00, 0xE3, 0x00, 0x00, 0xC7, 0xE3, 0xE1, 0x80, 0x00, 0xE3, 0x00, 
    0x00, 0xC7, 0x67, 0x61, 0xFF, 0xFF, 0xE3, 0x00, 0x00, 0xC7, 0x77, 0x61, 0xFF, 0xFF, 0xC3, 0x00, 
    0x00, 0xC7, 0x3E, 0x60, 0xFF, 0xFF, 0x83, 0x00, 0x00, 0xC7, 0x1C, 0x60, 0x00, 0x00, 0x03, 0x00, 
    0x00, 0xC7, 0x1C, 0x60, 0x00, 0x00, 0x03, 0x00, 0x00, 0xC7, 0x3E, 0x60, 0x00, 0x00, 0x03, 0x00, 
    0x00, 0xC7, 0x7E, 0x61, 0xFE, 0x1F, 0xC3, 0x00, 0x00, 0xC7, 0x77, 0x61, 0xFE, 0x3F, 0xE3, 0x00, 
    0x00, 0xC7, 0xE3, 0xE1, 0x8E, 0x38, 0xE3, 0x00, 0x00, 0xC7, 0xC1, 0xE1, 0x86, 0x38, 0xE3, 0x00, 
    0x00, 0xC7, 0xC1, 0xE1, 0x86, 0x38, 0xE3, 0x00, 0x00, 0xC7, 0x80, 0xE1, 0x8E, 0x38, 0xE3, 0x00, 
    0x00, 0xC7, 0xFF, 0xE1, 0xFE, 0x3F, 0xE3, 0x00, 0x00, 0xC3, 0xFF, 0xE1, 0xFE, 0x1F, 0xC3, 0x00, 
    0x00, 0xC0, 0x00, 0x00, 0x00, 0x00, 0x03, 0x00, 0x00, 0xC0, 0x00, 0x00, 0x00, 0x00, 0x03, 0x00, 
    0x00, 0xC0, 0x00, 0x00, 0x00, 0x00, 0x03, 0x00, 0x00, 0xFF, 0xFF, 0xFF, 0xFF, 0xFF, 0xFF, 0x00, 
    0x00, 0xFF, 0xFF, 0xFF, 0xFF, 0xFF, 0xFF, 0x00, 0x00, 0xFF, 0xFF, 0xFF, 0xFF, 0xFF, 0xFF, 0x00, 
    0x00, 0xC0, 0x00, 0x00, 0x00, 0x00, 0x03, 0x00, 0x00, 0xC0, 0x00, 0x00, 0x00, 0x00, 0x03, 0x00, 
    0x00, 0xE0, 0x00, 0x00, 0x00, 0x00, 0x07, 0x00, 0x00, 0x7F, 0xFF, 0xFF, 0xFF, 0xFF, 0xFE, 0x00, 
    0x00, 0x3F, 0xFF, 0xFF, 0xFF, 0xFF, 0xFC, 0x00, 0x00, 0x0F, 0xFF, 0xFF, 0xFF, 0xFF, 0xF0, 0x00, 
    0x00, 0x00, 0x00, 0x0C, 0x30, 0x00, 0x00, 0x00, 0x00, 0x00, 0x00, 0x0C, 0x30, 0x00, 0x00, 0x00, 
    0x00, 0x00, 0x00, 0x0C, 0x30, 0x00, 0x00, 0x00, 0x00, 0x00, 0x03, 0xFF, 0xFF, 0xC0, 0x00, 0x00, 
    0x00, 0x00, 0x03, 0xFF, 0xFF, 0xC0, 0x00, 0x00, 0x00, 0x00, 0x00, 0x00, 0x00, 0x00, 0x00, 0x00, 
    0x00, 0x00, 0x00, 0x00, 0x00, 0x00, 0x00, 0x00, 0x00, 0x00, 0x00, 0x00, 0x00, 0x00, 0x00, 0x00, 
    0x00, 0x00, 0x00, 0x00, 0x00, 0x00, 0x00, 0x00, 0x00, 0x00, 0x00, 0x00, 0x00, 0x00, 0x00, 0x00, 
    0x00, 0x00, 0x00, 0x00, 0x00, 0x00, 0x00, 0x00, 0x00, 0x00, 0x00, 0x00, 0x00, 0x00, 0x00, 0x00, 
    0x00, 0x00, 0x00, 0x00, 0x00, 0x00, 0x00, 0x00, 0x00, 0x00, 0x00, 0x00, 0x00, 0x00, 0x00, 0x00, 
    0x00, 0x00, 0x00, 0x00, 0x00, 0x00, 0x00, 0x00, 0x00, 0x00, 0x00, 0x00, 0x00, 0x00, 0x00, 0x00, 
      },
  {
    0x00, 0x00, 0x00, 0x00, 0x00, 0x00, 0x00, 0x00, 0x00, 0x00, 0x00, 0x00, 0x00, 0x00, 0x00, 0x00, 
    0x00, 0x00, 0x00, 0x00, 0x00, 0x00, 0x00, 0x00, 0x00, 0x00, 0x00, 0x00, 0x00, 0x00, 0x00, 0x00, 
    0x00, 0x00, 0x00, 0x00, 0x00, 0x00, 0x00, 0x00, 0x00, 0x00, 0x00, 0x00, 0x00, 0x00, 0x00, 0x00, 
    0x00, 0x00, 0x00, 0x00, 0x00, 0x00, 0x00, 0x00, 0x00, 0x00, 0x00, 0x00, 0x00, 0x00, 0x00, 0x00, 
    0x00, 0x00, 0x00, 0x00, 0x00, 0x00, 0x00, 0x00, 0x00, 0x00, 0x00, 0x00, 0x00, 0x00, 0x00, 0x00, 
    0x00, 0x00, 0x00, 0x00, 0x00, 0x00, 0x00, 0x00, 0x00, 0x3F, 0xFF, 0xFF, 0xFF, 0xFF, 0xFC, 0x00, 
    0x00, 0x7F, 0xFF, 0xFF, 0xFF, 0xFF, 0xFE, 0x00, 0x00, 0xE0, 0x00, 0x00, 0x00, 0x00, 0x07, 0x00, 
    0x00, 0xC0, 0x00, 0x00, 0x00, 0x00, 0x03, 0x00, 0x00, 0xC0, 0x00, 0x00, 0x00, 0x00, 0x03, 0x00, 
    0x00, 0xC3, 0xFF, 0xE0, 0xFF, 0xFF, 0xC3, 0x00, 0x00, 0xC7, 0xFF, 0xE1, 0xFF, 0xFF, 0xE3, 0x00, 
    0x00, 0xC7, 0xFF, 0xE1, 0xFF, 0xFF, 0xE3, 0x00, 0x00, 0xC7, 0x80, 0xE1, 0x80, 0x00, 0xE3, 0x00, 
    0x00, 0xC7, 0xC1, 0xE1, 0x80, 0x00, 0xE3, 0x00, 0x00, 0xC7, 0xE3, 0xE1, 0x80, 0x00, 0xE3, 0x00, 
    0x00, 0xC7, 0x67, 0x61, 0xFF, 0xFF, 0xE3, 0x00, 0x00, 0xC7, 0x77, 0x61, 0xFF, 0xFF, 0xC3, 0x00, 
    0x00, 0xC7, 0x3E, 0x60, 0xFF, 0xFF, 0x83, 0x00, 0x00, 0xC7, 0x1C, 0x60, 0x00, 0x00, 0x03, 0x00, 
    0x00, 0xC7, 0x1C, 0x60, 0x00, 0x00, 0x03, 0x00, 0x00, 0xC7, 0x3E, 0x60, 0x00, 0x00, 0x03, 0x00, 
    0x00, 0xC7, 0x7E, 0x61, 0xFE, 0x1F, 0xC3, 0x00, 0x00, 0xC7, 0x77, 0x61, 0xFE, 0x3F, 0xE3, 0x00, 
    0x00, 0xC7, 0xE3, 0xE1, 0x8E, 0x38, 0xE3, 0x00, 0x00, 0xC7, 0xC1, 0xE1, 0x86, 0x38, 0xE3, 0x00, 
    0x00, 0xC7, 0xC1, 0xE1, 0x86, 0x38, 0xE3, 0x00, 0x00, 0xC7, 0x80, 0xE1, 0x8E, 0x38, 0xE3, 0x00, 
    0x00, 0xC7, 0xFF, 0xE1, 0xFE, 0x3F, 0xE3, 0x00, 0x00, 0xC3, 0xFF, 0xE1, 0xFE, 0x1F, 0xC3, 0x00, 
    0x00, 0xC0, 0x00, 0x00, 0x00, 0x00, 0x03, 0x00, 0x00, 0xC0, 0x00, 0x00, 0x00, 0x00, 0x03, 0x00, 
    0x00, 0xC0, 0x00, 0x00, 0x00, 0x00, 0x03, 0x00, 0x00, 0xFF, 0xFF, 0xFF, 0xFF, 0xFF, 0xFF, 0x00, 
    0x00, 0xFF, 0xFF, 0xFF, 0xFF, 0xFF, 0xFF, 0x00, 0x00, 0xFF, 0xFF, 0xFF, 0xFF, 0xFF, 0xFF, 0x00, 
    0x00, 0xC0, 0x00, 0x00, 0x00, 0x00, 0x03, 0x00, 0x00, 0xC0, 0x00, 0x00, 0x00, 0x00, 0x03, 0x00, 
    0x00, 0xE0, 0x00, 0x00, 0x00, 0x00, 0x07, 0x00, 0x00, 0x7F, 0xFF, 0xFF, 0xFF, 0xFF, 0xFE, 0x00, 
    0x00, 0x3F, 0xFF, 0xFF, 0xFF, 0xFF, 0xFC, 0x00, 0x00, 0x0F, 0xFF, 0xFF, 0xFF, 0xFF, 0xF0, 0x00, 
    0x00, 0x00, 0x00, 0x0C, 0x30, 0x00, 0x00, 0x00, 0x00, 0x00, 0x00, 0x0C, 0x30, 0x00, 0x00, 0x00, 
    0x00, 0x00, 0x00, 0x0C, 0x30, 0x00, 0x00, 0x00, 0x00, 0x00, 0x03, 0xFF, 0xFF, 0xC0, 0x00, 0x00, 
    0x00, 0x00, 0x03, 0xFF, 0xFF, 0xC0, 0x00, 0x00, 0x00, 0x00, 0x00, 0x00, 0x00, 0x00, 0x00, 0x00, 
    0x00, 0x00, 0x00, 0x00, 0x00, 0x00, 0x00, 0x00, 0x00, 0x00, 0x00, 0x00, 0x00, 0x00, 0x00, 0x00, 
    0x00, 0x00, 0x00, 0x00, 0x00, 0x00, 0x00, 0x00, 0x00, 0x00, 0x00, 0x00, 0x00, 0x00, 0x00, 0x00, 
    0x00, 0x00, 0x00, 0x00, 0x00, 0x00, 0x00, 0x00, 0x00, 0x00, 0x00, 0x00, 0x00, 0x00, 0x00, 0x00, 
    0x00, 0x00, 0x00, 0x00, 0x00, 0x00, 0x00, 0x00, 0x00, 0x00, 0x00, 0x00, 0x00, 0x00, 0x00, 0x00, 
    0x00, 0x00, 0x00, 0x00, 0x00, 0x00, 0x00, 0x00, 0x00, 0x00, 0x00, 0x00, 0x00, 0x00, 0x00, 0x00, 
      },
  {
    0x00, 0x00, 0x00, 0x00, 0x00, 0x00, 0x00, 0x00, 0x00, 0x00, 0x00, 0x00, 0x00, 0x00, 0x00, 0x00, 
    0x00, 0x00, 0x00, 0x00, 0x00, 0x00, 0x00, 0x00, 0x00, 0x00, 0x00, 0x00, 0x00, 0x00, 0x00, 0x00, 
    0x00, 0x00, 0x00, 0x00, 0x00, 0x00, 0x00, 0x00, 0x00, 0x00, 0x00, 0x00, 0x00, 0x00, 0x00, 0x00, 
    0x00, 0x00, 0x00, 0x00, 0x00, 0x00, 0x00, 0x00, 0x00, 0x00, 0x00, 0x00, 0x00, 0x00, 0x00, 0x00, 
    0x00, 0x00, 0x00, 0x00, 0x00, 0x00, 0x00, 0x00, 0x00, 0x00, 0x00, 0x00, 0x00, 0x00, 0x00, 0x00, 
    0x00, 0x00, 0x00, 0x00, 0x00, 0x00, 0x00, 0x00, 0x00, 0x3F, 0xFF, 0xFF, 0xFF, 0xFF, 0xFC, 0x00, 
    0x00, 0x7F, 0xFF, 0xFF, 0xFF, 0xFF, 0xFE, 0x00, 0x00, 0xE0, 0x00, 0x00, 0x00, 0x00, 0x07, 0x00, 
    0x00, 0xC0, 0x00, 0x00, 0x00, 0x00, 0x03, 0x00, 0x00, 0xC0, 0x00, 0x00, 0x00, 0x00, 0x03, 0x00, 
    0x00, 0xC3, 0xFF, 0xE0, 0xFF, 0xFF, 0xC3, 0x00, 0x00, 0xC7, 0xFF, 0xE1, 0xFF, 0xFF, 0xE3, 0x00, 
    0x00, 0xC7, 0xFF, 0xE1, 0xFF, 0xFF, 0xE3, 0x00, 0x00, 0xC7, 0x80, 0xE1, 0x80, 0x00, 0xE3, 0x00, 
    0x00, 0xC7, 0xC1, 0xE1, 0x80, 0x00, 0xE3, 0x00, 0x00, 0xC7, 0xE3, 0xE1, 0x80, 0x00, 0xE3, 0x00, 
    0x00, 0xC7, 0x67, 0x61, 0xFF, 0xFF, 0xE3, 0x00, 0x00, 0xC7, 0x77, 0x61, 0xFF, 0xFF, 0xC3, 0x00, 
    0x00, 0xC7, 0x3E, 0x60, 0x00, 0x00, 0x03, 0x00, 0x00, 0xC7, 0x1C, 0x60, 0x00, 0x00, 0x03, 0x00, 
    0x00, 0xC7, 0x1C, 0x60, 0x00, 0x00, 0x03, 0x00, 0x00, 0xC7, 0x3E, 0x60, 0x00, 0x00, 0x03, 0x00, 
    0x00, 0xC7, 0x7E, 0x61, 0xFE, 0x1F, 0xC3, 0x00, 0x00, 0xC7, 0x77, 0x61, 0xFE, 0x3F, 0xE3, 0x00, 
    0x00, 0xC7, 0xE3, 0xE1, 0x8E, 0x38, 0xE3, 0x00, 0x00, 0xC7, 0xC1, 0xE1, 0x86, 0x38, 0xE3, 0x00, 
    0x00, 0xC7, 0xC1, 0xE1, 0x86, 0x38, 0xE3, 0x00, 0x00, 0xC7, 0x80, 0xE1, 0x8E, 0x38, 0xE3, 0x00, 
    0x00, 0xC7, 0xFF, 0xE1, 0xFE, 0x3F, 0xE3, 0x00, 0x00, 0xC3, 0xFF, 0xE1, 0xFE, 0x1F, 0xC3, 0x00, 
    0x00, 0xC0, 0x00, 0x00, 0x00, 0x00, 0x03, 0x00, 0x00, 0xC0, 0x00, 0x00, 0x00, 0x00, 0x03, 0x00, 
    0x00, 0xC0, 0x00, 0x00, 0x00, 0x00, 0x03, 0x00, 0x00, 0xFF, 0xFF, 0xFF, 0xFF, 0xFF, 0xFF, 0x00, 
    0x00, 0xFF, 0xFF, 0xFF, 0xFF, 0xFF, 0xFF, 0x00, 0x00, 0xFF, 0xFF, 0xFF, 0xFF, 0xFF, 0xFF, 0x00, 
    0x00, 0xC0, 0x00, 0x00, 0x00, 0x00, 0x03, 0x00, 0x00, 0xC0, 0x00, 0x00, 0x00, 0x00, 0x03, 0x00, 
    0x00, 0xE0, 0x00, 0x00, 0x00, 0x00, 0x07, 0x00, 0x00, 0x7F, 0xFF, 0xFF, 0xFF, 0xFF, 0xFE, 0x00, 
    0x00, 0x3F, 0xFF, 0xFF, 0xFF, 0xFF, 0xFC, 0x00, 0x00, 0x0F, 0xFF, 0xFF, 0xFF, 0xFF, 0xF0, 0x00, 
    0x00, 0x00, 0x00, 0x0C, 0x30, 0x00, 0x00, 0x00, 0x00, 0x00, 0x00, 0x0C, 0x30, 0x00, 0x00, 0x00, 
    0x00, 0x00, 0x00, 0x0C, 0x30, 0x00, 0x00, 0x00, 0x00, 0x00, 0x03, 0xFF, 0xFF, 0xC0, 0x00, 0x00, 
    0x00, 0x00, 0x03, 0xFF, 0xFF, 0xC0, 0x00, 0x00, 0x00, 0x00, 0x00, 0x00, 0x00, 0x00, 0x00, 0x00, 
    0x00, 0x00, 0x00, 0x00, 0x00, 0x00, 0x00, 0x00, 0x00, 0x00, 0x00, 0x00, 0x00, 0x00, 0x00, 0x00, 
    0x00, 0x00, 0x00, 0x00, 0x00, 0x00, 0x00, 0x00, 0x00, 0x00, 0x00, 0x00, 0x00, 0x00, 0x00, 0x00, 
    0x00, 0x00, 0x00, 0x00, 0x00, 0x00, 0x00, 0x00, 0x00, 0x00, 0x00, 0x00, 0x00, 0x00, 0x00, 0x00, 
    0x00, 0x00, 0x00, 0x00, 0x00, 0x00, 0x00, 0x00, 0x00, 0x00, 0x00, 0x00, 0x00, 0x00, 0x00, 0x00, 
    0x00, 0x00, 0x00, 0x00, 0x00, 0x00, 0x00, 0x00, 0x00, 0x00, 0x00, 0x00, 0x00, 0x00, 0x00, 0x00, 
      },
  {
    0x00, 0x00, 0x00, 0x00, 0x00, 0x00, 0x00, 0x00, 0x00, 0x00, 0x00, 0x00, 0x00, 0x00, 0x00, 0x00, 
    0x00, 0x00, 0x00, 0x00, 0x00, 0x00, 0x00, 0x00, 0x00, 0x00, 0x00, 0x00, 0x00, 0x00, 0x00, 0x00, 
    0x00, 0x00, 0x00, 0x00, 0x00, 0x00, 0x00, 0x00, 0x00, 0x00, 0x00, 0x00, 0x00, 0x00, 0x00, 0x00, 
    0x00, 0x00, 0x00, 0x00, 0x00, 0x00, 0x00, 0x00, 0x00, 0x00, 0x00, 0x00, 0x00, 0x00, 0x00, 0x00, 
    0x00, 0x00, 0x00, 0x00, 0x00, 0x00, 0x00, 0x00, 0x00, 0x00, 0x00, 0x00, 0x00, 0x00, 0x00, 0x00, 
    0x00, 0x00, 0x00, 0x00, 0x00, 0x00, 0x00, 0x00, 0x00, 0x3F, 0xFF, 0xFF, 0xFF, 0xFF, 0xFC, 0x00, 
    0x00, 0x7F, 0xFF, 0xFF, 0xFF, 0xFF, 0xFE, 0x00, 0x00, 0xE0, 0x00, 0x00, 0x00, 0x00, 0x07, 0x00, 
    0x00, 0xC0, 0x00, 0x00, 0x00, 0x00, 0x03, 0x00, 0x00, 0xC0, 0x00, 0x00, 0x00, 0x00, 0x03, 0x00, 
    0x00, 0xC3, 0xFF, 0xE1, 0xFF, 0xFF, 0xC3, 0x00, 0x00, 0xC7, 0xFF, 0xE1, 0xFF, 0xFF, 0xE3, 0x00, 
    0x00, 0xC7, 0xFF, 0xE1, 0xFF, 0xFF, 0xE3, 0x00, 0x00, 0xC7, 0x81, 0xE1, 0x80, 0x00, 0xE3, 0x00, 
    0x00, 0xC7, 0xC1, 0xE1, 0x80, 0x00, 0xE3, 0x00, 0x00, 0xC7, 0xE3, 0xE1, 0x80, 0x00, 0xE3, 0x00, 
    0x00, 0xC7, 0x67, 0x61, 0xFF, 0xFF, 0xE3, 0x00, 0x00, 0xC7, 0x77, 0x61, 0xFF, 0xFF, 0xC3, 0x00, 
    0x00, 0xC7, 0x3E, 0x60, 0x00, 0x00, 0x03, 0x00, 0x00, 0xC7, 0x1C, 0x60, 0x00, 0x00, 0x03, 0x00, 
    0x00, 0xC7, 0x1C, 0x60, 0x00, 0x00, 0x03, 0x00, 0x00, 0xC7, 0x3E, 0x60, 0x00, 0x00, 0x03, 0x00, 
    0x00, 0xC7, 0x7E, 0x61, 0xFE, 0x1F, 0xC3, 0x00, 0x00, 0xC7, 0x77, 0x61, 0xFE, 0x3F, 0xE3, 0x00, 
    0x00, 0xC7, 0xE3, 0xE1, 0x86, 0x38, 0xE3, 0x00, 0x00, 0xC7, 0xC1, 0xE1, 0x86, 0x38, 0xE3, 0x00, 
    0x00, 0xC7, 0xC1, 0xE1, 0x86, 0x38, 0xE3, 0x00, 0x00, 0xC7, 0x80, 0xE1, 0xCE, 0x38, 0xE3, 0x00, 
    0x00, 0xC7, 0xFF, 0xE1, 0xFE, 0x3F, 0xE3, 0x00, 0x00, 0xC3, 0xFF, 0xE1, 0xFE, 0x1F, 0xC3, 0x00, 
    0x00, 0xC0, 0x00, 0x00, 0x00, 0x00, 0x03, 0x00, 0x00, 0xC0, 0x00, 0x00, 0x00, 0x00, 0x03, 0x00, 
    0x00, 0xC0, 0x00, 0x00, 0x00, 0x00, 0x03, 0x00, 0x00, 0xFF, 0xFF, 0xFF, 0xFF, 0xFF, 0xFF, 0x00, 
    0x00, 0xFF, 0xFF, 0xFF, 0xFF, 0xFF, 0xFF, 0x00, 0x00, 0xFF, 0xFF, 0xFF, 0xFF, 0xFF, 0xFF, 0x00, 
    0x00, 0xC0, 0x00, 0x00, 0x00, 0x00, 0x03, 0x00, 0x00, 0xC0, 0x00, 0x00, 0x00, 0x00, 0x03, 0x00, 
    0x00, 0xE0, 0x00, 0x00, 0x00, 0x00, 0x07, 0x00, 0x00, 0x7F, 0xFF, 0xFF, 0xFF, 0xFF, 0xFE, 0x00, 
    0x00, 0x3F, 0xFF, 0xFF, 0xFF, 0xFF, 0xFC, 0x00, 0x00, 0x0F, 0xFF, 0xFF, 0xFF, 0xFF, 0xF0, 0x00, 
    0x00, 0x00, 0x00, 0x0C, 0x30, 0x00, 0x00, 0x00, 0x00, 0x00, 0x00, 0x0C, 0x30, 0x00, 0x00, 0x00, 
    0x00, 0x00, 0x00, 0x0C, 0x30, 0x00, 0x00, 0x00, 0x00, 0x00, 0x03, 0xFF, 0xFF, 0xC0, 0x00, 0x00, 
    0x00, 0x00, 0x03, 0xFF, 0xFF, 0xC0, 0x00, 0x00, 0x00, 0x00, 0x00, 0x00, 0x00, 0x00, 0x00, 0x00, 
    0x00, 0x00, 0x00, 0x00, 0x00, 0x00, 0x00, 0x00, 0x00, 0x00, 0x00, 0x00, 0x00, 0x00, 0x00, 0x00, 
    0x00, 0x00, 0x00, 0x00, 0x00, 0x00, 0x00, 0x00, 0x00, 0x00, 0x00, 0x00, 0x00, 0x00, 0x00, 0x00, 
    0x00, 0x00, 0x00, 0x00, 0x00, 0x00, 0x00, 0x00, 0x00, 0x00, 0x00, 0x00, 0x00, 0x00, 0x00, 0x00, 
    0x00, 0x00, 0x00, 0x00, 0x00, 0x00, 0x00, 0x00, 0x00, 0x00, 0x00, 0x00, 0x00, 0x00, 0x00, 0x00, 
    0x00, 0x00, 0x00, 0x00, 0x00, 0x00, 0x00, 0x00, 0x00, 0x00, 0x00, 0x00, 0x00, 0x00, 0x00, 0x00, 
      },
  {
    0x00, 0x00, 0x00, 0x00, 0x00, 0x00, 0x00, 0x00, 0x00, 0x00, 0x00, 0x00, 0x00, 0x00, 0x00, 0x00, 
    0x00, 0x00, 0x00, 0x00, 0x00, 0x00, 0x00, 0x00, 0x00, 0x00, 0x00, 0x00, 0x00, 0x00, 0x00, 0x00, 
    0x00, 0x00, 0x00, 0x00, 0x00, 0x00, 0x00, 0x00, 0x00, 0x00, 0x00, 0x00, 0x00, 0x00, 0x00, 0x00, 
    0x00, 0x00, 0x00, 0x00, 0x00, 0x00, 0x00, 0x00, 0x00, 0x00, 0x00, 0x00, 0x00, 0x00, 0x00, 0x00, 
    0x00, 0x00, 0x00, 0x00, 0x00, 0x00, 0x00, 0x00, 0x00, 0x00, 0x00, 0x00, 0x00, 0x00, 0x00, 0x00, 
    0x00, 0x00, 0x00, 0x00, 0x00, 0x00, 0x00, 0x00, 0x00, 0x3F, 0xFF, 0xFF, 0xFF, 0xFF, 0xFC, 0x00, 
    0x00, 0x7F, 0xFF, 0xFF, 0xFF, 0xFF, 0xFE, 0x00, 0x00, 0xE0, 0x00, 0x00, 0x00, 0x00, 0x07, 0x00, 
    0x00, 0xC0, 0x00, 0x00, 0x00, 0x00, 0x03, 0x00, 0x00, 0xC0, 0x00, 0x00, 0x00, 0x00, 0x03, 0x00, 
    0x00, 0xC3, 0xFF, 0xE1, 0xFF, 0xFF, 0xC3, 0x00, 0x00, 0xC7, 0xFF, 0xE1, 0xFF, 0xFF, 0xE3, 0x00, 
    0x00, 0xC7, 0xFF, 0xE1, 0xFF, 0xFF, 0xE3, 0x00, 0x00, 0xC7, 0x81, 0xE1, 0x80, 0x00, 0xE3, 0x00, 
    0x00, 0xC7, 0xC1, 0xE1, 0x80, 0x00, 0xE3, 0x00, 0x00, 0xC7, 0xE3, 0xE1, 0x80, 0x00, 0xE3, 0x00, 
    0x00, 0xC7, 0x77, 0x61, 0xFF, 0xFF, 0xE3, 0x00, 0x00, 0xC7, 0x7E, 0x61, 0xFF, 0xFF, 0xC3, 0x00, 
    0x00, 0xC7, 0x3E, 0x60, 0x00, 0x00, 0x03, 0x00, 0x00, 0xC7, 0x1C, 0x60, 0x00, 0x00, 0x03, 0x00, 
    0x00, 0xC7, 0x1C, 0x60, 0x00, 0x00, 0x03, 0x00, 0x00, 0xC7, 0x3E, 0x60, 0x00, 0x00, 0x03, 0x00, 
    0x00, 0xC7, 0x77, 0x61, 0xFE, 0x3F, 0xC3, 0x00, 0x00, 0xC7, 0x77, 0x61, 0xFE, 0x3F, 0xE3, 0x00, 
    0x00, 0xC7, 0xE3, 0xE1, 0x86, 0x38, 0xE3, 0x00, 0x00, 0xC7, 0xC1, 0xE1, 0x86, 0x38, 0xE3, 0x00, 
    0x00, 0xC7, 0x81, 0xE1, 0x86, 0x38, 0xE3, 0x00, 0x00, 0xC7, 0xFF, 0xE1, 0xFE, 0x3F, 0xE3, 0x00, 
    0x00, 0xC7, 0xFF, 0xE1, 0xFE, 0x3F, 0xE3, 0x00, 0x00, 0xC3, 0xFF, 0xE1, 0xFC, 0x1F, 0xC3, 0x00, 
    0x00, 0xC0, 0x00, 0x00, 0x00, 0x00, 0x03, 0x00, 0x00, 0xC0, 0x00, 0x00, 0x00, 0x00, 0x03, 0x00, 
    0x00, 0xC0, 0x00, 0x00, 0x00, 0x00, 0x03, 0x00, 0x00, 0xFF, 0xFF, 0xFF, 0xFF, 0xFF, 0xFF, 0x00, 
    0x00, 0xFF, 0xFF, 0xFF, 0xFF, 0xFF, 0xFF, 0x00, 0x00, 0xFF, 0xFF, 0xFF, 0xFF, 0xFF, 0xFF, 0x00, 
    0x00, 0xC0, 0x00, 0x00, 0x00, 0x00, 0x03, 0x00, 0x00, 0xC0, 0x00, 0x00, 0x00, 0x00, 0x03, 0x00, 
    0x00, 0xE0, 0x00, 0x00, 0x00, 0x00, 0x07, 0x00, 0x00, 0x7F, 0xFF, 0xFF, 0xFF, 0xFF, 0xFE, 0x00, 
    0x00, 0x3F, 0xFF, 0xFF, 0xFF, 0xFF, 0xFC, 0x00, 0x00, 0x0F, 0xFF, 0xFF, 0xFF, 0xFF, 0xF0, 0x00, 
    0x00, 0x00, 0x00, 0x0C, 0x30, 0x00, 0x00, 0x00, 0x00, 0x00, 0x00, 0x0C, 0x30, 0x00, 0x00, 0x00, 
    0x00, 0x00, 0x00, 0x0C, 0x30, 0x00, 0x00, 0x00, 0x00, 0x00, 0x03, 0xFF, 0xFF, 0xC0, 0x00, 0x00, 
    0x00, 0x00, 0x03, 0xFF, 0xFF, 0xC0, 0x00, 0x00, 0x00, 0x00, 0x00, 0x00, 0x00, 0x00, 0x00, 0x00, 
    0x00, 0x00, 0x00, 0x00, 0x00, 0x00, 0x00, 0x00, 0x00, 0x00, 0x00, 0x00, 0x00, 0x00, 0x00, 0x00, 
    0x00, 0x00, 0x00, 0x00, 0x00, 0x00, 0x00, 0x00, 0x00, 0x00, 0x00, 0x00, 0x00, 0x00, 0x00, 0x00, 
    0x00, 0x00, 0x00, 0x00, 0x00, 0x00, 0x00, 0x00, 0x00, 0x00, 0x00, 0x00, 0x00, 0x00, 0x00, 0x00, 
    0x00, 0x00, 0x00, 0x00, 0x00, 0x00, 0x00, 0x00, 0x00, 0x00, 0x00, 0x00, 0x00, 0x00, 0x00, 0x00, 
    0x00, 0x00, 0x00, 0x00, 0x00, 0x00, 0x00, 0x00, 0x00, 0x00, 0x00, 0x00, 0x00, 0x00, 0x00, 0x00, 
      },
  {
    0x00, 0x00, 0x00, 0x00, 0x00, 0x00, 0x00, 0x00, 0x00, 0x00, 0x00, 0x00, 0x00, 0x00, 0x00, 0x00, 
    0x00, 0x00, 0x00, 0x00, 0x00, 0x00, 0x00, 0x00, 0x00, 0x00, 0x00, 0x00, 0x00, 0x00, 0x00, 0x00, 
    0x00, 0x00, 0x00, 0x00, 0x00, 0x00, 0x00, 0x00, 0x00, 0x00, 0x00, 0x00, 0x00, 0x00, 0x00, 0x00, 
    0x00, 0x00, 0x00, 0x00, 0x00, 0x00, 0x00, 0x00, 0x00, 0x00, 0x00, 0x00, 0x00, 0x00, 0x00, 0x00, 
    0x00, 0x00, 0x00, 0x00, 0x00, 0x00, 0x00, 0x00, 0x00, 0x00, 0x00, 0x00, 0x00, 0x00, 0x00, 0x00, 
    0x00, 0x00, 0x00, 0x00, 0x00, 0x00, 0x00, 0x00, 0x00, 0x3F, 0xFF, 0xFF, 0xFF, 0xFF, 0xFC, 0x00, 
    0x00, 0x7F, 0xFF, 0xFF, 0xFF, 0xFF, 0xFE, 0x00, 0x00, 0xE0, 0x00, 0x00, 0x00, 0x00, 0x07, 0x00, 
    0x00, 0xC0, 0x00, 0x00, 0x00, 0x00, 0x03, 0x00, 0x00, 0xC0, 0x00, 0x00, 0x00, 0x00, 0x03, 0x00, 
    0x00, 0xC3, 0xFF, 0xE1, 0xFF, 0xFF, 0xC3, 0x00, 0x00, 0xC7, 0xFF, 0xE1, 0xFF, 0xFF, 0xE3, 0x00, 
    0x00, 0xC7, 0x80, 0xE1, 0x80, 0x00, 0xE3, 0x00, 0x00, 0xC7, 0xC1, 0xE1, 0x80, 0x00, 0xE3, 0x00, 
    0x00, 0xC7, 0xC1, 0xE1, 0x80, 0x00, 0xE3, 0x00, 0x00, 0xC7, 0xE3, 0xE1, 0x80, 0x00, 0xE3, 0x00, 
    0x00, 0xC7, 0x77, 0x61, 0xFF, 0xFF, 0xE3, 0x00, 0x00, 0xC7, 0x7E, 0x61, 0xFF, 0xFF, 0xC3, 0x00, 
    0x00, 0xC7, 0x3E, 0x60, 0x00, 0x00, 0x03, 0x00, 0x00, 0xC7, 0x1C, 0x60, 0x00, 0x00, 0x03, 0x00, 
    0x00, 0xC7, 0x1C, 0x60, 0x00, 0x00, 0x03, 0x00, 0x00, 0xC7, 0x3E, 0x60, 0xFC, 0x0F, 0x83, 0x00, 
    0x00, 0xC7, 0x77, 0x61, 0xFE, 0x3F, 0xC3, 0x00, 0x00, 0xC7, 0x67, 0x61, 0xFE, 0x3F, 0xE3, 0x00, 
    0x00, 0xC7, 0xE3, 0xE1, 0x86, 0x38, 0xE3, 0x00, 0x00, 0xC7, 0xC1, 0xE1, 0x86, 0x38, 0xE3, 0x00, 
    0x00, 0xC7, 0x80, 0xE1, 0x86, 0x38, 0xE3, 0x00, 0x00, 0xC7, 0xFF, 0xE1, 0xFE, 0x3F, 0xE3, 0x00, 
    0x00, 0xC7, 0xFF, 0xE1, 0xFE, 0x3F, 0xC3, 0x00, 0x00, 0xC3, 0xFF, 0xE0, 0xFC, 0x1F, 0xC3, 0x00, 
    0x00, 0xC0, 0x00, 0x00, 0x00, 0x00, 0x03, 0x00, 0x00, 0xC0, 0x00, 0x00, 0x00, 0x00, 0x03, 0x00, 
    0x00, 0xC0, 0x00, 0x00, 0x00, 0x00, 0x03, 0x00, 0x00, 0xFF, 0xFF, 0xFF, 0xFF, 0xFF, 0xFF, 0x00, 
    0x00, 0xFF, 0xFF, 0xFF, 0xFF, 0xFF, 0xFF, 0x00, 0x00, 0xFF, 0xFF, 0xFF, 0xFF, 0xFF, 0xFF, 0x00, 
    0x00, 0xC0, 0x00, 0x00, 0x00, 0x00, 0x03, 0x00, 0x00, 0xC0, 0x00, 0x00, 0x00, 0x00, 0x03, 0x00, 
    0x00, 0xE0, 0x00, 0x00, 0x00, 0x00, 0x07, 0x00, 0x00, 0x7F, 0xFF, 0xFF, 0xFF, 0xFF, 0xFE, 0x00, 
    0x00, 0x3F, 0xFF, 0xFF, 0xFF, 0xFF, 0xFC, 0x00, 0x00, 0x0F, 0xFF, 0xFF, 0xFF, 0xFF, 0xF0, 0x00, 
    0x00, 0x00, 0x00, 0x0C, 0x30, 0x00, 0x00, 0x00, 0x00, 0x00, 0x00, 0x0C, 0x30, 0x00, 0x00, 0x00, 
    0x00, 0x00, 0x00, 0x0C, 0x30, 0x00, 0x00, 0x00, 0x00, 0x00, 0x03, 0xFF, 0xFF, 0xC0, 0x00, 0x00, 
    0x00, 0x00, 0x03, 0xFF, 0xFF, 0xC0, 0x00, 0x00, 0x00, 0x00, 0x00, 0x00, 0x00, 0x00, 0x00, 0x00, 
    0x00, 0x00, 0x00, 0x00, 0x00, 0x00, 0x00, 0x00, 0x00, 0x00, 0x00, 0x00, 0x00, 0x00, 0x00, 0x00, 
    0x00, 0x00, 0x00, 0x00, 0x00, 0x00, 0x00, 0x00, 0x00, 0x00, 0x00, 0x00, 0x00, 0x00, 0x00, 0x00, 
    0x00, 0x00, 0x00, 0x00, 0x00, 0x00, 0x00, 0x00, 0x00, 0x00, 0x00, 0x00, 0x00, 0x00, 0x00, 0x00, 
    0x00, 0x00, 0x00, 0x00, 0x00, 0x00, 0x00, 0x00, 0x00, 0x00, 0x00, 0x00, 0x00, 0x00, 0x00, 0x00, 
    0x00, 0x00, 0x00, 0x00, 0x00, 0x00, 0x00, 0x00, 0x00, 0x00, 0x00, 0x00, 0x00, 0x00, 0x00, 0x00, 
      },
  {
    0x00, 0x00, 0x00, 0x00, 0x00, 0x00, 0x00, 0x00, 0x00, 0x00, 0x00, 0x00, 0x00, 0x00, 0x00, 0x00, 
    0x00, 0x00, 0x00, 0x00, 0x00, 0x00, 0x00, 0x00, 0x00, 0x00, 0x00, 0x00, 0x00, 0x00, 0x00, 0x00, 
    0x00, 0x00, 0x00, 0x00, 0x00, 0x00, 0x00, 0x00, 0x00, 0x00, 0x00, 0x00, 0x00, 0x00, 0x00, 0x00, 
    0x00, 0x00, 0x00, 0x00, 0x00, 0x00, 0x00, 0x00, 0x00, 0x00, 0x00, 0x00, 0x00, 0x00, 0x00, 0x00, 
    0x00, 0x00, 0x00, 0x00, 0x00, 0x00, 0x00, 0x00, 0x00, 0x00, 0x00, 0x00, 0x00, 0x00, 0x00, 0x00, 
    0x00, 0x00, 0x00, 0x00, 0x00, 0x00, 0x00, 0x00, 0x00, 0x3F, 0xFF, 0xFF, 0xFF, 0xFF, 0xFC, 0x00, 
    0x00, 0x7F, 0xFF, 0xFF, 0xFF, 0xFF, 0xFE, 0x00, 0x00, 0xE0, 0x00, 0x00, 0x00, 0x00, 0x07, 0x00, 
    0x00, 0xC0, 0x00, 0x00, 0x00, 0x00, 0x03, 0x00, 0x00, 0xC0, 0x00, 0x00, 0x00, 0x00, 0x03, 0x00, 
    0x00, 0xC3, 0xFF, 0xE1, 0xFF, 0xFF, 0xC3, 0x00, 0x00, 0xC7, 0xFF, 0xE1, 0xFF, 0xFF, 0xE3, 0x00, 
    0x00, 0xC7, 0x80, 0xE1, 0x80, 0x00, 0xE3, 0x00, 0x00, 0xC7, 0xC1, 0xE1, 0x80, 0x00, 0xE3, 0x00, 
    0x00, 0xC7, 0xC3, 0xE1, 0x80, 0x00, 0xE3, 0x00, 0x00, 0xC7, 0xE3, 0xE1, 0xC0, 0x00, 0xE3, 0x00, 
    0x00, 0xC7, 0x77, 0x61, 0xFF, 0xFF, 0xE3, 0x00, 0x00, 0xC7, 0x3E, 0x61, 0xFF, 0xFF, 0xC3, 0x00, 
    0x00, 0xC7, 0x3E, 0x60, 0x00, 0x00, 0x03, 0x00, 0x00, 0xC7, 0x1C, 0x60, 0x00, 0x00, 0x03, 0x00, 
    0x00, 0xC7, 0x3C, 0x60, 0x00, 0x00, 0x03, 0x00, 0x00, 0xC7, 0x3E, 0x60, 0xFC, 0x1F, 0xC3, 0x00, 
    0x00, 0xC7, 0x77, 0x61, 0xFE, 0x3F, 0xE3, 0x00, 0x00, 0xC7, 0x63, 0x61, 0xFE, 0x3F, 0xE3, 0x00, 
    0x00, 0xC7, 0xE3, 0xE1, 0x86, 0x38, 0xE3, 0x00, 0x00, 0xC7, 0xC1, 0xE1, 0x86, 0x38, 0xE3, 0x00, 
    0x00, 0xC7, 0x80, 0xE1, 0x86, 0x38, 0xE3, 0x00, 0x00, 0xC7, 0xFF, 0xE1, 0xFE, 0x3F, 0xE3, 0x00, 
    0x00, 0xC3, 0xFF, 0xE1, 0xFE, 0x3F, 0xC3, 0x00, 0x00, 0xC0, 0x00, 0x00, 0x00, 0x00, 0x03, 0x00, 
    0x00, 0xC0, 0x00, 0x00, 0x00, 0x00, 0x03, 0x00, 0x00, 0xC0, 0x00, 0x00, 0x00, 0x00, 0x03, 0x00, 
    0x00, 0xC0, 0x00, 0x00, 0x00, 0x00, 0x03, 0x00, 0x00, 0xFF, 0xFF, 0xFF, 0xFF, 0xFF, 0xFF, 0x00, 
    0x00, 0xFF, 0xFF, 0xFF, 0xFF, 0xFF, 0xFF, 0x00, 0x00, 0xFF, 0xFF, 0xFF, 0xFF, 0xFF, 0xFF, 0x00, 
    0x00, 0xC0, 0x00, 0x00, 0x00, 0x00, 0x03, 0x00, 0x00, 0xC0, 0x00, 0x00, 0x00, 0x00, 0x03, 0x00, 
    0x00, 0xE0, 0x00, 0x00, 0x00, 0x00, 0x07, 0x00, 0x00, 0x7F, 0xFF, 0xFF, 0xFF, 0xFF, 0xFE, 0x00, 
    0x00, 0x3F, 0xFF, 0xFF, 0xFF, 0xFF, 0xFC, 0x00, 0x00, 0x0F, 0xFF, 0xFF, 0xFF, 0xFF, 0xF0, 0x00, 
    0x00, 0x00, 0x00, 0x0C, 0x30, 0x00, 0x00, 0x00, 0x00, 0x00, 0x00, 0x0C, 0x30, 0x00, 0x00, 0x00, 
    0x00, 0x00, 0x00, 0x0C, 0x30, 0x00, 0x00, 0x00, 0x00, 0x00, 0x03, 0xFF, 0xFF, 0xC0, 0x00, 0x00, 
    0x00, 0x00, 0x03, 0xFF, 0xFF, 0xC0, 0x00, 0x00, 0x00, 0x00, 0x00, 0x00, 0x00, 0x00, 0x00, 0x00, 
    0x00, 0x00, 0x00, 0x00, 0x00, 0x00, 0x00, 0x00, 0x00, 0x00, 0x00, 0x00, 0x00, 0x00, 0x00, 0x00, 
    0x00, 0x00, 0x00, 0x00, 0x00, 0x00, 0x00, 0x00, 0x00, 0x00, 0x00, 0x00, 0x00, 0x00, 0x00, 0x00, 
    0x00, 0x00, 0x00, 0x00, 0x00, 0x00, 0x00, 0x00, 0x00, 0x00, 0x00, 0x00, 0x00, 0x00, 0x00, 0x00, 
    0x00, 0x00, 0x00, 0x00, 0x00, 0x00, 0x00, 0x00, 0x00, 0x00, 0x00, 0x00, 0x00, 0x00, 0x00, 0x00, 
    0x00, 0x00, 0x00, 0x00, 0x00, 0x00, 0x00, 0x00, 0x00, 0x00, 0x00, 0x00, 0x00, 0x00, 0x00, 0x00, 
      },
  {
    0x00, 0x00, 0x00, 0x00, 0x00, 0x00, 0x00, 0x00, 0x00, 0x00, 0x00, 0x00, 0x00, 0x00, 0x00, 0x00, 
    0x00, 0x00, 0x00, 0x00, 0x00, 0x00, 0x00, 0x00, 0x00, 0x00, 0x00, 0x00, 0x00, 0x00, 0x00, 0x00, 
    0x00, 0x00, 0x00, 0x00, 0x00, 0x00, 0x00, 0x00, 0x00, 0x00, 0x00, 0x00, 0x00, 0x00, 0x00, 0x00, 
    0x00, 0x00, 0x00, 0x00, 0x00, 0x00, 0x00, 0x00, 0x00, 0x00, 0x00, 0x00, 0x00, 0x00, 0x00, 0x00, 
    0x00, 0x00, 0x00, 0x00, 0x00, 0x00, 0x00, 0x00, 0x00, 0x00, 0x00, 0x00, 0x00, 0x00, 0x00, 0x00, 
    0x00, 0x00, 0x00, 0x00, 0x00, 0x00, 0x00, 0x00, 0x00, 0x3F, 0xFF, 0xFF, 0xFF, 0xFF, 0xFC, 0x00, 
    0x00, 0x7F, 0xFF, 0xFF, 0xFF, 0xFF, 0xFE, 0x00, 0x00, 0xE0, 0x00, 0x00, 0x00, 0x00, 0x07, 0x00, 
    0x00, 0xC0, 0x00, 0x00, 0x00, 0x00, 0x03, 0x00, 0x00, 0xC0, 0x00, 0x00, 0x00, 0x00, 0x03, 0x00, 
    0x00, 0xC3, 0xFF, 0xE1, 0xFF, 0xFF, 0xC3, 0x00, 0x00, 0xC7, 0xFF, 0xE1, 0xFF, 0xFF, 0xE3, 0x00, 
    0x00, 0xC7, 0x80, 0xE1, 0x80, 0x00, 0xE3, 0x00, 0x00, 0xC7, 0xC1, 0xE1, 0x80, 0x00, 0xE3, 0x00, 
    0x00, 0xC7, 0xE3, 0xE1, 0x80, 0x00, 0xE3, 0x00, 0x00, 0xC7, 0x63, 0x61, 0xFF, 0xFF, 0xE3, 0x00, 
    0x00, 0xC7, 0x77, 0x61, 0xFF, 0xFF, 0xE3, 0x00, 0x00, 0xC7, 0x3E, 0x60, 0xFF, 0xFF, 0xC3, 0x00, 
    0x00, 0xC7, 0x3C, 0x60, 0x00, 0x00, 0x03, 0x00, 0x00, 0xC7, 0x1C, 0x60, 0x00, 0x00, 0x03, 0x00, 
    0x00, 0xC7, 0x3E, 0x60, 0x00, 0x00, 0x03, 0x00, 0x00, 0xC7, 0x3E, 0x61, 0xFE, 0x1F, 0xC3, 0x00, 
    0x00, 0xC7, 0x77, 0x61, 0xFE, 0x3F, 0xE3, 0x00, 0x00, 0xC7, 0xE3, 0xE1, 0xCE, 0x38, 0xE3, 0x00, 
    0x00, 0xC7, 0xC3, 0xE1, 0x86, 0x38, 0xE3, 0x00, 0x00, 0xC7, 0xC1, 0xE1, 0x86, 0x38, 0xE3, 0x00, 
    0x00, 0xC7, 0x80, 0xE1, 0x86, 0x38, 0xE3, 0x00, 0x00, 0xC7, 0xFF, 0xE1, 0xFE, 0x3F, 0xE3, 0x00, 
    0x00, 0xC3, 0xFF, 0xE1, 0xFE, 0x1F, 0xC3, 0x00, 0x00, 0xC0, 0x00, 0x00, 0x00, 0x00, 0x03, 0x00, 
    0x00, 0xC0, 0x00, 0x00, 0x00, 0x00, 0x03, 0x00, 0x00, 0xC0, 0x00, 0x00, 0x00, 0x00, 0x03, 0x00, 
    0x00, 0xC0, 0x00, 0x00, 0x00, 0x00, 0x03, 0x00, 0x00, 0xFF, 0xFF, 0xFF, 0xFF, 0xFF, 0xFF, 0x00, 
    0x00, 0xFF, 0xFF, 0xFF, 0xFF, 0xFF, 0xFF, 0x00, 0x00, 0xFF, 0xFF, 0xFF, 0xFF, 0xFF, 0xFF, 0x00, 
    0x00, 0xC0, 0x00, 0x00, 0x00, 0x00, 0x03, 0x00, 0x00, 0xC0, 0x00, 0x00, 0x00, 0x00, 0x03, 0x00, 
    0x00, 0xE0, 0x00, 0x00, 0x00, 0x00, 0x07, 0x00, 0x00, 0x7F, 0xFF, 0xFF, 0xFF, 0xFF, 0xFE, 0x00, 
    0x00, 0x3F, 0xFF, 0xFF, 0xFF, 0xFF, 0xFC, 0x00, 0x00, 0x0F, 0xFF, 0xFF, 0xFF, 0xFF, 0xF0, 0x00, 
    0x00, 0x00, 0x00, 0x0C, 0x30, 0x00, 0x00, 0x00, 0x00, 0x00, 0x00, 0x0C, 0x30, 0x00, 0x00, 0x00, 
    0x00, 0x00, 0x00, 0x0C, 0x30, 0x00, 0x00, 0x00, 0x00, 0x00, 0x03, 0xFF, 0xFF, 0xC0, 0x00, 0x00, 
    0x00, 0x00, 0x03, 0xFF, 0xFF, 0xC0, 0x00, 0x00, 0x00, 0x00, 0x00, 0x00, 0x00, 0x00, 0x00, 0x00, 
    0x00, 0x00, 0x00, 0x00, 0x00, 0x00, 0x00, 0x00, 0x00, 0x00, 0x00, 0x00, 0x00, 0x00, 0x00, 0x00, 
    0x00, 0x00, 0x00, 0x00, 0x00, 0x00, 0x00, 0x00, 0x00, 0x00, 0x00, 0x00, 0x00, 0x00, 0x00, 0x00, 
    0x00, 0x00, 0x00, 0x00, 0x00, 0x00, 0x00, 0x00, 0x00, 0x00, 0x00, 0x00, 0x00, 0x00, 0x00, 0x00, 
    0x00, 0x00, 0x00, 0x00, 0x00, 0x00, 0x00, 0x00, 0x00, 0x00, 0x00, 0x00, 0x00, 0x00, 0x00, 0x00, 
    0x00, 0x00, 0x00, 0x00, 0x00, 0x00, 0x00, 0x00, 0x00, 0x00, 0x00, 0x00, 0x00, 0x00, 0x00, 0x00, 
      },
  {
    0x00, 0x00, 0x00, 0x00, 0x00, 0x00, 0x00, 0x00, 0x00, 0x00, 0x00, 0x00, 0x00, 0x00, 0x00, 0x00, 
    0x00, 0x00, 0x00, 0x00, 0x00, 0x00, 0x00, 0x00, 0x00, 0x00, 0x00, 0x00, 0x00, 0x00, 0x00, 0x00, 
    0x00, 0x00, 0x00, 0x00, 0x00, 0x00, 0x00, 0x00, 0x00, 0x00, 0x00, 0x00, 0x00, 0x00, 0x00, 0x00, 
    0x00, 0x00, 0x00, 0x00, 0x00, 0x00, 0x00, 0x00, 0x00, 0x00, 0x00, 0x00, 0x00, 0x00, 0x00, 0x00, 
    0x00, 0x00, 0x00, 0x00, 0x00, 0x00, 0x00, 0x00, 0x00, 0x00, 0x00, 0x00, 0x00, 0x00, 0x00, 0x00, 
    0x00, 0x00, 0x00, 0x00, 0x00, 0x00, 0x00, 0x00, 0x00, 0x3F, 0xFF, 0xFF, 0xFF, 0xFF, 0xFC, 0x00, 
    0x00, 0x7F, 0xFF, 0xFF, 0xFF, 0xFF, 0xFE, 0x00, 0x00, 0xE0, 0x00, 0x00, 0x00, 0x00, 0x07, 0x00, 
    0x00, 0xC0, 0x00, 0x00, 0x00, 0x00, 0x03, 0x00, 0x00, 0xC3, 0xFF, 0xE1, 0xFF, 0xFF, 0xC3, 0x00, 
    0x00, 0xC7, 0xFF, 0xE1, 0xFF, 0xFF, 0xE3, 0x00, 0x00, 0xC7, 0xFF, 0xE1, 0xFF, 0xFF, 0xE3, 0x00, 
    0x00, 0xC7, 0x80, 0xE1, 0x80, 0x00, 0xE3, 0x00, 0x00, 0xC7, 0xC1, 0xE1, 0x80, 0x00, 0xE3, 0x00, 
    0x00, 0xC7, 0xE3, 0xE1, 0x80, 0x00, 0xE3, 0x00, 0x00, 0xC7, 0x67, 0x61, 0xFF, 0xFF, 0xE3, 0x00, 
    0x00, 0xC7, 0x77, 0x61, 0xFF, 0xFF, 0xC3, 0x00, 0x00, 0xC7, 0x3E, 0x60, 0x00, 0x00, 0x03, 0x00, 
    0x00, 0xC7, 0x1C, 0x60, 0x00, 0x00, 0x03, 0x00, 0x00, 0xC7, 0x1C, 0x60, 0x00, 0x00, 0x03, 0x00, 
    0x00, 0xC7, 0x3E, 0x60, 0x00, 0x00, 0x03, 0x00, 0x00, 0xC7, 0x7E, 0x61, 0xFE, 0x1F, 0xC3, 0x00, 
    0x00, 0xC7, 0x77, 0x61, 0xFE, 0x3F, 0xE3, 0x00, 0x00, 0xC7, 0xE3, 0xE1, 0x8E, 0x38, 0xE3, 0x00, 
    0x00, 0xC7, 0xC1, 0xE1, 0x86, 0x38, 0xE3, 0x00, 0x00, 0xC7, 0xC1, 0xE1, 0x86, 0x38, 0xE3, 0x00, 
    0x00, 0xC7, 0x80, 0xE1, 0xCE, 0x38, 0xE3, 0x00, 0x00, 0xC7, 0xFF, 0xE1, 0xFE, 0x3F, 0xE3, 0x00, 
    0x00, 0xC3, 0xFF, 0xE1, 0xFE, 0x1F, 0xC3, 0x00, 0x00, 0xC0, 0x00, 0x00, 0x00, 0x00, 0x03, 0x00, 
    0x00, 0xC0, 0x00, 0x00, 0x00, 0x00, 0x03, 0x00, 0x00, 0xC0, 0x00, 0x00, 0x00, 0x00, 0x03, 0x00, 
    0x00, 0xC0, 0x00, 0x00, 0x00, 0x00, 0x03, 0x00, 0x00, 0xFF, 0xFF, 0xFF, 0xFF, 0xFF, 0xFF, 0x00, 
    0x00, 0xFF, 0xFF, 0xFF, 0xFF, 0xFF, 0xFF, 0x00, 0x00, 0xFF, 0xFF, 0xFF, 0xFF, 0xFF, 0xFF, 0x00, 
    0x00, 0xC0, 0x00, 0x00, 0x00, 0x00, 0x03, 0x00, 0x00, 0xC0, 0x00, 0x00, 0x00, 0x00, 0x03, 0x00, 
    0x00, 0xE0, 0x00, 0x00, 0x00, 0x00, 0x07, 0x00, 0x00, 0x7F, 0xFF, 0xFF, 0xFF, 0xFF, 0xFE, 0x00, 
    0x00, 0x3F, 0xFF, 0xFF, 0xFF, 0xFF, 0xFC, 0x00, 0x00, 0x0F, 0xFF, 0xFF, 0xFF, 0xFF, 0xF0, 0x00, 
    0x00, 0x00, 0x00, 0x0C, 0x30, 0x00, 0x00, 0x00, 0x00, 0x00, 0x00, 0x0C, 0x30, 0x00, 0x00, 0x00, 
    0x00, 0x00, 0x00, 0x0C, 0x30, 0x00, 0x00, 0x00, 0x00, 0x00, 0x03, 0xFF, 0xFF, 0xC0, 0x00, 0x00, 
    0x00, 0x00, 0x03, 0xFF, 0xFF, 0xC0, 0x00, 0x00, 0x00, 0x00, 0x00, 0x00, 0x00, 0x00, 0x00, 0x00, 
    0x00, 0x00, 0x00, 0x00, 0x00, 0x00, 0x00, 0x00, 0x00, 0x00, 0x00, 0x00, 0x00, 0x00, 0x00, 0x00, 
    0x00, 0x00, 0x00, 0x00, 0x00, 0x00, 0x00, 0x00, 0x00, 0x00, 0x00, 0x00, 0x00, 0x00, 0x00, 0x00, 
    0x00, 0x00, 0x00, 0x00, 0x00, 0x00, 0x00, 0x00, 0x00, 0x00, 0x00, 0x00, 0x00, 0x00, 0x00, 0x00, 
    0x00, 0x00, 0x00, 0x00, 0x00, 0x00, 0x00, 0x00, 0x00, 0x00, 0x00, 0x00, 0x00, 0x00, 0x00, 0x00, 
    0x00, 0x00, 0x00, 0x00, 0x00, 0x00, 0x00, 0x00, 0x00, 0x00, 0x00, 0x00, 0x00, 0x00, 0x00, 0x00, 
      },
  {
    0x00, 0x00, 0x00, 0x00, 0x00, 0x00, 0x00, 0x00, 0x00, 0x00, 0x00, 0x00, 0x00, 0x00, 0x00, 0x00, 
    0x00, 0x00, 0x00, 0x00, 0x00, 0x00, 0x00, 0x00, 0x00, 0x00, 0x00, 0x00, 0x00, 0x00, 0x00, 0x00, 
    0x00, 0x00, 0x00, 0x00, 0x00, 0x00, 0x00, 0x00, 0x00, 0x00, 0x00, 0x00, 0x00, 0x00, 0x00, 0x00, 
    0x00, 0x00, 0x00, 0x00, 0x00, 0x00, 0x00, 0x00, 0x00, 0x00, 0x00, 0x00, 0x00, 0x00, 0x00, 0x00, 
    0x00, 0x00, 0x00, 0x00, 0x00, 0x00, 0x00, 0x00, 0x00, 0x00, 0x00, 0x00, 0x00, 0x00, 0x00, 0x00, 
    0x00, 0x00, 0x00, 0x00, 0x00, 0x00, 0x00, 0x00, 0x00, 0x3F, 0xFF, 0xFF, 0xFF, 0xFF, 0xFC, 0x00, 
    0x00, 0x7F, 0xFF, 0xFF, 0xFF, 0xFF, 0xFE, 0x00, 0x00, 0xE0, 0x00, 0x00, 0x00, 0x00, 0x07, 0x00, 
    0x00, 0xC0, 0x00, 0x00, 0x00, 0x00, 0x03, 0x00, 0x00, 0xC3, 0xFF, 0xE1, 0xFF, 0xFF, 0xC3, 0x00, 
    0x00, 0xC7, 0xFF, 0xE1, 0xFF, 0xFF, 0xE3, 0x00, 0x00, 0xC7, 0x80, 0xE1, 0x80, 0x00, 0xE3, 0x00, 
    0x00, 0xC7, 0xC1, 0xE1, 0x80, 0x00, 0xE3, 0x00, 0x00, 0xC7, 0xC1, 0xE1, 0x80, 0x00, 0xE3, 0x00, 
    0x00, 0xC7, 0xE3, 0xE1, 0x80, 0x00, 0xE3, 0x00, 0x00, 0xC7, 0x77, 0x61, 0xFF, 0xFF, 0xE3, 0x00, 
    0x00, 0xC7, 0x7E, 0x61, 0xFF, 0xFF, 0xC3, 0x00, 0x00, 0xC7, 0x3E, 0x60, 0x00, 0x00, 0x03, 0x00, 
    0x00, 0xC7, 0x1C, 0x60, 0x00, 0x00, 0x03, 0x00, 0x00, 0xC7, 0x1C, 0x60, 0x00, 0x00, 0x03, 0x00, 
    0x00, 0xC7, 0x3E, 0x60, 0xFC, 0x0F, 0x83, 0x00, 0x00, 0xC7, 0x77, 0x61, 0xFE, 0x3F, 0xC3, 0x00, 
    0x00, 0xC7, 0x67, 0x61, 0xFE, 0x3F, 0xE3, 0x00, 0x00, 0xC7, 0xE3, 0xE1, 0x86, 0x38, 0xE3, 0x00, 
    0x00, 0xC7, 0xC1, 0xE1, 0x86, 0x38, 0xE3, 0x00, 0x00, 0xC7, 0x80, 0xE1, 0x86, 0x38, 0xE3, 0x00, 
    0x00, 0xC7, 0xFF, 0xE1, 0xFE, 0x3F, 0xE3, 0x00, 0x00, 0xC3, 0xFF, 0xE1, 0xFE, 0x3F, 0xC3, 0x00, 
    0x00, 0xC3, 0xFF, 0xE0, 0xFC, 0x1F, 0xC3, 0x00, 0x00, 0xC0, 0x00, 0x00, 0x00, 0x00, 0x03, 0x00, 
    0x00, 0xC0, 0x00, 0x00, 0x00, 0x00, 0x03, 0x00, 0x00, 0xC0, 0x00, 0x00, 0x00, 0x00, 0x03, 0x00, 
    0x00, 0xC0, 0x00, 0x00, 0x00, 0x00, 0x03, 0x00, 0x00, 0xFF, 0xFF, 0xFF, 0xFF, 0xFF, 0xFF, 0x00, 
    0x00, 0xFF, 0xFF, 0xFF, 0xFF, 0xFF, 0xFF, 0x00, 0x00, 0xFF, 0xFF, 0xFF, 0xFF, 0xFF, 0xFF, 0x00, 
    0x00, 0xC0, 0x00, 0x00, 0x00, 0x00, 0x03, 0x00, 0x00, 0xC0, 0x00, 0x00, 0x00, 0x00, 0x03, 0x00, 
    0x00, 0xE0, 0x00, 0x00, 0x00, 0x00, 0x07, 0x00, 0x00, 0x7F, 0xFF, 0xFF, 0xFF, 0xFF, 0xFE, 0x00, 
    0x00, 0x3F, 0xFF, 0xFF, 0xFF, 0xFF, 0xFC, 0x00, 0x00, 0x0F, 0xFF, 0xFF, 0xFF, 0xFF, 0xF0, 0x00, 
    0x00, 0x00, 0x00, 0x0C, 0x30, 0x00, 0x00, 0x00, 0x00, 0x00, 0x00, 0x0C, 0x30, 0x00, 0x00, 0x00, 
    0x00, 0x00, 0x00, 0x0C, 0x30, 0x00, 0x00, 0x00, 0x00, 0x00, 0x03, 0xFF, 0xFF, 0xC0, 0x00, 0x00, 
    0x00, 0x00, 0x03, 0xFF, 0xFF, 0xC0, 0x00, 0x00, 0x00, 0x00, 0x00, 0x00, 0x00, 0x00, 0x00, 0x00, 
    0x00, 0x00, 0x00, 0x00, 0x00, 0x00, 0x00, 0x00, 0x00, 0x00, 0x00, 0x00, 0x00, 0x00, 0x00, 0x00, 
    0x00, 0x00, 0x00, 0x00, 0x00, 0x00, 0x00, 0x00, 0x00, 0x00, 0x00, 0x00, 0x00, 0x00, 0x00, 0x00, 
    0x00, 0x00, 0x00, 0x00, 0x00, 0x00, 0x00, 0x00, 0x00, 0x00, 0x00, 0x00, 0x00, 0x00, 0x00, 0x00, 
    0x00, 0x00, 0x00, 0x00, 0x00, 0x00, 0x00, 0x00, 0x00, 0x00, 0x00, 0x00, 0x00, 0x00, 0x00, 0x00, 
    0x00, 0x00, 0x00, 0x00, 0x00, 0x00, 0x00, 0x00, 0x00, 0x00, 0x00, 0x00, 0x00, 0x00, 0x00, 0x00, 
      },
  {
    0x00, 0x00, 0x00, 0x00, 0x00, 0x00, 0x00, 0x00, 0x00, 0x00, 0x00, 0x00, 0x00, 0x00, 0x00, 0x00, 
    0x00, 0x00, 0x00, 0x00, 0x00, 0x00, 0x00, 0x00, 0x00, 0x00, 0x00, 0x00, 0x00, 0x00, 0x00, 0x00, 
    0x00, 0x00, 0x00, 0x00, 0x00, 0x00, 0x00, 0x00, 0x00, 0x00, 0x00, 0x00, 0x00, 0x00, 0x00, 0x00, 
    0x00, 0x00, 0x00, 0x00, 0x00, 0x00, 0x00, 0x00, 0x00, 0x00, 0x00, 0x00, 0x00, 0x00, 0x00, 0x00, 
    0x00, 0x00, 0x00, 0x00, 0x00, 0x00, 0x00, 0x00, 0x00, 0x00, 0x00, 0x00, 0x00, 0x00, 0x00, 0x00, 
    0x00, 0x00, 0x00, 0x00, 0x00, 0x00, 0x00, 0x00, 0x00, 0x3F, 0xFF, 0xFF, 0xFF, 0xFF, 0xFC, 0x00, 
    0x00, 0x7F, 0xFF, 0xFF, 0xFF, 0xFF, 0xFE, 0x00, 0x00, 0xE0, 0x00, 0x00, 0x00, 0x00, 0x07, 0x00, 
    0x00, 0xC0, 0x00, 0x00, 0x00, 0x00, 0x03, 0x00, 0x00, 0xC3, 0xFF, 0xE1, 0xFF, 0xFF, 0xC3, 0x00, 
    0x00, 0xC7, 0xFF, 0xE1, 0xFF, 0xFF, 0xE3, 0x00, 0x00, 0xC7, 0x80, 0xE1, 0x80, 0x00, 0xE3, 0x00, 
    0x00, 0xC7, 0xC1, 0xE1, 0x80, 0x00, 0xE3, 0x00, 0x00, 0xC7, 0xE3, 0xE1, 0x80, 0x00, 0xE3, 0x00, 
    0x00, 0xC7, 0x63, 0x61, 0xFF, 0xFF, 0xE3, 0x00, 0x00, 0xC7, 0x77, 0x61, 0xFF, 0xFF, 0xE3, 0x00, 
    0x00, 0xC7, 0x3E, 0x60, 0xFF, 0xFF, 0xC3, 0x00, 0x00, 0xC7, 0x3C, 0x60, 0x00, 0x00, 0x03, 0x00, 
    0x00, 0xC7, 0x1C, 0x60, 0x00, 0x00, 0x03, 0x00, 0x00, 0xC7, 0x3E, 0x60, 0x00, 0x00, 0x03, 0x00, 
    0x00, 0xC7, 0x3E, 0x61, 0xFE, 0x1F, 0xC3, 0x00, 0x00, 0xC7, 0x77, 0x61, 0xFE, 0x3F, 0xE3, 0x00, 
    0x00, 0xC7, 0xE3, 0xE1, 0xCE, 0x38, 0xE3, 0x00, 0x00, 0xC7, 0xC3, 0xE1, 0x86, 0x38, 0xE3, 0x00, 
    0x00, 0xC7, 0xC1, 0xE1, 0x86, 0x38, 0xE3, 0x00, 0x00, 0xC7, 0x80, 0xE1, 0x86, 0x38, 0xE3, 0x00, 
    0x00, 0xC7, 0xFF, 0xE1, 0xFE, 0x3F, 0xE3, 0x00, 0x00, 0xC3, 0xFF, 0xE1, 0xFE, 0x1F, 0xC3, 0x00, 
    0x00, 0xC0, 0x00, 0x00, 0x00, 0x00, 0x03, 0x00, 0x00, 0xC0, 0x00, 0x00, 0x00, 0x00, 0x03, 0x00, 
    0x00, 0xC0, 0x00, 0x00, 0x00, 0x00, 0x03, 0x00, 0x00, 0xC0, 0x00, 0x00, 0x00, 0x00, 0x03, 0x00, 
    0x00, 0xC0, 0x00, 0x00, 0x00, 0x00, 0x03, 0x00, 0x00, 0xFF, 0xFF, 0xFF, 0xFF, 0xFF, 0xFF, 0x00, 
    0x00, 0xFF, 0xFF, 0xFF, 0xFF, 0xFF, 0xFF, 0x00, 0x00, 0xFF, 0xFF, 0xFF, 0xFF, 0xFF, 0xFF, 0x00, 
    0x00, 0xC0, 0x00, 0x00, 0x00, 0x00, 0x03, 0x00, 0x00, 0xC0, 0x00, 0x00, 0x00, 0x00, 0x03, 0x00, 
    0x00, 0xE0, 0x00, 0x00, 0x00, 0x00, 0x07, 0x00, 0x00, 0x7F, 0xFF, 0xFF, 0xFF, 0xFF, 0xFE, 0x00, 
    0x00, 0x3F, 0xFF, 0xFF, 0xFF, 0xFF, 0xFC, 0x00, 0x00, 0x0F, 0xFF, 0xFF, 0xFF, 0xFF, 0xF0, 0x00, 
    0x00, 0x00, 0x00, 0x0C, 0x30, 0x00, 0x00, 0x00, 0x00, 0x00, 0x00, 0x0C, 0x30, 0x00, 0x00, 0x00, 
    0x00, 0x00, 0x00, 0x0C, 0x30, 0x00, 0x00, 0x00, 0x00, 0x00, 0x03, 0xFF, 0xFF, 0xC0, 0x00, 0x00, 
    0x00, 0x00, 0x03, 0xFF, 0xFF, 0xC0, 0x00, 0x00, 0x00, 0x00, 0x00, 0x00, 0x00, 0x00, 0x00, 0x00, 
    0x00, 0x00, 0x00, 0x00, 0x00, 0x00, 0x00, 0x00, 0x00, 0x00, 0x00, 0x00, 0x00, 0x00, 0x00, 0x00, 
    0x00, 0x00, 0x00, 0x00, 0x00, 0x00, 0x00, 0x00, 0x00, 0x00, 0x00, 0x00, 0x00, 0x00, 0x00, 0x00, 
    0x00, 0x00, 0x00, 0x00, 0x00, 0x00, 0x00, 0x00, 0x00, 0x00, 0x00, 0x00, 0x00, 0x00, 0x00, 0x00, 
    0x00, 0x00, 0x00, 0x00, 0x00, 0x00, 0x00, 0x00, 0x00, 0x00, 0x00, 0x00, 0x00, 0x00, 0x00, 0x00, 
    0x00, 0x00, 0x00, 0x00, 0x00, 0x00, 0x00, 0x00, 0x00, 0x00, 0x00, 0x00, 0x00, 0x00, 0x00, 0x00, 
      },
  {
    0x00, 0x00, 0x00, 0x00, 0x00, 0x00, 0x00, 0x00, 0x00, 0x00, 0x00, 0x00, 0x00, 0x00, 0x00, 0x00, 
    0x00, 0x00, 0x00, 0x00, 0x00, 0x00, 0x00, 0x00, 0x00, 0x00, 0x00, 0x00, 0x00, 0x00, 0x00, 0x00, 
    0x00, 0x00, 0x00, 0x00, 0x00, 0x00, 0x00, 0x00, 0x00, 0x00, 0x00, 0x00, 0x00, 0x00, 0x00, 0x00, 
    0x00, 0x00, 0x00, 0x00, 0x00, 0x00, 0x00, 0x00, 0x00, 0x00, 0x00, 0x00, 0x00, 0x00, 0x00, 0x00, 
    0x00, 0x00, 0x00, 0x00, 0x00, 0x00, 0x00, 0x00, 0x00, 0x00, 0x00, 0x00, 0x00, 0x00, 0x00, 0x00, 
    0x00, 0x00, 0x00, 0x00, 0x00, 0x00, 0x00, 0x00, 0x00, 0x3F, 0xFF, 0xFF, 0xFF, 0xFF, 0xFC, 0x00, 
    0x00, 0x7F, 0xFF, 0xFF, 0xFF, 0xFF, 0xFE, 0x00, 0x00, 0xE0, 0x00, 0x00, 0x00, 0x00, 0x07, 0x00, 
    0x00, 0xC3, 0xFF, 0xE1, 0xFF, 0xFF, 0xC3, 0x00, 0x00, 0xC7, 0xFF, 0xE1, 0xFF, 0xFF, 0xE3, 0x00, 
    0x00, 0xC7, 0x80, 0xE1, 0xC0, 0x00, 0xE3, 0x00, 0x00, 0xC7, 0x81, 0xE1, 0x80, 0x00, 0xE3, 0x00, 
    0x00, 0xC7, 0xC1, 0xE1, 0x80, 0x00, 0xE3, 0x00, 0x00, 0xC7, 0xE3, 0xE1, 0x80, 0x00, 0xE3, 0x00, 
    0x00, 0xC7, 0x77, 0x61, 0xFF, 0xFF, 0xE3, 0x00, 0x00, 0xC7, 0x7E, 0x61, 0xFF, 0xFF, 0xC3, 0x00, 
    0x00, 0xC7, 0x3E, 0x60, 0x00, 0x00, 0x03, 0x00, 0x00, 0xC7, 0x1C, 0x60, 0x00, 0x00, 0x03, 0x00, 
    0x00, 0xC7, 0x1C, 0x60, 0x00, 0x00, 0x03, 0x00, 0x00, 0xC7, 0x3E, 0x60, 0x00, 0x00, 0x03, 0x00, 
    0x00, 0xC7, 0x77, 0x61, 0xFE, 0x3F, 0xC3, 0x00, 0x00, 0xC7, 0x77, 0x61, 0xFE, 0x3F, 0xE3, 0x00, 
    0x00, 0xC7, 0xE3, 0xE1, 0x86, 0x38, 0xE3, 0x00, 0x00, 0xC7, 0xC1, 0xE1, 0x86, 0x38, 0xE3, 0x00, 
    0x00, 0xC7, 0x81, 0xE1, 0x86, 0x38, 0xE3, 0x00, 0x00, 0xC7, 0xFF, 0xE1, 0xFE, 0x3F, 0xE3, 0x00, 
    0x00, 0xC7, 0xFF, 0xE1, 0xFE, 0x3F, 0xE3, 0x00, 0x00, 0xC3, 0xFF, 0xE1, 0xFC, 0x1F, 0xC3, 0x00, 
    0x00, 0xC0, 0x00, 0x00, 0x00, 0x00, 0x03, 0x00, 0x00, 0xC0, 0x00, 0x00, 0x00, 0x00, 0x03, 0x00, 
    0x00, 0xC0, 0x00, 0x00, 0x00, 0x00, 0x03, 0x00, 0x00, 0xC0, 0x00, 0x00, 0x00, 0x00, 0x03, 0x00, 
    0x00, 0xC0, 0x00, 0x00, 0x00, 0x00, 0x03, 0x00, 0x00, 0xFF, 0xFF, 0xFF, 0xFF, 0xFF, 0xFF, 0x00, 
    0x00, 0xFF, 0xFF, 0xFF, 0xFF, 0xFF, 0xFF, 0x00, 0x00, 0xFF, 0xFF, 0xFF, 0xFF, 0xFF, 0xFF, 0x00, 
    0x00, 0xC0, 0x00, 0x00, 0x00, 0x00, 0x03, 0x00, 0x00, 0xC0, 0x00, 0x00, 0x00, 0x00, 0x03, 0x00, 
    0x00, 0xE0, 0x00, 0x00, 0x00, 0x00, 0x07, 0x00, 0x00, 0x7F, 0xFF, 0xFF, 0xFF, 0xFF, 0xFE, 0x00, 
    0x00, 0x3F, 0xFF, 0xFF, 0xFF, 0xFF, 0xFC, 0x00, 0x00, 0x0F, 0xFF, 0xFF, 0xFF, 0xFF, 0xF0, 0x00, 
    0x00, 0x00, 0x00, 0x0C, 0x30, 0x00, 0x00, 0x00, 0x00, 0x00, 0x00, 0x0C, 0x30, 0x00, 0x00, 0x00, 
    0x00, 0x00, 0x00, 0x0C, 0x30, 0x00, 0x00, 0x00, 0x00, 0x00, 0x03, 0xFF, 0xFF, 0xC0, 0x00, 0x00, 
    0x00, 0x00, 0x03, 0xFF, 0xFF, 0xC0, 0x00, 0x00, 0x00, 0x00, 0x00, 0x00, 0x00, 0x00, 0x00, 0x00, 
    0x00, 0x00, 0x00, 0x00, 0x00, 0x00, 0x00, 0x00, 0x00, 0x00, 0x00, 0x00, 0x00, 0x00, 0x00, 0x00, 
    0x00, 0x00, 0x00, 0x00, 0x00, 0x00, 0x00, 0x00, 0x00, 0x00, 0x00, 0x00, 0x00, 0x00, 0x00, 0x00, 
    0x00, 0x00, 0x00, 0x00, 0x00, 0x00, 0x00, 0x00, 0x00, 0x00, 0x00, 0x00, 0x00, 0x00, 0x00, 0x00, 
    0x00, 0x00, 0x00, 0x00, 0x00, 0x00, 0x00, 0x00, 0x00, 0x00, 0x00, 0x00, 0x00, 0x00, 0x00, 0x00, 
    0x00, 0x00, 0x00, 0x00, 0x00, 0x00, 0x00, 0x00, 0x00, 0x00, 0x00, 0x00, 0x00, 0x00, 0x00, 0x00, 
      },
  {
    0x00, 0x00, 0x00, 0x00, 0x00, 0x00, 0x00, 0x00, 0x00, 0x00, 0x00, 0x00, 0x00, 0x00, 0x00, 0x00, 
    0x00, 0x00, 0x00, 0x00, 0x00, 0x00, 0x00, 0x00, 0x00, 0x00, 0x00, 0x00, 0x00, 0x00, 0x00, 0x00, 
    0x00, 0x00, 0x00, 0x00, 0x00, 0x00, 0x00, 0x00, 0x00, 0x00, 0x00, 0x00, 0x00, 0x00, 0x00, 0x00, 
    0x00, 0x00, 0x00, 0x00, 0x00, 0x00, 0x00, 0x00, 0x00, 0x00, 0x00, 0x00, 0x00, 0x00, 0x00, 0x00, 
    0x00, 0x00, 0x00, 0x00, 0x00, 0x00, 0x00, 0x00, 0x00, 0x00, 0x00, 0x00, 0x00, 0x00, 0x00, 0x00, 
    0x00, 0x00, 0x00, 0x00, 0x00, 0x00, 0x00, 0x00, 0x00, 0x3F, 0xFF, 0xFF, 0xFF, 0xFF, 0xFC, 0x00, 
    0x00, 0x7F, 0xFF, 0xFF, 0xFF, 0xFF, 0xFE, 0x00, 0x00, 0xE0, 0x00, 0x00, 0x00, 0x00, 0x07, 0x00, 
    0x00, 0xC3, 0xFF, 0xE1, 0xFF, 0xFF, 0xC3, 0x00, 0x00, 0xC7, 0xFF, 0xE1, 0xFF, 0xFF, 0xE3, 0x00, 
    0x00, 0xC7, 0x80, 0xE1, 0x80, 0x00, 0xE3, 0x00, 0x00, 0xC7, 0xC1, 0xE1, 0x80, 0x00, 0xE3, 0x00, 
    0x00, 0xC7, 0xE3, 0xE1, 0x80, 0x00, 0xE3, 0x00, 0x00, 0xC7, 0xE3, 0x61, 0xFF, 0xFF, 0xE3, 0x00, 
    0x00, 0xC7, 0x77, 0x61, 0xFF, 0xFF, 0xE3, 0x00, 0x00, 0xC7, 0x3E, 0x61, 0xFF, 0xFF, 0xC3, 0x00, 
    0x00, 0xC7, 0x3C, 0x60, 0x00, 0x00, 0x03, 0x00, 0x00, 0xC7, 0x1C, 0x60, 0x00, 0x00, 0x03, 0x00, 
    0x00, 0xC7, 0x3E, 0x60, 0x00, 0x00, 0x03, 0x00, 0x00, 0xC7, 0x3E, 0x61, 0xFE, 0x1F, 0xC3, 0x00, 
    0x00, 0xC7, 0x77, 0x61, 0xFE, 0x3F, 0xE3, 0x00, 0x00, 0xC7, 0xE3, 0xE1, 0xFE, 0x3F, 0xE3, 0x00, 
    0x00, 0xC7, 0xC3, 0xE1, 0x86, 0x38, 0xE3, 0x00, 0x00, 0xC7, 0xC1, 0xE1, 0x86, 0x38, 0xE3, 0x00, 
    0x00, 0xC7, 0x80, 0xE1, 0x86, 0x38, 0xE3, 0x00, 0x00, 0xC7, 0xFF, 0xE1, 0xFE, 0x3F, 0xE3, 0x00, 
    0x00, 0xC3, 0xFF, 0xE1, 0xFE, 0x1F, 0xC3, 0x00, 0x00, 0xC0, 0x00, 0x00, 0x00, 0x00, 0x03, 0x00, 
    0x00, 0xC0, 0x00, 0x00, 0x00, 0x00, 0x03, 0x00, 0x00, 0xC0, 0x00, 0x00, 0x00, 0x00, 0x03, 0x00, 
    0x00, 0xC0, 0x00, 0x00, 0x00, 0x00, 0x03, 0x00, 0x00, 0xC0, 0x00, 0x00, 0x00, 0x00, 0x03, 0x00, 
    0x00, 0xC0, 0x00, 0x00, 0x00, 0x00, 0x03, 0x00, 0x00, 0xFF, 0xFF, 0xFF, 0xFF, 0xFF, 0xFF, 0x00, 
    0x00, 0xFF, 0xFF, 0xFF, 0xFF, 0xFF, 0xFF, 0x00, 0x00, 0xFF, 0xFF, 0xFF, 0xFF, 0xFF, 0xFF, 0x00, 
    0x00, 0xC0, 0x00, 0x00, 0x00, 0x00, 0x03, 0x00, 0x00, 0xC0, 0x00, 0x00, 0x00, 0x00, 0x03, 0x00, 
    0x00, 0xE0, 0x00, 0x00, 0x00, 0x00, 0x07, 0x00, 0x00, 0x7F, 0xFF, 0xFF, 0xFF, 0xFF, 0xFE, 0x00, 
    0x00, 0x3F, 0xFF, 0xFF, 0xFF, 0xFF, 0xFC, 0x00, 0x00, 0x0F, 0xFF, 0xFF, 0xFF, 0xFF, 0xF0, 0x00, 
    0x00, 0x00, 0x00, 0x0C, 0x30, 0x00, 0x00, 0x00, 0x00, 0x00, 0x00, 0x0C, 0x30, 0x00, 0x00, 0x00, 
    0x00, 0x00, 0x00, 0x0C, 0x30, 0x00, 0x00, 0x00, 0x00, 0x00, 0x03, 0xFF, 0xFF, 0xC0, 0x00, 0x00, 
    0x00, 0x00, 0x03, 0xFF, 0xFF, 0xC0, 0x00, 0x00, 0x00, 0x00, 0x00, 0x00, 0x00, 0x00, 0x00, 0x00, 
    0x00, 0x00, 0x00, 0x00, 0x00, 0x00, 0x00, 0x00, 0x00, 0x00, 0x00, 0x00, 0x00, 0x00, 0x00, 0x00, 
    0x00, 0x00, 0x00, 0x00, 0x00, 0x00, 0x00, 0x00, 0x00, 0x00, 0x00, 0x00, 0x00, 0x00, 0x00, 0x00, 
    0x00, 0x00, 0x00, 0x00, 0x00, 0x00, 0x00, 0x00, 0x00, 0x00, 0x00, 0x00, 0x00, 0x00, 0x00, 0x00, 
    0x00, 0x00, 0x00, 0x00, 0x00, 0x00, 0x00, 0x00, 0x00, 0x00, 0x00, 0x00, 0x00, 0x00, 0x00, 0x00, 
    0x00, 0x00, 0x00, 0x00, 0x00, 0x00, 0x00, 0x00, 0x00, 0x00, 0x00, 0x00, 0x00, 0x00, 0x00, 0x00, 
      },
  {
    0x00, 0x00, 0x00, 0x00, 0x00, 0x00, 0x00, 0x00, 0x00, 0x00, 0x00, 0x00, 0x00, 0x00, 0x00, 0x00, 
    0x00, 0x00, 0x00, 0x00, 0x00, 0x00, 0x00, 0x00, 0x00, 0x00, 0x00, 0x00, 0x00, 0x00, 0x00, 0x00, 
    0x00, 0x00, 0x00, 0x00, 0x00, 0x00, 0x00, 0x00, 0x00, 0x00, 0x00, 0x00, 0x00, 0x00, 0x00, 0x00, 
    0x00, 0x00, 0x00, 0x00, 0x00, 0x00, 0x00, 0x00, 0x00, 0x00, 0x00, 0x00, 0x00, 0x00, 0x00, 0x00, 
    0x00, 0x00, 0x00, 0x00, 0x00, 0x00, 0x00, 0x00, 0x00, 0x00, 0x00, 0x00, 0x00, 0x00, 0x00, 0x00, 
    0x00, 0x00, 0x00, 0x00, 0x00, 0x00, 0x00, 0x00, 0x00, 0x3F, 0xFF, 0xFF, 0xFF, 0xFF, 0xFC, 0x00, 
    0x00, 0x7F, 0xFF, 0xFF, 0xFF, 0xFF, 0xFE, 0x00, 0x00, 0xE3, 0xFF, 0xE1, 0xFF, 0xFF, 0xC7, 0x00, 
    0x00, 0xC7, 0xFF, 0xE1, 0xFF, 0xFF, 0xE3, 0x00, 0x00, 0xC7, 0x80, 0xE1, 0xC0, 0x00, 0xE3, 0x00, 
    0x00, 0xC7, 0xC1, 0xE1, 0x80, 0x00, 0xE3, 0x00, 0x00, 0xC7, 0xC1, 0xE1, 0x80, 0x00, 0xE3, 0x00, 
    0x00, 0xC7, 0xE3, 0xE1, 0x80, 0x00, 0xE3, 0x00, 0x00, 0xC7, 0x77, 0x61, 0xFF, 0xFF, 0xE3, 0x00, 
    0x00, 0xC7, 0x7E, 0x61, 0xFF, 0xFF, 0xC3, 0x00, 0x00, 0xC7, 0x3E, 0x60, 0x00, 0x00, 0x03, 0x00, 
    0x00, 0xC7, 0x1C, 0x60, 0x00, 0x00, 0x03, 0x00, 0x00, 0xC7, 0x1C, 0x60, 0x00, 0x00, 0x03, 0x00, 
    0x00, 0xC7, 0x3E, 0x60, 0x00, 0x00, 0x03, 0x00, 0x00, 0xC7, 0x77, 0x61, 0xFE, 0x3F, 0xC3, 0x00, 
    0x00, 0xC7, 0x67, 0x61, 0xFE, 0x3F, 0xE3, 0x00, 0x00, 0xC7, 0xE3, 0xE1, 0x86, 0x38, 0xE3, 0x00, 
    0x00, 0xC7, 0xC1, 0xE1, 0x86, 0x38, 0xE3, 0x00, 0x00, 0xC7, 0x80, 0xE1, 0x86, 0x38, 0xE3, 0x00, 
    0x00, 0xC7, 0xFF, 0xE1, 0xFE, 0x3F, 0xE3, 0x00, 0x00, 0xC7, 0xFF, 0xE1, 0xFE, 0x3F, 0xE3, 0x00, 
    0x00, 0xC3, 0xFF, 0xE1, 0xFC, 0x1F, 0xC3, 0x00, 0x00, 0xC0, 0x00, 0x00, 0x00, 0x00, 0x03, 0x00, 
    0x00, 0xC0, 0x00, 0x00, 0x00, 0x00, 0x03, 0x00, 0x00, 0xC0, 0x00, 0x00, 0x00, 0x00, 0x03, 0x00, 
    0x00, 0xC0, 0x00, 0x00, 0x00, 0x00, 0x03, 0x00, 0x00, 0xC0, 0x00, 0x00, 0x00, 0x00, 0x03, 0x00, 
    0x00, 0xC0, 0x00, 0x00, 0x00, 0x00, 0x03, 0x00, 0x00, 0xFF, 0xFF, 0xFF, 0xFF, 0xFF, 0xFF, 0x00, 
    0x00, 0xFF, 0xFF, 0xFF, 0xFF, 0xFF, 0xFF, 0x00, 0x00, 0xFF, 0xFF, 0xFF, 0xFF, 0xFF, 0xFF, 0x00, 
    0x00, 0xC0, 0x00, 0x00, 0x00, 0x00, 0x03, 0x00, 0x00, 0xC0, 0x00, 0x00, 0x00, 0x00, 0x03, 0x00, 
    0x00, 0xE0, 0x00, 0x00, 0x00, 0x00, 0x07, 0x00, 0x00, 0x7F, 0xFF, 0xFF, 0xFF, 0xFF, 0xFE, 0x00, 
    0x00, 0x3F, 0xFF, 0xFF, 0xFF, 0xFF, 0xFC, 0x00, 0x00, 0x0F, 0xFF, 0xFF, 0xFF, 0xFF, 0xF0, 0x00, 
    0x00, 0x00, 0x00, 0x0C, 0x30, 0x00, 0x00, 0x00, 0x00, 0x00, 0x00, 0x0C, 0x30, 0x00, 0x00, 0x00, 
    0x00, 0x00, 0x00, 0x0C, 0x30, 0x00, 0x00, 0x00, 0x00, 0x00, 0x03, 0xFF, 0xFF, 0xC0, 0x00, 0x00, 
    0x00, 0x00, 0x03, 0xFF, 0xFF, 0xC0, 0x00, 0x00, 0x00, 0x00, 0x00, 0x00, 0x00, 0x00, 0x00, 0x00, 
    0x00, 0x00, 0x00, 0x00, 0x00, 0x00, 0x00, 0x00, 0x00, 0x00, 0x00, 0x00, 0x00, 0x00, 0x00, 0x00, 
    0x00, 0x00, 0x00, 0x00, 0x00, 0x00, 0x00, 0x00, 0x00, 0x00, 0x00, 0x00, 0x00, 0x00, 0x00, 0x00, 
    0x00, 0x00, 0x00, 0x00, 0x00, 0x00, 0x00, 0x00, 0x00, 0x00, 0x00, 0x00, 0x00, 0x00, 0x00, 0x00, 
    0x00, 0x00, 0x00, 0x00, 0x00, 0x00, 0x00, 0x00, 0x00, 0x00, 0x00, 0x00, 0x00, 0x00, 0x00, 0x00, 
    0x00, 0x00, 0x00, 0x00, 0x00, 0x00, 0x00, 0x00, 0x00, 0x00, 0x00, 0x00, 0x00, 0x00, 0x00, 0x00, 
      },
  {
    0x00, 0x00, 0x00, 0x00, 0x00, 0x00, 0x00, 0x00, 0x00, 0x00, 0x00, 0x00, 0x00, 0x00, 0x00, 0x00, 
    0x00, 0x00, 0x00, 0x00, 0x00, 0x00, 0x00, 0x00, 0x00, 0x00, 0x00, 0x00, 0x00, 0x00, 0x00, 0x00, 
    0x00, 0x00, 0x00, 0x00, 0x00, 0x00, 0x00, 0x00, 0x00, 0x00, 0x00, 0x00, 0x00, 0x00, 0x00, 0x00, 
    0x00, 0x00, 0x00, 0x00, 0x00, 0x00, 0x00, 0x00, 0x00, 0x00, 0x00, 0x00, 0x00, 0x00, 0x00, 0x00, 
    0x00, 0x00, 0x00, 0x00, 0x00, 0x00, 0x00, 0x00, 0x00, 0x00, 0x00, 0x00, 0x00, 0x00, 0x00, 0x00, 
    0x00, 0x00, 0x00, 0x00, 0x00, 0x00, 0x00, 0x00, 0x00, 0x3F, 0xFF, 0xFF, 0xFF, 0xFF, 0xFC, 0x00, 
    0x00, 0x7F, 0xFF, 0xFF, 0xFF, 0xFF, 0xFE, 0x00, 0x00, 0xE3, 0xFF, 0xE1, 0xFF, 0xFF, 0xC7, 0x00, 
    0x00, 0xC7, 0xFF, 0xE1, 0xFF, 0xFF, 0xE3, 0x00, 0x00, 0xC7, 0x80, 0xE1, 0x80, 0x00, 0xE3, 0x00, 
    0x00, 0xC7, 0xC1, 0xE1, 0x80, 0x00, 0xE3, 0x00, 0x00, 0xC7, 0xE3, 0xE1, 0x80, 0x00, 0xE3, 0x00, 
    0x00, 0xC7, 0x67, 0x61, 0xFF, 0xFF, 0xE3, 0x00, 0x00, 0xC7, 0x77, 0x61, 0xFF, 0xFF, 0xC3, 0x00, 
    0x00, 0xC7, 0x3E, 0x60, 0xFF, 0xFF, 0x83, 0x00, 0x00, 0xC7, 0x1C, 0x60, 0x00, 0x00, 0x03, 0x00, 
    0x00, 0xC7, 0x1C, 0x60, 0x00, 0x00, 0x03, 0x00, 0x00, 0xC7, 0x3E, 0x60, 0x00, 0x00, 0x03, 0x00, 
    0x00, 0xC7, 0x7E, 0x61, 0xFE, 0x1F, 0xC3, 0x00, 0x00, 0xC7, 0x77, 0x61, 0xFE, 0x3F, 0xE3, 0x00, 
    0x00, 0xC7, 0xE3, 0xE1, 0x8E, 0x38, 0xE3, 0x00, 0x00, 0xC7, 0xC1, 0xE1, 0x86, 0x38, 0xE3, 0x00, 
    0x00, 0xC7, 0xC1, 0xE1, 0x86, 0x38, 0xE3, 0x00, 0x00, 0xC7, 0x80, 0xE1, 0x8E, 0x38, 0xE3, 0x00, 
    0x00, 0xC7, 0xFF, 0xE1, 0xFE, 0x3F, 0xE3, 0x00, 0x00, 0xC3, 0xFF, 0xE1, 0xFE, 0x1F, 0xC3, 0x00, 
    0x00, 0xC0, 0x00, 0x00, 0x00, 0x00, 0x03, 0x00, 0x00, 0xC0, 0x00, 0x00, 0x00, 0x00, 0x03, 0x00, 
    0x00, 0xC0, 0x00, 0x00, 0x00, 0x00, 0x03, 0x00, 0x00, 0xC0, 0x00, 0x00, 0x00, 0x00, 0x03, 0x00, 
    0x00, 0xC0, 0x00, 0x00, 0x00, 0x00, 0x03, 0x00, 0x00, 0xC0, 0x00, 0x00, 0x00, 0x00, 0x03, 0x00, 
    0x00, 0xC0, 0x00, 0x00, 0x00, 0x00, 0x03, 0x00, 0x00, 0xFF, 0xFF, 0xFF, 0xFF, 0xFF, 0xFF, 0x00, 
    0x00, 0xFF, 0xFF, 0xFF, 0xFF, 0xFF, 0xFF, 0x00, 0x00, 0xFF, 0xFF, 0xFF, 0xFF, 0xFF, 0xFF, 0x00, 
    0x00, 0xC0, 0x00, 0x00, 0x00, 0x00, 0x03, 0x00, 0x00, 0xC0, 0x00, 0x00, 0x00, 0x00, 0x03, 0x00, 
    0x00, 0xE0, 0x00, 0x00, 0x00, 0x00, 0x07, 0x00, 0x00, 0x7F, 0xFF, 0xFF, 0xFF, 0xFF, 0xFE, 0x00, 
    0x00, 0x3F, 0xFF, 0xFF, 0xFF, 0xFF, 0xFC, 0x00, 0x00, 0x0F, 0xFF, 0xFF, 0xFF, 0xFF, 0xF0, 0x00, 
    0x00, 0x00, 0x00, 0x0C, 0x30, 0x00, 0x00, 0x00, 0x00, 0x00, 0x00, 0x0C, 0x30, 0x00, 0x00, 0x00, 
    0x00, 0x00, 0x00, 0x0C, 0x30, 0x00, 0x00, 0x00, 0x00, 0x00, 0x03, 0xFF, 0xFF, 0xC0, 0x00, 0x00, 
    0x00, 0x00, 0x03, 0xFF, 0xFF, 0xC0, 0x00, 0x00, 0x00, 0x00, 0x00, 0x00, 0x00, 0x00, 0x00, 0x00, 
    0x00, 0x00, 0x00, 0x00, 0x00, 0x00, 0x00, 0x00, 0x00, 0x00, 0x00, 0x00, 0x00, 0x00, 0x00, 0x00, 
    0x00, 0x00, 0x00, 0x00, 0x00, 0x00, 0x00, 0x00, 0x00, 0x00, 0x00, 0x00, 0x00, 0x00, 0x00, 0x00, 
    0x00, 0x00, 0x00, 0x00, 0x00, 0x00, 0x00, 0x00, 0x00, 0x00, 0x00, 0x00, 0x00, 0x00, 0x00, 0x00, 
    0x00, 0x00, 0x00, 0x00, 0x00, 0x00, 0x00, 0x00, 0x00, 0x00, 0x00, 0x00, 0x00, 0x00, 0x00, 0x00, 
    0x00, 0x00, 0x00, 0x00, 0x00, 0x00, 0x00, 0x00, 0x00, 0x00, 0x00, 0x00, 0x00, 0x00, 0x00, 0x00, 
      },
  {
    0x00, 0x00, 0x00, 0x00, 0x00, 0x00, 0x00, 0x00, 0x00, 0x00, 0x00, 0x00, 0x00, 0x00, 0x00, 0x00, 
    0x00, 0x00, 0x00, 0x00, 0x00, 0x00, 0x00, 0x00, 0x00, 0x00, 0x00, 0x00, 0x00, 0x00, 0x00, 0x00, 
    0x00, 0x00, 0x00, 0x00, 0x00, 0x00, 0x00, 0x00, 0x00, 0x00, 0x00, 0x00, 0x00, 0x00, 0x00, 0x00, 
    0x00, 0x00, 0x00, 0x00, 0x00, 0x00, 0x00, 0x00, 0x00, 0x00, 0x00, 0x00, 0x00, 0x00, 0x00, 0x00, 
    0x00, 0x00, 0x00, 0x00, 0x00, 0x00, 0x00, 0x00, 0x00, 0x00, 0x00, 0x00, 0x00, 0x00, 0x00, 0x00, 
    0x00, 0x00, 0x00, 0x00, 0x00, 0x00, 0x00, 0x00, 0x00, 0x3F, 0xFF, 0xFF, 0xFF, 0xFF, 0xFC, 0x00, 
    0x00, 0x7F, 0xFF, 0xFF, 0xFF, 0xFF, 0xFE, 0x00, 0x00, 0xE7, 0xFF, 0xE1, 0xFF, 0xFF, 0xE7, 0x00, 
    0x00, 0xC7, 0x80, 0xE1, 0x80, 0x00, 0xE3, 0x00, 0x00, 0xC7, 0xC1, 0xE1, 0x80, 0x00, 0xE3, 0x00, 
    0x00, 0xC7, 0xE3, 0xE1, 0x80, 0x00, 0xE3, 0x00, 0x00, 0xC7, 0xE3, 0x61, 0xFF, 0xFF, 0xE3, 0x00, 
    0x00, 0xC7, 0x77, 0x61, 0xFF, 0xFF, 0xE3, 0x00, 0x00, 0xC7, 0x3E, 0x61, 0xFF, 0xFF, 0xC3, 0x00, 
    0x00, 0xC7, 0x3E, 0x60, 0x00, 0x00, 0x03, 0x00, 0x00, 0xC7, 0x1C, 0x60, 0x00, 0x00, 0x03, 0x00, 
    0x00, 0xC7, 0x3E, 0x60, 0x00, 0x00, 0x03, 0x00, 0x00, 0xC7, 0x3E, 0x61, 0xFC, 0x1F, 0xC3, 0x00, 
    0x00, 0xC7, 0x77, 0x61, 0xFE, 0x3F, 0xE3, 0x00, 0x00, 0xC7, 0xE3, 0x61, 0xFE, 0x3F, 0xE3, 0x00, 
    0x00, 0xC7, 0xE3, 0xE1, 0x86, 0x38, 0xE3, 0x00, 0x00, 0xC7, 0xC1, 0xE1, 0x86, 0x38, 0xE3, 0x00, 
    0x00, 0xC7, 0x80, 0xE1, 0x86, 0x38, 0xE3, 0x00, 0x00, 0xC7, 0xFF, 0xE1, 0xFE, 0x3F, 0xE3, 0x00, 
    0x00, 0xC3, 0xFF, 0xE1, 0xFE, 0x3F, 0xC3, 0x00, 0x00, 0xC0, 0x00, 0x00, 0x00, 0x00, 0x03, 0x00, 
    0x00, 0xC0, 0x00, 0x00, 0x00, 0x00, 0x03, 0x00, 0x00, 0xC0, 0x00, 0x00, 0x00, 0x00, 0x03, 0x00, 
    0x00, 0xC0, 0x00, 0x00, 0x00, 0x00, 0x03, 0x00, 0x00, 0xC0, 0x00, 0x00, 0x00, 0x00, 0x03, 0x00, 
    0x00, 0xC0, 0x00, 0x00, 0x00, 0x00, 0x03, 0x00, 0x00, 0xC0, 0x00, 0x00, 0x00, 0x00, 0x03, 0x00, 
    0x00, 0xC0, 0x00, 0x00, 0x00, 0x00, 0x03, 0x00, 0x00, 0xFF, 0xFF, 0xFF, 0xFF, 0xFF, 0xFF, 0x00, 
    0x00, 0xFF, 0xFF, 0xFF, 0xFF, 0xFF, 0xFF, 0x00, 0x00, 0xFF, 0xFF, 0xFF, 0xFF, 0xFF, 0xFF, 0x00, 
    0x00, 0xC0, 0x00, 0x00, 0x00, 0x00, 0x03, 0x00, 0x00, 0xC0, 0x00, 0x00, 0x00, 0x00, 0x03, 0x00, 
    0x00, 0xE0, 0x00, 0x00, 0x00, 0x00, 0x07, 0x00, 0x00, 0x7F, 0xFF, 0xFF, 0xFF, 0xFF, 0xFE, 0x00, 
    0x00, 0x3F, 0xFF, 0xFF, 0xFF, 0xFF, 0xFC, 0x00, 0x00, 0x0F, 0xFF, 0xFF, 0xFF, 0xFF, 0xF0, 0x00, 
    0x00, 0x00, 0x00, 0x0C, 0x30, 0x00, 0x00, 0x00, 0x00, 0x00, 0x00, 0x0C, 0x30, 0x00, 0x00, 0x00, 
    0x00, 0x00, 0x00, 0x0C, 0x30, 0x00, 0x00, 0x00, 0x00, 0x00, 0x03, 0xFF, 0xFF, 0xC0, 0x00, 0x00, 
    0x00, 0x00, 0x03, 0xFF, 0xFF, 0xC0, 0x00, 0x00, 0x00, 0x00, 0x00, 0x00, 0x00, 0x00, 0x00, 0x00, 
    0x00, 0x00, 0x00, 0x00, 0x00, 0x00, 0x00, 0x00, 0x00, 0x00, 0x00, 0x00, 0x00, 0x00, 0x00, 0x00, 
    0x00, 0x00, 0x00, 0x00, 0x00, 0x00, 0x00, 0x00, 0x00, 0x00, 0x00, 0x00, 0x00, 0x00, 0x00, 0x00, 
    0x00, 0x00, 0x00, 0x00, 0x00, 0x00, 0x00, 0x00, 0x00, 0x00, 0x00, 0x00, 0x00, 0x00, 0x00, 0x00, 
    0x00, 0x00, 0x00, 0x00, 0x00, 0x00, 0x00, 0x00, 0x00, 0x00, 0x00, 0x00, 0x00, 0x00, 0x00, 0x00, 
    0x00, 0x00, 0x00, 0x00, 0x00, 0x00, 0x00, 0x00, 0x00, 0x00, 0x00, 0x00, 0x00, 0x00, 0x00, 0x00, 
      },
  {
    0x00, 0x00, 0x00, 0x00, 0x00, 0x00, 0x00, 0x00, 0x00, 0x00, 0x00, 0x00, 0x00, 0x00, 0x00, 0x00, 
    0x00, 0x00, 0x00, 0x00, 0x00, 0x00, 0x00, 0x00, 0x00, 0x00, 0x00, 0x00, 0x00, 0x00, 0x00, 0x00, 
    0x00, 0x00, 0x00, 0x00, 0x00, 0x00, 0x00, 0x00, 0x00, 0x00, 0x00, 0x00, 0x00, 0x00, 0x00, 0x00, 
    0x00, 0x00, 0x00, 0x00, 0x00, 0x00, 0x00, 0x00, 0x00, 0x00, 0x00, 0x00, 0x00, 0x00, 0x00, 0x00, 
    0x00, 0x00, 0x00, 0x00, 0x00, 0x00, 0x00, 0x00, 0x00, 0x00, 0x00, 0x00, 0x00, 0x00, 0x00, 0x00, 
    0x00, 0x00, 0x00, 0x00, 0x00, 0x00, 0x00, 0x00, 0x00, 0x3F, 0xFF, 0xFF, 0xFF, 0xFF, 0xFC, 0x00, 
    0x00, 0x7F, 0xFF, 0xFF, 0xFF, 0xFF, 0xFE, 0x00, 0x00, 0xE7, 0x80, 0xE1, 0x80, 0x00, 0xC7, 0x00, 
    0x00, 0xC7, 0xC1, 0xE1, 0x80, 0x00, 0xE3, 0x00, 0x00, 0xC7, 0xC1, 0xE1, 0x80, 0x00, 0xE3, 0x00, 
    0x00, 0xC7, 0xE3, 0xE1, 0xC0, 0x00, 0xE3, 0x00, 0x00, 0xC7, 0x77, 0x61, 0xFF, 0xFF, 0xE3, 0x00, 
    0x00, 0xC7, 0x3E, 0x61, 0xFF, 0xFF, 0xC3, 0x00, 0x00, 0xC7, 0x3E, 0x60, 0x00, 0x00, 0x03, 0x00, 
    0x00, 0xC7, 0x1C, 0x60, 0x00, 0x00, 0x03, 0x00, 0x00, 0xC7, 0x1C, 0x60, 0x00, 0x00, 0x03, 0x00, 
    0x00, 0xC7, 0x3E, 0x60, 0xFC, 0x1F, 0xC3, 0x00, 0x00, 0xC7, 0x77, 0x61, 0xFE, 0x3F, 0xC3, 0x00, 
    0x00, 0xC7, 0x63, 0x61, 0xFE, 0x3F, 0xE3, 0x00, 0x00, 0xC7, 0xE3, 0xE1, 0x86, 0x38, 0xE3, 0x00, 
    0x00, 0xC7, 0xC1, 0xE1, 0x86, 0x38, 0xE3, 0x00, 0x00, 0xC7, 0x80, 0xE1, 0x86, 0x38, 0xE3, 0x00, 
    0x00, 0xC7, 0xFF, 0xE1, 0xFE, 0x3F, 0xE3, 0x00, 0x00, 0xC3, 0xFF, 0xE1, 0xFE, 0x3F, 0xC3, 0x00, 
    0x00, 0xC1, 0xFF, 0xC0, 0xFC, 0x0F, 0x83, 0x00, 0x00, 0xC0, 0x00, 0x00, 0x00, 0x00, 0x03, 0x00, 
    0x00, 0xC0, 0x00, 0x00, 0x00, 0x00, 0x03, 0x00, 0x00, 0xC0, 0x00, 0x00, 0x00, 0x00, 0x03, 0x00, 
    0x00, 0xC0, 0x00, 0x00, 0x00, 0x00, 0x03, 0x00, 0x00, 0xC0, 0x00, 0x00, 0x00, 0x00, 0x03, 0x00, 
    0x00, 0xC0, 0x00, 0x00, 0x00, 0x00, 0x03, 0x00, 0x00, 0xC0, 0x00, 0x00, 0x00, 0x00, 0x03, 0x00, 
    0x00, 0xC0, 0x00, 0x00, 0x00, 0x00, 0x03, 0x00, 0x00, 0xFF, 0xFF, 0xFF, 0xFF, 0xFF, 0xFF, 0x00, 
    0x00, 0xFF, 0xFF, 0xFF, 0xFF, 0xFF, 0xFF, 0x00, 0x00, 0xFF, 0xFF, 0xFF, 0xFF, 0xFF, 0xFF, 0x00, 
    0x00, 0xC0, 0x00, 0x00, 0x00, 0x00, 0x03, 0x00, 0x00, 0xC0, 0x00, 0x00, 0x00, 0x00, 0x03, 0x00, 
    0x00, 0xE0, 0x00, 0x00, 0x00, 0x00, 0x07, 0x00, 0x00, 0x7F, 0xFF, 0xFF, 0xFF, 0xFF, 0xFE, 0x00, 
    0x00, 0x3F, 0xFF, 0xFF, 0xFF, 0xFF, 0xFC, 0x00, 0x00, 0x0F, 0xFF, 0xFF, 0xFF, 0xFF, 0xF0, 0x00, 
    0x00, 0x00, 0x00, 0x0C, 0x30, 0x00, 0x00, 0x00, 0x00, 0x00, 0x00, 0x0C, 0x30, 0x00, 0x00, 0x00, 
    0x00, 0x00, 0x00, 0x0C, 0x30, 0x00, 0x00, 0x00, 0x00, 0x00, 0x03, 0xFF, 0xFF, 0xC0, 0x00, 0x00, 
    0x00, 0x00, 0x03, 0xFF, 0xFF, 0xC0, 0x00, 0x00, 0x00, 0x00, 0x00, 0x00, 0x00, 0x00, 0x00, 0x00, 
    0x00, 0x00, 0x00, 0x00, 0x00, 0x00, 0x00, 0x00, 0x00, 0x00, 0x00, 0x00, 0x00, 0x00, 0x00, 0x00, 
    0x00, 0x00, 0x00, 0x00, 0x00, 0x00, 0x00, 0x00, 0x00, 0x00, 0x00, 0x00, 0x00, 0x00, 0x00, 0x00, 
    0x00, 0x00, 0x00, 0x00, 0x00, 0x00, 0x00, 0x00, 0x00, 0x00, 0x00, 0x00, 0x00, 0x00, 0x00, 0x00, 
    0x00, 0x00, 0x00, 0x00, 0x00, 0x00, 0x00, 0x00, 0x00, 0x00, 0x00, 0x00, 0x00, 0x00, 0x00, 0x00, 
    0x00, 0x00, 0x00, 0x00, 0x00, 0x00, 0x00, 0x00, 0x00, 0x00, 0x00, 0x00, 0x00, 0x00, 0x00, 0x00, 
      },
  {
    0x00, 0x00, 0x00, 0x00, 0x00, 0x00, 0x00, 0x00, 0x00, 0x00, 0x00, 0x00, 0x00, 0x00, 0x00, 0x00, 
    0x00, 0x00, 0x00, 0x00, 0x00, 0x00, 0x00, 0x00, 0x00, 0x00, 0x00, 0x00, 0x00, 0x00, 0x00, 0x00, 
    0x00, 0x00, 0x00, 0x00, 0x00, 0x00, 0x00, 0x00, 0x00, 0x00, 0x00, 0x00, 0x00, 0x00, 0x00, 0x00, 
    0x00, 0x00, 0x00, 0x00, 0x00, 0x00, 0x00, 0x00, 0x00, 0x00, 0x00, 0x00, 0x00, 0x00, 0x00, 0x00, 
    0x00, 0x00, 0x00, 0x00, 0x00, 0x00, 0x00, 0x00, 0x00, 0x00, 0x00, 0x00, 0x00, 0x00, 0x00, 0x00, 
    0x00, 0x00, 0x00, 0x00, 0x00, 0x00, 0x00, 0x00, 0x00, 0x3F, 0xFF, 0xFF, 0xFF, 0xFF, 0xFC, 0x00, 
    0x00, 0x7F, 0xFF, 0xFF, 0xFF, 0xFF, 0xFE, 0x00, 0x00, 0xE7, 0xC1, 0xE1, 0x80, 0x00, 0xC7, 0x00, 
    0x00, 0xC7, 0xC1, 0xE1, 0x80, 0x00, 0xE3, 0x00, 0x00, 0xC7, 0xE3, 0xE1, 0x80, 0x00, 0xE3, 0x00, 
    0x00, 0xC7, 0x77, 0x61, 0xFF, 0xFF, 0xE3, 0x00, 0x00, 0xC7, 0x7E, 0x61, 0xFF, 0xFF, 0xC3, 0x00, 
    0x00, 0xC7, 0x3E, 0x60, 0x00, 0x00, 0x03, 0x00, 0x00, 0xC7, 0x1C, 0x60, 0x00, 0x00, 0x03, 0x00, 
    0x00, 0xC7, 0x1C, 0x60, 0x00, 0x00, 0x03, 0x00, 0x00, 0xC7, 0x3E, 0x60, 0xFC, 0x0F, 0x83, 0x00, 
    0x00, 0xC7, 0x77, 0x61, 0xFE, 0x3F, 0xC3, 0x00, 0x00, 0xC7, 0x67, 0x61, 0xFE, 0x3F, 0xE3, 0x00, 
    0x00, 0xC7, 0xE3, 0xE1, 0x86, 0x38, 0xE3, 0x00, 0x00, 0xC7, 0xC1, 0xE1, 0x86, 0x38, 0xE3, 0x00, 
    0x00, 0xC7, 0x80, 0xE1, 0x86, 0x38, 0xE3, 0x00, 0x00, 0xC7, 0xFF, 0xE1, 0xFE, 0x3F, 0xE3, 0x00, 
    0x00, 0xC7, 0xFF, 0xE1, 0xFE, 0x3F, 0xC3, 0x00, 0x00, 0xC3, 0xFF, 0xE0, 0xFC, 0x1F, 0xC3, 0x00, 
    0x00, 0xC0, 0x00, 0x00, 0x00, 0x00, 0x03, 0x00, 0x00, 0xC0, 0x00, 0x00, 0x00, 0x00, 0x03, 0x00, 
    0x00, 0xC0, 0x00, 0x00, 0x00, 0x00, 0x03, 0x00, 0x00, 0xC0, 0x00, 0x00, 0x00, 0x00, 0x03, 0x00, 
    0x00, 0xC0, 0x00, 0x00, 0x00, 0x00, 0x03, 0x00, 0x00, 0xC0, 0x00, 0x00, 0x00, 0x00, 0x03, 0x00, 
    0x00, 0xC0, 0x03, 0x00, 0x00, 0x00, 0x03, 0x00, 0x00, 0xC0, 0x03, 0x00, 0x00, 0x00, 0x03, 0x00, 
    0x00, 0xC0, 0x00, 0x00, 0x00, 0x00, 0x03, 0x00, 0x00, 0xFF, 0xFC, 0xFF, 0xFF, 0xFF, 0xFF, 0x00, 
    0x00, 0xFF, 0xFF, 0xFF, 0xFF, 0xFF, 0xFF, 0x00, 0x00, 0xFF, 0xFF, 0xFF, 0xFF, 0xFF, 0xFF, 0x00, 
    0x00, 0xC0, 0x00, 0x00, 0x00, 0x00, 0x03, 0x00, 0x00, 0xC0, 0x00, 0x00, 0x00, 0x00, 0x03, 0x00, 
    0x00, 0xE0, 0x00, 0x00, 0x00, 0x00, 0x07, 0x00, 0x00, 0x7F, 0xFF, 0xFF, 0xFF, 0xFF, 0xFE, 0x00, 
    0x00, 0x3F, 0xFF, 0xFF, 0xFF, 0xFF, 0xFC, 0x00, 0x00, 0x0F, 0xFF, 0xFF, 0xFF, 0xFF, 0xF0, 0x00, 
    0x00, 0x00, 0x00, 0x0C, 0x30, 0x00, 0x00, 0x00, 0x00, 0x00, 0x00, 0x0C, 0x30, 0x00, 0x00, 0x00, 
    0x00, 0x00, 0x00, 0x0C, 0x30, 0x00, 0x00, 0x00, 0x00, 0x00, 0x03, 0xFF, 0xFF, 0xC0, 0x00, 0x00, 
    0x00, 0x00, 0x03, 0xFF, 0xFF, 0xC0, 0x00, 0x00, 0x00, 0x00, 0x00, 0x00, 0x00, 0x00, 0x00, 0x00, 
    0x00, 0x00, 0x00, 0x00, 0x00, 0x00, 0x00, 0x00, 0x00, 0x00, 0x00, 0x00, 0x00, 0x00, 0x00, 0x00, 
    0x00, 0x00, 0x00, 0x00, 0x00, 0x00, 0x00, 0x00, 0x00, 0x00, 0x00, 0x00, 0x00, 0x00, 0x00, 0x00, 
    0x00, 0x00, 0x00, 0x00, 0x00, 0x00, 0x00, 0x00, 0x00, 0x00, 0x00, 0x00, 0x00, 0x00, 0x00, 0x00, 
    0x00, 0x00, 0x00, 0x00, 0x00, 0x00, 0x00, 0x00, 0x00, 0x00, 0x00, 0x00, 0x00, 0x00, 0x00, 0x00, 
    0x00, 0x00, 0x00, 0x00, 0x00, 0x00, 0x00, 0x00, 0x00, 0x00, 0x00, 0x00, 0x00, 0x00, 0x00, 0x00, 
      },
  {
    0x00, 0x00, 0x00, 0x00, 0x00, 0x00, 0x00, 0x00, 0x00, 0x00, 0x00, 0x00, 0x00, 0x00, 0x00, 0x00, 
    0x00, 0x00, 0x00, 0x00, 0x00, 0x00, 0x00, 0x00, 0x00, 0x00, 0x00, 0x00, 0x00, 0x00, 0x00, 0x00, 
    0x00, 0x00, 0x00, 0x00, 0x00, 0x00, 0x00, 0x00, 0x00, 0x00, 0x00, 0x00, 0x00, 0x00, 0x00, 0x00, 
    0x00, 0x00, 0x00, 0x00, 0x00, 0x00, 0x00, 0x00, 0x00, 0x00, 0x00, 0x00, 0x00, 0x00, 0x00, 0x00, 
    0x00, 0x00, 0x00, 0x00, 0x00, 0x00, 0x00, 0x00, 0x00, 0x00, 0x00, 0x00, 0x00, 0x00, 0x00, 0x00, 
    0x00, 0x00, 0x00, 0x00, 0x00, 0x00, 0x00, 0x00, 0x00, 0x3F, 0xFF, 0xFF, 0xFF, 0xFF, 0xFC, 0x00, 
    0x00, 0x7F, 0xFF, 0xFF, 0xFF, 0xFF, 0xFE, 0x00, 0x00, 0xE7, 0xC1, 0xE1, 0x80, 0x00, 0xC7, 0x00, 
    0x00, 0xC7, 0xE3, 0xE1, 0x80, 0x00, 0xE3, 0x00, 0x00, 0xC7, 0x77, 0x61, 0xFF, 0xFF, 0xE3, 0x00, 
    0x00, 0xC7, 0x7E, 0x61, 0xFF, 0xFF, 0xC3, 0x00, 0x00, 0xC7, 0x3E, 0x60, 0x00, 0x00, 0x03, 0x00, 
    0x00, 0xC7, 0x1C, 0x60, 0x00, 0x00, 0x03, 0x00, 0x00, 0xC7, 0x1C, 0x60, 0x00, 0x00, 0x03, 0x00, 
    0x00, 0xC7, 0x3E, 0x60, 0xFC, 0x0F, 0x83, 0x00, 0x00, 0xC7, 0x77, 0x61, 0xFE, 0x3F, 0xC3, 0x00, 
    0x00, 0xC7, 0x67, 0x61, 0xFE, 0x3F, 0xE3, 0x00, 0x00, 0xC7, 0xE3, 0xE1, 0x86, 0x38, 0xE3, 0x00, 
    0x00, 0xC7, 0xC1, 0xE1, 0x86, 0x38, 0xE3, 0x00, 0x00, 0xC7, 0x80, 0xE1, 0x86, 0x38, 0xE3, 0x00, 
    0x00, 0xC7, 0xFF, 0xE1, 0xFE, 0x3F, 0xE3, 0x00, 0x00, 0xC7, 0xFF, 0xE1, 0xFE, 0x3F, 0xC3, 0x00, 
    0x00, 0xC3, 0xFF, 0xE0, 0xFC, 0x1F, 0xC3, 0x00, 0x00, 0xC0, 0x00, 0x00, 0x00, 0x00, 0x03, 0x00, 
    0x00, 0xC0, 0x00, 0x00, 0x00, 0x00, 0x03, 0x00, 0x00, 0xC0, 0x00, 0x00, 0x00, 0x00, 0x03, 0x00, 
    0x00, 0xC0, 0x00, 0x00, 0x00, 0x00, 0x03, 0x00, 0x00, 0xC0, 0x00, 0x00, 0x00, 0x00, 0x03, 0x00, 
    0x00, 0xC0, 0x07, 0x80, 0x00, 0x00, 0x03, 0x00, 0x00, 0xC0, 0x0F, 0xC0, 0x00, 0x18, 0x03, 0x00, 
    0x00, 0xC0, 0x0F, 0xC0, 0x00, 0x18, 0x03, 0x00, 0x00, 0xC0, 0x0F, 0xC0, 0x00, 0x00, 0x03, 0x00, 
    0x00, 0xC0, 0x00, 0x00, 0x00, 0x00, 0x03, 0x00, 0x00, 0xFF, 0xFF, 0xFF, 0xFF, 0xFF, 0xFF, 0x00, 
    0x00, 0xFF, 0xFF, 0xFF, 0xFF, 0xFF, 0xFF, 0x00, 0x00, 0xFF, 0xFF, 0xFF, 0xFF, 0xFF, 0xFF, 0x00, 
    0x00, 0xC0, 0x00, 0x00, 0x00, 0x00, 0x03, 0x00, 0x00, 0xC0, 0x00, 0x00, 0x00, 0x00, 0x03, 0x00, 
    0x00, 0xE0, 0x00, 0x00, 0x00, 0x00, 0x07, 0x00, 0x00, 0x7F, 0xFF, 0xFF, 0xFF, 0xFF, 0xFE, 0x00, 
    0x00, 0x3F, 0xFF, 0xFF, 0xFF, 0xFF, 0xFC, 0x00, 0x00, 0x0F, 0xFF, 0xFF, 0xFF, 0xFF, 0xF0, 0x00, 
    0x00, 0x00, 0x00, 0x0C, 0x30, 0x00, 0x00, 0x00, 0x00, 0x00, 0x00, 0x0C, 0x30, 0x00, 0x00, 0x00, 
    0x00, 0x00, 0x00, 0x0C, 0x30, 0x00, 0x00, 0x00, 0x00, 0x00, 0x03, 0xFF, 0xFF, 0xC0, 0x00, 0x00, 
    0x00, 0x00, 0x03, 0xFF, 0xFF, 0xC0, 0x00, 0x00, 0x00, 0x00, 0x00, 0x00, 0x00, 0x00, 0x00, 0x00, 
    0x00, 0x00, 0x00, 0x00, 0x00, 0x00, 0x00, 0x00, 0x00, 0x00, 0x00, 0x00, 0x00, 0x00, 0x00, 0x00, 
    0x00, 0x00, 0x00, 0x00, 0x00, 0x00, 0x00, 0x00, 0x00, 0x00, 0x00, 0x00, 0x00, 0x00, 0x00, 0x00, 
    0x00, 0x00, 0x00, 0x00, 0x00, 0x00, 0x00, 0x00, 0x00, 0x00, 0x00, 0x00, 0x00, 0x00, 0x00, 0x00, 
    0x00, 0x00, 0x00, 0x00, 0x00, 0x00, 0x00, 0x00, 0x00, 0x00, 0x00, 0x00, 0x00, 0x00, 0x00, 0x00, 
    0x00, 0x00, 0x00, 0x00, 0x00, 0x00, 0x00, 0x00, 0x00, 0x00, 0x00, 0x00, 0x00, 0x00, 0x00, 0x00, 
      },
  {
    0x00, 0x00, 0x00, 0x00, 0x00, 0x00, 0x00, 0x00, 0x00, 0x00, 0x00, 0x00, 0x00, 0x00, 0x00, 0x00, 
    0x00, 0x00, 0x00, 0x00, 0x00, 0x00, 0x00, 0x00, 0x00, 0x00, 0x00, 0x00, 0x00, 0x00, 0x00, 0x00, 
    0x00, 0x00, 0x00, 0x00, 0x00, 0x00, 0x00, 0x00, 0x00, 0x00, 0x00, 0x00, 0x00, 0x00, 0x00, 0x00, 
    0x00, 0x00, 0x00, 0x00, 0x00, 0x00, 0x00, 0x00, 0x00, 0x00, 0x00, 0x00, 0x00, 0x00, 0x00, 0x00, 
    0x00, 0x00, 0x00, 0x00, 0x00, 0x00, 0x00, 0x00, 0x00, 0x00, 0x00, 0x00, 0x00, 0x00, 0x00, 0x00, 
    0x00, 0x00, 0x00, 0x00, 0x00, 0x00, 0x00, 0x00, 0x00, 0x3F, 0xFF, 0xFF, 0xFF, 0xFF, 0xFC, 0x00, 
    0x00, 0x7F, 0xFF, 0xFF, 0xFF, 0xFF, 0xFE, 0x00, 0x00, 0xE3, 0xE3, 0xE1, 0x80, 0x00, 0xC7, 0x00, 
    0x00, 0xC7, 0x77, 0x61, 0xFF, 0xFF, 0xE3, 0x00, 0x00, 0xC7, 0x3E, 0x61, 0xFF, 0xFF, 0xC3, 0x00, 
    0x00, 0xC7, 0x3E, 0x60, 0x00, 0x00, 0x03, 0x00, 0x00, 0xC7, 0x1C, 0x60, 0x00, 0x00, 0x03, 0x00, 
    0x00, 0xC7, 0x1C, 0x60, 0x00, 0x00, 0x03, 0x00, 0x00, 0xC7, 0x3E, 0x60, 0xFC, 0x1F, 0xC3, 0x00, 
    0x00, 0xC7, 0x77, 0x61, 0xFE, 0x3F, 0xC3, 0x00, 0x00, 0xC7, 0x63, 0x61, 0xFE, 0x3F, 0xE3, 0x00, 
    0x00, 0xC7, 0xE3, 0xE1, 0x86, 0x38, 0xE3, 0x00, 0x00, 0xC7, 0xC1, 0xE1, 0x86, 0x38, 0xE3, 0x00, 
    0x00, 0xC7, 0x80, 0xE1, 0x86, 0x38, 0xE3, 0x00, 0x00, 0xC7, 0xFF, 0xE1, 0xFE, 0x3F, 0xE3, 0x00, 
    0x00, 0xC3, 0xFF, 0xE1, 0xFE, 0x3F, 0xC3, 0x00, 0x00, 0xC1, 0xFF, 0xC0, 0xFC, 0x0F, 0x83, 0x00, 
    0x00, 0xC0, 0x00, 0x00, 0x00, 0x00, 0x03, 0x00, 0x00, 0xC0, 0x00, 0x00, 0x00, 0x00, 0x03, 0x00, 
    0x00, 0xC0, 0x00, 0x00, 0x00, 0x00, 0x03, 0x00, 0x00, 0xC0, 0x00, 0x00, 0x00, 0x00, 0x03, 0x00, 
    0x00, 0xC0, 0x00, 0x00, 0x00, 0x00, 0x03, 0x00, 0x00, 0xC0, 0x3F, 0xF0, 0x00, 0x3C, 0x03, 0x00, 
    0x00, 0xC0, 0x3F, 0xF0, 0x00, 0x7C, 0x03, 0x00, 0x00, 0xC0, 0x3F, 0xF0, 0x00, 0x7C, 0x03, 0x00, 
    0x00, 0xC0, 0x3F, 0xF0, 0x00, 0x3C, 0x03, 0x00, 0x00, 0xC0, 0x1F, 0xF0, 0x00, 0x00, 0x03, 0x00, 
    0x00, 0xC0, 0x00, 0x00, 0x00, 0x00, 0x03, 0x00, 0x00, 0xFF, 0xFF, 0xFF, 0xFF, 0xFF, 0xFF, 0x00, 
    0x00, 0xFF, 0xFF, 0xFF, 0xFF, 0xFF, 0xFF, 0x00, 0x00, 0xFF, 0xFF, 0xFF, 0xFF, 0xFF, 0xFF, 0x00, 
    0x00, 0xC0, 0x00, 0x00, 0x00, 0x00, 0x03, 0x00, 0x00, 0xC0, 0x00, 0x00, 0x00, 0x00, 0x03, 0x00, 
    0x00, 0xE0, 0x00, 0x00, 0x00, 0x00, 0x07, 0x00, 0x00, 0x7F, 0xFF, 0xFF, 0xFF, 0xFF, 0xFE, 0x00, 
    0x00, 0x3F, 0xFF, 0xFF, 0xFF, 0xFF, 0xFC, 0x00, 0x00, 0x0F, 0xFF, 0xFF, 0xFF, 0xFF, 0xF0, 0x00, 
    0x00, 0x00, 0x00, 0x0C, 0x30, 0x00, 0x00, 0x00, 0x00, 0x00, 0x00, 0x0C, 0x30, 0x00, 0x00, 0x00, 
    0x00, 0x00, 0x00, 0x0C, 0x30, 0x00, 0x00, 0x00, 0x00, 0x00, 0x03, 0xFF, 0xFF, 0xC0, 0x00, 0x00, 
    0x00, 0x00, 0x03, 0xFF, 0xFF, 0xC0, 0x00, 0x00, 0x00, 0x00, 0x00, 0x00, 0x00, 0x00, 0x00, 0x00, 
    0x00, 0x00, 0x00, 0x00, 0x00, 0x00, 0x00, 0x00, 0x00, 0x00, 0x00, 0x00, 0x00, 0x00, 0x00, 0x00, 
    0x00, 0x00, 0x00, 0x00, 0x00, 0x00, 0x00, 0x00, 0x00, 0x00, 0x00, 0x00, 0x00, 0x00, 0x00, 0x00, 
    0x00, 0x00, 0x00, 0x00, 0x00, 0x00, 0x00, 0x00, 0x00, 0x00, 0x00, 0x00, 0x00, 0x00, 0x00, 0x00, 
    0x00, 0x00, 0x00, 0x00, 0x00, 0x00, 0x00, 0x00, 0x00, 0x00, 0x00, 0x00, 0x00, 0x00, 0x00, 0x00, 
    0x00, 0x00, 0x00, 0x00, 0x00, 0x00, 0x00, 0x00, 0x00, 0x00, 0x00, 0x00, 0x00, 0x00, 0x00, 0x00, 
      },
  {
    0x00, 0x00, 0x00, 0x00, 0x00, 0x00, 0x00, 0x00, 0x00, 0x00, 0x00, 0x00, 0x00, 0x00, 0x00, 0x00, 
    0x00, 0x00, 0x00, 0x00, 0x00, 0x00, 0x00, 0x00, 0x00, 0x00, 0x00, 0x00, 0x00, 0x00, 0x00, 0x00, 
    0x00, 0x00, 0x00, 0x00, 0x00, 0x00, 0x00, 0x00, 0x00, 0x00, 0x00, 0x00, 0x00, 0x00, 0x00, 0x00, 
    0x00, 0x00, 0x00, 0x00, 0x00, 0x00, 0x00, 0x00, 0x00, 0x00, 0x00, 0x00, 0x00, 0x00, 0x00, 0x00, 
    0x00, 0x00, 0x00, 0x00, 0x00, 0x00, 0x00, 0x00, 0x00, 0x00, 0x00, 0x00, 0x00, 0x00, 0x00, 0x00, 
    0x00, 0x00, 0x00, 0x00, 0x00, 0x00, 0x00, 0x00, 0x00, 0x3F, 0xFF, 0xFF, 0xFF, 0xFF, 0xFC, 0x00, 
    0x00, 0x7F, 0xFF, 0xFF, 0xFF, 0xFF, 0xFE, 0x00, 0x00, 0xE3, 0x77, 0x61, 0xFF, 0xFF, 0xE7, 0x00, 
    0x00, 0xC7, 0x3E, 0x61, 0xFF, 0xFF, 0xC3, 0x00, 0x00, 0xC7, 0x3E, 0x60, 0x00, 0x00, 0x03, 0x00, 
    0x00, 0xC7, 0x1C, 0x60, 0x00, 0x00, 0x03, 0x00, 0x00, 0xC7, 0x3E, 0x60, 0x00, 0x00, 0x03, 0x00, 
    0x00, 0xC7, 0x3E, 0x61, 0xFC, 0x1F, 0xC3, 0x00, 0x00, 0xC7, 0x77, 0x61, 0xFE, 0x3F, 0xE3, 0x00, 
    0x00, 0xC7, 0xE3, 0x61, 0xFE, 0x3F, 0xE3, 0x00, 0x00, 0xC7, 0xE3, 0xE1, 0x86, 0x38, 0xE3, 0x00, 
    0x00, 0xC7, 0xC1, 0xE1, 0x86, 0x38, 0xE3, 0x00, 0x00, 0xC7, 0x80, 0xE1, 0x86, 0x38, 0xE3, 0x00, 
    0x00, 0xC7, 0xFF, 0xE1, 0xFE, 0x3F, 0xE3, 0x00, 0x00, 0xC3, 0xFF, 0xE1, 0xFE, 0x3F, 0xC3, 0x00, 
    0x00, 0xC0, 0x00, 0x00, 0x00, 0x00, 0x03, 0x00, 0x00, 0xC0, 0x00, 0x00, 0x00, 0x00, 0x03, 0x00, 
    0x00, 0xC0, 0x00, 0x00, 0x00, 0x00, 0x03, 0x00, 0x00, 0xC0, 0x00, 0x00, 0x00, 0x00, 0x03, 0x00, 
    0x00, 0xC0, 0x00, 0x00, 0x00, 0x00, 0x03, 0x00, 0x00, 0xC0, 0xFF, 0xFC, 0x00, 0x7E, 0x03, 0x00, 
    0x00, 0xC0, 0xFF, 0xFC, 0x00, 0xFF, 0x03, 0x00, 0x00, 0xC0, 0xE0, 0x0C, 0x00, 0xFF, 0x03, 0x00, 
    0x00, 0xC0, 0xE0, 0x0C, 0x00, 0xFF, 0x03, 0x00, 0x00, 0xC0, 0xFF, 0xFC, 0x00, 0xFF, 0x03, 0x00, 
    0x00, 0xC0, 0xFF, 0xFC, 0x00, 0x7C, 0x03, 0x00, 0x00, 0xC0, 0x00, 0x00, 0x00, 0x00, 0x03, 0x00, 
    0x00, 0xC0, 0x00, 0x00, 0x00, 0x00, 0x03, 0x00, 0x00, 0xFF, 0xFF, 0xFF, 0xFF, 0xFF, 0xFF, 0x00, 
    0x00, 0xFF, 0xFF, 0xFF, 0xFF, 0xFF, 0xFF, 0x00, 0x00, 0xFF, 0xFF, 0xFF, 0xFF, 0xFF, 0xFF, 0x00, 
    0x00, 0xC0, 0x00, 0x00, 0x00, 0x00, 0x03, 0x00, 0x00, 0xC0, 0x00, 0x00, 0x00, 0x00, 0x03, 0x00, 
    0x00, 0xE0, 0x00, 0x00, 0x00, 0x00, 0x07, 0x00, 0x00, 0x7F, 0xFF, 0xFF, 0xFF, 0xFF, 0xFE, 0x00, 
    0x00, 0x3F, 0xFF, 0xFF, 0xFF, 0xFF, 0xFC, 0x00, 0x00, 0x0F, 0xFF, 0xFF, 0xFF, 0xFF, 0xF0, 0x00, 
    0x00, 0x00, 0x00, 0x0C, 0x30, 0x00, 0x00, 0x00, 0x00, 0x00, 0x00, 0x0C, 0x30, 0x00, 0x00, 0x00, 
    0x00, 0x00, 0x00, 0x0C, 0x30, 0x00, 0x00, 0x00, 0x00, 0x00, 0x03, 0xFF, 0xFF, 0xC0, 0x00, 0x00, 
    0x00, 0x00, 0x03, 0xFF, 0xFF, 0xC0, 0x00, 0x00, 0x00, 0x00, 0x00, 0x00, 0x00, 0x00, 0x00, 0x00, 
    0x00, 0x00, 0x00, 0x00, 0x00, 0x00, 0x00, 0x00, 0x00, 0x00, 0x00, 0x00, 0x00, 0x00, 0x00, 0x00, 
    0x00, 0x00, 0x00, 0x00, 0x00, 0x00, 0x00, 0x00, 0x00, 0x00, 0x00, 0x00, 0x00, 0x00, 0x00, 0x00, 
    0x00, 0x00, 0x00, 0x00, 0x00, 0x00, 0x00, 0x00, 0x00, 0x00, 0x00, 0x00, 0x00, 0x00, 0x00, 0x00, 
    0x00, 0x00, 0x00, 0x00, 0x00, 0x00, 0x00, 0x00, 0x00, 0x00, 0x00, 0x00, 0x00, 0x00, 0x00, 0x00, 
    0x00, 0x00, 0x00, 0x00, 0x00, 0x00, 0x00, 0x00, 0x00, 0x00, 0x00, 0x00, 0x00, 0x00, 0x00, 0x00, 
      },
  {
    0x00, 0x00, 0x00, 0x00, 0x00, 0x00, 0x00, 0x00, 0x00, 0x00, 0x00, 0x00, 0x00, 0x00, 0x00, 0x00, 
    0x00, 0x00, 0x00, 0x00, 0x00, 0x00, 0x00, 0x00, 0x00, 0x00, 0x00, 0x00, 0x00, 0x00, 0x00, 0x00, 
    0x00, 0x00, 0x00, 0x00, 0x00, 0x00, 0x00, 0x00, 0x00, 0x00, 0x00, 0x00, 0x00, 0x00, 0x00, 0x00, 
    0x00, 0x00, 0x00, 0x00, 0x00, 0x00, 0x00, 0x00, 0x00, 0x00, 0x00, 0x00, 0x00, 0x00, 0x00, 0x00, 
    0x00, 0x00, 0x00, 0x00, 0x00, 0x00, 0x00, 0x00, 0x00, 0x00, 0x00, 0x00, 0x00, 0x00, 0x00, 0x00, 
    0x00, 0x00, 0x00, 0x00, 0x00, 0x00, 0x00, 0x00, 0x00, 0x3F, 0xFF, 0xFF, 0xFF, 0xFF, 0xFC, 0x00, 
    0x00, 0x7F, 0xFF, 0xFF, 0xFF, 0xFF, 0xFE, 0x00, 0x00, 0xE3, 0x3E, 0x60, 0x00, 0x00, 0x07, 0x00, 
    0x00, 0xC7, 0x1C, 0x60, 0x00, 0x00, 0x03, 0x00, 0x00, 0xC7, 0x1C, 0x60, 0x00, 0x00, 0x03, 0x00, 
    0x00, 0xC7, 0x3E, 0x60, 0x00, 0x00, 0x03, 0x00, 0x00, 0xC7, 0x7E, 0x61, 0xFE, 0x1F, 0xC3, 0x00, 
    0x00, 0xC7, 0x77, 0x61, 0xFE, 0x3F, 0xE3, 0x00, 0x00, 0xC7, 0xE3, 0xE1, 0x8E, 0x38, 0xE3, 0x00, 
    0x00, 0xC7, 0xC1, 0xE1, 0x86, 0x38, 0xE3, 0x00, 0x00, 0xC7, 0xC1, 0xE1, 0x86, 0x38, 0xE3, 0x00, 
    0x00, 0xC7, 0x80, 0xE1, 0x8E, 0x38, 0xE3, 0x00, 0x00, 0xC7, 0xFF, 0xE1, 0xFE, 0x3F, 0xE3, 0x00, 
    0x00, 0xC3, 0xFF, 0xE1, 0xFE, 0x1F, 0xC3, 0x00, 0x00, 0xC0, 0x00, 0x00, 0x00, 0x00, 0x03, 0x00, 
    0x00, 0xC0, 0x00, 0x00, 0x00, 0x00, 0x03, 0x00, 0x00, 0xC0, 0x00, 0x00, 0x00, 0x00, 0x03, 0x00, 
    0x00, 0xC0, 0x00, 0x00, 0x00, 0x00, 0x03, 0x00, 0x00, 0xC1, 0xFF, 0xFE, 0x00, 0xFF, 0x03, 0x00, 
    0x00, 0xC1, 0xFF, 0xFE, 0x01, 0xFF, 0x83, 0x00, 0x00, 0xC1, 0xC0, 0x06, 0x01, 0xFF, 0x83, 0x00, 
    0x00, 0xC1, 0x80, 0x06, 0x01, 0xFF, 0x83, 0x00, 0x00, 0xC1, 0xC0, 0x06, 0x01, 0xFF, 0x83, 0x00, 
    0x00, 0xC1, 0xFF, 0xFE, 0x01, 0xFF, 0x83, 0x00, 0x00, 0xC1, 0xFF, 0xFE, 0x01, 0xFF, 0x03, 0x00, 
    0x00, 0xC0, 0x00, 0x00, 0x00, 0x00, 0x03, 0x00, 0x00, 0xC0, 0x00, 0x00, 0x00, 0x00, 0x03, 0x00, 
    0x00, 0xC0, 0x00, 0x00, 0x00, 0x00, 0x03, 0x00, 0x00, 0xFF, 0xFF, 0xFF, 0xFF, 0xFF, 0xFF, 0x00, 
    0x00, 0xFF, 0xFF, 0xFF, 0xFF, 0xFF, 0xFF, 0x00, 0x00, 0xFF, 0xFF, 0xFF, 0xFF, 0xFF, 0xFF, 0x00, 
    0x00, 0xC0, 0x00, 0x00, 0x00, 0x00, 0x03, 0x00, 0x00, 0xC0, 0x00, 0x00, 0x00, 0x00, 0x03, 0x00, 
    0x00, 0xE0, 0x00, 0x00, 0x00, 0x00, 0x07, 0x00, 0x00, 0x7F, 0xFF, 0xFF, 0xFF, 0xFF, 0xFE, 0x00, 
    0x00, 0x3F, 0xFF, 0xFF, 0xFF, 0xFF, 0xFC, 0x00, 0x00, 0x0F, 0xFF, 0xFF, 0xFF, 0xFF, 0xF0, 0x00, 
    0x00, 0x00, 0x00, 0x0C, 0x30, 0x00, 0x00, 0x00, 0x00, 0x00, 0x00, 0x0C, 0x30, 0x00, 0x00, 0x00, 
    0x00, 0x00, 0x00, 0x0C, 0x30, 0x00, 0x00, 0x00, 0x00, 0x00, 0x03, 0xFF, 0xFF, 0xC0, 0x00, 0x00, 
    0x00, 0x00, 0x03, 0xFF, 0xFF, 0xC0, 0x00, 0x00, 0x00, 0x00, 0x00, 0x00, 0x00, 0x00, 0x00, 0x00, 
    0x00, 0x00, 0x00, 0x00, 0x00, 0x00, 0x00, 0x00, 0x00, 0x00, 0x00, 0x00, 0x00, 0x00, 0x00, 0x00, 
    0x00, 0x00, 0x00, 0x00, 0x00, 0x00, 0x00, 0x00, 0x00, 0x00, 0x00, 0x00, 0x00, 0x00, 0x00, 0x00, 
    0x00, 0x00, 0x00, 0x00, 0x00, 0x00, 0x00, 0x00, 0x00, 0x00, 0x00, 0x00, 0x00, 0x00, 0x00, 0x00, 
    0x00, 0x00, 0x00, 0x00, 0x00, 0x00, 0x00, 0x00, 0x00, 0x00, 0x00, 0x00, 0x00, 0x00, 0x00, 0x00, 
    0x00, 0x00, 0x00, 0x00, 0x00, 0x00, 0x00, 0x00, 0x00, 0x00, 0x00, 0x00, 0x00, 0x00, 0x00, 0x00, 
      },
  {
    0x00, 0x00, 0x00, 0x00, 0x00, 0x00, 0x00, 0x00, 0x00, 0x00, 0x00, 0x00, 0x00, 0x00, 0x00, 0x00, 
    0x00, 0x00, 0x00, 0x00, 0x00, 0x00, 0x00, 0x00, 0x00, 0x00, 0x00, 0x00, 0x00, 0x00, 0x00, 0x00, 
    0x00, 0x00, 0x00, 0x00, 0x00, 0x00, 0x00, 0x00, 0x00, 0x00, 0x00, 0x00, 0x00, 0x00, 0x00, 0x00, 
    0x00, 0x00, 0x00, 0x00, 0x00, 0x00, 0x00, 0x00, 0x00, 0x00, 0x00, 0x00, 0x00, 0x00, 0x00, 0x00, 
    0x00, 0x00, 0x00, 0x00, 0x00, 0x00, 0x00, 0x00, 0x00, 0x00, 0x00, 0x00, 0x00, 0x00, 0x00, 0x00, 
    0x00, 0x00, 0x00, 0x00, 0x00, 0x00, 0x00, 0x00, 0x00, 0x3F, 0xFF, 0xFF, 0xFF, 0xFF, 0xFC, 0x00, 
    0x00, 0x7F, 0xFF, 0xFF, 0xFF, 0xFF, 0xFE, 0x00, 0x00, 0xE3, 0x1C, 0x60, 0x00, 0x00, 0x07, 0x00, 
    0x00, 0xC7, 0x1C, 0x60, 0x00, 0x00, 0x03, 0x00, 0x00, 0xC7, 0x3E, 0x60, 0xFC, 0x1F, 0xC3, 0x00, 
    0x00, 0xC7, 0x77, 0x61, 0xFE, 0x3F, 0xC3, 0x00, 0x00, 0xC7, 0x63, 0x61, 0xFE, 0x3F, 0xE3, 0x00, 
    0x00, 0xC7, 0xE3, 0xE1, 0x86, 0x38, 0xE3, 0x00, 0x00, 0xC7, 0xC1, 0xE1, 0x86, 0x38, 0xE3, 0x00, 
    0x00, 0xC7, 0x80, 0xE1, 0x86, 0x38, 0xE3, 0x00, 0x00, 0xC7, 0xFF, 0xE1, 0xFE, 0x3F, 0xE3, 0x00, 
    0x00, 0xC3, 0xFF, 0xE1, 0xFE, 0x3F, 0xC3, 0x00, 0x00, 0xC1, 0xFF, 0xC0, 0xFC, 0x1F, 0x83, 0x00, 
    0x00, 0xC0, 0x00, 0x00, 0x00, 0x00, 0x03, 0x00, 0x00, 0xC0, 0x00, 0x00, 0x00, 0x00, 0x03, 0x00, 
    0x00, 0xC0, 0x00, 0x00, 0x00, 0x00, 0x03, 0x00, 0x00, 0xC1, 0xFF, 0xFE, 0x00, 0x00, 0x03, 0x00, 
    0x00, 0xC3, 0xFF, 0xFF, 0x03, 0xFF, 0xC3, 0x00, 0x00, 0xC3, 0xFF, 0xFF, 0x03, 0xFF, 0xC3, 0x00, 
    0x00, 0xC3, 0x00, 0x03, 0x03, 0xFF, 0xC3, 0x00, 0x00, 0xC3, 0x00, 0x03, 0x03, 0xFF, 0xC3, 0x00, 
    0x00, 0xC3, 0xFF, 0xFF, 0x03, 0xFF, 0xC3, 0x00, 0x00, 0xC3, 0xFF, 0xFF, 0x03, 0xFF, 0xC3, 0x00, 
    0x00, 0xC1, 0xFF, 0xFF, 0x01, 0xFF, 0x83, 0x00, 0x00, 0xC0, 0x00, 0x00, 0x00, 0x00, 0x03, 0x00, 
    0x00, 0xC0, 0x00, 0x00, 0x00, 0x00, 0x03, 0x00, 0x00, 0xC0, 0x00, 0x00, 0x00, 0x00, 0x03, 0x00, 
    0x00, 0xC0, 0x00, 0x00, 0x00, 0x00, 0x03, 0x00, 0x00, 0xFF, 0xFF, 0xFF, 0xFF, 0xFF, 0xFF, 0x00, 
    0x00, 0xFF, 0xFF, 0xFF, 0xFF, 0xFF, 0xFF, 0x00, 0x00, 0xFF, 0xFF, 0xFF, 0xFF, 0xFF, 0xFF, 0x00, 
    0x00, 0xC0, 0x00, 0x00, 0x00, 0x00, 0x03, 0x00, 0x00, 0xC0, 0x00, 0x00, 0x00, 0x00, 0x03, 0x00, 
    0x00, 0xE0, 0x00, 0x00, 0x00, 0x00, 0x07, 0x00, 0x00, 0x7F, 0xFF, 0xFF, 0xFF, 0xFF, 0xFE, 0x00, 
    0x00, 0x3F, 0xFF, 0xFF, 0xFF, 0xFF, 0xFC, 0x00, 0x00, 0x0F, 0xFF, 0xFF, 0xFF, 0xFF, 0xF0, 0x00, 
    0x00, 0x00, 0x00, 0x0C, 0x30, 0x00, 0x00, 0x00, 0x00, 0x00, 0x00, 0x0C, 0x30, 0x00, 0x00, 0x00, 
    0x00, 0x00, 0x00, 0x0C, 0x30, 0x00, 0x00, 0x00, 0x00, 0x00, 0x03, 0xFF, 0xFF, 0xC0, 0x00, 0x00, 
    0x00, 0x00, 0x03, 0xFF, 0xFF, 0xC0, 0x00, 0x00, 0x00, 0x00, 0x00, 0x00, 0x00, 0x00, 0x00, 0x00, 
    0x00, 0x00, 0x00, 0x00, 0x00, 0x00, 0x00, 0x00, 0x00, 0x00, 0x00, 0x00, 0x00, 0x00, 0x00, 0x00, 
    0x00, 0x00, 0x00, 0x00, 0x00, 0x00, 0x00, 0x00, 0x00, 0x00, 0x00, 0x00, 0x00, 0x00, 0x00, 0x00, 
    0x00, 0x00, 0x00, 0x00, 0x00, 0x00, 0x00, 0x00, 0x00, 0x00, 0x00, 0x00, 0x00, 0x00, 0x00, 0x00, 
    0x00, 0x00, 0x00, 0x00, 0x00, 0x00, 0x00, 0x00, 0x00, 0x00, 0x00, 0x00, 0x00, 0x00, 0x00, 0x00, 
    0x00, 0x00, 0x00, 0x00, 0x00, 0x00, 0x00, 0x00, 0x00, 0x00, 0x00, 0x00, 0x00, 0x00, 0x00, 0x00, 
      },
  {
    0x00, 0x00, 0x00, 0x00, 0x00, 0x00, 0x00, 0x00, 0x00, 0x00, 0x00, 0x00, 0x00, 0x00, 0x00, 0x00, 
    0x00, 0x00, 0x00, 0x00, 0x00, 0x00, 0x00, 0x00, 0x00, 0x00, 0x00, 0x00, 0x00, 0x00, 0x00, 0x00, 
    0x00, 0x00, 0x00, 0x00, 0x00, 0x00, 0x00, 0x00, 0x00, 0x00, 0x00, 0x00, 0x00, 0x00, 0x00, 0x00, 
    0x00, 0x00, 0x00, 0x00, 0x00, 0x00, 0x00, 0x00, 0x00, 0x00, 0x00, 0x00, 0x00, 0x00, 0x00, 0x00, 
    0x00, 0x00, 0x00, 0x00, 0x00, 0x00, 0x00, 0x00, 0x00, 0x00, 0x00, 0x00, 0x00, 0x00, 0x00, 0x00, 
    0x00, 0x00, 0x00, 0x00, 0x00, 0x00, 0x00, 0x00, 0x00, 0x3F, 0xFF, 0xFF, 0xFF, 0xFF, 0xFC, 0x00, 
    0x00, 0x7F, 0xFF, 0xFF, 0xFF, 0xFF, 0xFE, 0x00, 0x00, 0xE3, 0x3E, 0x60, 0x00, 0x00, 0x07, 0x00, 
    0x00, 0xC7, 0x7E, 0x61, 0xFE, 0x1F, 0xC3, 0x00, 0x00, 0xC7, 0x77, 0x61, 0xFE, 0x3F, 0xE3, 0x00, 
    0x00, 0xC7, 0xE3, 0xE1, 0x8E, 0x38, 0xE3, 0x00, 0x00, 0xC7, 0xC1, 0xE1, 0x86, 0x38, 0xE3, 0x00, 
    0x00, 0xC7, 0xC1, 0xE1, 0x86, 0x38, 0xE3, 0x00, 0x00, 0xC7, 0x80, 0xE1, 0x8E, 0x38, 0xE3, 0x00, 
    0x00, 0xC7, 0xFF, 0xE1, 0xFE, 0x3F, 0xE3, 0x00, 0x00, 0xC3, 0xFF, 0xE1, 0xFE, 0x1F, 0xC3, 0x00, 
    0x00, 0xC0, 0x00, 0x00, 0x00, 0x00, 0x03, 0x00, 0x00, 0xC0, 0x00, 0x00, 0x00, 0x00, 0x03, 0x00, 
    0x00, 0xC0, 0x00, 0x00, 0x00, 0x00, 0x03, 0x00, 0x00, 0xC0, 0x00, 0x00, 0x00, 0x00, 0x03, 0x00, 
    0x00, 0xC3, 0xFF, 0xFF, 0x83, 0xFF, 0xC3, 0x00, 0x00, 0xC3, 0xFF, 0xFF, 0x87, 0xFF, 0xC3, 0x00, 
    0x00, 0xC3, 0x00, 0x03, 0x87, 0xFF, 0xC3, 0x00, 0x00, 0xC3, 0x00, 0x03, 0x87, 0x7E, 0xC3, 0x00, 
    0x00, 0xC3, 0x00, 0x03, 0x87, 0xFF, 0xC3, 0x00, 0x00, 0xC3, 0xFF, 0xFF, 0x87, 0xFF, 0xC3, 0x00, 
    0x00, 0xC3, 0xFF, 0xFF, 0x87, 0xFF, 0xC3, 0x00, 0x00, 0xC1, 0xFF, 0xFE, 0x00, 0x00, 0x03, 0x00, 
    0x00, 0xC0, 0x00, 0x00, 0x00, 0x00, 0x03, 0x00, 0x00, 0xC0, 0x00, 0x00, 0x00, 0x00, 0x03, 0x00, 
    0x00, 0xC0, 0x00, 0x00, 0x00, 0x00, 0x03, 0x00, 0x00, 0xC0, 0x00, 0x00, 0x00, 0x00, 0x03, 0x00, 
    0x00, 0xC1, 0xF0, 0x00, 0x00, 0x00, 0x03, 0x00, 0x00, 0xFF, 0xFF, 0xFF, 0xFF, 0xFF, 0xFF, 0x00, 
    0x00, 0xFF, 0xFF, 0xFF, 0xFF, 0xFF, 0xFF, 0x00, 0x00, 0xFF, 0xFF, 0xFF, 0xFF, 0xFF, 0xFF, 0x00, 
    0x00, 0xC0, 0x00, 0x00, 0x00, 0x00, 0x03, 0x00, 0x00, 0xC0, 0x00, 0x00, 0x00, 0x00, 0x03, 0x00, 
    0x00, 0xE0, 0x00, 0x00, 0x00, 0x00, 0x07, 0x00, 0x00, 0x7F, 0xFF, 0xFF, 0xFF, 0xFF, 0xFE, 0x00, 
    0x00, 0x3F, 0xFF, 0xFF, 0xFF, 0xFF, 0xFC, 0x00, 0x00, 0x0F, 0xFF, 0xFF, 0xFF, 0xFF, 0xF0, 0x00, 
    0x00, 0x00, 0x00, 0x0C, 0x30, 0x00, 0x00, 0x00, 0x00, 0x00, 0x00, 0x0C, 0x30, 0x00, 0x00, 0x00, 
    0x00, 0x00, 0x00, 0x0C, 0x30, 0x00, 0x00, 0x00, 0x00, 0x00, 0x03, 0xFF, 0xFF, 0xC0, 0x00, 0x00, 
    0x00, 0x00, 0x03, 0xFF, 0xFF, 0xC0, 0x00, 0x00, 0x00, 0x00, 0x00, 0x00, 0x00, 0x00, 0x00, 0x00, 
    0x00, 0x00, 0x00, 0x00, 0x00, 0x00, 0x00, 0x00, 0x00, 0x00, 0x00, 0x00, 0x00, 0x00, 0x00, 0x00, 
    0x00, 0x00, 0x00, 0x00, 0x00, 0x00, 0x00, 0x00, 0x00, 0x00, 0x00, 0x00, 0x00, 0x00, 0x00, 0x00, 
    0x00, 0x00, 0x00, 0x00, 0x00, 0x00, 0x00, 0x00, 0x00, 0x00, 0x00, 0x00, 0x00, 0x00, 0x00, 0x00, 
    0x00, 0x00, 0x00, 0x00, 0x00, 0x00, 0x00, 0x00, 0x00, 0x00, 0x00, 0x00, 0x00, 0x00, 0x00, 0x00, 
    0x00, 0x00, 0x00, 0x00, 0x00, 0x00, 0x00, 0x00, 0x00, 0x00, 0x00, 0x00, 0x00, 0x00, 0x00, 0x00, 
      },
  {
    0x00, 0x00, 0x00, 0x00, 0x00, 0x00, 0x00, 0x00, 0x00, 0x00, 0x00, 0x00, 0x00, 0x00, 0x00, 0x00, 
    0x00, 0x00, 0x00, 0x00, 0x00, 0x00, 0x00, 0x00, 0x00, 0x00, 0x00, 0x00, 0x00, 0x00, 0x00, 0x00, 
    0x00, 0x00, 0x00, 0x00, 0x00, 0x00, 0x00, 0x00, 0x00, 0x00, 0x00, 0x00, 0x00, 0x00, 0x00, 0x00, 
    0x00, 0x00, 0x00, 0x00, 0x00, 0x00, 0x00, 0x00, 0x00, 0x00, 0x00, 0x00, 0x00, 0x00, 0x00, 0x00, 
    0x00, 0x00, 0x00, 0x00, 0x00, 0x00, 0x00, 0x00, 0x00, 0x00, 0x00, 0x00, 0x00, 0x00, 0x00, 0x00, 
    0x00, 0x00, 0x00, 0x00, 0x00, 0x00, 0x00, 0x00, 0x00, 0x3F, 0xFF, 0xFF, 0xFF, 0xFF, 0xFC, 0x00, 
    0x00, 0x7F, 0xFF, 0xFF, 0xFF, 0xFF, 0xFE, 0x00, 0x00, 0xE3, 0x77, 0x61, 0xFE, 0x3F, 0xE7, 0x00, 
    0x00, 0xC7, 0xE3, 0x61, 0xFE, 0x3F, 0xE3, 0x00, 0x00, 0xC7, 0xC3, 0xE1, 0x86, 0x38, 0xE3, 0x00, 
    0x00, 0xC7, 0xC1, 0xE1, 0x86, 0x38, 0xE3, 0x00, 0x00, 0xC7, 0x80, 0xE1, 0x86, 0x38, 0xE3, 0x00, 
    0x00, 0xC7, 0xFF, 0xE1, 0xFE, 0x3F, 0xE3, 0x00, 0x00, 0xC3, 0xFF, 0xE1, 0xFE, 0x3F, 0xC3, 0x00, 
    0x00, 0xC0, 0x00, 0x00, 0x00, 0x00, 0x03, 0x00, 0x00, 0xC0, 0x00, 0x00, 0x00, 0x00, 0x03, 0x00, 
    0x00, 0xC0, 0x00, 0x00, 0x00, 0x00, 0x03, 0x00, 0x00, 0xC0, 0x00, 0x00, 0x00, 0x00, 0x03, 0x00, 
    0x00, 0xC3, 0xFF, 0xFF, 0x87, 0xFF, 0xC3, 0x00, 0x00, 0xC7, 0xFF, 0xFF, 0x87, 0xFF, 0xC3, 0x00, 
    0x00, 0xC7, 0x00, 0x03, 0x87, 0xFF, 0xC3, 0x00, 0x00, 0xC7, 0x00, 0x03, 0x86, 0x7E, 0xC3, 0x00, 
    0x00, 0xC7, 0x00, 0x01, 0x87, 0xFE, 0xC3, 0x00, 0x00, 0xC7, 0x00, 0x03, 0x87, 0xFF, 0xC3, 0x00, 
    0x00, 0xC7, 0xFF, 0xFF, 0x87, 0xFF, 0xC3, 0x00, 0x00, 0xC3, 0xFF, 0xFF, 0x87, 0xFF, 0xC3, 0x00, 
    0x00, 0xC0, 0x00, 0x00, 0x00, 0x00, 0x03, 0x00, 0x00, 0xC0, 0x00, 0x00, 0x00, 0x00, 0x03, 0x00, 
    0x00, 0xC0, 0x00, 0x00, 0x00, 0x00, 0x03, 0x00, 0x00, 0xC0, 0x00, 0x00, 0x00, 0x00, 0x03, 0x00, 
    0x00, 0xC3, 0xF8, 0x03, 0xFF, 0xFC, 0x03, 0x00, 0x00, 0xC3, 0xF8, 0x07, 0xFF, 0xFE, 0x03, 0x00, 
    0x00, 0xC3, 0x18, 0x07, 0xFF, 0xFE, 0x03, 0x00, 0x00, 0xFF, 0xBF, 0xFF, 0x00, 0x0F, 0xFF, 0x00, 
    0x00, 0xFF, 0xFF, 0xFF, 0xFF, 0xFF, 0xFF, 0x00, 0x00, 0xFF, 0xFF, 0xFF, 0xFF, 0xFF, 0xFF, 0x00, 
    0x00, 0xC0, 0x00, 0x00, 0x00, 0x00, 0x03, 0x00, 0x00, 0xC0, 0x00, 0x00, 0x00, 0x00, 0x03, 0x00, 
    0x00, 0xE0, 0x00, 0x00, 0x00, 0x00, 0x07, 0x00, 0x00, 0x7F, 0xFF, 0xFF, 0xFF, 0xFF, 0xFE, 0x00, 
    0x00, 0x3F, 0xFF, 0xFF, 0xFF, 0xFF, 0xFC, 0x00, 0x00, 0x0F, 0xFF, 0xFF, 0xFF, 0xFF, 0xF0, 0x00, 
    0x00, 0x00, 0x00, 0x0C, 0x30, 0x00, 0x00, 0x00, 0x00, 0x00, 0x00, 0x0C, 0x30, 0x00, 0x00, 0x00, 
    0x00, 0x00, 0x00, 0x0C, 0x30, 0x00, 0x00, 0x00, 0x00, 0x00, 0x03, 0xFF, 0xFF, 0xC0, 0x00, 0x00, 
    0x00, 0x00, 0x03, 0xFF, 0xFF, 0xC0, 0x00, 0x00, 0x00, 0x00, 0x00, 0x00, 0x00, 0x00, 0x00, 0x00, 
    0x00, 0x00, 0x00, 0x00, 0x00, 0x00, 0x00, 0x00, 0x00, 0x00, 0x00, 0x00, 0x00, 0x00, 0x00, 0x00, 
    0x00, 0x00, 0x00, 0x00, 0x00, 0x00, 0x00, 0x00, 0x00, 0x00, 0x00, 0x00, 0x00, 0x00, 0x00, 0x00, 
    0x00, 0x00, 0x00, 0x00, 0x00, 0x00, 0x00, 0x00, 0x00, 0x00, 0x00, 0x00, 0x00, 0x00, 0x00, 0x00, 
    0x00, 0x00, 0x00, 0x00, 0x00, 0x00, 0x00, 0x00, 0x00, 0x00, 0x00, 0x00, 0x00, 0x00, 0x00, 0x00, 
    0x00, 0x00, 0x00, 0x00, 0x00, 0x00, 0x00, 0x00, 0x00, 0x00, 0x00, 0x00, 0x00, 0x00, 0x00, 0x00, 
      },
  {
    0x00, 0x00, 0x00, 0x00, 0x00, 0x00, 0x00, 0x00, 0x00, 0x00, 0x00, 0x00, 0x00, 0x00, 0x00, 0x00, 
    0x00, 0x00, 0x00, 0x00, 0x00, 0x00, 0x00, 0x00, 0x00, 0x00, 0x00, 0x00, 0x00, 0x00, 0x00, 0x00, 
    0x00, 0x00, 0x00, 0x00, 0x00, 0x00, 0x00, 0x00, 0x00, 0x00, 0x00, 0x00, 0x00, 0x00, 0x00, 0x00, 
    0x00, 0x00, 0x00, 0x00, 0x00, 0x00, 0x00, 0x00, 0x00, 0x00, 0x00, 0x00, 0x00, 0x00, 0x00, 0x00, 
    0x00, 0x00, 0x00, 0x00, 0x00, 0x00, 0x00, 0x00, 0x00, 0x00, 0x00, 0x00, 0x00, 0x00, 0x00, 0x00, 
    0x00, 0x00, 0x00, 0x00, 0x00, 0x00, 0x00, 0x00, 0x00, 0x3F, 0xFF, 0xFF, 0xFF, 0xFF, 0xFC, 0x00, 
    0x00, 0x7F, 0xFF, 0xFF, 0xFF, 0xFF, 0xFE, 0x00, 0x00, 0xE7, 0xE3, 0xE1, 0x86, 0x38, 0xC7, 0x00, 
    0x00, 0xC7, 0xC1, 0xE1, 0x86, 0x38, 0xE3, 0x00, 0x00, 0xC7, 0x80, 0xE1, 0x86, 0x38, 0xE3, 0x00, 
    0x00, 0xC7, 0xFF, 0xE1, 0xFE, 0x3F, 0xE3, 0x00, 0x00, 0xC3, 0xFF, 0xE1, 0xFE, 0x3F, 0xC3, 0x00, 
    0x00, 0xC1, 0xFF, 0xC0, 0xFC, 0x0F, 0x83, 0x00, 0x00, 0xC0, 0x00, 0x00, 0x00, 0x00, 0x03, 0x00, 
    0x00, 0xC0, 0x00, 0x00, 0x00, 0x00, 0x03, 0x00, 0x00, 0xC0, 0x00, 0x00, 0x00, 0x00, 0x03, 0x00, 
    0x00, 0xC3, 0xFF, 0xFF, 0x87, 0xFF, 0xC3, 0x00, 0x00, 0xC7, 0xFF, 0xFF, 0x87, 0xFF, 0xE3, 0x00, 
    0x00, 0xC7, 0x00, 0x03, 0x87, 0xFF, 0xE3, 0x00, 0x00, 0xC7, 0x00, 0x01, 0x86, 0xFE, 0xE3, 0x00, 
    0x00, 0xC7, 0x00, 0x01, 0x86, 0xFE, 0xE3, 0x00, 0x00, 0xC7, 0x00, 0x03, 0x87, 0xFF, 0xE3, 0x00, 
    0x00, 0xC7, 0xFF, 0xFF, 0x87, 0xFF, 0xE3, 0x00, 0x00, 0xC3, 0xFF, 0xFF, 0x87, 0xFF, 0xC3, 0x00, 
    0x00, 0xC0, 0x00, 0x00, 0x00, 0x00, 0x03, 0x00, 0x00, 0xC0, 0x00, 0x00, 0x00, 0x00, 0x03, 0x00, 
    0x00, 0xC0, 0x00, 0x00, 0x00, 0x00, 0x03, 0x00, 0x00, 0xC0, 0x00, 0x00, 0x00, 0x00, 0x03, 0x00, 
    0x00, 0xC3, 0xF8, 0x0F, 0xFF, 0xFF, 0x03, 0x00, 0x00, 0xC3, 0xF8, 0x1F, 0xFF, 0xFF, 0x83, 0x00, 
    0x00, 0xC3, 0x18, 0x1F, 0xFF, 0xFF, 0x83, 0x00, 0x00, 0xC3, 0x18, 0x1C, 0x00, 0x03, 0x83, 0x00, 
    0x00, 0xC3, 0x18, 0x1C, 0x00, 0x03, 0x83, 0x00, 0x00, 0xFF, 0xFF, 0xFF, 0xFF, 0xFF, 0xFF, 0x00, 
    0x00, 0xFF, 0xFF, 0xFF, 0xFF, 0xFF, 0xFF, 0x00, 0x00, 0xFF, 0xFF, 0xFF, 0xFF, 0xFF, 0xFF, 0x00, 
    0x00, 0xC0, 0x00, 0x00, 0x00, 0x00, 0x03, 0x00, 0x00, 0xC0, 0x00, 0x00, 0x00, 0x00, 0x03, 0x00, 
    0x00, 0xE0, 0x00, 0x00, 0x00, 0x00, 0x07, 0x00, 0x00, 0x7F, 0xFF, 0xFF, 0xFF, 0xFF, 0xFE, 0x00, 
    0x00, 0x3F, 0xFF, 0xFF, 0xFF, 0xFF, 0xFC, 0x00, 0x00, 0x0F, 0xFF, 0xFF, 0xFF, 0xFF, 0xF0, 0x00, 
    0x00, 0x00, 0x00, 0x0C, 0x30, 0x00, 0x00, 0x00, 0x00, 0x00, 0x00, 0x0C, 0x30, 0x00, 0x00, 0x00, 
    0x00, 0x00, 0x00, 0x0C, 0x30, 0x00, 0x00, 0x00, 0x00, 0x00, 0x03, 0xFF, 0xFF, 0xC0, 0x00, 0x00, 
    0x00, 0x00, 0x03, 0xFF, 0xFF, 0xC0, 0x00, 0x00, 0x00, 0x00, 0x00, 0x00, 0x00, 0x00, 0x00, 0x00, 
    0x00, 0x00, 0x00, 0x00, 0x00, 0x00, 0x00, 0x00, 0x00, 0x00, 0x00, 0x00, 0x00, 0x00, 0x00, 0x00, 
    0x00, 0x00, 0x00, 0x00, 0x00, 0x00, 0x00, 0x00, 0x00, 0x00, 0x00, 0x00, 0x00, 0x00, 0x00, 0x00, 
    0x00, 0x00, 0x00, 0x00, 0x00, 0x00, 0x00, 0x00, 0x00, 0x00, 0x00, 0x00, 0x00, 0x00, 0x00, 0x00, 
    0x00, 0x00, 0x00, 0x00, 0x00, 0x00, 0x00, 0x00, 0x00, 0x00, 0x00, 0x00, 0x00, 0x00, 0x00, 0x00, 
    0x00, 0x00, 0x00, 0x00, 0x00, 0x00, 0x00, 0x00, 0x00, 0x00, 0x00, 0x00, 0x00, 0x00, 0x00, 0x00, 
      },
  {
    0x00, 0x00, 0x00, 0x00, 0x00, 0x00, 0x00, 0x00, 0x00, 0x00, 0x00, 0x00, 0x00, 0x00, 0x00, 0x00, 
    0x00, 0x00, 0x00, 0x00, 0x00, 0x00, 0x00, 0x00, 0x00, 0x00, 0x00, 0x00, 0x00, 0x00, 0x00, 0x00, 
    0x00, 0x00, 0x00, 0x00, 0x00, 0x00, 0x00, 0x00, 0x00, 0x00, 0x00, 0x00, 0x00, 0x00, 0x00, 0x00, 
    0x00, 0x00, 0x00, 0x00, 0x00, 0x00, 0x00, 0x00, 0x00, 0x00, 0x00, 0x00, 0x00, 0x00, 0x00, 0x00, 
    0x00, 0x00, 0x00, 0x00, 0x00, 0x00, 0x00, 0x00, 0x00, 0x00, 0x00, 0x00, 0x00, 0x00, 0x00, 0x00, 
    0x00, 0x00, 0x00, 0x00, 0x00, 0x00, 0x00, 0x00, 0x00, 0x3F, 0xFF, 0xFF, 0xFF, 0xFF, 0xFC, 0x00, 
    0x00, 0x7F, 0xFF, 0xFF, 0xFF, 0xFF, 0xFE, 0x00, 0x00, 0xE7, 0x80, 0xE1, 0x86, 0x38, 0xC7, 0x00, 
    0x00, 0xC7, 0xFF, 0xE1, 0xFE, 0x3F, 0xE3, 0x00, 0x00, 0xC3, 0xFF, 0xE1, 0xFE, 0x3F, 0xC3, 0x00, 
    0x00, 0xC3, 0xFF, 0xE0, 0xFC, 0x1F, 0xC3, 0x00, 0x00, 0xC0, 0x00, 0x00, 0x00, 0x00, 0x03, 0x00, 
    0x00, 0xC0, 0x00, 0x00, 0x00, 0x00, 0x03, 0x00, 0x00, 0xC0, 0x00, 0x00, 0x00, 0x00, 0x03, 0x00, 
    0x00, 0xC3, 0xFF, 0xFF, 0x87, 0xFF, 0xC3, 0x00, 0x00, 0xC7, 0xFF, 0xFF, 0x87, 0xFF, 0xE3, 0x00, 
    0x00, 0xC7, 0xFF, 0xFF, 0x87, 0xFF, 0xE3, 0x00, 0x00, 0xC7, 0x00, 0x01, 0x86, 0xFF, 0xE3, 0x00, 
    0x00, 0xC7, 0x00, 0x01, 0x86, 0x7E, 0xE3, 0x00, 0x00, 0xC7, 0x00, 0x01, 0x87, 0xFF, 0xE3, 0x00, 
    0x00, 0xC7, 0xFF, 0xFF, 0x87, 0xFF, 0xE3, 0x00, 0x00, 0xC7, 0xFF, 0xFF, 0x87, 0xFF, 0xE3, 0x00, 
    0x00, 0xC0, 0x00, 0x00, 0x00, 0x00, 0x03, 0x00, 0x00, 0xC0, 0x00, 0x00, 0x00, 0x00, 0x03, 0x00, 
    0x00, 0xC0, 0x00, 0x00, 0x00, 0x00, 0x03, 0x00, 0x00, 0xC0, 0x00, 0x00, 0x00, 0x00, 0x03, 0x00, 
    0x00, 0xC3, 0xF8, 0x3F, 0xFF, 0xFF, 0x83, 0x00, 0x00, 0xC7, 0xF8, 0x3F, 0xFF, 0xFF, 0xC3, 0x00, 
    0x00, 0xC7, 0x18, 0x38, 0x00, 0x01, 0xC3, 0x00, 0x00, 0xC7, 0x18, 0x30, 0x00, 0x01, 0xC3, 0x00, 
    0x00, 0xC7, 0x18, 0x30, 0x00, 0x01, 0xC3, 0x00, 0x00, 0xC7, 0xF8, 0x3F, 0xFF, 0xFF, 0xC3, 0x00, 
    0x00, 0xC3, 0xF8, 0x3F, 0xFF, 0xFF, 0xC3, 0x00, 0x00, 0xFF, 0xFF, 0xFF, 0xFF, 0xFF, 0xFF, 0x00, 
    0x00, 0xFF, 0xFF, 0xFF, 0xFF, 0xFF, 0xFF, 0x00, 0x00, 0xFF, 0xFF, 0xFF, 0xFF, 0xFF, 0xFF, 0x00, 
    0x00, 0xC0, 0x00, 0x00, 0x00, 0x00, 0x03, 0x00, 0x00, 0xC0, 0x00, 0x00, 0x00, 0x00, 0x03, 0x00, 
    0x00, 0xE0, 0x00, 0x00, 0x00, 0x00, 0x07, 0x00, 0x00, 0x7F, 0xFF, 0xFF, 0xFF, 0xFF, 0xFE, 0x00, 
    0x00, 0x3F, 0xFF, 0xFF, 0xFF, 0xFF, 0xFC, 0x00, 0x00, 0x0F, 0xFF, 0xFF, 0xFF, 0xFF, 0xF0, 0x00, 
    0x00, 0x00, 0x00, 0x0C, 0x30, 0x00, 0x00, 0x00, 0x00, 0x00, 0x00, 0x0C, 0x30, 0x00, 0x00, 0x00, 
    0x00, 0x00, 0x00, 0x0C, 0x30, 0x00, 0x00, 0x00, 0x00, 0x00, 0x03, 0xFF, 0xFF, 0xC0, 0x00, 0x00, 
    0x00, 0x00, 0x03, 0xFF, 0xFF, 0xC0, 0x00, 0x00, 0x00, 0x00, 0x00, 0x00, 0x00, 0x00, 0x00, 0x00, 
    0x00, 0x00, 0x00, 0x00, 0x00, 0x00, 0x00, 0x00, 0x00, 0x00, 0x00, 0x00, 0x00, 0x00, 0x00, 0x00, 
    0x00, 0x00, 0x00, 0x00, 0x00, 0x00, 0x00, 0x00, 0x00, 0x00, 0x00, 0x00, 0x00, 0x00, 0x00, 0x00, 
    0x00, 0x00, 0x00, 0x00, 0x00, 0x00, 0x00, 0x00, 0x00, 0x00, 0x00, 0x00, 0x00, 0x00, 0x00, 0x00, 
    0x00, 0x00, 0x00, 0x00, 0x00, 0x00, 0x00, 0x00, 0x00, 0x00, 0x00, 0x00, 0x00, 0x00, 0x00, 0x00, 
    0x00, 0x00, 0x00, 0x00, 0x00, 0x00, 0x00, 0x00, 0x00, 0x00, 0x00, 0x00, 0x00, 0x00, 0x00, 0x00, 
      },
  {
    0x00, 0x00, 0x00, 0x00, 0x00, 0x00, 0x00, 0x00, 0x00, 0x00, 0x00, 0x00, 0x00, 0x00, 0x00, 0x00, 
    0x00, 0x00, 0x00, 0x00, 0x00, 0x00, 0x00, 0x00, 0x00, 0x00, 0x00, 0x00, 0x00, 0x00, 0x00, 0x00, 
    0x00, 0x00, 0x00, 0x00, 0x00, 0x00, 0x00, 0x00, 0x00, 0x00, 0x00, 0x00, 0x00, 0x00, 0x00, 0x00, 
    0x00, 0x00, 0x00, 0x00, 0x00, 0x00, 0x00, 0x00, 0x00, 0x00, 0x00, 0x00, 0x00, 0x00, 0x00, 0x00, 
    0x00, 0x00, 0x00, 0x00, 0x00, 0x00, 0x00, 0x00, 0x00, 0x00, 0x00, 0x00, 0x00, 0x00, 0x00, 0x00, 
    0x00, 0x00, 0x00, 0x00, 0x00, 0x00, 0x00, 0x00, 0x00, 0x3F, 0xFF, 0xFF, 0xFF, 0xFF, 0xFC, 0x00, 
    0x00, 0x7F, 0xFF, 0xFF, 0xFF, 0xFF, 0xFE, 0x00, 0x00, 0xE3, 0xFF, 0xE1, 0xFE, 0x3F, 0xC7, 0x00, 
    0x00, 0xC3, 0xFF, 0xE0, 0xFC, 0x1F, 0xC3, 0x00, 0x00, 0xC0, 0x00, 0x00, 0x00, 0x00, 0x03, 0x00, 
    0x00, 0xC0, 0x00, 0x00, 0x00, 0x00, 0x03, 0x00, 0x00, 0xC0, 0x00, 0x00, 0x00, 0x00, 0x03, 0x00, 
    0x00, 0xC3, 0xFF, 0xFF, 0x87, 0xFF, 0xC3, 0x00, 0x00, 0xC7, 0xFF, 0xFF, 0x87, 0xFF, 0xE3, 0x00, 
    0x00, 0xC7, 0xFF, 0xFF, 0x87, 0xFF, 0xE3, 0x00, 0x00, 0xC7, 0x00, 0x01, 0x86, 0xFF, 0xE3, 0x00, 
    0x00, 0xC7, 0x00, 0x01, 0x86, 0x7E, 0xE3, 0x00, 0x00, 0xC7, 0x00, 0x01, 0x87, 0xFF, 0xE3, 0x00, 
    0x00, 0xC7, 0xFF, 0xFF, 0x87, 0xFF, 0xE3, 0x00, 0x00, 0xC7, 0xFF, 0xFF, 0x87, 0xFF, 0xE3, 0x00, 
    0x00, 0xC0, 0x00, 0x00, 0x00, 0x00, 0x03, 0x00, 0x00, 0xC0, 0x00, 0x00, 0x00, 0x00, 0x03, 0x00, 
    0x00, 0xC0, 0x00, 0x00, 0x00, 0x00, 0x03, 0x00, 0x00, 0xC0, 0x00, 0x00, 0x00, 0x00, 0x03, 0x00, 
    0x00, 0xC3, 0xF8, 0x3F, 0xFF, 0xFF, 0xC3, 0x00, 0x00, 0xC7, 0xFC, 0x7F, 0xFF, 0xFF, 0xE3, 0x00, 
    0x00, 0xC7, 0x1C, 0x70, 0x00, 0x00, 0xE3, 0x00, 0x00, 0xC7, 0x1C, 0x70, 0x00, 0x00, 0xE3, 0x00, 
    0x00, 0xC7, 0x1C, 0x70, 0x00, 0x00, 0xE3, 0x00, 0x00, 0xC7, 0xFC, 0x7F, 0xFF, 0xFF, 0xE3, 0x00, 
    0x00, 0xC7, 0xFC, 0x7F, 0xFF, 0xFF, 0xC3, 0x00, 0x00, 0xC3, 0xF8, 0x3F, 0xFF, 0xFF, 0xC3, 0x00, 
    0x00, 0xC0, 0x00, 0x00, 0x00, 0x00, 0x03, 0x00, 0x00, 0xFF, 0xFF, 0xFF, 0xFF, 0xFF, 0xFF, 0x00, 
    0x00, 0xFF, 0xFF, 0xFF, 0xFF, 0xFF, 0xFF, 0x00, 0x00, 0xFF, 0xFF, 0xFF, 0xFF, 0xFF, 0xFF, 0x00, 
    0x00, 0xC0, 0x00, 0x00, 0x00, 0x00, 0x03, 0x00, 0x00, 0xC0, 0x00, 0x00, 0x00, 0x00, 0x03, 0x00, 
    0x00, 0xE0, 0x00, 0x00, 0x00, 0x00, 0x07, 0x00, 0x00, 0x7F, 0xFF, 0xFF, 0xFF, 0xFF, 0xFE, 0x00, 
    0x00, 0x3F, 0xFF, 0xFF, 0xFF, 0xFF, 0xFC, 0x00, 0x00, 0x0F, 0xFF, 0xFF, 0xFF, 0xFF, 0xF0, 0x00, 
    0x00, 0x00, 0x00, 0x0C, 0x30, 0x00, 0x00, 0x00, 0x00, 0x00, 0x00, 0x0C, 0x30, 0x00, 0x00, 0x00, 
    0x00, 0x00, 0x00, 0x0C, 0x30, 0x00, 0x00, 0x00, 0x00, 0x00, 0x03, 0xFF, 0xFF, 0xC0, 0x00, 0x00, 
    0x00, 0x00, 0x03, 0xFF, 0xFF, 0xC0, 0x00, 0x00, 0x00, 0x00, 0x00, 0x00, 0x00, 0x00, 0x00, 0x00, 
    0x00, 0x00, 0x00, 0x00, 0x00, 0x00, 0x00, 0x00, 0x00, 0x00, 0x00, 0x00, 0x00, 0x00, 0x00, 0x00, 
    0x00, 0x00, 0x00, 0x00, 0x00, 0x00, 0x00, 0x00, 0x00, 0x00, 0x00, 0x00, 0x00, 0x00, 0x00, 0x00, 
    0x00, 0x00, 0x00, 0x00, 0x00, 0x00, 0x00, 0x00, 0x00, 0x00, 0x00, 0x00, 0x00, 0x00, 0x00, 0x00, 
    0x00, 0x00, 0x00, 0x00, 0x00, 0x00, 0x00, 0x00, 0x00, 0x00, 0x00, 0x00, 0x00, 0x00, 0x00, 0x00, 
    0x00, 0x00, 0x00, 0x00, 0x00, 0x00, 0x00, 0x00, 0x00, 0x00, 0x00, 0x00, 0x00, 0x00, 0x00, 0x00, 
      },
  {
    0x00, 0x00, 0x00, 0x00, 0x00, 0x00, 0x00, 0x00, 0x00, 0x00, 0x00, 0x00, 0x00, 0x00, 0x00, 0x00, 
    0x00, 0x00, 0x00, 0x00, 0x00, 0x00, 0x00, 0x00, 0x00, 0x00, 0x00, 0x00, 0x00, 0x00, 0x00, 0x00, 
    0x00, 0x00, 0x00, 0x00, 0x00, 0x00, 0x00, 0x00, 0x00, 0x00, 0x00, 0x00, 0x00, 0x00, 0x00, 0x00, 
    0x00, 0x00, 0x00, 0x00, 0x00, 0x00, 0x00, 0x00, 0x00, 0x00, 0x00, 0x00, 0x00, 0x00, 0x00, 0x00, 
    0x00, 0x00, 0x00, 0x00, 0x00, 0x00, 0x00, 0x00, 0x00, 0x00, 0x00, 0x00, 0x00, 0x00, 0x00, 0x00, 
    0x00, 0x00, 0x00, 0x00, 0x00, 0x00, 0x00, 0x00, 0x00, 0x3F, 0xFF, 0xFF, 0xFF, 0xFF, 0xFC, 0x00, 
    0x00, 0x7F, 0xFF, 0xFF, 0xFF, 0xFF, 0xFE, 0x00, 0x00, 0xE0, 0x00, 0x00, 0x00, 0x00, 0x07, 0x00, 
    0x00, 0xC0, 0x00, 0x00, 0x00, 0x00, 0x03, 0x00, 0x00, 0xC0, 0x00, 0x00, 0x00, 0x00, 0x03, 0x00, 
    0x00, 0xC3, 0xFF, 0xFF, 0x07, 0xFF, 0xC3, 0x00, 0x00, 0xC7, 0xFF, 0xFF, 0x87, 0xFF, 0xE3, 0x00, 
    0x00, 0xC7, 0xFF, 0xFF, 0x87, 0xFF, 0xE3, 0x00, 0x00, 0xC7, 0x00, 0x01, 0x87, 0xFF, 0xE3, 0x00, 
    0x00, 0xC7, 0x00, 0x01, 0x86, 0x7E, 0xE3, 0x00, 0x00, 0xC7, 0x00, 0x01, 0x87, 0xFF, 0xE3, 0x00, 
    0x00, 0xC7, 0xFF, 0xFF, 0x87, 0xFF, 0xE3, 0x00, 0x00, 0xC7, 0xFF, 0xFF, 0x87, 0xFF, 0xE3, 0x00, 
    0x00, 0xC0, 0x00, 0x00, 0x00, 0x00, 0x03, 0x00, 0x00, 0xC0, 0x00, 0x00, 0x00, 0x00, 0x03, 0x00, 
    0x00, 0xC0, 0x00, 0x00, 0x00, 0x00, 0x03, 0x00, 0x00, 0xC0, 0x00, 0x00, 0x00, 0x00, 0x03, 0x00, 
    0x00, 0xC3, 0xF8, 0x7F, 0xFF, 0xFF, 0xE3, 0x00, 0x00, 0xC7, 0xFC, 0x7F, 0xFF, 0xFF, 0xE3, 0x00, 
    0x00, 0xC7, 0x1C, 0x60, 0x00, 0x00, 0xE3, 0x00, 0x00, 0xC7, 0x1C, 0x60, 0x00, 0x00, 0xE3, 0x00, 
    0x00, 0xC7, 0x1C, 0x60, 0x00, 0x00, 0x63, 0x00, 0x00, 0xC7, 0xFC, 0x7F, 0xFF, 0xFF, 0xE3, 0x00, 
    0x00, 0xC7, 0xFC, 0x7F, 0xFF, 0xFF, 0xE3, 0x00, 0x00, 0xC3, 0xF8, 0x3F, 0xFF, 0xFF, 0xC3, 0x00, 
    0x00, 0xC0, 0x00, 0x00, 0x00, 0x00, 0x03, 0x00, 0x00, 0xC0, 0x00, 0x00, 0x00, 0x00, 0x03, 0x00, 
    0x00, 0xC0, 0x00, 0x00, 0x00, 0x00, 0x03, 0x00, 0x00, 0xFF, 0xFF, 0xFF, 0xFF, 0xFF, 0xFF, 0x00, 
    0x00, 0xFF, 0xFF, 0xFF, 0xFF, 0xFF, 0xFF, 0x00, 0x00, 0xFF, 0xFF, 0xFF, 0xFF, 0xFF, 0xFF, 0x00, 
    0x00, 0xC0, 0x00, 0x00, 0x00, 0x00, 0x03, 0x00, 0x00, 0xC0, 0x00, 0x00, 0x00, 0x00, 0x03, 0x00, 
    0x00, 0xE0, 0x00, 0x00, 0x00, 0x00, 0x07, 0x00, 0x00, 0x7F, 0xFF, 0xFF, 0xFF, 0xFF, 0xFE, 0x00, 
    0x00, 0x3F, 0xFF, 0xFF, 0xFF, 0xFF, 0xFC, 0x00, 0x00, 0x0F, 0xFF, 0xFF, 0xFF, 0xFF, 0xF0, 0x00, 
    0x00, 0x00, 0x00, 0x0C, 0x30, 0x00, 0x00, 0x00, 0x00, 0x00, 0x00, 0x0C, 0x30, 0x00, 0x00, 0x00, 
    0x00, 0x00, 0x00, 0x0C, 0x30, 0x00, 0x00, 0x00, 0x00, 0x00, 0x03, 0xFF, 0xFF, 0xC0, 0x00, 0x00, 
    0x00, 0x00, 0x03, 0xFF, 0xFF, 0xC0, 0x00, 0x00, 0x00, 0x00, 0x00, 0x00, 0x00, 0x00, 0x00, 0x00, 
    0x00, 0x00, 0x00, 0x00, 0x00, 0x00, 0x00, 0x00, 0x00, 0x00, 0x00, 0x00, 0x00, 0x00, 0x00, 0x00, 
    0x00, 0x00, 0x00, 0x00, 0x00, 0x00, 0x00, 0x00, 0x00, 0x00, 0x00, 0x00, 0x00, 0x00, 0x00, 0x00, 
    0x00, 0x00, 0x00, 0x00, 0x00, 0x00, 0x00, 0x00, 0x00, 0x00, 0x00, 0x00, 0x00, 0x00, 0x00, 0x00, 
    0x00, 0x00, 0x00, 0x00, 0x00, 0x00, 0x00, 0x00, 0x00, 0x00, 0x00, 0x00, 0x00, 0x00, 0x00, 0x00, 
    0x00, 0x00, 0x00, 0x00, 0x00, 0x00, 0x00, 0x00, 0x00, 0x00, 0x00, 0x00, 0x00, 0x00, 0x00, 0x00, 
      },
  {
    0x00, 0x00, 0x00, 0x00, 0x00, 0x00, 0x00, 0x00, 0x00, 0x00, 0x00, 0x00, 0x00, 0x00, 0x00, 0x00, 
    0x00, 0x00, 0x00, 0x00, 0x00, 0x00, 0x00, 0x00, 0x00, 0x00, 0x00, 0x00, 0x00, 0x00, 0x00, 0x00, 
    0x00, 0x00, 0x00, 0x00, 0x00, 0x00, 0x00, 0x00, 0x00, 0x00, 0x00, 0x00, 0x00, 0x00, 0x00, 0x00, 
    0x00, 0x00, 0x00, 0x00, 0x00, 0x00, 0x00, 0x00, 0x00, 0x00, 0x00, 0x00, 0x00, 0x00, 0x00, 0x00, 
    0x00, 0x00, 0x00, 0x00, 0x00, 0x00, 0x00, 0x00, 0x00, 0x00, 0x00, 0x00, 0x00, 0x00, 0x00, 0x00, 
    0x00, 0x00, 0x00, 0x00, 0x00, 0x00, 0x00, 0x00, 0x00, 0x3F, 0xFF, 0xFF, 0xFF, 0xFF, 0xFC, 0x00, 
    0x00, 0x7F, 0xFF, 0xFF, 0xFF, 0xFF, 0xFE, 0x00, 0x00, 0xE0, 0x00, 0x00, 0x00, 0x00, 0x07, 0x00, 
    0x00, 0xC3, 0xFF, 0xFF, 0x07, 0xFF, 0xC3, 0x00, 0x00, 0xC7, 0xFF, 0xFF, 0x87, 0xFF, 0xE3, 0x00, 
    0x00, 0xC7, 0xFF, 0xFF, 0x87, 0xFF, 0xE3, 0x00, 0x00, 0xC7, 0x00, 0x01, 0x87, 0xFF, 0xE3, 0x00, 
    0x00, 0xC7, 0x00, 0x01, 0x86, 0x7E, 0xE3, 0x00, 0x00, 0xC7, 0x00, 0x01, 0x87, 0xFF, 0xE3, 0x00, 
    0x00, 0xC7, 0xFF, 0xFF, 0x87, 0xFF, 0xE3, 0x00, 0x00, 0xC7, 0xFF, 0xFF, 0x87, 0xFF, 0xE3, 0x00, 
    0x00, 0xC0, 0x00, 0x00, 0x00, 0x00, 0x03, 0x00, 0x00, 0xC0, 0x00, 0x00, 0x00, 0x00, 0x03, 0x00, 
    0x00, 0xC0, 0x00, 0x00, 0x00, 0x00, 0x03, 0x00, 0x00, 0xC0, 0x00, 0x00, 0x00, 0x00, 0x03, 0x00, 
    0x00, 0xC3, 0xF8, 0x7F, 0xFF, 0xFF, 0xE3, 0x00, 0x00, 0xC7, 0xFC, 0x7F, 0xFF, 0xFF, 0xE3, 0x00, 
    0x00, 0xC7, 0x1C, 0x60, 0x00, 0x00, 0x63, 0x00, 0x00, 0xC7, 0x1C, 0x60, 0x00, 0x00, 0x63, 0x00, 
    0x00, 0xC7, 0x1C, 0x60, 0x00, 0x00, 0x63, 0x00, 0x00, 0xC7, 0x1C, 0x70, 0x00, 0x00, 0xE3, 0x00, 
    0x00, 0xC7, 0xFC, 0x7F, 0xFF, 0xFF, 0xE3, 0x00, 0x00, 0xC3, 0xF8, 0x7F, 0xFF, 0xFF, 0xE3, 0x00, 
    0x00, 0xC0, 0x00, 0x00, 0x00, 0x00, 0x03, 0x00, 0x00, 0xC0, 0x00, 0x00, 0x00, 0x00, 0x03, 0x00, 
    0x00, 0xC0, 0x00, 0x00, 0x00, 0x00, 0x03, 0x00, 0x00, 0xC0, 0x00, 0x00, 0x00, 0x00, 0x03, 0x00, 
    0x00, 0xC0, 0x00, 0x00, 0x00, 0x00, 0x03, 0x00, 0x00, 0xFF, 0xFF, 0xFF, 0xFF, 0xFF, 0xFF, 0x00, 
    0x00, 0xFF, 0xFF, 0xFF, 0xFF, 0xFF, 0xFF, 0x00, 0x00, 0xFF, 0xFF, 0xFF, 0xFF, 0xFF, 0xFF, 0x00, 
    0x00, 0xC0, 0x00, 0x00, 0x00, 0x00, 0x03, 0x00, 0x00, 0xC0, 0x00, 0x00, 0x00, 0x00, 0x03, 0x00, 
    0x00, 0xE0, 0x00, 0x00, 0x00, 0x00, 0x07, 0x00, 0x00, 0x7F, 0xFF, 0xFF, 0xFF, 0xFF, 0xFE, 0x00, 
    0x00, 0x3F, 0xFF, 0xFF, 0xFF, 0xFF, 0xFC, 0x00, 0x00, 0x0F, 0xFF, 0xFF, 0xFF, 0xFF, 0xF0, 0x00, 
    0x00, 0x00, 0x00, 0x0C, 0x30, 0x00, 0x00, 0x00, 0x00, 0x00, 0x00, 0x0C, 0x30, 0x00, 0x00, 0x00, 
    0x00, 0x00, 0x00, 0x0C, 0x30, 0x00, 0x00, 0x00, 0x00, 0x00, 0x03, 0xFF, 0xFF, 0xC0, 0x00, 0x00, 
    0x00, 0x00, 0x03, 0xFF, 0xFF, 0xC0, 0x00, 0x00, 0x00, 0x00, 0x00, 0x00, 0x00, 0x00, 0x00, 0x00, 
    0x00, 0x00, 0x00, 0x00, 0x00, 0x00, 0x00, 0x00, 0x00, 0x00, 0x00, 0x00, 0x00, 0x00, 0x00, 0x00, 
    0x00, 0x00, 0x00, 0x00, 0x00, 0x00, 0x00, 0x00, 0x00, 0x00, 0x00, 0x00, 0x00, 0x00, 0x00, 0x00, 
    0x00, 0x00, 0x00, 0x00, 0x00, 0x00, 0x00, 0x00, 0x00, 0x00, 0x00, 0x00, 0x00, 0x00, 0x00, 0x00, 
    0x00, 0x00, 0x00, 0x00, 0x00, 0x00, 0x00, 0x00, 0x00, 0x00, 0x00, 0x00, 0x00, 0x00, 0x00, 0x00, 
    0x00, 0x00, 0x00, 0x00, 0x00, 0x00, 0x00, 0x00, 0x00, 0x00, 0x00, 0x00, 0x00, 0x00, 0x00, 0x00, 
      },
  {
    0x00, 0x00, 0x00, 0x00, 0x00, 0x00, 0x00, 0x00, 0x00, 0x00, 0x00, 0x00, 0x00, 0x00, 0x00, 0x00, 
    0x00, 0x00, 0x00, 0x00, 0x00, 0x00, 0x00, 0x00, 0x00, 0x00, 0x00, 0x00, 0x00, 0x00, 0x00, 0x00, 
    0x00, 0x00, 0x00, 0x00, 0x00, 0x00, 0x00, 0x00, 0x00, 0x00, 0x00, 0x00, 0x00, 0x00, 0x00, 0x00, 
    0x00, 0x00, 0x00, 0x00, 0x00, 0x00, 0x00, 0x00, 0x00, 0x00, 0x00, 0x00, 0x00, 0x00, 0x00, 0x00, 
    0x00, 0x00, 0x00, 0x00, 0x00, 0x00, 0x00, 0x00, 0x00, 0x00, 0x00, 0x00, 0x00, 0x00, 0x00, 0x00, 
    0x00, 0x00, 0x00, 0x00, 0x00, 0x00, 0x00, 0x00, 0x00, 0x3F, 0xFF, 0xFF, 0xFF, 0xFF, 0xFC, 0x00, 
    0x00, 0x7F, 0xFF, 0xFF, 0xFF, 0xFF, 0xFE, 0x00, 0x00, 0xE7, 0xFF, 0xFF, 0x87, 0xFF, 0xE7, 0x00, 
    0x00, 0xC7, 0xFF, 0xFF, 0x87, 0xFF, 0xE3, 0x00, 0x00, 0xC7, 0x00, 0x01, 0x87, 0xFF, 0xE3, 0x00, 
    0x00, 0xC7, 0x00, 0x01, 0x86, 0x7E, 0xE3, 0x00, 0x00, 0xC7, 0x00, 0x01, 0x87, 0xFF, 0xE3, 0x00, 
    0x00, 0xC7, 0xFF, 0xFF, 0x87, 0xFF, 0xE3, 0x00, 0x00, 0xC7, 0xFF, 0xFF, 0x87, 0xFF, 0xE3, 0x00, 
    0x00, 0xC0, 0x00, 0x00, 0x03, 0xFF, 0x83, 0x00, 0x00, 0xC0, 0x00, 0x00, 0x00, 0x00, 0x03, 0x00, 
    0x00, 0xC0, 0x00, 0x00, 0x00, 0x00, 0x03, 0x00, 0x00, 0xC0, 0x00, 0x00, 0x00, 0x00, 0x03, 0x00, 
    0x00, 0xC3, 0xF8, 0x7F, 0xFF, 0xFF, 0xE3, 0x00, 0x00, 0xC7, 0xFC, 0x7F, 0xFF, 0xFF, 0xE3, 0x00, 
    0x00, 0xC7, 0x1C, 0x60, 0x00, 0x00, 0xE3, 0x00, 0x00, 0xC7, 0x1C, 0x60, 0x00, 0x00, 0x63, 0x00, 
    0x00, 0xC7, 0x1C, 0x60, 0x00, 0x00, 0x63, 0x00, 0x00, 0xC7, 0x1C, 0x70, 0x00, 0x00, 0xE3, 0x00, 
    0x00, 0xC7, 0xFC, 0x7F, 0xFF, 0xFF, 0xE3, 0x00, 0x00, 0xC3, 0xF8, 0x7F, 0xFF, 0xFF, 0xE3, 0x00, 
    0x00, 0xC0, 0x00, 0x00, 0x00, 0x00, 0x03, 0x00, 0x00, 0xC0, 0x00, 0x00, 0x00, 0x00, 0x03, 0x00, 
    0x00, 0xC0, 0x00, 0x00, 0x00, 0x00, 0x03, 0x00, 0x00, 0xC0, 0x00, 0x00, 0x00, 0x00, 0x03, 0x00, 
    0x00, 0xC0, 0x00, 0x00, 0x00, 0x00, 0x03, 0x00, 0x00, 0xC0, 0x00, 0x00, 0x0F, 0xF8, 0x03, 0x00, 
    0x00, 0xC0, 0x00, 0x00, 0x1F, 0xFC, 0x03, 0x00, 0x00, 0xFF, 0xFF, 0xFF, 0xFF, 0xFF, 0xFF, 0x00, 
    0x00, 0xFF, 0xFF, 0xFF, 0xFF, 0xFF, 0xFF, 0x00, 0x00, 0xFF, 0xFF, 0xFF, 0xFF, 0xFF, 0xFF, 0x00, 
    0x00, 0xC0, 0x00, 0x00, 0x00, 0x00, 0x03, 0x00, 0x00, 0xC0, 0x00, 0x00, 0x00, 0x00, 0x03, 0x00, 
    0x00, 0xE0, 0x00, 0x00, 0x00, 0x00, 0x07, 0x00, 0x00, 0x7F, 0xFF, 0xFF, 0xFF, 0xFF, 0xFE, 0x00, 
    0x00, 0x3F, 0xFF, 0xFF, 0xFF, 0xFF, 0xFC, 0x00, 0x00, 0x0F, 0xFF, 0xFF, 0xFF, 0xFF, 0xF0, 0x00, 
    0x00, 0x00, 0x00, 0x0C, 0x30, 0x00, 0x00, 0x00, 0x00, 0x00, 0x00, 0x0C, 0x30, 0x00, 0x00, 0x00, 
    0x00, 0x00, 0x00, 0x0C, 0x30, 0x00, 0x00, 0x00, 0x00, 0x00, 0x03, 0xFF, 0xFF, 0xC0, 0x00, 0x00, 
    0x00, 0x00, 0x03, 0xFF, 0xFF, 0xC0, 0x00, 0x00, 0x00, 0x00, 0x00, 0x00, 0x00, 0x00, 0x00, 0x00, 
    0x00, 0x00, 0x00, 0x00, 0x00, 0x00, 0x00, 0x00, 0x00, 0x00, 0x00, 0x00, 0x00, 0x00, 0x00, 0x00, 
    0x00, 0x00, 0x00, 0x00, 0x00, 0x00, 0x00, 0x00, 0x00, 0x00, 0x00, 0x00, 0x00, 0x00, 0x00, 0x00, 
    0x00, 0x00, 0x00, 0x00, 0x00, 0x00, 0x00, 0x00, 0x00, 0x00, 0x00, 0x00, 0x00, 0x00, 0x00, 0x00, 
    0x00, 0x00, 0x00, 0x00, 0x00, 0x00, 0x00, 0x00, 0x00, 0x00, 0x00, 0x00, 0x00, 0x00, 0x00, 0x00, 
    0x00, 0x00, 0x00, 0x00, 0x00, 0x00, 0x00, 0x00, 0x00, 0x00, 0x00, 0x00, 0x00, 0x00, 0x00, 0x00, 
      },
  {
    0x00, 0x00, 0x00, 0x00, 0x00, 0x00, 0x00, 0x00, 0x00, 0x00, 0x00, 0x00, 0x00, 0x00, 0x00, 0x00, 
    0x00, 0x00, 0x00, 0x00, 0x00, 0x00, 0x00, 0x00, 0x00, 0x00, 0x00, 0x00, 0x00, 0x00, 0x00, 0x00, 
    0x00, 0x00, 0x00, 0x00, 0x00, 0x00, 0x00, 0x00, 0x00, 0x00, 0x00, 0x00, 0x00, 0x00, 0x00, 0x00, 
    0x00, 0x00, 0x00, 0x00, 0x00, 0x00, 0x00, 0x00, 0x00, 0x00, 0x00, 0x00, 0x00, 0x00, 0x00, 0x00, 
    0x00, 0x00, 0x00, 0x00, 0x00, 0x00, 0x00, 0x00, 0x00, 0x00, 0x00, 0x00, 0x00, 0x00, 0x00, 0x00, 
    0x00, 0x00, 0x00, 0x00, 0x00, 0x00, 0x00, 0x00, 0x00, 0x3F, 0xFF, 0xFF, 0xFF, 0xFF, 0xFC, 0x00, 
    0x00, 0x7F, 0xFF, 0xFF, 0xFF, 0xFF, 0xFE, 0x00, 0x00, 0xE7, 0x00, 0x01, 0x87, 0xFF, 0xE7, 0x00, 
    0x00, 0xC7, 0x00, 0x01, 0x86, 0x7E, 0xE3, 0x00, 0x00, 0xC7, 0x00, 0x01, 0x87, 0xFF, 0xE3, 0x00, 
    0x00, 0xC7, 0xFF, 0xFF, 0x87, 0xFF, 0xE3, 0x00, 0x00, 0xC7, 0xFF, 0xFF, 0x87, 0xFF, 0xE3, 0x00, 
    0x00, 0xC3, 0xFF, 0xFF, 0x03, 0xFF, 0xC3, 0x00, 0x00, 0xC0, 0x00, 0x00, 0x00, 0x00, 0x03, 0x00, 
    0x00, 0xC0, 0x00, 0x00, 0x00, 0x00, 0x03, 0x00, 0x00, 0xC0, 0x00, 0x00, 0x00, 0x00, 0x03, 0x00, 
    0x00, 0xC3, 0xF8, 0x7F, 0xFF, 0xFF, 0xE3, 0x00, 0x00, 0xC7, 0xFC, 0x7F, 0xFF, 0xFF, 0xE3, 0x00, 
    0x00, 0xC7, 0x1C, 0x60, 0x00, 0x00, 0xE3, 0x00, 0x00, 0xC7, 0x1C, 0x60, 0x00, 0x00, 0x63, 0x00, 
    0x00, 0xC7, 0x1C, 0x60, 0x00, 0x00, 0x63, 0x00, 0x00, 0xC7, 0x1C, 0x60, 0x00, 0x00, 0xE3, 0x00, 
    0x00, 0xC7, 0xFC, 0x7F, 0xFF, 0xFF, 0xE3, 0x00, 0x00, 0xC3, 0xF8, 0x7F, 0xFF, 0xFF, 0xE3, 0x00, 
    0x00, 0xC0, 0x00, 0x00, 0x00, 0x00, 0x03, 0x00, 0x00, 0xC0, 0x00, 0x00, 0x00, 0x00, 0x03, 0x00, 
    0x00, 0xC0, 0x00, 0x00, 0x00, 0x00, 0x03, 0x00, 0x00, 0xC0, 0x00, 0x00, 0x00, 0x00, 0x03, 0x00, 
    0x00, 0xC0, 0x00, 0x00, 0x00, 0x00, 0x03, 0x00, 0x00, 0xC0, 0x00, 0x00, 0x3F, 0xFE, 0x03, 0x00, 
    0x00, 0xC1, 0xFF, 0xC0, 0x3F, 0xFF, 0x03, 0x00, 0x00, 0xC1, 0xFF, 0xC0, 0x30, 0x07, 0x03, 0x00, 
    0x00, 0xC1, 0xC1, 0xC0, 0x30, 0x07, 0x03, 0x00, 0x00, 0xFF, 0xFF, 0xFF, 0xFF, 0xFF, 0xFF, 0x00, 
    0x00, 0xFF, 0xFF, 0xFF, 0xFF, 0xFF, 0xFF, 0x00, 0x00, 0xFF, 0xFF, 0xFF, 0xFF, 0xFF, 0xFF, 0x00, 
    0x00, 0xC0, 0x00, 0x00, 0x00, 0x00, 0x03, 0x00, 0x00, 0xC0, 0x00, 0x00, 0x00, 0x00, 0x03, 0x00, 
    0x00, 0xE0, 0x00, 0x00, 0x00, 0x00, 0x07, 0x00, 0x00, 0x7F, 0xFF, 0xFF, 0xFF, 0xFF, 0xFE, 0x00, 
    0x00, 0x3F, 0xFF, 0xFF, 0xFF, 0xFF, 0xFC, 0x00, 0x00, 0x0F, 0xFF, 0xFF, 0xFF, 0xFF, 0xF0, 0x00, 
    0x00, 0x00, 0x00, 0x0C, 0x30, 0x00, 0x00, 0x00, 0x00, 0x00, 0x00, 0x0C, 0x30, 0x00, 0x00, 0x00, 
    0x00, 0x00, 0x00, 0x0C, 0x30, 0x00, 0x00, 0x00, 0x00, 0x00, 0x03, 0xFF, 0xFF, 0xC0, 0x00, 0x00, 
    0x00, 0x00, 0x03, 0xFF, 0xFF, 0xC0, 0x00, 0x00, 0x00, 0x00, 0x00, 0x00, 0x00, 0x00, 0x00, 0x00, 
    0x00, 0x00, 0x00, 0x00, 0x00, 0x00, 0x00, 0x00, 0x00, 0x00, 0x00, 0x00, 0x00, 0x00, 0x00, 0x00, 
    0x00, 0x00, 0x00, 0x00, 0x00, 0x00, 0x00, 0x00, 0x00, 0x00, 0x00, 0x00, 0x00, 0x00, 0x00, 0x00, 
    0x00, 0x00, 0x00, 0x00, 0x00, 0x00, 0x00, 0x00, 0x00, 0x00, 0x00, 0x00, 0x00, 0x00, 0x00, 0x00, 
    0x00, 0x00, 0x00, 0x00, 0x00, 0x00, 0x00, 0x00, 0x00, 0x00, 0x00, 0x00, 0x00, 0x00, 0x00, 0x00, 
    0x00, 0x00, 0x00, 0x00, 0x00, 0x00, 0x00, 0x00, 0x00, 0x00, 0x00, 0x00, 0x00, 0x00, 0x00, 0x00, 
      },
  {
    0x00, 0x00, 0x00, 0x00, 0x00, 0x00, 0x00, 0x00, 0x00, 0x00, 0x00, 0x00, 0x00, 0x00, 0x00, 0x00, 
    0x00, 0x00, 0x00, 0x00, 0x00, 0x00, 0x00, 0x00, 0x00, 0x00, 0x00, 0x00, 0x00, 0x00, 0x00, 0x00, 
    0x00, 0x00, 0x00, 0x00, 0x00, 0x00, 0x00, 0x00, 0x00, 0x00, 0x00, 0x00, 0x00, 0x00, 0x00, 0x00, 
    0x00, 0x00, 0x00, 0x00, 0x00, 0x00, 0x00, 0x00, 0x00, 0x00, 0x00, 0x00, 0x00, 0x00, 0x00, 0x00, 
    0x00, 0x00, 0x00, 0x00, 0x00, 0x00, 0x00, 0x00, 0x00, 0x00, 0x00, 0x00, 0x00, 0x00, 0x00, 0x00, 
    0x00, 0x00, 0x00, 0x00, 0x00, 0x00, 0x00, 0x00, 0x00, 0x3F, 0xFF, 0xFF, 0xFF, 0xFF, 0xFC, 0x00, 
    0x00, 0x7F, 0xFF, 0xFF, 0xFF, 0xFF, 0xFE, 0x00, 0x00, 0xE7, 0x00, 0x01, 0x86, 0xFF, 0xE7, 0x00, 
    0x00, 0xC7, 0xFF, 0xFF, 0x87, 0xFF, 0xE3, 0x00, 0x00, 0xC7, 0xFF, 0xFF, 0x87, 0xFF, 0xE3, 0x00, 
    0x00, 0xC3, 0xFF, 0xFF, 0x07, 0xFF, 0xC3, 0x00, 0x00, 0xC0, 0x00, 0x00, 0x00, 0x00, 0x03, 0x00, 
    0x00, 0xC0, 0x00, 0x00, 0x00, 0x00, 0x03, 0x00, 0x00, 0xC0, 0x00, 0x00, 0x00, 0x00, 0x03, 0x00, 
    0x00, 0xC3, 0xF8, 0x7F, 0xFF, 0xFF, 0xE3, 0x00, 0x00, 0xC7, 0xFC, 0x7F, 0xFF, 0xFF, 0xE3, 0x00, 
    0x00, 0xC7, 0xFC, 0x7F, 0xFF, 0xFF, 0xE3, 0x00, 0x00, 0xC7, 0x1C, 0x60, 0x00, 0x00, 0x63, 0x00, 
    0x00, 0xC7, 0x1C, 0x60, 0x00, 0x00, 0x63, 0x00, 0x00, 0xC7, 0x1C, 0x60, 0x00, 0x00, 0x63, 0x00, 
    0x00, 0xC7, 0xFC, 0x7F, 0xFF, 0xFF, 0xE3, 0x00, 0x00, 0xC3, 0xF8, 0x7F, 0xFF, 0xFF, 0xE3, 0x00, 
    0x00, 0xC0, 0x00, 0x00, 0x00, 0x00, 0x03, 0x00, 0x00, 0xC0, 0x00, 0x00, 0x00, 0x00, 0x03, 0x00, 
    0x00, 0xC0, 0x00, 0x00, 0x00, 0x00, 0x03, 0x00, 0x00, 0xC0, 0x00, 0x00, 0x00, 0x00, 0x03, 0x00, 
    0x00, 0xC0, 0x00, 0x00, 0x00, 0x00, 0x03, 0x00, 0x00, 0xC3, 0xFF, 0xE0, 0x7F, 0xFF, 0x83, 0x00, 
    0x00, 0xC3, 0xFF, 0xE0, 0xFF, 0xFF, 0x83, 0x00, 0x00, 0xC3, 0xC1, 0xE0, 0xE0, 0x03, 0x83, 0x00, 
    0x00, 0xC3, 0xC1, 0xE0, 0xE0, 0x01, 0x83, 0x00, 0x00, 0xC3, 0xE3, 0xE0, 0xFF, 0xFF, 0x83, 0x00, 
    0x00, 0xC3, 0xF7, 0xE0, 0x7F, 0xFF, 0x83, 0x00, 0x00, 0xFF, 0xFF, 0xFF, 0xFF, 0xFF, 0xFF, 0x00, 
    0x00, 0xFF, 0xFF, 0xFF, 0xFF, 0xFF, 0xFF, 0x00, 0x00, 0xFF, 0xFF, 0xFF, 0xFF, 0xFF, 0xFF, 0x00, 
    0x00, 0xC0, 0x00, 0x00, 0x00, 0x00, 0x03, 0x00, 0x00, 0xC0, 0x00, 0x00, 0x00, 0x00, 0x03, 0x00, 
    0x00, 0xE0, 0x00, 0x00, 0x00, 0x00, 0x07, 0x00, 0x00, 0x7F, 0xFF, 0xFF, 0xFF, 0xFF, 0xFE, 0x00, 
    0x00, 0x3F, 0xFF, 0xFF, 0xFF, 0xFF, 0xFC, 0x00, 0x00, 0x0F, 0xFF, 0xFF, 0xFF, 0xFF, 0xF0, 0x00, 
    0x00, 0x00, 0x00, 0x0C, 0x30, 0x00, 0x00, 0x00, 0x00, 0x00, 0x00, 0x0C, 0x30, 0x00, 0x00, 0x00, 
    0x00, 0x00, 0x00, 0x0C, 0x30, 0x00, 0x00, 0x00, 0x00, 0x00, 0x03, 0xFF, 0xFF, 0xC0, 0x00, 0x00, 
    0x00, 0x00, 0x03, 0xFF, 0xFF, 0xC0, 0x00, 0x00, 0x00, 0x00, 0x00, 0x00, 0x00, 0x00, 0x00, 0x00, 
    0x00, 0x00, 0x00, 0x00, 0x00, 0x00, 0x00, 0x00, 0x00, 0x00, 0x00, 0x00, 0x00, 0x00, 0x00, 0x00, 
    0x00, 0x00, 0x00, 0x00, 0x00, 0x00, 0x00, 0x00, 0x00, 0x00, 0x00, 0x00, 0x00, 0x00, 0x00, 0x00, 
    0x00, 0x00, 0x00, 0x00, 0x00, 0x00, 0x00, 0x00, 0x00, 0x00, 0x00, 0x00, 0x00, 0x00, 0x00, 0x00, 
    0x00, 0x00, 0x00, 0x00, 0x00, 0x00, 0x00, 0x00, 0x00, 0x00, 0x00, 0x00, 0x00, 0x00, 0x00, 0x00, 
    0x00, 0x00, 0x00, 0x00, 0x00, 0x00, 0x00, 0x00, 0x00, 0x00, 0x00, 0x00, 0x00, 0x00, 0x00, 0x00, 
      },
  {
    0x00, 0x00, 0x00, 0x00, 0x00, 0x00, 0x00, 0x00, 0x00, 0x00, 0x00, 0x00, 0x00, 0x00, 0x00, 0x00, 
    0x00, 0x00, 0x00, 0x00, 0x00, 0x00, 0x00, 0x00, 0x00, 0x00, 0x00, 0x00, 0x00, 0x00, 0x00, 0x00, 
    0x00, 0x00, 0x00, 0x00, 0x00, 0x00, 0x00, 0x00, 0x00, 0x00, 0x00, 0x00, 0x00, 0x00, 0x00, 0x00, 
    0x00, 0x00, 0x00, 0x00, 0x00, 0x00, 0x00, 0x00, 0x00, 0x00, 0x00, 0x00, 0x00, 0x00, 0x00, 0x00, 
    0x00, 0x00, 0x00, 0x00, 0x00, 0x00, 0x00, 0x00, 0x00, 0x00, 0x00, 0x00, 0x00, 0x00, 0x00, 0x00, 
    0x00, 0x00, 0x00, 0x00, 0x00, 0x00, 0x00, 0x00, 0x00, 0x3F, 0xFF, 0xFF, 0xFF, 0xFF, 0xFC, 0x00, 
    0x00, 0x7F, 0xFF, 0xFF, 0xFF, 0xFF, 0xFE, 0x00, 0x00, 0xE7, 0xFF, 0xFF, 0x87, 0xFF, 0xE7, 0x00, 
    0x00, 0xC3, 0xFF, 0xFF, 0x87, 0xFF, 0xC3, 0x00, 0x00, 0xC0, 0x00, 0x00, 0x00, 0x00, 0x03, 0x00, 
    0x00, 0xC0, 0x00, 0x00, 0x00, 0x00, 0x03, 0x00, 0x00, 0xC0, 0x00, 0x00, 0x00, 0x00, 0x03, 0x00, 
    0x00, 0xC1, 0xF0, 0x3F, 0xFF, 0xFF, 0xC3, 0x00, 0x00, 0xC7, 0xF8, 0x7F, 0xFF, 0xFF, 0xE3, 0x00, 
    0x00, 0xC7, 0xFC, 0x7F, 0xFF, 0xFF, 0xE3, 0x00, 0x00, 0xC7, 0x1C, 0x60, 0x00, 0x00, 0x63, 0x00, 
    0x00, 0xC7, 0x1C, 0x60, 0x00, 0x00, 0x63, 0x00, 0x00, 0xC7, 0x1C, 0x60, 0x00, 0x00, 0x63, 0x00, 
    0x00, 0xC7, 0xFC, 0x7F, 0xFF, 0xFF, 0xE3, 0x00, 0x00, 0xC7, 0xFC, 0x7F, 0xFF, 0xFF, 0xE3, 0x00, 
    0x00, 0xC3, 0xF8, 0x3F, 0xFF, 0xFF, 0xC3, 0x00, 0x00, 0xC0, 0x00, 0x00, 0x00, 0x00, 0x03, 0x00, 
    0x00, 0xC0, 0x00, 0x00, 0x00, 0x00, 0x03, 0x00, 0x00, 0xC0, 0x00, 0x00, 0x00, 0x00, 0x03, 0x00, 
    0x00, 0xC0, 0x00, 0x00, 0x00, 0x00, 0x03, 0x00, 0x00, 0xC3, 0xFF, 0xE0, 0xFF, 0xFF, 0xC3, 0x00, 
    0x00, 0xC3, 0xFF, 0xE0, 0xFF, 0xFF, 0xC3, 0x00, 0x00, 0xC3, 0x80, 0xE0, 0xC0, 0x01, 0xC3, 0x00, 
    0x00, 0xC3, 0xC1, 0xE0, 0xC0, 0x01, 0xC3, 0x00, 0x00, 0xC3, 0xE3, 0xE0, 0xC0, 0x01, 0xC3, 0x00, 
    0x00, 0xC3, 0xE3, 0xE0, 0xFF, 0xFF, 0xC3, 0x00, 0x00, 0xC3, 0x77, 0x60, 0xFF, 0xFF, 0xC3, 0x00, 
    0x00, 0xC3, 0x3E, 0x60, 0x00, 0x00, 0x03, 0x00, 0x00, 0xFF, 0xBF, 0xFF, 0x00, 0x00, 0x7F, 0x00, 
    0x00, 0xFF, 0xFF, 0xFF, 0xFF, 0xFF, 0xFF, 0x00, 0x00, 0xFF, 0xFF, 0xFF, 0xFF, 0xFF, 0xFF, 0x00, 
    0x00, 0xC0, 0x00, 0x00, 0x00, 0x00, 0x03, 0x00, 0x00, 0xC0, 0x00, 0x00, 0x00, 0x00, 0x03, 0x00, 
    0x00, 0xE0, 0x00, 0x00, 0x00, 0x00, 0x07, 0x00, 0x00, 0x7F, 0xFF, 0xFF, 0xFF, 0xFF, 0xFE, 0x00, 
    0x00, 0x3F, 0xFF, 0xFF, 0xFF, 0xFF, 0xFC, 0x00, 0x00, 0x0F, 0xFF, 0xFF, 0xFF, 0xFF, 0xF0, 0x00, 
    0x00, 0x00, 0x00, 0x0C, 0x30, 0x00, 0x00, 0x00, 0x00, 0x00, 0x00, 0x0C, 0x30, 0x00, 0x00, 0x00, 
    0x00, 0x00, 0x00, 0x0C, 0x30, 0x00, 0x00, 0x00, 0x00, 0x00, 0x03, 0xFF, 0xFF, 0xC0, 0x00, 0x00, 
    0x00, 0x00, 0x03, 0xFF, 0xFF, 0xC0, 0x00, 0x00, 0x00, 0x00, 0x00, 0x00, 0x00, 0x00, 0x00, 0x00, 
    0x00, 0x00, 0x00, 0x00, 0x00, 0x00, 0x00, 0x00, 0x00, 0x00, 0x00, 0x00, 0x00, 0x00, 0x00, 0x00, 
    0x00, 0x00, 0x00, 0x00, 0x00, 0x00, 0x00, 0x00, 0x00, 0x00, 0x00, 0x00, 0x00, 0x00, 0x00, 0x00, 
    0x00, 0x00, 0x00, 0x00, 0x00, 0x00, 0x00, 0x00, 0x00, 0x00, 0x00, 0x00, 0x00, 0x00, 0x00, 0x00, 
    0x00, 0x00, 0x00, 0x00, 0x00, 0x00, 0x00, 0x00, 0x00, 0x00, 0x00, 0x00, 0x00, 0x00, 0x00, 0x00, 
    0x00, 0x00, 0x00, 0x00, 0x00, 0x00, 0x00, 0x00, 0x00, 0x00, 0x00, 0x00, 0x00, 0x00, 0x00, 0x00, 
      },
  {
    0x00, 0x00, 0x00, 0x00, 0x00, 0x00, 0x00, 0x00, 0x00, 0x00, 0x00, 0x00, 0x00, 0x00, 0x00, 0x00, 
    0x00, 0x00, 0x00, 0x00, 0x00, 0x00, 0x00, 0x00, 0x00, 0x00, 0x00, 0x00, 0x00, 0x00, 0x00, 0x00, 
    0x00, 0x00, 0x00, 0x00, 0x00, 0x00, 0x00, 0x00, 0x00, 0x00, 0x00, 0x00, 0x00, 0x00, 0x00, 0x00, 
    0x00, 0x00, 0x00, 0x00, 0x00, 0x00, 0x00, 0x00, 0x00, 0x00, 0x00, 0x00, 0x00, 0x00, 0x00, 0x00, 
    0x00, 0x00, 0x00, 0x00, 0x00, 0x00, 0x00, 0x00, 0x00, 0x00, 0x00, 0x00, 0x00, 0x00, 0x00, 0x00, 
    0x00, 0x00, 0x00, 0x00, 0x00, 0x00, 0x00, 0x00, 0x00, 0x3F, 0xFF, 0xFF, 0xFF, 0xFF, 0xFC, 0x00, 
    0x00, 0x7F, 0xFF, 0xFF, 0xFF, 0xFF, 0xFE, 0x00, 0x00, 0xE0, 0x00, 0x00, 0x03, 0xFF, 0xC7, 0x00, 
    0x00, 0xC0, 0x00, 0x00, 0x00, 0x00, 0x03, 0x00, 0x00, 0xC0, 0x00, 0x00, 0x00, 0x00, 0x03, 0x00, 
    0x00, 0xC0, 0x00, 0x00, 0x00, 0x00, 0x03, 0x00, 0x00, 0xC3, 0xF8, 0x7F, 0xFF, 0xFF, 0xE3, 0x00, 
    0x00, 0xC7, 0xFC, 0x7F, 0xFF, 0xFF, 0xE3, 0x00, 0x00, 0xC7, 0x1C, 0x60, 0x00, 0x00, 0xE3, 0x00, 
    0x00, 0xC7, 0x1C, 0x60, 0x00, 0x00, 0x63, 0x00, 0x00, 0xC7, 0x1C, 0x60, 0x00, 0x00, 0x63, 0x00, 
    0x00, 0xC7, 0x1C, 0x60, 0x00, 0x00, 0xE3, 0x00, 0x00, 0xC7, 0xFC, 0x7F, 0xFF, 0xFF, 0xE3, 0x00, 
    0x00, 0xC3, 0xF8, 0x7F, 0xFF, 0xFF, 0xE3, 0x00, 0x00, 0xC0, 0x00, 0x00, 0x00, 0x00, 0x03, 0x00, 
    0x00, 0xC0, 0x00, 0x00, 0x00, 0x00, 0x03, 0x00, 0x00, 0xC0, 0x00, 0x00, 0x00, 0x00, 0x03, 0x00, 
    0x00, 0xC0, 0x00, 0x00, 0x00, 0x00, 0x03, 0x00, 0x00, 0xC3, 0xFF, 0xE1, 0xFF, 0xFF, 0xC3, 0x00, 
    0x00, 0xC3, 0xFF, 0xE1, 0xFF, 0xFF, 0xC3, 0x00, 0x00, 0xC3, 0x80, 0xE1, 0xC0, 0x00, 0xC3, 0x00, 
    0x00, 0xC3, 0xC1, 0xE1, 0x80, 0x00, 0xC3, 0x00, 0x00, 0xC3, 0xC3, 0xE1, 0x80, 0x00, 0xC3, 0x00, 
    0x00, 0xC3, 0xE3, 0xE1, 0xC0, 0x01, 0xC3, 0x00, 0x00, 0xC3, 0x77, 0x61, 0xFF, 0xFF, 0xC3, 0x00, 
    0x00, 0xC3, 0x3E, 0x60, 0xFF, 0xFF, 0xC3, 0x00, 0x00, 0xC3, 0x3E, 0x60, 0x00, 0x00, 0x03, 0x00, 
    0x00, 0xC3, 0x1C, 0x60, 0x00, 0x00, 0x03, 0x00, 0x00, 0xFF, 0xFF, 0xFF, 0xFF, 0xFF, 0xFF, 0x00, 
    0x00, 0xFF, 0xFF, 0xFF, 0xFF, 0xFF, 0xFF, 0x00, 0x00, 0xFF, 0xFF, 0xFF, 0xFF, 0xFF, 0xFF, 0x00, 
    0x00, 0xC0, 0x00, 0x00, 0x00, 0x00, 0x03, 0x00, 0x00, 0xC0, 0x00, 0x00, 0x00, 0x00, 0x03, 0x00, 
    0x00, 0xE0, 0x00, 0x00, 0x00, 0x00, 0x07, 0x00, 0x00, 0x7F, 0xFF, 0xFF, 0xFF, 0xFF, 0xFE, 0x00, 
    0x00, 0x3F, 0xFF, 0xFF, 0xFF, 0xFF, 0xFC, 0x00, 0x00, 0x0F, 0xFF, 0xFF, 0xFF, 0xFF, 0xF0, 0x00, 
    0x00, 0x00, 0x00, 0x0C, 0x30, 0x00, 0x00, 0x00, 0x00, 0x00, 0x00, 0x0C, 0x30, 0x00, 0x00, 0x00, 
    0x00, 0x00, 0x00, 0x0C, 0x30, 0x00, 0x00, 0x00, 0x00, 0x00, 0x03, 0xFF, 0xFF, 0xC0, 0x00, 0x00, 
    0x00, 0x00, 0x03, 0xFF, 0xFF, 0xC0, 0x00, 0x00, 0x00, 0x00, 0x00, 0x00, 0x00, 0x00, 0x00, 0x00, 
    0x00, 0x00, 0x00, 0x00, 0x00, 0x00, 0x00, 0x00, 0x00, 0x00, 0x00, 0x00, 0x00, 0x00, 0x00, 0x00, 
    0x00, 0x00, 0x00, 0x00, 0x00, 0x00, 0x00, 0x00, 0x00, 0x00, 0x00, 0x00, 0x00, 0x00, 0x00, 0x00, 
    0x00, 0x00, 0x00, 0x00, 0x00, 0x00, 0x00, 0x00, 0x00, 0x00, 0x00, 0x00, 0x00, 0x00, 0x00, 0x00, 
    0x00, 0x00, 0x00, 0x00, 0x00, 0x00, 0x00, 0x00, 0x00, 0x00, 0x00, 0x00, 0x00, 0x00, 0x00, 0x00, 
    0x00, 0x00, 0x00, 0x00, 0x00, 0x00, 0x00, 0x00, 0x00, 0x00, 0x00, 0x00, 0x00, 0x00, 0x00, 0x00, 
      },
  {
    0x00, 0x00, 0x00, 0x00, 0x00, 0x00, 0x00, 0x00, 0x00, 0x00, 0x00, 0x00, 0x00, 0x00, 0x00, 0x00, 
    0x00, 0x00, 0x00, 0x00, 0x00, 0x00, 0x00, 0x00, 0x00, 0x00, 0x00, 0x00, 0x00, 0x00, 0x00, 0x00, 
    0x00, 0x00, 0x00, 0x00, 0x00, 0x00, 0x00, 0x00, 0x00, 0x00, 0x00, 0x00, 0x00, 0x00, 0x00, 0x00, 
    0x00, 0x00, 0x00, 0x00, 0x00, 0x00, 0x00, 0x00, 0x00, 0x00, 0x00, 0x00, 0x00, 0x00, 0x00, 0x00, 
    0x00, 0x00, 0x00, 0x00, 0x00, 0x00, 0x00, 0x00, 0x00, 0x00, 0x00, 0x00, 0x00, 0x00, 0x00, 0x00, 
    0x00, 0x00, 0x00, 0x00, 0x00, 0x00, 0x00, 0x00, 0x00, 0x3F, 0xFF, 0xFF, 0xFF, 0xFF, 0xFC, 0x00, 
    0x00, 0x7F, 0xFF, 0xFF, 0xFF, 0xFF, 0xFE, 0x00, 0x00, 0xE0, 0x00, 0x00, 0x00, 0x00, 0x07, 0x00, 
    0x00, 0xC0, 0x00, 0x00, 0x00, 0x00, 0x03, 0x00, 0x00, 0xC1, 0xF0, 0x3F, 0xFF, 0xFF, 0xC3, 0x00, 
    0x00, 0xC7, 0xF8, 0x7F, 0xFF, 0xFF, 0xE3, 0x00, 0x00, 0xC7, 0xFC, 0x7F, 0xFF, 0xFF, 0xE3, 0x00, 
    0x00, 0xC7, 0x1C, 0x60, 0x00, 0x00, 0x63, 0x00, 0x00, 0xC7, 0x1C, 0x60, 0x00, 0x00, 0x63, 0x00, 
    0x00, 0xC7, 0x1C, 0x60, 0x00, 0x00, 0x63, 0x00, 0x00, 0xC7, 0xFC, 0x7F, 0xFF, 0xFF, 0xE3, 0x00, 
    0x00, 0xC7, 0xFC, 0x7F, 0xFF, 0xFF, 0xE3, 0x00, 0x00, 0xC3, 0xF8, 0x3F, 0xFF, 0xFF, 0xC3, 0x00, 
    0x00, 0xC0, 0x00, 0x00, 0x00, 0x00, 0x03, 0x00, 0x00, 0xC0, 0x00, 0x00, 0x00, 0x00, 0x03, 0x00, 
    0x00, 0xC0, 0x00, 0x00, 0x00, 0x00, 0x03, 0x00, 0x00, 0xC1, 0xFF, 0xC0, 0xFF, 0xFF, 0x83, 0x00, 
    0x00, 0xC3, 0xFF, 0xE1, 0xFF, 0xFF, 0xC3, 0x00, 0x00, 0xC7, 0xFF, 0xE1, 0xFF, 0xFF, 0xC3, 0x00, 
    0x00, 0xC7, 0x80, 0xE1, 0x80, 0x00, 0xC3, 0x00, 0x00, 0xC7, 0xC1, 0xE1, 0x80, 0x00, 0xC3, 0x00, 
    0x00, 0xC7, 0xE3, 0xE1, 0x80, 0x00, 0xC3, 0x00, 0x00, 0xC7, 0x63, 0x61, 0xFF, 0xFF, 0xC3, 0x00, 
    0x00, 0xC7, 0x77, 0x61, 0xFF, 0xFF, 0xC3, 0x00, 0x00, 0xC7, 0x3E, 0x60, 0xFF, 0xFF, 0x83, 0x00, 
    0x00, 0xC7, 0x1C, 0x60, 0x00, 0x00, 0x03, 0x00, 0x00, 0xC7, 0x1C, 0x60, 0x00, 0x00, 0x03, 0x00, 
    0x00, 0xC3, 0x3E, 0x60, 0x00, 0x00, 0x03, 0x00, 0x00, 0xFF, 0xFF, 0xFF, 0xFF, 0xFF, 0xFF, 0x00, 
    0x00, 0xFF, 0xFF, 0xFF, 0xFF, 0xFF, 0xFF, 0x00, 0x00, 0xFF, 0xFF, 0xFF, 0xFF, 0xFF, 0xFF, 0x00, 
    0x00, 0xC0, 0x00, 0x00, 0x00, 0x00, 0x03, 0x00, 0x00, 0xC0, 0x00, 0x00, 0x00, 0x00, 0x03, 0x00, 
    0x00, 0xE0, 0x00, 0x00, 0x00, 0x00, 0x07, 0x00, 0x00, 0x7F, 0xFF, 0xFF, 0xFF, 0xFF, 0xFE, 0x00, 
    0x00, 0x3F, 0xFF, 0xFF, 0xFF, 0xFF, 0xFC, 0x00, 0x00, 0x0F, 0xFF, 0xFF, 0xFF, 0xFF, 0xF0, 0x00, 
    0x00, 0x00, 0x00, 0x0C, 0x30, 0x00, 0x00, 0x00, 0x00, 0x00, 0x00, 0x0C, 0x30, 0x00, 0x00, 0x00, 
    0x00, 0x00, 0x00, 0x0C, 0x30, 0x00, 0x00, 0x00, 0x00, 0x00, 0x03, 0xFF, 0xFF, 0xC0, 0x00, 0x00, 
    0x00, 0x00, 0x03, 0xFF, 0xFF, 0xC0, 0x00, 0x00, 0x00, 0x00, 0x00, 0x00, 0x00, 0x00, 0x00, 0x00, 
    0x00, 0x00, 0x00, 0x00, 0x00, 0x00, 0x00, 0x00, 0x00, 0x00, 0x00, 0x00, 0x00, 0x00, 0x00, 0x00, 
    0x00, 0x00, 0x00, 0x00, 0x00, 0x00, 0x00, 0x00, 0x00, 0x00, 0x00, 0x00, 0x00, 0x00, 0x00, 0x00, 
    0x00, 0x00, 0x00, 0x00, 0x00, 0x00, 0x00, 0x00, 0x00, 0x00, 0x00, 0x00, 0x00, 0x00, 0x00, 0x00, 
    0x00, 0x00, 0x00, 0x00, 0x00, 0x00, 0x00, 0x00, 0x00, 0x00, 0x00, 0x00, 0x00, 0x00, 0x00, 0x00, 
    0x00, 0x00, 0x00, 0x00, 0x00, 0x00, 0x00, 0x00, 0x00, 0x00, 0x00, 0x00, 0x00, 0x00, 0x00, 0x00, 
      },
  {
    0x00, 0x00, 0x00, 0x00, 0x00, 0x00, 0x00, 0x00, 0x00, 0x00, 0x00, 0x00, 0x00, 0x00, 0x00, 0x00, 
    0x00, 0x00, 0x00, 0x00, 0x00, 0x00, 0x00, 0x00, 0x00, 0x00, 0x00, 0x00, 0x00, 0x00, 0x00, 0x00, 
    0x00, 0x00, 0x00, 0x00, 0x00, 0x00, 0x00, 0x00, 0x00, 0x00, 0x00, 0x00, 0x00, 0x00, 0x00, 0x00, 
    0x00, 0x00, 0x00, 0x00, 0x00, 0x00, 0x00, 0x00, 0x00, 0x00, 0x00, 0x00, 0x00, 0x00, 0x00, 0x00, 
    0x00, 0x00, 0x00, 0x00, 0x00, 0x00, 0x00, 0x00, 0x00, 0x00, 0x00, 0x00, 0x00, 0x00, 0x00, 0x00, 
    0x00, 0x00, 0x00, 0x00, 0x00, 0x00, 0x00, 0x00, 0x00, 0x3F, 0xFF, 0xFF, 0xFF, 0xFF, 0xFC, 0x00, 
    0x00, 0x7F, 0xFF, 0xFF, 0xFF, 0xFF, 0xFE, 0x00, 0x00, 0xE0, 0x00, 0x00, 0x00, 0x00, 0x07, 0x00, 
    0x00, 0xC3, 0xF8, 0x7F, 0xFF, 0xFF, 0xE3, 0x00, 0x00, 0xC7, 0xFC, 0x7F, 0xFF, 0xFF, 0xE3, 0x00, 
    0x00, 0xC7, 0xFC, 0x7F, 0xFF, 0xFF, 0xE3, 0x00, 0x00, 0xC7, 0x1C, 0x60, 0x00, 0x00, 0x63, 0x00, 
    0x00, 0xC7, 0x1C, 0x60, 0x00, 0x00, 0x63, 0x00, 0x00, 0xC7, 0x1C, 0x60, 0x00, 0x00, 0x63, 0x00, 
    0x00, 0xC7, 0xFC, 0x7F, 0xFF, 0xFF, 0xE3, 0x00, 0x00, 0xC3, 0xF8, 0x7F, 0xFF, 0xFF, 0xE3, 0x00, 
    0x00, 0xC0, 0x00, 0x00, 0x00, 0x00, 0x03, 0x00, 0x00, 0xC0, 0x00, 0x00, 0x00, 0x00, 0x03, 0x00, 
    0x00, 0xC0, 0x00, 0x00, 0x00, 0x00, 0x03, 0x00, 0x00, 0xC0, 0x00, 0x00, 0x00, 0x00, 0x03, 0x00, 
    0x00, 0xC3, 0xFF, 0xE1, 0xFF, 0xFF, 0xC3, 0x00, 0x00, 0xC7, 0xFF, 0xE1, 0xFF, 0xFF, 0xE3, 0x00, 
    0x00, 0xC7, 0x80, 0xE1, 0xC0, 0x00, 0xE3, 0x00, 0x00, 0xC7, 0x81, 0xE1, 0x80, 0x00, 0xE3, 0x00, 
    0x00, 0xC7, 0xC1, 0xE1, 0x80, 0x00, 0xE3, 0x00, 0x00, 0xC7, 0xE3, 0xE1, 0x80, 0x00, 0xE3, 0x00, 
    0x00, 0xC7, 0x77, 0x61, 0xFF, 0xFF, 0xE3, 0x00, 0x00, 0xC7, 0x7E, 0x61, 0xFF, 0xFF, 0xC3, 0x00, 
    0x00, 0xC7, 0x3E, 0x60, 0x00, 0x00, 0x03, 0x00, 0x00, 0xC7, 0x1C, 0x60, 0x00, 0x00, 0x03, 0x00, 
    0x00, 0xC7, 0x1C, 0x60, 0x00, 0x00, 0x03, 0x00, 0x00, 0xC7, 0x3E, 0x60, 0x00, 0x00, 0x03, 0x00, 
    0x00, 0xC3, 0x77, 0x60, 0xFC, 0x00, 0x03, 0x00, 0x00, 0xFF, 0xF7, 0xFF, 0xFF, 0xFF, 0xFF, 0x00, 
    0x00, 0xFF, 0xFF, 0xFF, 0xFF, 0xFF, 0xFF, 0x00, 0x00, 0xFF, 0xFF, 0xFF, 0xFF, 0xFF, 0xFF, 0x00, 
    0x00, 0xC0, 0x00, 0x00, 0x00, 0x00, 0x03, 0x00, 0x00, 0xC0, 0x00, 0x00, 0x00, 0x00, 0x03, 0x00, 
    0x00, 0xE0, 0x00, 0x00, 0x00, 0x00, 0x07, 0x00, 0x00, 0x7F, 0xFF, 0xFF, 0xFF, 0xFF, 0xFE, 0x00, 
    0x00, 0x3F, 0xFF, 0xFF, 0xFF, 0xFF, 0xFC, 0x00, 0x00, 0x0F, 0xFF, 0xFF, 0xFF, 0xFF, 0xF0, 0x00, 
    0x00, 0x00, 0x00, 0x0C, 0x30, 0x00, 0x00, 0x00, 0x00, 0x00, 0x00, 0x0C, 0x30, 0x00, 0x00, 0x00, 
    0x00, 0x00, 0x00, 0x0C, 0x30, 0x00, 0x00, 0x00, 0x00, 0x00, 0x03, 0xFF, 0xFF, 0xC0, 0x00, 0x00, 
    0x00, 0x00, 0x03, 0xFF, 0xFF, 0xC0, 0x00, 0x00, 0x00, 0x00, 0x00, 0x00, 0x00, 0x00, 0x00, 0x00, 
    0x00, 0x00, 0x00, 0x00, 0x00, 0x00, 0x00, 0x00, 0x00, 0x00, 0x00, 0x00, 0x00, 0x00, 0x00, 0x00, 
    0x00, 0x00, 0x00, 0x00, 0x00, 0x00, 0x00, 0x00, 0x00, 0x00, 0x00, 0x00, 0x00, 0x00, 0x00, 0x00, 
    0x00, 0x00, 0x00, 0x00, 0x00, 0x00, 0x00, 0x00, 0x00, 0x00, 0x00, 0x00, 0x00, 0x00, 0x00, 0x00, 
    0x00, 0x00, 0x00, 0x00, 0x00, 0x00, 0x00, 0x00, 0x00, 0x00, 0x00, 0x00, 0x00, 0x00, 0x00, 0x00, 
    0x00, 0x00, 0x00, 0x00, 0x00, 0x00, 0x00, 0x00, 0x00, 0x00, 0x00, 0x00, 0x00, 0x00, 0x00, 0x00, 
      },
  {
    0x00, 0x00, 0x00, 0x00, 0x00, 0x00, 0x00, 0x00, 0x00, 0x00, 0x00, 0x00, 0x00, 0x00, 0x00, 0x00, 
    0x00, 0x00, 0x00, 0x00, 0x00, 0x00, 0x00, 0x00, 0x00, 0x00, 0x00, 0x00, 0x00, 0x00, 0x00, 0x00, 
    0x00, 0x00, 0x00, 0x00, 0x00, 0x00, 0x00, 0x00, 0x00, 0x00, 0x00, 0x00, 0x00, 0x00, 0x00, 0x00, 
    0x00, 0x00, 0x00, 0x00, 0x00, 0x00, 0x00, 0x00, 0x00, 0x00, 0x00, 0x00, 0x00, 0x00, 0x00, 0x00, 
    0x00, 0x00, 0x00, 0x00, 0x00, 0x00, 0x00, 0x00, 0x00, 0x00, 0x00, 0x00, 0x00, 0x00, 0x00, 0x00, 
    0x00, 0x00, 0x00, 0x00, 0x00, 0x00, 0x00, 0x00, 0x00, 0x3F, 0xFF, 0xFF, 0xFF, 0xFF, 0xFC, 0x00, 
    0x00, 0x7F, 0xFF, 0xFF, 0xFF, 0xFF, 0xFE, 0x00, 0x00, 0xE3, 0xF8, 0x7F, 0xFF, 0xFF, 0xE7, 0x00, 
    0x00, 0xC7, 0xFC, 0x7F, 0xFF, 0xFF, 0xE3, 0x00, 0x00, 0xC7, 0x1C, 0x60, 0x00, 0x00, 0xE3, 0x00, 
    0x00, 0xC7, 0x1C, 0x60, 0x00, 0x00, 0x63, 0x00, 0x00, 0xC7, 0x1C, 0x60, 0x00, 0x00, 0x63, 0x00, 
    0x00, 0xC7, 0x1C, 0x60, 0x00, 0x00, 0xE3, 0x00, 0x00, 0xC7, 0xFC, 0x7F, 0xFF, 0xFF, 0xE3, 0x00, 
    0x00, 0xC3, 0xF8, 0x7F, 0xFF, 0xFF, 0xE3, 0x00, 0x00, 0xC0, 0x00, 0x00, 0x00, 0x00, 0x03, 0x00, 
    0x00, 0xC0, 0x00, 0x00, 0x00, 0x00, 0x03, 0x00, 0x00, 0xC0, 0x00, 0x00, 0x00, 0x00, 0x03, 0x00, 
    0x00, 0xC0, 0x00, 0x00, 0x00, 0x00, 0x03, 0x00, 0x00, 0xC3, 0xFF, 0xE1, 0xFF, 0xFF, 0xC3, 0x00, 
    0x00, 0xC7, 0xFF, 0xE1, 0xFF, 0xFF, 0xE3, 0x00, 0x00, 0xC7, 0x80, 0xE1, 0x80, 0x00, 0xE3, 0x00, 
    0x00, 0xC7, 0xC1, 0xE1, 0x80, 0x00, 0xE3, 0x00, 0x00, 0xC7, 0xC1, 0xE1, 0x80, 0x00, 0xE3, 0x00, 
    0x00, 0xC7, 0xE3, 0xE1, 0x80, 0x00, 0xE3, 0x00, 0x00, 0xC7, 0x77, 0x61, 0xFF, 0xFF, 0xE3, 0x00, 
    0x00, 0xC7, 0x3E, 0x61, 0xFF, 0xFF, 0xC3, 0x00, 0x00, 0xC7, 0x3E, 0x60, 0x00, 0x00, 0x03, 0x00, 
    0x00, 0xC7, 0x1C, 0x60, 0x00, 0x00, 0x03, 0x00, 0x00, 0xC7, 0x1C, 0x60, 0x00, 0x00, 0x03, 0x00, 
    0x00, 0xC7, 0x3E, 0x60, 0x00, 0x00, 0x03, 0x00, 0x00, 0xC7, 0x77, 0x61, 0xFE, 0x1F, 0xC3, 0x00, 
    0x00, 0xC3, 0x63, 0x61, 0xFE, 0x1F, 0xC3, 0x00, 0x00, 0xFF, 0xEB, 0xFF, 0xFF, 0xFF, 0xFF, 0x00, 
    0x00, 0xFF, 0xFF, 0xFF, 0xFF, 0xFF, 0xFF, 0x00, 0x00, 0xFF, 0xFF, 0xFF, 0xFF, 0xFF, 0xFF, 0x00, 
    0x00, 0xC0, 0x00, 0x00, 0x00, 0x00, 0x03, 0x00, 0x00, 0xC0, 0x00, 0x00, 0x00, 0x00, 0x03, 0x00, 
    0x00, 0xE0, 0x00, 0x00, 0x00, 0x00, 0x07, 0x00, 0x00, 0x7F, 0xFF, 0xFF, 0xFF, 0xFF, 0xFE, 0x00, 
    0x00, 0x3F, 0xFF, 0xFF, 0xFF, 0xFF, 0xFC, 0x00, 0x00, 0x0F, 0xFF, 0xFF, 0xFF, 0xFF, 0xF0, 0x00, 
    0x00, 0x00, 0x00, 0x0C, 0x30, 0x00, 0x00, 0x00, 0x00, 0x00, 0x00, 0x0C, 0x30, 0x00, 0x00, 0x00, 
    0x00, 0x00, 0x00, 0x0C, 0x30, 0x00, 0x00, 0x00, 0x00, 0x00, 0x03, 0xFF, 0xFF, 0xC0, 0x00, 0x00, 
    0x00, 0x00, 0x03, 0xFF, 0xFF, 0xC0, 0x00, 0x00, 0x00, 0x00, 0x00, 0x00, 0x00, 0x00, 0x00, 0x00, 
    0x00, 0x00, 0x00, 0x00, 0x00, 0x00, 0x00, 0x00, 0x00, 0x00, 0x00, 0x00, 0x00, 0x00, 0x00, 0x00, 
    0x00, 0x00, 0x00, 0x00, 0x00, 0x00, 0x00, 0x00, 0x00, 0x00, 0x00, 0x00, 0x00, 0x00, 0x00, 0x00, 
    0x00, 0x00, 0x00, 0x00, 0x00, 0x00, 0x00, 0x00, 0x00, 0x00, 0x00, 0x00, 0x00, 0x00, 0x00, 0x00, 
    0x00, 0x00, 0x00, 0x00, 0x00, 0x00, 0x00, 0x00, 0x00, 0x00, 0x00, 0x00, 0x00, 0x00, 0x00, 0x00, 
    0x00, 0x00, 0x00, 0x00, 0x00, 0x00, 0x00, 0x00, 0x00, 0x00, 0x00, 0x00, 0x00, 0x00, 0x00, 0x00, 
      },
  {
    0x00, 0x00, 0x00, 0x00, 0x00, 0x00, 0x00, 0x00, 0x00, 0x00, 0x00, 0x00, 0x00, 0x00, 0x00, 0x00, 
    0x00, 0x00, 0x00, 0x00, 0x00, 0x00, 0x00, 0x00, 0x00, 0x00, 0x00, 0x00, 0x00, 0x00, 0x00, 0x00, 
    0x00, 0x00, 0x00, 0x00, 0x00, 0x00, 0x00, 0x00, 0x00, 0x00, 0x00, 0x00, 0x00, 0x00, 0x00, 0x00, 
    0x00, 0x00, 0x00, 0x00, 0x00, 0x00, 0x00, 0x00, 0x00, 0x00, 0x00, 0x00, 0x00, 0x00, 0x00, 0x00, 
    0x00, 0x00, 0x00, 0x00, 0x00, 0x00, 0x00, 0x00, 0x00, 0x00, 0x00, 0x00, 0x00, 0x00, 0x00, 0x00, 
    0x00, 0x00, 0x00, 0x00, 0x00, 0x00, 0x00, 0x00, 0x00, 0x3F, 0xFF, 0xFF, 0xFF, 0xFF, 0xFC, 0x00, 
    0x00, 0x7F, 0xFF, 0xFF, 0xFF, 0xFF, 0xFE, 0x00, 0x00, 0xE7, 0xFC, 0x7F, 0xFF, 0xFF, 0xE7, 0x00, 
    0x00, 0xC7, 0x1C, 0x60, 0x00, 0x00, 0x63, 0x00, 0x00, 0xC7, 0x1C, 0x60, 0x00, 0x00, 0x63, 0x00, 
    0x00, 0xC7, 0x1C, 0x60, 0x00, 0x00, 0x63, 0x00, 0x00, 0xC7, 0x1C, 0x70, 0x00, 0x00, 0xE3, 0x00, 
    0x00, 0xC7, 0xFC, 0x7F, 0xFF, 0xFF, 0xE3, 0x00, 0x00, 0xC3, 0xF8, 0x7F, 0xFF, 0xFF, 0xE3, 0x00, 
    0x00, 0xC0, 0x00, 0x00, 0x00, 0x00, 0x03, 0x00, 0x00, 0xC0, 0x00, 0x00, 0x00, 0x00, 0x03, 0x00, 
    0x00, 0xC0, 0x00, 0x00, 0x00, 0x00, 0x03, 0x00, 0x00, 0xC0, 0x00, 0x00, 0x00, 0x00, 0x03, 0x00, 
    0x00, 0xC3, 0xFF, 0xE1, 0xFF, 0xFF, 0xC3, 0x00, 0x00, 0xC7, 0xFF, 0xE1, 0xFF, 0xFF, 0xE3, 0x00, 
    0x00, 0xC7, 0x80, 0xE1, 0x80, 0x00, 0xE3, 0x00, 0x00, 0xC7, 0xC1, 0xE1, 0x80, 0x00, 0xE3, 0x00, 
    0x00, 0xC7, 0xC3, 0xE1, 0x80, 0x00, 0xE3, 0x00, 0x00, 0xC7, 0xE3, 0xE1, 0xC0, 0x00, 0xE3, 0x00, 
    0x00, 0xC7, 0x77, 0x61, 0xFF, 0xFF, 0xE3, 0x00, 0x00, 0xC7, 0x3E, 0x61, 0xFF, 0xFF, 0xC3, 0x00, 
    0x00, 0xC7, 0x3E, 0x60, 0x00, 0x00, 0x03, 0x00, 0x00, 0xC7, 0x1C, 0x60, 0x00, 0x00, 0x03, 0x00, 
    0x00, 0xC7, 0x3C, 0x60, 0x00, 0x00, 0x03, 0x00, 0x00, 0xC7, 0x3E, 0x60, 0xFC, 0x00, 0x03, 0x00, 
    0x00, 0xC7, 0x77, 0x61, 0xFE, 0x1F, 0xC3, 0x00, 0x00, 0xC7, 0x63, 0x61, 0xFE, 0x1F, 0xC3, 0x00, 
    0x00, 0xC3, 0xE3, 0xE1, 0x86, 0x18, 0xC3, 0x00, 0x00, 0xFF, 0xFF, 0xFF, 0xFF, 0xFF, 0xFF, 0x00, 
    0x00, 0xFF, 0xFF, 0xFF, 0xFF, 0xFF, 0xFF, 0x00, 0x00, 0xFF, 0xFF, 0xFF, 0xFF, 0xFF, 0xFF, 0x00, 
    0x00, 0xC0, 0x00, 0x00, 0x00, 0x00, 0x03, 0x00, 0x00, 0xC0, 0x00, 0x00, 0x00, 0x00, 0x03, 0x00, 
    0x00, 0xE0, 0x00, 0x00, 0x00, 0x00, 0x07, 0x00, 0x00, 0x7F, 0xFF, 0xFF, 0xFF, 0xFF, 0xFE, 0x00, 
    0x00, 0x3F, 0xFF, 0xFF, 0xFF, 0xFF, 0xFC, 0x00, 0x00, 0x0F, 0xFF, 0xFF, 0xFF, 0xFF, 0xF0, 0x00, 
    0x00, 0x00, 0x00, 0x0C, 0x30, 0x00, 0x00, 0x00, 0x00, 0x00, 0x00, 0x0C, 0x30, 0x00, 0x00, 0x00, 
    0x00, 0x00, 0x00, 0x0C, 0x30, 0x00, 0x00, 0x00, 0x00, 0x00, 0x03, 0xFF, 0xFF, 0xC0, 0x00, 0x00, 
    0x00, 0x00, 0x03, 0xFF, 0xFF, 0xC0, 0x00, 0x00, 0x00, 0x00, 0x00, 0x00, 0x00, 0x00, 0x00, 0x00, 
    0x00, 0x00, 0x00, 0x00, 0x00, 0x00, 0x00, 0x00, 0x00, 0x00, 0x00, 0x00, 0x00, 0x00, 0x00, 0x00, 
    0x00, 0x00, 0x00, 0x00, 0x00, 0x00, 0x00, 0x00, 0x00, 0x00, 0x00, 0x00, 0x00, 0x00, 0x00, 0x00, 
    0x00, 0x00, 0x00, 0x00, 0x00, 0x00, 0x00, 0x00, 0x00, 0x00, 0x00, 0x00, 0x00, 0x00, 0x00, 0x00, 
    0x00, 0x00, 0x00, 0x00, 0x00, 0x00, 0x00, 0x00, 0x00, 0x00, 0x00, 0x00, 0x00, 0x00, 0x00, 0x00, 
    0x00, 0x00, 0x00, 0x00, 0x00, 0x00, 0x00, 0x00, 0x00, 0x00, 0x00, 0x00, 0x00, 0x00, 0x00, 0x00, 
      },
  {
    0x00, 0x00, 0x00, 0x00, 0x00, 0x00, 0x00, 0x00, 0x00, 0x00, 0x00, 0x00, 0x00, 0x00, 0x00, 0x00, 
    0x00, 0x00, 0x00, 0x00, 0x00, 0x00, 0x00, 0x00, 0x00, 0x00, 0x00, 0x00, 0x00, 0x00, 0x00, 0x00, 
    0x00, 0x00, 0x00, 0x00, 0x00, 0x00, 0x00, 0x00, 0x00, 0x00, 0x00, 0x00, 0x00, 0x00, 0x00, 0x00, 
    0x00, 0x00, 0x00, 0x00, 0x00, 0x00, 0x00, 0x00, 0x00, 0x00, 0x00, 0x00, 0x00, 0x00, 0x00, 0x00, 
    0x00, 0x00, 0x00, 0x00, 0x00, 0x00, 0x00, 0x00, 0x00, 0x00, 0x00, 0x00, 0x00, 0x00, 0x00, 0x00, 
    0x00, 0x00, 0x00, 0x00, 0x00, 0x00, 0x00, 0x00, 0x00, 0x3F, 0xFF, 0xFF, 0xFF, 0xFF, 0xFC, 0x00, 
    0x00, 0x7F, 0xFF, 0xFF, 0xFF, 0xFF, 0xFE, 0x00, 0x00, 0xE7, 0x18, 0x60, 0x00, 0x00, 0xE7, 0x00, 
    0x00, 0xC7, 0x1C, 0x60, 0x00, 0x00, 0x63, 0x00, 0x00, 0xC7, 0x1C, 0x60, 0x00, 0x00, 0x63, 0x00, 
    0x00, 0xC7, 0x1C, 0x70, 0x00, 0x00, 0xE3, 0x00, 0x00, 0xC7, 0xFC, 0x7F, 0xFF, 0xFF, 0xE3, 0x00, 
    0x00, 0xC3, 0xF8, 0x7F, 0xFF, 0xFF, 0xE3, 0x00, 0x00, 0xC0, 0x00, 0x00, 0x00, 0x00, 0x03, 0x00, 
    0x00, 0xC0, 0x00, 0x00, 0x00, 0x00, 0x03, 0x00, 0x00, 0xC0, 0x00, 0x00, 0x00, 0x00, 0x03, 0x00, 
    0x00, 0xC0, 0x00, 0x00, 0x00, 0x00, 0x03, 0x00, 0x00, 0xC3, 0xFF, 0xE1, 0xFF, 0xFF, 0xC3, 0x00, 
    0x00, 0xC7, 0xFF, 0xE1, 0xFF, 0xFF, 0xE3, 0x00, 0x00, 0xC7, 0x80, 0xE1, 0x80, 0x00, 0xE3, 0x00, 
    0x00, 0xC7, 0xC1, 0xE1, 0x80, 0x00, 0xE3, 0x00, 0x00, 0xC7, 0xC3, 0xE1, 0x80, 0x00, 0xE3, 0x00, 
    0x00, 0xC7, 0xE3, 0xE1, 0xC0, 0x00, 0xE3, 0x00, 0x00, 0xC7, 0x77, 0x61, 0xFF, 0xFF, 0xE3, 0x00, 
    0x00, 0xC7, 0x3E, 0x61, 0xFF, 0xFF, 0xC3, 0x00, 0x00, 0xC7, 0x3E, 0x60, 0x00, 0x00, 0x03, 0x00, 
    0x00, 0xC7, 0x1C, 0x60, 0x00, 0x00, 0x03, 0x00, 0x00, 0xC7, 0x3C, 0x60, 0x00, 0x00, 0x03, 0x00, 
    0x00, 0xC7, 0x3E, 0x60, 0xFC, 0x0F, 0x83, 0x00, 0x00, 0xC7, 0x77, 0x61, 0xFE, 0x1F, 0xC3, 0x00, 
    0x00, 0xC7, 0x63, 0x61, 0xFE, 0x3F, 0xC3, 0x00, 0x00, 0xC7, 0xE3, 0xE1, 0x86, 0x38, 0xC3, 0x00, 
    0x00, 0xC3, 0xC1, 0xE1, 0x86, 0x18, 0xC3, 0x00, 0x00, 0xFF, 0xFF, 0xFF, 0xFF, 0xFF, 0xFF, 0x00, 
    0x00, 0xFF, 0xFF, 0xFF, 0xFF, 0xFF, 0xFF, 0x00, 0x00, 0xFF, 0xFF, 0xFF, 0xFF, 0xFF, 0xFF, 0x00, 
    0x00, 0xC0, 0x00, 0x00, 0x00, 0x00, 0x03, 0x00, 0x00, 0xC0, 0x00, 0x00, 0x00, 0x00, 0x03, 0x00, 
    0x00, 0xE0, 0x00, 0x00, 0x00, 0x00, 0x07, 0x00, 0x00, 0x7F, 0xFF, 0xFF, 0xFF, 0xFF, 0xFE, 0x00, 
    0x00, 0x3F, 0xFF, 0xFF, 0xFF, 0xFF, 0xFC, 0x00, 0x00, 0x0F, 0xFF, 0xFF, 0xFF, 0xFF, 0xF0, 0x00, 
    0x00, 0x00, 0x00, 0x0C, 0x30, 0x00, 0x00, 0x00, 0x00, 0x00, 0x00, 0x0C, 0x30, 0x00, 0x00, 0x00, 
    0x00, 0x00, 0x00, 0x0C, 0x30, 0x00, 0x00, 0x00, 0x00, 0x00, 0x03, 0xFF, 0xFF, 0xC0, 0x00, 0x00, 
    0x00, 0x00, 0x03, 0xFF, 0xFF, 0xC0, 0x00, 0x00, 0x00, 0x00, 0x00, 0x00, 0x00, 0x00, 0x00, 0x00, 
    0x00, 0x00, 0x00, 0x00, 0x00, 0x00, 0x00, 0x00, 0x00, 0x00, 0x00, 0x00, 0x00, 0x00, 0x00, 0x00, 
    0x00, 0x00, 0x00, 0x00, 0x00, 0x00, 0x00, 0x00, 0x00, 0x00, 0x00, 0x00, 0x00, 0x00, 0x00, 0x00, 
    0x00, 0x00, 0x00, 0x00, 0x00, 0x00, 0x00, 0x00, 0x00, 0x00, 0x00, 0x00, 0x00, 0x00, 0x00, 0x00, 
    0x00, 0x00, 0x00, 0x00, 0x00, 0x00, 0x00, 0x00, 0x00, 0x00, 0x00, 0x00, 0x00, 0x00, 0x00, 0x00, 
    0x00, 0x00, 0x00, 0x00, 0x00, 0x00, 0x00, 0x00, 0x00, 0x00, 0x00, 0x00, 0x00, 0x00, 0x00, 0x00, 
      },
  {
    0x00, 0x00, 0x00, 0x00, 0x00, 0x00, 0x00, 0x00, 0x00, 0x00, 0x00, 0x00, 0x00, 0x00, 0x00, 0x00, 
    0x00, 0x00, 0x00, 0x00, 0x00, 0x00, 0x00, 0x00, 0x00, 0x00, 0x00, 0x00, 0x00, 0x00, 0x00, 0x00, 
    0x00, 0x00, 0x00, 0x00, 0x00, 0x00, 0x00, 0x00, 0x00, 0x00, 0x00, 0x00, 0x00, 0x00, 0x00, 0x00, 
    0x00, 0x00, 0x00, 0x00, 0x00, 0x00, 0x00, 0x00, 0x00, 0x00, 0x00, 0x00, 0x00, 0x00, 0x00, 0x00, 
    0x00, 0x00, 0x00, 0x00, 0x00, 0x00, 0x00, 0x00, 0x00, 0x00, 0x00, 0x00, 0x00, 0x00, 0x00, 0x00, 
    0x00, 0x00, 0x00, 0x00, 0x00, 0x00, 0x00, 0x00, 0x00, 0x3F, 0xFF, 0xFF, 0xFF, 0xFF, 0xFC, 0x00, 
    0x00, 0x7F, 0xFF, 0xFF, 0xFF, 0xFF, 0xFE, 0x00, 0x00, 0xE7, 0x18, 0x60, 0x00, 0x00, 0x67, 0x00, 
    0x00, 0xC7, 0x1C, 0x60, 0x00, 0x00, 0x63, 0x00, 0x00, 0xC7, 0x1C, 0x60, 0x00, 0x00, 0xE3, 0x00, 
    0x00, 0xC7, 0xFC, 0x7F, 0xFF, 0xFF, 0xE3, 0x00, 0x00, 0xC3, 0xF8, 0x7F, 0xFF, 0xFF, 0xE3, 0x00, 
    0x00, 0xC0, 0x00, 0x00, 0x00, 0x00, 0x03, 0x00, 0x00, 0xC0, 0x00, 0x00, 0x00, 0x00, 0x03, 0x00, 
    0x00, 0xC0, 0x00, 0x00, 0x00, 0x00, 0x03, 0x00, 0x00, 0xC0, 0x00, 0x00, 0x00, 0x00, 0x03, 0x00, 
    0x00, 0xC3, 0xFF, 0xE1, 0xFF, 0xFF, 0xC3, 0x00, 0x00, 0xC7, 0xFF, 0xE1, 0xFF, 0xFF, 0xE3, 0x00, 
    0x00, 0xC7, 0x80, 0xE1, 0x80, 0x00, 0xE3, 0x00, 0x00, 0xC7, 0xC1, 0xE1, 0x80, 0x00, 0xE3, 0x00, 
    0x00, 0xC7, 0xC1, 0xE1, 0x80, 0x00, 0xE3, 0x00, 0x00, 0xC7, 0xE3, 0xE1, 0x80, 0x00, 0xE3, 0x00, 
    0x00, 0xC7, 0x77, 0x61, 0xFF, 0xFF, 0xE3, 0x00, 0x00, 0xC7, 0x3E, 0x61, 0xFF, 0xFF, 0xC3, 0x00, 
    0x00, 0xC7, 0x3E, 0x60, 0x00, 0x00, 0x03, 0x00, 0x00, 0xC7, 0x1C, 0x60, 0x00, 0x00, 0x03, 0x00, 
    0x00, 0xC7, 0x1C, 0x60, 0x00, 0x00, 0x03, 0x00, 0x00, 0xC7, 0x3E, 0x60, 0xFC, 0x0F, 0x83, 0x00, 
    0x00, 0xC7, 0x77, 0x61, 0xFE, 0x3F, 0xC3, 0x00, 0x00, 0xC7, 0x63, 0x61, 0xFE, 0x3F, 0xE3, 0x00, 
    0x00, 0xC7, 0xE3, 0xE1, 0x86, 0x38, 0xE3, 0x00, 0x00, 0xC7, 0xC1, 0xE1, 0x86, 0x38, 0xE3, 0x00, 
    0x00, 0xC3, 0x80, 0xE1, 0x86, 0x38, 0xC3, 0x00, 0x00, 0xFF, 0xFF, 0xFF, 0xFF, 0xFF, 0xFF, 0x00, 
    0x00, 0xFF, 0xFF, 0xFF, 0xFF, 0xFF, 0xFF, 0x00, 0x00, 0xFF, 0xFF, 0xFF, 0xFF, 0xFF, 0xFF, 0x00, 
    0x00, 0xC0, 0x00, 0x00, 0x00, 0x00, 0x03, 0x00, 0x00, 0xC0, 0x00, 0x00, 0x00, 0x00, 0x03, 0x00, 
    0x00, 0xE0, 0x00, 0x00, 0x00, 0x00, 0x07, 0x00, 0x00, 0x7F, 0xFF, 0xFF, 0xFF, 0xFF, 0xFE, 0x00, 
    0x00, 0x3F, 0xFF, 0xFF, 0xFF, 0xFF, 0xFC, 0x00, 0x00, 0x0F, 0xFF, 0xFF, 0xFF, 0xFF, 0xF0, 0x00, 
    0x00, 0x00, 0x00, 0x0C, 0x30, 0x00, 0x00, 0x00, 0x00, 0x00, 0x00, 0x0C, 0x30, 0x00, 0x00, 0x00, 
    0x00, 0x00, 0x00, 0x0C, 0x30, 0x00, 0x00, 0x00, 0x00, 0x00, 0x03, 0xFF, 0xFF, 0xC0, 0x00, 0x00, 
    0x00, 0x00, 0x03, 0xFF, 0xFF, 0xC0, 0x00, 0x00, 0x00, 0x00, 0x00, 0x00, 0x00, 0x00, 0x00, 0x00, 
    0x00, 0x00, 0x00, 0x00, 0x00, 0x00, 0x00, 0x00, 0x00, 0x00, 0x00, 0x00, 0x00, 0x00, 0x00, 0x00, 
    0x00, 0x00, 0x00, 0x00, 0x00, 0x00, 0x00, 0x00, 0x00, 0x00, 0x00, 0x00, 0x00, 0x00, 0x00, 0x00, 
    0x00, 0x00, 0x00, 0x00, 0x00, 0x00, 0x00, 0x00, 0x00, 0x00, 0x00, 0x00, 0x00, 0x00, 0x00, 0x00, 
    0x00, 0x00, 0x00, 0x00, 0x00, 0x00, 0x00, 0x00, 0x00, 0x00, 0x00, 0x00, 0x00, 0x00, 0x00, 0x00, 
    0x00, 0x00, 0x00, 0x00, 0x00, 0x00, 0x00, 0x00, 0x00, 0x00, 0x00, 0x00, 0x00, 0x00, 0x00, 0x00, 
      },
  {
    0x00, 0x00, 0x00, 0x00, 0x00, 0x00, 0x00, 0x00, 0x00, 0x00, 0x00, 0x00, 0x00, 0x00, 0x00, 0x00, 
    0x00, 0x00, 0x00, 0x00, 0x00, 0x00, 0x00, 0x00, 0x00, 0x00, 0x00, 0x00, 0x00, 0x00, 0x00, 0x00, 
    0x00, 0x00, 0x00, 0x00, 0x00, 0x00, 0x00, 0x00, 0x00, 0x00, 0x00, 0x00, 0x00, 0x00, 0x00, 0x00, 
    0x00, 0x00, 0x00, 0x00, 0x00, 0x00, 0x00, 0x00, 0x00, 0x00, 0x00, 0x00, 0x00, 0x00, 0x00, 0x00, 
    0x00, 0x00, 0x00, 0x00, 0x00, 0x00, 0x00, 0x00, 0x00, 0x00, 0x00, 0x00, 0x00, 0x00, 0x00, 0x00, 
    0x00, 0x00, 0x00, 0x00, 0x00, 0x00, 0x00, 0x00, 0x00, 0x3F, 0xFF, 0xFF, 0xFF, 0xFF, 0xFC, 0x00, 
    0x00, 0x7F, 0xFF, 0xFF, 0xFF, 0xFF, 0xFE, 0x00, 0x00, 0xE7, 0x18, 0x60, 0x00, 0x00, 0x67, 0x00, 
    0x00, 0xC7, 0x1C, 0x60, 0x00, 0x00, 0x63, 0x00, 0x00, 0xC7, 0xFC, 0x7F, 0xFF, 0xFF, 0xE3, 0x00, 
    0x00, 0xC3, 0xF8, 0x7F, 0xFF, 0xFF, 0xE3, 0x00, 0x00, 0xC0, 0x00, 0x00, 0x00, 0x00, 0x03, 0x00, 
    0x00, 0xC0, 0x00, 0x00, 0x00, 0x00, 0x03, 0x00, 0x00, 0xC0, 0x00, 0x00, 0x00, 0x00, 0x03, 0x00, 
    0x00, 0xC0, 0x00, 0x00, 0x00, 0x00, 0x03, 0x00, 0x00, 0xC3, 0xFF, 0xE1, 0xFF, 0xFF, 0xC3, 0x00, 
    0x00, 0xC7, 0xFF, 0xE1, 0xFF, 0xFF, 0xE3, 0x00, 0x00, 0xC7, 0x80, 0xE1, 0xC0, 0x00, 0xE3, 0x00, 
    0x00, 0xC7, 0x81, 0xE1, 0x80, 0x00, 0xE3, 0x00, 0x00, 0xC7, 0xC1, 0xE1, 0x80, 0x00, 0xE3, 0x00, 
    0x00, 0xC7, 0xE3, 0xE1, 0x80, 0x00, 0xE3, 0x00, 0x00, 0xC7, 0x77, 0x61, 0xFF, 0xFF, 0xE3, 0x00, 
    0x00, 0xC7, 0x7E, 0x61, 0xFF, 0xFF, 0xC3, 0x00, 0x00, 0xC7, 0x3E, 0x60, 0x00, 0x00, 0x03, 0x00, 
    0x00, 0xC7, 0x1C, 0x60, 0x00, 0x00, 0x03, 0x00, 0x00, 0xC7, 0x1C, 0x60, 0x00, 0x00, 0x03, 0x00, 
    0x00, 0xC7, 0x3E, 0x60, 0x00, 0x00, 0x03, 0x00, 0x00, 0xC7, 0x77, 0x61, 0xFE, 0x3F, 0xC3, 0x00, 
    0x00, 0xC7, 0x77, 0x61, 0xFE, 0x3F, 0xE3, 0x00, 0x00, 0xC7, 0xE3, 0xE1, 0x86, 0x38, 0xE3, 0x00, 
    0x00, 0xC7, 0xC1, 0xE1, 0x86, 0x38, 0xE3, 0x00, 0x00, 0xC7, 0x81, 0xE1, 0x86, 0x38, 0xE3, 0x00, 
    0x00, 0xC3, 0xFF, 0xE1, 0xFE, 0x3F, 0xC3, 0x00, 0x00, 0xFF, 0xFF, 0xFF, 0xFF, 0xFF, 0xFF, 0x00, 
    0x00, 0xFF, 0xFF, 0xFF, 0xFF, 0xFF, 0xFF, 0x00, 0x00, 0xFF, 0xFF, 0xFF, 0xFF, 0xFF, 0xFF, 0x00, 
    0x00, 0xC0, 0x00, 0x00, 0x00, 0x00, 0x03, 0x00, 0x00, 0xC0, 0x00, 0x00, 0x00, 0x00, 0x03, 0x00, 
    0x00, 0xE0, 0x00, 0x00, 0x00, 0x00, 0x07, 0x00, 0x00, 0x7F, 0xFF, 0xFF, 0xFF, 0xFF, 0xFE, 0x00, 
    0x00, 0x3F, 0xFF, 0xFF, 0xFF, 0xFF, 0xFC, 0x00, 0x00, 0x0F, 0xFF, 0xFF, 0xFF, 0xFF, 0xF0, 0x00, 
    0x00, 0x00, 0x00, 0x0C, 0x30, 0x00, 0x00, 0x00, 0x00, 0x00, 0x00, 0x0C, 0x30, 0x00, 0x00, 0x00, 
    0x00, 0x00, 0x00, 0x0C, 0x30, 0x00, 0x00, 0x00, 0x00, 0x00, 0x03, 0xFF, 0xFF, 0xC0, 0x00, 0x00, 
    0x00, 0x00, 0x03, 0xFF, 0xFF, 0xC0, 0x00, 0x00, 0x00, 0x00, 0x00, 0x00, 0x00, 0x00, 0x00, 0x00, 
    0x00, 0x00, 0x00, 0x00, 0x00, 0x00, 0x00, 0x00, 0x00, 0x00, 0x00, 0x00, 0x00, 0x00, 0x00, 0x00, 
    0x00, 0x00, 0x00, 0x00, 0x00, 0x00, 0x00, 0x00, 0x00, 0x00, 0x00, 0x00, 0x00, 0x00, 0x00, 0x00, 
    0x00, 0x00, 0x00, 0x00, 0x00, 0x00, 0x00, 0x00, 0x00, 0x00, 0x00, 0x00, 0x00, 0x00, 0x00, 0x00, 
    0x00, 0x00, 0x00, 0x00, 0x00, 0x00, 0x00, 0x00, 0x00, 0x00, 0x00, 0x00, 0x00, 0x00, 0x00, 0x00, 
    0x00, 0x00, 0x00, 0x00, 0x00, 0x00, 0x00, 0x00, 0x00, 0x00, 0x00, 0x00, 0x00, 0x00, 0x00, 0x00, 
      },
  {
    0x00, 0x00, 0x00, 0x00, 0x00, 0x00, 0x00, 0x00, 0x00, 0x00, 0x00, 0x00, 0x00, 0x00, 0x00, 0x00, 
    0x00, 0x00, 0x00, 0x00, 0x00, 0x00, 0x00, 0x00, 0x00, 0x00, 0x00, 0x00, 0x00, 0x00, 0x00, 0x00, 
    0x00, 0x00, 0x00, 0x00, 0x00, 0x00, 0x00, 0x00, 0x00, 0x00, 0x00, 0x00, 0x00, 0x00, 0x00, 0x00, 
    0x00, 0x00, 0x00, 0x00, 0x00, 0x00, 0x00, 0x00, 0x00, 0x00, 0x00, 0x00, 0x00, 0x00, 0x00, 0x00, 
    0x00, 0x00, 0x00, 0x00, 0x00, 0x00, 0x00, 0x00, 0x00, 0x00, 0x00, 0x00, 0x00, 0x00, 0x00, 0x00, 
    0x00, 0x00, 0x00, 0x00, 0x00, 0x00, 0x00, 0x00, 0x00, 0x3F, 0xFF, 0xFF, 0xFF, 0xFF, 0xFC, 0x00, 
    0x00, 0x7F, 0xFF, 0xFF, 0xFF, 0xFF, 0xFE, 0x00, 0x00, 0xE7, 0x18, 0x60, 0x00, 0x00, 0x67, 0x00, 
    0x00, 0xC7, 0xFC, 0x7F, 0xFF, 0xFF, 0xE3, 0x00, 0x00, 0xC7, 0xF8, 0x7F, 0xFF, 0xFF, 0xE3, 0x00, 
    0x00, 0xC1, 0xF0, 0x3F, 0xFF, 0xFF, 0xC3, 0x00, 0x00, 0xC0, 0x00, 0x00, 0x00, 0x00, 0x03, 0x00, 
    0x00, 0xC0, 0x00, 0x00, 0x00, 0x00, 0x03, 0x00, 0x00, 0xC0, 0x00, 0x00, 0x00, 0x00, 0x03, 0x00, 
    0x00, 0xC3, 0xFF, 0xE0, 0xFF, 0xFF, 0xC3, 0x00, 0x00, 0xC7, 0xFF, 0xE1, 0xFF, 0xFF, 0xE3, 0x00, 
    0x00, 0xC7, 0xFF, 0xE1, 0xFF, 0xFF, 0xE3, 0x00, 0x00, 0xC7, 0x80, 0xE1, 0x80, 0x00, 0xE3, 0x00, 
    0x00, 0xC7, 0xC1, 0xE1, 0x80, 0x00, 0xE3, 0x00, 0x00, 0xC7, 0xE3, 0xE1, 0x80, 0x00, 0xE3, 0x00, 
    0x00, 0xC7, 0x67, 0x61, 0xFF, 0xFF, 0xE3, 0x00, 0x00, 0xC7, 0x77, 0x61, 0xFF, 0xFF, 0xC3, 0x00, 
    0x00, 0xC7, 0x3E, 0x60, 0xFF, 0xFF, 0x83, 0x00, 0x00, 0xC7, 0x1C, 0x60, 0x00, 0x00, 0x03, 0x00, 
    0x00, 0xC7, 0x1C, 0x60, 0x00, 0x00, 0x03, 0x00, 0x00, 0xC7, 0x3E, 0x60, 0x00, 0x00, 0x03, 0x00, 
    0x00, 0xC7, 0x7E, 0x61, 0xFE, 0x1F, 0xC3, 0x00, 0x00, 0xC7, 0x77, 0x61, 0xFE, 0x3F, 0xE3, 0x00, 
    0x00, 0xC7, 0xE3, 0xE1, 0x8E, 0x38, 0xE3, 0x00, 0x00, 0xC7, 0xC1, 0xE1, 0x86, 0x38, 0xE3, 0x00, 
    0x00, 0xC7, 0xC1, 0xE1, 0x86, 0x38, 0xE3, 0x00, 0x00, 0xC7, 0x80, 0xE1, 0x8E, 0x38, 0xE3, 0x00, 
    0x00, 0xC3, 0xFF, 0xE1, 0xFE, 0x3F, 0xC3, 0x00, 0x00, 0xFF, 0xFF, 0xFF, 0xFF, 0xFF, 0xFF, 0x00, 
    0x00, 0xFF, 0xFF, 0xFF, 0xFF, 0xFF, 0xFF, 0x00, 0x00, 0xFF, 0xFF, 0xFF, 0xFF, 0xFF, 0xFF, 0x00, 
    0x00, 0xC0, 0x00, 0x00, 0x00, 0x00, 0x03, 0x00, 0x00, 0xC0, 0x00, 0x00, 0x00, 0x00, 0x03, 0x00, 
    0x00, 0xE0, 0x00, 0x00, 0x00, 0x00, 0x07, 0x00, 0x00, 0x7F, 0xFF, 0xFF, 0xFF, 0xFF, 0xFE, 0x00, 
    0x00, 0x3F, 0xFF, 0xFF, 0xFF, 0xFF, 0xFC, 0x00, 0x00, 0x0F, 0xFF, 0xFF, 0xFF, 0xFF, 0xF0, 0x00, 
    0x00, 0x00, 0x00, 0x0C, 0x30, 0x00, 0x00, 0x00, 0x00, 0x00, 0x00, 0x0C, 0x30, 0x00, 0x00, 0x00, 
    0x00, 0x00, 0x00, 0x0C, 0x30, 0x00, 0x00, 0x00, 0x00, 0x00, 0x03, 0xFF, 0xFF, 0xC0, 0x00, 0x00, 
    0x00, 0x00, 0x03, 0xFF, 0xFF, 0xC0, 0x00, 0x00, 0x00, 0x00, 0x00, 0x00, 0x00, 0x00, 0x00, 0x00, 
    0x00, 0x00, 0x00, 0x00, 0x00, 0x00, 0x00, 0x00, 0x00, 0x00, 0x00, 0x00, 0x00, 0x00, 0x00, 0x00, 
    0x00, 0x00, 0x00, 0x00, 0x00, 0x00, 0x00, 0x00, 0x00, 0x00, 0x00, 0x00, 0x00, 0x00, 0x00, 0x00, 
    0x00, 0x00, 0x00, 0x00, 0x00, 0x00, 0x00, 0x00, 0x00, 0x00, 0x00, 0x00, 0x00, 0x00, 0x00, 0x00, 
    0x00, 0x00, 0x00, 0x00, 0x00, 0x00, 0x00, 0x00, 0x00, 0x00, 0x00, 0x00, 0x00, 0x00, 0x00, 0x00, 
    0x00, 0x00, 0x00, 0x00, 0x00, 0x00, 0x00, 0x00, 0x00, 0x00, 0x00, 0x00, 0x00, 0x00, 0x00, 0x00, 
      },
  {
    0x00, 0x00, 0x00, 0x00, 0x00, 0x00, 0x00, 0x00, 0x00, 0x00, 0x00, 0x00, 0x00, 0x00, 0x00, 0x00, 
    0x00, 0x00, 0x00, 0x00, 0x00, 0x00, 0x00, 0x00, 0x00, 0x00, 0x00, 0x00, 0x00, 0x00, 0x00, 0x00, 
    0x00, 0x00, 0x00, 0x00, 0x00, 0x00, 0x00, 0x00, 0x00, 0x00, 0x00, 0x00, 0x00, 0x00, 0x00, 0x00, 
    0x00, 0x00, 0x00, 0x00, 0x00, 0x00, 0x00, 0x00, 0x00, 0x00, 0x00, 0x00, 0x00, 0x00, 0x00, 0x00, 
    0x00, 0x00, 0x00, 0x00, 0x00, 0x00, 0x00, 0x00, 0x00, 0x00, 0x00, 0x00, 0x00, 0x00, 0x00, 0x00, 
    0x00, 0x00, 0x00, 0x00, 0x00, 0x00, 0x00, 0x00, 0x00, 0x3F, 0xFF, 0xFF, 0xFF, 0xFF, 0xFC, 0x00, 
    0x00, 0x7F, 0xFF, 0xFF, 0xFF, 0xFF, 0xFE, 0x00, 0x00, 0xE7, 0x58, 0x70, 0x00, 0x00, 0xE7, 0x00, 
    0x00, 0xC7, 0xFC, 0x7F, 0xFF, 0xFF, 0xE3, 0x00, 0x00, 0xC3, 0xF8, 0x7F, 0xFF, 0xFF, 0xE3, 0x00, 
    0x00, 0xC0, 0x00, 0x00, 0x00, 0x00, 0x03, 0x00, 0x00, 0xC0, 0x00, 0x00, 0x00, 0x00, 0x03, 0x00, 
    0x00, 0xC0, 0x00, 0x00, 0x00, 0x00, 0x03, 0x00, 0x00, 0xC0, 0x00, 0x00, 0x00, 0x00, 0x03, 0x00, 
    0x00, 0xC3, 0xFF, 0xE1, 0xFF, 0xFF, 0xC3, 0x00, 0x00, 0xC7, 0xFF, 0xE1, 0xFF, 0xFF, 0xE3, 0x00, 
    0x00, 0xC7, 0x80, 0xE1, 0x80, 0x00, 0xE3, 0x00, 0x00, 0xC7, 0xC1, 0xE1, 0x80, 0x00, 0xE3, 0x00, 
    0x00, 0xC7, 0xC3, 0xE1, 0x80, 0x00, 0xE3, 0x00, 0x00, 0xC7, 0xE3, 0xE1, 0xFF, 0xFF, 0xE3, 0x00, 
    0x00, 0xC7, 0x77, 0x61, 0xFF, 0xFF, 0xE3, 0x00, 0x00, 0xC7, 0x3E, 0x61, 0xFF, 0xFF, 0xC3, 0x00, 
    0x00, 0xC7, 0x3E, 0x60, 0x00, 0x00, 0x03, 0x00, 0x00, 0xC7, 0x1C, 0x60, 0x00, 0x00, 0x03, 0x00, 
    0x00, 0xC7, 0x3C, 0x60, 0x00, 0x00, 0x03, 0x00, 0x00, 0xC7, 0x3E, 0x61, 0xFC, 0x1F, 0xC3, 0x00, 
    0x00, 0xC7, 0x77, 0x61, 0xFE, 0x3F, 0xE3, 0x00, 0x00, 0xC7, 0xE3, 0x61, 0xFE, 0x3F, 0xE3, 0x00, 
    0x00, 0xC7, 0xE3, 0xE1, 0x86, 0x38, 0xE3, 0x00, 0x00, 0xC7, 0xC1, 0xE1, 0x86, 0x38, 0xE3, 0x00, 
    0x00, 0xC7, 0x80, 0xE1, 0x86, 0x38, 0xE3, 0x00, 0x00, 0xC7, 0xFF, 0xE1, 0xFE, 0x3F, 0xE3, 0x00, 
    0x00, 0xC3, 0xFF, 0xE1, 0xFE, 0x1F, 0xC3, 0x00, 0x00, 0xFF, 0xFF, 0xFF, 0xFF, 0xFF, 0xFF, 0x00, 
    0x00, 0xFF, 0xFF, 0xFF, 0xFF, 0xFF, 0xFF, 0x00, 0x00, 0xFF, 0xFF, 0xFF, 0xFF, 0xFF, 0xFF, 0x00, 
    0x00, 0xC0, 0x00, 0x00, 0x00, 0x00, 0x03, 0x00, 0x00, 0xC0, 0x00, 0x00, 0x00, 0x00, 0x03, 0x00, 
    0x00, 0xE0, 0x00, 0x00, 0x00, 0x00, 0x07, 0x00, 0x00, 0x7F, 0xFF, 0xFF, 0xFF, 0xFF, 0xFE, 0x00, 
    0x00, 0x3F, 0xFF, 0xFF, 0xFF, 0xFF, 0xFC, 0x00, 0x00, 0x0F, 0xFF, 0xFF, 0xFF, 0xFF, 0xF0, 0x00, 
    0x00, 0x00, 0x00, 0x0C, 0x30, 0x00, 0x00, 0x00, 0x00, 0x00, 0x00, 0x0C, 0x30, 0x00, 0x00, 0x00, 
    0x00, 0x00, 0x00, 0x0C, 0x30, 0x00, 0x00, 0x00, 0x00, 0x00, 0x03, 0xFF, 0xFF, 0xC0, 0x00, 0x00, 
    0x00, 0x00, 0x03, 0xFF, 0xFF, 0xC0, 0x00, 0x00, 0x00, 0x00, 0x00, 0x00, 0x00, 0x00, 0x00, 0x00, 
    0x00, 0x00, 0x00, 0x00, 0x00, 0x00, 0x00, 0x00, 0x00, 0x00, 0x00, 0x00, 0x00, 0x00, 0x00, 0x00, 
    0x00, 0x00, 0x00, 0x00, 0x00, 0x00, 0x00, 0x00, 0x00, 0x00, 0x00, 0x00, 0x00, 0x00, 0x00, 0x00, 
    0x00, 0x00, 0x00, 0x00, 0x00, 0x00, 0x00, 0x00, 0x00, 0x00, 0x00, 0x00, 0x00, 0x00, 0x00, 0x00, 
    0x00, 0x00, 0x00, 0x00, 0x00, 0x00, 0x00, 0x00, 0x00, 0x00, 0x00, 0x00, 0x00, 0x00, 0x00, 0x00, 
    0x00, 0x00, 0x00, 0x00, 0x00, 0x00, 0x00, 0x00, 0x00, 0x00, 0x00, 0x00, 0x00, 0x00, 0x00, 0x00, 
      },
  {
    0x00, 0x00, 0x00, 0x00, 0x00, 0x00, 0x00, 0x00, 0x00, 0x00, 0x00, 0x00, 0x00, 0x00, 0x00, 0x00, 
    0x00, 0x00, 0x00, 0x00, 0x00, 0x00, 0x00, 0x00, 0x00, 0x00, 0x00, 0x00, 0x00, 0x00, 0x00, 0x00, 
    0x00, 0x00, 0x00, 0x00, 0x00, 0x00, 0x00, 0x00, 0x00, 0x00, 0x00, 0x00, 0x00, 0x00, 0x00, 0x00, 
    0x00, 0x00, 0x00, 0x00, 0x00, 0x00, 0x00, 0x00, 0x00, 0x00, 0x00, 0x00, 0x00, 0x00, 0x00, 0x00, 
    0x00, 0x00, 0x00, 0x00, 0x00, 0x00, 0x00, 0x00, 0x00, 0x00, 0x00, 0x00, 0x00, 0x00, 0x00, 0x00, 
    0x00, 0x00, 0x00, 0x00, 0x00, 0x00, 0x00, 0x00, 0x00, 0x3F, 0xFF, 0xFF, 0xFF, 0xFF, 0xFC, 0x00, 
    0x00, 0x7F, 0xFF, 0xFF, 0xFF, 0xFF, 0xFE, 0x00, 0x00, 0xE7, 0xFC, 0x7F, 0xFF, 0xFF, 0xE7, 0x00, 
    0x00, 0xC3, 0xF8, 0x7F, 0xFF, 0xFF, 0xE3, 0x00, 0x00, 0xC0, 0x00, 0x00, 0x00, 0x00, 0x03, 0x00, 
    0x00, 0xC0, 0x00, 0x00, 0x00, 0x00, 0x03, 0x00, 0x00, 0xC0, 0x00, 0x00, 0x00, 0x00, 0x03, 0x00, 
    0x00, 0xC0, 0x00, 0x00, 0x00, 0x00, 0x03, 0x00, 0x00, 0xC3, 0xFF, 0xE1, 0xFF, 0xFF, 0xC3, 0x00, 
    0x00, 0xC7, 0xFF, 0xE1, 0xFF, 0xFF, 0xE3, 0x00, 0x00, 0xC7, 0xFF, 0xE1, 0xFF, 0xFF, 0xE3, 0x00, 
    0x00, 0xC7, 0x81, 0xE1, 0x80, 0x00, 0xE3, 0x00, 0x00, 0xC7, 0xC1, 0xE1, 0x80, 0x00, 0xE3, 0x00, 
    0x00, 0xC7, 0xE3, 0xE1, 0x80, 0x00, 0xE3, 0x00, 0x00, 0xC7, 0x77, 0x61, 0xFF, 0xFF, 0xE3, 0x00, 
    0x00, 0xC7, 0x77, 0x61, 0xFF, 0xFF, 0xC3, 0x00, 0x00, 0xC7, 0x3E, 0x60, 0x00, 0x00, 0x03, 0x00, 
    0x00, 0xC7, 0x1C, 0x60, 0x00, 0x00, 0x03, 0x00, 0x00, 0xC7, 0x1C, 0x60, 0x00, 0x00, 0x03, 0x00, 
    0x00, 0xC7, 0x3E, 0x60, 0x00, 0x00, 0x03, 0x00, 0x00, 0xC7, 0x77, 0x61, 0xFE, 0x1F, 0xC3, 0x00, 
    0x00, 0xC7, 0x77, 0x61, 0xFE, 0x3F, 0xE3, 0x00, 0x00, 0xC7, 0xE3, 0xE1, 0x86, 0x38, 0xE3, 0x00, 
    0x00, 0xC7, 0xC1, 0xE1, 0x86, 0x38, 0xE3, 0x00, 0x00, 0xC7, 0x81, 0xE1, 0x86, 0x38, 0xE3, 0x00, 
    0x00, 0xC7, 0xFF, 0xE1, 0xFE, 0x3F, 0xE3, 0x00, 0x00, 0xC7, 0xFF, 0xE1, 0xFE, 0x3F, 0xE3, 0x00, 
    0x00, 0xC3, 0xFF, 0xE1, 0xFC, 0x1F, 0xC3, 0x00, 0x00, 0xF8, 0x00, 0x0E, 0x01, 0xC0, 0x1F, 0x00, 
    0x00, 0xFF, 0xFF, 0xFF, 0xFF, 0xFF, 0xFF, 0x00, 0x00, 0xFF, 0xFF, 0xFF, 0xFF, 0xFF, 0xFF, 0x00, 
    0x00, 0xC0, 0x00, 0x00, 0x00, 0x00, 0x03, 0x00, 0x00, 0xC0, 0x00, 0x00, 0x00, 0x00, 0x03, 0x00, 
    0x00, 0xE0, 0x00, 0x00, 0x00, 0x00, 0x07, 0x00, 0x00, 0x7F, 0xFF, 0xFF, 0xFF, 0xFF, 0xFE, 0x00, 
    0x00, 0x3F, 0xFF, 0xFF, 0xFF, 0xFF, 0xFC, 0x00, 0x00, 0x0F, 0xFF, 0xFF, 0xFF, 0xFF, 0xF0, 0x00, 
    0x00, 0x00, 0x00, 0x0C, 0x30, 0x00, 0x00, 0x00, 0x00, 0x00, 0x00, 0x0C, 0x30, 0x00, 0x00, 0x00, 
    0x00, 0x00, 0x00, 0x0C, 0x30, 0x00, 0x00, 0x00, 0x00, 0x00, 0x03, 0xFF, 0xFF, 0xC0, 0x00, 0x00, 
    0x00, 0x00, 0x03, 0xFF, 0xFF, 0xC0, 0x00, 0x00, 0x00, 0x00, 0x00, 0x00, 0x00, 0x00, 0x00, 0x00, 
    0x00, 0x00, 0x00, 0x00, 0x00, 0x00, 0x00, 0x00, 0x00, 0x00, 0x00, 0x00, 0x00, 0x00, 0x00, 0x00, 
    0x00, 0x00, 0x00, 0x00, 0x00, 0x00, 0x00, 0x00, 0x00, 0x00, 0x00, 0x00, 0x00, 0x00, 0x00, 0x00, 
    0x00, 0x00, 0x00, 0x00, 0x00, 0x00, 0x00, 0x00, 0x00, 0x00, 0x00, 0x00, 0x00, 0x00, 0x00, 0x00, 
    0x00, 0x00, 0x00, 0x00, 0x00, 0x00, 0x00, 0x00, 0x00, 0x00, 0x00, 0x00, 0x00, 0x00, 0x00, 0x00, 
    0x00, 0x00, 0x00, 0x00, 0x00, 0x00, 0x00, 0x00, 0x00, 0x00, 0x00, 0x00, 0x00, 0x00, 0x00, 0x00, 
      },
  {
    0x00, 0x00, 0x00, 0x00, 0x00, 0x00, 0x00, 0x00, 0x00, 0x00, 0x00, 0x00, 0x00, 0x00, 0x00, 0x00, 
    0x00, 0x00, 0x00, 0x00, 0x00, 0x00, 0x00, 0x00, 0x00, 0x00, 0x00, 0x00, 0x00, 0x00, 0x00, 0x00, 
    0x00, 0x00, 0x00, 0x00, 0x00, 0x00, 0x00, 0x00, 0x00, 0x00, 0x00, 0x00, 0x00, 0x00, 0x00, 0x00, 
    0x00, 0x00, 0x00, 0x00, 0x00, 0x00, 0x00, 0x00, 0x00, 0x00, 0x00, 0x00, 0x00, 0x00, 0x00, 0x00, 
    0x00, 0x00, 0x00, 0x00, 0x00, 0x00, 0x00, 0x00, 0x00, 0x00, 0x00, 0x00, 0x00, 0x00, 0x00, 0x00, 
    0x00, 0x00, 0x00, 0x00, 0x00, 0x00, 0x00, 0x00, 0x00, 0x3F, 0xFF, 0xFF, 0xFF, 0xFF, 0xFC, 0x00, 
    0x00, 0x7F, 0xFF, 0xFF, 0xFF, 0xFF, 0xFE, 0x00, 0x00, 0xE7, 0xFC, 0x7F, 0xFF, 0xFF, 0xE7, 0x00, 
    0x00, 0xC3, 0xF8, 0x7F, 0xFF, 0xFF, 0xC3, 0x00, 0x00, 0xC0, 0x00, 0x00, 0x00, 0x00, 0x03, 0x00, 
    0x00, 0xC0, 0x00, 0x00, 0x00, 0x00, 0x03, 0x00, 0x00, 0xC0, 0x00, 0x00, 0x00, 0x00, 0x03, 0x00, 
    0x00, 0xC0, 0x00, 0x00, 0x00, 0x00, 0x03, 0x00, 0x00, 0xC3, 0xFF, 0xE1, 0xFF, 0xFF, 0xC3, 0x00, 
    0x00, 0xC7, 0xFF, 0xE1, 0xFF, 0xFF, 0xE3, 0x00, 0x00, 0xC7, 0x80, 0xE1, 0x80, 0x00, 0xE3, 0x00, 
    0x00, 0xC7, 0xC1, 0xE1, 0x80, 0x00, 0xE3, 0x00, 0x00, 0xC7, 0xE3, 0xE1, 0x80, 0x00, 0xE3, 0x00, 
    0x00, 0xC7, 0xE3, 0x61, 0xFF, 0xFF, 0xE3, 0x00, 0x00, 0xC7, 0x77, 0x61, 0xFF, 0xFF, 0xE3, 0x00, 
    0x00, 0xC7, 0x3E, 0x61, 0xFF, 0xFF, 0xC3, 0x00, 0x00, 0xC7, 0x3E, 0x60, 0x00, 0x00, 0x03, 0x00, 
    0x00, 0xC7, 0x1C, 0x60, 0x00, 0x00, 0x03, 0x00, 0x00, 0xC7, 0x3E, 0x60, 0x00, 0x00, 0x03, 0x00, 
    0x00, 0xC7, 0x3E, 0x61, 0xFC, 0x1F, 0xC3, 0x00, 0x00, 0xC7, 0x77, 0x61, 0xFE, 0x3F, 0xE3, 0x00, 
    0x00, 0xC7, 0xE3, 0x61, 0xFE, 0x3F, 0xE3, 0x00, 0x00, 0xC7, 0xE3, 0xE1, 0x86, 0x38, 0xE3, 0x00, 
    0x00, 0xC7, 0xC1, 0xE1, 0x86, 0x38, 0xE3, 0x00, 0x00, 0xC7, 0x80, 0xE1, 0x86, 0x38, 0xE3, 0x00, 
    0x00, 0xC7, 0xFF, 0xE1, 0xFE, 0x3F, 0xE3, 0x00, 0x00, 0xC3, 0xFF, 0xE1, 0xFE, 0x3F, 0xC3, 0x00, 
    0x00, 0xC0, 0x00, 0x00, 0x00, 0x00, 0x03, 0x00, 0x00, 0xFC, 0x00, 0x1E, 0x01, 0xE0, 0x3F, 0x00, 
    0x00, 0xFF, 0xFF, 0xFF, 0xFF, 0xFF, 0xFF, 0x00, 0x00, 0xFF, 0xFF, 0xFF, 0xFF, 0xFF, 0xFF, 0x00, 
    0x00, 0xC0, 0x00, 0x00, 0x00, 0x00, 0x03, 0x00, 0x00, 0xC0, 0x00, 0x00, 0x00, 0x00, 0x03, 0x00, 
    0x00, 0xE0, 0x00, 0x00, 0x00, 0x00, 0x07, 0x00, 0x00, 0x7F, 0xFF, 0xFF, 0xFF, 0xFF, 0xFE, 0x00, 
    0x00, 0x3F, 0xFF, 0xFF, 0xFF, 0xFF, 0xFC, 0x00, 0x00, 0x0F, 0xFF, 0xFF, 0xFF, 0xFF, 0xF0, 0x00, 
    0x00, 0x00, 0x00, 0x0C, 0x30, 0x00, 0x00, 0x00, 0x00, 0x00, 0x00, 0x0C, 0x30, 0x00, 0x00, 0x00, 
    0x00, 0x00, 0x00, 0x0C, 0x30, 0x00, 0x00, 0x00, 0x00, 0x00, 0x03, 0xFF, 0xFF, 0xC0, 0x00, 0x00, 
    0x00, 0x00, 0x03, 0xFF, 0xFF, 0xC0, 0x00, 0x00, 0x00, 0x00, 0x00, 0x00, 0x00, 0x00, 0x00, 0x00, 
    0x00, 0x00, 0x00, 0x00, 0x00, 0x00, 0x00, 0x00, 0x00, 0x00, 0x00, 0x00, 0x00, 0x00, 0x00, 0x00, 
    0x00, 0x00, 0x00, 0x00, 0x00, 0x00, 0x00, 0x00, 0x00, 0x00, 0x00, 0x00, 0x00, 0x00, 0x00, 0x00, 
    0x00, 0x00, 0x00, 0x00, 0x00, 0x00, 0x00, 0x00, 0x00, 0x00, 0x00, 0x00, 0x00, 0x00, 0x00, 0x00, 
    0x00, 0x00, 0x00, 0x00, 0x00, 0x00, 0x00, 0x00, 0x00, 0x00, 0x00, 0x00, 0x00, 0x00, 0x00, 0x00, 
    0x00, 0x00, 0x00, 0x00, 0x00, 0x00, 0x00, 0x00, 0x00, 0x00, 0x00, 0x00, 0x00, 0x00, 0x00, 0x00, 
      },
  {
    0x00, 0x00, 0x00, 0x00, 0x00, 0x00, 0x00, 0x00, 0x00, 0x00, 0x00, 0x00, 0x00, 0x00, 0x00, 0x00, 
    0x00, 0x00, 0x00, 0x00, 0x00, 0x00, 0x00, 0x00, 0x00, 0x00, 0x00, 0x00, 0x00, 0x00, 0x00, 0x00, 
    0x00, 0x00, 0x00, 0x00, 0x00, 0x00, 0x00, 0x00, 0x00, 0x00, 0x00, 0x00, 0x00, 0x00, 0x00, 0x00, 
    0x00, 0x00, 0x00, 0x00, 0x00, 0x00, 0x00, 0x00, 0x00, 0x00, 0x00, 0x00, 0x00, 0x00, 0x00, 0x00, 
    0x00, 0x00, 0x00, 0x00, 0x00, 0x00, 0x00, 0x00, 0x00, 0x00, 0x00, 0x00, 0x00, 0x00, 0x00, 0x00, 
    0x00, 0x00, 0x00, 0x00, 0x00, 0x00, 0x00, 0x00, 0x00, 0x3F, 0xFF, 0xFF, 0xFF, 0xFF, 0xFC, 0x00, 
    0x00, 0x7F, 0xFF, 0xFF, 0xFF, 0xFF, 0xFE, 0x00, 0x00, 0xE3, 0xF8, 0x7F, 0xFF, 0xFF, 0xE7, 0x00, 
    0x00, 0xC0, 0x00, 0x00, 0x00, 0x00, 0x03, 0x00, 0x00, 0xC0, 0x00, 0x00, 0x00, 0x00, 0x03, 0x00, 
    0x00, 0xC0, 0x00, 0x00, 0x00, 0x00, 0x03, 0x00, 0x00, 0xC0, 0x00, 0x00, 0x00, 0x00, 0x03, 0x00, 
    0x00, 0xC3, 0xFF, 0xE1, 0xFF, 0xFF, 0xC3, 0x00, 0x00, 0xC7, 0xFF, 0xE1, 0xFF, 0xFF, 0xE3, 0x00, 
    0x00, 0xC7, 0xFF, 0xE1, 0xFF, 0xFF, 0xE3, 0x00, 0x00, 0xC7, 0x81, 0xE1, 0x80, 0x00, 0xE3, 0x00, 
    0x00, 0xC7, 0xC1, 0xE1, 0x80, 0x00, 0xE3, 0x00, 0x00, 0xC7, 0xE3, 0xE1, 0x80, 0x00, 0xE3, 0x00, 
    0x00, 0xC7, 0x77, 0x61, 0xFF, 0xFF, 0xE3, 0x00, 0x00, 0xC7, 0x77, 0x61, 0xFF, 0xFF, 0xC3, 0x00, 
    0x00, 0xC7, 0x3E, 0x60, 0x00, 0x00, 0x03, 0x00, 0x00, 0xC7, 0x1C, 0x60, 0x00, 0x00, 0x03, 0x00, 
    0x00, 0xC7, 0x1C, 0x60, 0x00, 0x00, 0x03, 0x00, 0x00, 0xC7, 0x3E, 0x60, 0x00, 0x00, 0x03, 0x00, 
    0x00, 0xC7, 0x7E, 0x61, 0xFE, 0x1F, 0xC3, 0x00, 0x00, 0xC7, 0x77, 0x61, 0xFE, 0x3F, 0xE3, 0x00, 
    0x00, 0xC7, 0xE3, 0xE1, 0x86, 0x38, 0xE3, 0x00, 0x00, 0xC7, 0xC1, 0xE1, 0x86, 0x38, 0xE3, 0x00, 
    0x00, 0xC7, 0x81, 0xE1, 0x86, 0x38, 0xE3, 0x00, 0x00, 0xC7, 0x80, 0xE1, 0xCE, 0x38, 0xE3, 0x00, 
    0x00, 0xC7, 0xFF, 0xE1, 0xFE, 0x3F, 0xE3, 0x00, 0x00, 0xC3, 0xFF, 0xE1, 0xFE, 0x1F, 0xC3, 0x00, 
    0x00, 0xC0, 0x00, 0x00, 0x00, 0x00, 0x03, 0x00, 0x00, 0xFF, 0xFF, 0xFF, 0xFF, 0xFF, 0xFF, 0x00, 
    0x00, 0xFF, 0xFF, 0xFF, 0xFF, 0xFF, 0xFF, 0x00, 0x00, 0xFF, 0xFF, 0xFF, 0xFF, 0xFF, 0xFF, 0x00, 
    0x00, 0xC0, 0x00, 0x00, 0x00, 0x00, 0x03, 0x00, 0x00, 0xC0, 0x00, 0x00, 0x00, 0x00, 0x03, 0x00, 
    0x00, 0xE0, 0x00, 0x00, 0x00, 0x00, 0x07, 0x00, 0x00, 0x7F, 0xFF, 0xFF, 0xFF, 0xFF, 0xFE, 0x00, 
    0x00, 0x3F, 0xFF, 0xFF, 0xFF, 0xFF, 0xFC, 0x00, 0x00, 0x0F, 0xFF, 0xFF, 0xFF, 0xFF, 0xF0, 0x00, 
    0x00, 0x00, 0x00, 0x0C, 0x30, 0x00, 0x00, 0x00, 0x00, 0x00, 0x00, 0x0C, 0x30, 0x00, 0x00, 0x00, 
    0x00, 0x00, 0x00, 0x0C, 0x30, 0x00, 0x00, 0x00, 0x00, 0x00, 0x03, 0xFF, 0xFF, 0xC0, 0x00, 0x00, 
    0x00, 0x00, 0x03, 0xFF, 0xFF, 0xC0, 0x00, 0x00, 0x00, 0x00, 0x00, 0x00, 0x00, 0x00, 0x00, 0x00, 
    0x00, 0x00, 0x00, 0x00, 0x00, 0x00, 0x00, 0x00, 0x00, 0x00, 0x00, 0x00, 0x00, 0x00, 0x00, 0x00, 
    0x00, 0x00, 0x00, 0x00, 0x00, 0x00, 0x00, 0x00, 0x00, 0x00, 0x00, 0x00, 0x00, 0x00, 0x00, 0x00, 
    0x00, 0x00, 0x00, 0x00, 0x00, 0x00, 0x00, 0x00, 0x00, 0x00, 0x00, 0x00, 0x00, 0x00, 0x00, 0x00, 
    0x00, 0x00, 0x00, 0x00, 0x00, 0x00, 0x00, 0x00, 0x00, 0x00, 0x00, 0x00, 0x00, 0x00, 0x00, 0x00, 
    0x00, 0x00, 0x00, 0x00, 0x00, 0x00, 0x00, 0x00, 0x00, 0x00, 0x00, 0x00, 0x00, 0x00, 0x00, 0x00, 
      },
  {
    0x00, 0x00, 0x00, 0x00, 0x00, 0x00, 0x00, 0x00, 0x00, 0x00, 0x00, 0x00, 0x00, 0x00, 0x00, 0x00, 
    0x00, 0x00, 0x00, 0x00, 0x00, 0x00, 0x00, 0x00, 0x00, 0x00, 0x00, 0x00, 0x00, 0x00, 0x00, 0x00, 
    0x00, 0x00, 0x00, 0x00, 0x00, 0x00, 0x00, 0x00, 0x00, 0x00, 0x00, 0x00, 0x00, 0x00, 0x00, 0x00, 
    0x00, 0x00, 0x00, 0x00, 0x00, 0x00, 0x00, 0x00, 0x00, 0x00, 0x00, 0x00, 0x00, 0x00, 0x00, 0x00, 
    0x00, 0x00, 0x00, 0x00, 0x00, 0x00, 0x00, 0x00, 0x00, 0x00, 0x00, 0x00, 0x00, 0x00, 0x00, 0x00, 
    0x00, 0x00, 0x00, 0x00, 0x00, 0x00, 0x00, 0x00, 0x00, 0x3F, 0xFF, 0xFF, 0xFF, 0xFF, 0xFC, 0x00, 
    0x00, 0x7F, 0xFF, 0xFF, 0xFF, 0xFF, 0xFE, 0x00, 0x00, 0xE3, 0xF8, 0x7F, 0xFF, 0xFF, 0xE7, 0x00, 
    0x00, 0xC0, 0x00, 0x00, 0x00, 0x00, 0x03, 0x00, 0x00, 0xC0, 0x00, 0x00, 0x00, 0x00, 0x03, 0x00, 
    0x00, 0xC0, 0x00, 0x00, 0x00, 0x00, 0x03, 0x00, 0x00, 0xC0, 0x00, 0x00, 0x00, 0x00, 0x03, 0x00, 
    0x00, 0xC3, 0xFF, 0xE1, 0xFF, 0xFF, 0xC3, 0x00, 0x00, 0xC7, 0xFF, 0xE1, 0xFF, 0xFF, 0xE3, 0x00, 
    0x00, 0xC7, 0x80, 0xE1, 0x80, 0x00, 0xE3, 0x00, 0x00, 0xC7, 0xC1, 0xE1, 0x80, 0x00, 0xE3, 0x00, 
    0x00, 0xC7, 0xC3, 0xE1, 0x80, 0x00, 0xE3, 0x00, 0x00, 0xC7, 0xE3, 0xE1, 0xC0, 0x00, 0xE3, 0x00, 
    0x00, 0xC7, 0x77, 0x61, 0xFF, 0xFF, 0xE3, 0x00, 0x00, 0xC7, 0x3E, 0x61, 0xFF, 0xFF, 0xC3, 0x00, 
    0x00, 0xC7, 0x3E, 0x60, 0x00, 0x00, 0x03, 0x00, 0x00, 0xC7, 0x1C, 0x60, 0x00, 0x00, 0x03, 0x00, 
    0x00, 0xC7, 0x3C, 0x60, 0x00, 0x00, 0x03, 0x00, 0x00, 0xC7, 0x3E, 0x60, 0xFC, 0x1F, 0xC3, 0x00, 
    0x00, 0xC7, 0x77, 0x61, 0xFE, 0x3F, 0xC3, 0x00, 0x00, 0xC7, 0x63, 0x61, 0xFE, 0x3F, 0xE3, 0x00, 
    0x00, 0xC7, 0xE3, 0xE1, 0x86, 0x38, 0xE3, 0x00, 0x00, 0xC7, 0xC1, 0xE1, 0x86, 0x38, 0xE3, 0x00, 
    0x00, 0xC7, 0x80, 0xE1, 0x86, 0x38, 0xE3, 0x00, 0x00, 0xC7, 0xFF, 0xE1, 0xFE, 0x3F, 0xE3, 0x00, 
    0x00, 0xC3, 0xFF, 0xE1, 0xFE, 0x3F, 0xC3, 0x00, 0x00, 0xC1, 0xFF, 0xC0, 0xFC, 0x1F, 0x83, 0x00, 
    0x00, 0xC0, 0x00, 0x00, 0x00, 0x00, 0x03, 0x00, 0x00, 0xFF, 0xFF, 0xFF, 0xFF, 0xFF, 0xFF, 0x00, 
    0x00, 0xFF, 0xFF, 0xFF, 0xFF, 0xFF, 0xFF, 0x00, 0x00, 0xFF, 0xFF, 0xFF, 0xFF, 0xFF, 0xFF, 0x00, 
    0x00, 0xC0, 0x00, 0x00, 0x00, 0x00, 0x03, 0x00, 0x00, 0xC0, 0x00, 0x00, 0x00, 0x00, 0x03, 0x00, 
    0x00, 0xE0, 0x00, 0x00, 0x00, 0x00, 0x07, 0x00, 0x00, 0x7F, 0xFF, 0xFF, 0xFF, 0xFF, 0xFE, 0x00, 
    0x00, 0x3F, 0xFF, 0xFF, 0xFF, 0xFF, 0xFC, 0x00, 0x00, 0x0F, 0xFF, 0xFF, 0xFF, 0xFF, 0xF0, 0x00, 
    0x00, 0x00, 0x00, 0x0C, 0x30, 0x00, 0x00, 0x00, 0x00, 0x00, 0x00, 0x0C, 0x30, 0x00, 0x00, 0x00, 
    0x00, 0x00, 0x00, 0x0C, 0x30, 0x00, 0x00, 0x00, 0x00, 0x00, 0x03, 0xFF, 0xFF, 0xC0, 0x00, 0x00, 
    0x00, 0x00, 0x03, 0xFF, 0xFF, 0xC0, 0x00, 0x00, 0x00, 0x00, 0x00, 0x00, 0x00, 0x00, 0x00, 0x00, 
    0x00, 0x00, 0x00, 0x00, 0x00, 0x00, 0x00, 0x00, 0x00, 0x00, 0x00, 0x00, 0x00, 0x00, 0x00, 0x00, 
    0x00, 0x00, 0x00, 0x00, 0x00, 0x00, 0x00, 0x00, 0x00, 0x00, 0x00, 0x00, 0x00, 0x00, 0x00, 0x00, 
    0x00, 0x00, 0x00, 0x00, 0x00, 0x00, 0x00, 0x00, 0x00, 0x00, 0x00, 0x00, 0x00, 0x00, 0x00, 0x00, 
    0x00, 0x00, 0x00, 0x00, 0x00, 0x00, 0x00, 0x00, 0x00, 0x00, 0x00, 0x00, 0x00, 0x00, 0x00, 0x00, 
    0x00, 0x00, 0x00, 0x00, 0x00, 0x00, 0x00, 0x00, 0x00, 0x00, 0x00, 0x00, 0x00, 0x00, 0x00, 0x00, 
      },
  {
    0x00, 0x00, 0x00, 0x00, 0x00, 0x00, 0x00, 0x00, 0x00, 0x00, 0x00, 0x00, 0x00, 0x00, 0x00, 0x00, 
    0x00, 0x00, 0x00, 0x00, 0x00, 0x00, 0x00, 0x00, 0x00, 0x00, 0x00, 0x00, 0x00, 0x00, 0x00, 0x00, 
    0x00, 0x00, 0x00, 0x00, 0x00, 0x00, 0x00, 0x00, 0x00, 0x00, 0x00, 0x00, 0x00, 0x00, 0x00, 0x00, 
    0x00, 0x00, 0x00, 0x00, 0x00, 0x00, 0x00, 0x00, 0x00, 0x00, 0x00, 0x00, 0x00, 0x00, 0x00, 0x00, 
    0x00, 0x00, 0x00, 0x00, 0x00, 0x00, 0x00, 0x00, 0x00, 0x00, 0x00, 0x00, 0x00, 0x00, 0x00, 0x00, 
    0x00, 0x00, 0x00, 0x00, 0x00, 0x00, 0x00, 0x00, 0x00, 0x3F, 0xFF, 0xFF, 0xFF, 0xFF, 0xFC, 0x00, 
    0x00, 0x7F, 0xFF, 0xFF, 0xFF, 0xFF, 0xFE, 0x00, 0x00, 0xE3, 0xF8, 0x3F, 0xFF, 0xFF, 0xC7, 0x00, 
    0x00, 0xC0, 0x00, 0x00, 0x00, 0x00, 0x03, 0x00, 0x00, 0xC0, 0x00, 0x00, 0x00, 0x00, 0x03, 0x00, 
    0x00, 0xC0, 0x00, 0x00, 0x00, 0x00, 0x03, 0x00, 0x00, 0xC1, 0xFF, 0xC0, 0xFF, 0xFF, 0x83, 0x00, 
    0x00, 0xC3, 0xFF, 0xE1, 0xFF, 0xFF, 0xC3, 0x00, 0x00, 0xC7, 0xFF, 0xE1, 0xFF, 0xFF, 0xE3, 0x00, 
    0x00, 0xC7, 0x80, 0xE1, 0x80, 0x00, 0xE3, 0x00, 0x00, 0xC7, 0xC1, 0xE1, 0x80, 0x00, 0xE3, 0x00, 
    0x00, 0xC7, 0xE3, 0xE1, 0x80, 0x00, 0xE3, 0x00, 0x00, 0xC7, 0x63, 0x61, 0xFF, 0xFF, 0xE3, 0x00, 
    0x00, 0xC7, 0x77, 0x61, 0xFF, 0xFF, 0xC3, 0x00, 0x00, 0xC7, 0x3E, 0x60, 0xFF, 0xFF, 0xC3, 0x00, 
    0x00, 0xC7, 0x3C, 0x60, 0x00, 0x00, 0x03, 0x00, 0x00, 0xC7, 0x1C, 0x60, 0x00, 0x00, 0x03, 0x00, 
    0x00, 0xC7, 0x3E, 0x60, 0x00, 0x00, 0x03, 0x00, 0x00, 0xC7, 0x3E, 0x61, 0xFE, 0x1F, 0xC3, 0x00, 
    0x00, 0xC7, 0x77, 0x61, 0xFE, 0x3F, 0xE3, 0x00, 0x00, 0xC7, 0xE3, 0xE1, 0xCE, 0x38, 0xE3, 0x00, 
    0x00, 0xC7, 0xC3, 0xE1, 0x86, 0x38, 0xE3, 0x00, 0x00, 0xC7, 0xC1, 0xE1, 0x86, 0x38, 0xE3, 0x00, 
    0x00, 0xC7, 0x80, 0xE1, 0x8E, 0x38, 0xE3, 0x00, 0x00, 0xC7, 0xFF, 0xE1, 0xFE, 0x3F, 0xE3, 0x00, 
    0x00, 0xC3, 0xFF, 0xE1, 0xFE, 0x1F, 0xC3, 0x00, 0x00, 0xC0, 0x00, 0x00, 0x00, 0x00, 0x03, 0x00, 
    0x00, 0xC0, 0x00, 0x00, 0x00, 0x00, 0x03, 0x00, 0x00, 0xFF, 0xFF, 0xFF, 0xFF, 0xFF, 0xFF, 0x00, 
    0x00, 0xFF, 0xFF, 0xFF, 0xFF, 0xFF, 0xFF, 0x00, 0x00, 0xFF, 0xFF, 0xFF, 0xFF, 0xFF, 0xFF, 0x00, 
    0x00, 0xC0, 0x00, 0x00, 0x00, 0x00, 0x03, 0x00, 0x00, 0xC0, 0x00, 0x00, 0x00, 0x00, 0x03, 0x00, 
    0x00, 0xE0, 0x00, 0x00, 0x00, 0x00, 0x07, 0x00, 0x00, 0x7F, 0xFF, 0xFF, 0xFF, 0xFF, 0xFE, 0x00, 
    0x00, 0x3F, 0xFF, 0xFF, 0xFF, 0xFF, 0xFC, 0x00, 0x00, 0x0F, 0xFF, 0xFF, 0xFF, 0xFF, 0xF0, 0x00, 
    0x00, 0x00, 0x00, 0x0C, 0x30, 0x00, 0x00, 0x00, 0x00, 0x00, 0x00, 0x0C, 0x30, 0x00, 0x00, 0x00, 
    0x00, 0x00, 0x00, 0x0C, 0x30, 0x00, 0x00, 0x00, 0x00, 0x00, 0x03, 0xFF, 0xFF, 0xC0, 0x00, 0x00, 
    0x00, 0x00, 0x03, 0xFF, 0xFF, 0xC0, 0x00, 0x00, 0x00, 0x00, 0x00, 0x00, 0x00, 0x00, 0x00, 0x00, 
    0x00, 0x00, 0x00, 0x00, 0x00, 0x00, 0x00, 0x00, 0x00, 0x00, 0x00, 0x00, 0x00, 0x00, 0x00, 0x00, 
    0x00, 0x00, 0x00, 0x00, 0x00, 0x00, 0x00, 0x00, 0x00, 0x00, 0x00, 0x00, 0x00, 0x00, 0x00, 0x00, 
    0x00, 0x00, 0x00, 0x00, 0x00, 0x00, 0x00, 0x00, 0x00, 0x00, 0x00, 0x00, 0x00, 0x00, 0x00, 0x00, 
    0x00, 0x00, 0x00, 0x00, 0x00, 0x00, 0x00, 0x00, 0x00, 0x00, 0x00, 0x00, 0x00, 0x00, 0x00, 0x00, 
    0x00, 0x00, 0x00, 0x00, 0x00, 0x00, 0x00, 0x00, 0x00, 0x00, 0x00, 0x00, 0x00, 0x00, 0x00, 0x00, 
      },
  {
    0x00, 0x00, 0x00, 0x00, 0x00, 0x00, 0x00, 0x00, 0x00, 0x00, 0x00, 0x00, 0x00, 0x00, 0x00, 0x00, 
    0x00, 0x00, 0x00, 0x00, 0x00, 0x00, 0x00, 0x00, 0x00, 0x00, 0x00, 0x00, 0x00, 0x00, 0x00, 0x00, 
    0x00, 0x00, 0x00, 0x00, 0x00, 0x00, 0x00, 0x00, 0x00, 0x00, 0x00, 0x00, 0x00, 0x00, 0x00, 0x00, 
    0x00, 0x00, 0x00, 0x00, 0x00, 0x00, 0x00, 0x00, 0x00, 0x00, 0x00, 0x00, 0x00, 0x00, 0x00, 0x00, 
    0x00, 0x00, 0x00, 0x00, 0x00, 0x00, 0x00, 0x00, 0x00, 0x00, 0x00, 0x00, 0x00, 0x00, 0x00, 0x00, 
    0x00, 0x00, 0x00, 0x00, 0x00, 0x00, 0x00, 0x00, 0x00, 0x3F, 0xFF, 0xFF, 0xFF, 0xFF, 0xFC, 0x00, 
    0x00, 0x7F, 0xFF, 0xFF, 0xFF, 0xFF, 0xFE, 0x00, 0x00, 0xE0, 0x00, 0x00, 0x00, 0x00, 0x07, 0x00, 
    0x00, 0xC0, 0x00, 0x00, 0x00, 0x00, 0x03, 0x00, 0x00, 0xC0, 0x00, 0x00, 0x00, 0x00, 0x03, 0x00, 
    0x00, 0xC0, 0x00, 0x00, 0x00, 0x00, 0x03, 0x00, 0x00, 0xC3, 0xFF, 0xE1, 0xFF, 0xFF, 0xC3, 0x00, 
    0x00, 0xC7, 0xFF, 0xE1, 0xFF, 0xFF, 0xE3, 0x00, 0x00, 0xC7, 0xFF, 0xE1, 0xFF, 0xFF, 0xE3, 0x00, 
    0x00, 0xC7, 0x81, 0xE1, 0x80, 0x00, 0xE3, 0x00, 0x00, 0xC7, 0xC1, 0xE1, 0x80, 0x00, 0xE3, 0x00, 
    0x00, 0xC7, 0xE3, 0xE1, 0x80, 0x00, 0xE3, 0x00, 0x00, 0xC7, 0x77, 0x61, 0xFF, 0xFF, 0xE3, 0x00, 
    0x00, 0xC7, 0x77, 0x61, 0xFF, 0xFF, 0xC3, 0x00, 0x00, 0xC7, 0x3E, 0x60, 0x00, 0x00, 0x03, 0x00, 
    0x00, 0xC7, 0x1C, 0x60, 0x00, 0x00, 0x03, 0x00, 0x00, 0xC7, 0x1C, 0x60, 0x00, 0x00, 0x03, 0x00, 
    0x00, 0xC7, 0x3E, 0x60, 0x00, 0x00, 0x03, 0x00, 0x00, 0xC7, 0x7E, 0x61, 0xFE, 0x1F, 0xC3, 0x00, 
    0x00, 0xC7, 0x77, 0x61, 0xFE, 0x3F, 0xE3, 0x00, 0x00, 0xC7, 0xE3, 0xE1, 0x86, 0x38, 0xE3, 0x00, 
    0x00, 0xC7, 0xC1, 0xE1, 0x86, 0x38, 0xE3, 0x00, 0x00, 0xC7, 0x81, 0xE1, 0x86, 0x38, 0xE3, 0x00, 
    0x00, 0xC7, 0x80, 0xE1, 0xCE, 0x38, 0xE3, 0x00, 0x00, 0xC7, 0xFF, 0xE1, 0xFE, 0x3F, 0xE3, 0x00, 
    0x00, 0xC3, 0xFF, 0xE1, 0xFE, 0x1F, 0xC3, 0x00, 0x00, 0xC0, 0x00, 0x00, 0x00, 0x00, 0x03, 0x00, 
    0x00, 0xC0, 0x00, 0x00, 0x00, 0x00, 0x03, 0x00, 0x00, 0xFF, 0xFF, 0xFF, 0xFF, 0xFF, 0xFF, 0x00, 
    0x00, 0xFF, 0xFF, 0xFF, 0xFF, 0xFF, 0xFF, 0x00, 0x00, 0xFF, 0xFF, 0xFF, 0xFF, 0xFF, 0xFF, 0x00, 
    0x00, 0xC0, 0x00, 0x00, 0x00, 0x00, 0x03, 0x00, 0x00, 0xC0, 0x00, 0x00, 0x00, 0x00, 0x03, 0x00, 
    0x00, 0xE0, 0x00, 0x00, 0x00, 0x00, 0x07, 0x00, 0x00, 0x7F, 0xFF, 0xFF, 0xFF, 0xFF, 0xFE, 0x00, 
    0x00, 0x3F, 0xFF, 0xFF, 0xFF, 0xFF, 0xFC, 0x00, 0x00, 0x0F, 0xFF, 0xFF, 0xFF, 0xFF, 0xF0, 0x00, 
    0x00, 0x00, 0x00, 0x0C, 0x30, 0x00, 0x00, 0x00, 0x00, 0x00, 0x00, 0x0C, 0x30, 0x00, 0x00, 0x00, 
    0x00, 0x00, 0x00, 0x0C, 0x30, 0x00, 0x00, 0x00, 0x00, 0x00, 0x03, 0xFF, 0xFF, 0xC0, 0x00, 0x00, 
    0x00, 0x00, 0x03, 0xFF, 0xFF, 0xC0, 0x00, 0x00, 0x00, 0x00, 0x00, 0x00, 0x00, 0x00, 0x00, 0x00, 
    0x00, 0x00, 0x00, 0x00, 0x00, 0x00, 0x00, 0x00, 0x00, 0x00, 0x00, 0x00, 0x00, 0x00, 0x00, 0x00, 
    0x00, 0x00, 0x00, 0x00, 0x00, 0x00, 0x00, 0x00, 0x00, 0x00, 0x00, 0x00, 0x00, 0x00, 0x00, 0x00, 
    0x00, 0x00, 0x00, 0x00, 0x00, 0x00, 0x00, 0x00, 0x00, 0x00, 0x00, 0x00, 0x00, 0x00, 0x00, 0x00, 
    0x00, 0x00, 0x00, 0x00, 0x00, 0x00, 0x00, 0x00, 0x00, 0x00, 0x00, 0x00, 0x00, 0x00, 0x00, 0x00, 
    0x00, 0x00, 0x00, 0x00, 0x00, 0x00, 0x00, 0x00, 0x00, 0x00, 0x00, 0x00, 0x00, 0x00, 0x00, 0x00, 
      },
  {
    0x00, 0x00, 0x00, 0x00, 0x00, 0x00, 0x00, 0x00, 0x00, 0x00, 0x00, 0x00, 0x00, 0x00, 0x00, 0x00, 
    0x00, 0x00, 0x00, 0x00, 0x00, 0x00, 0x00, 0x00, 0x00, 0x00, 0x00, 0x00, 0x00, 0x00, 0x00, 0x00, 
    0x00, 0x00, 0x00, 0x00, 0x00, 0x00, 0x00, 0x00, 0x00, 0x00, 0x00, 0x00, 0x00, 0x00, 0x00, 0x00, 
    0x00, 0x00, 0x00, 0x00, 0x00, 0x00, 0x00, 0x00, 0x00, 0x00, 0x00, 0x00, 0x00, 0x00, 0x00, 0x00, 
    0x00, 0x00, 0x00, 0x00, 0x00, 0x00, 0x00, 0x00, 0x00, 0x00, 0x00, 0x00, 0x00, 0x00, 0x00, 0x00, 
    0x00, 0x00, 0x00, 0x00, 0x00, 0x00, 0x00, 0x00, 0x00, 0x3F, 0xFF, 0xFF, 0xFF, 0xFF, 0xFC, 0x00, 
    0x00, 0x7F, 0xFF, 0xFF, 0xFF, 0xFF, 0xFE, 0x00, 0x00, 0xE0, 0x00, 0x00, 0x00, 0x00, 0x07, 0x00, 
    0x00, 0xC0, 0x00, 0x00, 0x00, 0x00, 0x03, 0x00, 0x00, 0xC0, 0x00, 0x00, 0x00, 0x00, 0x03, 0x00, 
    0x00, 0xC0, 0x00, 0x00, 0x00, 0x00, 0x03, 0x00, 0x00, 0xC3, 0xFF, 0xE1, 0xFF, 0xFF, 0xC3, 0x00, 
    0x00, 0xC7, 0xFF, 0xE1, 0xFF, 0xFF, 0xE3, 0x00, 0x00, 0xC7, 0x80, 0xE1, 0x80, 0x00, 0xE3, 0x00, 
    0x00, 0xC7, 0xC1, 0xE1, 0x80, 0x00, 0xE3, 0x00, 0x00, 0xC7, 0xC1, 0xE1, 0x80, 0x00, 0xE3, 0x00, 
    0x00, 0xC7, 0xE3, 0xE1, 0x80, 0x00, 0xE3, 0x00, 0x00, 0xC7, 0x77, 0x61, 0xFF, 0xFF, 0xE3, 0x00, 
    0x00, 0xC7, 0x7E, 0x61, 0xFF, 0xFF, 0xC3, 0x00, 0x00, 0xC7, 0x3E, 0x60, 0x00, 0x00, 0x03, 0x00, 
    0x00, 0xC7, 0x1C, 0x60, 0x00, 0x00, 0x03, 0x00, 0x00, 0xC7, 0x1C, 0x60, 0x00, 0x00, 0x03, 0x00, 
    0x00, 0xC7, 0x3E, 0x60, 0x00, 0x00, 0x03, 0x00, 0x00, 0xC7, 0x77, 0x61, 0xFE, 0x3F, 0xC3, 0x00, 
    0x00, 0xC7, 0x67, 0x61, 0xFE, 0x3F, 0xE3, 0x00, 0x00, 0xC7, 0xE3, 0xE1, 0x86, 0x38, 0xE3, 0x00, 
    0x00, 0xC7, 0xC1, 0xE1, 0x86, 0x38, 0xE3, 0x00, 0x00, 0xC7, 0x80, 0xE1, 0x86, 0x38, 0xE3, 0x00, 
    0x00, 0xC7, 0xFF, 0xE1, 0xFE, 0x3F, 0xE3, 0x00, 0x00, 0xC7, 0xFF, 0xE1, 0xFE, 0x3F, 0xE3, 0x00, 
    0x00, 0xC3, 0xFF, 0xE1, 0xFC, 0x1F, 0xC3, 0x00, 0x00, 0xC0, 0x00, 0x00, 0x00, 0x00, 0x03, 0x00, 
    0x00, 0xC0, 0x00, 0x00, 0x00, 0x00, 0x03, 0x00, 0x00, 0xFF, 0xFF, 0xFF, 0xFF, 0xFF, 0xFF, 0x00, 
    0x00, 0xFF, 0xFF, 0xFF, 0xFF, 0xFF, 0xFF, 0x00, 0x00, 0xFF, 0xFF, 0xFF, 0xFF, 0xFF, 0xFF, 0x00, 
    0x00, 0xC0, 0x00, 0x00, 0x00, 0x00, 0x03, 0x00, 0x00, 0xC0, 0x00, 0x00, 0x00, 0x00, 0x03, 0x00, 
    0x00, 0xE0, 0x00, 0x00, 0x00, 0x00, 0x07, 0x00, 0x00, 0x7F, 0xFF, 0xFF, 0xFF, 0xFF, 0xFE, 0x00, 
    0x00, 0x3F, 0xFF, 0xFF, 0xFF, 0xFF, 0xFC, 0x00, 0x00, 0x0F, 0xFF, 0xFF, 0xFF, 0xFF, 0xF0, 0x00, 
    0x00, 0x00, 0x00, 0x0C, 0x30, 0x00, 0x00, 0x00, 0x00, 0x00, 0x00, 0x0C, 0x30, 0x00, 0x00, 0x00, 
    0x00, 0x00, 0x00, 0x0C, 0x30, 0x00, 0x00, 0x00, 0x00, 0x00, 0x03, 0xFF, 0xFF, 0xC0, 0x00, 0x00, 
    0x00, 0x00, 0x03, 0xFF, 0xFF, 0xC0, 0x00, 0x00, 0x00, 0x00, 0x00, 0x00, 0x00, 0x00, 0x00, 0x00, 
    0x00, 0x00, 0x00, 0x00, 0x00, 0x00, 0x00, 0x00, 0x00, 0x00, 0x00, 0x00, 0x00, 0x00, 0x00, 0x00, 
    0x00, 0x00, 0x00, 0x00, 0x00, 0x00, 0x00, 0x00, 0x00, 0x00, 0x00, 0x00, 0x00, 0x00, 0x00, 0x00, 
    0x00, 0x00, 0x00, 0x00, 0x00, 0x00, 0x00, 0x00, 0x00, 0x00, 0x00, 0x00, 0x00, 0x00, 0x00, 0x00, 
    0x00, 0x00, 0x00, 0x00, 0x00, 0x00, 0x00, 0x00, 0x00, 0x00, 0x00, 0x00, 0x00, 0x00, 0x00, 0x00, 
    0x00, 0x00, 0x00, 0x00, 0x00, 0x00, 0x00, 0x00, 0x00, 0x00, 0x00, 0x00, 0x00, 0x00, 0x00, 0x00, 
      },
  {
    0x00, 0x00, 0x00, 0x00, 0x00, 0x00, 0x00, 0x00, 0x00, 0x00, 0x00, 0x00, 0x00, 0x00, 0x00, 0x00, 
    0x00, 0x00, 0x00, 0x00, 0x00, 0x00, 0x00, 0x00, 0x00, 0x00, 0x00, 0x00, 0x00, 0x00, 0x00, 0x00, 
    0x00, 0x00, 0x00, 0x00, 0x00, 0x00, 0x00, 0x00, 0x00, 0x00, 0x00, 0x00, 0x00, 0x00, 0x00, 0x00, 
    0x00, 0x00, 0x00, 0x00, 0x00, 0x00, 0x00, 0x00, 0x00, 0x00, 0x00, 0x00, 0x00, 0x00, 0x00, 0x00, 
    0x00, 0x00, 0x00, 0x00, 0x00, 0x00, 0x00, 0x00, 0x00, 0x00, 0x00, 0x00, 0x00, 0x00, 0x00, 0x00, 
    0x00, 0x00, 0x00, 0x00, 0x00, 0x00, 0x00, 0x00, 0x00, 0x3F, 0xFF, 0xFF, 0xFF, 0xFF, 0xFC, 0x00, 
    0x00, 0x7F, 0xFF, 0xFF, 0xFF, 0xFF, 0xFE, 0x00, 0x00, 0xE0, 0x00, 0x00, 0x00, 0x00, 0x07, 0x00, 
    0x00, 0xC0, 0x00, 0x00, 0x00, 0x00, 0x03, 0x00, 0x00, 0xC0, 0x00, 0x00, 0x00, 0x00, 0x03, 0x00, 
    0x00, 0xC0, 0x00, 0x00, 0x00, 0x00, 0x03, 0x00, 0x00, 0xC3, 0xFF, 0xE1, 0xFF, 0xFF, 0xC3, 0x00, 
    0x00, 0xC7, 0xFF, 0xE1, 0xFF, 0xFF, 0xE3, 0x00, 0x00, 0xC7, 0x80, 0xE1, 0x80, 0x00, 0xE3, 0x00, 
    0x00, 0xC7, 0xC1, 0xE1, 0x80, 0x00, 0xE3, 0x00, 0x00, 0xC7, 0xC3, 0xE1, 0x80, 0x00, 0xE3, 0x00, 
    0x00, 0xC7, 0xE3, 0xE1, 0xC0, 0x00, 0xE3, 0x00, 0x00, 0xC7, 0x77, 0x61, 0xFF, 0xFF, 0xE3, 0x00, 
    0x00, 0xC7, 0x3E, 0x61, 0xFF, 0xFF, 0xC3, 0x00, 0x00, 0xC7, 0x3E, 0x60, 0x00, 0x00, 0x03, 0x00, 
    0x00, 0xC7, 0x1C, 0x60, 0x00, 0x00, 0x03, 0x00, 0x00, 0xC7, 0x3C, 0x60, 0x00, 0x00, 0x03, 0x00, 
    0x00, 0xC7, 0x3E, 0x60, 0xFC, 0x1F, 0xC3, 0x00, 0x00, 0xC7, 0x77, 0x61, 0xFE, 0x3F, 0xC3, 0x00, 
    0x00, 0xC7, 0x63, 0x61, 0xFE, 0x3F, 0xE3, 0x00, 0x00, 0xC7, 0xE3, 0xE1, 0x86, 0x38, 0xE3, 0x00, 
    0x00, 0xC7, 0xC1, 0xE1, 0x86, 0x38, 0xE3, 0x00, 0x00, 0xC7, 0x80, 0xE1, 0x86, 0x38, 0xE3, 0x00, 
    0x00, 0xC7, 0xFF, 0xE1, 0xFE, 0x3F, 0xE3, 0x00, 0x00, 0xC3, 0xFF, 0xE1, 0xFE, 0x3F, 0xC3, 0x00, 
    0x00, 0xC1, 0xFF, 0xC0, 0xFC, 0x0F, 0x83, 0x00, 0x00, 0xC0, 0x00, 0x00, 0x00, 0x00, 0x03, 0x00, 
    0x00, 0xC0, 0x00, 0x00, 0x00, 0x00, 0x03, 0x00, 0x00, 0xFF, 0xFF, 0xFF, 0xFF, 0xFF, 0xFF, 0x00, 
    0x00, 0xFF, 0xFF, 0xFF, 0xFF, 0xFF, 0xFF, 0x00, 0x00, 0xFF, 0xFF, 0xFF, 0xFF, 0xFF, 0xFF, 0x00, 
    0x00, 0xC0, 0x00, 0x00, 0x00, 0x00, 0x03, 0x00, 0x00, 0xC0, 0x00, 0x00, 0x00, 0x00, 0x03, 0x00, 
    0x00, 0xE0, 0x00, 0x00, 0x00, 0x00, 0x07, 0x00, 0x00, 0x7F, 0xFF, 0xFF, 0xFF, 0xFF, 0xFE, 0x00, 
    0x00, 0x3F, 0xFF, 0xFF, 0xFF, 0xFF, 0xFC, 0x00, 0x00, 0x0F, 0xFF, 0xFF, 0xFF, 0xFF, 0xF0, 0x00, 
    0x00, 0x00, 0x00, 0x0C, 0x30, 0x00, 0x00, 0x00, 0x00, 0x00, 0x00, 0x0C, 0x30, 0x00, 0x00, 0x00, 
    0x00, 0x00, 0x00, 0x0C, 0x30, 0x00, 0x00, 0x00, 0x00, 0x00, 0x03, 0xFF, 0xFF, 0xC0, 0x00, 0x00, 
    0x00, 0x00, 0x03, 0xFF, 0xFF, 0xC0, 0x00, 0x00, 0x00, 0x00, 0x00, 0x00, 0x00, 0x00, 0x00, 0x00, 
    0x00, 0x00, 0x00, 0x00, 0x00, 0x00, 0x00, 0x00, 0x00, 0x00, 0x00, 0x00, 0x00, 0x00, 0x00, 0x00, 
    0x00, 0x00, 0x00, 0x00, 0x00, 0x00, 0x00, 0x00, 0x00, 0x00, 0x00, 0x00, 0x00, 0x00, 0x00, 0x00, 
    0x00, 0x00, 0x00, 0x00, 0x00, 0x00, 0x00, 0x00, 0x00, 0x00, 0x00, 0x00, 0x00, 0x00, 0x00, 0x00, 
    0x00, 0x00, 0x00, 0x00, 0x00, 0x00, 0x00, 0x00, 0x00, 0x00, 0x00, 0x00, 0x00, 0x00, 0x00, 0x00, 
    0x00, 0x00, 0x00, 0x00, 0x00, 0x00, 0x00, 0x00, 0x00, 0x00, 0x00, 0x00, 0x00, 0x00, 0x00, 0x00, 
      },
  {
    0x00, 0x00, 0x00, 0x00, 0x00, 0x00, 0x00, 0x00, 0x00, 0x00, 0x00, 0x00, 0x00, 0x00, 0x00, 0x00, 
    0x00, 0x00, 0x00, 0x00, 0x00, 0x00, 0x00, 0x00, 0x00, 0x00, 0x00, 0x00, 0x00, 0x00, 0x00, 0x00, 
    0x00, 0x00, 0x00, 0x00, 0x00, 0x00, 0x00, 0x00, 0x00, 0x00, 0x00, 0x00, 0x00, 0x00, 0x00, 0x00, 
    0x00, 0x00, 0x00, 0x00, 0x00, 0x00, 0x00, 0x00, 0x00, 0x00, 0x00, 0x00, 0x00, 0x00, 0x00, 0x00, 
    0x00, 0x00, 0x00, 0x00, 0x00, 0x00, 0x00, 0x00, 0x00, 0x00, 0x00, 0x00, 0x00, 0x00, 0x00, 0x00, 
    0x00, 0x00, 0x00, 0x00, 0x00, 0x00, 0x00, 0x00, 0x00, 0x3F, 0xFF, 0xFF, 0xFF, 0xFF, 0xFC, 0x00, 
    0x00, 0x7F, 0xFF, 0xFF, 0xFF, 0xFF, 0xFE, 0x00, 0x00, 0xE0, 0x00, 0x00, 0x00, 0x00, 0x07, 0x00, 
    0x00, 0xC0, 0x00, 0x00, 0x00, 0x00, 0x03, 0x00, 0x00, 0xC0, 0x00, 0x00, 0x00, 0x00, 0x03, 0x00, 
    0x00, 0xC0, 0x00, 0x00, 0x00, 0x00, 0x03, 0x00, 0x00, 0xC3, 0xFF, 0xE1, 0xFF, 0xFF, 0xC3, 0x00, 
    0x00, 0xC7, 0xFF, 0xE1, 0xFF, 0xFF, 0xE3, 0x00, 0x00, 0xC7, 0x80, 0xE1, 0x80, 0x00, 0xE3, 0x00, 
    0x00, 0xC7, 0xC1, 0xE1, 0x80, 0x00, 0xE3, 0x00, 0x00, 0xC7, 0xE3, 0xE1, 0x80, 0x00, 0xE3, 0x00, 
    0x00, 0xC7, 0xE3, 0x61, 0xFF, 0xFF, 0xE3, 0x00, 0x00, 0xC7, 0x77, 0x61, 0xFF, 0xFF, 0xE3, 0x00, 
    0x00, 0xC7, 0x3E, 0x61, 0xFF, 0xFF, 0xC3, 0x00, 0x00, 0xC7, 0x3C, 0x60, 0x00, 0x00, 0x03, 0x00, 
    0x00, 0xC7, 0x1C, 0x60, 0x00, 0x00, 0x03, 0x00, 0x00, 0xC7, 0x3E, 0x60, 0x00, 0x00, 0x03, 0x00, 
    0x00, 0xC7, 0x3E, 0x61, 0xFC, 0x1F, 0xC3, 0x00, 0x00, 0xC7, 0x77, 0x61, 0xFE, 0x3F, 0xE3, 0x00, 
    0x00, 0xC7, 0xE3, 0x61, 0xFE, 0x3F, 0xE3, 0x00, 0x00, 0xC7, 0xC3, 0xE1, 0x86, 0x38, 0xE3, 0x00, 
    0x00, 0xC7, 0xC1, 0xE1, 0x86, 0x38, 0xE3, 0x00, 0x00, 0xC7, 0x80, 0xE1, 0x86, 0x38, 0xE3, 0x00, 
    0x00, 0xC7, 0xFF, 0xE1, 0xFE, 0x3F, 0xE3, 0x00, 0x00, 0xC3, 0xFF, 0xE1, 0xFE, 0x3F, 0xC3, 0x00, 
    0x00, 0xC0, 0x00, 0x00, 0x00, 0x00, 0x03, 0x00, 0x00, 0xC0, 0x00, 0x00, 0x00, 0x00, 0x03, 0x00, 
    0x00, 0xC0, 0x00, 0x00, 0x00, 0x00, 0x03, 0x00, 0x00, 0xFF, 0xFF, 0xFF, 0xFF, 0xFF, 0xFF, 0x00, 
    0x00, 0xFF, 0xFF, 0xFF, 0xFF, 0xFF, 0xFF, 0x00, 0x00, 0xFF, 0xFF, 0xFF, 0xFF, 0xFF, 0xFF, 0x00, 
    0x00, 0xC0, 0x00, 0x00, 0x00, 0x00, 0x03, 0x00, 0x00, 0xC0, 0x00, 0x00, 0x00, 0x00, 0x03, 0x00, 
    0x00, 0xE0, 0x00, 0x00, 0x00, 0x00, 0x07, 0x00, 0x00, 0x7F, 0xFF, 0xFF, 0xFF, 0xFF, 0xFE, 0x00, 
    0x00, 0x3F, 0xFF, 0xFF, 0xFF, 0xFF, 0xFC, 0x00, 0x00, 0x0F, 0xFF, 0xFF, 0xFF, 0xFF, 0xF0, 0x00, 
    0x00, 0x00, 0x00, 0x0C, 0x30, 0x00, 0x00, 0x00, 0x00, 0x00, 0x00, 0x0C, 0x30, 0x00, 0x00, 0x00, 
    0x00, 0x00, 0x00, 0x0C, 0x30, 0x00, 0x00, 0x00, 0x00, 0x00, 0x03, 0xFF, 0xFF, 0xC0, 0x00, 0x00, 
    0x00, 0x00, 0x03, 0xFF, 0xFF, 0xC0, 0x00, 0x00, 0x00, 0x00, 0x00, 0x00, 0x00, 0x00, 0x00, 0x00, 
    0x00, 0x00, 0x00, 0x00, 0x00, 0x00, 0x00, 0x00, 0x00, 0x00, 0x00, 0x00, 0x00, 0x00, 0x00, 0x00, 
    0x00, 0x00, 0x00, 0x00, 0x00, 0x00, 0x00, 0x00, 0x00, 0x00, 0x00, 0x00, 0x00, 0x00, 0x00, 0x00, 
    0x00, 0x00, 0x00, 0x00, 0x00, 0x00, 0x00, 0x00, 0x00, 0x00, 0x00, 0x00, 0x00, 0x00, 0x00, 0x00, 
    0x00, 0x00, 0x00, 0x00, 0x00, 0x00, 0x00, 0x00, 0x00, 0x00, 0x00, 0x00, 0x00, 0x00, 0x00, 0x00, 
    0x00, 0x00, 0x00, 0x00, 0x00, 0x00, 0x00, 0x00, 0x00, 0x00, 0x00, 0x00, 0x00, 0x00, 0x00, 0x00, 
      },
  {
    0x00, 0x00, 0x00, 0x00, 0x00, 0x00, 0x00, 0x00, 0x00, 0x00, 0x00, 0x00, 0x00, 0x00, 0x00, 0x00, 
    0x00, 0x00, 0x00, 0x00, 0x00, 0x00, 0x00, 0x00, 0x00, 0x00, 0x00, 0x00, 0x00, 0x00, 0x00, 0x00, 
    0x00, 0x00, 0x00, 0x00, 0x00, 0x00, 0x00, 0x00, 0x00, 0x00, 0x00, 0x00, 0x00, 0x00, 0x00, 0x00, 
    0x00, 0x00, 0x00, 0x00, 0x00, 0x00, 0x00, 0x00, 0x00, 0x00, 0x00, 0x00, 0x00, 0x00, 0x00, 0x00, 
    0x00, 0x00, 0x00, 0x00, 0x00, 0x00, 0x00, 0x00, 0x00, 0x00, 0x00, 0x00, 0x00, 0x00, 0x00, 0x00, 
    0x00, 0x00, 0x00, 0x00, 0x00, 0x00, 0x00, 0x00, 0x00, 0x3F, 0xFF, 0xFF, 0xFF, 0xFF, 0xFC, 0x00, 
    0x00, 0x7F, 0xFF, 0xFF, 0xFF, 0xFF, 0xFE, 0x00, 0x00, 0xE0, 0x00, 0x00, 0x00, 0x00, 0x07, 0x00, 
    0x00, 0xC0, 0x00, 0x00, 0x00, 0x00, 0x03, 0x00, 0x00, 0xC0, 0x00, 0x00, 0x00, 0x00, 0x03, 0x00, 
    0x00, 0xC1, 0xFF, 0xC0, 0xFF, 0xFF, 0x83, 0x00, 0x00, 0xC3, 0xFF, 0xE1, 0xFF, 0xFF, 0xC3, 0x00, 
    0x00, 0xC7, 0xFF, 0xE1, 0xFF, 0xFF, 0xE3, 0x00, 0x00, 0xC7, 0x80, 0xE1, 0x80, 0x00, 0xE3, 0x00, 
    0x00, 0xC7, 0xC1, 0xE1, 0x80, 0x00, 0xE3, 0x00, 0x00, 0xC7, 0xE3, 0xE1, 0x80, 0x00, 0xE3, 0x00, 
    0x00, 0xC7, 0x63, 0x61, 0xFF, 0xFF, 0xE3, 0x00, 0x00, 0xC7, 0x77, 0x61, 0xFF, 0xFF, 0xC3, 0x00, 
    0x00, 0xC7, 0x3E, 0x60, 0xFF, 0xFF, 0xC3, 0x00, 0x00, 0xC7, 0x3C, 0x60, 0x00, 0x00, 0x03, 0x00, 
    0x00, 0xC7, 0x1C, 0x60, 0x00, 0x00, 0x03, 0x00, 0x00, 0xC7, 0x3E, 0x60, 0x00, 0x00, 0x03, 0x00, 
    0x00, 0xC7, 0x3E, 0x61, 0xFE, 0x1F, 0xC3, 0x00, 0x00, 0xC7, 0x77, 0x61, 0xFE, 0x3F, 0xE3, 0x00, 
    0x00, 0xC7, 0xE3, 0xE1, 0xCE, 0x38, 0xE3, 0x00, 0x00, 0xC7, 0xC3, 0xE1, 0x86, 0x38, 0xE3, 0x00, 
    0x00, 0xC7, 0xC1, 0xE1, 0x86, 0x38, 0xE3, 0x00, 0x00, 0xC7, 0x80, 0xE1, 0x86, 0x38, 0xE3, 0x00, 
    0x00, 0xC7, 0xFF, 0xE1, 0xFE, 0x3F, 0xE3, 0x00, 0x00, 0xC3, 0xFF, 0xE1, 0xFE, 0x1F, 0xC3, 0x00, 
    0x00, 0xC0, 0x00, 0x00, 0x00, 0x00, 0x03, 0x00, 0x00, 0xC0, 0x00, 0x00, 0x00, 0x00, 0x03, 0x00, 
    0x00, 0xC0, 0x00, 0x00, 0x00, 0x00, 0x03, 0x00, 0x00, 0xFF, 0xFF, 0xFF, 0xFF, 0xFF, 0xFF, 0x00, 
    0x00, 0xFF, 0xFF, 0xFF, 0xFF, 0xFF, 0xFF, 0x00, 0x00, 0xFF, 0xFF, 0xFF, 0xFF, 0xFF, 0xFF, 0x00, 
    0x00, 0xC0, 0x00, 0x00, 0x00, 0x00, 0x03, 0x00, 0x00, 0xC0, 0x00, 0x00, 0x00, 0x00, 0x03, 0x00, 
    0x00, 0xE0, 0x00, 0x00, 0x00, 0x00, 0x07, 0x00, 0x00, 0x7F, 0xFF, 0xFF, 0xFF, 0xFF, 0xFE, 0x00, 
    0x00, 0x3F, 0xFF, 0xFF, 0xFF, 0xFF, 0xFC, 0x00, 0x00, 0x0F, 0xFF, 0xFF, 0xFF, 0xFF, 0xF0, 0x00, 
    0x00, 0x00, 0x00, 0x0C, 0x30, 0x00, 0x00, 0x00, 0x00, 0x00, 0x00, 0x0C, 0x30, 0x00, 0x00, 0x00, 
    0x00, 0x00, 0x00, 0x0C, 0x30, 0x00, 0x00, 0x00, 0x00, 0x00, 0x03, 0xFF, 0xFF, 0xC0, 0x00, 0x00, 
    0x00, 0x00, 0x03, 0xFF, 0xFF, 0xC0, 0x00, 0x00, 0x00, 0x00, 0x00, 0x00, 0x00, 0x00, 0x00, 0x00, 
    0x00, 0x00, 0x00, 0x00, 0x00, 0x00, 0x00, 0x00, 0x00, 0x00, 0x00, 0x00, 0x00, 0x00, 0x00, 0x00, 
    0x00, 0x00, 0x00, 0x00, 0x00, 0x00, 0x00, 0x00, 0x00, 0x00, 0x00, 0x00, 0x00, 0x00, 0x00, 0x00, 
    0x00, 0x00, 0x00, 0x00, 0x00, 0x00, 0x00, 0x00, 0x00, 0x00, 0x00, 0x00, 0x00, 0x00, 0x00, 0x00, 
    0x00, 0x00, 0x00, 0x00, 0x00, 0x00, 0x00, 0x00, 0x00, 0x00, 0x00, 0x00, 0x00, 0x00, 0x00, 0x00, 
    0x00, 0x00, 0x00, 0x00, 0x00, 0x00, 0x00, 0x00, 0x00, 0x00, 0x00, 0x00, 0x00, 0x00, 0x00, 0x00, 
      },
  {
    0x00, 0x00, 0x00, 0x00, 0x00, 0x00, 0x00, 0x00, 0x00, 0x00, 0x00, 0x00, 0x00, 0x00, 0x00, 0x00, 
    0x00, 0x00, 0x00, 0x00, 0x00, 0x00, 0x00, 0x00, 0x00, 0x00, 0x00, 0x00, 0x00, 0x00, 0x00, 0x00, 
    0x00, 0x00, 0x00, 0x00, 0x00, 0x00, 0x00, 0x00, 0x00, 0x00, 0x00, 0x00, 0x00, 0x00, 0x00, 0x00, 
    0x00, 0x00, 0x00, 0x00, 0x00, 0x00, 0x00, 0x00, 0x00, 0x00, 0x00, 0x00, 0x00, 0x00, 0x00, 0x00, 
    0x00, 0x00, 0x00, 0x00, 0x00, 0x00, 0x00, 0x00, 0x00, 0x00, 0x00, 0x00, 0x00, 0x00, 0x00, 0x00, 
    0x00, 0x00, 0x00, 0x00, 0x00, 0x00, 0x00, 0x00, 0x00, 0x3F, 0xFF, 0xFF, 0xFF, 0xFF, 0xFC, 0x00, 
    0x00, 0x7F, 0xFF, 0xFF, 0xFF, 0xFF, 0xFE, 0x00, 0x00, 0xE0, 0x00, 0x00, 0x00, 0x00, 0x07, 0x00, 
    0x00, 0xC0, 0x00, 0x00, 0x00, 0x00, 0x03, 0x00, 0x00, 0xC0, 0x00, 0x00, 0x00, 0x00, 0x03, 0x00, 
    0x00, 0xC1, 0xFF, 0xC0, 0xFF, 0xFF, 0x83, 0x00, 0x00, 0xC3, 0xFF, 0xE1, 0xFF, 0xFF, 0xC3, 0x00, 
    0x00, 0xC7, 0xFF, 0xE1, 0xFF, 0xFF, 0xE3, 0x00, 0x00, 0xC7, 0x80, 0xE1, 0x80, 0x00, 0xE3, 0x00, 
    0x00, 0xC7, 0xC1, 0xE1, 0x80, 0x00, 0xE3, 0x00, 0x00, 0xC7, 0xE3, 0xE1, 0x80, 0x00, 0xE3, 0x00, 
    0x00, 0xC7, 0x63, 0x61, 0xFF, 0xFF, 0xE3, 0x00, 0x00, 0xC7, 0x77, 0x61, 0xFF, 0xFF, 0xC3, 0x00, 
    0x00, 0xC7, 0x3E, 0x60, 0xFF, 0xFF, 0xC3, 0x00, 0x00, 0xC7, 0x1C, 0x60, 0x00, 0x00, 0x03, 0x00, 
    0x00, 0xC7, 0x1C, 0x60, 0x00, 0x00, 0x03, 0x00, 0x00, 0xC7, 0x3E, 0x60, 0x00, 0x00, 0x03, 0x00, 
    0x00, 0xC7, 0x3E, 0x61, 0xFE, 0x1F, 0xC3, 0x00, 0x00, 0xC7, 0x77, 0x61, 0xFE, 0x3F, 0xE3, 0x00, 
    0x00, 0xC7, 0xE3, 0xE1, 0x8E, 0x38, 0xE3, 0x00, 0x00, 0xC7, 0xC1, 0xE1, 0x86, 0x38, 0xE3, 0x00, 
    0x00, 0xC7, 0xC1, 0xE1, 0x86, 0x38, 0xE3, 0x00, 0x00, 0xC7, 0x80, 0xE1, 0x8E, 0x38, 0xE3, 0x00, 
    0x00, 0xC7, 0xFF, 0xE1, 0xFE, 0x3F, 0xE3, 0x00, 0x00, 0xC3, 0xFF, 0xE1, 0xFE, 0x1F, 0xC3, 0x00, 
    0x00, 0xC0, 0x00, 0x00, 0x00, 0x00, 0x03, 0x00, 0x00, 0xC0, 0x00, 0x00, 0x00, 0x00, 0x03, 0x00, 
    0x00, 0xC0, 0x00, 0x00, 0x00, 0x00, 0x03, 0x00, 0x00, 0xFF, 0xFF, 0xFF, 0xFF, 0xFF, 0xFF, 0x00, 
    0x00, 0xFF, 0xFF, 0xFF, 0xFF, 0xFF, 0xFF, 0x00, 0x00, 0xFF, 0xFF, 0xFF, 0xFF, 0xFF, 0xFF, 0x00, 
    0x00, 0xC0, 0x00, 0x00, 0x00, 0x00, 0x03, 0x00, 0x00, 0xC0, 0x00, 0x00, 0x00, 0x00, 0x03, 0x00, 
    0x00, 0xE0, 0x00, 0x00, 0x00, 0x00, 0x07, 0x00, 0x00, 0x7F, 0xFF, 0xFF, 0xFF, 0xFF, 0xFE, 0x00, 
    0x00, 0x3F, 0xFF, 0xFF, 0xFF, 0xFF, 0xFC, 0x00, 0x00, 0x0F, 0xFF, 0xFF, 0xFF, 0xFF, 0xF0, 0x00, 
    0x00, 0x00, 0x00, 0x0C, 0x30, 0x00, 0x00, 0x00, 0x00, 0x00, 0x00, 0x0C, 0x30, 0x00, 0x00, 0x00, 
    0x00, 0x00, 0x00, 0x0C, 0x30, 0x00, 0x00, 0x00, 0x00, 0x00, 0x03, 0xFF, 0xFF, 0xC0, 0x00, 0x00, 
    0x00, 0x00, 0x03, 0xFF, 0xFF, 0xC0, 0x00, 0x00, 0x00, 0x00, 0x00, 0x00, 0x00, 0x00, 0x00, 0x00, 
    0x00, 0x00, 0x00, 0x00, 0x00, 0x00, 0x00, 0x00, 0x00, 0x00, 0x00, 0x00, 0x00, 0x00, 0x00, 0x00, 
    0x00, 0x00, 0x00, 0x00, 0x00, 0x00, 0x00, 0x00, 0x00, 0x00, 0x00, 0x00, 0x00, 0x00, 0x00, 0x00, 
    0x00, 0x00, 0x00, 0x00, 0x00, 0x00, 0x00, 0x00, 0x00, 0x00, 0x00, 0x00, 0x00, 0x00, 0x00, 0x00, 
    0x00, 0x00, 0x00, 0x00, 0x00, 0x00, 0x00, 0x00, 0x00, 0x00, 0x00, 0x00, 0x00, 0x00, 0x00, 0x00, 
    0x00, 0x00, 0x00, 0x00, 0x00, 0x00, 0x00, 0x00, 0x00, 0x00, 0x00, 0x00, 0x00, 0x00, 0x00, 0x00, 
      },
  {
    0x00, 0x00, 0x00, 0x00, 0x00, 0x00, 0x00, 0x00, 0x00, 0x00, 0x00, 0x00, 0x00, 0x00, 0x00, 0x00, 
    0x00, 0x00, 0x00, 0x00, 0x00, 0x00, 0x00, 0x00, 0x00, 0x00, 0x00, 0x00, 0x00, 0x00, 0x00, 0x00, 
    0x00, 0x00, 0x00, 0x00, 0x00, 0x00, 0x00, 0x00, 0x00, 0x00, 0x00, 0x00, 0x00, 0x00, 0x00, 0x00, 
    0x00, 0x00, 0x00, 0x00, 0x00, 0x00, 0x00, 0x00, 0x00, 0x00, 0x00, 0x00, 0x00, 0x00, 0x00, 0x00, 
    0x00, 0x00, 0x00, 0x00, 0x00, 0x00, 0x00, 0x00, 0x00, 0x00, 0x00, 0x00, 0x00, 0x00, 0x00, 0x00, 
    0x00, 0x00, 0x00, 0x00, 0x00, 0x00, 0x00, 0x00, 0x00, 0x3F, 0xFF, 0xFF, 0xFF, 0xFF, 0xFC, 0x00, 
    0x00, 0x7F, 0xFF, 0xFF, 0xFF, 0xFF, 0xFE, 0x00, 0x00, 0xE0, 0x00, 0x00, 0x00, 0x00, 0x07, 0x00, 
    0x00, 0xC0, 0x00, 0x00, 0x00, 0x00, 0x03, 0x00, 0x00, 0xC0, 0x00, 0x00, 0x00, 0x00, 0x03, 0x00, 
    0x00, 0xC3, 0xFF, 0xE0, 0xFF, 0xFF, 0xC3, 0x00, 0x00, 0xC3, 0xFF, 0xE1, 0xFF, 0xFF, 0xC3, 0x00, 
    0x00, 0xC7, 0xFF, 0xE1, 0xFF, 0xFF, 0xE3, 0x00, 0x00, 0xC7, 0x80, 0xE1, 0x80, 0x00, 0xE3, 0x00, 
    0x00, 0xC7, 0xC1, 0xE1, 0x80, 0x00, 0xE3, 0x00, 0x00, 0xC7, 0xE3, 0xE1, 0x80, 0x00, 0xE3, 0x00, 
    0x00, 0xC7, 0x67, 0x61, 0xFF, 0xFF, 0xE3, 0x00, 0x00, 0xC7, 0x77, 0x61, 0xFF, 0xFF, 0xC3, 0x00, 
    0x00, 0xC7, 0x3E, 0x60, 0xFF, 0xFF, 0x83, 0x00, 0x00, 0xC7, 0x1C, 0x60, 0x00, 0x00, 0x03, 0x00, 
    0x00, 0xC7, 0x1C, 0x60, 0x00, 0x00, 0x03, 0x00, 0x00, 0xC7, 0x3E, 0x60, 0x00, 0x00, 0x03, 0x00, 
    0x00, 0xC7, 0x7E, 0x61, 0xFE, 0x1F, 0xC3, 0x00, 0x00, 0xC7, 0x77, 0x61, 0xFE, 0x3F, 0xE3, 0x00, 
    0x00, 0xC7, 0xE3, 0xE1, 0x8E, 0x38, 0xE3, 0x00, 0x00, 0xC7, 0xC1, 0xE1, 0x86, 0x38, 0xE3, 0x00, 
    0x00, 0xC7, 0xC1, 0xE1, 0x86, 0x38, 0xE3, 0x00, 0x00, 0xC7, 0x80, 0xE1, 0x8E, 0x38, 0xE3, 0x00, 
    0x00, 0xC7, 0xFF, 0xE1, 0xFE, 0x3F, 0xE3, 0x00, 0x00, 0xC3, 0xFF, 0xE1, 0xFE, 0x1F, 0xC3, 0x00, 
    0x00, 0xC0, 0x00, 0x00, 0x00, 0x00, 0x03, 0x00, 0x00, 0xC0, 0x00, 0x00, 0x00, 0x00, 0x03, 0x00, 
    0x00, 0xC0, 0x00, 0x00, 0x00, 0x00, 0x03, 0x00, 0x00, 0xFF, 0xFF, 0xFF, 0xFF, 0xFF, 0xFF, 0x00, 
    0x00, 0xFF, 0xFF, 0xFF, 0xFF, 0xFF, 0xFF, 0x00, 0x00, 0xFF, 0xFF, 0xFF, 0xFF, 0xFF, 0xFF, 0x00, 
    0x00, 0xC0, 0x00, 0x00, 0x00, 0x00, 0x03, 0x00, 0x00, 0xC0, 0x00, 0x00, 0x00, 0x00, 0x03, 0x00, 
    0x00, 0xE0, 0x00, 0x00, 0x00, 0x00, 0x07, 0x00, 0x00, 0x7F, 0xFF, 0xFF, 0xFF, 0xFF, 0xFE, 0x00, 
    0x00, 0x3F, 0xFF, 0xFF, 0xFF, 0xFF, 0xFC, 0x00, 0x00, 0x0F, 0xFF, 0xFF, 0xFF, 0xFF, 0xF0, 0x00, 
    0x00, 0x00, 0x00, 0x0C, 0x30, 0x00, 0x00, 0x00, 0x00, 0x00, 0x00, 0x0C, 0x30, 0x00, 0x00, 0x00, 
    0x00, 0x00, 0x00, 0x0C, 0x30, 0x00, 0x00, 0x00, 0x00, 0x00, 0x03, 0xFF, 0xFF, 0xC0, 0x00, 0x00, 
    0x00, 0x00, 0x03, 0xFF, 0xFF, 0xC0, 0x00, 0x00, 0x00, 0x00, 0x00, 0x00, 0x00, 0x00, 0x00, 0x00, 
    0x00, 0x00, 0x00, 0x00, 0x00, 0x00, 0x00, 0x00, 0x00, 0x00, 0x00, 0x00, 0x00, 0x00, 0x00, 0x00, 
    0x00, 0x00, 0x00, 0x00, 0x00, 0x00, 0x00, 0x00, 0x00, 0x00, 0x00, 0x00, 0x00, 0x00, 0x00, 0x00, 
    0x00, 0x00, 0x00, 0x00, 0x00, 0x00, 0x00, 0x00, 0x00, 0x00, 0x00, 0x00, 0x00, 0x00, 0x00, 0x00, 
    0x00, 0x00, 0x00, 0x00, 0x00, 0x00, 0x00, 0x00, 0x00, 0x00, 0x00, 0x00, 0x00, 0x00, 0x00, 0x00, 
    0x00, 0x00, 0x00, 0x00, 0x00, 0x00, 0x00, 0x00, 0x00, 0x00, 0x00, 0x00, 0x00, 0x00, 0x00, 0x00, 
      },
  {
    0x00, 0x00, 0x00, 0x00, 0x00, 0x00, 0x00, 0x00, 0x00, 0x00, 0x00, 0x00, 0x00, 0x00, 0x00, 0x00, 
    0x00, 0x00, 0x00, 0x00, 0x00, 0x00, 0x00, 0x00, 0x00, 0x00, 0x00, 0x00, 0x00, 0x00, 0x00, 0x00, 
    0x00, 0x00, 0x00, 0x00, 0x00, 0x00, 0x00, 0x00, 0x00, 0x00, 0x00, 0x00, 0x00, 0x00, 0x00, 0x00, 
    0x00, 0x00, 0x00, 0x00, 0x00, 0x00, 0x00, 0x00, 0x00, 0x00, 0x00, 0x00, 0x00, 0x00, 0x00, 0x00, 
    0x00, 0x00, 0x00, 0x00, 0x00, 0x00, 0x00, 0x00, 0x00, 0x00, 0x00, 0x00, 0x00, 0x00, 0x00, 0x00, 
    0x00, 0x00, 0x00, 0x00, 0x00, 0x00, 0x00, 0x00, 0x00, 0x3F, 0xFF, 0xFF, 0xFF, 0xFF, 0xFC, 0x00, 
    0x00, 0x7F, 0xFF, 0xFF, 0xFF, 0xFF, 0xFE, 0x00, 0x00, 0xE0, 0x00, 0x00, 0x00, 0x00, 0x07, 0x00, 
    0x00, 0xC0, 0x00, 0x00, 0x00, 0x00, 0x03, 0x00, 0x00, 0xC0, 0x00, 0x00, 0x00, 0x00, 0x03, 0x00, 
    0x00, 0xC3, 0xFF, 0xE0, 0xFF, 0xFF, 0xC3, 0x00, 0x00, 0xC7, 0xFF, 0xE1, 0xFF, 0xFF, 0xE3, 0x00, 
    0x00, 0xC7, 0xFF, 0xE1, 0xFF, 0xFF, 0xE3, 0x00, 0x00, 0xC7, 0x80, 0xE1, 0x80, 0x00, 0xE3, 0x00, 
    0x00, 0xC7, 0xC1, 0xE1, 0x80, 0x00, 0xE3, 0x00, 0x00, 0xC7, 0xE3, 0xE1, 0x80, 0x00, 0xE3, 0x00, 
    0x00, 0xC7, 0x67, 0x61, 0xFF, 0xFF, 0xE3, 0x00, 0x00, 0xC7, 0x77, 0x61, 0xFF, 0xFF, 0xC3, 0x00, 
    0x00, 0xC7, 0x3E, 0x60, 0xFF, 0xFF, 0x83, 0x00, 0x00, 0xC7, 0x1C, 0x60, 0x00, 0x00, 0x03, 0x00, 
    0x00, 0xC7, 0x1C, 0x60, 0x00, 0x00, 0x03, 0x00, 0x00, 0xC7, 0x3E, 0x60, 0x00, 0x00, 0x03, 0x00, 
    0x00, 0xC7, 0x7E, 0x61, 0xFE, 0x1F, 0xC3, 0x00, 0x00, 0xC7, 0x77, 0x61, 0xFE, 0x3F, 0xE3, 0x00, 
    0x00, 0xC7, 0xE3, 0xE1, 0x8E, 0x38, 0xE3, 0x00, 0x00, 0xC7, 0xC1, 0xE1, 0x86, 0x38, 0xE3, 0x00, 
    0x00, 0xC7, 0xC1, 0xE1, 0x86, 0x38, 0xE3, 0x00, 0x00, 0xC7, 0x80, 0xE1, 0x8E, 0x38, 0xE3, 0x00, 
    0x00, 0xC7, 0xFF, 0xE1, 0xFE, 0x3F, 0xE3, 0x00, 0x00, 0xC3, 0xFF, 0xE1, 0xFE, 0x1F, 0xC3, 0x00, 
    0x00, 0xC0, 0x00, 0x00, 0x00, 0x00, 0x03, 0x00, 0x00, 0xC0, 0x00, 0x00, 0x00, 0x00, 0x03, 0x00, 
    0x00, 0xC0, 0x00, 0x00, 0x00, 0x00, 0x03, 0x00, 0x00, 0xFF, 0xFF, 0xFF, 0xFF, 0xFF, 0xFF, 0x00, 
    0x00, 0xFF, 0xFF, 0xFF, 0xFF, 0xFF, 0xFF, 0x00, 0x00, 0xFF, 0xFF, 0xFF, 0xFF, 0xFF, 0xFF, 0x00, 
    0x00, 0xC0, 0x00, 0x00, 0x00, 0x00, 0x03, 0x00, 0x00, 0xC0, 0x00, 0x00, 0x00, 0x00, 0x03, 0x00, 
    0x00, 0xE0, 0x00, 0x00, 0x00, 0x00, 0x07, 0x00, 0x00, 0x7F, 0xFF, 0xFF, 0xFF, 0xFF, 0xFE, 0x00, 
    0x00, 0x3F, 0xFF, 0xFF, 0xFF, 0xFF, 0xFC, 0x00, 0x00, 0x0F, 0xFF, 0xFF, 0xFF, 0xFF, 0xF0, 0x00, 
    0x00, 0x00, 0x00, 0x0C, 0x30, 0x00, 0x00, 0x00, 0x00, 0x00, 0x00, 0x0C, 0x30, 0x00, 0x00, 0x00, 
    0x00, 0x00, 0x00, 0x0C, 0x30, 0x00, 0x00, 0x00, 0x00, 0x00, 0x03, 0xFF, 0xFF, 0xC0, 0x00, 0x00, 
    0x00, 0x00, 0x03, 0xFF, 0xFF, 0xC0, 0x00, 0x00, 0x00, 0x00, 0x00, 0x00, 0x00, 0x00, 0x00, 0x00, 
    0x00, 0x00, 0x00, 0x00, 0x00, 0x00, 0x00, 0x00, 0x00, 0x00, 0x00, 0x00, 0x00, 0x00, 0x00, 0x00, 
    0x00, 0x00, 0x00, 0x00, 0x00, 0x00, 0x00, 0x00, 0x00, 0x00, 0x00, 0x00, 0x00, 0x00, 0x00, 0x00, 
    0x00, 0x00, 0x00, 0x00, 0x00, 0x00, 0x00, 0x00, 0x00, 0x00, 0x00, 0x00, 0x00, 0x00, 0x00, 0x00, 
    0x00, 0x00, 0x00, 0x00, 0x00, 0x00, 0x00, 0x00, 0x00, 0x00, 0x00, 0x00, 0x00, 0x00, 0x00, 0x00, 
    0x00, 0x00, 0x00, 0x00, 0x00, 0x00, 0x00, 0x00, 0x00, 0x00, 0x00, 0x00, 0x00, 0x00, 0x00, 0x00, 
      },
};

#endif
