#ifndef ANIMATION_LOCATION_H
#define ANIMATION_LOCATION_H

#include <pgmspace.h>

#define LOCATION_FRAMES 49
#define LOCATION_WIDTH  64
#define LOCATION_HEIGHT 64

const uint8_t location_frames[][512] PROGMEM = {
  {
    0x00, 0x00, 0x00, 0x00, 0x00, 0x00, 0x00, 0x00, 0x00, 0x00, 0x00, 0x00, 0x00, 0x00, 0x00, 0x00, 
    0x00, 0x00, 0x00, 0x00, 0x00, 0x00, 0x00, 0x00, 0x00, 0x00, 0x00, 0x00, 0x00, 0x00, 0x00, 0x00, 
    0x00, 0x00, 0x00, 0x00, 0x00, 0x00, 0x00, 0x00, 0x00, 0x00, 0x00, 0x00, 0x00, 0x00, 0x00, 0x00, 
    0x00, 0x00, 0x00, 0x00, 0x00, 0x00, 0x00, 0x00, 0x00, 0x00, 0x00, 0x0F, 0xFE, 0x00, 0x00, 0x00, 
    0x00, 0x00, 0x00, 0x7F, 0xFF, 0x80, 0x00, 0x00, 0x00, 0x00, 0x00, 0xF8, 0x07, 0xE0, 0x00, 0x00, 
    0x00, 0x00, 0x03, 0xE0, 0x00, 0xF0, 0x00, 0x00, 0x00, 0x00, 0x07, 0x80, 0x00, 0x38, 0x00, 0x00, 
    0x00, 0x00, 0x0F, 0x00, 0x00, 0x1C, 0x00, 0x00, 0x00, 0x00, 0x1C, 0x00, 0x00, 0x0E, 0x00, 0x00, 
    0x00, 0x00, 0x1C, 0x00, 0x00, 0x07, 0x00, 0x00, 0x00, 0x00, 0x38, 0x00, 0x40, 0x03, 0x00, 0x00, 
    0x00, 0x00, 0x30, 0x07, 0xF8, 0x03, 0x80, 0x00, 0x00, 0x00, 0x70, 0x0F, 0xFE, 0x01, 0x80, 0x00, 
    0x00, 0x00, 0x60, 0x1C, 0x0F, 0x01, 0xC0, 0x00, 0x00, 0x00, 0xE0, 0x38, 0x07, 0x00, 0xC0, 0x00, 
    0x00, 0x00, 0xE0, 0x70, 0x03, 0x80, 0xC0, 0x00, 0x00, 0x00, 0xC0, 0x60, 0x01, 0x80, 0xE0, 0x00, 
    0x00, 0x00, 0xC0, 0xE0, 0x01, 0xC0, 0xE0, 0x00, 0x00, 0x00, 0xC0, 0xE0, 0x00, 0xC0, 0xE0, 0x00, 
    0x00, 0x00, 0xC0, 0xE0, 0x00, 0xC0, 0xE0, 0x00, 0x00, 0x00, 0xC0, 0xE0, 0x01, 0xC0, 0xE0, 0x00, 
    0x00, 0x00, 0xC0, 0x60, 0x01, 0xC0, 0xE0, 0x00, 0x00, 0x00, 0xC0, 0x60, 0x01, 0x80, 0xC0, 0x00, 
    0x00, 0x00, 0xE0, 0x70, 0x03, 0x80, 0xC0, 0x00, 0x00, 0x00, 0x60, 0x38, 0x07, 0x01, 0xC0, 0x00, 
    0x00, 0x00, 0x60, 0x1E, 0x1E, 0x01, 0xC0, 0x00, 0x00, 0x00, 0x70, 0x0F, 0xFC, 0x01, 0x80, 0x00, 
    0x00, 0x00, 0x30, 0x03, 0xF0, 0x03, 0x80, 0x00, 0x00, 0x00, 0x38, 0x00, 0x00, 0x07, 0x00, 0x00, 
    0x00, 0x00, 0x18, 0x00, 0x00, 0x07, 0x00, 0x00, 0x00, 0x00, 0x1C, 0x00, 0x00, 0x0E, 0x00, 0x00, 
    0x00, 0x00, 0x0E, 0x00, 0x00, 0x1C, 0x00, 0x00, 0x00, 0x00, 0x0E, 0x00, 0x00, 0x1C, 0x00, 0x00, 
    0x00, 0x00, 0x07, 0x00, 0x00, 0x38, 0x00, 0x00, 0x00, 0x00, 0x03, 0x00, 0x00, 0x30, 0x00, 0x00, 
    0x00, 0x00, 0x03, 0x80, 0x00, 0x70, 0x00, 0x00, 0x00, 0x00, 0x01, 0x80, 0x00, 0xE0, 0x00, 0x00, 
    0x00, 0x00, 0x01, 0xC0, 0x00, 0xC0, 0x00, 0x00, 0x00, 0x00, 0x00, 0xC0, 0x01, 0xC0, 0x00, 0x00, 
    0x00, 0x00, 0x00, 0xE0, 0x03, 0x80, 0x00, 0x00, 0x00, 0x00, 0x00, 0x60, 0x03, 0x00, 0x00, 0x00, 
    0x00, 0x00, 0x00, 0x70, 0x07, 0x00, 0x00, 0x00, 0x00, 0x00, 0x00, 0x38, 0x0E, 0x00, 0x00, 0x00, 
    0x00, 0x00, 0x00, 0x38, 0x0E, 0x00, 0x00, 0x00, 0x00, 0x00, 0x00, 0x1C, 0x1C, 0x00, 0x00, 0x00, 
    0x00, 0x00, 0x00, 0x1C, 0x38, 0x00, 0x00, 0x00, 0x00, 0x00, 0x00, 0x0E, 0x38, 0x00, 0x00, 0x00, 
    0x00, 0x00, 0x00, 0x06, 0x70, 0x00, 0x00, 0x00, 0x00, 0x00, 0x00, 0x07, 0x60, 0x00, 0x00, 0x00, 
    0x00, 0x00, 0x00, 0x03, 0xE0, 0x00, 0x00, 0x00, 0x00, 0x00, 0x00, 0x03, 0xC0, 0x00, 0x00, 0x00, 
    0x00, 0x00, 0x00, 0x01, 0x80, 0x00, 0x00, 0x00, 0x00, 0x00, 0x00, 0x00, 0x00, 0x00, 0x00, 0x00, 
    0x00, 0x00, 0x00, 0x00, 0x00, 0x00, 0x03, 0xC0, 0x00, 0x00, 0x00, 0x00, 0x00, 0x00, 0x03, 0xC0, 
    0x00, 0x00, 0x00, 0x00, 0x00, 0x00, 0x00, 0x00, 0x00, 0x00, 0x00, 0x00, 0x00, 0x00, 0x00, 0x00, 
    0x00, 0x00, 0x00, 0x00, 0x00, 0x00, 0x00, 0x00, 0x00, 0x00, 0x00, 0x00, 0x00, 0x00, 0x00, 0x00, 
      },
  {
    0x00, 0x00, 0x00, 0x00, 0x00, 0x00, 0x00, 0x00, 0x00, 0x00, 0x00, 0x00, 0x00, 0x00, 0x00, 0x00, 
    0x00, 0x00, 0x00, 0x00, 0x00, 0x00, 0x00, 0x00, 0x00, 0x00, 0x00, 0x00, 0x00, 0x00, 0x00, 0x00, 
    0x00, 0x00, 0x00, 0x00, 0x00, 0x00, 0x00, 0x00, 0x00, 0x00, 0x00, 0x00, 0x00, 0x00, 0x00, 0x00, 
    0x00, 0x00, 0x00, 0x00, 0x00, 0x00, 0x00, 0x00, 0x00, 0x00, 0x00, 0x00, 0xFF, 0x80, 0x00, 0x00, 
    0x00, 0x00, 0x00, 0x07, 0xFF, 0xF0, 0x00, 0x00, 0x00, 0x00, 0x00, 0x0F, 0xC1, 0xFC, 0x00, 0x00, 
    0x00, 0x00, 0x00, 0x3E, 0x00, 0x1E, 0x00, 0x00, 0x00, 0x00, 0x00, 0x78, 0x00, 0x07, 0x00, 0x00, 
    0x00, 0x00, 0x00, 0xE0, 0x00, 0x03, 0x80, 0x00, 0x00, 0x00, 0x01, 0xC0, 0x00, 0x01, 0xC0, 0x00, 
    0x00, 0x00, 0x03, 0x80, 0x00, 0x00, 0xE0, 0x00, 0x00, 0x00, 0x03, 0x00, 0x00, 0x00, 0x70, 0x00, 
    0x00, 0x00, 0x07, 0x00, 0x7F, 0x00, 0x30, 0x00, 0x00, 0x00, 0x06, 0x01, 0xFF, 0xC0, 0x38, 0x00, 
    0x00, 0x00, 0x0E, 0x03, 0xC1, 0xE0, 0x18, 0x00, 0x00, 0x00, 0x0C, 0x07, 0x80, 0xF0, 0x18, 0x00, 
    0x00, 0x00, 0x0C, 0x07, 0x00, 0x30, 0x1C, 0x00, 0x00, 0x00, 0x1C, 0x0E, 0x00, 0x38, 0x0C, 0x00, 
    0x00, 0x00, 0x1C, 0x0C, 0x00, 0x18, 0x0C, 0x00, 0x00, 0x00, 0x1C, 0x0C, 0x00, 0x18, 0x0C, 0x00, 
    0x00, 0x00, 0x1C, 0x0C, 0x00, 0x18, 0x0C, 0x00, 0x00, 0x00, 0x1C, 0x0C, 0x00, 0x18, 0x0C, 0x00, 
    0x00, 0x00, 0x1C, 0x0C, 0x00, 0x18, 0x0C, 0x00, 0x00, 0x00, 0x1C, 0x0E, 0x00, 0x38, 0x1C, 0x00, 
    0x00, 0x00, 0x0C, 0x06, 0x00, 0x30, 0x1C, 0x00, 0x00, 0x00, 0x0C, 0x07, 0x00, 0x70, 0x18, 0x00, 
    0x00, 0x00, 0x0E, 0x03, 0xC1, 0xE0, 0x18, 0x00, 0x00, 0x00, 0x06, 0x01, 0xFF, 0xC0, 0x38, 0x00, 
    0x00, 0x00, 0x06, 0x00, 0x7F, 0x00, 0x30, 0x00, 0x00, 0x00, 0x07, 0x00, 0x00, 0x00, 0x70, 0x00, 
    0x00, 0x00, 0x03, 0x00, 0x00, 0x00, 0xE0, 0x00, 0x00, 0x00, 0x03, 0x80, 0x00, 0x01, 0xC0, 0x00, 
    0x00, 0x00, 0x01, 0x80, 0x00, 0x01, 0xC0, 0x00, 0x00, 0x00, 0x01, 0x80, 0x00, 0x03, 0x80, 0x00, 
    0x00, 0x00, 0x01, 0xC0, 0x00, 0x07, 0x00, 0x00, 0x00, 0x00, 0x00, 0xC0, 0x00, 0x0E, 0x00, 0x00, 
    0x00, 0x00, 0x00, 0xE0, 0x00, 0x1C, 0x00, 0x00, 0x00, 0x00, 0x00, 0x60, 0x00, 0x1C, 0x00, 0x00, 
    0x00, 0x00, 0x00, 0x70, 0x00, 0x38, 0x00, 0x00, 0x00, 0x00, 0x00, 0x70, 0x00, 0x70, 0x00, 0x00, 
    0x00, 0x00, 0x00, 0x30, 0x00, 0xE0, 0x00, 0x00, 0x00, 0x00, 0x00, 0x38, 0x01, 0xC0, 0x00, 0x00, 
    0x00, 0x00, 0x00, 0x18, 0x01, 0xC0, 0x00, 0x00, 0x00, 0x00, 0x00, 0x1C, 0x03, 0x80, 0x00, 0x00, 
    0x00, 0x00, 0x00, 0x0C, 0x07, 0x00, 0x00, 0x00, 0x00, 0x00, 0x00, 0x0C, 0x0E, 0x00, 0x00, 0x00, 
    0x00, 0x00, 0x00, 0x0E, 0x1C, 0x00, 0x00, 0x00, 0x00, 0x00, 0x00, 0x06, 0x38, 0x00, 0x00, 0x00, 
    0x00, 0x00, 0x00, 0x07, 0x38, 0x00, 0x00, 0x00, 0x00, 0x00, 0x00, 0x03, 0x70, 0x00, 0x00, 0x00, 
    0x00, 0x00, 0x00, 0x03, 0xE0, 0x00, 0x00, 0x00, 0x00, 0x00, 0x00, 0x03, 0xC0, 0x00, 0x00, 0x00, 
    0x00, 0x00, 0x00, 0x01, 0x80, 0x00, 0x00, 0x00, 0x00, 0x00, 0x00, 0x00, 0x00, 0x00, 0x00, 0x00, 
    0x00, 0x00, 0x00, 0x00, 0x00, 0x07, 0xFF, 0xC0, 0x00, 0x00, 0x00, 0x00, 0x00, 0x07, 0xFF, 0xC0, 
    0x00, 0x00, 0x00, 0x00, 0x00, 0x00, 0x00, 0x00, 0x00, 0x00, 0x00, 0x00, 0x00, 0x00, 0x00, 0x00, 
    0x00, 0x00, 0x00, 0x00, 0x00, 0x00, 0x00, 0x00, 0x00, 0x00, 0x00, 0x00, 0x00, 0x00, 0x00, 0x00, 
      },
  {
    0x00, 0x00, 0x00, 0x00, 0x00, 0x00, 0x00, 0x00, 0x00, 0x00, 0x00, 0x00, 0x00, 0x00, 0x00, 0x00, 
    0x00, 0x00, 0x00, 0x00, 0x00, 0x00, 0x00, 0x00, 0x00, 0x00, 0x00, 0x00, 0x00, 0x00, 0x00, 0x00, 
    0x00, 0x00, 0x00, 0x00, 0x00, 0x00, 0x00, 0x00, 0x00, 0x00, 0x00, 0x00, 0x00, 0x00, 0x00, 0x00, 
    0x00, 0x00, 0x00, 0x00, 0x00, 0x00, 0x00, 0x00, 0x00, 0x00, 0x00, 0x00, 0x1F, 0xC0, 0x00, 0x00, 
    0x00, 0x00, 0x00, 0x00, 0xFF, 0xF8, 0x00, 0x00, 0x00, 0x00, 0x00, 0x03, 0xFF, 0xFE, 0x00, 0x00, 
    0x00, 0x00, 0x00, 0x0F, 0x80, 0x0F, 0x80, 0x00, 0x00, 0x00, 0x00, 0x1E, 0x00, 0x03, 0xC0, 0x00, 
    0x00, 0x00, 0x00, 0x3C, 0x00, 0x01, 0xE0, 0x00, 0x00, 0x00, 0x00, 0x70, 0x00, 0x00, 0x70, 0x00, 
    0x00, 0x00, 0x00, 0xE0, 0x00, 0x00, 0x38, 0x00, 0x00, 0x00, 0x00, 0xE0, 0x00, 0x00, 0x18, 0x00, 
    0x00, 0x00, 0x01, 0xC0, 0x0F, 0x80, 0x1C, 0x00, 0x00, 0x00, 0x01, 0x80, 0x3F, 0xE0, 0x0C, 0x00, 
    0x00, 0x00, 0x03, 0x80, 0xFD, 0xF0, 0x0E, 0x00, 0x00, 0x00, 0x03, 0x01, 0xE0, 0x38, 0x06, 0x00, 
    0x00, 0x00, 0x03, 0x01, 0xC0, 0x1C, 0x06, 0x00, 0x00, 0x00, 0x07, 0x03, 0x80, 0x0C, 0x07, 0x00, 
    0x00, 0x00, 0x07, 0x03, 0x00, 0x0E, 0x07, 0x00, 0x00, 0x00, 0x06, 0x03, 0x00, 0x06, 0x03, 0x00, 
    0x00, 0x00, 0x06, 0x07, 0x00, 0x06, 0x03, 0x00, 0x00, 0x00, 0x06, 0x03, 0x00, 0x06, 0x03, 0x00, 
    0x00, 0x00, 0x06, 0x03, 0x00, 0x06, 0x07, 0x00, 0x00, 0x00, 0x07, 0x03, 0x00, 0x0E, 0x07, 0x00, 
    0x00, 0x00, 0x07, 0x03, 0x80, 0x0C, 0x07, 0x00, 0x00, 0x00, 0x03, 0x01, 0xC0, 0x1C, 0x06, 0x00, 
    0x00, 0x00, 0x03, 0x00, 0xE0, 0x38, 0x0E, 0x00, 0x00, 0x00, 0x03, 0x80, 0xFF, 0xF0, 0x0E, 0x00, 
    0x00, 0x00, 0x03, 0x80, 0x3F, 0xE0, 0x0C, 0x00, 0x00, 0x00, 0x01, 0x80, 0x0F, 0x00, 0x1C, 0x00, 
    0x00, 0x00, 0x01, 0xC0, 0x00, 0x00, 0x38, 0x00, 0x00, 0x00, 0x00, 0xC0, 0x00, 0x00, 0x70, 0x00, 
    0x00, 0x00, 0x00, 0xC0, 0x00, 0x00, 0xF0, 0x00, 0x00, 0x00, 0x00, 0xE0, 0x00, 0x00, 0xE0, 0x00, 
    0x00, 0x00, 0x00, 0x60, 0x00, 0x01, 0xC0, 0x00, 0x00, 0x00, 0x00, 0x60, 0x00, 0x03, 0x80, 0x00, 
    0x00, 0x00, 0x00, 0x70, 0x00, 0x07, 0x00, 0x00, 0x00, 0x00, 0x00, 0x30, 0x00, 0x0E, 0x00, 0x00, 
    0x00, 0x00, 0x00, 0x30, 0x00, 0x1C, 0x00, 0x00, 0x00, 0x00, 0x00, 0x38, 0x00, 0x38, 0x00, 0x00, 
    0x00, 0x00, 0x00, 0x18, 0x00, 0x70, 0x00, 0x00, 0x00, 0x00, 0x00, 0x1C, 0x00, 0xE0, 0x00, 0x00, 
    0x00, 0x00, 0x00, 0x1C, 0x01, 0xE0, 0x00, 0x00, 0x00, 0x00, 0x00, 0x0C, 0x01, 0xC0, 0x00, 0x00, 
    0x00, 0x00, 0x00, 0x0E, 0x03, 0x80, 0x00, 0x00, 0x00, 0x00, 0x00, 0x0E, 0x07, 0x00, 0x00, 0x00, 
    0x00, 0x00, 0x00, 0x06, 0x0E, 0x00, 0x00, 0x00, 0x00, 0x00, 0x00, 0x07, 0x1C, 0x00, 0x00, 0x00, 
    0x00, 0x00, 0x00, 0x07, 0x38, 0x00, 0x00, 0x00, 0x00, 0x00, 0x00, 0x03, 0x70, 0x00, 0x00, 0x00, 
    0x00, 0x00, 0x00, 0x03, 0xE0, 0x00, 0x00, 0x00, 0x00, 0x00, 0x00, 0x03, 0xC0, 0x00, 0x00, 0x00, 
    0x00, 0x00, 0x00, 0x01, 0xC0, 0x00, 0x00, 0x00, 0x00, 0x00, 0x00, 0x00, 0x00, 0x00, 0x00, 0x00, 
    0x00, 0x00, 0x00, 0x00, 0x00, 0xFF, 0xFF, 0xC0, 0x00, 0x00, 0x00, 0x00, 0x00, 0xFF, 0xFF, 0xC0, 
    0x00, 0x00, 0x00, 0x00, 0x00, 0x00, 0x00, 0x00, 0x00, 0x00, 0x00, 0x00, 0x00, 0x00, 0x00, 0x00, 
    0x00, 0x00, 0x00, 0x00, 0x00, 0x00, 0x00, 0x00, 0x00, 0x00, 0x00, 0x00, 0x00, 0x00, 0x00, 0x00, 
      },
  {
    0x00, 0x00, 0x00, 0x00, 0x00, 0x00, 0x00, 0x00, 0x00, 0x00, 0x00, 0x00, 0x00, 0x00, 0x00, 0x00, 
    0x00, 0x00, 0x00, 0x00, 0x00, 0x00, 0x00, 0x00, 0x00, 0x00, 0x00, 0x00, 0x00, 0x00, 0x00, 0x00, 
    0x00, 0x00, 0x00, 0x00, 0x00, 0x00, 0x00, 0x00, 0x00, 0x00, 0x00, 0x00, 0x00, 0x00, 0x00, 0x00, 
    0x00, 0x00, 0x00, 0x00, 0x00, 0x00, 0x00, 0x00, 0x00, 0x00, 0x00, 0x00, 0x00, 0x00, 0x00, 0x00, 
    0x00, 0x00, 0x00, 0x00, 0x00, 0x78, 0x00, 0x00, 0x03, 0x00, 0x00, 0x00, 0x07, 0xFF, 0x80, 0x00, 
    0x03, 0x00, 0x00, 0x00, 0x3F, 0xFF, 0xE0, 0x00, 0x00, 0x00, 0x00, 0x00, 0x7C, 0x00, 0xF8, 0x00, 
    0x00, 0x00, 0x00, 0x00, 0xF0, 0x00, 0x3C, 0x00, 0x00, 0x00, 0x00, 0x03, 0xC0, 0x00, 0x0E, 0x00, 
    0x00, 0x00, 0x00, 0x03, 0x80, 0x00, 0x07, 0x00, 0x00, 0x00, 0x00, 0x07, 0x00, 0x00, 0x03, 0x80, 
    0x00, 0x00, 0x00, 0x0E, 0x00, 0x00, 0x01, 0xC0, 0x00, 0x00, 0x00, 0x1C, 0x00, 0xF8, 0x01, 0xC0, 
    0x00, 0x00, 0x00, 0x1C, 0x03, 0xFE, 0x00, 0xE0, 0x00, 0x00, 0x00, 0x18, 0x07, 0xFF, 0x00, 0x60, 
    0x00, 0x00, 0x00, 0x38, 0x0E, 0x03, 0x80, 0x60, 0x00, 0x00, 0x00, 0x30, 0x1C, 0x01, 0xC0, 0x70, 
    0x00, 0x00, 0x00, 0x30, 0x18, 0x00, 0xE0, 0x30, 0x00, 0x00, 0x00, 0x70, 0x38, 0x00, 0x60, 0x30, 
    0x00, 0x00, 0x00, 0x70, 0x30, 0x00, 0x60, 0x30, 0x00, 0x00, 0x00, 0x70, 0x30, 0x00, 0x60, 0x30, 
    0x00, 0x00, 0x00, 0x70, 0x30, 0x00, 0x60, 0x30, 0x00, 0x00, 0x00, 0x70, 0x30, 0x00, 0x60, 0x30, 
    0x00, 0x00, 0x00, 0x70, 0x38, 0x00, 0x60, 0x30, 0x00, 0x00, 0x00, 0x70, 0x38, 0x00, 0xE0, 0x70, 
    0x00, 0x00, 0x00, 0x30, 0x1C, 0x01, 0xC0, 0x70, 0x00, 0x00, 0x00, 0x30, 0x0E, 0x03, 0x80, 0x60, 
    0x00, 0x00, 0x00, 0x30, 0x07, 0xFF, 0x80, 0xE0, 0x00, 0x00, 0x00, 0x38, 0x03, 0xFE, 0x00, 0xC0, 
    0x00, 0x00, 0x00, 0x38, 0x00, 0xF8, 0x01, 0xC0, 0x00, 0x00, 0x00, 0x18, 0x00, 0x00, 0x01, 0x80, 
    0x00, 0x00, 0x00, 0x18, 0x00, 0x00, 0x03, 0x80, 0x00, 0x00, 0x00, 0x18, 0x00, 0x00, 0x07, 0x00, 
    0x00, 0x00, 0x00, 0x1C, 0x00, 0x00, 0x0E, 0x00, 0x00, 0x00, 0x00, 0x1C, 0x00, 0x00, 0x3C, 0x00, 
    0x00, 0x00, 0x00, 0x0C, 0x00, 0x00, 0x78, 0x00, 0x00, 0x00, 0x00, 0x0C, 0x00, 0x00, 0xF0, 0x00, 
    0x00, 0x00, 0x00, 0x0C, 0x00, 0x01, 0xC0, 0x00, 0x00, 0x00, 0x00, 0x0E, 0x00, 0x03, 0x80, 0x00, 
    0x00, 0x00, 0x00, 0x0E, 0x00, 0x0F, 0x00, 0x00, 0x00, 0x00, 0x00, 0x06, 0x00, 0x1E, 0x00, 0x00, 
    0x00, 0x00, 0x00, 0x06, 0x00, 0x3C, 0x00, 0x00, 0x00, 0x00, 0x00, 0x06, 0x00, 0x70, 0x00, 0x00, 
    0x00, 0x00, 0x00, 0x07, 0x00, 0xE0, 0x00, 0x00, 0x00, 0x00, 0x00, 0x07, 0x03, 0xC0, 0x00, 0x00, 
    0x00, 0x00, 0x00, 0x03, 0x07, 0x80, 0x00, 0x00, 0x00, 0x00, 0x00, 0x03, 0x0F, 0x00, 0x00, 0x00, 
    0x00, 0x00, 0x00, 0x03, 0x1C, 0x00, 0x00, 0x00, 0x00, 0x00, 0x00, 0x03, 0xB8, 0x00, 0x00, 0x00, 
    0x00, 0x00, 0x00, 0x03, 0xF0, 0x00, 0x00, 0xC0, 0x00, 0x00, 0x00, 0x01, 0xE0, 0x00, 0x00, 0xC0, 
    0x00, 0x00, 0x00, 0x01, 0xC0, 0x00, 0x00, 0x00, 0x00, 0x00, 0x00, 0x00, 0x00, 0x00, 0x00, 0x00, 
    0x00, 0x00, 0x03, 0xFF, 0xFF, 0xFF, 0xFF, 0xC0, 0x00, 0x00, 0x03, 0xFF, 0xFF, 0xFF, 0xFF, 0xC0, 
    0x00, 0x00, 0x00, 0x00, 0x00, 0x00, 0x00, 0x00, 0x00, 0x00, 0x00, 0x00, 0x00, 0x00, 0x00, 0x00, 
    0x00, 0x00, 0x00, 0x00, 0x00, 0x00, 0x00, 0x00, 0x00, 0x00, 0x00, 0x00, 0x00, 0x00, 0x00, 0x00, 
      },
  {
    0x00, 0x00, 0x00, 0x00, 0x00, 0x00, 0x00, 0x00, 0x00, 0x00, 0x00, 0x00, 0x00, 0x00, 0x00, 0x00, 
    0x00, 0x00, 0x00, 0x00, 0x00, 0x00, 0x00, 0x00, 0x00, 0x00, 0x00, 0x00, 0x00, 0x00, 0x00, 0x00, 
    0x00, 0x00, 0x00, 0x00, 0x00, 0x00, 0x00, 0x00, 0x00, 0x00, 0x00, 0x00, 0x00, 0x00, 0x00, 0x00, 
    0x00, 0x00, 0x00, 0x00, 0x00, 0x00, 0x00, 0x00, 0x00, 0x00, 0x00, 0x00, 0x00, 0x00, 0x00, 0x00, 
    0x00, 0x00, 0x00, 0x00, 0x00, 0x00, 0x00, 0x00, 0x03, 0x00, 0x00, 0x00, 0x00, 0xFF, 0x80, 0x00, 
    0x03, 0x80, 0x00, 0x00, 0x07, 0xFF, 0xF0, 0x00, 0x01, 0x80, 0x00, 0x00, 0x1F, 0xC1, 0xF8, 0x00, 
    0x00, 0x00, 0x00, 0x00, 0x3C, 0x00, 0x3E, 0x00, 0x00, 0x00, 0x00, 0x00, 0xF0, 0x00, 0x0F, 0x00, 
    0x00, 0x00, 0x00, 0x01, 0xE0, 0x00, 0x03, 0x80, 0x00, 0x00, 0x00, 0x01, 0xC0, 0x00, 0x01, 0xC0, 
    0x00, 0x00, 0x00, 0x03, 0x80, 0x00, 0x00, 0xE0, 0x00, 0x00, 0x00, 0x07, 0x00, 0x00, 0x00, 0xE0, 
    0x00, 0x00, 0x00, 0x06, 0x00, 0xFF, 0x00, 0x70, 0x00, 0x00, 0x00, 0x0E, 0x01, 0xFF, 0x80, 0x30, 
    0x00, 0x00, 0x00, 0x0C, 0x03, 0xC3, 0xC0, 0x38, 0x00, 0x00, 0x00, 0x1C, 0x07, 0x00, 0xE0, 0x18, 
    0x00, 0x00, 0x00, 0x1C, 0x0E, 0x00, 0x70, 0x18, 0x00, 0x00, 0x00, 0x18, 0x0C, 0x00, 0x30, 0x18, 
    0x00, 0x00, 0x00, 0x18, 0x1C, 0x00, 0x38, 0x1C, 0x00, 0x00, 0x00, 0x18, 0x1C, 0x00, 0x38, 0x1C, 
    0x00, 0x00, 0x00, 0x18, 0x1C, 0x00, 0x38, 0x1C, 0x00, 0x00, 0x00, 0x18, 0x1C, 0x00, 0x38, 0x1C, 
    0x00, 0x00, 0x00, 0x18, 0x1C, 0x00, 0x38, 0x1C, 0x00, 0x00, 0x00, 0x18, 0x0C, 0x00, 0x30, 0x18, 
    0x00, 0x00, 0x00, 0x18, 0x0E, 0x00, 0x70, 0x18, 0x00, 0x00, 0x00, 0x18, 0x07, 0x00, 0xE0, 0x38, 
    0x00, 0x00, 0x00, 0x1C, 0x07, 0x81, 0xC0, 0x30, 0x00, 0x00, 0x00, 0x1C, 0x01, 0xFF, 0x80, 0x70, 
    0x00, 0x00, 0x00, 0x0C, 0x00, 0xFF, 0x00, 0x70, 0x00, 0x00, 0x00, 0x0C, 0x00, 0x00, 0x00, 0xE0, 
    0x00, 0x00, 0x00, 0x0C, 0x00, 0x00, 0x01, 0xC0, 0x00, 0x00, 0x00, 0x0C, 0x00, 0x00, 0x01, 0xC0, 
    0x00, 0x00, 0x00, 0x0E, 0x00, 0x00, 0x07, 0x80, 0x00, 0x00, 0x00, 0x0E, 0x00, 0x00, 0x0F, 0x00, 
    0x00, 0x00, 0x00, 0x0E, 0x00, 0x00, 0x1E, 0x00, 0x00, 0x00, 0x00, 0x06, 0x00, 0x00, 0x38, 0x00, 
    0x00, 0x00, 0x00, 0x06, 0x00, 0x00, 0xF0, 0x00, 0x00, 0x00, 0x00, 0x06, 0x00, 0x01, 0xE0, 0x00, 
    0x00, 0x00, 0x00, 0x06, 0x00, 0x03, 0xC0, 0x00, 0x00, 0x00, 0x00, 0x07, 0x00, 0x0F, 0x00, 0x00, 
    0x00, 0x00, 0x00, 0x07, 0x00, 0x1E, 0x00, 0x00, 0x00, 0x00, 0x00, 0x03, 0x00, 0x3C, 0x00, 0x00, 
    0x00, 0x00, 0x00, 0x03, 0x00, 0xF0, 0x00, 0x00, 0x00, 0x00, 0x00, 0x03, 0x01, 0xE0, 0x00, 0x00, 
    0x00, 0x00, 0x00, 0x03, 0x03, 0xC0, 0x00, 0x00, 0x00, 0x00, 0x00, 0x03, 0x0F, 0x00, 0x00, 0x00, 
    0x00, 0x00, 0x00, 0x03, 0x9E, 0x00, 0x00, 0x00, 0x00, 0x00, 0x00, 0x03, 0xBC, 0x00, 0x01, 0x80, 
    0x00, 0x00, 0x00, 0x01, 0xF0, 0x00, 0x01, 0xC0, 0x00, 0x00, 0x00, 0x01, 0xE0, 0x00, 0x00, 0xC0, 
    0x00, 0x00, 0x00, 0x01, 0xC0, 0x00, 0x00, 0x00, 0x00, 0x00, 0x00, 0x00, 0x00, 0x00, 0x00, 0x00, 
    0x00, 0x07, 0xFF, 0xFF, 0xFF, 0xFF, 0xFF, 0xC0, 0x00, 0x07, 0xFF, 0xFF, 0xFF, 0xFF, 0xFF, 0xC0, 
    0x00, 0x00, 0x00, 0x00, 0x00, 0x00, 0x00, 0x00, 0x00, 0x00, 0x00, 0x00, 0x00, 0x00, 0x00, 0x00, 
    0x00, 0x00, 0x00, 0x00, 0x00, 0x00, 0x00, 0x00, 0x00, 0x00, 0x00, 0x00, 0x00, 0x00, 0x00, 0x00, 
      },
  {
    0x00, 0x00, 0x00, 0x00, 0x00, 0x00, 0x00, 0x00, 0x00, 0x00, 0x00, 0x00, 0x00, 0x00, 0x00, 0x00, 
    0x00, 0x00, 0x00, 0x00, 0x00, 0x00, 0x00, 0x00, 0x00, 0x00, 0x00, 0x00, 0x00, 0x00, 0x00, 0x00, 
    0x00, 0x00, 0x00, 0x00, 0x00, 0x00, 0x00, 0x00, 0x00, 0x00, 0x00, 0x00, 0x00, 0x00, 0x00, 0x00, 
    0x00, 0x00, 0x00, 0x00, 0x00, 0x00, 0x00, 0x00, 0x00, 0x00, 0x00, 0x00, 0x00, 0x00, 0x00, 0x00, 
    0x00, 0x00, 0x00, 0x00, 0x00, 0x00, 0x00, 0x00, 0x03, 0x00, 0x00, 0x00, 0x00, 0x00, 0x00, 0x00, 
    0x03, 0xC0, 0x00, 0x00, 0x00, 0xFF, 0xF0, 0x00, 0x01, 0xE0, 0x00, 0x00, 0x03, 0xFF, 0xFC, 0x00, 
    0x00, 0xF0, 0x00, 0x00, 0x0F, 0xC0, 0x3F, 0x00, 0x00, 0x20, 0x00, 0x00, 0x1E, 0x00, 0x0F, 0x80, 
    0x00, 0x00, 0x00, 0x00, 0x38, 0x00, 0x03, 0xC0, 0x00, 0x00, 0x00, 0x00, 0x70, 0x00, 0x00, 0xE0, 
    0x00, 0x00, 0x00, 0x00, 0xE0, 0x00, 0x00, 0x70, 0x00, 0x00, 0x00, 0x01, 0xC0, 0x00, 0x00, 0x70, 
    0x00, 0x00, 0x00, 0x01, 0x80, 0x0E, 0x00, 0x38, 0x00, 0x00, 0x00, 0x03, 0x80, 0x7F, 0xC0, 0x1C, 
    0x00, 0x00, 0x00, 0x03, 0x00, 0xFF, 0xE0, 0x1C, 0x00, 0x00, 0x00, 0x07, 0x01, 0xC0, 0x70, 0x0C, 
    0x00, 0x00, 0x00, 0x06, 0x03, 0x80, 0x38, 0x0E, 0x00, 0x00, 0x00, 0x06, 0x03, 0x00, 0x18, 0x0E, 
    0x00, 0x00, 0x00, 0x0E, 0x07, 0x00, 0x1C, 0x06, 0x00, 0x00, 0x00, 0x0E, 0x06, 0x00, 0x0C, 0x06, 
    0x00, 0x00, 0x00, 0x0E, 0x06, 0x00, 0x0C, 0x06, 0x00, 0x00, 0x00, 0x0E, 0x06, 0x00, 0x0C, 0x06, 
    0x00, 0x00, 0x00, 0x0E, 0x06, 0x00, 0x0C, 0x06, 0x00, 0x00, 0x00, 0x0E, 0x06, 0x00, 0x0C, 0x06, 
    0x00, 0x00, 0x00, 0x0E, 0x07, 0x00, 0x1C, 0x0E, 0x00, 0x00, 0x00, 0x0E, 0x03, 0x80, 0x38, 0x0E, 
    0x00, 0x00, 0x00, 0x0E, 0x03, 0xC0, 0x78, 0x0C, 0x00, 0x00, 0x00, 0x06, 0x01, 0xF1, 0xF0, 0x1C, 
    0x00, 0x00, 0x00, 0x06, 0x00, 0x7F, 0xC0, 0x18, 0x00, 0x00, 0x00, 0x06, 0x00, 0x1F, 0x80, 0x38, 
    0x00, 0x00, 0x00, 0x06, 0x00, 0x00, 0x00, 0x30, 0x00, 0x00, 0x00, 0x06, 0x00, 0x00, 0x00, 0x70, 
    0x00, 0x00, 0x00, 0x06, 0x00, 0x00, 0x00, 0xE0, 0x00, 0x00, 0x00, 0x07, 0x00, 0x00, 0x01, 0xC0, 
    0x00, 0x00, 0x00, 0x07, 0x00, 0x00, 0x07, 0x80, 0x00, 0x00, 0x00, 0x07, 0x00, 0x00, 0x0F, 0x00, 
    0x00, 0x00, 0x00, 0x07, 0x00, 0x00, 0x3C, 0x00, 0x00, 0x00, 0x00, 0x03, 0x00, 0x00, 0x78, 0x00, 
    0x00, 0x00, 0x00, 0x03, 0x00, 0x01, 0xF0, 0x00, 0x00, 0x00, 0x00, 0x03, 0x00, 0x03, 0xC0, 0x00, 
    0x00, 0x00, 0x00, 0x03, 0x00, 0x0F, 0x80, 0x00, 0x00, 0x00, 0x00, 0x03, 0x00, 0x1E, 0x00, 0x00, 
    0x03, 0x00, 0x00, 0x03, 0x00, 0x7C, 0x00, 0x00, 0x03, 0x00, 0x00, 0x03, 0x80, 0xF0, 0x00, 0x00, 
    0x03, 0x00, 0x00, 0x03, 0x81, 0xE0, 0x00, 0x00, 0x03, 0x00, 0x00, 0x03, 0x87, 0x80, 0x06, 0x00, 
    0x03, 0x00, 0x00, 0x03, 0x8F, 0x00, 0x07, 0x00, 0x03, 0x00, 0x00, 0x01, 0xBC, 0x00, 0x07, 0x80, 
    0x03, 0x00, 0x00, 0x01, 0xF8, 0x00, 0x01, 0xC0, 0x03, 0x00, 0x00, 0x01, 0xE0, 0x00, 0x00, 0xC0, 
    0x03, 0x00, 0x00, 0x01, 0xC0, 0x00, 0x00, 0x00, 0x03, 0x00, 0x00, 0x00, 0x00, 0x00, 0x00, 0x00, 
    0x03, 0xFF, 0xFF, 0xFF, 0xFF, 0xFF, 0xFF, 0xC0, 0x03, 0xFF, 0xFF, 0xFF, 0xFF, 0xFF, 0xFF, 0xC0, 
    0x00, 0x00, 0x00, 0x00, 0x00, 0x00, 0x00, 0x00, 0x00, 0x00, 0x00, 0x00, 0x00, 0x00, 0x00, 0x00, 
    0x00, 0x00, 0x00, 0x00, 0x00, 0x00, 0x00, 0x00, 0x00, 0x00, 0x00, 0x00, 0x00, 0x00, 0x00, 0x00, 
      },
  {
    0x00, 0x00, 0x00, 0x00, 0x00, 0x00, 0x00, 0x00, 0x00, 0x00, 0x00, 0x00, 0x00, 0x00, 0x00, 0x00, 
    0x00, 0x00, 0x00, 0x00, 0x00, 0x00, 0x00, 0x00, 0x00, 0x00, 0x00, 0x00, 0x00, 0x00, 0x00, 0x00, 
    0x00, 0x00, 0x00, 0x00, 0x00, 0x00, 0x00, 0x00, 0x00, 0x00, 0x00, 0x00, 0x00, 0x00, 0x00, 0x00, 
    0x00, 0x00, 0x00, 0x00, 0x00, 0x00, 0x00, 0x00, 0x00, 0x00, 0x00, 0x00, 0x00, 0x00, 0x00, 0x00, 
    0x00, 0x00, 0x00, 0x00, 0x00, 0x00, 0x00, 0x00, 0x03, 0x00, 0x00, 0x00, 0x00, 0x00, 0x00, 0x00, 
    0x03, 0xC0, 0x00, 0x00, 0x00, 0x7F, 0xE0, 0x00, 0x01, 0xE0, 0x00, 0x00, 0x03, 0xFF, 0xFC, 0x00, 
    0x00, 0xF0, 0x00, 0x00, 0x07, 0xE0, 0x3F, 0x00, 0x00, 0x38, 0x00, 0x00, 0x1F, 0x00, 0x0F, 0x80, 
    0x00, 0x1E, 0x00, 0x00, 0x3C, 0x00, 0x03, 0xC0, 0x00, 0x0E, 0x00, 0x00, 0x78, 0x00, 0x00, 0xE0, 
    0x00, 0x06, 0x00, 0x00, 0xE0, 0x00, 0x00, 0x70, 0x00, 0x00, 0x00, 0x00, 0xC0, 0x00, 0x00, 0x38, 
    0x00, 0x00, 0x00, 0x01, 0xC0, 0x00, 0x00, 0x38, 0x00, 0x00, 0x00, 0x03, 0x80, 0x3F, 0xC0, 0x1C, 
    0x00, 0x00, 0x00, 0x03, 0x80, 0xFF, 0xE0, 0x0C, 0x00, 0x00, 0x00, 0x03, 0x01, 0xE0, 0xF0, 0x0E, 
    0x00, 0x00, 0x00, 0x07, 0x03, 0xC0, 0x38, 0x0E, 0x00, 0x00, 0x00, 0x06, 0x03, 0x80, 0x1C, 0x06, 
    0x00, 0x00, 0x00, 0x06, 0x07, 0x00, 0x0C, 0x06, 0x00, 0x00, 0x00, 0x06, 0x07, 0x00, 0x0C, 0x06, 
    0x00, 0x00, 0x00, 0x0E, 0x06, 0x00, 0x0E, 0x07, 0x00, 0x00, 0x00, 0x0E, 0x06, 0x00, 0x0E, 0x07, 
    0x00, 0x00, 0x00, 0x0E, 0x06, 0x00, 0x0E, 0x06, 0x03, 0x00, 0x00, 0x0E, 0x07, 0x00, 0x0C, 0x06, 
    0x03, 0x00, 0x00, 0x06, 0x03, 0x00, 0x1C, 0x06, 0x03, 0x00, 0x00, 0x06, 0x03, 0x80, 0x1C, 0x0E, 
    0x03, 0x00, 0x00, 0x06, 0x01, 0xC0, 0x38, 0x0E, 0x03, 0x00, 0x00, 0x06, 0x00, 0xF0, 0xF0, 0x0C, 
    0x03, 0x00, 0x00, 0x06, 0x00, 0x7F, 0xE0, 0x1C, 0x03, 0x00, 0x00, 0x06, 0x00, 0x3F, 0x80, 0x18, 
    0x03, 0x00, 0x00, 0x06, 0x00, 0x00, 0x00, 0x38, 0x03, 0x00, 0x00, 0x07, 0x00, 0x00, 0x00, 0x70, 
    0x03, 0x00, 0x00, 0x07, 0x00, 0x00, 0x00, 0xE0, 0x03, 0x00, 0x00, 0x07, 0x00, 0x00, 0x01, 0xC0, 
    0x03, 0x00, 0x00, 0x07, 0x00, 0x00, 0x03, 0x80, 0x03, 0x00, 0x00, 0x03, 0x00, 0x00, 0x0F, 0x00, 
    0x03, 0x00, 0x00, 0x03, 0x00, 0x00, 0x1E, 0x00, 0x03, 0x00, 0x00, 0x03, 0x00, 0x00, 0x78, 0x00, 
    0x03, 0x00, 0x00, 0x03, 0x00, 0x00, 0xF0, 0x00, 0x03, 0x00, 0x00, 0x03, 0x00, 0x03, 0xC0, 0x00, 
    0x03, 0x00, 0x00, 0x03, 0x00, 0x07, 0x80, 0x00, 0x03, 0x00, 0x00, 0x03, 0x00, 0x1E, 0x00, 0x00, 
    0x03, 0x00, 0x00, 0x03, 0x80, 0x3C, 0x60, 0x00, 0x03, 0x00, 0x00, 0x03, 0x80, 0xF0, 0x70, 0x00, 
    0x03, 0x00, 0x00, 0x03, 0x81, 0xE0, 0x38, 0x00, 0x03, 0x00, 0x00, 0x03, 0x87, 0x80, 0x1E, 0x00, 
    0x03, 0x00, 0x00, 0x01, 0x8F, 0x00, 0x0F, 0x00, 0x03, 0x00, 0x00, 0x01, 0xBC, 0x00, 0x07, 0x80, 
    0x03, 0x00, 0x00, 0x01, 0xF8, 0x00, 0x01, 0xC0, 0x03, 0x00, 0x00, 0x01, 0xE0, 0x00, 0x00, 0xC0, 
    0x03, 0x00, 0x00, 0x01, 0xC0, 0x00, 0x00, 0x00, 0x03, 0x00, 0x00, 0x00, 0x00, 0x00, 0x00, 0x00, 
    0x03, 0xFF, 0xFF, 0xFF, 0xFF, 0xFF, 0xFF, 0xC0, 0x03, 0xFF, 0xFF, 0xFF, 0xFF, 0xFF, 0xFF, 0xC0, 
    0x00, 0x00, 0x00, 0x00, 0x00, 0x00, 0x00, 0x00, 0x00, 0x00, 0x00, 0x00, 0x00, 0x00, 0x00, 0x00, 
    0x00, 0x00, 0x00, 0x00, 0x00, 0x00, 0x00, 0x00, 0x00, 0x00, 0x00, 0x00, 0x00, 0x00, 0x00, 0x00, 
      },
  {
    0x00, 0x00, 0x00, 0x00, 0x00, 0x00, 0x00, 0x00, 0x00, 0x00, 0x00, 0x00, 0x00, 0x00, 0x00, 0x00, 
    0x00, 0x00, 0x00, 0x00, 0x00, 0x00, 0x00, 0x00, 0x00, 0x00, 0x00, 0x00, 0x00, 0x00, 0x00, 0x00, 
    0x00, 0x00, 0x00, 0x00, 0x00, 0x00, 0x00, 0x00, 0x00, 0x00, 0x00, 0x00, 0x00, 0x00, 0x00, 0x00, 
    0x00, 0x00, 0x00, 0x00, 0x00, 0x00, 0x00, 0x00, 0x00, 0x00, 0x00, 0x00, 0x00, 0x00, 0x00, 0x00, 
    0x00, 0x00, 0x00, 0x00, 0x00, 0x00, 0x00, 0x00, 0x03, 0x00, 0x00, 0x00, 0x00, 0x00, 0x00, 0x00, 
    0x03, 0xC0, 0x00, 0x00, 0x00, 0xFF, 0x80, 0x00, 0x03, 0xE0, 0x00, 0x00, 0x03, 0xFF, 0xF0, 0x00, 
    0x03, 0xF0, 0x00, 0x00, 0x0F, 0xC1, 0xF8, 0x00, 0x03, 0x38, 0x00, 0x00, 0x3E, 0x00, 0x3E, 0x00, 
    0x03, 0x1E, 0x00, 0x00, 0x78, 0x00, 0x0F, 0x00, 0x03, 0x0F, 0x00, 0x00, 0xE0, 0x00, 0x03, 0x80, 
    0x03, 0x07, 0x80, 0x01, 0xC0, 0x00, 0x01, 0xC0, 0x03, 0x03, 0xC0, 0x03, 0x80, 0x00, 0x00, 0xE0, 
    0x03, 0x00, 0xE0, 0x03, 0x80, 0x00, 0x00, 0x60, 0x03, 0x00, 0x70, 0x07, 0x00, 0x7F, 0x00, 0x70, 
    0x03, 0x00, 0x30, 0x06, 0x01, 0xFF, 0xC0, 0x30, 0x03, 0x00, 0x00, 0x0E, 0x03, 0xC1, 0xE0, 0x38, 
    0x03, 0x00, 0x00, 0x0C, 0x07, 0x00, 0xE0, 0x18, 0x03, 0x00, 0x00, 0x0C, 0x06, 0x00, 0x70, 0x18, 
    0x03, 0x00, 0x00, 0x0C, 0x0E, 0x00, 0x38, 0x18, 0x03, 0x00, 0x00, 0x1C, 0x0C, 0x00, 0x38, 0x1C, 
    0x03, 0x00, 0x00, 0x1C, 0x0C, 0x00, 0x18, 0x1C, 0x03, 0x00, 0x00, 0x1C, 0x0C, 0x00, 0x18, 0x1C, 
    0x03, 0x00, 0x00, 0x1C, 0x0C, 0x00, 0x18, 0x1C, 0x03, 0x00, 0x00, 0x1C, 0x0C, 0x00, 0x38, 0x1C, 
    0x03, 0x00, 0x00, 0x1C, 0x0E, 0x00, 0x30, 0x18, 0x03, 0x00, 0x00, 0x0C, 0x07, 0x00, 0x70, 0x18, 
    0x03, 0x00, 0x00, 0x0C, 0x07, 0x80, 0xE0, 0x38, 0x03, 0x00, 0x00, 0x0C, 0x03, 0xE3, 0xC0, 0x30, 
    0x03, 0x00, 0x00, 0x0C, 0x01, 0xFF, 0x80, 0x70, 0x03, 0x00, 0x00, 0x0C, 0x00, 0x7E, 0x00, 0x60, 
    0x03, 0x00, 0x00, 0x0E, 0x00, 0x00, 0x00, 0xE0, 0x03, 0x00, 0x00, 0x0E, 0x00, 0x00, 0x01, 0xC0, 
    0x03, 0x00, 0x00, 0x0E, 0x00, 0x00, 0x03, 0x80, 0x03, 0x00, 0x00, 0x06, 0x00, 0x00, 0x07, 0x80, 
    0x03, 0x00, 0x00, 0x06, 0x00, 0x00, 0x0F, 0x00, 0x03, 0x00, 0x00, 0x06, 0x00, 0x00, 0x3C, 0x00, 
    0x03, 0x00, 0x00, 0x06, 0x00, 0x00, 0x78, 0x00, 0x03, 0x00, 0x00, 0x07, 0x00, 0x00, 0xF0, 0x00, 
    0x03, 0x00, 0x00, 0x07, 0x00, 0x03, 0xC0, 0x00, 0x03, 0x00, 0x00, 0x07, 0x00, 0x07, 0x80, 0x00, 
    0x03, 0x00, 0x00, 0x03, 0x00, 0x0F, 0x80, 0x00, 0x03, 0x00, 0x00, 0x03, 0x00, 0x3F, 0xC0, 0x00, 
    0x03, 0x00, 0x00, 0x03, 0x00, 0x79, 0xE0, 0x00, 0x03, 0x00, 0x00, 0x03, 0x01, 0xE0, 0x70, 0x00, 
    0x03, 0x00, 0x00, 0x03, 0x03, 0xC0, 0x38, 0x00, 0x03, 0x00, 0x00, 0x03, 0x87, 0x80, 0x1E, 0x00, 
    0x03, 0x00, 0x00, 0x03, 0x9E, 0x00, 0x0F, 0x00, 0x03, 0x00, 0x00, 0x03, 0xBC, 0x00, 0x07, 0x80, 
    0x03, 0x00, 0x00, 0x01, 0xF8, 0x00, 0x01, 0xC0, 0x03, 0x00, 0x00, 0x01, 0xE0, 0x00, 0x00, 0xC0, 
    0x03, 0x00, 0x00, 0x01, 0xC0, 0x00, 0x00, 0x00, 0x03, 0x00, 0x00, 0x00, 0x00, 0x00, 0x00, 0x00, 
    0x03, 0xFF, 0xFF, 0xFF, 0xFF, 0xFF, 0xFF, 0xC0, 0x03, 0xFF, 0xFF, 0xFF, 0xFF, 0xFF, 0xFF, 0xC0, 
    0x00, 0x00, 0x00, 0x00, 0x00, 0x00, 0x00, 0x00, 0x00, 0x00, 0x00, 0x00, 0x00, 0x00, 0x00, 0x00, 
    0x00, 0x00, 0x00, 0x00, 0x00, 0x00, 0x00, 0x00, 0x00, 0x00, 0x00, 0x00, 0x00, 0x00, 0x00, 0x00, 
      },
  {
    0x00, 0x00, 0x00, 0x00, 0x00, 0x00, 0x00, 0x00, 0x00, 0x00, 0x00, 0x00, 0x00, 0x00, 0x00, 0x00, 
    0x00, 0x00, 0x00, 0x00, 0x00, 0x00, 0x00, 0x00, 0x00, 0x00, 0x00, 0x00, 0x00, 0x00, 0x00, 0x00, 
    0x03, 0xFE, 0x00, 0x00, 0x00, 0x00, 0x00, 0x00, 0x03, 0xFE, 0x00, 0x00, 0x00, 0x00, 0x00, 0x00, 
    0x03, 0x00, 0x00, 0x00, 0x00, 0x00, 0x00, 0x00, 0x03, 0x00, 0x00, 0x00, 0x00, 0x00, 0x00, 0x00, 
    0x03, 0x00, 0x00, 0x00, 0x00, 0x00, 0x00, 0x00, 0x03, 0x00, 0x00, 0x00, 0x00, 0x00, 0x00, 0x00, 
    0x03, 0xC0, 0x00, 0x00, 0x00, 0x70, 0x00, 0x00, 0x03, 0xE0, 0x00, 0x00, 0x07, 0xFF, 0x80, 0x00, 
    0x03, 0xF0, 0x00, 0x00, 0x1F, 0xFF, 0xE0, 0x00, 0x03, 0x38, 0x00, 0x00, 0x7C, 0x01, 0xF8, 0x00, 
    0x03, 0x1E, 0x00, 0x00, 0xF0, 0x00, 0x3C, 0x00, 0x03, 0x0F, 0x00, 0x01, 0xC0, 0x00, 0x1E, 0x00, 
    0x03, 0x07, 0x80, 0x03, 0x80, 0x00, 0x0F, 0x00, 0x03, 0x03, 0xC0, 0x07, 0x00, 0x00, 0x07, 0x00, 
    0x03, 0x00, 0xE0, 0x0E, 0x00, 0x00, 0x03, 0x80, 0x03, 0x00, 0x78, 0x0E, 0x00, 0xFC, 0x01, 0xC0, 
    0x03, 0x00, 0x3C, 0x1C, 0x03, 0xFF, 0x00, 0xC0, 0x03, 0x00, 0x1E, 0x1C, 0x07, 0x8F, 0x80, 0xE0, 
    0x03, 0x00, 0x07, 0x18, 0x0E, 0x03, 0xC0, 0xE0, 0x03, 0x00, 0x02, 0x38, 0x1C, 0x01, 0xC0, 0x60, 
    0x03, 0x00, 0x00, 0x38, 0x18, 0x00, 0xE0, 0x60, 0x03, 0x00, 0x00, 0x30, 0x38, 0x00, 0xE0, 0x70, 
    0x03, 0x00, 0x00, 0x30, 0x38, 0x00, 0x60, 0x70, 0x03, 0x00, 0x00, 0x30, 0x30, 0x00, 0x60, 0x70, 
    0x03, 0x00, 0x00, 0x30, 0x38, 0x00, 0x60, 0x70, 0x03, 0x00, 0x00, 0x30, 0x38, 0x00, 0xE0, 0x60, 
    0x03, 0x00, 0x00, 0x30, 0x18, 0x00, 0xE0, 0x60, 0x03, 0x00, 0x00, 0x38, 0x1C, 0x01, 0xC0, 0x60, 
    0x03, 0x00, 0x00, 0x38, 0x0E, 0x03, 0x80, 0xE0, 0x03, 0x00, 0x00, 0x18, 0x07, 0xCF, 0x80, 0xC0, 
    0x03, 0x00, 0x00, 0x18, 0x03, 0xFE, 0x01, 0xC0, 0x03, 0x00, 0x00, 0x18, 0x00, 0xF8, 0x01, 0x80, 
    0x03, 0x00, 0x00, 0x1C, 0x00, 0x00, 0x03, 0x80, 0x03, 0x00, 0x00, 0x1C, 0x00, 0x00, 0x07, 0x00, 
    0x03, 0x00, 0x00, 0x0C, 0x00, 0x00, 0x0E, 0x00, 0x03, 0x00, 0x00, 0x0C, 0x00, 0x00, 0x1C, 0x00, 
    0x03, 0x00, 0x00, 0x0C, 0x00, 0x00, 0x38, 0x00, 0x03, 0x00, 0x00, 0x0E, 0x00, 0x00, 0xF0, 0x00, 
    0x03, 0x00, 0x00, 0x0E, 0x00, 0x01, 0xE0, 0x00, 0x03, 0x00, 0x00, 0x0E, 0x00, 0x03, 0xC0, 0x00, 
    0x03, 0x00, 0x00, 0x06, 0x00, 0x07, 0x80, 0x00, 0x03, 0x00, 0x00, 0x06, 0x00, 0x0F, 0x00, 0x00, 
    0x03, 0x00, 0x00, 0x06, 0x00, 0x3F, 0x80, 0x00, 0x03, 0x00, 0x00, 0x07, 0x00, 0x7B, 0xC0, 0x00, 
    0x03, 0x00, 0x00, 0x07, 0x00, 0xF1, 0xE0, 0x00, 0x03, 0x00, 0x00, 0x03, 0x01, 0xC0, 0x70, 0x00, 
    0x03, 0x00, 0x00, 0x03, 0x07, 0x80, 0x38, 0x00, 0x03, 0x00, 0x00, 0x03, 0x0F, 0x00, 0x1E, 0x00, 
    0x03, 0x00, 0x00, 0x03, 0x9E, 0x00, 0x0F, 0x00, 0x03, 0x00, 0x00, 0x03, 0xB8, 0x00, 0x07, 0x80, 
    0x03, 0x00, 0x00, 0x03, 0xF0, 0x00, 0x01, 0xC0, 0x03, 0x00, 0x00, 0x01, 0xE0, 0x00, 0x00, 0xC0, 
    0x03, 0x00, 0x00, 0x01, 0xC0, 0x00, 0x00, 0x00, 0x03, 0x00, 0x00, 0x00, 0x00, 0x00, 0x00, 0x00, 
    0x03, 0xFF, 0xFF, 0xFF, 0xFF, 0xFF, 0xFF, 0xC0, 0x03, 0xFF, 0xFF, 0xFF, 0xFF, 0xFF, 0xFF, 0xC0, 
    0x00, 0x00, 0x00, 0x00, 0x00, 0x00, 0x00, 0x00, 0x00, 0x00, 0x00, 0x00, 0x00, 0x00, 0x00, 0x00, 
    0x00, 0x00, 0x00, 0x00, 0x00, 0x00, 0x00, 0x00, 0x00, 0x00, 0x00, 0x00, 0x00, 0x00, 0x00, 0x00, 
      },
  {
    0x00, 0x00, 0x00, 0x00, 0x00, 0x00, 0x00, 0x00, 0x00, 0x00, 0x00, 0x00, 0x00, 0x00, 0x00, 0x00, 
    0x00, 0x00, 0x00, 0x00, 0x00, 0x00, 0x00, 0x00, 0x00, 0x00, 0x00, 0x00, 0x00, 0x00, 0x00, 0x00, 
    0x03, 0xFF, 0xFF, 0xFF, 0xFF, 0xFF, 0xE0, 0x00, 0x03, 0xFF, 0xFF, 0xFF, 0xFF, 0xFF, 0xE0, 0x00, 
    0x03, 0x00, 0x00, 0x00, 0x00, 0x00, 0x00, 0x00, 0x03, 0x00, 0x00, 0x00, 0x00, 0x00, 0x00, 0x00, 
    0x03, 0x00, 0x00, 0x00, 0x00, 0x00, 0x00, 0x00, 0x03, 0x00, 0x00, 0x00, 0x00, 0x00, 0x00, 0x00, 
    0x03, 0xC0, 0x00, 0x00, 0x00, 0x00, 0x00, 0x00, 0x03, 0xE0, 0x00, 0x00, 0x00, 0x00, 0x00, 0x00, 
    0x03, 0xF0, 0x00, 0x00, 0x00, 0x00, 0x00, 0x00, 0x03, 0x38, 0x00, 0x00, 0x00, 0x00, 0x00, 0x00, 
    0x03, 0x1E, 0x00, 0x00, 0xFC, 0x00, 0x00, 0x00, 0x03, 0x0F, 0x00, 0x07, 0xFF, 0x80, 0x00, 0x00, 
    0x03, 0x07, 0x80, 0x1F, 0xFF, 0xE0, 0x00, 0x00, 0x03, 0x03, 0xC0, 0x3C, 0x00, 0xF0, 0x00, 0x00, 
    0x03, 0x00, 0xE0, 0x70, 0x00, 0x3C, 0x00, 0x00, 0x03, 0x00, 0x78, 0xE0, 0x00, 0x1C, 0x00, 0x00, 
    0x03, 0x00, 0x3D, 0xC0, 0x00, 0x0E, 0x00, 0x00, 0x03, 0x00, 0x1F, 0x80, 0x00, 0x07, 0x00, 0x00, 
    0x03, 0x00, 0x07, 0x00, 0xFC, 0x03, 0x80, 0x00, 0x03, 0x00, 0x07, 0x03, 0xFF, 0x03, 0xE0, 0x00, 
    0x03, 0x00, 0x06, 0x07, 0x87, 0x81, 0xF0, 0x00, 0x03, 0x00, 0x06, 0x0E, 0x03, 0x81, 0xF8, 0x00, 
    0x03, 0x00, 0x0E, 0x0E, 0x01, 0xC1, 0xD8, 0x00, 0x03, 0x00, 0x0E, 0x0C, 0x00, 0xC0, 0xC0, 0x00, 
    0x03, 0x00, 0x0E, 0x1C, 0x00, 0xE0, 0xC0, 0x00, 0x03, 0x00, 0x0E, 0x1C, 0x00, 0xE0, 0xC0, 0x00, 
    0x03, 0x00, 0x0E, 0x1C, 0x00, 0xC0, 0xC0, 0x00, 0x03, 0x00, 0x0E, 0x0C, 0x00, 0xC1, 0xC0, 0x00, 
    0x03, 0x00, 0x0E, 0x0E, 0x01, 0xC1, 0xC0, 0x00, 0x03, 0x00, 0x06, 0x07, 0x03, 0x81, 0x80, 0x00, 
    0x03, 0x00, 0x06, 0x07, 0xCF, 0x81, 0x80, 0x00, 0x03, 0x00, 0x07, 0x03, 0xFF, 0x03, 0x80, 0x00, 
    0x03, 0x00, 0x03, 0x00, 0xFC, 0x07, 0x00, 0x00, 0x03, 0x00, 0x03, 0x80, 0x00, 0x07, 0x00, 0x00, 
    0x03, 0x1C, 0x01, 0x80, 0x00, 0x0E, 0x00, 0x00, 0x03, 0x1E, 0x01, 0xC0, 0x00, 0x1C, 0x00, 0x00, 
    0x03, 0x0F, 0x00, 0xC0, 0x00, 0x18, 0x00, 0x00, 0x03, 0x07, 0x80, 0xE0, 0x00, 0x38, 0x00, 0x00, 
    0x03, 0x01, 0xC0, 0xE0, 0x00, 0x70, 0x00, 0x00, 0x03, 0x00, 0xF0, 0x60, 0x00, 0xF8, 0x00, 0x00, 
    0x03, 0x00, 0x78, 0x70, 0x00, 0xFC, 0x00, 0x00, 0x03, 0x00, 0x3C, 0x30, 0x01, 0xCE, 0x00, 0x00, 
    0x03, 0x00, 0x0E, 0x38, 0x03, 0x87, 0x80, 0x00, 0x03, 0x00, 0x07, 0x98, 0x07, 0x03, 0xC0, 0x00, 
    0x03, 0x00, 0x03, 0xDC, 0x0E, 0x01, 0xE0, 0x00, 0x03, 0x00, 0x01, 0xCC, 0x0E, 0x00, 0x70, 0x00, 
    0x03, 0x00, 0x00, 0x0E, 0x1C, 0x00, 0x38, 0x00, 0x03, 0x00, 0x00, 0x06, 0x38, 0x00, 0x1E, 0x00, 
    0x03, 0x00, 0x00, 0x07, 0x70, 0x00, 0x0F, 0x00, 0x03, 0x00, 0x00, 0x07, 0x70, 0x00, 0x07, 0x80, 
    0x03, 0x00, 0x00, 0x03, 0xE0, 0x00, 0x01, 0xC0, 0x03, 0x00, 0x00, 0x03, 0xC0, 0x00, 0x00, 0xC0, 
    0x03, 0x00, 0x00, 0x01, 0x80, 0x00, 0x00, 0x00, 0x03, 0x00, 0x00, 0x00, 0x00, 0x00, 0x00, 0x00, 
    0x03, 0xFF, 0xFF, 0xFF, 0xFF, 0xFF, 0xFF, 0xC0, 0x03, 0xFF, 0xFF, 0xFF, 0xFF, 0xFF, 0xFF, 0xC0, 
    0x00, 0x00, 0x00, 0x00, 0x00, 0x00, 0x00, 0x00, 0x00, 0x00, 0x00, 0x00, 0x00, 0x00, 0x00, 0x00, 
    0x00, 0x00, 0x00, 0x00, 0x00, 0x00, 0x00, 0x00, 0x00, 0x00, 0x00, 0x00, 0x00, 0x00, 0x00, 0x00, 
      },
  {
    0x00, 0x00, 0x00, 0x00, 0x00, 0x00, 0x00, 0x00, 0x00, 0x00, 0x00, 0x00, 0x00, 0x00, 0x00, 0x00, 
    0x00, 0x00, 0x00, 0x00, 0x00, 0x00, 0x00, 0x00, 0x00, 0x00, 0x00, 0x00, 0x00, 0x00, 0x00, 0x00, 
    0x03, 0xFF, 0xFF, 0xFF, 0xFF, 0xFF, 0xFC, 0x00, 0x03, 0xFF, 0xFF, 0xFF, 0xFF, 0xFF, 0xFC, 0x00, 
    0x03, 0x00, 0x00, 0x00, 0x00, 0x00, 0x00, 0x00, 0x03, 0x00, 0x00, 0x00, 0x00, 0x00, 0x00, 0x00, 
    0x03, 0x00, 0x00, 0x00, 0x00, 0x00, 0x00, 0x00, 0x03, 0x00, 0x00, 0x00, 0x00, 0x00, 0x00, 0x00, 
    0x03, 0xC0, 0x00, 0x00, 0x00, 0x00, 0x00, 0x00, 0x03, 0xE0, 0x00, 0x00, 0x00, 0x00, 0x00, 0x00, 
    0x03, 0xF0, 0x00, 0x00, 0x00, 0x00, 0x00, 0x00, 0x03, 0x38, 0x00, 0x00, 0x00, 0x00, 0x00, 0x00, 
    0x03, 0x1E, 0x00, 0x00, 0x00, 0x00, 0x00, 0x00, 0x03, 0x0F, 0x00, 0x03, 0xFF, 0x80, 0x00, 0x00, 
    0x03, 0x07, 0x80, 0x1F, 0xFF, 0xC0, 0x00, 0x00, 0x03, 0x03, 0xC0, 0x3E, 0x07, 0xE0, 0x00, 0x00, 
    0x03, 0x00, 0xE0, 0x78, 0x00, 0xF8, 0x00, 0x00, 0x03, 0x00, 0x78, 0xE0, 0x00, 0x3C, 0x00, 0x00, 
    0x03, 0x00, 0x3D, 0xC0, 0x00, 0x1E, 0x00, 0x00, 0x03, 0x00, 0x1F, 0x80, 0x00, 0x0F, 0x00, 0x00, 
    0x03, 0x00, 0x07, 0x00, 0xF0, 0x07, 0x80, 0x00, 0x03, 0x00, 0x07, 0x03, 0xFC, 0x07, 0xE0, 0x00, 
    0x03, 0x00, 0x0E, 0x07, 0xFF, 0x03, 0xF0, 0x00, 0x03, 0x00, 0x0E, 0x0E, 0x07, 0x03, 0x38, 0x00, 
    0x03, 0x00, 0x0C, 0x1C, 0x03, 0x83, 0x9C, 0x00, 0x03, 0x00, 0x0C, 0x1C, 0x01, 0x81, 0x8E, 0x00, 
    0x03, 0x00, 0x0C, 0x18, 0x01, 0xC1, 0x80, 0x00, 0x03, 0x00, 0x0C, 0x18, 0x01, 0xC1, 0x80, 0x00, 
    0x03, 0x00, 0x0C, 0x18, 0x01, 0xC1, 0x80, 0x00, 0x03, 0x00, 0x0C, 0x18, 0x01, 0xC1, 0x80, 0x00, 
    0x03, 0x00, 0x0C, 0x1C, 0x01, 0x83, 0x80, 0x00, 0x03, 0x00, 0x0E, 0x0E, 0x03, 0x83, 0x80, 0x00, 
    0x03, 0x00, 0x0E, 0x0F, 0x0F, 0x03, 0x00, 0x00, 0x03, 0x00, 0x06, 0x07, 0xFE, 0x07, 0x00, 0x00, 
    0x03, 0x00, 0x07, 0x01, 0xFC, 0x06, 0x00, 0x00, 0x03, 0x30, 0x03, 0x00, 0x00, 0x0E, 0x00, 0x00, 
    0x03, 0x3C, 0x03, 0x80, 0x00, 0x1C, 0x00, 0x00, 0x03, 0x1E, 0x01, 0x80, 0x00, 0x1C, 0x00, 0x00, 
    0x03, 0x0F, 0x01, 0xC0, 0x00, 0x38, 0x00, 0x00, 0x03, 0x07, 0x80, 0xC0, 0x00, 0x70, 0x00, 0x00, 
    0x03, 0x01, 0xC0, 0xE0, 0x00, 0x70, 0x00, 0x00, 0x03, 0x00, 0xF0, 0xE0, 0x00, 0xF8, 0x00, 0x00, 
    0x03, 0x00, 0x78, 0x70, 0x01, 0xFC, 0x00, 0x00, 0x03, 0x00, 0x3C, 0x70, 0x03, 0x8E, 0x00, 0x00, 
    0x03, 0x00, 0x0E, 0x38, 0x03, 0x87, 0x80, 0x00, 0x03, 0x00, 0x07, 0xB8, 0x07, 0x03, 0xC0, 0x00, 
    0x03, 0x00, 0x03, 0xDC, 0x0E, 0x01, 0xE0, 0x00, 0x03, 0x00, 0x01, 0xDC, 0x1C, 0x00, 0x70, 0x00, 
    0x03, 0x00, 0x00, 0x0C, 0x1C, 0x00, 0x38, 0x00, 0x03, 0x00, 0x00, 0x0E, 0x38, 0x00, 0x1E, 0x00, 
    0x03, 0x00, 0x00, 0x06, 0x70, 0x00, 0x0F, 0x00, 0x03, 0x00, 0x00, 0x07, 0x70, 0x00, 0x07, 0x80, 
    0x03, 0x00, 0x00, 0x03, 0xE0, 0x00, 0x01, 0xC0, 0x03, 0x00, 0x00, 0x03, 0xC0, 0x00, 0x00, 0xC0, 
    0x03, 0x00, 0x00, 0x01, 0x80, 0x00, 0x00, 0x00, 0x03, 0x00, 0x00, 0x00, 0x00, 0x00, 0x00, 0x00, 
    0x03, 0xFF, 0xFF, 0xFF, 0xFF, 0xFF, 0xFF, 0xC0, 0x03, 0xFF, 0xFF, 0xFF, 0xFF, 0xFF, 0xFF, 0xC0, 
    0x00, 0x00, 0x00, 0x00, 0x00, 0x00, 0x00, 0x00, 0x00, 0x00, 0x00, 0x00, 0x00, 0x00, 0x00, 0x00, 
    0x00, 0x00, 0x00, 0x00, 0x00, 0x00, 0x00, 0x00, 0x00, 0x00, 0x00, 0x00, 0x00, 0x00, 0x00, 0x00, 
      },
  {
    0x00, 0x00, 0x00, 0x00, 0x00, 0x00, 0x00, 0x00, 0x00, 0x00, 0x00, 0x00, 0x00, 0x00, 0x00, 0x00, 
    0x00, 0x00, 0x00, 0x00, 0x00, 0x00, 0x00, 0x00, 0x00, 0x00, 0x00, 0x00, 0x00, 0x00, 0x00, 0x00, 
    0x03, 0xFF, 0xFF, 0xFF, 0xFF, 0xFF, 0xFF, 0xC0, 0x03, 0xFF, 0xFF, 0xFF, 0xFF, 0xFF, 0xFF, 0xC0, 
    0x03, 0x00, 0x00, 0x00, 0x00, 0x3C, 0x00, 0xC0, 0x03, 0x00, 0x00, 0x00, 0x00, 0x1E, 0x00, 0xC0, 
    0x03, 0x00, 0x00, 0x00, 0x00, 0x07, 0x00, 0xC0, 0x03, 0x00, 0x00, 0x00, 0x00, 0x02, 0x00, 0xC0, 
    0x03, 0xC0, 0x00, 0x00, 0x00, 0x00, 0x00, 0xC0, 0x03, 0xE0, 0x00, 0x00, 0x00, 0x00, 0x00, 0xC0, 
    0x03, 0xF0, 0x00, 0x00, 0x00, 0x00, 0x00, 0xC0, 0x03, 0x38, 0x00, 0x00, 0x00, 0x00, 0x00, 0xC0, 
    0x03, 0x1E, 0x00, 0x00, 0x00, 0x00, 0x00, 0xC0, 0x03, 0x0F, 0x00, 0x00, 0x03, 0x80, 0x00, 0xC0, 
    0x03, 0x07, 0x80, 0x00, 0x03, 0xC0, 0x00, 0xC0, 0x03, 0x03, 0xC0, 0x00, 0x00, 0xE0, 0x00, 0xC0, 
    0x03, 0x00, 0xE0, 0x0F, 0x80, 0x78, 0x00, 0xC0, 0x03, 0x00, 0x78, 0x7F, 0xF0, 0x3C, 0x00, 0x00, 
    0x03, 0x00, 0x3D, 0xFF, 0xFC, 0x1E, 0x00, 0x00, 0x03, 0x00, 0x1F, 0xC0, 0x1E, 0x07, 0x00, 0x00, 
    0x03, 0x00, 0x0F, 0x00, 0x07, 0x03, 0x80, 0x00, 0x03, 0x00, 0x0E, 0x00, 0x03, 0x81, 0xE0, 0x00, 
    0x03, 0x00, 0x1C, 0x00, 0x01, 0xC0, 0xF0, 0x00, 0x03, 0x00, 0x38, 0x0F, 0x80, 0xC0, 0x78, 0x00, 
    0x03, 0x00, 0x38, 0x3F, 0xE0, 0xE0, 0x1C, 0x00, 0x03, 0x00, 0x30, 0x7D, 0xF0, 0x60, 0x0F, 0x00, 
    0x03, 0x00, 0x70, 0xE0, 0x70, 0x70, 0x07, 0x80, 0x03, 0x00, 0x60, 0xC0, 0x38, 0x70, 0x03, 0xC0, 
    0x03, 0x00, 0x61, 0xC0, 0x18, 0x70, 0x00, 0xC0, 0x03, 0x00, 0x61, 0xC0, 0x18, 0x30, 0x00, 0x00, 
    0x03, 0x00, 0x61, 0xC0, 0x18, 0x30, 0x00, 0x00, 0x03, 0x00, 0x61, 0xC0, 0x18, 0x70, 0x00, 0x00, 
    0x03, 0x80, 0x70, 0xC0, 0x38, 0x70, 0x00, 0x00, 0x03, 0xC0, 0x70, 0xE0, 0x70, 0x60, 0x00, 0x00, 
    0x03, 0xE0, 0x30, 0x78, 0xF0, 0x60, 0x00, 0x00, 0x03, 0xF0, 0x38, 0x3F, 0xE0, 0xE0, 0x00, 0x00, 
    0x03, 0x3C, 0x38, 0x0F, 0x80, 0xC0, 0x00, 0x00, 0x03, 0x1E, 0x1C, 0x00, 0x01, 0xC0, 0x00, 0x00, 
    0x03, 0x0F, 0x0E, 0x00, 0x01, 0x80, 0x00, 0x00, 0x03, 0x07, 0x8E, 0x00, 0x03, 0xC0, 0x00, 0x00, 
    0x03, 0x01, 0xC7, 0x00, 0x03, 0xF0, 0x00, 0x00, 0x03, 0x00, 0xF3, 0x80, 0x07, 0x78, 0x00, 0x00, 
    0x03, 0x00, 0x7B, 0x80, 0x06, 0x3C, 0x00, 0x00, 0x03, 0x00, 0x3D, 0xC0, 0x0E, 0x0E, 0x00, 0x00, 
    0x03, 0x00, 0x0F, 0xE0, 0x0C, 0x07, 0x80, 0x00, 0x03, 0x00, 0x07, 0xE0, 0x1C, 0x03, 0xC0, 0x00, 
    0x03, 0x00, 0x03, 0xF0, 0x18, 0x01, 0xE0, 0x00, 0x03, 0x00, 0x01, 0xF8, 0x38, 0x00, 0x70, 0x00, 
    0x03, 0x00, 0x00, 0x18, 0x30, 0x00, 0x38, 0x00, 0x03, 0x00, 0x00, 0x1C, 0x70, 0x00, 0x1E, 0x00, 
    0x03, 0x00, 0x00, 0x0E, 0x60, 0x00, 0x0F, 0x00, 0x03, 0x00, 0x00, 0x06, 0xE0, 0x00, 0x07, 0x80, 
    0x03, 0x00, 0x00, 0x07, 0xC0, 0x00, 0x01, 0xC0, 0x03, 0x00, 0xC0, 0x03, 0xC0, 0x00, 0x00, 0xC0, 
    0x03, 0x00, 0xF0, 0x01, 0x80, 0x00, 0x00, 0x00, 0x03, 0x00, 0x78, 0x00, 0x00, 0x00, 0x00, 0x00, 
    0x03, 0xFF, 0xFF, 0xFF, 0xFF, 0xFF, 0xFF, 0xC0, 0x03, 0xFF, 0xFF, 0xFF, 0xFF, 0xFF, 0xFF, 0xC0, 
    0x00, 0x00, 0x00, 0x00, 0x00, 0x00, 0x00, 0x00, 0x00, 0x00, 0x00, 0x00, 0x00, 0x00, 0x00, 0x00, 
    0x00, 0x00, 0x00, 0x00, 0x00, 0x00, 0x00, 0x00, 0x00, 0x00, 0x00, 0x00, 0x00, 0x00, 0x00, 0x00, 
      },
  {
    0x00, 0x00, 0x00, 0x00, 0x00, 0x00, 0x00, 0x00, 0x00, 0x00, 0x00, 0x00, 0x00, 0x00, 0x00, 0x00, 
    0x00, 0x00, 0x00, 0x00, 0x00, 0x00, 0x00, 0x00, 0x00, 0x00, 0x00, 0x00, 0x00, 0x00, 0x00, 0x00, 
    0x03, 0xFF, 0xFF, 0xFF, 0xFF, 0xFF, 0xFF, 0xC0, 0x03, 0xFF, 0xFF, 0xFF, 0xFF, 0xFF, 0xFF, 0xC0, 
    0x03, 0x00, 0x00, 0x00, 0x00, 0x3C, 0x00, 0xC0, 0x03, 0x00, 0x00, 0x00, 0x00, 0x1E, 0x00, 0xC0, 
    0x03, 0x00, 0x00, 0x00, 0x00, 0x07, 0x80, 0xC0, 0x03, 0x00, 0x00, 0x00, 0x00, 0x03, 0xC0, 0xC0, 
    0x03, 0xC0, 0x00, 0x00, 0x00, 0x01, 0xE0, 0xC0, 0x03, 0xE0, 0x00, 0x00, 0x00, 0x00, 0x78, 0xC0, 
    0x03, 0xF0, 0x00, 0x00, 0x00, 0x00, 0x3C, 0xC0, 0x03, 0x38, 0x00, 0x00, 0x00, 0x00, 0x1E, 0xC0, 
    0x03, 0x1E, 0x00, 0x00, 0x00, 0x00, 0x07, 0xC0, 0x03, 0x0F, 0x00, 0x00, 0x07, 0x80, 0x03, 0xC0, 
    0x03, 0x07, 0x80, 0x00, 0x07, 0xC0, 0x01, 0xC0, 0x03, 0x03, 0xC0, 0x00, 0x00, 0xE0, 0x00, 0xC0, 
    0x03, 0x00, 0xE0, 0x00, 0x00, 0x78, 0x00, 0xC0, 0x03, 0x00, 0x78, 0x00, 0x00, 0x3C, 0x00, 0xC0, 
    0x03, 0x00, 0x3C, 0x00, 0x00, 0x1E, 0x00, 0xC0, 0x03, 0x00, 0x1E, 0x00, 0x00, 0x07, 0x00, 0xC0, 
    0x03, 0x00, 0x07, 0x00, 0x00, 0x03, 0x80, 0xC0, 0x03, 0x00, 0x03, 0xFE, 0x00, 0x01, 0xE0, 0xC0, 
    0x03, 0x00, 0x07, 0xFF, 0x80, 0x00, 0xF0, 0xC0, 0x03, 0x00, 0x1F, 0x07, 0xC0, 0x00, 0x78, 0xC0, 
    0x03, 0x00, 0x3C, 0x00, 0xE0, 0x00, 0x1C, 0xC0, 0x03, 0x00, 0x70, 0x00, 0x70, 0x00, 0x0F, 0xC0, 
    0x03, 0x00, 0xE0, 0x00, 0x38, 0x00, 0x07, 0xC0, 0x03, 0x00, 0xE0, 0xF8, 0x1C, 0x00, 0x03, 0xC0, 
    0x03, 0x01, 0xC1, 0xFE, 0x1C, 0x00, 0x00, 0xC0, 0x03, 0x01, 0xC3, 0x8F, 0x0C, 0x00, 0x00, 0xC0, 
    0x03, 0x01, 0x87, 0x03, 0x0E, 0x00, 0x00, 0xC0, 0x03, 0x01, 0x86, 0x03, 0x8E, 0x00, 0x00, 0xC0, 
    0x03, 0x81, 0x8E, 0x01, 0x86, 0x00, 0x00, 0xC0, 0x03, 0xC1, 0x8E, 0x01, 0x86, 0x00, 0x00, 0xC0, 
    0x03, 0xE1, 0x8E, 0x01, 0x86, 0x00, 0x00, 0xC0, 0x03, 0xF1, 0x86, 0x03, 0x8E, 0x00, 0x00, 0xC0, 
    0x03, 0x3D, 0x87, 0x07, 0x0E, 0x00, 0x00, 0x00, 0x03, 0x1F, 0xC3, 0xFE, 0x0C, 0x00, 0x00, 0x00, 
    0x03, 0x0F, 0xC1, 0xFC, 0x0C, 0x00, 0x00, 0x00, 0x03, 0x07, 0xE0, 0x70, 0x1C, 0xC0, 0x00, 0x00, 
    0x03, 0x01, 0xF0, 0x00, 0x18, 0xF0, 0x00, 0x00, 0x03, 0x00, 0xF8, 0x00, 0x18, 0x78, 0x00, 0x00, 
    0x03, 0x00, 0x7C, 0x00, 0x38, 0x3C, 0x00, 0x00, 0x03, 0x00, 0x3E, 0x00, 0x38, 0x0E, 0x00, 0x00, 
    0x03, 0x00, 0x0F, 0x00, 0x30, 0x07, 0x80, 0x00, 0x03, 0x00, 0x07, 0x80, 0x70, 0x03, 0xC0, 0x00, 
    0x03, 0x80, 0x03, 0xC0, 0x70, 0x01, 0xE0, 0x00, 0x03, 0xC0, 0x01, 0xE0, 0x60, 0x00, 0x70, 0x00, 
    0x03, 0xF0, 0x00, 0xF0, 0x60, 0x00, 0x38, 0x00, 0x03, 0x78, 0x00, 0x78, 0xE0, 0x00, 0x1E, 0x00, 
    0x03, 0x3C, 0x00, 0x3C, 0xC0, 0x00, 0x0F, 0x00, 0x03, 0x0F, 0x00, 0x1E, 0xC0, 0x00, 0x07, 0x80, 
    0x03, 0x07, 0x80, 0x0F, 0xC0, 0x00, 0x01, 0xC0, 0x03, 0x03, 0xC0, 0x07, 0xC0, 0x00, 0x00, 0xC0, 
    0x03, 0x00, 0xF0, 0x03, 0x80, 0x00, 0x00, 0x00, 0x03, 0x00, 0x78, 0x00, 0x00, 0x00, 0x00, 0x00, 
    0x03, 0xFF, 0xFF, 0xFF, 0xFF, 0xFF, 0xFF, 0xC0, 0x03, 0xFF, 0xFF, 0xFF, 0xFF, 0xFF, 0xFF, 0xC0, 
    0x00, 0x00, 0x00, 0x00, 0x00, 0x00, 0x00, 0x00, 0x00, 0x00, 0x00, 0x00, 0x00, 0x00, 0x00, 0x00, 
    0x00, 0x00, 0x00, 0x00, 0x00, 0x00, 0x00, 0x00, 0x00, 0x00, 0x00, 0x00, 0x00, 0x00, 0x00, 0x00, 
      },
  {
    0x00, 0x00, 0x00, 0x00, 0x00, 0x00, 0x00, 0x00, 0x00, 0x00, 0x00, 0x00, 0x00, 0x00, 0x00, 0x00, 
    0x00, 0x00, 0x00, 0x00, 0x00, 0x00, 0x00, 0x00, 0x00, 0x00, 0x00, 0x00, 0x00, 0x00, 0x00, 0x00, 
    0x03, 0xFF, 0xFF, 0xFF, 0xFF, 0xFF, 0xFF, 0xC0, 0x03, 0xFF, 0xFF, 0xFF, 0xFF, 0xFF, 0xFF, 0xC0, 
    0x03, 0x00, 0x00, 0x00, 0x00, 0x3C, 0x00, 0xC0, 0x03, 0x00, 0x00, 0x00, 0x00, 0x1E, 0x00, 0xC0, 
    0x03, 0x00, 0x00, 0x00, 0x00, 0x07, 0x80, 0xC0, 0x03, 0x00, 0x00, 0x00, 0x00, 0x03, 0xC0, 0xC0, 
    0x03, 0xC0, 0x00, 0x00, 0x00, 0x01, 0xE0, 0xC0, 0x03, 0xE0, 0x00, 0x00, 0x00, 0x00, 0x78, 0xC0, 
    0x03, 0xF0, 0x00, 0x00, 0x00, 0x00, 0x3C, 0xC0, 0x03, 0x38, 0x00, 0x00, 0x00, 0x00, 0x1E, 0xC0, 
    0x03, 0x1E, 0x00, 0x00, 0x00, 0x00, 0x07, 0xC0, 0x03, 0x0F, 0x00, 0x00, 0x07, 0x80, 0x03, 0xC0, 
    0x03, 0x07, 0x80, 0x00, 0x3F, 0xC0, 0x01, 0xC0, 0x03, 0x03, 0xC0, 0x00, 0xFC, 0xE0, 0x00, 0xC0, 
    0x03, 0x00, 0xE0, 0x03, 0xF0, 0x78, 0x00, 0xC0, 0x03, 0x00, 0x78, 0x0F, 0x80, 0x3C, 0x00, 0xC0, 
    0x03, 0x00, 0x3C, 0x0E, 0x00, 0x1E, 0x00, 0xC0, 0x03, 0x00, 0x1E, 0x00, 0x00, 0x07, 0x00, 0xC0, 
    0x03, 0x00, 0x07, 0x00, 0x00, 0x03, 0x80, 0xC0, 0x03, 0x00, 0x03, 0x00, 0x00, 0x01, 0xE0, 0xC0, 
    0x03, 0x00, 0x00, 0x00, 0x00, 0x00, 0xF0, 0xC0, 0x03, 0x00, 0x07, 0xFC, 0x00, 0x00, 0x78, 0xC0, 
    0x03, 0x00, 0x1F, 0xFF, 0x00, 0x00, 0x1C, 0xC0, 0x03, 0x00, 0x3E, 0x0F, 0x80, 0x00, 0x0F, 0xC0, 
    0x03, 0x00, 0x78, 0x03, 0xC0, 0x00, 0x07, 0xC0, 0x03, 0x00, 0xE0, 0x00, 0xE0, 0x00, 0x03, 0xC0, 
    0x03, 0x01, 0xC0, 0x40, 0x70, 0x00, 0x00, 0xC0, 0x03, 0x01, 0xC3, 0xF8, 0x70, 0x00, 0x00, 0xC0, 
    0x03, 0x01, 0x87, 0xFC, 0x38, 0x00, 0x00, 0xC0, 0x03, 0x03, 0x8F, 0x0E, 0x38, 0x00, 0x00, 0xC0, 
    0x03, 0x83, 0x0C, 0x06, 0x18, 0x00, 0x00, 0xC0, 0x03, 0xC3, 0x1C, 0x07, 0x18, 0x00, 0x00, 0xC0, 
    0x03, 0xE3, 0x1C, 0x07, 0x18, 0x00, 0x00, 0xC0, 0x03, 0xF3, 0x1C, 0x07, 0x18, 0x00, 0x00, 0xC0, 
    0x03, 0x3F, 0x0C, 0x06, 0x18, 0x00, 0x00, 0xC0, 0x03, 0x1F, 0x8E, 0x0E, 0x18, 0x00, 0x00, 0xC0, 
    0x03, 0x0F, 0x87, 0xFC, 0x38, 0x00, 0x00, 0xC0, 0x03, 0x07, 0xC3, 0xF8, 0x38, 0xC0, 0x00, 0xC0, 
    0x03, 0x01, 0xC0, 0xE0, 0x30, 0xF0, 0x00, 0xC0, 0x03, 0x00, 0xE0, 0x00, 0x30, 0x78, 0x00, 0xC0, 
    0x03, 0x00, 0x70, 0x00, 0x70, 0x3C, 0x00, 0xC0, 0x03, 0x00, 0x38, 0x00, 0x70, 0x0E, 0x00, 0xC0, 
    0x03, 0x00, 0x1E, 0x00, 0x60, 0x07, 0x80, 0xC0, 0x03, 0x00, 0x0F, 0x00, 0x60, 0x03, 0xC0, 0xC0, 
    0x03, 0x80, 0x07, 0x80, 0x60, 0x01, 0xE0, 0x40, 0x03, 0xC0, 0x03, 0xC0, 0xE0, 0x00, 0x70, 0x00, 
    0x03, 0xF0, 0x00, 0xE0, 0xE0, 0x00, 0x38, 0x00, 0x03, 0x78, 0x00, 0x70, 0xC0, 0x00, 0x1E, 0x00, 
    0x03, 0x3C, 0x00, 0x38, 0xC0, 0x00, 0x0F, 0x00, 0x03, 0x0F, 0x00, 0x1D, 0xC0, 0x00, 0x07, 0x80, 
    0x03, 0x07, 0x80, 0x0F, 0xC0, 0x00, 0x01, 0xC0, 0x03, 0x03, 0xC0, 0x07, 0x80, 0x00, 0x00, 0xC0, 
    0x03, 0x00, 0xF0, 0x03, 0x80, 0x00, 0x00, 0x00, 0x03, 0x00, 0x78, 0x00, 0x00, 0x00, 0x00, 0x00, 
    0x03, 0xFF, 0xFF, 0xFF, 0xFF, 0xFF, 0xFF, 0xC0, 0x03, 0xFF, 0xFF, 0xFF, 0xFF, 0xFF, 0xFF, 0xC0, 
    0x00, 0x00, 0x00, 0x00, 0x00, 0x00, 0x00, 0x00, 0x00, 0x00, 0x00, 0x00, 0x00, 0x00, 0x00, 0x00, 
    0x00, 0x00, 0x00, 0x00, 0x00, 0x00, 0x00, 0x00, 0x00, 0x00, 0x00, 0x00, 0x00, 0x00, 0x00, 0x00, 
      },
  {
    0x00, 0x00, 0x00, 0x00, 0x00, 0x00, 0x00, 0x00, 0x00, 0x00, 0x00, 0x00, 0x00, 0x00, 0x00, 0x00, 
    0x00, 0x00, 0x00, 0x00, 0x00, 0x00, 0x00, 0x00, 0x00, 0x00, 0x00, 0x00, 0x00, 0x00, 0x00, 0x00, 
    0x03, 0xFF, 0xFF, 0xFF, 0xFF, 0xFF, 0xFF, 0xC0, 0x03, 0xFF, 0xFF, 0xFF, 0xFF, 0xFF, 0xFF, 0xC0, 
    0x03, 0x00, 0x00, 0x00, 0x00, 0x3C, 0x00, 0xC0, 0x03, 0x00, 0x00, 0x00, 0x00, 0x1E, 0x00, 0xC0, 
    0x03, 0x00, 0x00, 0x00, 0x00, 0x07, 0x80, 0xC0, 0x03, 0x00, 0x00, 0x00, 0x00, 0x03, 0xC0, 0xC0, 
    0x03, 0xC0, 0x00, 0x00, 0x00, 0x01, 0xE0, 0xC0, 0x03, 0xE0, 0x00, 0x00, 0x00, 0x00, 0x78, 0xC0, 
    0x03, 0xF0, 0x00, 0x00, 0x00, 0x00, 0x3C, 0xC0, 0x03, 0x38, 0x00, 0x00, 0x00, 0x00, 0x1E, 0xC0, 
    0x03, 0x1E, 0x00, 0x00, 0x00, 0x00, 0x07, 0xC0, 0x03, 0x0F, 0x00, 0x00, 0x07, 0x80, 0x03, 0xC0, 
    0x03, 0x07, 0x80, 0x00, 0x3F, 0xC0, 0x01, 0xC0, 0x03, 0x03, 0xC0, 0x00, 0xFC, 0xE0, 0x00, 0xC0, 
    0x03, 0x00, 0xE0, 0x03, 0xF0, 0x78, 0x00, 0xC0, 0x03, 0x00, 0x78, 0x1F, 0x80, 0x3C, 0x00, 0xC0, 
    0x03, 0x00, 0x3C, 0x7E, 0x00, 0x1E, 0x00, 0xC0, 0x03, 0x00, 0x1F, 0xF8, 0x00, 0x07, 0x00, 0xC0, 
    0x03, 0x00, 0x07, 0xC0, 0x00, 0x03, 0x80, 0xC0, 0x03, 0x00, 0x07, 0x00, 0x00, 0x01, 0xE0, 0xC0, 
    0x03, 0x00, 0x00, 0x00, 0x00, 0x00, 0xF0, 0xC0, 0x03, 0x00, 0x01, 0xF0, 0x00, 0x00, 0x78, 0xC0, 
    0x03, 0x00, 0x0F, 0xFE, 0x00, 0x00, 0x1C, 0xC0, 0x03, 0x00, 0x3F, 0xFF, 0x00, 0x00, 0x0F, 0xC0, 
    0x03, 0x00, 0x78, 0x07, 0x80, 0x00, 0x07, 0xC0, 0x03, 0x00, 0xF0, 0x01, 0xC0, 0x00, 0x03, 0xC0, 
    0x03, 0x00, 0xE0, 0x00, 0xE0, 0x00, 0x00, 0xC0, 0x03, 0x01, 0xC1, 0xF0, 0x70, 0x00, 0x00, 0xC0, 
    0x03, 0x01, 0x87, 0xF8, 0x30, 0x00, 0x00, 0xC0, 0x03, 0x03, 0x8F, 0x1C, 0x30, 0x00, 0x00, 0xC0, 
    0x03, 0x83, 0x0E, 0x0E, 0x38, 0x00, 0x00, 0xC0, 0x03, 0xC3, 0x1C, 0x06, 0x38, 0x00, 0x00, 0xC0, 
    0x03, 0xE3, 0x1C, 0x06, 0x18, 0x00, 0x00, 0xC0, 0x03, 0xF3, 0x1C, 0x06, 0x18, 0x00, 0x00, 0xC0, 
    0x03, 0x3F, 0x1C, 0x06, 0x18, 0x00, 0x00, 0xC0, 0x03, 0x1F, 0x0E, 0x0E, 0x38, 0x00, 0x00, 0xC0, 
    0x03, 0x0F, 0x8F, 0x3C, 0x38, 0x20, 0x00, 0xC0, 0x03, 0x07, 0x87, 0xF8, 0x31, 0xE0, 0x00, 0xC0, 
    0x03, 0x01, 0xC1, 0xF0, 0x37, 0xF0, 0x00, 0xC0, 0x03, 0x00, 0xE0, 0x00, 0x7F, 0xF8, 0x00, 0xC0, 
    0x03, 0x00, 0x70, 0x00, 0x7C, 0x3C, 0x00, 0xC0, 0x03, 0x00, 0x78, 0x00, 0x70, 0x0E, 0x00, 0xC0, 
    0x03, 0x00, 0x1C, 0x00, 0x60, 0x07, 0x80, 0xC0, 0x03, 0x00, 0x0E, 0x00, 0x60, 0x03, 0xC0, 0xC0, 
    0x03, 0x80, 0x07, 0x80, 0xE0, 0x01, 0xE0, 0xC0, 0x03, 0xC0, 0x03, 0xC0, 0xE0, 0x00, 0x70, 0xC0, 
    0x03, 0xF0, 0x01, 0xE0, 0xC0, 0x00, 0x38, 0xC0, 0x03, 0x78, 0x00, 0xF0, 0xC0, 0x00, 0x1E, 0xC0, 
    0x03, 0x3C, 0x00, 0x38, 0xC0, 0x00, 0x0F, 0xC0, 0x03, 0x0F, 0x00, 0x1D, 0xC0, 0x00, 0x07, 0xC0, 
    0x03, 0x07, 0x80, 0x0F, 0xC0, 0x00, 0x01, 0xC0, 0x03, 0x03, 0xC0, 0x07, 0x80, 0x00, 0x00, 0xC0, 
    0x03, 0x00, 0xF0, 0x03, 0x80, 0x00, 0x00, 0x00, 0x03, 0x00, 0x78, 0x00, 0x00, 0x00, 0x00, 0x00, 
    0x03, 0xFF, 0xFF, 0xFF, 0xFF, 0xFF, 0xFF, 0xC0, 0x03, 0xFF, 0xFF, 0xFF, 0xFF, 0xFF, 0xFF, 0xC0, 
    0x00, 0x00, 0x00, 0x00, 0x00, 0x00, 0x00, 0x00, 0x00, 0x00, 0x00, 0x00, 0x00, 0x00, 0x00, 0x00, 
    0x00, 0x00, 0x00, 0x00, 0x00, 0x00, 0x00, 0x00, 0x00, 0x00, 0x00, 0x00, 0x00, 0x00, 0x00, 0x00, 
      },
  {
    0x00, 0x00, 0x00, 0x00, 0x00, 0x00, 0x00, 0x00, 0x00, 0x00, 0x00, 0x00, 0x00, 0x00, 0x00, 0x00, 
    0x00, 0x00, 0x00, 0x00, 0x00, 0x00, 0x00, 0x00, 0x00, 0x00, 0x00, 0x00, 0x00, 0x00, 0x00, 0x00, 
    0x03, 0xFF, 0xFF, 0xFF, 0xFF, 0xFF, 0xFF, 0xC0, 0x03, 0xFF, 0xFF, 0xFF, 0xFF, 0xFF, 0xFF, 0xC0, 
    0x03, 0x00, 0x00, 0x00, 0x00, 0x3C, 0x00, 0xC0, 0x03, 0x00, 0x00, 0x00, 0x00, 0x1E, 0x00, 0xC0, 
    0x03, 0x00, 0x00, 0x00, 0x00, 0x07, 0x80, 0xC0, 0x03, 0x00, 0x00, 0x00, 0x00, 0x03, 0xC0, 0xC0, 
    0x03, 0xC0, 0x00, 0x00, 0x00, 0x01, 0xE0, 0xC0, 0x03, 0xE0, 0x00, 0x00, 0x00, 0x00, 0x78, 0xC0, 
    0x03, 0xF0, 0x00, 0x00, 0x00, 0x00, 0x3C, 0xC0, 0x03, 0x38, 0x00, 0x00, 0x00, 0x00, 0x1E, 0xC0, 
    0x03, 0x1E, 0x00, 0x00, 0x00, 0x00, 0x07, 0xC0, 0x03, 0x0F, 0x00, 0x00, 0x07, 0x80, 0x03, 0xC0, 
    0x03, 0x07, 0x80, 0x00, 0x3F, 0xC0, 0x01, 0xC0, 0x03, 0x03, 0xC0, 0x00, 0xFC, 0xE0, 0x00, 0xC0, 
    0x03, 0x00, 0xE0, 0x03, 0xF0, 0x78, 0x00, 0xC0, 0x03, 0x00, 0x78, 0x1F, 0x80, 0x3C, 0x00, 0xC0, 
    0x03, 0x00, 0x3C, 0x7E, 0x00, 0x1E, 0x00, 0xC0, 0x03, 0x00, 0x1F, 0xF8, 0x00, 0x07, 0x00, 0xC0, 
    0x03, 0x00, 0x0F, 0xC0, 0x00, 0x03, 0x80, 0xC0, 0x03, 0x00, 0x3F, 0x00, 0x00, 0x01, 0xE0, 0xC0, 
    0x03, 0x00, 0xFC, 0x00, 0x00, 0x00, 0xF0, 0xC0, 0x03, 0x01, 0xE3, 0xF8, 0x00, 0x00, 0x78, 0xC0, 
    0x03, 0x01, 0x8F, 0xFE, 0x00, 0x00, 0x1C, 0xC0, 0x03, 0x00, 0x3F, 0x1F, 0x80, 0x00, 0x0F, 0xC0, 
    0x03, 0x00, 0x78, 0x03, 0xC0, 0x00, 0x07, 0xC0, 0x03, 0x00, 0x70, 0x00, 0xE0, 0x00, 0x03, 0xC0, 
    0x03, 0x00, 0xE0, 0x00, 0x60, 0x00, 0x00, 0xC0, 0x03, 0x01, 0xC1, 0xF8, 0x70, 0x00, 0x00, 0xC0, 
    0x03, 0x01, 0x87, 0xFC, 0x30, 0x00, 0x00, 0xC0, 0x03, 0x03, 0x87, 0x1E, 0x38, 0x00, 0x00, 0xC0, 
    0x03, 0x83, 0x8E, 0x06, 0x18, 0x00, 0x00, 0xC0, 0x03, 0xC3, 0x0C, 0x07, 0x18, 0x00, 0x00, 0xC0, 
    0x03, 0xE3, 0x0C, 0x07, 0x18, 0x00, 0x00, 0xC0, 0x03, 0xF3, 0x0C, 0x07, 0x18, 0x00, 0x00, 0xC0, 
    0x03, 0x3B, 0x8C, 0x06, 0x18, 0x03, 0x80, 0xC0, 0x03, 0x1F, 0x8E, 0x0E, 0x18, 0x0F, 0x80, 0xC0, 
    0x03, 0x0F, 0x87, 0xBC, 0x38, 0x3F, 0x00, 0xC0, 0x03, 0x07, 0xC3, 0xFC, 0x39, 0xF8, 0x00, 0xC0, 
    0x03, 0x01, 0xC1, 0xF0, 0x3F, 0xF0, 0x00, 0xC0, 0x03, 0x00, 0xE0, 0x00, 0x3F, 0xF8, 0x00, 0xC0, 
    0x03, 0x00, 0x70, 0x00, 0x7C, 0x3C, 0x00, 0xC0, 0x03, 0x00, 0x38, 0x00, 0x70, 0x0E, 0x00, 0xC0, 
    0x03, 0x00, 0x1E, 0x00, 0x60, 0x07, 0x80, 0xC0, 0x03, 0x00, 0x0F, 0x00, 0x60, 0x03, 0xC0, 0xC0, 
    0x03, 0x80, 0x07, 0x80, 0x60, 0x01, 0xE0, 0xC0, 0x03, 0xC0, 0x03, 0xC0, 0xE0, 0x00, 0x70, 0xC0, 
    0x03, 0xF0, 0x00, 0xE0, 0xE0, 0x00, 0x38, 0xC0, 0x03, 0x78, 0x00, 0x70, 0xC0, 0x00, 0x1E, 0xC0, 
    0x03, 0x3C, 0x00, 0x38, 0xC0, 0x00, 0x0F, 0xC0, 0x03, 0x0F, 0x00, 0x1D, 0xC0, 0x00, 0x07, 0xC0, 
    0x03, 0x07, 0x80, 0x0F, 0xC0, 0x00, 0x01, 0xC0, 0x03, 0x03, 0xC0, 0x07, 0x80, 0x00, 0x00, 0xC0, 
    0x03, 0x00, 0xF0, 0x03, 0x80, 0x00, 0x00, 0xC0, 0x03, 0x00, 0x78, 0x00, 0x00, 0x00, 0x00, 0xC0, 
    0x03, 0xFF, 0xFF, 0xFF, 0xFF, 0xFF, 0xFF, 0xC0, 0x03, 0xFF, 0xFF, 0xFF, 0xFF, 0xFF, 0xFF, 0xC0, 
    0x00, 0x00, 0x00, 0x00, 0x00, 0x00, 0x00, 0x00, 0x00, 0x00, 0x00, 0x00, 0x00, 0x00, 0x00, 0x00, 
    0x00, 0x00, 0x00, 0x00, 0x00, 0x00, 0x00, 0x00, 0x00, 0x00, 0x00, 0x00, 0x00, 0x00, 0x00, 0x00, 
      },
  {
    0x00, 0x00, 0x00, 0x00, 0x00, 0x00, 0x00, 0x00, 0x00, 0x00, 0x00, 0x00, 0x00, 0x00, 0x00, 0x00, 
    0x00, 0x00, 0x00, 0x00, 0x00, 0x00, 0x00, 0x00, 0x00, 0x00, 0x00, 0x00, 0x00, 0x00, 0x00, 0x00, 
    0x03, 0xFF, 0xFF, 0xFF, 0xFF, 0xFF, 0xFF, 0xC0, 0x03, 0xFF, 0xFF, 0xFF, 0xFF, 0xFF, 0xFF, 0xC0, 
    0x03, 0x00, 0x00, 0x00, 0x00, 0x3C, 0x00, 0xC0, 0x03, 0x00, 0x00, 0x00, 0x00, 0x1E, 0x00, 0xC0, 
    0x03, 0x00, 0x00, 0x00, 0x00, 0x07, 0x80, 0xC0, 0x03, 0x00, 0x00, 0x00, 0x00, 0x03, 0xC0, 0xC0, 
    0x03, 0xC0, 0x00, 0x00, 0x00, 0x01, 0xE0, 0xC0, 0x03, 0xE0, 0x00, 0x00, 0x00, 0x00, 0x78, 0xC0, 
    0x03, 0xF0, 0x00, 0x00, 0x00, 0x00, 0x3C, 0xC0, 0x03, 0x38, 0x00, 0x00, 0x00, 0x00, 0x1E, 0xC0, 
    0x03, 0x1E, 0x00, 0x00, 0x00, 0x00, 0x07, 0xC0, 0x03, 0x0F, 0x00, 0x00, 0x07, 0x80, 0x03, 0xC0, 
    0x03, 0x07, 0x80, 0x00, 0x3F, 0xC0, 0x01, 0xC0, 0x03, 0x03, 0xC0, 0x00, 0xFC, 0xE0, 0x00, 0xC0, 
    0x03, 0x00, 0xE0, 0x03, 0xF0, 0x78, 0x00, 0xC0, 0x03, 0x00, 0x78, 0x1F, 0x80, 0x3C, 0x00, 0xC0, 
    0x03, 0x00, 0x3C, 0x7E, 0x00, 0x1E, 0x00, 0xC0, 0x03, 0x00, 0x1F, 0xF8, 0x00, 0x07, 0x00, 0xC0, 
    0x03, 0x00, 0x0F, 0xC0, 0x00, 0x03, 0x80, 0xC0, 0x03, 0x00, 0x3F, 0x00, 0x00, 0x01, 0xE0, 0xC0, 
    0x03, 0x00, 0xFC, 0x00, 0x00, 0x00, 0xF0, 0xC0, 0x03, 0x07, 0xF1, 0xFE, 0x00, 0x00, 0x78, 0xC0, 
    0x03, 0x1F, 0x87, 0xFF, 0x80, 0x00, 0x1C, 0xC0, 0x03, 0x7E, 0x1F, 0x03, 0xC0, 0x00, 0x0F, 0xC0, 
    0x03, 0x70, 0x3C, 0x00, 0xE0, 0x00, 0x07, 0xC0, 0x03, 0x00, 0x78, 0x00, 0x70, 0x00, 0x03, 0xC0, 
    0x03, 0x00, 0x70, 0x30, 0x38, 0x00, 0x00, 0xC0, 0x03, 0x00, 0xE1, 0xFC, 0x18, 0x00, 0x00, 0xC0, 
    0x03, 0x00, 0xC3, 0xFE, 0x1C, 0x00, 0x00, 0xC0, 0x03, 0x00, 0xC3, 0x87, 0x0C, 0x00, 0x00, 0xC0, 
    0x03, 0x81, 0xC7, 0x03, 0x8C, 0x00, 0x00, 0xC0, 0x03, 0xC1, 0xC6, 0x03, 0x8E, 0x00, 0x06, 0xC0, 
    0x03, 0xE1, 0xC6, 0x01, 0x8E, 0x00, 0x1E, 0xC0, 0x03, 0xF1, 0xC6, 0x03, 0x8E, 0x00, 0x7C, 0xC0, 
    0x03, 0x3C, 0xC7, 0x03, 0x8C, 0x03, 0xF0, 0xC0, 0x03, 0x1E, 0xC3, 0x87, 0x0C, 0x0F, 0xC0, 0xC0, 
    0x03, 0x0F, 0xE3, 0xFE, 0x1C, 0x3F, 0x00, 0xC0, 0x03, 0x07, 0xE1, 0xFC, 0x1D, 0xF8, 0x00, 0xC0, 
    0x03, 0x01, 0xF0, 0x30, 0x1F, 0xF0, 0x00, 0xC0, 0x03, 0x00, 0xF8, 0x00, 0x1F, 0xF8, 0x00, 0xC0, 
    0x03, 0x00, 0x7C, 0x00, 0x3C, 0x3C, 0x00, 0xC0, 0x03, 0x00, 0x3E, 0x00, 0x38, 0x0E, 0x00, 0xC0, 
    0x03, 0x00, 0x0F, 0x00, 0x30, 0x07, 0x80, 0xC0, 0x03, 0x00, 0x07, 0x80, 0x70, 0x03, 0xC0, 0xC0, 
    0x03, 0x80, 0x03, 0xC0, 0x70, 0x01, 0xE0, 0xC0, 0x03, 0xC0, 0x01, 0xE0, 0x60, 0x00, 0x70, 0xC0, 
    0x03, 0xF0, 0x00, 0xF0, 0x60, 0x00, 0x38, 0xC0, 0x03, 0x78, 0x00, 0x78, 0xE0, 0x00, 0x1E, 0xC0, 
    0x03, 0x3C, 0x00, 0x3C, 0xC0, 0x00, 0x0F, 0xC0, 0x03, 0x0F, 0x00, 0x1E, 0xC0, 0x00, 0x07, 0xC0, 
    0x03, 0x07, 0x80, 0x0F, 0xC0, 0x00, 0x01, 0xC0, 0x03, 0x03, 0xC0, 0x07, 0x80, 0x00, 0x00, 0xC0, 
    0x03, 0x00, 0xF0, 0x03, 0x80, 0x00, 0x00, 0xC0, 0x03, 0x00, 0x78, 0x00, 0x00, 0x00, 0x00, 0xC0, 
    0x03, 0xFF, 0xFF, 0xFF, 0xFF, 0xFF, 0xFF, 0xC0, 0x03, 0xFF, 0xFF, 0xFF, 0xFF, 0xFF, 0xFF, 0xC0, 
    0x00, 0x00, 0x00, 0x00, 0x00, 0x00, 0x00, 0x00, 0x00, 0x00, 0x00, 0x00, 0x00, 0x00, 0x00, 0x00, 
    0x00, 0x00, 0x00, 0x00, 0x00, 0x00, 0x00, 0x00, 0x00, 0x00, 0x00, 0x00, 0x00, 0x00, 0x00, 0x00, 
      },
  {
    0x00, 0x00, 0x00, 0x00, 0x00, 0x00, 0x00, 0x00, 0x00, 0x00, 0x00, 0x00, 0x00, 0x00, 0x00, 0x00, 
    0x00, 0x00, 0x00, 0x00, 0x00, 0x00, 0x00, 0x00, 0x00, 0x00, 0x00, 0x00, 0x00, 0x00, 0x00, 0x00, 
    0x03, 0xFF, 0xFF, 0xFF, 0xFF, 0xFF, 0xFF, 0xC0, 0x03, 0xFF, 0xFF, 0xFF, 0xFF, 0xFF, 0xFF, 0xC0, 
    0x03, 0x00, 0x00, 0x00, 0x00, 0x3C, 0x00, 0xC0, 0x03, 0x00, 0x00, 0x00, 0x00, 0x1E, 0x00, 0xC0, 
    0x03, 0x00, 0x00, 0x00, 0x00, 0x07, 0x80, 0xC0, 0x03, 0x00, 0x00, 0x00, 0x00, 0x03, 0xC0, 0xC0, 
    0x03, 0xC0, 0x00, 0x00, 0x00, 0x01, 0xE0, 0xC0, 0x03, 0xE0, 0x00, 0x00, 0x00, 0x00, 0x78, 0xC0, 
    0x03, 0xF0, 0x00, 0x00, 0x00, 0x00, 0x3C, 0xC0, 0x03, 0x38, 0x00, 0x00, 0x00, 0x00, 0x1E, 0xC0, 
    0x03, 0x1E, 0x00, 0x00, 0x00, 0x00, 0x07, 0xC0, 0x03, 0x0F, 0x00, 0x00, 0x07, 0x80, 0x03, 0xC0, 
    0x03, 0x07, 0x80, 0x00, 0x3F, 0xC0, 0x01, 0xC0, 0x03, 0x03, 0xC0, 0x00, 0xFC, 0xE0, 0x00, 0xC0, 
    0x03, 0x00, 0xE0, 0x03, 0xF0, 0x78, 0x00, 0xC0, 0x03, 0x00, 0x78, 0x1F, 0x80, 0x3C, 0x00, 0xC0, 
    0x03, 0x00, 0x3C, 0x7E, 0x00, 0x1E, 0x00, 0xC0, 0x03, 0x00, 0x1F, 0xF8, 0x00, 0x07, 0x00, 0xC0, 
    0x03, 0x00, 0x0F, 0xC0, 0x00, 0x03, 0x80, 0xC0, 0x03, 0x00, 0x3F, 0x00, 0x00, 0x01, 0xE0, 0xC0, 
    0x03, 0x00, 0xFC, 0x00, 0x00, 0x00, 0xF0, 0xC0, 0x03, 0x07, 0xF1, 0xFF, 0x00, 0x00, 0x78, 0xC0, 
    0x03, 0x1F, 0x87, 0xFF, 0x80, 0x00, 0x1C, 0xC0, 0x03, 0x7E, 0x1F, 0x03, 0xE0, 0x00, 0x0F, 0xC0, 
    0x03, 0xF8, 0x3C, 0x00, 0xF0, 0x00, 0x07, 0xC0, 0x03, 0x40, 0x38, 0x00, 0x78, 0x00, 0x03, 0xC0, 
    0x03, 0x00, 0x70, 0x30, 0x38, 0x00, 0x00, 0xC0, 0x03, 0x00, 0xE1, 0xFE, 0x1C, 0x00, 0x00, 0xC0, 
    0x03, 0x00, 0xE3, 0xFF, 0x0C, 0x00, 0x00, 0xC0, 0x03, 0x00, 0xC3, 0x87, 0x0C, 0x00, 0x00, 0xC0, 
    0x03, 0x80, 0xC7, 0x03, 0x8E, 0x00, 0x00, 0xC0, 0x03, 0xC0, 0xC6, 0x01, 0x8E, 0x00, 0x07, 0xC0, 
    0x03, 0xE1, 0xC6, 0x01, 0x8E, 0x00, 0x1F, 0xC0, 0x03, 0xF0, 0xC7, 0x01, 0x8E, 0x00, 0x7C, 0xC0, 
    0x03, 0x3C, 0xC7, 0x03, 0x8E, 0x03, 0xF0, 0xC0, 0x03, 0x1E, 0xC3, 0x87, 0x0C, 0x0F, 0xC0, 0xC0, 
    0x03, 0x0F, 0xE1, 0xFF, 0x0C, 0x3F, 0x00, 0xC0, 0x03, 0x07, 0xE0, 0xFC, 0x1D, 0xF8, 0x00, 0xC0, 
    0x03, 0x01, 0xF0, 0x00, 0x1F, 0xF0, 0x00, 0xC0, 0x03, 0x00, 0xF8, 0x00, 0x1F, 0xF8, 0x00, 0xC0, 
    0x03, 0x00, 0x7C, 0x00, 0x3C, 0x3C, 0x00, 0xC0, 0x03, 0x00, 0x3E, 0x00, 0x38, 0x0E, 0x00, 0xC0, 
    0x03, 0x00, 0x0F, 0x00, 0x30, 0x07, 0x80, 0xC0, 0x03, 0x00, 0x07, 0x80, 0x70, 0x03, 0xC0, 0xC0, 
    0x03, 0x80, 0x03, 0xC0, 0x70, 0x01, 0xE0, 0xC0, 0x03, 0xC0, 0x01, 0xE0, 0x60, 0x00, 0x70, 0xC0, 
    0x03, 0xF0, 0x00, 0x70, 0x60, 0x00, 0x38, 0xC0, 0x03, 0x78, 0x00, 0x38, 0xE0, 0x00, 0x1E, 0xC0, 
    0x03, 0x3C, 0x00, 0x3C, 0xC0, 0x00, 0x0F, 0xC0, 0x03, 0x0F, 0x00, 0x1E, 0xC0, 0x00, 0x07, 0xC0, 
    0x03, 0x07, 0x80, 0x0F, 0xC0, 0x00, 0x01, 0xC0, 0x03, 0x03, 0xC0, 0x07, 0xC0, 0x00, 0x00, 0xC0, 
    0x03, 0x00, 0xF0, 0x03, 0x80, 0x00, 0x00, 0xC0, 0x03, 0x00, 0x78, 0x00, 0x00, 0x00, 0x00, 0xC0, 
    0x03, 0xFF, 0xFF, 0xFF, 0xFF, 0xFF, 0xFF, 0xC0, 0x03, 0xFF, 0xFF, 0xFF, 0xFF, 0xFF, 0xFF, 0xC0, 
    0x00, 0x00, 0x00, 0x00, 0x00, 0x00, 0x00, 0x00, 0x00, 0x00, 0x00, 0x00, 0x00, 0x00, 0x00, 0x00, 
    0x00, 0x00, 0x00, 0x00, 0x00, 0x00, 0x00, 0x00, 0x00, 0x00, 0x00, 0x00, 0x00, 0x00, 0x00, 0x00, 
      },
  {
    0x00, 0x00, 0x00, 0x00, 0x00, 0x00, 0x00, 0x00, 0x00, 0x00, 0x00, 0x00, 0x00, 0x00, 0x00, 0x00, 
    0x00, 0x00, 0x00, 0x00, 0x00, 0x00, 0x00, 0x00, 0x00, 0x00, 0x00, 0x00, 0x00, 0x00, 0x00, 0x00, 
    0x03, 0xFF, 0xFF, 0xFF, 0xFF, 0xFF, 0xFF, 0xC0, 0x03, 0xFF, 0xFF, 0xFF, 0xFF, 0xFF, 0xFF, 0xC0, 
    0x03, 0x00, 0x00, 0x00, 0x00, 0x3C, 0x00, 0xC0, 0x03, 0x00, 0x00, 0x00, 0x00, 0x1E, 0x00, 0xC0, 
    0x03, 0x00, 0x00, 0x00, 0x00, 0x07, 0x80, 0xC0, 0x03, 0x00, 0x00, 0x00, 0x00, 0x03, 0xC0, 0xC0, 
    0x03, 0xC0, 0x00, 0x00, 0x00, 0x01, 0xE0, 0xC0, 0x03, 0xE0, 0x00, 0x00, 0x00, 0x00, 0x78, 0xC0, 
    0x03, 0xF0, 0x00, 0x00, 0x00, 0x00, 0x3C, 0xC0, 0x03, 0x38, 0x00, 0x00, 0x00, 0x00, 0x1E, 0xC0, 
    0x03, 0x1E, 0x00, 0x00, 0x00, 0x00, 0x07, 0xC0, 0x03, 0x0F, 0x00, 0x00, 0x07, 0x80, 0x03, 0xC0, 
    0x03, 0x07, 0x80, 0x00, 0x3F, 0xC0, 0x01, 0xC0, 0x03, 0x03, 0xC0, 0x00, 0xFC, 0xE0, 0x00, 0xC0, 
    0x03, 0x00, 0xE0, 0x03, 0xF0, 0x78, 0x00, 0xC0, 0x03, 0x00, 0x78, 0x1F, 0x80, 0x3C, 0x00, 0xC0, 
    0x03, 0x00, 0x3C, 0x7E, 0x00, 0x1E, 0x00, 0xC0, 0x03, 0x00, 0x1F, 0xF8, 0x00, 0x07, 0x00, 0xC0, 
    0x03, 0x00, 0x0F, 0xC0, 0x00, 0x03, 0x80, 0xC0, 0x03, 0x00, 0x3F, 0x00, 0x00, 0x01, 0xE0, 0xC0, 
    0x03, 0x00, 0xFC, 0x3F, 0x00, 0x00, 0xF0, 0xC0, 0x03, 0x07, 0xE0, 0xFF, 0xC0, 0x00, 0x78, 0xC0, 
    0x03, 0x1F, 0x83, 0xFF, 0xF0, 0x00, 0x1C, 0xC0, 0x03, 0x7E, 0x07, 0x80, 0x78, 0x00, 0x0F, 0xC0, 
    0x03, 0xF0, 0x0E, 0x00, 0x1C, 0x00, 0x07, 0xC0, 0x03, 0xC0, 0x1C, 0x00, 0x0E, 0x00, 0x03, 0xC0, 
    0x03, 0x00, 0x1C, 0x3F, 0x06, 0x00, 0x00, 0xC0, 0x03, 0x00, 0x38, 0x7F, 0x87, 0x00, 0x00, 0xC0, 
    0x03, 0x00, 0x30, 0xF3, 0xC3, 0x00, 0x00, 0xC0, 0x03, 0x00, 0x30, 0xC0, 0xE3, 0x00, 0x00, 0xC0, 
    0x03, 0x80, 0x31, 0xC0, 0xE3, 0x80, 0x01, 0xC0, 0x03, 0xC0, 0x71, 0x80, 0x63, 0x80, 0x07, 0xC0, 
    0x03, 0xE0, 0x31, 0x80, 0x63, 0x80, 0x1F, 0xC0, 0x03, 0xF0, 0x31, 0xC0, 0xE3, 0x80, 0x7C, 0xC0, 
    0x03, 0x3C, 0x31, 0xC0, 0xE3, 0x03, 0xF0, 0xC0, 0x03, 0x1E, 0x38, 0xF3, 0xC3, 0x0F, 0xC0, 0xC0, 
    0x03, 0x0F, 0x38, 0x7F, 0x87, 0x3F, 0x00, 0xC0, 0x03, 0x07, 0x9C, 0x3F, 0x07, 0xF8, 0x00, 0xC0, 
    0x03, 0x01, 0xCC, 0x00, 0x07, 0xF0, 0x00, 0xC0, 0x03, 0x00, 0xFE, 0x00, 0x0F, 0xF8, 0x00, 0xC0, 
    0x03, 0x00, 0x7F, 0x00, 0x0C, 0x3C, 0x00, 0xC0, 0x03, 0x00, 0x3F, 0x80, 0x1C, 0x0E, 0x00, 0xC0, 
    0x03, 0x00, 0x0F, 0xC0, 0x18, 0x07, 0x80, 0xC0, 0x03, 0x00, 0x07, 0xC0, 0x38, 0x03, 0xC0, 0xC0, 
    0x03, 0x80, 0x03, 0xE0, 0x38, 0x01, 0xE0, 0xC0, 0x03, 0xC0, 0x01, 0xF0, 0x30, 0x00, 0x70, 0xC0, 
    0x03, 0xF0, 0x00, 0x38, 0x70, 0x00, 0x38, 0xC0, 0x03, 0x78, 0x00, 0x1C, 0x60, 0x00, 0x1E, 0xC0, 
    0x03, 0x3C, 0x00, 0x1C, 0xE0, 0x00, 0x0F, 0xC0, 0x03, 0x0F, 0x00, 0x0E, 0xC0, 0x00, 0x07, 0xC0, 
    0x03, 0x07, 0x80, 0x07, 0xC0, 0x00, 0x01, 0xC0, 0x03, 0x03, 0xC0, 0x03, 0xC0, 0x00, 0x00, 0xC0, 
    0x03, 0x00, 0xF0, 0x01, 0x80, 0x00, 0x00, 0xC0, 0x03, 0x00, 0x78, 0x00, 0x00, 0x00, 0x00, 0xC0, 
    0x03, 0xFF, 0xFF, 0xFF, 0xFF, 0xFF, 0xFF, 0xC0, 0x03, 0xFF, 0xFF, 0xFF, 0xFF, 0xFF, 0xFF, 0xC0, 
    0x00, 0x00, 0x00, 0x00, 0x00, 0x00, 0x00, 0x00, 0x00, 0x00, 0x00, 0x00, 0x00, 0x00, 0x00, 0x00, 
    0x00, 0x00, 0x00, 0x00, 0x00, 0x00, 0x00, 0x00, 0x00, 0x00, 0x00, 0x00, 0x00, 0x00, 0x00, 0x00, 
      },
  {
    0x00, 0x00, 0x00, 0x00, 0x00, 0x00, 0x00, 0x00, 0x00, 0x00, 0x00, 0x00, 0x00, 0x00, 0x00, 0x00, 
    0x00, 0x00, 0x00, 0x00, 0x00, 0x00, 0x00, 0x00, 0x00, 0x00, 0x00, 0x00, 0x00, 0x00, 0x00, 0x00, 
    0x03, 0xFF, 0xFF, 0xFF, 0xFF, 0xFF, 0xFF, 0xC0, 0x03, 0xFF, 0xFF, 0xFF, 0xFF, 0xFF, 0xFF, 0xC0, 
    0x03, 0x00, 0x00, 0x00, 0x00, 0x3C, 0x00, 0xC0, 0x03, 0x00, 0x00, 0x00, 0x00, 0x1E, 0x00, 0xC0, 
    0x03, 0x00, 0x00, 0x00, 0x00, 0x07, 0x80, 0xC0, 0x03, 0x00, 0x00, 0x00, 0x00, 0x03, 0xC0, 0xC0, 
    0x03, 0xC0, 0x00, 0x00, 0x00, 0x01, 0xE0, 0xC0, 0x03, 0xE0, 0x00, 0x00, 0x00, 0x00, 0x78, 0xC0, 
    0x03, 0xF0, 0x00, 0x00, 0x00, 0x00, 0x3C, 0xC0, 0x03, 0x38, 0x00, 0x00, 0x00, 0x00, 0x1E, 0xC0, 
    0x03, 0x1E, 0x00, 0x00, 0x00, 0x00, 0x07, 0xC0, 0x03, 0x0F, 0x00, 0x00, 0x07, 0x80, 0x03, 0xC0, 
    0x03, 0x07, 0x80, 0x00, 0x3F, 0xC0, 0x01, 0xC0, 0x03, 0x03, 0xC0, 0x00, 0xFC, 0xE0, 0x00, 0xC0, 
    0x03, 0x00, 0xE0, 0x03, 0xF0, 0x78, 0x00, 0xC0, 0x03, 0x00, 0x78, 0x1F, 0x80, 0x3C, 0x00, 0xC0, 
    0x03, 0x00, 0x3C, 0x7E, 0x00, 0x1E, 0x00, 0xC0, 0x03, 0x00, 0x1F, 0xF8, 0x00, 0x07, 0x00, 0xC0, 
    0x03, 0x00, 0x0F, 0xC0, 0x00, 0x03, 0x80, 0xC0, 0x03, 0x00, 0x3F, 0x00, 0x00, 0x01, 0xE0, 0xC0, 
    0x03, 0x00, 0xFC, 0x1F, 0xC0, 0x00, 0xF0, 0xC0, 0x03, 0x07, 0xE0, 0x7F, 0xF0, 0x00, 0x78, 0xC0, 
    0x03, 0x1F, 0x80, 0xF8, 0xFC, 0x00, 0x1C, 0xC0, 0x03, 0x7E, 0x03, 0xC0, 0x1E, 0x00, 0x0F, 0xC0, 
    0x03, 0xF8, 0x03, 0x80, 0x07, 0x00, 0x07, 0xC0, 0x03, 0xC0, 0x07, 0x00, 0x03, 0x80, 0x03, 0xC0, 
    0x03, 0x00, 0x0E, 0x0F, 0xC3, 0x80, 0x00, 0xC0, 0x03, 0x00, 0x0C, 0x3F, 0xE1, 0xC0, 0x00, 0xC0, 
    0x03, 0x00, 0x0C, 0x38, 0xF1, 0xC0, 0x00, 0xC0, 0x03, 0x00, 0x1C, 0x70, 0x70, 0xC0, 0x00, 0xC0, 
    0x03, 0x80, 0x1C, 0x60, 0x38, 0xC0, 0x01, 0xC0, 0x03, 0xC0, 0x1C, 0x60, 0x38, 0xC0, 0x07, 0xC0, 
    0x03, 0xE0, 0x1C, 0x60, 0x38, 0xC0, 0x1F, 0xC0, 0x03, 0xF0, 0x1C, 0x60, 0x38, 0xC0, 0x7C, 0xC0, 
    0x03, 0x3C, 0x1C, 0x70, 0x70, 0xC3, 0xF0, 0xC0, 0x03, 0x1E, 0x0C, 0x3D, 0xE1, 0xCF, 0xC0, 0xC0, 
    0x03, 0x0F, 0x0E, 0x1F, 0xE1, 0xFF, 0x00, 0xC0, 0x03, 0x07, 0x86, 0x0F, 0x83, 0xF8, 0x00, 0xC0, 
    0x03, 0x01, 0xC7, 0x00, 0x03, 0xF0, 0x00, 0xC0, 0x03, 0x00, 0xF3, 0x80, 0x07, 0xF8, 0x00, 0xC0, 
    0x03, 0x00, 0x79, 0x80, 0x06, 0x3C, 0x00, 0xC0, 0x03, 0x00, 0x3D, 0xC0, 0x0E, 0x0E, 0x00, 0xC0, 
    0x03, 0x00, 0x0E, 0xE0, 0x0C, 0x07, 0x80, 0xC0, 0x03, 0x00, 0x07, 0xE0, 0x1C, 0x03, 0xC0, 0xC0, 
    0x03, 0x80, 0x03, 0xF0, 0x18, 0x01, 0xE0, 0xC0, 0x03, 0xC0, 0x01, 0xF8, 0x38, 0x00, 0x70, 0xC0, 
    0x03, 0xF0, 0x00, 0x18, 0x30, 0x00, 0x38, 0xC0, 0x03, 0x78, 0x00, 0x1C, 0x70, 0x00, 0x1E, 0xC0, 
    0x03, 0x3C, 0x00, 0x0E, 0x60, 0x00, 0x0F, 0xC0, 0x03, 0x0F, 0x00, 0x06, 0xE0, 0x00, 0x07, 0xC0, 
    0x03, 0x07, 0x80, 0x07, 0xC0, 0x00, 0x01, 0xC0, 0x03, 0x03, 0xC0, 0x03, 0xC0, 0x00, 0x00, 0xC0, 
    0x03, 0x00, 0xF0, 0x01, 0x80, 0x00, 0x00, 0xC0, 0x03, 0x00, 0x78, 0x00, 0x00, 0x00, 0x00, 0xC0, 
    0x03, 0xFF, 0xFF, 0xFF, 0xFF, 0xFF, 0xFF, 0xC0, 0x03, 0xFF, 0xFF, 0xFF, 0xFF, 0xFF, 0xFF, 0xC0, 
    0x00, 0x00, 0x00, 0x00, 0x00, 0x00, 0x00, 0x00, 0x00, 0x00, 0x00, 0x00, 0x00, 0x00, 0x00, 0x00, 
    0x00, 0x00, 0x00, 0x00, 0x00, 0x00, 0x00, 0x00, 0x00, 0x00, 0x00, 0x00, 0x00, 0x00, 0x00, 0x00, 
      },
  {
    0x00, 0x00, 0x00, 0x00, 0x00, 0x00, 0x00, 0x00, 0x00, 0x00, 0x00, 0x00, 0x00, 0x00, 0x00, 0x00, 
    0x00, 0x00, 0x00, 0x00, 0x00, 0x00, 0x00, 0x00, 0x00, 0x00, 0x00, 0x00, 0x00, 0x00, 0x00, 0x00, 
    0x03, 0xFF, 0xFF, 0xFF, 0xFF, 0xFF, 0xFF, 0xC0, 0x03, 0xFF, 0xFF, 0xFF, 0xFF, 0xFF, 0xFF, 0xC0, 
    0x03, 0x00, 0x00, 0x00, 0x00, 0x3C, 0x00, 0xC0, 0x03, 0x00, 0x00, 0x00, 0x00, 0x1E, 0x00, 0xC0, 
    0x03, 0x00, 0x00, 0x00, 0x00, 0x07, 0x80, 0xC0, 0x03, 0x00, 0x00, 0x00, 0x00, 0x03, 0xC0, 0xC0, 
    0x03, 0xC0, 0x00, 0x00, 0x00, 0x01, 0xE0, 0xC0, 0x03, 0xE0, 0x00, 0x00, 0x00, 0x00, 0x78, 0xC0, 
    0x03, 0xF0, 0x00, 0x00, 0x00, 0x00, 0x3C, 0xC0, 0x03, 0x38, 0x00, 0x00, 0x00, 0x00, 0x1E, 0xC0, 
    0x03, 0x1E, 0x00, 0x00, 0x00, 0x00, 0x07, 0xC0, 0x03, 0x0F, 0x00, 0x00, 0x07, 0x80, 0x03, 0xC0, 
    0x03, 0x07, 0x80, 0x00, 0x3F, 0xC0, 0x01, 0xC0, 0x03, 0x03, 0xC0, 0x00, 0xFC, 0xE0, 0x00, 0xC0, 
    0x03, 0x00, 0xE0, 0x03, 0xF0, 0x78, 0x00, 0xC0, 0x03, 0x00, 0x78, 0x1F, 0x80, 0x3C, 0x00, 0xC0, 
    0x03, 0x00, 0x3C, 0x7E, 0x00, 0x1E, 0x00, 0xC0, 0x03, 0x00, 0x1F, 0xF8, 0x00, 0x07, 0x00, 0xC0, 
    0x03, 0x00, 0x0F, 0xC0, 0x00, 0x03, 0x80, 0xC0, 0x03, 0x00, 0x3F, 0x00, 0x00, 0x01, 0xE0, 0xC0, 
    0x03, 0x00, 0xFC, 0x07, 0xF0, 0x00, 0xF0, 0xC0, 0x03, 0x07, 0xE0, 0x1F, 0xFC, 0x00, 0x78, 0xC0, 
    0x03, 0x1F, 0x80, 0x7E, 0x3F, 0x00, 0x1C, 0xC0, 0x03, 0x7E, 0x00, 0xF0, 0x07, 0x80, 0x0F, 0xC0, 
    0x03, 0xF8, 0x01, 0xC0, 0x03, 0x80, 0x07, 0xC0, 0x03, 0xC0, 0x03, 0x80, 0x01, 0xC0, 0x03, 0xC0, 
    0x03, 0x00, 0x03, 0x87, 0xE0, 0xE0, 0x00, 0xC0, 0x03, 0x00, 0x07, 0x0F, 0xF0, 0x60, 0x00, 0xC0, 
    0x03, 0x00, 0x07, 0x1C, 0x38, 0x60, 0x00, 0xC0, 0x03, 0x00, 0x06, 0x18, 0x1C, 0x70, 0x00, 0xC0, 
    0x03, 0x80, 0x06, 0x38, 0x0C, 0x70, 0x01, 0xC0, 0x03, 0xC0, 0x06, 0x30, 0x0C, 0x70, 0x07, 0xC0, 
    0x03, 0xE0, 0x06, 0x38, 0x0C, 0x70, 0x1F, 0xC0, 0x03, 0xF0, 0x06, 0x38, 0x1C, 0x70, 0x7C, 0xC0, 
    0x03, 0x3C, 0x06, 0x1C, 0x1C, 0x73, 0xF0, 0xC0, 0x03, 0x1E, 0x07, 0x1F, 0xF8, 0x6F, 0xC0, 0xC0, 
    0x03, 0x0F, 0x03, 0x0F, 0xF0, 0xFF, 0x00, 0xC0, 0x03, 0x07, 0x83, 0x83, 0xC0, 0xF8, 0x00, 0xC0, 
    0x03, 0x01, 0xC1, 0x80, 0x01, 0xF0, 0x00, 0xC0, 0x03, 0x00, 0xF1, 0xC0, 0x03, 0xF8, 0x00, 0xC0, 
    0x03, 0x00, 0x78, 0xE0, 0x03, 0xBC, 0x00, 0xC0, 0x03, 0x00, 0x3C, 0xE0, 0x07, 0x0E, 0x00, 0xC0, 
    0x03, 0x00, 0x0E, 0x70, 0x06, 0x07, 0x80, 0xC0, 0x03, 0x00, 0x07, 0xF0, 0x0E, 0x03, 0xC0, 0xC0, 
    0x03, 0x80, 0x03, 0xF8, 0x1C, 0x01, 0xE0, 0xC0, 0x03, 0xC0, 0x01, 0xF8, 0x1C, 0x00, 0x70, 0xC0, 
    0x03, 0xF0, 0x00, 0x1C, 0x38, 0x00, 0x38, 0xC0, 0x03, 0x78, 0x00, 0x0E, 0x30, 0x00, 0x1E, 0xC0, 
    0x03, 0x3C, 0x00, 0x0E, 0x70, 0x00, 0x0F, 0xC0, 0x03, 0x0F, 0x00, 0x07, 0xE0, 0x00, 0x07, 0xC0, 
    0x03, 0x07, 0x80, 0x03, 0xE0, 0x00, 0x01, 0xC0, 0x03, 0x03, 0xC0, 0x03, 0xC0, 0x00, 0x00, 0xC0, 
    0x03, 0x00, 0xF0, 0x01, 0x80, 0x00, 0x00, 0xC0, 0x03, 0x00, 0x78, 0x00, 0x00, 0x00, 0x00, 0xC0, 
    0x03, 0xFF, 0xFF, 0xFF, 0xFF, 0xFF, 0xFF, 0xC0, 0x03, 0xFF, 0xFF, 0xFF, 0xFF, 0xFF, 0xFF, 0xC0, 
    0x00, 0x00, 0x00, 0x00, 0x00, 0x00, 0x00, 0x00, 0x00, 0x00, 0x00, 0x00, 0x00, 0x00, 0x00, 0x00, 
    0x00, 0x00, 0x00, 0x00, 0x00, 0x00, 0x00, 0x00, 0x00, 0x00, 0x00, 0x00, 0x00, 0x00, 0x00, 0x00, 
      },
  {
    0x00, 0x00, 0x00, 0x00, 0x00, 0x00, 0x00, 0x00, 0x00, 0x00, 0x00, 0x00, 0x00, 0x00, 0x00, 0x00, 
    0x00, 0x00, 0x00, 0x00, 0x00, 0x00, 0x00, 0x00, 0x00, 0x00, 0x00, 0x00, 0x00, 0x00, 0x00, 0x00, 
    0x03, 0xFF, 0xFF, 0xFF, 0xFF, 0xFF, 0xFF, 0xC0, 0x03, 0xFF, 0xFF, 0xFF, 0xFF, 0xFF, 0xFF, 0xC0, 
    0x03, 0x00, 0x00, 0x00, 0x00, 0x3C, 0x00, 0xC0, 0x03, 0x00, 0x00, 0x00, 0x00, 0x1E, 0x00, 0xC0, 
    0x03, 0x00, 0x00, 0x00, 0x00, 0x07, 0x80, 0xC0, 0x03, 0x00, 0x00, 0x00, 0x00, 0x03, 0xC0, 0xC0, 
    0x03, 0xC0, 0x00, 0x00, 0x00, 0x01, 0xE0, 0xC0, 0x03, 0xE0, 0x00, 0x00, 0x00, 0x00, 0x78, 0xC0, 
    0x03, 0xF0, 0x00, 0x00, 0x00, 0x00, 0x3C, 0xC0, 0x03, 0x38, 0x00, 0x00, 0x00, 0x00, 0x1E, 0xC0, 
    0x03, 0x1E, 0x00, 0x00, 0x00, 0x00, 0x07, 0xC0, 0x03, 0x0F, 0x00, 0x00, 0x07, 0x80, 0x03, 0xC0, 
    0x03, 0x07, 0x80, 0x00, 0x3F, 0xC0, 0x01, 0xC0, 0x03, 0x03, 0xC0, 0x00, 0xFC, 0xE0, 0x00, 0xC0, 
    0x03, 0x00, 0xE0, 0x03, 0xF0, 0x78, 0x00, 0xC0, 0x03, 0x00, 0x78, 0x1F, 0x80, 0x3C, 0x00, 0xC0, 
    0x03, 0x00, 0x3C, 0x7E, 0x00, 0x1E, 0x00, 0xC0, 0x03, 0x00, 0x1F, 0xF8, 0x00, 0x07, 0x00, 0xC0, 
    0x03, 0x00, 0x0F, 0xC0, 0x00, 0x03, 0x80, 0xC0, 0x03, 0x00, 0x3F, 0x00, 0x00, 0x01, 0xE0, 0xC0, 
    0x03, 0x00, 0xFC, 0x01, 0xF8, 0x00, 0xF0, 0xC0, 0x03, 0x07, 0xE0, 0x07, 0xFF, 0x00, 0x78, 0xC0, 
    0x03, 0x1F, 0x80, 0x1F, 0x9F, 0x80, 0x1C, 0xC0, 0x03, 0x7E, 0x00, 0x3C, 0x03, 0xC0, 0x0F, 0xC0, 
    0x03, 0xF8, 0x00, 0x70, 0x00, 0xE0, 0x07, 0xC0, 0x03, 0xC0, 0x00, 0xE0, 0x00, 0x70, 0x03, 0xC0, 
    0x03, 0x00, 0x00, 0xC1, 0xF8, 0x38, 0x00, 0xC0, 0x03, 0x00, 0x01, 0xC3, 0xFC, 0x38, 0x00, 0xC0, 
    0x03, 0x00, 0x01, 0x87, 0x8E, 0x18, 0x00, 0xC0, 0x03, 0x00, 0x01, 0x8E, 0x07, 0x1C, 0x00, 0xC0, 
    0x03, 0x80, 0x01, 0x8E, 0x07, 0x1C, 0x01, 0xC0, 0x03, 0xC0, 0x01, 0x8C, 0x03, 0x1C, 0x07, 0xC0, 
    0x03, 0xE0, 0x01, 0x8C, 0x03, 0x1C, 0x1F, 0xC0, 0x03, 0xF0, 0x01, 0x8E, 0x07, 0x1C, 0x7C, 0xC0, 
    0x03, 0x3C, 0x01, 0x86, 0x07, 0x1F, 0xF0, 0xC0, 0x03, 0x1E, 0x01, 0xC7, 0x9E, 0x1F, 0xC0, 0xC0, 
    0x03, 0x0F, 0x01, 0xC3, 0xFC, 0x3F, 0x00, 0xC0, 0x03, 0x07, 0x80, 0xC0, 0xF0, 0x38, 0x00, 0xC0, 
    0x03, 0x01, 0xC0, 0xE0, 0x00, 0x70, 0x00, 0xC0, 0x03, 0x00, 0xF0, 0x60, 0x00, 0xF8, 0x00, 0xC0, 
    0x03, 0x00, 0x78, 0x70, 0x01, 0xFC, 0x00, 0xC0, 0x03, 0x00, 0x3C, 0x30, 0x01, 0xCE, 0x00, 0xC0, 
    0x03, 0x00, 0x0E, 0x38, 0x03, 0x87, 0x80, 0xC0, 0x03, 0x00, 0x07, 0xF8, 0x07, 0x03, 0xC0, 0xC0, 
    0x03, 0x80, 0x03, 0xFC, 0x0E, 0x01, 0xE0, 0xC0, 0x03, 0xC0, 0x01, 0xFC, 0x0E, 0x00, 0x70, 0xC0, 
    0x03, 0xF0, 0x00, 0x0E, 0x1C, 0x00, 0x38, 0xC0, 0x03, 0x78, 0x00, 0x0E, 0x38, 0x00, 0x1E, 0xC0, 
    0x03, 0x3C, 0x00, 0x07, 0x70, 0x00, 0x0F, 0xC0, 0x03, 0x0F, 0x00, 0x07, 0x70, 0x00, 0x07, 0xC0, 
    0x03, 0x07, 0x80, 0x03, 0xE0, 0x00, 0x01, 0xC0, 0x03, 0x03, 0xC0, 0x03, 0xC0, 0x00, 0x00, 0xC0, 
    0x03, 0x00, 0xF0, 0x01, 0x80, 0x00, 0x00, 0xC0, 0x03, 0x00, 0x78, 0x00, 0x00, 0x00, 0x00, 0xC0, 
    0x03, 0xFF, 0xFF, 0xFF, 0xFF, 0xFF, 0xFF, 0xC0, 0x03, 0xFF, 0xFF, 0xFF, 0xFF, 0xFF, 0xFF, 0xC0, 
    0x00, 0x00, 0x00, 0x00, 0x00, 0x00, 0x00, 0x00, 0x00, 0x00, 0x00, 0x00, 0x00, 0x00, 0x00, 0x00, 
    0x00, 0x00, 0x00, 0x00, 0x00, 0x00, 0x00, 0x00, 0x00, 0x00, 0x00, 0x00, 0x00, 0x00, 0x00, 0x00, 
      },
  {
    0x00, 0x00, 0x00, 0x00, 0x00, 0x00, 0x00, 0x00, 0x00, 0x00, 0x00, 0x00, 0x00, 0x00, 0x00, 0x00, 
    0x00, 0x00, 0x00, 0x00, 0x00, 0x00, 0x00, 0x00, 0x00, 0x00, 0x00, 0x00, 0x00, 0x00, 0x00, 0x00, 
    0x03, 0xFF, 0xFF, 0xFF, 0xFF, 0xFF, 0xFF, 0xC0, 0x03, 0xFF, 0xFF, 0xFF, 0xFF, 0xFF, 0xFF, 0xC0, 
    0x03, 0x00, 0x00, 0x00, 0x00, 0x3C, 0x00, 0xC0, 0x03, 0x00, 0x00, 0x00, 0x00, 0x1E, 0x00, 0xC0, 
    0x03, 0x00, 0x00, 0x00, 0x00, 0x07, 0x80, 0xC0, 0x03, 0x00, 0x00, 0x00, 0x00, 0x03, 0xC0, 0xC0, 
    0x03, 0xC0, 0x00, 0x00, 0x00, 0x01, 0xE0, 0xC0, 0x03, 0xE0, 0x00, 0x00, 0x00, 0x00, 0x78, 0xC0, 
    0x03, 0xF0, 0x00, 0x00, 0x00, 0x00, 0x3C, 0xC0, 0x03, 0x38, 0x00, 0x00, 0x00, 0x00, 0x1E, 0xC0, 
    0x03, 0x1E, 0x00, 0x00, 0x00, 0x00, 0x07, 0xC0, 0x03, 0x0F, 0x00, 0x00, 0x07, 0x80, 0x03, 0xC0, 
    0x03, 0x07, 0x80, 0x00, 0x3F, 0xC0, 0x01, 0xC0, 0x03, 0x03, 0xC0, 0x00, 0xFC, 0xE0, 0x00, 0xC0, 
    0x03, 0x00, 0xE0, 0x03, 0xF0, 0x78, 0x00, 0xC0, 0x03, 0x00, 0x78, 0x1F, 0x80, 0x3C, 0x00, 0xC0, 
    0x03, 0x00, 0x3C, 0x7E, 0x00, 0x1E, 0x00, 0xC0, 0x03, 0x00, 0x1F, 0xF8, 0x00, 0x07, 0x00, 0xC0, 
    0x03, 0x00, 0x0F, 0xC0, 0x00, 0x03, 0x80, 0xC0, 0x03, 0x00, 0x3F, 0x00, 0x00, 0x01, 0xE0, 0xC0, 
    0x03, 0x00, 0xFC, 0x00, 0xFC, 0x00, 0xF0, 0xC0, 0x03, 0x07, 0xE0, 0x07, 0xFF, 0x00, 0x78, 0xC0, 
    0x03, 0x1F, 0x80, 0x0F, 0xFF, 0xC0, 0x1C, 0xC0, 0x03, 0x7E, 0x00, 0x1C, 0x01, 0xE0, 0x0F, 0xC0, 
    0x03, 0xF8, 0x00, 0x38, 0x00, 0xF0, 0x07, 0xC0, 0x03, 0xC0, 0x00, 0x70, 0x00, 0x70, 0x03, 0xC0, 
    0x03, 0x00, 0x00, 0xE0, 0xF8, 0x38, 0x00, 0xC0, 0x03, 0x00, 0x00, 0xC3, 0xFE, 0x18, 0x00, 0xC0, 
    0x03, 0x00, 0x00, 0xC3, 0x8F, 0x1C, 0x00, 0xC0, 0x03, 0x00, 0x01, 0xC7, 0x07, 0x0C, 0x00, 0xC0, 
    0x03, 0x80, 0x01, 0xC6, 0x03, 0x8C, 0x01, 0xC0, 0x03, 0xC0, 0x01, 0x86, 0x03, 0x8C, 0x07, 0xC0, 
    0x03, 0xE0, 0x01, 0x86, 0x03, 0x8C, 0x1F, 0xC0, 0x03, 0xF0, 0x01, 0xC6, 0x03, 0x0C, 0x7C, 0xC0, 
    0x03, 0x3C, 0x01, 0xC7, 0x07, 0x0F, 0xF0, 0xC0, 0x03, 0x1E, 0x00, 0xC3, 0xCE, 0x1F, 0xC0, 0xC0, 
    0x03, 0x0F, 0x00, 0xC1, 0xFE, 0x1F, 0x00, 0xC0, 0x03, 0x07, 0x80, 0xE0, 0xF8, 0x38, 0x00, 0xC0, 
    0x03, 0x01, 0xC0, 0x60, 0x00, 0x70, 0x00, 0xC0, 0x03, 0x00, 0xF0, 0x70, 0x00, 0x78, 0x00, 0xC0, 
    0x03, 0x00, 0x78, 0x30, 0x00, 0xFC, 0x00, 0xC0, 0x03, 0x00, 0x3C, 0x38, 0x01, 0xCE, 0x00, 0xC0, 
    0x03, 0x00, 0x0E, 0x18, 0x03, 0x87, 0x80, 0xC0, 0x03, 0x00, 0x07, 0xF8, 0x07, 0x03, 0xC0, 0xC0, 
    0x03, 0x80, 0x03, 0xFC, 0x07, 0x01, 0xE0, 0xC0, 0x03, 0xC0, 0x01, 0xEC, 0x0E, 0x00, 0x70, 0xC0, 
    0x03, 0xF0, 0x00, 0x0E, 0x1C, 0x00, 0x38, 0xC0, 0x03, 0x78, 0x00, 0x06, 0x38, 0x00, 0x1E, 0xC0, 
    0x03, 0x3C, 0x00, 0x07, 0x38, 0x00, 0x0F, 0xC0, 0x03, 0x0F, 0x00, 0x03, 0x70, 0x00, 0x07, 0xC0, 
    0x03, 0x07, 0x80, 0x03, 0xE0, 0x00, 0x01, 0xC0, 0x03, 0x03, 0xC0, 0x03, 0xC0, 0x00, 0x00, 0xC0, 
    0x03, 0x00, 0xF0, 0x01, 0x80, 0x00, 0x00, 0xC0, 0x03, 0x00, 0x78, 0x00, 0x00, 0x00, 0x00, 0xC0, 
    0x03, 0xFF, 0xFF, 0xFF, 0xFF, 0xFF, 0xFF, 0xC0, 0x03, 0xFF, 0xFF, 0xFF, 0xFF, 0xFF, 0xFF, 0xC0, 
    0x00, 0x00, 0x00, 0x00, 0x00, 0x00, 0x00, 0x00, 0x00, 0x00, 0x00, 0x00, 0x00, 0x00, 0x00, 0x00, 
    0x00, 0x00, 0x00, 0x00, 0x00, 0x00, 0x00, 0x00, 0x00, 0x00, 0x00, 0x00, 0x00, 0x00, 0x00, 0x00, 
      },
  {
    0x00, 0x00, 0x00, 0x00, 0x00, 0x00, 0x00, 0x00, 0x00, 0x00, 0x00, 0x00, 0x00, 0x00, 0x00, 0x00, 
    0x00, 0x00, 0x00, 0x00, 0x00, 0x00, 0x00, 0x00, 0x00, 0x00, 0x00, 0x00, 0x00, 0x00, 0x00, 0x00, 
    0x03, 0xFF, 0xFF, 0xFF, 0xFF, 0xFF, 0xFF, 0xC0, 0x03, 0xFF, 0xFF, 0xFF, 0xFF, 0xFF, 0xFF, 0xC0, 
    0x03, 0x00, 0x00, 0x00, 0x00, 0x3C, 0x00, 0xC0, 0x03, 0x00, 0x00, 0x00, 0x00, 0x1E, 0x00, 0xC0, 
    0x03, 0x00, 0x00, 0x00, 0x00, 0x07, 0x80, 0xC0, 0x03, 0x00, 0x00, 0x00, 0x00, 0x03, 0xC0, 0xC0, 
    0x03, 0xC0, 0x00, 0x00, 0x00, 0x01, 0xE0, 0xC0, 0x03, 0xE0, 0x00, 0x00, 0x00, 0x00, 0x78, 0xC0, 
    0x03, 0xF0, 0x00, 0x00, 0x00, 0x00, 0x3C, 0xC0, 0x03, 0x38, 0x00, 0x00, 0x00, 0x00, 0x1E, 0xC0, 
    0x03, 0x1E, 0x00, 0x00, 0x00, 0x00, 0x07, 0xC0, 0x03, 0x0F, 0x00, 0x00, 0x07, 0x80, 0x03, 0xC0, 
    0x03, 0x07, 0x80, 0x00, 0x3F, 0xC0, 0x01, 0xC0, 0x03, 0x03, 0xC0, 0x00, 0xFC, 0xE0, 0x00, 0xC0, 
    0x03, 0x00, 0xE0, 0x03, 0xF0, 0x78, 0x00, 0xC0, 0x03, 0x00, 0x78, 0x1F, 0x80, 0x3C, 0x00, 0xC0, 
    0x03, 0x00, 0x3C, 0x7E, 0x00, 0x1E, 0x00, 0xC0, 0x03, 0x00, 0x1F, 0xF8, 0x00, 0x07, 0x00, 0xC0, 
    0x03, 0x00, 0x0F, 0xC0, 0x00, 0x03, 0x80, 0xC0, 0x03, 0x00, 0x3F, 0x00, 0x00, 0x01, 0xE0, 0xC0, 
    0x03, 0x00, 0xFC, 0x00, 0x7C, 0x00, 0xF0, 0xC0, 0x03, 0x07, 0xE0, 0x03, 0xFF, 0x80, 0x78, 0xC0, 
    0x03, 0x1F, 0x80, 0x0F, 0xFF, 0xC0, 0x1C, 0xC0, 0x03, 0x7E, 0x00, 0x1E, 0x01, 0xE0, 0x0F, 0xC0, 
    0x03, 0xF8, 0x00, 0x3C, 0x00, 0x70, 0x07, 0xC0, 0x03, 0xC0, 0x00, 0x38, 0x00, 0x38, 0x03, 0xC0, 
    0x03, 0x00, 0x00, 0x70, 0x7C, 0x1C, 0x00, 0xC0, 0x03, 0x00, 0x00, 0x61, 0xFE, 0x1C, 0x00, 0xC0, 
    0x03, 0x00, 0x00, 0xE3, 0xCF, 0x0C, 0x00, 0xC0, 0x03, 0x00, 0x00, 0xC3, 0x03, 0x8E, 0x00, 0xC0, 
    0x03, 0x80, 0x00, 0xC7, 0x01, 0x8E, 0x01, 0xC0, 0x03, 0xC0, 0x00, 0xC7, 0x01, 0x8E, 0x07, 0xC0, 
    0x03, 0xE0, 0x00, 0xC6, 0x01, 0x8E, 0x1F, 0xC0, 0x03, 0xF0, 0x00, 0xC7, 0x01, 0x8E, 0x7C, 0xC0, 
    0x03, 0x3C, 0x00, 0xC3, 0x03, 0x8F, 0xF0, 0xC0, 0x03, 0x1E, 0x00, 0xE3, 0xCF, 0x0F, 0xC0, 0xC0, 
    0x03, 0x0F, 0x00, 0xE1, 0xFE, 0x1F, 0x00, 0xC0, 0x03, 0x07, 0x80, 0x60, 0x7C, 0x1C, 0x00, 0xC0, 
    0x03, 0x01, 0xC0, 0x70, 0x00, 0x38, 0x00, 0xC0, 0x03, 0x00, 0xF0, 0x30, 0x00, 0x78, 0x00, 0xC0, 
    0x03, 0x00, 0x78, 0x38, 0x00, 0xFC, 0x00, 0xC0, 0x03, 0x00, 0x3C, 0x38, 0x01, 0xEE, 0x00, 0xC0, 
    0x03, 0x00, 0x0E, 0x18, 0x01, 0xC7, 0x80, 0xC0, 0x03, 0x00, 0x07, 0xFC, 0x03, 0x83, 0xC0, 0xC0, 
    0x03, 0x80, 0x03, 0xFC, 0x07, 0x01, 0xE0, 0xC0, 0x03, 0xC0, 0x01, 0xEE, 0x0E, 0x00, 0x70, 0xC0, 
    0x03, 0xF0, 0x00, 0x0E, 0x1C, 0x00, 0x38, 0xC0, 0x03, 0x78, 0x00, 0x06, 0x3C, 0x00, 0x1E, 0xC0, 
    0x03, 0x3C, 0x00, 0x07, 0x38, 0x00, 0x0F, 0xC0, 0x03, 0x0F, 0x00, 0x03, 0x70, 0x00, 0x07, 0xC0, 
    0x03, 0x07, 0x80, 0x03, 0xE0, 0x00, 0x01, 0xC0, 0x03, 0x03, 0xC0, 0x03, 0xC0, 0x00, 0x00, 0xC0, 
    0x03, 0x00, 0xF0, 0x01, 0x80, 0x00, 0x00, 0xC0, 0x03, 0x00, 0x78, 0x00, 0x00, 0x00, 0x00, 0xC0, 
    0x03, 0xFF, 0xFF, 0xFF, 0xFF, 0xFF, 0xFF, 0xC0, 0x03, 0xFF, 0xFF, 0xFF, 0xFF, 0xFF, 0xFF, 0xC0, 
    0x00, 0x00, 0x00, 0x00, 0x00, 0x00, 0x00, 0x00, 0x00, 0x00, 0x00, 0x00, 0x00, 0x00, 0x00, 0x00, 
    0x00, 0x00, 0x00, 0x00, 0x00, 0x00, 0x00, 0x00, 0x00, 0x00, 0x00, 0x00, 0x00, 0x00, 0x00, 0x00, 
      },
  {
    0x00, 0x00, 0x00, 0x00, 0x00, 0x00, 0x00, 0x00, 0x00, 0x00, 0x00, 0x00, 0x00, 0x00, 0x00, 0x00, 
    0x00, 0x00, 0x00, 0x00, 0x00, 0x00, 0x00, 0x00, 0x00, 0x00, 0x00, 0x00, 0x00, 0x00, 0x00, 0x00, 
    0x03, 0xFF, 0xFF, 0xFF, 0xFF, 0xFF, 0xFF, 0xC0, 0x03, 0xFF, 0xFF, 0xFF, 0xFF, 0xFF, 0xFF, 0xC0, 
    0x03, 0x00, 0x00, 0x00, 0x00, 0x3C, 0x00, 0xC0, 0x03, 0x00, 0x00, 0x00, 0x00, 0x1E, 0x00, 0xC0, 
    0x03, 0x00, 0x00, 0x00, 0x00, 0x07, 0x80, 0xC0, 0x03, 0x00, 0x00, 0x00, 0x00, 0x03, 0xC0, 0xC0, 
    0x03, 0xC0, 0x00, 0x00, 0x00, 0x01, 0xE0, 0xC0, 0x03, 0xE0, 0x00, 0x00, 0x00, 0x00, 0x78, 0xC0, 
    0x03, 0xF0, 0x00, 0x00, 0x00, 0x00, 0x3C, 0xC0, 0x03, 0x38, 0x00, 0x00, 0x00, 0x00, 0x1E, 0xC0, 
    0x03, 0x1E, 0x00, 0x00, 0x00, 0x00, 0x07, 0xC0, 0x03, 0x0F, 0x00, 0x00, 0x07, 0x80, 0x03, 0xC0, 
    0x03, 0x07, 0x80, 0x00, 0x3F, 0xC0, 0x01, 0xC0, 0x03, 0x03, 0xC0, 0x00, 0xFC, 0xE0, 0x00, 0xC0, 
    0x03, 0x00, 0xE0, 0x03, 0xF0, 0x78, 0x00, 0xC0, 0x03, 0x00, 0x78, 0x1F, 0x80, 0x3C, 0x00, 0xC0, 
    0x03, 0x00, 0x3C, 0x7E, 0x00, 0x1E, 0x00, 0xC0, 0x03, 0x00, 0x1F, 0xF8, 0x00, 0x07, 0x00, 0xC0, 
    0x03, 0x00, 0x0F, 0xC0, 0x00, 0x03, 0x80, 0xC0, 0x03, 0x00, 0x3F, 0x00, 0x00, 0x01, 0xE0, 0xC0, 
    0x03, 0x00, 0xFC, 0x00, 0x7C, 0x00, 0xF0, 0xC0, 0x03, 0x07, 0xE0, 0x03, 0xFF, 0x80, 0x78, 0xC0, 
    0x03, 0x1F, 0x80, 0x07, 0xFF, 0xC0, 0x1C, 0xC0, 0x03, 0x7E, 0x00, 0x1E, 0x01, 0xE0, 0x0F, 0xC0, 
    0x03, 0xF8, 0x00, 0x3C, 0x00, 0x70, 0x07, 0xC0, 0x03, 0xC0, 0x00, 0x38, 0x00, 0x38, 0x03, 0xC0, 
    0x03, 0x00, 0x00, 0x70, 0x7C, 0x1C, 0x00, 0xC0, 0x03, 0x00, 0x00, 0x61, 0xFE, 0x0C, 0x00, 0xC0, 
    0x03, 0x00, 0x00, 0xE3, 0xCF, 0x0E, 0x00, 0xC0, 0x03, 0x00, 0x00, 0xC3, 0x83, 0x8E, 0x00, 0xC0, 
    0x03, 0x80, 0x00, 0xC7, 0x01, 0x86, 0x01, 0xC0, 0x03, 0xC0, 0x00, 0xC7, 0x01, 0x86, 0x07, 0xC0, 
    0x03, 0xE0, 0x00, 0xC7, 0x01, 0x86, 0x1F, 0xC0, 0x03, 0xF0, 0x00, 0xC7, 0x01, 0x86, 0x7C, 0xC0, 
    0x03, 0x3C, 0x00, 0xC3, 0x83, 0x8F, 0xF0, 0xC0, 0x03, 0x1E, 0x00, 0xE3, 0xC7, 0x0F, 0xC0, 0xC0, 
    0x03, 0x0F, 0x00, 0x61, 0xFE, 0x1F, 0x00, 0xC0, 0x03, 0x07, 0x80, 0x60, 0x7C, 0x1C, 0x00, 0xC0, 
    0x03, 0x01, 0xC0, 0x70, 0x00, 0x38, 0x00, 0xC0, 0x03, 0x00, 0xF0, 0x30, 0x00, 0x78, 0x00, 0xC0, 
    0x03, 0x00, 0x78, 0x38, 0x00, 0xFC, 0x00, 0xC0, 0x03, 0x00, 0x3C, 0x18, 0x00, 0xEE, 0x00, 0xC0, 
    0x03, 0x00, 0x0E, 0x18, 0x01, 0xC7, 0x80, 0xC0, 0x03, 0x00, 0x07, 0xFC, 0x03, 0x83, 0xC0, 0xC0, 
    0x03, 0x80, 0x03, 0xFC, 0x07, 0x01, 0xE0, 0xC0, 0x03, 0xC0, 0x01, 0xEE, 0x0E, 0x00, 0x70, 0xC0, 
    0x03, 0xF0, 0x00, 0x0E, 0x1C, 0x00, 0x38, 0xC0, 0x03, 0x78, 0x00, 0x06, 0x1C, 0x00, 0x1E, 0xC0, 
    0x03, 0x3C, 0x00, 0x07, 0x38, 0x00, 0x0F, 0xC0, 0x03, 0x0F, 0x00, 0x03, 0x70, 0x00, 0x07, 0xC0, 
    0x03, 0x07, 0x80, 0x03, 0xE0, 0x00, 0x01, 0xC0, 0x03, 0x03, 0xC0, 0x03, 0xC0, 0x00, 0x00, 0xC0, 
    0x03, 0x00, 0xF0, 0x01, 0x80, 0x00, 0x00, 0xC0, 0x03, 0x00, 0x78, 0x00, 0x00, 0x00, 0x00, 0xC0, 
    0x03, 0xFF, 0xFF, 0xFF, 0xFF, 0xFF, 0xFF, 0xC0, 0x03, 0xFF, 0xFF, 0xFF, 0xFF, 0xFF, 0xFF, 0xC0, 
    0x00, 0x00, 0x00, 0x00, 0x00, 0x00, 0x00, 0x00, 0x00, 0x00, 0x00, 0x00, 0x00, 0x00, 0x00, 0x00, 
    0x00, 0x00, 0x00, 0x00, 0x00, 0x00, 0x00, 0x00, 0x00, 0x00, 0x00, 0x00, 0x00, 0x00, 0x00, 0x00, 
      },
  {
    0x00, 0x00, 0x00, 0x00, 0x00, 0x00, 0x00, 0x00, 0x00, 0x00, 0x00, 0x00, 0x00, 0x00, 0x00, 0x00, 
    0x00, 0x00, 0x00, 0x00, 0x00, 0x00, 0x00, 0x00, 0x00, 0x00, 0x00, 0x00, 0x00, 0x00, 0x00, 0x00, 
    0x03, 0xFF, 0xFF, 0xFF, 0xFF, 0xFF, 0xFF, 0xC0, 0x03, 0xFF, 0xFF, 0xFF, 0xFF, 0xFF, 0xFF, 0xC0, 
    0x03, 0x00, 0x00, 0x00, 0x00, 0x3C, 0x00, 0xC0, 0x03, 0x00, 0x00, 0x00, 0x00, 0x1E, 0x00, 0xC0, 
    0x03, 0x00, 0x00, 0x00, 0x00, 0x07, 0x80, 0xC0, 0x03, 0x00, 0x00, 0x00, 0x00, 0x03, 0xC0, 0xC0, 
    0x03, 0xC0, 0x00, 0x00, 0x00, 0x01, 0xE0, 0xC0, 0x03, 0xE0, 0x00, 0x00, 0x00, 0x00, 0x78, 0xC0, 
    0x03, 0xF0, 0x00, 0x00, 0x00, 0x00, 0x3C, 0xC0, 0x03, 0x38, 0x00, 0x00, 0x00, 0x00, 0x1E, 0xC0, 
    0x03, 0x1E, 0x00, 0x00, 0x00, 0x00, 0x07, 0xC0, 0x03, 0x0F, 0x00, 0x00, 0x07, 0x80, 0x03, 0xC0, 
    0x03, 0x07, 0x80, 0x00, 0x3F, 0xC0, 0x01, 0xC0, 0x03, 0x03, 0xC0, 0x00, 0xFC, 0xE0, 0x00, 0xC0, 
    0x03, 0x00, 0xE0, 0x03, 0xF0, 0x78, 0x00, 0xC0, 0x03, 0x00, 0x78, 0x1F, 0x80, 0x3C, 0x00, 0xC0, 
    0x03, 0x00, 0x3C, 0x7E, 0x00, 0x1E, 0x00, 0xC0, 0x03, 0x00, 0x1F, 0xF8, 0x00, 0x07, 0x00, 0xC0, 
    0x03, 0x00, 0x0F, 0xC0, 0x00, 0x03, 0x80, 0xC0, 0x03, 0x00, 0x3F, 0x00, 0x00, 0x01, 0xE0, 0xC0, 
    0x03, 0x00, 0xFC, 0x00, 0x7C, 0x00, 0xF0, 0xC0, 0x03, 0x07, 0xE0, 0x03, 0xFF, 0x80, 0x78, 0xC0, 
    0x03, 0x1F, 0x80, 0x0F, 0xFF, 0xC0, 0x1C, 0xC0, 0x03, 0x7E, 0x00, 0x1E, 0x01, 0xE0, 0x0F, 0xC0, 
    0x03, 0xF8, 0x00, 0x3C, 0x00, 0x70, 0x07, 0xC0, 0x03, 0xC0, 0x00, 0x70, 0x00, 0x38, 0x03, 0xC0, 
    0x03, 0x00, 0x00, 0x70, 0x7C, 0x18, 0x00, 0xC0, 0x03, 0x00, 0x00, 0xE1, 0xFE, 0x1C, 0x00, 0xC0, 
    0x03, 0x00, 0x00, 0xE3, 0xCF, 0x0C, 0x00, 0xC0, 0x03, 0x00, 0x00, 0xC3, 0x03, 0x8E, 0x00, 0xC0, 
    0x03, 0x80, 0x00, 0xC7, 0x03, 0x8E, 0x01, 0xC0, 0x03, 0xC0, 0x00, 0xC6, 0x01, 0x8E, 0x07, 0xC0, 
    0x03, 0xE0, 0x00, 0xC6, 0x01, 0x8E, 0x1F, 0xC0, 0x03, 0xF0, 0x00, 0xC7, 0x03, 0x8E, 0xFC, 0xC0, 
    0x03, 0x3C, 0x00, 0xC3, 0x03, 0x8F, 0xF0, 0xC0, 0x03, 0x1E, 0x00, 0xE3, 0xCF, 0x0F, 0xC0, 0xC0, 
    0x03, 0x0F, 0x00, 0xE1, 0xFE, 0x1F, 0x00, 0xC0, 0x03, 0x07, 0x80, 0x60, 0x7C, 0x18, 0x00, 0xC0, 
    0x03, 0x01, 0xC0, 0x70, 0x00, 0x38, 0x00, 0xC0, 0x03, 0x00, 0xF0, 0x30, 0x00, 0x78, 0x00, 0xC0, 
    0x03, 0x00, 0x78, 0x38, 0x00, 0xFC, 0x00, 0xC0, 0x03, 0x00, 0x3C, 0x38, 0x01, 0xCE, 0x00, 0xC0, 
    0x03, 0x00, 0x0E, 0x18, 0x01, 0xC7, 0x80, 0xC0, 0x03, 0x00, 0x07, 0xFC, 0x03, 0x83, 0xC0, 0xC0, 
    0x03, 0x80, 0x03, 0xFC, 0x07, 0x01, 0xE0, 0xC0, 0x03, 0xC0, 0x01, 0xEE, 0x0E, 0x00, 0x70, 0xC0, 
    0x03, 0xF0, 0x00, 0x0E, 0x1C, 0x00, 0x38, 0xC0, 0x03, 0x78, 0x00, 0x06, 0x3C, 0x00, 0x1E, 0xC0, 
    0x03, 0x3C, 0x00, 0x07, 0x38, 0x00, 0x0F, 0xC0, 0x03, 0x0F, 0x00, 0x03, 0x70, 0x00, 0x07, 0xC0, 
    0x03, 0x07, 0x80, 0x03, 0xE0, 0x00, 0x01, 0xC0, 0x03, 0x03, 0xC0, 0x03, 0xC0, 0x00, 0x00, 0xC0, 
    0x03, 0x00, 0xF0, 0x01, 0x80, 0x00, 0x00, 0xC0, 0x03, 0x00, 0x78, 0x00, 0x00, 0x00, 0x00, 0xC0, 
    0x03, 0xFF, 0xFF, 0xFF, 0xFF, 0xFF, 0xFF, 0xC0, 0x03, 0xFF, 0xFF, 0xFF, 0xFF, 0xFF, 0xFF, 0xC0, 
    0x00, 0x00, 0x00, 0x00, 0x00, 0x00, 0x00, 0x00, 0x00, 0x00, 0x00, 0x00, 0x00, 0x00, 0x00, 0x00, 
    0x00, 0x00, 0x00, 0x00, 0x00, 0x00, 0x00, 0x00, 0x00, 0x00, 0x00, 0x00, 0x00, 0x00, 0x00, 0x00, 
      },
  {
    0x00, 0x00, 0x00, 0x00, 0x00, 0x00, 0x00, 0x00, 0x00, 0x00, 0x00, 0x00, 0x00, 0x00, 0x00, 0x00, 
    0x00, 0x00, 0x00, 0x00, 0x00, 0x00, 0x00, 0x00, 0x00, 0x00, 0x00, 0x00, 0x00, 0x00, 0x00, 0x00, 
    0x03, 0xFF, 0xFF, 0xFF, 0xFF, 0xFF, 0xFF, 0xC0, 0x03, 0xFF, 0xFF, 0xFF, 0xFF, 0xFF, 0xFF, 0xC0, 
    0x03, 0x00, 0x00, 0x00, 0x00, 0x3C, 0x00, 0xC0, 0x03, 0x00, 0x00, 0x00, 0x00, 0x1E, 0x00, 0xC0, 
    0x03, 0x00, 0x00, 0x00, 0x00, 0x07, 0x80, 0xC0, 0x03, 0x00, 0x00, 0x00, 0x00, 0x03, 0xC0, 0xC0, 
    0x03, 0xC0, 0x00, 0x00, 0x00, 0x01, 0xE0, 0xC0, 0x03, 0xE0, 0x00, 0x00, 0x00, 0x00, 0x78, 0xC0, 
    0x03, 0xF0, 0x00, 0x00, 0x00, 0x00, 0x3C, 0xC0, 0x03, 0x38, 0x00, 0x00, 0x00, 0x00, 0x1E, 0xC0, 
    0x03, 0x1E, 0x00, 0x00, 0x00, 0x00, 0x07, 0xC0, 0x03, 0x0F, 0x00, 0x00, 0x07, 0x80, 0x03, 0xC0, 
    0x03, 0x07, 0x80, 0x00, 0x3F, 0xC0, 0x01, 0xC0, 0x03, 0x03, 0xC0, 0x00, 0xFC, 0xE0, 0x00, 0xC0, 
    0x03, 0x00, 0xE0, 0x03, 0xF0, 0x78, 0x00, 0xC0, 0x03, 0x00, 0x78, 0x1F, 0x80, 0x3C, 0x00, 0xC0, 
    0x03, 0x00, 0x3C, 0x7E, 0x00, 0x1E, 0x00, 0xC0, 0x03, 0x00, 0x1F, 0xF8, 0x00, 0x07, 0x00, 0xC0, 
    0x03, 0x00, 0x0F, 0xC0, 0x00, 0x03, 0x80, 0xC0, 0x03, 0x00, 0x3F, 0x00, 0x00, 0x01, 0xE0, 0xC0, 
    0x03, 0x00, 0xFC, 0x00, 0xFC, 0x00, 0xF0, 0xC0, 0x03, 0x07, 0xE0, 0x07, 0xFF, 0x00, 0x78, 0xC0, 
    0x03, 0x1F, 0x80, 0x0F, 0xFF, 0xC0, 0x1C, 0xC0, 0x03, 0x7E, 0x00, 0x3C, 0x01, 0xE0, 0x0F, 0xC0, 
    0x03, 0xF8, 0x00, 0x38, 0x00, 0xF0, 0x07, 0xC0, 0x03, 0xC0, 0x00, 0x70, 0x00, 0x70, 0x03, 0xC0, 
    0x03, 0x00, 0x00, 0xE0, 0xF8, 0x38, 0x00, 0xC0, 0x03, 0x00, 0x00, 0xC3, 0xFE, 0x18, 0x00, 0xC0, 
    0x03, 0x00, 0x00, 0xC3, 0x8F, 0x1C, 0x00, 0xC0, 0x03, 0x00, 0x01, 0xC7, 0x07, 0x0C, 0x00, 0xC0, 
    0x03, 0x80, 0x01, 0xC6, 0x03, 0x0C, 0x01, 0xC0, 0x03, 0xC0, 0x01, 0x8E, 0x03, 0x8C, 0x07, 0xC0, 
    0x03, 0xE0, 0x01, 0x8E, 0x03, 0x8C, 0x1F, 0xC0, 0x03, 0xF0, 0x01, 0xC6, 0x03, 0x0C, 0x7C, 0xC0, 
    0x03, 0x3C, 0x01, 0xC7, 0x07, 0x1F, 0xF0, 0xC0, 0x03, 0x1E, 0x00, 0xC3, 0xDE, 0x1F, 0xC0, 0xC0, 
    0x03, 0x0F, 0x00, 0xC1, 0xFE, 0x1F, 0x00, 0xC0, 0x03, 0x07, 0x80, 0xE0, 0xF8, 0x38, 0x00, 0xC0, 
    0x03, 0x01, 0xC0, 0x60, 0x00, 0x70, 0x00, 0xC0, 0x03, 0x00, 0xF0, 0x70, 0x00, 0x78, 0x00, 0xC0, 
    0x03, 0x00, 0x78, 0x30, 0x00, 0xFC, 0x00, 0xC0, 0x03, 0x00, 0x3C, 0x38, 0x01, 0xCE, 0x00, 0xC0, 
    0x03, 0x00, 0x0E, 0x38, 0x03, 0x87, 0x80, 0xC0, 0x03, 0x00, 0x07, 0xF8, 0x07, 0x03, 0xC0, 0xC0, 
    0x03, 0x80, 0x03, 0xFC, 0x07, 0x01, 0xE0, 0xC0, 0x03, 0xC0, 0x01, 0xEC, 0x0E, 0x00, 0x70, 0xC0, 
    0x03, 0xF0, 0x00, 0x0E, 0x1C, 0x00, 0x38, 0xC0, 0x03, 0x78, 0x00, 0x06, 0x38, 0x00, 0x1E, 0xC0, 
    0x03, 0x3C, 0x00, 0x07, 0x70, 0x00, 0x0F, 0xC0, 0x03, 0x0F, 0x00, 0x07, 0x70, 0x00, 0x07, 0xC0, 
    0x03, 0x07, 0x80, 0x03, 0xE0, 0x00, 0x01, 0xC0, 0x03, 0x03, 0xC0, 0x03, 0xC0, 0x00, 0x00, 0xC0, 
    0x03, 0x00, 0xF0, 0x01, 0x80, 0x00, 0x00, 0xC0, 0x03, 0x00, 0x78, 0x00, 0x00, 0x00, 0x00, 0xC0, 
    0x03, 0xFF, 0xFF, 0xFF, 0xFF, 0xFF, 0xFF, 0xC0, 0x03, 0xFF, 0xFF, 0xFF, 0xFF, 0xFF, 0xFF, 0xC0, 
    0x00, 0x00, 0x00, 0x00, 0x00, 0x00, 0x00, 0x00, 0x00, 0x00, 0x00, 0x00, 0x00, 0x00, 0x00, 0x00, 
    0x00, 0x00, 0x00, 0x00, 0x00, 0x00, 0x00, 0x00, 0x00, 0x00, 0x00, 0x00, 0x00, 0x00, 0x00, 0x00, 
      },
  {
    0x00, 0x00, 0x00, 0x00, 0x00, 0x00, 0x00, 0x00, 0x00, 0x00, 0x00, 0x00, 0x00, 0x00, 0x00, 0x00, 
    0x00, 0x00, 0x00, 0x00, 0x00, 0x00, 0x00, 0x00, 0x00, 0x00, 0x00, 0x00, 0x00, 0x00, 0x00, 0x00, 
    0x03, 0xFF, 0xFF, 0xFF, 0xFF, 0xFF, 0xFF, 0xC0, 0x03, 0xFF, 0xFF, 0xFF, 0xFF, 0xFF, 0xFF, 0xC0, 
    0x03, 0x00, 0x00, 0x00, 0x00, 0x3C, 0x00, 0xC0, 0x03, 0x00, 0x00, 0x00, 0x00, 0x1E, 0x00, 0xC0, 
    0x03, 0x00, 0x00, 0x00, 0x00, 0x07, 0x80, 0xC0, 0x03, 0x00, 0x00, 0x00, 0x00, 0x03, 0xC0, 0xC0, 
    0x03, 0xC0, 0x00, 0x00, 0x00, 0x01, 0xE0, 0xC0, 0x03, 0xE0, 0x00, 0x00, 0x00, 0x00, 0x78, 0xC0, 
    0x03, 0xF0, 0x00, 0x00, 0x00, 0x00, 0x3C, 0xC0, 0x03, 0x38, 0x00, 0x00, 0x00, 0x00, 0x1E, 0xC0, 
    0x03, 0x1E, 0x00, 0x00, 0x00, 0x00, 0x07, 0xC0, 0x03, 0x0F, 0x00, 0x00, 0x07, 0x80, 0x03, 0xC0, 
    0x03, 0x07, 0x80, 0x00, 0x3F, 0xC0, 0x01, 0xC0, 0x03, 0x03, 0xC0, 0x00, 0xFC, 0xE0, 0x00, 0xC0, 
    0x03, 0x00, 0xE0, 0x03, 0xF0, 0x78, 0x00, 0xC0, 0x03, 0x00, 0x78, 0x1F, 0x80, 0x3C, 0x00, 0xC0, 
    0x03, 0x00, 0x3C, 0x7E, 0x00, 0x1E, 0x00, 0xC0, 0x03, 0x00, 0x1F, 0xF8, 0x00, 0x07, 0x00, 0xC0, 
    0x03, 0x00, 0x0F, 0xC0, 0x00, 0x03, 0x80, 0xC0, 0x03, 0x00, 0x3F, 0x00, 0x00, 0x01, 0xE0, 0xC0, 
    0x03, 0x00, 0xFC, 0x01, 0xF8, 0x00, 0xF0, 0xC0, 0x03, 0x07, 0xE0, 0x0F, 0xFF, 0x00, 0x78, 0xC0, 
    0x03, 0x1F, 0x80, 0x1F, 0x9F, 0x80, 0x1C, 0xC0, 0x03, 0x7E, 0x00, 0x3C, 0x03, 0xC0, 0x0F, 0xC0, 
    0x03, 0xF8, 0x00, 0x70, 0x00, 0xE0, 0x07, 0xC0, 0x03, 0xC0, 0x00, 0xE0, 0x00, 0x70, 0x03, 0xC0, 
    0x03, 0x00, 0x00, 0xC1, 0xF8, 0x30, 0x00, 0xC0, 0x03, 0x00, 0x01, 0xC3, 0xFC, 0x38, 0x00, 0xC0, 
    0x03, 0x00, 0x01, 0x87, 0x1E, 0x18, 0x00, 0xC0, 0x03, 0x00, 0x01, 0x8E, 0x06, 0x18, 0x00, 0xC0, 
    0x03, 0x80, 0x03, 0x8C, 0x07, 0x18, 0x01, 0xC0, 0x03, 0xC0, 0x03, 0x8C, 0x07, 0x1C, 0x07, 0xC0, 
    0x03, 0xE0, 0x03, 0x8C, 0x07, 0x18, 0x1F, 0xC0, 0x03, 0xF0, 0x03, 0x8C, 0x07, 0x18, 0x7C, 0xC0, 
    0x03, 0x3C, 0x01, 0x8E, 0x0E, 0x1B, 0xF0, 0xC0, 0x03, 0x1E, 0x01, 0x87, 0xBE, 0x3F, 0xC0, 0xC0, 
    0x03, 0x0F, 0x01, 0xC3, 0xFC, 0x3F, 0x00, 0xC0, 0x03, 0x07, 0x80, 0xC0, 0xF0, 0x78, 0x00, 0xC0, 
    0x03, 0x01, 0xC0, 0xE0, 0x00, 0x70, 0x00, 0xC0, 0x03, 0x00, 0xF0, 0x60, 0x00, 0xF8, 0x00, 0xC0, 
    0x03, 0x00, 0x78, 0x70, 0x01, 0xFC, 0x00, 0xC0, 0x03, 0x00, 0x3C, 0x30, 0x03, 0x8E, 0x00, 0xC0, 
    0x03, 0x00, 0x0E, 0x38, 0x03, 0x87, 0x80, 0xC0, 0x03, 0x00, 0x07, 0xF8, 0x07, 0x03, 0xC0, 0xC0, 
    0x03, 0x80, 0x03, 0xFC, 0x0E, 0x01, 0xE0, 0xC0, 0x03, 0xC0, 0x01, 0xFC, 0x0C, 0x00, 0x70, 0xC0, 
    0x03, 0xF0, 0x00, 0x0E, 0x1C, 0x00, 0x38, 0xC0, 0x03, 0x78, 0x00, 0x0E, 0x38, 0x00, 0x1E, 0xC0, 
    0x03, 0x3C, 0x00, 0x06, 0x70, 0x00, 0x0F, 0xC0, 0x03, 0x0F, 0x00, 0x07, 0x70, 0x00, 0x07, 0xC0, 
    0x03, 0x07, 0x80, 0x03, 0xE0, 0x00, 0x01, 0xC0, 0x03, 0x03, 0xC0, 0x03, 0xC0, 0x00, 0x00, 0xC0, 
    0x03, 0x00, 0xF0, 0x01, 0x80, 0x00, 0x00, 0xC0, 0x03, 0x00, 0x78, 0x00, 0x00, 0x00, 0x00, 0xC0, 
    0x03, 0xFF, 0xFF, 0xFF, 0xFF, 0xFF, 0xFF, 0xC0, 0x03, 0xFF, 0xFF, 0xFF, 0xFF, 0xFF, 0xFF, 0xC0, 
    0x00, 0x00, 0x00, 0x00, 0x00, 0x00, 0x00, 0x00, 0x00, 0x00, 0x00, 0x00, 0x00, 0x00, 0x00, 0x00, 
    0x00, 0x00, 0x00, 0x00, 0x00, 0x00, 0x00, 0x00, 0x00, 0x00, 0x00, 0x00, 0x00, 0x00, 0x00, 0x00, 
      },
  {
    0x00, 0x00, 0x00, 0x00, 0x00, 0x00, 0x00, 0x00, 0x00, 0x00, 0x00, 0x00, 0x00, 0x00, 0x00, 0x00, 
    0x00, 0x00, 0x00, 0x00, 0x00, 0x00, 0x00, 0x00, 0x00, 0x00, 0x00, 0x00, 0x00, 0x00, 0x00, 0x00, 
    0x03, 0xFF, 0xFF, 0xFF, 0xFF, 0xFF, 0xFF, 0xC0, 0x03, 0xFF, 0xFF, 0xFF, 0xFF, 0xFF, 0xFF, 0xC0, 
    0x03, 0x00, 0x00, 0x00, 0x00, 0x3C, 0x00, 0xC0, 0x03, 0x00, 0x00, 0x00, 0x00, 0x1E, 0x00, 0xC0, 
    0x03, 0x00, 0x00, 0x00, 0x00, 0x07, 0x80, 0xC0, 0x03, 0x00, 0x00, 0x00, 0x00, 0x03, 0xC0, 0xC0, 
    0x03, 0xC0, 0x00, 0x00, 0x00, 0x01, 0xE0, 0xC0, 0x03, 0xE0, 0x00, 0x00, 0x00, 0x00, 0x78, 0xC0, 
    0x03, 0xF0, 0x00, 0x00, 0x00, 0x00, 0x3C, 0xC0, 0x03, 0x38, 0x00, 0x00, 0x00, 0x00, 0x1E, 0xC0, 
    0x03, 0x1E, 0x00, 0x00, 0x00, 0x00, 0x07, 0xC0, 0x03, 0x0F, 0x00, 0x00, 0x07, 0x80, 0x03, 0xC0, 
    0x03, 0x07, 0x80, 0x00, 0x3F, 0xC0, 0x01, 0xC0, 0x03, 0x03, 0xC0, 0x00, 0xFC, 0xE0, 0x00, 0xC0, 
    0x03, 0x00, 0xE0, 0x03, 0xF0, 0x78, 0x00, 0xC0, 0x03, 0x00, 0x78, 0x1F, 0x80, 0x3C, 0x00, 0xC0, 
    0x03, 0x00, 0x3C, 0x7E, 0x00, 0x1E, 0x00, 0xC0, 0x03, 0x00, 0x1F, 0xF8, 0x00, 0x07, 0x00, 0xC0, 
    0x03, 0x00, 0x0F, 0xC0, 0x00, 0x03, 0x80, 0xC0, 0x03, 0x00, 0x3F, 0x00, 0x00, 0x01, 0xE0, 0xC0, 
    0x03, 0x00, 0xFC, 0x03, 0xF0, 0x00, 0xF0, 0xC0, 0x03, 0x07, 0xE0, 0x1F, 0xFE, 0x00, 0x78, 0xC0, 
    0x03, 0x1F, 0x80, 0x3E, 0x1F, 0x00, 0x1C, 0xC0, 0x03, 0x7E, 0x00, 0x78, 0x07, 0x80, 0x0F, 0xC0, 
    0x03, 0xF8, 0x00, 0xE0, 0x01, 0xC0, 0x07, 0xC0, 0x03, 0xC0, 0x01, 0xC0, 0x00, 0xE0, 0x03, 0xC0, 
    0x03, 0x00, 0x01, 0x83, 0xF0, 0x60, 0x00, 0xC0, 0x03, 0x00, 0x03, 0x87, 0xF8, 0x70, 0x00, 0xC0, 
    0x03, 0x00, 0x03, 0x0E, 0x1C, 0x30, 0x00, 0xC0, 0x03, 0x00, 0x03, 0x1C, 0x0E, 0x30, 0x00, 0xC0, 
    0x03, 0x80, 0x07, 0x18, 0x0E, 0x38, 0x01, 0xC0, 0x03, 0xC0, 0x07, 0x18, 0x06, 0x38, 0x07, 0xC0, 
    0x03, 0xE0, 0x07, 0x18, 0x06, 0x38, 0x1F, 0xC0, 0x03, 0xF0, 0x03, 0x1C, 0x0E, 0x30, 0x7C, 0xC0, 
    0x03, 0x3C, 0x03, 0x1C, 0x1C, 0x33, 0xF0, 0xC0, 0x03, 0x1E, 0x03, 0x0F, 0xFC, 0x7F, 0xC0, 0xC0, 
    0x03, 0x0F, 0x03, 0x87, 0xF8, 0x7F, 0x00, 0xC0, 0x03, 0x07, 0x81, 0x81, 0xE0, 0xF8, 0x00, 0xC0, 
    0x03, 0x01, 0xC1, 0xC0, 0x00, 0xF0, 0x00, 0xC0, 0x03, 0x00, 0xF0, 0xE0, 0x01, 0xF8, 0x00, 0xC0, 
    0x03, 0x00, 0x78, 0xE0, 0x03, 0xBC, 0x00, 0xC0, 0x03, 0x00, 0x3C, 0x70, 0x03, 0x8E, 0x00, 0xC0, 
    0x03, 0x00, 0x0E, 0x70, 0x07, 0x07, 0x80, 0xC0, 0x03, 0x00, 0x07, 0xF8, 0x0E, 0x03, 0xC0, 0xC0, 
    0x03, 0x80, 0x03, 0xF8, 0x0E, 0x01, 0xE0, 0xC0, 0x03, 0xC0, 0x01, 0xFC, 0x1C, 0x00, 0x70, 0xC0, 
    0x03, 0xF0, 0x00, 0x0C, 0x38, 0x00, 0x38, 0xC0, 0x03, 0x78, 0x00, 0x0E, 0x38, 0x00, 0x1E, 0xC0, 
    0x03, 0x3C, 0x00, 0x06, 0x70, 0x00, 0x0F, 0xC0, 0x03, 0x0F, 0x00, 0x07, 0x60, 0x00, 0x07, 0xC0, 
    0x03, 0x07, 0x80, 0x03, 0xE0, 0x00, 0x01, 0xC0, 0x03, 0x03, 0xC0, 0x03, 0xC0, 0x00, 0x00, 0xC0, 
    0x03, 0x00, 0xF0, 0x01, 0x80, 0x00, 0x00, 0xC0, 0x03, 0x00, 0x78, 0x00, 0x00, 0x00, 0x00, 0xC0, 
    0x03, 0xFF, 0xFF, 0xFF, 0xFF, 0xFF, 0xFF, 0xC0, 0x03, 0xFF, 0xFF, 0xFF, 0xFF, 0xFF, 0xFF, 0xC0, 
    0x00, 0x00, 0x00, 0x00, 0x00, 0x00, 0x00, 0x00, 0x00, 0x00, 0x00, 0x00, 0x00, 0x00, 0x00, 0x00, 
    0x00, 0x00, 0x00, 0x00, 0x00, 0x00, 0x00, 0x00, 0x00, 0x00, 0x00, 0x00, 0x00, 0x00, 0x00, 0x00, 
      },
  {
    0x00, 0x00, 0x00, 0x00, 0x00, 0x00, 0x00, 0x00, 0x00, 0x00, 0x00, 0x00, 0x00, 0x00, 0x00, 0x00, 
    0x00, 0x00, 0x00, 0x00, 0x00, 0x00, 0x00, 0x00, 0x00, 0x00, 0x00, 0x00, 0x00, 0x00, 0x00, 0x00, 
    0x03, 0xFF, 0xFF, 0xFF, 0xFF, 0xFF, 0xFF, 0xC0, 0x03, 0xFF, 0xFF, 0xFF, 0xFF, 0xFF, 0xFF, 0xC0, 
    0x03, 0x00, 0x00, 0x00, 0x00, 0x3C, 0x00, 0xC0, 0x03, 0x00, 0x00, 0x00, 0x00, 0x1E, 0x00, 0xC0, 
    0x03, 0x00, 0x00, 0x00, 0x00, 0x07, 0x80, 0xC0, 0x03, 0x00, 0x00, 0x00, 0x00, 0x03, 0xC0, 0xC0, 
    0x03, 0xC0, 0x00, 0x00, 0x00, 0x01, 0xE0, 0xC0, 0x03, 0xE0, 0x00, 0x00, 0x00, 0x00, 0x78, 0xC0, 
    0x03, 0xF0, 0x00, 0x00, 0x00, 0x00, 0x3C, 0xC0, 0x03, 0x38, 0x00, 0x00, 0x00, 0x00, 0x1E, 0xC0, 
    0x03, 0x1E, 0x00, 0x00, 0x00, 0x00, 0x07, 0xC0, 0x03, 0x0F, 0x00, 0x00, 0x07, 0x80, 0x03, 0xC0, 
    0x03, 0x07, 0x80, 0x00, 0x3F, 0xC0, 0x01, 0xC0, 0x03, 0x03, 0xC0, 0x00, 0xFC, 0xE0, 0x00, 0xC0, 
    0x03, 0x00, 0xE0, 0x03, 0xF0, 0x78, 0x00, 0xC0, 0x03, 0x00, 0x78, 0x1F, 0x80, 0x3C, 0x00, 0xC0, 
    0x03, 0x00, 0x3C, 0x7E, 0x00, 0x1E, 0x00, 0xC0, 0x03, 0x00, 0x1F, 0xF8, 0x00, 0x07, 0x00, 0xC0, 
    0x03, 0x00, 0x0F, 0xC0, 0x00, 0x03, 0x80, 0xC0, 0x03, 0x00, 0x3F, 0x00, 0x00, 0x01, 0xE0, 0xC0, 
    0x03, 0x00, 0xFC, 0x0F, 0xE0, 0x00, 0xF0, 0xC0, 0x03, 0x07, 0xE0, 0x3F, 0xF8, 0x00, 0x78, 0xC0, 
    0x03, 0x1F, 0x80, 0x7C, 0x7E, 0x00, 0x1C, 0xC0, 0x03, 0x7E, 0x01, 0xE0, 0x0F, 0x00, 0x0F, 0xC0, 
    0x03, 0xF0, 0x01, 0xC0, 0x03, 0x80, 0x07, 0xC0, 0x03, 0xC0, 0x03, 0x80, 0x01, 0xC0, 0x03, 0xC0, 
    0x03, 0x00, 0x07, 0x07, 0xE1, 0xC0, 0x00, 0xC0, 0x03, 0x00, 0x06, 0x1F, 0xF0, 0xE0, 0x00, 0xC0, 
    0x03, 0x00, 0x06, 0x1C, 0x78, 0xE0, 0x00, 0xC0, 0x03, 0x00, 0x0E, 0x38, 0x18, 0x60, 0x00, 0xC0, 
    0x03, 0x80, 0x0E, 0x30, 0x1C, 0x60, 0x01, 0xC0, 0x03, 0xC0, 0x0C, 0x30, 0x1C, 0x60, 0x07, 0xC0, 
    0x03, 0xE0, 0x0E, 0x30, 0x1C, 0x60, 0x1F, 0xC0, 0x03, 0xF0, 0x0E, 0x30, 0x18, 0x60, 0x7C, 0xC0, 
    0x03, 0x3C, 0x0E, 0x38, 0x38, 0x63, 0xF0, 0xC0, 0x03, 0x1E, 0x06, 0x1F, 0xF0, 0xEF, 0xC0, 0xC0, 
    0x03, 0x0F, 0x07, 0x0F, 0xE0, 0xFF, 0x00, 0xC0, 0x03, 0x07, 0x83, 0x03, 0xC1, 0xF8, 0x00, 0xC0, 
    0x03, 0x01, 0xC3, 0x80, 0x01, 0xF0, 0x00, 0xC0, 0x03, 0x00, 0xF1, 0x80, 0x03, 0xF8, 0x00, 0xC0, 
    0x03, 0x00, 0x79, 0xC0, 0x07, 0x3C, 0x00, 0xC0, 0x03, 0x00, 0x3C, 0xE0, 0x07, 0x0E, 0x00, 0xC0, 
    0x03, 0x00, 0x0E, 0x60, 0x0E, 0x07, 0x80, 0xC0, 0x03, 0x00, 0x07, 0xF0, 0x0C, 0x03, 0xC0, 0xC0, 
    0x03, 0x80, 0x03, 0xF8, 0x1C, 0x01, 0xE0, 0xC0, 0x03, 0xC0, 0x01, 0xF8, 0x18, 0x00, 0x70, 0xC0, 
    0x03, 0xF0, 0x00, 0x1C, 0x38, 0x00, 0x38, 0xC0, 0x03, 0x78, 0x00, 0x0C, 0x70, 0x00, 0x1E, 0xC0, 
    0x03, 0x3C, 0x00, 0x0E, 0x70, 0x00, 0x0F, 0xC0, 0x03, 0x0F, 0x00, 0x07, 0xE0, 0x00, 0x07, 0xC0, 
    0x03, 0x07, 0x80, 0x07, 0xC0, 0x00, 0x01, 0xC0, 0x03, 0x03, 0xC0, 0x03, 0xC0, 0x00, 0x00, 0xC0, 
    0x03, 0x00, 0xF0, 0x01, 0x80, 0x00, 0x00, 0xC0, 0x03, 0x00, 0x78, 0x00, 0x00, 0x00, 0x00, 0xC0, 
    0x03, 0xFF, 0xFF, 0xFF, 0xFF, 0xFF, 0xFF, 0xC0, 0x03, 0xFF, 0xFF, 0xFF, 0xFF, 0xFF, 0xFF, 0xC0, 
    0x00, 0x00, 0x00, 0x00, 0x00, 0x00, 0x00, 0x00, 0x00, 0x00, 0x00, 0x00, 0x00, 0x00, 0x00, 0x00, 
    0x00, 0x00, 0x00, 0x00, 0x00, 0x00, 0x00, 0x00, 0x00, 0x00, 0x00, 0x00, 0x00, 0x00, 0x00, 0x00, 
      },
  {
    0x00, 0x00, 0x00, 0x00, 0x00, 0x00, 0x00, 0x00, 0x00, 0x00, 0x00, 0x00, 0x00, 0x00, 0x00, 0x00, 
    0x00, 0x00, 0x00, 0x00, 0x00, 0x00, 0x00, 0x00, 0x00, 0x00, 0x00, 0x00, 0x00, 0x00, 0x00, 0x00, 
    0x03, 0xFF, 0xFF, 0xFF, 0xFF, 0xFF, 0xFF, 0xC0, 0x03, 0xFF, 0xFF, 0xFF, 0xFF, 0xFF, 0xFF, 0xC0, 
    0x03, 0x00, 0x00, 0x00, 0x00, 0x3C, 0x00, 0xC0, 0x03, 0x00, 0x00, 0x00, 0x00, 0x1E, 0x00, 0xC0, 
    0x03, 0x00, 0x00, 0x00, 0x00, 0x07, 0x80, 0xC0, 0x03, 0x00, 0x00, 0x00, 0x00, 0x03, 0xC0, 0xC0, 
    0x03, 0xC0, 0x00, 0x00, 0x00, 0x01, 0xE0, 0xC0, 0x03, 0xE0, 0x00, 0x00, 0x00, 0x00, 0x78, 0xC0, 
    0x03, 0xF0, 0x00, 0x00, 0x00, 0x00, 0x3C, 0xC0, 0x03, 0x38, 0x00, 0x00, 0x00, 0x00, 0x1E, 0xC0, 
    0x03, 0x1E, 0x00, 0x00, 0x00, 0x00, 0x07, 0xC0, 0x03, 0x0F, 0x00, 0x00, 0x07, 0x80, 0x03, 0xC0, 
    0x03, 0x07, 0x80, 0x00, 0x3F, 0xC0, 0x01, 0xC0, 0x03, 0x03, 0xC0, 0x00, 0xFC, 0xE0, 0x00, 0xC0, 
    0x03, 0x00, 0xE0, 0x03, 0xF0, 0x78, 0x00, 0xC0, 0x03, 0x00, 0x78, 0x1F, 0x80, 0x3C, 0x00, 0xC0, 
    0x03, 0x00, 0x3C, 0x7E, 0x00, 0x1E, 0x00, 0xC0, 0x03, 0x00, 0x1F, 0xF8, 0x00, 0x07, 0x00, 0xC0, 
    0x03, 0x00, 0x0F, 0xC0, 0x00, 0x03, 0x80, 0xC0, 0x03, 0x00, 0x3F, 0x00, 0x00, 0x01, 0xE0, 0xC0, 
    0x03, 0x00, 0xFC, 0x0F, 0xE0, 0x00, 0xF0, 0xC0, 0x03, 0x07, 0xE0, 0x3F, 0xF8, 0x00, 0x78, 0xC0, 
    0x03, 0x1F, 0x80, 0xFC, 0x7E, 0x00, 0x1C, 0xC0, 0x03, 0x7E, 0x01, 0xE0, 0x0F, 0x00, 0x0F, 0xC0, 
    0x03, 0xF8, 0x03, 0xC0, 0x07, 0x80, 0x07, 0xC0, 0x03, 0xC0, 0x03, 0x80, 0x03, 0x80, 0x03, 0xC0, 
    0x03, 0x00, 0x07, 0x0F, 0xC1, 0xC0, 0x00, 0xC0, 0x03, 0x00, 0x06, 0x1F, 0xF0, 0xC0, 0x00, 0xC0, 
    0x03, 0x00, 0x0E, 0x3C, 0x78, 0xE0, 0x00, 0xC0, 0x03, 0x00, 0x0E, 0x38, 0x38, 0x60, 0x00, 0xC0, 
    0x03, 0x80, 0x0C, 0x30, 0x18, 0x60, 0x01, 0xC0, 0x03, 0xC0, 0x0C, 0x70, 0x1C, 0x60, 0x07, 0xC0, 
    0x03, 0xE0, 0x0C, 0x70, 0x1C, 0x60, 0x1F, 0xC0, 0x03, 0xF0, 0x0C, 0x30, 0x18, 0x60, 0x7C, 0xC0, 
    0x03, 0x3C, 0x0E, 0x38, 0x38, 0xE3, 0xF0, 0xC0, 0x03, 0x1E, 0x06, 0x1F, 0xF0, 0xEF, 0xC0, 0xC0, 
    0x03, 0x0F, 0x07, 0x0F, 0xE0, 0xFF, 0x00, 0xC0, 0x03, 0x07, 0x87, 0x07, 0xC1, 0xF8, 0x00, 0xC0, 
    0x03, 0x01, 0xC3, 0x80, 0x03, 0xF0, 0x00, 0xC0, 0x03, 0x00, 0xF1, 0x80, 0x03, 0xF8, 0x00, 0xC0, 
    0x03, 0x00, 0x79, 0xC0, 0x07, 0x3C, 0x00, 0xC0, 0x03, 0x00, 0x3C, 0xE0, 0x06, 0x0E, 0x00, 0xC0, 
    0x03, 0x00, 0x0E, 0x60, 0x0E, 0x07, 0x80, 0xC0, 0x03, 0x00, 0x07, 0xF0, 0x0C, 0x03, 0xC0, 0xC0, 
    0x03, 0x80, 0x03, 0xF0, 0x1C, 0x01, 0xE0, 0xC0, 0x03, 0xC0, 0x01, 0xF8, 0x18, 0x00, 0x70, 0xC0, 
    0x03, 0xF0, 0x00, 0x1C, 0x38, 0x00, 0x38, 0xC0, 0x03, 0x78, 0x00, 0x0C, 0x70, 0x00, 0x1E, 0xC0, 
    0x03, 0x3C, 0x00, 0x0E, 0x70, 0x00, 0x0F, 0xC0, 0x03, 0x0F, 0x00, 0x07, 0xE0, 0x00, 0x07, 0xC0, 
    0x03, 0x07, 0x80, 0x07, 0xC0, 0x00, 0x01, 0xC0, 0x03, 0x03, 0xC0, 0x03, 0xC0, 0x00, 0x00, 0xC0, 
    0x03, 0x00, 0xF0, 0x01, 0x80, 0x00, 0x00, 0xC0, 0x03, 0x00, 0x78, 0x00, 0x00, 0x00, 0x00, 0xC0, 
    0x03, 0xFF, 0xFF, 0xFF, 0xFF, 0xFF, 0xFF, 0xC0, 0x03, 0xFF, 0xFF, 0xFF, 0xFF, 0xFF, 0xFF, 0xC0, 
    0x00, 0x00, 0x00, 0x00, 0x00, 0x00, 0x00, 0x00, 0x00, 0x00, 0x00, 0x00, 0x00, 0x00, 0x00, 0x00, 
    0x00, 0x00, 0x00, 0x00, 0x00, 0x00, 0x00, 0x00, 0x00, 0x00, 0x00, 0x00, 0x00, 0x00, 0x00, 0x00, 
      },
  {
    0x00, 0x00, 0x00, 0x00, 0x00, 0x00, 0x00, 0x00, 0x00, 0x00, 0x00, 0x00, 0x00, 0x00, 0x00, 0x00, 
    0x00, 0x00, 0x00, 0x00, 0x00, 0x00, 0x00, 0x00, 0x00, 0x00, 0x00, 0x00, 0x00, 0x00, 0x00, 0x00, 
    0x03, 0xFF, 0xFF, 0xFF, 0xFF, 0xFF, 0xFF, 0xC0, 0x03, 0xFF, 0xFF, 0xFF, 0xFF, 0xFF, 0xFF, 0xC0, 
    0x03, 0x00, 0x00, 0x00, 0x00, 0x3C, 0x00, 0xC0, 0x03, 0x00, 0x00, 0x00, 0x00, 0x1E, 0x00, 0xC0, 
    0x03, 0x00, 0x00, 0x00, 0x00, 0x07, 0x80, 0xC0, 0x03, 0x00, 0x00, 0x00, 0x00, 0x03, 0xC0, 0xC0, 
    0x03, 0xC0, 0x00, 0x00, 0x00, 0x01, 0xE0, 0xC0, 0x03, 0xE0, 0x00, 0x00, 0x00, 0x00, 0x78, 0xC0, 
    0x03, 0xF0, 0x00, 0x00, 0x00, 0x00, 0x3C, 0xC0, 0x03, 0x38, 0x00, 0x00, 0x00, 0x00, 0x1E, 0xC0, 
    0x03, 0x1E, 0x00, 0x00, 0x00, 0x00, 0x07, 0xC0, 0x03, 0x0F, 0x00, 0x00, 0x07, 0x80, 0x03, 0xC0, 
    0x03, 0x07, 0x80, 0x00, 0x3F, 0xC0, 0x01, 0xC0, 0x03, 0x03, 0xC0, 0x00, 0xFC, 0xE0, 0x00, 0xC0, 
    0x03, 0x00, 0xE0, 0x03, 0xF0, 0x78, 0x00, 0xC0, 0x03, 0x00, 0x78, 0x1F, 0x80, 0x3C, 0x00, 0xC0, 
    0x03, 0x00, 0x3C, 0x7E, 0x00, 0x1E, 0x00, 0xC0, 0x03, 0x00, 0x1F, 0xF8, 0x00, 0x07, 0x00, 0xC0, 
    0x03, 0x00, 0x0F, 0xC0, 0x00, 0x03, 0x80, 0xC0, 0x03, 0x00, 0x3F, 0x00, 0x00, 0x01, 0xE0, 0xC0, 
    0x03, 0x00, 0xFC, 0x1F, 0xC0, 0x00, 0xF0, 0xC0, 0x03, 0x07, 0xE0, 0x7F, 0xF0, 0x00, 0x78, 0xC0, 
    0x03, 0x0F, 0x81, 0xF8, 0xFC, 0x00, 0x1C, 0xC0, 0x03, 0x0E, 0x03, 0xC0, 0x1E, 0x00, 0x0F, 0xC0, 
    0x03, 0x00, 0x07, 0x80, 0x0F, 0x00, 0x07, 0xC0, 0x03, 0x00, 0x07, 0x00, 0x07, 0x00, 0x03, 0xC0, 
    0x03, 0x00, 0x0E, 0x0F, 0x83, 0x80, 0x00, 0xC0, 0x03, 0x00, 0x0C, 0x3F, 0xE1, 0x80, 0x00, 0xC0, 
    0x03, 0x00, 0x1C, 0x78, 0xF1, 0xC0, 0x00, 0xC0, 0x03, 0x00, 0x1C, 0x70, 0x70, 0xC0, 0x00, 0xC0, 
    0x03, 0x80, 0x18, 0x60, 0x30, 0xC0, 0x00, 0xC0, 0x03, 0xC0, 0x18, 0xE0, 0x38, 0xC0, 0x00, 0xC0, 
    0x03, 0xE0, 0x18, 0xE0, 0x38, 0xC0, 0x10, 0xC0, 0x03, 0xF0, 0x1C, 0x60, 0x30, 0xC0, 0xF0, 0xC0, 
    0x03, 0x3C, 0x1C, 0x70, 0x71, 0xC3, 0xF0, 0xC0, 0x03, 0x1E, 0x0C, 0x3D, 0xE1, 0xCF, 0xC0, 0xC0, 
    0x03, 0x0F, 0x0E, 0x1F, 0xC1, 0xFF, 0x00, 0xC0, 0x03, 0x07, 0x8E, 0x0F, 0x83, 0xF8, 0x00, 0xC0, 
    0x03, 0x01, 0xC7, 0x00, 0x03, 0xF0, 0x00, 0xC0, 0x03, 0x00, 0xF3, 0x80, 0x07, 0xF8, 0x00, 0xC0, 
    0x03, 0x00, 0x7B, 0x80, 0x06, 0x3C, 0x00, 0xC0, 0x03, 0x00, 0x3D, 0xC0, 0x0E, 0x0E, 0x00, 0xC0, 
    0x03, 0x00, 0x0F, 0xE0, 0x0C, 0x07, 0x80, 0xC0, 0x03, 0x00, 0x07, 0xE0, 0x1C, 0x03, 0xC0, 0xC0, 
    0x03, 0x80, 0x03, 0xF0, 0x18, 0x01, 0xE0, 0xC0, 0x03, 0xC0, 0x01, 0xF8, 0x38, 0x00, 0x70, 0xC0, 
    0x03, 0xF0, 0x00, 0x18, 0x30, 0x00, 0x38, 0xC0, 0x03, 0x78, 0x00, 0x1C, 0x70, 0x00, 0x1E, 0xC0, 
    0x03, 0x3C, 0x00, 0x0E, 0x60, 0x00, 0x0F, 0xC0, 0x03, 0x0F, 0x00, 0x06, 0xE0, 0x00, 0x07, 0xC0, 
    0x03, 0x07, 0x80, 0x07, 0xC0, 0x00, 0x01, 0xC0, 0x03, 0x03, 0xC0, 0x03, 0xC0, 0x00, 0x00, 0xC0, 
    0x03, 0x00, 0xF0, 0x01, 0x80, 0x00, 0x00, 0xC0, 0x03, 0x00, 0x78, 0x00, 0x00, 0x00, 0x00, 0xC0, 
    0x03, 0xFF, 0xFF, 0xFF, 0xFF, 0xFF, 0xFF, 0xC0, 0x03, 0xFF, 0xFF, 0xFF, 0xFF, 0xFF, 0xFF, 0xC0, 
    0x00, 0x00, 0x00, 0x00, 0x00, 0x00, 0x00, 0x00, 0x00, 0x00, 0x00, 0x00, 0x00, 0x00, 0x00, 0x00, 
    0x00, 0x00, 0x00, 0x00, 0x00, 0x00, 0x00, 0x00, 0x00, 0x00, 0x00, 0x00, 0x00, 0x00, 0x00, 0x00, 
      },
  {
    0x00, 0x00, 0x00, 0x00, 0x00, 0x00, 0x00, 0x00, 0x00, 0x00, 0x00, 0x00, 0x00, 0x00, 0x00, 0x00, 
    0x00, 0x00, 0x00, 0x00, 0x00, 0x00, 0x00, 0x00, 0x00, 0x00, 0x00, 0x00, 0x00, 0x00, 0x00, 0x00, 
    0x03, 0xFF, 0xFF, 0xFF, 0xFF, 0xFF, 0xFF, 0xC0, 0x03, 0xFF, 0xFF, 0xFF, 0xFF, 0xFF, 0xFF, 0xC0, 
    0x03, 0x00, 0x00, 0x00, 0x00, 0x3C, 0x00, 0xC0, 0x03, 0x00, 0x00, 0x00, 0x00, 0x1E, 0x00, 0xC0, 
    0x03, 0x00, 0x00, 0x00, 0x00, 0x07, 0x80, 0xC0, 0x03, 0x00, 0x00, 0x00, 0x00, 0x03, 0xC0, 0xC0, 
    0x03, 0xC0, 0x00, 0x00, 0x00, 0x01, 0xE0, 0xC0, 0x03, 0xE0, 0x00, 0x00, 0x00, 0x00, 0x78, 0xC0, 
    0x03, 0xF0, 0x00, 0x00, 0x00, 0x00, 0x3C, 0xC0, 0x03, 0x38, 0x00, 0x00, 0x00, 0x00, 0x1E, 0xC0, 
    0x03, 0x1E, 0x00, 0x00, 0x00, 0x00, 0x07, 0xC0, 0x03, 0x0F, 0x00, 0x00, 0x07, 0x80, 0x03, 0xC0, 
    0x03, 0x07, 0x80, 0x00, 0x3F, 0xC0, 0x01, 0xC0, 0x03, 0x03, 0xC0, 0x00, 0xFC, 0xE0, 0x00, 0xC0, 
    0x03, 0x00, 0xE0, 0x03, 0xF0, 0x78, 0x00, 0xC0, 0x03, 0x00, 0x78, 0x1F, 0x80, 0x3C, 0x00, 0xC0, 
    0x03, 0x00, 0x3C, 0x7E, 0x00, 0x1E, 0x00, 0xC0, 0x03, 0x00, 0x1F, 0xF8, 0x00, 0x07, 0x00, 0xC0, 
    0x03, 0x00, 0x0F, 0xC0, 0x00, 0x03, 0x80, 0xC0, 0x03, 0x00, 0x3F, 0x00, 0x00, 0x01, 0xE0, 0xC0, 
    0x03, 0x00, 0x3C, 0x1F, 0x80, 0x00, 0xF0, 0xC0, 0x03, 0x00, 0x00, 0x7F, 0xF0, 0x00, 0x78, 0xC0, 
    0x03, 0x00, 0x01, 0xF9, 0xF8, 0x00, 0x1C, 0xC0, 0x03, 0x00, 0x03, 0xC0, 0x3C, 0x00, 0x0F, 0xC0, 
    0x03, 0x00, 0x07, 0x00, 0x0E, 0x00, 0x07, 0xC0, 0x03, 0x00, 0x0E, 0x00, 0x07, 0x00, 0x03, 0xC0, 
    0x03, 0x00, 0x0E, 0x1F, 0x83, 0x80, 0x00, 0xC0, 0x03, 0x00, 0x1C, 0x3F, 0xC3, 0x80, 0x00, 0xC0, 
    0x03, 0x00, 0x1C, 0x78, 0xE1, 0x80, 0x00, 0xC0, 0x03, 0x00, 0x18, 0x60, 0x71, 0xC0, 0x00, 0xC0, 
    0x03, 0x80, 0x18, 0xE0, 0x31, 0xC0, 0x00, 0xC0, 0x03, 0xC0, 0x18, 0xC0, 0x31, 0xC0, 0x00, 0xC0, 
    0x03, 0xE0, 0x18, 0xC0, 0x31, 0xC0, 0x00, 0xC0, 0x03, 0xF0, 0x18, 0xE0, 0x71, 0xC0, 0x00, 0xC0, 
    0x03, 0x3C, 0x18, 0x70, 0x71, 0xC0, 0x00, 0xC0, 0x03, 0x1E, 0x1C, 0x79, 0xE1, 0x8C, 0x00, 0xC0, 
    0x03, 0x0F, 0x0C, 0x3F, 0xC3, 0xBC, 0x00, 0xC0, 0x03, 0x07, 0x8E, 0x0F, 0x03, 0xF8, 0x00, 0xC0, 
    0x03, 0x01, 0xC6, 0x00, 0x07, 0xF0, 0x00, 0xC0, 0x03, 0x00, 0xF7, 0x00, 0x07, 0xF8, 0x00, 0xC0, 
    0x03, 0x00, 0x7B, 0x80, 0x0E, 0x3C, 0x00, 0xC0, 0x03, 0x00, 0x3D, 0xC0, 0x0E, 0x0E, 0x00, 0xC0, 
    0x03, 0x00, 0x0F, 0xC0, 0x1C, 0x07, 0x80, 0xC0, 0x03, 0x00, 0x07, 0xE0, 0x1C, 0x03, 0xC0, 0xC0, 
    0x03, 0x80, 0x03, 0xF0, 0x38, 0x01, 0xE0, 0xC0, 0x03, 0xC0, 0x01, 0xF0, 0x38, 0x00, 0x70, 0xC0, 
    0x03, 0xF0, 0x00, 0x38, 0x30, 0x00, 0x38, 0xC0, 0x03, 0x78, 0x00, 0x1C, 0x70, 0x00, 0x1E, 0xC0, 
    0x03, 0x3C, 0x00, 0x0E, 0x60, 0x00, 0x0F, 0xC0, 0x03, 0x0F, 0x00, 0x0E, 0xE0, 0x00, 0x07, 0xC0, 
    0x03, 0x07, 0x80, 0x07, 0xC0, 0x00, 0x01, 0xC0, 0x03, 0x03, 0xC0, 0x03, 0xC0, 0x00, 0x00, 0xC0, 
    0x03, 0x00, 0xF0, 0x01, 0x80, 0x00, 0x00, 0xC0, 0x03, 0x00, 0x78, 0x00, 0x00, 0x00, 0x00, 0xC0, 
    0x03, 0xFF, 0xFF, 0xFF, 0xFF, 0xFF, 0xFF, 0xC0, 0x03, 0xFF, 0xFF, 0xFF, 0xFF, 0xFF, 0xFF, 0xC0, 
    0x00, 0x00, 0x00, 0x00, 0x00, 0x00, 0x00, 0x00, 0x00, 0x00, 0x00, 0x00, 0x00, 0x00, 0x00, 0x00, 
    0x00, 0x00, 0x00, 0x00, 0x00, 0x00, 0x00, 0x00, 0x00, 0x00, 0x00, 0x00, 0x00, 0x00, 0x00, 0x00, 
      },
  {
    0x00, 0x00, 0x00, 0x00, 0x00, 0x00, 0x00, 0x00, 0x00, 0x00, 0x00, 0x00, 0x00, 0x00, 0x00, 0x00, 
    0x00, 0x00, 0x00, 0x00, 0x00, 0x00, 0x00, 0x00, 0x00, 0x00, 0x00, 0x00, 0x00, 0x00, 0x00, 0x00, 
    0x03, 0xFF, 0xFF, 0xFF, 0xFF, 0xFF, 0xFF, 0xC0, 0x03, 0xFF, 0xFF, 0xFF, 0xFF, 0xFF, 0xFF, 0xC0, 
    0x03, 0x00, 0x00, 0x00, 0x00, 0x3C, 0x00, 0xC0, 0x03, 0x00, 0x00, 0x00, 0x00, 0x1E, 0x00, 0xC0, 
    0x03, 0x00, 0x00, 0x00, 0x00, 0x07, 0x80, 0xC0, 0x03, 0x00, 0x00, 0x00, 0x00, 0x03, 0xC0, 0xC0, 
    0x03, 0xC0, 0x00, 0x00, 0x00, 0x01, 0xE0, 0xC0, 0x03, 0xE0, 0x00, 0x00, 0x00, 0x00, 0x78, 0xC0, 
    0x03, 0xF0, 0x00, 0x00, 0x00, 0x00, 0x3C, 0xC0, 0x03, 0x38, 0x00, 0x00, 0x00, 0x00, 0x1E, 0xC0, 
    0x03, 0x1E, 0x00, 0x00, 0x00, 0x00, 0x07, 0xC0, 0x03, 0x0F, 0x00, 0x00, 0x07, 0x80, 0x03, 0xC0, 
    0x03, 0x07, 0x80, 0x00, 0x3F, 0xC0, 0x01, 0xC0, 0x03, 0x03, 0xC0, 0x00, 0xFC, 0xE0, 0x00, 0xC0, 
    0x03, 0x00, 0xE0, 0x01, 0xF0, 0x78, 0x00, 0xC0, 0x03, 0x00, 0x78, 0x03, 0x80, 0x3C, 0x00, 0xC0, 
    0x03, 0x00, 0x3C, 0x00, 0x00, 0x1E, 0x00, 0xC0, 0x03, 0x00, 0x1E, 0x00, 0x00, 0x07, 0x00, 0xC0, 
    0x03, 0x00, 0x07, 0x00, 0x00, 0x03, 0x80, 0xC0, 0x03, 0x00, 0x03, 0x00, 0x00, 0x01, 0xE0, 0xC0, 
    0x03, 0x00, 0x00, 0x1F, 0x80, 0x00, 0xF0, 0xC0, 0x03, 0x00, 0x00, 0x7F, 0xF0, 0x00, 0x78, 0xC0, 
    0x03, 0x00, 0x01, 0xF9, 0xF8, 0x00, 0x1C, 0xC0, 0x03, 0x00, 0x03, 0xC0, 0x3C, 0x00, 0x0F, 0xC0, 
    0x03, 0x00, 0x07, 0x00, 0x0E, 0x00, 0x07, 0xC0, 0x03, 0x00, 0x0E, 0x00, 0x07, 0x00, 0x03, 0xC0, 
    0x03, 0x00, 0x0C, 0x1F, 0x83, 0x80, 0x00, 0xC0, 0x03, 0x00, 0x1C, 0x3F, 0xC3, 0x80, 0x00, 0xC0, 
    0x03, 0x00, 0x18, 0x78, 0xE1, 0x80, 0x00, 0xC0, 0x03, 0x00, 0x18, 0xE0, 0x71, 0xC0, 0x00, 0xC0, 
    0x03, 0x80, 0x18, 0xE0, 0x31, 0xC0, 0x00, 0xC0, 0x03, 0xC0, 0x18, 0xC0, 0x31, 0xC0, 0x00, 0xC0, 
    0x03, 0xE0, 0x18, 0xC0, 0x31, 0xC0, 0x00, 0xC0, 0x03, 0xF0, 0x18, 0xE0, 0x71, 0xC0, 0x00, 0xC0, 
    0x03, 0x3C, 0x18, 0x60, 0x71, 0x80, 0x00, 0xC0, 0x03, 0x1E, 0x1C, 0x79, 0xE1, 0x80, 0x00, 0xC0, 
    0x03, 0x0F, 0x0C, 0x3F, 0xC3, 0x80, 0x00, 0xC0, 0x03, 0x07, 0x8E, 0x0F, 0x03, 0xC0, 0x00, 0xC0, 
    0x03, 0x01, 0xC6, 0x00, 0x07, 0xF0, 0x00, 0xC0, 0x03, 0x00, 0xF7, 0x00, 0x06, 0x78, 0x00, 0xC0, 
    0x03, 0x00, 0x7B, 0x80, 0x0E, 0x3C, 0x00, 0xC0, 0x03, 0x00, 0x3D, 0xC0, 0x0C, 0x0E, 0x00, 0xC0, 
    0x03, 0x00, 0x0F, 0xC0, 0x1C, 0x07, 0x80, 0xC0, 0x03, 0x00, 0x07, 0xE0, 0x1C, 0x03, 0xC0, 0xC0, 
    0x03, 0x80, 0x03, 0xF0, 0x38, 0x01, 0xE0, 0xC0, 0x03, 0xC0, 0x01, 0xF0, 0x38, 0x00, 0x70, 0xC0, 
    0x03, 0xF0, 0x00, 0x38, 0x70, 0x00, 0x38, 0xC0, 0x03, 0x78, 0x00, 0x1C, 0x70, 0x00, 0x1E, 0xC0, 
    0x03, 0x3C, 0x00, 0x0E, 0x60, 0x00, 0x0F, 0xC0, 0x03, 0x0F, 0x00, 0x0E, 0xE0, 0x00, 0x07, 0xC0, 
    0x03, 0x07, 0x80, 0x07, 0xC0, 0x00, 0x01, 0xC0, 0x03, 0x03, 0xC0, 0x03, 0xC0, 0x00, 0x00, 0xC0, 
    0x03, 0x00, 0xF0, 0x01, 0x80, 0x00, 0x00, 0xC0, 0x03, 0x00, 0x78, 0x00, 0x00, 0x00, 0x00, 0xC0, 
    0x03, 0xFF, 0xFF, 0xFF, 0xFF, 0xFF, 0xFF, 0xC0, 0x03, 0xFF, 0xFF, 0xFF, 0xFF, 0xFF, 0xFF, 0xC0, 
    0x00, 0x00, 0x00, 0x00, 0x00, 0x00, 0x00, 0x00, 0x00, 0x00, 0x00, 0x00, 0x00, 0x00, 0x00, 0x00, 
    0x00, 0x00, 0x00, 0x00, 0x00, 0x00, 0x00, 0x00, 0x00, 0x00, 0x00, 0x00, 0x00, 0x00, 0x00, 0x00, 
      },
  {
    0x00, 0x00, 0x00, 0x00, 0x00, 0x00, 0x00, 0x00, 0x00, 0x00, 0x00, 0x00, 0x00, 0x00, 0x00, 0x00, 
    0x00, 0x00, 0x00, 0x00, 0x00, 0x00, 0x00, 0x00, 0x00, 0x00, 0x00, 0x00, 0x00, 0x00, 0x00, 0x00, 
    0x03, 0xFF, 0xFF, 0xFF, 0xFF, 0xFF, 0xFF, 0xC0, 0x03, 0xFF, 0xFF, 0xFF, 0xFF, 0xFF, 0xFF, 0xC0, 
    0x03, 0x00, 0x00, 0x00, 0x00, 0x3C, 0x00, 0xC0, 0x03, 0x00, 0x00, 0x00, 0x00, 0x1E, 0x00, 0xC0, 
    0x03, 0x00, 0x00, 0x00, 0x00, 0x07, 0x80, 0xC0, 0x03, 0x00, 0x00, 0x00, 0x00, 0x03, 0xC0, 0xC0, 
    0x03, 0xC0, 0x00, 0x00, 0x00, 0x01, 0xE0, 0xC0, 0x03, 0xE0, 0x00, 0x00, 0x00, 0x00, 0x78, 0xC0, 
    0x03, 0xF0, 0x00, 0x00, 0x00, 0x00, 0x3C, 0xC0, 0x03, 0x38, 0x00, 0x00, 0x00, 0x00, 0x1E, 0xC0, 
    0x03, 0x1E, 0x00, 0x00, 0x00, 0x00, 0x07, 0xC0, 0x03, 0x0F, 0x00, 0x00, 0x03, 0x80, 0x02, 0xC0, 
    0x03, 0x07, 0x80, 0x00, 0x03, 0xC0, 0x00, 0xC0, 0x03, 0x03, 0xC0, 0x00, 0x00, 0xE0, 0x00, 0xC0, 
    0x03, 0x00, 0xE0, 0x00, 0x00, 0x78, 0x00, 0xC0, 0x03, 0x00, 0x78, 0x00, 0x00, 0x3C, 0x00, 0xC0, 
    0x03, 0x00, 0x3C, 0x00, 0x00, 0x1E, 0x00, 0xC0, 0x03, 0x00, 0x1E, 0x00, 0x00, 0x07, 0x00, 0xC0, 
    0x03, 0x00, 0x07, 0x00, 0x00, 0x03, 0x80, 0xC0, 0x03, 0x00, 0x03, 0x00, 0x00, 0x01, 0xE0, 0xC0, 
    0x03, 0x00, 0x00, 0x1F, 0x80, 0x00, 0xF0, 0xC0, 0x03, 0x00, 0x00, 0x7F, 0xF0, 0x00, 0x78, 0xC0, 
    0x03, 0x00, 0x01, 0xF8, 0xF8, 0x00, 0x1C, 0xC0, 0x03, 0x00, 0x03, 0xC0, 0x1E, 0x00, 0x0F, 0xC0, 
    0x03, 0x00, 0x07, 0x00, 0x0E, 0x00, 0x07, 0xC0, 0x03, 0x00, 0x0E, 0x00, 0x07, 0x00, 0x03, 0xC0, 
    0x03, 0x00, 0x0E, 0x1F, 0x83, 0x80, 0x00, 0xC0, 0x03, 0x00, 0x1C, 0x3F, 0xC1, 0x80, 0x00, 0xC0, 
    0x03, 0x00, 0x1C, 0x78, 0xE1, 0x80, 0x00, 0xC0, 0x03, 0x00, 0x18, 0x60, 0x71, 0xC0, 0x00, 0xC0, 
    0x03, 0x80, 0x18, 0xE0, 0x31, 0xC0, 0x00, 0xC0, 0x03, 0xC0, 0x18, 0xE0, 0x30, 0xC0, 0x00, 0xC0, 
    0x03, 0xE0, 0x18, 0xE0, 0x30, 0xC0, 0x00, 0xC0, 0x03, 0xF0, 0x18, 0xE0, 0x31, 0xC0, 0x00, 0xC0, 
    0x03, 0x3C, 0x18, 0x70, 0x71, 0xC0, 0x00, 0xC0, 0x03, 0x1E, 0x1C, 0x79, 0xE1, 0x80, 0x00, 0xC0, 
    0x03, 0x0F, 0x0C, 0x3F, 0xC3, 0x80, 0x00, 0xC0, 0x03, 0x07, 0x8E, 0x0F, 0x83, 0xC0, 0x00, 0xC0, 
    0x03, 0x01, 0xC7, 0x00, 0x07, 0xF0, 0x00, 0xC0, 0x03, 0x00, 0xF7, 0x00, 0x07, 0x78, 0x00, 0xC0, 
    0x03, 0x00, 0x7B, 0x80, 0x0E, 0x3C, 0x00, 0xC0, 0x03, 0x00, 0x3D, 0xC0, 0x0E, 0x0E, 0x00, 0xC0, 
    0x03, 0x00, 0x0F, 0xC0, 0x1C, 0x07, 0x80, 0xC0, 0x03, 0x00, 0x07, 0xE0, 0x1C, 0x03, 0xC0, 0xC0, 
    0x03, 0x00, 0x03, 0xF0, 0x18, 0x01, 0xE0, 0xC0, 0x03, 0xC0, 0x01, 0xF8, 0x38, 0x00, 0x70, 0xC0, 
    0x03, 0xF0, 0x00, 0x38, 0x30, 0x00, 0x38, 0xC0, 0x03, 0x78, 0x00, 0x1C, 0x70, 0x00, 0x1E, 0xC0, 
    0x03, 0x3C, 0x00, 0x0E, 0x60, 0x00, 0x0F, 0xC0, 0x03, 0x0F, 0x00, 0x06, 0xE0, 0x00, 0x07, 0xC0, 
    0x03, 0x07, 0x80, 0x07, 0xC0, 0x00, 0x01, 0xC0, 0x03, 0x03, 0xC0, 0x03, 0xC0, 0x00, 0x00, 0xC0, 
    0x03, 0x00, 0xF0, 0x01, 0x80, 0x00, 0x00, 0xC0, 0x03, 0x00, 0x78, 0x00, 0x00, 0x00, 0x00, 0xC0, 
    0x03, 0xFF, 0xFF, 0xFF, 0xFF, 0xFF, 0xFF, 0xC0, 0x03, 0xFF, 0xFF, 0xFF, 0xFF, 0xFF, 0xFF, 0xC0, 
    0x00, 0x00, 0x00, 0x00, 0x00, 0x00, 0x00, 0x00, 0x00, 0x00, 0x00, 0x00, 0x00, 0x00, 0x00, 0x00, 
    0x00, 0x00, 0x00, 0x00, 0x00, 0x00, 0x00, 0x00, 0x00, 0x00, 0x00, 0x00, 0x00, 0x00, 0x00, 0x00, 
      },
  {
    0x00, 0x00, 0x00, 0x00, 0x00, 0x00, 0x00, 0x00, 0x00, 0x00, 0x00, 0x00, 0x00, 0x00, 0x00, 0x00, 
    0x00, 0x00, 0x00, 0x00, 0x00, 0x00, 0x00, 0x00, 0x00, 0x00, 0x00, 0x00, 0x00, 0x00, 0x00, 0x00, 
    0x03, 0xFF, 0xFF, 0xFF, 0xFF, 0xFF, 0xFF, 0xC0, 0x03, 0xFF, 0xFF, 0xFF, 0xFF, 0xFF, 0xFF, 0xC0, 
    0x03, 0x00, 0x00, 0x00, 0x00, 0x3C, 0x00, 0xC0, 0x03, 0x00, 0x00, 0x00, 0x00, 0x1E, 0x00, 0xC0, 
    0x03, 0x00, 0x00, 0x00, 0x00, 0x07, 0x00, 0xC0, 0x03, 0x00, 0x00, 0x00, 0x00, 0x03, 0xC0, 0xC0, 
    0x03, 0xC0, 0x00, 0x00, 0x00, 0x01, 0xC0, 0xC0, 0x03, 0xE0, 0x00, 0x00, 0x00, 0x00, 0x00, 0xC0, 
    0x03, 0xF0, 0x00, 0x00, 0x00, 0x00, 0x00, 0xC0, 0x03, 0x38, 0x00, 0x00, 0x00, 0x00, 0x00, 0xC0, 
    0x03, 0x1E, 0x00, 0x00, 0x00, 0x00, 0x00, 0xC0, 0x03, 0x0F, 0x00, 0x00, 0x03, 0x80, 0x00, 0xC0, 
    0x03, 0x07, 0x80, 0x00, 0x03, 0xC0, 0x00, 0xC0, 0x03, 0x03, 0xC0, 0x00, 0x00, 0xE0, 0x00, 0xC0, 
    0x03, 0x00, 0xE0, 0x00, 0x00, 0x78, 0x00, 0xC0, 0x03, 0x00, 0x78, 0x00, 0x00, 0x3C, 0x00, 0xC0, 
    0x03, 0x00, 0x3C, 0x00, 0x00, 0x1E, 0x00, 0xC0, 0x03, 0x00, 0x1E, 0x00, 0x00, 0x07, 0x00, 0xC0, 
    0x03, 0x00, 0x07, 0x00, 0x00, 0x03, 0x80, 0xC0, 0x03, 0x00, 0x03, 0x00, 0x00, 0x01, 0xE0, 0xC0, 
    0x03, 0x00, 0x00, 0x1F, 0xC0, 0x00, 0xF0, 0xC0, 0x03, 0x00, 0x00, 0x7F, 0xF0, 0x00, 0x78, 0xC0, 
    0x03, 0x00, 0x01, 0xF8, 0xFC, 0x00, 0x1C, 0xC0, 0x03, 0x00, 0x03, 0xC0, 0x1E, 0x00, 0x0F, 0xC0, 
    0x03, 0x00, 0x07, 0x80, 0x0F, 0x00, 0x07, 0xC0, 0x03, 0x00, 0x07, 0x00, 0x07, 0x00, 0x03, 0xC0, 
    0x03, 0x00, 0x0E, 0x1F, 0x83, 0x80, 0x00, 0xC0, 0x03, 0x00, 0x0C, 0x3F, 0xE1, 0x80, 0x00, 0xC0, 
    0x03, 0x00, 0x1C, 0x78, 0xE1, 0xC0, 0x00, 0xC0, 0x03, 0x00, 0x18, 0x70, 0x71, 0xC0, 0x00, 0xC0, 
    0x03, 0x80, 0x18, 0xE0, 0x30, 0xC0, 0x00, 0xC0, 0x03, 0xC0, 0x18, 0xE0, 0x30, 0xC0, 0x00, 0xC0, 
    0x03, 0xE0, 0x18, 0xE0, 0x30, 0xC0, 0x00, 0xC0, 0x03, 0xF0, 0x18, 0x60, 0x30, 0xC0, 0x00, 0xC0, 
    0x03, 0x3C, 0x1C, 0x70, 0x71, 0xC0, 0x00, 0xC0, 0x03, 0x1E, 0x1C, 0x3D, 0xE1, 0x80, 0x00, 0xC0, 
    0x03, 0x0F, 0x0C, 0x1F, 0xC1, 0x80, 0x00, 0xC0, 0x03, 0x07, 0x8E, 0x0F, 0x83, 0xC0, 0x00, 0xC0, 
    0x03, 0x01, 0xC7, 0x00, 0x03, 0xF0, 0x00, 0xC0, 0x03, 0x00, 0xF3, 0x00, 0x07, 0x78, 0x00, 0xC0, 
    0x03, 0x00, 0x7B, 0x80, 0x06, 0x3C, 0x00, 0xC0, 0x03, 0x00, 0x3D, 0xC0, 0x0E, 0x0E, 0x00, 0xC0, 
    0x03, 0x00, 0x0F, 0xE0, 0x0C, 0x07, 0x80, 0xC0, 0x03, 0x00, 0x07, 0xE0, 0x1C, 0x03, 0xC0, 0xC0, 
    0x03, 0x00, 0x03, 0xF0, 0x18, 0x01, 0xE0, 0xC0, 0x03, 0x00, 0x01, 0xF8, 0x38, 0x00, 0x70, 0xC0, 
    0x03, 0x00, 0x00, 0x38, 0x30, 0x00, 0x38, 0xC0, 0x03, 0x00, 0x00, 0x1C, 0x70, 0x00, 0x1E, 0xC0, 
    0x03, 0x00, 0x00, 0x0E, 0x60, 0x00, 0x0F, 0xC0, 0x03, 0x03, 0x00, 0x06, 0xE0, 0x00, 0x07, 0xC0, 
    0x03, 0x03, 0x80, 0x07, 0xC0, 0x00, 0x01, 0xC0, 0x03, 0x01, 0xC0, 0x03, 0xC0, 0x00, 0x00, 0xC0, 
    0x03, 0x00, 0xF0, 0x01, 0x80, 0x00, 0x00, 0xC0, 0x03, 0x00, 0x78, 0x00, 0x00, 0x00, 0x00, 0xC0, 
    0x03, 0xFF, 0xFF, 0xFF, 0xFF, 0xFF, 0xFF, 0xC0, 0x03, 0xFF, 0xFF, 0xFF, 0xFF, 0xFF, 0xFF, 0xC0, 
    0x00, 0x00, 0x00, 0x00, 0x00, 0x00, 0x00, 0x00, 0x00, 0x00, 0x00, 0x00, 0x00, 0x00, 0x00, 0x00, 
    0x00, 0x00, 0x00, 0x00, 0x00, 0x00, 0x00, 0x00, 0x00, 0x00, 0x00, 0x00, 0x00, 0x00, 0x00, 0x00, 
      },
  {
    0x00, 0x00, 0x00, 0x00, 0x00, 0x00, 0x00, 0x00, 0x00, 0x00, 0x00, 0x00, 0x00, 0x00, 0x00, 0x00, 
    0x00, 0x00, 0x00, 0x00, 0x00, 0x00, 0x00, 0x00, 0x00, 0x00, 0x00, 0x00, 0x00, 0x00, 0x00, 0x00, 
    0x03, 0xFF, 0xFF, 0xFF, 0xFF, 0xFF, 0xFF, 0xC0, 0x03, 0xFF, 0xFF, 0xFF, 0xFF, 0xFF, 0xFF, 0xC0, 
    0x03, 0x00, 0x00, 0x00, 0x00, 0x00, 0x00, 0xC0, 0x03, 0x00, 0x00, 0x00, 0x00, 0x00, 0x00, 0xC0, 
    0x03, 0x00, 0x00, 0x00, 0x00, 0x00, 0x00, 0xC0, 0x03, 0x00, 0x00, 0x00, 0x00, 0x00, 0x00, 0xC0, 
    0x03, 0xC0, 0x00, 0x00, 0x00, 0x00, 0x00, 0xC0, 0x03, 0xE0, 0x00, 0x00, 0x00, 0x00, 0x00, 0xC0, 
    0x03, 0xF0, 0x00, 0x00, 0x00, 0x00, 0x00, 0xC0, 0x03, 0x38, 0x00, 0x00, 0x00, 0x00, 0x00, 0xC0, 
    0x03, 0x1E, 0x00, 0x00, 0x00, 0x00, 0x00, 0xC0, 0x03, 0x0F, 0x00, 0x00, 0x03, 0x80, 0x00, 0xC0, 
    0x03, 0x07, 0x80, 0x00, 0x03, 0xC0, 0x00, 0xC0, 0x03, 0x03, 0xC0, 0x00, 0x00, 0xE0, 0x00, 0xC0, 
    0x03, 0x00, 0xE0, 0x00, 0x00, 0x78, 0x00, 0xC0, 0x03, 0x00, 0x78, 0x00, 0x00, 0x3C, 0x00, 0xC0, 
    0x03, 0x00, 0x3C, 0x00, 0x00, 0x1E, 0x00, 0xC0, 0x03, 0x00, 0x1E, 0x00, 0x00, 0x07, 0x00, 0xC0, 
    0x03, 0x00, 0x07, 0x00, 0x00, 0x03, 0x80, 0xC0, 0x03, 0x00, 0x03, 0x00, 0x00, 0x01, 0xE0, 0xC0, 
    0x03, 0x00, 0x00, 0x0F, 0xC0, 0x00, 0xF0, 0xC0, 0x03, 0x00, 0x00, 0x7F, 0xF0, 0x00, 0x78, 0xC0, 
    0x03, 0x00, 0x00, 0xF8, 0xFC, 0x00, 0x1C, 0xC0, 0x03, 0x00, 0x01, 0xC0, 0x1E, 0x00, 0x0E, 0xC0, 
    0x03, 0x00, 0x03, 0x80, 0x07, 0x00, 0x06, 0xC0, 0x03, 0x00, 0x07, 0x00, 0x03, 0x80, 0x00, 0xC0, 
    0x03, 0x00, 0x0E, 0x0F, 0xC3, 0x80, 0x00, 0xC0, 0x03, 0x00, 0x0E, 0x1F, 0xE1, 0xC0, 0x00, 0xC0, 
    0x03, 0x00, 0x0C, 0x38, 0xF1, 0xC0, 0x00, 0xC0, 0x03, 0x00, 0x1C, 0x70, 0x30, 0xC0, 0x00, 0xC0, 
    0x03, 0x00, 0x1C, 0x60, 0x38, 0xC0, 0x00, 0xC0, 0x03, 0x00, 0x1C, 0x60, 0x38, 0xC0, 0x00, 0xC0, 
    0x03, 0x20, 0x1C, 0x60, 0x38, 0xC0, 0x00, 0xC0, 0x03, 0x70, 0x1C, 0x60, 0x38, 0xC0, 0x00, 0xC0, 
    0x03, 0x3C, 0x0C, 0x70, 0x70, 0xC0, 0x00, 0xC0, 0x03, 0x1E, 0x0C, 0x3D, 0xF1, 0xC0, 0x00, 0xC0, 
    0x03, 0x0F, 0x0E, 0x1F, 0xE1, 0x80, 0x00, 0xC0, 0x03, 0x07, 0x86, 0x07, 0x83, 0xC0, 0x00, 0xC0, 
    0x03, 0x01, 0xC7, 0x00, 0x03, 0xF0, 0x00, 0xC0, 0x03, 0x00, 0xF3, 0x80, 0x07, 0x78, 0x00, 0xC0, 
    0x03, 0x00, 0x79, 0x80, 0x06, 0x3C, 0x00, 0xC0, 0x03, 0x00, 0x3D, 0xC0, 0x0E, 0x0E, 0x00, 0xC0, 
    0x03, 0x00, 0x0E, 0xE0, 0x0C, 0x07, 0x80, 0xC0, 0x03, 0x00, 0x07, 0xE0, 0x1C, 0x03, 0xC0, 0xC0, 
    0x03, 0x00, 0x03, 0xF0, 0x18, 0x01, 0xE0, 0xC0, 0x03, 0x00, 0x01, 0xF8, 0x38, 0x00, 0x70, 0xC0, 
    0x03, 0x00, 0x00, 0x18, 0x30, 0x00, 0x38, 0xC0, 0x03, 0x00, 0x00, 0x1C, 0x70, 0x00, 0x1E, 0xC0, 
    0x03, 0x00, 0x00, 0x0E, 0x60, 0x00, 0x0F, 0xC0, 0x03, 0x00, 0x00, 0x06, 0xE0, 0x00, 0x07, 0xC0, 
    0x03, 0x00, 0x00, 0x07, 0xC0, 0x00, 0x01, 0xC0, 0x03, 0x00, 0x00, 0x03, 0xC0, 0x00, 0x00, 0xC0, 
    0x03, 0x00, 0x00, 0x01, 0x80, 0x00, 0x00, 0xC0, 0x03, 0x00, 0x00, 0x00, 0x00, 0x00, 0x00, 0xC0, 
    0x03, 0xFF, 0xFF, 0xFF, 0xFF, 0xFF, 0xFF, 0xC0, 0x03, 0xFF, 0xFF, 0xFF, 0xFF, 0xFF, 0xFF, 0xC0, 
    0x00, 0x00, 0x00, 0x00, 0x00, 0x00, 0x00, 0x00, 0x00, 0x00, 0x00, 0x00, 0x00, 0x00, 0x00, 0x00, 
    0x00, 0x00, 0x00, 0x00, 0x00, 0x00, 0x00, 0x00, 0x00, 0x00, 0x00, 0x00, 0x00, 0x00, 0x00, 0x00, 
      },
  {
    0x00, 0x00, 0x00, 0x00, 0x00, 0x00, 0x00, 0x00, 0x00, 0x00, 0x00, 0x00, 0x00, 0x00, 0x00, 0x00, 
    0x00, 0x00, 0x00, 0x00, 0x00, 0x00, 0x00, 0x00, 0x00, 0x00, 0x00, 0x00, 0x00, 0x00, 0x00, 0x00, 
    0x03, 0xFF, 0xFF, 0xFF, 0xFF, 0xFF, 0xFF, 0xC0, 0x03, 0xFF, 0xFF, 0xFF, 0xFF, 0xFF, 0xFF, 0xC0, 
    0x03, 0x00, 0x00, 0x00, 0x00, 0x00, 0x00, 0xC0, 0x03, 0x00, 0x00, 0x00, 0x00, 0x00, 0x00, 0xC0, 
    0x03, 0x00, 0x00, 0x00, 0x00, 0x00, 0x00, 0xC0, 0x03, 0x00, 0x00, 0x00, 0x00, 0x00, 0x00, 0xC0, 
    0x03, 0xC0, 0x00, 0x00, 0x00, 0x00, 0x00, 0xC0, 0x03, 0xE0, 0x00, 0x00, 0x00, 0x00, 0x00, 0xC0, 
    0x03, 0xF0, 0x00, 0x00, 0x00, 0x00, 0x00, 0xC0, 0x03, 0x38, 0x00, 0x00, 0x00, 0x00, 0x00, 0xC0, 
    0x03, 0x1E, 0x00, 0x00, 0x00, 0x00, 0x00, 0xC0, 0x03, 0x0F, 0x00, 0x00, 0x03, 0x80, 0x00, 0xC0, 
    0x03, 0x07, 0x80, 0x00, 0x03, 0xC0, 0x00, 0xC0, 0x03, 0x03, 0xC0, 0x00, 0x00, 0xE0, 0x00, 0xC0, 
    0x03, 0x00, 0xE0, 0x00, 0x00, 0x78, 0x00, 0xC0, 0x03, 0x00, 0x78, 0x00, 0x00, 0x3C, 0x00, 0xC0, 
    0x03, 0x00, 0x3C, 0x00, 0x00, 0x1C, 0x00, 0xC0, 0x03, 0x00, 0x1E, 0x00, 0x00, 0x00, 0x00, 0xC0, 
    0x03, 0x00, 0x07, 0x00, 0x00, 0x00, 0x00, 0xC0, 0x03, 0x00, 0x03, 0x00, 0x00, 0x00, 0x00, 0xC0, 
    0x03, 0x00, 0x00, 0x0F, 0xE0, 0x00, 0x00, 0xC0, 0x03, 0x00, 0x00, 0x7F, 0xF8, 0x00, 0x00, 0xC0, 
    0x03, 0x00, 0x00, 0xFC, 0x7C, 0x00, 0x00, 0xC0, 0x03, 0x00, 0x01, 0xE0, 0x0E, 0x00, 0x00, 0xC0, 
    0x03, 0x00, 0x03, 0x80, 0x07, 0x00, 0x00, 0xC0, 0x03, 0x00, 0x07, 0x00, 0x03, 0x80, 0x00, 0xC0, 
    0x03, 0x00, 0x06, 0x0F, 0xC1, 0xC0, 0x00, 0xC0, 0x03, 0x00, 0x0E, 0x1F, 0xE1, 0xC0, 0x00, 0xC0, 
    0x03, 0x00, 0x0C, 0x38, 0x70, 0xC0, 0x00, 0xC0, 0x03, 0x00, 0x0C, 0x70, 0x38, 0xE0, 0x00, 0xC0, 
    0x03, 0x00, 0x0C, 0x70, 0x18, 0xE0, 0x00, 0xC0, 0x03, 0x00, 0x0C, 0x60, 0x18, 0xE0, 0x00, 0xC0, 
    0x03, 0x00, 0x0C, 0x60, 0x18, 0xE0, 0x00, 0xC0, 0x03, 0x00, 0x0C, 0x70, 0x38, 0xE0, 0x00, 0xC0, 
    0x03, 0x00, 0x0C, 0x38, 0x38, 0xC0, 0x00, 0xC0, 0x03, 0x00, 0x0E, 0x3F, 0xF0, 0xC0, 0x00, 0xC0, 
    0x03, 0x00, 0x06, 0x1F, 0xE1, 0xC0, 0x00, 0xC0, 0x03, 0x00, 0x07, 0x07, 0x81, 0xC0, 0x00, 0xC0, 
    0x03, 0x00, 0x03, 0x00, 0x03, 0xF0, 0x00, 0xC0, 0x03, 0x00, 0x03, 0x80, 0x03, 0x78, 0x00, 0xC0, 
    0x03, 0x00, 0x39, 0xC0, 0x07, 0x3C, 0x00, 0xC0, 0x03, 0x00, 0x3C, 0xC0, 0x06, 0x0E, 0x00, 0xC0, 
    0x03, 0x00, 0x0E, 0xE0, 0x0E, 0x07, 0x80, 0xC0, 0x03, 0x00, 0x07, 0xF0, 0x1C, 0x03, 0xC0, 0xC0, 
    0x03, 0x00, 0x03, 0xF0, 0x1C, 0x01, 0xE0, 0xC0, 0x03, 0x00, 0x01, 0xF8, 0x38, 0x00, 0x70, 0xC0, 
    0x03, 0x00, 0x00, 0x1C, 0x30, 0x00, 0x38, 0xC0, 0x03, 0x00, 0x00, 0x1C, 0x70, 0x00, 0x1E, 0xC0, 
    0x03, 0x00, 0x00, 0x0E, 0x60, 0x00, 0x0F, 0xC0, 0x03, 0x00, 0x00, 0x07, 0xE0, 0x00, 0x07, 0xC0, 
    0x03, 0x00, 0x00, 0x07, 0xC0, 0x00, 0x01, 0xC0, 0x03, 0x00, 0x00, 0x03, 0xC0, 0x00, 0x00, 0xC0, 
    0x03, 0x00, 0x00, 0x01, 0x80, 0x00, 0x00, 0xC0, 0x03, 0x00, 0x00, 0x00, 0x00, 0x00, 0x00, 0xC0, 
    0x03, 0xFF, 0xFF, 0xFF, 0xFF, 0xFF, 0xFF, 0xC0, 0x03, 0xFF, 0xFF, 0xFF, 0xFF, 0xFF, 0xFF, 0xC0, 
    0x00, 0x00, 0x00, 0x00, 0x00, 0x00, 0x00, 0x00, 0x00, 0x00, 0x00, 0x00, 0x00, 0x00, 0x00, 0x00, 
    0x00, 0x00, 0x00, 0x00, 0x00, 0x00, 0x00, 0x00, 0x00, 0x00, 0x00, 0x00, 0x00, 0x00, 0x00, 0x00, 
      },
  {
    0x00, 0x00, 0x00, 0x00, 0x00, 0x00, 0x00, 0x00, 0x00, 0x00, 0x00, 0x00, 0x00, 0x00, 0x00, 0x00, 
    0x00, 0x00, 0x00, 0x00, 0x00, 0x00, 0x00, 0x00, 0x00, 0x00, 0x00, 0x00, 0x00, 0x00, 0x00, 0x00, 
    0x03, 0xFF, 0xFF, 0xFF, 0xFF, 0xFF, 0xFF, 0xC0, 0x03, 0xFF, 0xFF, 0xFF, 0xFF, 0xFF, 0xFF, 0xC0, 
    0x03, 0x00, 0x00, 0x00, 0x00, 0x00, 0x00, 0xC0, 0x03, 0x00, 0x00, 0x00, 0x00, 0x00, 0x00, 0xC0, 
    0x03, 0x00, 0x00, 0x00, 0x00, 0x00, 0x00, 0xC0, 0x03, 0x00, 0x00, 0x00, 0x00, 0x00, 0x00, 0xC0, 
    0x03, 0xC0, 0x00, 0x00, 0x00, 0x00, 0x00, 0xC0, 0x03, 0xE0, 0x00, 0x00, 0x00, 0x00, 0x00, 0xC0, 
    0x03, 0xF0, 0x00, 0x00, 0x00, 0x00, 0x00, 0xC0, 0x03, 0x38, 0x00, 0x00, 0x00, 0x00, 0x00, 0xC0, 
    0x03, 0x1E, 0x00, 0x00, 0x00, 0x00, 0x00, 0xC0, 0x03, 0x0F, 0x00, 0x00, 0x00, 0x00, 0x00, 0xC0, 
    0x03, 0x07, 0x80, 0x00, 0x00, 0x00, 0x00, 0xC0, 0x03, 0x03, 0xC0, 0x00, 0x00, 0x00, 0x00, 0xC0, 
    0x03, 0x00, 0xE0, 0x00, 0x00, 0x00, 0x00, 0xC0, 0x03, 0x00, 0x40, 0x00, 0x00, 0x00, 0x00, 0xC0, 
    0x03, 0x00, 0x00, 0x00, 0x00, 0x00, 0x00, 0xC0, 0x03, 0x00, 0x00, 0x00, 0x00, 0x00, 0x00, 0xC0, 
    0x03, 0x00, 0x00, 0x00, 0x00, 0x00, 0x00, 0xC0, 0x03, 0x00, 0x00, 0x00, 0x00, 0x00, 0x00, 0xC0, 
    0x03, 0x00, 0x00, 0x0F, 0xE0, 0x00, 0x00, 0xC0, 0x03, 0x00, 0x00, 0x3F, 0xF8, 0x00, 0x00, 0xC0, 
    0x03, 0x00, 0x00, 0xFC, 0x7E, 0x00, 0x00, 0xC0, 0x03, 0x00, 0x01, 0xE0, 0x0F, 0x00, 0x00, 0xC0, 
    0x03, 0x00, 0x01, 0xC0, 0x03, 0x80, 0x00, 0xC0, 0x03, 0x00, 0x03, 0x80, 0x01, 0xC0, 0x00, 0xC0, 
    0x03, 0x00, 0x07, 0x07, 0xE1, 0xC0, 0x00, 0xC0, 0x03, 0x00, 0x06, 0x1F, 0xF0, 0xE0, 0x00, 0xC0, 
    0x03, 0x00, 0x06, 0x1C, 0x78, 0xE0, 0x00, 0xC0, 0x03, 0x00, 0x0E, 0x38, 0x18, 0x60, 0x00, 0xC0, 
    0x03, 0x00, 0x0E, 0x30, 0x1C, 0x60, 0x00, 0xC0, 0x03, 0x00, 0x0C, 0x30, 0x1C, 0x60, 0x00, 0xC0, 
    0x03, 0x00, 0x0E, 0x30, 0x1C, 0x60, 0x00, 0xC0, 0x03, 0x00, 0x0E, 0x30, 0x18, 0x60, 0x00, 0xC0, 
    0x03, 0x00, 0x0E, 0x38, 0x38, 0x60, 0x00, 0xC0, 0x03, 0x00, 0x06, 0x1F, 0xF0, 0xE0, 0x00, 0xC0, 
    0x03, 0x00, 0x07, 0x0F, 0xE0, 0xC0, 0x00, 0xC0, 0x03, 0x00, 0x03, 0x03, 0xC1, 0xC0, 0x00, 0xC0, 
    0x03, 0x00, 0x03, 0x80, 0x01, 0x80, 0x00, 0xC0, 0x03, 0x00, 0x01, 0x80, 0x03, 0x80, 0x00, 0xC0, 
    0x03, 0x00, 0x01, 0xC0, 0x07, 0x00, 0x00, 0xC0, 0x03, 0x00, 0x00, 0xE0, 0x07, 0x02, 0x00, 0xC0, 
    0x03, 0x00, 0x00, 0x60, 0x0E, 0x07, 0x80, 0xC0, 0x03, 0x00, 0x00, 0x70, 0x0C, 0x03, 0xC0, 0xC0, 
    0x03, 0x00, 0x00, 0x38, 0x1C, 0x01, 0xE0, 0xC0, 0x03, 0x00, 0x00, 0x38, 0x18, 0x00, 0x70, 0xC0, 
    0x03, 0x00, 0x00, 0x1C, 0x38, 0x00, 0x38, 0x00, 0x03, 0x00, 0x00, 0x0C, 0x70, 0x00, 0x1E, 0x00, 
    0x03, 0x00, 0x00, 0x0E, 0x70, 0x00, 0x0F, 0x00, 0x03, 0x00, 0x00, 0x07, 0xE0, 0x00, 0x07, 0x80, 
    0x03, 0x00, 0x00, 0x07, 0xC0, 0x00, 0x01, 0xC0, 0x03, 0x00, 0x00, 0x03, 0xC0, 0x00, 0x00, 0xC0, 
    0x03, 0x00, 0x00, 0x01, 0x80, 0x00, 0x00, 0x00, 0x03, 0x00, 0x00, 0x00, 0x00, 0x00, 0x00, 0x00, 
    0x03, 0xFF, 0xFF, 0xFF, 0xFF, 0xFF, 0xFF, 0xC0, 0x03, 0xFF, 0xFF, 0xFF, 0xFF, 0xFF, 0xFF, 0xC0, 
    0x00, 0x00, 0x00, 0x00, 0x00, 0x00, 0x00, 0x00, 0x00, 0x00, 0x00, 0x00, 0x00, 0x00, 0x00, 0x00, 
    0x00, 0x00, 0x00, 0x00, 0x00, 0x00, 0x00, 0x00, 0x00, 0x00, 0x00, 0x00, 0x00, 0x00, 0x00, 0x00, 
      },
  {
    0x00, 0x00, 0x00, 0x00, 0x00, 0x00, 0x00, 0x00, 0x00, 0x00, 0x00, 0x00, 0x00, 0x00, 0x00, 0x00, 
    0x00, 0x00, 0x00, 0x00, 0x00, 0x00, 0x00, 0x00, 0x00, 0x00, 0x00, 0x00, 0x00, 0x00, 0x00, 0x00, 
    0x03, 0xFF, 0xFF, 0xFF, 0xFF, 0xFF, 0xFF, 0xC0, 0x03, 0xFF, 0xFF, 0xFF, 0xFF, 0xFF, 0xFF, 0xC0, 
    0x03, 0x00, 0x00, 0x00, 0x00, 0x00, 0x00, 0xC0, 0x03, 0x00, 0x00, 0x00, 0x00, 0x00, 0x00, 0xC0, 
    0x03, 0x00, 0x00, 0x00, 0x00, 0x00, 0x00, 0xC0, 0x03, 0x00, 0x00, 0x00, 0x00, 0x00, 0x00, 0xC0, 
    0x03, 0xC0, 0x00, 0x00, 0x00, 0x00, 0x00, 0xC0, 0x03, 0xE0, 0x00, 0x00, 0x00, 0x00, 0x00, 0xC0, 
    0x03, 0xF0, 0x00, 0x00, 0x00, 0x00, 0x00, 0xC0, 0x03, 0x38, 0x00, 0x00, 0x00, 0x00, 0x00, 0xC0, 
    0x03, 0x1E, 0x00, 0x00, 0x00, 0x00, 0x00, 0xC0, 0x03, 0x0E, 0x00, 0x00, 0x00, 0x00, 0x00, 0xC0, 
    0x03, 0x06, 0x00, 0x00, 0x00, 0x00, 0x00, 0xC0, 0x03, 0x00, 0x00, 0x00, 0x00, 0x00, 0x00, 0xC0, 
    0x03, 0x00, 0x00, 0x00, 0x00, 0x00, 0x00, 0xC0, 0x03, 0x00, 0x00, 0x00, 0x00, 0x00, 0x00, 0xC0, 
    0x03, 0x00, 0x00, 0x00, 0x00, 0x00, 0x00, 0xC0, 0x03, 0x00, 0x00, 0x00, 0x00, 0x00, 0x00, 0xC0, 
    0x03, 0x00, 0x00, 0x00, 0x00, 0x00, 0x00, 0xC0, 0x03, 0x00, 0x00, 0x00, 0x00, 0x00, 0x00, 0xC0, 
    0x03, 0x00, 0x00, 0x0F, 0xE0, 0x00, 0x00, 0xC0, 0x03, 0x00, 0x00, 0x3F, 0xFC, 0x00, 0x00, 0xC0, 
    0x03, 0x00, 0x00, 0x7C, 0x3E, 0x00, 0x00, 0xC0, 0x03, 0x00, 0x00, 0xE0, 0x0F, 0x00, 0x00, 0xC0, 
    0x03, 0x00, 0x01, 0xC0, 0x03, 0x80, 0x00, 0xC0, 0x03, 0x00, 0x03, 0x80, 0x01, 0xC0, 0x00, 0xC0, 
    0x03, 0x00, 0x07, 0x07, 0xE0, 0xC0, 0x00, 0xC0, 0x03, 0x00, 0x07, 0x0F, 0xF0, 0xE0, 0x00, 0xC0, 
    0x03, 0x00, 0x06, 0x1C, 0x78, 0x60, 0x00, 0xC0, 0x03, 0x00, 0x0E, 0x38, 0x18, 0x60, 0x00, 0xC0, 
    0x03, 0x00, 0x0E, 0x30, 0x1C, 0x60, 0x00, 0xC0, 0x03, 0x00, 0x0E, 0x30, 0x1C, 0x60, 0x00, 0xC0, 
    0x03, 0x00, 0x0E, 0x30, 0x1C, 0x60, 0x00, 0xC0, 0x03, 0x00, 0x0E, 0x30, 0x1C, 0x60, 0x00, 0xC0, 
    0x03, 0x00, 0x06, 0x38, 0x38, 0x60, 0x00, 0xC0, 0x03, 0x00, 0x06, 0x1F, 0xF8, 0xE0, 0x00, 0xC0, 
    0x03, 0x00, 0x07, 0x0F, 0xF0, 0xC0, 0x00, 0xC0, 0x03, 0x00, 0x03, 0x03, 0xC1, 0xC0, 0x00, 0x00, 
    0x03, 0x00, 0x03, 0x80, 0x01, 0x80, 0x00, 0x00, 0x03, 0x00, 0x01, 0xC0, 0x03, 0x80, 0x00, 0x00, 
    0x03, 0x00, 0x01, 0xC0, 0x03, 0x00, 0x00, 0x00, 0x03, 0x00, 0x00, 0xE0, 0x07, 0x00, 0x00, 0x00, 
    0x03, 0x00, 0x00, 0x60, 0x0E, 0x00, 0x00, 0x00, 0x03, 0x00, 0x00, 0x70, 0x0E, 0x00, 0x00, 0x00, 
    0x03, 0x00, 0x00, 0x38, 0x1C, 0x00, 0x60, 0x00, 0x03, 0x00, 0x00, 0x38, 0x18, 0x00, 0x70, 0x00, 
    0x03, 0x00, 0x00, 0x1C, 0x38, 0x00, 0x38, 0x00, 0x03, 0x00, 0x00, 0x0C, 0x70, 0x00, 0x1E, 0x00, 
    0x03, 0x00, 0x00, 0x0E, 0x70, 0x00, 0x0F, 0x00, 0x03, 0x00, 0x00, 0x07, 0xE0, 0x00, 0x07, 0x80, 
    0x03, 0x00, 0x00, 0x07, 0xC0, 0x00, 0x01, 0xC0, 0x03, 0x00, 0x00, 0x03, 0xC0, 0x00, 0x00, 0xC0, 
    0x03, 0x00, 0x00, 0x01, 0x80, 0x00, 0x00, 0x00, 0x03, 0x00, 0x00, 0x00, 0x00, 0x00, 0x00, 0x00, 
    0x03, 0xFF, 0xFF, 0xFF, 0xFF, 0xFF, 0xFF, 0xC0, 0x03, 0xFF, 0xFF, 0xFF, 0xFF, 0xFF, 0xFF, 0xC0, 
    0x00, 0x00, 0x00, 0x00, 0x00, 0x00, 0x00, 0x00, 0x00, 0x00, 0x00, 0x00, 0x00, 0x00, 0x00, 0x00, 
    0x00, 0x00, 0x00, 0x00, 0x00, 0x00, 0x00, 0x00, 0x00, 0x00, 0x00, 0x00, 0x00, 0x00, 0x00, 0x00, 
      },
  {
    0x00, 0x00, 0x00, 0x00, 0x00, 0x00, 0x00, 0x00, 0x00, 0x00, 0x00, 0x00, 0x00, 0x00, 0x00, 0x00, 
    0x00, 0x00, 0x00, 0x00, 0x00, 0x00, 0x00, 0x00, 0x00, 0x00, 0x00, 0x00, 0x00, 0x00, 0x00, 0x00, 
    0x03, 0xFF, 0xFF, 0xFF, 0xFF, 0xFF, 0xFF, 0xC0, 0x03, 0xFF, 0xFF, 0xFF, 0xFF, 0xFF, 0xFF, 0xC0, 
    0x03, 0x00, 0x00, 0x00, 0x00, 0x00, 0x00, 0xC0, 0x03, 0x00, 0x00, 0x00, 0x00, 0x00, 0x00, 0xC0, 
    0x03, 0x00, 0x00, 0x00, 0x00, 0x00, 0x00, 0xC0, 0x03, 0x00, 0x00, 0x00, 0x00, 0x00, 0x00, 0xC0, 
    0x03, 0xC0, 0x00, 0x00, 0x00, 0x00, 0x00, 0x40, 0x03, 0xC0, 0x00, 0x00, 0x00, 0x00, 0x00, 0x00, 
    0x03, 0x00, 0x00, 0x00, 0x00, 0x00, 0x00, 0x00, 0x03, 0x00, 0x00, 0x00, 0x00, 0x00, 0x00, 0x00, 
    0x03, 0x00, 0x00, 0x00, 0x00, 0x00, 0x00, 0x00, 0x03, 0x00, 0x00, 0x00, 0x00, 0x00, 0x00, 0x00, 
    0x03, 0x00, 0x00, 0x00, 0x00, 0x00, 0x00, 0x00, 0x03, 0x00, 0x00, 0x00, 0x00, 0x00, 0x00, 0x00, 
    0x03, 0x00, 0x00, 0x00, 0x00, 0x00, 0x00, 0x00, 0x03, 0x00, 0x00, 0x00, 0x00, 0x00, 0x00, 0x00, 
    0x03, 0x00, 0x00, 0x00, 0x00, 0x00, 0x00, 0x00, 0x03, 0x00, 0x00, 0x00, 0x00, 0x00, 0x00, 0x00, 
    0x03, 0x00, 0x00, 0x00, 0x00, 0x00, 0x00, 0x00, 0x03, 0x00, 0x00, 0x00, 0x00, 0x00, 0x00, 0x00, 
    0x03, 0x00, 0x00, 0x0F, 0xF0, 0x00, 0x00, 0x00, 0x03, 0x00, 0x00, 0x3F, 0xFC, 0x00, 0x00, 0x00, 
    0x03, 0x00, 0x00, 0x78, 0x1F, 0x00, 0x00, 0x00, 0x03, 0x00, 0x01, 0xE0, 0x07, 0x80, 0x00, 0x00, 
    0x03, 0x00, 0x01, 0xC0, 0x03, 0x80, 0x00, 0x00, 0x03, 0x00, 0x03, 0x80, 0x01, 0xC0, 0x00, 0x00, 
    0x03, 0x00, 0x07, 0x07, 0xE0, 0xE0, 0x00, 0x00, 0x03, 0x00, 0x07, 0x0F, 0xF0, 0x60, 0x00, 0x00, 
    0x03, 0x00, 0x06, 0x1C, 0x38, 0x60, 0x00, 0x00, 0x03, 0x00, 0x06, 0x38, 0x1C, 0x70, 0x00, 0x00, 
    0x03, 0x00, 0x0E, 0x30, 0x0C, 0x70, 0x00, 0x00, 0x03, 0x00, 0x0E, 0x30, 0x0C, 0x70, 0x00, 0x00, 
    0x03, 0x00, 0x0E, 0x30, 0x0C, 0x70, 0x00, 0x00, 0x03, 0x00, 0x06, 0x38, 0x1C, 0x70, 0x00, 0x00, 
    0x03, 0x00, 0x06, 0x1C, 0x38, 0x60, 0x00, 0x00, 0x03, 0x00, 0x07, 0x1F, 0xF8, 0x60, 0x00, 0x00, 
    0x03, 0x00, 0x07, 0x0F, 0xF0, 0xE0, 0x00, 0x00, 0x03, 0x00, 0x03, 0x83, 0xC0, 0xC0, 0x00, 0x00, 
    0x03, 0x00, 0x03, 0x80, 0x01, 0xC0, 0x00, 0x00, 0x03, 0x00, 0x01, 0xC0, 0x03, 0x80, 0x00, 0x00, 
    0x03, 0x00, 0x00, 0xC0, 0x03, 0x00, 0x00, 0x00, 0x03, 0x00, 0x00, 0xE0, 0x07, 0x00, 0x00, 0x00, 
    0x03, 0x00, 0x00, 0x70, 0x06, 0x00, 0x00, 0x00, 0x03, 0x00, 0x00, 0x70, 0x0E, 0x00, 0x00, 0x00, 
    0x03, 0x00, 0x00, 0x38, 0x1C, 0x00, 0x00, 0x00, 0x03, 0x00, 0x00, 0x18, 0x18, 0x00, 0x00, 0x00, 
    0x03, 0x00, 0x00, 0x1C, 0x38, 0x00, 0x00, 0x00, 0x03, 0x00, 0x00, 0x0C, 0x30, 0x00, 0x00, 0x00, 
    0x03, 0x00, 0x00, 0x0E, 0x70, 0x00, 0x01, 0x00, 0x03, 0x00, 0x00, 0x07, 0xE0, 0x00, 0x03, 0x80, 
    0x03, 0x00, 0x00, 0x03, 0xC0, 0x00, 0x01, 0xC0, 0x03, 0x00, 0x00, 0x03, 0xC0, 0x00, 0x00, 0xC0, 
    0x03, 0x00, 0x00, 0x01, 0x80, 0x00, 0x00, 0x00, 0x03, 0x00, 0x00, 0x00, 0x00, 0x00, 0x00, 0x00, 
    0x03, 0xFF, 0xFF, 0xFF, 0xFF, 0xFF, 0xFF, 0xC0, 0x03, 0xFF, 0xFF, 0xFF, 0xFF, 0xFF, 0xFF, 0xC0, 
    0x00, 0x00, 0x00, 0x00, 0x00, 0x00, 0x00, 0x00, 0x00, 0x00, 0x00, 0x00, 0x00, 0x00, 0x00, 0x00, 
    0x00, 0x00, 0x00, 0x00, 0x00, 0x00, 0x00, 0x00, 0x00, 0x00, 0x00, 0x00, 0x00, 0x00, 0x00, 0x00, 
      },
  {
    0x00, 0x00, 0x00, 0x00, 0x00, 0x00, 0x00, 0x00, 0x00, 0x00, 0x00, 0x00, 0x00, 0x00, 0x00, 0x00, 
    0x00, 0x00, 0x00, 0x00, 0x00, 0x00, 0x00, 0x00, 0x00, 0x00, 0x00, 0x00, 0x00, 0x00, 0x00, 0x00, 
    0x03, 0xFF, 0xFF, 0xFF, 0xC0, 0x00, 0x00, 0x00, 0x03, 0xFF, 0xFF, 0xFF, 0xC0, 0x00, 0x00, 0x00, 
    0x03, 0x00, 0x00, 0x00, 0x00, 0x00, 0x00, 0x00, 0x03, 0x00, 0x00, 0x00, 0x00, 0x00, 0x00, 0x00, 
    0x03, 0x00, 0x00, 0x00, 0x00, 0x00, 0x00, 0x00, 0x03, 0x00, 0x00, 0x00, 0x00, 0x00, 0x00, 0x00, 
    0x03, 0x00, 0x00, 0x00, 0x00, 0x00, 0x00, 0x00, 0x03, 0x00, 0x00, 0x00, 0x00, 0x00, 0x00, 0x00, 
    0x03, 0x00, 0x00, 0x00, 0x00, 0x00, 0x00, 0x00, 0x03, 0x00, 0x00, 0x00, 0x00, 0x00, 0x00, 0x00, 
    0x03, 0x00, 0x00, 0x00, 0x00, 0x00, 0x00, 0x00, 0x03, 0x00, 0x00, 0x00, 0x00, 0x00, 0x00, 0x00, 
    0x03, 0x00, 0x00, 0x00, 0x00, 0x00, 0x00, 0x00, 0x03, 0x00, 0x00, 0x00, 0x00, 0x00, 0x00, 0x00, 
    0x03, 0x00, 0x00, 0x00, 0x00, 0x00, 0x00, 0x00, 0x03, 0x00, 0x00, 0x00, 0x00, 0x00, 0x00, 0x00, 
    0x03, 0x00, 0x00, 0x00, 0x00, 0x00, 0x00, 0x00, 0x03, 0x00, 0x00, 0x00, 0x00, 0x00, 0x00, 0x00, 
    0x03, 0x00, 0x00, 0x03, 0xC0, 0x00, 0x00, 0x00, 0x03, 0x00, 0x00, 0x1F, 0xF8, 0x00, 0x00, 0x00, 
    0x03, 0x00, 0x00, 0x7F, 0xFE, 0x00, 0x00, 0x00, 0x03, 0x00, 0x00, 0xF0, 0x0F, 0x00, 0x00, 0x00, 
    0x03, 0x00, 0x01, 0xC0, 0x03, 0x80, 0x00, 0x00, 0x03, 0x00, 0x03, 0x80, 0x01, 0xC0, 0x00, 0x00, 
    0x03, 0x00, 0x03, 0x01, 0x80, 0xE0, 0x00, 0x00, 0x03, 0x00, 0x07, 0x0F, 0xF0, 0x60, 0x00, 0x00, 
    0x03, 0x00, 0x06, 0x1F, 0xF8, 0x70, 0x00, 0x00, 0x03, 0x00, 0x0E, 0x1C, 0x38, 0x70, 0x00, 0x00, 
    0x03, 0x00, 0x0C, 0x38, 0x1C, 0x30, 0x00, 0x00, 0x03, 0x00, 0x0C, 0x30, 0x0C, 0x30, 0x00, 0x00, 
    0x03, 0x00, 0x0C, 0x30, 0x0C, 0x30, 0x00, 0x00, 0x03, 0x00, 0x0C, 0x30, 0x0C, 0x30, 0x00, 0x00, 
    0x03, 0x00, 0x0C, 0x30, 0x0C, 0x30, 0x00, 0x00, 0x03, 0x00, 0x0E, 0x38, 0x1C, 0x70, 0x00, 0x00, 
    0x03, 0x00, 0x06, 0x1E, 0x78, 0x70, 0x00, 0x00, 0x03, 0x00, 0x06, 0x0F, 0xF0, 0x60, 0x00, 0x00, 
    0x03, 0x00, 0x07, 0x07, 0xE0, 0xE0, 0x00, 0x00, 0x03, 0x00, 0x03, 0x80, 0x00, 0xC0, 0x00, 0x00, 
    0x03, 0x00, 0x03, 0x80, 0x01, 0xC0, 0x00, 0x00, 0x03, 0x00, 0x01, 0xC0, 0x03, 0x80, 0x00, 0x00, 
    0x03, 0x00, 0x00, 0xC0, 0x03, 0x00, 0x00, 0x00, 0x03, 0x00, 0x00, 0xE0, 0x07, 0x00, 0x00, 0x00, 
    0x03, 0x00, 0x00, 0x70, 0x06, 0x00, 0x00, 0x00, 0x03, 0x00, 0x00, 0x70, 0x0E, 0x00, 0x00, 0x00, 
    0x03, 0x00, 0x00, 0x38, 0x1C, 0x00, 0x00, 0x00, 0x03, 0x00, 0x00, 0x18, 0x18, 0x00, 0x00, 0x00, 
    0x03, 0x00, 0x00, 0x1C, 0x38, 0x00, 0x00, 0x00, 0x03, 0x00, 0x00, 0x0C, 0x30, 0x00, 0x00, 0x00, 
    0x03, 0x00, 0x00, 0x0E, 0x70, 0x00, 0x00, 0x00, 0x03, 0x00, 0x00, 0x07, 0xE0, 0x00, 0x00, 0x00, 
    0x03, 0x00, 0x00, 0x03, 0xC0, 0x00, 0x00, 0xC0, 0x03, 0x00, 0x00, 0x03, 0xC0, 0x00, 0x00, 0xC0, 
    0x03, 0x00, 0x00, 0x01, 0x80, 0x00, 0x00, 0x00, 0x03, 0x00, 0x00, 0x00, 0x00, 0x00, 0x00, 0x00, 
    0x03, 0xFF, 0xFF, 0xFF, 0xFF, 0xFF, 0xFF, 0xC0, 0x03, 0xFF, 0xFF, 0xFF, 0xFF, 0xFF, 0xFF, 0xC0, 
    0x00, 0x00, 0x00, 0x00, 0x00, 0x00, 0x00, 0x00, 0x00, 0x00, 0x00, 0x00, 0x00, 0x00, 0x00, 0x00, 
    0x00, 0x00, 0x00, 0x00, 0x00, 0x00, 0x00, 0x00, 0x00, 0x00, 0x00, 0x00, 0x00, 0x00, 0x00, 0x00, 
      },
  {
    0x00, 0x00, 0x00, 0x00, 0x00, 0x00, 0x00, 0x00, 0x00, 0x00, 0x00, 0x00, 0x00, 0x00, 0x00, 0x00, 
    0x00, 0x00, 0x00, 0x00, 0x00, 0x00, 0x00, 0x00, 0x00, 0x00, 0x00, 0x00, 0x00, 0x00, 0x00, 0x00, 
    0x00, 0x00, 0x00, 0x00, 0x00, 0x00, 0x00, 0x00, 0x00, 0x00, 0x00, 0x00, 0x00, 0x00, 0x00, 0x00, 
    0x00, 0x00, 0x00, 0x00, 0x00, 0x00, 0x00, 0x00, 0x00, 0x00, 0x00, 0x00, 0x00, 0x00, 0x00, 0x00, 
    0x00, 0x00, 0x00, 0x00, 0x00, 0x00, 0x00, 0x00, 0x03, 0x00, 0x00, 0x00, 0x00, 0x00, 0x00, 0x00, 
    0x03, 0x00, 0x00, 0x00, 0x00, 0x00, 0x00, 0x00, 0x03, 0x00, 0x00, 0x00, 0x00, 0x00, 0x00, 0x00, 
    0x03, 0x00, 0x00, 0x00, 0x00, 0x00, 0x00, 0x00, 0x03, 0x00, 0x00, 0x00, 0x00, 0x00, 0x00, 0x00, 
    0x03, 0x00, 0x00, 0x00, 0x00, 0x00, 0x00, 0x00, 0x03, 0x00, 0x00, 0x00, 0x00, 0x00, 0x00, 0x00, 
    0x03, 0x00, 0x00, 0x00, 0x00, 0x00, 0x00, 0x00, 0x03, 0x00, 0x00, 0x00, 0x00, 0x00, 0x00, 0x00, 
    0x03, 0x00, 0x00, 0x00, 0x00, 0x00, 0x00, 0x00, 0x03, 0x00, 0x00, 0x00, 0x00, 0x00, 0x00, 0x00, 
    0x03, 0x00, 0x00, 0x0F, 0xF0, 0x00, 0x00, 0x00, 0x03, 0x00, 0x00, 0x3F, 0xFE, 0x00, 0x00, 0x00, 
    0x03, 0x00, 0x00, 0xFC, 0x1F, 0x00, 0x00, 0x00, 0x03, 0x00, 0x01, 0xE0, 0x07, 0x80, 0x00, 0x00, 
    0x03, 0x00, 0x03, 0x80, 0x01, 0xC0, 0x00, 0x00, 0x03, 0x00, 0x07, 0x00, 0x00, 0xE0, 0x00, 0x00, 
    0x03, 0x00, 0x07, 0x03, 0xC0, 0x60, 0x00, 0x00, 0x03, 0x00, 0x0E, 0x0F, 0xF0, 0x70, 0x00, 0x00, 
    0x03, 0x00, 0x0C, 0x1F, 0xF8, 0x30, 0x00, 0x00, 0x03, 0x00, 0x0C, 0x38, 0x1C, 0x38, 0x00, 0x00, 
    0x03, 0x00, 0x1C, 0x30, 0x0C, 0x38, 0x00, 0x00, 0x03, 0x00, 0x1C, 0x70, 0x0E, 0x18, 0x00, 0x00, 
    0x03, 0x00, 0x1C, 0x70, 0x0E, 0x18, 0x00, 0x00, 0x03, 0x00, 0x1C, 0x70, 0x0E, 0x18, 0x00, 0x00, 
    0x03, 0x00, 0x1C, 0x70, 0x0E, 0x18, 0x00, 0x00, 0x03, 0x00, 0x1C, 0x30, 0x0C, 0x38, 0x00, 0x00, 
    0x03, 0x00, 0x0C, 0x38, 0x1C, 0x38, 0x00, 0x00, 0x03, 0x00, 0x0C, 0x1F, 0xF8, 0x30, 0x00, 0x00, 
    0x03, 0x00, 0x0E, 0x0F, 0xF0, 0x70, 0x00, 0x00, 0x03, 0x00, 0x06, 0x03, 0xC0, 0x60, 0x00, 0x00, 
    0x03, 0x00, 0x07, 0x00, 0x00, 0xE0, 0x00, 0x00, 0x03, 0x00, 0x03, 0x80, 0x00, 0xC0, 0x00, 0x00, 
    0x03, 0x00, 0x03, 0x80, 0x01, 0xC0, 0x00, 0x00, 0x03, 0x00, 0x01, 0xC0, 0x03, 0x80, 0x00, 0x00, 
    0x03, 0x00, 0x00, 0xC0, 0x03, 0x00, 0x00, 0x00, 0x03, 0x00, 0x00, 0xE0, 0x07, 0x00, 0x00, 0x00, 
    0x03, 0x00, 0x00, 0x70, 0x06, 0x00, 0x00, 0x00, 0x03, 0x00, 0x00, 0x70, 0x0E, 0x00, 0x00, 0x00, 
    0x03, 0x00, 0x00, 0x38, 0x1C, 0x00, 0x00, 0x00, 0x03, 0x00, 0x00, 0x18, 0x18, 0x00, 0x00, 0x00, 
    0x03, 0x00, 0x00, 0x1C, 0x38, 0x00, 0x00, 0x00, 0x03, 0x00, 0x00, 0x0C, 0x30, 0x00, 0x00, 0x00, 
    0x03, 0x00, 0x00, 0x0E, 0x70, 0x00, 0x00, 0x00, 0x03, 0x00, 0x00, 0x07, 0xE0, 0x00, 0x00, 0x00, 
    0x03, 0x00, 0x00, 0x03, 0xC0, 0x00, 0x00, 0x00, 0x03, 0x00, 0x00, 0x03, 0xC0, 0x00, 0x00, 0x00, 
    0x03, 0x00, 0x00, 0x01, 0x80, 0x00, 0x00, 0x00, 0x03, 0x00, 0x00, 0x00, 0x00, 0x00, 0x00, 0x00, 
    0x03, 0xFF, 0xFF, 0xFF, 0xFF, 0xFF, 0xFF, 0xC0, 0x03, 0xFF, 0xFF, 0xFF, 0xFF, 0xFF, 0xFF, 0xC0, 
    0x00, 0x00, 0x00, 0x00, 0x00, 0x00, 0x00, 0x00, 0x00, 0x00, 0x00, 0x00, 0x00, 0x00, 0x00, 0x00, 
    0x00, 0x00, 0x00, 0x00, 0x00, 0x00, 0x00, 0x00, 0x00, 0x00, 0x00, 0x00, 0x00, 0x00, 0x00, 0x00, 
      },
  {
    0x00, 0x00, 0x00, 0x00, 0x00, 0x00, 0x00, 0x00, 0x00, 0x00, 0x00, 0x00, 0x00, 0x00, 0x00, 0x00, 
    0x00, 0x00, 0x00, 0x00, 0x00, 0x00, 0x00, 0x00, 0x00, 0x00, 0x00, 0x00, 0x00, 0x00, 0x00, 0x00, 
    0x00, 0x00, 0x00, 0x00, 0x00, 0x00, 0x00, 0x00, 0x00, 0x00, 0x00, 0x00, 0x00, 0x00, 0x00, 0x00, 
    0x00, 0x00, 0x00, 0x00, 0x00, 0x00, 0x00, 0x00, 0x00, 0x00, 0x00, 0x00, 0x00, 0x00, 0x00, 0x00, 
    0x00, 0x00, 0x00, 0x00, 0x00, 0x00, 0x00, 0x00, 0x00, 0x00, 0x00, 0x00, 0x00, 0x00, 0x00, 0x00, 
    0x00, 0x00, 0x00, 0x00, 0x00, 0x00, 0x00, 0x00, 0x00, 0x00, 0x00, 0x00, 0x00, 0x00, 0x00, 0x00, 
    0x00, 0x00, 0x00, 0x00, 0x00, 0x00, 0x00, 0x00, 0x00, 0x00, 0x00, 0x00, 0x00, 0x00, 0x00, 0x00, 
    0x00, 0x00, 0x00, 0x00, 0x00, 0x00, 0x00, 0x00, 0x00, 0x00, 0x00, 0x00, 0x00, 0x00, 0x00, 0x00, 
    0x00, 0x00, 0x00, 0x01, 0x80, 0x00, 0x00, 0x00, 0x00, 0x00, 0x00, 0x1F, 0xF8, 0x00, 0x00, 0x00, 
    0x00, 0x00, 0x00, 0x7F, 0xFE, 0x00, 0x00, 0x00, 0x00, 0x00, 0x01, 0xF0, 0x0F, 0x80, 0x00, 0x00, 
    0x00, 0x00, 0x03, 0xC0, 0x03, 0xC0, 0x00, 0x00, 0x00, 0x00, 0x07, 0x80, 0x00, 0xE0, 0x00, 0x00, 
    0x00, 0x00, 0x07, 0x00, 0x00, 0x70, 0x00, 0x00, 0x00, 0x00, 0x0E, 0x00, 0x00, 0x70, 0x00, 0x00, 
    0x00, 0x00, 0x1C, 0x0F, 0xF0, 0x38, 0x00, 0x00, 0x00, 0x00, 0x1C, 0x1F, 0xF8, 0x18, 0x00, 0x00, 
    0x00, 0x00, 0x18, 0x3C, 0x3C, 0x1C, 0x00, 0x00, 0x00, 0x00, 0x38, 0x30, 0x0C, 0x1C, 0x00, 0x00, 
    0x00, 0x00, 0x38, 0x70, 0x0E, 0x0C, 0x00, 0x00, 0x00, 0x00, 0x30, 0x60, 0x06, 0x0C, 0x00, 0x00, 
    0x00, 0x00, 0x30, 0x60, 0x06, 0x0C, 0x00, 0x00, 0x00, 0x00, 0x30, 0x60, 0x06, 0x0C, 0x00, 0x00, 
    0x00, 0x00, 0x30, 0x60, 0x06, 0x0C, 0x00, 0x00, 0x00, 0x00, 0x38, 0x70, 0x0E, 0x0C, 0x00, 0x00, 
    0x00, 0x00, 0x38, 0x38, 0x1C, 0x1C, 0x00, 0x00, 0x00, 0x00, 0x18, 0x3C, 0x3C, 0x18, 0x00, 0x00, 
    0x00, 0x00, 0x1C, 0x1F, 0xF8, 0x38, 0x00, 0x00, 0x00, 0x00, 0x0C, 0x07, 0xE0, 0x38, 0x00, 0x00, 
    0x00, 0x00, 0x0E, 0x00, 0x00, 0x70, 0x00, 0x00, 0x00, 0x00, 0x06, 0x00, 0x00, 0x60, 0x00, 0x00, 
    0x03, 0x00, 0x07, 0x00, 0x00, 0xE0, 0x00, 0x00, 0x03, 0x00, 0x03, 0x80, 0x00, 0xC0, 0x00, 0x00, 
    0x03, 0x00, 0x03, 0x80, 0x01, 0xC0, 0x00, 0x00, 0x03, 0x00, 0x01, 0xC0, 0x03, 0x80, 0x00, 0x00, 
    0x03, 0x00, 0x00, 0xC0, 0x03, 0x00, 0x00, 0x00, 0x03, 0x00, 0x00, 0xE0, 0x07, 0x00, 0x00, 0x00, 
    0x03, 0x00, 0x00, 0x70, 0x06, 0x00, 0x00, 0x00, 0x03, 0x00, 0x00, 0x70, 0x0E, 0x00, 0x00, 0x00, 
    0x03, 0x00, 0x00, 0x38, 0x1C, 0x00, 0x00, 0x00, 0x03, 0x00, 0x00, 0x18, 0x18, 0x00, 0x00, 0x00, 
    0x03, 0x00, 0x00, 0x1C, 0x38, 0x00, 0x00, 0x00, 0x03, 0x00, 0x00, 0x0C, 0x30, 0x00, 0x00, 0x00, 
    0x03, 0x00, 0x00, 0x0E, 0x70, 0x00, 0x00, 0x00, 0x03, 0x00, 0x00, 0x07, 0xE0, 0x00, 0x00, 0x00, 
    0x03, 0x00, 0x00, 0x03, 0xC0, 0x00, 0x00, 0x00, 0x03, 0x00, 0x00, 0x03, 0xC0, 0x00, 0x00, 0x00, 
    0x03, 0x00, 0x00, 0x01, 0x80, 0x00, 0x00, 0x00, 0x03, 0x00, 0x00, 0x00, 0x00, 0x00, 0x00, 0x00, 
    0x03, 0xFF, 0xFF, 0xFF, 0xFF, 0xFF, 0xFF, 0xC0, 0x03, 0xFF, 0xFF, 0xFF, 0xFF, 0xFF, 0xFF, 0xC0, 
    0x00, 0x00, 0x00, 0x00, 0x00, 0x00, 0x00, 0x00, 0x00, 0x00, 0x00, 0x00, 0x00, 0x00, 0x00, 0x00, 
    0x00, 0x00, 0x00, 0x00, 0x00, 0x00, 0x00, 0x00, 0x00, 0x00, 0x00, 0x00, 0x00, 0x00, 0x00, 0x00, 
      },
  {
    0x00, 0x00, 0x00, 0x00, 0x00, 0x00, 0x00, 0x00, 0x00, 0x00, 0x00, 0x00, 0x00, 0x00, 0x00, 0x00, 
    0x00, 0x00, 0x00, 0x00, 0x00, 0x00, 0x00, 0x00, 0x00, 0x00, 0x00, 0x00, 0x00, 0x00, 0x00, 0x00, 
    0x00, 0x00, 0x00, 0x00, 0x00, 0x00, 0x00, 0x00, 0x00, 0x00, 0x00, 0x00, 0x00, 0x00, 0x00, 0x00, 
    0x00, 0x00, 0x00, 0x00, 0x00, 0x00, 0x00, 0x00, 0x00, 0x00, 0x00, 0x00, 0x00, 0x00, 0x00, 0x00, 
    0x00, 0x00, 0x00, 0x00, 0x00, 0x00, 0x00, 0x00, 0x00, 0x00, 0x00, 0x00, 0x00, 0x00, 0x00, 0x00, 
    0x00, 0x00, 0x00, 0x00, 0x00, 0x00, 0x00, 0x00, 0x00, 0x00, 0x00, 0x00, 0x00, 0x00, 0x00, 0x00, 
    0x00, 0x00, 0x00, 0x00, 0x00, 0x00, 0x00, 0x00, 0x00, 0x00, 0x00, 0x00, 0x00, 0x00, 0x00, 0x00, 
    0x00, 0x00, 0x00, 0x03, 0xC0, 0x00, 0x00, 0x00, 0x00, 0x00, 0x00, 0x3F, 0xFC, 0x00, 0x00, 0x00, 
    0x00, 0x00, 0x00, 0xFF, 0xFF, 0x00, 0x00, 0x00, 0x00, 0x00, 0x01, 0xF0, 0x0F, 0x80, 0x00, 0x00, 
    0x00, 0x00, 0x03, 0xC0, 0x01, 0xC0, 0x00, 0x00, 0x00, 0x00, 0x07, 0x00, 0x00, 0xE0, 0x00, 0x00, 
    0x00, 0x00, 0x0E, 0x00, 0x00, 0x70, 0x00, 0x00, 0x00, 0x00, 0x1C, 0x00, 0x00, 0x38, 0x00, 0x00, 
    0x00, 0x00, 0x1C, 0x07, 0xE0, 0x18, 0x00, 0x00, 0x00, 0x00, 0x38, 0x1F, 0xF8, 0x1C, 0x00, 0x00, 
    0x00, 0x00, 0x38, 0x3C, 0x3C, 0x0C, 0x00, 0x00, 0x00, 0x00, 0x30, 0x38, 0x1C, 0x0C, 0x00, 0x00, 
    0x00, 0x00, 0x30, 0x70, 0x0E, 0x0E, 0x00, 0x00, 0x00, 0x00, 0x70, 0x60, 0x06, 0x0E, 0x00, 0x00, 
    0x00, 0x00, 0x70, 0xE0, 0x07, 0x06, 0x00, 0x00, 0x00, 0x00, 0x70, 0xE0, 0x07, 0x06, 0x00, 0x00, 
    0x00, 0x00, 0x70, 0x60, 0x07, 0x06, 0x00, 0x00, 0x00, 0x00, 0x70, 0x60, 0x06, 0x0E, 0x00, 0x00, 
    0x00, 0x00, 0x30, 0x70, 0x0E, 0x0E, 0x00, 0x00, 0x00, 0x00, 0x30, 0x38, 0x1C, 0x0C, 0x00, 0x00, 
    0x00, 0x00, 0x38, 0x3E, 0x7C, 0x0C, 0x00, 0x00, 0x00, 0x00, 0x18, 0x1F, 0xF8, 0x1C, 0x00, 0x00, 
    0x00, 0x00, 0x1C, 0x07, 0xE0, 0x18, 0x00, 0x00, 0x00, 0x00, 0x0C, 0x00, 0x00, 0x38, 0x00, 0x00, 
    0x00, 0x00, 0x0E, 0x00, 0x00, 0x70, 0x00, 0x00, 0x00, 0x00, 0x06, 0x00, 0x00, 0x60, 0x00, 0x00, 
    0x00, 0x00, 0x07, 0x00, 0x00, 0xE0, 0x00, 0x00, 0x00, 0x00, 0x03, 0x80, 0x00, 0xC0, 0x00, 0x00, 
    0x00, 0x00, 0x03, 0x80, 0x01, 0xC0, 0x00, 0x00, 0x00, 0x00, 0x01, 0xC0, 0x03, 0x80, 0x00, 0x00, 
    0x00, 0x00, 0x00, 0xC0, 0x03, 0x00, 0x00, 0x00, 0x00, 0x00, 0x00, 0xE0, 0x07, 0x00, 0x00, 0x00, 
    0x00, 0x00, 0x00, 0x70, 0x06, 0x00, 0x00, 0x00, 0x00, 0x00, 0x00, 0x70, 0x0E, 0x00, 0x00, 0x00, 
    0x00, 0x00, 0x00, 0x38, 0x1C, 0x00, 0x00, 0x00, 0x00, 0x00, 0x00, 0x18, 0x1C, 0x00, 0x00, 0x00, 
    0x00, 0x00, 0x00, 0x1C, 0x38, 0x00, 0x00, 0x00, 0x00, 0x00, 0x00, 0x0C, 0x30, 0x00, 0x00, 0x00, 
    0x00, 0x00, 0x00, 0x0E, 0x70, 0x00, 0x00, 0x00, 0x00, 0x00, 0x00, 0x07, 0xE0, 0x00, 0x00, 0x00, 
    0x00, 0x00, 0x00, 0x03, 0xE0, 0x00, 0x00, 0x00, 0x00, 0x00, 0x00, 0x03, 0xC0, 0x00, 0x00, 0x00, 
    0x02, 0x00, 0x00, 0x01, 0x80, 0x00, 0x00, 0x00, 0x03, 0x00, 0x00, 0x00, 0x00, 0x00, 0x00, 0x00, 
    0x03, 0xFF, 0xFF, 0xFF, 0xFF, 0xFF, 0xFF, 0xC0, 0x03, 0xFF, 0xFF, 0xFF, 0xFF, 0xFF, 0xFF, 0xC0, 
    0x00, 0x00, 0x00, 0x00, 0x00, 0x00, 0x00, 0x00, 0x00, 0x00, 0x00, 0x00, 0x00, 0x00, 0x00, 0x00, 
    0x00, 0x00, 0x00, 0x00, 0x00, 0x00, 0x00, 0x00, 0x00, 0x00, 0x00, 0x00, 0x00, 0x00, 0x00, 0x00, 
      },
  {
    0x00, 0x00, 0x00, 0x00, 0x00, 0x00, 0x00, 0x00, 0x00, 0x00, 0x00, 0x00, 0x00, 0x00, 0x00, 0x00, 
    0x00, 0x00, 0x00, 0x00, 0x00, 0x00, 0x00, 0x00, 0x00, 0x00, 0x00, 0x00, 0x00, 0x00, 0x00, 0x00, 
    0x00, 0x00, 0x00, 0x00, 0x00, 0x00, 0x00, 0x00, 0x00, 0x00, 0x00, 0x00, 0x00, 0x00, 0x00, 0x00, 
    0x00, 0x00, 0x00, 0x00, 0x00, 0x00, 0x00, 0x00, 0x00, 0x00, 0x00, 0x00, 0x00, 0x00, 0x00, 0x00, 
    0x00, 0x00, 0x00, 0x00, 0x00, 0x00, 0x00, 0x00, 0x00, 0x00, 0x00, 0x00, 0x00, 0x00, 0x00, 0x00, 
    0x00, 0x00, 0x00, 0x00, 0x00, 0x00, 0x00, 0x00, 0x00, 0x00, 0x00, 0x0F, 0xF0, 0x00, 0x00, 0x00, 
    0x00, 0x00, 0x00, 0x7F, 0xFE, 0x00, 0x00, 0x00, 0x00, 0x00, 0x00, 0xFC, 0x3F, 0x80, 0x00, 0x00, 
    0x00, 0x00, 0x03, 0xE0, 0x03, 0xC0, 0x00, 0x00, 0x00, 0x00, 0x07, 0x80, 0x00, 0xE0, 0x00, 0x00, 
    0x00, 0x00, 0x0E, 0x00, 0x00, 0x70, 0x00, 0x00, 0x00, 0x00, 0x1C, 0x00, 0x00, 0x38, 0x00, 0x00, 
    0x00, 0x00, 0x18, 0x00, 0x00, 0x1C, 0x00, 0x00, 0x00, 0x00, 0x38, 0x07, 0xE0, 0x0C, 0x00, 0x00, 
    0x00, 0x00, 0x30, 0x1F, 0xF8, 0x0E, 0x00, 0x00, 0x00, 0x00, 0x70, 0x3F, 0x7C, 0x06, 0x00, 0x00, 
    0x00, 0x00, 0x60, 0x78, 0x1E, 0x06, 0x00, 0x00, 0x00, 0x00, 0x60, 0x70, 0x0E, 0x07, 0x00, 0x00, 
    0x00, 0x00, 0xE0, 0xE0, 0x07, 0x03, 0x00, 0x00, 0x00, 0x00, 0xE0, 0xE0, 0x03, 0x03, 0x00, 0x00, 
    0x00, 0x00, 0xE0, 0xC0, 0x03, 0x03, 0x00, 0x00, 0x00, 0x00, 0xE0, 0xC0, 0x03, 0x03, 0x00, 0x00, 
    0x00, 0x00, 0xE0, 0xC0, 0x03, 0x03, 0x00, 0x00, 0x00, 0x00, 0xE0, 0xE0, 0x07, 0x03, 0x00, 0x00, 
    0x00, 0x00, 0x60, 0x60, 0x06, 0x07, 0x00, 0x00, 0x00, 0x00, 0x60, 0x70, 0x0E, 0x07, 0x00, 0x00, 
    0x00, 0x00, 0x70, 0x3C, 0x3C, 0x06, 0x00, 0x00, 0x00, 0x00, 0x70, 0x1F, 0xF8, 0x0E, 0x00, 0x00, 
    0x00, 0x00, 0x38, 0x0F, 0xF0, 0x0C, 0x00, 0x00, 0x00, 0x00, 0x38, 0x00, 0x00, 0x1C, 0x00, 0x00, 
    0x00, 0x00, 0x1C, 0x00, 0x00, 0x18, 0x00, 0x00, 0x00, 0x00, 0x0C, 0x00, 0x00, 0x38, 0x00, 0x00, 
    0x00, 0x00, 0x0E, 0x00, 0x00, 0x70, 0x00, 0x00, 0x00, 0x00, 0x06, 0x00, 0x00, 0x60, 0x00, 0x00, 
    0x00, 0x00, 0x07, 0x00, 0x00, 0xE0, 0x00, 0x00, 0x00, 0x00, 0x03, 0x80, 0x00, 0xC0, 0x00, 0x00, 
    0x00, 0x00, 0x03, 0x80, 0x01, 0xC0, 0x00, 0x00, 0x00, 0x00, 0x01, 0xC0, 0x03, 0x80, 0x00, 0x00, 
    0x00, 0x00, 0x00, 0xC0, 0x03, 0x80, 0x00, 0x00, 0x00, 0x00, 0x00, 0xE0, 0x07, 0x00, 0x00, 0x00, 
    0x00, 0x00, 0x00, 0x70, 0x06, 0x00, 0x00, 0x00, 0x00, 0x00, 0x00, 0x70, 0x0E, 0x00, 0x00, 0x00, 
    0x00, 0x00, 0x00, 0x38, 0x1C, 0x00, 0x00, 0x00, 0x00, 0x00, 0x00, 0x18, 0x1C, 0x00, 0x00, 0x00, 
    0x00, 0x00, 0x00, 0x1C, 0x38, 0x00, 0x00, 0x00, 0x00, 0x00, 0x00, 0x0E, 0x30, 0x00, 0x00, 0x00, 
    0x00, 0x00, 0x00, 0x0E, 0x70, 0x00, 0x00, 0x00, 0x00, 0x00, 0x00, 0x07, 0xE0, 0x00, 0x00, 0x00, 
    0x00, 0x00, 0x00, 0x03, 0xE0, 0x00, 0x00, 0x00, 0x00, 0x00, 0x00, 0x03, 0xC0, 0x00, 0x00, 0x00, 
    0x00, 0x00, 0x00, 0x01, 0x80, 0x00, 0x00, 0x00, 0x00, 0x00, 0x00, 0x00, 0x00, 0x00, 0x00, 0x00, 
    0x00, 0x00, 0x00, 0x0F, 0xFF, 0xFF, 0xFF, 0xC0, 0x00, 0x00, 0x00, 0x0F, 0xFF, 0xFF, 0xFF, 0xC0, 
    0x00, 0x00, 0x00, 0x00, 0x00, 0x00, 0x00, 0x00, 0x00, 0x00, 0x00, 0x00, 0x00, 0x00, 0x00, 0x00, 
    0x00, 0x00, 0x00, 0x00, 0x00, 0x00, 0x00, 0x00, 0x00, 0x00, 0x00, 0x00, 0x00, 0x00, 0x00, 0x00, 
      },
  {
    0x00, 0x00, 0x00, 0x00, 0x00, 0x00, 0x00, 0x00, 0x00, 0x00, 0x00, 0x00, 0x00, 0x00, 0x00, 0x00, 
    0x00, 0x00, 0x00, 0x00, 0x00, 0x00, 0x00, 0x00, 0x00, 0x00, 0x00, 0x00, 0x00, 0x00, 0x00, 0x00, 
    0x00, 0x00, 0x00, 0x00, 0x00, 0x00, 0x00, 0x00, 0x00, 0x00, 0x00, 0x00, 0x00, 0x00, 0x00, 0x00, 
    0x00, 0x00, 0x00, 0x00, 0x00, 0x00, 0x00, 0x00, 0x00, 0x00, 0x00, 0x00, 0x00, 0x00, 0x00, 0x00, 
    0x00, 0x00, 0x00, 0x03, 0xC0, 0x00, 0x00, 0x00, 0x00, 0x00, 0x00, 0x3F, 0xFC, 0x00, 0x00, 0x00, 
    0x00, 0x00, 0x00, 0xFF, 0xFF, 0x00, 0x00, 0x00, 0x00, 0x00, 0x03, 0xE0, 0x07, 0xC0, 0x00, 0x00, 
    0x00, 0x00, 0x07, 0x80, 0x01, 0xE0, 0x00, 0x00, 0x00, 0x00, 0x0F, 0x00, 0x00, 0x70, 0x00, 0x00, 
    0x00, 0x00, 0x1C, 0x00, 0x00, 0x38, 0x00, 0x00, 0x00, 0x00, 0x38, 0x00, 0x00, 0x1C, 0x00, 0x00, 
    0x00, 0x00, 0x38, 0x00, 0x00, 0x0E, 0x00, 0x00, 0x00, 0x00, 0x70, 0x07, 0xE0, 0x0E, 0x00, 0x00, 
    0x00, 0x00, 0x60, 0x1F, 0xF8, 0x07, 0x00, 0x00, 0x00, 0x00, 0xE0, 0x3E, 0x7C, 0x07, 0x00, 0x00, 
    0x00, 0x00, 0xC0, 0x70, 0x0E, 0x03, 0x00, 0x00, 0x00, 0x00, 0xC0, 0xE0, 0x07, 0x03, 0x80, 0x00, 
    0x00, 0x00, 0xC0, 0xE0, 0x07, 0x03, 0x80, 0x00, 0x00, 0x01, 0xC0, 0xC0, 0x03, 0x01, 0x80, 0x00, 
    0x00, 0x01, 0xC0, 0xC0, 0x03, 0x81, 0x80, 0x00, 0x00, 0x01, 0xC1, 0xC0, 0x03, 0x81, 0x80, 0x00, 
    0x00, 0x01, 0xC0, 0xC0, 0x03, 0x81, 0x80, 0x00, 0x00, 0x01, 0xC0, 0xC0, 0x03, 0x03, 0x80, 0x00, 
    0x00, 0x00, 0xC0, 0xE0, 0x07, 0x03, 0x80, 0x00, 0x00, 0x00, 0xC0, 0xE0, 0x07, 0x03, 0x00, 0x00, 
    0x00, 0x00, 0xE0, 0x70, 0x0E, 0x03, 0x00, 0x00, 0x00, 0x00, 0xE0, 0x3E, 0x7C, 0x07, 0x00, 0x00, 
    0x00, 0x00, 0x60, 0x1F, 0xF8, 0x06, 0x00, 0x00, 0x00, 0x00, 0x70, 0x07, 0xE0, 0x0E, 0x00, 0x00, 
    0x00, 0x00, 0x30, 0x00, 0x00, 0x0C, 0x00, 0x00, 0x00, 0x00, 0x38, 0x00, 0x00, 0x1C, 0x00, 0x00, 
    0x00, 0x00, 0x1C, 0x00, 0x00, 0x18, 0x00, 0x00, 0x00, 0x00, 0x0C, 0x00, 0x00, 0x38, 0x00, 0x00, 
    0x00, 0x00, 0x0E, 0x00, 0x00, 0x70, 0x00, 0x00, 0x00, 0x00, 0x06, 0x00, 0x00, 0x70, 0x00, 0x00, 
    0x00, 0x00, 0x07, 0x00, 0x00, 0xE0, 0x00, 0x00, 0x00, 0x00, 0x03, 0x80, 0x00, 0xC0, 0x00, 0x00, 
    0x00, 0x00, 0x03, 0x80, 0x01, 0xC0, 0x00, 0x00, 0x00, 0x00, 0x01, 0xC0, 0x03, 0x80, 0x00, 0x00, 
    0x00, 0x00, 0x00, 0xC0, 0x03, 0x80, 0x00, 0x00, 0x00, 0x00, 0x00, 0xE0, 0x07, 0x00, 0x00, 0x00, 
    0x00, 0x00, 0x00, 0x70, 0x06, 0x00, 0x00, 0x00, 0x00, 0x00, 0x00, 0x70, 0x0E, 0x00, 0x00, 0x00, 
    0x00, 0x00, 0x00, 0x38, 0x1C, 0x00, 0x00, 0x00, 0x00, 0x00, 0x00, 0x18, 0x1C, 0x00, 0x00, 0x00, 
    0x00, 0x00, 0x00, 0x1C, 0x38, 0x00, 0x00, 0x00, 0x00, 0x00, 0x00, 0x0E, 0x30, 0x00, 0x00, 0x00, 
    0x00, 0x00, 0x00, 0x0E, 0x70, 0x00, 0x00, 0x00, 0x00, 0x00, 0x00, 0x07, 0xE0, 0x00, 0x00, 0x00, 
    0x00, 0x00, 0x00, 0x03, 0xE0, 0x00, 0x00, 0x00, 0x00, 0x00, 0x00, 0x03, 0xC0, 0x00, 0x00, 0x00, 
    0x00, 0x00, 0x00, 0x01, 0x80, 0x00, 0x00, 0x00, 0x00, 0x00, 0x00, 0x00, 0x00, 0x00, 0x00, 0x00, 
    0x00, 0x00, 0x00, 0x00, 0x00, 0x07, 0xFF, 0xC0, 0x00, 0x00, 0x00, 0x00, 0x00, 0x07, 0xFF, 0xC0, 
    0x00, 0x00, 0x00, 0x00, 0x00, 0x00, 0x00, 0x00, 0x00, 0x00, 0x00, 0x00, 0x00, 0x00, 0x00, 0x00, 
    0x00, 0x00, 0x00, 0x00, 0x00, 0x00, 0x00, 0x00, 0x00, 0x00, 0x00, 0x00, 0x00, 0x00, 0x00, 0x00, 
      },
  {
    0x00, 0x00, 0x00, 0x00, 0x00, 0x00, 0x00, 0x00, 0x00, 0x00, 0x00, 0x00, 0x00, 0x00, 0x00, 0x00, 
    0x00, 0x00, 0x00, 0x00, 0x00, 0x00, 0x00, 0x00, 0x00, 0x00, 0x00, 0x00, 0x00, 0x00, 0x00, 0x00, 
    0x00, 0x00, 0x00, 0x00, 0x00, 0x00, 0x00, 0x00, 0x00, 0x00, 0x00, 0x00, 0x00, 0x00, 0x00, 0x00, 
    0x00, 0x00, 0x00, 0x00, 0x00, 0x00, 0x00, 0x00, 0x00, 0x00, 0x00, 0x0F, 0xF8, 0x00, 0x00, 0x00, 
    0x00, 0x00, 0x00, 0x7F, 0xFE, 0x00, 0x00, 0x00, 0x00, 0x00, 0x01, 0xF8, 0x1F, 0x80, 0x00, 0x00, 
    0x00, 0x00, 0x03, 0xC0, 0x03, 0xE0, 0x00, 0x00, 0x00, 0x00, 0x0F, 0x00, 0x00, 0xF0, 0x00, 0x00, 
    0x00, 0x00, 0x1E, 0x00, 0x00, 0x38, 0x00, 0x00, 0x00, 0x00, 0x1C, 0x00, 0x00, 0x1C, 0x00, 0x00, 
    0x00, 0x00, 0x38, 0x00, 0x00, 0x0E, 0x00, 0x00, 0x00, 0x00, 0x70, 0x00, 0x00, 0x0E, 0x00, 0x00, 
    0x00, 0x00, 0x60, 0x0F, 0xF0, 0x07, 0x00, 0x00, 0x00, 0x00, 0xE0, 0x1F, 0xF8, 0x03, 0x00, 0x00, 
    0x00, 0x00, 0xC0, 0x3C, 0x3C, 0x03, 0x80, 0x00, 0x00, 0x01, 0xC0, 0x70, 0x0E, 0x03, 0x80, 0x00, 
    0x00, 0x01, 0xC0, 0xE0, 0x07, 0x01, 0x80, 0x00, 0x00, 0x01, 0x80, 0xC0, 0x03, 0x01, 0x80, 0x00, 
    0x00, 0x01, 0x80, 0xC0, 0x03, 0x81, 0x80, 0x00, 0x00, 0x01, 0x81, 0xC0, 0x03, 0x81, 0x80, 0x00, 
    0x00, 0x01, 0x81, 0xC0, 0x03, 0x81, 0xC0, 0x00, 0x00, 0x01, 0x81, 0xC0, 0x03, 0x81, 0x80, 0x00, 
    0x00, 0x01, 0x81, 0xC0, 0x03, 0x81, 0x80, 0x00, 0x00, 0x01, 0x80, 0xC0, 0x03, 0x01, 0x80, 0x00, 
    0x00, 0x01, 0xC0, 0xE0, 0x07, 0x01, 0x80, 0x00, 0x00, 0x00, 0xC0, 0x70, 0x0E, 0x03, 0x80, 0x00, 
    0x00, 0x00, 0xC0, 0x3C, 0x3C, 0x03, 0x00, 0x00, 0x00, 0x00, 0xE0, 0x1F, 0xF8, 0x07, 0x00, 0x00, 
    0x00, 0x00, 0x60, 0x0F, 0xF0, 0x07, 0x00, 0x00, 0x00, 0x00, 0x70, 0x00, 0x00, 0x0E, 0x00, 0x00, 
    0x00, 0x00, 0x30, 0x00, 0x00, 0x0E, 0x00, 0x00, 0x00, 0x00, 0x38, 0x00, 0x00, 0x1C, 0x00, 0x00, 
    0x00, 0x00, 0x1C, 0x00, 0x00, 0x18, 0x00, 0x00, 0x00, 0x00, 0x0C, 0x00, 0x00, 0x38, 0x00, 0x00, 
    0x00, 0x00, 0x0E, 0x00, 0x00, 0x70, 0x00, 0x00, 0x00, 0x00, 0x06, 0x00, 0x00, 0x70, 0x00, 0x00, 
    0x00, 0x00, 0x07, 0x00, 0x00, 0xE0, 0x00, 0x00, 0x00, 0x00, 0x03, 0x80, 0x00, 0xC0, 0x00, 0x00, 
    0x00, 0x00, 0x03, 0x80, 0x01, 0xC0, 0x00, 0x00, 0x00, 0x00, 0x01, 0xC0, 0x03, 0x80, 0x00, 0x00, 
    0x00, 0x00, 0x00, 0xC0, 0x03, 0x80, 0x00, 0x00, 0x00, 0x00, 0x00, 0xE0, 0x07, 0x00, 0x00, 0x00, 
    0x00, 0x00, 0x00, 0x70, 0x06, 0x00, 0x00, 0x00, 0x00, 0x00, 0x00, 0x70, 0x0E, 0x00, 0x00, 0x00, 
    0x00, 0x00, 0x00, 0x38, 0x1C, 0x00, 0x00, 0x00, 0x00, 0x00, 0x00, 0x18, 0x1C, 0x00, 0x00, 0x00, 
    0x00, 0x00, 0x00, 0x1C, 0x38, 0x00, 0x00, 0x00, 0x00, 0x00, 0x00, 0x0E, 0x30, 0x00, 0x00, 0x00, 
    0x00, 0x00, 0x00, 0x0E, 0x70, 0x00, 0x00, 0x00, 0x00, 0x00, 0x00, 0x07, 0xE0, 0x00, 0x00, 0x00, 
    0x00, 0x00, 0x00, 0x03, 0xE0, 0x00, 0x00, 0x00, 0x00, 0x00, 0x00, 0x03, 0xC0, 0x00, 0x00, 0x00, 
    0x00, 0x00, 0x00, 0x01, 0x80, 0x00, 0x00, 0x00, 0x00, 0x00, 0x00, 0x00, 0x00, 0x00, 0x00, 0x00, 
    0x00, 0x00, 0x00, 0x00, 0x00, 0x00, 0x03, 0xC0, 0x00, 0x00, 0x00, 0x00, 0x00, 0x00, 0x03, 0xC0, 
    0x00, 0x00, 0x00, 0x00, 0x00, 0x00, 0x00, 0x00, 0x00, 0x00, 0x00, 0x00, 0x00, 0x00, 0x00, 0x00, 
    0x00, 0x00, 0x00, 0x00, 0x00, 0x00, 0x00, 0x00, 0x00, 0x00, 0x00, 0x00, 0x00, 0x00, 0x00, 0x00, 
      },
  {
    0x00, 0x00, 0x00, 0x00, 0x00, 0x00, 0x00, 0x00, 0x00, 0x00, 0x00, 0x00, 0x00, 0x00, 0x00, 0x00, 
    0x00, 0x00, 0x00, 0x00, 0x00, 0x00, 0x00, 0x00, 0x00, 0x00, 0x00, 0x00, 0x00, 0x00, 0x00, 0x00, 
    0x00, 0x00, 0x00, 0x00, 0x00, 0x00, 0x00, 0x00, 0x00, 0x00, 0x00, 0x00, 0x00, 0x00, 0x00, 0x00, 
    0x00, 0x00, 0x00, 0x00, 0x00, 0x00, 0x00, 0x00, 0x00, 0x00, 0x00, 0x3F, 0xFC, 0x00, 0x00, 0x00, 
    0x00, 0x00, 0x00, 0xFF, 0xFF, 0x00, 0x00, 0x00, 0x00, 0x00, 0x03, 0xF0, 0x0F, 0xC0, 0x00, 0x00, 
    0x00, 0x00, 0x07, 0x80, 0x01, 0xE0, 0x00, 0x00, 0x00, 0x00, 0x0F, 0x00, 0x00, 0x70, 0x00, 0x00, 
    0x00, 0x00, 0x1C, 0x00, 0x00, 0x38, 0x00, 0x00, 0x00, 0x00, 0x38, 0x00, 0x00, 0x1C, 0x00, 0x00, 
    0x00, 0x00, 0x30, 0x00, 0x00, 0x0E, 0x00, 0x00, 0x00, 0x00, 0x70, 0x00, 0x00, 0x06, 0x00, 0x00, 
    0x00, 0x00, 0xE0, 0x0F, 0xF0, 0x07, 0x00, 0x00, 0x00, 0x00, 0xE0, 0x3F, 0xFC, 0x03, 0x00, 0x00, 
    0x00, 0x00, 0xC0, 0x78, 0x1E, 0x03, 0x80, 0x00, 0x00, 0x01, 0xC0, 0x70, 0x0E, 0x01, 0x80, 0x00, 
    0x00, 0x01, 0x80, 0xE0, 0x07, 0x01, 0x80, 0x00, 0x00, 0x01, 0x80, 0xC0, 0x03, 0x01, 0x80, 0x00, 
    0x00, 0x01, 0x81, 0xC0, 0x03, 0x81, 0xC0, 0x00, 0x00, 0x01, 0x81, 0xC0, 0x03, 0x81, 0xC0, 0x00, 
    0x00, 0x01, 0x81, 0xC0, 0x03, 0x81, 0xC0, 0x00, 0x00, 0x01, 0x81, 0xC0, 0x03, 0x81, 0xC0, 0x00, 
    0x00, 0x01, 0x81, 0xC0, 0x03, 0x81, 0x80, 0x00, 0x00, 0x01, 0x80, 0xC0, 0x03, 0x01, 0x80, 0x00, 
    0x00, 0x01, 0xC0, 0xE0, 0x07, 0x01, 0x80, 0x00, 0x00, 0x00, 0xC0, 0x70, 0x0E, 0x03, 0x80, 0x00, 
    0x00, 0x00, 0xC0, 0x3C, 0x3C, 0x03, 0x00, 0x00, 0x00, 0x00, 0xE0, 0x1F, 0xF8, 0x07, 0x00, 0x00, 
    0x00, 0x00, 0x60, 0x07, 0xE0, 0x07, 0x00, 0x00, 0x00, 0x00, 0x70, 0x00, 0x00, 0x0E, 0x00, 0x00, 
    0x00, 0x00, 0x30, 0x00, 0x00, 0x0E, 0x00, 0x00, 0x00, 0x00, 0x38, 0x00, 0x00, 0x1C, 0x00, 0x00, 
    0x00, 0x00, 0x1C, 0x00, 0x00, 0x18, 0x00, 0x00, 0x00, 0x00, 0x0C, 0x00, 0x00, 0x38, 0x00, 0x00, 
    0x00, 0x00, 0x0E, 0x00, 0x00, 0x70, 0x00, 0x00, 0x00, 0x00, 0x06, 0x00, 0x00, 0x70, 0x00, 0x00, 
    0x00, 0x00, 0x07, 0x00, 0x00, 0xE0, 0x00, 0x00, 0x00, 0x00, 0x03, 0x80, 0x00, 0xC0, 0x00, 0x00, 
    0x00, 0x00, 0x03, 0x80, 0x01, 0xC0, 0x00, 0x00, 0x00, 0x00, 0x01, 0xC0, 0x03, 0x80, 0x00, 0x00, 
    0x00, 0x00, 0x00, 0xC0, 0x03, 0x80, 0x00, 0x00, 0x00, 0x00, 0x00, 0xE0, 0x07, 0x00, 0x00, 0x00, 
    0x00, 0x00, 0x00, 0x70, 0x06, 0x00, 0x00, 0x00, 0x00, 0x00, 0x00, 0x70, 0x0E, 0x00, 0x00, 0x00, 
    0x00, 0x00, 0x00, 0x38, 0x1C, 0x00, 0x00, 0x00, 0x00, 0x00, 0x00, 0x18, 0x1C, 0x00, 0x00, 0x00, 
    0x00, 0x00, 0x00, 0x1C, 0x38, 0x00, 0x00, 0x00, 0x00, 0x00, 0x00, 0x0E, 0x30, 0x00, 0x00, 0x00, 
    0x00, 0x00, 0x00, 0x0E, 0x70, 0x00, 0x00, 0x00, 0x00, 0x00, 0x00, 0x07, 0xE0, 0x00, 0x00, 0x00, 
    0x00, 0x00, 0x00, 0x03, 0xE0, 0x00, 0x00, 0x00, 0x00, 0x00, 0x00, 0x03, 0xC0, 0x00, 0x00, 0x00, 
    0x00, 0x00, 0x00, 0x01, 0x80, 0x00, 0x00, 0x00, 0x00, 0x00, 0x00, 0x00, 0x00, 0x00, 0x00, 0x00, 
    0x00, 0x00, 0x00, 0x00, 0x00, 0x00, 0x00, 0x00, 0x00, 0x00, 0x00, 0x00, 0x00, 0x00, 0x00, 0x00, 
    0x00, 0x00, 0x00, 0x00, 0x00, 0x00, 0x00, 0x00, 0x00, 0x00, 0x00, 0x00, 0x00, 0x00, 0x00, 0x00, 
    0x00, 0x00, 0x00, 0x00, 0x00, 0x00, 0x00, 0x00, 0x00, 0x00, 0x00, 0x00, 0x00, 0x00, 0x00, 0x00, 
      },
};

#endif
