#ifndef ANIMATION_BOOK_H
#define ANIMATION_BOOK_H

#include <pgmspace.h>

#define BOOK_FRAMES 32
#define BOOK_WIDTH  64
#define BOOK_HEIGHT 64

const uint8_t book_frames[][512] PROGMEM = {
  {
    0x00, 0x00, 0x00, 0x00, 0x00, 0x00, 0x00, 0x00, 0x00, 0x00, 0x00, 0x00, 0x00, 0x00, 0x00, 0x00, 
    0x00, 0x00, 0x00, 0x00, 0x00, 0x00, 0x00, 0x00, 0x00, 0x00, 0x00, 0x00, 0x00, 0x00, 0x00, 0x00, 
    0x00, 0x00, 0x00, 0x00, 0x00, 0x00, 0x00, 0x00, 0x00, 0x00, 0x00, 0x00, 0x00, 0x00, 0x00, 0x00, 
    0x00, 0x00, 0x00, 0x00, 0x00, 0x00, 0x00, 0x00, 0x00, 0x00, 0x00, 0x00, 0x00, 0x00, 0x00, 0x00, 
    0x00, 0x00, 0x00, 0x00, 0x00, 0x00, 0x00, 0x00, 0x00, 0x00, 0x00, 0x00, 0x00, 0x00, 0x00, 0x00, 
    0x03, 0xFF, 0xFF, 0xF0, 0x0F, 0xFF, 0xFF, 0xC0, 0x07, 0xFF, 0xFF, 0xFC, 0x3F, 0xFF, 0xFF, 0xE0, 
    0x07, 0xFF, 0xFF, 0xFF, 0xFF, 0xFF, 0xFF, 0xE0, 0x07, 0x00, 0x00, 0x07, 0xE0, 0x00, 0x00, 0xE0, 
    0x07, 0x00, 0x00, 0x03, 0xC0, 0x00, 0x00, 0xE0, 0x07, 0x00, 0x00, 0x01, 0x80, 0x00, 0x00, 0xE0, 
    0x07, 0x00, 0x00, 0x01, 0x80, 0x00, 0x00, 0xE0, 0x07, 0x07, 0xFF, 0xC1, 0x83, 0xFF, 0xE0, 0xE0, 
    0x07, 0x0F, 0xFF, 0xC1, 0x83, 0xFF, 0xF0, 0xE0, 0x07, 0x0F, 0xFF, 0xC1, 0x83, 0xFF, 0xF0, 0xE0, 
    0x07, 0x0C, 0x00, 0xC1, 0x83, 0x00, 0x30, 0xE0, 0x07, 0x0C, 0x00, 0xC1, 0x83, 0x00, 0x30, 0xE0, 
    0x07, 0x0C, 0x00, 0xC1, 0x83, 0x00, 0x30, 0xE0, 0x07, 0x0C, 0x00, 0xC1, 0x83, 0x00, 0x30, 0xE0, 
    0x07, 0x0F, 0xFF, 0xC1, 0x83, 0xFF, 0xF0, 0xE0, 0x07, 0x0F, 0xFF, 0xC1, 0x83, 0xFF, 0xF0, 0xE0, 
    0x07, 0x00, 0x00, 0x01, 0x80, 0x00, 0x00, 0xE0, 0x07, 0x00, 0x00, 0x01, 0x80, 0x00, 0x00, 0xE0, 
    0x07, 0x00, 0x00, 0x01, 0x80, 0x00, 0x00, 0xE0, 0x07, 0x00, 0x00, 0x01, 0x80, 0x00, 0x00, 0xE0, 
    0x07, 0x00, 0x00, 0x01, 0x80, 0x00, 0x00, 0xE0, 0x07, 0x0F, 0xFF, 0xC1, 0x83, 0xFF, 0xF0, 0xE0, 
    0x07, 0x0F, 0xFF, 0xC1, 0x83, 0xFF, 0xF0, 0xE0, 0x07, 0x00, 0x00, 0x01, 0x80, 0x00, 0x00, 0xE0, 
    0x07, 0x00, 0x00, 0x01, 0x80, 0x00, 0x00, 0xE0, 0x07, 0x00, 0x00, 0x01, 0x80, 0x00, 0x00, 0xE0, 
    0x07, 0x00, 0x00, 0x01, 0x80, 0x00, 0x00, 0xE0, 0x07, 0x00, 0x00, 0x01, 0x80, 0x00, 0x00, 0xE0, 
    0x07, 0x0F, 0xFF, 0xC1, 0x83, 0xFF, 0xF0, 0xE0, 0x07, 0x0F, 0xFF, 0xC1, 0x83, 0xFF, 0xF0, 0xE0, 
    0x07, 0x00, 0x00, 0x01, 0x80, 0x00, 0x00, 0xE0, 0x07, 0x00, 0x00, 0x01, 0x80, 0x00, 0x00, 0xE0, 
    0x07, 0x00, 0x00, 0x01, 0x80, 0x00, 0x00, 0xE0, 0x07, 0x00, 0x00, 0x01, 0x80, 0x00, 0x00, 0xE0, 
    0x07, 0xFF, 0xFF, 0xF1, 0x8F, 0xFF, 0xFF, 0xE0, 0x07, 0xFF, 0xFF, 0xFF, 0xFF, 0xFF, 0xFF, 0xE0, 
    0x07, 0xFF, 0xFF, 0xFF, 0xFF, 0xFF, 0xFF, 0xE0, 0x07, 0x00, 0x00, 0x07, 0xE0, 0x00, 0x00, 0xE0, 
    0x07, 0x00, 0x00, 0x03, 0xC0, 0x00, 0x00, 0xE0, 0x07, 0x00, 0x00, 0x01, 0x80, 0x00, 0x00, 0xE0, 
    0x07, 0x00, 0x00, 0x01, 0x80, 0x00, 0x00, 0xE0, 0x07, 0x00, 0x00, 0x01, 0x80, 0x00, 0x00, 0xE0, 
    0x07, 0xFF, 0xFF, 0xFF, 0xFF, 0xFF, 0xFF, 0xE0, 0x03, 0xFF, 0xFF, 0xFF, 0xFF, 0xFF, 0xFF, 0xC0, 
    0x00, 0x00, 0x00, 0x00, 0x00, 0x00, 0x00, 0x00, 0x00, 0x00, 0x00, 0x00, 0x00, 0x00, 0x00, 0x00, 
    0x00, 0x00, 0x00, 0x00, 0x00, 0x00, 0x00, 0x00, 0x00, 0x00, 0x00, 0x00, 0x00, 0x00, 0x00, 0x00, 
    0x00, 0x00, 0x00, 0x00, 0x00, 0x00, 0x00, 0x00, 0x00, 0x00, 0x00, 0x00, 0x00, 0x00, 0x00, 0x00, 
    0x00, 0x00, 0x00, 0x00, 0x00, 0x00, 0x00, 0x00, 0x00, 0x00, 0x00, 0x00, 0x00, 0x00, 0x00, 0x00, 
    0x00, 0x00, 0x00, 0x00, 0x00, 0x00, 0x00, 0x00, 0x00, 0x00, 0x00, 0x00, 0x00, 0x00, 0x00, 0x00, 
      },
  {
    0x00, 0x00, 0x00, 0x00, 0x00, 0x00, 0x00, 0x00, 0x00, 0x00, 0x00, 0x00, 0x00, 0x00, 0x00, 0x00, 
    0x00, 0x00, 0x00, 0x00, 0x00, 0x00, 0x00, 0x00, 0x00, 0x00, 0x00, 0x00, 0x00, 0x00, 0x00, 0x00, 
    0x00, 0x00, 0x00, 0x00, 0x00, 0x00, 0x00, 0x00, 0x00, 0x00, 0x00, 0x00, 0x00, 0x00, 0x00, 0x00, 
    0x00, 0x00, 0x00, 0x00, 0x00, 0x00, 0x00, 0x00, 0x00, 0x00, 0x00, 0x00, 0x00, 0x00, 0x00, 0x00, 
    0x00, 0x00, 0x00, 0x00, 0x00, 0x00, 0x00, 0x00, 0x00, 0x00, 0x00, 0x00, 0x00, 0x00, 0x00, 0x00, 
    0x01, 0xFF, 0xFF, 0xF0, 0x0F, 0xFF, 0xFF, 0xC0, 0x07, 0xFF, 0xFF, 0xFC, 0x7F, 0xFF, 0xFF, 0xE0, 
    0x07, 0xFF, 0xFF, 0xFE, 0xFF, 0xFF, 0xFF, 0xE0, 0x07, 0x00, 0x00, 0x07, 0xE0, 0x00, 0x00, 0xE0, 
    0x07, 0x00, 0x00, 0x03, 0xC0, 0x00, 0x00, 0xE0, 0x07, 0x00, 0x00, 0x01, 0x80, 0x00, 0x00, 0xE0, 
    0x07, 0x00, 0x00, 0x01, 0x80, 0x00, 0x00, 0xE0, 0x07, 0x07, 0xFF, 0xC1, 0x83, 0xFF, 0xE0, 0xE0, 
    0x07, 0x0F, 0xFF, 0xC1, 0x83, 0xFF, 0xF0, 0xE0, 0x07, 0x0F, 0xFF, 0xC1, 0x83, 0xFF, 0xF0, 0xE0, 
    0x07, 0x0C, 0x00, 0xC1, 0x83, 0x00, 0x30, 0xE0, 0x07, 0x0C, 0x00, 0xC1, 0x83, 0x00, 0x70, 0xE0, 
    0x07, 0x0C, 0x00, 0xC1, 0x83, 0x00, 0x70, 0xE0, 0x07, 0x0C, 0x00, 0xC1, 0x83, 0x00, 0x70, 0xE0, 
    0x07, 0x0F, 0xFF, 0xC1, 0x83, 0xFF, 0xF0, 0xE0, 0x07, 0x0F, 0xFF, 0xC1, 0x83, 0xFF, 0xF0, 0xE0, 
    0x07, 0x00, 0x00, 0x01, 0x80, 0x00, 0x00, 0xE0, 0x07, 0x00, 0x00, 0x01, 0x80, 0x00, 0x00, 0xE0, 
    0x07, 0x00, 0x00, 0x01, 0x80, 0x00, 0x00, 0xE0, 0x07, 0x00, 0x00, 0x01, 0x80, 0x00, 0x00, 0xE0, 
    0x07, 0x00, 0x00, 0x01, 0x80, 0x00, 0x00, 0xE0, 0x07, 0x0F, 0xFF, 0xC1, 0x83, 0xFF, 0xF0, 0xE0, 
    0x07, 0x0F, 0xFF, 0xC1, 0x83, 0xFF, 0xF0, 0xE0, 0x07, 0x00, 0x00, 0x01, 0x80, 0x00, 0x00, 0xE0, 
    0x07, 0x00, 0x00, 0x01, 0x80, 0x00, 0x00, 0xE0, 0x07, 0x00, 0x00, 0x01, 0x80, 0x00, 0x00, 0xE0, 
    0x07, 0x00, 0x00, 0x01, 0x80, 0x00, 0x00, 0xE0, 0x07, 0x00, 0x00, 0x01, 0x80, 0x00, 0x00, 0xE0, 
    0x07, 0x0F, 0xFF, 0xC1, 0x83, 0xFF, 0xF0, 0xE0, 0x07, 0x0F, 0xFF, 0xC1, 0x83, 0xFF, 0xF0, 0xE0, 
    0x07, 0x00, 0x00, 0x01, 0x80, 0x00, 0x00, 0xE0, 0x07, 0x00, 0x00, 0x01, 0x80, 0x00, 0x00, 0xE0, 
    0x07, 0x00, 0x00, 0x01, 0x80, 0x00, 0x00, 0xE0, 0x07, 0x00, 0x00, 0x01, 0x80, 0x00, 0x00, 0xE0, 
    0x07, 0x0F, 0xFF, 0xF1, 0x8F, 0xFF, 0xFF, 0xE0, 0x07, 0xFF, 0xFF, 0xFF, 0xFF, 0xFF, 0xFF, 0xE0, 
    0x07, 0xFF, 0xFF, 0xFF, 0xFF, 0xFF, 0xFF, 0xE0, 0x07, 0x00, 0x00, 0x07, 0xE0, 0x00, 0x00, 0xE0, 
    0x07, 0x00, 0x00, 0x03, 0xC0, 0x00, 0x00, 0xE0, 0x07, 0x00, 0x00, 0x01, 0x80, 0x00, 0x00, 0xE0, 
    0x07, 0x00, 0x00, 0x01, 0x80, 0x00, 0x00, 0xE0, 0x07, 0x00, 0x00, 0x01, 0x80, 0x00, 0x00, 0xE0, 
    0x07, 0xFF, 0xFF, 0xFF, 0xFF, 0xFF, 0xFF, 0xE0, 0x03, 0xFF, 0xFF, 0xFF, 0xFF, 0xFF, 0xFF, 0xE0, 
    0x00, 0x00, 0x00, 0x00, 0x00, 0x00, 0x00, 0x00, 0x00, 0x00, 0x00, 0x00, 0x00, 0x00, 0x00, 0x00, 
    0x00, 0x00, 0x00, 0x00, 0x00, 0x00, 0x00, 0x00, 0x00, 0x00, 0x00, 0x00, 0x00, 0x00, 0x00, 0x00, 
    0x00, 0x00, 0x00, 0x00, 0x00, 0x00, 0x00, 0x00, 0x00, 0x00, 0x00, 0x00, 0x00, 0x00, 0x00, 0x00, 
    0x00, 0x00, 0x00, 0x00, 0x00, 0x00, 0x00, 0x00, 0x00, 0x00, 0x00, 0x00, 0x00, 0x00, 0x00, 0x00, 
    0x00, 0x00, 0x00, 0x00, 0x00, 0x00, 0x00, 0x00, 0x00, 0x00, 0x00, 0x00, 0x00, 0x00, 0x00, 0x00, 
      },
  {
    0x00, 0x00, 0x00, 0x00, 0x00, 0x00, 0x00, 0x00, 0x00, 0x00, 0x00, 0x00, 0x00, 0x00, 0x00, 0x00, 
    0x00, 0x00, 0x00, 0x00, 0x00, 0x00, 0x00, 0x00, 0x00, 0x00, 0x00, 0x00, 0x00, 0x00, 0x00, 0x00, 
    0x00, 0x00, 0x00, 0x00, 0x00, 0x00, 0x00, 0x00, 0x00, 0x00, 0x00, 0x00, 0x00, 0x00, 0x00, 0x00, 
    0x00, 0x00, 0x00, 0x00, 0x00, 0x00, 0x00, 0x00, 0x00, 0x00, 0x00, 0x00, 0x00, 0x00, 0x00, 0x00, 
    0x00, 0x00, 0x00, 0x00, 0x00, 0x00, 0x00, 0x00, 0x00, 0x00, 0x00, 0x00, 0x00, 0x00, 0x00, 0x00, 
    0x00, 0x00, 0x00, 0x60, 0x1F, 0xFF, 0xFF, 0xC0, 0x07, 0xFF, 0xFF, 0xFC, 0x7F, 0xFF, 0xFF, 0xC0, 
    0x07, 0xFF, 0xFF, 0xFE, 0xFF, 0xF8, 0x00, 0xC0, 0x06, 0x00, 0x00, 0x07, 0xC0, 0x00, 0x00, 0xC0, 
    0x06, 0x00, 0x00, 0x03, 0x80, 0x00, 0x00, 0xC0, 0x06, 0x00, 0x00, 0x03, 0x80, 0x00, 0x00, 0xC0, 
    0x06, 0x00, 0x00, 0x03, 0x80, 0x00, 0x00, 0xC0, 0x06, 0x00, 0x7F, 0x83, 0x83, 0xFF, 0xE0, 0xC0, 
    0x06, 0x0F, 0xFF, 0xC3, 0x87, 0xFF, 0xF0, 0xC0, 0x06, 0x0F, 0xFF, 0xC1, 0x87, 0x00, 0x70, 0xC0, 
    0x06, 0x0C, 0x00, 0xC1, 0x87, 0x00, 0x70, 0xC0, 0x06, 0x0C, 0x00, 0xC1, 0x87, 0x00, 0x70, 0xE0, 
    0x06, 0x0C, 0x00, 0xC1, 0x87, 0x00, 0x70, 0xE0, 0x06, 0x0C, 0x00, 0xC1, 0x87, 0x00, 0x70, 0xE0, 
    0x07, 0x0F, 0xFF, 0xC1, 0x87, 0xFF, 0xF0, 0xE0, 0x07, 0x0F, 0xFF, 0xC1, 0x83, 0xFF, 0xE0, 0xE0, 
    0x07, 0x0F, 0xFF, 0x81, 0x80, 0x00, 0x00, 0xE0, 0x07, 0x00, 0x00, 0x01, 0x80, 0x00, 0x00, 0xE0, 
    0x07, 0x00, 0x00, 0x01, 0x80, 0x00, 0x00, 0xE0, 0x07, 0x00, 0x00, 0x01, 0x80, 0x00, 0x00, 0xE0, 
    0x07, 0x00, 0x00, 0x01, 0x80, 0x07, 0xE0, 0xE0, 0x07, 0x07, 0xFF, 0xC1, 0x83, 0xFF, 0xF0, 0xE0, 
    0x07, 0x0F, 0xFF, 0xC1, 0x83, 0xFF, 0xE0, 0xE0, 0x07, 0x07, 0xE0, 0x01, 0x80, 0x00, 0x00, 0xE0, 
    0x07, 0x00, 0x00, 0x01, 0x80, 0x00, 0x00, 0xE0, 0x07, 0x00, 0x00, 0x01, 0x80, 0x00, 0x00, 0xE0, 
    0x07, 0x00, 0x00, 0x01, 0x80, 0x00, 0x00, 0xE0, 0x07, 0x00, 0x00, 0x01, 0x81, 0xFF, 0xF0, 0xE0, 
    0x07, 0x07, 0xFF, 0xC1, 0x83, 0xFF, 0xF0, 0xE0, 0x07, 0x0F, 0xFF, 0xC1, 0x83, 0xFF, 0xE0, 0xE0, 
    0x07, 0x00, 0x00, 0x01, 0x80, 0x00, 0x00, 0x60, 0x07, 0x00, 0x00, 0x01, 0x80, 0x00, 0x00, 0x60, 
    0x07, 0x00, 0x00, 0x01, 0x80, 0x00, 0x00, 0x60, 0x03, 0x00, 0x00, 0x01, 0x80, 0x00, 0x00, 0x60, 
    0x03, 0x00, 0x00, 0x01, 0x8F, 0xFF, 0xFF, 0xE0, 0x03, 0xFF, 0xFF, 0xFF, 0xFF, 0xFF, 0xFF, 0xE0, 
    0x03, 0xFF, 0xFF, 0xFF, 0xFF, 0xFE, 0x00, 0x60, 0x03, 0x00, 0x00, 0x07, 0xE0, 0x00, 0x00, 0x60, 
    0x03, 0x00, 0x00, 0x03, 0xC0, 0x00, 0x00, 0x60, 0x03, 0x00, 0x00, 0x01, 0xC0, 0x00, 0x00, 0x60, 
    0x03, 0x00, 0x00, 0x01, 0xC0, 0x00, 0x00, 0x60, 0x03, 0x00, 0x00, 0x01, 0xC0, 0x3F, 0xFF, 0xE0, 
    0x03, 0xFF, 0xFF, 0xFF, 0xFF, 0xFF, 0xFF, 0xE0, 0x03, 0xFF, 0xFF, 0xFF, 0xFF, 0xFF, 0xFF, 0xC0, 
    0x01, 0xFF, 0x00, 0x00, 0x00, 0x00, 0x00, 0x00, 0x00, 0x00, 0x00, 0x00, 0x00, 0x00, 0x00, 0x00, 
    0x00, 0x00, 0x00, 0x00, 0x00, 0x00, 0x00, 0x00, 0x00, 0x00, 0x00, 0x00, 0x00, 0x00, 0x00, 0x00, 
    0x00, 0x00, 0x00, 0x00, 0x00, 0x00, 0x00, 0x00, 0x00, 0x00, 0x00, 0x00, 0x00, 0x00, 0x00, 0x00, 
    0x00, 0x00, 0x00, 0x00, 0x00, 0x00, 0x00, 0x00, 0x00, 0x00, 0x00, 0x00, 0x00, 0x00, 0x00, 0x00, 
    0x00, 0x00, 0x00, 0x00, 0x00, 0x00, 0x00, 0x00, 0x00, 0x00, 0x00, 0x00, 0x00, 0x00, 0x00, 0x00, 
      },
  {
    0x00, 0x00, 0x00, 0x00, 0x00, 0x00, 0x00, 0x00, 0x00, 0x00, 0x00, 0x00, 0x00, 0x00, 0x00, 0x00, 
    0x00, 0x00, 0x00, 0x00, 0x00, 0x00, 0x00, 0x00, 0x00, 0x00, 0x00, 0x00, 0x00, 0x00, 0x00, 0x00, 
    0x00, 0x00, 0x00, 0x00, 0x00, 0x00, 0x00, 0x00, 0x00, 0x00, 0x00, 0x00, 0x00, 0x00, 0x00, 0x00, 
    0x00, 0x00, 0x00, 0x00, 0x00, 0x00, 0x00, 0x00, 0x00, 0x00, 0x00, 0x00, 0x00, 0x00, 0x00, 0x00, 
    0x00, 0x00, 0x00, 0x00, 0x00, 0x00, 0x00, 0x00, 0x00, 0x00, 0x00, 0x00, 0x00, 0x00, 0xFF, 0x80, 
    0x00, 0x00, 0x00, 0x00, 0x3F, 0xFF, 0xFF, 0xC0, 0x00, 0x1F, 0xFF, 0xF8, 0xFF, 0xFF, 0xFF, 0xC0, 
    0x0F, 0xFF, 0xFF, 0xFD, 0xF8, 0x00, 0x01, 0xC0, 0x0F, 0xFF, 0xC0, 0x0F, 0xC0, 0x00, 0x01, 0xC0, 
    0x0E, 0x00, 0x00, 0x07, 0x80, 0x00, 0x01, 0xC0, 0x0E, 0x00, 0x00, 0x03, 0x00, 0x00, 0x01, 0xC0, 
    0x0E, 0x00, 0x00, 0x03, 0x00, 0x0F, 0xE0, 0xC0, 0x0E, 0x00, 0x00, 0x03, 0x07, 0xFF, 0xE0, 0xC0, 
    0x06, 0x0F, 0xFF, 0xC3, 0x07, 0xFF, 0xE0, 0xC0, 0x06, 0x1F, 0xFF, 0xC3, 0x86, 0x00, 0x60, 0xC0, 
    0x06, 0x1E, 0x01, 0xC3, 0x86, 0x00, 0x60, 0xC0, 0x06, 0x1C, 0x01, 0xC3, 0x86, 0x00, 0x60, 0xC0, 
    0x06, 0x0C, 0x01, 0xC3, 0x86, 0x00, 0x60, 0xC0, 0x06, 0x0C, 0x00, 0xC3, 0x87, 0x7F, 0xF0, 0xC0, 
    0x06, 0x0C, 0x03, 0xC3, 0x87, 0xFF, 0xE0, 0xC0, 0x06, 0x0F, 0xFF, 0xC3, 0x83, 0xFF, 0x00, 0xC0, 
    0x06, 0x0F, 0xFF, 0x81, 0x80, 0x00, 0x00, 0xC0, 0x06, 0x00, 0x00, 0x01, 0x80, 0x00, 0x00, 0xE0, 
    0x06, 0x00, 0x00, 0x01, 0x80, 0x00, 0x00, 0xE0, 0x06, 0x00, 0x00, 0x01, 0x80, 0x00, 0x00, 0xE0, 
    0x07, 0x00, 0x00, 0x01, 0x81, 0xFF, 0xF0, 0xE0, 0x07, 0x00, 0x1F, 0xC1, 0x83, 0xFF, 0xF0, 0xE0, 
    0x07, 0x0F, 0xFF, 0xC1, 0x83, 0xF8, 0x00, 0xE0, 0x07, 0x0F, 0xFF, 0x81, 0x80, 0x00, 0x00, 0xE0, 
    0x07, 0x00, 0x00, 0x01, 0x80, 0x00, 0x00, 0x60, 0x07, 0x00, 0x00, 0x01, 0x80, 0x00, 0x00, 0x60, 
    0x07, 0x00, 0x00, 0x01, 0x80, 0x00, 0x00, 0x60, 0x03, 0x00, 0x00, 0x01, 0x81, 0xFF, 0xF0, 0x60, 
    0x03, 0x00, 0xFF, 0xC1, 0xC3, 0xFF, 0xF0, 0x60, 0x03, 0x07, 0xFF, 0xE1, 0xC1, 0x80, 0x00, 0x60, 
    0x03, 0x07, 0xFE, 0x01, 0xC0, 0x00, 0x00, 0x60, 0x03, 0x00, 0x00, 0x01, 0xC0, 0x00, 0x00, 0x60, 
    0x03, 0x00, 0x00, 0x01, 0xC0, 0x00, 0x00, 0x60, 0x03, 0x00, 0x00, 0x01, 0xC0, 0x00, 0x3F, 0xE0, 
    0x03, 0x00, 0x00, 0x00, 0xCF, 0xFF, 0xFF, 0xE0, 0x03, 0x0F, 0xFF, 0xFF, 0xFF, 0xFF, 0xFF, 0xE0, 
    0x03, 0xFF, 0xFF, 0xFF, 0xFC, 0x00, 0x00, 0x70, 0x03, 0xFF, 0xF0, 0x03, 0xF0, 0x00, 0x00, 0x70, 
    0x03, 0x80, 0x00, 0x01, 0xE0, 0x00, 0x00, 0x70, 0x03, 0x80, 0x00, 0x00, 0xC0, 0x00, 0x00, 0x70, 
    0x03, 0x80, 0x00, 0x00, 0xC0, 0x00, 0x00, 0xF0, 0x03, 0x80, 0x00, 0x00, 0xC7, 0xFF, 0xFF, 0xF0, 
    0x03, 0x80, 0x3F, 0xFF, 0xFF, 0xFF, 0xFF, 0xE0, 0x03, 0xFF, 0xFF, 0xFF, 0xFF, 0xF0, 0x00, 0x00, 
    0x03, 0xFF, 0xFF, 0xC0, 0x00, 0x00, 0x00, 0x00, 0x00, 0x00, 0x00, 0x00, 0x00, 0x00, 0x00, 0x00, 
    0x00, 0x00, 0x00, 0x00, 0x00, 0x00, 0x00, 0x00, 0x00, 0x00, 0x00, 0x00, 0x00, 0x00, 0x00, 0x00, 
    0x00, 0x00, 0x00, 0x00, 0x00, 0x00, 0x00, 0x00, 0x00, 0x00, 0x00, 0x00, 0x00, 0x00, 0x00, 0x00, 
    0x00, 0x00, 0x00, 0x00, 0x00, 0x00, 0x00, 0x00, 0x00, 0x00, 0x00, 0x00, 0x00, 0x00, 0x00, 0x00, 
    0x00, 0x00, 0x00, 0x00, 0x00, 0x00, 0x00, 0x00, 0x00, 0x00, 0x00, 0x00, 0x00, 0x00, 0x00, 0x00, 
      },
  {
    0x00, 0x00, 0x00, 0x00, 0x00, 0x00, 0x00, 0x00, 0x00, 0x00, 0x00, 0x00, 0x00, 0x00, 0x00, 0x00, 
    0x00, 0x00, 0x00, 0x00, 0x00, 0x00, 0x00, 0x00, 0x00, 0x00, 0x00, 0x00, 0x00, 0x00, 0x00, 0x00, 
    0x00, 0x00, 0x00, 0x00, 0x00, 0x00, 0x00, 0x00, 0x00, 0x00, 0x00, 0x00, 0x00, 0x00, 0x00, 0x00, 
    0x00, 0x00, 0x00, 0x00, 0x00, 0x00, 0x00, 0x00, 0x00, 0x00, 0x00, 0x00, 0x00, 0x00, 0x00, 0x00, 
    0x00, 0x00, 0x00, 0x00, 0x00, 0x00, 0x3F, 0x00, 0x00, 0x00, 0x00, 0x00, 0x00, 0xFF, 0xFF, 0x80, 
    0x00, 0x00, 0x00, 0x00, 0x7F, 0xFF, 0xFF, 0x80, 0x00, 0x00, 0x0F, 0xF1, 0xFF, 0xF0, 0x03, 0x80, 
    0x00, 0x7F, 0xFF, 0xF9, 0xE0, 0x00, 0x01, 0x80, 0x0F, 0xFF, 0xFF, 0x3F, 0x80, 0x00, 0x01, 0x80, 
    0x1F, 0xF8, 0x00, 0x0F, 0x00, 0x00, 0x01, 0x80, 0x0C, 0x00, 0x00, 0x07, 0x00, 0x00, 0x01, 0x80, 
    0x0C, 0x00, 0x00, 0x07, 0x01, 0xFF, 0xC1, 0x80, 0x0C, 0x00, 0x00, 0x07, 0x0F, 0xFF, 0xE1, 0x80, 
    0x0C, 0x00, 0x3F, 0x87, 0x0F, 0xC0, 0xE1, 0xC0, 0x0C, 0x1F, 0xFF, 0x83, 0x0E, 0x00, 0xE1, 0xC0, 
    0x0C, 0x1F, 0xFD, 0x83, 0x06, 0x00, 0xE1, 0xC0, 0x0E, 0x1C, 0x01, 0x83, 0x06, 0x00, 0x61, 0xC0, 
    0x0E, 0x18, 0x01, 0x83, 0x06, 0x01, 0xE0, 0xC0, 0x0E, 0x1C, 0x01, 0xC3, 0x07, 0xFF, 0xE0, 0xC0, 
    0x0E, 0x1C, 0x01, 0xC3, 0x07, 0xFF, 0xC0, 0xC0, 0x06, 0x1C, 0x7F, 0xC3, 0x83, 0x80, 0x00, 0xC0, 
    0x06, 0x1F, 0xFF, 0xC3, 0x80, 0x00, 0x00, 0xC0, 0x06, 0x0F, 0xF0, 0x03, 0x80, 0x00, 0x00, 0xC0, 
    0x06, 0x00, 0x00, 0x03, 0x80, 0x00, 0x00, 0xC0, 0x06, 0x00, 0x00, 0x01, 0x80, 0x07, 0xF0, 0xE0, 
    0x06, 0x00, 0x00, 0x01, 0x83, 0xFF, 0xF0, 0xE0, 0x06, 0x00, 0x00, 0x01, 0x83, 0xFF, 0x80, 0xE0, 
    0x07, 0x01, 0xFF, 0xC1, 0x80, 0x00, 0x00, 0x60, 0x07, 0x0F, 0xFF, 0xC1, 0x80, 0x00, 0x00, 0x60, 
    0x07, 0x0F, 0xE0, 0x01, 0x80, 0x00, 0x00, 0x60, 0x03, 0x00, 0x00, 0x01, 0xC0, 0x00, 0x00, 0x60, 
    0x03, 0x00, 0x00, 0x01, 0xC0, 0x0F, 0xF0, 0x60, 0x03, 0x00, 0x00, 0x01, 0xC3, 0xFF, 0xF0, 0x60, 
    0x03, 0x00, 0x01, 0xE1, 0xC3, 0xFF, 0x00, 0x60, 0x03, 0x03, 0xFF, 0xE0, 0xC0, 0x00, 0x00, 0x70, 
    0x03, 0x07, 0xFF, 0xC0, 0xC0, 0x00, 0x00, 0x70, 0x03, 0x07, 0x80, 0x00, 0xC0, 0x00, 0x00, 0x70, 
    0x03, 0x80, 0x00, 0x00, 0xC0, 0x00, 0x0F, 0xF0, 0x03, 0x80, 0x00, 0x00, 0xC0, 0x3F, 0xFF, 0xF0, 
    0x03, 0x80, 0x00, 0x00, 0xCF, 0xFF, 0xFF, 0x70, 0x03, 0x80, 0x03, 0xFE, 0xFF, 0xFC, 0x00, 0x30, 
    0x01, 0x8F, 0xFF, 0xFF, 0xF8, 0x00, 0x00, 0x30, 0x01, 0xFF, 0xFF, 0xC3, 0xF0, 0x00, 0x00, 0x30, 
    0x01, 0xFF, 0x00, 0x00, 0xE0, 0x00, 0x00, 0x30, 0x01, 0x80, 0x00, 0x00, 0xE0, 0x00, 0x00, 0xF8, 
    0x01, 0x80, 0x00, 0x00, 0x60, 0x03, 0xFF, 0xF8, 0x01, 0x80, 0x00, 0x00, 0x7F, 0xFF, 0xFF, 0xE0, 
    0x01, 0xC0, 0x00, 0x7F, 0xFF, 0xFF, 0xC0, 0x00, 0x01, 0xC1, 0xFF, 0xFF, 0xFE, 0x00, 0x00, 0x00, 
    0x01, 0xFF, 0xFF, 0xF8, 0x00, 0x00, 0x00, 0x00, 0x00, 0xFF, 0xE0, 0x00, 0x00, 0x00, 0x00, 0x00, 
    0x00, 0x00, 0x00, 0x00, 0x00, 0x00, 0x00, 0x00, 0x00, 0x00, 0x00, 0x00, 0x00, 0x00, 0x00, 0x00, 
    0x00, 0x00, 0x00, 0x00, 0x00, 0x00, 0x00, 0x00, 0x00, 0x00, 0x00, 0x00, 0x00, 0x00, 0x00, 0x00, 
    0x00, 0x00, 0x00, 0x00, 0x00, 0x00, 0x00, 0x00, 0x00, 0x00, 0x00, 0x00, 0x00, 0x00, 0x00, 0x00, 
    0x00, 0x00, 0x00, 0x00, 0x00, 0x00, 0x00, 0x00, 0x00, 0x00, 0x00, 0x00, 0x00, 0x00, 0x00, 0x00, 
      },
  {
    0x00, 0x00, 0x00, 0x00, 0x00, 0x00, 0x00, 0x00, 0x00, 0x00, 0x00, 0x00, 0x00, 0x00, 0x00, 0x00, 
    0x00, 0x00, 0x00, 0x00, 0x00, 0x00, 0x00, 0x00, 0x00, 0x00, 0x00, 0x00, 0x00, 0x00, 0x00, 0x00, 
    0x00, 0x00, 0x00, 0x00, 0x00, 0x00, 0x00, 0x00, 0x00, 0x00, 0x00, 0x00, 0x00, 0x00, 0x00, 0x00, 
    0x00, 0x00, 0x00, 0x00, 0x00, 0x00, 0x00, 0x00, 0x00, 0x00, 0x00, 0x00, 0x00, 0x00, 0x3E, 0x00, 
    0x00, 0x00, 0x00, 0x00, 0x00, 0x1F, 0xFF, 0x00, 0x00, 0x00, 0x00, 0x00, 0x0F, 0xFF, 0xFF, 0x00, 
    0x00, 0x00, 0x00, 0x00, 0xFF, 0xFC, 0x07, 0x00, 0x00, 0x00, 0x01, 0xC1, 0xFE, 0x00, 0x07, 0x00, 
    0x00, 0x00, 0xFF, 0xF3, 0x80, 0x00, 0x07, 0x00, 0x00, 0x7F, 0xFF, 0xFF, 0x00, 0x00, 0x07, 0x00, 
    0x1F, 0xFF, 0xE0, 0x1E, 0x00, 0x00, 0x03, 0x00, 0x1F, 0xF0, 0x00, 0x0E, 0x00, 0x1F, 0x83, 0x80, 
    0x18, 0x00, 0x00, 0x0E, 0x0F, 0xFF, 0xC3, 0x80, 0x18, 0x00, 0x00, 0x06, 0x1F, 0xF9, 0xC3, 0x80, 
    0x18, 0x00, 0x03, 0x06, 0x0C, 0x01, 0xC3, 0x80, 0x1C, 0x01, 0xFF, 0x06, 0x0C, 0x00, 0xC3, 0x80, 
    0x1C, 0x1F, 0xFF, 0x87, 0x0C, 0x00, 0xC3, 0x80, 0x1C, 0x3F, 0xC3, 0x87, 0x0C, 0x00, 0xC1, 0x80, 
    0x0C, 0x38, 0x01, 0x87, 0x0E, 0x3F, 0xC1, 0xC0, 0x0C, 0x18, 0x01, 0x83, 0x0F, 0xFF, 0xC1, 0xC0, 
    0x0C, 0x18, 0x01, 0x83, 0x07, 0xF0, 0x01, 0xC0, 0x0C, 0x18, 0x07, 0x83, 0x00, 0x00, 0x01, 0xC0, 
    0x0E, 0x1D, 0xFF, 0x83, 0x00, 0x00, 0x01, 0xC0, 0x0E, 0x1F, 0xFF, 0x03, 0x80, 0x00, 0x01, 0xC0, 
    0x0E, 0x0F, 0x80, 0x03, 0x80, 0x00, 0xE0, 0xC0, 0x06, 0x00, 0x00, 0x03, 0x80, 0x7F, 0xE0, 0xE0, 
    0x06, 0x00, 0x00, 0x01, 0x83, 0xFF, 0xC0, 0xE0, 0x06, 0x00, 0x00, 0x01, 0x83, 0xF0, 0x00, 0xE0, 
    0x06, 0x00, 0x0F, 0xC1, 0x80, 0x00, 0x00, 0xE0, 0x07, 0x03, 0xFF, 0xC1, 0x80, 0x00, 0x00, 0xE0, 
    0x07, 0x0F, 0xFE, 0x01, 0xC0, 0x00, 0x00, 0xE0, 0x03, 0x07, 0x00, 0x01, 0xC0, 0x01, 0xF0, 0x70, 
    0x03, 0x00, 0x00, 0x01, 0xC0, 0xFF, 0xF0, 0x70, 0x03, 0x00, 0x00, 0x00, 0xC3, 0xFF, 0xC0, 0x70, 
    0x03, 0x00, 0x00, 0x00, 0xC1, 0xE0, 0x00, 0x70, 0x03, 0x00, 0x0F, 0xE0, 0xC0, 0x00, 0x00, 0x70, 
    0x03, 0x83, 0xFF, 0xE0, 0xC0, 0x00, 0x00, 0x70, 0x03, 0x87, 0xFC, 0x00, 0xE0, 0x00, 0x07, 0xF0, 
    0x01, 0x82, 0x00, 0x00, 0xE0, 0x03, 0xFF, 0xF8, 0x01, 0x80, 0x00, 0x00, 0xE1, 0xFF, 0xFF, 0x38, 
    0x01, 0x80, 0x00, 0x00, 0x6F, 0xFF, 0x80, 0x38, 0x01, 0x80, 0x00, 0x3F, 0x7F, 0xC0, 0x00, 0x18, 
    0x01, 0xC0, 0x1F, 0xFF, 0xFC, 0x00, 0x00, 0x18, 0x01, 0xCF, 0xFF, 0xF1, 0xF8, 0x00, 0x00, 0x18, 
    0x01, 0xFF, 0xF8, 0x00, 0xF0, 0x00, 0x00, 0xF8, 0x00, 0xFE, 0x00, 0x00, 0x70, 0x00, 0x7F, 0xF8, 
    0x00, 0xC0, 0x00, 0x00, 0x30, 0x3F, 0xFF, 0xC0, 0x00, 0xC0, 0x00, 0x00, 0x3F, 0xFF, 0xE0, 0x00, 
    0x00, 0xC0, 0x00, 0x0F, 0xFF, 0xF8, 0x00, 0x00, 0x00, 0xE0, 0x03, 0xFF, 0xFC, 0x00, 0x00, 0x00, 
    0x00, 0xE1, 0xFF, 0xFE, 0x00, 0x00, 0x00, 0x00, 0x00, 0xFF, 0xFF, 0x00, 0x00, 0x00, 0x00, 0x00, 
    0x00, 0x7F, 0x80, 0x00, 0x00, 0x00, 0x00, 0x00, 0x00, 0x60, 0x00, 0x00, 0x00, 0x00, 0x00, 0x00, 
    0x00, 0x00, 0x00, 0x00, 0x00, 0x00, 0x00, 0x00, 0x00, 0x00, 0x00, 0x00, 0x00, 0x00, 0x00, 0x00, 
    0x00, 0x00, 0x00, 0x00, 0x00, 0x00, 0x00, 0x00, 0x00, 0x00, 0x00, 0x00, 0x00, 0x00, 0x00, 0x00, 
    0x00, 0x00, 0x00, 0x00, 0x00, 0x00, 0x00, 0x00, 0x00, 0x00, 0x00, 0x00, 0x00, 0x00, 0x00, 0x00, 
      },
  {
    0x00, 0x00, 0x00, 0x00, 0x00, 0x00, 0x00, 0x00, 0x00, 0x00, 0x00, 0x00, 0x00, 0x00, 0x00, 0x00, 
    0x00, 0x00, 0x00, 0x00, 0x00, 0x00, 0x00, 0x00, 0x00, 0x00, 0x00, 0x00, 0x00, 0x00, 0x00, 0x00, 
    0x00, 0x00, 0x00, 0x00, 0x00, 0x00, 0x00, 0x00, 0x00, 0x00, 0x00, 0x00, 0x00, 0x00, 0x00, 0x00, 
    0x00, 0x00, 0x00, 0x00, 0x00, 0x00, 0x7C, 0x00, 0x00, 0x00, 0x00, 0x00, 0x00, 0x0F, 0xFE, 0x00, 
    0x00, 0x00, 0x00, 0x00, 0x01, 0xFF, 0xFE, 0x00, 0x00, 0x00, 0x00, 0x00, 0x1F, 0xFC, 0x1E, 0x00, 
    0x00, 0x00, 0x00, 0x01, 0xFF, 0x80, 0x1E, 0x00, 0x00, 0x00, 0x00, 0x03, 0xF8, 0x00, 0x1E, 0x00, 
    0x00, 0x00, 0x1F, 0xE7, 0x00, 0x00, 0x1F, 0x00, 0x00, 0x07, 0xFF, 0xFE, 0x00, 0x00, 0x1F, 0x00, 
    0x00, 0xFF, 0xF8, 0x3E, 0x00, 0x06, 0x0F, 0x00, 0x1F, 0xFE, 0x00, 0x1C, 0x00, 0xFF, 0x0F, 0x00, 
    0x3F, 0xC0, 0x00, 0x0C, 0x1F, 0xFF, 0x0F, 0x00, 0x38, 0x00, 0x00, 0x0E, 0x1F, 0xC3, 0x0F, 0x80, 
    0x38, 0x00, 0x00, 0x0E, 0x18, 0x03, 0x0F, 0x80, 0x18, 0x00, 0x3F, 0x0E, 0x18, 0x03, 0x87, 0x80, 
    0x18, 0x07, 0xFF, 0x06, 0x1C, 0x01, 0x87, 0x80, 0x18, 0x3F, 0xF3, 0x06, 0x1C, 0x07, 0x87, 0x80, 
    0x18, 0x3E, 0x03, 0x86, 0x0D, 0xFF, 0x87, 0x80, 0x1C, 0x38, 0x03, 0x87, 0x0F, 0xFE, 0x07, 0xC0, 
    0x1C, 0x38, 0x01, 0x87, 0x0F, 0xC0, 0x03, 0xC0, 0x0C, 0x18, 0x03, 0x83, 0x00, 0x00, 0x03, 0xC0, 
    0x0C, 0x18, 0x3F, 0x83, 0x00, 0x00, 0x03, 0xC0, 0x0C, 0x1F, 0xFF, 0x83, 0x00, 0x00, 0x03, 0xC0, 
    0x0E, 0x1F, 0xF0, 0x03, 0x80, 0x07, 0xC3, 0xE0, 0x0E, 0x0C, 0x00, 0x03, 0x81, 0xFF, 0xC3, 0xE0, 
    0x06, 0x00, 0x00, 0x01, 0x87, 0xFE, 0x01, 0xE0, 0x06, 0x00, 0x00, 0x01, 0x87, 0x80, 0x01, 0xE0, 
    0x06, 0x00, 0x01, 0xC1, 0x80, 0x00, 0x01, 0xE0, 0x07, 0x00, 0x7F, 0xC1, 0x80, 0x00, 0x01, 0xE0, 
    0x07, 0x07, 0xFF, 0x81, 0xC0, 0x00, 0x61, 0xF0, 0x07, 0x0F, 0xF0, 0x01, 0xC0, 0x0F, 0xF0, 0xF0, 
    0x03, 0x04, 0x00, 0x00, 0xC1, 0xFF, 0xE0, 0xF0, 0x03, 0x00, 0x00, 0x00, 0xC3, 0xFC, 0x00, 0xF0, 
    0x03, 0x00, 0x00, 0x00, 0xC1, 0x80, 0x00, 0xF0, 0x03, 0x80, 0x03, 0xF0, 0xE0, 0x00, 0x00, 0xF8, 
    0x03, 0x80, 0x7F, 0xF0, 0xE0, 0x00, 0x00, 0xF8, 0x01, 0x83, 0xFF, 0x80, 0x60, 0x00, 0x3F, 0xF8, 
    0x01, 0x83, 0xE0, 0x00, 0x60, 0x0F, 0xFF, 0xF8, 0x01, 0x80, 0x00, 0x00, 0x63, 0xFF, 0xF0, 0x18, 
    0x01, 0xC0, 0x00, 0x00, 0x67, 0xFC, 0x00, 0x18, 0x01, 0xC0, 0x00, 0x1F, 0xFF, 0x00, 0x00, 0x1C, 
    0x00, 0xC0, 0x03, 0xFF, 0xFC, 0x00, 0x00, 0x1C, 0x00, 0xC0, 0xFF, 0xFD, 0xF8, 0x00, 0x00, 0x7C, 
    0x00, 0xFF, 0xFF, 0x00, 0x78, 0x00, 0x1F, 0xFC, 0x00, 0xFF, 0xE0, 0x00, 0x38, 0x03, 0xFF, 0xE0, 
    0x00, 0xF8, 0x00, 0x00, 0x38, 0x7F, 0xFC, 0x00, 0x00, 0xE0, 0x00, 0x00, 0x3F, 0xFF, 0x00, 0x00, 
    0x00, 0x60, 0x00, 0x03, 0xFF, 0xE0, 0x00, 0x00, 0x00, 0x60, 0x00, 0xFF, 0xF8, 0x00, 0x00, 0x00, 
    0x00, 0x60, 0x1F, 0xFF, 0x00, 0x00, 0x00, 0x00, 0x00, 0x77, 0xFF, 0xE0, 0x00, 0x00, 0x00, 0x00, 
    0x00, 0x7F, 0xF8, 0x00, 0x00, 0x00, 0x00, 0x00, 0x00, 0x3F, 0x00, 0x00, 0x00, 0x00, 0x00, 0x00, 
    0x00, 0x00, 0x00, 0x00, 0x00, 0x00, 0x00, 0x00, 0x00, 0x00, 0x00, 0x00, 0x00, 0x00, 0x00, 0x00, 
    0x00, 0x00, 0x00, 0x00, 0x00, 0x00, 0x00, 0x00, 0x00, 0x00, 0x00, 0x00, 0x00, 0x00, 0x00, 0x00, 
    0x00, 0x00, 0x00, 0x00, 0x00, 0x00, 0x00, 0x00, 0x00, 0x00, 0x00, 0x00, 0x00, 0x00, 0x00, 0x00, 
      },
  {
    0x00, 0x00, 0x00, 0x00, 0x00, 0x00, 0x00, 0x00, 0x00, 0x00, 0x00, 0x00, 0x00, 0x00, 0x00, 0x00, 
    0x00, 0x00, 0x00, 0x00, 0x00, 0x00, 0x00, 0x00, 0x00, 0x00, 0x00, 0x00, 0x00, 0x00, 0x00, 0x00, 
    0x00, 0x00, 0x00, 0x00, 0x00, 0x00, 0x00, 0x00, 0x00, 0x00, 0x00, 0x00, 0x00, 0x00, 0x00, 0x00, 
    0x00, 0x00, 0x00, 0x00, 0x00, 0x07, 0xFC, 0x00, 0x00, 0x00, 0x00, 0x00, 0x00, 0x7F, 0xFC, 0x00, 
    0x00, 0x00, 0x00, 0x00, 0x03, 0xFE, 0xEC, 0x00, 0x00, 0x00, 0x00, 0x00, 0x3F, 0xE0, 0xEE, 0x00, 
    0x00, 0x00, 0x00, 0x03, 0xFE, 0x00, 0x6E, 0x00, 0x00, 0x00, 0x00, 0x07, 0xE0, 0x00, 0x66, 0x00, 
    0x00, 0x00, 0x0F, 0xE7, 0x00, 0x00, 0x66, 0x00, 0x00, 0x01, 0xFF, 0xFE, 0x00, 0x00, 0x76, 0x00, 
    0x00, 0x3F, 0xFC, 0x3C, 0x00, 0x08, 0x77, 0x00, 0x07, 0xFF, 0x80, 0x1C, 0x01, 0xFC, 0x37, 0x00, 
    0x3F, 0xF0, 0x00, 0x1C, 0x3F, 0xFC, 0x33, 0x00, 0x3E, 0x00, 0x00, 0x0C, 0x3F, 0x8C, 0x33, 0x00, 
    0x30, 0x00, 0x00, 0x0C, 0x38, 0x0E, 0x3B, 0x00, 0x38, 0x00, 0x1F, 0x0E, 0x30, 0x0E, 0x3B, 0x80, 
    0x38, 0x01, 0xFF, 0x0E, 0x38, 0x06, 0x1B, 0x80, 0x18, 0x3F, 0xFF, 0x06, 0x18, 0x1E, 0x19, 0x80, 
    0x18, 0x3F, 0x83, 0x06, 0x1B, 0xFE, 0x19, 0x80, 0x18, 0x38, 0x03, 0x06, 0x1F, 0xF8, 0x1D, 0xC0, 
    0x1C, 0x30, 0x03, 0x87, 0x1F, 0x80, 0x1D, 0xC0, 0x1C, 0x38, 0x03, 0x87, 0x00, 0x00, 0x0C, 0xC0, 
    0x0C, 0x18, 0x1F, 0x83, 0x00, 0x00, 0x0C, 0xC0, 0x0C, 0x1B, 0xFF, 0x83, 0x00, 0x00, 0x0C, 0xC0, 
    0x0C, 0x1F, 0xF8, 0x03, 0x00, 0x1F, 0x8E, 0xE0, 0x0E, 0x1F, 0x00, 0x03, 0x83, 0xFF, 0x0E, 0xE0, 
    0x0E, 0x00, 0x00, 0x03, 0x87, 0xF8, 0x06, 0x60, 0x06, 0x00, 0x00, 0x01, 0x87, 0x00, 0x06, 0x60, 
    0x06, 0x00, 0x00, 0xC1, 0x80, 0x00, 0x06, 0x60, 0x06, 0x00, 0x1F, 0xC1, 0xC0, 0x00, 0x07, 0x70, 
    0x07, 0x03, 0xFF, 0xC1, 0xC0, 0x00, 0xC7, 0x70, 0x07, 0x07, 0xF8, 0x00, 0xC0, 0x1F, 0xC3, 0x30, 
    0x03, 0x07, 0x00, 0x00, 0xC1, 0xFF, 0x83, 0x30, 0x03, 0x00, 0x00, 0x00, 0xC3, 0xF8, 0x03, 0xB0, 
    0x03, 0x00, 0x00, 0x00, 0xE1, 0x00, 0x03, 0xB8, 0x03, 0x80, 0x01, 0xF0, 0xE0, 0x00, 0x01, 0xF8, 
    0x03, 0x80, 0x1F, 0xF0, 0x60, 0x00, 0x01, 0xF8, 0x01, 0x83, 0xFF, 0x80, 0x60, 0x00, 0x3F, 0xF8, 
    0x01, 0x83, 0xF8, 0x00, 0x60, 0x1F, 0xFF, 0x98, 0x01, 0xC1, 0x00, 0x00, 0x73, 0xFF, 0xF0, 0x1C, 
    0x01, 0xC0, 0x00, 0x00, 0x7F, 0xF8, 0x00, 0x1C, 0x00, 0xC0, 0x00, 0x0F, 0xFF, 0x00, 0x00, 0x0C, 
    0x00, 0xC0, 0x01, 0xFF, 0xFC, 0x00, 0x00, 0x1C, 0x00, 0xC0, 0x3F, 0xFD, 0xF8, 0x00, 0x01, 0xFC, 
    0x00, 0xE3, 0xFF, 0x80, 0x78, 0x00, 0x3F, 0xF8, 0x00, 0xFF, 0xF0, 0x00, 0x38, 0x07, 0xFF, 0x80, 
    0x00, 0x7F, 0x00, 0x00, 0x18, 0xFF, 0xF0, 0x00, 0x00, 0x60, 0x00, 0x00, 0x1F, 0xFE, 0x00, 0x00, 
    0x00, 0x60, 0x00, 0x03, 0xFF, 0xC0, 0x00, 0x00, 0x00, 0x70, 0x00, 0x3F, 0xF8, 0x00, 0x00, 0x00, 
    0x00, 0x70, 0x07, 0xFF, 0x00, 0x00, 0x00, 0x00, 0x00, 0x30, 0xFF, 0xF0, 0x00, 0x00, 0x00, 0x00, 
    0x00, 0x3F, 0xFE, 0x00, 0x00, 0x00, 0x00, 0x00, 0x00, 0x3F, 0xC0, 0x00, 0x00, 0x00, 0x00, 0x00, 
    0x00, 0x18, 0x00, 0x00, 0x00, 0x00, 0x00, 0x00, 0x00, 0x00, 0x00, 0x00, 0x00, 0x00, 0x00, 0x00, 
    0x00, 0x00, 0x00, 0x00, 0x00, 0x00, 0x00, 0x00, 0x00, 0x00, 0x00, 0x00, 0x00, 0x00, 0x00, 0x00, 
    0x00, 0x00, 0x00, 0x00, 0x00, 0x00, 0x00, 0x00, 0x00, 0x00, 0x00, 0x00, 0x00, 0x00, 0x00, 0x00, 
      },
  {
    0x00, 0x00, 0x00, 0x00, 0x00, 0x00, 0x00, 0x00, 0x00, 0x00, 0x00, 0x00, 0x00, 0x00, 0x00, 0x00, 
    0x00, 0x00, 0x00, 0x00, 0x00, 0x00, 0x00, 0x00, 0x00, 0x00, 0x00, 0x00, 0x00, 0x00, 0x00, 0x00, 
    0x00, 0x00, 0x00, 0x00, 0x00, 0x00, 0x00, 0x00, 0x00, 0x00, 0x00, 0x00, 0x00, 0x00, 0x00, 0x00, 
    0x00, 0x00, 0x00, 0x00, 0x00, 0x3F, 0xFC, 0x00, 0x00, 0x00, 0x00, 0x00, 0x01, 0xFF, 0xFC, 0x00, 
    0x00, 0x00, 0x00, 0x00, 0x0F, 0xF7, 0xCC, 0x00, 0x00, 0x00, 0x00, 0x00, 0x7F, 0x83, 0x0C, 0x00, 
    0x00, 0x00, 0x00, 0x03, 0xFC, 0x03, 0x0E, 0x00, 0x00, 0x00, 0x00, 0x07, 0xE0, 0x03, 0x0E, 0x00, 
    0x00, 0x00, 0x0F, 0xEE, 0x00, 0x03, 0x86, 0x00, 0x00, 0x01, 0xFF, 0xFC, 0x00, 0x03, 0x86, 0x00, 
    0x00, 0x1F, 0xFC, 0x7C, 0x00, 0x01, 0x87, 0x00, 0x03, 0xFF, 0x80, 0x1C, 0x03, 0xF1, 0x87, 0x00, 
    0x3F, 0xF8, 0x00, 0x1C, 0x3F, 0xF1, 0x83, 0x00, 0x3F, 0x00, 0x00, 0x0C, 0x7F, 0x71, 0xC3, 0x00, 
    0x30, 0x00, 0x00, 0x0C, 0x70, 0x31, 0xC3, 0x00, 0x30, 0x00, 0x0E, 0x0E, 0x70, 0x30, 0xC3, 0x80, 
    0x38, 0x01, 0xFF, 0x0E, 0x70, 0x38, 0xC3, 0x80, 0x38, 0x1F, 0xFF, 0x06, 0x30, 0x38, 0xE1, 0x80, 
    0x18, 0x3F, 0x83, 0x06, 0x33, 0xF8, 0xE1, 0x80, 0x18, 0x38, 0x03, 0x06, 0x3F, 0xF0, 0x61, 0x80, 
    0x18, 0x30, 0x03, 0x87, 0x3F, 0x00, 0x61, 0xC0, 0x1C, 0x38, 0x03, 0x87, 0x00, 0x00, 0x60, 0xC0, 
    0x1C, 0x38, 0x0F, 0x83, 0x00, 0x00, 0x70, 0xC0, 0x0C, 0x19, 0xFF, 0x83, 0x00, 0x00, 0x70, 0xC0, 
    0x0C, 0x1F, 0xFC, 0x03, 0x00, 0x1C, 0x30, 0xE0, 0x0E, 0x1F, 0x80, 0x03, 0x83, 0xFC, 0x30, 0xE0, 
    0x0E, 0x00, 0x00, 0x03, 0x8F, 0xF8, 0x30, 0x60, 0x06, 0x00, 0x00, 0x01, 0x8F, 0x00, 0x38, 0x60, 
    0x06, 0x00, 0x00, 0xC1, 0x80, 0x00, 0x38, 0x60, 0x06, 0x00, 0x1F, 0xE1, 0xC0, 0x00, 0x18, 0x70, 
    0x07, 0x01, 0xFF, 0xC1, 0xC0, 0x00, 0x18, 0x70, 0x07, 0x07, 0xF8, 0x00, 0xC0, 0x3F, 0x1C, 0x30, 
    0x03, 0x07, 0x80, 0x00, 0xC3, 0xFF, 0x1C, 0x30, 0x03, 0x00, 0x00, 0x00, 0xC7, 0xF0, 0x0C, 0x38, 
    0x03, 0x00, 0x00, 0x00, 0xE3, 0x00, 0x0C, 0x38, 0x03, 0x80, 0x00, 0xF0, 0xE0, 0x00, 0x0C, 0xF8, 
    0x01, 0x80, 0x1F, 0xF0, 0x60, 0x00, 0x0F, 0xF8, 0x01, 0x81, 0xFF, 0xC0, 0x60, 0x00, 0x0F, 0xD8, 
    0x01, 0x83, 0xF8, 0x00, 0x60, 0x0F, 0xFE, 0x1C, 0x01, 0xC3, 0x80, 0x00, 0x73, 0xFF, 0xFE, 0x1C, 
    0x01, 0xC0, 0x00, 0x00, 0x3F, 0xFE, 0x00, 0x0C, 0x00, 0xC0, 0x00, 0x0F, 0xFF, 0x00, 0x00, 0x0C, 
    0x00, 0xC0, 0x00, 0xFF, 0xFC, 0x00, 0x00, 0x3C, 0x00, 0xC0, 0x1F, 0xFC, 0xF8, 0x00, 0x03, 0xFC, 
    0x00, 0xE3, 0xFF, 0xC0, 0x38, 0x00, 0x7F, 0xF0, 0x00, 0xFF, 0xF8, 0x00, 0x38, 0x07, 0xFF, 0x00, 
    0x00, 0x7F, 0x00, 0x00, 0x18, 0xFF, 0xE0, 0x00, 0x00, 0x70, 0x00, 0x00, 0x1F, 0xFC, 0x00, 0x00, 
    0x00, 0x60, 0x00, 0x01, 0xFF, 0xC0, 0x00, 0x00, 0x00, 0x70, 0x00, 0x3F, 0xF8, 0x00, 0x00, 0x00, 
    0x00, 0x30, 0x07, 0xFF, 0x80, 0x00, 0x00, 0x00, 0x00, 0x30, 0x7F, 0xF0, 0x00, 0x00, 0x00, 0x00, 
    0x00, 0x3F, 0xFE, 0x00, 0x00, 0x00, 0x00, 0x00, 0x00, 0x3F, 0xE0, 0x00, 0x00, 0x00, 0x00, 0x00, 
    0x00, 0x1C, 0x00, 0x00, 0x00, 0x00, 0x00, 0x00, 0x00, 0x00, 0x00, 0x00, 0x00, 0x00, 0x00, 0x00, 
    0x00, 0x00, 0x00, 0x00, 0x00, 0x00, 0x00, 0x00, 0x00, 0x00, 0x00, 0x00, 0x00, 0x00, 0x00, 0x00, 
    0x00, 0x00, 0x00, 0x00, 0x00, 0x00, 0x00, 0x00, 0x00, 0x00, 0x00, 0x00, 0x00, 0x00, 0x00, 0x00, 
      },
  {
    0x00, 0x00, 0x00, 0x00, 0x00, 0x00, 0x00, 0x00, 0x00, 0x00, 0x00, 0x00, 0x00, 0x00, 0x00, 0x00, 
    0x00, 0x00, 0x00, 0x00, 0x00, 0x00, 0x00, 0x00, 0x00, 0x00, 0x00, 0x00, 0x00, 0x00, 0x00, 0x00, 
    0x00, 0x00, 0x00, 0x00, 0x00, 0x00, 0x00, 0x00, 0x00, 0x00, 0x00, 0x00, 0x00, 0x00, 0x00, 0x00, 
    0x00, 0x00, 0x00, 0x00, 0x00, 0xF0, 0xFC, 0x00, 0x00, 0x00, 0x00, 0x00, 0x03, 0xFF, 0xFC, 0x00, 
    0x00, 0x00, 0x00, 0x00, 0x1F, 0xFF, 0xCC, 0x00, 0x00, 0x00, 0x00, 0x00, 0x7E, 0x1C, 0x0E, 0x00, 
    0x00, 0x00, 0x00, 0x03, 0xF0, 0x18, 0x0E, 0x00, 0x00, 0x00, 0x00, 0x07, 0xC0, 0x18, 0x06, 0x00, 
    0x00, 0x00, 0x0F, 0xEE, 0x00, 0x1C, 0x06, 0x00, 0x00, 0x01, 0xFF, 0xFC, 0x00, 0x1C, 0x06, 0x00, 
    0x00, 0x3F, 0xFC, 0x7C, 0x00, 0x0F, 0x87, 0x00, 0x07, 0xFF, 0x80, 0x1C, 0x01, 0x0F, 0x87, 0x00, 
    0x3F, 0xF0, 0x00, 0x1C, 0x3F, 0x8F, 0x83, 0x00, 0x3E, 0x00, 0x00, 0x0C, 0xFF, 0x8F, 0x83, 0x00, 
    0x30, 0x00, 0x00, 0x0C, 0xF1, 0x8F, 0xC3, 0x00, 0x30, 0x00, 0x0E, 0x0E, 0xE1, 0xC7, 0xC3, 0x80, 
    0x38, 0x01, 0xFF, 0x0E, 0xE1, 0xC7, 0xC3, 0x80, 0x18, 0x3F, 0xFF, 0x06, 0x60, 0xC7, 0xC1, 0x80, 
    0x18, 0x3F, 0x83, 0x06, 0x63, 0xC7, 0x81, 0x80, 0x18, 0x38, 0x03, 0x06, 0x7F, 0xC3, 0x01, 0xC0, 
    0x1C, 0x30, 0x03, 0x87, 0x7F, 0x03, 0x01, 0xC0, 0x1C, 0x38, 0x03, 0x87, 0x30, 0x03, 0x00, 0xC0, 
    0x0C, 0x18, 0x1F, 0x83, 0x00, 0x03, 0x80, 0xC0, 0x0C, 0x19, 0xFF, 0x83, 0x00, 0x03, 0xE0, 0xC0, 
    0x0C, 0x1F, 0xF8, 0x03, 0x00, 0x01, 0xE0, 0xE0, 0x0E, 0x1F, 0x80, 0x03, 0x83, 0xF1, 0xC0, 0xE0, 
    0x0E, 0x00, 0x00, 0x03, 0x9F, 0xE1, 0x80, 0x60, 0x06, 0x00, 0x00, 0x01, 0x9F, 0x01, 0xC0, 0x60, 
    0x06, 0x00, 0x00, 0xC1, 0x80, 0x01, 0xC0, 0x60, 0x06, 0x00, 0x1F, 0xC1, 0xC0, 0x00, 0xC0, 0x70, 
    0x07, 0x03, 0xFF, 0xC1, 0xC0, 0x00, 0xF8, 0x70, 0x07, 0x07, 0xF8, 0x00, 0xC0, 0x18, 0xF8, 0x30, 
    0x03, 0x07, 0x00, 0x00, 0xC3, 0xF8, 0xE0, 0x30, 0x03, 0x00, 0x00, 0x00, 0xCF, 0xF0, 0xE0, 0x30, 
    0x03, 0x00, 0x00, 0x00, 0xEF, 0x00, 0x60, 0x38, 0x03, 0x80, 0x00, 0xF0, 0xE0, 0x00, 0x60, 0x78, 
    0x03, 0x80, 0x1F, 0xF0, 0x60, 0x00, 0x7F, 0xF8, 0x01, 0x81, 0xFF, 0xC0, 0x60, 0x00, 0x7F, 0xF8, 
    0x01, 0x83, 0xF8, 0x00, 0x60, 0x00, 0x7C, 0x18, 0x01, 0xC1, 0x00, 0x00, 0x73, 0xFF, 0xF0, 0x1C, 
    0x01, 0xC0, 0x00, 0x00, 0x7F, 0xFF, 0xF0, 0x1C, 0x00, 0xC0, 0x00, 0x0F, 0xFF, 0x00, 0x00, 0x0C, 
    0x00, 0xC0, 0x01, 0xFF, 0xFC, 0x00, 0x00, 0x1C, 0x00, 0xC0, 0x1F, 0xFD, 0xF8, 0x00, 0x03, 0xFC, 
    0x00, 0xE3, 0xFF, 0x80, 0x78, 0x00, 0x3F, 0xF8, 0x00, 0xFF, 0xF8, 0x00, 0x38, 0x07, 0xFF, 0x00, 
    0x00, 0x7F, 0x00, 0x00, 0x18, 0xFF, 0xF0, 0x00, 0x00, 0x70, 0x00, 0x00, 0x1F, 0xFE, 0x00, 0x00, 
    0x00, 0x60, 0x00, 0x03, 0xFF, 0xC0, 0x00, 0x00, 0x00, 0x70, 0x00, 0x3F, 0xF8, 0x00, 0x00, 0x00, 
    0x00, 0x70, 0x07, 0xFF, 0x80, 0x00, 0x00, 0x00, 0x00, 0x30, 0xFF, 0xF0, 0x00, 0x00, 0x00, 0x00, 
    0x00, 0x3F, 0xFE, 0x00, 0x00, 0x00, 0x00, 0x00, 0x00, 0x3F, 0xC0, 0x00, 0x00, 0x00, 0x00, 0x00, 
    0x00, 0x18, 0x00, 0x00, 0x00, 0x00, 0x00, 0x00, 0x00, 0x00, 0x00, 0x00, 0x00, 0x00, 0x00, 0x00, 
    0x00, 0x00, 0x00, 0x00, 0x00, 0x00, 0x00, 0x00, 0x00, 0x00, 0x00, 0x00, 0x00, 0x00, 0x00, 0x00, 
    0x00, 0x00, 0x00, 0x00, 0x00, 0x00, 0x00, 0x00, 0x00, 0x00, 0x00, 0x00, 0x00, 0x00, 0x00, 0x00, 
      },
  {
    0x00, 0x00, 0x00, 0x00, 0x00, 0x00, 0x00, 0x00, 0x00, 0x00, 0x00, 0x00, 0x00, 0x00, 0x00, 0x00, 
    0x00, 0x00, 0x00, 0x00, 0x00, 0x00, 0x00, 0x00, 0x00, 0x00, 0x00, 0x00, 0x00, 0x00, 0x00, 0x00, 
    0x00, 0x00, 0x00, 0x00, 0x00, 0x00, 0x00, 0x00, 0x00, 0x00, 0x00, 0x00, 0x00, 0x00, 0x00, 0x00, 
    0x00, 0x00, 0x00, 0x00, 0x01, 0xC0, 0x04, 0x00, 0x00, 0x00, 0x00, 0x00, 0x07, 0xC1, 0xFE, 0x00, 
    0x00, 0x00, 0x00, 0x00, 0x1F, 0xFF, 0xFE, 0x00, 0x00, 0x00, 0x00, 0x00, 0x7C, 0xFF, 0xC6, 0x00, 
    0x00, 0x00, 0x00, 0x03, 0xF0, 0xF0, 0x06, 0x00, 0x00, 0x00, 0x00, 0x87, 0xC0, 0x60, 0x07, 0x00, 
    0x00, 0x00, 0x3F, 0xF7, 0x00, 0x60, 0x07, 0x00, 0x00, 0x0F, 0xFF, 0xFE, 0x00, 0x60, 0x03, 0x00, 
    0x03, 0xFF, 0xF0, 0x1E, 0x00, 0x61, 0x83, 0x00, 0x3F, 0xFC, 0x00, 0x0E, 0x00, 0x7F, 0x83, 0x00, 
    0x3F, 0x00, 0x00, 0x0E, 0x1C, 0x7F, 0xC3, 0x00, 0x38, 0x00, 0x00, 0x0E, 0xFC, 0x31, 0xC3, 0x80, 
    0x18, 0x00, 0x00, 0x07, 0xFC, 0x31, 0xC3, 0x80, 0x18, 0x00, 0x7F, 0x07, 0xCE, 0x30, 0xC1, 0x80, 
    0x18, 0x1F, 0xFF, 0x07, 0xCE, 0x30, 0xC1, 0x80, 0x1C, 0x3F, 0xE3, 0x87, 0xCE, 0x3B, 0xC1, 0x80, 
    0x1C, 0x3C, 0x03, 0x87, 0xC6, 0x3F, 0xC1, 0x80, 0x1C, 0x38, 0x03, 0x87, 0xFE, 0x1F, 0x81, 0xC0, 
    0x0C, 0x18, 0x01, 0x83, 0xFE, 0x18, 0x01, 0xC0, 0x0C, 0x18, 0x03, 0x83, 0x78, 0x18, 0x00, 0xC0, 
    0x0C, 0x18, 0x7F, 0x83, 0x00, 0x18, 0x00, 0xC0, 0x0E, 0x1F, 0xFF, 0x83, 0x00, 0x1C, 0x00, 0xC0, 
    0x0E, 0x1F, 0xE0, 0x03, 0x80, 0x1F, 0xF0, 0xC0, 0x0E, 0x08, 0x00, 0x03, 0x80, 0x0F, 0xE0, 0xE0, 
    0x06, 0x00, 0x00, 0x01, 0xBF, 0x0F, 0x00, 0xE0, 0x06, 0x00, 0x00, 0x01, 0xFF, 0x0C, 0x00, 0x60, 
    0x06, 0x00, 0x03, 0xC1, 0xB0, 0x0C, 0x00, 0x60, 0x07, 0x00, 0xFF, 0xC1, 0x80, 0x0E, 0x00, 0x60, 
    0x07, 0x07, 0xFF, 0x01, 0xC0, 0x0E, 0x10, 0x70, 0x03, 0x0F, 0xC0, 0x01, 0xC0, 0x07, 0xF8, 0x70, 
    0x03, 0x00, 0x00, 0x00, 0xC1, 0x87, 0xF0, 0x70, 0x03, 0x00, 0x00, 0x00, 0xDF, 0xC7, 0x00, 0x30, 
    0x03, 0x00, 0x00, 0x00, 0xFF, 0x86, 0x00, 0x30, 0x03, 0x80, 0x07, 0xF0, 0xC0, 0x07, 0x00, 0x30, 
    0x03, 0x81, 0xFF, 0xE0, 0xE0, 0x07, 0x00, 0xF8, 0x01, 0x83, 0xFF, 0x00, 0xE0, 0x03, 0x3F, 0xF8, 
    0x01, 0x83, 0xC0, 0x00, 0x60, 0x03, 0xFF, 0xF8, 0x01, 0x80, 0x00, 0x00, 0x60, 0x03, 0xF8, 0x18, 
    0x01, 0x80, 0x00, 0x00, 0x7F, 0xFF, 0x80, 0x18, 0x01, 0xC0, 0x00, 0x1F, 0x7F, 0xFF, 0x80, 0x18, 
    0x01, 0xC0, 0x07, 0xFF, 0xFC, 0x0F, 0x80, 0x1C, 0x00, 0xC1, 0xFF, 0xF9, 0xF8, 0x00, 0x00, 0x1C, 
    0x00, 0xFF, 0xFE, 0x00, 0x70, 0x00, 0x07, 0xFC, 0x00, 0xFF, 0x80, 0x00, 0x30, 0x01, 0xFF, 0xF8, 
    0x00, 0xE0, 0x00, 0x00, 0x30, 0x7F, 0xFE, 0x00, 0x00, 0xE0, 0x00, 0x00, 0x3F, 0xFF, 0x80, 0x00, 
    0x00, 0xE0, 0x00, 0x07, 0xFF, 0xE0, 0x00, 0x00, 0x00, 0x60, 0x01, 0xFF, 0xF8, 0x00, 0x00, 0x00, 
    0x00, 0x60, 0x7F, 0xFF, 0x00, 0x00, 0x00, 0x00, 0x00, 0x7F, 0xFF, 0xC0, 0x00, 0x00, 0x00, 0x00, 
    0x00, 0x7F, 0xF0, 0x00, 0x00, 0x00, 0x00, 0x00, 0x00, 0x7C, 0x00, 0x00, 0x00, 0x00, 0x00, 0x00, 
    0x00, 0x00, 0x00, 0x00, 0x00, 0x00, 0x00, 0x00, 0x00, 0x00, 0x00, 0x00, 0x00, 0x00, 0x00, 0x00, 
    0x00, 0x00, 0x00, 0x00, 0x00, 0x00, 0x00, 0x00, 0x00, 0x00, 0x00, 0x00, 0x00, 0x00, 0x00, 0x00, 
    0x00, 0x00, 0x00, 0x00, 0x00, 0x00, 0x00, 0x00, 0x00, 0x00, 0x00, 0x00, 0x00, 0x00, 0x00, 0x00, 
      },
  {
    0x00, 0x00, 0x00, 0x00, 0x00, 0x00, 0x00, 0x00, 0x00, 0x00, 0x00, 0x00, 0x00, 0x00, 0x00, 0x00, 
    0x00, 0x00, 0x00, 0x00, 0x00, 0x00, 0x00, 0x00, 0x00, 0x00, 0x00, 0x00, 0x00, 0x00, 0x00, 0x00, 
    0x00, 0x00, 0x00, 0x00, 0x00, 0x00, 0x00, 0x00, 0x00, 0x00, 0x00, 0x00, 0x00, 0x00, 0x00, 0x00, 
    0x00, 0x00, 0x00, 0x00, 0x01, 0x80, 0x00, 0x00, 0x00, 0x00, 0x00, 0x00, 0x07, 0x80, 0x00, 0x00, 
    0x00, 0x00, 0x00, 0x00, 0x1F, 0x80, 0x07, 0x00, 0x00, 0x00, 0x00, 0x00, 0x7F, 0xFF, 0xFF, 0x80, 
    0x00, 0x00, 0x00, 0x01, 0xF9, 0xFF, 0xFF, 0x80, 0x00, 0x00, 0x3F, 0xF3, 0xE1, 0xFC, 0x01, 0x80, 
    0x03, 0xFF, 0xFF, 0xFF, 0x81, 0xC0, 0x01, 0x80, 0x0F, 0xFF, 0xFC, 0x1F, 0x01, 0xC0, 0x01, 0x80, 
    0x0F, 0xE0, 0x00, 0x0F, 0x01, 0xC0, 0x01, 0x80, 0x0C, 0x00, 0x00, 0x07, 0x00, 0xC0, 0x01, 0x80, 
    0x0C, 0x00, 0x00, 0x07, 0x00, 0xFF, 0xE1, 0x80, 0x0C, 0x00, 0x00, 0x03, 0xE0, 0xFF, 0xE1, 0xC0, 
    0x0C, 0x00, 0xFF, 0x83, 0xF0, 0xF0, 0xE1, 0xC0, 0x0E, 0x1F, 0xFF, 0x83, 0xF0, 0xC0, 0x61, 0xC0, 
    0x0E, 0x1F, 0xF1, 0x83, 0xF0, 0xC0, 0x61, 0xC0, 0x0E, 0x1C, 0x01, 0x83, 0xF0, 0xC0, 0x60, 0xC0, 
    0x0E, 0x1C, 0x01, 0xC3, 0xF0, 0xC0, 0xE0, 0xC0, 0x0E, 0x1C, 0x01, 0xC3, 0xF0, 0xFF, 0xE0, 0xC0, 
    0x06, 0x1C, 0x01, 0xC3, 0xF0, 0xFF, 0xE0, 0xC0, 0x06, 0x1F, 0xFF, 0xC3, 0xF0, 0xE0, 0x00, 0xC0, 
    0x06, 0x0F, 0xFF, 0x83, 0x80, 0xE0, 0x00, 0xC0, 0x06, 0x0F, 0xE0, 0x03, 0x80, 0x60, 0x00, 0xC0, 
    0x06, 0x00, 0x00, 0x01, 0x80, 0x60, 0x00, 0xE0, 0x06, 0x00, 0x00, 0x01, 0x80, 0x61, 0xE0, 0xE0, 
    0x06, 0x00, 0x00, 0x01, 0x80, 0x7F, 0xF0, 0xE0, 0x07, 0x00, 0x00, 0xC1, 0xF8, 0x7F, 0xE0, 0xE0, 
    0x07, 0x07, 0xFF, 0xC1, 0xF0, 0x60, 0x00, 0xE0, 0x07, 0x0F, 0xFF, 0xC1, 0x80, 0x60, 0x00, 0x60, 
    0x07, 0x07, 0x80, 0x01, 0x80, 0x60, 0x00, 0x60, 0x07, 0x00, 0x00, 0x01, 0x80, 0x70, 0x00, 0x60, 
    0x03, 0x00, 0x00, 0x01, 0xC0, 0x77, 0xF0, 0x60, 0x03, 0x00, 0x00, 0x01, 0xF8, 0x7F, 0xF0, 0x60, 
    0x03, 0x00, 0x03, 0xE1, 0xF8, 0x7F, 0xC0, 0x60, 0x03, 0x07, 0xFF, 0xE1, 0xF8, 0x30, 0x00, 0x60, 
    0x03, 0x07, 0xFF, 0xC0, 0xC0, 0x30, 0x00, 0x70, 0x03, 0x02, 0x00, 0x00, 0xC0, 0x30, 0x00, 0x70, 
    0x03, 0x00, 0x00, 0x00, 0xC0, 0x30, 0x01, 0xF0, 0x03, 0x80, 0x00, 0x00, 0xC0, 0x3F, 0xFF, 0xF0, 
    0x03, 0x80, 0x00, 0x00, 0xFC, 0x3F, 0xFF, 0xF0, 0x03, 0x80, 0x0F, 0xFE, 0xFF, 0xBF, 0x00, 0x30, 
    0x03, 0xFF, 0xFF, 0xFF, 0xFF, 0xF0, 0x00, 0x30, 0x03, 0xFF, 0xFF, 0x03, 0xF1, 0xF8, 0x00, 0x30, 
    0x01, 0xF0, 0x00, 0x01, 0xE0, 0x38, 0x00, 0x30, 0x01, 0x80, 0x00, 0x00, 0xE0, 0x00, 0x00, 0x30, 
    0x01, 0x80, 0x00, 0x00, 0xE0, 0x00, 0xFF, 0xF0, 0x01, 0x80, 0x00, 0x00, 0xEF, 0xFF, 0xFF, 0xF0, 
    0x01, 0x80, 0x00, 0xFF, 0xFF, 0xFF, 0xF0, 0x00, 0x01, 0xCF, 0xFF, 0xFF, 0xFF, 0x00, 0x00, 0x00, 
    0x01, 0xFF, 0xFF, 0xF0, 0x00, 0x00, 0x00, 0x00, 0x01, 0xFF, 0x80, 0x00, 0x00, 0x00, 0x00, 0x00, 
    0x00, 0x00, 0x00, 0x00, 0x00, 0x00, 0x00, 0x00, 0x00, 0x00, 0x00, 0x00, 0x00, 0x00, 0x00, 0x00, 
    0x00, 0x00, 0x00, 0x00, 0x00, 0x00, 0x00, 0x00, 0x00, 0x00, 0x00, 0x00, 0x00, 0x00, 0x00, 0x00, 
    0x00, 0x00, 0x00, 0x00, 0x00, 0x00, 0x00, 0x00, 0x00, 0x00, 0x00, 0x00, 0x00, 0x00, 0x00, 0x00, 
    0x00, 0x00, 0x00, 0x00, 0x00, 0x00, 0x00, 0x00, 0x00, 0x00, 0x00, 0x00, 0x00, 0x00, 0x00, 0x00, 
      },
  {
    0x00, 0x00, 0x00, 0x00, 0x00, 0x00, 0x00, 0x00, 0x00, 0x00, 0x00, 0x00, 0x00, 0x00, 0x00, 0x00, 
    0x00, 0x00, 0x00, 0x00, 0x00, 0x00, 0x00, 0x00, 0x00, 0x00, 0x00, 0x00, 0x00, 0x00, 0x00, 0x00, 
    0x00, 0x00, 0x00, 0x00, 0x00, 0x00, 0x00, 0x00, 0x00, 0x00, 0x00, 0x00, 0x00, 0x00, 0x00, 0x00, 
    0x00, 0x00, 0x00, 0x00, 0x00, 0x00, 0x00, 0x00, 0x00, 0x00, 0x00, 0x00, 0x00, 0x00, 0x00, 0x00, 
    0x00, 0x00, 0x00, 0x00, 0x0C, 0x00, 0x00, 0x00, 0x00, 0x00, 0x00, 0x00, 0x3C, 0x00, 0x00, 0x00, 
    0x03, 0xFF, 0xFF, 0xF8, 0x7F, 0x00, 0x00, 0x00, 0x03, 0xFF, 0xFF, 0xFE, 0xEF, 0xFF, 0xFF, 0xE0, 
    0x03, 0x01, 0xFF, 0xFF, 0xCF, 0xFF, 0xFF, 0xE0, 0x03, 0x00, 0x00, 0x03, 0xCC, 0x00, 0x00, 0x60, 
    0x03, 0x00, 0x00, 0x03, 0xCC, 0x00, 0x00, 0x60, 0x03, 0x00, 0x00, 0x01, 0xCC, 0x00, 0x00, 0x60, 
    0x03, 0x00, 0x00, 0x01, 0x8C, 0x00, 0x00, 0x60, 0x07, 0x07, 0xFF, 0xC1, 0x8F, 0xFF, 0xE0, 0x60, 
    0x07, 0x0F, 0xFF, 0xE1, 0x8F, 0xFF, 0xF0, 0x60, 0x07, 0x0E, 0x00, 0xE1, 0x8F, 0xFF, 0xF0, 0x60, 
    0x07, 0x0E, 0x00, 0xE1, 0x8F, 0x00, 0x30, 0x60, 0x07, 0x0E, 0x00, 0xE1, 0x8F, 0x00, 0x30, 0xE0, 
    0x07, 0x0E, 0x00, 0xE1, 0x8F, 0x00, 0x30, 0xE0, 0x07, 0x0E, 0x00, 0xE1, 0x8F, 0x00, 0x30, 0xE0, 
    0x07, 0x0F, 0xFF, 0xE1, 0x8F, 0xFF, 0xF0, 0xE0, 0x07, 0x0F, 0xFF, 0xC1, 0x8F, 0xFF, 0xF0, 0xE0, 
    0x07, 0x00, 0x00, 0x01, 0x8D, 0xFF, 0xE0, 0xE0, 0x07, 0x00, 0x00, 0x01, 0x8C, 0x00, 0x00, 0xE0, 
    0x07, 0x00, 0x00, 0x01, 0x8C, 0x00, 0x00, 0xE0, 0x07, 0x00, 0x00, 0x01, 0x8C, 0x00, 0x00, 0xE0, 
    0x07, 0x03, 0x00, 0x01, 0x8C, 0x00, 0x00, 0xE0, 0x07, 0x0F, 0xFF, 0xC1, 0x8F, 0xFF, 0xE0, 0xE0, 
    0x07, 0x07, 0xFF, 0xC1, 0x8F, 0xFF, 0xF0, 0xE0, 0x07, 0x00, 0x00, 0x01, 0x8C, 0x00, 0xE0, 0xE0, 
    0x07, 0x00, 0x00, 0x01, 0x8C, 0x00, 0x00, 0xE0, 0x07, 0x00, 0x00, 0x01, 0x8C, 0x00, 0x00, 0xE0, 
    0x07, 0x00, 0x00, 0x01, 0x8C, 0x00, 0x00, 0xE0, 0x07, 0x07, 0xFF, 0x81, 0x8C, 0x00, 0x00, 0xE0, 
    0x07, 0x0F, 0xFF, 0xC1, 0x8F, 0xFF, 0xF0, 0xE0, 0x07, 0x07, 0xFF, 0xC1, 0x8F, 0xFF, 0xF0, 0xE0, 
    0x07, 0x00, 0x00, 0x01, 0x9C, 0x00, 0x00, 0xE0, 0x07, 0x00, 0x00, 0x01, 0x9C, 0x00, 0x00, 0xE0, 
    0x07, 0x00, 0x00, 0x01, 0x9C, 0x00, 0x00, 0xE0, 0x06, 0x00, 0x00, 0x01, 0x9C, 0x00, 0x00, 0xE0, 
    0x07, 0xFF, 0xFF, 0xF1, 0x8C, 0x00, 0x00, 0xE0, 0x07, 0xFF, 0xFF, 0xFF, 0xFF, 0xFF, 0xFF, 0xE0, 
    0x07, 0x0F, 0xFF, 0xFF, 0xFF, 0xFF, 0xFF, 0xE0, 0x06, 0x00, 0x00, 0x07, 0xFC, 0x00, 0x00, 0xC0, 
    0x06, 0x00, 0x00, 0x03, 0xDC, 0x00, 0x00, 0xC0, 0x06, 0x00, 0x00, 0x03, 0x88, 0x00, 0x00, 0xC0, 
    0x06, 0x00, 0x00, 0x01, 0x80, 0x00, 0x00, 0xC0, 0x07, 0xFF, 0xE0, 0x03, 0x80, 0x00, 0x00, 0xC0, 
    0x07, 0xFF, 0xFF, 0xFF, 0xFF, 0xFF, 0xFF, 0xC0, 0x03, 0xFF, 0xFF, 0xFF, 0xFF, 0xFF, 0xFF, 0xC0, 
    0x00, 0x00, 0x00, 0x00, 0x00, 0x00, 0x00, 0x00, 0x00, 0x00, 0x00, 0x00, 0x00, 0x00, 0x00, 0x00, 
    0x00, 0x00, 0x00, 0x00, 0x00, 0x00, 0x00, 0x00, 0x00, 0x00, 0x00, 0x00, 0x00, 0x00, 0x00, 0x00, 
    0x00, 0x00, 0x00, 0x00, 0x00, 0x00, 0x00, 0x00, 0x00, 0x00, 0x00, 0x00, 0x00, 0x00, 0x00, 0x00, 
    0x00, 0x00, 0x00, 0x00, 0x00, 0x00, 0x00, 0x00, 0x00, 0x00, 0x00, 0x00, 0x00, 0x00, 0x00, 0x00, 
    0x00, 0x00, 0x00, 0x00, 0x00, 0x00, 0x00, 0x00, 0x00, 0x00, 0x00, 0x00, 0x00, 0x00, 0x00, 0x00, 
      },
  {
    0x00, 0x00, 0x00, 0x00, 0x00, 0x00, 0x00, 0x00, 0x00, 0x00, 0x00, 0x00, 0x00, 0x00, 0x00, 0x00, 
    0x00, 0x00, 0x00, 0x00, 0x00, 0x00, 0x00, 0x00, 0x00, 0x00, 0x00, 0x00, 0x00, 0x00, 0x00, 0x00, 
    0x00, 0x00, 0x00, 0x00, 0x00, 0x00, 0x00, 0x00, 0x00, 0x00, 0x00, 0x00, 0x00, 0x00, 0x00, 0x00, 
    0x00, 0x00, 0x00, 0x00, 0x00, 0x00, 0x00, 0x00, 0x00, 0x00, 0x00, 0x00, 0x00, 0x00, 0x00, 0x00, 
    0x00, 0xE0, 0x00, 0x00, 0xC0, 0x00, 0x00, 0x00, 0x01, 0xFF, 0xFE, 0x00, 0xC0, 0x00, 0x00, 0x00, 
    0x01, 0xFF, 0xFF, 0xFE, 0xC0, 0x00, 0x00, 0x00, 0x01, 0x80, 0x3F, 0xFF, 0xEF, 0xFC, 0x00, 0x00, 
    0x01, 0x80, 0x00, 0x07, 0xFF, 0xFF, 0xFF, 0xE0, 0x01, 0x80, 0x00, 0x01, 0xF8, 0x3F, 0xFF, 0xF0, 
    0x01, 0x80, 0x00, 0x01, 0xF0, 0x00, 0x03, 0xF0, 0x01, 0x80, 0x00, 0x01, 0xE0, 0x00, 0x00, 0x30, 
    0x01, 0x87, 0xFF, 0x81, 0xE0, 0x00, 0x00, 0x70, 0x03, 0x87, 0xFF, 0xE1, 0xC0, 0x00, 0x00, 0x70, 
    0x03, 0x87, 0x0F, 0xF1, 0xC1, 0xFF, 0x00, 0x70, 0x03, 0x86, 0x00, 0x61, 0xC1, 0xFF, 0xF0, 0x70, 
    0x03, 0x86, 0x00, 0x61, 0xC1, 0x9F, 0xF8, 0x70, 0x03, 0x06, 0x00, 0x61, 0xC3, 0x80, 0x38, 0x70, 
    0x03, 0x07, 0x00, 0x61, 0xC3, 0x80, 0x30, 0x70, 0x03, 0x07, 0xFF, 0xE3, 0xC3, 0x80, 0x30, 0x70, 
    0x03, 0x07, 0xFF, 0xE3, 0xC3, 0x80, 0x30, 0x60, 0x03, 0x00, 0x03, 0xC3, 0xC3, 0xFF, 0xF0, 0x60, 
    0x03, 0x00, 0x00, 0x03, 0xC3, 0xFF, 0xF0, 0x60, 0x03, 0x00, 0x00, 0x03, 0xC0, 0x07, 0xF0, 0xE0, 
    0x07, 0x00, 0x00, 0x03, 0xC0, 0x00, 0x00, 0xE0, 0x07, 0x07, 0x80, 0x03, 0x80, 0x00, 0x00, 0xE0, 
    0x07, 0x0F, 0xFF, 0xC3, 0x80, 0x00, 0x00, 0xE0, 0x07, 0x07, 0xFF, 0xC3, 0x83, 0x00, 0x00, 0xE0, 
    0x07, 0x00, 0x00, 0xC3, 0x83, 0xFF, 0xE0, 0xE0, 0x06, 0x00, 0x00, 0x03, 0x83, 0xFF, 0xF0, 0xE0, 
    0x06, 0x00, 0x00, 0x03, 0x80, 0x01, 0xE0, 0xE0, 0x06, 0x00, 0x00, 0x07, 0x80, 0x00, 0x00, 0xE0, 
    0x06, 0x0F, 0xE0, 0x07, 0x80, 0x00, 0x00, 0xC0, 0x06, 0x0F, 0xFF, 0xC7, 0x80, 0x00, 0x00, 0xC0, 
    0x06, 0x03, 0xFF, 0xC7, 0x87, 0xC0, 0x00, 0xC0, 0x06, 0x00, 0x00, 0x07, 0x87, 0xFF, 0xC1, 0xC0, 
    0x0E, 0x00, 0x00, 0x07, 0x03, 0xFF, 0xE1, 0xC0, 0x0E, 0x00, 0x00, 0x07, 0x00, 0x00, 0x41, 0xC0, 
    0x0F, 0x80, 0x00, 0x07, 0x00, 0x00, 0x01, 0xC0, 0x0F, 0xFF, 0xF8, 0x07, 0x00, 0x00, 0x01, 0xC0, 
    0x0F, 0xFF, 0xFF, 0xF7, 0x00, 0x00, 0x01, 0xC0, 0x0C, 0x00, 0xFF, 0xFF, 0x7F, 0xF0, 0x01, 0xC0, 
    0x0C, 0x00, 0x00, 0x1F, 0xFF, 0xFF, 0xFF, 0xC0, 0x0C, 0x00, 0x00, 0x0F, 0xC1, 0xFF, 0xFF, 0x80, 
    0x0C, 0x00, 0x00, 0x07, 0x80, 0x00, 0x1F, 0x80, 0x0C, 0x00, 0x00, 0x07, 0x00, 0x00, 0x01, 0x80, 
    0x0F, 0xFF, 0x80, 0x07, 0x00, 0x00, 0x01, 0x80, 0x0F, 0xFF, 0xFF, 0xF7, 0x00, 0x00, 0x01, 0x80, 
    0x00, 0x0F, 0xFF, 0xFF, 0xFF, 0x00, 0x01, 0x80, 0x00, 0x00, 0x00, 0xFF, 0xFF, 0xFF, 0xF3, 0x80, 
    0x00, 0x00, 0x00, 0x00, 0x0F, 0xFF, 0xFF, 0x80, 0x00, 0x00, 0x00, 0x00, 0x00, 0x01, 0xFF, 0x80, 
    0x00, 0x00, 0x00, 0x00, 0x00, 0x00, 0x00, 0x00, 0x00, 0x00, 0x00, 0x00, 0x00, 0x00, 0x00, 0x00, 
    0x00, 0x00, 0x00, 0x00, 0x00, 0x00, 0x00, 0x00, 0x00, 0x00, 0x00, 0x00, 0x00, 0x00, 0x00, 0x00, 
    0x00, 0x00, 0x00, 0x00, 0x00, 0x00, 0x00, 0x00, 0x00, 0x00, 0x00, 0x00, 0x00, 0x00, 0x00, 0x00, 
    0x00, 0x00, 0x00, 0x00, 0x00, 0x00, 0x00, 0x00, 0x00, 0x00, 0x00, 0x00, 0x00, 0x00, 0x00, 0x00, 
      },
  {
    0x00, 0x00, 0x00, 0x00, 0x00, 0x00, 0x00, 0x00, 0x00, 0x00, 0x00, 0x00, 0x00, 0x00, 0x00, 0x00, 
    0x00, 0x00, 0x00, 0x00, 0x00, 0x00, 0x00, 0x00, 0x00, 0x00, 0x00, 0x00, 0x00, 0x00, 0x00, 0x00, 
    0x00, 0x00, 0x00, 0x00, 0x00, 0x00, 0x00, 0x00, 0x00, 0x00, 0x00, 0x00, 0x00, 0x00, 0x00, 0x00, 
    0x00, 0x00, 0x00, 0x00, 0x00, 0x00, 0x00, 0x00, 0x00, 0x00, 0x00, 0x00, 0x00, 0x00, 0x00, 0x00, 
    0x00, 0xFF, 0x00, 0x18, 0x00, 0x00, 0x00, 0x00, 0x00, 0xFF, 0xFF, 0xBE, 0x00, 0x00, 0x00, 0x00, 
    0x00, 0xC7, 0xFF, 0xFF, 0x80, 0x00, 0x00, 0x00, 0x01, 0xC0, 0x03, 0xFB, 0xCF, 0xF0, 0x00, 0x00, 
    0x01, 0xC0, 0x00, 0x38, 0xFF, 0xFF, 0xFC, 0x00, 0x01, 0xC0, 0x00, 0x30, 0x7C, 0xFF, 0xFF, 0xF0, 
    0x01, 0x80, 0x00, 0x30, 0x70, 0x00, 0x3F, 0xF8, 0x01, 0x83, 0xC0, 0x30, 0x60, 0x00, 0x00, 0x78, 
    0x01, 0x83, 0xFF, 0xF0, 0x60, 0x00, 0x00, 0x78, 0x01, 0x83, 0xFF, 0xF0, 0xE0, 0x00, 0x00, 0x78, 
    0x01, 0x87, 0x01, 0xF0, 0xE1, 0xF8, 0x00, 0x70, 0x01, 0x87, 0x00, 0x70, 0xE1, 0xFF, 0xE0, 0x70, 
    0x03, 0x87, 0x00, 0x70, 0xC1, 0xFF, 0xF0, 0xF0, 0x03, 0x86, 0x00, 0x70, 0xC3, 0x80, 0x70, 0xF0, 
    0x03, 0x87, 0xE0, 0x60, 0xC3, 0x80, 0x70, 0xF0, 0x03, 0x07, 0xFF, 0xE0, 0xC3, 0x80, 0x70, 0xF0, 
    0x03, 0x00, 0xFF, 0xE0, 0xC3, 0x00, 0x70, 0xF0, 0x03, 0x00, 0x00, 0xE0, 0xC3, 0xFC, 0x60, 0xF0, 
    0x03, 0x00, 0x00, 0x61, 0xC3, 0xFF, 0xE0, 0xE0, 0x03, 0x00, 0x00, 0x61, 0xC0, 0x1F, 0xE0, 0xE0, 
    0x03, 0x00, 0x00, 0xE1, 0xC0, 0x00, 0x00, 0xE0, 0x07, 0x0F, 0xF0, 0xE1, 0x80, 0x00, 0x01, 0xE0, 
    0x07, 0x0F, 0xFF, 0xE1, 0x80, 0x00, 0x01, 0xE0, 0x07, 0x00, 0x7F, 0xC1, 0x80, 0x00, 0x01, 0xE0, 
    0x06, 0x00, 0x00, 0xC1, 0x87, 0xFE, 0x01, 0xE0, 0x06, 0x00, 0x00, 0xC1, 0x83, 0xFF, 0xE1, 0xE0, 
    0x06, 0x00, 0x00, 0xC1, 0x80, 0x0F, 0xC1, 0xE0, 0x06, 0x00, 0x00, 0xC3, 0x80, 0x00, 0x01, 0xC0, 
    0x06, 0x0F, 0xFD, 0xC3, 0x80, 0x00, 0x01, 0xC0, 0x06, 0x0F, 0xFF, 0xC3, 0x80, 0x00, 0x01, 0xC0, 
    0x0E, 0x00, 0x3F, 0xC3, 0x07, 0x00, 0x03, 0xC0, 0x0E, 0x00, 0x01, 0xC3, 0x0F, 0xFF, 0x03, 0xC0, 
    0x0E, 0x00, 0x01, 0x83, 0x07, 0xFF, 0xC3, 0xC0, 0x0E, 0x00, 0x01, 0x83, 0x00, 0x07, 0x83, 0xC0, 
    0x0F, 0xFC, 0x01, 0x83, 0x00, 0x00, 0x03, 0xC0, 0x0F, 0xFF, 0xFF, 0x83, 0x00, 0x00, 0x03, 0xC0, 
    0x0C, 0x1F, 0xFF, 0xBF, 0x00, 0x00, 0x03, 0x80, 0x0C, 0x00, 0x0F, 0xFF, 0xFF, 0x80, 0x03, 0x80, 
    0x0C, 0x00, 0x03, 0xFF, 0xFF, 0xFF, 0x03, 0x80, 0x1C, 0x00, 0x01, 0x8F, 0xC7, 0xFF, 0xFF, 0x80, 
    0x1C, 0x00, 0x00, 0x0F, 0x00, 0x03, 0xFF, 0x80, 0x1F, 0xE0, 0x00, 0x06, 0x00, 0x00, 0x07, 0x80, 
    0x1F, 0xFF, 0xF0, 0x06, 0x00, 0x00, 0x03, 0x80, 0x01, 0xFF, 0xFF, 0xFE, 0x00, 0x00, 0x03, 0x80, 
    0x00, 0x00, 0xFF, 0xFF, 0xFC, 0x00, 0x03, 0x80, 0x00, 0x00, 0x00, 0x7F, 0xFF, 0xFE, 0x03, 0x00, 
    0x00, 0x00, 0x00, 0x00, 0x3F, 0xFF, 0xFF, 0x00, 0x00, 0x00, 0x00, 0x00, 0x00, 0x1F, 0xFF, 0x00, 
    0x00, 0x00, 0x00, 0x00, 0x00, 0x00, 0x0F, 0x00, 0x00, 0x00, 0x00, 0x00, 0x00, 0x00, 0x00, 0x00, 
    0x00, 0x00, 0x00, 0x00, 0x00, 0x00, 0x00, 0x00, 0x00, 0x00, 0x00, 0x00, 0x00, 0x00, 0x00, 0x00, 
    0x00, 0x00, 0x00, 0x00, 0x00, 0x00, 0x00, 0x00, 0x00, 0x00, 0x00, 0x00, 0x00, 0x00, 0x00, 0x00, 
    0x00, 0x00, 0x00, 0x00, 0x00, 0x00, 0x00, 0x00, 0x00, 0x00, 0x00, 0x00, 0x00, 0x00, 0x00, 0x00, 
      },
  {
    0x00, 0x00, 0x00, 0x00, 0x00, 0x00, 0x00, 0x00, 0x00, 0x00, 0x00, 0x00, 0x00, 0x00, 0x00, 0x00, 
    0x00, 0x00, 0x00, 0x00, 0x00, 0x00, 0x00, 0x00, 0x00, 0x00, 0x00, 0x00, 0x00, 0x00, 0x00, 0x00, 
    0x00, 0x00, 0x00, 0x00, 0x00, 0x00, 0x00, 0x00, 0x00, 0x00, 0x00, 0x00, 0x00, 0x00, 0x00, 0x00, 
    0x00, 0x00, 0x00, 0x00, 0x00, 0x00, 0x00, 0x00, 0x00, 0x00, 0x00, 0x00, 0x00, 0x00, 0x00, 0x00, 
    0x00, 0xFF, 0x03, 0x80, 0x00, 0x00, 0x00, 0x00, 0x00, 0xFF, 0xFF, 0xF8, 0x00, 0x00, 0x00, 0x00, 
    0x01, 0xCF, 0xFF, 0xFF, 0x80, 0x00, 0x00, 0x00, 0x01, 0xC0, 0x06, 0x1F, 0xCF, 0xFC, 0x00, 0x00, 
    0x01, 0xC0, 0x06, 0x01, 0xFF, 0xFF, 0xFF, 0x80, 0x01, 0xC0, 0x06, 0x00, 0xF8, 0xFF, 0xFF, 0xF0, 
    0x01, 0x80, 0x06, 0x00, 0xF0, 0x00, 0x03, 0xF8, 0x01, 0x83, 0x8E, 0x00, 0x60, 0x00, 0x01, 0xF8, 
    0x01, 0x83, 0xFE, 0x00, 0xE0, 0x00, 0x01, 0xF8, 0x01, 0x83, 0xFE, 0x00, 0xE0, 0x00, 0x01, 0xB0, 
    0x01, 0x87, 0x0E, 0x00, 0xE3, 0xF8, 0x01, 0xB0, 0x03, 0x87, 0x0C, 0x00, 0xE3, 0xFF, 0xC1, 0xB0, 
    0x03, 0x87, 0x0C, 0x00, 0xC3, 0xFF, 0xE1, 0xB0, 0x03, 0x86, 0x0C, 0x00, 0xC3, 0x00, 0xC1, 0xB0, 
    0x03, 0x87, 0xFC, 0x00, 0xC3, 0x00, 0xC1, 0xB0, 0x03, 0x07, 0xFC, 0x00, 0xC3, 0x00, 0xC3, 0xF0, 
    0x03, 0x01, 0xFC, 0x00, 0xC3, 0x00, 0xC3, 0xF0, 0x03, 0x00, 0x1C, 0x00, 0xC7, 0xFD, 0xC3, 0xF0, 
    0x03, 0x00, 0x1C, 0x01, 0xC3, 0xFF, 0xC3, 0xE0, 0x03, 0x00, 0x1C, 0x01, 0xC0, 0x1F, 0xC3, 0x60, 
    0x03, 0x00, 0x1C, 0x01, 0xC0, 0x00, 0x03, 0x60, 0x07, 0x0F, 0xF8, 0x01, 0x80, 0x00, 0x03, 0x60, 
    0x07, 0x0F, 0xF8, 0x01, 0x80, 0x00, 0x03, 0x60, 0x07, 0x00, 0x78, 0x01, 0x80, 0x00, 0x03, 0x60, 
    0x06, 0x00, 0x18, 0x01, 0x87, 0xFF, 0x03, 0xE0, 0x06, 0x00, 0x18, 0x01, 0x87, 0xFF, 0x87, 0xE0, 
    0x06, 0x00, 0x38, 0x01, 0x80, 0x0F, 0x87, 0xE0, 0x06, 0x00, 0x38, 0x03, 0x80, 0x00, 0x07, 0xC0, 
    0x06, 0x0F, 0xF8, 0x03, 0x80, 0x00, 0x06, 0xC0, 0x06, 0x0F, 0xF8, 0x03, 0x80, 0x00, 0x06, 0xC0, 
    0x0E, 0x00, 0x30, 0x03, 0x07, 0x00, 0x06, 0xC0, 0x0E, 0x00, 0x30, 0x03, 0x0F, 0xFF, 0x06, 0xC0, 
    0x0E, 0x00, 0x30, 0x03, 0x07, 0xFF, 0x06, 0xC0, 0x0E, 0x00, 0x30, 0x03, 0x00, 0x03, 0x07, 0xC0, 
    0x0F, 0xFC, 0x30, 0x03, 0x00, 0x00, 0x0F, 0xC0, 0x0F, 0xFF, 0xF0, 0x03, 0x00, 0x00, 0x0F, 0xC0, 
    0x0C, 0x3F, 0xFF, 0xFF, 0x00, 0x00, 0x0F, 0xC0, 0x0C, 0x00, 0x7F, 0xFF, 0xFF, 0x00, 0x0D, 0x80, 
    0x0C, 0x00, 0x38, 0x1F, 0xFF, 0xFE, 0x0D, 0x80, 0x1C, 0x00, 0x00, 0x0F, 0xC7, 0xFF, 0xFF, 0x80, 
    0x1C, 0x00, 0x00, 0x0F, 0x00, 0x07, 0xFF, 0x80, 0x1F, 0xC0, 0x00, 0x07, 0x00, 0x00, 0x1F, 0x80, 
    0x1F, 0xFF, 0xE0, 0x06, 0x00, 0x00, 0x01, 0x80, 0x01, 0xFF, 0xFF, 0xFE, 0x00, 0x00, 0x03, 0x80, 
    0x00, 0x00, 0xFF, 0xFF, 0xFC, 0x00, 0x03, 0x80, 0x00, 0x00, 0x00, 0x7F, 0xFF, 0xFE, 0x03, 0x80, 
    0x00, 0x00, 0x00, 0x00, 0x3F, 0xFF, 0xFF, 0x00, 0x00, 0x00, 0x00, 0x00, 0x00, 0x1F, 0xFF, 0x00, 
    0x00, 0x00, 0x00, 0x00, 0x00, 0x00, 0x07, 0x00, 0x00, 0x00, 0x00, 0x00, 0x00, 0x00, 0x00, 0x00, 
    0x00, 0x00, 0x00, 0x00, 0x00, 0x00, 0x00, 0x00, 0x00, 0x00, 0x00, 0x00, 0x00, 0x00, 0x00, 0x00, 
    0x00, 0x00, 0x00, 0x00, 0x00, 0x00, 0x00, 0x00, 0x00, 0x00, 0x00, 0x00, 0x00, 0x00, 0x00, 0x00, 
    0x00, 0x00, 0x00, 0x00, 0x00, 0x00, 0x00, 0x00, 0x00, 0x00, 0x00, 0x00, 0x00, 0x00, 0x00, 0x00, 
      },
  {
    0x00, 0x00, 0x00, 0x00, 0x00, 0x00, 0x00, 0x00, 0x00, 0x00, 0x00, 0x00, 0x00, 0x00, 0x00, 0x00, 
    0x00, 0x00, 0x00, 0x00, 0x00, 0x00, 0x00, 0x00, 0x00, 0x00, 0x00, 0x00, 0x00, 0x00, 0x00, 0x00, 
    0x00, 0x00, 0x00, 0x00, 0x00, 0x00, 0x00, 0x00, 0x00, 0x00, 0x00, 0x00, 0x00, 0x00, 0x00, 0x00, 
    0x00, 0x00, 0x00, 0x00, 0x00, 0x00, 0x00, 0x00, 0x00, 0x00, 0x00, 0x00, 0x00, 0x00, 0x00, 0x00, 
    0x00, 0xE0, 0x70, 0x00, 0x00, 0x00, 0x00, 0x00, 0x01, 0xFF, 0xFF, 0xC0, 0x00, 0x00, 0x00, 0x00, 
    0x01, 0xFF, 0xFF, 0xFF, 0x00, 0x00, 0x00, 0x00, 0x01, 0x80, 0xC0, 0xFF, 0x9F, 0xFF, 0xFE, 0x00, 
    0x01, 0x80, 0xC0, 0x03, 0xFF, 0xFF, 0xFF, 0x80, 0x01, 0x80, 0xC0, 0x00, 0xF0, 0x00, 0x1F, 0xF0, 
    0x01, 0x80, 0xC0, 0x00, 0xE0, 0x00, 0x07, 0xF0, 0x01, 0x81, 0xC0, 0x00, 0xE0, 0x00, 0x06, 0x30, 
    0x01, 0x87, 0xC0, 0x00, 0xE0, 0x00, 0x06, 0x30, 0x03, 0x87, 0xC0, 0x00, 0xC0, 0x00, 0x06, 0x30, 
    0x03, 0x87, 0xC0, 0x00, 0xC7, 0xFE, 0x06, 0x30, 0x03, 0x87, 0xC0, 0x00, 0xC7, 0xFF, 0x06, 0x30, 
    0x03, 0x87, 0xC0, 0x00, 0xC7, 0x1F, 0x0E, 0x70, 0x03, 0x07, 0x80, 0x00, 0xC6, 0x03, 0x0E, 0x70, 
    0x03, 0x07, 0x80, 0x00, 0xC6, 0x03, 0x0E, 0x70, 0x03, 0x07, 0x80, 0x00, 0xC6, 0x03, 0x0E, 0x70, 
    0x03, 0x07, 0x80, 0x01, 0xC6, 0x03, 0x0C, 0x60, 0x03, 0x01, 0x80, 0x01, 0xC7, 0xFF, 0x0C, 0x60, 
    0x03, 0x01, 0x80, 0x01, 0xC7, 0xFF, 0x0C, 0x60, 0x03, 0x01, 0x80, 0x01, 0xC0, 0x06, 0x0C, 0x60, 
    0x07, 0x03, 0x80, 0x01, 0x80, 0x00, 0x0C, 0x60, 0x07, 0x07, 0x80, 0x01, 0x80, 0x00, 0x0C, 0x60, 
    0x07, 0x0F, 0x80, 0x01, 0x80, 0x00, 0x0C, 0x60, 0x07, 0x07, 0x80, 0x01, 0x87, 0x00, 0x1C, 0xE0, 
    0x07, 0x03, 0x00, 0x01, 0x8F, 0xFE, 0x1C, 0xE0, 0x06, 0x03, 0x00, 0x01, 0x87, 0xFE, 0x1C, 0xE0, 
    0x06, 0x03, 0x00, 0x01, 0x80, 0x00, 0x1C, 0xE0, 0x06, 0x03, 0x00, 0x01, 0x80, 0x00, 0x1C, 0xE0, 
    0x06, 0x0F, 0x00, 0x03, 0x80, 0x00, 0x18, 0xC0, 0x06, 0x0F, 0x00, 0x03, 0x80, 0x00, 0x18, 0xC0, 
    0x06, 0x07, 0x00, 0x03, 0x8F, 0xC0, 0x18, 0xC0, 0x06, 0x03, 0x00, 0x03, 0x8F, 0xFE, 0x18, 0xC0, 
    0x0E, 0x07, 0x00, 0x03, 0x07, 0xFE, 0x18, 0xC0, 0x0E, 0x07, 0x00, 0x03, 0x00, 0x00, 0x18, 0xC0, 
    0x0F, 0xC7, 0x00, 0x03, 0x00, 0x00, 0x18, 0xC0, 0x0F, 0xFF, 0x00, 0x03, 0x00, 0x00, 0x39, 0xC0, 
    0x0F, 0xFF, 0xFF, 0xFB, 0x00, 0x00, 0x39, 0xC0, 0x0C, 0x07, 0xFF, 0xFF, 0xFF, 0x80, 0x39, 0xC0, 
    0x0C, 0x00, 0x00, 0x1F, 0xFF, 0xFE, 0x3F, 0xC0, 0x0C, 0x00, 0x00, 0x0F, 0xC3, 0xFF, 0xFF, 0x80, 
    0x0C, 0x00, 0x00, 0x07, 0x80, 0x07, 0xFF, 0x80, 0x0C, 0x00, 0x00, 0x07, 0x00, 0x00, 0x31, 0x80, 
    0x0F, 0xFF, 0x80, 0x07, 0x00, 0x00, 0x01, 0x80, 0x0F, 0xFF, 0xFF, 0xF7, 0x00, 0x00, 0x01, 0x80, 
    0x00, 0x07, 0xFF, 0xFF, 0xFF, 0x00, 0x01, 0x80, 0x00, 0x00, 0x00, 0xFF, 0xFF, 0xFF, 0xE3, 0x80, 
    0x00, 0x00, 0x00, 0x00, 0x1F, 0xFF, 0xFF, 0x80, 0x00, 0x00, 0x00, 0x00, 0x00, 0x01, 0xFF, 0x80, 
    0x00, 0x00, 0x00, 0x00, 0x00, 0x00, 0x00, 0x00, 0x00, 0x00, 0x00, 0x00, 0x00, 0x00, 0x00, 0x00, 
    0x00, 0x00, 0x00, 0x00, 0x00, 0x00, 0x00, 0x00, 0x00, 0x00, 0x00, 0x00, 0x00, 0x00, 0x00, 0x00, 
    0x00, 0x00, 0x00, 0x00, 0x00, 0x00, 0x00, 0x00, 0x00, 0x00, 0x00, 0x00, 0x00, 0x00, 0x00, 0x00, 
    0x00, 0x00, 0x00, 0x00, 0x00, 0x00, 0x00, 0x00, 0x00, 0x00, 0x00, 0x00, 0x00, 0x00, 0x00, 0x00, 
      },
  {
    0x00, 0x00, 0x00, 0x00, 0x00, 0x00, 0x00, 0x00, 0x00, 0x00, 0x00, 0x00, 0x00, 0x00, 0x00, 0x00, 
    0x00, 0x00, 0x00, 0x00, 0x00, 0x00, 0x00, 0x00, 0x00, 0x00, 0x00, 0x00, 0x00, 0x00, 0x00, 0x00, 
    0x00, 0x00, 0x00, 0x00, 0x00, 0x00, 0x00, 0x00, 0x00, 0x00, 0x00, 0x00, 0x00, 0x00, 0x00, 0x00, 
    0x00, 0x00, 0x00, 0x00, 0x00, 0x00, 0x00, 0x00, 0x00, 0x00, 0x00, 0x00, 0x00, 0x00, 0x00, 0x00, 
    0x00, 0x00, 0x00, 0x00, 0x00, 0x00, 0x00, 0x00, 0x01, 0xFF, 0xE0, 0x00, 0x00, 0x00, 0x00, 0x00, 
    0x03, 0xFF, 0xFF, 0xFC, 0x07, 0xFF, 0xF0, 0x00, 0x03, 0xFF, 0xFF, 0xFF, 0x3F, 0xFF, 0xFF, 0xC0, 
    0x03, 0x1C, 0x00, 0x1F, 0xFF, 0xE0, 0x3F, 0xF0, 0x03, 0x1C, 0x00, 0x03, 0xE0, 0x00, 0x3F, 0xF0, 
    0x03, 0x1C, 0x00, 0x01, 0xC0, 0x00, 0x30, 0x70, 0x03, 0x18, 0x00, 0x01, 0xC0, 0x00, 0x30, 0x60, 
    0x03, 0x18, 0x00, 0x01, 0xC0, 0x00, 0x30, 0x60, 0x03, 0x18, 0x00, 0x01, 0xC7, 0x00, 0x30, 0x60, 
    0x03, 0x18, 0x00, 0x01, 0xCF, 0xF8, 0x30, 0x60, 0x03, 0x18, 0x00, 0x01, 0xCF, 0xFC, 0x38, 0x60, 
    0x03, 0x18, 0x00, 0x01, 0xCC, 0x1C, 0x70, 0x60, 0x03, 0x18, 0x00, 0x01, 0xCC, 0x18, 0x70, 0x60, 
    0x03, 0x18, 0x00, 0x01, 0xCC, 0x18, 0x70, 0x60, 0x03, 0x18, 0x00, 0x01, 0xCC, 0x18, 0x70, 0x60, 
    0x03, 0x18, 0x00, 0x01, 0xCF, 0xF8, 0x70, 0x60, 0x03, 0x18, 0x00, 0x01, 0x8F, 0xF8, 0x70, 0x60, 
    0x07, 0x18, 0x00, 0x01, 0x87, 0xF8, 0x70, 0x60, 0x07, 0x18, 0x00, 0x01, 0x80, 0x00, 0x70, 0x60, 
    0x07, 0x18, 0x00, 0x01, 0x80, 0x00, 0x70, 0x60, 0x07, 0x38, 0x00, 0x01, 0x80, 0x00, 0x60, 0xE0, 
    0x07, 0x38, 0x00, 0x01, 0x80, 0x00, 0x60, 0xE0, 0x07, 0x38, 0x00, 0x01, 0x8F, 0xF8, 0x60, 0xE0, 
    0x07, 0x38, 0x00, 0x01, 0x8F, 0xF8, 0x70, 0xE0, 0x07, 0x38, 0x00, 0x01, 0x81, 0xF8, 0x70, 0xE0, 
    0x07, 0x38, 0x00, 0x01, 0x80, 0x00, 0x60, 0xE0, 0x06, 0x38, 0x00, 0x01, 0x80, 0x00, 0x60, 0xE0, 
    0x06, 0x38, 0x00, 0x01, 0x80, 0x00, 0x60, 0xE0, 0x06, 0x38, 0x00, 0x01, 0x80, 0x00, 0x60, 0xE0, 
    0x06, 0x30, 0x00, 0x01, 0x9F, 0xF0, 0x60, 0xC0, 0x06, 0x30, 0x00, 0x03, 0x9F, 0xF8, 0x70, 0xC0, 
    0x06, 0x30, 0x00, 0x03, 0x80, 0x00, 0x60, 0xC0, 0x06, 0x30, 0x00, 0x03, 0x80, 0x00, 0x60, 0xC0, 
    0x06, 0x30, 0x00, 0x03, 0x80, 0x00, 0xE0, 0xC0, 0x07, 0xF0, 0x00, 0x03, 0x80, 0x00, 0xE0, 0xC0, 
    0x07, 0xFF, 0xFF, 0xFB, 0x80, 0x00, 0xE0, 0xC0, 0x07, 0xFF, 0xFF, 0xFF, 0xFF, 0xC0, 0xFF, 0xC0, 
    0x06, 0x00, 0x00, 0xFF, 0xFF, 0xFF, 0xFF, 0xC0, 0x06, 0x00, 0x00, 0x07, 0xC0, 0xFF, 0xFF, 0xC0, 
    0x06, 0x00, 0x00, 0x07, 0x80, 0x03, 0xC0, 0xC0, 0x0E, 0x00, 0x00, 0x03, 0x80, 0x00, 0x00, 0xC0, 
    0x0E, 0x00, 0x00, 0x03, 0x00, 0x00, 0x00, 0xC0, 0x0F, 0xFF, 0xFF, 0xC3, 0x00, 0x00, 0x00, 0xC0, 
    0x07, 0xFF, 0xFF, 0xFF, 0xFF, 0xFF, 0x81, 0xC0, 0x00, 0x00, 0x7F, 0xFF, 0xFF, 0xFF, 0xFF, 0xC0, 
    0x00, 0x00, 0x00, 0x00, 0x00, 0xFF, 0xFF, 0xC0, 0x00, 0x00, 0x00, 0x00, 0x00, 0x00, 0x00, 0x00, 
    0x00, 0x00, 0x00, 0x00, 0x00, 0x00, 0x00, 0x00, 0x00, 0x00, 0x00, 0x00, 0x00, 0x00, 0x00, 0x00, 
    0x00, 0x00, 0x00, 0x00, 0x00, 0x00, 0x00, 0x00, 0x00, 0x00, 0x00, 0x00, 0x00, 0x00, 0x00, 0x00, 
    0x00, 0x00, 0x00, 0x00, 0x00, 0x00, 0x00, 0x00, 0x00, 0x00, 0x00, 0x00, 0x00, 0x00, 0x00, 0x00, 
    0x00, 0x00, 0x00, 0x00, 0x00, 0x00, 0x00, 0x00, 0x00, 0x00, 0x00, 0x00, 0x00, 0x00, 0x00, 0x00, 
      },
  {
    0x00, 0x00, 0x00, 0x00, 0x00, 0x00, 0x00, 0x00, 0x00, 0x00, 0x00, 0x00, 0x00, 0x00, 0x00, 0x00, 
    0x00, 0x00, 0x00, 0x00, 0x00, 0x00, 0x00, 0x00, 0x00, 0x00, 0x00, 0x00, 0x00, 0x00, 0x00, 0x00, 
    0x00, 0x00, 0x00, 0x00, 0x00, 0x00, 0x00, 0x00, 0x00, 0x00, 0x00, 0x00, 0x00, 0x00, 0x00, 0x00, 
    0x00, 0x00, 0x00, 0x00, 0x00, 0x00, 0x00, 0x00, 0x00, 0x00, 0x00, 0x00, 0x00, 0x00, 0x00, 0x00, 
    0x00, 0x00, 0x00, 0x00, 0x00, 0x07, 0x00, 0x00, 0x00, 0x00, 0x00, 0x00, 0x01, 0xFF, 0x00, 0x00, 
    0x00, 0xFF, 0xFF, 0xF0, 0x3F, 0xFF, 0xFF, 0xC0, 0x07, 0xFF, 0xFF, 0xFC, 0x7F, 0xC3, 0xFF, 0xE0, 
    0x07, 0xFF, 0xFF, 0xFF, 0xF0, 0x03, 0xFF, 0xE0, 0x07, 0xC0, 0x00, 0x07, 0xC0, 0x03, 0x00, 0xE0, 
    0x07, 0xC0, 0x00, 0x03, 0x80, 0x03, 0x80, 0xE0, 0x07, 0xC0, 0x00, 0x01, 0x80, 0x03, 0x80, 0xE0, 
    0x07, 0xC0, 0x00, 0x01, 0x80, 0x03, 0x00, 0xE0, 0x07, 0xC0, 0x00, 0x01, 0x9F, 0xC3, 0xE0, 0xE0, 
    0x07, 0xC0, 0x00, 0x01, 0x9F, 0xC3, 0xF0, 0xE0, 0x07, 0xC0, 0x00, 0x01, 0x9E, 0xC3, 0xF0, 0xE0, 
    0x07, 0xC0, 0x00, 0x01, 0x98, 0xC3, 0x30, 0xE0, 0x07, 0xC0, 0x00, 0x01, 0x98, 0xC3, 0x30, 0xE0, 
    0x07, 0xC0, 0x00, 0x01, 0x98, 0xC3, 0x30, 0xE0, 0x07, 0xC0, 0x00, 0x01, 0x98, 0xC3, 0x30, 0xE0, 
    0x07, 0xC0, 0x00, 0x01, 0x9F, 0xC3, 0xF0, 0xE0, 0x07, 0xC0, 0x00, 0x01, 0x9F, 0xC3, 0xF0, 0xE0, 
    0x07, 0xC0, 0x00, 0x01, 0x80, 0x03, 0x80, 0xE0, 0x07, 0xC0, 0x00, 0x01, 0x80, 0x03, 0x80, 0xE0, 
    0x07, 0xC0, 0x00, 0x01, 0x80, 0x03, 0x80, 0xE0, 0x07, 0xC0, 0x00, 0x01, 0x80, 0x03, 0x80, 0xE0, 
    0x07, 0xC0, 0x00, 0x01, 0x80, 0x03, 0x80, 0xE0, 0x07, 0xC0, 0x00, 0x01, 0x9F, 0xE3, 0xF0, 0xE0, 
    0x07, 0xC0, 0x00, 0x01, 0x9F, 0xC3, 0xF0, 0xE0, 0x07, 0xC0, 0x00, 0x01, 0x80, 0x03, 0x80, 0xE0, 
    0x07, 0xC0, 0x00, 0x01, 0x80, 0x03, 0x80, 0xE0, 0x07, 0xC0, 0x00, 0x01, 0x80, 0x03, 0x80, 0xE0, 
    0x07, 0xC0, 0x00, 0x01, 0x80, 0x03, 0x80, 0xE0, 0x07, 0xC0, 0x00, 0x01, 0x80, 0x03, 0xE0, 0xE0, 
    0x07, 0xC0, 0x00, 0x01, 0x9F, 0xE3, 0xF0, 0xE0, 0x07, 0xC0, 0x00, 0x01, 0x9F, 0xC3, 0xE0, 0xE0, 
    0x07, 0xC0, 0x00, 0x01, 0x80, 0x03, 0x80, 0xE0, 0x07, 0xC0, 0x00, 0x01, 0x80, 0x03, 0x80, 0xE0, 
    0x07, 0xC0, 0x00, 0x01, 0x80, 0x03, 0x80, 0xE0, 0x07, 0xC0, 0x00, 0x01, 0x80, 0x03, 0x80, 0xE0, 
    0x07, 0xC0, 0x01, 0xF1, 0x98, 0x03, 0xFF, 0xE0, 0x07, 0xFF, 0xFF, 0xFF, 0xFF, 0xE3, 0xFF, 0xE0, 
    0x07, 0xFF, 0xFF, 0xFF, 0xFF, 0xFF, 0xFF, 0xE0, 0x07, 0x00, 0x00, 0x07, 0xE0, 0x7F, 0x80, 0x60, 
    0x07, 0x00, 0x00, 0x03, 0xC0, 0x03, 0x00, 0xE0, 0x07, 0x00, 0x00, 0x01, 0xC0, 0x00, 0x00, 0xE0, 
    0x07, 0x00, 0x00, 0x01, 0x80, 0x00, 0x00, 0x60, 0x07, 0x00, 0x00, 0x01, 0x80, 0x00, 0x00, 0xE0, 
    0x07, 0xFF, 0xFF, 0xFF, 0xFF, 0xFF, 0xFF, 0xE0, 0x03, 0xFF, 0xFF, 0xFF, 0xFF, 0xFF, 0xFF, 0xC0, 
    0x00, 0x00, 0x00, 0x00, 0x00, 0x00, 0x00, 0x00, 0x00, 0x00, 0x00, 0x00, 0x00, 0x00, 0x00, 0x00, 
    0x00, 0x00, 0x00, 0x00, 0x00, 0x00, 0x00, 0x00, 0x00, 0x00, 0x00, 0x00, 0x00, 0x00, 0x00, 0x00, 
    0x00, 0x00, 0x00, 0x00, 0x00, 0x00, 0x00, 0x00, 0x00, 0x00, 0x00, 0x00, 0x00, 0x00, 0x00, 0x00, 
    0x00, 0x00, 0x00, 0x00, 0x00, 0x00, 0x00, 0x00, 0x00, 0x00, 0x00, 0x00, 0x00, 0x00, 0x00, 0x00, 
    0x00, 0x00, 0x00, 0x00, 0x00, 0x00, 0x00, 0x00, 0x00, 0x00, 0x00, 0x00, 0x00, 0x00, 0x00, 0x00, 
      },
  {
    0x00, 0x00, 0x00, 0x00, 0x00, 0x00, 0x00, 0x00, 0x00, 0x00, 0x00, 0x00, 0x00, 0x00, 0x00, 0x00, 
    0x00, 0x00, 0x00, 0x00, 0x00, 0x00, 0x00, 0x00, 0x00, 0x00, 0x00, 0x00, 0x00, 0x00, 0x00, 0x00, 
    0x00, 0x00, 0x00, 0x00, 0x00, 0x00, 0x00, 0x00, 0x00, 0x00, 0x00, 0x00, 0x00, 0x00, 0x00, 0x00, 
    0x00, 0x00, 0x00, 0x00, 0x00, 0x00, 0x00, 0x00, 0x00, 0x00, 0x00, 0x00, 0x00, 0x30, 0x00, 0x00, 
    0x00, 0x00, 0x00, 0x00, 0x01, 0xF8, 0x00, 0x00, 0x00, 0x00, 0x00, 0x00, 0x0F, 0xF8, 0x0F, 0x80, 
    0x00, 0x00, 0x00, 0x00, 0x7F, 0x1F, 0xFF, 0xC0, 0x03, 0xFF, 0xFF, 0xFC, 0xF8, 0x1F, 0xFF, 0xC0, 
    0x07, 0xFF, 0xFF, 0xFF, 0xC0, 0x18, 0x00, 0xC0, 0x0F, 0xFC, 0x00, 0x0F, 0x80, 0x18, 0x00, 0xC0, 
    0x06, 0x00, 0x00, 0x07, 0x80, 0x18, 0x00, 0xC0, 0x06, 0x00, 0x00, 0x03, 0x80, 0x18, 0x00, 0xC0, 
    0x07, 0x00, 0x00, 0x03, 0x80, 0x18, 0xC0, 0xC0, 0x07, 0x00, 0x00, 0x03, 0xBE, 0x1F, 0xE0, 0xC0, 
    0x07, 0x00, 0x00, 0x03, 0xBE, 0x1F, 0xE0, 0xC0, 0x07, 0x00, 0x00, 0x03, 0xB6, 0x18, 0x60, 0xC0, 
    0x07, 0x00, 0x00, 0x03, 0xB6, 0x18, 0x60, 0xC0, 0x07, 0x00, 0x00, 0x03, 0xB6, 0x18, 0x70, 0xC0, 
    0x07, 0x00, 0x00, 0x03, 0xB6, 0x18, 0x70, 0xC0, 0x07, 0x00, 0x00, 0x03, 0xB6, 0x1F, 0xF0, 0xC0, 
    0x07, 0x00, 0x00, 0x03, 0xBE, 0x1F, 0xF0, 0xC0, 0x07, 0x00, 0x00, 0x01, 0xBE, 0x1F, 0xE0, 0xC0, 
    0x07, 0x00, 0x00, 0x01, 0x80, 0x1C, 0x00, 0xE0, 0x07, 0x00, 0x00, 0x01, 0x80, 0x1C, 0x00, 0xE0, 
    0x07, 0x00, 0x00, 0x01, 0x80, 0x1C, 0x00, 0xE0, 0x07, 0x00, 0x00, 0x01, 0x80, 0x1C, 0x00, 0xE0, 
    0x07, 0x00, 0x00, 0x01, 0x80, 0x1F, 0xF0, 0xE0, 0x07, 0x00, 0x00, 0x01, 0xBF, 0x1F, 0xF0, 0xE0, 
    0x07, 0x00, 0x00, 0x01, 0xBF, 0x1F, 0x80, 0xE0, 0x07, 0x00, 0x00, 0x01, 0x80, 0x1C, 0x00, 0xE0, 
    0x07, 0x00, 0x00, 0x01, 0x80, 0x0C, 0x00, 0xE0, 0x07, 0x00, 0x00, 0x01, 0x80, 0x0C, 0x00, 0xE0, 
    0x07, 0x00, 0x00, 0x01, 0x80, 0x0C, 0x00, 0x60, 0x07, 0x00, 0x00, 0x01, 0x9F, 0x0F, 0xF0, 0x60, 
    0x03, 0x00, 0x00, 0x01, 0xBF, 0x0F, 0xF0, 0x60, 0x03, 0x00, 0x00, 0x01, 0x9E, 0x0C, 0x00, 0x60, 
    0x03, 0x80, 0x00, 0x01, 0xC0, 0x0C, 0x00, 0x60, 0x03, 0x80, 0x00, 0x01, 0xC0, 0x0C, 0x00, 0x60, 
    0x03, 0x80, 0x00, 0x01, 0xC0, 0x0C, 0x00, 0x60, 0x03, 0x80, 0x00, 0x01, 0xC0, 0x0C, 0x03, 0xE0, 
    0x03, 0x80, 0x00, 0x01, 0xF8, 0x0F, 0xFF, 0xE0, 0x03, 0xFF, 0xFF, 0xFF, 0xFF, 0xCF, 0xFF, 0xE0, 
    0x03, 0xFF, 0xFF, 0xFF, 0xFF, 0xFE, 0x00, 0x60, 0x03, 0xFF, 0x00, 0x03, 0xE0, 0xFC, 0x00, 0x60, 
    0x03, 0x00, 0x00, 0x01, 0xE0, 0x1C, 0x00, 0x60, 0x03, 0x00, 0x00, 0x01, 0xC0, 0x00, 0x00, 0x60, 
    0x03, 0x00, 0x00, 0x00, 0xC0, 0x00, 0x00, 0x70, 0x03, 0x00, 0x00, 0x01, 0xC3, 0xFF, 0xFF, 0xF0, 
    0x03, 0x83, 0xFF, 0xFF, 0xFF, 0xFF, 0xFF, 0xE0, 0x03, 0xFF, 0xFF, 0xFF, 0xFF, 0xFF, 0x00, 0x00, 
    0x03, 0xFF, 0xFF, 0x00, 0x00, 0x00, 0x00, 0x00, 0x00, 0x00, 0x00, 0x00, 0x00, 0x00, 0x00, 0x00, 
    0x00, 0x00, 0x00, 0x00, 0x00, 0x00, 0x00, 0x00, 0x00, 0x00, 0x00, 0x00, 0x00, 0x00, 0x00, 0x00, 
    0x00, 0x00, 0x00, 0x00, 0x00, 0x00, 0x00, 0x00, 0x00, 0x00, 0x00, 0x00, 0x00, 0x00, 0x00, 0x00, 
    0x00, 0x00, 0x00, 0x00, 0x00, 0x00, 0x00, 0x00, 0x00, 0x00, 0x00, 0x00, 0x00, 0x00, 0x00, 0x00, 
    0x00, 0x00, 0x00, 0x00, 0x00, 0x00, 0x00, 0x00, 0x00, 0x00, 0x00, 0x00, 0x00, 0x00, 0x00, 0x00, 
      },
  {
    0x00, 0x00, 0x00, 0x00, 0x00, 0x00, 0x00, 0x00, 0x00, 0x00, 0x00, 0x00, 0x00, 0x00, 0x00, 0x00, 
    0x00, 0x00, 0x00, 0x00, 0x00, 0x00, 0x00, 0x00, 0x00, 0x00, 0x00, 0x00, 0x00, 0x00, 0x00, 0x00, 
    0x00, 0x00, 0x00, 0x00, 0x00, 0x00, 0x00, 0x00, 0x00, 0x00, 0x00, 0x00, 0x00, 0x00, 0x00, 0x00, 
    0x00, 0x00, 0x00, 0x00, 0x00, 0x00, 0x00, 0x00, 0x00, 0x00, 0x00, 0x00, 0x03, 0xC0, 0x00, 0x00, 
    0x00, 0x00, 0x00, 0x00, 0x0F, 0xC0, 0x00, 0x00, 0x00, 0x00, 0x00, 0x00, 0x3F, 0xC0, 0xFF, 0x80, 
    0x00, 0x00, 0x00, 0x00, 0xFC, 0xFF, 0xFF, 0xC0, 0x00, 0x1F, 0xFF, 0xF9, 0xF0, 0xFF, 0xFF, 0xC0, 
    0x0F, 0xFF, 0xFF, 0xFF, 0xC0, 0xC0, 0x01, 0xC0, 0x0F, 0xFF, 0xC0, 0x0F, 0x80, 0xC0, 0x01, 0xC0, 
    0x0E, 0x00, 0x00, 0x07, 0x00, 0xC0, 0x01, 0xC0, 0x0E, 0x00, 0x00, 0x03, 0x00, 0xC0, 0x01, 0xC0, 
    0x0E, 0x00, 0x00, 0x03, 0x00, 0xEF, 0xE0, 0xC0, 0x0E, 0x00, 0x00, 0x03, 0xF0, 0xFF, 0xE0, 0xC0, 
    0x06, 0x00, 0x00, 0x03, 0xF0, 0xFF, 0xE0, 0xC0, 0x06, 0x00, 0x00, 0x03, 0xF0, 0xE0, 0x60, 0xC0, 
    0x06, 0x00, 0x00, 0x03, 0xF0, 0xE0, 0x60, 0xC0, 0x06, 0x00, 0x00, 0x03, 0xF0, 0xE0, 0x60, 0xC0, 
    0x06, 0x00, 0x00, 0x03, 0xF0, 0xE0, 0x60, 0xC0, 0x06, 0x00, 0x00, 0x03, 0xF0, 0xFF, 0xE0, 0xC0, 
    0x06, 0x00, 0x00, 0x03, 0xF0, 0xFF, 0xE0, 0xC0, 0x06, 0x00, 0x00, 0x03, 0xF0, 0x7F, 0x00, 0xC0, 
    0x06, 0x00, 0x00, 0x01, 0x80, 0x60, 0x00, 0xC0, 0x06, 0x00, 0x00, 0x01, 0x80, 0x60, 0x00, 0xE0, 
    0x06, 0x00, 0x00, 0x01, 0x80, 0x60, 0x00, 0xE0, 0x07, 0x00, 0x00, 0x01, 0x80, 0x60, 0x00, 0xE0, 
    0x07, 0x00, 0x00, 0x01, 0x80, 0x7F, 0xF0, 0xE0, 0x07, 0x00, 0x00, 0x01, 0xF8, 0x7F, 0xF0, 0xE0, 
    0x07, 0x00, 0x00, 0x01, 0xF8, 0x78, 0x00, 0xE0, 0x07, 0x00, 0x00, 0x01, 0x80, 0x60, 0x00, 0xE0, 
    0x07, 0x00, 0x00, 0x01, 0x80, 0x60, 0x00, 0x60, 0x07, 0x00, 0x00, 0x01, 0x80, 0x60, 0x00, 0x60, 
    0x07, 0x00, 0x00, 0x01, 0x80, 0x70, 0x00, 0x60, 0x03, 0x00, 0x00, 0x01, 0xD8, 0x7F, 0xF0, 0x60, 
    0x03, 0x00, 0x00, 0x01, 0xF8, 0x7F, 0xF0, 0x60, 0x03, 0x00, 0x00, 0x01, 0xF8, 0x70, 0x00, 0x60, 
    0x03, 0x00, 0x00, 0x01, 0xC0, 0x70, 0x00, 0x60, 0x03, 0x00, 0x00, 0x01, 0xC0, 0x70, 0x00, 0x60, 
    0x03, 0x00, 0x00, 0x01, 0xC0, 0x70, 0x00, 0x60, 0x03, 0x00, 0x00, 0x01, 0xC0, 0x30, 0x7F, 0xE0, 
    0x03, 0x00, 0x00, 0x00, 0xF8, 0x3F, 0xFF, 0xE0, 0x03, 0x8F, 0xFF, 0xFF, 0xFF, 0x3F, 0xFF, 0x60, 
    0x03, 0xFF, 0xFF, 0xFF, 0xFF, 0xF0, 0x00, 0x70, 0x03, 0xFF, 0xF0, 0x03, 0xF3, 0xF0, 0x00, 0x70, 
    0x03, 0x80, 0x00, 0x01, 0xE0, 0xF0, 0x00, 0x70, 0x03, 0x80, 0x00, 0x00, 0xC0, 0x30, 0x00, 0x70, 
    0x03, 0x80, 0x00, 0x00, 0xC0, 0x00, 0x01, 0xF0, 0x03, 0x80, 0x00, 0x00, 0xC7, 0xFF, 0xFF, 0xF0, 
    0x03, 0x80, 0x3F, 0xFF, 0xFF, 0xFF, 0xFF, 0xE0, 0x03, 0xFF, 0xFF, 0xFF, 0xFF, 0xF0, 0x00, 0x00, 
    0x01, 0xFF, 0xFF, 0xC0, 0x00, 0x00, 0x00, 0x00, 0x00, 0x00, 0x00, 0x00, 0x00, 0x00, 0x00, 0x00, 
    0x00, 0x00, 0x00, 0x00, 0x00, 0x00, 0x00, 0x00, 0x00, 0x00, 0x00, 0x00, 0x00, 0x00, 0x00, 0x00, 
    0x00, 0x00, 0x00, 0x00, 0x00, 0x00, 0x00, 0x00, 0x00, 0x00, 0x00, 0x00, 0x00, 0x00, 0x00, 0x00, 
    0x00, 0x00, 0x00, 0x00, 0x00, 0x00, 0x00, 0x00, 0x00, 0x00, 0x00, 0x00, 0x00, 0x00, 0x00, 0x00, 
    0x00, 0x00, 0x00, 0x00, 0x00, 0x00, 0x00, 0x00, 0x00, 0x00, 0x00, 0x00, 0x00, 0x00, 0x00, 0x00, 
      },
  {
    0x00, 0x00, 0x00, 0x00, 0x00, 0x00, 0x00, 0x00, 0x00, 0x00, 0x00, 0x00, 0x00, 0x00, 0x00, 0x00, 
    0x00, 0x00, 0x00, 0x00, 0x00, 0x00, 0x00, 0x00, 0x00, 0x00, 0x00, 0x00, 0x00, 0x00, 0x00, 0x00, 
    0x00, 0x00, 0x00, 0x00, 0x00, 0x00, 0x00, 0x00, 0x00, 0x00, 0x00, 0x00, 0x00, 0x00, 0x00, 0x00, 
    0x00, 0x00, 0x00, 0x00, 0x00, 0x00, 0x00, 0x00, 0x00, 0x00, 0x00, 0x00, 0x20, 0x00, 0x00, 0x00, 
    0x00, 0x00, 0x00, 0x00, 0x70, 0x00, 0x00, 0x00, 0x00, 0x00, 0x00, 0x00, 0xF0, 0x00, 0x7F, 0x80, 
    0x00, 0x00, 0x00, 0x01, 0xFF, 0xFF, 0xFF, 0xC0, 0x00, 0x3F, 0xFF, 0xFB, 0xFF, 0xFF, 0xFF, 0xC0, 
    0x0F, 0xFF, 0xFF, 0xFF, 0xB8, 0x00, 0x01, 0xC0, 0x0F, 0xFF, 0xC0, 0x0F, 0x30, 0x00, 0x01, 0xC0, 
    0x0E, 0x00, 0x00, 0x07, 0x30, 0x00, 0x01, 0xC0, 0x0E, 0x00, 0x00, 0x03, 0x30, 0x00, 0x00, 0xC0, 
    0x0E, 0x00, 0x00, 0x03, 0x30, 0x07, 0xE0, 0xC0, 0x0E, 0x00, 0x00, 0x03, 0xBF, 0xFF, 0xE0, 0xC0, 
    0x06, 0x00, 0x00, 0x03, 0xFF, 0xFF, 0xE0, 0xC0, 0x06, 0x00, 0x00, 0x03, 0xFE, 0x00, 0x60, 0xC0, 
    0x06, 0x00, 0x00, 0x03, 0xFE, 0x00, 0x60, 0xC0, 0x06, 0x00, 0x00, 0x03, 0xFE, 0x00, 0x60, 0xC0, 
    0x06, 0x00, 0x00, 0x03, 0xFE, 0x00, 0x60, 0xC0, 0x06, 0x00, 0x00, 0x03, 0xDF, 0x7F, 0xF0, 0xC0, 
    0x06, 0x00, 0x00, 0x03, 0xDF, 0xFF, 0xE0, 0xC0, 0x06, 0x00, 0x00, 0x03, 0xDB, 0xFF, 0x80, 0xC0, 
    0x06, 0x00, 0x00, 0x01, 0x98, 0x00, 0x00, 0xC0, 0x06, 0x00, 0x00, 0x01, 0x98, 0x00, 0x00, 0xE0, 
    0x07, 0x00, 0x00, 0x01, 0x98, 0x00, 0x00, 0xE0, 0x07, 0x00, 0x00, 0x01, 0x98, 0x00, 0x00, 0xE0, 
    0x07, 0x00, 0x00, 0x01, 0x99, 0xFF, 0xF0, 0xE0, 0x07, 0x00, 0x00, 0x01, 0xFF, 0xFF, 0xF0, 0xE0, 
    0x07, 0x00, 0x00, 0x01, 0xFB, 0xFC, 0x00, 0xE0, 0x07, 0x00, 0x00, 0x01, 0x98, 0x00, 0x00, 0xE0, 
    0x07, 0x00, 0x00, 0x01, 0x98, 0x00, 0x00, 0xE0, 0x07, 0x00, 0x00, 0x01, 0x98, 0x00, 0x00, 0x60, 
    0x07, 0x00, 0x00, 0x01, 0x9C, 0x00, 0x00, 0x60, 0x03, 0x00, 0x00, 0x01, 0xDD, 0xFF, 0xF0, 0x60, 
    0x03, 0x00, 0x00, 0x01, 0xFF, 0xFF, 0xF0, 0x60, 0x03, 0x00, 0x00, 0x01, 0xDD, 0xC0, 0x00, 0x60, 
    0x03, 0x00, 0x00, 0x01, 0xDC, 0x00, 0x00, 0x60, 0x03, 0x00, 0x00, 0x01, 0xDC, 0x00, 0x00, 0x60, 
    0x03, 0x00, 0x00, 0x01, 0xDC, 0x00, 0x00, 0x60, 0x03, 0x00, 0x00, 0x01, 0xDC, 0x00, 0x3F, 0xE0, 
    0x03, 0x00, 0x00, 0x01, 0xCF, 0xFF, 0xFF, 0xE0, 0x03, 0x9F, 0xFF, 0xFF, 0xFF, 0xFF, 0xFF, 0xE0, 
    0x03, 0xFF, 0xFF, 0xFF, 0xFE, 0x00, 0x00, 0x70, 0x03, 0xFF, 0xE0, 0x03, 0xFC, 0x00, 0x00, 0x70, 
    0x03, 0x00, 0x00, 0x01, 0xEC, 0x00, 0x00, 0x70, 0x03, 0x80, 0x00, 0x01, 0xC0, 0x00, 0x00, 0x70, 
    0x03, 0x80, 0x00, 0x00, 0xC0, 0x00, 0x00, 0xF0, 0x03, 0x80, 0x00, 0x00, 0xC7, 0xFF, 0xFF, 0xF0, 
    0x03, 0x80, 0x3F, 0xFF, 0xFF, 0xFF, 0xFF, 0xE0, 0x03, 0xFF, 0xFF, 0xFF, 0xFF, 0xF8, 0x00, 0x00, 
    0x03, 0xFF, 0xFF, 0x80, 0x00, 0x00, 0x00, 0x00, 0x00, 0x00, 0x00, 0x00, 0x00, 0x00, 0x00, 0x00, 
    0x00, 0x00, 0x00, 0x00, 0x00, 0x00, 0x00, 0x00, 0x00, 0x00, 0x00, 0x00, 0x00, 0x00, 0x00, 0x00, 
    0x00, 0x00, 0x00, 0x00, 0x00, 0x00, 0x00, 0x00, 0x00, 0x00, 0x00, 0x00, 0x00, 0x00, 0x00, 0x00, 
    0x00, 0x00, 0x00, 0x00, 0x00, 0x00, 0x00, 0x00, 0x00, 0x00, 0x00, 0x00, 0x00, 0x00, 0x00, 0x00, 
    0x00, 0x00, 0x00, 0x00, 0x00, 0x00, 0x00, 0x00, 0x00, 0x00, 0x00, 0x00, 0x00, 0x00, 0x00, 0x00, 
      },
  {
    0x00, 0x00, 0x00, 0x00, 0x00, 0x00, 0x00, 0x00, 0x00, 0x00, 0x00, 0x00, 0x00, 0x00, 0x00, 0x00, 
    0x00, 0x00, 0x00, 0x00, 0x00, 0x00, 0x00, 0x00, 0x00, 0x00, 0x00, 0x00, 0x00, 0x00, 0x00, 0x00, 
    0x00, 0x00, 0x00, 0x00, 0x00, 0x00, 0x00, 0x00, 0x00, 0x00, 0x00, 0x00, 0x00, 0x00, 0x00, 0x00, 
    0x00, 0x00, 0x00, 0x00, 0x00, 0x00, 0x00, 0x00, 0x00, 0x00, 0x00, 0x00, 0x00, 0x00, 0x00, 0x00, 
    0x00, 0x00, 0x00, 0x08, 0x00, 0x00, 0x00, 0x00, 0x00, 0x00, 0x00, 0x0C, 0x00, 0x00, 0x00, 0x80, 
    0x00, 0x00, 0x00, 0x0E, 0x1F, 0xFF, 0xFF, 0xC0, 0x07, 0xFF, 0xFF, 0xFF, 0x7F, 0xFF, 0xFF, 0xC0, 
    0x07, 0xFF, 0xFF, 0xFF, 0xFE, 0x00, 0x00, 0xC0, 0x07, 0xF0, 0x00, 0x0F, 0xC0, 0x00, 0x00, 0xC0, 
    0x06, 0x00, 0x00, 0x0F, 0x80, 0x00, 0x00, 0xC0, 0x06, 0x00, 0x00, 0x0F, 0x80, 0x00, 0x00, 0xC0, 
    0x06, 0x00, 0x00, 0x0F, 0x80, 0x00, 0x00, 0xC0, 0x06, 0x00, 0x00, 0x0F, 0x87, 0xFF, 0xE0, 0xC0, 
    0x06, 0x00, 0x00, 0x0F, 0x87, 0xFF, 0xE0, 0xC0, 0x06, 0x00, 0x00, 0x0F, 0x87, 0x00, 0x60, 0xC0, 
    0x06, 0x00, 0x00, 0x0F, 0x87, 0x00, 0x70, 0xC0, 0x06, 0x00, 0x00, 0x0F, 0x87, 0x00, 0x70, 0xC0, 
    0x06, 0x00, 0x00, 0x0F, 0x87, 0x00, 0x70, 0xC0, 0x06, 0x00, 0x00, 0x0F, 0x87, 0x07, 0xF0, 0xC0, 
    0x06, 0x00, 0x00, 0x0F, 0x87, 0xFF, 0xF0, 0xC0, 0x06, 0x00, 0x00, 0x0F, 0x83, 0xFF, 0xE0, 0xE0, 
    0x07, 0x00, 0x00, 0x0F, 0x80, 0x00, 0x00, 0xE0, 0x07, 0x00, 0x00, 0x0F, 0x80, 0x00, 0x00, 0xE0, 
    0x07, 0x00, 0x00, 0x0F, 0x80, 0x00, 0x00, 0xE0, 0x07, 0x00, 0x00, 0x0F, 0x80, 0x00, 0x00, 0xE0, 
    0x07, 0x00, 0x00, 0x0F, 0x80, 0xFF, 0xE0, 0xE0, 0x07, 0x00, 0x00, 0x0F, 0x83, 0xFF, 0xF0, 0xE0, 
    0x07, 0x00, 0x00, 0x0F, 0x83, 0xFF, 0xE0, 0xE0, 0x07, 0x00, 0x00, 0x0F, 0x80, 0x00, 0x00, 0xE0, 
    0x07, 0x00, 0x00, 0x0F, 0x80, 0x00, 0x00, 0xE0, 0x07, 0x00, 0x00, 0x0F, 0x80, 0x00, 0x00, 0xE0, 
    0x07, 0x00, 0x00, 0x0F, 0x80, 0x00, 0x00, 0xE0, 0x07, 0x00, 0x00, 0x0F, 0x81, 0xFF, 0xF0, 0x60, 
    0x07, 0x00, 0x00, 0x0F, 0x83, 0xFF, 0xF0, 0x60, 0x03, 0x00, 0x00, 0x07, 0x83, 0xFC, 0x00, 0x60, 
    0x03, 0x00, 0x00, 0x07, 0xC0, 0x00, 0x00, 0x60, 0x03, 0x00, 0x00, 0x07, 0xC0, 0x00, 0x00, 0x60, 
    0x03, 0x00, 0x00, 0x07, 0xC0, 0x00, 0x00, 0x60, 0x03, 0x00, 0x00, 0x07, 0xC0, 0x00, 0x00, 0xE0, 
    0x03, 0x00, 0x00, 0x0F, 0xCF, 0xFF, 0xFF, 0xE0, 0x03, 0xFF, 0xFF, 0xFF, 0xFF, 0xFF, 0xFF, 0xE0, 
    0x03, 0xFF, 0xFF, 0xFF, 0xFF, 0x80, 0x00, 0x60, 0x03, 0xFC, 0x00, 0x07, 0xE0, 0x00, 0x00, 0x60, 
    0x03, 0x00, 0x00, 0x07, 0xC0, 0x00, 0x00, 0x60, 0x03, 0x00, 0x00, 0x01, 0xC0, 0x00, 0x00, 0x60, 
    0x03, 0x00, 0x00, 0x01, 0xC0, 0x00, 0x00, 0x60, 0x03, 0x00, 0x00, 0x01, 0xC1, 0xFF, 0xFF, 0xE0, 
    0x03, 0x9F, 0xFF, 0xFF, 0xFF, 0xFF, 0xFF, 0xE0, 0x03, 0xFF, 0xFF, 0xFF, 0xFF, 0xFF, 0xC0, 0x00, 
    0x03, 0xFF, 0xFC, 0x00, 0x00, 0x00, 0x00, 0x00, 0x00, 0x00, 0x00, 0x00, 0x00, 0x00, 0x00, 0x00, 
    0x00, 0x00, 0x00, 0x00, 0x00, 0x00, 0x00, 0x00, 0x00, 0x00, 0x00, 0x00, 0x00, 0x00, 0x00, 0x00, 
    0x00, 0x00, 0x00, 0x00, 0x00, 0x00, 0x00, 0x00, 0x00, 0x00, 0x00, 0x00, 0x00, 0x00, 0x00, 0x00, 
    0x00, 0x00, 0x00, 0x00, 0x00, 0x00, 0x00, 0x00, 0x00, 0x00, 0x00, 0x00, 0x00, 0x00, 0x00, 0x00, 
    0x00, 0x00, 0x00, 0x00, 0x00, 0x00, 0x00, 0x00, 0x00, 0x00, 0x00, 0x00, 0x00, 0x00, 0x00, 0x00, 
      },
  {
    0x00, 0x00, 0x00, 0x00, 0x00, 0x00, 0x00, 0x00, 0x00, 0x00, 0x00, 0x00, 0x00, 0x00, 0x00, 0x00, 
    0x00, 0x00, 0x00, 0x00, 0x00, 0x00, 0x00, 0x00, 0x00, 0x00, 0x00, 0x00, 0x00, 0x00, 0x00, 0x00, 
    0x00, 0x00, 0x00, 0x00, 0x00, 0x00, 0x00, 0x00, 0x00, 0x00, 0x00, 0x00, 0x00, 0x00, 0x00, 0x00, 
    0x00, 0x00, 0x00, 0x00, 0x00, 0x00, 0x00, 0x00, 0x00, 0x00, 0x00, 0x00, 0x00, 0x00, 0x00, 0x00, 
    0x00, 0x00, 0x00, 0x00, 0x00, 0x00, 0x00, 0x00, 0x00, 0x00, 0x03, 0xC0, 0x00, 0x00, 0x00, 0x00, 
    0x00, 0x03, 0xFF, 0xFE, 0x0F, 0xFF, 0xFF, 0xC0, 0x07, 0xFF, 0xFF, 0xFF, 0x7F, 0xFF, 0xFF, 0xE0, 
    0x07, 0xFF, 0xFF, 0xFF, 0xFF, 0xFF, 0xFF, 0xE0, 0x07, 0x00, 0x03, 0x07, 0xE0, 0x00, 0x00, 0xE0, 
    0x07, 0x00, 0x03, 0x03, 0xC0, 0x00, 0x00, 0xE0, 0x07, 0x00, 0x03, 0x03, 0x80, 0x00, 0x00, 0xE0, 
    0x07, 0x00, 0x03, 0x01, 0x80, 0x00, 0x00, 0xE0, 0x07, 0x00, 0x03, 0xFD, 0x83, 0xFF, 0xE0, 0xE0, 
    0x07, 0x00, 0x03, 0xFD, 0x87, 0xFF, 0xF0, 0xE0, 0x07, 0x00, 0x03, 0xFD, 0x87, 0xF8, 0x70, 0xE0, 
    0x07, 0x00, 0x03, 0x8D, 0x83, 0x00, 0x30, 0xE0, 0x07, 0x00, 0x03, 0x8D, 0x83, 0x00, 0x70, 0xE0, 
    0x07, 0x00, 0x03, 0x8D, 0x83, 0x00, 0x70, 0xE0, 0x07, 0x00, 0x03, 0x8D, 0x83, 0x00, 0x70, 0xE0, 
    0x07, 0x00, 0x03, 0xFD, 0x83, 0xFF, 0xF0, 0xE0, 0x07, 0x00, 0x03, 0xFD, 0x83, 0xFF, 0xF0, 0xE0, 
    0x07, 0x00, 0x03, 0x81, 0x80, 0x00, 0x00, 0xE0, 0x07, 0x00, 0x03, 0x01, 0x80, 0x00, 0x00, 0xE0, 
    0x07, 0x00, 0x03, 0x01, 0x80, 0x00, 0x00, 0xE0, 0x07, 0x00, 0x03, 0x01, 0x80, 0x00, 0x00, 0xE0, 
    0x07, 0x00, 0x03, 0x01, 0x80, 0x00, 0x00, 0xE0, 0x07, 0x00, 0x03, 0xFD, 0x83, 0xFF, 0xF0, 0xE0, 
    0x07, 0x00, 0x03, 0xFD, 0x83, 0xFF, 0xF0, 0xE0, 0x07, 0x00, 0x03, 0x01, 0x80, 0x00, 0x00, 0xE0, 
    0x07, 0x00, 0x03, 0x01, 0x80, 0x00, 0x00, 0xE0, 0x07, 0x00, 0x03, 0x01, 0x80, 0x00, 0x00, 0xE0, 
    0x07, 0x00, 0x03, 0x01, 0x80, 0x00, 0x00, 0xE0, 0x07, 0x00, 0x03, 0x81, 0x80, 0x0F, 0xE0, 0xE0, 
    0x07, 0x00, 0x03, 0xFD, 0x83, 0xFF, 0xF0, 0xE0, 0x07, 0x00, 0x03, 0xFD, 0x83, 0xFF, 0xF0, 0xE0, 
    0x07, 0x00, 0x03, 0x01, 0x80, 0x00, 0x00, 0xE0, 0x07, 0x00, 0x03, 0x01, 0x80, 0x00, 0x00, 0xE0, 
    0x07, 0x00, 0x03, 0x01, 0x80, 0x00, 0x00, 0xE0, 0x07, 0x00, 0x03, 0x01, 0x80, 0x00, 0x00, 0xE0, 
    0x07, 0x00, 0x0F, 0xF7, 0x8F, 0xFF, 0xFF, 0xE0, 0x07, 0xFF, 0xFF, 0xFF, 0xFF, 0xFF, 0xFF, 0xE0, 
    0x07, 0xFF, 0xFF, 0xFF, 0xFF, 0xFF, 0xFF, 0xE0, 0x07, 0x00, 0x03, 0xE7, 0xE0, 0x00, 0x00, 0x60, 
    0x07, 0x00, 0x00, 0x03, 0xC0, 0x00, 0x00, 0xE0, 0x07, 0x00, 0x00, 0x01, 0xC0, 0x00, 0x00, 0xE0, 
    0x07, 0x00, 0x00, 0x01, 0x80, 0x00, 0x00, 0x60, 0x07, 0x00, 0x00, 0x01, 0x80, 0x00, 0x00, 0xE0, 
    0x07, 0xFF, 0xFF, 0xFF, 0xFF, 0xFF, 0xFF, 0xE0, 0x03, 0xFF, 0xFF, 0xFF, 0xFF, 0xFF, 0xFF, 0xC0, 
    0x00, 0x00, 0x00, 0x00, 0x00, 0x00, 0x00, 0x00, 0x00, 0x00, 0x00, 0x00, 0x00, 0x00, 0x00, 0x00, 
    0x00, 0x00, 0x00, 0x00, 0x00, 0x00, 0x00, 0x00, 0x00, 0x00, 0x00, 0x00, 0x00, 0x00, 0x00, 0x00, 
    0x00, 0x00, 0x00, 0x00, 0x00, 0x00, 0x00, 0x00, 0x00, 0x00, 0x00, 0x00, 0x00, 0x00, 0x00, 0x00, 
    0x00, 0x00, 0x00, 0x00, 0x00, 0x00, 0x00, 0x00, 0x00, 0x00, 0x00, 0x00, 0x00, 0x00, 0x00, 0x00, 
    0x00, 0x00, 0x00, 0x00, 0x00, 0x00, 0x00, 0x00, 0x00, 0x00, 0x00, 0x00, 0x00, 0x00, 0x00, 0x00, 
      },
  {
    0x00, 0x00, 0x00, 0x00, 0x00, 0x00, 0x00, 0x00, 0x00, 0x00, 0x00, 0x00, 0x00, 0x00, 0x00, 0x00, 
    0x00, 0x00, 0x00, 0x00, 0x00, 0x00, 0x00, 0x00, 0x00, 0x00, 0x00, 0x00, 0x00, 0x00, 0x00, 0x00, 
    0x00, 0x00, 0x00, 0x00, 0x00, 0x00, 0x00, 0x00, 0x00, 0x00, 0x00, 0x00, 0x00, 0x00, 0x00, 0x00, 
    0x00, 0x00, 0x00, 0x00, 0x00, 0x00, 0x00, 0x00, 0x00, 0x00, 0x00, 0x00, 0x00, 0x00, 0x00, 0x00, 
    0x00, 0x00, 0x00, 0x00, 0x00, 0x00, 0x00, 0x00, 0x00, 0x00, 0x78, 0x00, 0x00, 0x00, 0x00, 0x00, 
    0x03, 0xFF, 0xFF, 0xFC, 0x07, 0xC0, 0x00, 0x00, 0x03, 0xFF, 0xFF, 0xFF, 0x3F, 0xFF, 0xFF, 0xE0, 
    0x03, 0x7F, 0xFF, 0xFF, 0xFF, 0xFF, 0xFF, 0xE0, 0x07, 0x00, 0x60, 0x07, 0xE0, 0x00, 0x00, 0x60, 
    0x07, 0x00, 0x60, 0x03, 0xC0, 0x00, 0x00, 0x60, 0x07, 0x00, 0x60, 0x01, 0xC0, 0x00, 0x00, 0x60, 
    0x07, 0x00, 0x60, 0x01, 0x80, 0x00, 0x00, 0x60, 0x07, 0x00, 0x67, 0xF9, 0x83, 0xFF, 0xE0, 0x60, 
    0x07, 0x00, 0x6F, 0xF9, 0x83, 0xFF, 0xF0, 0xE0, 0x07, 0x00, 0xEE, 0xF9, 0x83, 0xFF, 0xF0, 0xE0, 
    0x07, 0x00, 0xEC, 0x19, 0x83, 0x00, 0x30, 0xE0, 0x07, 0x00, 0xEE, 0x19, 0x83, 0x00, 0x30, 0xE0, 
    0x07, 0x00, 0xEE, 0x19, 0x83, 0x00, 0x30, 0xE0, 0x07, 0x00, 0xEE, 0x19, 0x83, 0x00, 0x30, 0xE0, 
    0x07, 0x00, 0xEF, 0xF9, 0x83, 0xFF, 0xF0, 0xE0, 0x07, 0x00, 0xEF, 0xF9, 0x83, 0xFF, 0xF0, 0xE0, 
    0x07, 0x00, 0xE0, 0x01, 0x80, 0xFF, 0xE0, 0xE0, 0x07, 0x00, 0xE0, 0x01, 0x80, 0x00, 0x00, 0xE0, 
    0x07, 0x00, 0xE0, 0x01, 0x80, 0x00, 0x00, 0xE0, 0x07, 0x00, 0xE0, 0x01, 0x80, 0x00, 0x00, 0xE0, 
    0x07, 0x00, 0xE0, 0x01, 0x80, 0x00, 0x00, 0xE0, 0x07, 0x00, 0xEF, 0xF9, 0x83, 0xFF, 0xF0, 0xE0, 
    0x07, 0x00, 0xEF, 0xF9, 0x83, 0xFF, 0xF0, 0xE0, 0x07, 0x00, 0xE0, 0x01, 0x80, 0x00, 0x00, 0xE0, 
    0x07, 0x00, 0xE0, 0x01, 0x80, 0x00, 0x00, 0xE0, 0x07, 0x00, 0xE0, 0x01, 0x80, 0x00, 0x00, 0xE0, 
    0x07, 0x00, 0xE0, 0x01, 0x80, 0x00, 0x00, 0xE0, 0x07, 0x00, 0xE7, 0x81, 0x80, 0x00, 0x00, 0xE0, 
    0x07, 0x00, 0xEF, 0xF9, 0x83, 0xFF, 0xF0, 0xE0, 0x07, 0x00, 0xEF, 0xF9, 0x83, 0xFF, 0xF0, 0xE0, 
    0x07, 0x00, 0xE0, 0x01, 0x80, 0x00, 0x00, 0xE0, 0x07, 0x00, 0xE0, 0x01, 0x80, 0x00, 0x00, 0xE0, 
    0x07, 0x00, 0xE0, 0x01, 0x80, 0x00, 0x00, 0xE0, 0x06, 0x00, 0xE0, 0x01, 0x80, 0x00, 0x00, 0xE0, 
    0x07, 0xFF, 0xFF, 0xFD, 0x8F, 0x00, 0x00, 0xE0, 0x07, 0xFF, 0xFF, 0xFF, 0xFF, 0xFF, 0xFF, 0xE0, 
    0x07, 0xFF, 0xFF, 0xFF, 0xFF, 0xFF, 0xFF, 0xE0, 0x06, 0x00, 0x60, 0x07, 0xE0, 0x00, 0x00, 0xE0, 
    0x06, 0x00, 0x00, 0x03, 0xC0, 0x00, 0x00, 0xE0, 0x06, 0x00, 0x00, 0x03, 0x80, 0x00, 0x00, 0xE0, 
    0x06, 0x00, 0x00, 0x01, 0x80, 0x00, 0x00, 0xE0, 0x07, 0xFE, 0x00, 0x03, 0x80, 0x00, 0x00, 0xC0, 
    0x07, 0xFF, 0xFF, 0xFF, 0xFF, 0xFF, 0xFF, 0xC0, 0x03, 0xFF, 0xFF, 0xFF, 0xFF, 0xFF, 0xFF, 0xC0, 
    0x00, 0x00, 0x00, 0x00, 0x00, 0x00, 0x00, 0x00, 0x00, 0x00, 0x00, 0x00, 0x00, 0x00, 0x00, 0x00, 
    0x00, 0x00, 0x00, 0x00, 0x00, 0x00, 0x00, 0x00, 0x00, 0x00, 0x00, 0x00, 0x00, 0x00, 0x00, 0x00, 
    0x00, 0x00, 0x00, 0x00, 0x00, 0x00, 0x00, 0x00, 0x00, 0x00, 0x00, 0x00, 0x00, 0x00, 0x00, 0x00, 
    0x00, 0x00, 0x00, 0x00, 0x00, 0x00, 0x00, 0x00, 0x00, 0x00, 0x00, 0x00, 0x00, 0x00, 0x00, 0x00, 
    0x00, 0x00, 0x00, 0x00, 0x00, 0x00, 0x00, 0x00, 0x00, 0x00, 0x00, 0x00, 0x00, 0x00, 0x00, 0x00, 
      },
  {
    0x00, 0x00, 0x00, 0x00, 0x00, 0x00, 0x00, 0x00, 0x00, 0x00, 0x00, 0x00, 0x00, 0x00, 0x00, 0x00, 
    0x00, 0x00, 0x00, 0x00, 0x00, 0x00, 0x00, 0x00, 0x00, 0x00, 0x00, 0x00, 0x00, 0x00, 0x00, 0x00, 
    0x00, 0x00, 0x00, 0x00, 0x00, 0x00, 0x00, 0x00, 0x00, 0x00, 0x00, 0x00, 0x00, 0x00, 0x00, 0x00, 
    0x00, 0x00, 0x00, 0x00, 0x00, 0x00, 0x00, 0x00, 0x00, 0x00, 0x00, 0x00, 0x00, 0x00, 0x00, 0x00, 
    0x00, 0x00, 0x00, 0x00, 0x00, 0x00, 0x00, 0x00, 0x00, 0x06, 0x00, 0x00, 0x00, 0x00, 0x00, 0x00, 
    0x03, 0xFF, 0xFF, 0xFC, 0x06, 0x00, 0x00, 0x00, 0x03, 0xFF, 0xFF, 0xFE, 0x3F, 0xFF, 0xFF, 0xE0, 
    0x03, 0x0E, 0x7F, 0xFF, 0x7F, 0xFF, 0xFF, 0xE0, 0x03, 0x0C, 0x00, 0x03, 0xE0, 0x00, 0x00, 0x60, 
    0x03, 0x0C, 0x00, 0x03, 0xC0, 0x00, 0x00, 0x60, 0x03, 0x0C, 0x00, 0x01, 0xC0, 0x00, 0x00, 0x60, 
    0x03, 0x0C, 0x00, 0x01, 0xC0, 0x00, 0x00, 0x60, 0x03, 0x0C, 0x3F, 0xF1, 0x81, 0xFF, 0x80, 0x60, 
    0x03, 0x0C, 0x3F, 0xF9, 0x83, 0xFF, 0xF0, 0x60, 0x07, 0x0C, 0x30, 0x39, 0x83, 0xFF, 0xF0, 0x60, 
    0x07, 0x0C, 0x30, 0x39, 0x83, 0x00, 0x30, 0x60, 0x07, 0x0C, 0x70, 0x39, 0x83, 0x00, 0x30, 0x60, 
    0x07, 0x0C, 0x70, 0x31, 0x83, 0x00, 0x30, 0x60, 0x07, 0x0C, 0x70, 0x31, 0x83, 0x00, 0x30, 0xE0, 
    0x07, 0x0C, 0x7F, 0xF1, 0x83, 0xFF, 0xF0, 0xE0, 0x07, 0x0C, 0x3F, 0xF1, 0x83, 0xFF, 0xF0, 0xE0, 
    0x07, 0x0C, 0x00, 0x01, 0x81, 0xFF, 0xE0, 0xE0, 0x07, 0x0C, 0x00, 0x01, 0x80, 0x00, 0x00, 0xE0, 
    0x07, 0x0C, 0x00, 0x01, 0x80, 0x00, 0x00, 0xE0, 0x07, 0x0C, 0x00, 0x01, 0x80, 0x00, 0x00, 0xE0, 
    0x07, 0x0C, 0x00, 0x01, 0x80, 0x00, 0x00, 0xE0, 0x07, 0x0C, 0x7F, 0xF1, 0x83, 0xFF, 0xE0, 0xE0, 
    0x07, 0x0C, 0x3F, 0xF1, 0x83, 0xFF, 0xF0, 0xE0, 0x07, 0x0C, 0x00, 0x01, 0x80, 0x01, 0xE0, 0xE0, 
    0x07, 0x0C, 0x00, 0x01, 0x80, 0x00, 0x00, 0xE0, 0x07, 0x0C, 0x00, 0x01, 0x80, 0x00, 0x00, 0xE0, 
    0x07, 0x0C, 0x00, 0x01, 0x80, 0x00, 0x00, 0xE0, 0x07, 0x0C, 0x3F, 0xC1, 0x80, 0x00, 0x00, 0xE0, 
    0x07, 0x0C, 0x7F, 0xF1, 0x83, 0xFF, 0xF0, 0xE0, 0x07, 0x1C, 0x3F, 0xF1, 0x83, 0xFF, 0xF0, 0xE0, 
    0x07, 0x1C, 0x00, 0x01, 0x80, 0x00, 0x00, 0xE0, 0x07, 0x1C, 0x00, 0x01, 0x80, 0x00, 0x00, 0xE0, 
    0x07, 0x1C, 0x00, 0x01, 0x80, 0x00, 0x00, 0xE0, 0x06, 0x1C, 0x00, 0x01, 0x80, 0x00, 0x00, 0xE0, 
    0x07, 0xFF, 0xFF, 0xF9, 0x84, 0x00, 0x00, 0xE0, 0x07, 0xFF, 0xFF, 0xFF, 0xFF, 0xFF, 0xFF, 0xC0, 
    0x07, 0x1F, 0xFF, 0xFF, 0xFF, 0xFF, 0xFF, 0xC0, 0x06, 0x00, 0x00, 0x07, 0xE0, 0x00, 0x00, 0xC0, 
    0x06, 0x00, 0x00, 0x03, 0xC0, 0x00, 0x00, 0xC0, 0x06, 0x00, 0x00, 0x03, 0x80, 0x00, 0x00, 0xC0, 
    0x06, 0x00, 0x00, 0x03, 0x80, 0x00, 0x00, 0xC0, 0x07, 0xFF, 0xF0, 0x03, 0x80, 0x00, 0x00, 0xC0, 
    0x07, 0xFF, 0xFF, 0xFF, 0xFF, 0xFF, 0xFF, 0xC0, 0x03, 0xFF, 0xFF, 0xFF, 0xFF, 0xFF, 0xFF, 0xC0, 
    0x00, 0x00, 0x00, 0x00, 0x00, 0x00, 0x00, 0x00, 0x00, 0x00, 0x00, 0x00, 0x00, 0x00, 0x00, 0x00, 
    0x00, 0x00, 0x00, 0x00, 0x00, 0x00, 0x00, 0x00, 0x00, 0x00, 0x00, 0x00, 0x00, 0x00, 0x00, 0x00, 
    0x00, 0x00, 0x00, 0x00, 0x00, 0x00, 0x00, 0x00, 0x00, 0x00, 0x00, 0x00, 0x00, 0x00, 0x00, 0x00, 
    0x00, 0x00, 0x00, 0x00, 0x00, 0x00, 0x00, 0x00, 0x00, 0x00, 0x00, 0x00, 0x00, 0x00, 0x00, 0x00, 
    0x00, 0x00, 0x00, 0x00, 0x00, 0x00, 0x00, 0x00, 0x00, 0x00, 0x00, 0x00, 0x00, 0x00, 0x00, 0x00, 
      },
  {
    0x00, 0x00, 0x00, 0x00, 0x00, 0x00, 0x00, 0x00, 0x00, 0x00, 0x00, 0x00, 0x00, 0x00, 0x00, 0x00, 
    0x00, 0x00, 0x00, 0x00, 0x00, 0x00, 0x00, 0x00, 0x00, 0x00, 0x00, 0x00, 0x00, 0x00, 0x00, 0x00, 
    0x00, 0x00, 0x00, 0x00, 0x00, 0x00, 0x00, 0x00, 0x00, 0x00, 0x00, 0x00, 0x00, 0x00, 0x00, 0x00, 
    0x00, 0x00, 0x00, 0x00, 0x00, 0x00, 0x00, 0x00, 0x00, 0x00, 0x00, 0x00, 0x00, 0x00, 0x00, 0x00, 
    0x00, 0x00, 0x00, 0x00, 0x00, 0x00, 0x00, 0x00, 0x00, 0x00, 0x00, 0x00, 0x00, 0x00, 0x00, 0x00, 
    0x03, 0xFF, 0xFF, 0xF8, 0x07, 0x00, 0x00, 0x00, 0x03, 0xFF, 0xFF, 0xFE, 0x3F, 0xFF, 0xFF, 0xE0, 
    0x03, 0xE0, 0xFF, 0xFF, 0x7F, 0xFF, 0xFF, 0xE0, 0x03, 0xE0, 0x00, 0x03, 0xE0, 0x00, 0x00, 0x60, 
    0x03, 0xE0, 0x00, 0x03, 0xC0, 0x00, 0x00, 0x60, 0x03, 0xE0, 0x00, 0x01, 0xC0, 0x00, 0x00, 0x60, 
    0x03, 0xE0, 0x00, 0x01, 0x80, 0x00, 0x00, 0x60, 0x03, 0xE0, 0xFF, 0xE1, 0x81, 0xFF, 0xC0, 0x60, 
    0x03, 0xE1, 0xFF, 0xF1, 0x83, 0xFF, 0xF0, 0x60, 0x07, 0xE1, 0xC0, 0x71, 0x83, 0xFF, 0xF0, 0x60, 
    0x07, 0xE1, 0xC0, 0x71, 0x83, 0x00, 0x30, 0x60, 0x07, 0xE1, 0xC0, 0x71, 0x83, 0x00, 0x30, 0x60, 
    0x07, 0xE1, 0xC0, 0x71, 0x83, 0x00, 0x30, 0xE0, 0x07, 0xE1, 0xC0, 0x71, 0x83, 0x00, 0x30, 0xE0, 
    0x07, 0xE1, 0xFF, 0xF1, 0x83, 0xFF, 0xF0, 0xE0, 0x07, 0xE1, 0xFF, 0xE1, 0x83, 0xFF, 0xF0, 0xE0, 
    0x07, 0xE0, 0x00, 0x01, 0x81, 0xFF, 0xE0, 0xE0, 0x07, 0xE0, 0x00, 0x01, 0x80, 0x00, 0x00, 0xE0, 
    0x07, 0xE0, 0x00, 0x01, 0x80, 0x00, 0x00, 0xE0, 0x07, 0xE0, 0x00, 0x01, 0x80, 0x00, 0x00, 0xE0, 
    0x07, 0xE0, 0x00, 0x01, 0x80, 0x00, 0x00, 0xE0, 0x07, 0xE1, 0xFF, 0xE1, 0x83, 0xFF, 0xE0, 0xE0, 
    0x07, 0xC1, 0xFF, 0xE1, 0x83, 0xFF, 0xF0, 0xE0, 0x07, 0xC0, 0x00, 0x01, 0x80, 0x01, 0xE0, 0xE0, 
    0x07, 0xC0, 0x00, 0x01, 0x80, 0x00, 0x00, 0xE0, 0x07, 0xC0, 0x00, 0x01, 0x80, 0x00, 0x00, 0xE0, 
    0x07, 0xC0, 0x00, 0x01, 0x80, 0x00, 0x00, 0xE0, 0x07, 0xC0, 0xFF, 0xC1, 0x80, 0x00, 0x00, 0xE0, 
    0x07, 0xC1, 0xFF, 0xE1, 0x83, 0xFF, 0xF0, 0xE0, 0x07, 0xC0, 0xFF, 0xE1, 0x83, 0xFF, 0xF0, 0xE0, 
    0x07, 0xC0, 0x00, 0x01, 0x80, 0x00, 0x00, 0xE0, 0x07, 0xC0, 0x00, 0x01, 0x80, 0x00, 0x00, 0xE0, 
    0x07, 0xC0, 0x00, 0x01, 0x80, 0x00, 0x00, 0xE0, 0x07, 0xC0, 0x00, 0x01, 0x80, 0x00, 0x00, 0xE0, 
    0x07, 0xFF, 0xFF, 0xF1, 0x84, 0x00, 0x00, 0xE0, 0x07, 0xFF, 0xFF, 0xFF, 0xFF, 0xFF, 0xFF, 0xC0, 
    0x07, 0xFF, 0xFF, 0xFF, 0xFF, 0xFF, 0xFF, 0xC0, 0x06, 0x00, 0x00, 0x07, 0xE0, 0x00, 0x00, 0xC0, 
    0x06, 0x00, 0x00, 0x03, 0xC0, 0x00, 0x00, 0xC0, 0x06, 0x00, 0x00, 0x03, 0x80, 0x00, 0x00, 0xC0, 
    0x06, 0x00, 0x00, 0x01, 0x80, 0x00, 0x00, 0xC0, 0x07, 0xFF, 0xE0, 0x03, 0x80, 0x00, 0x00, 0xC0, 
    0x07, 0xFF, 0xFF, 0xFF, 0xFF, 0xFF, 0xFF, 0xC0, 0x03, 0xFF, 0xFF, 0xFF, 0xFF, 0xFF, 0xFF, 0xC0, 
    0x00, 0x00, 0x00, 0x00, 0x00, 0x00, 0x00, 0x00, 0x00, 0x00, 0x00, 0x00, 0x00, 0x00, 0x00, 0x00, 
    0x00, 0x00, 0x00, 0x00, 0x00, 0x00, 0x00, 0x00, 0x00, 0x00, 0x00, 0x00, 0x00, 0x00, 0x00, 0x00, 
    0x00, 0x00, 0x00, 0x00, 0x00, 0x00, 0x00, 0x00, 0x00, 0x00, 0x00, 0x00, 0x00, 0x00, 0x00, 0x00, 
    0x00, 0x00, 0x00, 0x00, 0x00, 0x00, 0x00, 0x00, 0x00, 0x00, 0x00, 0x00, 0x00, 0x00, 0x00, 0x00, 
    0x00, 0x00, 0x00, 0x00, 0x00, 0x00, 0x00, 0x00, 0x00, 0x00, 0x00, 0x00, 0x00, 0x00, 0x00, 0x00, 
      },
  {
    0x00, 0x00, 0x00, 0x00, 0x00, 0x00, 0x00, 0x00, 0x00, 0x00, 0x00, 0x00, 0x00, 0x00, 0x00, 0x00, 
    0x00, 0x00, 0x00, 0x00, 0x00, 0x00, 0x00, 0x00, 0x00, 0x00, 0x00, 0x00, 0x00, 0x00, 0x00, 0x00, 
    0x00, 0x00, 0x00, 0x00, 0x00, 0x00, 0x00, 0x00, 0x00, 0x00, 0x00, 0x00, 0x00, 0x00, 0x00, 0x00, 
    0x00, 0x00, 0x00, 0x00, 0x00, 0x00, 0x00, 0x00, 0x00, 0x00, 0x00, 0x00, 0x00, 0x00, 0x00, 0x00, 
    0x00, 0x00, 0x00, 0x00, 0x00, 0x00, 0x00, 0x00, 0x00, 0x00, 0x00, 0x00, 0x00, 0x00, 0x00, 0x00, 
    0x03, 0xFF, 0xFF, 0xF8, 0x07, 0x80, 0x00, 0x00, 0x03, 0xFF, 0xFF, 0xFE, 0x3F, 0xFF, 0xFF, 0xE0, 
    0x03, 0x8F, 0xFF, 0xFF, 0x7F, 0xFF, 0xFF, 0xE0, 0x03, 0x80, 0x00, 0x07, 0xE0, 0x00, 0x00, 0x60, 
    0x03, 0x80, 0x00, 0x03, 0xC0, 0x00, 0x00, 0x60, 0x03, 0x80, 0x00, 0x01, 0xC0, 0x00, 0x00, 0x60, 
    0x07, 0x80, 0x00, 0x01, 0x80, 0x00, 0x00, 0x60, 0x07, 0x83, 0xFF, 0xE1, 0x81, 0xFF, 0xE0, 0x60, 
    0x07, 0x83, 0xFF, 0xE1, 0x83, 0xFF, 0xF0, 0x60, 0x07, 0x83, 0x00, 0xE1, 0x83, 0xFF, 0xF0, 0x60, 
    0x07, 0x03, 0x00, 0x61, 0x83, 0x00, 0x30, 0xE0, 0x07, 0x03, 0x00, 0x61, 0x83, 0x00, 0x30, 0xE0, 
    0x07, 0x03, 0x00, 0x61, 0x83, 0x00, 0x30, 0xE0, 0x07, 0x07, 0x00, 0x61, 0x83, 0x00, 0x30, 0xE0, 
    0x07, 0x07, 0xFF, 0xE1, 0x83, 0xFF, 0xF0, 0xE0, 0x07, 0x03, 0xFF, 0xE1, 0x83, 0xFF, 0xF0, 0xE0, 
    0x07, 0x00, 0x00, 0x01, 0x81, 0xFF, 0xE0, 0xE0, 0x07, 0x00, 0x00, 0x01, 0x80, 0x00, 0x00, 0xE0, 
    0x07, 0x00, 0x00, 0x01, 0x80, 0x00, 0x00, 0xE0, 0x07, 0x00, 0x00, 0x01, 0x80, 0x00, 0x00, 0xE0, 
    0x07, 0x00, 0x00, 0x01, 0x80, 0x00, 0x00, 0xE0, 0x07, 0x07, 0xFF, 0xE1, 0x83, 0xFF, 0xF0, 0xE0, 
    0x07, 0x03, 0xFF, 0xE1, 0x83, 0xFF, 0xF0, 0xE0, 0x07, 0x00, 0x00, 0x01, 0x80, 0x00, 0x00, 0xE0, 
    0x07, 0x00, 0x00, 0x01, 0x80, 0x00, 0x00, 0xE0, 0x07, 0x00, 0x00, 0x01, 0x80, 0x00, 0x00, 0xE0, 
    0x07, 0x00, 0x00, 0x01, 0x80, 0x00, 0x00, 0xE0, 0x07, 0x03, 0xFF, 0x81, 0x80, 0x00, 0x00, 0xE0, 
    0x07, 0x07, 0xFF, 0xE1, 0x83, 0xFF, 0xF0, 0xE0, 0x07, 0x03, 0xFF, 0xC1, 0x83, 0xFF, 0xF0, 0xE0, 
    0x07, 0x00, 0x00, 0x01, 0x80, 0x00, 0x00, 0xE0, 0x07, 0x00, 0x00, 0x01, 0x80, 0x00, 0x00, 0xE0, 
    0x07, 0x00, 0x00, 0x01, 0x80, 0x00, 0x00, 0xE0, 0x07, 0x00, 0x00, 0x01, 0x80, 0x00, 0x00, 0xE0, 
    0x07, 0xFF, 0xFF, 0xF1, 0x84, 0x00, 0x00, 0xE0, 0x07, 0xFF, 0xFF, 0xFF, 0xFF, 0xFF, 0xFF, 0xE0, 
    0x07, 0xFF, 0xFF, 0xFF, 0xFF, 0xFF, 0xFF, 0xE0, 0x06, 0x00, 0x00, 0x07, 0xE0, 0x00, 0x00, 0xE0, 
    0x06, 0x00, 0x00, 0x03, 0xC0, 0x00, 0x00, 0xC0, 0x06, 0x00, 0x00, 0x03, 0x80, 0x00, 0x00, 0xC0, 
    0x06, 0x00, 0x00, 0x01, 0x80, 0x00, 0x00, 0xC0, 0x07, 0xFF, 0x80, 0x03, 0x80, 0x00, 0x00, 0xC0, 
    0x07, 0xFF, 0xFF, 0xFF, 0xFF, 0xFF, 0xFF, 0xC0, 0x03, 0xFF, 0xFF, 0xFF, 0xFF, 0xFF, 0xFF, 0xC0, 
    0x00, 0x00, 0x00, 0x00, 0x00, 0x00, 0x00, 0x00, 0x00, 0x00, 0x00, 0x00, 0x00, 0x00, 0x00, 0x00, 
    0x00, 0x00, 0x00, 0x00, 0x00, 0x00, 0x00, 0x00, 0x00, 0x00, 0x00, 0x00, 0x00, 0x00, 0x00, 0x00, 
    0x00, 0x00, 0x00, 0x00, 0x00, 0x00, 0x00, 0x00, 0x00, 0x00, 0x00, 0x00, 0x00, 0x00, 0x00, 0x00, 
    0x00, 0x00, 0x00, 0x00, 0x00, 0x00, 0x00, 0x00, 0x00, 0x00, 0x00, 0x00, 0x00, 0x00, 0x00, 0x00, 
    0x00, 0x00, 0x00, 0x00, 0x00, 0x00, 0x00, 0x00, 0x00, 0x00, 0x00, 0x00, 0x00, 0x00, 0x00, 0x00, 
      },
  {
    0x00, 0x00, 0x00, 0x00, 0x00, 0x00, 0x00, 0x00, 0x00, 0x00, 0x00, 0x00, 0x00, 0x00, 0x00, 0x00, 
    0x00, 0x00, 0x00, 0x00, 0x00, 0x00, 0x00, 0x00, 0x00, 0x00, 0x00, 0x00, 0x00, 0x00, 0x00, 0x00, 
    0x00, 0x00, 0x00, 0x00, 0x00, 0x00, 0x00, 0x00, 0x00, 0x00, 0x00, 0x00, 0x00, 0x00, 0x00, 0x00, 
    0x00, 0x00, 0x00, 0x00, 0x00, 0x00, 0x00, 0x00, 0x00, 0x00, 0x00, 0x00, 0x00, 0x00, 0x00, 0x00, 
    0x00, 0x00, 0x00, 0x00, 0x00, 0x00, 0x00, 0x00, 0x00, 0x00, 0x00, 0x00, 0x00, 0x00, 0x00, 0x00, 
    0x03, 0xFF, 0xFF, 0xF0, 0x0F, 0xFE, 0x00, 0x00, 0x07, 0xFF, 0xFF, 0xFE, 0x3F, 0xFF, 0xFF, 0xE0, 
    0x07, 0xFF, 0xFF, 0xFF, 0x7F, 0xFF, 0xFF, 0xE0, 0x07, 0x00, 0x00, 0x07, 0xE0, 0x00, 0x00, 0xE0, 
    0x07, 0x00, 0x00, 0x03, 0xC0, 0x00, 0x00, 0xE0, 0x07, 0x00, 0x00, 0x01, 0xC0, 0x00, 0x00, 0xE0, 
    0x07, 0x00, 0x00, 0x01, 0x80, 0x00, 0x00, 0xE0, 0x07, 0x07, 0xFF, 0xC1, 0x83, 0xFF, 0xE0, 0xE0, 
    0x07, 0x07, 0xFF, 0xE1, 0x83, 0xFF, 0xF0, 0xE0, 0x07, 0x06, 0x03, 0xE1, 0x83, 0xFF, 0xF0, 0xE0, 
    0x07, 0x0E, 0x00, 0xE1, 0x83, 0x00, 0x30, 0xE0, 0x07, 0x0E, 0x00, 0xE1, 0x83, 0x00, 0x30, 0xE0, 
    0x07, 0x0E, 0x00, 0xE1, 0x83, 0x00, 0x30, 0xE0, 0x07, 0x0E, 0x00, 0xE1, 0x83, 0x00, 0x30, 0xE0, 
    0x07, 0x0F, 0xFF, 0xE1, 0x83, 0xFF, 0xF0, 0xE0, 0x07, 0x07, 0xFF, 0xC1, 0x83, 0xFF, 0xF0, 0xE0, 
    0x07, 0x00, 0x00, 0x01, 0x80, 0x3F, 0xE0, 0xE0, 0x07, 0x00, 0x00, 0x01, 0x80, 0x00, 0x00, 0xE0, 
    0x07, 0x00, 0x00, 0x01, 0x80, 0x00, 0x00, 0xE0, 0x07, 0x00, 0x00, 0x01, 0x80, 0x00, 0x00, 0xE0, 
    0x07, 0x00, 0x00, 0x01, 0x80, 0x00, 0x00, 0xE0, 0x07, 0x07, 0xFF, 0xC1, 0x83, 0xFF, 0xF0, 0xE0, 
    0x07, 0x07, 0xFF, 0xC1, 0x83, 0xFF, 0xF0, 0xE0, 0x07, 0x00, 0x00, 0x01, 0x80, 0x00, 0x00, 0xE0, 
    0x07, 0x00, 0x00, 0x01, 0x80, 0x00, 0x00, 0xE0, 0x07, 0x00, 0x00, 0x01, 0x80, 0x00, 0x00, 0xE0, 
    0x07, 0x00, 0x00, 0x01, 0x80, 0x00, 0x00, 0xE0, 0x07, 0x03, 0xFC, 0x01, 0x80, 0x00, 0x00, 0xE0, 
    0x07, 0x0F, 0xFF, 0xC1, 0x83, 0xFF, 0xF0, 0xE0, 0x07, 0x07, 0xFF, 0xC1, 0x83, 0xFF, 0xF0, 0xE0, 
    0x07, 0x00, 0x00, 0x01, 0x80, 0x00, 0x00, 0xE0, 0x07, 0x00, 0x00, 0x01, 0x80, 0x00, 0x00, 0xE0, 
    0x07, 0x00, 0x00, 0x01, 0x80, 0x00, 0x00, 0xE0, 0x07, 0x00, 0x00, 0x01, 0x80, 0x00, 0x00, 0xE0, 
    0x07, 0xFF, 0xFF, 0xF1, 0x8F, 0x80, 0x00, 0xE0, 0x07, 0xFF, 0xFF, 0xFF, 0xBF, 0xFF, 0xFF, 0xE0, 
    0x07, 0xFF, 0xFF, 0xFF, 0xFF, 0xFF, 0xFF, 0xE0, 0x06, 0x00, 0x00, 0x07, 0xE0, 0x00, 0x00, 0xE0, 
    0x07, 0x00, 0x00, 0x03, 0xC0, 0x00, 0x00, 0xE0, 0x07, 0x00, 0x00, 0x03, 0x80, 0x00, 0x00, 0xE0, 
    0x06, 0x00, 0x00, 0x01, 0x80, 0x00, 0x00, 0xE0, 0x07, 0x00, 0x00, 0x03, 0x80, 0x00, 0x00, 0xE0, 
    0x07, 0xFF, 0xFF, 0xFF, 0xFF, 0xFF, 0xFF, 0xE0, 0x03, 0xFF, 0xFF, 0xFF, 0xFF, 0xFF, 0xFF, 0xC0, 
    0x00, 0x00, 0x00, 0x00, 0x00, 0x00, 0x00, 0x00, 0x00, 0x00, 0x00, 0x00, 0x00, 0x00, 0x00, 0x00, 
    0x00, 0x00, 0x00, 0x00, 0x00, 0x00, 0x00, 0x00, 0x00, 0x00, 0x00, 0x00, 0x00, 0x00, 0x00, 0x00, 
    0x00, 0x00, 0x00, 0x00, 0x00, 0x00, 0x00, 0x00, 0x00, 0x00, 0x00, 0x00, 0x00, 0x00, 0x00, 0x00, 
    0x00, 0x00, 0x00, 0x00, 0x00, 0x00, 0x00, 0x00, 0x00, 0x00, 0x00, 0x00, 0x00, 0x00, 0x00, 0x00, 
    0x00, 0x00, 0x00, 0x00, 0x00, 0x00, 0x00, 0x00, 0x00, 0x00, 0x00, 0x00, 0x00, 0x00, 0x00, 0x00, 
      },
  {
    0x00, 0x00, 0x00, 0x00, 0x00, 0x00, 0x00, 0x00, 0x00, 0x00, 0x00, 0x00, 0x00, 0x00, 0x00, 0x00, 
    0x00, 0x00, 0x00, 0x00, 0x00, 0x00, 0x00, 0x00, 0x00, 0x00, 0x00, 0x00, 0x00, 0x00, 0x00, 0x00, 
    0x00, 0x00, 0x00, 0x00, 0x00, 0x00, 0x00, 0x00, 0x00, 0x00, 0x00, 0x00, 0x00, 0x00, 0x00, 0x00, 
    0x00, 0x00, 0x00, 0x00, 0x00, 0x00, 0x00, 0x00, 0x00, 0x00, 0x00, 0x00, 0x00, 0x00, 0x00, 0x00, 
    0x00, 0x00, 0x00, 0x00, 0x00, 0x00, 0x00, 0x00, 0x00, 0x00, 0x00, 0x00, 0x00, 0x00, 0x00, 0x00, 
    0x03, 0xFF, 0xFF, 0xF0, 0x0F, 0xFF, 0xFF, 0xC0, 0x07, 0xFF, 0xFF, 0xFE, 0x3F, 0xFF, 0xFF, 0xE0, 
    0x07, 0xFF, 0xFF, 0xFF, 0x7F, 0xFF, 0xFF, 0xE0, 0x07, 0x00, 0x00, 0x07, 0xE0, 0x00, 0x00, 0xE0, 
    0x07, 0x00, 0x00, 0x03, 0xC0, 0x00, 0x00, 0xE0, 0x07, 0x00, 0x00, 0x01, 0x80, 0x00, 0x00, 0xE0, 
    0x07, 0x00, 0x00, 0x01, 0x80, 0x00, 0x00, 0xE0, 0x07, 0x07, 0xFF, 0xC1, 0x83, 0xFF, 0xE0, 0xE0, 
    0x07, 0x0F, 0xFF, 0xC1, 0x83, 0xFF, 0xF0, 0xE0, 0x07, 0x0F, 0xFF, 0xC1, 0x83, 0xFF, 0xF0, 0xE0, 
    0x07, 0x0C, 0x00, 0xC1, 0x83, 0x00, 0x30, 0xE0, 0x07, 0x0E, 0x00, 0xC1, 0x83, 0x00, 0x30, 0xE0, 
    0x07, 0x0E, 0x00, 0xC1, 0x83, 0x00, 0x30, 0xE0, 0x07, 0x0E, 0x00, 0xC1, 0x83, 0x00, 0x30, 0xE0, 
    0x07, 0x0F, 0xFF, 0xC1, 0x83, 0xFF, 0xF0, 0xE0, 0x07, 0x0F, 0xFF, 0xC1, 0x83, 0xFF, 0xF0, 0xE0, 
    0x07, 0x00, 0x00, 0x01, 0x80, 0x00, 0x00, 0xE0, 0x07, 0x00, 0x00, 0x01, 0x80, 0x00, 0x00, 0xE0, 
    0x07, 0x00, 0x00, 0x01, 0x80, 0x00, 0x00, 0xE0, 0x07, 0x00, 0x00, 0x01, 0x80, 0x00, 0x00, 0xE0, 
    0x07, 0x00, 0x00, 0x01, 0x80, 0x00, 0x00, 0xE0, 0x07, 0x0F, 0xFF, 0xC1, 0x83, 0xFF, 0xF0, 0xE0, 
    0x07, 0x0F, 0xFF, 0xC1, 0x83, 0xFF, 0xF0, 0xE0, 0x07, 0x00, 0x00, 0x01, 0x80, 0x00, 0x00, 0xE0, 
    0x07, 0x00, 0x00, 0x01, 0x80, 0x00, 0x00, 0xE0, 0x07, 0x00, 0x00, 0x01, 0x80, 0x00, 0x00, 0xE0, 
    0x07, 0x00, 0x00, 0x01, 0x80, 0x00, 0x00, 0xE0, 0x07, 0x00, 0x00, 0x01, 0x80, 0x00, 0x00, 0xE0, 
    0x07, 0x0F, 0xFF, 0xC1, 0x83, 0xFF, 0xF0, 0xE0, 0x07, 0x0F, 0xFF, 0xC1, 0x83, 0xFF, 0xF0, 0xE0, 
    0x07, 0x00, 0x00, 0x01, 0x80, 0x00, 0x00, 0xE0, 0x07, 0x00, 0x00, 0x01, 0x80, 0x00, 0x00, 0xE0, 
    0x07, 0x00, 0x00, 0x01, 0x80, 0x00, 0x00, 0xE0, 0x07, 0x00, 0x00, 0x01, 0x80, 0x00, 0x00, 0xE0, 
    0x07, 0xFF, 0xFF, 0xF1, 0x8F, 0xFF, 0xFF, 0xE0, 0x07, 0xFF, 0xFF, 0xFF, 0xFF, 0xFF, 0xFF, 0xE0, 
    0x07, 0xFF, 0xFF, 0xFF, 0xFF, 0xFF, 0xFF, 0xE0, 0x07, 0x00, 0x00, 0x07, 0xE0, 0x00, 0x00, 0xE0, 
    0x07, 0x00, 0x00, 0x03, 0xC0, 0x00, 0x00, 0xE0, 0x07, 0x00, 0x00, 0x01, 0x80, 0x00, 0x00, 0xE0, 
    0x07, 0x00, 0x00, 0x01, 0x80, 0x00, 0x00, 0xE0, 0x07, 0x00, 0x00, 0x01, 0x80, 0x00, 0x00, 0xE0, 
    0x07, 0xFF, 0xFF, 0xFF, 0xFF, 0xFF, 0xFF, 0xE0, 0x03, 0xFF, 0xFF, 0xFF, 0xFF, 0xFF, 0xFF, 0xC0, 
    0x00, 0x00, 0x00, 0x00, 0x00, 0x00, 0x00, 0x00, 0x00, 0x00, 0x00, 0x00, 0x00, 0x00, 0x00, 0x00, 
    0x00, 0x00, 0x00, 0x00, 0x00, 0x00, 0x00, 0x00, 0x00, 0x00, 0x00, 0x00, 0x00, 0x00, 0x00, 0x00, 
    0x00, 0x00, 0x00, 0x00, 0x00, 0x00, 0x00, 0x00, 0x00, 0x00, 0x00, 0x00, 0x00, 0x00, 0x00, 0x00, 
    0x00, 0x00, 0x00, 0x00, 0x00, 0x00, 0x00, 0x00, 0x00, 0x00, 0x00, 0x00, 0x00, 0x00, 0x00, 0x00, 
    0x00, 0x00, 0x00, 0x00, 0x00, 0x00, 0x00, 0x00, 0x00, 0x00, 0x00, 0x00, 0x00, 0x00, 0x00, 0x00, 
      },
  {
    0x00, 0x00, 0x00, 0x00, 0x00, 0x00, 0x00, 0x00, 0x00, 0x00, 0x00, 0x00, 0x00, 0x00, 0x00, 0x00, 
    0x00, 0x00, 0x00, 0x00, 0x00, 0x00, 0x00, 0x00, 0x00, 0x00, 0x00, 0x00, 0x00, 0x00, 0x00, 0x00, 
    0x00, 0x00, 0x00, 0x00, 0x00, 0x00, 0x00, 0x00, 0x00, 0x00, 0x00, 0x00, 0x00, 0x00, 0x00, 0x00, 
    0x00, 0x00, 0x00, 0x00, 0x00, 0x00, 0x00, 0x00, 0x00, 0x00, 0x00, 0x00, 0x00, 0x00, 0x00, 0x00, 
    0x00, 0x00, 0x00, 0x00, 0x00, 0x00, 0x00, 0x00, 0x00, 0x00, 0x00, 0x00, 0x00, 0x00, 0x00, 0x00, 
    0x03, 0xFF, 0xFF, 0xF0, 0x0F, 0xFF, 0xFF, 0xC0, 0x07, 0xFF, 0xFF, 0xFC, 0x3F, 0xFF, 0xFF, 0xE0, 
    0x07, 0xFF, 0xFF, 0xFF, 0xFF, 0xFF, 0xFF, 0xE0, 0x07, 0x00, 0x00, 0x07, 0xE0, 0x00, 0x00, 0xE0, 
    0x07, 0x00, 0x00, 0x03, 0xC0, 0x00, 0x00, 0xE0, 0x07, 0x00, 0x00, 0x01, 0x80, 0x00, 0x00, 0xE0, 
    0x07, 0x00, 0x00, 0x01, 0x80, 0x00, 0x00, 0xE0, 0x07, 0x07, 0xFF, 0xC1, 0x83, 0xFF, 0xE0, 0xE0, 
    0x07, 0x0F, 0xFF, 0xC1, 0x83, 0xFF, 0xF0, 0xE0, 0x07, 0x0F, 0xFF, 0xC1, 0x83, 0xFF, 0xF0, 0xE0, 
    0x07, 0x0C, 0x00, 0xC1, 0x83, 0x00, 0x30, 0xE0, 0x07, 0x0E, 0x00, 0xC1, 0x83, 0x00, 0x30, 0xE0, 
    0x07, 0x0E, 0x00, 0xC1, 0x83, 0x00, 0x30, 0xE0, 0x07, 0x0E, 0x00, 0xC1, 0x83, 0x00, 0x30, 0xE0, 
    0x07, 0x0F, 0xFF, 0xC1, 0x83, 0xFF, 0xF0, 0xE0, 0x07, 0x0F, 0xFF, 0xC1, 0x83, 0xFF, 0xF0, 0xE0, 
    0x07, 0x00, 0x00, 0x01, 0x80, 0x00, 0x00, 0xE0, 0x07, 0x00, 0x00, 0x01, 0x80, 0x00, 0x00, 0xE0, 
    0x07, 0x00, 0x00, 0x01, 0x80, 0x00, 0x00, 0xE0, 0x07, 0x00, 0x00, 0x01, 0x80, 0x00, 0x00, 0xE0, 
    0x07, 0x00, 0x00, 0x01, 0x80, 0x00, 0x00, 0xE0, 0x07, 0x0F, 0xFF, 0xC1, 0x83, 0xFF, 0xF0, 0xE0, 
    0x07, 0x0F, 0xFF, 0xC1, 0x83, 0xFF, 0xF0, 0xE0, 0x07, 0x00, 0x00, 0x01, 0x80, 0x00, 0x00, 0xE0, 
    0x07, 0x00, 0x00, 0x01, 0x80, 0x00, 0x00, 0xE0, 0x07, 0x00, 0x00, 0x01, 0x80, 0x00, 0x00, 0xE0, 
    0x07, 0x00, 0x00, 0x01, 0x80, 0x00, 0x00, 0xE0, 0x07, 0x00, 0x00, 0x01, 0x80, 0x00, 0x00, 0xE0, 
    0x07, 0x0F, 0xFF, 0xC1, 0x83, 0xFF, 0xF0, 0xE0, 0x07, 0x0F, 0xFF, 0xC1, 0x83, 0xFF, 0xF0, 0xE0, 
    0x07, 0x00, 0x00, 0x01, 0x80, 0x00, 0x00, 0xE0, 0x07, 0x00, 0x00, 0x01, 0x80, 0x00, 0x00, 0xE0, 
    0x07, 0x00, 0x00, 0x01, 0x80, 0x00, 0x00, 0xE0, 0x07, 0x00, 0x00, 0x01, 0x80, 0x00, 0x00, 0xE0, 
    0x07, 0xFF, 0xFF, 0xF1, 0x8F, 0xFF, 0xFF, 0xE0, 0x07, 0xFF, 0xFF, 0xFF, 0xFF, 0xFF, 0xFF, 0xE0, 
    0x07, 0xFF, 0xFF, 0xFF, 0xFF, 0xFF, 0xFF, 0xE0, 0x07, 0x00, 0x00, 0x07, 0xE0, 0x00, 0x00, 0xE0, 
    0x07, 0x00, 0x00, 0x03, 0xC0, 0x00, 0x00, 0xE0, 0x07, 0x00, 0x00, 0x01, 0x80, 0x00, 0x00, 0xE0, 
    0x07, 0x00, 0x00, 0x01, 0x80, 0x00, 0x00, 0xE0, 0x07, 0x00, 0x00, 0x01, 0x80, 0x00, 0x00, 0xE0, 
    0x07, 0xFF, 0xFF, 0xFF, 0xFF, 0xFF, 0xFF, 0xE0, 0x03, 0xFF, 0xFF, 0xFF, 0xFF, 0xFF, 0xFF, 0xC0, 
    0x00, 0x00, 0x00, 0x00, 0x00, 0x00, 0x00, 0x00, 0x00, 0x00, 0x00, 0x00, 0x00, 0x00, 0x00, 0x00, 
    0x00, 0x00, 0x00, 0x00, 0x00, 0x00, 0x00, 0x00, 0x00, 0x00, 0x00, 0x00, 0x00, 0x00, 0x00, 0x00, 
    0x00, 0x00, 0x00, 0x00, 0x00, 0x00, 0x00, 0x00, 0x00, 0x00, 0x00, 0x00, 0x00, 0x00, 0x00, 0x00, 
    0x00, 0x00, 0x00, 0x00, 0x00, 0x00, 0x00, 0x00, 0x00, 0x00, 0x00, 0x00, 0x00, 0x00, 0x00, 0x00, 
    0x00, 0x00, 0x00, 0x00, 0x00, 0x00, 0x00, 0x00, 0x00, 0x00, 0x00, 0x00, 0x00, 0x00, 0x00, 0x00, 
      },
  {
    0x00, 0x00, 0x00, 0x00, 0x00, 0x00, 0x00, 0x00, 0x00, 0x00, 0x00, 0x00, 0x00, 0x00, 0x00, 0x00, 
    0x00, 0x00, 0x00, 0x00, 0x00, 0x00, 0x00, 0x00, 0x00, 0x00, 0x00, 0x00, 0x00, 0x00, 0x00, 0x00, 
    0x00, 0x00, 0x00, 0x00, 0x00, 0x00, 0x00, 0x00, 0x00, 0x00, 0x00, 0x00, 0x00, 0x00, 0x00, 0x00, 
    0x00, 0x00, 0x00, 0x00, 0x00, 0x00, 0x00, 0x00, 0x00, 0x00, 0x00, 0x00, 0x00, 0x00, 0x00, 0x00, 
    0x00, 0x00, 0x00, 0x00, 0x00, 0x00, 0x00, 0x00, 0x00, 0x00, 0x00, 0x00, 0x00, 0x00, 0x00, 0x00, 
    0x03, 0xFF, 0xFF, 0xF0, 0x0F, 0xFF, 0xFF, 0xC0, 0x07, 0xFF, 0xFF, 0xFC, 0x3F, 0xFF, 0xFF, 0xE0, 
    0x07, 0xFF, 0xFF, 0xFF, 0xFF, 0xFF, 0xFF, 0xE0, 0x07, 0x00, 0x00, 0x07, 0xE0, 0x00, 0x00, 0xE0, 
    0x07, 0x00, 0x00, 0x03, 0xC0, 0x00, 0x00, 0xE0, 0x07, 0x00, 0x00, 0x01, 0x80, 0x00, 0x00, 0xE0, 
    0x07, 0x00, 0x00, 0x01, 0x80, 0x00, 0x00, 0xE0, 0x07, 0x07, 0xFF, 0xC1, 0x83, 0xFF, 0xE0, 0xE0, 
    0x07, 0x0F, 0xFF, 0xC1, 0x83, 0xFF, 0xF0, 0xE0, 0x07, 0x0F, 0xFF, 0xC1, 0x83, 0xFF, 0xF0, 0xE0, 
    0x07, 0x0C, 0x00, 0xC1, 0x83, 0x00, 0x30, 0xE0, 0x07, 0x0C, 0x00, 0xC1, 0x83, 0x00, 0x30, 0xE0, 
    0x07, 0x0C, 0x00, 0xC1, 0x83, 0x00, 0x30, 0xE0, 0x07, 0x0C, 0x00, 0xC1, 0x83, 0x00, 0x30, 0xE0, 
    0x07, 0x0F, 0xFF, 0xC1, 0x83, 0xFF, 0xF0, 0xE0, 0x07, 0x0F, 0xFF, 0xC1, 0x83, 0xFF, 0xF0, 0xE0, 
    0x07, 0x00, 0x00, 0x01, 0x80, 0x00, 0x00, 0xE0, 0x07, 0x00, 0x00, 0x01, 0x80, 0x00, 0x00, 0xE0, 
    0x07, 0x00, 0x00, 0x01, 0x80, 0x00, 0x00, 0xE0, 0x07, 0x00, 0x00, 0x01, 0x80, 0x00, 0x00, 0xE0, 
    0x07, 0x00, 0x00, 0x01, 0x80, 0x00, 0x00, 0xE0, 0x07, 0x0F, 0xFF, 0xC1, 0x83, 0xFF, 0xF0, 0xE0, 
    0x07, 0x0F, 0xFF, 0xC1, 0x83, 0xFF, 0xF0, 0xE0, 0x07, 0x00, 0x00, 0x01, 0x80, 0x00, 0x00, 0xE0, 
    0x07, 0x00, 0x00, 0x01, 0x80, 0x00, 0x00, 0xE0, 0x07, 0x00, 0x00, 0x01, 0x80, 0x00, 0x00, 0xE0, 
    0x07, 0x00, 0x00, 0x01, 0x80, 0x00, 0x00, 0xE0, 0x07, 0x00, 0x00, 0x01, 0x80, 0x00, 0x00, 0xE0, 
    0x07, 0x0F, 0xFF, 0xC1, 0x83, 0xFF, 0xF0, 0xE0, 0x07, 0x0F, 0xFF, 0xC1, 0x83, 0xFF, 0xF0, 0xE0, 
    0x07, 0x00, 0x00, 0x01, 0x80, 0x00, 0x00, 0xE0, 0x07, 0x00, 0x00, 0x01, 0x80, 0x00, 0x00, 0xE0, 
    0x07, 0x00, 0x00, 0x01, 0x80, 0x00, 0x00, 0xE0, 0x07, 0x00, 0x00, 0x01, 0x80, 0x00, 0x00, 0xE0, 
    0x07, 0xFF, 0xFF, 0xF1, 0x8F, 0xFF, 0xFF, 0xE0, 0x07, 0xFF, 0xFF, 0xFF, 0xFF, 0xFF, 0xFF, 0xE0, 
    0x07, 0xFF, 0xFF, 0xFF, 0xFF, 0xFF, 0xFF, 0xE0, 0x07, 0x00, 0x00, 0x07, 0xE0, 0x00, 0x00, 0xE0, 
    0x07, 0x00, 0x00, 0x03, 0xC0, 0x00, 0x00, 0xE0, 0x07, 0x00, 0x00, 0x01, 0x80, 0x00, 0x00, 0xE0, 
    0x07, 0x00, 0x00, 0x01, 0x80, 0x00, 0x00, 0xE0, 0x07, 0x00, 0x00, 0x01, 0x80, 0x00, 0x00, 0xE0, 
    0x07, 0xFF, 0xFF, 0xFF, 0xFF, 0xFF, 0xFF, 0xE0, 0x03, 0xFF, 0xFF, 0xFF, 0xFF, 0xFF, 0xFF, 0xC0, 
    0x00, 0x00, 0x00, 0x00, 0x00, 0x00, 0x00, 0x00, 0x00, 0x00, 0x00, 0x00, 0x00, 0x00, 0x00, 0x00, 
    0x00, 0x00, 0x00, 0x00, 0x00, 0x00, 0x00, 0x00, 0x00, 0x00, 0x00, 0x00, 0x00, 0x00, 0x00, 0x00, 
    0x00, 0x00, 0x00, 0x00, 0x00, 0x00, 0x00, 0x00, 0x00, 0x00, 0x00, 0x00, 0x00, 0x00, 0x00, 0x00, 
    0x00, 0x00, 0x00, 0x00, 0x00, 0x00, 0x00, 0x00, 0x00, 0x00, 0x00, 0x00, 0x00, 0x00, 0x00, 0x00, 
    0x00, 0x00, 0x00, 0x00, 0x00, 0x00, 0x00, 0x00, 0x00, 0x00, 0x00, 0x00, 0x00, 0x00, 0x00, 0x00, 
      },
};

#endif
